scope,label_source,feature,variant,k,space,dim,monkey,session,snr_auc,svm_auc,oof_balanced_acc,dendro_agreement_2345,half_i,half_j,n_splits,min_trials,min_stable,seed,cell_i,cell_j,maze_i,strategy_i,maze_j,strategy_j,name_i,name_j,r,n_trials_i,n_trials_j,present_i,present_j,stable_i,stable_j,n_degenerate
top_ten,svm,occupancy,mean_removed,6,unith,6,Faure,june_09_09_g0,0.977531857813548,0.9802146210596914,0.9290744466800804,0.6304347826086957,4,4,20,4,8,0,0,0,1,0,1,0,1H,1H,0.2735333699526365,39,39,True,True,True,True,0
top_ten,svm,occupancy,mean_removed,6,unith,6,Faure,june_09_09_g0,0.977531857813548,0.9802146210596914,0.9290744466800804,0.6304347826086957,4,4,20,4,8,0,0,1,1,0,2,0,1H,2H,0.03175484697304851,39,37,True,True,True,True,0
top_ten,svm,occupancy,mean_removed,6,unith,6,Faure,june_09_09_g0,0.977531857813548,0.9802146210596914,0.9290744466800804,0.6304347826086957,4,4,20,4,8,0,0,2,1,0,3,0,1H,3H,0.009303555430046406,39,53,True,True,True,True,0
top_ten,svm,occupancy,mean_removed,6,unith,6,Faure,june_09_09_g0,0.977531857813548,0.9802146210596914,0.9290744466800804,0.6304347826086957,4,4,20,4,8,0,0,3,1,0,4,0,1H,4H,0.08245807993337408,39,8,True,True,True,True,0
top_ten,svm,occupancy,mean_removed,6,unith,6,Faure,june_09_09_g0,0.977531857813548,0.9802146210596914,0.9290744466800804,0.6304347826086957,4,,20,4,8,0,0,4,1,0,5,0,1H,5H,,39,0,True,False,True,False,0
top_ten,svm,occupancy,mean_removed,6,unith,6,Faure,june_09_09_g0,0.977531857813548,0.9802146210596914,0.9290744466800804,0.6304347826086957,4,,20,4,8,0,0,5,1,0,6,0,1H,6H,,39,0,True,False,True,False,0
top_ten,svm,occupancy,mean_removed,6,unith,6,Faure,june_09_09_g0,0.977531857813548,0.9802146210596914,0.9290744466800804,0.6304347826086957,4,,20,4,8,0,0,6,1,0,1,1,1H,1S,,39,0,True,False,True,False,0
top_ten,svm,occupancy,mean_removed,6,unith,6,Faure,june_09_09_g0,0.977531857813548,0.9802146210596914,0.9290744466800804,0.6304347826086957,4,4,20,4,8,0,0,7,1,0,2,1,1H,2S,0.2513715331951141,39,25,True,True,True,True,0
top_ten,svm,occupancy,mean_removed,6,unith,6,Faure,june_09_09_g0,0.977531857813548,0.9802146210596914,0.9290744466800804,0.6304347826086957,4,4,20,4,8,0,0,8,1,0,3,1,1H,3S,0.18400006892525106,39,11,True,True,True,True,0
top_ten,svm,occupancy,mean_removed,6,unith,6,Faure,june_09_09_g0,0.977531857813548,0.9802146210596914,0.9290744466800804,0.6304347826086957,4,4,20,4,8,0,0,9,1,0,4,1,1H,4S,0.03459262970188949,39,65,True,True,True,True,0
top_ten,svm,occupancy,mean_removed,6,unith,6,Faure,june_09_09_g0,0.977531857813548,0.9802146210596914,0.9290744466800804,0.6304347826086957,4,4,20,4,8,0,0,10,1,0,5,1,1H,5S,0.1232518194351258,39,56,True,True,True,True,0
top_ten,svm,occupancy,mean_removed,6,unith,6,Faure,june_09_09_g0,0.977531857813548,0.9802146210596914,0.9290744466800804,0.6304347826086957,4,4,20,4,8,0,0,11,1,0,6,1,1H,6S,0.12865480690183917,39,66,True,True,True,True,0
top_ten,svm,occupancy,mean_removed,6,unith,6,Faure,june_09_09_g0,0.977531857813548,0.9802146210596914,0.9290744466800804,0.6304347826086957,4,4,20,4,8,0,1,0,2,0,1,0,2H,1H,0.03175484697304851,37,39,True,True,True,True,0
top_ten,svm,occupancy,mean_removed,6,unith,6,Faure,june_09_09_g0,0.977531857813548,0.9802146210596914,0.9290744466800804,0.6304347826086957,4,4,20,4,8,0,1,1,2,0,2,0,2H,2H,0.32403622383238206,37,37,True,True,True,True,0
top_ten,svm,occupancy,mean_removed,6,unith,6,Faure,june_09_09_g0,0.977531857813548,0.9802146210596914,0.9290744466800804,0.6304347826086957,4,4,20,4,8,0,1,2,2,0,3,0,2H,3H,0.025550288237119224,37,53,True,True,True,True,0
top_ten,svm,occupancy,mean_removed,6,unith,6,Faure,june_09_09_g0,0.977531857813548,0.9802146210596914,0.9290744466800804,0.6304347826086957,4,4,20,4,8,0,1,3,2,0,4,0,2H,4H,0.13873562950978086,37,8,True,True,True,True,0
top_ten,svm,occupancy,mean_removed,6,unith,6,Faure,june_09_09_g0,0.977531857813548,0.9802146210596914,0.9290744466800804,0.6304347826086957,4,,20,4,8,0,1,4,2,0,5,0,2H,5H,,37,0,True,False,True,False,0
top_ten,svm,occupancy,mean_removed,6,unith,6,Faure,june_09_09_g0,0.977531857813548,0.9802146210596914,0.9290744466800804,0.6304347826086957,4,,20,4,8,0,1,5,2,0,6,0,2H,6H,,37,0,True,False,True,False,0
top_ten,svm,occupancy,mean_removed,6,unith,6,Faure,june_09_09_g0,0.977531857813548,0.9802146210596914,0.9290744466800804,0.6304347826086957,4,,20,4,8,0,1,6,2,0,1,1,2H,1S,,37,0,True,False,True,False,0
top_ten,svm,occupancy,mean_removed,6,unith,6,Faure,june_09_09_g0,0.977531857813548,0.9802146210596914,0.9290744466800804,0.6304347826086957,4,4,20,4,8,0,1,7,2,0,2,1,2H,2S,0.27186125799986305,37,25,True,True,True,True,0
top_ten,svm,occupancy,mean_removed,6,unith,6,Faure,june_09_09_g0,0.977531857813548,0.9802146210596914,0.9290744466800804,0.6304347826086957,4,4,20,4,8,0,1,8,2,0,3,1,2H,3S,-0.029648898452044013,37,11,True,True,True,True,0
top_ten,svm,occupancy,mean_removed,6,unith,6,Faure,june_09_09_g0,0.977531857813548,0.9802146210596914,0.9290744466800804,0.6304347826086957,4,4,20,4,8,0,1,9,2,0,4,1,2H,4S,0.14888239698454264,37,65,True,True,True,True,0
top_ten,svm,occupancy,mean_removed,6,unith,6,Faure,june_09_09_g0,0.977531857813548,0.9802146210596914,0.9290744466800804,0.6304347826086957,4,4,20,4,8,0,1,10,2,0,5,1,2H,5S,-0.06281520801007004,37,56,True,True,True,True,0
top_ten,svm,occupancy,mean_removed,6,unith,6,Faure,june_09_09_g0,0.977531857813548,0.9802146210596914,0.9290744466800804,0.6304347826086957,4,4,20,4,8,0,1,11,2,0,6,1,2H,6S,0.1256460274121825,37,66,True,True,True,True,0
top_ten,svm,occupancy,mean_removed,6,unith,6,Faure,june_09_09_g0,0.977531857813548,0.9802146210596914,0.9290744466800804,0.6304347826086957,4,4,20,4,8,0,2,0,3,0,1,0,3H,1H,0.009303555430046406,53,39,True,True,True,True,0
top_ten,svm,occupancy,mean_removed,6,unith,6,Faure,june_09_09_g0,0.977531857813548,0.9802146210596914,0.9290744466800804,0.6304347826086957,4,4,20,4,8,0,2,1,3,0,2,0,3H,2H,0.025550288237119224,53,37,True,True,True,True,0
top_ten,svm,occupancy,mean_removed,6,unith,6,Faure,june_09_09_g0,0.977531857813548,0.9802146210596914,0.9290744466800804,0.6304347826086957,4,4,20,4,8,0,2,2,3,0,3,0,3H,3H,-0.077964597333448,53,53,True,True,True,True,0
top_ten,svm,occupancy,mean_removed,6,unith,6,Faure,june_09_09_g0,0.977531857813548,0.9802146210596914,0.9290744466800804,0.6304347826086957,4,4,20,4,8,0,2,3,3,0,4,0,3H,4H,0.04266924610794345,53,8,True,True,True,True,0
top_ten,svm,occupancy,mean_removed,6,unith,6,Faure,june_09_09_g0,0.977531857813548,0.9802146210596914,0.9290744466800804,0.6304347826086957,4,,20,4,8,0,2,4,3,0,5,0,3H,5H,,53,0,True,False,True,False,0
top_ten,svm,occupancy,mean_removed,6,unith,6,Faure,june_09_09_g0,0.977531857813548,0.9802146210596914,0.9290744466800804,0.6304347826086957,4,,20,4,8,0,2,5,3,0,6,0,3H,6H,,53,0,True,False,True,False,0
top_ten,svm,occupancy,mean_removed,6,unith,6,Faure,june_09_09_g0,0.977531857813548,0.9802146210596914,0.9290744466800804,0.6304347826086957,4,,20,4,8,0,2,6,3,0,1,1,3H,1S,,53,0,True,False,True,False,0
top_ten,svm,occupancy,mean_removed,6,unith,6,Faure,june_09_09_g0,0.977531857813548,0.9802146210596914,0.9290744466800804,0.6304347826086957,4,4,20,4,8,0,2,7,3,0,2,1,3H,2S,0.14037728828058352,53,25,True,True,True,True,0
top_ten,svm,occupancy,mean_removed,6,unith,6,Faure,june_09_09_g0,0.977531857813548,0.9802146210596914,0.9290744466800804,0.6304347826086957,4,4,20,4,8,0,2,8,3,0,3,1,3H,3S,-0.0022376914931796278,53,11,True,True,True,True,0
top_ten,svm,occupancy,mean_removed,6,unith,6,Faure,june_09_09_g0,0.977531857813548,0.9802146210596914,0.9290744466800804,0.6304347826086957,4,4,20,4,8,0,2,9,3,0,4,1,3H,4S,0.01041883126365475,53,65,True,True,True,True,0
top_ten,svm,occupancy,mean_removed,6,unith,6,Faure,june_09_09_g0,0.977531857813548,0.9802146210596914,0.9290744466800804,0.6304347826086957,4,4,20,4,8,0,2,10,3,0,5,1,3H,5S,-0.04695188256468728,53,56,True,True,True,True,0
top_ten,svm,occupancy,mean_removed,6,unith,6,Faure,june_09_09_g0,0.977531857813548,0.9802146210596914,0.9290744466800804,0.6304347826086957,4,4,20,4,8,0,2,11,3,0,6,1,3H,6S,0.11104847412668231,53,66,True,True,True,True,0
top_ten,svm,occupancy,mean_removed,6,unith,6,Faure,june_09_09_g0,0.977531857813548,0.9802146210596914,0.9290744466800804,0.6304347826086957,4,4,20,4,8,0,3,0,4,0,1,0,4H,1H,0.08245807993337408,8,39,True,True,True,True,0
top_ten,svm,occupancy,mean_removed,6,unith,6,Faure,june_09_09_g0,0.977531857813548,0.9802146210596914,0.9290744466800804,0.6304347826086957,4,4,20,4,8,0,3,1,4,0,2,0,4H,2H,0.13873562950978086,8,37,True,True,True,True,0
top_ten,svm,occupancy,mean_removed,6,unith,6,Faure,june_09_09_g0,0.977531857813548,0.9802146210596914,0.9290744466800804,0.6304347826086957,4,4,20,4,8,0,3,2,4,0,3,0,4H,3H,0.04266924610794345,8,53,True,True,True,True,0
top_ten,svm,occupancy,mean_removed,6,unith,6,Faure,june_09_09_g0,0.977531857813548,0.9802146210596914,0.9290744466800804,0.6304347826086957,4,4,20,4,8,0,3,3,4,0,4,0,4H,4H,-0.9440402653852619,8,8,True,True,True,True,0
top_ten,svm,occupancy,mean_removed,6,unith,6,Faure,june_09_09_g0,0.977531857813548,0.9802146210596914,0.9290744466800804,0.6304347826086957,4,,20,4,8,0,3,4,4,0,5,0,4H,5H,,8,0,True,False,True,False,0
top_ten,svm,occupancy,mean_removed,6,unith,6,Faure,june_09_09_g0,0.977531857813548,0.9802146210596914,0.9290744466800804,0.6304347826086957,4,,20,4,8,0,3,5,4,0,6,0,4H,6H,,8,0,True,False,True,False,0
top_ten,svm,occupancy,mean_removed,6,unith,6,Faure,june_09_09_g0,0.977531857813548,0.9802146210596914,0.9290744466800804,0.6304347826086957,4,,20,4,8,0,3,6,4,0,1,1,4H,1S,,8,0,True,False,True,False,0
top_ten,svm,occupancy,mean_removed,6,unith,6,Faure,june_09_09_g0,0.977531857813548,0.9802146210596914,0.9290744466800804,0.6304347826086957,4,4,20,4,8,0,3,7,4,0,2,1,4H,2S,0.012351562835654698,8,25,True,True,True,True,0
top_ten,svm,occupancy,mean_removed,6,unith,6,Faure,june_09_09_g0,0.977531857813548,0.9802146210596914,0.9290744466800804,0.6304347826086957,4,4,20,4,8,0,3,8,4,0,3,1,4H,3S,-0.04793711548881051,8,11,True,True,True,True,0
top_ten,svm,occupancy,mean_removed,6,unith,6,Faure,june_09_09_g0,0.977531857813548,0.9802146210596914,0.9290744466800804,0.6304347826086957,4,4,20,4,8,0,3,9,4,0,4,1,4H,4S,0.12713542289034266,8,65,True,True,True,True,0
top_ten,svm,occupancy,mean_removed,6,unith,6,Faure,june_09_09_g0,0.977531857813548,0.9802146210596914,0.9290744466800804,0.6304347826086957,4,4,20,4,8,0,3,10,4,0,5,1,4H,5S,-0.044447247114555846,8,56,True,True,True,True,0
top_ten,svm,occupancy,mean_removed,6,unith,6,Faure,june_09_09_g0,0.977531857813548,0.9802146210596914,0.9290744466800804,0.6304347826086957,4,4,20,4,8,0,3,11,4,0,6,1,4H,6S,0.01692459408727042,8,66,True,True,True,True,0
top_ten,svm,occupancy,mean_removed,6,unith,6,Faure,june_09_09_g0,0.977531857813548,0.9802146210596914,0.9290744466800804,0.6304347826086957,,4,20,4,8,0,4,0,5,0,1,0,5H,1H,,0,39,False,True,False,True,0
top_ten,svm,occupancy,mean_removed,6,unith,6,Faure,june_09_09_g0,0.977531857813548,0.9802146210596914,0.9290744466800804,0.6304347826086957,,4,20,4,8,0,4,1,5,0,2,0,5H,2H,,0,37,False,True,False,True,0
top_ten,svm,occupancy,mean_removed,6,unith,6,Faure,june_09_09_g0,0.977531857813548,0.9802146210596914,0.9290744466800804,0.6304347826086957,,4,20,4,8,0,4,2,5,0,3,0,5H,3H,,0,53,False,True,False,True,0
top_ten,svm,occupancy,mean_removed,6,unith,6,Faure,june_09_09_g0,0.977531857813548,0.9802146210596914,0.9290744466800804,0.6304347826086957,,4,20,4,8,0,4,3,5,0,4,0,5H,4H,,0,8,False,True,False,True,0
top_ten,svm,occupancy,mean_removed,6,unith,6,Faure,june_09_09_g0,0.977531857813548,0.9802146210596914,0.9290744466800804,0.6304347826086957,,,20,4,8,0,4,4,5,0,5,0,5H,5H,,0,0,False,False,False,False,0
top_ten,svm,occupancy,mean_removed,6,unith,6,Faure,june_09_09_g0,0.977531857813548,0.9802146210596914,0.9290744466800804,0.6304347826086957,,,20,4,8,0,4,5,5,0,6,0,5H,6H,,0,0,False,False,False,False,0
top_ten,svm,occupancy,mean_removed,6,unith,6,Faure,june_09_09_g0,0.977531857813548,0.9802146210596914,0.9290744466800804,0.6304347826086957,,,20,4,8,0,4,6,5,0,1,1,5H,1S,,0,0,False,False,False,False,0
top_ten,svm,occupancy,mean_removed,6,unith,6,Faure,june_09_09_g0,0.977531857813548,0.9802146210596914,0.9290744466800804,0.6304347826086957,,4,20,4,8,0,4,7,5,0,2,1,5H,2S,,0,25,False,True,False,True,0
top_ten,svm,occupancy,mean_removed,6,unith,6,Faure,june_09_09_g0,0.977531857813548,0.9802146210596914,0.9290744466800804,0.6304347826086957,,4,20,4,8,0,4,8,5,0,3,1,5H,3S,,0,11,False,True,False,True,0
top_ten,svm,occupancy,mean_removed,6,unith,6,Faure,june_09_09_g0,0.977531857813548,0.9802146210596914,0.9290744466800804,0.6304347826086957,,4,20,4,8,0,4,9,5,0,4,1,5H,4S,,0,65,False,True,False,True,0
top_ten,svm,occupancy,mean_removed,6,unith,6,Faure,june_09_09_g0,0.977531857813548,0.9802146210596914,0.9290744466800804,0.6304347826086957,,4,20,4,8,0,4,10,5,0,5,1,5H,5S,,0,56,False,True,False,True,0
top_ten,svm,occupancy,mean_removed,6,unith,6,Faure,june_09_09_g0,0.977531857813548,0.9802146210596914,0.9290744466800804,0.6304347826086957,,4,20,4,8,0,4,11,5,0,6,1,5H,6S,,0,66,False,True,False,True,0
top_ten,svm,occupancy,mean_removed,6,unith,6,Faure,june_09_09_g0,0.977531857813548,0.9802146210596914,0.9290744466800804,0.6304347826086957,,4,20,4,8,0,5,0,6,0,1,0,6H,1H,,0,39,False,True,False,True,0
top_ten,svm,occupancy,mean_removed,6,unith,6,Faure,june_09_09_g0,0.977531857813548,0.9802146210596914,0.9290744466800804,0.6304347826086957,,4,20,4,8,0,5,1,6,0,2,0,6H,2H,,0,37,False,True,False,True,0
top_ten,svm,occupancy,mean_removed,6,unith,6,Faure,june_09_09_g0,0.977531857813548,0.9802146210596914,0.9290744466800804,0.6304347826086957,,4,20,4,8,0,5,2,6,0,3,0,6H,3H,,0,53,False,True,False,True,0
top_ten,svm,occupancy,mean_removed,6,unith,6,Faure,june_09_09_g0,0.977531857813548,0.9802146210596914,0.9290744466800804,0.6304347826086957,,4,20,4,8,0,5,3,6,0,4,0,6H,4H,,0,8,False,True,False,True,0
top_ten,svm,occupancy,mean_removed,6,unith,6,Faure,june_09_09_g0,0.977531857813548,0.9802146210596914,0.9290744466800804,0.6304347826086957,,,20,4,8,0,5,4,6,0,5,0,6H,5H,,0,0,False,False,False,False,0
top_ten,svm,occupancy,mean_removed,6,unith,6,Faure,june_09_09_g0,0.977531857813548,0.9802146210596914,0.9290744466800804,0.6304347826086957,,,20,4,8,0,5,5,6,0,6,0,6H,6H,,0,0,False,False,False,False,0
top_ten,svm,occupancy,mean_removed,6,unith,6,Faure,june_09_09_g0,0.977531857813548,0.9802146210596914,0.9290744466800804,0.6304347826086957,,,20,4,8,0,5,6,6,0,1,1,6H,1S,,0,0,False,False,False,False,0
top_ten,svm,occupancy,mean_removed,6,unith,6,Faure,june_09_09_g0,0.977531857813548,0.9802146210596914,0.9290744466800804,0.6304347826086957,,4,20,4,8,0,5,7,6,0,2,1,6H,2S,,0,25,False,True,False,True,0
top_ten,svm,occupancy,mean_removed,6,unith,6,Faure,june_09_09_g0,0.977531857813548,0.9802146210596914,0.9290744466800804,0.6304347826086957,,4,20,4,8,0,5,8,6,0,3,1,6H,3S,,0,11,False,True,False,True,0
top_ten,svm,occupancy,mean_removed,6,unith,6,Faure,june_09_09_g0,0.977531857813548,0.9802146210596914,0.9290744466800804,0.6304347826086957,,4,20,4,8,0,5,9,6,0,4,1,6H,4S,,0,65,False,True,False,True,0
top_ten,svm,occupancy,mean_removed,6,unith,6,Faure,june_09_09_g0,0.977531857813548,0.9802146210596914,0.9290744466800804,0.6304347826086957,,4,20,4,8,0,5,10,6,0,5,1,6H,5S,,0,56,False,True,False,True,0
top_ten,svm,occupancy,mean_removed,6,unith,6,Faure,june_09_09_g0,0.977531857813548,0.9802146210596914,0.9290744466800804,0.6304347826086957,,4,20,4,8,0,5,11,6,0,6,1,6H,6S,,0,66,False,True,False,True,0
top_ten,svm,occupancy,mean_removed,6,unith,6,Faure,june_09_09_g0,0.977531857813548,0.9802146210596914,0.9290744466800804,0.6304347826086957,,4,20,4,8,0,6,0,1,1,1,0,1S,1H,,0,39,False,True,False,True,0
top_ten,svm,occupancy,mean_removed,6,unith,6,Faure,june_09_09_g0,0.977531857813548,0.9802146210596914,0.9290744466800804,0.6304347826086957,,4,20,4,8,0,6,1,1,1,2,0,1S,2H,,0,37,False,True,False,True,0
top_ten,svm,occupancy,mean_removed,6,unith,6,Faure,june_09_09_g0,0.977531857813548,0.9802146210596914,0.9290744466800804,0.6304347826086957,,4,20,4,8,0,6,2,1,1,3,0,1S,3H,,0,53,False,True,False,True,0
top_ten,svm,occupancy,mean_removed,6,unith,6,Faure,june_09_09_g0,0.977531857813548,0.9802146210596914,0.9290744466800804,0.6304347826086957,,4,20,4,8,0,6,3,1,1,4,0,1S,4H,,0,8,False,True,False,True,0
top_ten,svm,occupancy,mean_removed,6,unith,6,Faure,june_09_09_g0,0.977531857813548,0.9802146210596914,0.9290744466800804,0.6304347826086957,,,20,4,8,0,6,4,1,1,5,0,1S,5H,,0,0,False,False,False,False,0
top_ten,svm,occupancy,mean_removed,6,unith,6,Faure,june_09_09_g0,0.977531857813548,0.9802146210596914,0.9290744466800804,0.6304347826086957,,,20,4,8,0,6,5,1,1,6,0,1S,6H,,0,0,False,False,False,False,0
top_ten,svm,occupancy,mean_removed,6,unith,6,Faure,june_09_09_g0,0.977531857813548,0.9802146210596914,0.9290744466800804,0.6304347826086957,,,20,4,8,0,6,6,1,1,1,1,1S,1S,,0,0,False,False,False,False,0
top_ten,svm,occupancy,mean_removed,6,unith,6,Faure,june_09_09_g0,0.977531857813548,0.9802146210596914,0.9290744466800804,0.6304347826086957,,4,20,4,8,0,6,7,1,1,2,1,1S,2S,,0,25,False,True,False,True,0
top_ten,svm,occupancy,mean_removed,6,unith,6,Faure,june_09_09_g0,0.977531857813548,0.9802146210596914,0.9290744466800804,0.6304347826086957,,4,20,4,8,0,6,8,1,1,3,1,1S,3S,,0,11,False,True,False,True,0
top_ten,svm,occupancy,mean_removed,6,unith,6,Faure,june_09_09_g0,0.977531857813548,0.9802146210596914,0.9290744466800804,0.6304347826086957,,4,20,4,8,0,6,9,1,1,4,1,1S,4S,,0,65,False,True,False,True,0
top_ten,svm,occupancy,mean_removed,6,unith,6,Faure,june_09_09_g0,0.977531857813548,0.9802146210596914,0.9290744466800804,0.6304347826086957,,4,20,4,8,0,6,10,1,1,5,1,1S,5S,,0,56,False,True,False,True,0
top_ten,svm,occupancy,mean_removed,6,unith,6,Faure,june_09_09_g0,0.977531857813548,0.9802146210596914,0.9290744466800804,0.6304347826086957,,4,20,4,8,0,6,11,1,1,6,1,1S,6S,,0,66,False,True,False,True,0
top_ten,svm,occupancy,mean_removed,6,unith,6,Faure,june_09_09_g0,0.977531857813548,0.9802146210596914,0.9290744466800804,0.6304347826086957,4,4,20,4,8,0,7,0,2,1,1,0,2S,1H,0.2513715331951141,25,39,True,True,True,True,0
top_ten,svm,occupancy,mean_removed,6,unith,6,Faure,june_09_09_g0,0.977531857813548,0.9802146210596914,0.9290744466800804,0.6304347826086957,4,4,20,4,8,0,7,1,2,1,2,0,2S,2H,0.27186125799986305,25,37,True,True,True,True,0
top_ten,svm,occupancy,mean_removed,6,unith,6,Faure,june_09_09_g0,0.977531857813548,0.9802146210596914,0.9290744466800804,0.6304347826086957,4,4,20,4,8,0,7,2,2,1,3,0,2S,3H,0.14037728828058352,25,53,True,True,True,True,0
top_ten,svm,occupancy,mean_removed,6,unith,6,Faure,june_09_09_g0,0.977531857813548,0.9802146210596914,0.9290744466800804,0.6304347826086957,4,4,20,4,8,0,7,3,2,1,4,0,2S,4H,0.012351562835654698,25,8,True,True,True,True,0
top_ten,svm,occupancy,mean_removed,6,unith,6,Faure,june_09_09_g0,0.977531857813548,0.9802146210596914,0.9290744466800804,0.6304347826086957,4,,20,4,8,0,7,4,2,1,5,0,2S,5H,,25,0,True,False,True,False,0
top_ten,svm,occupancy,mean_removed,6,unith,6,Faure,june_09_09_g0,0.977531857813548,0.9802146210596914,0.9290744466800804,0.6304347826086957,4,,20,4,8,0,7,5,2,1,6,0,2S,6H,,25,0,True,False,True,False,0
top_ten,svm,occupancy,mean_removed,6,unith,6,Faure,june_09_09_g0,0.977531857813548,0.9802146210596914,0.9290744466800804,0.6304347826086957,4,,20,4,8,0,7,6,2,1,1,1,2S,1S,,25,0,True,False,True,False,0
top_ten,svm,occupancy,mean_removed,6,unith,6,Faure,june_09_09_g0,0.977531857813548,0.9802146210596914,0.9290744466800804,0.6304347826086957,4,4,20,4,8,0,7,7,2,1,2,1,2S,2S,0.24125738175661482,25,25,True,True,True,True,0
top_ten,svm,occupancy,mean_removed,6,unith,6,Faure,june_09_09_g0,0.977531857813548,0.9802146210596914,0.9290744466800804,0.6304347826086957,4,4,20,4,8,0,7,8,2,1,3,1,2S,3S,0.09176211144663984,25,11,True,True,True,True,0
top_ten,svm,occupancy,mean_removed,6,unith,6,Faure,june_09_09_g0,0.977531857813548,0.9802146210596914,0.9290744466800804,0.6304347826086957,4,4,20,4,8,0,7,9,2,1,4,1,2S,4S,0.10655084334213945,25,65,True,True,True,True,0
top_ten,svm,occupancy,mean_removed,6,unith,6,Faure,june_09_09_g0,0.977531857813548,0.9802146210596914,0.9290744466800804,0.6304347826086957,4,4,20,4,8,0,7,10,2,1,5,1,2S,5S,-0.04142766972919245,25,56,True,True,True,True,0
top_ten,svm,occupancy,mean_removed,6,unith,6,Faure,june_09_09_g0,0.977531857813548,0.9802146210596914,0.9290744466800804,0.6304347826086957,4,4,20,4,8,0,7,11,2,1,6,1,2S,6S,0.25070709277123804,25,66,True,True,True,True,0
top_ten,svm,occupancy,mean_removed,6,unith,6,Faure,june_09_09_g0,0.977531857813548,0.9802146210596914,0.9290744466800804,0.6304347826086957,4,4,20,4,8,0,8,0,3,1,1,0,3S,1H,0.18400006892525106,11,39,True,True,True,True,0
top_ten,svm,occupancy,mean_removed,6,unith,6,Faure,june_09_09_g0,0.977531857813548,0.9802146210596914,0.9290744466800804,0.6304347826086957,4,4,20,4,8,0,8,1,3,1,2,0,3S,2H,-0.029648898452044013,11,37,True,True,True,True,0
top_ten,svm,occupancy,mean_removed,6,unith,6,Faure,june_09_09_g0,0.977531857813548,0.9802146210596914,0.9290744466800804,0.6304347826086957,4,4,20,4,8,0,8,2,3,1,3,0,3S,3H,-0.0022376914931796278,11,53,True,True,True,True,0
top_ten,svm,occupancy,mean_removed,6,unith,6,Faure,june_09_09_g0,0.977531857813548,0.9802146210596914,0.9290744466800804,0.6304347826086957,4,4,20,4,8,0,8,3,3,1,4,0,3S,4H,-0.04793711548881051,11,8,True,True,True,True,0
top_ten,svm,occupancy,mean_removed,6,unith,6,Faure,june_09_09_g0,0.977531857813548,0.9802146210596914,0.9290744466800804,0.6304347826086957,4,,20,4,8,0,8,4,3,1,5,0,3S,5H,,11,0,True,False,True,False,0
top_ten,svm,occupancy,mean_removed,6,unith,6,Faure,june_09_09_g0,0.977531857813548,0.9802146210596914,0.9290744466800804,0.6304347826086957,4,,20,4,8,0,8,5,3,1,6,0,3S,6H,,11,0,True,False,True,False,0
top_ten,svm,occupancy,mean_removed,6,unith,6,Faure,june_09_09_g0,0.977531857813548,0.9802146210596914,0.9290744466800804,0.6304347826086957,4,,20,4,8,0,8,6,3,1,1,1,3S,1S,,11,0,True,False,True,False,0
top_ten,svm,occupancy,mean_removed,6,unith,6,Faure,june_09_09_g0,0.977531857813548,0.9802146210596914,0.9290744466800804,0.6304347826086957,4,4,20,4,8,0,8,7,3,1,2,1,3S,2S,0.09176211144663984,11,25,True,True,True,True,0
top_ten,svm,occupancy,mean_removed,6,unith,6,Faure,june_09_09_g0,0.977531857813548,0.9802146210596914,0.9290744466800804,0.6304347826086957,4,4,20,4,8,0,8,8,3,1,3,1,3S,3S,0.37233451537762496,11,11,True,True,True,True,0
top_ten,svm,occupancy,mean_removed,6,unith,6,Faure,june_09_09_g0,0.977531857813548,0.9802146210596914,0.9290744466800804,0.6304347826086957,4,4,20,4,8,0,8,9,3,1,4,1,3S,4S,0.07323664144399651,11,65,True,True,True,True,0
top_ten,svm,occupancy,mean_removed,6,unith,6,Faure,june_09_09_g0,0.977531857813548,0.9802146210596914,0.9290744466800804,0.6304347826086957,4,4,20,4,8,0,8,10,3,1,5,1,3S,5S,0.026399097786095616,11,56,True,True,True,True,0
top_ten,svm,occupancy,mean_removed,6,unith,6,Faure,june_09_09_g0,0.977531857813548,0.9802146210596914,0.9290744466800804,0.6304347826086957,4,4,20,4,8,0,8,11,3,1,6,1,3S,6S,0.013781717024185763,11,66,True,True,True,True,0
top_ten,svm,occupancy,mean_removed,6,unith,6,Faure,june_09_09_g0,0.977531857813548,0.9802146210596914,0.9290744466800804,0.6304347826086957,4,4,20,4,8,0,9,0,4,1,1,0,4S,1H,0.03459262970188949,65,39,True,True,True,True,0
top_ten,svm,occupancy,mean_removed,6,unith,6,Faure,june_09_09_g0,0.977531857813548,0.9802146210596914,0.9290744466800804,0.6304347826086957,4,4,20,4,8,0,9,1,4,1,2,0,4S,2H,0.14888239698454264,65,37,True,True,True,True,0
top_ten,svm,occupancy,mean_removed,6,unith,6,Faure,june_09_09_g0,0.977531857813548,0.9802146210596914,0.9290744466800804,0.6304347826086957,4,4,20,4,8,0,9,2,4,1,3,0,4S,3H,0.01041883126365475,65,53,True,True,True,True,0
top_ten,svm,occupancy,mean_removed,6,unith,6,Faure,june_09_09_g0,0.977531857813548,0.9802146210596914,0.9290744466800804,0.6304347826086957,4,4,20,4,8,0,9,3,4,1,4,0,4S,4H,0.12713542289034266,65,8,True,True,True,True,0
top_ten,svm,occupancy,mean_removed,6,unith,6,Faure,june_09_09_g0,0.977531857813548,0.9802146210596914,0.9290744466800804,0.6304347826086957,4,,20,4,8,0,9,4,4,1,5,0,4S,5H,,65,0,True,False,True,False,0
top_ten,svm,occupancy,mean_removed,6,unith,6,Faure,june_09_09_g0,0.977531857813548,0.9802146210596914,0.9290744466800804,0.6304347826086957,4,,20,4,8,0,9,5,4,1,6,0,4S,6H,,65,0,True,False,True,False,0
top_ten,svm,occupancy,mean_removed,6,unith,6,Faure,june_09_09_g0,0.977531857813548,0.9802146210596914,0.9290744466800804,0.6304347826086957,4,,20,4,8,0,9,6,4,1,1,1,4S,1S,,65,0,True,False,True,False,0
top_ten,svm,occupancy,mean_removed,6,unith,6,Faure,june_09_09_g0,0.977531857813548,0.9802146210596914,0.9290744466800804,0.6304347826086957,4,4,20,4,8,0,9,7,4,1,2,1,4S,2S,0.10655084334213945,65,25,True,True,True,True,0
top_ten,svm,occupancy,mean_removed,6,unith,6,Faure,june_09_09_g0,0.977531857813548,0.9802146210596914,0.9290744466800804,0.6304347826086957,4,4,20,4,8,0,9,8,4,1,3,1,4S,3S,0.07323664144399651,65,11,True,True,True,True,0
top_ten,svm,occupancy,mean_removed,6,unith,6,Faure,june_09_09_g0,0.977531857813548,0.9802146210596914,0.9290744466800804,0.6304347826086957,4,4,20,4,8,0,9,9,4,1,4,1,4S,4S,-0.038151415008352715,65,65,True,True,True,True,0
top_ten,svm,occupancy,mean_removed,6,unith,6,Faure,june_09_09_g0,0.977531857813548,0.9802146210596914,0.9290744466800804,0.6304347826086957,4,4,20,4,8,0,9,10,4,1,5,1,4S,5S,-0.10043502795125754,65,56,True,True,True,True,0
top_ten,svm,occupancy,mean_removed,6,unith,6,Faure,june_09_09_g0,0.977531857813548,0.9802146210596914,0.9290744466800804,0.6304347826086957,4,4,20,4,8,0,9,11,4,1,6,1,4S,6S,-0.011003200926658307,65,66,True,True,True,True,0
top_ten,svm,occupancy,mean_removed,6,unith,6,Faure,june_09_09_g0,0.977531857813548,0.9802146210596914,0.9290744466800804,0.6304347826086957,4,4,20,4,8,0,10,0,5,1,1,0,5S,1H,0.1232518194351258,56,39,True,True,True,True,0
top_ten,svm,occupancy,mean_removed,6,unith,6,Faure,june_09_09_g0,0.977531857813548,0.9802146210596914,0.9290744466800804,0.6304347826086957,4,4,20,4,8,0,10,1,5,1,2,0,5S,2H,-0.06281520801007004,56,37,True,True,True,True,0
top_ten,svm,occupancy,mean_removed,6,unith,6,Faure,june_09_09_g0,0.977531857813548,0.9802146210596914,0.9290744466800804,0.6304347826086957,4,4,20,4,8,0,10,2,5,1,3,0,5S,3H,-0.04695188256468728,56,53,True,True,True,True,0
top_ten,svm,occupancy,mean_removed,6,unith,6,Faure,june_09_09_g0,0.977531857813548,0.9802146210596914,0.9290744466800804,0.6304347826086957,4,4,20,4,8,0,10,3,5,1,4,0,5S,4H,-0.044447247114555846,56,8,True,True,True,True,0
top_ten,svm,occupancy,mean_removed,6,unith,6,Faure,june_09_09_g0,0.977531857813548,0.9802146210596914,0.9290744466800804,0.6304347826086957,4,,20,4,8,0,10,4,5,1,5,0,5S,5H,,56,0,True,False,True,False,0
top_ten,svm,occupancy,mean_removed,6,unith,6,Faure,june_09_09_g0,0.977531857813548,0.9802146210596914,0.9290744466800804,0.6304347826086957,4,,20,4,8,0,10,5,5,1,6,0,5S,6H,,56,0,True,False,True,False,0
top_ten,svm,occupancy,mean_removed,6,unith,6,Faure,june_09_09_g0,0.977531857813548,0.9802146210596914,0.9290744466800804,0.6304347826086957,4,,20,4,8,0,10,6,5,1,1,1,5S,1S,,56,0,True,False,True,False,0
top_ten,svm,occupancy,mean_removed,6,unith,6,Faure,june_09_09_g0,0.977531857813548,0.9802146210596914,0.9290744466800804,0.6304347826086957,4,4,20,4,8,0,10,7,5,1,2,1,5S,2S,-0.04142766972919245,56,25,True,True,True,True,0
top_ten,svm,occupancy,mean_removed,6,unith,6,Faure,june_09_09_g0,0.977531857813548,0.9802146210596914,0.9290744466800804,0.6304347826086957,4,4,20,4,8,0,10,8,5,1,3,1,5S,3S,0.026399097786095616,56,11,True,True,True,True,0
top_ten,svm,occupancy,mean_removed,6,unith,6,Faure,june_09_09_g0,0.977531857813548,0.9802146210596914,0.9290744466800804,0.6304347826086957,4,4,20,4,8,0,10,9,5,1,4,1,5S,4S,-0.10043502795125754,56,65,True,True,True,True,0
top_ten,svm,occupancy,mean_removed,6,unith,6,Faure,june_09_09_g0,0.977531857813548,0.9802146210596914,0.9290744466800804,0.6304347826086957,4,4,20,4,8,0,10,10,5,1,5,1,5S,5S,0.24113468429246093,56,56,True,True,True,True,0
top_ten,svm,occupancy,mean_removed,6,unith,6,Faure,june_09_09_g0,0.977531857813548,0.9802146210596914,0.9290744466800804,0.6304347826086957,4,4,20,4,8,0,10,11,5,1,6,1,5S,6S,0.10387634262418,56,66,True,True,True,True,0
top_ten,svm,occupancy,mean_removed,6,unith,6,Faure,june_09_09_g0,0.977531857813548,0.9802146210596914,0.9290744466800804,0.6304347826086957,4,4,20,4,8,0,11,0,6,1,1,0,6S,1H,0.12865480690183917,66,39,True,True,True,True,0
top_ten,svm,occupancy,mean_removed,6,unith,6,Faure,june_09_09_g0,0.977531857813548,0.9802146210596914,0.9290744466800804,0.6304347826086957,4,4,20,4,8,0,11,1,6,1,2,0,6S,2H,0.1256460274121825,66,37,True,True,True,True,0
top_ten,svm,occupancy,mean_removed,6,unith,6,Faure,june_09_09_g0,0.977531857813548,0.9802146210596914,0.9290744466800804,0.6304347826086957,4,4,20,4,8,0,11,2,6,1,3,0,6S,3H,0.11104847412668231,66,53,True,True,True,True,0
top_ten,svm,occupancy,mean_removed,6,unith,6,Faure,june_09_09_g0,0.977531857813548,0.9802146210596914,0.9290744466800804,0.6304347826086957,4,4,20,4,8,0,11,3,6,1,4,0,6S,4H,0.01692459408727042,66,8,True,True,True,True,0
top_ten,svm,occupancy,mean_removed,6,unith,6,Faure,june_09_09_g0,0.977531857813548,0.9802146210596914,0.9290744466800804,0.6304347826086957,4,,20,4,8,0,11,4,6,1,5,0,6S,5H,,66,0,True,False,True,False,0
top_ten,svm,occupancy,mean_removed,6,unith,6,Faure,june_09_09_g0,0.977531857813548,0.9802146210596914,0.9290744466800804,0.6304347826086957,4,,20,4,8,0,11,5,6,1,6,0,6S,6H,,66,0,True,False,True,False,0
top_ten,svm,occupancy,mean_removed,6,unith,6,Faure,june_09_09_g0,0.977531857813548,0.9802146210596914,0.9290744466800804,0.6304347826086957,4,,20,4,8,0,11,6,6,1,1,1,6S,1S,,66,0,True,False,True,False,0
top_ten,svm,occupancy,mean_removed,6,unith,6,Faure,june_09_09_g0,0.977531857813548,0.9802146210596914,0.9290744466800804,0.6304347826086957,4,4,20,4,8,0,11,7,6,1,2,1,6S,2S,0.25070709277123804,66,25,True,True,True,True,0
top_ten,svm,occupancy,mean_removed,6,unith,6,Faure,june_09_09_g0,0.977531857813548,0.9802146210596914,0.9290744466800804,0.6304347826086957,4,4,20,4,8,0,11,8,6,1,3,1,6S,3S,0.013781717024185763,66,11,True,True,True,True,0
top_ten,svm,occupancy,mean_removed,6,unith,6,Faure,june_09_09_g0,0.977531857813548,0.9802146210596914,0.9290744466800804,0.6304347826086957,4,4,20,4,8,0,11,9,6,1,4,1,6S,4S,-0.011003200926658307,66,65,True,True,True,True,0
top_ten,svm,occupancy,mean_removed,6,unith,6,Faure,june_09_09_g0,0.977531857813548,0.9802146210596914,0.9290744466800804,0.6304347826086957,4,4,20,4,8,0,11,10,6,1,5,1,6S,5S,0.10387634262418,66,56,True,True,True,True,0
top_ten,svm,occupancy,mean_removed,6,unith,6,Faure,june_09_09_g0,0.977531857813548,0.9802146210596914,0.9290744466800804,0.6304347826086957,4,4,20,4,8,0,11,11,6,1,6,1,6S,6S,-0.04259605714460697,66,66,True,True,True,True,0
top_ten,svm,occupancy,mean_removed,6,unith,6,Faure,june_10_g0,0.972524154589372,0.9797705314009663,0.9405193236714976,0.6142857142857143,6,6,20,4,8,0,0,0,1,0,1,0,1H,1H,0.07073826169168437,45,45,True,True,True,True,0
top_ten,svm,occupancy,mean_removed,6,unith,6,Faure,june_10_g0,0.972524154589372,0.9797705314009663,0.9405193236714976,0.6142857142857143,6,6,20,4,8,0,0,1,1,0,2,0,1H,2H,0.3125344992946038,45,49,True,True,True,True,0
top_ten,svm,occupancy,mean_removed,6,unith,6,Faure,june_10_g0,0.972524154589372,0.9797705314009663,0.9405193236714976,0.6142857142857143,6,6,20,4,8,0,0,2,1,0,3,0,1H,3H,-0.1718969791954903,45,52,True,True,True,True,0
top_ten,svm,occupancy,mean_removed,6,unith,6,Faure,june_10_g0,0.972524154589372,0.9797705314009663,0.9405193236714976,0.6142857142857143,6,6,20,4,8,0,0,3,1,0,4,0,1H,4H,-0.224457513775335,45,15,True,True,True,True,0
top_ten,svm,occupancy,mean_removed,6,unith,6,Faure,june_10_g0,0.972524154589372,0.9797705314009663,0.9405193236714976,0.6142857142857143,6,6,20,4,8,0,0,4,1,0,5,0,1H,5H,-0.22526068015463702,45,12,True,True,True,True,0
top_ten,svm,occupancy,mean_removed,6,unith,6,Faure,june_10_g0,0.972524154589372,0.9797705314009663,0.9405193236714976,0.6142857142857143,6,,20,4,8,0,0,5,1,0,6,0,1H,6H,,45,0,True,False,True,False,0
top_ten,svm,occupancy,mean_removed,6,unith,6,Faure,june_10_g0,0.972524154589372,0.9797705314009663,0.9405193236714976,0.6142857142857143,6,,20,4,8,0,0,6,1,0,1,1,1H,1S,,45,0,True,False,True,False,0
top_ten,svm,occupancy,mean_removed,6,unith,6,Faure,june_10_g0,0.972524154589372,0.9797705314009663,0.9405193236714976,0.6142857142857143,6,6,20,4,8,0,0,7,1,0,2,1,1H,2S,0.12164160487900104,45,16,True,True,True,True,0
top_ten,svm,occupancy,mean_removed,6,unith,6,Faure,june_10_g0,0.972524154589372,0.9797705314009663,0.9405193236714976,0.6142857142857143,6,,20,4,8,0,0,8,1,0,3,1,1H,3S,,45,0,True,False,True,False,0
top_ten,svm,occupancy,mean_removed,6,unith,6,Faure,june_10_g0,0.972524154589372,0.9797705314009663,0.9405193236714976,0.6142857142857143,6,6,20,4,8,0,0,9,1,0,4,1,1H,4S,-0.15153816523261437,45,63,True,True,True,True,0
top_ten,svm,occupancy,mean_removed,6,unith,6,Faure,june_10_g0,0.972524154589372,0.9797705314009663,0.9405193236714976,0.6142857142857143,6,6,20,4,8,0,0,10,1,0,5,1,1H,5S,0.022061610561733988,45,78,True,True,True,True,0
top_ten,svm,occupancy,mean_removed,6,unith,6,Faure,june_10_g0,0.972524154589372,0.9797705314009663,0.9405193236714976,0.6142857142857143,6,6,20,4,8,0,0,11,1,0,6,1,1H,6S,0.09563720229065313,45,65,True,True,True,True,0
top_ten,svm,occupancy,mean_removed,6,unith,6,Faure,june_10_g0,0.972524154589372,0.9797705314009663,0.9405193236714976,0.6142857142857143,6,6,20,4,8,0,1,0,2,0,1,0,2H,1H,0.3125344992946038,49,45,True,True,True,True,0
top_ten,svm,occupancy,mean_removed,6,unith,6,Faure,june_10_g0,0.972524154589372,0.9797705314009663,0.9405193236714976,0.6142857142857143,6,6,20,4,8,0,1,1,2,0,2,0,2H,2H,0.60241060335785,49,49,True,True,True,True,0
top_ten,svm,occupancy,mean_removed,6,unith,6,Faure,june_10_g0,0.972524154589372,0.9797705314009663,0.9405193236714976,0.6142857142857143,6,6,20,4,8,0,1,2,2,0,3,0,2H,3H,-0.23264235228598426,49,52,True,True,True,True,0
top_ten,svm,occupancy,mean_removed,6,unith,6,Faure,june_10_g0,0.972524154589372,0.9797705314009663,0.9405193236714976,0.6142857142857143,6,6,20,4,8,0,1,3,2,0,4,0,2H,4H,-0.2875539271603359,49,15,True,True,True,True,0
top_ten,svm,occupancy,mean_removed,6,unith,6,Faure,june_10_g0,0.972524154589372,0.9797705314009663,0.9405193236714976,0.6142857142857143,6,6,20,4,8,0,1,4,2,0,5,0,2H,5H,-0.29051000055636633,49,12,True,True,True,True,0
top_ten,svm,occupancy,mean_removed,6,unith,6,Faure,june_10_g0,0.972524154589372,0.9797705314009663,0.9405193236714976,0.6142857142857143,6,,20,4,8,0,1,5,2,0,6,0,2H,6H,,49,0,True,False,True,False,0
top_ten,svm,occupancy,mean_removed,6,unith,6,Faure,june_10_g0,0.972524154589372,0.9797705314009663,0.9405193236714976,0.6142857142857143,6,,20,4,8,0,1,6,2,0,1,1,2H,1S,,49,0,True,False,True,False,0
top_ten,svm,occupancy,mean_removed,6,unith,6,Faure,june_10_g0,0.972524154589372,0.9797705314009663,0.9405193236714976,0.6142857142857143,6,6,20,4,8,0,1,7,2,0,2,1,2H,2S,0.3368295304210785,49,16,True,True,True,True,0
top_ten,svm,occupancy,mean_removed,6,unith,6,Faure,june_10_g0,0.972524154589372,0.9797705314009663,0.9405193236714976,0.6142857142857143,6,,20,4,8,0,1,8,2,0,3,1,2H,3S,,49,0,True,False,True,False,0
top_ten,svm,occupancy,mean_removed,6,unith,6,Faure,june_10_g0,0.972524154589372,0.9797705314009663,0.9405193236714976,0.6142857142857143,6,6,20,4,8,0,1,9,2,0,4,1,2H,4S,-0.14119784952850542,49,63,True,True,True,True,0
top_ten,svm,occupancy,mean_removed,6,unith,6,Faure,june_10_g0,0.972524154589372,0.9797705314009663,0.9405193236714976,0.6142857142857143,6,6,20,4,8,0,1,10,2,0,5,1,2H,5S,-0.10602154896387828,49,78,True,True,True,True,0
top_ten,svm,occupancy,mean_removed,6,unith,6,Faure,june_10_g0,0.972524154589372,0.9797705314009663,0.9405193236714976,0.6142857142857143,6,6,20,4,8,0,1,11,2,0,6,1,2H,6S,0.15631307655944754,49,65,True,True,True,True,0
top_ten,svm,occupancy,mean_removed,6,unith,6,Faure,june_10_g0,0.972524154589372,0.9797705314009663,0.9405193236714976,0.6142857142857143,6,6,20,4,8,0,2,0,3,0,1,0,3H,1H,-0.1718969791954903,52,45,True,True,True,True,0
top_ten,svm,occupancy,mean_removed,6,unith,6,Faure,june_10_g0,0.972524154589372,0.9797705314009663,0.9405193236714976,0.6142857142857143,6,6,20,4,8,0,2,1,3,0,2,0,3H,2H,-0.23264235228598426,52,49,True,True,True,True,0
top_ten,svm,occupancy,mean_removed,6,unith,6,Faure,june_10_g0,0.972524154589372,0.9797705314009663,0.9405193236714976,0.6142857142857143,6,6,20,4,8,0,2,2,3,0,3,0,3H,3H,0.28970078038929614,52,52,True,True,True,True,0
top_ten,svm,occupancy,mean_removed,6,unith,6,Faure,june_10_g0,0.972524154589372,0.9797705314009663,0.9405193236714976,0.6142857142857143,6,6,20,4,8,0,2,3,3,0,4,0,3H,4H,0.256588029199596,52,15,True,True,True,True,0
top_ten,svm,occupancy,mean_removed,6,unith,6,Faure,june_10_g0,0.972524154589372,0.9797705314009663,0.9405193236714976,0.6142857142857143,6,6,20,4,8,0,2,4,3,0,5,0,3H,5H,-0.055331841199153776,52,12,True,True,True,True,0
top_ten,svm,occupancy,mean_removed,6,unith,6,Faure,june_10_g0,0.972524154589372,0.9797705314009663,0.9405193236714976,0.6142857142857143,6,,20,4,8,0,2,5,3,0,6,0,3H,6H,,52,0,True,False,True,False,0
top_ten,svm,occupancy,mean_removed,6,unith,6,Faure,june_10_g0,0.972524154589372,0.9797705314009663,0.9405193236714976,0.6142857142857143,6,,20,4,8,0,2,6,3,0,1,1,3H,1S,,52,0,True,False,True,False,0
top_ten,svm,occupancy,mean_removed,6,unith,6,Faure,june_10_g0,0.972524154589372,0.9797705314009663,0.9405193236714976,0.6142857142857143,6,6,20,4,8,0,2,7,3,0,2,1,3H,2S,0.06499014205369949,52,16,True,True,True,True,0
top_ten,svm,occupancy,mean_removed,6,unith,6,Faure,june_10_g0,0.972524154589372,0.9797705314009663,0.9405193236714976,0.6142857142857143,6,,20,4,8,0,2,8,3,0,3,1,3H,3S,,52,0,True,False,True,False,0
top_ten,svm,occupancy,mean_removed,6,unith,6,Faure,june_10_g0,0.972524154589372,0.9797705314009663,0.9405193236714976,0.6142857142857143,6,6,20,4,8,0,2,9,3,0,4,1,3H,4S,0.23053721862550716,52,63,True,True,True,True,0
top_ten,svm,occupancy,mean_removed,6,unith,6,Faure,june_10_g0,0.972524154589372,0.9797705314009663,0.9405193236714976,0.6142857142857143,6,6,20,4,8,0,2,10,3,0,5,1,3H,5S,0.16802284045223398,52,78,True,True,True,True,0
top_ten,svm,occupancy,mean_removed,6,unith,6,Faure,june_10_g0,0.972524154589372,0.9797705314009663,0.9405193236714976,0.6142857142857143,6,6,20,4,8,0,2,11,3,0,6,1,3H,6S,-0.05733998122454466,52,65,True,True,True,True,0
top_ten,svm,occupancy,mean_removed,6,unith,6,Faure,june_10_g0,0.972524154589372,0.9797705314009663,0.9405193236714976,0.6142857142857143,6,6,20,4,8,0,3,0,4,0,1,0,4H,1H,-0.224457513775335,15,45,True,True,True,True,0
top_ten,svm,occupancy,mean_removed,6,unith,6,Faure,june_10_g0,0.972524154589372,0.9797705314009663,0.9405193236714976,0.6142857142857143,6,6,20,4,8,0,3,1,4,0,2,0,4H,2H,-0.2875539271603359,15,49,True,True,True,True,0
top_ten,svm,occupancy,mean_removed,6,unith,6,Faure,june_10_g0,0.972524154589372,0.9797705314009663,0.9405193236714976,0.6142857142857143,6,6,20,4,8,0,3,2,4,0,3,0,4H,3H,0.256588029199596,15,52,True,True,True,True,0
top_ten,svm,occupancy,mean_removed,6,unith,6,Faure,june_10_g0,0.972524154589372,0.9797705314009663,0.9405193236714976,0.6142857142857143,6,6,20,4,8,0,3,3,4,0,4,0,4H,4H,0.15124648842603966,15,15,True,True,True,True,0
top_ten,svm,occupancy,mean_removed,6,unith,6,Faure,june_10_g0,0.972524154589372,0.9797705314009663,0.9405193236714976,0.6142857142857143,6,6,20,4,8,0,3,4,4,0,5,0,4H,5H,0.10282734017001612,15,12,True,True,True,True,0
top_ten,svm,occupancy,mean_removed,6,unith,6,Faure,june_10_g0,0.972524154589372,0.9797705314009663,0.9405193236714976,0.6142857142857143,6,,20,4,8,0,3,5,4,0,6,0,4H,6H,,15,0,True,False,True,False,0
top_ten,svm,occupancy,mean_removed,6,unith,6,Faure,june_10_g0,0.972524154589372,0.9797705314009663,0.9405193236714976,0.6142857142857143,6,,20,4,8,0,3,6,4,0,1,1,4H,1S,,15,0,True,False,True,False,0
top_ten,svm,occupancy,mean_removed,6,unith,6,Faure,june_10_g0,0.972524154589372,0.9797705314009663,0.9405193236714976,0.6142857142857143,6,6,20,4,8,0,3,7,4,0,2,1,4H,2S,-0.05014030260169929,15,16,True,True,True,True,0
top_ten,svm,occupancy,mean_removed,6,unith,6,Faure,june_10_g0,0.972524154589372,0.9797705314009663,0.9405193236714976,0.6142857142857143,6,,20,4,8,0,3,8,4,0,3,1,4H,3S,,15,0,True,False,True,False,0
top_ten,svm,occupancy,mean_removed,6,unith,6,Faure,june_10_g0,0.972524154589372,0.9797705314009663,0.9405193236714976,0.6142857142857143,6,6,20,4,8,0,3,9,4,0,4,1,4H,4S,0.3222206748256814,15,63,True,True,True,True,0
top_ten,svm,occupancy,mean_removed,6,unith,6,Faure,june_10_g0,0.972524154589372,0.9797705314009663,0.9405193236714976,0.6142857142857143,6,6,20,4,8,0,3,10,4,0,5,1,4H,5S,0.22039956945759376,15,78,True,True,True,True,0
top_ten,svm,occupancy,mean_removed,6,unith,6,Faure,june_10_g0,0.972524154589372,0.9797705314009663,0.9405193236714976,0.6142857142857143,6,6,20,4,8,0,3,11,4,0,6,1,4H,6S,-0.02110757638561029,15,65,True,True,True,True,0
top_ten,svm,occupancy,mean_removed,6,unith,6,Faure,june_10_g0,0.972524154589372,0.9797705314009663,0.9405193236714976,0.6142857142857143,6,6,20,4,8,0,4,0,5,0,1,0,5H,1H,-0.22526068015463702,12,45,True,True,True,True,0
top_ten,svm,occupancy,mean_removed,6,unith,6,Faure,june_10_g0,0.972524154589372,0.9797705314009663,0.9405193236714976,0.6142857142857143,6,6,20,4,8,0,4,1,5,0,2,0,5H,2H,-0.29051000055636633,12,49,True,True,True,True,0
top_ten,svm,occupancy,mean_removed,6,unith,6,Faure,june_10_g0,0.972524154589372,0.9797705314009663,0.9405193236714976,0.6142857142857143,6,6,20,4,8,0,4,2,5,0,3,0,5H,3H,-0.055331841199153776,12,52,True,True,True,True,0
top_ten,svm,occupancy,mean_removed,6,unith,6,Faure,june_10_g0,0.972524154589372,0.9797705314009663,0.9405193236714976,0.6142857142857143,6,6,20,4,8,0,4,3,5,0,4,0,5H,4H,0.10282734017001612,12,15,True,True,True,True,0
top_ten,svm,occupancy,mean_removed,6,unith,6,Faure,june_10_g0,0.972524154589372,0.9797705314009663,0.9405193236714976,0.6142857142857143,6,6,20,4,8,0,4,4,5,0,5,0,5H,5H,0.4689625214090688,12,12,True,True,True,True,0
top_ten,svm,occupancy,mean_removed,6,unith,6,Faure,june_10_g0,0.972524154589372,0.9797705314009663,0.9405193236714976,0.6142857142857143,6,,20,4,8,0,4,5,5,0,6,0,5H,6H,,12,0,True,False,True,False,0
top_ten,svm,occupancy,mean_removed,6,unith,6,Faure,june_10_g0,0.972524154589372,0.9797705314009663,0.9405193236714976,0.6142857142857143,6,,20,4,8,0,4,6,5,0,1,1,5H,1S,,12,0,True,False,True,False,0
top_ten,svm,occupancy,mean_removed,6,unith,6,Faure,june_10_g0,0.972524154589372,0.9797705314009663,0.9405193236714976,0.6142857142857143,6,6,20,4,8,0,4,7,5,0,2,1,5H,2S,-0.40684448061590234,12,16,True,True,True,True,0
top_ten,svm,occupancy,mean_removed,6,unith,6,Faure,june_10_g0,0.972524154589372,0.9797705314009663,0.9405193236714976,0.6142857142857143,6,,20,4,8,0,4,8,5,0,3,1,5H,3S,,12,0,True,False,True,False,0
top_ten,svm,occupancy,mean_removed,6,unith,6,Faure,june_10_g0,0.972524154589372,0.9797705314009663,0.9405193236714976,0.6142857142857143,6,6,20,4,8,0,4,9,5,0,4,1,5H,4S,-0.20889112908237967,12,63,True,True,True,True,0
top_ten,svm,occupancy,mean_removed,6,unith,6,Faure,june_10_g0,0.972524154589372,0.9797705314009663,0.9405193236714976,0.6142857142857143,6,6,20,4,8,0,4,10,5,0,5,1,5H,5S,-0.16248152111357933,12,78,True,True,True,True,0
top_ten,svm,occupancy,mean_removed,6,unith,6,Faure,june_10_g0,0.972524154589372,0.9797705314009663,0.9405193236714976,0.6142857142857143,6,6,20,4,8,0,4,11,5,0,6,1,5H,6S,0.010392685854716473,12,65,True,True,True,True,0
top_ten,svm,occupancy,mean_removed,6,unith,6,Faure,june_10_g0,0.972524154589372,0.9797705314009663,0.9405193236714976,0.6142857142857143,,6,20,4,8,0,5,0,6,0,1,0,6H,1H,,0,45,False,True,False,True,0
top_ten,svm,occupancy,mean_removed,6,unith,6,Faure,june_10_g0,0.972524154589372,0.9797705314009663,0.9405193236714976,0.6142857142857143,,6,20,4,8,0,5,1,6,0,2,0,6H,2H,,0,49,False,True,False,True,0
top_ten,svm,occupancy,mean_removed,6,unith,6,Faure,june_10_g0,0.972524154589372,0.9797705314009663,0.9405193236714976,0.6142857142857143,,6,20,4,8,0,5,2,6,0,3,0,6H,3H,,0,52,False,True,False,True,0
top_ten,svm,occupancy,mean_removed,6,unith,6,Faure,june_10_g0,0.972524154589372,0.9797705314009663,0.9405193236714976,0.6142857142857143,,6,20,4,8,0,5,3,6,0,4,0,6H,4H,,0,15,False,True,False,True,0
top_ten,svm,occupancy,mean_removed,6,unith,6,Faure,june_10_g0,0.972524154589372,0.9797705314009663,0.9405193236714976,0.6142857142857143,,6,20,4,8,0,5,4,6,0,5,0,6H,5H,,0,12,False,True,False,True,0
top_ten,svm,occupancy,mean_removed,6,unith,6,Faure,june_10_g0,0.972524154589372,0.9797705314009663,0.9405193236714976,0.6142857142857143,,,20,4,8,0,5,5,6,0,6,0,6H,6H,,0,0,False,False,False,False,0
top_ten,svm,occupancy,mean_removed,6,unith,6,Faure,june_10_g0,0.972524154589372,0.9797705314009663,0.9405193236714976,0.6142857142857143,,,20,4,8,0,5,6,6,0,1,1,6H,1S,,0,0,False,False,False,False,0
top_ten,svm,occupancy,mean_removed,6,unith,6,Faure,june_10_g0,0.972524154589372,0.9797705314009663,0.9405193236714976,0.6142857142857143,,6,20,4,8,0,5,7,6,0,2,1,6H,2S,,0,16,False,True,False,True,0
top_ten,svm,occupancy,mean_removed,6,unith,6,Faure,june_10_g0,0.972524154589372,0.9797705314009663,0.9405193236714976,0.6142857142857143,,,20,4,8,0,5,8,6,0,3,1,6H,3S,,0,0,False,False,False,False,0
top_ten,svm,occupancy,mean_removed,6,unith,6,Faure,june_10_g0,0.972524154589372,0.9797705314009663,0.9405193236714976,0.6142857142857143,,6,20,4,8,0,5,9,6,0,4,1,6H,4S,,0,63,False,True,False,True,0
top_ten,svm,occupancy,mean_removed,6,unith,6,Faure,june_10_g0,0.972524154589372,0.9797705314009663,0.9405193236714976,0.6142857142857143,,6,20,4,8,0,5,10,6,0,5,1,6H,5S,,0,78,False,True,False,True,0
top_ten,svm,occupancy,mean_removed,6,unith,6,Faure,june_10_g0,0.972524154589372,0.9797705314009663,0.9405193236714976,0.6142857142857143,,6,20,4,8,0,5,11,6,0,6,1,6H,6S,,0,65,False,True,False,True,0
top_ten,svm,occupancy,mean_removed,6,unith,6,Faure,june_10_g0,0.972524154589372,0.9797705314009663,0.9405193236714976,0.6142857142857143,,6,20,4,8,0,6,0,1,1,1,0,1S,1H,,0,45,False,True,False,True,0
top_ten,svm,occupancy,mean_removed,6,unith,6,Faure,june_10_g0,0.972524154589372,0.9797705314009663,0.9405193236714976,0.6142857142857143,,6,20,4,8,0,6,1,1,1,2,0,1S,2H,,0,49,False,True,False,True,0
top_ten,svm,occupancy,mean_removed,6,unith,6,Faure,june_10_g0,0.972524154589372,0.9797705314009663,0.9405193236714976,0.6142857142857143,,6,20,4,8,0,6,2,1,1,3,0,1S,3H,,0,52,False,True,False,True,0
top_ten,svm,occupancy,mean_removed,6,unith,6,Faure,june_10_g0,0.972524154589372,0.9797705314009663,0.9405193236714976,0.6142857142857143,,6,20,4,8,0,6,3,1,1,4,0,1S,4H,,0,15,False,True,False,True,0
top_ten,svm,occupancy,mean_removed,6,unith,6,Faure,june_10_g0,0.972524154589372,0.9797705314009663,0.9405193236714976,0.6142857142857143,,6,20,4,8,0,6,4,1,1,5,0,1S,5H,,0,12,False,True,False,True,0
top_ten,svm,occupancy,mean_removed,6,unith,6,Faure,june_10_g0,0.972524154589372,0.9797705314009663,0.9405193236714976,0.6142857142857143,,,20,4,8,0,6,5,1,1,6,0,1S,6H,,0,0,False,False,False,False,0
top_ten,svm,occupancy,mean_removed,6,unith,6,Faure,june_10_g0,0.972524154589372,0.9797705314009663,0.9405193236714976,0.6142857142857143,,,20,4,8,0,6,6,1,1,1,1,1S,1S,,0,0,False,False,False,False,0
top_ten,svm,occupancy,mean_removed,6,unith,6,Faure,june_10_g0,0.972524154589372,0.9797705314009663,0.9405193236714976,0.6142857142857143,,6,20,4,8,0,6,7,1,1,2,1,1S,2S,,0,16,False,True,False,True,0
top_ten,svm,occupancy,mean_removed,6,unith,6,Faure,june_10_g0,0.972524154589372,0.9797705314009663,0.9405193236714976,0.6142857142857143,,,20,4,8,0,6,8,1,1,3,1,1S,3S,,0,0,False,False,False,False,0
top_ten,svm,occupancy,mean_removed,6,unith,6,Faure,june_10_g0,0.972524154589372,0.9797705314009663,0.9405193236714976,0.6142857142857143,,6,20,4,8,0,6,9,1,1,4,1,1S,4S,,0,63,False,True,False,True,0
top_ten,svm,occupancy,mean_removed,6,unith,6,Faure,june_10_g0,0.972524154589372,0.9797705314009663,0.9405193236714976,0.6142857142857143,,6,20,4,8,0,6,10,1,1,5,1,1S,5S,,0,78,False,True,False,True,0
top_ten,svm,occupancy,mean_removed,6,unith,6,Faure,june_10_g0,0.972524154589372,0.9797705314009663,0.9405193236714976,0.6142857142857143,,6,20,4,8,0,6,11,1,1,6,1,1S,6S,,0,65,False,True,False,True,0
top_ten,svm,occupancy,mean_removed,6,unith,6,Faure,june_10_g0,0.972524154589372,0.9797705314009663,0.9405193236714976,0.6142857142857143,6,6,20,4,8,0,7,0,2,1,1,0,2S,1H,0.12164160487900104,16,45,True,True,True,True,0
top_ten,svm,occupancy,mean_removed,6,unith,6,Faure,june_10_g0,0.972524154589372,0.9797705314009663,0.9405193236714976,0.6142857142857143,6,6,20,4,8,0,7,1,2,1,2,0,2S,2H,0.3368295304210785,16,49,True,True,True,True,0
top_ten,svm,occupancy,mean_removed,6,unith,6,Faure,june_10_g0,0.972524154589372,0.9797705314009663,0.9405193236714976,0.6142857142857143,6,6,20,4,8,0,7,2,2,1,3,0,2S,3H,0.06499014205369949,16,52,True,True,True,True,0
top_ten,svm,occupancy,mean_removed,6,unith,6,Faure,june_10_g0,0.972524154589372,0.9797705314009663,0.9405193236714976,0.6142857142857143,6,6,20,4,8,0,7,3,2,1,4,0,2S,4H,-0.05014030260169929,16,15,True,True,True,True,0
top_ten,svm,occupancy,mean_removed,6,unith,6,Faure,june_10_g0,0.972524154589372,0.9797705314009663,0.9405193236714976,0.6142857142857143,6,6,20,4,8,0,7,4,2,1,5,0,2S,5H,-0.40684448061590234,16,12,True,True,True,True,0
top_ten,svm,occupancy,mean_removed,6,unith,6,Faure,june_10_g0,0.972524154589372,0.9797705314009663,0.9405193236714976,0.6142857142857143,6,,20,4,8,0,7,5,2,1,6,0,2S,6H,,16,0,True,False,True,False,0
top_ten,svm,occupancy,mean_removed,6,unith,6,Faure,june_10_g0,0.972524154589372,0.9797705314009663,0.9405193236714976,0.6142857142857143,6,,20,4,8,0,7,6,2,1,1,1,2S,1S,,16,0,True,False,True,False,0
top_ten,svm,occupancy,mean_removed,6,unith,6,Faure,june_10_g0,0.972524154589372,0.9797705314009663,0.9405193236714976,0.6142857142857143,6,6,20,4,8,0,7,7,2,1,2,1,2S,2S,0.13542865426626988,16,16,True,True,True,True,0
top_ten,svm,occupancy,mean_removed,6,unith,6,Faure,june_10_g0,0.972524154589372,0.9797705314009663,0.9405193236714976,0.6142857142857143,6,,20,4,8,0,7,8,2,1,3,1,2S,3S,,16,0,True,False,True,False,0
top_ten,svm,occupancy,mean_removed,6,unith,6,Faure,june_10_g0,0.972524154589372,0.9797705314009663,0.9405193236714976,0.6142857142857143,6,6,20,4,8,0,7,9,2,1,4,1,2S,4S,0.17574872879221606,16,63,True,True,True,True,0
top_ten,svm,occupancy,mean_removed,6,unith,6,Faure,june_10_g0,0.972524154589372,0.9797705314009663,0.9405193236714976,0.6142857142857143,6,6,20,4,8,0,7,10,2,1,5,1,2S,5S,0.135791231896097,16,78,True,True,True,True,0
top_ten,svm,occupancy,mean_removed,6,unith,6,Faure,june_10_g0,0.972524154589372,0.9797705314009663,0.9405193236714976,0.6142857142857143,6,6,20,4,8,0,7,11,2,1,6,1,2S,6S,0.014194263612382957,16,65,True,True,True,True,0
top_ten,svm,occupancy,mean_removed,6,unith,6,Faure,june_10_g0,0.972524154589372,0.9797705314009663,0.9405193236714976,0.6142857142857143,,6,20,4,8,0,8,0,3,1,1,0,3S,1H,,0,45,False,True,False,True,0
top_ten,svm,occupancy,mean_removed,6,unith,6,Faure,june_10_g0,0.972524154589372,0.9797705314009663,0.9405193236714976,0.6142857142857143,,6,20,4,8,0,8,1,3,1,2,0,3S,2H,,0,49,False,True,False,True,0
top_ten,svm,occupancy,mean_removed,6,unith,6,Faure,june_10_g0,0.972524154589372,0.9797705314009663,0.9405193236714976,0.6142857142857143,,6,20,4,8,0,8,2,3,1,3,0,3S,3H,,0,52,False,True,False,True,0
top_ten,svm,occupancy,mean_removed,6,unith,6,Faure,june_10_g0,0.972524154589372,0.9797705314009663,0.9405193236714976,0.6142857142857143,,6,20,4,8,0,8,3,3,1,4,0,3S,4H,,0,15,False,True,False,True,0
top_ten,svm,occupancy,mean_removed,6,unith,6,Faure,june_10_g0,0.972524154589372,0.9797705314009663,0.9405193236714976,0.6142857142857143,,6,20,4,8,0,8,4,3,1,5,0,3S,5H,,0,12,False,True,False,True,0
top_ten,svm,occupancy,mean_removed,6,unith,6,Faure,june_10_g0,0.972524154589372,0.9797705314009663,0.9405193236714976,0.6142857142857143,,,20,4,8,0,8,5,3,1,6,0,3S,6H,,0,0,False,False,False,False,0
top_ten,svm,occupancy,mean_removed,6,unith,6,Faure,june_10_g0,0.972524154589372,0.9797705314009663,0.9405193236714976,0.6142857142857143,,,20,4,8,0,8,6,3,1,1,1,3S,1S,,0,0,False,False,False,False,0
top_ten,svm,occupancy,mean_removed,6,unith,6,Faure,june_10_g0,0.972524154589372,0.9797705314009663,0.9405193236714976,0.6142857142857143,,6,20,4,8,0,8,7,3,1,2,1,3S,2S,,0,16,False,True,False,True,0
top_ten,svm,occupancy,mean_removed,6,unith,6,Faure,june_10_g0,0.972524154589372,0.9797705314009663,0.9405193236714976,0.6142857142857143,,,20,4,8,0,8,8,3,1,3,1,3S,3S,,0,0,False,False,False,False,0
top_ten,svm,occupancy,mean_removed,6,unith,6,Faure,june_10_g0,0.972524154589372,0.9797705314009663,0.9405193236714976,0.6142857142857143,,6,20,4,8,0,8,9,3,1,4,1,3S,4S,,0,63,False,True,False,True,0
top_ten,svm,occupancy,mean_removed,6,unith,6,Faure,june_10_g0,0.972524154589372,0.9797705314009663,0.9405193236714976,0.6142857142857143,,6,20,4,8,0,8,10,3,1,5,1,3S,5S,,0,78,False,True,False,True,0
top_ten,svm,occupancy,mean_removed,6,unith,6,Faure,june_10_g0,0.972524154589372,0.9797705314009663,0.9405193236714976,0.6142857142857143,,6,20,4,8,0,8,11,3,1,6,1,3S,6S,,0,65,False,True,False,True,0
top_ten,svm,occupancy,mean_removed,6,unith,6,Faure,june_10_g0,0.972524154589372,0.9797705314009663,0.9405193236714976,0.6142857142857143,6,6,20,4,8,0,9,0,4,1,1,0,4S,1H,-0.15153816523261437,63,45,True,True,True,True,0
top_ten,svm,occupancy,mean_removed,6,unith,6,Faure,june_10_g0,0.972524154589372,0.9797705314009663,0.9405193236714976,0.6142857142857143,6,6,20,4,8,0,9,1,4,1,2,0,4S,2H,-0.14119784952850542,63,49,True,True,True,True,0
top_ten,svm,occupancy,mean_removed,6,unith,6,Faure,june_10_g0,0.972524154589372,0.9797705314009663,0.9405193236714976,0.6142857142857143,6,6,20,4,8,0,9,2,4,1,3,0,4S,3H,0.23053721862550716,63,52,True,True,True,True,0
top_ten,svm,occupancy,mean_removed,6,unith,6,Faure,june_10_g0,0.972524154589372,0.9797705314009663,0.9405193236714976,0.6142857142857143,6,6,20,4,8,0,9,3,4,1,4,0,4S,4H,0.3222206748256814,63,15,True,True,True,True,0
top_ten,svm,occupancy,mean_removed,6,unith,6,Faure,june_10_g0,0.972524154589372,0.9797705314009663,0.9405193236714976,0.6142857142857143,6,6,20,4,8,0,9,4,4,1,5,0,4S,5H,-0.20889112908237967,63,12,True,True,True,True,0
top_ten,svm,occupancy,mean_removed,6,unith,6,Faure,june_10_g0,0.972524154589372,0.9797705314009663,0.9405193236714976,0.6142857142857143,6,,20,4,8,0,9,5,4,1,6,0,4S,6H,,63,0,True,False,True,False,0
top_ten,svm,occupancy,mean_removed,6,unith,6,Faure,june_10_g0,0.972524154589372,0.9797705314009663,0.9405193236714976,0.6142857142857143,6,,20,4,8,0,9,6,4,1,1,1,4S,1S,,63,0,True,False,True,False,0
top_ten,svm,occupancy,mean_removed,6,unith,6,Faure,june_10_g0,0.972524154589372,0.9797705314009663,0.9405193236714976,0.6142857142857143,6,6,20,4,8,0,9,7,4,1,2,1,4S,2S,0.17574872879221606,63,16,True,True,True,True,0
top_ten,svm,occupancy,mean_removed,6,unith,6,Faure,june_10_g0,0.972524154589372,0.9797705314009663,0.9405193236714976,0.6142857142857143,6,,20,4,8,0,9,8,4,1,3,1,4S,3S,,63,0,True,False,True,False,0
top_ten,svm,occupancy,mean_removed,6,unith,6,Faure,june_10_g0,0.972524154589372,0.9797705314009663,0.9405193236714976,0.6142857142857143,6,6,20,4,8,0,9,9,4,1,4,1,4S,4S,0.38987412264090343,63,63,True,True,True,True,0
top_ten,svm,occupancy,mean_removed,6,unith,6,Faure,june_10_g0,0.972524154589372,0.9797705314009663,0.9405193236714976,0.6142857142857143,6,6,20,4,8,0,9,10,4,1,5,1,4S,5S,0.12371625962455306,63,78,True,True,True,True,0
top_ten,svm,occupancy,mean_removed,6,unith,6,Faure,june_10_g0,0.972524154589372,0.9797705314009663,0.9405193236714976,0.6142857142857143,6,6,20,4,8,0,9,11,4,1,6,1,4S,6S,-0.07705478263015322,63,65,True,True,True,True,0
top_ten,svm,occupancy,mean_removed,6,unith,6,Faure,june_10_g0,0.972524154589372,0.9797705314009663,0.9405193236714976,0.6142857142857143,6,6,20,4,8,0,10,0,5,1,1,0,5S,1H,0.022061610561733988,78,45,True,True,True,True,0
top_ten,svm,occupancy,mean_removed,6,unith,6,Faure,june_10_g0,0.972524154589372,0.9797705314009663,0.9405193236714976,0.6142857142857143,6,6,20,4,8,0,10,1,5,1,2,0,5S,2H,-0.10602154896387828,78,49,True,True,True,True,0
top_ten,svm,occupancy,mean_removed,6,unith,6,Faure,june_10_g0,0.972524154589372,0.9797705314009663,0.9405193236714976,0.6142857142857143,6,6,20,4,8,0,10,2,5,1,3,0,5S,3H,0.16802284045223398,78,52,True,True,True,True,0
top_ten,svm,occupancy,mean_removed,6,unith,6,Faure,june_10_g0,0.972524154589372,0.9797705314009663,0.9405193236714976,0.6142857142857143,6,6,20,4,8,0,10,3,5,1,4,0,5S,4H,0.22039956945759376,78,15,True,True,True,True,0
top_ten,svm,occupancy,mean_removed,6,unith,6,Faure,june_10_g0,0.972524154589372,0.9797705314009663,0.9405193236714976,0.6142857142857143,6,6,20,4,8,0,10,4,5,1,5,0,5S,5H,-0.16248152111357933,78,12,True,True,True,True,0
top_ten,svm,occupancy,mean_removed,6,unith,6,Faure,june_10_g0,0.972524154589372,0.9797705314009663,0.9405193236714976,0.6142857142857143,6,,20,4,8,0,10,5,5,1,6,0,5S,6H,,78,0,True,False,True,False,0
top_ten,svm,occupancy,mean_removed,6,unith,6,Faure,june_10_g0,0.972524154589372,0.9797705314009663,0.9405193236714976,0.6142857142857143,6,,20,4,8,0,10,6,5,1,1,1,5S,1S,,78,0,True,False,True,False,0
top_ten,svm,occupancy,mean_removed,6,unith,6,Faure,june_10_g0,0.972524154589372,0.9797705314009663,0.9405193236714976,0.6142857142857143,6,6,20,4,8,0,10,7,5,1,2,1,5S,2S,0.135791231896097,78,16,True,True,True,True,0
top_ten,svm,occupancy,mean_removed,6,unith,6,Faure,june_10_g0,0.972524154589372,0.9797705314009663,0.9405193236714976,0.6142857142857143,6,,20,4,8,0,10,8,5,1,3,1,5S,3S,,78,0,True,False,True,False,0
top_ten,svm,occupancy,mean_removed,6,unith,6,Faure,june_10_g0,0.972524154589372,0.9797705314009663,0.9405193236714976,0.6142857142857143,6,6,20,4,8,0,10,9,5,1,4,1,5S,4S,0.12371625962455306,78,63,True,True,True,True,0
top_ten,svm,occupancy,mean_removed,6,unith,6,Faure,june_10_g0,0.972524154589372,0.9797705314009663,0.9405193236714976,0.6142857142857143,6,6,20,4,8,0,10,10,5,1,5,1,5S,5S,0.28058369527550814,78,78,True,True,True,True,0
top_ten,svm,occupancy,mean_removed,6,unith,6,Faure,june_10_g0,0.972524154589372,0.9797705314009663,0.9405193236714976,0.6142857142857143,6,6,20,4,8,0,10,11,5,1,6,1,5S,6S,0.14127655912157583,78,65,True,True,True,True,0
top_ten,svm,occupancy,mean_removed,6,unith,6,Faure,june_10_g0,0.972524154589372,0.9797705314009663,0.9405193236714976,0.6142857142857143,6,6,20,4,8,0,11,0,6,1,1,0,6S,1H,0.09563720229065313,65,45,True,True,True,True,0
top_ten,svm,occupancy,mean_removed,6,unith,6,Faure,june_10_g0,0.972524154589372,0.9797705314009663,0.9405193236714976,0.6142857142857143,6,6,20,4,8,0,11,1,6,1,2,0,6S,2H,0.15631307655944754,65,49,True,True,True,True,0
top_ten,svm,occupancy,mean_removed,6,unith,6,Faure,june_10_g0,0.972524154589372,0.9797705314009663,0.9405193236714976,0.6142857142857143,6,6,20,4,8,0,11,2,6,1,3,0,6S,3H,-0.05733998122454466,65,52,True,True,True,True,0
top_ten,svm,occupancy,mean_removed,6,unith,6,Faure,june_10_g0,0.972524154589372,0.9797705314009663,0.9405193236714976,0.6142857142857143,6,6,20,4,8,0,11,3,6,1,4,0,6S,4H,-0.02110757638561029,65,15,True,True,True,True,0
top_ten,svm,occupancy,mean_removed,6,unith,6,Faure,june_10_g0,0.972524154589372,0.9797705314009663,0.9405193236714976,0.6142857142857143,6,6,20,4,8,0,11,4,6,1,5,0,6S,5H,0.010392685854716473,65,12,True,True,True,True,0
top_ten,svm,occupancy,mean_removed,6,unith,6,Faure,june_10_g0,0.972524154589372,0.9797705314009663,0.9405193236714976,0.6142857142857143,6,,20,4,8,0,11,5,6,1,6,0,6S,6H,,65,0,True,False,True,False,0
top_ten,svm,occupancy,mean_removed,6,unith,6,Faure,june_10_g0,0.972524154589372,0.9797705314009663,0.9405193236714976,0.6142857142857143,6,,20,4,8,0,11,6,6,1,1,1,6S,1S,,65,0,True,False,True,False,0
top_ten,svm,occupancy,mean_removed,6,unith,6,Faure,june_10_g0,0.972524154589372,0.9797705314009663,0.9405193236714976,0.6142857142857143,6,6,20,4,8,0,11,7,6,1,2,1,6S,2S,0.014194263612382957,65,16,True,True,True,True,0
top_ten,svm,occupancy,mean_removed,6,unith,6,Faure,june_10_g0,0.972524154589372,0.9797705314009663,0.9405193236714976,0.6142857142857143,6,,20,4,8,0,11,8,6,1,3,1,6S,3S,,65,0,True,False,True,False,0
top_ten,svm,occupancy,mean_removed,6,unith,6,Faure,june_10_g0,0.972524154589372,0.9797705314009663,0.9405193236714976,0.6142857142857143,6,6,20,4,8,0,11,9,6,1,4,1,6S,4S,-0.07705478263015322,65,63,True,True,True,True,0
top_ten,svm,occupancy,mean_removed,6,unith,6,Faure,june_10_g0,0.972524154589372,0.9797705314009663,0.9405193236714976,0.6142857142857143,6,6,20,4,8,0,11,10,6,1,5,1,6S,5S,0.14127655912157583,65,78,True,True,True,True,0
top_ten,svm,occupancy,mean_removed,6,unith,6,Faure,june_10_g0,0.972524154589372,0.9797705314009663,0.9405193236714976,0.6142857142857143,6,6,20,4,8,0,11,11,6,1,6,1,6S,6S,-0.04076102540543793,65,65,True,True,True,True,0
top_ten,svm,occupancy,mean_removed,6,unith,6,Faure,june_12_g0,0.970520799213888,0.9911562397641663,0.9556174254831313,0.61875,5,5,20,4,8,0,0,0,1,0,1,0,1H,1H,0.10403633626959682,41,41,True,True,True,True,0
top_ten,svm,occupancy,mean_removed,6,unith,6,Faure,june_12_g0,0.970520799213888,0.9911562397641663,0.9556174254831313,0.61875,5,5,20,4,8,0,0,1,1,0,2,0,1H,2H,0.2787479585159517,41,36,True,True,True,True,0
top_ten,svm,occupancy,mean_removed,6,unith,6,Faure,june_12_g0,0.970520799213888,0.9911562397641663,0.9556174254831313,0.61875,5,5,20,4,8,0,0,2,1,0,3,0,1H,3H,0.047971013534717534,41,53,True,True,True,True,0
top_ten,svm,occupancy,mean_removed,6,unith,6,Faure,june_12_g0,0.970520799213888,0.9911562397641663,0.9556174254831313,0.61875,5,2,20,4,8,0,0,3,1,0,4,0,1H,4H,-0.054239168888990594,41,4,True,True,True,False,0
top_ten,svm,occupancy,mean_removed,6,unith,6,Faure,june_12_g0,0.970520799213888,0.9911562397641663,0.9556174254831313,0.61875,5,2,20,4,8,0,0,4,1,0,5,0,1H,5H,-0.30492482149003114,41,4,True,True,True,False,0
top_ten,svm,occupancy,mean_removed,6,unith,6,Faure,june_12_g0,0.970520799213888,0.9911562397641663,0.9556174254831313,0.61875,5,,20,4,8,0,0,5,1,0,6,0,1H,6H,,41,0,True,False,True,False,0
top_ten,svm,occupancy,mean_removed,6,unith,6,Faure,june_12_g0,0.970520799213888,0.9911562397641663,0.9556174254831313,0.61875,5,,20,4,8,0,0,6,1,0,1,1,1H,1S,,41,0,True,False,True,False,0
top_ten,svm,occupancy,mean_removed,6,unith,6,Faure,june_12_g0,0.970520799213888,0.9911562397641663,0.9556174254831313,0.61875,5,5,20,4,8,0,0,7,1,0,2,1,1H,2S,0.13327487293924734,41,10,True,True,True,True,0
top_ten,svm,occupancy,mean_removed,6,unith,6,Faure,june_12_g0,0.970520799213888,0.9911562397641663,0.9556174254831313,0.61875,5,,20,4,8,0,0,8,1,0,3,1,1H,3S,,41,0,True,False,True,False,0
top_ten,svm,occupancy,mean_removed,6,unith,6,Faure,june_12_g0,0.970520799213888,0.9911562397641663,0.9556174254831313,0.61875,5,5,20,4,8,0,0,9,1,0,4,1,1H,4S,-0.1257526740973101,41,61,True,True,True,True,0
top_ten,svm,occupancy,mean_removed,6,unith,6,Faure,june_12_g0,0.970520799213888,0.9911562397641663,0.9556174254831313,0.61875,5,5,20,4,8,0,0,10,1,0,5,1,1H,5S,-0.1489795876509792,41,56,True,True,True,True,0
top_ten,svm,occupancy,mean_removed,6,unith,6,Faure,june_12_g0,0.970520799213888,0.9911562397641663,0.9556174254831313,0.61875,5,5,20,4,8,0,0,11,1,0,6,1,1H,6S,0.04512598282937634,41,67,True,True,True,True,0
top_ten,svm,occupancy,mean_removed,6,unith,6,Faure,june_12_g0,0.970520799213888,0.9911562397641663,0.9556174254831313,0.61875,5,5,20,4,8,0,1,0,2,0,1,0,2H,1H,0.2787479585159517,36,41,True,True,True,True,0
top_ten,svm,occupancy,mean_removed,6,unith,6,Faure,june_12_g0,0.970520799213888,0.9911562397641663,0.9556174254831313,0.61875,5,5,20,4,8,0,1,1,2,0,2,0,2H,2H,0.6588908478511599,36,36,True,True,True,True,0
top_ten,svm,occupancy,mean_removed,6,unith,6,Faure,june_12_g0,0.970520799213888,0.9911562397641663,0.9556174254831313,0.61875,5,5,20,4,8,0,1,2,2,0,3,0,2H,3H,0.16022480968162087,36,53,True,True,True,True,0
top_ten,svm,occupancy,mean_removed,6,unith,6,Faure,june_12_g0,0.970520799213888,0.9911562397641663,0.9556174254831313,0.61875,5,2,20,4,8,0,1,3,2,0,4,0,2H,4H,0.1261311131133967,36,4,True,True,True,False,0
top_ten,svm,occupancy,mean_removed,6,unith,6,Faure,june_12_g0,0.970520799213888,0.9911562397641663,0.9556174254831313,0.61875,5,2,20,4,8,0,1,4,2,0,5,0,2H,5H,-0.5144090671140243,36,4,True,True,True,False,0
top_ten,svm,occupancy,mean_removed,6,unith,6,Faure,june_12_g0,0.970520799213888,0.9911562397641663,0.9556174254831313,0.61875,5,,20,4,8,0,1,5,2,0,6,0,2H,6H,,36,0,True,False,True,False,0
top_ten,svm,occupancy,mean_removed,6,unith,6,Faure,june_12_g0,0.970520799213888,0.9911562397641663,0.9556174254831313,0.61875,5,,20,4,8,0,1,6,2,0,1,1,2H,1S,,36,0,True,False,True,False,0
top_ten,svm,occupancy,mean_removed,6,unith,6,Faure,june_12_g0,0.970520799213888,0.9911562397641663,0.9556174254831313,0.61875,5,5,20,4,8,0,1,7,2,0,2,1,2H,2S,0.617090452391094,36,10,True,True,True,True,0
top_ten,svm,occupancy,mean_removed,6,unith,6,Faure,june_12_g0,0.970520799213888,0.9911562397641663,0.9556174254831313,0.61875,5,,20,4,8,0,1,8,2,0,3,1,2H,3S,,36,0,True,False,True,False,0
top_ten,svm,occupancy,mean_removed,6,unith,6,Faure,june_12_g0,0.970520799213888,0.9911562397641663,0.9556174254831313,0.61875,5,5,20,4,8,0,1,9,2,0,4,1,2H,4S,-0.1261587644443359,36,61,True,True,True,True,0
top_ten,svm,occupancy,mean_removed,6,unith,6,Faure,june_12_g0,0.970520799213888,0.9911562397641663,0.9556174254831313,0.61875,5,5,20,4,8,0,1,10,2,0,5,1,2H,5S,-0.21256795585681085,36,56,True,True,True,True,0
top_ten,svm,occupancy,mean_removed,6,unith,6,Faure,june_12_g0,0.970520799213888,0.9911562397641663,0.9556174254831313,0.61875,5,5,20,4,8,0,1,11,2,0,6,1,2H,6S,0.18471375524347172,36,67,True,True,True,True,0
top_ten,svm,occupancy,mean_removed,6,unith,6,Faure,june_12_g0,0.970520799213888,0.9911562397641663,0.9556174254831313,0.61875,5,5,20,4,8,0,2,0,3,0,1,0,3H,1H,0.047971013534717534,53,41,True,True,True,True,0
top_ten,svm,occupancy,mean_removed,6,unith,6,Faure,june_12_g0,0.970520799213888,0.9911562397641663,0.9556174254831313,0.61875,5,5,20,4,8,0,2,1,3,0,2,0,3H,2H,0.16022480968162087,53,36,True,True,True,True,0
top_ten,svm,occupancy,mean_removed,6,unith,6,Faure,june_12_g0,0.970520799213888,0.9911562397641663,0.9556174254831313,0.61875,5,5,20,4,8,0,2,2,3,0,3,0,3H,3H,0.11484320067119673,53,53,True,True,True,True,0
top_ten,svm,occupancy,mean_removed,6,unith,6,Faure,june_12_g0,0.970520799213888,0.9911562397641663,0.9556174254831313,0.61875,5,2,20,4,8,0,2,3,3,0,4,0,3H,4H,-0.17076025911014017,53,4,True,True,True,False,0
top_ten,svm,occupancy,mean_removed,6,unith,6,Faure,june_12_g0,0.970520799213888,0.9911562397641663,0.9556174254831313,0.61875,5,2,20,4,8,0,2,4,3,0,5,0,3H,5H,-0.24230111796862666,53,4,True,True,True,False,0
top_ten,svm,occupancy,mean_removed,6,unith,6,Faure,june_12_g0,0.970520799213888,0.9911562397641663,0.9556174254831313,0.61875,5,,20,4,8,0,2,5,3,0,6,0,3H,6H,,53,0,True,False,True,False,0
top_ten,svm,occupancy,mean_removed,6,unith,6,Faure,june_12_g0,0.970520799213888,0.9911562397641663,0.9556174254831313,0.61875,5,,20,4,8,0,2,6,3,0,1,1,3H,1S,,53,0,True,False,True,False,0
top_ten,svm,occupancy,mean_removed,6,unith,6,Faure,june_12_g0,0.970520799213888,0.9911562397641663,0.9556174254831313,0.61875,5,5,20,4,8,0,2,7,3,0,2,1,3H,2S,0.1238202779376456,53,10,True,True,True,True,0
top_ten,svm,occupancy,mean_removed,6,unith,6,Faure,june_12_g0,0.970520799213888,0.9911562397641663,0.9556174254831313,0.61875,5,,20,4,8,0,2,8,3,0,3,1,3H,3S,,53,0,True,False,True,False,0
top_ten,svm,occupancy,mean_removed,6,unith,6,Faure,june_12_g0,0.970520799213888,0.9911562397641663,0.9556174254831313,0.61875,5,5,20,4,8,0,2,9,3,0,4,1,3H,4S,-0.027116295221351994,53,61,True,True,True,True,0
top_ten,svm,occupancy,mean_removed,6,unith,6,Faure,june_12_g0,0.970520799213888,0.9911562397641663,0.9556174254831313,0.61875,5,5,20,4,8,0,2,10,3,0,5,1,3H,5S,-0.025788410980710896,53,56,True,True,True,True,0
top_ten,svm,occupancy,mean_removed,6,unith,6,Faure,june_12_g0,0.970520799213888,0.9911562397641663,0.9556174254831313,0.61875,5,5,20,4,8,0,2,11,3,0,6,1,3H,6S,-0.1750484234060648,53,67,True,True,True,True,0
top_ten,svm,occupancy,mean_removed,6,unith,6,Faure,june_12_g0,0.970520799213888,0.9911562397641663,0.9556174254831313,0.61875,2,5,20,4,8,0,3,0,4,0,1,0,4H,1H,-0.054239168888990594,4,41,True,True,False,True,0
top_ten,svm,occupancy,mean_removed,6,unith,6,Faure,june_12_g0,0.970520799213888,0.9911562397641663,0.9556174254831313,0.61875,2,5,20,4,8,0,3,1,4,0,2,0,4H,2H,0.1261311131133967,4,36,True,True,False,True,0
top_ten,svm,occupancy,mean_removed,6,unith,6,Faure,june_12_g0,0.970520799213888,0.9911562397641663,0.9556174254831313,0.61875,2,5,20,4,8,0,3,2,4,0,3,0,4H,3H,-0.17076025911014017,4,53,True,True,False,True,0
top_ten,svm,occupancy,mean_removed,6,unith,6,Faure,june_12_g0,0.970520799213888,0.9911562397641663,0.9556174254831313,0.61875,2,2,20,4,8,0,3,3,4,0,4,0,4H,4H,0.6152197047001504,4,4,True,True,False,False,0
top_ten,svm,occupancy,mean_removed,6,unith,6,Faure,june_12_g0,0.970520799213888,0.9911562397641663,0.9556174254831313,0.61875,2,2,20,4,8,0,3,4,4,0,5,0,4H,5H,0.39084430239939516,4,4,True,True,False,False,0
top_ten,svm,occupancy,mean_removed,6,unith,6,Faure,june_12_g0,0.970520799213888,0.9911562397641663,0.9556174254831313,0.61875,2,,20,4,8,0,3,5,4,0,6,0,4H,6H,,4,0,True,False,False,False,0
top_ten,svm,occupancy,mean_removed,6,unith,6,Faure,june_12_g0,0.970520799213888,0.9911562397641663,0.9556174254831313,0.61875,2,,20,4,8,0,3,6,4,0,1,1,4H,1S,,4,0,True,False,False,False,0
top_ten,svm,occupancy,mean_removed,6,unith,6,Faure,june_12_g0,0.970520799213888,0.9911562397641663,0.9556174254831313,0.61875,2,5,20,4,8,0,3,7,4,0,2,1,4H,2S,0.28449850812438465,4,10,True,True,False,True,0
top_ten,svm,occupancy,mean_removed,6,unith,6,Faure,june_12_g0,0.970520799213888,0.9911562397641663,0.9556174254831313,0.61875,2,,20,4,8,0,3,8,4,0,3,1,4H,3S,,4,0,True,False,False,False,0
top_ten,svm,occupancy,mean_removed,6,unith,6,Faure,june_12_g0,0.970520799213888,0.9911562397641663,0.9556174254831313,0.61875,2,5,20,4,8,0,3,9,4,0,4,1,4H,4S,0.44352118424771936,4,61,True,True,False,True,0
top_ten,svm,occupancy,mean_removed,6,unith,6,Faure,june_12_g0,0.970520799213888,0.9911562397641663,0.9556174254831313,0.61875,2,5,20,4,8,0,3,10,4,0,5,1,4H,5S,-0.03589727699023815,4,56,True,True,False,True,0
top_ten,svm,occupancy,mean_removed,6,unith,6,Faure,june_12_g0,0.970520799213888,0.9911562397641663,0.9556174254831313,0.61875,2,5,20,4,8,0,3,11,4,0,6,1,4H,6S,0.15663946582639085,4,67,True,True,False,True,0
top_ten,svm,occupancy,mean_removed,6,unith,6,Faure,june_12_g0,0.970520799213888,0.9911562397641663,0.9556174254831313,0.61875,2,5,20,4,8,0,4,0,5,0,1,0,5H,1H,-0.30492482149003114,4,41,True,True,False,True,0
top_ten,svm,occupancy,mean_removed,6,unith,6,Faure,june_12_g0,0.970520799213888,0.9911562397641663,0.9556174254831313,0.61875,2,5,20,4,8,0,4,1,5,0,2,0,5H,2H,-0.5144090671140243,4,36,True,True,False,True,0
top_ten,svm,occupancy,mean_removed,6,unith,6,Faure,june_12_g0,0.970520799213888,0.9911562397641663,0.9556174254831313,0.61875,2,5,20,4,8,0,4,2,5,0,3,0,5H,3H,-0.24230111796862666,4,53,True,True,False,True,0
top_ten,svm,occupancy,mean_removed,6,unith,6,Faure,june_12_g0,0.970520799213888,0.9911562397641663,0.9556174254831313,0.61875,2,2,20,4,8,0,4,3,5,0,4,0,5H,4H,0.39084430239939516,4,4,True,True,False,False,0
top_ten,svm,occupancy,mean_removed,6,unith,6,Faure,june_12_g0,0.970520799213888,0.9911562397641663,0.9556174254831313,0.61875,2,2,20,4,8,0,4,4,5,0,5,0,5H,5H,0.5976040122899381,4,4,True,True,False,False,0
top_ten,svm,occupancy,mean_removed,6,unith,6,Faure,june_12_g0,0.970520799213888,0.9911562397641663,0.9556174254831313,0.61875,2,,20,4,8,0,4,5,5,0,6,0,5H,6H,,4,0,True,False,False,False,0
top_ten,svm,occupancy,mean_removed,6,unith,6,Faure,june_12_g0,0.970520799213888,0.9911562397641663,0.9556174254831313,0.61875,2,,20,4,8,0,4,6,5,0,1,1,5H,1S,,4,0,True,False,False,False,0
top_ten,svm,occupancy,mean_removed,6,unith,6,Faure,june_12_g0,0.970520799213888,0.9911562397641663,0.9556174254831313,0.61875,2,5,20,4,8,0,4,7,5,0,2,1,5H,2S,-0.45071543747095105,4,10,True,True,False,True,0
top_ten,svm,occupancy,mean_removed,6,unith,6,Faure,june_12_g0,0.970520799213888,0.9911562397641663,0.9556174254831313,0.61875,2,,20,4,8,0,4,8,5,0,3,1,5H,3S,,4,0,True,False,False,False,0
top_ten,svm,occupancy,mean_removed,6,unith,6,Faure,june_12_g0,0.970520799213888,0.9911562397641663,0.9556174254831313,0.61875,2,5,20,4,8,0,4,9,5,0,4,1,5H,4S,0.26963371081917725,4,61,True,True,False,True,0
top_ten,svm,occupancy,mean_removed,6,unith,6,Faure,june_12_g0,0.970520799213888,0.9911562397641663,0.9556174254831313,0.61875,2,5,20,4,8,0,4,10,5,0,5,1,5H,5S,0.15971536522249533,4,56,True,True,False,True,0
top_ten,svm,occupancy,mean_removed,6,unith,6,Faure,june_12_g0,0.970520799213888,0.9911562397641663,0.9556174254831313,0.61875,2,5,20,4,8,0,4,11,5,0,6,1,5H,6S,0.032181748265278455,4,67,True,True,False,True,0
top_ten,svm,occupancy,mean_removed,6,unith,6,Faure,june_12_g0,0.970520799213888,0.9911562397641663,0.9556174254831313,0.61875,,5,20,4,8,0,5,0,6,0,1,0,6H,1H,,0,41,False,True,False,True,0
top_ten,svm,occupancy,mean_removed,6,unith,6,Faure,june_12_g0,0.970520799213888,0.9911562397641663,0.9556174254831313,0.61875,,5,20,4,8,0,5,1,6,0,2,0,6H,2H,,0,36,False,True,False,True,0
top_ten,svm,occupancy,mean_removed,6,unith,6,Faure,june_12_g0,0.970520799213888,0.9911562397641663,0.9556174254831313,0.61875,,5,20,4,8,0,5,2,6,0,3,0,6H,3H,,0,53,False,True,False,True,0
top_ten,svm,occupancy,mean_removed,6,unith,6,Faure,june_12_g0,0.970520799213888,0.9911562397641663,0.9556174254831313,0.61875,,2,20,4,8,0,5,3,6,0,4,0,6H,4H,,0,4,False,True,False,False,0
top_ten,svm,occupancy,mean_removed,6,unith,6,Faure,june_12_g0,0.970520799213888,0.9911562397641663,0.9556174254831313,0.61875,,2,20,4,8,0,5,4,6,0,5,0,6H,5H,,0,4,False,True,False,False,0
top_ten,svm,occupancy,mean_removed,6,unith,6,Faure,june_12_g0,0.970520799213888,0.9911562397641663,0.9556174254831313,0.61875,,,20,4,8,0,5,5,6,0,6,0,6H,6H,,0,0,False,False,False,False,0
top_ten,svm,occupancy,mean_removed,6,unith,6,Faure,june_12_g0,0.970520799213888,0.9911562397641663,0.9556174254831313,0.61875,,,20,4,8,0,5,6,6,0,1,1,6H,1S,,0,0,False,False,False,False,0
top_ten,svm,occupancy,mean_removed,6,unith,6,Faure,june_12_g0,0.970520799213888,0.9911562397641663,0.9556174254831313,0.61875,,5,20,4,8,0,5,7,6,0,2,1,6H,2S,,0,10,False,True,False,True,0
top_ten,svm,occupancy,mean_removed,6,unith,6,Faure,june_12_g0,0.970520799213888,0.9911562397641663,0.9556174254831313,0.61875,,,20,4,8,0,5,8,6,0,3,1,6H,3S,,0,0,False,False,False,False,0
top_ten,svm,occupancy,mean_removed,6,unith,6,Faure,june_12_g0,0.970520799213888,0.9911562397641663,0.9556174254831313,0.61875,,5,20,4,8,0,5,9,6,0,4,1,6H,4S,,0,61,False,True,False,True,0
top_ten,svm,occupancy,mean_removed,6,unith,6,Faure,june_12_g0,0.970520799213888,0.9911562397641663,0.9556174254831313,0.61875,,5,20,4,8,0,5,10,6,0,5,1,6H,5S,,0,56,False,True,False,True,0
top_ten,svm,occupancy,mean_removed,6,unith,6,Faure,june_12_g0,0.970520799213888,0.9911562397641663,0.9556174254831313,0.61875,,5,20,4,8,0,5,11,6,0,6,1,6H,6S,,0,67,False,True,False,True,0
top_ten,svm,occupancy,mean_removed,6,unith,6,Faure,june_12_g0,0.970520799213888,0.9911562397641663,0.9556174254831313,0.61875,,5,20,4,8,0,6,0,1,1,1,0,1S,1H,,0,41,False,True,False,True,0
top_ten,svm,occupancy,mean_removed,6,unith,6,Faure,june_12_g0,0.970520799213888,0.9911562397641663,0.9556174254831313,0.61875,,5,20,4,8,0,6,1,1,1,2,0,1S,2H,,0,36,False,True,False,True,0
top_ten,svm,occupancy,mean_removed,6,unith,6,Faure,june_12_g0,0.970520799213888,0.9911562397641663,0.9556174254831313,0.61875,,5,20,4,8,0,6,2,1,1,3,0,1S,3H,,0,53,False,True,False,True,0
top_ten,svm,occupancy,mean_removed,6,unith,6,Faure,june_12_g0,0.970520799213888,0.9911562397641663,0.9556174254831313,0.61875,,2,20,4,8,0,6,3,1,1,4,0,1S,4H,,0,4,False,True,False,False,0
top_ten,svm,occupancy,mean_removed,6,unith,6,Faure,june_12_g0,0.970520799213888,0.9911562397641663,0.9556174254831313,0.61875,,2,20,4,8,0,6,4,1,1,5,0,1S,5H,,0,4,False,True,False,False,0
top_ten,svm,occupancy,mean_removed,6,unith,6,Faure,june_12_g0,0.970520799213888,0.9911562397641663,0.9556174254831313,0.61875,,,20,4,8,0,6,5,1,1,6,0,1S,6H,,0,0,False,False,False,False,0
top_ten,svm,occupancy,mean_removed,6,unith,6,Faure,june_12_g0,0.970520799213888,0.9911562397641663,0.9556174254831313,0.61875,,,20,4,8,0,6,6,1,1,1,1,1S,1S,,0,0,False,False,False,False,0
top_ten,svm,occupancy,mean_removed,6,unith,6,Faure,june_12_g0,0.970520799213888,0.9911562397641663,0.9556174254831313,0.61875,,5,20,4,8,0,6,7,1,1,2,1,1S,2S,,0,10,False,True,False,True,0
top_ten,svm,occupancy,mean_removed,6,unith,6,Faure,june_12_g0,0.970520799213888,0.9911562397641663,0.9556174254831313,0.61875,,,20,4,8,0,6,8,1,1,3,1,1S,3S,,0,0,False,False,False,False,0
top_ten,svm,occupancy,mean_removed,6,unith,6,Faure,june_12_g0,0.970520799213888,0.9911562397641663,0.9556174254831313,0.61875,,5,20,4,8,0,6,9,1,1,4,1,1S,4S,,0,61,False,True,False,True,0
top_ten,svm,occupancy,mean_removed,6,unith,6,Faure,june_12_g0,0.970520799213888,0.9911562397641663,0.9556174254831313,0.61875,,5,20,4,8,0,6,10,1,1,5,1,1S,5S,,0,56,False,True,False,True,0
top_ten,svm,occupancy,mean_removed,6,unith,6,Faure,june_12_g0,0.970520799213888,0.9911562397641663,0.9556174254831313,0.61875,,5,20,4,8,0,6,11,1,1,6,1,1S,6S,,0,67,False,True,False,True,0
top_ten,svm,occupancy,mean_removed,6,unith,6,Faure,june_12_g0,0.970520799213888,0.9911562397641663,0.9556174254831313,0.61875,5,5,20,4,8,0,7,0,2,1,1,0,2S,1H,0.13327487293924734,10,41,True,True,True,True,0
top_ten,svm,occupancy,mean_removed,6,unith,6,Faure,june_12_g0,0.970520799213888,0.9911562397641663,0.9556174254831313,0.61875,5,5,20,4,8,0,7,1,2,1,2,0,2S,2H,0.617090452391094,10,36,True,True,True,True,0
top_ten,svm,occupancy,mean_removed,6,unith,6,Faure,june_12_g0,0.970520799213888,0.9911562397641663,0.9556174254831313,0.61875,5,5,20,4,8,0,7,2,2,1,3,0,2S,3H,0.1238202779376456,10,53,True,True,True,True,0
top_ten,svm,occupancy,mean_removed,6,unith,6,Faure,june_12_g0,0.970520799213888,0.9911562397641663,0.9556174254831313,0.61875,5,2,20,4,8,0,7,3,2,1,4,0,2S,4H,0.28449850812438465,10,4,True,True,True,False,0
top_ten,svm,occupancy,mean_removed,6,unith,6,Faure,june_12_g0,0.970520799213888,0.9911562397641663,0.9556174254831313,0.61875,5,2,20,4,8,0,7,4,2,1,5,0,2S,5H,-0.45071543747095105,10,4,True,True,True,False,0
top_ten,svm,occupancy,mean_removed,6,unith,6,Faure,june_12_g0,0.970520799213888,0.9911562397641663,0.9556174254831313,0.61875,5,,20,4,8,0,7,5,2,1,6,0,2S,6H,,10,0,True,False,True,False,0
top_ten,svm,occupancy,mean_removed,6,unith,6,Faure,june_12_g0,0.970520799213888,0.9911562397641663,0.9556174254831313,0.61875,5,,20,4,8,0,7,6,2,1,1,1,2S,1S,,10,0,True,False,True,False,0
top_ten,svm,occupancy,mean_removed,6,unith,6,Faure,june_12_g0,0.970520799213888,0.9911562397641663,0.9556174254831313,0.61875,5,5,20,4,8,0,7,7,2,1,2,1,2S,2S,0.5273992283223945,10,10,True,True,True,True,0
top_ten,svm,occupancy,mean_removed,6,unith,6,Faure,june_12_g0,0.970520799213888,0.9911562397641663,0.9556174254831313,0.61875,5,,20,4,8,0,7,8,2,1,3,1,2S,3S,,10,0,True,False,True,False,0
top_ten,svm,occupancy,mean_removed,6,unith,6,Faure,june_12_g0,0.970520799213888,0.9911562397641663,0.9556174254831313,0.61875,5,5,20,4,8,0,7,9,2,1,4,1,2S,4S,0.10156609600082969,10,61,True,True,True,True,0
top_ten,svm,occupancy,mean_removed,6,unith,6,Faure,june_12_g0,0.970520799213888,0.9911562397641663,0.9556174254831313,0.61875,5,5,20,4,8,0,7,10,2,1,5,1,2S,5S,-0.129938345138647,10,56,True,True,True,True,0
top_ten,svm,occupancy,mean_removed,6,unith,6,Faure,june_12_g0,0.970520799213888,0.9911562397641663,0.9556174254831313,0.61875,5,5,20,4,8,0,7,11,2,1,6,1,2S,6S,0.19224460111375527,10,67,True,True,True,True,0
top_ten,svm,occupancy,mean_removed,6,unith,6,Faure,june_12_g0,0.970520799213888,0.9911562397641663,0.9556174254831313,0.61875,,5,20,4,8,0,8,0,3,1,1,0,3S,1H,,0,41,False,True,False,True,0
top_ten,svm,occupancy,mean_removed,6,unith,6,Faure,june_12_g0,0.970520799213888,0.9911562397641663,0.9556174254831313,0.61875,,5,20,4,8,0,8,1,3,1,2,0,3S,2H,,0,36,False,True,False,True,0
top_ten,svm,occupancy,mean_removed,6,unith,6,Faure,june_12_g0,0.970520799213888,0.9911562397641663,0.9556174254831313,0.61875,,5,20,4,8,0,8,2,3,1,3,0,3S,3H,,0,53,False,True,False,True,0
top_ten,svm,occupancy,mean_removed,6,unith,6,Faure,june_12_g0,0.970520799213888,0.9911562397641663,0.9556174254831313,0.61875,,2,20,4,8,0,8,3,3,1,4,0,3S,4H,,0,4,False,True,False,False,0
top_ten,svm,occupancy,mean_removed,6,unith,6,Faure,june_12_g0,0.970520799213888,0.9911562397641663,0.9556174254831313,0.61875,,2,20,4,8,0,8,4,3,1,5,0,3S,5H,,0,4,False,True,False,False,0
top_ten,svm,occupancy,mean_removed,6,unith,6,Faure,june_12_g0,0.970520799213888,0.9911562397641663,0.9556174254831313,0.61875,,,20,4,8,0,8,5,3,1,6,0,3S,6H,,0,0,False,False,False,False,0
top_ten,svm,occupancy,mean_removed,6,unith,6,Faure,june_12_g0,0.970520799213888,0.9911562397641663,0.9556174254831313,0.61875,,,20,4,8,0,8,6,3,1,1,1,3S,1S,,0,0,False,False,False,False,0
top_ten,svm,occupancy,mean_removed,6,unith,6,Faure,june_12_g0,0.970520799213888,0.9911562397641663,0.9556174254831313,0.61875,,5,20,4,8,0,8,7,3,1,2,1,3S,2S,,0,10,False,True,False,True,0
top_ten,svm,occupancy,mean_removed,6,unith,6,Faure,june_12_g0,0.970520799213888,0.9911562397641663,0.9556174254831313,0.61875,,,20,4,8,0,8,8,3,1,3,1,3S,3S,,0,0,False,False,False,False,0
top_ten,svm,occupancy,mean_removed,6,unith,6,Faure,june_12_g0,0.970520799213888,0.9911562397641663,0.9556174254831313,0.61875,,5,20,4,8,0,8,9,3,1,4,1,3S,4S,,0,61,False,True,False,True,0
top_ten,svm,occupancy,mean_removed,6,unith,6,Faure,june_12_g0,0.970520799213888,0.9911562397641663,0.9556174254831313,0.61875,,5,20,4,8,0,8,10,3,1,5,1,3S,5S,,0,56,False,True,False,True,0
top_ten,svm,occupancy,mean_removed,6,unith,6,Faure,june_12_g0,0.970520799213888,0.9911562397641663,0.9556174254831313,0.61875,,5,20,4,8,0,8,11,3,1,6,1,3S,6S,,0,67,False,True,False,True,0
top_ten,svm,occupancy,mean_removed,6,unith,6,Faure,june_12_g0,0.970520799213888,0.9911562397641663,0.9556174254831313,0.61875,5,5,20,4,8,0,9,0,4,1,1,0,4S,1H,-0.1257526740973101,61,41,True,True,True,True,0
top_ten,svm,occupancy,mean_removed,6,unith,6,Faure,june_12_g0,0.970520799213888,0.9911562397641663,0.9556174254831313,0.61875,5,5,20,4,8,0,9,1,4,1,2,0,4S,2H,-0.1261587644443359,61,36,True,True,True,True,0
top_ten,svm,occupancy,mean_removed,6,unith,6,Faure,june_12_g0,0.970520799213888,0.9911562397641663,0.9556174254831313,0.61875,5,5,20,4,8,0,9,2,4,1,3,0,4S,3H,-0.027116295221351994,61,53,True,True,True,True,0
top_ten,svm,occupancy,mean_removed,6,unith,6,Faure,june_12_g0,0.970520799213888,0.9911562397641663,0.9556174254831313,0.61875,5,2,20,4,8,0,9,3,4,1,4,0,4S,4H,0.44352118424771936,61,4,True,True,True,False,0
top_ten,svm,occupancy,mean_removed,6,unith,6,Faure,june_12_g0,0.970520799213888,0.9911562397641663,0.9556174254831313,0.61875,5,2,20,4,8,0,9,4,4,1,5,0,4S,5H,0.26963371081917725,61,4,True,True,True,False,0
top_ten,svm,occupancy,mean_removed,6,unith,6,Faure,june_12_g0,0.970520799213888,0.9911562397641663,0.9556174254831313,0.61875,5,,20,4,8,0,9,5,4,1,6,0,4S,6H,,61,0,True,False,True,False,0
top_ten,svm,occupancy,mean_removed,6,unith,6,Faure,june_12_g0,0.970520799213888,0.9911562397641663,0.9556174254831313,0.61875,5,,20,4,8,0,9,6,4,1,1,1,4S,1S,,61,0,True,False,True,False,0
top_ten,svm,occupancy,mean_removed,6,unith,6,Faure,june_12_g0,0.970520799213888,0.9911562397641663,0.9556174254831313,0.61875,5,5,20,4,8,0,9,7,4,1,2,1,4S,2S,0.10156609600082969,61,10,True,True,True,True,0
top_ten,svm,occupancy,mean_removed,6,unith,6,Faure,june_12_g0,0.970520799213888,0.9911562397641663,0.9556174254831313,0.61875,5,,20,4,8,0,9,8,4,1,3,1,4S,3S,,61,0,True,False,True,False,0
top_ten,svm,occupancy,mean_removed,6,unith,6,Faure,june_12_g0,0.970520799213888,0.9911562397641663,0.9556174254831313,0.61875,5,5,20,4,8,0,9,9,4,1,4,1,4S,4S,0.3507944894328382,61,61,True,True,True,True,0
top_ten,svm,occupancy,mean_removed,6,unith,6,Faure,june_12_g0,0.970520799213888,0.9911562397641663,0.9556174254831313,0.61875,5,5,20,4,8,0,9,10,4,1,5,1,4S,5S,0.021034422522891116,61,56,True,True,True,True,0
top_ten,svm,occupancy,mean_removed,6,unith,6,Faure,june_12_g0,0.970520799213888,0.9911562397641663,0.9556174254831313,0.61875,5,5,20,4,8,0,9,11,4,1,6,1,4S,6S,0.05179353297163096,61,67,True,True,True,True,0
top_ten,svm,occupancy,mean_removed,6,unith,6,Faure,june_12_g0,0.970520799213888,0.9911562397641663,0.9556174254831313,0.61875,5,5,20,4,8,0,10,0,5,1,1,0,5S,1H,-0.1489795876509792,56,41,True,True,True,True,0
top_ten,svm,occupancy,mean_removed,6,unith,6,Faure,june_12_g0,0.970520799213888,0.9911562397641663,0.9556174254831313,0.61875,5,5,20,4,8,0,10,1,5,1,2,0,5S,2H,-0.21256795585681085,56,36,True,True,True,True,0
top_ten,svm,occupancy,mean_removed,6,unith,6,Faure,june_12_g0,0.970520799213888,0.9911562397641663,0.9556174254831313,0.61875,5,5,20,4,8,0,10,2,5,1,3,0,5S,3H,-0.025788410980710896,56,53,True,True,True,True,0
top_ten,svm,occupancy,mean_removed,6,unith,6,Faure,june_12_g0,0.970520799213888,0.9911562397641663,0.9556174254831313,0.61875,5,2,20,4,8,0,10,3,5,1,4,0,5S,4H,-0.03589727699023815,56,4,True,True,True,False,0
top_ten,svm,occupancy,mean_removed,6,unith,6,Faure,june_12_g0,0.970520799213888,0.9911562397641663,0.9556174254831313,0.61875,5,2,20,4,8,0,10,4,5,1,5,0,5S,5H,0.15971536522249533,56,4,True,True,True,False,0
top_ten,svm,occupancy,mean_removed,6,unith,6,Faure,june_12_g0,0.970520799213888,0.9911562397641663,0.9556174254831313,0.61875,5,,20,4,8,0,10,5,5,1,6,0,5S,6H,,56,0,True,False,True,False,0
top_ten,svm,occupancy,mean_removed,6,unith,6,Faure,june_12_g0,0.970520799213888,0.9911562397641663,0.9556174254831313,0.61875,5,,20,4,8,0,10,6,5,1,1,1,5S,1S,,56,0,True,False,True,False,0
top_ten,svm,occupancy,mean_removed,6,unith,6,Faure,june_12_g0,0.970520799213888,0.9911562397641663,0.9556174254831313,0.61875,5,5,20,4,8,0,10,7,5,1,2,1,5S,2S,-0.129938345138647,56,10,True,True,True,True,0
top_ten,svm,occupancy,mean_removed,6,unith,6,Faure,june_12_g0,0.970520799213888,0.9911562397641663,0.9556174254831313,0.61875,5,,20,4,8,0,10,8,5,1,3,1,5S,3S,,56,0,True,False,True,False,0
top_ten,svm,occupancy,mean_removed,6,unith,6,Faure,june_12_g0,0.970520799213888,0.9911562397641663,0.9556174254831313,0.61875,5,5,20,4,8,0,10,9,5,1,4,1,5S,4S,0.021034422522891116,56,61,True,True,True,True,0
top_ten,svm,occupancy,mean_removed,6,unith,6,Faure,june_12_g0,0.970520799213888,0.9911562397641663,0.9556174254831313,0.61875,5,5,20,4,8,0,10,10,5,1,5,1,5S,5S,0.02252215068617578,56,56,True,True,True,True,0
top_ten,svm,occupancy,mean_removed,6,unith,6,Faure,june_12_g0,0.970520799213888,0.9911562397641663,0.9556174254831313,0.61875,5,5,20,4,8,0,10,11,5,1,6,1,5S,6S,0.10236974011927764,56,67,True,True,True,True,0
top_ten,svm,occupancy,mean_removed,6,unith,6,Faure,june_12_g0,0.970520799213888,0.9911562397641663,0.9556174254831313,0.61875,5,5,20,4,8,0,11,0,6,1,1,0,6S,1H,0.04512598282937634,67,41,True,True,True,True,0
top_ten,svm,occupancy,mean_removed,6,unith,6,Faure,june_12_g0,0.970520799213888,0.9911562397641663,0.9556174254831313,0.61875,5,5,20,4,8,0,11,1,6,1,2,0,6S,2H,0.18471375524347172,67,36,True,True,True,True,0
top_ten,svm,occupancy,mean_removed,6,unith,6,Faure,june_12_g0,0.970520799213888,0.9911562397641663,0.9556174254831313,0.61875,5,5,20,4,8,0,11,2,6,1,3,0,6S,3H,-0.1750484234060648,67,53,True,True,True,True,0
top_ten,svm,occupancy,mean_removed,6,unith,6,Faure,june_12_g0,0.970520799213888,0.9911562397641663,0.9556174254831313,0.61875,5,2,20,4,8,0,11,3,6,1,4,0,6S,4H,0.15663946582639085,67,4,True,True,True,False,0
top_ten,svm,occupancy,mean_removed,6,unith,6,Faure,june_12_g0,0.970520799213888,0.9911562397641663,0.9556174254831313,0.61875,5,2,20,4,8,0,11,4,6,1,5,0,6S,5H,0.032181748265278455,67,4,True,True,True,False,0
top_ten,svm,occupancy,mean_removed,6,unith,6,Faure,june_12_g0,0.970520799213888,0.9911562397641663,0.9556174254831313,0.61875,5,,20,4,8,0,11,5,6,1,6,0,6S,6H,,67,0,True,False,True,False,0
top_ten,svm,occupancy,mean_removed,6,unith,6,Faure,june_12_g0,0.970520799213888,0.9911562397641663,0.9556174254831313,0.61875,5,,20,4,8,0,11,6,6,1,1,1,6S,1S,,67,0,True,False,True,False,0
top_ten,svm,occupancy,mean_removed,6,unith,6,Faure,june_12_g0,0.970520799213888,0.9911562397641663,0.9556174254831313,0.61875,5,5,20,4,8,0,11,7,6,1,2,1,6S,2S,0.19224460111375527,67,10,True,True,True,True,0
top_ten,svm,occupancy,mean_removed,6,unith,6,Faure,june_12_g0,0.970520799213888,0.9911562397641663,0.9556174254831313,0.61875,5,,20,4,8,0,11,8,6,1,3,1,6S,3S,,67,0,True,False,True,False,0
top_ten,svm,occupancy,mean_removed,6,unith,6,Faure,june_12_g0,0.970520799213888,0.9911562397641663,0.9556174254831313,0.61875,5,5,20,4,8,0,11,9,6,1,4,1,6S,4S,0.05179353297163096,67,61,True,True,True,True,0
top_ten,svm,occupancy,mean_removed,6,unith,6,Faure,june_12_g0,0.970520799213888,0.9911562397641663,0.9556174254831313,0.61875,5,5,20,4,8,0,11,10,6,1,5,1,6S,5S,0.10236974011927764,67,56,True,True,True,True,0
top_ten,svm,occupancy,mean_removed,6,unith,6,Faure,june_12_g0,0.970520799213888,0.9911562397641663,0.9556174254831313,0.61875,5,5,20,4,8,0,11,11,6,1,6,1,6S,6S,-0.07075402360093505,67,67,True,True,True,True,0
top_ten,svm,occupancy,mean_removed,6,unith,6,Faure,june_16_g0,0.977857142857143,0.9783333333333334,0.9547619047619047,0.8840579710144928,16,16,20,4,8,0,0,0,1,0,1,0,1H,1H,0.5563764253650105,58,58,True,True,True,True,0
top_ten,svm,occupancy,mean_removed,6,unith,6,Faure,june_16_g0,0.977857142857143,0.9783333333333334,0.9547619047619047,0.8840579710144928,16,2,20,4,8,0,0,1,1,0,2,0,1H,2H,0.46251732951366364,58,5,True,True,True,False,0
top_ten,svm,occupancy,mean_removed,6,unith,6,Faure,june_16_g0,0.977857142857143,0.9783333333333334,0.9547619047619047,0.8840579710144928,16,16,20,4,8,0,0,2,1,0,3,0,1H,3H,0.21485352178883405,58,40,True,True,True,True,0
top_ten,svm,occupancy,mean_removed,6,unith,6,Faure,june_16_g0,0.977857142857143,0.9783333333333334,0.9547619047619047,0.8840579710144928,16,3,20,4,8,0,0,3,1,0,4,0,1H,4H,0.253702552988791,58,7,True,True,True,False,0
top_ten,svm,occupancy,mean_removed,6,unith,6,Faure,june_16_g0,0.977857142857143,0.9783333333333334,0.9547619047619047,0.8840579710144928,16,2,20,4,8,0,0,4,1,0,5,0,1H,5H,0.39052943526873324,58,4,True,True,True,False,0
top_ten,svm,occupancy,mean_removed,6,unith,6,Faure,june_16_g0,0.977857142857143,0.9783333333333334,0.9547619047619047,0.8840579710144928,16,,20,4,8,0,0,5,1,0,6,0,1H,6H,,58,0,True,False,True,False,0
top_ten,svm,occupancy,mean_removed,6,unith,6,Faure,june_16_g0,0.977857142857143,0.9783333333333334,0.9547619047619047,0.8840579710144928,16,,20,4,8,0,0,6,1,0,1,1,1H,1S,,58,0,True,False,True,False,0
top_ten,svm,occupancy,mean_removed,6,unith,6,Faure,june_16_g0,0.977857142857143,0.9783333333333334,0.9547619047619047,0.8840579710144928,16,16,20,4,8,0,0,7,1,0,2,1,1H,2S,0.18201749693476513,58,32,True,True,True,True,0
top_ten,svm,occupancy,mean_removed,6,unith,6,Faure,june_16_g0,0.977857142857143,0.9783333333333334,0.9547619047619047,0.8840579710144928,16,3,20,4,8,0,0,8,1,0,3,1,1H,3S,0.30626215374632354,58,6,True,True,True,False,0
top_ten,svm,occupancy,mean_removed,6,unith,6,Faure,june_16_g0,0.977857142857143,0.9783333333333334,0.9547619047619047,0.8840579710144928,16,16,20,4,8,0,0,9,1,0,4,1,1H,4S,0.46461905412245075,58,51,True,True,True,True,0
top_ten,svm,occupancy,mean_removed,6,unith,6,Faure,june_16_g0,0.977857142857143,0.9783333333333334,0.9547619047619047,0.8840579710144928,16,16,20,4,8,0,0,10,1,0,5,1,1H,5S,-0.14538952429859975,58,51,True,True,True,True,0
top_ten,svm,occupancy,mean_removed,6,unith,6,Faure,june_16_g0,0.977857142857143,0.9783333333333334,0.9547619047619047,0.8840579710144928,16,16,20,4,8,0,0,11,1,0,6,1,1H,6S,-0.025201563088822793,58,66,True,True,True,True,0
top_ten,svm,occupancy,mean_removed,6,unith,6,Faure,june_16_g0,0.977857142857143,0.9783333333333334,0.9547619047619047,0.8840579710144928,2,16,20,4,8,0,1,0,2,0,1,0,2H,1H,0.46251732951366364,5,58,True,True,False,True,0
top_ten,svm,occupancy,mean_removed,6,unith,6,Faure,june_16_g0,0.977857142857143,0.9783333333333334,0.9547619047619047,0.8840579710144928,2,2,20,4,8,0,1,1,2,0,2,0,2H,2H,0.45381409114991034,5,5,True,True,False,False,0
top_ten,svm,occupancy,mean_removed,6,unith,6,Faure,june_16_g0,0.977857142857143,0.9783333333333334,0.9547619047619047,0.8840579710144928,2,16,20,4,8,0,1,2,2,0,3,0,2H,3H,-0.14338636171634617,5,40,True,True,False,True,0
top_ten,svm,occupancy,mean_removed,6,unith,6,Faure,june_16_g0,0.977857142857143,0.9783333333333334,0.9547619047619047,0.8840579710144928,2,3,20,4,8,0,1,3,2,0,4,0,2H,4H,0.36380955075211985,5,7,True,True,False,False,0
top_ten,svm,occupancy,mean_removed,6,unith,6,Faure,june_16_g0,0.977857142857143,0.9783333333333334,0.9547619047619047,0.8840579710144928,2,2,20,4,8,0,1,4,2,0,5,0,2H,5H,0.3423346540050199,5,4,True,True,False,False,0
top_ten,svm,occupancy,mean_removed,6,unith,6,Faure,june_16_g0,0.977857142857143,0.9783333333333334,0.9547619047619047,0.8840579710144928,2,,20,4,8,0,1,5,2,0,6,0,2H,6H,,5,0,True,False,False,False,0
top_ten,svm,occupancy,mean_removed,6,unith,6,Faure,june_16_g0,0.977857142857143,0.9783333333333334,0.9547619047619047,0.8840579710144928,2,,20,4,8,0,1,6,2,0,1,1,2H,1S,,5,0,True,False,False,False,0
top_ten,svm,occupancy,mean_removed,6,unith,6,Faure,june_16_g0,0.977857142857143,0.9783333333333334,0.9547619047619047,0.8840579710144928,2,16,20,4,8,0,1,7,2,0,2,1,2H,2S,0.3557014482677559,5,32,True,True,False,True,0
top_ten,svm,occupancy,mean_removed,6,unith,6,Faure,june_16_g0,0.977857142857143,0.9783333333333334,0.9547619047619047,0.8840579710144928,2,3,20,4,8,0,1,8,2,0,3,1,2H,3S,-0.15525707595131488,5,6,True,True,False,False,0
top_ten,svm,occupancy,mean_removed,6,unith,6,Faure,june_16_g0,0.977857142857143,0.9783333333333334,0.9547619047619047,0.8840579710144928,2,16,20,4,8,0,1,9,2,0,4,1,2H,4S,0.4377788154750758,5,51,True,True,False,True,0
top_ten,svm,occupancy,mean_removed,6,unith,6,Faure,june_16_g0,0.977857142857143,0.9783333333333334,0.9547619047619047,0.8840579710144928,2,16,20,4,8,0,1,10,2,0,5,1,2H,5S,-0.20457598008034367,5,51,True,True,False,True,0
top_ten,svm,occupancy,mean_removed,6,unith,6,Faure,june_16_g0,0.977857142857143,0.9783333333333334,0.9547619047619047,0.8840579710144928,2,16,20,4,8,0,1,11,2,0,6,1,2H,6S,-0.4110357137033501,5,66,True,True,False,True,0
top_ten,svm,occupancy,mean_removed,6,unith,6,Faure,june_16_g0,0.977857142857143,0.9783333333333334,0.9547619047619047,0.8840579710144928,16,16,20,4,8,0,2,0,3,0,1,0,3H,1H,0.21485352178883405,40,58,True,True,True,True,0
top_ten,svm,occupancy,mean_removed,6,unith,6,Faure,june_16_g0,0.977857142857143,0.9783333333333334,0.9547619047619047,0.8840579710144928,16,2,20,4,8,0,2,1,3,0,2,0,3H,2H,-0.14338636171634617,40,5,True,True,True,False,0
top_ten,svm,occupancy,mean_removed,6,unith,6,Faure,june_16_g0,0.977857142857143,0.9783333333333334,0.9547619047619047,0.8840579710144928,16,16,20,4,8,0,2,2,3,0,3,0,3H,3H,0.4505284403022336,40,40,True,True,True,True,0
top_ten,svm,occupancy,mean_removed,6,unith,6,Faure,june_16_g0,0.977857142857143,0.9783333333333334,0.9547619047619047,0.8840579710144928,16,3,20,4,8,0,2,3,3,0,4,0,3H,4H,0.44550562744624556,40,7,True,True,True,False,0
top_ten,svm,occupancy,mean_removed,6,unith,6,Faure,june_16_g0,0.977857142857143,0.9783333333333334,0.9547619047619047,0.8840579710144928,16,2,20,4,8,0,2,4,3,0,5,0,3H,5H,0.18382382585999485,40,4,True,True,True,False,0
top_ten,svm,occupancy,mean_removed,6,unith,6,Faure,june_16_g0,0.977857142857143,0.9783333333333334,0.9547619047619047,0.8840579710144928,16,,20,4,8,0,2,5,3,0,6,0,3H,6H,,40,0,True,False,True,False,0
top_ten,svm,occupancy,mean_removed,6,unith,6,Faure,june_16_g0,0.977857142857143,0.9783333333333334,0.9547619047619047,0.8840579710144928,16,,20,4,8,0,2,6,3,0,1,1,3H,1S,,40,0,True,False,True,False,0
top_ten,svm,occupancy,mean_removed,6,unith,6,Faure,june_16_g0,0.977857142857143,0.9783333333333334,0.9547619047619047,0.8840579710144928,16,16,20,4,8,0,2,7,3,0,2,1,3H,2S,0.054394685661925436,40,32,True,True,True,True,0
top_ten,svm,occupancy,mean_removed,6,unith,6,Faure,june_16_g0,0.977857142857143,0.9783333333333334,0.9547619047619047,0.8840579710144928,16,3,20,4,8,0,2,8,3,0,3,1,3H,3S,0.29612590924517235,40,6,True,True,True,False,0
top_ten,svm,occupancy,mean_removed,6,unith,6,Faure,june_16_g0,0.977857142857143,0.9783333333333334,0.9547619047619047,0.8840579710144928,16,16,20,4,8,0,2,9,3,0,4,1,3H,4S,0.45436904216170815,40,51,True,True,True,True,0
top_ten,svm,occupancy,mean_removed,6,unith,6,Faure,june_16_g0,0.977857142857143,0.9783333333333334,0.9547619047619047,0.8840579710144928,16,16,20,4,8,0,2,10,3,0,5,1,3H,5S,0.2002847407207296,40,51,True,True,True,True,0
top_ten,svm,occupancy,mean_removed,6,unith,6,Faure,june_16_g0,0.977857142857143,0.9783333333333334,0.9547619047619047,0.8840579710144928,16,16,20,4,8,0,2,11,3,0,6,1,3H,6S,0.5707632972181009,40,66,True,True,True,True,0
top_ten,svm,occupancy,mean_removed,6,unith,6,Faure,june_16_g0,0.977857142857143,0.9783333333333334,0.9547619047619047,0.8840579710144928,3,16,20,4,8,0,3,0,4,0,1,0,4H,1H,0.253702552988791,7,58,True,True,False,True,0
top_ten,svm,occupancy,mean_removed,6,unith,6,Faure,june_16_g0,0.977857142857143,0.9783333333333334,0.9547619047619047,0.8840579710144928,3,2,20,4,8,0,3,1,4,0,2,0,4H,2H,0.36380955075211985,7,5,True,True,False,False,0
top_ten,svm,occupancy,mean_removed,6,unith,6,Faure,june_16_g0,0.977857142857143,0.9783333333333334,0.9547619047619047,0.8840579710144928,3,16,20,4,8,0,3,2,4,0,3,0,4H,3H,0.44550562744624556,7,40,True,True,False,True,0
top_ten,svm,occupancy,mean_removed,6,unith,6,Faure,june_16_g0,0.977857142857143,0.9783333333333334,0.9547619047619047,0.8840579710144928,3,3,20,4,8,0,3,3,4,0,4,0,4H,4H,0.6253157826257029,7,7,True,True,False,False,0
top_ten,svm,occupancy,mean_removed,6,unith,6,Faure,june_16_g0,0.977857142857143,0.9783333333333334,0.9547619047619047,0.8840579710144928,3,2,20,4,8,0,3,4,4,0,5,0,4H,5H,0.40613933238521194,7,4,True,True,False,False,0
top_ten,svm,occupancy,mean_removed,6,unith,6,Faure,june_16_g0,0.977857142857143,0.9783333333333334,0.9547619047619047,0.8840579710144928,3,,20,4,8,0,3,5,4,0,6,0,4H,6H,,7,0,True,False,False,False,0
top_ten,svm,occupancy,mean_removed,6,unith,6,Faure,june_16_g0,0.977857142857143,0.9783333333333334,0.9547619047619047,0.8840579710144928,3,,20,4,8,0,3,6,4,0,1,1,4H,1S,,7,0,True,False,False,False,0
top_ten,svm,occupancy,mean_removed,6,unith,6,Faure,june_16_g0,0.977857142857143,0.9783333333333334,0.9547619047619047,0.8840579710144928,3,16,20,4,8,0,3,7,4,0,2,1,4H,2S,0.08984177475022179,7,32,True,True,False,True,0
top_ten,svm,occupancy,mean_removed,6,unith,6,Faure,june_16_g0,0.977857142857143,0.9783333333333334,0.9547619047619047,0.8840579710144928,3,3,20,4,8,0,3,8,4,0,3,1,4H,3S,-0.20830470232979,7,6,True,True,False,False,0
top_ten,svm,occupancy,mean_removed,6,unith,6,Faure,june_16_g0,0.977857142857143,0.9783333333333334,0.9547619047619047,0.8840579710144928,3,16,20,4,8,0,3,9,4,0,4,1,4H,4S,0.6427997873028276,7,51,True,True,False,True,0
top_ten,svm,occupancy,mean_removed,6,unith,6,Faure,june_16_g0,0.977857142857143,0.9783333333333334,0.9547619047619047,0.8840579710144928,3,16,20,4,8,0,3,10,4,0,5,1,4H,5S,0.022243765495399026,7,51,True,True,False,True,0
top_ten,svm,occupancy,mean_removed,6,unith,6,Faure,june_16_g0,0.977857142857143,0.9783333333333334,0.9547619047619047,0.8840579710144928,3,16,20,4,8,0,3,11,4,0,6,1,4H,6S,0.2533335799330353,7,66,True,True,False,True,0
top_ten,svm,occupancy,mean_removed,6,unith,6,Faure,june_16_g0,0.977857142857143,0.9783333333333334,0.9547619047619047,0.8840579710144928,2,16,20,4,8,0,4,0,5,0,1,0,5H,1H,0.39052943526873324,4,58,True,True,False,True,0
top_ten,svm,occupancy,mean_removed,6,unith,6,Faure,june_16_g0,0.977857142857143,0.9783333333333334,0.9547619047619047,0.8840579710144928,2,2,20,4,8,0,4,1,5,0,2,0,5H,2H,0.3423346540050199,4,5,True,True,False,False,0
top_ten,svm,occupancy,mean_removed,6,unith,6,Faure,june_16_g0,0.977857142857143,0.9783333333333334,0.9547619047619047,0.8840579710144928,2,16,20,4,8,0,4,2,5,0,3,0,5H,3H,0.18382382585999485,4,40,True,True,False,True,0
top_ten,svm,occupancy,mean_removed,6,unith,6,Faure,june_16_g0,0.977857142857143,0.9783333333333334,0.9547619047619047,0.8840579710144928,2,3,20,4,8,0,4,3,5,0,4,0,5H,4H,0.40613933238521194,4,7,True,True,False,False,0
top_ten,svm,occupancy,mean_removed,6,unith,6,Faure,june_16_g0,0.977857142857143,0.9783333333333334,0.9547619047619047,0.8840579710144928,2,2,20,4,8,0,4,4,5,0,5,0,5H,5H,0.0036623485030560844,4,4,True,True,False,False,0
top_ten,svm,occupancy,mean_removed,6,unith,6,Faure,june_16_g0,0.977857142857143,0.9783333333333334,0.9547619047619047,0.8840579710144928,2,,20,4,8,0,4,5,5,0,6,0,5H,6H,,4,0,True,False,False,False,0
top_ten,svm,occupancy,mean_removed,6,unith,6,Faure,june_16_g0,0.977857142857143,0.9783333333333334,0.9547619047619047,0.8840579710144928,2,,20,4,8,0,4,6,5,0,1,1,5H,1S,,4,0,True,False,False,False,0
top_ten,svm,occupancy,mean_removed,6,unith,6,Faure,june_16_g0,0.977857142857143,0.9783333333333334,0.9547619047619047,0.8840579710144928,2,16,20,4,8,0,4,7,5,0,2,1,5H,2S,0.06628334227518191,4,32,True,True,False,True,0
top_ten,svm,occupancy,mean_removed,6,unith,6,Faure,june_16_g0,0.977857142857143,0.9783333333333334,0.9547619047619047,0.8840579710144928,2,3,20,4,8,0,4,8,5,0,3,1,5H,3S,0.053289078147249994,4,6,True,True,False,False,0
top_ten,svm,occupancy,mean_removed,6,unith,6,Faure,june_16_g0,0.977857142857143,0.9783333333333334,0.9547619047619047,0.8840579710144928,2,16,20,4,8,0,4,9,5,0,4,1,5H,4S,0.45787314430874215,4,51,True,True,False,True,0
top_ten,svm,occupancy,mean_removed,6,unith,6,Faure,june_16_g0,0.977857142857143,0.9783333333333334,0.9547619047619047,0.8840579710144928,2,16,20,4,8,0,4,10,5,0,5,1,5H,5S,-0.27469986813851327,4,51,True,True,False,True,0
top_ten,svm,occupancy,mean_removed,6,unith,6,Faure,june_16_g0,0.977857142857143,0.9783333333333334,0.9547619047619047,0.8840579710144928,2,16,20,4,8,0,4,11,5,0,6,1,5H,6S,-9.154220216873454e-05,4,66,True,True,False,True,0
top_ten,svm,occupancy,mean_removed,6,unith,6,Faure,june_16_g0,0.977857142857143,0.9783333333333334,0.9547619047619047,0.8840579710144928,,16,20,4,8,0,5,0,6,0,1,0,6H,1H,,0,58,False,True,False,True,0
top_ten,svm,occupancy,mean_removed,6,unith,6,Faure,june_16_g0,0.977857142857143,0.9783333333333334,0.9547619047619047,0.8840579710144928,,2,20,4,8,0,5,1,6,0,2,0,6H,2H,,0,5,False,True,False,False,0
top_ten,svm,occupancy,mean_removed,6,unith,6,Faure,june_16_g0,0.977857142857143,0.9783333333333334,0.9547619047619047,0.8840579710144928,,16,20,4,8,0,5,2,6,0,3,0,6H,3H,,0,40,False,True,False,True,0
top_ten,svm,occupancy,mean_removed,6,unith,6,Faure,june_16_g0,0.977857142857143,0.9783333333333334,0.9547619047619047,0.8840579710144928,,3,20,4,8,0,5,3,6,0,4,0,6H,4H,,0,7,False,True,False,False,0
top_ten,svm,occupancy,mean_removed,6,unith,6,Faure,june_16_g0,0.977857142857143,0.9783333333333334,0.9547619047619047,0.8840579710144928,,2,20,4,8,0,5,4,6,0,5,0,6H,5H,,0,4,False,True,False,False,0
top_ten,svm,occupancy,mean_removed,6,unith,6,Faure,june_16_g0,0.977857142857143,0.9783333333333334,0.9547619047619047,0.8840579710144928,,,20,4,8,0,5,5,6,0,6,0,6H,6H,,0,0,False,False,False,False,0
top_ten,svm,occupancy,mean_removed,6,unith,6,Faure,june_16_g0,0.977857142857143,0.9783333333333334,0.9547619047619047,0.8840579710144928,,,20,4,8,0,5,6,6,0,1,1,6H,1S,,0,0,False,False,False,False,0
top_ten,svm,occupancy,mean_removed,6,unith,6,Faure,june_16_g0,0.977857142857143,0.9783333333333334,0.9547619047619047,0.8840579710144928,,16,20,4,8,0,5,7,6,0,2,1,6H,2S,,0,32,False,True,False,True,0
top_ten,svm,occupancy,mean_removed,6,unith,6,Faure,june_16_g0,0.977857142857143,0.9783333333333334,0.9547619047619047,0.8840579710144928,,3,20,4,8,0,5,8,6,0,3,1,6H,3S,,0,6,False,True,False,False,0
top_ten,svm,occupancy,mean_removed,6,unith,6,Faure,june_16_g0,0.977857142857143,0.9783333333333334,0.9547619047619047,0.8840579710144928,,16,20,4,8,0,5,9,6,0,4,1,6H,4S,,0,51,False,True,False,True,0
top_ten,svm,occupancy,mean_removed,6,unith,6,Faure,june_16_g0,0.977857142857143,0.9783333333333334,0.9547619047619047,0.8840579710144928,,16,20,4,8,0,5,10,6,0,5,1,6H,5S,,0,51,False,True,False,True,0
top_ten,svm,occupancy,mean_removed,6,unith,6,Faure,june_16_g0,0.977857142857143,0.9783333333333334,0.9547619047619047,0.8840579710144928,,16,20,4,8,0,5,11,6,0,6,1,6H,6S,,0,66,False,True,False,True,0
top_ten,svm,occupancy,mean_removed,6,unith,6,Faure,june_16_g0,0.977857142857143,0.9783333333333334,0.9547619047619047,0.8840579710144928,,16,20,4,8,0,6,0,1,1,1,0,1S,1H,,0,58,False,True,False,True,0
top_ten,svm,occupancy,mean_removed,6,unith,6,Faure,june_16_g0,0.977857142857143,0.9783333333333334,0.9547619047619047,0.8840579710144928,,2,20,4,8,0,6,1,1,1,2,0,1S,2H,,0,5,False,True,False,False,0
top_ten,svm,occupancy,mean_removed,6,unith,6,Faure,june_16_g0,0.977857142857143,0.9783333333333334,0.9547619047619047,0.8840579710144928,,16,20,4,8,0,6,2,1,1,3,0,1S,3H,,0,40,False,True,False,True,0
top_ten,svm,occupancy,mean_removed,6,unith,6,Faure,june_16_g0,0.977857142857143,0.9783333333333334,0.9547619047619047,0.8840579710144928,,3,20,4,8,0,6,3,1,1,4,0,1S,4H,,0,7,False,True,False,False,0
top_ten,svm,occupancy,mean_removed,6,unith,6,Faure,june_16_g0,0.977857142857143,0.9783333333333334,0.9547619047619047,0.8840579710144928,,2,20,4,8,0,6,4,1,1,5,0,1S,5H,,0,4,False,True,False,False,0
top_ten,svm,occupancy,mean_removed,6,unith,6,Faure,june_16_g0,0.977857142857143,0.9783333333333334,0.9547619047619047,0.8840579710144928,,,20,4,8,0,6,5,1,1,6,0,1S,6H,,0,0,False,False,False,False,0
top_ten,svm,occupancy,mean_removed,6,unith,6,Faure,june_16_g0,0.977857142857143,0.9783333333333334,0.9547619047619047,0.8840579710144928,,,20,4,8,0,6,6,1,1,1,1,1S,1S,,0,0,False,False,False,False,0
top_ten,svm,occupancy,mean_removed,6,unith,6,Faure,june_16_g0,0.977857142857143,0.9783333333333334,0.9547619047619047,0.8840579710144928,,16,20,4,8,0,6,7,1,1,2,1,1S,2S,,0,32,False,True,False,True,0
top_ten,svm,occupancy,mean_removed,6,unith,6,Faure,june_16_g0,0.977857142857143,0.9783333333333334,0.9547619047619047,0.8840579710144928,,3,20,4,8,0,6,8,1,1,3,1,1S,3S,,0,6,False,True,False,False,0
top_ten,svm,occupancy,mean_removed,6,unith,6,Faure,june_16_g0,0.977857142857143,0.9783333333333334,0.9547619047619047,0.8840579710144928,,16,20,4,8,0,6,9,1,1,4,1,1S,4S,,0,51,False,True,False,True,0
top_ten,svm,occupancy,mean_removed,6,unith,6,Faure,june_16_g0,0.977857142857143,0.9783333333333334,0.9547619047619047,0.8840579710144928,,16,20,4,8,0,6,10,1,1,5,1,1S,5S,,0,51,False,True,False,True,0
top_ten,svm,occupancy,mean_removed,6,unith,6,Faure,june_16_g0,0.977857142857143,0.9783333333333334,0.9547619047619047,0.8840579710144928,,16,20,4,8,0,6,11,1,1,6,1,1S,6S,,0,66,False,True,False,True,0
top_ten,svm,occupancy,mean_removed,6,unith,6,Faure,june_16_g0,0.977857142857143,0.9783333333333334,0.9547619047619047,0.8840579710144928,16,16,20,4,8,0,7,0,2,1,1,0,2S,1H,0.18201749693476513,32,58,True,True,True,True,0
top_ten,svm,occupancy,mean_removed,6,unith,6,Faure,june_16_g0,0.977857142857143,0.9783333333333334,0.9547619047619047,0.8840579710144928,16,2,20,4,8,0,7,1,2,1,2,0,2S,2H,0.3557014482677559,32,5,True,True,True,False,0
top_ten,svm,occupancy,mean_removed,6,unith,6,Faure,june_16_g0,0.977857142857143,0.9783333333333334,0.9547619047619047,0.8840579710144928,16,16,20,4,8,0,7,2,2,1,3,0,2S,3H,0.054394685661925436,32,40,True,True,True,True,0
top_ten,svm,occupancy,mean_removed,6,unith,6,Faure,june_16_g0,0.977857142857143,0.9783333333333334,0.9547619047619047,0.8840579710144928,16,3,20,4,8,0,7,3,2,1,4,0,2S,4H,0.08984177475022179,32,7,True,True,True,False,0
top_ten,svm,occupancy,mean_removed,6,unith,6,Faure,june_16_g0,0.977857142857143,0.9783333333333334,0.9547619047619047,0.8840579710144928,16,2,20,4,8,0,7,4,2,1,5,0,2S,5H,0.06628334227518191,32,4,True,True,True,False,0
top_ten,svm,occupancy,mean_removed,6,unith,6,Faure,june_16_g0,0.977857142857143,0.9783333333333334,0.9547619047619047,0.8840579710144928,16,,20,4,8,0,7,5,2,1,6,0,2S,6H,,32,0,True,False,True,False,0
top_ten,svm,occupancy,mean_removed,6,unith,6,Faure,june_16_g0,0.977857142857143,0.9783333333333334,0.9547619047619047,0.8840579710144928,16,,20,4,8,0,7,6,2,1,1,1,2S,1S,,32,0,True,False,True,False,0
top_ten,svm,occupancy,mean_removed,6,unith,6,Faure,june_16_g0,0.977857142857143,0.9783333333333334,0.9547619047619047,0.8840579710144928,16,16,20,4,8,0,7,7,2,1,2,1,2S,2S,0.013827898724095821,32,32,True,True,True,True,0
top_ten,svm,occupancy,mean_removed,6,unith,6,Faure,june_16_g0,0.977857142857143,0.9783333333333334,0.9547619047619047,0.8840579710144928,16,3,20,4,8,0,7,8,2,1,3,1,2S,3S,0.035179942224052664,32,6,True,True,True,False,0
top_ten,svm,occupancy,mean_removed,6,unith,6,Faure,june_16_g0,0.977857142857143,0.9783333333333334,0.9547619047619047,0.8840579710144928,16,16,20,4,8,0,7,9,2,1,4,1,2S,4S,0.2104917961438329,32,51,True,True,True,True,0
top_ten,svm,occupancy,mean_removed,6,unith,6,Faure,june_16_g0,0.977857142857143,0.9783333333333334,0.9547619047619047,0.8840579710144928,16,16,20,4,8,0,7,10,2,1,5,1,2S,5S,0.17402913771770578,32,51,True,True,True,True,0
top_ten,svm,occupancy,mean_removed,6,unith,6,Faure,june_16_g0,0.977857142857143,0.9783333333333334,0.9547619047619047,0.8840579710144928,16,16,20,4,8,0,7,11,2,1,6,1,2S,6S,-0.11699093384258075,32,66,True,True,True,True,0
top_ten,svm,occupancy,mean_removed,6,unith,6,Faure,june_16_g0,0.977857142857143,0.9783333333333334,0.9547619047619047,0.8840579710144928,3,16,20,4,8,0,8,0,3,1,1,0,3S,1H,0.30626215374632354,6,58,True,True,False,True,0
top_ten,svm,occupancy,mean_removed,6,unith,6,Faure,june_16_g0,0.977857142857143,0.9783333333333334,0.9547619047619047,0.8840579710144928,3,2,20,4,8,0,8,1,3,1,2,0,3S,2H,-0.15525707595131488,6,5,True,True,False,False,0
top_ten,svm,occupancy,mean_removed,6,unith,6,Faure,june_16_g0,0.977857142857143,0.9783333333333334,0.9547619047619047,0.8840579710144928,3,16,20,4,8,0,8,2,3,1,3,0,3S,3H,0.29612590924517235,6,40,True,True,False,True,0
top_ten,svm,occupancy,mean_removed,6,unith,6,Faure,june_16_g0,0.977857142857143,0.9783333333333334,0.9547619047619047,0.8840579710144928,3,3,20,4,8,0,8,3,3,1,4,0,3S,4H,-0.20830470232979,6,7,True,True,False,False,0
top_ten,svm,occupancy,mean_removed,6,unith,6,Faure,june_16_g0,0.977857142857143,0.9783333333333334,0.9547619047619047,0.8840579710144928,3,2,20,4,8,0,8,4,3,1,5,0,3S,5H,0.053289078147249994,6,4,True,True,False,False,0
top_ten,svm,occupancy,mean_removed,6,unith,6,Faure,june_16_g0,0.977857142857143,0.9783333333333334,0.9547619047619047,0.8840579710144928,3,,20,4,8,0,8,5,3,1,6,0,3S,6H,,6,0,True,False,False,False,0
top_ten,svm,occupancy,mean_removed,6,unith,6,Faure,june_16_g0,0.977857142857143,0.9783333333333334,0.9547619047619047,0.8840579710144928,3,,20,4,8,0,8,6,3,1,1,1,3S,1S,,6,0,True,False,False,False,0
top_ten,svm,occupancy,mean_removed,6,unith,6,Faure,june_16_g0,0.977857142857143,0.9783333333333334,0.9547619047619047,0.8840579710144928,3,16,20,4,8,0,8,7,3,1,2,1,3S,2S,0.035179942224052664,6,32,True,True,False,True,0
top_ten,svm,occupancy,mean_removed,6,unith,6,Faure,june_16_g0,0.977857142857143,0.9783333333333334,0.9547619047619047,0.8840579710144928,3,3,20,4,8,0,8,8,3,1,3,1,3S,3S,0.4014052772688461,6,6,True,True,False,False,0
top_ten,svm,occupancy,mean_removed,6,unith,6,Faure,june_16_g0,0.977857142857143,0.9783333333333334,0.9547619047619047,0.8840579710144928,3,16,20,4,8,0,8,9,3,1,4,1,3S,4S,0.009710230949173664,6,51,True,True,False,True,0
top_ten,svm,occupancy,mean_removed,6,unith,6,Faure,june_16_g0,0.977857142857143,0.9783333333333334,0.9547619047619047,0.8840579710144928,3,16,20,4,8,0,8,10,3,1,5,1,3S,5S,0.25497481262085275,6,51,True,True,False,True,0
top_ten,svm,occupancy,mean_removed,6,unith,6,Faure,june_16_g0,0.977857142857143,0.9783333333333334,0.9547619047619047,0.8840579710144928,3,16,20,4,8,0,8,11,3,1,6,1,3S,6S,0.3283827464455355,6,66,True,True,False,True,0
top_ten,svm,occupancy,mean_removed,6,unith,6,Faure,june_16_g0,0.977857142857143,0.9783333333333334,0.9547619047619047,0.8840579710144928,16,16,20,4,8,0,9,0,4,1,1,0,4S,1H,0.46461905412245075,51,58,True,True,True,True,0
top_ten,svm,occupancy,mean_removed,6,unith,6,Faure,june_16_g0,0.977857142857143,0.9783333333333334,0.9547619047619047,0.8840579710144928,16,2,20,4,8,0,9,1,4,1,2,0,4S,2H,0.4377788154750758,51,5,True,True,True,False,0
top_ten,svm,occupancy,mean_removed,6,unith,6,Faure,june_16_g0,0.977857142857143,0.9783333333333334,0.9547619047619047,0.8840579710144928,16,16,20,4,8,0,9,2,4,1,3,0,4S,3H,0.45436904216170815,51,40,True,True,True,True,0
top_ten,svm,occupancy,mean_removed,6,unith,6,Faure,june_16_g0,0.977857142857143,0.9783333333333334,0.9547619047619047,0.8840579710144928,16,3,20,4,8,0,9,3,4,1,4,0,4S,4H,0.6427997873028276,51,7,True,True,True,False,0
top_ten,svm,occupancy,mean_removed,6,unith,6,Faure,june_16_g0,0.977857142857143,0.9783333333333334,0.9547619047619047,0.8840579710144928,16,2,20,4,8,0,9,4,4,1,5,0,4S,5H,0.45787314430874215,51,4,True,True,True,False,0
top_ten,svm,occupancy,mean_removed,6,unith,6,Faure,june_16_g0,0.977857142857143,0.9783333333333334,0.9547619047619047,0.8840579710144928,16,,20,4,8,0,9,5,4,1,6,0,4S,6H,,51,0,True,False,True,False,0
top_ten,svm,occupancy,mean_removed,6,unith,6,Faure,june_16_g0,0.977857142857143,0.9783333333333334,0.9547619047619047,0.8840579710144928,16,,20,4,8,0,9,6,4,1,1,1,4S,1S,,51,0,True,False,True,False,0
top_ten,svm,occupancy,mean_removed,6,unith,6,Faure,june_16_g0,0.977857142857143,0.9783333333333334,0.9547619047619047,0.8840579710144928,16,16,20,4,8,0,9,7,4,1,2,1,4S,2S,0.2104917961438329,51,32,True,True,True,True,0
top_ten,svm,occupancy,mean_removed,6,unith,6,Faure,june_16_g0,0.977857142857143,0.9783333333333334,0.9547619047619047,0.8840579710144928,16,3,20,4,8,0,9,8,4,1,3,1,4S,3S,0.009710230949173664,51,6,True,True,True,False,0
top_ten,svm,occupancy,mean_removed,6,unith,6,Faure,june_16_g0,0.977857142857143,0.9783333333333334,0.9547619047619047,0.8840579710144928,16,16,20,4,8,0,9,9,4,1,4,1,4S,4S,0.5768292231181368,51,51,True,True,True,True,0
top_ten,svm,occupancy,mean_removed,6,unith,6,Faure,june_16_g0,0.977857142857143,0.9783333333333334,0.9547619047619047,0.8840579710144928,16,16,20,4,8,0,9,10,4,1,5,1,4S,5S,0.02303643746220658,51,51,True,True,True,True,0
top_ten,svm,occupancy,mean_removed,6,unith,6,Faure,june_16_g0,0.977857142857143,0.9783333333333334,0.9547619047619047,0.8840579710144928,16,16,20,4,8,0,9,11,4,1,6,1,4S,6S,0.1934956084964181,51,66,True,True,True,True,0
top_ten,svm,occupancy,mean_removed,6,unith,6,Faure,june_16_g0,0.977857142857143,0.9783333333333334,0.9547619047619047,0.8840579710144928,16,16,20,4,8,0,10,0,5,1,1,0,5S,1H,-0.14538952429859975,51,58,True,True,True,True,0
top_ten,svm,occupancy,mean_removed,6,unith,6,Faure,june_16_g0,0.977857142857143,0.9783333333333334,0.9547619047619047,0.8840579710144928,16,2,20,4,8,0,10,1,5,1,2,0,5S,2H,-0.20457598008034367,51,5,True,True,True,False,0
top_ten,svm,occupancy,mean_removed,6,unith,6,Faure,june_16_g0,0.977857142857143,0.9783333333333334,0.9547619047619047,0.8840579710144928,16,16,20,4,8,0,10,2,5,1,3,0,5S,3H,0.2002847407207296,51,40,True,True,True,True,0
top_ten,svm,occupancy,mean_removed,6,unith,6,Faure,june_16_g0,0.977857142857143,0.9783333333333334,0.9547619047619047,0.8840579710144928,16,3,20,4,8,0,10,3,5,1,4,0,5S,4H,0.022243765495399026,51,7,True,True,True,False,0
top_ten,svm,occupancy,mean_removed,6,unith,6,Faure,june_16_g0,0.977857142857143,0.9783333333333334,0.9547619047619047,0.8840579710144928,16,2,20,4,8,0,10,4,5,1,5,0,5S,5H,-0.27469986813851327,51,4,True,True,True,False,0
top_ten,svm,occupancy,mean_removed,6,unith,6,Faure,june_16_g0,0.977857142857143,0.9783333333333334,0.9547619047619047,0.8840579710144928,16,,20,4,8,0,10,5,5,1,6,0,5S,6H,,51,0,True,False,True,False,0
top_ten,svm,occupancy,mean_removed,6,unith,6,Faure,june_16_g0,0.977857142857143,0.9783333333333334,0.9547619047619047,0.8840579710144928,16,,20,4,8,0,10,6,5,1,1,1,5S,1S,,51,0,True,False,True,False,0
top_ten,svm,occupancy,mean_removed,6,unith,6,Faure,june_16_g0,0.977857142857143,0.9783333333333334,0.9547619047619047,0.8840579710144928,16,16,20,4,8,0,10,7,5,1,2,1,5S,2S,0.17402913771770578,51,32,True,True,True,True,0
top_ten,svm,occupancy,mean_removed,6,unith,6,Faure,june_16_g0,0.977857142857143,0.9783333333333334,0.9547619047619047,0.8840579710144928,16,3,20,4,8,0,10,8,5,1,3,1,5S,3S,0.25497481262085275,51,6,True,True,True,False,0
top_ten,svm,occupancy,mean_removed,6,unith,6,Faure,june_16_g0,0.977857142857143,0.9783333333333334,0.9547619047619047,0.8840579710144928,16,16,20,4,8,0,10,9,5,1,4,1,5S,4S,0.02303643746220658,51,51,True,True,True,True,0
top_ten,svm,occupancy,mean_removed,6,unith,6,Faure,june_16_g0,0.977857142857143,0.9783333333333334,0.9547619047619047,0.8840579710144928,16,16,20,4,8,0,10,10,5,1,5,1,5S,5S,0.10907005260050484,51,51,True,True,True,True,0
top_ten,svm,occupancy,mean_removed,6,unith,6,Faure,june_16_g0,0.977857142857143,0.9783333333333334,0.9547619047619047,0.8840579710144928,16,16,20,4,8,0,10,11,5,1,6,1,5S,6S,0.25403412905204414,51,66,True,True,True,True,0
top_ten,svm,occupancy,mean_removed,6,unith,6,Faure,june_16_g0,0.977857142857143,0.9783333333333334,0.9547619047619047,0.8840579710144928,16,16,20,4,8,0,11,0,6,1,1,0,6S,1H,-0.025201563088822793,66,58,True,True,True,True,0
top_ten,svm,occupancy,mean_removed,6,unith,6,Faure,june_16_g0,0.977857142857143,0.9783333333333334,0.9547619047619047,0.8840579710144928,16,2,20,4,8,0,11,1,6,1,2,0,6S,2H,-0.4110357137033501,66,5,True,True,True,False,0
top_ten,svm,occupancy,mean_removed,6,unith,6,Faure,june_16_g0,0.977857142857143,0.9783333333333334,0.9547619047619047,0.8840579710144928,16,16,20,4,8,0,11,2,6,1,3,0,6S,3H,0.5707632972181009,66,40,True,True,True,True,0
top_ten,svm,occupancy,mean_removed,6,unith,6,Faure,june_16_g0,0.977857142857143,0.9783333333333334,0.9547619047619047,0.8840579710144928,16,3,20,4,8,0,11,3,6,1,4,0,6S,4H,0.2533335799330353,66,7,True,True,True,False,0
top_ten,svm,occupancy,mean_removed,6,unith,6,Faure,june_16_g0,0.977857142857143,0.9783333333333334,0.9547619047619047,0.8840579710144928,16,2,20,4,8,0,11,4,6,1,5,0,6S,5H,-9.154220216873454e-05,66,4,True,True,True,False,0
top_ten,svm,occupancy,mean_removed,6,unith,6,Faure,june_16_g0,0.977857142857143,0.9783333333333334,0.9547619047619047,0.8840579710144928,16,,20,4,8,0,11,5,6,1,6,0,6S,6H,,66,0,True,False,True,False,0
top_ten,svm,occupancy,mean_removed,6,unith,6,Faure,june_16_g0,0.977857142857143,0.9783333333333334,0.9547619047619047,0.8840579710144928,16,,20,4,8,0,11,6,6,1,1,1,6S,1S,,66,0,True,False,True,False,0
top_ten,svm,occupancy,mean_removed,6,unith,6,Faure,june_16_g0,0.977857142857143,0.9783333333333334,0.9547619047619047,0.8840579710144928,16,16,20,4,8,0,11,7,6,1,2,1,6S,2S,-0.11699093384258075,66,32,True,True,True,True,0
top_ten,svm,occupancy,mean_removed,6,unith,6,Faure,june_16_g0,0.977857142857143,0.9783333333333334,0.9547619047619047,0.8840579710144928,16,3,20,4,8,0,11,8,6,1,3,1,6S,3S,0.3283827464455355,66,6,True,True,True,False,0
top_ten,svm,occupancy,mean_removed,6,unith,6,Faure,june_16_g0,0.977857142857143,0.9783333333333334,0.9547619047619047,0.8840579710144928,16,16,20,4,8,0,11,9,6,1,4,1,6S,4S,0.1934956084964181,66,51,True,True,True,True,0
top_ten,svm,occupancy,mean_removed,6,unith,6,Faure,june_16_g0,0.977857142857143,0.9783333333333334,0.9547619047619047,0.8840579710144928,16,16,20,4,8,0,11,10,6,1,5,1,6S,5S,0.25403412905204414,66,51,True,True,True,True,0
top_ten,svm,occupancy,mean_removed,6,unith,6,Faure,june_16_g0,0.977857142857143,0.9783333333333334,0.9547619047619047,0.8840579710144928,16,16,20,4,8,0,11,11,6,1,6,1,6S,6S,0.6051241205810187,66,66,True,True,True,True,0
top_ten,svm,occupancy,mean_removed,6,unith,6,Faure,june_18_g0,0.976758663623158,0.9755135920315418,0.9754098360655737,0.5518867924528302,7,7,20,4,8,0,0,0,1,0,1,0,1H,1H,-0.09320734256745189,58,58,True,True,True,True,0
top_ten,svm,occupancy,mean_removed,6,unith,6,Faure,june_18_g0,0.976758663623158,0.9755135920315418,0.9754098360655737,0.5518867924528302,7,7,20,4,8,0,0,1,1,0,2,0,1H,2H,0.07740323677033333,58,14,True,True,True,True,0
top_ten,svm,occupancy,mean_removed,6,unith,6,Faure,june_18_g0,0.976758663623158,0.9755135920315418,0.9754098360655737,0.5518867924528302,7,7,20,4,8,0,0,2,1,0,3,0,1H,3H,0.2041573050223306,58,60,True,True,True,True,0
top_ten,svm,occupancy,mean_removed,6,unith,6,Faure,june_18_g0,0.976758663623158,0.9755135920315418,0.9754098360655737,0.5518867924528302,7,,20,4,8,0,0,3,1,0,4,0,1H,4H,,58,0,True,False,True,False,0
top_ten,svm,occupancy,mean_removed,6,unith,6,Faure,june_18_g0,0.976758663623158,0.9755135920315418,0.9754098360655737,0.5518867924528302,7,3,20,4,8,0,0,4,1,0,5,0,1H,5H,-0.011870956961581462,58,6,True,True,True,False,0
top_ten,svm,occupancy,mean_removed,6,unith,6,Faure,june_18_g0,0.976758663623158,0.9755135920315418,0.9754098360655737,0.5518867924528302,7,,20,4,8,0,0,5,1,0,6,0,1H,6H,,58,0,True,False,True,False,0
top_ten,svm,occupancy,mean_removed,6,unith,6,Faure,june_18_g0,0.976758663623158,0.9755135920315418,0.9754098360655737,0.5518867924528302,7,,20,4,8,0,0,6,1,0,1,1,1H,1S,,58,0,True,False,True,False,0
top_ten,svm,occupancy,mean_removed,6,unith,6,Faure,june_18_g0,0.976758663623158,0.9755135920315418,0.9754098360655737,0.5518867924528302,7,7,20,4,8,0,0,7,1,0,2,1,1H,2S,-0.030948211072404676,58,49,True,True,True,True,0
top_ten,svm,occupancy,mean_removed,6,unith,6,Faure,june_18_g0,0.976758663623158,0.9755135920315418,0.9754098360655737,0.5518867924528302,7,2,20,4,8,0,0,8,1,0,3,1,1H,3S,-0.031274730728537134,58,5,True,True,True,False,0
top_ten,svm,occupancy,mean_removed,6,unith,6,Faure,june_18_g0,0.976758663623158,0.9755135920315418,0.9754098360655737,0.5518867924528302,7,7,20,4,8,0,0,9,1,0,4,1,1H,4S,-0.09434804882477461,58,68,True,True,True,True,0
top_ten,svm,occupancy,mean_removed,6,unith,6,Faure,june_18_g0,0.976758663623158,0.9755135920315418,0.9754098360655737,0.5518867924528302,7,7,20,4,8,0,0,10,1,0,5,1,1H,5S,0.02339489205589882,58,78,True,True,True,True,0
top_ten,svm,occupancy,mean_removed,6,unith,6,Faure,june_18_g0,0.976758663623158,0.9755135920315418,0.9754098360655737,0.5518867924528302,7,7,20,4,8,0,0,11,1,0,6,1,1H,6S,0.1387591563941188,58,79,True,True,True,True,0
top_ten,svm,occupancy,mean_removed,6,unith,6,Faure,june_18_g0,0.976758663623158,0.9755135920315418,0.9754098360655737,0.5518867924528302,7,7,20,4,8,0,1,0,2,0,1,0,2H,1H,0.07740323677033333,14,58,True,True,True,True,0
top_ten,svm,occupancy,mean_removed,6,unith,6,Faure,june_18_g0,0.976758663623158,0.9755135920315418,0.9754098360655737,0.5518867924528302,7,7,20,4,8,0,1,1,2,0,2,0,2H,2H,0.6707765225339981,14,14,True,True,True,True,0
top_ten,svm,occupancy,mean_removed,6,unith,6,Faure,june_18_g0,0.976758663623158,0.9755135920315418,0.9754098360655737,0.5518867924528302,7,7,20,4,8,0,1,2,2,0,3,0,2H,3H,-0.32804596587492774,14,60,True,True,True,True,0
top_ten,svm,occupancy,mean_removed,6,unith,6,Faure,june_18_g0,0.976758663623158,0.9755135920315418,0.9754098360655737,0.5518867924528302,7,,20,4,8,0,1,3,2,0,4,0,2H,4H,,14,0,True,False,True,False,0
top_ten,svm,occupancy,mean_removed,6,unith,6,Faure,june_18_g0,0.976758663623158,0.9755135920315418,0.9754098360655737,0.5518867924528302,7,3,20,4,8,0,1,4,2,0,5,0,2H,5H,0.26763825576749956,14,6,True,True,True,False,0
top_ten,svm,occupancy,mean_removed,6,unith,6,Faure,june_18_g0,0.976758663623158,0.9755135920315418,0.9754098360655737,0.5518867924528302,7,,20,4,8,0,1,5,2,0,6,0,2H,6H,,14,0,True,False,True,False,0
top_ten,svm,occupancy,mean_removed,6,unith,6,Faure,june_18_g0,0.976758663623158,0.9755135920315418,0.9754098360655737,0.5518867924528302,7,,20,4,8,0,1,6,2,0,1,1,2H,1S,,14,0,True,False,True,False,0
top_ten,svm,occupancy,mean_removed,6,unith,6,Faure,june_18_g0,0.976758663623158,0.9755135920315418,0.9754098360655737,0.5518867924528302,7,7,20,4,8,0,1,7,2,0,2,1,2H,2S,0.28668381006303967,14,49,True,True,True,True,0
top_ten,svm,occupancy,mean_removed,6,unith,6,Faure,june_18_g0,0.976758663623158,0.9755135920315418,0.9754098360655737,0.5518867924528302,7,2,20,4,8,0,1,8,2,0,3,1,2H,3S,-0.17015493536409387,14,5,True,True,True,False,0
top_ten,svm,occupancy,mean_removed,6,unith,6,Faure,june_18_g0,0.976758663623158,0.9755135920315418,0.9754098360655737,0.5518867924528302,7,7,20,4,8,0,1,9,2,0,4,1,2H,4S,-0.49954184907976096,14,68,True,True,True,True,0
top_ten,svm,occupancy,mean_removed,6,unith,6,Faure,june_18_g0,0.976758663623158,0.9755135920315418,0.9754098360655737,0.5518867924528302,7,7,20,4,8,0,1,10,2,0,5,1,2H,5S,-0.24077910511203676,14,78,True,True,True,True,0
top_ten,svm,occupancy,mean_removed,6,unith,6,Faure,june_18_g0,0.976758663623158,0.9755135920315418,0.9754098360655737,0.5518867924528302,7,7,20,4,8,0,1,11,2,0,6,1,2H,6S,0.1027477347208647,14,79,True,True,True,True,0
top_ten,svm,occupancy,mean_removed,6,unith,6,Faure,june_18_g0,0.976758663623158,0.9755135920315418,0.9754098360655737,0.5518867924528302,7,7,20,4,8,0,2,0,3,0,1,0,3H,1H,0.2041573050223306,60,58,True,True,True,True,0
top_ten,svm,occupancy,mean_removed,6,unith,6,Faure,june_18_g0,0.976758663623158,0.9755135920315418,0.9754098360655737,0.5518867924528302,7,7,20,4,8,0,2,1,3,0,2,0,3H,2H,-0.32804596587492774,60,14,True,True,True,True,0
top_ten,svm,occupancy,mean_removed,6,unith,6,Faure,june_18_g0,0.976758663623158,0.9755135920315418,0.9754098360655737,0.5518867924528302,7,7,20,4,8,0,2,2,3,0,3,0,3H,3H,0.4457800583842886,60,60,True,True,True,True,0
top_ten,svm,occupancy,mean_removed,6,unith,6,Faure,june_18_g0,0.976758663623158,0.9755135920315418,0.9754098360655737,0.5518867924528302,7,,20,4,8,0,2,3,3,0,4,0,3H,4H,,60,0,True,False,True,False,0
top_ten,svm,occupancy,mean_removed,6,unith,6,Faure,june_18_g0,0.976758663623158,0.9755135920315418,0.9754098360655737,0.5518867924528302,7,3,20,4,8,0,2,4,3,0,5,0,3H,5H,-0.1799986232266902,60,6,True,True,True,False,0
top_ten,svm,occupancy,mean_removed,6,unith,6,Faure,june_18_g0,0.976758663623158,0.9755135920315418,0.9754098360655737,0.5518867924528302,7,,20,4,8,0,2,5,3,0,6,0,3H,6H,,60,0,True,False,True,False,0
top_ten,svm,occupancy,mean_removed,6,unith,6,Faure,june_18_g0,0.976758663623158,0.9755135920315418,0.9754098360655737,0.5518867924528302,7,,20,4,8,0,2,6,3,0,1,1,3H,1S,,60,0,True,False,True,False,0
top_ten,svm,occupancy,mean_removed,6,unith,6,Faure,june_18_g0,0.976758663623158,0.9755135920315418,0.9754098360655737,0.5518867924528302,7,7,20,4,8,0,2,7,3,0,2,1,3H,2S,-0.2329577612286083,60,49,True,True,True,True,0
top_ten,svm,occupancy,mean_removed,6,unith,6,Faure,june_18_g0,0.976758663623158,0.9755135920315418,0.9754098360655737,0.5518867924528302,7,2,20,4,8,0,2,8,3,0,3,1,3H,3S,-0.04806901105544258,60,5,True,True,True,False,0
top_ten,svm,occupancy,mean_removed,6,unith,6,Faure,june_18_g0,0.976758663623158,0.9755135920315418,0.9754098360655737,0.5518867924528302,7,7,20,4,8,0,2,9,3,0,4,1,3H,4S,0.12233772164579124,60,68,True,True,True,True,0
top_ten,svm,occupancy,mean_removed,6,unith,6,Faure,june_18_g0,0.976758663623158,0.9755135920315418,0.9754098360655737,0.5518867924528302,7,7,20,4,8,0,2,10,3,0,5,1,3H,5S,0.20479756408099764,60,78,True,True,True,True,0
top_ten,svm,occupancy,mean_removed,6,unith,6,Faure,june_18_g0,0.976758663623158,0.9755135920315418,0.9754098360655737,0.5518867924528302,7,7,20,4,8,0,2,11,3,0,6,1,3H,6S,0.027993962284092927,60,79,True,True,True,True,0
top_ten,svm,occupancy,mean_removed,6,unith,6,Faure,june_18_g0,0.976758663623158,0.9755135920315418,0.9754098360655737,0.5518867924528302,,7,20,4,8,0,3,0,4,0,1,0,4H,1H,,0,58,False,True,False,True,0
top_ten,svm,occupancy,mean_removed,6,unith,6,Faure,june_18_g0,0.976758663623158,0.9755135920315418,0.9754098360655737,0.5518867924528302,,7,20,4,8,0,3,1,4,0,2,0,4H,2H,,0,14,False,True,False,True,0
top_ten,svm,occupancy,mean_removed,6,unith,6,Faure,june_18_g0,0.976758663623158,0.9755135920315418,0.9754098360655737,0.5518867924528302,,7,20,4,8,0,3,2,4,0,3,0,4H,3H,,0,60,False,True,False,True,0
top_ten,svm,occupancy,mean_removed,6,unith,6,Faure,june_18_g0,0.976758663623158,0.9755135920315418,0.9754098360655737,0.5518867924528302,,,20,4,8,0,3,3,4,0,4,0,4H,4H,,0,0,False,False,False,False,0
top_ten,svm,occupancy,mean_removed,6,unith,6,Faure,june_18_g0,0.976758663623158,0.9755135920315418,0.9754098360655737,0.5518867924528302,,3,20,4,8,0,3,4,4,0,5,0,4H,5H,,0,6,False,True,False,False,0
top_ten,svm,occupancy,mean_removed,6,unith,6,Faure,june_18_g0,0.976758663623158,0.9755135920315418,0.9754098360655737,0.5518867924528302,,,20,4,8,0,3,5,4,0,6,0,4H,6H,,0,0,False,False,False,False,0
top_ten,svm,occupancy,mean_removed,6,unith,6,Faure,june_18_g0,0.976758663623158,0.9755135920315418,0.9754098360655737,0.5518867924528302,,,20,4,8,0,3,6,4,0,1,1,4H,1S,,0,0,False,False,False,False,0
top_ten,svm,occupancy,mean_removed,6,unith,6,Faure,june_18_g0,0.976758663623158,0.9755135920315418,0.9754098360655737,0.5518867924528302,,7,20,4,8,0,3,7,4,0,2,1,4H,2S,,0,49,False,True,False,True,0
top_ten,svm,occupancy,mean_removed,6,unith,6,Faure,june_18_g0,0.976758663623158,0.9755135920315418,0.9754098360655737,0.5518867924528302,,2,20,4,8,0,3,8,4,0,3,1,4H,3S,,0,5,False,True,False,False,0
top_ten,svm,occupancy,mean_removed,6,unith,6,Faure,june_18_g0,0.976758663623158,0.9755135920315418,0.9754098360655737,0.5518867924528302,,7,20,4,8,0,3,9,4,0,4,1,4H,4S,,0,68,False,True,False,True,0
top_ten,svm,occupancy,mean_removed,6,unith,6,Faure,june_18_g0,0.976758663623158,0.9755135920315418,0.9754098360655737,0.5518867924528302,,7,20,4,8,0,3,10,4,0,5,1,4H,5S,,0,78,False,True,False,True,0
top_ten,svm,occupancy,mean_removed,6,unith,6,Faure,june_18_g0,0.976758663623158,0.9755135920315418,0.9754098360655737,0.5518867924528302,,7,20,4,8,0,3,11,4,0,6,1,4H,6S,,0,79,False,True,False,True,0
top_ten,svm,occupancy,mean_removed,6,unith,6,Faure,june_18_g0,0.976758663623158,0.9755135920315418,0.9754098360655737,0.5518867924528302,3,7,20,4,8,0,4,0,5,0,1,0,5H,1H,-0.011870956961581462,6,58,True,True,False,True,0
top_ten,svm,occupancy,mean_removed,6,unith,6,Faure,june_18_g0,0.976758663623158,0.9755135920315418,0.9754098360655737,0.5518867924528302,3,7,20,4,8,0,4,1,5,0,2,0,5H,2H,0.26763825576749956,6,14,True,True,False,True,0
top_ten,svm,occupancy,mean_removed,6,unith,6,Faure,june_18_g0,0.976758663623158,0.9755135920315418,0.9754098360655737,0.5518867924528302,3,7,20,4,8,0,4,2,5,0,3,0,5H,3H,-0.1799986232266902,6,60,True,True,False,True,0
top_ten,svm,occupancy,mean_removed,6,unith,6,Faure,june_18_g0,0.976758663623158,0.9755135920315418,0.9754098360655737,0.5518867924528302,3,,20,4,8,0,4,3,5,0,4,0,5H,4H,,6,0,True,False,False,False,0
top_ten,svm,occupancy,mean_removed,6,unith,6,Faure,june_18_g0,0.976758663623158,0.9755135920315418,0.9754098360655737,0.5518867924528302,3,3,20,4,8,0,4,4,5,0,5,0,5H,5H,-0.48825514032391154,6,6,True,True,False,False,0
top_ten,svm,occupancy,mean_removed,6,unith,6,Faure,june_18_g0,0.976758663623158,0.9755135920315418,0.9754098360655737,0.5518867924528302,3,,20,4,8,0,4,5,5,0,6,0,5H,6H,,6,0,True,False,False,False,0
top_ten,svm,occupancy,mean_removed,6,unith,6,Faure,june_18_g0,0.976758663623158,0.9755135920315418,0.9754098360655737,0.5518867924528302,3,,20,4,8,0,4,6,5,0,1,1,5H,1S,,6,0,True,False,False,False,0
top_ten,svm,occupancy,mean_removed,6,unith,6,Faure,june_18_g0,0.976758663623158,0.9755135920315418,0.9754098360655737,0.5518867924528302,3,7,20,4,8,0,4,7,5,0,2,1,5H,2S,-0.008094885214201677,6,49,True,True,False,True,0
top_ten,svm,occupancy,mean_removed,6,unith,6,Faure,june_18_g0,0.976758663623158,0.9755135920315418,0.9754098360655737,0.5518867924528302,3,2,20,4,8,0,4,8,5,0,3,1,5H,3S,-0.11466782029754681,6,5,True,True,False,False,0
top_ten,svm,occupancy,mean_removed,6,unith,6,Faure,june_18_g0,0.976758663623158,0.9755135920315418,0.9754098360655737,0.5518867924528302,3,7,20,4,8,0,4,9,5,0,4,1,5H,4S,-0.13535675336240263,6,68,True,True,False,True,0
top_ten,svm,occupancy,mean_removed,6,unith,6,Faure,june_18_g0,0.976758663623158,0.9755135920315418,0.9754098360655737,0.5518867924528302,3,7,20,4,8,0,4,10,5,0,5,1,5H,5S,0.022130378748307603,6,78,True,True,False,True,0
top_ten,svm,occupancy,mean_removed,6,unith,6,Faure,june_18_g0,0.976758663623158,0.9755135920315418,0.9754098360655737,0.5518867924528302,3,7,20,4,8,0,4,11,5,0,6,1,5H,6S,0.02780079148987285,6,79,True,True,False,True,0
top_ten,svm,occupancy,mean_removed,6,unith,6,Faure,june_18_g0,0.976758663623158,0.9755135920315418,0.9754098360655737,0.5518867924528302,,7,20,4,8,0,5,0,6,0,1,0,6H,1H,,0,58,False,True,False,True,0
top_ten,svm,occupancy,mean_removed,6,unith,6,Faure,june_18_g0,0.976758663623158,0.9755135920315418,0.9754098360655737,0.5518867924528302,,7,20,4,8,0,5,1,6,0,2,0,6H,2H,,0,14,False,True,False,True,0
top_ten,svm,occupancy,mean_removed,6,unith,6,Faure,june_18_g0,0.976758663623158,0.9755135920315418,0.9754098360655737,0.5518867924528302,,7,20,4,8,0,5,2,6,0,3,0,6H,3H,,0,60,False,True,False,True,0
top_ten,svm,occupancy,mean_removed,6,unith,6,Faure,june_18_g0,0.976758663623158,0.9755135920315418,0.9754098360655737,0.5518867924528302,,,20,4,8,0,5,3,6,0,4,0,6H,4H,,0,0,False,False,False,False,0
top_ten,svm,occupancy,mean_removed,6,unith,6,Faure,june_18_g0,0.976758663623158,0.9755135920315418,0.9754098360655737,0.5518867924528302,,3,20,4,8,0,5,4,6,0,5,0,6H,5H,,0,6,False,True,False,False,0
top_ten,svm,occupancy,mean_removed,6,unith,6,Faure,june_18_g0,0.976758663623158,0.9755135920315418,0.9754098360655737,0.5518867924528302,,,20,4,8,0,5,5,6,0,6,0,6H,6H,,0,0,False,False,False,False,0
top_ten,svm,occupancy,mean_removed,6,unith,6,Faure,june_18_g0,0.976758663623158,0.9755135920315418,0.9754098360655737,0.5518867924528302,,,20,4,8,0,5,6,6,0,1,1,6H,1S,,0,0,False,False,False,False,0
top_ten,svm,occupancy,mean_removed,6,unith,6,Faure,june_18_g0,0.976758663623158,0.9755135920315418,0.9754098360655737,0.5518867924528302,,7,20,4,8,0,5,7,6,0,2,1,6H,2S,,0,49,False,True,False,True,0
top_ten,svm,occupancy,mean_removed,6,unith,6,Faure,june_18_g0,0.976758663623158,0.9755135920315418,0.9754098360655737,0.5518867924528302,,2,20,4,8,0,5,8,6,0,3,1,6H,3S,,0,5,False,True,False,False,0
top_ten,svm,occupancy,mean_removed,6,unith,6,Faure,june_18_g0,0.976758663623158,0.9755135920315418,0.9754098360655737,0.5518867924528302,,7,20,4,8,0,5,9,6,0,4,1,6H,4S,,0,68,False,True,False,True,0
top_ten,svm,occupancy,mean_removed,6,unith,6,Faure,june_18_g0,0.976758663623158,0.9755135920315418,0.9754098360655737,0.5518867924528302,,7,20,4,8,0,5,10,6,0,5,1,6H,5S,,0,78,False,True,False,True,0
top_ten,svm,occupancy,mean_removed,6,unith,6,Faure,june_18_g0,0.976758663623158,0.9755135920315418,0.9754098360655737,0.5518867924528302,,7,20,4,8,0,5,11,6,0,6,1,6H,6S,,0,79,False,True,False,True,0
top_ten,svm,occupancy,mean_removed,6,unith,6,Faure,june_18_g0,0.976758663623158,0.9755135920315418,0.9754098360655737,0.5518867924528302,,7,20,4,8,0,6,0,1,1,1,0,1S,1H,,0,58,False,True,False,True,0
top_ten,svm,occupancy,mean_removed,6,unith,6,Faure,june_18_g0,0.976758663623158,0.9755135920315418,0.9754098360655737,0.5518867924528302,,7,20,4,8,0,6,1,1,1,2,0,1S,2H,,0,14,False,True,False,True,0
top_ten,svm,occupancy,mean_removed,6,unith,6,Faure,june_18_g0,0.976758663623158,0.9755135920315418,0.9754098360655737,0.5518867924528302,,7,20,4,8,0,6,2,1,1,3,0,1S,3H,,0,60,False,True,False,True,0
top_ten,svm,occupancy,mean_removed,6,unith,6,Faure,june_18_g0,0.976758663623158,0.9755135920315418,0.9754098360655737,0.5518867924528302,,,20,4,8,0,6,3,1,1,4,0,1S,4H,,0,0,False,False,False,False,0
top_ten,svm,occupancy,mean_removed,6,unith,6,Faure,june_18_g0,0.976758663623158,0.9755135920315418,0.9754098360655737,0.5518867924528302,,3,20,4,8,0,6,4,1,1,5,0,1S,5H,,0,6,False,True,False,False,0
top_ten,svm,occupancy,mean_removed,6,unith,6,Faure,june_18_g0,0.976758663623158,0.9755135920315418,0.9754098360655737,0.5518867924528302,,,20,4,8,0,6,5,1,1,6,0,1S,6H,,0,0,False,False,False,False,0
top_ten,svm,occupancy,mean_removed,6,unith,6,Faure,june_18_g0,0.976758663623158,0.9755135920315418,0.9754098360655737,0.5518867924528302,,,20,4,8,0,6,6,1,1,1,1,1S,1S,,0,0,False,False,False,False,0
top_ten,svm,occupancy,mean_removed,6,unith,6,Faure,june_18_g0,0.976758663623158,0.9755135920315418,0.9754098360655737,0.5518867924528302,,7,20,4,8,0,6,7,1,1,2,1,1S,2S,,0,49,False,True,False,True,0
top_ten,svm,occupancy,mean_removed,6,unith,6,Faure,june_18_g0,0.976758663623158,0.9755135920315418,0.9754098360655737,0.5518867924528302,,2,20,4,8,0,6,8,1,1,3,1,1S,3S,,0,5,False,True,False,False,0
top_ten,svm,occupancy,mean_removed,6,unith,6,Faure,june_18_g0,0.976758663623158,0.9755135920315418,0.9754098360655737,0.5518867924528302,,7,20,4,8,0,6,9,1,1,4,1,1S,4S,,0,68,False,True,False,True,0
top_ten,svm,occupancy,mean_removed,6,unith,6,Faure,june_18_g0,0.976758663623158,0.9755135920315418,0.9754098360655737,0.5518867924528302,,7,20,4,8,0,6,10,1,1,5,1,1S,5S,,0,78,False,True,False,True,0
top_ten,svm,occupancy,mean_removed,6,unith,6,Faure,june_18_g0,0.976758663623158,0.9755135920315418,0.9754098360655737,0.5518867924528302,,7,20,4,8,0,6,11,1,1,6,1,1S,6S,,0,79,False,True,False,True,0
top_ten,svm,occupancy,mean_removed,6,unith,6,Faure,june_18_g0,0.976758663623158,0.9755135920315418,0.9754098360655737,0.5518867924528302,7,7,20,4,8,0,7,0,2,1,1,0,2S,1H,-0.030948211072404676,49,58,True,True,True,True,0
top_ten,svm,occupancy,mean_removed,6,unith,6,Faure,june_18_g0,0.976758663623158,0.9755135920315418,0.9754098360655737,0.5518867924528302,7,7,20,4,8,0,7,1,2,1,2,0,2S,2H,0.28668381006303967,49,14,True,True,True,True,0
top_ten,svm,occupancy,mean_removed,6,unith,6,Faure,june_18_g0,0.976758663623158,0.9755135920315418,0.9754098360655737,0.5518867924528302,7,7,20,4,8,0,7,2,2,1,3,0,2S,3H,-0.2329577612286083,49,60,True,True,True,True,0
top_ten,svm,occupancy,mean_removed,6,unith,6,Faure,june_18_g0,0.976758663623158,0.9755135920315418,0.9754098360655737,0.5518867924528302,7,,20,4,8,0,7,3,2,1,4,0,2S,4H,,49,0,True,False,True,False,0
top_ten,svm,occupancy,mean_removed,6,unith,6,Faure,june_18_g0,0.976758663623158,0.9755135920315418,0.9754098360655737,0.5518867924528302,7,3,20,4,8,0,7,4,2,1,5,0,2S,5H,-0.008094885214201677,49,6,True,True,True,False,0
top_ten,svm,occupancy,mean_removed,6,unith,6,Faure,june_18_g0,0.976758663623158,0.9755135920315418,0.9754098360655737,0.5518867924528302,7,,20,4,8,0,7,5,2,1,6,0,2S,6H,,49,0,True,False,True,False,0
top_ten,svm,occupancy,mean_removed,6,unith,6,Faure,june_18_g0,0.976758663623158,0.9755135920315418,0.9754098360655737,0.5518867924528302,7,,20,4,8,0,7,6,2,1,1,1,2S,1S,,49,0,True,False,True,False,0
top_ten,svm,occupancy,mean_removed,6,unith,6,Faure,june_18_g0,0.976758663623158,0.9755135920315418,0.9754098360655737,0.5518867924528302,7,7,20,4,8,0,7,7,2,1,2,1,2S,2S,-0.101850282708565,49,49,True,True,True,True,0
top_ten,svm,occupancy,mean_removed,6,unith,6,Faure,june_18_g0,0.976758663623158,0.9755135920315418,0.9754098360655737,0.5518867924528302,7,2,20,4,8,0,7,8,2,1,3,1,2S,3S,-0.15286317593160637,49,5,True,True,True,False,0
top_ten,svm,occupancy,mean_removed,6,unith,6,Faure,june_18_g0,0.976758663623158,0.9755135920315418,0.9754098360655737,0.5518867924528302,7,7,20,4,8,0,7,9,2,1,4,1,2S,4S,-0.10675138319819373,49,68,True,True,True,True,0
top_ten,svm,occupancy,mean_removed,6,unith,6,Faure,june_18_g0,0.976758663623158,0.9755135920315418,0.9754098360655737,0.5518867924528302,7,7,20,4,8,0,7,10,2,1,5,1,2S,5S,-0.20622081495407976,49,78,True,True,True,True,0
top_ten,svm,occupancy,mean_removed,6,unith,6,Faure,june_18_g0,0.976758663623158,0.9755135920315418,0.9754098360655737,0.5518867924528302,7,7,20,4,8,0,7,11,2,1,6,1,2S,6S,-0.09076152645599468,49,79,True,True,True,True,0
top_ten,svm,occupancy,mean_removed,6,unith,6,Faure,june_18_g0,0.976758663623158,0.9755135920315418,0.9754098360655737,0.5518867924528302,2,7,20,4,8,0,8,0,3,1,1,0,3S,1H,-0.031274730728537134,5,58,True,True,False,True,0
top_ten,svm,occupancy,mean_removed,6,unith,6,Faure,june_18_g0,0.976758663623158,0.9755135920315418,0.9754098360655737,0.5518867924528302,2,7,20,4,8,0,8,1,3,1,2,0,3S,2H,-0.17015493536409387,5,14,True,True,False,True,0
top_ten,svm,occupancy,mean_removed,6,unith,6,Faure,june_18_g0,0.976758663623158,0.9755135920315418,0.9754098360655737,0.5518867924528302,2,7,20,4,8,0,8,2,3,1,3,0,3S,3H,-0.04806901105544258,5,60,True,True,False,True,0
top_ten,svm,occupancy,mean_removed,6,unith,6,Faure,june_18_g0,0.976758663623158,0.9755135920315418,0.9754098360655737,0.5518867924528302,2,,20,4,8,0,8,3,3,1,4,0,3S,4H,,5,0,True,False,False,False,0
top_ten,svm,occupancy,mean_removed,6,unith,6,Faure,june_18_g0,0.976758663623158,0.9755135920315418,0.9754098360655737,0.5518867924528302,2,3,20,4,8,0,8,4,3,1,5,0,3S,5H,-0.11466782029754681,5,6,True,True,False,False,0
top_ten,svm,occupancy,mean_removed,6,unith,6,Faure,june_18_g0,0.976758663623158,0.9755135920315418,0.9754098360655737,0.5518867924528302,2,,20,4,8,0,8,5,3,1,6,0,3S,6H,,5,0,True,False,False,False,0
top_ten,svm,occupancy,mean_removed,6,unith,6,Faure,june_18_g0,0.976758663623158,0.9755135920315418,0.9754098360655737,0.5518867924528302,2,,20,4,8,0,8,6,3,1,1,1,3S,1S,,5,0,True,False,False,False,0
top_ten,svm,occupancy,mean_removed,6,unith,6,Faure,june_18_g0,0.976758663623158,0.9755135920315418,0.9754098360655737,0.5518867924528302,2,7,20,4,8,0,8,7,3,1,2,1,3S,2S,-0.15286317593160637,5,49,True,True,False,True,0
top_ten,svm,occupancy,mean_removed,6,unith,6,Faure,june_18_g0,0.976758663623158,0.9755135920315418,0.9754098360655737,0.5518867924528302,2,2,20,4,8,0,8,8,3,1,3,1,3S,3S,0.0545783434496825,5,5,True,True,False,False,0
top_ten,svm,occupancy,mean_removed,6,unith,6,Faure,june_18_g0,0.976758663623158,0.9755135920315418,0.9754098360655737,0.5518867924528302,2,7,20,4,8,0,8,9,3,1,4,1,3S,4S,0.15541641192845318,5,68,True,True,False,True,0
top_ten,svm,occupancy,mean_removed,6,unith,6,Faure,june_18_g0,0.976758663623158,0.9755135920315418,0.9754098360655737,0.5518867924528302,2,7,20,4,8,0,8,10,3,1,5,1,3S,5S,-0.1264409840134166,5,78,True,True,False,True,0
top_ten,svm,occupancy,mean_removed,6,unith,6,Faure,june_18_g0,0.976758663623158,0.9755135920315418,0.9754098360655737,0.5518867924528302,2,7,20,4,8,0,8,11,3,1,6,1,3S,6S,-0.17184484055732585,5,79,True,True,False,True,0
top_ten,svm,occupancy,mean_removed,6,unith,6,Faure,june_18_g0,0.976758663623158,0.9755135920315418,0.9754098360655737,0.5518867924528302,7,7,20,4,8,0,9,0,4,1,1,0,4S,1H,-0.09434804882477461,68,58,True,True,True,True,0
top_ten,svm,occupancy,mean_removed,6,unith,6,Faure,june_18_g0,0.976758663623158,0.9755135920315418,0.9754098360655737,0.5518867924528302,7,7,20,4,8,0,9,1,4,1,2,0,4S,2H,-0.49954184907976096,68,14,True,True,True,True,0
top_ten,svm,occupancy,mean_removed,6,unith,6,Faure,june_18_g0,0.976758663623158,0.9755135920315418,0.9754098360655737,0.5518867924528302,7,7,20,4,8,0,9,2,4,1,3,0,4S,3H,0.12233772164579124,68,60,True,True,True,True,0
top_ten,svm,occupancy,mean_removed,6,unith,6,Faure,june_18_g0,0.976758663623158,0.9755135920315418,0.9754098360655737,0.5518867924528302,7,,20,4,8,0,9,3,4,1,4,0,4S,4H,,68,0,True,False,True,False,0
top_ten,svm,occupancy,mean_removed,6,unith,6,Faure,june_18_g0,0.976758663623158,0.9755135920315418,0.9754098360655737,0.5518867924528302,7,3,20,4,8,0,9,4,4,1,5,0,4S,5H,-0.13535675336240263,68,6,True,True,True,False,0
top_ten,svm,occupancy,mean_removed,6,unith,6,Faure,june_18_g0,0.976758663623158,0.9755135920315418,0.9754098360655737,0.5518867924528302,7,,20,4,8,0,9,5,4,1,6,0,4S,6H,,68,0,True,False,True,False,0
top_ten,svm,occupancy,mean_removed,6,unith,6,Faure,june_18_g0,0.976758663623158,0.9755135920315418,0.9754098360655737,0.5518867924528302,7,,20,4,8,0,9,6,4,1,1,1,4S,1S,,68,0,True,False,True,False,0
top_ten,svm,occupancy,mean_removed,6,unith,6,Faure,june_18_g0,0.976758663623158,0.9755135920315418,0.9754098360655737,0.5518867924528302,7,7,20,4,8,0,9,7,4,1,2,1,4S,2S,-0.10675138319819373,68,49,True,True,True,True,0
top_ten,svm,occupancy,mean_removed,6,unith,6,Faure,june_18_g0,0.976758663623158,0.9755135920315418,0.9754098360655737,0.5518867924528302,7,2,20,4,8,0,9,8,4,1,3,1,4S,3S,0.15541641192845318,68,5,True,True,True,False,0
top_ten,svm,occupancy,mean_removed,6,unith,6,Faure,june_18_g0,0.976758663623158,0.9755135920315418,0.9754098360655737,0.5518867924528302,7,7,20,4,8,0,9,9,4,1,4,1,4S,4S,0.31393515180780546,68,68,True,True,True,True,0
top_ten,svm,occupancy,mean_removed,6,unith,6,Faure,june_18_g0,0.976758663623158,0.9755135920315418,0.9754098360655737,0.5518867924528302,7,7,20,4,8,0,9,10,4,1,5,1,4S,5S,0.06595931141376539,68,78,True,True,True,True,0
top_ten,svm,occupancy,mean_removed,6,unith,6,Faure,june_18_g0,0.976758663623158,0.9755135920315418,0.9754098360655737,0.5518867924528302,7,7,20,4,8,0,9,11,4,1,6,1,4S,6S,-0.1901737491078551,68,79,True,True,True,True,0
top_ten,svm,occupancy,mean_removed,6,unith,6,Faure,june_18_g0,0.976758663623158,0.9755135920315418,0.9754098360655737,0.5518867924528302,7,7,20,4,8,0,10,0,5,1,1,0,5S,1H,0.02339489205589882,78,58,True,True,True,True,0
top_ten,svm,occupancy,mean_removed,6,unith,6,Faure,june_18_g0,0.976758663623158,0.9755135920315418,0.9754098360655737,0.5518867924528302,7,7,20,4,8,0,10,1,5,1,2,0,5S,2H,-0.24077910511203676,78,14,True,True,True,True,0
top_ten,svm,occupancy,mean_removed,6,unith,6,Faure,june_18_g0,0.976758663623158,0.9755135920315418,0.9754098360655737,0.5518867924528302,7,7,20,4,8,0,10,2,5,1,3,0,5S,3H,0.20479756408099764,78,60,True,True,True,True,0
top_ten,svm,occupancy,mean_removed,6,unith,6,Faure,june_18_g0,0.976758663623158,0.9755135920315418,0.9754098360655737,0.5518867924528302,7,,20,4,8,0,10,3,5,1,4,0,5S,4H,,78,0,True,False,True,False,0
top_ten,svm,occupancy,mean_removed,6,unith,6,Faure,june_18_g0,0.976758663623158,0.9755135920315418,0.9754098360655737,0.5518867924528302,7,3,20,4,8,0,10,4,5,1,5,0,5S,5H,0.022130378748307603,78,6,True,True,True,False,0
top_ten,svm,occupancy,mean_removed,6,unith,6,Faure,june_18_g0,0.976758663623158,0.9755135920315418,0.9754098360655737,0.5518867924528302,7,,20,4,8,0,10,5,5,1,6,0,5S,6H,,78,0,True,False,True,False,0
top_ten,svm,occupancy,mean_removed,6,unith,6,Faure,june_18_g0,0.976758663623158,0.9755135920315418,0.9754098360655737,0.5518867924528302,7,,20,4,8,0,10,6,5,1,1,1,5S,1S,,78,0,True,False,True,False,0
top_ten,svm,occupancy,mean_removed,6,unith,6,Faure,june_18_g0,0.976758663623158,0.9755135920315418,0.9754098360655737,0.5518867924528302,7,7,20,4,8,0,10,7,5,1,2,1,5S,2S,-0.20622081495407976,78,49,True,True,True,True,0
top_ten,svm,occupancy,mean_removed,6,unith,6,Faure,june_18_g0,0.976758663623158,0.9755135920315418,0.9754098360655737,0.5518867924528302,7,2,20,4,8,0,10,8,5,1,3,1,5S,3S,-0.1264409840134166,78,5,True,True,True,False,0
top_ten,svm,occupancy,mean_removed,6,unith,6,Faure,june_18_g0,0.976758663623158,0.9755135920315418,0.9754098360655737,0.5518867924528302,7,7,20,4,8,0,10,9,5,1,4,1,5S,4S,0.06595931141376539,78,68,True,True,True,True,0
top_ten,svm,occupancy,mean_removed,6,unith,6,Faure,june_18_g0,0.976758663623158,0.9755135920315418,0.9754098360655737,0.5518867924528302,7,7,20,4,8,0,10,10,5,1,5,1,5S,5S,0.06163196361645018,78,78,True,True,True,True,0
top_ten,svm,occupancy,mean_removed,6,unith,6,Faure,june_18_g0,0.976758663623158,0.9755135920315418,0.9754098360655737,0.5518867924528302,7,7,20,4,8,0,10,11,5,1,6,1,5S,6S,0.11042395837867666,78,79,True,True,True,True,0
top_ten,svm,occupancy,mean_removed,6,unith,6,Faure,june_18_g0,0.976758663623158,0.9755135920315418,0.9754098360655737,0.5518867924528302,7,7,20,4,8,0,11,0,6,1,1,0,6S,1H,0.1387591563941188,79,58,True,True,True,True,0
top_ten,svm,occupancy,mean_removed,6,unith,6,Faure,june_18_g0,0.976758663623158,0.9755135920315418,0.9754098360655737,0.5518867924528302,7,7,20,4,8,0,11,1,6,1,2,0,6S,2H,0.1027477347208647,79,14,True,True,True,True,0
top_ten,svm,occupancy,mean_removed,6,unith,6,Faure,june_18_g0,0.976758663623158,0.9755135920315418,0.9754098360655737,0.5518867924528302,7,7,20,4,8,0,11,2,6,1,3,0,6S,3H,0.027993962284092927,79,60,True,True,True,True,0
top_ten,svm,occupancy,mean_removed,6,unith,6,Faure,june_18_g0,0.976758663623158,0.9755135920315418,0.9754098360655737,0.5518867924528302,7,,20,4,8,0,11,3,6,1,4,0,6S,4H,,79,0,True,False,True,False,0
top_ten,svm,occupancy,mean_removed,6,unith,6,Faure,june_18_g0,0.976758663623158,0.9755135920315418,0.9754098360655737,0.5518867924528302,7,3,20,4,8,0,11,4,6,1,5,0,6S,5H,0.02780079148987285,79,6,True,True,True,False,0
top_ten,svm,occupancy,mean_removed,6,unith,6,Faure,june_18_g0,0.976758663623158,0.9755135920315418,0.9754098360655737,0.5518867924528302,7,,20,4,8,0,11,5,6,1,6,0,6S,6H,,79,0,True,False,True,False,0
top_ten,svm,occupancy,mean_removed,6,unith,6,Faure,june_18_g0,0.976758663623158,0.9755135920315418,0.9754098360655737,0.5518867924528302,7,,20,4,8,0,11,6,6,1,1,1,6S,1S,,79,0,True,False,True,False,0
top_ten,svm,occupancy,mean_removed,6,unith,6,Faure,june_18_g0,0.976758663623158,0.9755135920315418,0.9754098360655737,0.5518867924528302,7,7,20,4,8,0,11,7,6,1,2,1,6S,2S,-0.09076152645599468,79,49,True,True,True,True,0
top_ten,svm,occupancy,mean_removed,6,unith,6,Faure,june_18_g0,0.976758663623158,0.9755135920315418,0.9754098360655737,0.5518867924528302,7,2,20,4,8,0,11,8,6,1,3,1,6S,3S,-0.17184484055732585,79,5,True,True,True,False,0
top_ten,svm,occupancy,mean_removed,6,unith,6,Faure,june_18_g0,0.976758663623158,0.9755135920315418,0.9754098360655737,0.5518867924528302,7,7,20,4,8,0,11,9,6,1,4,1,6S,4S,-0.1901737491078551,79,68,True,True,True,True,0
top_ten,svm,occupancy,mean_removed,6,unith,6,Faure,june_18_g0,0.976758663623158,0.9755135920315418,0.9754098360655737,0.5518867924528302,7,7,20,4,8,0,11,10,6,1,5,1,6S,5S,0.11042395837867666,79,78,True,True,True,True,0
top_ten,svm,occupancy,mean_removed,6,unith,6,Faure,june_18_g0,0.976758663623158,0.9755135920315418,0.9754098360655737,0.5518867924528302,7,7,20,4,8,0,11,11,6,1,6,1,6S,6S,0.3973346165573998,79,79,True,True,True,True,0
top_ten,svm,occupancy,mean_removed,6,unith,6,Faure,june_22_g0,0.97123745819398,0.9765886287625418,0.907190635451505,0.922077922077922,4,4,20,4,8,0,0,0,1,0,1,0,1H,1H,0.3616657858434781,40,40,True,True,True,True,0
top_ten,svm,occupancy,mean_removed,6,unith,6,Faure,june_22_g0,0.97123745819398,0.9765886287625418,0.907190635451505,0.922077922077922,4,4,20,4,8,0,0,1,1,0,2,0,1H,2H,0.22358789472027274,40,41,True,True,True,True,0
top_ten,svm,occupancy,mean_removed,6,unith,6,Faure,june_22_g0,0.97123745819398,0.9765886287625418,0.907190635451505,0.922077922077922,4,4,20,4,8,0,0,2,1,0,3,0,1H,3H,0.0006979151699283926,40,46,True,True,True,True,0
top_ten,svm,occupancy,mean_removed,6,unith,6,Faure,june_22_g0,0.97123745819398,0.9765886287625418,0.907190635451505,0.922077922077922,4,,20,4,8,0,0,3,1,0,4,0,1H,4H,,40,0,True,False,True,False,0
top_ten,svm,occupancy,mean_removed,6,unith,6,Faure,june_22_g0,0.97123745819398,0.9765886287625418,0.907190635451505,0.922077922077922,4,4,20,4,8,0,0,4,1,0,5,0,1H,5H,-0.1960127572846107,40,16,True,True,True,True,0
top_ten,svm,occupancy,mean_removed,6,unith,6,Faure,june_22_g0,0.97123745819398,0.9765886287625418,0.907190635451505,0.922077922077922,4,,20,4,8,0,0,5,1,0,6,0,1H,6H,,40,0,True,False,True,False,0
top_ten,svm,occupancy,mean_removed,6,unith,6,Faure,june_22_g0,0.97123745819398,0.9765886287625418,0.907190635451505,0.922077922077922,4,,20,4,8,0,0,6,1,0,1,1,1H,1S,,40,0,True,False,True,False,0
top_ten,svm,occupancy,mean_removed,6,unith,6,Faure,june_22_g0,0.97123745819398,0.9765886287625418,0.907190635451505,0.922077922077922,4,4,20,4,8,0,0,7,1,0,2,1,1H,2S,0.48666750036450634,40,8,True,True,True,True,0
top_ten,svm,occupancy,mean_removed,6,unith,6,Faure,june_22_g0,0.97123745819398,0.9765886287625418,0.907190635451505,0.922077922077922,4,3,20,4,8,0,0,8,1,0,3,1,1H,3S,-0.34169031777515874,40,7,True,True,True,False,0
top_ten,svm,occupancy,mean_removed,6,unith,6,Faure,june_22_g0,0.97123745819398,0.9765886287625418,0.907190635451505,0.922077922077922,4,4,20,4,8,0,0,9,1,0,4,1,1H,4S,-0.0012083510398775553,40,41,True,True,True,True,0
top_ten,svm,occupancy,mean_removed,6,unith,6,Faure,june_22_g0,0.97123745819398,0.9765886287625418,0.907190635451505,0.922077922077922,4,4,20,4,8,0,0,10,1,0,5,1,1H,5S,-0.4017801057242889,40,36,True,True,True,True,0
top_ten,svm,occupancy,mean_removed,6,unith,6,Faure,june_22_g0,0.97123745819398,0.9765886287625418,0.907190635451505,0.922077922077922,4,4,20,4,8,0,0,11,1,0,6,1,1H,6S,0.0031843214474495214,40,60,True,True,True,True,0
top_ten,svm,occupancy,mean_removed,6,unith,6,Faure,june_22_g0,0.97123745819398,0.9765886287625418,0.907190635451505,0.922077922077922,4,4,20,4,8,0,1,0,2,0,1,0,2H,1H,0.22358789472027274,41,40,True,True,True,True,0
top_ten,svm,occupancy,mean_removed,6,unith,6,Faure,june_22_g0,0.97123745819398,0.9765886287625418,0.907190635451505,0.922077922077922,4,4,20,4,8,0,1,1,2,0,2,0,2H,2H,0.24135969516231187,41,41,True,True,True,True,0
top_ten,svm,occupancy,mean_removed,6,unith,6,Faure,june_22_g0,0.97123745819398,0.9765886287625418,0.907190635451505,0.922077922077922,4,4,20,4,8,0,1,2,2,0,3,0,2H,3H,-0.0023199830147676266,41,46,True,True,True,True,0
top_ten,svm,occupancy,mean_removed,6,unith,6,Faure,june_22_g0,0.97123745819398,0.9765886287625418,0.907190635451505,0.922077922077922,4,,20,4,8,0,1,3,2,0,4,0,2H,4H,,41,0,True,False,True,False,0
top_ten,svm,occupancy,mean_removed,6,unith,6,Faure,june_22_g0,0.97123745819398,0.9765886287625418,0.907190635451505,0.922077922077922,4,4,20,4,8,0,1,4,2,0,5,0,2H,5H,-0.05618350429530844,41,16,True,True,True,True,0
top_ten,svm,occupancy,mean_removed,6,unith,6,Faure,june_22_g0,0.97123745819398,0.9765886287625418,0.907190635451505,0.922077922077922,4,,20,4,8,0,1,5,2,0,6,0,2H,6H,,41,0,True,False,True,False,0
top_ten,svm,occupancy,mean_removed,6,unith,6,Faure,june_22_g0,0.97123745819398,0.9765886287625418,0.907190635451505,0.922077922077922,4,,20,4,8,0,1,6,2,0,1,1,2H,1S,,41,0,True,False,True,False,0
top_ten,svm,occupancy,mean_removed,6,unith,6,Faure,june_22_g0,0.97123745819398,0.9765886287625418,0.907190635451505,0.922077922077922,4,4,20,4,8,0,1,7,2,0,2,1,2H,2S,0.21821460913601548,41,8,True,True,True,True,0
top_ten,svm,occupancy,mean_removed,6,unith,6,Faure,june_22_g0,0.97123745819398,0.9765886287625418,0.907190635451505,0.922077922077922,4,3,20,4,8,0,1,8,2,0,3,1,2H,3S,-0.045966180164471175,41,7,True,True,True,False,0
top_ten,svm,occupancy,mean_removed,6,unith,6,Faure,june_22_g0,0.97123745819398,0.9765886287625418,0.907190635451505,0.922077922077922,4,4,20,4,8,0,1,9,2,0,4,1,2H,4S,-0.02713186843699968,41,41,True,True,True,True,0
top_ten,svm,occupancy,mean_removed,6,unith,6,Faure,june_22_g0,0.97123745819398,0.9765886287625418,0.907190635451505,0.922077922077922,4,4,20,4,8,0,1,10,2,0,5,1,2H,5S,-0.33492227972334676,41,36,True,True,True,True,0
top_ten,svm,occupancy,mean_removed,6,unith,6,Faure,june_22_g0,0.97123745819398,0.9765886287625418,0.907190635451505,0.922077922077922,4,4,20,4,8,0,1,11,2,0,6,1,2H,6S,-0.149184743746259,41,60,True,True,True,True,0
top_ten,svm,occupancy,mean_removed,6,unith,6,Faure,june_22_g0,0.97123745819398,0.9765886287625418,0.907190635451505,0.922077922077922,4,4,20,4,8,0,2,0,3,0,1,0,3H,1H,0.0006979151699283926,46,40,True,True,True,True,0
top_ten,svm,occupancy,mean_removed,6,unith,6,Faure,june_22_g0,0.97123745819398,0.9765886287625418,0.907190635451505,0.922077922077922,4,4,20,4,8,0,2,1,3,0,2,0,3H,2H,-0.0023199830147676266,46,41,True,True,True,True,0
top_ten,svm,occupancy,mean_removed,6,unith,6,Faure,june_22_g0,0.97123745819398,0.9765886287625418,0.907190635451505,0.922077922077922,4,4,20,4,8,0,2,2,3,0,3,0,3H,3H,0.004780098485799763,46,46,True,True,True,True,0
top_ten,svm,occupancy,mean_removed,6,unith,6,Faure,june_22_g0,0.97123745819398,0.9765886287625418,0.907190635451505,0.922077922077922,4,,20,4,8,0,2,3,3,0,4,0,3H,4H,,46,0,True,False,True,False,0
top_ten,svm,occupancy,mean_removed,6,unith,6,Faure,june_22_g0,0.97123745819398,0.9765886287625418,0.907190635451505,0.922077922077922,4,4,20,4,8,0,2,4,3,0,5,0,3H,5H,-0.0848229759671151,46,16,True,True,True,True,0
top_ten,svm,occupancy,mean_removed,6,unith,6,Faure,june_22_g0,0.97123745819398,0.9765886287625418,0.907190635451505,0.922077922077922,4,,20,4,8,0,2,5,3,0,6,0,3H,6H,,46,0,True,False,True,False,0
top_ten,svm,occupancy,mean_removed,6,unith,6,Faure,june_22_g0,0.97123745819398,0.9765886287625418,0.907190635451505,0.922077922077922,4,,20,4,8,0,2,6,3,0,1,1,3H,1S,,46,0,True,False,True,False,0
top_ten,svm,occupancy,mean_removed,6,unith,6,Faure,june_22_g0,0.97123745819398,0.9765886287625418,0.907190635451505,0.922077922077922,4,4,20,4,8,0,2,7,3,0,2,1,3H,2S,0.12274736669068376,46,8,True,True,True,True,0
top_ten,svm,occupancy,mean_removed,6,unith,6,Faure,june_22_g0,0.97123745819398,0.9765886287625418,0.907190635451505,0.922077922077922,4,3,20,4,8,0,2,8,3,0,3,1,3H,3S,-0.1977118352138332,46,7,True,True,True,False,0
top_ten,svm,occupancy,mean_removed,6,unith,6,Faure,june_22_g0,0.97123745819398,0.9765886287625418,0.907190635451505,0.922077922077922,4,4,20,4,8,0,2,9,3,0,4,1,3H,4S,-0.11443506327648907,46,41,True,True,True,True,0
top_ten,svm,occupancy,mean_removed,6,unith,6,Faure,june_22_g0,0.97123745819398,0.9765886287625418,0.907190635451505,0.922077922077922,4,4,20,4,8,0,2,10,3,0,5,1,3H,5S,0.09158390595364879,46,36,True,True,True,True,0
top_ten,svm,occupancy,mean_removed,6,unith,6,Faure,june_22_g0,0.97123745819398,0.9765886287625418,0.907190635451505,0.922077922077922,4,4,20,4,8,0,2,11,3,0,6,1,3H,6S,-0.007538566074214591,46,60,True,True,True,True,0
top_ten,svm,occupancy,mean_removed,6,unith,6,Faure,june_22_g0,0.97123745819398,0.9765886287625418,0.907190635451505,0.922077922077922,,4,20,4,8,0,3,0,4,0,1,0,4H,1H,,0,40,False,True,False,True,0
top_ten,svm,occupancy,mean_removed,6,unith,6,Faure,june_22_g0,0.97123745819398,0.9765886287625418,0.907190635451505,0.922077922077922,,4,20,4,8,0,3,1,4,0,2,0,4H,2H,,0,41,False,True,False,True,0
top_ten,svm,occupancy,mean_removed,6,unith,6,Faure,june_22_g0,0.97123745819398,0.9765886287625418,0.907190635451505,0.922077922077922,,4,20,4,8,0,3,2,4,0,3,0,4H,3H,,0,46,False,True,False,True,0
top_ten,svm,occupancy,mean_removed,6,unith,6,Faure,june_22_g0,0.97123745819398,0.9765886287625418,0.907190635451505,0.922077922077922,,,20,4,8,0,3,3,4,0,4,0,4H,4H,,0,0,False,False,False,False,0
top_ten,svm,occupancy,mean_removed,6,unith,6,Faure,june_22_g0,0.97123745819398,0.9765886287625418,0.907190635451505,0.922077922077922,,4,20,4,8,0,3,4,4,0,5,0,4H,5H,,0,16,False,True,False,True,0
top_ten,svm,occupancy,mean_removed,6,unith,6,Faure,june_22_g0,0.97123745819398,0.9765886287625418,0.907190635451505,0.922077922077922,,,20,4,8,0,3,5,4,0,6,0,4H,6H,,0,0,False,False,False,False,0
top_ten,svm,occupancy,mean_removed,6,unith,6,Faure,june_22_g0,0.97123745819398,0.9765886287625418,0.907190635451505,0.922077922077922,,,20,4,8,0,3,6,4,0,1,1,4H,1S,,0,0,False,False,False,False,0
top_ten,svm,occupancy,mean_removed,6,unith,6,Faure,june_22_g0,0.97123745819398,0.9765886287625418,0.907190635451505,0.922077922077922,,4,20,4,8,0,3,7,4,0,2,1,4H,2S,,0,8,False,True,False,True,0
top_ten,svm,occupancy,mean_removed,6,unith,6,Faure,june_22_g0,0.97123745819398,0.9765886287625418,0.907190635451505,0.922077922077922,,3,20,4,8,0,3,8,4,0,3,1,4H,3S,,0,7,False,True,False,False,0
top_ten,svm,occupancy,mean_removed,6,unith,6,Faure,june_22_g0,0.97123745819398,0.9765886287625418,0.907190635451505,0.922077922077922,,4,20,4,8,0,3,9,4,0,4,1,4H,4S,,0,41,False,True,False,True,0
top_ten,svm,occupancy,mean_removed,6,unith,6,Faure,june_22_g0,0.97123745819398,0.9765886287625418,0.907190635451505,0.922077922077922,,4,20,4,8,0,3,10,4,0,5,1,4H,5S,,0,36,False,True,False,True,0
top_ten,svm,occupancy,mean_removed,6,unith,6,Faure,june_22_g0,0.97123745819398,0.9765886287625418,0.907190635451505,0.922077922077922,,4,20,4,8,0,3,11,4,0,6,1,4H,6S,,0,60,False,True,False,True,0
top_ten,svm,occupancy,mean_removed,6,unith,6,Faure,june_22_g0,0.97123745819398,0.9765886287625418,0.907190635451505,0.922077922077922,4,4,20,4,8,0,4,0,5,0,1,0,5H,1H,-0.1960127572846107,16,40,True,True,True,True,0
top_ten,svm,occupancy,mean_removed,6,unith,6,Faure,june_22_g0,0.97123745819398,0.9765886287625418,0.907190635451505,0.922077922077922,4,4,20,4,8,0,4,1,5,0,2,0,5H,2H,-0.05618350429530844,16,41,True,True,True,True,0
top_ten,svm,occupancy,mean_removed,6,unith,6,Faure,june_22_g0,0.97123745819398,0.9765886287625418,0.907190635451505,0.922077922077922,4,4,20,4,8,0,4,2,5,0,3,0,5H,3H,-0.0848229759671151,16,46,True,True,True,True,0
top_ten,svm,occupancy,mean_removed,6,unith,6,Faure,june_22_g0,0.97123745819398,0.9765886287625418,0.907190635451505,0.922077922077922,4,,20,4,8,0,4,3,5,0,4,0,5H,4H,,16,0,True,False,True,False,0
top_ten,svm,occupancy,mean_removed,6,unith,6,Faure,june_22_g0,0.97123745819398,0.9765886287625418,0.907190635451505,0.922077922077922,4,4,20,4,8,0,4,4,5,0,5,0,5H,5H,0.17507192098203786,16,16,True,True,True,True,0
top_ten,svm,occupancy,mean_removed,6,unith,6,Faure,june_22_g0,0.97123745819398,0.9765886287625418,0.907190635451505,0.922077922077922,4,,20,4,8,0,4,5,5,0,6,0,5H,6H,,16,0,True,False,True,False,0
top_ten,svm,occupancy,mean_removed,6,unith,6,Faure,june_22_g0,0.97123745819398,0.9765886287625418,0.907190635451505,0.922077922077922,4,,20,4,8,0,4,6,5,0,1,1,5H,1S,,16,0,True,False,True,False,0
top_ten,svm,occupancy,mean_removed,6,unith,6,Faure,june_22_g0,0.97123745819398,0.9765886287625418,0.907190635451505,0.922077922077922,4,4,20,4,8,0,4,7,5,0,2,1,5H,2S,-0.009668105457936765,16,8,True,True,True,True,0
top_ten,svm,occupancy,mean_removed,6,unith,6,Faure,june_22_g0,0.97123745819398,0.9765886287625418,0.907190635451505,0.922077922077922,4,3,20,4,8,0,4,8,5,0,3,1,5H,3S,-0.1044528669888561,16,7,True,True,True,False,0
top_ten,svm,occupancy,mean_removed,6,unith,6,Faure,june_22_g0,0.97123745819398,0.9765886287625418,0.907190635451505,0.922077922077922,4,4,20,4,8,0,4,9,5,0,4,1,5H,4S,-0.166300138393466,16,41,True,True,True,True,0
top_ten,svm,occupancy,mean_removed,6,unith,6,Faure,june_22_g0,0.97123745819398,0.9765886287625418,0.907190635451505,0.922077922077922,4,4,20,4,8,0,4,10,5,0,5,1,5H,5S,0.12742094316376215,16,36,True,True,True,True,0
top_ten,svm,occupancy,mean_removed,6,unith,6,Faure,june_22_g0,0.97123745819398,0.9765886287625418,0.907190635451505,0.922077922077922,4,4,20,4,8,0,4,11,5,0,6,1,5H,6S,-0.07534135130572048,16,60,True,True,True,True,0
top_ten,svm,occupancy,mean_removed,6,unith,6,Faure,june_22_g0,0.97123745819398,0.9765886287625418,0.907190635451505,0.922077922077922,,4,20,4,8,0,5,0,6,0,1,0,6H,1H,,0,40,False,True,False,True,0
top_ten,svm,occupancy,mean_removed,6,unith,6,Faure,june_22_g0,0.97123745819398,0.9765886287625418,0.907190635451505,0.922077922077922,,4,20,4,8,0,5,1,6,0,2,0,6H,2H,,0,41,False,True,False,True,0
top_ten,svm,occupancy,mean_removed,6,unith,6,Faure,june_22_g0,0.97123745819398,0.9765886287625418,0.907190635451505,0.922077922077922,,4,20,4,8,0,5,2,6,0,3,0,6H,3H,,0,46,False,True,False,True,0
top_ten,svm,occupancy,mean_removed,6,unith,6,Faure,june_22_g0,0.97123745819398,0.9765886287625418,0.907190635451505,0.922077922077922,,,20,4,8,0,5,3,6,0,4,0,6H,4H,,0,0,False,False,False,False,0
top_ten,svm,occupancy,mean_removed,6,unith,6,Faure,june_22_g0,0.97123745819398,0.9765886287625418,0.907190635451505,0.922077922077922,,4,20,4,8,0,5,4,6,0,5,0,6H,5H,,0,16,False,True,False,True,0
top_ten,svm,occupancy,mean_removed,6,unith,6,Faure,june_22_g0,0.97123745819398,0.9765886287625418,0.907190635451505,0.922077922077922,,,20,4,8,0,5,5,6,0,6,0,6H,6H,,0,0,False,False,False,False,0
top_ten,svm,occupancy,mean_removed,6,unith,6,Faure,june_22_g0,0.97123745819398,0.9765886287625418,0.907190635451505,0.922077922077922,,,20,4,8,0,5,6,6,0,1,1,6H,1S,,0,0,False,False,False,False,0
top_ten,svm,occupancy,mean_removed,6,unith,6,Faure,june_22_g0,0.97123745819398,0.9765886287625418,0.907190635451505,0.922077922077922,,4,20,4,8,0,5,7,6,0,2,1,6H,2S,,0,8,False,True,False,True,0
top_ten,svm,occupancy,mean_removed,6,unith,6,Faure,june_22_g0,0.97123745819398,0.9765886287625418,0.907190635451505,0.922077922077922,,3,20,4,8,0,5,8,6,0,3,1,6H,3S,,0,7,False,True,False,False,0
top_ten,svm,occupancy,mean_removed,6,unith,6,Faure,june_22_g0,0.97123745819398,0.9765886287625418,0.907190635451505,0.922077922077922,,4,20,4,8,0,5,9,6,0,4,1,6H,4S,,0,41,False,True,False,True,0
top_ten,svm,occupancy,mean_removed,6,unith,6,Faure,june_22_g0,0.97123745819398,0.9765886287625418,0.907190635451505,0.922077922077922,,4,20,4,8,0,5,10,6,0,5,1,6H,5S,,0,36,False,True,False,True,0
top_ten,svm,occupancy,mean_removed,6,unith,6,Faure,june_22_g0,0.97123745819398,0.9765886287625418,0.907190635451505,0.922077922077922,,4,20,4,8,0,5,11,6,0,6,1,6H,6S,,0,60,False,True,False,True,0
top_ten,svm,occupancy,mean_removed,6,unith,6,Faure,june_22_g0,0.97123745819398,0.9765886287625418,0.907190635451505,0.922077922077922,,4,20,4,8,0,6,0,1,1,1,0,1S,1H,,0,40,False,True,False,True,0
top_ten,svm,occupancy,mean_removed,6,unith,6,Faure,june_22_g0,0.97123745819398,0.9765886287625418,0.907190635451505,0.922077922077922,,4,20,4,8,0,6,1,1,1,2,0,1S,2H,,0,41,False,True,False,True,0
top_ten,svm,occupancy,mean_removed,6,unith,6,Faure,june_22_g0,0.97123745819398,0.9765886287625418,0.907190635451505,0.922077922077922,,4,20,4,8,0,6,2,1,1,3,0,1S,3H,,0,46,False,True,False,True,0
top_ten,svm,occupancy,mean_removed,6,unith,6,Faure,june_22_g0,0.97123745819398,0.9765886287625418,0.907190635451505,0.922077922077922,,,20,4,8,0,6,3,1,1,4,0,1S,4H,,0,0,False,False,False,False,0
top_ten,svm,occupancy,mean_removed,6,unith,6,Faure,june_22_g0,0.97123745819398,0.9765886287625418,0.907190635451505,0.922077922077922,,4,20,4,8,0,6,4,1,1,5,0,1S,5H,,0,16,False,True,False,True,0
top_ten,svm,occupancy,mean_removed,6,unith,6,Faure,june_22_g0,0.97123745819398,0.9765886287625418,0.907190635451505,0.922077922077922,,,20,4,8,0,6,5,1,1,6,0,1S,6H,,0,0,False,False,False,False,0
top_ten,svm,occupancy,mean_removed,6,unith,6,Faure,june_22_g0,0.97123745819398,0.9765886287625418,0.907190635451505,0.922077922077922,,,20,4,8,0,6,6,1,1,1,1,1S,1S,,0,0,False,False,False,False,0
top_ten,svm,occupancy,mean_removed,6,unith,6,Faure,june_22_g0,0.97123745819398,0.9765886287625418,0.907190635451505,0.922077922077922,,4,20,4,8,0,6,7,1,1,2,1,1S,2S,,0,8,False,True,False,True,0
top_ten,svm,occupancy,mean_removed,6,unith,6,Faure,june_22_g0,0.97123745819398,0.9765886287625418,0.907190635451505,0.922077922077922,,3,20,4,8,0,6,8,1,1,3,1,1S,3S,,0,7,False,True,False,False,0
top_ten,svm,occupancy,mean_removed,6,unith,6,Faure,june_22_g0,0.97123745819398,0.9765886287625418,0.907190635451505,0.922077922077922,,4,20,4,8,0,6,9,1,1,4,1,1S,4S,,0,41,False,True,False,True,0
top_ten,svm,occupancy,mean_removed,6,unith,6,Faure,june_22_g0,0.97123745819398,0.9765886287625418,0.907190635451505,0.922077922077922,,4,20,4,8,0,6,10,1,1,5,1,1S,5S,,0,36,False,True,False,True,0
top_ten,svm,occupancy,mean_removed,6,unith,6,Faure,june_22_g0,0.97123745819398,0.9765886287625418,0.907190635451505,0.922077922077922,,4,20,4,8,0,6,11,1,1,6,1,1S,6S,,0,60,False,True,False,True,0
top_ten,svm,occupancy,mean_removed,6,unith,6,Faure,june_22_g0,0.97123745819398,0.9765886287625418,0.907190635451505,0.922077922077922,4,4,20,4,8,0,7,0,2,1,1,0,2S,1H,0.48666750036450634,8,40,True,True,True,True,0
top_ten,svm,occupancy,mean_removed,6,unith,6,Faure,june_22_g0,0.97123745819398,0.9765886287625418,0.907190635451505,0.922077922077922,4,4,20,4,8,0,7,1,2,1,2,0,2S,2H,0.21821460913601548,8,41,True,True,True,True,0
top_ten,svm,occupancy,mean_removed,6,unith,6,Faure,june_22_g0,0.97123745819398,0.9765886287625418,0.907190635451505,0.922077922077922,4,4,20,4,8,0,7,2,2,1,3,0,2S,3H,0.12274736669068376,8,46,True,True,True,True,0
top_ten,svm,occupancy,mean_removed,6,unith,6,Faure,june_22_g0,0.97123745819398,0.9765886287625418,0.907190635451505,0.922077922077922,4,,20,4,8,0,7,3,2,1,4,0,2S,4H,,8,0,True,False,True,False,0
top_ten,svm,occupancy,mean_removed,6,unith,6,Faure,june_22_g0,0.97123745819398,0.9765886287625418,0.907190635451505,0.922077922077922,4,4,20,4,8,0,7,4,2,1,5,0,2S,5H,-0.009668105457936765,8,16,True,True,True,True,0
top_ten,svm,occupancy,mean_removed,6,unith,6,Faure,june_22_g0,0.97123745819398,0.9765886287625418,0.907190635451505,0.922077922077922,4,,20,4,8,0,7,5,2,1,6,0,2S,6H,,8,0,True,False,True,False,0
top_ten,svm,occupancy,mean_removed,6,unith,6,Faure,june_22_g0,0.97123745819398,0.9765886287625418,0.907190635451505,0.922077922077922,4,,20,4,8,0,7,6,2,1,1,1,2S,1S,,8,0,True,False,True,False,0
top_ten,svm,occupancy,mean_removed,6,unith,6,Faure,june_22_g0,0.97123745819398,0.9765886287625418,0.907190635451505,0.922077922077922,4,4,20,4,8,0,7,7,2,1,2,1,2S,2S,0.6370252593797839,8,8,True,True,True,True,0
top_ten,svm,occupancy,mean_removed,6,unith,6,Faure,june_22_g0,0.97123745819398,0.9765886287625418,0.907190635451505,0.922077922077922,4,3,20,4,8,0,7,8,2,1,3,1,2S,3S,-0.46649054335526846,8,7,True,True,True,False,0
top_ten,svm,occupancy,mean_removed,6,unith,6,Faure,june_22_g0,0.97123745819398,0.9765886287625418,0.907190635451505,0.922077922077922,4,4,20,4,8,0,7,9,2,1,4,1,2S,4S,-0.06381844799180687,8,41,True,True,True,True,0
top_ten,svm,occupancy,mean_removed,6,unith,6,Faure,june_22_g0,0.97123745819398,0.9765886287625418,0.907190635451505,0.922077922077922,4,4,20,4,8,0,7,10,2,1,5,1,2S,5S,-0.43685785017023687,8,36,True,True,True,True,0
top_ten,svm,occupancy,mean_removed,6,unith,6,Faure,june_22_g0,0.97123745819398,0.9765886287625418,0.907190635451505,0.922077922077922,4,4,20,4,8,0,7,11,2,1,6,1,2S,6S,-0.03043454379303846,8,60,True,True,True,True,0
top_ten,svm,occupancy,mean_removed,6,unith,6,Faure,june_22_g0,0.97123745819398,0.9765886287625418,0.907190635451505,0.922077922077922,3,4,20,4,8,0,8,0,3,1,1,0,3S,1H,-0.34169031777515874,7,40,True,True,False,True,0
top_ten,svm,occupancy,mean_removed,6,unith,6,Faure,june_22_g0,0.97123745819398,0.9765886287625418,0.907190635451505,0.922077922077922,3,4,20,4,8,0,8,1,3,1,2,0,3S,2H,-0.045966180164471175,7,41,True,True,False,True,0
top_ten,svm,occupancy,mean_removed,6,unith,6,Faure,june_22_g0,0.97123745819398,0.9765886287625418,0.907190635451505,0.922077922077922,3,4,20,4,8,0,8,2,3,1,3,0,3S,3H,-0.1977118352138332,7,46,True,True,False,True,0
top_ten,svm,occupancy,mean_removed,6,unith,6,Faure,june_22_g0,0.97123745819398,0.9765886287625418,0.907190635451505,0.922077922077922,3,,20,4,8,0,8,3,3,1,4,0,3S,4H,,7,0,True,False,False,False,0
top_ten,svm,occupancy,mean_removed,6,unith,6,Faure,june_22_g0,0.97123745819398,0.9765886287625418,0.907190635451505,0.922077922077922,3,4,20,4,8,0,8,4,3,1,5,0,3S,5H,-0.1044528669888561,7,16,True,True,False,True,0
top_ten,svm,occupancy,mean_removed,6,unith,6,Faure,june_22_g0,0.97123745819398,0.9765886287625418,0.907190635451505,0.922077922077922,3,,20,4,8,0,8,5,3,1,6,0,3S,6H,,7,0,True,False,False,False,0
top_ten,svm,occupancy,mean_removed,6,unith,6,Faure,june_22_g0,0.97123745819398,0.9765886287625418,0.907190635451505,0.922077922077922,3,,20,4,8,0,8,6,3,1,1,1,3S,1S,,7,0,True,False,False,False,0
top_ten,svm,occupancy,mean_removed,6,unith,6,Faure,june_22_g0,0.97123745819398,0.9765886287625418,0.907190635451505,0.922077922077922,3,4,20,4,8,0,8,7,3,1,2,1,3S,2S,-0.46649054335526846,7,8,True,True,False,True,0
top_ten,svm,occupancy,mean_removed,6,unith,6,Faure,june_22_g0,0.97123745819398,0.9765886287625418,0.907190635451505,0.922077922077922,3,3,20,4,8,0,8,8,3,1,3,1,3S,3S,0.18106814044551114,7,7,True,True,False,False,0
top_ten,svm,occupancy,mean_removed,6,unith,6,Faure,june_22_g0,0.97123745819398,0.9765886287625418,0.907190635451505,0.922077922077922,3,4,20,4,8,0,8,9,3,1,4,1,3S,4S,0.07070903098486991,7,41,True,True,False,True,0
top_ten,svm,occupancy,mean_removed,6,unith,6,Faure,june_22_g0,0.97123745819398,0.9765886287625418,0.907190635451505,0.922077922077922,3,4,20,4,8,0,8,10,3,1,5,1,3S,5S,0.18148327619214996,7,36,True,True,False,True,0
top_ten,svm,occupancy,mean_removed,6,unith,6,Faure,june_22_g0,0.97123745819398,0.9765886287625418,0.907190635451505,0.922077922077922,3,4,20,4,8,0,8,11,3,1,6,1,3S,6S,0.008194696270279873,7,60,True,True,False,True,0
top_ten,svm,occupancy,mean_removed,6,unith,6,Faure,june_22_g0,0.97123745819398,0.9765886287625418,0.907190635451505,0.922077922077922,4,4,20,4,8,0,9,0,4,1,1,0,4S,1H,-0.0012083510398775553,41,40,True,True,True,True,0
top_ten,svm,occupancy,mean_removed,6,unith,6,Faure,june_22_g0,0.97123745819398,0.9765886287625418,0.907190635451505,0.922077922077922,4,4,20,4,8,0,9,1,4,1,2,0,4S,2H,-0.02713186843699968,41,41,True,True,True,True,0
top_ten,svm,occupancy,mean_removed,6,unith,6,Faure,june_22_g0,0.97123745819398,0.9765886287625418,0.907190635451505,0.922077922077922,4,4,20,4,8,0,9,2,4,1,3,0,4S,3H,-0.11443506327648907,41,46,True,True,True,True,0
top_ten,svm,occupancy,mean_removed,6,unith,6,Faure,june_22_g0,0.97123745819398,0.9765886287625418,0.907190635451505,0.922077922077922,4,,20,4,8,0,9,3,4,1,4,0,4S,4H,,41,0,True,False,True,False,0
top_ten,svm,occupancy,mean_removed,6,unith,6,Faure,june_22_g0,0.97123745819398,0.9765886287625418,0.907190635451505,0.922077922077922,4,4,20,4,8,0,9,4,4,1,5,0,4S,5H,-0.166300138393466,41,16,True,True,True,True,0
top_ten,svm,occupancy,mean_removed,6,unith,6,Faure,june_22_g0,0.97123745819398,0.9765886287625418,0.907190635451505,0.922077922077922,4,,20,4,8,0,9,5,4,1,6,0,4S,6H,,41,0,True,False,True,False,0
top_ten,svm,occupancy,mean_removed,6,unith,6,Faure,june_22_g0,0.97123745819398,0.9765886287625418,0.907190635451505,0.922077922077922,4,,20,4,8,0,9,6,4,1,1,1,4S,1S,,41,0,True,False,True,False,0
top_ten,svm,occupancy,mean_removed,6,unith,6,Faure,june_22_g0,0.97123745819398,0.9765886287625418,0.907190635451505,0.922077922077922,4,4,20,4,8,0,9,7,4,1,2,1,4S,2S,-0.06381844799180687,41,8,True,True,True,True,0
top_ten,svm,occupancy,mean_removed,6,unith,6,Faure,june_22_g0,0.97123745819398,0.9765886287625418,0.907190635451505,0.922077922077922,4,3,20,4,8,0,9,8,4,1,3,1,4S,3S,0.07070903098486991,41,7,True,True,True,False,0
top_ten,svm,occupancy,mean_removed,6,unith,6,Faure,june_22_g0,0.97123745819398,0.9765886287625418,0.907190635451505,0.922077922077922,4,4,20,4,8,0,9,9,4,1,4,1,4S,4S,0.18529820241474784,41,41,True,True,True,True,0
top_ten,svm,occupancy,mean_removed,6,unith,6,Faure,june_22_g0,0.97123745819398,0.9765886287625418,0.907190635451505,0.922077922077922,4,4,20,4,8,0,9,10,4,1,5,1,4S,5S,-0.022945076072908504,41,36,True,True,True,True,0
top_ten,svm,occupancy,mean_removed,6,unith,6,Faure,june_22_g0,0.97123745819398,0.9765886287625418,0.907190635451505,0.922077922077922,4,4,20,4,8,0,9,11,4,1,6,1,4S,6S,0.038124262286337016,41,60,True,True,True,True,0
top_ten,svm,occupancy,mean_removed,6,unith,6,Faure,june_22_g0,0.97123745819398,0.9765886287625418,0.907190635451505,0.922077922077922,4,4,20,4,8,0,10,0,5,1,1,0,5S,1H,-0.4017801057242889,36,40,True,True,True,True,0
top_ten,svm,occupancy,mean_removed,6,unith,6,Faure,june_22_g0,0.97123745819398,0.9765886287625418,0.907190635451505,0.922077922077922,4,4,20,4,8,0,10,1,5,1,2,0,5S,2H,-0.33492227972334676,36,41,True,True,True,True,0
top_ten,svm,occupancy,mean_removed,6,unith,6,Faure,june_22_g0,0.97123745819398,0.9765886287625418,0.907190635451505,0.922077922077922,4,4,20,4,8,0,10,2,5,1,3,0,5S,3H,0.09158390595364879,36,46,True,True,True,True,0
top_ten,svm,occupancy,mean_removed,6,unith,6,Faure,june_22_g0,0.97123745819398,0.9765886287625418,0.907190635451505,0.922077922077922,4,,20,4,8,0,10,3,5,1,4,0,5S,4H,,36,0,True,False,True,False,0
top_ten,svm,occupancy,mean_removed,6,unith,6,Faure,june_22_g0,0.97123745819398,0.9765886287625418,0.907190635451505,0.922077922077922,4,4,20,4,8,0,10,4,5,1,5,0,5S,5H,0.12742094316376215,36,16,True,True,True,True,0
top_ten,svm,occupancy,mean_removed,6,unith,6,Faure,june_22_g0,0.97123745819398,0.9765886287625418,0.907190635451505,0.922077922077922,4,,20,4,8,0,10,5,5,1,6,0,5S,6H,,36,0,True,False,True,False,0
top_ten,svm,occupancy,mean_removed,6,unith,6,Faure,june_22_g0,0.97123745819398,0.9765886287625418,0.907190635451505,0.922077922077922,4,,20,4,8,0,10,6,5,1,1,1,5S,1S,,36,0,True,False,True,False,0
top_ten,svm,occupancy,mean_removed,6,unith,6,Faure,june_22_g0,0.97123745819398,0.9765886287625418,0.907190635451505,0.922077922077922,4,4,20,4,8,0,10,7,5,1,2,1,5S,2S,-0.43685785017023687,36,8,True,True,True,True,0
top_ten,svm,occupancy,mean_removed,6,unith,6,Faure,june_22_g0,0.97123745819398,0.9765886287625418,0.907190635451505,0.922077922077922,4,3,20,4,8,0,10,8,5,1,3,1,5S,3S,0.18148327619214996,36,7,True,True,True,False,0
top_ten,svm,occupancy,mean_removed,6,unith,6,Faure,june_22_g0,0.97123745819398,0.9765886287625418,0.907190635451505,0.922077922077922,4,4,20,4,8,0,10,9,5,1,4,1,5S,4S,-0.022945076072908504,36,41,True,True,True,True,0
top_ten,svm,occupancy,mean_removed,6,unith,6,Faure,june_22_g0,0.97123745819398,0.9765886287625418,0.907190635451505,0.922077922077922,4,4,20,4,8,0,10,10,5,1,5,1,5S,5S,0.4779800195990652,36,36,True,True,True,True,0
top_ten,svm,occupancy,mean_removed,6,unith,6,Faure,june_22_g0,0.97123745819398,0.9765886287625418,0.907190635451505,0.922077922077922,4,4,20,4,8,0,10,11,5,1,6,1,5S,6S,0.08922748140149277,36,60,True,True,True,True,0
top_ten,svm,occupancy,mean_removed,6,unith,6,Faure,june_22_g0,0.97123745819398,0.9765886287625418,0.907190635451505,0.922077922077922,4,4,20,4,8,0,11,0,6,1,1,0,6S,1H,0.0031843214474495214,60,40,True,True,True,True,0
top_ten,svm,occupancy,mean_removed,6,unith,6,Faure,june_22_g0,0.97123745819398,0.9765886287625418,0.907190635451505,0.922077922077922,4,4,20,4,8,0,11,1,6,1,2,0,6S,2H,-0.149184743746259,60,41,True,True,True,True,0
top_ten,svm,occupancy,mean_removed,6,unith,6,Faure,june_22_g0,0.97123745819398,0.9765886287625418,0.907190635451505,0.922077922077922,4,4,20,4,8,0,11,2,6,1,3,0,6S,3H,-0.007538566074214591,60,46,True,True,True,True,0
top_ten,svm,occupancy,mean_removed,6,unith,6,Faure,june_22_g0,0.97123745819398,0.9765886287625418,0.907190635451505,0.922077922077922,4,,20,4,8,0,11,3,6,1,4,0,6S,4H,,60,0,True,False,True,False,0
top_ten,svm,occupancy,mean_removed,6,unith,6,Faure,june_22_g0,0.97123745819398,0.9765886287625418,0.907190635451505,0.922077922077922,4,4,20,4,8,0,11,4,6,1,5,0,6S,5H,-0.07534135130572048,60,16,True,True,True,True,0
top_ten,svm,occupancy,mean_removed,6,unith,6,Faure,june_22_g0,0.97123745819398,0.9765886287625418,0.907190635451505,0.922077922077922,4,,20,4,8,0,11,5,6,1,6,0,6S,6H,,60,0,True,False,True,False,0
top_ten,svm,occupancy,mean_removed,6,unith,6,Faure,june_22_g0,0.97123745819398,0.9765886287625418,0.907190635451505,0.922077922077922,4,,20,4,8,0,11,6,6,1,1,1,6S,1S,,60,0,True,False,True,False,0
top_ten,svm,occupancy,mean_removed,6,unith,6,Faure,june_22_g0,0.97123745819398,0.9765886287625418,0.907190635451505,0.922077922077922,4,4,20,4,8,0,11,7,6,1,2,1,6S,2S,-0.03043454379303846,60,8,True,True,True,True,0
top_ten,svm,occupancy,mean_removed,6,unith,6,Faure,june_22_g0,0.97123745819398,0.9765886287625418,0.907190635451505,0.922077922077922,4,3,20,4,8,0,11,8,6,1,3,1,6S,3S,0.008194696270279873,60,7,True,True,True,False,0
top_ten,svm,occupancy,mean_removed,6,unith,6,Faure,june_22_g0,0.97123745819398,0.9765886287625418,0.907190635451505,0.922077922077922,4,4,20,4,8,0,11,9,6,1,4,1,6S,4S,0.038124262286337016,60,41,True,True,True,True,0
top_ten,svm,occupancy,mean_removed,6,unith,6,Faure,june_22_g0,0.97123745819398,0.9765886287625418,0.907190635451505,0.922077922077922,4,4,20,4,8,0,11,10,6,1,5,1,6S,5S,0.08922748140149277,60,36,True,True,True,True,0
top_ten,svm,occupancy,mean_removed,6,unith,6,Faure,june_22_g0,0.97123745819398,0.9765886287625418,0.907190635451505,0.922077922077922,4,4,20,4,8,0,11,11,6,1,6,1,6S,6S,-0.04641669018995377,60,60,True,True,True,True,0
top_ten,svm,occupancy,mean_removed,6,unith,6,Faure,june_24_g0,0.999341238471673,1.0,1.0,0.8697916666666666,5,5,20,4,8,0,0,0,1,0,1,0,1H,1H,-0.1508023211301749,44,44,True,True,True,True,0
top_ten,svm,occupancy,mean_removed,6,unith,6,Faure,june_24_g0,0.999341238471673,1.0,1.0,0.8697916666666666,5,5,20,4,8,0,0,1,1,0,2,0,1H,2H,0.1546563608269999,44,28,True,True,True,True,0
top_ten,svm,occupancy,mean_removed,6,unith,6,Faure,june_24_g0,0.999341238471673,1.0,1.0,0.8697916666666666,5,5,20,4,8,0,0,2,1,0,3,0,1H,3H,0.015688192464479906,44,50,True,True,True,True,0
top_ten,svm,occupancy,mean_removed,6,unith,6,Faure,june_24_g0,0.999341238471673,1.0,1.0,0.8697916666666666,5,,20,4,8,0,0,3,1,0,4,0,1H,4H,,44,0,True,False,True,False,0
top_ten,svm,occupancy,mean_removed,6,unith,6,Faure,june_24_g0,0.999341238471673,1.0,1.0,0.8697916666666666,5,5,20,4,8,0,0,4,1,0,5,0,1H,5H,-0.015730204038909724,44,10,True,True,True,True,0
top_ten,svm,occupancy,mean_removed,6,unith,6,Faure,june_24_g0,0.999341238471673,1.0,1.0,0.8697916666666666,5,,20,4,8,0,0,5,1,0,6,0,1H,6H,,44,0,True,False,True,False,0
top_ten,svm,occupancy,mean_removed,6,unith,6,Faure,june_24_g0,0.999341238471673,1.0,1.0,0.8697916666666666,5,,20,4,8,0,0,6,1,0,1,1,1H,1S,,44,0,True,False,True,False,0
top_ten,svm,occupancy,mean_removed,6,unith,6,Faure,june_24_g0,0.999341238471673,1.0,1.0,0.8697916666666666,5,5,20,4,8,0,0,7,1,0,2,1,1H,2S,-0.023163324675177104,44,22,True,True,True,True,0
top_ten,svm,occupancy,mean_removed,6,unith,6,Faure,june_24_g0,0.999341238471673,1.0,1.0,0.8697916666666666,5,,20,4,8,0,0,8,1,0,3,1,1H,3S,,44,0,True,False,True,False,0
top_ten,svm,occupancy,mean_removed,6,unith,6,Faure,june_24_g0,0.999341238471673,1.0,1.0,0.8697916666666666,5,5,20,4,8,0,0,9,1,0,4,1,1H,4S,-0.09025729782468593,44,62,True,True,True,True,0
top_ten,svm,occupancy,mean_removed,6,unith,6,Faure,june_24_g0,0.999341238471673,1.0,1.0,0.8697916666666666,5,5,20,4,8,0,0,10,1,0,5,1,1H,5S,-0.15056626807860354,44,80,True,True,True,True,0
top_ten,svm,occupancy,mean_removed,6,unith,6,Faure,june_24_g0,0.999341238471673,1.0,1.0,0.8697916666666666,5,5,20,4,8,0,0,11,1,0,6,1,1H,6S,0.12657792086142333,44,69,True,True,True,True,0
top_ten,svm,occupancy,mean_removed,6,unith,6,Faure,june_24_g0,0.999341238471673,1.0,1.0,0.8697916666666666,5,5,20,4,8,0,1,0,2,0,1,0,2H,1H,0.1546563608269999,28,44,True,True,True,True,0
top_ten,svm,occupancy,mean_removed,6,unith,6,Faure,june_24_g0,0.999341238471673,1.0,1.0,0.8697916666666666,5,5,20,4,8,0,1,1,2,0,2,0,2H,2H,0.47153175559587107,28,28,True,True,True,True,0
top_ten,svm,occupancy,mean_removed,6,unith,6,Faure,june_24_g0,0.999341238471673,1.0,1.0,0.8697916666666666,5,5,20,4,8,0,1,2,2,0,3,0,2H,3H,0.25511869023099687,28,50,True,True,True,True,0
top_ten,svm,occupancy,mean_removed,6,unith,6,Faure,june_24_g0,0.999341238471673,1.0,1.0,0.8697916666666666,5,,20,4,8,0,1,3,2,0,4,0,2H,4H,,28,0,True,False,True,False,0
top_ten,svm,occupancy,mean_removed,6,unith,6,Faure,june_24_g0,0.999341238471673,1.0,1.0,0.8697916666666666,5,5,20,4,8,0,1,4,2,0,5,0,2H,5H,-0.35076834774913906,28,10,True,True,True,True,0
top_ten,svm,occupancy,mean_removed,6,unith,6,Faure,june_24_g0,0.999341238471673,1.0,1.0,0.8697916666666666,5,,20,4,8,0,1,5,2,0,6,0,2H,6H,,28,0,True,False,True,False,0
top_ten,svm,occupancy,mean_removed,6,unith,6,Faure,june_24_g0,0.999341238471673,1.0,1.0,0.8697916666666666,5,,20,4,8,0,1,6,2,0,1,1,2H,1S,,28,0,True,False,True,False,0
top_ten,svm,occupancy,mean_removed,6,unith,6,Faure,june_24_g0,0.999341238471673,1.0,1.0,0.8697916666666666,5,5,20,4,8,0,1,7,2,0,2,1,2H,2S,-0.13427416500708894,28,22,True,True,True,True,0
top_ten,svm,occupancy,mean_removed,6,unith,6,Faure,june_24_g0,0.999341238471673,1.0,1.0,0.8697916666666666,5,,20,4,8,0,1,8,2,0,3,1,2H,3S,,28,0,True,False,True,False,0
top_ten,svm,occupancy,mean_removed,6,unith,6,Faure,june_24_g0,0.999341238471673,1.0,1.0,0.8697916666666666,5,5,20,4,8,0,1,9,2,0,4,1,2H,4S,0.05534511746576498,28,62,True,True,True,True,0
top_ten,svm,occupancy,mean_removed,6,unith,6,Faure,june_24_g0,0.999341238471673,1.0,1.0,0.8697916666666666,5,5,20,4,8,0,1,10,2,0,5,1,2H,5S,-0.00029701861601332533,28,80,True,True,True,True,0
top_ten,svm,occupancy,mean_removed,6,unith,6,Faure,june_24_g0,0.999341238471673,1.0,1.0,0.8697916666666666,5,5,20,4,8,0,1,11,2,0,6,1,2H,6S,0.3394537509611493,28,69,True,True,True,True,0
top_ten,svm,occupancy,mean_removed,6,unith,6,Faure,june_24_g0,0.999341238471673,1.0,1.0,0.8697916666666666,5,5,20,4,8,0,2,0,3,0,1,0,3H,1H,0.015688192464479906,50,44,True,True,True,True,0
top_ten,svm,occupancy,mean_removed,6,unith,6,Faure,june_24_g0,0.999341238471673,1.0,1.0,0.8697916666666666,5,5,20,4,8,0,2,1,3,0,2,0,3H,2H,0.25511869023099687,50,28,True,True,True,True,0
top_ten,svm,occupancy,mean_removed,6,unith,6,Faure,june_24_g0,0.999341238471673,1.0,1.0,0.8697916666666666,5,5,20,4,8,0,2,2,3,0,3,0,3H,3H,0.12212345370252246,50,50,True,True,True,True,0
top_ten,svm,occupancy,mean_removed,6,unith,6,Faure,june_24_g0,0.999341238471673,1.0,1.0,0.8697916666666666,5,,20,4,8,0,2,3,3,0,4,0,3H,4H,,50,0,True,False,True,False,0
top_ten,svm,occupancy,mean_removed,6,unith,6,Faure,june_24_g0,0.999341238471673,1.0,1.0,0.8697916666666666,5,5,20,4,8,0,2,4,3,0,5,0,3H,5H,-0.27528822841118694,50,10,True,True,True,True,0
top_ten,svm,occupancy,mean_removed,6,unith,6,Faure,june_24_g0,0.999341238471673,1.0,1.0,0.8697916666666666,5,,20,4,8,0,2,5,3,0,6,0,3H,6H,,50,0,True,False,True,False,0
top_ten,svm,occupancy,mean_removed,6,unith,6,Faure,june_24_g0,0.999341238471673,1.0,1.0,0.8697916666666666,5,,20,4,8,0,2,6,3,0,1,1,3H,1S,,50,0,True,False,True,False,0
top_ten,svm,occupancy,mean_removed,6,unith,6,Faure,june_24_g0,0.999341238471673,1.0,1.0,0.8697916666666666,5,5,20,4,8,0,2,7,3,0,2,1,3H,2S,-0.18589180877726846,50,22,True,True,True,True,0
top_ten,svm,occupancy,mean_removed,6,unith,6,Faure,june_24_g0,0.999341238471673,1.0,1.0,0.8697916666666666,5,,20,4,8,0,2,8,3,0,3,1,3H,3S,,50,0,True,False,True,False,0
top_ten,svm,occupancy,mean_removed,6,unith,6,Faure,june_24_g0,0.999341238471673,1.0,1.0,0.8697916666666666,5,5,20,4,8,0,2,9,3,0,4,1,3H,4S,0.1053049644684578,50,62,True,True,True,True,0
top_ten,svm,occupancy,mean_removed,6,unith,6,Faure,june_24_g0,0.999341238471673,1.0,1.0,0.8697916666666666,5,5,20,4,8,0,2,10,3,0,5,1,3H,5S,0.20244373030042778,50,80,True,True,True,True,0
top_ten,svm,occupancy,mean_removed,6,unith,6,Faure,june_24_g0,0.999341238471673,1.0,1.0,0.8697916666666666,5,5,20,4,8,0,2,11,3,0,6,1,3H,6S,0.30764495252666063,50,69,True,True,True,True,0
top_ten,svm,occupancy,mean_removed,6,unith,6,Faure,june_24_g0,0.999341238471673,1.0,1.0,0.8697916666666666,,5,20,4,8,0,3,0,4,0,1,0,4H,1H,,0,44,False,True,False,True,0
top_ten,svm,occupancy,mean_removed,6,unith,6,Faure,june_24_g0,0.999341238471673,1.0,1.0,0.8697916666666666,,5,20,4,8,0,3,1,4,0,2,0,4H,2H,,0,28,False,True,False,True,0
top_ten,svm,occupancy,mean_removed,6,unith,6,Faure,june_24_g0,0.999341238471673,1.0,1.0,0.8697916666666666,,5,20,4,8,0,3,2,4,0,3,0,4H,3H,,0,50,False,True,False,True,0
top_ten,svm,occupancy,mean_removed,6,unith,6,Faure,june_24_g0,0.999341238471673,1.0,1.0,0.8697916666666666,,,20,4,8,0,3,3,4,0,4,0,4H,4H,,0,0,False,False,False,False,0
top_ten,svm,occupancy,mean_removed,6,unith,6,Faure,june_24_g0,0.999341238471673,1.0,1.0,0.8697916666666666,,5,20,4,8,0,3,4,4,0,5,0,4H,5H,,0,10,False,True,False,True,0
top_ten,svm,occupancy,mean_removed,6,unith,6,Faure,june_24_g0,0.999341238471673,1.0,1.0,0.8697916666666666,,,20,4,8,0,3,5,4,0,6,0,4H,6H,,0,0,False,False,False,False,0
top_ten,svm,occupancy,mean_removed,6,unith,6,Faure,june_24_g0,0.999341238471673,1.0,1.0,0.8697916666666666,,,20,4,8,0,3,6,4,0,1,1,4H,1S,,0,0,False,False,False,False,0
top_ten,svm,occupancy,mean_removed,6,unith,6,Faure,june_24_g0,0.999341238471673,1.0,1.0,0.8697916666666666,,5,20,4,8,0,3,7,4,0,2,1,4H,2S,,0,22,False,True,False,True,0
top_ten,svm,occupancy,mean_removed,6,unith,6,Faure,june_24_g0,0.999341238471673,1.0,1.0,0.8697916666666666,,,20,4,8,0,3,8,4,0,3,1,4H,3S,,0,0,False,False,False,False,0
top_ten,svm,occupancy,mean_removed,6,unith,6,Faure,june_24_g0,0.999341238471673,1.0,1.0,0.8697916666666666,,5,20,4,8,0,3,9,4,0,4,1,4H,4S,,0,62,False,True,False,True,0
top_ten,svm,occupancy,mean_removed,6,unith,6,Faure,june_24_g0,0.999341238471673,1.0,1.0,0.8697916666666666,,5,20,4,8,0,3,10,4,0,5,1,4H,5S,,0,80,False,True,False,True,0
top_ten,svm,occupancy,mean_removed,6,unith,6,Faure,june_24_g0,0.999341238471673,1.0,1.0,0.8697916666666666,,5,20,4,8,0,3,11,4,0,6,1,4H,6S,,0,69,False,True,False,True,0
top_ten,svm,occupancy,mean_removed,6,unith,6,Faure,june_24_g0,0.999341238471673,1.0,1.0,0.8697916666666666,5,5,20,4,8,0,4,0,5,0,1,0,5H,1H,-0.015730204038909724,10,44,True,True,True,True,0
top_ten,svm,occupancy,mean_removed,6,unith,6,Faure,june_24_g0,0.999341238471673,1.0,1.0,0.8697916666666666,5,5,20,4,8,0,4,1,5,0,2,0,5H,2H,-0.35076834774913906,10,28,True,True,True,True,0
top_ten,svm,occupancy,mean_removed,6,unith,6,Faure,june_24_g0,0.999341238471673,1.0,1.0,0.8697916666666666,5,5,20,4,8,0,4,2,5,0,3,0,5H,3H,-0.27528822841118694,10,50,True,True,True,True,0
top_ten,svm,occupancy,mean_removed,6,unith,6,Faure,june_24_g0,0.999341238471673,1.0,1.0,0.8697916666666666,5,,20,4,8,0,4,3,5,0,4,0,5H,4H,,10,0,True,False,True,False,0
top_ten,svm,occupancy,mean_removed,6,unith,6,Faure,june_24_g0,0.999341238471673,1.0,1.0,0.8697916666666666,5,5,20,4,8,0,4,4,5,0,5,0,5H,5H,0.33241592236037265,10,10,True,True,True,True,0
top_ten,svm,occupancy,mean_removed,6,unith,6,Faure,june_24_g0,0.999341238471673,1.0,1.0,0.8697916666666666,5,,20,4,8,0,4,5,5,0,6,0,5H,6H,,10,0,True,False,True,False,0
top_ten,svm,occupancy,mean_removed,6,unith,6,Faure,june_24_g0,0.999341238471673,1.0,1.0,0.8697916666666666,5,,20,4,8,0,4,6,5,0,1,1,5H,1S,,10,0,True,False,True,False,0
top_ten,svm,occupancy,mean_removed,6,unith,6,Faure,june_24_g0,0.999341238471673,1.0,1.0,0.8697916666666666,5,5,20,4,8,0,4,7,5,0,2,1,5H,2S,0.2757561742988871,10,22,True,True,True,True,0
top_ten,svm,occupancy,mean_removed,6,unith,6,Faure,june_24_g0,0.999341238471673,1.0,1.0,0.8697916666666666,5,,20,4,8,0,4,8,5,0,3,1,5H,3S,,10,0,True,False,True,False,0
top_ten,svm,occupancy,mean_removed,6,unith,6,Faure,june_24_g0,0.999341238471673,1.0,1.0,0.8697916666666666,5,5,20,4,8,0,4,9,5,0,4,1,5H,4S,-0.07532066033003006,10,62,True,True,True,True,0
top_ten,svm,occupancy,mean_removed,6,unith,6,Faure,june_24_g0,0.999341238471673,1.0,1.0,0.8697916666666666,5,5,20,4,8,0,4,10,5,0,5,1,5H,5S,-0.18321009624197893,10,80,True,True,True,True,0
top_ten,svm,occupancy,mean_removed,6,unith,6,Faure,june_24_g0,0.999341238471673,1.0,1.0,0.8697916666666666,5,5,20,4,8,0,4,11,5,0,6,1,5H,6S,-0.32124685410455245,10,69,True,True,True,True,0
top_ten,svm,occupancy,mean_removed,6,unith,6,Faure,june_24_g0,0.999341238471673,1.0,1.0,0.8697916666666666,,5,20,4,8,0,5,0,6,0,1,0,6H,1H,,0,44,False,True,False,True,0
top_ten,svm,occupancy,mean_removed,6,unith,6,Faure,june_24_g0,0.999341238471673,1.0,1.0,0.8697916666666666,,5,20,4,8,0,5,1,6,0,2,0,6H,2H,,0,28,False,True,False,True,0
top_ten,svm,occupancy,mean_removed,6,unith,6,Faure,june_24_g0,0.999341238471673,1.0,1.0,0.8697916666666666,,5,20,4,8,0,5,2,6,0,3,0,6H,3H,,0,50,False,True,False,True,0
top_ten,svm,occupancy,mean_removed,6,unith,6,Faure,june_24_g0,0.999341238471673,1.0,1.0,0.8697916666666666,,,20,4,8,0,5,3,6,0,4,0,6H,4H,,0,0,False,False,False,False,0
top_ten,svm,occupancy,mean_removed,6,unith,6,Faure,june_24_g0,0.999341238471673,1.0,1.0,0.8697916666666666,,5,20,4,8,0,5,4,6,0,5,0,6H,5H,,0,10,False,True,False,True,0
top_ten,svm,occupancy,mean_removed,6,unith,6,Faure,june_24_g0,0.999341238471673,1.0,1.0,0.8697916666666666,,,20,4,8,0,5,5,6,0,6,0,6H,6H,,0,0,False,False,False,False,0
top_ten,svm,occupancy,mean_removed,6,unith,6,Faure,june_24_g0,0.999341238471673,1.0,1.0,0.8697916666666666,,,20,4,8,0,5,6,6,0,1,1,6H,1S,,0,0,False,False,False,False,0
top_ten,svm,occupancy,mean_removed,6,unith,6,Faure,june_24_g0,0.999341238471673,1.0,1.0,0.8697916666666666,,5,20,4,8,0,5,7,6,0,2,1,6H,2S,,0,22,False,True,False,True,0
top_ten,svm,occupancy,mean_removed,6,unith,6,Faure,june_24_g0,0.999341238471673,1.0,1.0,0.8697916666666666,,,20,4,8,0,5,8,6,0,3,1,6H,3S,,0,0,False,False,False,False,0
top_ten,svm,occupancy,mean_removed,6,unith,6,Faure,june_24_g0,0.999341238471673,1.0,1.0,0.8697916666666666,,5,20,4,8,0,5,9,6,0,4,1,6H,4S,,0,62,False,True,False,True,0
top_ten,svm,occupancy,mean_removed,6,unith,6,Faure,june_24_g0,0.999341238471673,1.0,1.0,0.8697916666666666,,5,20,4,8,0,5,10,6,0,5,1,6H,5S,,0,80,False,True,False,True,0
top_ten,svm,occupancy,mean_removed,6,unith,6,Faure,june_24_g0,0.999341238471673,1.0,1.0,0.8697916666666666,,5,20,4,8,0,5,11,6,0,6,1,6H,6S,,0,69,False,True,False,True,0
top_ten,svm,occupancy,mean_removed,6,unith,6,Faure,june_24_g0,0.999341238471673,1.0,1.0,0.8697916666666666,,5,20,4,8,0,6,0,1,1,1,0,1S,1H,,0,44,False,True,False,True,0
top_ten,svm,occupancy,mean_removed,6,unith,6,Faure,june_24_g0,0.999341238471673,1.0,1.0,0.8697916666666666,,5,20,4,8,0,6,1,1,1,2,0,1S,2H,,0,28,False,True,False,True,0
top_ten,svm,occupancy,mean_removed,6,unith,6,Faure,june_24_g0,0.999341238471673,1.0,1.0,0.8697916666666666,,5,20,4,8,0,6,2,1,1,3,0,1S,3H,,0,50,False,True,False,True,0
top_ten,svm,occupancy,mean_removed,6,unith,6,Faure,june_24_g0,0.999341238471673,1.0,1.0,0.8697916666666666,,,20,4,8,0,6,3,1,1,4,0,1S,4H,,0,0,False,False,False,False,0
top_ten,svm,occupancy,mean_removed,6,unith,6,Faure,june_24_g0,0.999341238471673,1.0,1.0,0.8697916666666666,,5,20,4,8,0,6,4,1,1,5,0,1S,5H,,0,10,False,True,False,True,0
top_ten,svm,occupancy,mean_removed,6,unith,6,Faure,june_24_g0,0.999341238471673,1.0,1.0,0.8697916666666666,,,20,4,8,0,6,5,1,1,6,0,1S,6H,,0,0,False,False,False,False,0
top_ten,svm,occupancy,mean_removed,6,unith,6,Faure,june_24_g0,0.999341238471673,1.0,1.0,0.8697916666666666,,,20,4,8,0,6,6,1,1,1,1,1S,1S,,0,0,False,False,False,False,0
top_ten,svm,occupancy,mean_removed,6,unith,6,Faure,june_24_g0,0.999341238471673,1.0,1.0,0.8697916666666666,,5,20,4,8,0,6,7,1,1,2,1,1S,2S,,0,22,False,True,False,True,0
top_ten,svm,occupancy,mean_removed,6,unith,6,Faure,june_24_g0,0.999341238471673,1.0,1.0,0.8697916666666666,,,20,4,8,0,6,8,1,1,3,1,1S,3S,,0,0,False,False,False,False,0
top_ten,svm,occupancy,mean_removed,6,unith,6,Faure,june_24_g0,0.999341238471673,1.0,1.0,0.8697916666666666,,5,20,4,8,0,6,9,1,1,4,1,1S,4S,,0,62,False,True,False,True,0
top_ten,svm,occupancy,mean_removed,6,unith,6,Faure,june_24_g0,0.999341238471673,1.0,1.0,0.8697916666666666,,5,20,4,8,0,6,10,1,1,5,1,1S,5S,,0,80,False,True,False,True,0
top_ten,svm,occupancy,mean_removed,6,unith,6,Faure,june_24_g0,0.999341238471673,1.0,1.0,0.8697916666666666,,5,20,4,8,0,6,11,1,1,6,1,1S,6S,,0,69,False,True,False,True,0
top_ten,svm,occupancy,mean_removed,6,unith,6,Faure,june_24_g0,0.999341238471673,1.0,1.0,0.8697916666666666,5,5,20,4,8,0,7,0,2,1,1,0,2S,1H,-0.023163324675177104,22,44,True,True,True,True,0
top_ten,svm,occupancy,mean_removed,6,unith,6,Faure,june_24_g0,0.999341238471673,1.0,1.0,0.8697916666666666,5,5,20,4,8,0,7,1,2,1,2,0,2S,2H,-0.13427416500708894,22,28,True,True,True,True,0
top_ten,svm,occupancy,mean_removed,6,unith,6,Faure,june_24_g0,0.999341238471673,1.0,1.0,0.8697916666666666,5,5,20,4,8,0,7,2,2,1,3,0,2S,3H,-0.18589180877726846,22,50,True,True,True,True,0
top_ten,svm,occupancy,mean_removed,6,unith,6,Faure,june_24_g0,0.999341238471673,1.0,1.0,0.8697916666666666,5,,20,4,8,0,7,3,2,1,4,0,2S,4H,,22,0,True,False,True,False,0
top_ten,svm,occupancy,mean_removed,6,unith,6,Faure,june_24_g0,0.999341238471673,1.0,1.0,0.8697916666666666,5,5,20,4,8,0,7,4,2,1,5,0,2S,5H,0.2757561742988871,22,10,True,True,True,True,0
top_ten,svm,occupancy,mean_removed,6,unith,6,Faure,june_24_g0,0.999341238471673,1.0,1.0,0.8697916666666666,5,,20,4,8,0,7,5,2,1,6,0,2S,6H,,22,0,True,False,True,False,0
top_ten,svm,occupancy,mean_removed,6,unith,6,Faure,june_24_g0,0.999341238471673,1.0,1.0,0.8697916666666666,5,,20,4,8,0,7,6,2,1,1,1,2S,1S,,22,0,True,False,True,False,0
top_ten,svm,occupancy,mean_removed,6,unith,6,Faure,june_24_g0,0.999341238471673,1.0,1.0,0.8697916666666666,5,5,20,4,8,0,7,7,2,1,2,1,2S,2S,-0.03585908538076724,22,22,True,True,True,True,0
top_ten,svm,occupancy,mean_removed,6,unith,6,Faure,june_24_g0,0.999341238471673,1.0,1.0,0.8697916666666666,5,,20,4,8,0,7,8,2,1,3,1,2S,3S,,22,0,True,False,True,False,0
top_ten,svm,occupancy,mean_removed,6,unith,6,Faure,june_24_g0,0.999341238471673,1.0,1.0,0.8697916666666666,5,5,20,4,8,0,7,9,2,1,4,1,2S,4S,-0.06606777495144298,22,62,True,True,True,True,0
top_ten,svm,occupancy,mean_removed,6,unith,6,Faure,june_24_g0,0.999341238471673,1.0,1.0,0.8697916666666666,5,5,20,4,8,0,7,10,2,1,5,1,2S,5S,-0.11586860858662736,22,80,True,True,True,True,0
top_ten,svm,occupancy,mean_removed,6,unith,6,Faure,june_24_g0,0.999341238471673,1.0,1.0,0.8697916666666666,5,5,20,4,8,0,7,11,2,1,6,1,2S,6S,-0.08574677684135731,22,69,True,True,True,True,0
top_ten,svm,occupancy,mean_removed,6,unith,6,Faure,june_24_g0,0.999341238471673,1.0,1.0,0.8697916666666666,,5,20,4,8,0,8,0,3,1,1,0,3S,1H,,0,44,False,True,False,True,0
top_ten,svm,occupancy,mean_removed,6,unith,6,Faure,june_24_g0,0.999341238471673,1.0,1.0,0.8697916666666666,,5,20,4,8,0,8,1,3,1,2,0,3S,2H,,0,28,False,True,False,True,0
top_ten,svm,occupancy,mean_removed,6,unith,6,Faure,june_24_g0,0.999341238471673,1.0,1.0,0.8697916666666666,,5,20,4,8,0,8,2,3,1,3,0,3S,3H,,0,50,False,True,False,True,0
top_ten,svm,occupancy,mean_removed,6,unith,6,Faure,june_24_g0,0.999341238471673,1.0,1.0,0.8697916666666666,,,20,4,8,0,8,3,3,1,4,0,3S,4H,,0,0,False,False,False,False,0
top_ten,svm,occupancy,mean_removed,6,unith,6,Faure,june_24_g0,0.999341238471673,1.0,1.0,0.8697916666666666,,5,20,4,8,0,8,4,3,1,5,0,3S,5H,,0,10,False,True,False,True,0
top_ten,svm,occupancy,mean_removed,6,unith,6,Faure,june_24_g0,0.999341238471673,1.0,1.0,0.8697916666666666,,,20,4,8,0,8,5,3,1,6,0,3S,6H,,0,0,False,False,False,False,0
top_ten,svm,occupancy,mean_removed,6,unith,6,Faure,june_24_g0,0.999341238471673,1.0,1.0,0.8697916666666666,,,20,4,8,0,8,6,3,1,1,1,3S,1S,,0,0,False,False,False,False,0
top_ten,svm,occupancy,mean_removed,6,unith,6,Faure,june_24_g0,0.999341238471673,1.0,1.0,0.8697916666666666,,5,20,4,8,0,8,7,3,1,2,1,3S,2S,,0,22,False,True,False,True,0
top_ten,svm,occupancy,mean_removed,6,unith,6,Faure,june_24_g0,0.999341238471673,1.0,1.0,0.8697916666666666,,,20,4,8,0,8,8,3,1,3,1,3S,3S,,0,0,False,False,False,False,0
top_ten,svm,occupancy,mean_removed,6,unith,6,Faure,june_24_g0,0.999341238471673,1.0,1.0,0.8697916666666666,,5,20,4,8,0,8,9,3,1,4,1,3S,4S,,0,62,False,True,False,True,0
top_ten,svm,occupancy,mean_removed,6,unith,6,Faure,june_24_g0,0.999341238471673,1.0,1.0,0.8697916666666666,,5,20,4,8,0,8,10,3,1,5,1,3S,5S,,0,80,False,True,False,True,0
top_ten,svm,occupancy,mean_removed,6,unith,6,Faure,june_24_g0,0.999341238471673,1.0,1.0,0.8697916666666666,,5,20,4,8,0,8,11,3,1,6,1,3S,6S,,0,69,False,True,False,True,0
top_ten,svm,occupancy,mean_removed,6,unith,6,Faure,june_24_g0,0.999341238471673,1.0,1.0,0.8697916666666666,5,5,20,4,8,0,9,0,4,1,1,0,4S,1H,-0.09025729782468593,62,44,True,True,True,True,0
top_ten,svm,occupancy,mean_removed,6,unith,6,Faure,june_24_g0,0.999341238471673,1.0,1.0,0.8697916666666666,5,5,20,4,8,0,9,1,4,1,2,0,4S,2H,0.05534511746576498,62,28,True,True,True,True,0
top_ten,svm,occupancy,mean_removed,6,unith,6,Faure,june_24_g0,0.999341238471673,1.0,1.0,0.8697916666666666,5,5,20,4,8,0,9,2,4,1,3,0,4S,3H,0.1053049644684578,62,50,True,True,True,True,0
top_ten,svm,occupancy,mean_removed,6,unith,6,Faure,june_24_g0,0.999341238471673,1.0,1.0,0.8697916666666666,5,,20,4,8,0,9,3,4,1,4,0,4S,4H,,62,0,True,False,True,False,0
top_ten,svm,occupancy,mean_removed,6,unith,6,Faure,june_24_g0,0.999341238471673,1.0,1.0,0.8697916666666666,5,5,20,4,8,0,9,4,4,1,5,0,4S,5H,-0.07532066033003006,62,10,True,True,True,True,0
top_ten,svm,occupancy,mean_removed,6,unith,6,Faure,june_24_g0,0.999341238471673,1.0,1.0,0.8697916666666666,5,,20,4,8,0,9,5,4,1,6,0,4S,6H,,62,0,True,False,True,False,0
top_ten,svm,occupancy,mean_removed,6,unith,6,Faure,june_24_g0,0.999341238471673,1.0,1.0,0.8697916666666666,5,,20,4,8,0,9,6,4,1,1,1,4S,1S,,62,0,True,False,True,False,0
top_ten,svm,occupancy,mean_removed,6,unith,6,Faure,june_24_g0,0.999341238471673,1.0,1.0,0.8697916666666666,5,5,20,4,8,0,9,7,4,1,2,1,4S,2S,-0.06606777495144298,62,22,True,True,True,True,0
top_ten,svm,occupancy,mean_removed,6,unith,6,Faure,june_24_g0,0.999341238471673,1.0,1.0,0.8697916666666666,5,,20,4,8,0,9,8,4,1,3,1,4S,3S,,62,0,True,False,True,False,0
top_ten,svm,occupancy,mean_removed,6,unith,6,Faure,june_24_g0,0.999341238471673,1.0,1.0,0.8697916666666666,5,5,20,4,8,0,9,9,4,1,4,1,4S,4S,-0.06415724687741006,62,62,True,True,True,True,0
top_ten,svm,occupancy,mean_removed,6,unith,6,Faure,june_24_g0,0.999341238471673,1.0,1.0,0.8697916666666666,5,5,20,4,8,0,9,10,4,1,5,1,4S,5S,0.0042722826005560655,62,80,True,True,True,True,0
top_ten,svm,occupancy,mean_removed,6,unith,6,Faure,june_24_g0,0.999341238471673,1.0,1.0,0.8697916666666666,5,5,20,4,8,0,9,11,4,1,6,1,4S,6S,0.22385754172952174,62,69,True,True,True,True,0
top_ten,svm,occupancy,mean_removed,6,unith,6,Faure,june_24_g0,0.999341238471673,1.0,1.0,0.8697916666666666,5,5,20,4,8,0,10,0,5,1,1,0,5S,1H,-0.15056626807860354,80,44,True,True,True,True,0
top_ten,svm,occupancy,mean_removed,6,unith,6,Faure,june_24_g0,0.999341238471673,1.0,1.0,0.8697916666666666,5,5,20,4,8,0,10,1,5,1,2,0,5S,2H,-0.00029701861601332533,80,28,True,True,True,True,0
top_ten,svm,occupancy,mean_removed,6,unith,6,Faure,june_24_g0,0.999341238471673,1.0,1.0,0.8697916666666666,5,5,20,4,8,0,10,2,5,1,3,0,5S,3H,0.20244373030042778,80,50,True,True,True,True,0
top_ten,svm,occupancy,mean_removed,6,unith,6,Faure,june_24_g0,0.999341238471673,1.0,1.0,0.8697916666666666,5,,20,4,8,0,10,3,5,1,4,0,5S,4H,,80,0,True,False,True,False,0
top_ten,svm,occupancy,mean_removed,6,unith,6,Faure,june_24_g0,0.999341238471673,1.0,1.0,0.8697916666666666,5,5,20,4,8,0,10,4,5,1,5,0,5S,5H,-0.18321009624197893,80,10,True,True,True,True,0
top_ten,svm,occupancy,mean_removed,6,unith,6,Faure,june_24_g0,0.999341238471673,1.0,1.0,0.8697916666666666,5,,20,4,8,0,10,5,5,1,6,0,5S,6H,,80,0,True,False,True,False,0
top_ten,svm,occupancy,mean_removed,6,unith,6,Faure,june_24_g0,0.999341238471673,1.0,1.0,0.8697916666666666,5,,20,4,8,0,10,6,5,1,1,1,5S,1S,,80,0,True,False,True,False,0
top_ten,svm,occupancy,mean_removed,6,unith,6,Faure,june_24_g0,0.999341238471673,1.0,1.0,0.8697916666666666,5,5,20,4,8,0,10,7,5,1,2,1,5S,2S,-0.11586860858662736,80,22,True,True,True,True,0
top_ten,svm,occupancy,mean_removed,6,unith,6,Faure,june_24_g0,0.999341238471673,1.0,1.0,0.8697916666666666,5,,20,4,8,0,10,8,5,1,3,1,5S,3S,,80,0,True,False,True,False,0
top_ten,svm,occupancy,mean_removed,6,unith,6,Faure,june_24_g0,0.999341238471673,1.0,1.0,0.8697916666666666,5,5,20,4,8,0,10,9,5,1,4,1,5S,4S,0.0042722826005560655,80,62,True,True,True,True,0
top_ten,svm,occupancy,mean_removed,6,unith,6,Faure,june_24_g0,0.999341238471673,1.0,1.0,0.8697916666666666,5,5,20,4,8,0,10,10,5,1,5,1,5S,5S,0.15452994528640346,80,80,True,True,True,True,0
top_ten,svm,occupancy,mean_removed,6,unith,6,Faure,june_24_g0,0.999341238471673,1.0,1.0,0.8697916666666666,5,5,20,4,8,0,10,11,5,1,6,1,5S,6S,0.06429352398499921,80,69,True,True,True,True,0
top_ten,svm,occupancy,mean_removed,6,unith,6,Faure,june_24_g0,0.999341238471673,1.0,1.0,0.8697916666666666,5,5,20,4,8,0,11,0,6,1,1,0,6S,1H,0.12657792086142333,69,44,True,True,True,True,0
top_ten,svm,occupancy,mean_removed,6,unith,6,Faure,june_24_g0,0.999341238471673,1.0,1.0,0.8697916666666666,5,5,20,4,8,0,11,1,6,1,2,0,6S,2H,0.3394537509611493,69,28,True,True,True,True,0
top_ten,svm,occupancy,mean_removed,6,unith,6,Faure,june_24_g0,0.999341238471673,1.0,1.0,0.8697916666666666,5,5,20,4,8,0,11,2,6,1,3,0,6S,3H,0.30764495252666063,69,50,True,True,True,True,0
top_ten,svm,occupancy,mean_removed,6,unith,6,Faure,june_24_g0,0.999341238471673,1.0,1.0,0.8697916666666666,5,,20,4,8,0,11,3,6,1,4,0,6S,4H,,69,0,True,False,True,False,0
top_ten,svm,occupancy,mean_removed,6,unith,6,Faure,june_24_g0,0.999341238471673,1.0,1.0,0.8697916666666666,5,5,20,4,8,0,11,4,6,1,5,0,6S,5H,-0.32124685410455245,69,10,True,True,True,True,0
top_ten,svm,occupancy,mean_removed,6,unith,6,Faure,june_24_g0,0.999341238471673,1.0,1.0,0.8697916666666666,5,,20,4,8,0,11,5,6,1,6,0,6S,6H,,69,0,True,False,True,False,0
top_ten,svm,occupancy,mean_removed,6,unith,6,Faure,june_24_g0,0.999341238471673,1.0,1.0,0.8697916666666666,5,,20,4,8,0,11,6,6,1,1,1,6S,1S,,69,0,True,False,True,False,0
top_ten,svm,occupancy,mean_removed,6,unith,6,Faure,june_24_g0,0.999341238471673,1.0,1.0,0.8697916666666666,5,5,20,4,8,0,11,7,6,1,2,1,6S,2S,-0.08574677684135731,69,22,True,True,True,True,0
top_ten,svm,occupancy,mean_removed,6,unith,6,Faure,june_24_g0,0.999341238471673,1.0,1.0,0.8697916666666666,5,,20,4,8,0,11,8,6,1,3,1,6S,3S,,69,0,True,False,True,False,0
top_ten,svm,occupancy,mean_removed,6,unith,6,Faure,june_24_g0,0.999341238471673,1.0,1.0,0.8697916666666666,5,5,20,4,8,0,11,9,6,1,4,1,6S,4S,0.22385754172952174,69,62,True,True,True,True,0
top_ten,svm,occupancy,mean_removed,6,unith,6,Faure,june_24_g0,0.999341238471673,1.0,1.0,0.8697916666666666,5,5,20,4,8,0,11,10,6,1,5,1,6S,5S,0.06429352398499921,69,80,True,True,True,True,0
top_ten,svm,occupancy,mean_removed,6,unith,6,Faure,june_24_g0,0.999341238471673,1.0,1.0,0.8697916666666666,5,5,20,4,8,0,11,11,6,1,6,1,6S,6S,0.16641497394120575,69,69,True,True,True,True,0
top_ten,svm,occupancy,mean_removed,6,unith,6,Faure,june_28_g0,0.993063812921126,0.9944510503369005,0.9511494252873562,0.5545023696682464,4,4,20,4,8,0,0,0,1,0,1,0,1H,1H,0.03931602222951632,57,57,True,True,True,True,0
top_ten,svm,occupancy,mean_removed,6,unith,6,Faure,june_28_g0,0.993063812921126,0.9944510503369005,0.9511494252873562,0.5545023696682464,4,4,20,4,8,0,0,1,1,0,2,0,1H,2H,0.1360635400453773,57,51,True,True,True,True,0
top_ten,svm,occupancy,mean_removed,6,unith,6,Faure,june_28_g0,0.993063812921126,0.9944510503369005,0.9511494252873562,0.5545023696682464,4,4,20,4,8,0,0,2,1,0,3,0,1H,3H,0.004626461650752196,57,64,True,True,True,True,0
top_ten,svm,occupancy,mean_removed,6,unith,6,Faure,june_28_g0,0.993063812921126,0.9944510503369005,0.9511494252873562,0.5545023696682464,4,4,20,4,8,0,0,3,1,0,4,0,1H,4H,-0.0011140960297874257,57,9,True,True,True,True,0
top_ten,svm,occupancy,mean_removed,6,unith,6,Faure,june_28_g0,0.993063812921126,0.9944510503369005,0.9511494252873562,0.5545023696682464,4,4,20,4,8,0,0,4,1,0,5,0,1H,5H,-0.12997423342161113,57,25,True,True,True,True,0
top_ten,svm,occupancy,mean_removed,6,unith,6,Faure,june_28_g0,0.993063812921126,0.9944510503369005,0.9511494252873562,0.5545023696682464,4,,20,4,8,0,0,5,1,0,6,0,1H,6H,,57,0,True,False,True,False,0
top_ten,svm,occupancy,mean_removed,6,unith,6,Faure,june_28_g0,0.993063812921126,0.9944510503369005,0.9511494252873562,0.5545023696682464,4,,20,4,8,0,0,6,1,0,1,1,1H,1S,,57,0,True,False,True,False,0
top_ten,svm,occupancy,mean_removed,6,unith,6,Faure,june_28_g0,0.993063812921126,0.9944510503369005,0.9511494252873562,0.5545023696682464,4,4,20,4,8,0,0,7,1,0,2,1,1H,2S,-0.04475802951551021,57,12,True,True,True,True,0
top_ten,svm,occupancy,mean_removed,6,unith,6,Faure,june_28_g0,0.993063812921126,0.9944510503369005,0.9511494252873562,0.5545023696682464,4,,20,4,8,0,0,8,1,0,3,1,1H,3S,,57,0,True,False,True,False,0
top_ten,svm,occupancy,mean_removed,6,unith,6,Faure,june_28_g0,0.993063812921126,0.9944510503369005,0.9511494252873562,0.5545023696682464,4,4,20,4,8,0,0,9,1,0,4,1,1H,4S,-0.020916092165525507,57,52,True,True,True,True,0
top_ten,svm,occupancy,mean_removed,6,unith,6,Faure,june_28_g0,0.993063812921126,0.9944510503369005,0.9511494252873562,0.5545023696682464,4,4,20,4,8,0,0,10,1,0,5,1,1H,5S,0.0008667494367656792,57,59,True,True,True,True,0
top_ten,svm,occupancy,mean_removed,6,unith,6,Faure,june_28_g0,0.993063812921126,0.9944510503369005,0.9511494252873562,0.5545023696682464,4,4,20,4,8,0,0,11,1,0,6,1,1H,6S,0.03823430865078055,57,80,True,True,True,True,0
top_ten,svm,occupancy,mean_removed,6,unith,6,Faure,june_28_g0,0.993063812921126,0.9944510503369005,0.9511494252873562,0.5545023696682464,4,4,20,4,8,0,1,0,2,0,1,0,2H,1H,0.1360635400453773,51,57,True,True,True,True,0
top_ten,svm,occupancy,mean_removed,6,unith,6,Faure,june_28_g0,0.993063812921126,0.9944510503369005,0.9511494252873562,0.5545023696682464,4,4,20,4,8,0,1,1,2,0,2,0,2H,2H,0.6013515092664377,51,51,True,True,True,True,0
top_ten,svm,occupancy,mean_removed,6,unith,6,Faure,june_28_g0,0.993063812921126,0.9944510503369005,0.9511494252873562,0.5545023696682464,4,4,20,4,8,0,1,2,2,0,3,0,2H,3H,-0.08671623401070377,51,64,True,True,True,True,0
top_ten,svm,occupancy,mean_removed,6,unith,6,Faure,june_28_g0,0.993063812921126,0.9944510503369005,0.9511494252873562,0.5545023696682464,4,4,20,4,8,0,1,3,2,0,4,0,2H,4H,0.4790787407990168,51,9,True,True,True,True,0
top_ten,svm,occupancy,mean_removed,6,unith,6,Faure,june_28_g0,0.993063812921126,0.9944510503369005,0.9511494252873562,0.5545023696682464,4,4,20,4,8,0,1,4,2,0,5,0,2H,5H,-0.21270474766363606,51,25,True,True,True,True,0
top_ten,svm,occupancy,mean_removed,6,unith,6,Faure,june_28_g0,0.993063812921126,0.9944510503369005,0.9511494252873562,0.5545023696682464,4,,20,4,8,0,1,5,2,0,6,0,2H,6H,,51,0,True,False,True,False,0
top_ten,svm,occupancy,mean_removed,6,unith,6,Faure,june_28_g0,0.993063812921126,0.9944510503369005,0.9511494252873562,0.5545023696682464,4,,20,4,8,0,1,6,2,0,1,1,2H,1S,,51,0,True,False,True,False,0
top_ten,svm,occupancy,mean_removed,6,unith,6,Faure,june_28_g0,0.993063812921126,0.9944510503369005,0.9511494252873562,0.5545023696682464,4,4,20,4,8,0,1,7,2,0,2,1,2H,2S,-0.030476927993527587,51,12,True,True,True,True,0
top_ten,svm,occupancy,mean_removed,6,unith,6,Faure,june_28_g0,0.993063812921126,0.9944510503369005,0.9511494252873562,0.5545023696682464,4,,20,4,8,0,1,8,2,0,3,1,2H,3S,,51,0,True,False,True,False,0
top_ten,svm,occupancy,mean_removed,6,unith,6,Faure,june_28_g0,0.993063812921126,0.9944510503369005,0.9511494252873562,0.5545023696682464,4,4,20,4,8,0,1,9,2,0,4,1,2H,4S,-0.048908665078032335,51,52,True,True,True,True,0
top_ten,svm,occupancy,mean_removed,6,unith,6,Faure,june_28_g0,0.993063812921126,0.9944510503369005,0.9511494252873562,0.5545023696682464,4,4,20,4,8,0,1,10,2,0,5,1,2H,5S,-0.3739625976516284,51,59,True,True,True,True,0
top_ten,svm,occupancy,mean_removed,6,unith,6,Faure,june_28_g0,0.993063812921126,0.9944510503369005,0.9511494252873562,0.5545023696682464,4,4,20,4,8,0,1,11,2,0,6,1,2H,6S,-0.05718162369128984,51,80,True,True,True,True,0
top_ten,svm,occupancy,mean_removed,6,unith,6,Faure,june_28_g0,0.993063812921126,0.9944510503369005,0.9511494252873562,0.5545023696682464,4,4,20,4,8,0,2,0,3,0,1,0,3H,1H,0.004626461650752196,64,57,True,True,True,True,0
top_ten,svm,occupancy,mean_removed,6,unith,6,Faure,june_28_g0,0.993063812921126,0.9944510503369005,0.9511494252873562,0.5545023696682464,4,4,20,4,8,0,2,1,3,0,2,0,3H,2H,-0.08671623401070377,64,51,True,True,True,True,0
top_ten,svm,occupancy,mean_removed,6,unith,6,Faure,june_28_g0,0.993063812921126,0.9944510503369005,0.9511494252873562,0.5545023696682464,4,4,20,4,8,0,2,2,3,0,3,0,3H,3H,0.026229417702026005,64,64,True,True,True,True,0
top_ten,svm,occupancy,mean_removed,6,unith,6,Faure,june_28_g0,0.993063812921126,0.9944510503369005,0.9511494252873562,0.5545023696682464,4,4,20,4,8,0,2,3,3,0,4,0,3H,4H,-0.10999968110629943,64,9,True,True,True,True,0
top_ten,svm,occupancy,mean_removed,6,unith,6,Faure,june_28_g0,0.993063812921126,0.9944510503369005,0.9511494252873562,0.5545023696682464,4,4,20,4,8,0,2,4,3,0,5,0,3H,5H,-0.10321782244349356,64,25,True,True,True,True,0
top_ten,svm,occupancy,mean_removed,6,unith,6,Faure,june_28_g0,0.993063812921126,0.9944510503369005,0.9511494252873562,0.5545023696682464,4,,20,4,8,0,2,5,3,0,6,0,3H,6H,,64,0,True,False,True,False,0
top_ten,svm,occupancy,mean_removed,6,unith,6,Faure,june_28_g0,0.993063812921126,0.9944510503369005,0.9511494252873562,0.5545023696682464,4,,20,4,8,0,2,6,3,0,1,1,3H,1S,,64,0,True,False,True,False,0
top_ten,svm,occupancy,mean_removed,6,unith,6,Faure,june_28_g0,0.993063812921126,0.9944510503369005,0.9511494252873562,0.5545023696682464,4,4,20,4,8,0,2,7,3,0,2,1,3H,2S,-0.10566139738210804,64,12,True,True,True,True,0
top_ten,svm,occupancy,mean_removed,6,unith,6,Faure,june_28_g0,0.993063812921126,0.9944510503369005,0.9511494252873562,0.5545023696682464,4,,20,4,8,0,2,8,3,0,3,1,3H,3S,,64,0,True,False,True,False,0
top_ten,svm,occupancy,mean_removed,6,unith,6,Faure,june_28_g0,0.993063812921126,0.9944510503369005,0.9511494252873562,0.5545023696682464,4,4,20,4,8,0,2,9,3,0,4,1,3H,4S,0.00871248687981667,64,52,True,True,True,True,0
top_ten,svm,occupancy,mean_removed,6,unith,6,Faure,june_28_g0,0.993063812921126,0.9944510503369005,0.9511494252873562,0.5545023696682464,4,4,20,4,8,0,2,10,3,0,5,1,3H,5S,0.15413671502504575,64,59,True,True,True,True,0
top_ten,svm,occupancy,mean_removed,6,unith,6,Faure,june_28_g0,0.993063812921126,0.9944510503369005,0.9511494252873562,0.5545023696682464,4,4,20,4,8,0,2,11,3,0,6,1,3H,6S,0.02829935658433732,64,80,True,True,True,True,0
top_ten,svm,occupancy,mean_removed,6,unith,6,Faure,june_28_g0,0.993063812921126,0.9944510503369005,0.9511494252873562,0.5545023696682464,4,4,20,4,8,0,3,0,4,0,1,0,4H,1H,-0.0011140960297874257,9,57,True,True,True,True,0
top_ten,svm,occupancy,mean_removed,6,unith,6,Faure,june_28_g0,0.993063812921126,0.9944510503369005,0.9511494252873562,0.5545023696682464,4,4,20,4,8,0,3,1,4,0,2,0,4H,2H,0.4790787407990168,9,51,True,True,True,True,0
top_ten,svm,occupancy,mean_removed,6,unith,6,Faure,june_28_g0,0.993063812921126,0.9944510503369005,0.9511494252873562,0.5545023696682464,4,4,20,4,8,0,3,2,4,0,3,0,4H,3H,-0.10999968110629943,9,64,True,True,True,True,0
top_ten,svm,occupancy,mean_removed,6,unith,6,Faure,june_28_g0,0.993063812921126,0.9944510503369005,0.9511494252873562,0.5545023696682464,4,4,20,4,8,0,3,3,4,0,4,0,4H,4H,0.08951297470637676,9,9,True,True,True,True,0
top_ten,svm,occupancy,mean_removed,6,unith,6,Faure,june_28_g0,0.993063812921126,0.9944510503369005,0.9511494252873562,0.5545023696682464,4,4,20,4,8,0,3,4,4,0,5,0,4H,5H,-0.12761596313075732,9,25,True,True,True,True,0
top_ten,svm,occupancy,mean_removed,6,unith,6,Faure,june_28_g0,0.993063812921126,0.9944510503369005,0.9511494252873562,0.5545023696682464,4,,20,4,8,0,3,5,4,0,6,0,4H,6H,,9,0,True,False,True,False,0
top_ten,svm,occupancy,mean_removed,6,unith,6,Faure,june_28_g0,0.993063812921126,0.9944510503369005,0.9511494252873562,0.5545023696682464,4,,20,4,8,0,3,6,4,0,1,1,4H,1S,,9,0,True,False,True,False,0
top_ten,svm,occupancy,mean_removed,6,unith,6,Faure,june_28_g0,0.993063812921126,0.9944510503369005,0.9511494252873562,0.5545023696682464,4,4,20,4,8,0,3,7,4,0,2,1,4H,2S,-0.022305102183546255,9,12,True,True,True,True,0
top_ten,svm,occupancy,mean_removed,6,unith,6,Faure,june_28_g0,0.993063812921126,0.9944510503369005,0.9511494252873562,0.5545023696682464,4,,20,4,8,0,3,8,4,0,3,1,4H,3S,,9,0,True,False,True,False,0
top_ten,svm,occupancy,mean_removed,6,unith,6,Faure,june_28_g0,0.993063812921126,0.9944510503369005,0.9511494252873562,0.5545023696682464,4,4,20,4,8,0,3,9,4,0,4,1,4H,4S,0.03063958305024289,9,52,True,True,True,True,0
top_ten,svm,occupancy,mean_removed,6,unith,6,Faure,june_28_g0,0.993063812921126,0.9944510503369005,0.9511494252873562,0.5545023696682464,4,4,20,4,8,0,3,10,4,0,5,1,4H,5S,-0.20538423246994517,9,59,True,True,True,True,0
top_ten,svm,occupancy,mean_removed,6,unith,6,Faure,june_28_g0,0.993063812921126,0.9944510503369005,0.9511494252873562,0.5545023696682464,4,4,20,4,8,0,3,11,4,0,6,1,4H,6S,-0.005266549705627524,9,80,True,True,True,True,0
top_ten,svm,occupancy,mean_removed,6,unith,6,Faure,june_28_g0,0.993063812921126,0.9944510503369005,0.9511494252873562,0.5545023696682464,4,4,20,4,8,0,4,0,5,0,1,0,5H,1H,-0.12997423342161113,25,57,True,True,True,True,0
top_ten,svm,occupancy,mean_removed,6,unith,6,Faure,june_28_g0,0.993063812921126,0.9944510503369005,0.9511494252873562,0.5545023696682464,4,4,20,4,8,0,4,1,5,0,2,0,5H,2H,-0.21270474766363606,25,51,True,True,True,True,0
top_ten,svm,occupancy,mean_removed,6,unith,6,Faure,june_28_g0,0.993063812921126,0.9944510503369005,0.9511494252873562,0.5545023696682464,4,4,20,4,8,0,4,2,5,0,3,0,5H,3H,-0.10321782244349356,25,64,True,True,True,True,0
top_ten,svm,occupancy,mean_removed,6,unith,6,Faure,june_28_g0,0.993063812921126,0.9944510503369005,0.9511494252873562,0.5545023696682464,4,4,20,4,8,0,4,3,5,0,4,0,5H,4H,-0.12761596313075732,25,9,True,True,True,True,0
top_ten,svm,occupancy,mean_removed,6,unith,6,Faure,june_28_g0,0.993063812921126,0.9944510503369005,0.9511494252873562,0.5545023696682464,4,4,20,4,8,0,4,4,5,0,5,0,5H,5H,0.11949009532902517,25,25,True,True,True,True,0
top_ten,svm,occupancy,mean_removed,6,unith,6,Faure,june_28_g0,0.993063812921126,0.9944510503369005,0.9511494252873562,0.5545023696682464,4,,20,4,8,0,4,5,5,0,6,0,5H,6H,,25,0,True,False,True,False,0
top_ten,svm,occupancy,mean_removed,6,unith,6,Faure,june_28_g0,0.993063812921126,0.9944510503369005,0.9511494252873562,0.5545023696682464,4,,20,4,8,0,4,6,5,0,1,1,5H,1S,,25,0,True,False,True,False,0
top_ten,svm,occupancy,mean_removed,6,unith,6,Faure,june_28_g0,0.993063812921126,0.9944510503369005,0.9511494252873562,0.5545023696682464,4,4,20,4,8,0,4,7,5,0,2,1,5H,2S,0.06582358795979386,25,12,True,True,True,True,0
top_ten,svm,occupancy,mean_removed,6,unith,6,Faure,june_28_g0,0.993063812921126,0.9944510503369005,0.9511494252873562,0.5545023696682464,4,,20,4,8,0,4,8,5,0,3,1,5H,3S,,25,0,True,False,True,False,0
top_ten,svm,occupancy,mean_removed,6,unith,6,Faure,june_28_g0,0.993063812921126,0.9944510503369005,0.9511494252873562,0.5545023696682464,4,4,20,4,8,0,4,9,5,0,4,1,5H,4S,0.04076416162628791,25,52,True,True,True,True,0
top_ten,svm,occupancy,mean_removed,6,unith,6,Faure,june_28_g0,0.993063812921126,0.9944510503369005,0.9511494252873562,0.5545023696682464,4,4,20,4,8,0,4,10,5,0,5,1,5H,5S,0.3191087936094331,25,59,True,True,True,True,0
top_ten,svm,occupancy,mean_removed,6,unith,6,Faure,june_28_g0,0.993063812921126,0.9944510503369005,0.9511494252873562,0.5545023696682464,4,4,20,4,8,0,4,11,5,0,6,1,5H,6S,-0.058341469754248546,25,80,True,True,True,True,0
top_ten,svm,occupancy,mean_removed,6,unith,6,Faure,june_28_g0,0.993063812921126,0.9944510503369005,0.9511494252873562,0.5545023696682464,,4,20,4,8,0,5,0,6,0,1,0,6H,1H,,0,57,False,True,False,True,0
top_ten,svm,occupancy,mean_removed,6,unith,6,Faure,june_28_g0,0.993063812921126,0.9944510503369005,0.9511494252873562,0.5545023696682464,,4,20,4,8,0,5,1,6,0,2,0,6H,2H,,0,51,False,True,False,True,0
top_ten,svm,occupancy,mean_removed,6,unith,6,Faure,june_28_g0,0.993063812921126,0.9944510503369005,0.9511494252873562,0.5545023696682464,,4,20,4,8,0,5,2,6,0,3,0,6H,3H,,0,64,False,True,False,True,0
top_ten,svm,occupancy,mean_removed,6,unith,6,Faure,june_28_g0,0.993063812921126,0.9944510503369005,0.9511494252873562,0.5545023696682464,,4,20,4,8,0,5,3,6,0,4,0,6H,4H,,0,9,False,True,False,True,0
top_ten,svm,occupancy,mean_removed,6,unith,6,Faure,june_28_g0,0.993063812921126,0.9944510503369005,0.9511494252873562,0.5545023696682464,,4,20,4,8,0,5,4,6,0,5,0,6H,5H,,0,25,False,True,False,True,0
top_ten,svm,occupancy,mean_removed,6,unith,6,Faure,june_28_g0,0.993063812921126,0.9944510503369005,0.9511494252873562,0.5545023696682464,,,20,4,8,0,5,5,6,0,6,0,6H,6H,,0,0,False,False,False,False,0
top_ten,svm,occupancy,mean_removed,6,unith,6,Faure,june_28_g0,0.993063812921126,0.9944510503369005,0.9511494252873562,0.5545023696682464,,,20,4,8,0,5,6,6,0,1,1,6H,1S,,0,0,False,False,False,False,0
top_ten,svm,occupancy,mean_removed,6,unith,6,Faure,june_28_g0,0.993063812921126,0.9944510503369005,0.9511494252873562,0.5545023696682464,,4,20,4,8,0,5,7,6,0,2,1,6H,2S,,0,12,False,True,False,True,0
top_ten,svm,occupancy,mean_removed,6,unith,6,Faure,june_28_g0,0.993063812921126,0.9944510503369005,0.9511494252873562,0.5545023696682464,,,20,4,8,0,5,8,6,0,3,1,6H,3S,,0,0,False,False,False,False,0
top_ten,svm,occupancy,mean_removed,6,unith,6,Faure,june_28_g0,0.993063812921126,0.9944510503369005,0.9511494252873562,0.5545023696682464,,4,20,4,8,0,5,9,6,0,4,1,6H,4S,,0,52,False,True,False,True,0
top_ten,svm,occupancy,mean_removed,6,unith,6,Faure,june_28_g0,0.993063812921126,0.9944510503369005,0.9511494252873562,0.5545023696682464,,4,20,4,8,0,5,10,6,0,5,1,6H,5S,,0,59,False,True,False,True,0
top_ten,svm,occupancy,mean_removed,6,unith,6,Faure,june_28_g0,0.993063812921126,0.9944510503369005,0.9511494252873562,0.5545023696682464,,4,20,4,8,0,5,11,6,0,6,1,6H,6S,,0,80,False,True,False,True,0
top_ten,svm,occupancy,mean_removed,6,unith,6,Faure,june_28_g0,0.993063812921126,0.9944510503369005,0.9511494252873562,0.5545023696682464,,4,20,4,8,0,6,0,1,1,1,0,1S,1H,,0,57,False,True,False,True,0
top_ten,svm,occupancy,mean_removed,6,unith,6,Faure,june_28_g0,0.993063812921126,0.9944510503369005,0.9511494252873562,0.5545023696682464,,4,20,4,8,0,6,1,1,1,2,0,1S,2H,,0,51,False,True,False,True,0
top_ten,svm,occupancy,mean_removed,6,unith,6,Faure,june_28_g0,0.993063812921126,0.9944510503369005,0.9511494252873562,0.5545023696682464,,4,20,4,8,0,6,2,1,1,3,0,1S,3H,,0,64,False,True,False,True,0
top_ten,svm,occupancy,mean_removed,6,unith,6,Faure,june_28_g0,0.993063812921126,0.9944510503369005,0.9511494252873562,0.5545023696682464,,4,20,4,8,0,6,3,1,1,4,0,1S,4H,,0,9,False,True,False,True,0
top_ten,svm,occupancy,mean_removed,6,unith,6,Faure,june_28_g0,0.993063812921126,0.9944510503369005,0.9511494252873562,0.5545023696682464,,4,20,4,8,0,6,4,1,1,5,0,1S,5H,,0,25,False,True,False,True,0
top_ten,svm,occupancy,mean_removed,6,unith,6,Faure,june_28_g0,0.993063812921126,0.9944510503369005,0.9511494252873562,0.5545023696682464,,,20,4,8,0,6,5,1,1,6,0,1S,6H,,0,0,False,False,False,False,0
top_ten,svm,occupancy,mean_removed,6,unith,6,Faure,june_28_g0,0.993063812921126,0.9944510503369005,0.9511494252873562,0.5545023696682464,,,20,4,8,0,6,6,1,1,1,1,1S,1S,,0,0,False,False,False,False,0
top_ten,svm,occupancy,mean_removed,6,unith,6,Faure,june_28_g0,0.993063812921126,0.9944510503369005,0.9511494252873562,0.5545023696682464,,4,20,4,8,0,6,7,1,1,2,1,1S,2S,,0,12,False,True,False,True,0
top_ten,svm,occupancy,mean_removed,6,unith,6,Faure,june_28_g0,0.993063812921126,0.9944510503369005,0.9511494252873562,0.5545023696682464,,,20,4,8,0,6,8,1,1,3,1,1S,3S,,0,0,False,False,False,False,0
top_ten,svm,occupancy,mean_removed,6,unith,6,Faure,june_28_g0,0.993063812921126,0.9944510503369005,0.9511494252873562,0.5545023696682464,,4,20,4,8,0,6,9,1,1,4,1,1S,4S,,0,52,False,True,False,True,0
top_ten,svm,occupancy,mean_removed,6,unith,6,Faure,june_28_g0,0.993063812921126,0.9944510503369005,0.9511494252873562,0.5545023696682464,,4,20,4,8,0,6,10,1,1,5,1,1S,5S,,0,59,False,True,False,True,0
top_ten,svm,occupancy,mean_removed,6,unith,6,Faure,june_28_g0,0.993063812921126,0.9944510503369005,0.9511494252873562,0.5545023696682464,,4,20,4,8,0,6,11,1,1,6,1,1S,6S,,0,80,False,True,False,True,0
top_ten,svm,occupancy,mean_removed,6,unith,6,Faure,june_28_g0,0.993063812921126,0.9944510503369005,0.9511494252873562,0.5545023696682464,4,4,20,4,8,0,7,0,2,1,1,0,2S,1H,-0.04475802951551021,12,57,True,True,True,True,0
top_ten,svm,occupancy,mean_removed,6,unith,6,Faure,june_28_g0,0.993063812921126,0.9944510503369005,0.9511494252873562,0.5545023696682464,4,4,20,4,8,0,7,1,2,1,2,0,2S,2H,-0.030476927993527587,12,51,True,True,True,True,0
top_ten,svm,occupancy,mean_removed,6,unith,6,Faure,june_28_g0,0.993063812921126,0.9944510503369005,0.9511494252873562,0.5545023696682464,4,4,20,4,8,0,7,2,2,1,3,0,2S,3H,-0.10566139738210804,12,64,True,True,True,True,0
top_ten,svm,occupancy,mean_removed,6,unith,6,Faure,june_28_g0,0.993063812921126,0.9944510503369005,0.9511494252873562,0.5545023696682464,4,4,20,4,8,0,7,3,2,1,4,0,2S,4H,-0.022305102183546255,12,9,True,True,True,True,0
top_ten,svm,occupancy,mean_removed,6,unith,6,Faure,june_28_g0,0.993063812921126,0.9944510503369005,0.9511494252873562,0.5545023696682464,4,4,20,4,8,0,7,4,2,1,5,0,2S,5H,0.06582358795979386,12,25,True,True,True,True,0
top_ten,svm,occupancy,mean_removed,6,unith,6,Faure,june_28_g0,0.993063812921126,0.9944510503369005,0.9511494252873562,0.5545023696682464,4,,20,4,8,0,7,5,2,1,6,0,2S,6H,,12,0,True,False,True,False,0
top_ten,svm,occupancy,mean_removed,6,unith,6,Faure,june_28_g0,0.993063812921126,0.9944510503369005,0.9511494252873562,0.5545023696682464,4,,20,4,8,0,7,6,2,1,1,1,2S,1S,,12,0,True,False,True,False,0
top_ten,svm,occupancy,mean_removed,6,unith,6,Faure,june_28_g0,0.993063812921126,0.9944510503369005,0.9511494252873562,0.5545023696682464,4,4,20,4,8,0,7,7,2,1,2,1,2S,2S,-0.21482017632178513,12,12,True,True,True,True,0
top_ten,svm,occupancy,mean_removed,6,unith,6,Faure,june_28_g0,0.993063812921126,0.9944510503369005,0.9511494252873562,0.5545023696682464,4,,20,4,8,0,7,8,2,1,3,1,2S,3S,,12,0,True,False,True,False,0
top_ten,svm,occupancy,mean_removed,6,unith,6,Faure,june_28_g0,0.993063812921126,0.9944510503369005,0.9511494252873562,0.5545023696682464,4,4,20,4,8,0,7,9,2,1,4,1,2S,4S,0.06327074071818901,12,52,True,True,True,True,0
top_ten,svm,occupancy,mean_removed,6,unith,6,Faure,june_28_g0,0.993063812921126,0.9944510503369005,0.9511494252873562,0.5545023696682464,4,4,20,4,8,0,7,10,2,1,5,1,2S,5S,0.08447045402992241,12,59,True,True,True,True,0
top_ten,svm,occupancy,mean_removed,6,unith,6,Faure,june_28_g0,0.993063812921126,0.9944510503369005,0.9511494252873562,0.5545023696682464,4,4,20,4,8,0,7,11,2,1,6,1,2S,6S,0.0650761813188118,12,80,True,True,True,True,0
top_ten,svm,occupancy,mean_removed,6,unith,6,Faure,june_28_g0,0.993063812921126,0.9944510503369005,0.9511494252873562,0.5545023696682464,,4,20,4,8,0,8,0,3,1,1,0,3S,1H,,0,57,False,True,False,True,0
top_ten,svm,occupancy,mean_removed,6,unith,6,Faure,june_28_g0,0.993063812921126,0.9944510503369005,0.9511494252873562,0.5545023696682464,,4,20,4,8,0,8,1,3,1,2,0,3S,2H,,0,51,False,True,False,True,0
top_ten,svm,occupancy,mean_removed,6,unith,6,Faure,june_28_g0,0.993063812921126,0.9944510503369005,0.9511494252873562,0.5545023696682464,,4,20,4,8,0,8,2,3,1,3,0,3S,3H,,0,64,False,True,False,True,0
top_ten,svm,occupancy,mean_removed,6,unith,6,Faure,june_28_g0,0.993063812921126,0.9944510503369005,0.9511494252873562,0.5545023696682464,,4,20,4,8,0,8,3,3,1,4,0,3S,4H,,0,9,False,True,False,True,0
top_ten,svm,occupancy,mean_removed,6,unith,6,Faure,june_28_g0,0.993063812921126,0.9944510503369005,0.9511494252873562,0.5545023696682464,,4,20,4,8,0,8,4,3,1,5,0,3S,5H,,0,25,False,True,False,True,0
top_ten,svm,occupancy,mean_removed,6,unith,6,Faure,june_28_g0,0.993063812921126,0.9944510503369005,0.9511494252873562,0.5545023696682464,,,20,4,8,0,8,5,3,1,6,0,3S,6H,,0,0,False,False,False,False,0
top_ten,svm,occupancy,mean_removed,6,unith,6,Faure,june_28_g0,0.993063812921126,0.9944510503369005,0.9511494252873562,0.5545023696682464,,,20,4,8,0,8,6,3,1,1,1,3S,1S,,0,0,False,False,False,False,0
top_ten,svm,occupancy,mean_removed,6,unith,6,Faure,june_28_g0,0.993063812921126,0.9944510503369005,0.9511494252873562,0.5545023696682464,,4,20,4,8,0,8,7,3,1,2,1,3S,2S,,0,12,False,True,False,True,0
top_ten,svm,occupancy,mean_removed,6,unith,6,Faure,june_28_g0,0.993063812921126,0.9944510503369005,0.9511494252873562,0.5545023696682464,,,20,4,8,0,8,8,3,1,3,1,3S,3S,,0,0,False,False,False,False,0
top_ten,svm,occupancy,mean_removed,6,unith,6,Faure,june_28_g0,0.993063812921126,0.9944510503369005,0.9511494252873562,0.5545023696682464,,4,20,4,8,0,8,9,3,1,4,1,3S,4S,,0,52,False,True,False,True,0
top_ten,svm,occupancy,mean_removed,6,unith,6,Faure,june_28_g0,0.993063812921126,0.9944510503369005,0.9511494252873562,0.5545023696682464,,4,20,4,8,0,8,10,3,1,5,1,3S,5S,,0,59,False,True,False,True,0
top_ten,svm,occupancy,mean_removed,6,unith,6,Faure,june_28_g0,0.993063812921126,0.9944510503369005,0.9511494252873562,0.5545023696682464,,4,20,4,8,0,8,11,3,1,6,1,3S,6S,,0,80,False,True,False,True,0
top_ten,svm,occupancy,mean_removed,6,unith,6,Faure,june_28_g0,0.993063812921126,0.9944510503369005,0.9511494252873562,0.5545023696682464,4,4,20,4,8,0,9,0,4,1,1,0,4S,1H,-0.020916092165525507,52,57,True,True,True,True,0
top_ten,svm,occupancy,mean_removed,6,unith,6,Faure,june_28_g0,0.993063812921126,0.9944510503369005,0.9511494252873562,0.5545023696682464,4,4,20,4,8,0,9,1,4,1,2,0,4S,2H,-0.048908665078032335,52,51,True,True,True,True,0
top_ten,svm,occupancy,mean_removed,6,unith,6,Faure,june_28_g0,0.993063812921126,0.9944510503369005,0.9511494252873562,0.5545023696682464,4,4,20,4,8,0,9,2,4,1,3,0,4S,3H,0.00871248687981667,52,64,True,True,True,True,0
top_ten,svm,occupancy,mean_removed,6,unith,6,Faure,june_28_g0,0.993063812921126,0.9944510503369005,0.9511494252873562,0.5545023696682464,4,4,20,4,8,0,9,3,4,1,4,0,4S,4H,0.03063958305024289,52,9,True,True,True,True,0
top_ten,svm,occupancy,mean_removed,6,unith,6,Faure,june_28_g0,0.993063812921126,0.9944510503369005,0.9511494252873562,0.5545023696682464,4,4,20,4,8,0,9,4,4,1,5,0,4S,5H,0.04076416162628791,52,25,True,True,True,True,0
top_ten,svm,occupancy,mean_removed,6,unith,6,Faure,june_28_g0,0.993063812921126,0.9944510503369005,0.9511494252873562,0.5545023696682464,4,,20,4,8,0,9,5,4,1,6,0,4S,6H,,52,0,True,False,True,False,0
top_ten,svm,occupancy,mean_removed,6,unith,6,Faure,june_28_g0,0.993063812921126,0.9944510503369005,0.9511494252873562,0.5545023696682464,4,,20,4,8,0,9,6,4,1,1,1,4S,1S,,52,0,True,False,True,False,0
top_ten,svm,occupancy,mean_removed,6,unith,6,Faure,june_28_g0,0.993063812921126,0.9944510503369005,0.9511494252873562,0.5545023696682464,4,4,20,4,8,0,9,7,4,1,2,1,4S,2S,0.06327074071818901,52,12,True,True,True,True,0
top_ten,svm,occupancy,mean_removed,6,unith,6,Faure,june_28_g0,0.993063812921126,0.9944510503369005,0.9511494252873562,0.5545023696682464,4,,20,4,8,0,9,8,4,1,3,1,4S,3S,,52,0,True,False,True,False,0
top_ten,svm,occupancy,mean_removed,6,unith,6,Faure,june_28_g0,0.993063812921126,0.9944510503369005,0.9511494252873562,0.5545023696682464,4,4,20,4,8,0,9,9,4,1,4,1,4S,4S,0.07452163849885574,52,52,True,True,True,True,0
top_ten,svm,occupancy,mean_removed,6,unith,6,Faure,june_28_g0,0.993063812921126,0.9944510503369005,0.9511494252873562,0.5545023696682464,4,4,20,4,8,0,9,10,4,1,5,1,4S,5S,0.19299486996621104,52,59,True,True,True,True,0
top_ten,svm,occupancy,mean_removed,6,unith,6,Faure,june_28_g0,0.993063812921126,0.9944510503369005,0.9511494252873562,0.5545023696682464,4,4,20,4,8,0,9,11,4,1,6,1,4S,6S,0.015877532086461477,52,80,True,True,True,True,0
top_ten,svm,occupancy,mean_removed,6,unith,6,Faure,june_28_g0,0.993063812921126,0.9944510503369005,0.9511494252873562,0.5545023696682464,4,4,20,4,8,0,10,0,5,1,1,0,5S,1H,0.0008667494367656792,59,57,True,True,True,True,0
top_ten,svm,occupancy,mean_removed,6,unith,6,Faure,june_28_g0,0.993063812921126,0.9944510503369005,0.9511494252873562,0.5545023696682464,4,4,20,4,8,0,10,1,5,1,2,0,5S,2H,-0.3739625976516284,59,51,True,True,True,True,0
top_ten,svm,occupancy,mean_removed,6,unith,6,Faure,june_28_g0,0.993063812921126,0.9944510503369005,0.9511494252873562,0.5545023696682464,4,4,20,4,8,0,10,2,5,1,3,0,5S,3H,0.15413671502504575,59,64,True,True,True,True,0
top_ten,svm,occupancy,mean_removed,6,unith,6,Faure,june_28_g0,0.993063812921126,0.9944510503369005,0.9511494252873562,0.5545023696682464,4,4,20,4,8,0,10,3,5,1,4,0,5S,4H,-0.20538423246994517,59,9,True,True,True,True,0
top_ten,svm,occupancy,mean_removed,6,unith,6,Faure,june_28_g0,0.993063812921126,0.9944510503369005,0.9511494252873562,0.5545023696682464,4,4,20,4,8,0,10,4,5,1,5,0,5S,5H,0.3191087936094331,59,25,True,True,True,True,0
top_ten,svm,occupancy,mean_removed,6,unith,6,Faure,june_28_g0,0.993063812921126,0.9944510503369005,0.9511494252873562,0.5545023696682464,4,,20,4,8,0,10,5,5,1,6,0,5S,6H,,59,0,True,False,True,False,0
top_ten,svm,occupancy,mean_removed,6,unith,6,Faure,june_28_g0,0.993063812921126,0.9944510503369005,0.9511494252873562,0.5545023696682464,4,,20,4,8,0,10,6,5,1,1,1,5S,1S,,59,0,True,False,True,False,0
top_ten,svm,occupancy,mean_removed,6,unith,6,Faure,june_28_g0,0.993063812921126,0.9944510503369005,0.9511494252873562,0.5545023696682464,4,4,20,4,8,0,10,7,5,1,2,1,5S,2S,0.08447045402992241,59,12,True,True,True,True,0
top_ten,svm,occupancy,mean_removed,6,unith,6,Faure,june_28_g0,0.993063812921126,0.9944510503369005,0.9511494252873562,0.5545023696682464,4,,20,4,8,0,10,8,5,1,3,1,5S,3S,,59,0,True,False,True,False,0
top_ten,svm,occupancy,mean_removed,6,unith,6,Faure,june_28_g0,0.993063812921126,0.9944510503369005,0.9511494252873562,0.5545023696682464,4,4,20,4,8,0,10,9,5,1,4,1,5S,4S,0.19299486996621104,59,52,True,True,True,True,0
top_ten,svm,occupancy,mean_removed,6,unith,6,Faure,june_28_g0,0.993063812921126,0.9944510503369005,0.9511494252873562,0.5545023696682464,4,4,20,4,8,0,10,10,5,1,5,1,5S,5S,0.09494126176702415,59,59,True,True,True,True,0
top_ten,svm,occupancy,mean_removed,6,unith,6,Faure,june_28_g0,0.993063812921126,0.9944510503369005,0.9511494252873562,0.5545023696682464,4,4,20,4,8,0,10,11,5,1,6,1,5S,6S,0.030105517738197796,59,80,True,True,True,True,0
top_ten,svm,occupancy,mean_removed,6,unith,6,Faure,june_28_g0,0.993063812921126,0.9944510503369005,0.9511494252873562,0.5545023696682464,4,4,20,4,8,0,11,0,6,1,1,0,6S,1H,0.03823430865078055,80,57,True,True,True,True,0
top_ten,svm,occupancy,mean_removed,6,unith,6,Faure,june_28_g0,0.993063812921126,0.9944510503369005,0.9511494252873562,0.5545023696682464,4,4,20,4,8,0,11,1,6,1,2,0,6S,2H,-0.05718162369128984,80,51,True,True,True,True,0
top_ten,svm,occupancy,mean_removed,6,unith,6,Faure,june_28_g0,0.993063812921126,0.9944510503369005,0.9511494252873562,0.5545023696682464,4,4,20,4,8,0,11,2,6,1,3,0,6S,3H,0.02829935658433732,80,64,True,True,True,True,0
top_ten,svm,occupancy,mean_removed,6,unith,6,Faure,june_28_g0,0.993063812921126,0.9944510503369005,0.9511494252873562,0.5545023696682464,4,4,20,4,8,0,11,3,6,1,4,0,6S,4H,-0.005266549705627524,80,9,True,True,True,True,0
top_ten,svm,occupancy,mean_removed,6,unith,6,Faure,june_28_g0,0.993063812921126,0.9944510503369005,0.9511494252873562,0.5545023696682464,4,4,20,4,8,0,11,4,6,1,5,0,6S,5H,-0.058341469754248546,80,25,True,True,True,True,0
top_ten,svm,occupancy,mean_removed,6,unith,6,Faure,june_28_g0,0.993063812921126,0.9944510503369005,0.9511494252873562,0.5545023696682464,4,,20,4,8,0,11,5,6,1,6,0,6S,6H,,80,0,True,False,True,False,0
top_ten,svm,occupancy,mean_removed,6,unith,6,Faure,june_28_g0,0.993063812921126,0.9944510503369005,0.9511494252873562,0.5545023696682464,4,,20,4,8,0,11,6,6,1,1,1,6S,1S,,80,0,True,False,True,False,0
top_ten,svm,occupancy,mean_removed,6,unith,6,Faure,june_28_g0,0.993063812921126,0.9944510503369005,0.9511494252873562,0.5545023696682464,4,4,20,4,8,0,11,7,6,1,2,1,6S,2S,0.0650761813188118,80,12,True,True,True,True,0
top_ten,svm,occupancy,mean_removed,6,unith,6,Faure,june_28_g0,0.993063812921126,0.9944510503369005,0.9511494252873562,0.5545023696682464,4,,20,4,8,0,11,8,6,1,3,1,6S,3S,,80,0,True,False,True,False,0
top_ten,svm,occupancy,mean_removed,6,unith,6,Faure,june_28_g0,0.993063812921126,0.9944510503369005,0.9511494252873562,0.5545023696682464,4,4,20,4,8,0,11,9,6,1,4,1,6S,4S,0.015877532086461477,80,52,True,True,True,True,0
top_ten,svm,occupancy,mean_removed,6,unith,6,Faure,june_28_g0,0.993063812921126,0.9944510503369005,0.9511494252873562,0.5545023696682464,4,4,20,4,8,0,11,10,6,1,5,1,6S,5S,0.030105517738197796,80,59,True,True,True,True,0
top_ten,svm,occupancy,mean_removed,6,unith,6,Faure,june_28_g0,0.993063812921126,0.9944510503369005,0.9511494252873562,0.5545023696682464,4,4,20,4,8,0,11,11,6,1,6,1,6S,6S,-0.032011489434914074,80,80,True,True,True,True,0
top_ten,svm,occupancy,mean_removed,6,unith,6,Faure,june_29_g0,0.983380681818182,0.9982954545454545,0.975284090909091,0.40654205607476634,8,8,20,4,8,0,0,0,1,0,1,0,1H,1H,-0.21791185226373763,54,54,True,True,True,True,0
top_ten,svm,occupancy,mean_removed,6,unith,6,Faure,june_29_g0,0.983380681818182,0.9982954545454545,0.975284090909091,0.40654205607476634,8,8,20,4,8,0,0,1,1,0,2,0,1H,2H,0.10449807829038486,54,29,True,True,True,True,0
top_ten,svm,occupancy,mean_removed,6,unith,6,Faure,june_29_g0,0.983380681818182,0.9982954545454545,0.975284090909091,0.40654205607476634,8,8,20,4,8,0,0,2,1,0,3,0,1H,3H,0.024398783913697764,54,61,True,True,True,True,0
top_ten,svm,occupancy,mean_removed,6,unith,6,Faure,june_29_g0,0.983380681818182,0.9982954545454545,0.975284090909091,0.40654205607476634,8,,20,4,8,0,0,3,1,0,4,0,1H,4H,,54,0,True,False,True,False,0
top_ten,svm,occupancy,mean_removed,6,unith,6,Faure,june_29_g0,0.983380681818182,0.9982954545454545,0.975284090909091,0.40654205607476634,8,8,20,4,8,0,0,4,1,0,5,0,1H,5H,-0.03564809537793283,54,16,True,True,True,True,0
top_ten,svm,occupancy,mean_removed,6,unith,6,Faure,june_29_g0,0.983380681818182,0.9982954545454545,0.975284090909091,0.40654205607476634,8,,20,4,8,0,0,5,1,0,6,0,1H,6H,,54,0,True,False,True,False,0
top_ten,svm,occupancy,mean_removed,6,unith,6,Faure,june_29_g0,0.983380681818182,0.9982954545454545,0.975284090909091,0.40654205607476634,8,,20,4,8,0,0,6,1,0,1,1,1H,1S,,54,0,True,False,True,False,0
top_ten,svm,occupancy,mean_removed,6,unith,6,Faure,june_29_g0,0.983380681818182,0.9982954545454545,0.975284090909091,0.40654205607476634,8,8,20,4,8,0,0,7,1,0,2,1,1H,2S,-0.05848453921386889,54,29,True,True,True,True,0
top_ten,svm,occupancy,mean_removed,6,unith,6,Faure,june_29_g0,0.983380681818182,0.9982954545454545,0.975284090909091,0.40654205607476634,8,,20,4,8,0,0,8,1,0,3,1,1H,3S,,54,0,True,False,True,False,0
top_ten,svm,occupancy,mean_removed,6,unith,6,Faure,june_29_g0,0.983380681818182,0.9982954545454545,0.975284090909091,0.40654205607476634,8,8,20,4,8,0,0,9,1,0,4,1,1H,4S,-0.04989255832843649,54,70,True,True,True,True,0
top_ten,svm,occupancy,mean_removed,6,unith,6,Faure,june_29_g0,0.983380681818182,0.9982954545454545,0.975284090909091,0.40654205607476634,8,8,20,4,8,0,0,10,1,0,5,1,1H,5S,-0.10624915128983044,54,78,True,True,True,True,0
top_ten,svm,occupancy,mean_removed,6,unith,6,Faure,june_29_g0,0.983380681818182,0.9982954545454545,0.975284090909091,0.40654205607476634,8,8,20,4,8,0,0,11,1,0,6,1,1H,6S,-0.02009328529826819,54,62,True,True,True,True,0
top_ten,svm,occupancy,mean_removed,6,unith,6,Faure,june_29_g0,0.983380681818182,0.9982954545454545,0.975284090909091,0.40654205607476634,8,8,20,4,8,0,1,0,2,0,1,0,2H,1H,0.10449807829038486,29,54,True,True,True,True,0
top_ten,svm,occupancy,mean_removed,6,unith,6,Faure,june_29_g0,0.983380681818182,0.9982954545454545,0.975284090909091,0.40654205607476634,8,8,20,4,8,0,1,1,2,0,2,0,2H,2H,0.48295897804618904,29,29,True,True,True,True,0
top_ten,svm,occupancy,mean_removed,6,unith,6,Faure,june_29_g0,0.983380681818182,0.9982954545454545,0.975284090909091,0.40654205607476634,8,8,20,4,8,0,1,2,2,0,3,0,2H,3H,-0.13112128506030707,29,61,True,True,True,True,0
top_ten,svm,occupancy,mean_removed,6,unith,6,Faure,june_29_g0,0.983380681818182,0.9982954545454545,0.975284090909091,0.40654205607476634,8,,20,4,8,0,1,3,2,0,4,0,2H,4H,,29,0,True,False,True,False,0
top_ten,svm,occupancy,mean_removed,6,unith,6,Faure,june_29_g0,0.983380681818182,0.9982954545454545,0.975284090909091,0.40654205607476634,8,8,20,4,8,0,1,4,2,0,5,0,2H,5H,0.10549154718626215,29,16,True,True,True,True,0
top_ten,svm,occupancy,mean_removed,6,unith,6,Faure,june_29_g0,0.983380681818182,0.9982954545454545,0.975284090909091,0.40654205607476634,8,,20,4,8,0,1,5,2,0,6,0,2H,6H,,29,0,True,False,True,False,0
top_ten,svm,occupancy,mean_removed,6,unith,6,Faure,june_29_g0,0.983380681818182,0.9982954545454545,0.975284090909091,0.40654205607476634,8,,20,4,8,0,1,6,2,0,1,1,2H,1S,,29,0,True,False,True,False,0
top_ten,svm,occupancy,mean_removed,6,unith,6,Faure,june_29_g0,0.983380681818182,0.9982954545454545,0.975284090909091,0.40654205607476634,8,8,20,4,8,0,1,7,2,0,2,1,2H,2S,0.39540707655066143,29,29,True,True,True,True,0
top_ten,svm,occupancy,mean_removed,6,unith,6,Faure,june_29_g0,0.983380681818182,0.9982954545454545,0.975284090909091,0.40654205607476634,8,,20,4,8,0,1,8,2,0,3,1,2H,3S,,29,0,True,False,True,False,0
top_ten,svm,occupancy,mean_removed,6,unith,6,Faure,june_29_g0,0.983380681818182,0.9982954545454545,0.975284090909091,0.40654205607476634,8,8,20,4,8,0,1,9,2,0,4,1,2H,4S,0.047491323149574674,29,70,True,True,True,True,0
top_ten,svm,occupancy,mean_removed,6,unith,6,Faure,june_29_g0,0.983380681818182,0.9982954545454545,0.975284090909091,0.40654205607476634,8,8,20,4,8,0,1,10,2,0,5,1,2H,5S,-0.0022493229453074376,29,78,True,True,True,True,0
top_ten,svm,occupancy,mean_removed,6,unith,6,Faure,june_29_g0,0.983380681818182,0.9982954545454545,0.975284090909091,0.40654205607476634,8,8,20,4,8,0,1,11,2,0,6,1,2H,6S,0.2844654390953435,29,62,True,True,True,True,0
top_ten,svm,occupancy,mean_removed,6,unith,6,Faure,june_29_g0,0.983380681818182,0.9982954545454545,0.975284090909091,0.40654205607476634,8,8,20,4,8,0,2,0,3,0,1,0,3H,1H,0.024398783913697764,61,54,True,True,True,True,0
top_ten,svm,occupancy,mean_removed,6,unith,6,Faure,june_29_g0,0.983380681818182,0.9982954545454545,0.975284090909091,0.40654205607476634,8,8,20,4,8,0,2,1,3,0,2,0,3H,2H,-0.13112128506030707,61,29,True,True,True,True,0
top_ten,svm,occupancy,mean_removed,6,unith,6,Faure,june_29_g0,0.983380681818182,0.9982954545454545,0.975284090909091,0.40654205607476634,8,8,20,4,8,0,2,2,3,0,3,0,3H,3H,0.09094410736635708,61,61,True,True,True,True,0
top_ten,svm,occupancy,mean_removed,6,unith,6,Faure,june_29_g0,0.983380681818182,0.9982954545454545,0.975284090909091,0.40654205607476634,8,,20,4,8,0,2,3,3,0,4,0,3H,4H,,61,0,True,False,True,False,0
top_ten,svm,occupancy,mean_removed,6,unith,6,Faure,june_29_g0,0.983380681818182,0.9982954545454545,0.975284090909091,0.40654205607476634,8,8,20,4,8,0,2,4,3,0,5,0,3H,5H,0.03337422432038532,61,16,True,True,True,True,0
top_ten,svm,occupancy,mean_removed,6,unith,6,Faure,june_29_g0,0.983380681818182,0.9982954545454545,0.975284090909091,0.40654205607476634,8,,20,4,8,0,2,5,3,0,6,0,3H,6H,,61,0,True,False,True,False,0
top_ten,svm,occupancy,mean_removed,6,unith,6,Faure,june_29_g0,0.983380681818182,0.9982954545454545,0.975284090909091,0.40654205607476634,8,,20,4,8,0,2,6,3,0,1,1,3H,1S,,61,0,True,False,True,False,0
top_ten,svm,occupancy,mean_removed,6,unith,6,Faure,june_29_g0,0.983380681818182,0.9982954545454545,0.975284090909091,0.40654205607476634,8,8,20,4,8,0,2,7,3,0,2,1,3H,2S,-0.016698129670474345,61,29,True,True,True,True,0
top_ten,svm,occupancy,mean_removed,6,unith,6,Faure,june_29_g0,0.983380681818182,0.9982954545454545,0.975284090909091,0.40654205607476634,8,,20,4,8,0,2,8,3,0,3,1,3H,3S,,61,0,True,False,True,False,0
top_ten,svm,occupancy,mean_removed,6,unith,6,Faure,june_29_g0,0.983380681818182,0.9982954545454545,0.975284090909091,0.40654205607476634,8,8,20,4,8,0,2,9,3,0,4,1,3H,4S,0.08061608198653611,61,70,True,True,True,True,0
top_ten,svm,occupancy,mean_removed,6,unith,6,Faure,june_29_g0,0.983380681818182,0.9982954545454545,0.975284090909091,0.40654205607476634,8,8,20,4,8,0,2,10,3,0,5,1,3H,5S,0.003892608560344869,61,78,True,True,True,True,0
top_ten,svm,occupancy,mean_removed,6,unith,6,Faure,june_29_g0,0.983380681818182,0.9982954545454545,0.975284090909091,0.40654205607476634,8,8,20,4,8,0,2,11,3,0,6,1,3H,6S,0.24536319785171662,61,62,True,True,True,True,0
top_ten,svm,occupancy,mean_removed,6,unith,6,Faure,june_29_g0,0.983380681818182,0.9982954545454545,0.975284090909091,0.40654205607476634,,8,20,4,8,0,3,0,4,0,1,0,4H,1H,,0,54,False,True,False,True,0
top_ten,svm,occupancy,mean_removed,6,unith,6,Faure,june_29_g0,0.983380681818182,0.9982954545454545,0.975284090909091,0.40654205607476634,,8,20,4,8,0,3,1,4,0,2,0,4H,2H,,0,29,False,True,False,True,0
top_ten,svm,occupancy,mean_removed,6,unith,6,Faure,june_29_g0,0.983380681818182,0.9982954545454545,0.975284090909091,0.40654205607476634,,8,20,4,8,0,3,2,4,0,3,0,4H,3H,,0,61,False,True,False,True,0
top_ten,svm,occupancy,mean_removed,6,unith,6,Faure,june_29_g0,0.983380681818182,0.9982954545454545,0.975284090909091,0.40654205607476634,,,20,4,8,0,3,3,4,0,4,0,4H,4H,,0,0,False,False,False,False,0
top_ten,svm,occupancy,mean_removed,6,unith,6,Faure,june_29_g0,0.983380681818182,0.9982954545454545,0.975284090909091,0.40654205607476634,,8,20,4,8,0,3,4,4,0,5,0,4H,5H,,0,16,False,True,False,True,0
top_ten,svm,occupancy,mean_removed,6,unith,6,Faure,june_29_g0,0.983380681818182,0.9982954545454545,0.975284090909091,0.40654205607476634,,,20,4,8,0,3,5,4,0,6,0,4H,6H,,0,0,False,False,False,False,0
top_ten,svm,occupancy,mean_removed,6,unith,6,Faure,june_29_g0,0.983380681818182,0.9982954545454545,0.975284090909091,0.40654205607476634,,,20,4,8,0,3,6,4,0,1,1,4H,1S,,0,0,False,False,False,False,0
top_ten,svm,occupancy,mean_removed,6,unith,6,Faure,june_29_g0,0.983380681818182,0.9982954545454545,0.975284090909091,0.40654205607476634,,8,20,4,8,0,3,7,4,0,2,1,4H,2S,,0,29,False,True,False,True,0
top_ten,svm,occupancy,mean_removed,6,unith,6,Faure,june_29_g0,0.983380681818182,0.9982954545454545,0.975284090909091,0.40654205607476634,,,20,4,8,0,3,8,4,0,3,1,4H,3S,,0,0,False,False,False,False,0
top_ten,svm,occupancy,mean_removed,6,unith,6,Faure,june_29_g0,0.983380681818182,0.9982954545454545,0.975284090909091,0.40654205607476634,,8,20,4,8,0,3,9,4,0,4,1,4H,4S,,0,70,False,True,False,True,0
top_ten,svm,occupancy,mean_removed,6,unith,6,Faure,june_29_g0,0.983380681818182,0.9982954545454545,0.975284090909091,0.40654205607476634,,8,20,4,8,0,3,10,4,0,5,1,4H,5S,,0,78,False,True,False,True,0
top_ten,svm,occupancy,mean_removed,6,unith,6,Faure,june_29_g0,0.983380681818182,0.9982954545454545,0.975284090909091,0.40654205607476634,,8,20,4,8,0,3,11,4,0,6,1,4H,6S,,0,62,False,True,False,True,0
top_ten,svm,occupancy,mean_removed,6,unith,6,Faure,june_29_g0,0.983380681818182,0.9982954545454545,0.975284090909091,0.40654205607476634,8,8,20,4,8,0,4,0,5,0,1,0,5H,1H,-0.03564809537793283,16,54,True,True,True,True,0
top_ten,svm,occupancy,mean_removed,6,unith,6,Faure,june_29_g0,0.983380681818182,0.9982954545454545,0.975284090909091,0.40654205607476634,8,8,20,4,8,0,4,1,5,0,2,0,5H,2H,0.10549154718626215,16,29,True,True,True,True,0
top_ten,svm,occupancy,mean_removed,6,unith,6,Faure,june_29_g0,0.983380681818182,0.9982954545454545,0.975284090909091,0.40654205607476634,8,8,20,4,8,0,4,2,5,0,3,0,5H,3H,0.03337422432038532,16,61,True,True,True,True,0
top_ten,svm,occupancy,mean_removed,6,unith,6,Faure,june_29_g0,0.983380681818182,0.9982954545454545,0.975284090909091,0.40654205607476634,8,,20,4,8,0,4,3,5,0,4,0,5H,4H,,16,0,True,False,True,False,0
top_ten,svm,occupancy,mean_removed,6,unith,6,Faure,june_29_g0,0.983380681818182,0.9982954545454545,0.975284090909091,0.40654205607476634,8,8,20,4,8,0,4,4,5,0,5,0,5H,5H,0.3703510623903817,16,16,True,True,True,True,0
top_ten,svm,occupancy,mean_removed,6,unith,6,Faure,june_29_g0,0.983380681818182,0.9982954545454545,0.975284090909091,0.40654205607476634,8,,20,4,8,0,4,5,5,0,6,0,5H,6H,,16,0,True,False,True,False,0
top_ten,svm,occupancy,mean_removed,6,unith,6,Faure,june_29_g0,0.983380681818182,0.9982954545454545,0.975284090909091,0.40654205607476634,8,,20,4,8,0,4,6,5,0,1,1,5H,1S,,16,0,True,False,True,False,0
top_ten,svm,occupancy,mean_removed,6,unith,6,Faure,june_29_g0,0.983380681818182,0.9982954545454545,0.975284090909091,0.40654205607476634,8,8,20,4,8,0,4,7,5,0,2,1,5H,2S,0.4195030662979155,16,29,True,True,True,True,0
top_ten,svm,occupancy,mean_removed,6,unith,6,Faure,june_29_g0,0.983380681818182,0.9982954545454545,0.975284090909091,0.40654205607476634,8,,20,4,8,0,4,8,5,0,3,1,5H,3S,,16,0,True,False,True,False,0
top_ten,svm,occupancy,mean_removed,6,unith,6,Faure,june_29_g0,0.983380681818182,0.9982954545454545,0.975284090909091,0.40654205607476634,8,8,20,4,8,0,4,9,5,0,4,1,5H,4S,0.456626602952369,16,70,True,True,True,True,0
top_ten,svm,occupancy,mean_removed,6,unith,6,Faure,june_29_g0,0.983380681818182,0.9982954545454545,0.975284090909091,0.40654205607476634,8,8,20,4,8,0,4,10,5,0,5,1,5H,5S,-0.13958294229379492,16,78,True,True,True,True,0
top_ten,svm,occupancy,mean_removed,6,unith,6,Faure,june_29_g0,0.983380681818182,0.9982954545454545,0.975284090909091,0.40654205607476634,8,8,20,4,8,0,4,11,5,0,6,1,5H,6S,0.23404529774850452,16,62,True,True,True,True,0
top_ten,svm,occupancy,mean_removed,6,unith,6,Faure,june_29_g0,0.983380681818182,0.9982954545454545,0.975284090909091,0.40654205607476634,,8,20,4,8,0,5,0,6,0,1,0,6H,1H,,0,54,False,True,False,True,0
top_ten,svm,occupancy,mean_removed,6,unith,6,Faure,june_29_g0,0.983380681818182,0.9982954545454545,0.975284090909091,0.40654205607476634,,8,20,4,8,0,5,1,6,0,2,0,6H,2H,,0,29,False,True,False,True,0
top_ten,svm,occupancy,mean_removed,6,unith,6,Faure,june_29_g0,0.983380681818182,0.9982954545454545,0.975284090909091,0.40654205607476634,,8,20,4,8,0,5,2,6,0,3,0,6H,3H,,0,61,False,True,False,True,0
top_ten,svm,occupancy,mean_removed,6,unith,6,Faure,june_29_g0,0.983380681818182,0.9982954545454545,0.975284090909091,0.40654205607476634,,,20,4,8,0,5,3,6,0,4,0,6H,4H,,0,0,False,False,False,False,0
top_ten,svm,occupancy,mean_removed,6,unith,6,Faure,june_29_g0,0.983380681818182,0.9982954545454545,0.975284090909091,0.40654205607476634,,8,20,4,8,0,5,4,6,0,5,0,6H,5H,,0,16,False,True,False,True,0
top_ten,svm,occupancy,mean_removed,6,unith,6,Faure,june_29_g0,0.983380681818182,0.9982954545454545,0.975284090909091,0.40654205607476634,,,20,4,8,0,5,5,6,0,6,0,6H,6H,,0,0,False,False,False,False,0
top_ten,svm,occupancy,mean_removed,6,unith,6,Faure,june_29_g0,0.983380681818182,0.9982954545454545,0.975284090909091,0.40654205607476634,,,20,4,8,0,5,6,6,0,1,1,6H,1S,,0,0,False,False,False,False,0
top_ten,svm,occupancy,mean_removed,6,unith,6,Faure,june_29_g0,0.983380681818182,0.9982954545454545,0.975284090909091,0.40654205607476634,,8,20,4,8,0,5,7,6,0,2,1,6H,2S,,0,29,False,True,False,True,0
top_ten,svm,occupancy,mean_removed,6,unith,6,Faure,june_29_g0,0.983380681818182,0.9982954545454545,0.975284090909091,0.40654205607476634,,,20,4,8,0,5,8,6,0,3,1,6H,3S,,0,0,False,False,False,False,0
top_ten,svm,occupancy,mean_removed,6,unith,6,Faure,june_29_g0,0.983380681818182,0.9982954545454545,0.975284090909091,0.40654205607476634,,8,20,4,8,0,5,9,6,0,4,1,6H,4S,,0,70,False,True,False,True,0
top_ten,svm,occupancy,mean_removed,6,unith,6,Faure,june_29_g0,0.983380681818182,0.9982954545454545,0.975284090909091,0.40654205607476634,,8,20,4,8,0,5,10,6,0,5,1,6H,5S,,0,78,False,True,False,True,0
top_ten,svm,occupancy,mean_removed,6,unith,6,Faure,june_29_g0,0.983380681818182,0.9982954545454545,0.975284090909091,0.40654205607476634,,8,20,4,8,0,5,11,6,0,6,1,6H,6S,,0,62,False,True,False,True,0
top_ten,svm,occupancy,mean_removed,6,unith,6,Faure,june_29_g0,0.983380681818182,0.9982954545454545,0.975284090909091,0.40654205607476634,,8,20,4,8,0,6,0,1,1,1,0,1S,1H,,0,54,False,True,False,True,0
top_ten,svm,occupancy,mean_removed,6,unith,6,Faure,june_29_g0,0.983380681818182,0.9982954545454545,0.975284090909091,0.40654205607476634,,8,20,4,8,0,6,1,1,1,2,0,1S,2H,,0,29,False,True,False,True,0
top_ten,svm,occupancy,mean_removed,6,unith,6,Faure,june_29_g0,0.983380681818182,0.9982954545454545,0.975284090909091,0.40654205607476634,,8,20,4,8,0,6,2,1,1,3,0,1S,3H,,0,61,False,True,False,True,0
top_ten,svm,occupancy,mean_removed,6,unith,6,Faure,june_29_g0,0.983380681818182,0.9982954545454545,0.975284090909091,0.40654205607476634,,,20,4,8,0,6,3,1,1,4,0,1S,4H,,0,0,False,False,False,False,0
top_ten,svm,occupancy,mean_removed,6,unith,6,Faure,june_29_g0,0.983380681818182,0.9982954545454545,0.975284090909091,0.40654205607476634,,8,20,4,8,0,6,4,1,1,5,0,1S,5H,,0,16,False,True,False,True,0
top_ten,svm,occupancy,mean_removed,6,unith,6,Faure,june_29_g0,0.983380681818182,0.9982954545454545,0.975284090909091,0.40654205607476634,,,20,4,8,0,6,5,1,1,6,0,1S,6H,,0,0,False,False,False,False,0
top_ten,svm,occupancy,mean_removed,6,unith,6,Faure,june_29_g0,0.983380681818182,0.9982954545454545,0.975284090909091,0.40654205607476634,,,20,4,8,0,6,6,1,1,1,1,1S,1S,,0,0,False,False,False,False,0
top_ten,svm,occupancy,mean_removed,6,unith,6,Faure,june_29_g0,0.983380681818182,0.9982954545454545,0.975284090909091,0.40654205607476634,,8,20,4,8,0,6,7,1,1,2,1,1S,2S,,0,29,False,True,False,True,0
top_ten,svm,occupancy,mean_removed,6,unith,6,Faure,june_29_g0,0.983380681818182,0.9982954545454545,0.975284090909091,0.40654205607476634,,,20,4,8,0,6,8,1,1,3,1,1S,3S,,0,0,False,False,False,False,0
top_ten,svm,occupancy,mean_removed,6,unith,6,Faure,june_29_g0,0.983380681818182,0.9982954545454545,0.975284090909091,0.40654205607476634,,8,20,4,8,0,6,9,1,1,4,1,1S,4S,,0,70,False,True,False,True,0
top_ten,svm,occupancy,mean_removed,6,unith,6,Faure,june_29_g0,0.983380681818182,0.9982954545454545,0.975284090909091,0.40654205607476634,,8,20,4,8,0,6,10,1,1,5,1,1S,5S,,0,78,False,True,False,True,0
top_ten,svm,occupancy,mean_removed,6,unith,6,Faure,june_29_g0,0.983380681818182,0.9982954545454545,0.975284090909091,0.40654205607476634,,8,20,4,8,0,6,11,1,1,6,1,1S,6S,,0,62,False,True,False,True,0
top_ten,svm,occupancy,mean_removed,6,unith,6,Faure,june_29_g0,0.983380681818182,0.9982954545454545,0.975284090909091,0.40654205607476634,8,8,20,4,8,0,7,0,2,1,1,0,2S,1H,-0.05848453921386889,29,54,True,True,True,True,0
top_ten,svm,occupancy,mean_removed,6,unith,6,Faure,june_29_g0,0.983380681818182,0.9982954545454545,0.975284090909091,0.40654205607476634,8,8,20,4,8,0,7,1,2,1,2,0,2S,2H,0.39540707655066143,29,29,True,True,True,True,0
top_ten,svm,occupancy,mean_removed,6,unith,6,Faure,june_29_g0,0.983380681818182,0.9982954545454545,0.975284090909091,0.40654205607476634,8,8,20,4,8,0,7,2,2,1,3,0,2S,3H,-0.016698129670474345,29,61,True,True,True,True,0
top_ten,svm,occupancy,mean_removed,6,unith,6,Faure,june_29_g0,0.983380681818182,0.9982954545454545,0.975284090909091,0.40654205607476634,8,,20,4,8,0,7,3,2,1,4,0,2S,4H,,29,0,True,False,True,False,0
top_ten,svm,occupancy,mean_removed,6,unith,6,Faure,june_29_g0,0.983380681818182,0.9982954545454545,0.975284090909091,0.40654205607476634,8,8,20,4,8,0,7,4,2,1,5,0,2S,5H,0.4195030662979155,29,16,True,True,True,True,0
top_ten,svm,occupancy,mean_removed,6,unith,6,Faure,june_29_g0,0.983380681818182,0.9982954545454545,0.975284090909091,0.40654205607476634,8,,20,4,8,0,7,5,2,1,6,0,2S,6H,,29,0,True,False,True,False,0
top_ten,svm,occupancy,mean_removed,6,unith,6,Faure,june_29_g0,0.983380681818182,0.9982954545454545,0.975284090909091,0.40654205607476634,8,,20,4,8,0,7,6,2,1,1,1,2S,1S,,29,0,True,False,True,False,0
top_ten,svm,occupancy,mean_removed,6,unith,6,Faure,june_29_g0,0.983380681818182,0.9982954545454545,0.975284090909091,0.40654205607476634,8,8,20,4,8,0,7,7,2,1,2,1,2S,2S,0.42506555626495934,29,29,True,True,True,True,0
top_ten,svm,occupancy,mean_removed,6,unith,6,Faure,june_29_g0,0.983380681818182,0.9982954545454545,0.975284090909091,0.40654205607476634,8,,20,4,8,0,7,8,2,1,3,1,2S,3S,,29,0,True,False,True,False,0
top_ten,svm,occupancy,mean_removed,6,unith,6,Faure,june_29_g0,0.983380681818182,0.9982954545454545,0.975284090909091,0.40654205607476634,8,8,20,4,8,0,7,9,2,1,4,1,2S,4S,0.30228900893127764,29,70,True,True,True,True,0
top_ten,svm,occupancy,mean_removed,6,unith,6,Faure,june_29_g0,0.983380681818182,0.9982954545454545,0.975284090909091,0.40654205607476634,8,8,20,4,8,0,7,10,2,1,5,1,2S,5S,0.045123333397844245,29,78,True,True,True,True,0
top_ten,svm,occupancy,mean_removed,6,unith,6,Faure,june_29_g0,0.983380681818182,0.9982954545454545,0.975284090909091,0.40654205607476634,8,8,20,4,8,0,7,11,2,1,6,1,2S,6S,0.2827189905338903,29,62,True,True,True,True,0
top_ten,svm,occupancy,mean_removed,6,unith,6,Faure,june_29_g0,0.983380681818182,0.9982954545454545,0.975284090909091,0.40654205607476634,,8,20,4,8,0,8,0,3,1,1,0,3S,1H,,0,54,False,True,False,True,0
top_ten,svm,occupancy,mean_removed,6,unith,6,Faure,june_29_g0,0.983380681818182,0.9982954545454545,0.975284090909091,0.40654205607476634,,8,20,4,8,0,8,1,3,1,2,0,3S,2H,,0,29,False,True,False,True,0
top_ten,svm,occupancy,mean_removed,6,unith,6,Faure,june_29_g0,0.983380681818182,0.9982954545454545,0.975284090909091,0.40654205607476634,,8,20,4,8,0,8,2,3,1,3,0,3S,3H,,0,61,False,True,False,True,0
top_ten,svm,occupancy,mean_removed,6,unith,6,Faure,june_29_g0,0.983380681818182,0.9982954545454545,0.975284090909091,0.40654205607476634,,,20,4,8,0,8,3,3,1,4,0,3S,4H,,0,0,False,False,False,False,0
top_ten,svm,occupancy,mean_removed,6,unith,6,Faure,june_29_g0,0.983380681818182,0.9982954545454545,0.975284090909091,0.40654205607476634,,8,20,4,8,0,8,4,3,1,5,0,3S,5H,,0,16,False,True,False,True,0
top_ten,svm,occupancy,mean_removed,6,unith,6,Faure,june_29_g0,0.983380681818182,0.9982954545454545,0.975284090909091,0.40654205607476634,,,20,4,8,0,8,5,3,1,6,0,3S,6H,,0,0,False,False,False,False,0
top_ten,svm,occupancy,mean_removed,6,unith,6,Faure,june_29_g0,0.983380681818182,0.9982954545454545,0.975284090909091,0.40654205607476634,,,20,4,8,0,8,6,3,1,1,1,3S,1S,,0,0,False,False,False,False,0
top_ten,svm,occupancy,mean_removed,6,unith,6,Faure,june_29_g0,0.983380681818182,0.9982954545454545,0.975284090909091,0.40654205607476634,,8,20,4,8,0,8,7,3,1,2,1,3S,2S,,0,29,False,True,False,True,0
top_ten,svm,occupancy,mean_removed,6,unith,6,Faure,june_29_g0,0.983380681818182,0.9982954545454545,0.975284090909091,0.40654205607476634,,,20,4,8,0,8,8,3,1,3,1,3S,3S,,0,0,False,False,False,False,0
top_ten,svm,occupancy,mean_removed,6,unith,6,Faure,june_29_g0,0.983380681818182,0.9982954545454545,0.975284090909091,0.40654205607476634,,8,20,4,8,0,8,9,3,1,4,1,3S,4S,,0,70,False,True,False,True,0
top_ten,svm,occupancy,mean_removed,6,unith,6,Faure,june_29_g0,0.983380681818182,0.9982954545454545,0.975284090909091,0.40654205607476634,,8,20,4,8,0,8,10,3,1,5,1,3S,5S,,0,78,False,True,False,True,0
top_ten,svm,occupancy,mean_removed,6,unith,6,Faure,june_29_g0,0.983380681818182,0.9982954545454545,0.975284090909091,0.40654205607476634,,8,20,4,8,0,8,11,3,1,6,1,3S,6S,,0,62,False,True,False,True,0
top_ten,svm,occupancy,mean_removed,6,unith,6,Faure,june_29_g0,0.983380681818182,0.9982954545454545,0.975284090909091,0.40654205607476634,8,8,20,4,8,0,9,0,4,1,1,0,4S,1H,-0.04989255832843649,70,54,True,True,True,True,0
top_ten,svm,occupancy,mean_removed,6,unith,6,Faure,june_29_g0,0.983380681818182,0.9982954545454545,0.975284090909091,0.40654205607476634,8,8,20,4,8,0,9,1,4,1,2,0,4S,2H,0.047491323149574674,70,29,True,True,True,True,0
top_ten,svm,occupancy,mean_removed,6,unith,6,Faure,june_29_g0,0.983380681818182,0.9982954545454545,0.975284090909091,0.40654205607476634,8,8,20,4,8,0,9,2,4,1,3,0,4S,3H,0.08061608198653611,70,61,True,True,True,True,0
top_ten,svm,occupancy,mean_removed,6,unith,6,Faure,june_29_g0,0.983380681818182,0.9982954545454545,0.975284090909091,0.40654205607476634,8,,20,4,8,0,9,3,4,1,4,0,4S,4H,,70,0,True,False,True,False,0
top_ten,svm,occupancy,mean_removed,6,unith,6,Faure,june_29_g0,0.983380681818182,0.9982954545454545,0.975284090909091,0.40654205607476634,8,8,20,4,8,0,9,4,4,1,5,0,4S,5H,0.456626602952369,70,16,True,True,True,True,0
top_ten,svm,occupancy,mean_removed,6,unith,6,Faure,june_29_g0,0.983380681818182,0.9982954545454545,0.975284090909091,0.40654205607476634,8,,20,4,8,0,9,5,4,1,6,0,4S,6H,,70,0,True,False,True,False,0
top_ten,svm,occupancy,mean_removed,6,unith,6,Faure,june_29_g0,0.983380681818182,0.9982954545454545,0.975284090909091,0.40654205607476634,8,,20,4,8,0,9,6,4,1,1,1,4S,1S,,70,0,True,False,True,False,0
top_ten,svm,occupancy,mean_removed,6,unith,6,Faure,june_29_g0,0.983380681818182,0.9982954545454545,0.975284090909091,0.40654205607476634,8,8,20,4,8,0,9,7,4,1,2,1,4S,2S,0.30228900893127764,70,29,True,True,True,True,0
top_ten,svm,occupancy,mean_removed,6,unith,6,Faure,june_29_g0,0.983380681818182,0.9982954545454545,0.975284090909091,0.40654205607476634,8,,20,4,8,0,9,8,4,1,3,1,4S,3S,,70,0,True,False,True,False,0
top_ten,svm,occupancy,mean_removed,6,unith,6,Faure,june_29_g0,0.983380681818182,0.9982954545454545,0.975284090909091,0.40654205607476634,8,8,20,4,8,0,9,9,4,1,4,1,4S,4S,0.3978534406419935,70,70,True,True,True,True,0
top_ten,svm,occupancy,mean_removed,6,unith,6,Faure,june_29_g0,0.983380681818182,0.9982954545454545,0.975284090909091,0.40654205607476634,8,8,20,4,8,0,9,10,4,1,5,1,4S,5S,-0.07619231528198422,70,78,True,True,True,True,0
top_ten,svm,occupancy,mean_removed,6,unith,6,Faure,june_29_g0,0.983380681818182,0.9982954545454545,0.975284090909091,0.40654205607476634,8,8,20,4,8,0,9,11,4,1,6,1,4S,6S,0.09879240282062542,70,62,True,True,True,True,0
top_ten,svm,occupancy,mean_removed,6,unith,6,Faure,june_29_g0,0.983380681818182,0.9982954545454545,0.975284090909091,0.40654205607476634,8,8,20,4,8,0,10,0,5,1,1,0,5S,1H,-0.10624915128983044,78,54,True,True,True,True,0
top_ten,svm,occupancy,mean_removed,6,unith,6,Faure,june_29_g0,0.983380681818182,0.9982954545454545,0.975284090909091,0.40654205607476634,8,8,20,4,8,0,10,1,5,1,2,0,5S,2H,-0.0022493229453074376,78,29,True,True,True,True,0
top_ten,svm,occupancy,mean_removed,6,unith,6,Faure,june_29_g0,0.983380681818182,0.9982954545454545,0.975284090909091,0.40654205607476634,8,8,20,4,8,0,10,2,5,1,3,0,5S,3H,0.003892608560344869,78,61,True,True,True,True,0
top_ten,svm,occupancy,mean_removed,6,unith,6,Faure,june_29_g0,0.983380681818182,0.9982954545454545,0.975284090909091,0.40654205607476634,8,,20,4,8,0,10,3,5,1,4,0,5S,4H,,78,0,True,False,True,False,0
top_ten,svm,occupancy,mean_removed,6,unith,6,Faure,june_29_g0,0.983380681818182,0.9982954545454545,0.975284090909091,0.40654205607476634,8,8,20,4,8,0,10,4,5,1,5,0,5S,5H,-0.13958294229379492,78,16,True,True,True,True,0
top_ten,svm,occupancy,mean_removed,6,unith,6,Faure,june_29_g0,0.983380681818182,0.9982954545454545,0.975284090909091,0.40654205607476634,8,,20,4,8,0,10,5,5,1,6,0,5S,6H,,78,0,True,False,True,False,0
top_ten,svm,occupancy,mean_removed,6,unith,6,Faure,june_29_g0,0.983380681818182,0.9982954545454545,0.975284090909091,0.40654205607476634,8,,20,4,8,0,10,6,5,1,1,1,5S,1S,,78,0,True,False,True,False,0
top_ten,svm,occupancy,mean_removed,6,unith,6,Faure,june_29_g0,0.983380681818182,0.9982954545454545,0.975284090909091,0.40654205607476634,8,8,20,4,8,0,10,7,5,1,2,1,5S,2S,0.045123333397844245,78,29,True,True,True,True,0
top_ten,svm,occupancy,mean_removed,6,unith,6,Faure,june_29_g0,0.983380681818182,0.9982954545454545,0.975284090909091,0.40654205607476634,8,,20,4,8,0,10,8,5,1,3,1,5S,3S,,78,0,True,False,True,False,0
top_ten,svm,occupancy,mean_removed,6,unith,6,Faure,june_29_g0,0.983380681818182,0.9982954545454545,0.975284090909091,0.40654205607476634,8,8,20,4,8,0,10,9,5,1,4,1,5S,4S,-0.07619231528198422,78,70,True,True,True,True,0
top_ten,svm,occupancy,mean_removed,6,unith,6,Faure,june_29_g0,0.983380681818182,0.9982954545454545,0.975284090909091,0.40654205607476634,8,8,20,4,8,0,10,10,5,1,5,1,5S,5S,-0.027494220979106403,78,78,True,True,True,True,0
top_ten,svm,occupancy,mean_removed,6,unith,6,Faure,june_29_g0,0.983380681818182,0.9982954545454545,0.975284090909091,0.40654205607476634,8,8,20,4,8,0,10,11,5,1,6,1,5S,6S,0.04203623025667853,78,62,True,True,True,True,0
top_ten,svm,occupancy,mean_removed,6,unith,6,Faure,june_29_g0,0.983380681818182,0.9982954545454545,0.975284090909091,0.40654205607476634,8,8,20,4,8,0,11,0,6,1,1,0,6S,1H,-0.02009328529826819,62,54,True,True,True,True,0
top_ten,svm,occupancy,mean_removed,6,unith,6,Faure,june_29_g0,0.983380681818182,0.9982954545454545,0.975284090909091,0.40654205607476634,8,8,20,4,8,0,11,1,6,1,2,0,6S,2H,0.2844654390953435,62,29,True,True,True,True,0
top_ten,svm,occupancy,mean_removed,6,unith,6,Faure,june_29_g0,0.983380681818182,0.9982954545454545,0.975284090909091,0.40654205607476634,8,8,20,4,8,0,11,2,6,1,3,0,6S,3H,0.24536319785171662,62,61,True,True,True,True,0
top_ten,svm,occupancy,mean_removed,6,unith,6,Faure,june_29_g0,0.983380681818182,0.9982954545454545,0.975284090909091,0.40654205607476634,8,,20,4,8,0,11,3,6,1,4,0,6S,4H,,62,0,True,False,True,False,0
top_ten,svm,occupancy,mean_removed,6,unith,6,Faure,june_29_g0,0.983380681818182,0.9982954545454545,0.975284090909091,0.40654205607476634,8,8,20,4,8,0,11,4,6,1,5,0,6S,5H,0.23404529774850452,62,16,True,True,True,True,0
top_ten,svm,occupancy,mean_removed,6,unith,6,Faure,june_29_g0,0.983380681818182,0.9982954545454545,0.975284090909091,0.40654205607476634,8,,20,4,8,0,11,5,6,1,6,0,6S,6H,,62,0,True,False,True,False,0
top_ten,svm,occupancy,mean_removed,6,unith,6,Faure,june_29_g0,0.983380681818182,0.9982954545454545,0.975284090909091,0.40654205607476634,8,,20,4,8,0,11,6,6,1,1,1,6S,1S,,62,0,True,False,True,False,0
top_ten,svm,occupancy,mean_removed,6,unith,6,Faure,june_29_g0,0.983380681818182,0.9982954545454545,0.975284090909091,0.40654205607476634,8,8,20,4,8,0,11,7,6,1,2,1,6S,2S,0.2827189905338903,62,29,True,True,True,True,0
top_ten,svm,occupancy,mean_removed,6,unith,6,Faure,june_29_g0,0.983380681818182,0.9982954545454545,0.975284090909091,0.40654205607476634,8,,20,4,8,0,11,8,6,1,3,1,6S,3S,,62,0,True,False,True,False,0
top_ten,svm,occupancy,mean_removed,6,unith,6,Faure,june_29_g0,0.983380681818182,0.9982954545454545,0.975284090909091,0.40654205607476634,8,8,20,4,8,0,11,9,6,1,4,1,6S,4S,0.09879240282062542,62,70,True,True,True,True,0
top_ten,svm,occupancy,mean_removed,6,unith,6,Faure,june_29_g0,0.983380681818182,0.9982954545454545,0.975284090909091,0.40654205607476634,8,8,20,4,8,0,11,10,6,1,5,1,6S,5S,0.04203623025667853,62,78,True,True,True,True,0
top_ten,svm,occupancy,mean_removed,6,unith,6,Faure,june_29_g0,0.983380681818182,0.9982954545454545,0.975284090909091,0.40654205607476634,8,8,20,4,8,0,11,11,6,1,6,1,6S,6S,0.19359467784735135,62,62,True,True,True,True,0
top_ten,svm,occupancy,mean_removed,6,unith,6,Faure,june_8_g0,0.998737373737374,1.0,1.0,0.9794520547945206,4,4,20,4,8,0,0,0,1,0,1,0,1H,1H,0.24986930582206907,44,44,True,True,True,True,0
top_ten,svm,occupancy,mean_removed,6,unith,6,Faure,june_8_g0,0.998737373737374,1.0,1.0,0.9794520547945206,4,4,20,4,8,0,0,1,1,0,2,0,1H,2H,0.1265296860600602,44,33,True,True,True,True,0
top_ten,svm,occupancy,mean_removed,6,unith,6,Faure,june_8_g0,0.998737373737374,1.0,1.0,0.9794520547945206,4,4,20,4,8,0,0,2,1,0,3,0,1H,3H,0.06264180574177686,44,43,True,True,True,True,0
top_ten,svm,occupancy,mean_removed,6,unith,6,Faure,june_8_g0,0.998737373737374,1.0,1.0,0.9794520547945206,4,,20,4,8,0,0,3,1,0,4,0,1H,4H,,44,0,True,False,True,False,0
top_ten,svm,occupancy,mean_removed,6,unith,6,Faure,june_8_g0,0.998737373737374,1.0,1.0,0.9794520547945206,4,,20,4,8,0,0,4,1,0,5,0,1H,5H,,44,0,True,False,True,False,0
top_ten,svm,occupancy,mean_removed,6,unith,6,Faure,june_8_g0,0.998737373737374,1.0,1.0,0.9794520547945206,4,,20,4,8,0,0,5,1,0,6,0,1H,6H,,44,0,True,False,True,False,0
top_ten,svm,occupancy,mean_removed,6,unith,6,Faure,june_8_g0,0.998737373737374,1.0,1.0,0.9794520547945206,4,,20,4,8,0,0,6,1,0,1,1,1H,1S,,44,0,True,False,True,False,0
top_ten,svm,occupancy,mean_removed,6,unith,6,Faure,june_8_g0,0.998737373737374,1.0,1.0,0.9794520547945206,4,4,20,4,8,0,0,7,1,0,2,1,1H,2S,-0.19929349971908925,44,8,True,True,True,True,0
top_ten,svm,occupancy,mean_removed,6,unith,6,Faure,june_8_g0,0.998737373737374,1.0,1.0,0.9794520547945206,4,,20,4,8,0,0,8,1,0,3,1,1H,3S,,44,0,True,False,True,False,0
top_ten,svm,occupancy,mean_removed,6,unith,6,Faure,june_8_g0,0.998737373737374,1.0,1.0,0.9794520547945206,4,4,20,4,8,0,0,9,1,0,4,1,1H,4S,-0.0005455481815493778,44,49,True,True,True,True,0
top_ten,svm,occupancy,mean_removed,6,unith,6,Faure,june_8_g0,0.998737373737374,1.0,1.0,0.9794520547945206,4,4,20,4,8,0,0,10,1,0,5,1,1H,5S,0.14752068425309034,44,60,True,True,True,True,0
top_ten,svm,occupancy,mean_removed,6,unith,6,Faure,june_8_g0,0.998737373737374,1.0,1.0,0.9794520547945206,4,4,20,4,8,0,0,11,1,0,6,1,1H,6S,0.009384413643707956,44,54,True,True,True,True,0
top_ten,svm,occupancy,mean_removed,6,unith,6,Faure,june_8_g0,0.998737373737374,1.0,1.0,0.9794520547945206,4,4,20,4,8,0,1,0,2,0,1,0,2H,1H,0.1265296860600602,33,44,True,True,True,True,0
top_ten,svm,occupancy,mean_removed,6,unith,6,Faure,june_8_g0,0.998737373737374,1.0,1.0,0.9794520547945206,4,4,20,4,8,0,1,1,2,0,2,0,2H,2H,0.3106316349393161,33,33,True,True,True,True,0
top_ten,svm,occupancy,mean_removed,6,unith,6,Faure,june_8_g0,0.998737373737374,1.0,1.0,0.9794520547945206,4,4,20,4,8,0,1,2,2,0,3,0,2H,3H,0.18622386842832656,33,43,True,True,True,True,0
top_ten,svm,occupancy,mean_removed,6,unith,6,Faure,june_8_g0,0.998737373737374,1.0,1.0,0.9794520547945206,4,,20,4,8,0,1,3,2,0,4,0,2H,4H,,33,0,True,False,True,False,0
top_ten,svm,occupancy,mean_removed,6,unith,6,Faure,june_8_g0,0.998737373737374,1.0,1.0,0.9794520547945206,4,,20,4,8,0,1,4,2,0,5,0,2H,5H,,33,0,True,False,True,False,0
top_ten,svm,occupancy,mean_removed,6,unith,6,Faure,june_8_g0,0.998737373737374,1.0,1.0,0.9794520547945206,4,,20,4,8,0,1,5,2,0,6,0,2H,6H,,33,0,True,False,True,False,0
top_ten,svm,occupancy,mean_removed,6,unith,6,Faure,june_8_g0,0.998737373737374,1.0,1.0,0.9794520547945206,4,,20,4,8,0,1,6,2,0,1,1,2H,1S,,33,0,True,False,True,False,0
top_ten,svm,occupancy,mean_removed,6,unith,6,Faure,june_8_g0,0.998737373737374,1.0,1.0,0.9794520547945206,4,4,20,4,8,0,1,7,2,0,2,1,2H,2S,0.2986661839607349,33,8,True,True,True,True,0
top_ten,svm,occupancy,mean_removed,6,unith,6,Faure,june_8_g0,0.998737373737374,1.0,1.0,0.9794520547945206,4,,20,4,8,0,1,8,2,0,3,1,2H,3S,,33,0,True,False,True,False,0
top_ten,svm,occupancy,mean_removed,6,unith,6,Faure,june_8_g0,0.998737373737374,1.0,1.0,0.9794520547945206,4,4,20,4,8,0,1,9,2,0,4,1,2H,4S,0.041174297715892774,33,49,True,True,True,True,0
top_ten,svm,occupancy,mean_removed,6,unith,6,Faure,june_8_g0,0.998737373737374,1.0,1.0,0.9794520547945206,4,4,20,4,8,0,1,10,2,0,5,1,2H,5S,-0.1112387994071958,33,60,True,True,True,True,0
top_ten,svm,occupancy,mean_removed,6,unith,6,Faure,june_8_g0,0.998737373737374,1.0,1.0,0.9794520547945206,4,4,20,4,8,0,1,11,2,0,6,1,2H,6S,-0.04007489071531793,33,54,True,True,True,True,0
top_ten,svm,occupancy,mean_removed,6,unith,6,Faure,june_8_g0,0.998737373737374,1.0,1.0,0.9794520547945206,4,4,20,4,8,0,2,0,3,0,1,0,3H,1H,0.06264180574177686,43,44,True,True,True,True,0
top_ten,svm,occupancy,mean_removed,6,unith,6,Faure,june_8_g0,0.998737373737374,1.0,1.0,0.9794520547945206,4,4,20,4,8,0,2,1,3,0,2,0,3H,2H,0.18622386842832656,43,33,True,True,True,True,0
top_ten,svm,occupancy,mean_removed,6,unith,6,Faure,june_8_g0,0.998737373737374,1.0,1.0,0.9794520547945206,4,4,20,4,8,0,2,2,3,0,3,0,3H,3H,0.12347070991535798,43,43,True,True,True,True,0
top_ten,svm,occupancy,mean_removed,6,unith,6,Faure,june_8_g0,0.998737373737374,1.0,1.0,0.9794520547945206,4,,20,4,8,0,2,3,3,0,4,0,3H,4H,,43,0,True,False,True,False,0
top_ten,svm,occupancy,mean_removed,6,unith,6,Faure,june_8_g0,0.998737373737374,1.0,1.0,0.9794520547945206,4,,20,4,8,0,2,4,3,0,5,0,3H,5H,,43,0,True,False,True,False,0
top_ten,svm,occupancy,mean_removed,6,unith,6,Faure,june_8_g0,0.998737373737374,1.0,1.0,0.9794520547945206,4,,20,4,8,0,2,5,3,0,6,0,3H,6H,,43,0,True,False,True,False,0
top_ten,svm,occupancy,mean_removed,6,unith,6,Faure,june_8_g0,0.998737373737374,1.0,1.0,0.9794520547945206,4,,20,4,8,0,2,6,3,0,1,1,3H,1S,,43,0,True,False,True,False,0
top_ten,svm,occupancy,mean_removed,6,unith,6,Faure,june_8_g0,0.998737373737374,1.0,1.0,0.9794520547945206,4,4,20,4,8,0,2,7,3,0,2,1,3H,2S,0.09249668752253645,43,8,True,True,True,True,0
top_ten,svm,occupancy,mean_removed,6,unith,6,Faure,june_8_g0,0.998737373737374,1.0,1.0,0.9794520547945206,4,,20,4,8,0,2,8,3,0,3,1,3H,3S,,43,0,True,False,True,False,0
top_ten,svm,occupancy,mean_removed,6,unith,6,Faure,june_8_g0,0.998737373737374,1.0,1.0,0.9794520547945206,4,4,20,4,8,0,2,9,3,0,4,1,3H,4S,0.11781794826602936,43,49,True,True,True,True,0
top_ten,svm,occupancy,mean_removed,6,unith,6,Faure,june_8_g0,0.998737373737374,1.0,1.0,0.9794520547945206,4,4,20,4,8,0,2,10,3,0,5,1,3H,5S,-0.0530128124651865,43,60,True,True,True,True,0
top_ten,svm,occupancy,mean_removed,6,unith,6,Faure,june_8_g0,0.998737373737374,1.0,1.0,0.9794520547945206,4,4,20,4,8,0,2,11,3,0,6,1,3H,6S,-0.05942526540461366,43,54,True,True,True,True,0
top_ten,svm,occupancy,mean_removed,6,unith,6,Faure,june_8_g0,0.998737373737374,1.0,1.0,0.9794520547945206,,4,20,4,8,0,3,0,4,0,1,0,4H,1H,,0,44,False,True,False,True,0
top_ten,svm,occupancy,mean_removed,6,unith,6,Faure,june_8_g0,0.998737373737374,1.0,1.0,0.9794520547945206,,4,20,4,8,0,3,1,4,0,2,0,4H,2H,,0,33,False,True,False,True,0
top_ten,svm,occupancy,mean_removed,6,unith,6,Faure,june_8_g0,0.998737373737374,1.0,1.0,0.9794520547945206,,4,20,4,8,0,3,2,4,0,3,0,4H,3H,,0,43,False,True,False,True,0
top_ten,svm,occupancy,mean_removed,6,unith,6,Faure,june_8_g0,0.998737373737374,1.0,1.0,0.9794520547945206,,,20,4,8,0,3,3,4,0,4,0,4H,4H,,0,0,False,False,False,False,0
top_ten,svm,occupancy,mean_removed,6,unith,6,Faure,june_8_g0,0.998737373737374,1.0,1.0,0.9794520547945206,,,20,4,8,0,3,4,4,0,5,0,4H,5H,,0,0,False,False,False,False,0
top_ten,svm,occupancy,mean_removed,6,unith,6,Faure,june_8_g0,0.998737373737374,1.0,1.0,0.9794520547945206,,,20,4,8,0,3,5,4,0,6,0,4H,6H,,0,0,False,False,False,False,0
top_ten,svm,occupancy,mean_removed,6,unith,6,Faure,june_8_g0,0.998737373737374,1.0,1.0,0.9794520547945206,,,20,4,8,0,3,6,4,0,1,1,4H,1S,,0,0,False,False,False,False,0
top_ten,svm,occupancy,mean_removed,6,unith,6,Faure,june_8_g0,0.998737373737374,1.0,1.0,0.9794520547945206,,4,20,4,8,0,3,7,4,0,2,1,4H,2S,,0,8,False,True,False,True,0
top_ten,svm,occupancy,mean_removed,6,unith,6,Faure,june_8_g0,0.998737373737374,1.0,1.0,0.9794520547945206,,,20,4,8,0,3,8,4,0,3,1,4H,3S,,0,0,False,False,False,False,0
top_ten,svm,occupancy,mean_removed,6,unith,6,Faure,june_8_g0,0.998737373737374,1.0,1.0,0.9794520547945206,,4,20,4,8,0,3,9,4,0,4,1,4H,4S,,0,49,False,True,False,True,0
top_ten,svm,occupancy,mean_removed,6,unith,6,Faure,june_8_g0,0.998737373737374,1.0,1.0,0.9794520547945206,,4,20,4,8,0,3,10,4,0,5,1,4H,5S,,0,60,False,True,False,True,0
top_ten,svm,occupancy,mean_removed,6,unith,6,Faure,june_8_g0,0.998737373737374,1.0,1.0,0.9794520547945206,,4,20,4,8,0,3,11,4,0,6,1,4H,6S,,0,54,False,True,False,True,0
top_ten,svm,occupancy,mean_removed,6,unith,6,Faure,june_8_g0,0.998737373737374,1.0,1.0,0.9794520547945206,,4,20,4,8,0,4,0,5,0,1,0,5H,1H,,0,44,False,True,False,True,0
top_ten,svm,occupancy,mean_removed,6,unith,6,Faure,june_8_g0,0.998737373737374,1.0,1.0,0.9794520547945206,,4,20,4,8,0,4,1,5,0,2,0,5H,2H,,0,33,False,True,False,True,0
top_ten,svm,occupancy,mean_removed,6,unith,6,Faure,june_8_g0,0.998737373737374,1.0,1.0,0.9794520547945206,,4,20,4,8,0,4,2,5,0,3,0,5H,3H,,0,43,False,True,False,True,0
top_ten,svm,occupancy,mean_removed,6,unith,6,Faure,june_8_g0,0.998737373737374,1.0,1.0,0.9794520547945206,,,20,4,8,0,4,3,5,0,4,0,5H,4H,,0,0,False,False,False,False,0
top_ten,svm,occupancy,mean_removed,6,unith,6,Faure,june_8_g0,0.998737373737374,1.0,1.0,0.9794520547945206,,,20,4,8,0,4,4,5,0,5,0,5H,5H,,0,0,False,False,False,False,0
top_ten,svm,occupancy,mean_removed,6,unith,6,Faure,june_8_g0,0.998737373737374,1.0,1.0,0.9794520547945206,,,20,4,8,0,4,5,5,0,6,0,5H,6H,,0,0,False,False,False,False,0
top_ten,svm,occupancy,mean_removed,6,unith,6,Faure,june_8_g0,0.998737373737374,1.0,1.0,0.9794520547945206,,,20,4,8,0,4,6,5,0,1,1,5H,1S,,0,0,False,False,False,False,0
top_ten,svm,occupancy,mean_removed,6,unith,6,Faure,june_8_g0,0.998737373737374,1.0,1.0,0.9794520547945206,,4,20,4,8,0,4,7,5,0,2,1,5H,2S,,0,8,False,True,False,True,0
top_ten,svm,occupancy,mean_removed,6,unith,6,Faure,june_8_g0,0.998737373737374,1.0,1.0,0.9794520547945206,,,20,4,8,0,4,8,5,0,3,1,5H,3S,,0,0,False,False,False,False,0
top_ten,svm,occupancy,mean_removed,6,unith,6,Faure,june_8_g0,0.998737373737374,1.0,1.0,0.9794520547945206,,4,20,4,8,0,4,9,5,0,4,1,5H,4S,,0,49,False,True,False,True,0
top_ten,svm,occupancy,mean_removed,6,unith,6,Faure,june_8_g0,0.998737373737374,1.0,1.0,0.9794520547945206,,4,20,4,8,0,4,10,5,0,5,1,5H,5S,,0,60,False,True,False,True,0
top_ten,svm,occupancy,mean_removed,6,unith,6,Faure,june_8_g0,0.998737373737374,1.0,1.0,0.9794520547945206,,4,20,4,8,0,4,11,5,0,6,1,5H,6S,,0,54,False,True,False,True,0
top_ten,svm,occupancy,mean_removed,6,unith,6,Faure,june_8_g0,0.998737373737374,1.0,1.0,0.9794520547945206,,4,20,4,8,0,5,0,6,0,1,0,6H,1H,,0,44,False,True,False,True,0
top_ten,svm,occupancy,mean_removed,6,unith,6,Faure,june_8_g0,0.998737373737374,1.0,1.0,0.9794520547945206,,4,20,4,8,0,5,1,6,0,2,0,6H,2H,,0,33,False,True,False,True,0
top_ten,svm,occupancy,mean_removed,6,unith,6,Faure,june_8_g0,0.998737373737374,1.0,1.0,0.9794520547945206,,4,20,4,8,0,5,2,6,0,3,0,6H,3H,,0,43,False,True,False,True,0
top_ten,svm,occupancy,mean_removed,6,unith,6,Faure,june_8_g0,0.998737373737374,1.0,1.0,0.9794520547945206,,,20,4,8,0,5,3,6,0,4,0,6H,4H,,0,0,False,False,False,False,0
top_ten,svm,occupancy,mean_removed,6,unith,6,Faure,june_8_g0,0.998737373737374,1.0,1.0,0.9794520547945206,,,20,4,8,0,5,4,6,0,5,0,6H,5H,,0,0,False,False,False,False,0
top_ten,svm,occupancy,mean_removed,6,unith,6,Faure,june_8_g0,0.998737373737374,1.0,1.0,0.9794520547945206,,,20,4,8,0,5,5,6,0,6,0,6H,6H,,0,0,False,False,False,False,0
top_ten,svm,occupancy,mean_removed,6,unith,6,Faure,june_8_g0,0.998737373737374,1.0,1.0,0.9794520547945206,,,20,4,8,0,5,6,6,0,1,1,6H,1S,,0,0,False,False,False,False,0
top_ten,svm,occupancy,mean_removed,6,unith,6,Faure,june_8_g0,0.998737373737374,1.0,1.0,0.9794520547945206,,4,20,4,8,0,5,7,6,0,2,1,6H,2S,,0,8,False,True,False,True,0
top_ten,svm,occupancy,mean_removed,6,unith,6,Faure,june_8_g0,0.998737373737374,1.0,1.0,0.9794520547945206,,,20,4,8,0,5,8,6,0,3,1,6H,3S,,0,0,False,False,False,False,0
top_ten,svm,occupancy,mean_removed,6,unith,6,Faure,june_8_g0,0.998737373737374,1.0,1.0,0.9794520547945206,,4,20,4,8,0,5,9,6,0,4,1,6H,4S,,0,49,False,True,False,True,0
top_ten,svm,occupancy,mean_removed,6,unith,6,Faure,june_8_g0,0.998737373737374,1.0,1.0,0.9794520547945206,,4,20,4,8,0,5,10,6,0,5,1,6H,5S,,0,60,False,True,False,True,0
top_ten,svm,occupancy,mean_removed,6,unith,6,Faure,june_8_g0,0.998737373737374,1.0,1.0,0.9794520547945206,,4,20,4,8,0,5,11,6,0,6,1,6H,6S,,0,54,False,True,False,True,0
top_ten,svm,occupancy,mean_removed,6,unith,6,Faure,june_8_g0,0.998737373737374,1.0,1.0,0.9794520547945206,,4,20,4,8,0,6,0,1,1,1,0,1S,1H,,0,44,False,True,False,True,0
top_ten,svm,occupancy,mean_removed,6,unith,6,Faure,june_8_g0,0.998737373737374,1.0,1.0,0.9794520547945206,,4,20,4,8,0,6,1,1,1,2,0,1S,2H,,0,33,False,True,False,True,0
top_ten,svm,occupancy,mean_removed,6,unith,6,Faure,june_8_g0,0.998737373737374,1.0,1.0,0.9794520547945206,,4,20,4,8,0,6,2,1,1,3,0,1S,3H,,0,43,False,True,False,True,0
top_ten,svm,occupancy,mean_removed,6,unith,6,Faure,june_8_g0,0.998737373737374,1.0,1.0,0.9794520547945206,,,20,4,8,0,6,3,1,1,4,0,1S,4H,,0,0,False,False,False,False,0
top_ten,svm,occupancy,mean_removed,6,unith,6,Faure,june_8_g0,0.998737373737374,1.0,1.0,0.9794520547945206,,,20,4,8,0,6,4,1,1,5,0,1S,5H,,0,0,False,False,False,False,0
top_ten,svm,occupancy,mean_removed,6,unith,6,Faure,june_8_g0,0.998737373737374,1.0,1.0,0.9794520547945206,,,20,4,8,0,6,5,1,1,6,0,1S,6H,,0,0,False,False,False,False,0
top_ten,svm,occupancy,mean_removed,6,unith,6,Faure,june_8_g0,0.998737373737374,1.0,1.0,0.9794520547945206,,,20,4,8,0,6,6,1,1,1,1,1S,1S,,0,0,False,False,False,False,0
top_ten,svm,occupancy,mean_removed,6,unith,6,Faure,june_8_g0,0.998737373737374,1.0,1.0,0.9794520547945206,,4,20,4,8,0,6,7,1,1,2,1,1S,2S,,0,8,False,True,False,True,0
top_ten,svm,occupancy,mean_removed,6,unith,6,Faure,june_8_g0,0.998737373737374,1.0,1.0,0.9794520547945206,,,20,4,8,0,6,8,1,1,3,1,1S,3S,,0,0,False,False,False,False,0
top_ten,svm,occupancy,mean_removed,6,unith,6,Faure,june_8_g0,0.998737373737374,1.0,1.0,0.9794520547945206,,4,20,4,8,0,6,9,1,1,4,1,1S,4S,,0,49,False,True,False,True,0
top_ten,svm,occupancy,mean_removed,6,unith,6,Faure,june_8_g0,0.998737373737374,1.0,1.0,0.9794520547945206,,4,20,4,8,0,6,10,1,1,5,1,1S,5S,,0,60,False,True,False,True,0
top_ten,svm,occupancy,mean_removed,6,unith,6,Faure,june_8_g0,0.998737373737374,1.0,1.0,0.9794520547945206,,4,20,4,8,0,6,11,1,1,6,1,1S,6S,,0,54,False,True,False,True,0
top_ten,svm,occupancy,mean_removed,6,unith,6,Faure,june_8_g0,0.998737373737374,1.0,1.0,0.9794520547945206,4,4,20,4,8,0,7,0,2,1,1,0,2S,1H,-0.19929349971908925,8,44,True,True,True,True,0
top_ten,svm,occupancy,mean_removed,6,unith,6,Faure,june_8_g0,0.998737373737374,1.0,1.0,0.9794520547945206,4,4,20,4,8,0,7,1,2,1,2,0,2S,2H,0.2986661839607349,8,33,True,True,True,True,0
top_ten,svm,occupancy,mean_removed,6,unith,6,Faure,june_8_g0,0.998737373737374,1.0,1.0,0.9794520547945206,4,4,20,4,8,0,7,2,2,1,3,0,2S,3H,0.09249668752253645,8,43,True,True,True,True,0
top_ten,svm,occupancy,mean_removed,6,unith,6,Faure,june_8_g0,0.998737373737374,1.0,1.0,0.9794520547945206,4,,20,4,8,0,7,3,2,1,4,0,2S,4H,,8,0,True,False,True,False,0
top_ten,svm,occupancy,mean_removed,6,unith,6,Faure,june_8_g0,0.998737373737374,1.0,1.0,0.9794520547945206,4,,20,4,8,0,7,4,2,1,5,0,2S,5H,,8,0,True,False,True,False,0
top_ten,svm,occupancy,mean_removed,6,unith,6,Faure,june_8_g0,0.998737373737374,1.0,1.0,0.9794520547945206,4,,20,4,8,0,7,5,2,1,6,0,2S,6H,,8,0,True,False,True,False,0
top_ten,svm,occupancy,mean_removed,6,unith,6,Faure,june_8_g0,0.998737373737374,1.0,1.0,0.9794520547945206,4,,20,4,8,0,7,6,2,1,1,1,2S,1S,,8,0,True,False,True,False,0
top_ten,svm,occupancy,mean_removed,6,unith,6,Faure,june_8_g0,0.998737373737374,1.0,1.0,0.9794520547945206,4,4,20,4,8,0,7,7,2,1,2,1,2S,2S,-0.00458546721385153,8,8,True,True,True,True,0
top_ten,svm,occupancy,mean_removed,6,unith,6,Faure,june_8_g0,0.998737373737374,1.0,1.0,0.9794520547945206,4,,20,4,8,0,7,8,2,1,3,1,2S,3S,,8,0,True,False,True,False,0
top_ten,svm,occupancy,mean_removed,6,unith,6,Faure,june_8_g0,0.998737373737374,1.0,1.0,0.9794520547945206,4,4,20,4,8,0,7,9,2,1,4,1,2S,4S,0.25141588935064946,8,49,True,True,True,True,0
top_ten,svm,occupancy,mean_removed,6,unith,6,Faure,june_8_g0,0.998737373737374,1.0,1.0,0.9794520547945206,4,4,20,4,8,0,7,10,2,1,5,1,2S,5S,-0.1546852876222618,8,60,True,True,True,True,0
top_ten,svm,occupancy,mean_removed,6,unith,6,Faure,june_8_g0,0.998737373737374,1.0,1.0,0.9794520547945206,4,4,20,4,8,0,7,11,2,1,6,1,2S,6S,0.13094608212337433,8,54,True,True,True,True,0
top_ten,svm,occupancy,mean_removed,6,unith,6,Faure,june_8_g0,0.998737373737374,1.0,1.0,0.9794520547945206,,4,20,4,8,0,8,0,3,1,1,0,3S,1H,,0,44,False,True,False,True,0
top_ten,svm,occupancy,mean_removed,6,unith,6,Faure,june_8_g0,0.998737373737374,1.0,1.0,0.9794520547945206,,4,20,4,8,0,8,1,3,1,2,0,3S,2H,,0,33,False,True,False,True,0
top_ten,svm,occupancy,mean_removed,6,unith,6,Faure,june_8_g0,0.998737373737374,1.0,1.0,0.9794520547945206,,4,20,4,8,0,8,2,3,1,3,0,3S,3H,,0,43,False,True,False,True,0
top_ten,svm,occupancy,mean_removed,6,unith,6,Faure,june_8_g0,0.998737373737374,1.0,1.0,0.9794520547945206,,,20,4,8,0,8,3,3,1,4,0,3S,4H,,0,0,False,False,False,False,0
top_ten,svm,occupancy,mean_removed,6,unith,6,Faure,june_8_g0,0.998737373737374,1.0,1.0,0.9794520547945206,,,20,4,8,0,8,4,3,1,5,0,3S,5H,,0,0,False,False,False,False,0
top_ten,svm,occupancy,mean_removed,6,unith,6,Faure,june_8_g0,0.998737373737374,1.0,1.0,0.9794520547945206,,,20,4,8,0,8,5,3,1,6,0,3S,6H,,0,0,False,False,False,False,0
top_ten,svm,occupancy,mean_removed,6,unith,6,Faure,june_8_g0,0.998737373737374,1.0,1.0,0.9794520547945206,,,20,4,8,0,8,6,3,1,1,1,3S,1S,,0,0,False,False,False,False,0
top_ten,svm,occupancy,mean_removed,6,unith,6,Faure,june_8_g0,0.998737373737374,1.0,1.0,0.9794520547945206,,4,20,4,8,0,8,7,3,1,2,1,3S,2S,,0,8,False,True,False,True,0
top_ten,svm,occupancy,mean_removed,6,unith,6,Faure,june_8_g0,0.998737373737374,1.0,1.0,0.9794520547945206,,,20,4,8,0,8,8,3,1,3,1,3S,3S,,0,0,False,False,False,False,0
top_ten,svm,occupancy,mean_removed,6,unith,6,Faure,june_8_g0,0.998737373737374,1.0,1.0,0.9794520547945206,,4,20,4,8,0,8,9,3,1,4,1,3S,4S,,0,49,False,True,False,True,0
top_ten,svm,occupancy,mean_removed,6,unith,6,Faure,june_8_g0,0.998737373737374,1.0,1.0,0.9794520547945206,,4,20,4,8,0,8,10,3,1,5,1,3S,5S,,0,60,False,True,False,True,0
top_ten,svm,occupancy,mean_removed,6,unith,6,Faure,june_8_g0,0.998737373737374,1.0,1.0,0.9794520547945206,,4,20,4,8,0,8,11,3,1,6,1,3S,6S,,0,54,False,True,False,True,0
top_ten,svm,occupancy,mean_removed,6,unith,6,Faure,june_8_g0,0.998737373737374,1.0,1.0,0.9794520547945206,4,4,20,4,8,0,9,0,4,1,1,0,4S,1H,-0.0005455481815493778,49,44,True,True,True,True,0
top_ten,svm,occupancy,mean_removed,6,unith,6,Faure,june_8_g0,0.998737373737374,1.0,1.0,0.9794520547945206,4,4,20,4,8,0,9,1,4,1,2,0,4S,2H,0.041174297715892774,49,33,True,True,True,True,0
top_ten,svm,occupancy,mean_removed,6,unith,6,Faure,june_8_g0,0.998737373737374,1.0,1.0,0.9794520547945206,4,4,20,4,8,0,9,2,4,1,3,0,4S,3H,0.11781794826602936,49,43,True,True,True,True,0
top_ten,svm,occupancy,mean_removed,6,unith,6,Faure,june_8_g0,0.998737373737374,1.0,1.0,0.9794520547945206,4,,20,4,8,0,9,3,4,1,4,0,4S,4H,,49,0,True,False,True,False,0
top_ten,svm,occupancy,mean_removed,6,unith,6,Faure,june_8_g0,0.998737373737374,1.0,1.0,0.9794520547945206,4,,20,4,8,0,9,4,4,1,5,0,4S,5H,,49,0,True,False,True,False,0
top_ten,svm,occupancy,mean_removed,6,unith,6,Faure,june_8_g0,0.998737373737374,1.0,1.0,0.9794520547945206,4,,20,4,8,0,9,5,4,1,6,0,4S,6H,,49,0,True,False,True,False,0
top_ten,svm,occupancy,mean_removed,6,unith,6,Faure,june_8_g0,0.998737373737374,1.0,1.0,0.9794520547945206,4,,20,4,8,0,9,6,4,1,1,1,4S,1S,,49,0,True,False,True,False,0
top_ten,svm,occupancy,mean_removed,6,unith,6,Faure,june_8_g0,0.998737373737374,1.0,1.0,0.9794520547945206,4,4,20,4,8,0,9,7,4,1,2,1,4S,2S,0.25141588935064946,49,8,True,True,True,True,0
top_ten,svm,occupancy,mean_removed,6,unith,6,Faure,june_8_g0,0.998737373737374,1.0,1.0,0.9794520547945206,4,,20,4,8,0,9,8,4,1,3,1,4S,3S,,49,0,True,False,True,False,0
top_ten,svm,occupancy,mean_removed,6,unith,6,Faure,june_8_g0,0.998737373737374,1.0,1.0,0.9794520547945206,4,4,20,4,8,0,9,9,4,1,4,1,4S,4S,0.45270953578626605,49,49,True,True,True,True,0
top_ten,svm,occupancy,mean_removed,6,unith,6,Faure,june_8_g0,0.998737373737374,1.0,1.0,0.9794520547945206,4,4,20,4,8,0,9,10,4,1,5,1,4S,5S,-0.0951513288725966,49,60,True,True,True,True,0
top_ten,svm,occupancy,mean_removed,6,unith,6,Faure,june_8_g0,0.998737373737374,1.0,1.0,0.9794520547945206,4,4,20,4,8,0,9,11,4,1,6,1,4S,6S,0.005874965805934784,49,54,True,True,True,True,0
top_ten,svm,occupancy,mean_removed,6,unith,6,Faure,june_8_g0,0.998737373737374,1.0,1.0,0.9794520547945206,4,4,20,4,8,0,10,0,5,1,1,0,5S,1H,0.14752068425309034,60,44,True,True,True,True,0
top_ten,svm,occupancy,mean_removed,6,unith,6,Faure,june_8_g0,0.998737373737374,1.0,1.0,0.9794520547945206,4,4,20,4,8,0,10,1,5,1,2,0,5S,2H,-0.1112387994071958,60,33,True,True,True,True,0
top_ten,svm,occupancy,mean_removed,6,unith,6,Faure,june_8_g0,0.998737373737374,1.0,1.0,0.9794520547945206,4,4,20,4,8,0,10,2,5,1,3,0,5S,3H,-0.0530128124651865,60,43,True,True,True,True,0
top_ten,svm,occupancy,mean_removed,6,unith,6,Faure,june_8_g0,0.998737373737374,1.0,1.0,0.9794520547945206,4,,20,4,8,0,10,3,5,1,4,0,5S,4H,,60,0,True,False,True,False,0
top_ten,svm,occupancy,mean_removed,6,unith,6,Faure,june_8_g0,0.998737373737374,1.0,1.0,0.9794520547945206,4,,20,4,8,0,10,4,5,1,5,0,5S,5H,,60,0,True,False,True,False,0
top_ten,svm,occupancy,mean_removed,6,unith,6,Faure,june_8_g0,0.998737373737374,1.0,1.0,0.9794520547945206,4,,20,4,8,0,10,5,5,1,6,0,5S,6H,,60,0,True,False,True,False,0
top_ten,svm,occupancy,mean_removed,6,unith,6,Faure,june_8_g0,0.998737373737374,1.0,1.0,0.9794520547945206,4,,20,4,8,0,10,6,5,1,1,1,5S,1S,,60,0,True,False,True,False,0
top_ten,svm,occupancy,mean_removed,6,unith,6,Faure,june_8_g0,0.998737373737374,1.0,1.0,0.9794520547945206,4,4,20,4,8,0,10,7,5,1,2,1,5S,2S,-0.1546852876222618,60,8,True,True,True,True,0
top_ten,svm,occupancy,mean_removed,6,unith,6,Faure,june_8_g0,0.998737373737374,1.0,1.0,0.9794520547945206,4,,20,4,8,0,10,8,5,1,3,1,5S,3S,,60,0,True,False,True,False,0
top_ten,svm,occupancy,mean_removed,6,unith,6,Faure,june_8_g0,0.998737373737374,1.0,1.0,0.9794520547945206,4,4,20,4,8,0,10,9,5,1,4,1,5S,4S,-0.0951513288725966,60,49,True,True,True,True,0
top_ten,svm,occupancy,mean_removed,6,unith,6,Faure,june_8_g0,0.998737373737374,1.0,1.0,0.9794520547945206,4,4,20,4,8,0,10,10,5,1,5,1,5S,5S,-0.01921608182878895,60,60,True,True,True,True,0
top_ten,svm,occupancy,mean_removed,6,unith,6,Faure,june_8_g0,0.998737373737374,1.0,1.0,0.9794520547945206,4,4,20,4,8,0,10,11,5,1,6,1,5S,6S,0.002943790702208293,60,54,True,True,True,True,0
top_ten,svm,occupancy,mean_removed,6,unith,6,Faure,june_8_g0,0.998737373737374,1.0,1.0,0.9794520547945206,4,4,20,4,8,0,11,0,6,1,1,0,6S,1H,0.009384413643707956,54,44,True,True,True,True,0
top_ten,svm,occupancy,mean_removed,6,unith,6,Faure,june_8_g0,0.998737373737374,1.0,1.0,0.9794520547945206,4,4,20,4,8,0,11,1,6,1,2,0,6S,2H,-0.04007489071531793,54,33,True,True,True,True,0
top_ten,svm,occupancy,mean_removed,6,unith,6,Faure,june_8_g0,0.998737373737374,1.0,1.0,0.9794520547945206,4,4,20,4,8,0,11,2,6,1,3,0,6S,3H,-0.05942526540461366,54,43,True,True,True,True,0
top_ten,svm,occupancy,mean_removed,6,unith,6,Faure,june_8_g0,0.998737373737374,1.0,1.0,0.9794520547945206,4,,20,4,8,0,11,3,6,1,4,0,6S,4H,,54,0,True,False,True,False,0
top_ten,svm,occupancy,mean_removed,6,unith,6,Faure,june_8_g0,0.998737373737374,1.0,1.0,0.9794520547945206,4,,20,4,8,0,11,4,6,1,5,0,6S,5H,,54,0,True,False,True,False,0
top_ten,svm,occupancy,mean_removed,6,unith,6,Faure,june_8_g0,0.998737373737374,1.0,1.0,0.9794520547945206,4,,20,4,8,0,11,5,6,1,6,0,6S,6H,,54,0,True,False,True,False,0
top_ten,svm,occupancy,mean_removed,6,unith,6,Faure,june_8_g0,0.998737373737374,1.0,1.0,0.9794520547945206,4,,20,4,8,0,11,6,6,1,1,1,6S,1S,,54,0,True,False,True,False,0
top_ten,svm,occupancy,mean_removed,6,unith,6,Faure,june_8_g0,0.998737373737374,1.0,1.0,0.9794520547945206,4,4,20,4,8,0,11,7,6,1,2,1,6S,2S,0.13094608212337433,54,8,True,True,True,True,0
top_ten,svm,occupancy,mean_removed,6,unith,6,Faure,june_8_g0,0.998737373737374,1.0,1.0,0.9794520547945206,4,,20,4,8,0,11,8,6,1,3,1,6S,3S,,54,0,True,False,True,False,0
top_ten,svm,occupancy,mean_removed,6,unith,6,Faure,june_8_g0,0.998737373737374,1.0,1.0,0.9794520547945206,4,4,20,4,8,0,11,9,6,1,4,1,6S,4S,0.005874965805934784,54,49,True,True,True,True,0
top_ten,svm,occupancy,mean_removed,6,unith,6,Faure,june_8_g0,0.998737373737374,1.0,1.0,0.9794520547945206,4,4,20,4,8,0,11,10,6,1,5,1,6S,5S,0.002943790702208293,54,60,True,True,True,True,0
top_ten,svm,occupancy,mean_removed,6,unith,6,Faure,june_8_g0,0.998737373737374,1.0,1.0,0.9794520547945206,4,4,20,4,8,0,11,11,6,1,6,1,6S,6S,0.01709846786097217,54,54,True,True,True,True,0
top_ten,svm,occupancy,mean_removed,6,unith,6,Nielsen,Nov_18_g0,0.990064289888954,0.9955191895577635,0.9658094681472823,0.46511627906976744,13,13,20,4,8,0,0,0,1,0,1,0,1H,1H,0.42016054350436505,57,57,True,True,True,True,0
top_ten,svm,occupancy,mean_removed,6,unith,6,Nielsen,Nov_18_g0,0.990064289888954,0.9955191895577635,0.9658094681472823,0.46511627906976744,13,13,20,4,8,0,0,1,1,0,2,0,1H,2H,0.33789881457090865,57,63,True,True,True,True,0
top_ten,svm,occupancy,mean_removed,6,unith,6,Nielsen,Nov_18_g0,0.990064289888954,0.9955191895577635,0.9658094681472823,0.46511627906976744,13,13,20,4,8,0,0,2,1,0,3,0,1H,3H,0.5035423154830928,57,67,True,True,True,True,0
top_ten,svm,occupancy,mean_removed,6,unith,6,Nielsen,Nov_18_g0,0.990064289888954,0.9955191895577635,0.9658094681472823,0.46511627906976744,13,13,20,4,8,0,0,3,1,0,4,0,1H,4H,0.22879744793689388,57,43,True,True,True,True,0
top_ten,svm,occupancy,mean_removed,6,unith,6,Nielsen,Nov_18_g0,0.990064289888954,0.9955191895577635,0.9658094681472823,0.46511627906976744,13,2,20,4,8,0,0,4,1,0,5,0,1H,5H,-0.08332107142213022,57,5,True,True,True,False,0
top_ten,svm,occupancy,mean_removed,6,unith,6,Nielsen,Nov_18_g0,0.990064289888954,0.9955191895577635,0.9658094681472823,0.46511627906976744,13,,20,4,8,0,0,5,1,0,6,0,1H,6H,,57,0,True,False,True,False,0
top_ten,svm,occupancy,mean_removed,6,unith,6,Nielsen,Nov_18_g0,0.990064289888954,0.9955191895577635,0.9658094681472823,0.46511627906976744,13,,20,4,8,0,0,6,1,0,1,1,1H,1S,,57,0,True,False,True,False,0
top_ten,svm,occupancy,mean_removed,6,unith,6,Nielsen,Nov_18_g0,0.990064289888954,0.9955191895577635,0.9658094681472823,0.46511627906976744,13,,20,4,8,0,0,7,1,0,2,1,1H,2S,,57,0,True,False,True,False,0
top_ten,svm,occupancy,mean_removed,6,unith,6,Nielsen,Nov_18_g0,0.990064289888954,0.9955191895577635,0.9658094681472823,0.46511627906976744,13,,20,4,8,0,0,8,1,0,3,1,1H,3S,,57,0,True,False,True,False,0
top_ten,svm,occupancy,mean_removed,6,unith,6,Nielsen,Nov_18_g0,0.990064289888954,0.9955191895577635,0.9658094681472823,0.46511627906976744,13,13,20,4,8,0,0,9,1,0,4,1,1H,4S,0.03418398253547515,57,27,True,True,True,True,0
top_ten,svm,occupancy,mean_removed,6,unith,6,Nielsen,Nov_18_g0,0.990064289888954,0.9955191895577635,0.9658094681472823,0.46511627906976744,13,13,20,4,8,0,0,10,1,0,5,1,1H,5S,0.0424377320020359,57,76,True,True,True,True,0
top_ten,svm,occupancy,mean_removed,6,unith,6,Nielsen,Nov_18_g0,0.990064289888954,0.9955191895577635,0.9658094681472823,0.46511627906976744,13,13,20,4,8,0,0,11,1,0,6,1,1H,6S,-0.15910879904397374,57,84,True,True,True,True,0
top_ten,svm,occupancy,mean_removed,6,unith,6,Nielsen,Nov_18_g0,0.990064289888954,0.9955191895577635,0.9658094681472823,0.46511627906976744,13,13,20,4,8,0,1,0,2,0,1,0,2H,1H,0.33789881457090865,63,57,True,True,True,True,0
top_ten,svm,occupancy,mean_removed,6,unith,6,Nielsen,Nov_18_g0,0.990064289888954,0.9955191895577635,0.9658094681472823,0.46511627906976744,13,13,20,4,8,0,1,1,2,0,2,0,2H,2H,0.24462651227312682,63,63,True,True,True,True,0
top_ten,svm,occupancy,mean_removed,6,unith,6,Nielsen,Nov_18_g0,0.990064289888954,0.9955191895577635,0.9658094681472823,0.46511627906976744,13,13,20,4,8,0,1,2,2,0,3,0,2H,3H,0.24904522567018503,63,67,True,True,True,True,0
top_ten,svm,occupancy,mean_removed,6,unith,6,Nielsen,Nov_18_g0,0.990064289888954,0.9955191895577635,0.9658094681472823,0.46511627906976744,13,13,20,4,8,0,1,3,2,0,4,0,2H,4H,-0.10230532721168883,63,43,True,True,True,True,0
top_ten,svm,occupancy,mean_removed,6,unith,6,Nielsen,Nov_18_g0,0.990064289888954,0.9955191895577635,0.9658094681472823,0.46511627906976744,13,2,20,4,8,0,1,4,2,0,5,0,2H,5H,-0.07896436573672619,63,5,True,True,True,False,0
top_ten,svm,occupancy,mean_removed,6,unith,6,Nielsen,Nov_18_g0,0.990064289888954,0.9955191895577635,0.9658094681472823,0.46511627906976744,13,,20,4,8,0,1,5,2,0,6,0,2H,6H,,63,0,True,False,True,False,0
top_ten,svm,occupancy,mean_removed,6,unith,6,Nielsen,Nov_18_g0,0.990064289888954,0.9955191895577635,0.9658094681472823,0.46511627906976744,13,,20,4,8,0,1,6,2,0,1,1,2H,1S,,63,0,True,False,True,False,0
top_ten,svm,occupancy,mean_removed,6,unith,6,Nielsen,Nov_18_g0,0.990064289888954,0.9955191895577635,0.9658094681472823,0.46511627906976744,13,,20,4,8,0,1,7,2,0,2,1,2H,2S,,63,0,True,False,True,False,0
top_ten,svm,occupancy,mean_removed,6,unith,6,Nielsen,Nov_18_g0,0.990064289888954,0.9955191895577635,0.9658094681472823,0.46511627906976744,13,,20,4,8,0,1,8,2,0,3,1,2H,3S,,63,0,True,False,True,False,0
top_ten,svm,occupancy,mean_removed,6,unith,6,Nielsen,Nov_18_g0,0.990064289888954,0.9955191895577635,0.9658094681472823,0.46511627906976744,13,13,20,4,8,0,1,9,2,0,4,1,2H,4S,-0.04543013634699412,63,27,True,True,True,True,0
top_ten,svm,occupancy,mean_removed,6,unith,6,Nielsen,Nov_18_g0,0.990064289888954,0.9955191895577635,0.9658094681472823,0.46511627906976744,13,13,20,4,8,0,1,10,2,0,5,1,2H,5S,-0.08875405617246411,63,76,True,True,True,True,0
top_ten,svm,occupancy,mean_removed,6,unith,6,Nielsen,Nov_18_g0,0.990064289888954,0.9955191895577635,0.9658094681472823,0.46511627906976744,13,13,20,4,8,0,1,11,2,0,6,1,2H,6S,-0.29479002653701025,63,84,True,True,True,True,0
top_ten,svm,occupancy,mean_removed,6,unith,6,Nielsen,Nov_18_g0,0.990064289888954,0.9955191895577635,0.9658094681472823,0.46511627906976744,13,13,20,4,8,0,2,0,3,0,1,0,3H,1H,0.5035423154830928,67,57,True,True,True,True,0
top_ten,svm,occupancy,mean_removed,6,unith,6,Nielsen,Nov_18_g0,0.990064289888954,0.9955191895577635,0.9658094681472823,0.46511627906976744,13,13,20,4,8,0,2,1,3,0,2,0,3H,2H,0.24904522567018503,67,63,True,True,True,True,0
top_ten,svm,occupancy,mean_removed,6,unith,6,Nielsen,Nov_18_g0,0.990064289888954,0.9955191895577635,0.9658094681472823,0.46511627906976744,13,13,20,4,8,0,2,2,3,0,3,0,3H,3H,0.46426568768945453,67,67,True,True,True,True,0
top_ten,svm,occupancy,mean_removed,6,unith,6,Nielsen,Nov_18_g0,0.990064289888954,0.9955191895577635,0.9658094681472823,0.46511627906976744,13,13,20,4,8,0,2,3,3,0,4,0,3H,4H,0.3842956420630924,67,43,True,True,True,True,0
top_ten,svm,occupancy,mean_removed,6,unith,6,Nielsen,Nov_18_g0,0.990064289888954,0.9955191895577635,0.9658094681472823,0.46511627906976744,13,2,20,4,8,0,2,4,3,0,5,0,3H,5H,0.053981416051185616,67,5,True,True,True,False,0
top_ten,svm,occupancy,mean_removed,6,unith,6,Nielsen,Nov_18_g0,0.990064289888954,0.9955191895577635,0.9658094681472823,0.46511627906976744,13,,20,4,8,0,2,5,3,0,6,0,3H,6H,,67,0,True,False,True,False,0
top_ten,svm,occupancy,mean_removed,6,unith,6,Nielsen,Nov_18_g0,0.990064289888954,0.9955191895577635,0.9658094681472823,0.46511627906976744,13,,20,4,8,0,2,6,3,0,1,1,3H,1S,,67,0,True,False,True,False,0
top_ten,svm,occupancy,mean_removed,6,unith,6,Nielsen,Nov_18_g0,0.990064289888954,0.9955191895577635,0.9658094681472823,0.46511627906976744,13,,20,4,8,0,2,7,3,0,2,1,3H,2S,,67,0,True,False,True,False,0
top_ten,svm,occupancy,mean_removed,6,unith,6,Nielsen,Nov_18_g0,0.990064289888954,0.9955191895577635,0.9658094681472823,0.46511627906976744,13,,20,4,8,0,2,8,3,0,3,1,3H,3S,,67,0,True,False,True,False,0
top_ten,svm,occupancy,mean_removed,6,unith,6,Nielsen,Nov_18_g0,0.990064289888954,0.9955191895577635,0.9658094681472823,0.46511627906976744,13,13,20,4,8,0,2,9,3,0,4,1,3H,4S,-0.005229416530290032,67,27,True,True,True,True,0
top_ten,svm,occupancy,mean_removed,6,unith,6,Nielsen,Nov_18_g0,0.990064289888954,0.9955191895577635,0.9658094681472823,0.46511627906976744,13,13,20,4,8,0,2,10,3,0,5,1,3H,5S,0.18510125176344727,67,76,True,True,True,True,0
top_ten,svm,occupancy,mean_removed,6,unith,6,Nielsen,Nov_18_g0,0.990064289888954,0.9955191895577635,0.9658094681472823,0.46511627906976744,13,13,20,4,8,0,2,11,3,0,6,1,3H,6S,-0.12340689165294527,67,84,True,True,True,True,0
top_ten,svm,occupancy,mean_removed,6,unith,6,Nielsen,Nov_18_g0,0.990064289888954,0.9955191895577635,0.9658094681472823,0.46511627906976744,13,13,20,4,8,0,3,0,4,0,1,0,4H,1H,0.22879744793689388,43,57,True,True,True,True,0
top_ten,svm,occupancy,mean_removed,6,unith,6,Nielsen,Nov_18_g0,0.990064289888954,0.9955191895577635,0.9658094681472823,0.46511627906976744,13,13,20,4,8,0,3,1,4,0,2,0,4H,2H,-0.10230532721168883,43,63,True,True,True,True,0
top_ten,svm,occupancy,mean_removed,6,unith,6,Nielsen,Nov_18_g0,0.990064289888954,0.9955191895577635,0.9658094681472823,0.46511627906976744,13,13,20,4,8,0,3,2,4,0,3,0,4H,3H,0.3842956420630924,43,67,True,True,True,True,0
top_ten,svm,occupancy,mean_removed,6,unith,6,Nielsen,Nov_18_g0,0.990064289888954,0.9955191895577635,0.9658094681472823,0.46511627906976744,13,13,20,4,8,0,3,3,4,0,4,0,4H,4H,0.2732570948150396,43,43,True,True,True,True,0
top_ten,svm,occupancy,mean_removed,6,unith,6,Nielsen,Nov_18_g0,0.990064289888954,0.9955191895577635,0.9658094681472823,0.46511627906976744,13,2,20,4,8,0,3,4,4,0,5,0,4H,5H,0.39216519346169004,43,5,True,True,True,False,0
top_ten,svm,occupancy,mean_removed,6,unith,6,Nielsen,Nov_18_g0,0.990064289888954,0.9955191895577635,0.9658094681472823,0.46511627906976744,13,,20,4,8,0,3,5,4,0,6,0,4H,6H,,43,0,True,False,True,False,0
top_ten,svm,occupancy,mean_removed,6,unith,6,Nielsen,Nov_18_g0,0.990064289888954,0.9955191895577635,0.9658094681472823,0.46511627906976744,13,,20,4,8,0,3,6,4,0,1,1,4H,1S,,43,0,True,False,True,False,0
top_ten,svm,occupancy,mean_removed,6,unith,6,Nielsen,Nov_18_g0,0.990064289888954,0.9955191895577635,0.9658094681472823,0.46511627906976744,13,,20,4,8,0,3,7,4,0,2,1,4H,2S,,43,0,True,False,True,False,0
top_ten,svm,occupancy,mean_removed,6,unith,6,Nielsen,Nov_18_g0,0.990064289888954,0.9955191895577635,0.9658094681472823,0.46511627906976744,13,,20,4,8,0,3,8,4,0,3,1,4H,3S,,43,0,True,False,True,False,0
top_ten,svm,occupancy,mean_removed,6,unith,6,Nielsen,Nov_18_g0,0.990064289888954,0.9955191895577635,0.9658094681472823,0.46511627906976744,13,13,20,4,8,0,3,9,4,0,4,1,4H,4S,-0.10812155989924858,43,27,True,True,True,True,0
top_ten,svm,occupancy,mean_removed,6,unith,6,Nielsen,Nov_18_g0,0.990064289888954,0.9955191895577635,0.9658094681472823,0.46511627906976744,13,13,20,4,8,0,3,10,4,0,5,1,4H,5S,0.4858061818816233,43,76,True,True,True,True,0
top_ten,svm,occupancy,mean_removed,6,unith,6,Nielsen,Nov_18_g0,0.990064289888954,0.9955191895577635,0.9658094681472823,0.46511627906976744,13,13,20,4,8,0,3,11,4,0,6,1,4H,6S,0.11983526603830678,43,84,True,True,True,True,0
top_ten,svm,occupancy,mean_removed,6,unith,6,Nielsen,Nov_18_g0,0.990064289888954,0.9955191895577635,0.9658094681472823,0.46511627906976744,2,13,20,4,8,0,4,0,5,0,1,0,5H,1H,-0.08332107142213022,5,57,True,True,False,True,0
top_ten,svm,occupancy,mean_removed,6,unith,6,Nielsen,Nov_18_g0,0.990064289888954,0.9955191895577635,0.9658094681472823,0.46511627906976744,2,13,20,4,8,0,4,1,5,0,2,0,5H,2H,-0.07896436573672619,5,63,True,True,False,True,0
top_ten,svm,occupancy,mean_removed,6,unith,6,Nielsen,Nov_18_g0,0.990064289888954,0.9955191895577635,0.9658094681472823,0.46511627906976744,2,13,20,4,8,0,4,2,5,0,3,0,5H,3H,0.053981416051185616,5,67,True,True,False,True,0
top_ten,svm,occupancy,mean_removed,6,unith,6,Nielsen,Nov_18_g0,0.990064289888954,0.9955191895577635,0.9658094681472823,0.46511627906976744,2,13,20,4,8,0,4,3,5,0,4,0,5H,4H,0.39216519346169004,5,43,True,True,False,True,0
top_ten,svm,occupancy,mean_removed,6,unith,6,Nielsen,Nov_18_g0,0.990064289888954,0.9955191895577635,0.9658094681472823,0.46511627906976744,2,2,20,4,8,0,4,4,5,0,5,0,5H,5H,0.13146455439574864,5,5,True,True,False,False,0
top_ten,svm,occupancy,mean_removed,6,unith,6,Nielsen,Nov_18_g0,0.990064289888954,0.9955191895577635,0.9658094681472823,0.46511627906976744,2,,20,4,8,0,4,5,5,0,6,0,5H,6H,,5,0,True,False,False,False,0
top_ten,svm,occupancy,mean_removed,6,unith,6,Nielsen,Nov_18_g0,0.990064289888954,0.9955191895577635,0.9658094681472823,0.46511627906976744,2,,20,4,8,0,4,6,5,0,1,1,5H,1S,,5,0,True,False,False,False,0
top_ten,svm,occupancy,mean_removed,6,unith,6,Nielsen,Nov_18_g0,0.990064289888954,0.9955191895577635,0.9658094681472823,0.46511627906976744,2,,20,4,8,0,4,7,5,0,2,1,5H,2S,,5,0,True,False,False,False,0
top_ten,svm,occupancy,mean_removed,6,unith,6,Nielsen,Nov_18_g0,0.990064289888954,0.9955191895577635,0.9658094681472823,0.46511627906976744,2,,20,4,8,0,4,8,5,0,3,1,5H,3S,,5,0,True,False,False,False,0
top_ten,svm,occupancy,mean_removed,6,unith,6,Nielsen,Nov_18_g0,0.990064289888954,0.9955191895577635,0.9658094681472823,0.46511627906976744,2,13,20,4,8,0,4,9,5,0,4,1,5H,4S,-0.20826170748066658,5,27,True,True,False,True,0
top_ten,svm,occupancy,mean_removed,6,unith,6,Nielsen,Nov_18_g0,0.990064289888954,0.9955191895577635,0.9658094681472823,0.46511627906976744,2,13,20,4,8,0,4,10,5,0,5,1,5H,5S,0.4561351430109621,5,76,True,True,False,True,0
top_ten,svm,occupancy,mean_removed,6,unith,6,Nielsen,Nov_18_g0,0.990064289888954,0.9955191895577635,0.9658094681472823,0.46511627906976744,2,13,20,4,8,0,4,11,5,0,6,1,5H,6S,-0.0033243888457049064,5,84,True,True,False,True,0
top_ten,svm,occupancy,mean_removed,6,unith,6,Nielsen,Nov_18_g0,0.990064289888954,0.9955191895577635,0.9658094681472823,0.46511627906976744,,13,20,4,8,0,5,0,6,0,1,0,6H,1H,,0,57,False,True,False,True,0
top_ten,svm,occupancy,mean_removed,6,unith,6,Nielsen,Nov_18_g0,0.990064289888954,0.9955191895577635,0.9658094681472823,0.46511627906976744,,13,20,4,8,0,5,1,6,0,2,0,6H,2H,,0,63,False,True,False,True,0
top_ten,svm,occupancy,mean_removed,6,unith,6,Nielsen,Nov_18_g0,0.990064289888954,0.9955191895577635,0.9658094681472823,0.46511627906976744,,13,20,4,8,0,5,2,6,0,3,0,6H,3H,,0,67,False,True,False,True,0
top_ten,svm,occupancy,mean_removed,6,unith,6,Nielsen,Nov_18_g0,0.990064289888954,0.9955191895577635,0.9658094681472823,0.46511627906976744,,13,20,4,8,0,5,3,6,0,4,0,6H,4H,,0,43,False,True,False,True,0
top_ten,svm,occupancy,mean_removed,6,unith,6,Nielsen,Nov_18_g0,0.990064289888954,0.9955191895577635,0.9658094681472823,0.46511627906976744,,2,20,4,8,0,5,4,6,0,5,0,6H,5H,,0,5,False,True,False,False,0
top_ten,svm,occupancy,mean_removed,6,unith,6,Nielsen,Nov_18_g0,0.990064289888954,0.9955191895577635,0.9658094681472823,0.46511627906976744,,,20,4,8,0,5,5,6,0,6,0,6H,6H,,0,0,False,False,False,False,0
top_ten,svm,occupancy,mean_removed,6,unith,6,Nielsen,Nov_18_g0,0.990064289888954,0.9955191895577635,0.9658094681472823,0.46511627906976744,,,20,4,8,0,5,6,6,0,1,1,6H,1S,,0,0,False,False,False,False,0
top_ten,svm,occupancy,mean_removed,6,unith,6,Nielsen,Nov_18_g0,0.990064289888954,0.9955191895577635,0.9658094681472823,0.46511627906976744,,,20,4,8,0,5,7,6,0,2,1,6H,2S,,0,0,False,False,False,False,0
top_ten,svm,occupancy,mean_removed,6,unith,6,Nielsen,Nov_18_g0,0.990064289888954,0.9955191895577635,0.9658094681472823,0.46511627906976744,,,20,4,8,0,5,8,6,0,3,1,6H,3S,,0,0,False,False,False,False,0
top_ten,svm,occupancy,mean_removed,6,unith,6,Nielsen,Nov_18_g0,0.990064289888954,0.9955191895577635,0.9658094681472823,0.46511627906976744,,13,20,4,8,0,5,9,6,0,4,1,6H,4S,,0,27,False,True,False,True,0
top_ten,svm,occupancy,mean_removed,6,unith,6,Nielsen,Nov_18_g0,0.990064289888954,0.9955191895577635,0.9658094681472823,0.46511627906976744,,13,20,4,8,0,5,10,6,0,5,1,6H,5S,,0,76,False,True,False,True,0
top_ten,svm,occupancy,mean_removed,6,unith,6,Nielsen,Nov_18_g0,0.990064289888954,0.9955191895577635,0.9658094681472823,0.46511627906976744,,13,20,4,8,0,5,11,6,0,6,1,6H,6S,,0,84,False,True,False,True,0
top_ten,svm,occupancy,mean_removed,6,unith,6,Nielsen,Nov_18_g0,0.990064289888954,0.9955191895577635,0.9658094681472823,0.46511627906976744,,13,20,4,8,0,6,0,1,1,1,0,1S,1H,,0,57,False,True,False,True,0
top_ten,svm,occupancy,mean_removed,6,unith,6,Nielsen,Nov_18_g0,0.990064289888954,0.9955191895577635,0.9658094681472823,0.46511627906976744,,13,20,4,8,0,6,1,1,1,2,0,1S,2H,,0,63,False,True,False,True,0
top_ten,svm,occupancy,mean_removed,6,unith,6,Nielsen,Nov_18_g0,0.990064289888954,0.9955191895577635,0.9658094681472823,0.46511627906976744,,13,20,4,8,0,6,2,1,1,3,0,1S,3H,,0,67,False,True,False,True,0
top_ten,svm,occupancy,mean_removed,6,unith,6,Nielsen,Nov_18_g0,0.990064289888954,0.9955191895577635,0.9658094681472823,0.46511627906976744,,13,20,4,8,0,6,3,1,1,4,0,1S,4H,,0,43,False,True,False,True,0
top_ten,svm,occupancy,mean_removed,6,unith,6,Nielsen,Nov_18_g0,0.990064289888954,0.9955191895577635,0.9658094681472823,0.46511627906976744,,2,20,4,8,0,6,4,1,1,5,0,1S,5H,,0,5,False,True,False,False,0
top_ten,svm,occupancy,mean_removed,6,unith,6,Nielsen,Nov_18_g0,0.990064289888954,0.9955191895577635,0.9658094681472823,0.46511627906976744,,,20,4,8,0,6,5,1,1,6,0,1S,6H,,0,0,False,False,False,False,0
top_ten,svm,occupancy,mean_removed,6,unith,6,Nielsen,Nov_18_g0,0.990064289888954,0.9955191895577635,0.9658094681472823,0.46511627906976744,,,20,4,8,0,6,6,1,1,1,1,1S,1S,,0,0,False,False,False,False,0
top_ten,svm,occupancy,mean_removed,6,unith,6,Nielsen,Nov_18_g0,0.990064289888954,0.9955191895577635,0.9658094681472823,0.46511627906976744,,,20,4,8,0,6,7,1,1,2,1,1S,2S,,0,0,False,False,False,False,0
top_ten,svm,occupancy,mean_removed,6,unith,6,Nielsen,Nov_18_g0,0.990064289888954,0.9955191895577635,0.9658094681472823,0.46511627906976744,,,20,4,8,0,6,8,1,1,3,1,1S,3S,,0,0,False,False,False,False,0
top_ten,svm,occupancy,mean_removed,6,unith,6,Nielsen,Nov_18_g0,0.990064289888954,0.9955191895577635,0.9658094681472823,0.46511627906976744,,13,20,4,8,0,6,9,1,1,4,1,1S,4S,,0,27,False,True,False,True,0
top_ten,svm,occupancy,mean_removed,6,unith,6,Nielsen,Nov_18_g0,0.990064289888954,0.9955191895577635,0.9658094681472823,0.46511627906976744,,13,20,4,8,0,6,10,1,1,5,1,1S,5S,,0,76,False,True,False,True,0
top_ten,svm,occupancy,mean_removed,6,unith,6,Nielsen,Nov_18_g0,0.990064289888954,0.9955191895577635,0.9658094681472823,0.46511627906976744,,13,20,4,8,0,6,11,1,1,6,1,1S,6S,,0,84,False,True,False,True,0
top_ten,svm,occupancy,mean_removed,6,unith,6,Nielsen,Nov_18_g0,0.990064289888954,0.9955191895577635,0.9658094681472823,0.46511627906976744,,13,20,4,8,0,7,0,2,1,1,0,2S,1H,,0,57,False,True,False,True,0
top_ten,svm,occupancy,mean_removed,6,unith,6,Nielsen,Nov_18_g0,0.990064289888954,0.9955191895577635,0.9658094681472823,0.46511627906976744,,13,20,4,8,0,7,1,2,1,2,0,2S,2H,,0,63,False,True,False,True,0
top_ten,svm,occupancy,mean_removed,6,unith,6,Nielsen,Nov_18_g0,0.990064289888954,0.9955191895577635,0.9658094681472823,0.46511627906976744,,13,20,4,8,0,7,2,2,1,3,0,2S,3H,,0,67,False,True,False,True,0
top_ten,svm,occupancy,mean_removed,6,unith,6,Nielsen,Nov_18_g0,0.990064289888954,0.9955191895577635,0.9658094681472823,0.46511627906976744,,13,20,4,8,0,7,3,2,1,4,0,2S,4H,,0,43,False,True,False,True,0
top_ten,svm,occupancy,mean_removed,6,unith,6,Nielsen,Nov_18_g0,0.990064289888954,0.9955191895577635,0.9658094681472823,0.46511627906976744,,2,20,4,8,0,7,4,2,1,5,0,2S,5H,,0,5,False,True,False,False,0
top_ten,svm,occupancy,mean_removed,6,unith,6,Nielsen,Nov_18_g0,0.990064289888954,0.9955191895577635,0.9658094681472823,0.46511627906976744,,,20,4,8,0,7,5,2,1,6,0,2S,6H,,0,0,False,False,False,False,0
top_ten,svm,occupancy,mean_removed,6,unith,6,Nielsen,Nov_18_g0,0.990064289888954,0.9955191895577635,0.9658094681472823,0.46511627906976744,,,20,4,8,0,7,6,2,1,1,1,2S,1S,,0,0,False,False,False,False,0
top_ten,svm,occupancy,mean_removed,6,unith,6,Nielsen,Nov_18_g0,0.990064289888954,0.9955191895577635,0.9658094681472823,0.46511627906976744,,,20,4,8,0,7,7,2,1,2,1,2S,2S,,0,0,False,False,False,False,0
top_ten,svm,occupancy,mean_removed,6,unith,6,Nielsen,Nov_18_g0,0.990064289888954,0.9955191895577635,0.9658094681472823,0.46511627906976744,,,20,4,8,0,7,8,2,1,3,1,2S,3S,,0,0,False,False,False,False,0
top_ten,svm,occupancy,mean_removed,6,unith,6,Nielsen,Nov_18_g0,0.990064289888954,0.9955191895577635,0.9658094681472823,0.46511627906976744,,13,20,4,8,0,7,9,2,1,4,1,2S,4S,,0,27,False,True,False,True,0
top_ten,svm,occupancy,mean_removed,6,unith,6,Nielsen,Nov_18_g0,0.990064289888954,0.9955191895577635,0.9658094681472823,0.46511627906976744,,13,20,4,8,0,7,10,2,1,5,1,2S,5S,,0,76,False,True,False,True,0
top_ten,svm,occupancy,mean_removed,6,unith,6,Nielsen,Nov_18_g0,0.990064289888954,0.9955191895577635,0.9658094681472823,0.46511627906976744,,13,20,4,8,0,7,11,2,1,6,1,2S,6S,,0,84,False,True,False,True,0
top_ten,svm,occupancy,mean_removed,6,unith,6,Nielsen,Nov_18_g0,0.990064289888954,0.9955191895577635,0.9658094681472823,0.46511627906976744,,13,20,4,8,0,8,0,3,1,1,0,3S,1H,,0,57,False,True,False,True,0
top_ten,svm,occupancy,mean_removed,6,unith,6,Nielsen,Nov_18_g0,0.990064289888954,0.9955191895577635,0.9658094681472823,0.46511627906976744,,13,20,4,8,0,8,1,3,1,2,0,3S,2H,,0,63,False,True,False,True,0
top_ten,svm,occupancy,mean_removed,6,unith,6,Nielsen,Nov_18_g0,0.990064289888954,0.9955191895577635,0.9658094681472823,0.46511627906976744,,13,20,4,8,0,8,2,3,1,3,0,3S,3H,,0,67,False,True,False,True,0
top_ten,svm,occupancy,mean_removed,6,unith,6,Nielsen,Nov_18_g0,0.990064289888954,0.9955191895577635,0.9658094681472823,0.46511627906976744,,13,20,4,8,0,8,3,3,1,4,0,3S,4H,,0,43,False,True,False,True,0
top_ten,svm,occupancy,mean_removed,6,unith,6,Nielsen,Nov_18_g0,0.990064289888954,0.9955191895577635,0.9658094681472823,0.46511627906976744,,2,20,4,8,0,8,4,3,1,5,0,3S,5H,,0,5,False,True,False,False,0
top_ten,svm,occupancy,mean_removed,6,unith,6,Nielsen,Nov_18_g0,0.990064289888954,0.9955191895577635,0.9658094681472823,0.46511627906976744,,,20,4,8,0,8,5,3,1,6,0,3S,6H,,0,0,False,False,False,False,0
top_ten,svm,occupancy,mean_removed,6,unith,6,Nielsen,Nov_18_g0,0.990064289888954,0.9955191895577635,0.9658094681472823,0.46511627906976744,,,20,4,8,0,8,6,3,1,1,1,3S,1S,,0,0,False,False,False,False,0
top_ten,svm,occupancy,mean_removed,6,unith,6,Nielsen,Nov_18_g0,0.990064289888954,0.9955191895577635,0.9658094681472823,0.46511627906976744,,,20,4,8,0,8,7,3,1,2,1,3S,2S,,0,0,False,False,False,False,0
top_ten,svm,occupancy,mean_removed,6,unith,6,Nielsen,Nov_18_g0,0.990064289888954,0.9955191895577635,0.9658094681472823,0.46511627906976744,,,20,4,8,0,8,8,3,1,3,1,3S,3S,,0,0,False,False,False,False,0
top_ten,svm,occupancy,mean_removed,6,unith,6,Nielsen,Nov_18_g0,0.990064289888954,0.9955191895577635,0.9658094681472823,0.46511627906976744,,13,20,4,8,0,8,9,3,1,4,1,3S,4S,,0,27,False,True,False,True,0
top_ten,svm,occupancy,mean_removed,6,unith,6,Nielsen,Nov_18_g0,0.990064289888954,0.9955191895577635,0.9658094681472823,0.46511627906976744,,13,20,4,8,0,8,10,3,1,5,1,3S,5S,,0,76,False,True,False,True,0
top_ten,svm,occupancy,mean_removed,6,unith,6,Nielsen,Nov_18_g0,0.990064289888954,0.9955191895577635,0.9658094681472823,0.46511627906976744,,13,20,4,8,0,8,11,3,1,6,1,3S,6S,,0,84,False,True,False,True,0
top_ten,svm,occupancy,mean_removed,6,unith,6,Nielsen,Nov_18_g0,0.990064289888954,0.9955191895577635,0.9658094681472823,0.46511627906976744,13,13,20,4,8,0,9,0,4,1,1,0,4S,1H,0.03418398253547515,27,57,True,True,True,True,0
top_ten,svm,occupancy,mean_removed,6,unith,6,Nielsen,Nov_18_g0,0.990064289888954,0.9955191895577635,0.9658094681472823,0.46511627906976744,13,13,20,4,8,0,9,1,4,1,2,0,4S,2H,-0.04543013634699412,27,63,True,True,True,True,0
top_ten,svm,occupancy,mean_removed,6,unith,6,Nielsen,Nov_18_g0,0.990064289888954,0.9955191895577635,0.9658094681472823,0.46511627906976744,13,13,20,4,8,0,9,2,4,1,3,0,4S,3H,-0.005229416530290032,27,67,True,True,True,True,0
top_ten,svm,occupancy,mean_removed,6,unith,6,Nielsen,Nov_18_g0,0.990064289888954,0.9955191895577635,0.9658094681472823,0.46511627906976744,13,13,20,4,8,0,9,3,4,1,4,0,4S,4H,-0.10812155989924858,27,43,True,True,True,True,0
top_ten,svm,occupancy,mean_removed,6,unith,6,Nielsen,Nov_18_g0,0.990064289888954,0.9955191895577635,0.9658094681472823,0.46511627906976744,13,2,20,4,8,0,9,4,4,1,5,0,4S,5H,-0.20826170748066658,27,5,True,True,True,False,0
top_ten,svm,occupancy,mean_removed,6,unith,6,Nielsen,Nov_18_g0,0.990064289888954,0.9955191895577635,0.9658094681472823,0.46511627906976744,13,,20,4,8,0,9,5,4,1,6,0,4S,6H,,27,0,True,False,True,False,0
top_ten,svm,occupancy,mean_removed,6,unith,6,Nielsen,Nov_18_g0,0.990064289888954,0.9955191895577635,0.9658094681472823,0.46511627906976744,13,,20,4,8,0,9,6,4,1,1,1,4S,1S,,27,0,True,False,True,False,0
top_ten,svm,occupancy,mean_removed,6,unith,6,Nielsen,Nov_18_g0,0.990064289888954,0.9955191895577635,0.9658094681472823,0.46511627906976744,13,,20,4,8,0,9,7,4,1,2,1,4S,2S,,27,0,True,False,True,False,0
top_ten,svm,occupancy,mean_removed,6,unith,6,Nielsen,Nov_18_g0,0.990064289888954,0.9955191895577635,0.9658094681472823,0.46511627906976744,13,,20,4,8,0,9,8,4,1,3,1,4S,3S,,27,0,True,False,True,False,0
top_ten,svm,occupancy,mean_removed,6,unith,6,Nielsen,Nov_18_g0,0.990064289888954,0.9955191895577635,0.9658094681472823,0.46511627906976744,13,13,20,4,8,0,9,9,4,1,4,1,4S,4S,-0.12761989381683103,27,27,True,True,True,True,0
top_ten,svm,occupancy,mean_removed,6,unith,6,Nielsen,Nov_18_g0,0.990064289888954,0.9955191895577635,0.9658094681472823,0.46511627906976744,13,13,20,4,8,0,9,10,4,1,5,1,4S,5S,-0.10309740561883891,27,76,True,True,True,True,0
top_ten,svm,occupancy,mean_removed,6,unith,6,Nielsen,Nov_18_g0,0.990064289888954,0.9955191895577635,0.9658094681472823,0.46511627906976744,13,13,20,4,8,0,9,11,4,1,6,1,4S,6S,0.3687279350452378,27,84,True,True,True,True,0
top_ten,svm,occupancy,mean_removed,6,unith,6,Nielsen,Nov_18_g0,0.990064289888954,0.9955191895577635,0.9658094681472823,0.46511627906976744,13,13,20,4,8,0,10,0,5,1,1,0,5S,1H,0.0424377320020359,76,57,True,True,True,True,0
top_ten,svm,occupancy,mean_removed,6,unith,6,Nielsen,Nov_18_g0,0.990064289888954,0.9955191895577635,0.9658094681472823,0.46511627906976744,13,13,20,4,8,0,10,1,5,1,2,0,5S,2H,-0.08875405617246411,76,63,True,True,True,True,0
top_ten,svm,occupancy,mean_removed,6,unith,6,Nielsen,Nov_18_g0,0.990064289888954,0.9955191895577635,0.9658094681472823,0.46511627906976744,13,13,20,4,8,0,10,2,5,1,3,0,5S,3H,0.18510125176344727,76,67,True,True,True,True,0
top_ten,svm,occupancy,mean_removed,6,unith,6,Nielsen,Nov_18_g0,0.990064289888954,0.9955191895577635,0.9658094681472823,0.46511627906976744,13,13,20,4,8,0,10,3,5,1,4,0,5S,4H,0.4858061818816233,76,43,True,True,True,True,0
top_ten,svm,occupancy,mean_removed,6,unith,6,Nielsen,Nov_18_g0,0.990064289888954,0.9955191895577635,0.9658094681472823,0.46511627906976744,13,2,20,4,8,0,10,4,5,1,5,0,5S,5H,0.4561351430109621,76,5,True,True,True,False,0
top_ten,svm,occupancy,mean_removed,6,unith,6,Nielsen,Nov_18_g0,0.990064289888954,0.9955191895577635,0.9658094681472823,0.46511627906976744,13,,20,4,8,0,10,5,5,1,6,0,5S,6H,,76,0,True,False,True,False,0
top_ten,svm,occupancy,mean_removed,6,unith,6,Nielsen,Nov_18_g0,0.990064289888954,0.9955191895577635,0.9658094681472823,0.46511627906976744,13,,20,4,8,0,10,6,5,1,1,1,5S,1S,,76,0,True,False,True,False,0
top_ten,svm,occupancy,mean_removed,6,unith,6,Nielsen,Nov_18_g0,0.990064289888954,0.9955191895577635,0.9658094681472823,0.46511627906976744,13,,20,4,8,0,10,7,5,1,2,1,5S,2S,,76,0,True,False,True,False,0
top_ten,svm,occupancy,mean_removed,6,unith,6,Nielsen,Nov_18_g0,0.990064289888954,0.9955191895577635,0.9658094681472823,0.46511627906976744,13,,20,4,8,0,10,8,5,1,3,1,5S,3S,,76,0,True,False,True,False,0
top_ten,svm,occupancy,mean_removed,6,unith,6,Nielsen,Nov_18_g0,0.990064289888954,0.9955191895577635,0.9658094681472823,0.46511627906976744,13,13,20,4,8,0,10,9,5,1,4,1,5S,4S,-0.10309740561883891,76,27,True,True,True,True,0
top_ten,svm,occupancy,mean_removed,6,unith,6,Nielsen,Nov_18_g0,0.990064289888954,0.9955191895577635,0.9658094681472823,0.46511627906976744,13,13,20,4,8,0,10,10,5,1,5,1,5S,5S,0.6712475065088148,76,76,True,True,True,True,0
top_ten,svm,occupancy,mean_removed,6,unith,6,Nielsen,Nov_18_g0,0.990064289888954,0.9955191895577635,0.9658094681472823,0.46511627906976744,13,13,20,4,8,0,10,11,5,1,6,1,5S,6S,0.16522586392474453,76,84,True,True,True,True,0
top_ten,svm,occupancy,mean_removed,6,unith,6,Nielsen,Nov_18_g0,0.990064289888954,0.9955191895577635,0.9658094681472823,0.46511627906976744,13,13,20,4,8,0,11,0,6,1,1,0,6S,1H,-0.15910879904397374,84,57,True,True,True,True,0
top_ten,svm,occupancy,mean_removed,6,unith,6,Nielsen,Nov_18_g0,0.990064289888954,0.9955191895577635,0.9658094681472823,0.46511627906976744,13,13,20,4,8,0,11,1,6,1,2,0,6S,2H,-0.29479002653701025,84,63,True,True,True,True,0
top_ten,svm,occupancy,mean_removed,6,unith,6,Nielsen,Nov_18_g0,0.990064289888954,0.9955191895577635,0.9658094681472823,0.46511627906976744,13,13,20,4,8,0,11,2,6,1,3,0,6S,3H,-0.12340689165294527,84,67,True,True,True,True,0
top_ten,svm,occupancy,mean_removed,6,unith,6,Nielsen,Nov_18_g0,0.990064289888954,0.9955191895577635,0.9658094681472823,0.46511627906976744,13,13,20,4,8,0,11,3,6,1,4,0,6S,4H,0.11983526603830678,84,43,True,True,True,True,0
top_ten,svm,occupancy,mean_removed,6,unith,6,Nielsen,Nov_18_g0,0.990064289888954,0.9955191895577635,0.9658094681472823,0.46511627906976744,13,2,20,4,8,0,11,4,6,1,5,0,6S,5H,-0.0033243888457049064,84,5,True,True,True,False,0
top_ten,svm,occupancy,mean_removed,6,unith,6,Nielsen,Nov_18_g0,0.990064289888954,0.9955191895577635,0.9658094681472823,0.46511627906976744,13,,20,4,8,0,11,5,6,1,6,0,6S,6H,,84,0,True,False,True,False,0
top_ten,svm,occupancy,mean_removed,6,unith,6,Nielsen,Nov_18_g0,0.990064289888954,0.9955191895577635,0.9658094681472823,0.46511627906976744,13,,20,4,8,0,11,6,6,1,1,1,6S,1S,,84,0,True,False,True,False,0
top_ten,svm,occupancy,mean_removed,6,unith,6,Nielsen,Nov_18_g0,0.990064289888954,0.9955191895577635,0.9658094681472823,0.46511627906976744,13,,20,4,8,0,11,7,6,1,2,1,6S,2S,,84,0,True,False,True,False,0
top_ten,svm,occupancy,mean_removed,6,unith,6,Nielsen,Nov_18_g0,0.990064289888954,0.9955191895577635,0.9658094681472823,0.46511627906976744,13,,20,4,8,0,11,8,6,1,3,1,6S,3S,,84,0,True,False,True,False,0
top_ten,svm,occupancy,mean_removed,6,unith,6,Nielsen,Nov_18_g0,0.990064289888954,0.9955191895577635,0.9658094681472823,0.46511627906976744,13,13,20,4,8,0,11,9,6,1,4,1,6S,4S,0.3687279350452378,84,27,True,True,True,True,0
top_ten,svm,occupancy,mean_removed,6,unith,6,Nielsen,Nov_18_g0,0.990064289888954,0.9955191895577635,0.9658094681472823,0.46511627906976744,13,13,20,4,8,0,11,10,6,1,5,1,6S,5S,0.16522586392474453,84,76,True,True,True,True,0
top_ten,svm,occupancy,mean_removed,6,unith,6,Nielsen,Nov_18_g0,0.990064289888954,0.9955191895577635,0.9658094681472823,0.46511627906976744,13,13,20,4,8,0,11,11,6,1,6,1,6S,6S,0.5373716846626424,84,84,True,True,True,True,0
top_ten,svm,occupancy,mean_removed,6,unith,6,Nielsen,Nov_1_g0,0.96875,0.9744318181818181,0.9217657342657343,0.9030612244897959,4,4,20,4,8,0,0,0,1,0,1,0,1H,1H,0.2861364192261552,48,48,True,True,True,True,0
top_ten,svm,occupancy,mean_removed,6,unith,6,Nielsen,Nov_1_g0,0.96875,0.9744318181818181,0.9217657342657343,0.9030612244897959,4,4,20,4,8,0,0,1,1,0,2,0,1H,2H,0.17350804800082634,48,42,True,True,True,True,0
top_ten,svm,occupancy,mean_removed,6,unith,6,Nielsen,Nov_1_g0,0.96875,0.9744318181818181,0.9217657342657343,0.9030612244897959,4,4,20,4,8,0,0,2,1,0,3,0,1H,3H,0.24936334528219758,48,54,True,True,True,True,0
top_ten,svm,occupancy,mean_removed,6,unith,6,Nielsen,Nov_1_g0,0.96875,0.9744318181818181,0.9217657342657343,0.9030612244897959,4,4,20,4,8,0,0,3,1,0,4,0,1H,4H,0.18022570143541033,48,54,True,True,True,True,0
top_ten,svm,occupancy,mean_removed,6,unith,6,Nielsen,Nov_1_g0,0.96875,0.9744318181818181,0.9217657342657343,0.9030612244897959,4,4,20,4,8,0,0,4,1,0,5,0,1H,5H,0.09635644014987998,48,14,True,True,True,True,0
top_ten,svm,occupancy,mean_removed,6,unith,6,Nielsen,Nov_1_g0,0.96875,0.9744318181818181,0.9217657342657343,0.9030612244897959,4,,20,4,8,0,0,5,1,0,6,0,1H,6H,,48,0,True,False,True,False,0
top_ten,svm,occupancy,mean_removed,6,unith,6,Nielsen,Nov_1_g0,0.96875,0.9744318181818181,0.9217657342657343,0.9030612244897959,4,,20,4,8,0,0,6,1,0,1,1,1H,1S,,48,0,True,False,True,False,0
top_ten,svm,occupancy,mean_removed,6,unith,6,Nielsen,Nov_1_g0,0.96875,0.9744318181818181,0.9217657342657343,0.9030612244897959,4,4,20,4,8,0,0,7,1,0,2,1,1H,2S,0.2516039521136771,48,12,True,True,True,True,0
top_ten,svm,occupancy,mean_removed,6,unith,6,Nielsen,Nov_1_g0,0.96875,0.9744318181818181,0.9217657342657343,0.9030612244897959,4,4,20,4,8,0,0,8,1,0,3,1,1H,3S,0.20586131609333097,48,9,True,True,True,True,0
top_ten,svm,occupancy,mean_removed,6,unith,6,Nielsen,Nov_1_g0,0.96875,0.9744318181818181,0.9217657342657343,0.9030612244897959,4,4,20,4,8,0,0,9,1,0,4,1,1H,4S,0.06473904043599585,48,27,True,True,True,True,0
top_ten,svm,occupancy,mean_removed,6,unith,6,Nielsen,Nov_1_g0,0.96875,0.9744318181818181,0.9217657342657343,0.9030612244897959,4,4,20,4,8,0,0,10,1,0,5,1,1H,5S,-0.009466221594952012,48,65,True,True,True,True,0
top_ten,svm,occupancy,mean_removed,6,unith,6,Nielsen,Nov_1_g0,0.96875,0.9744318181818181,0.9217657342657343,0.9030612244897959,4,4,20,4,8,0,0,11,1,0,6,1,1H,6S,0.10430582173969682,48,81,True,True,True,True,0
top_ten,svm,occupancy,mean_removed,6,unith,6,Nielsen,Nov_1_g0,0.96875,0.9744318181818181,0.9217657342657343,0.9030612244897959,4,4,20,4,8,0,1,0,2,0,1,0,2H,1H,0.17350804800082634,42,48,True,True,True,True,0
top_ten,svm,occupancy,mean_removed,6,unith,6,Nielsen,Nov_1_g0,0.96875,0.9744318181818181,0.9217657342657343,0.9030612244897959,4,4,20,4,8,0,1,1,2,0,2,0,2H,2H,0.09481936481330133,42,42,True,True,True,True,0
top_ten,svm,occupancy,mean_removed,6,unith,6,Nielsen,Nov_1_g0,0.96875,0.9744318181818181,0.9217657342657343,0.9030612244897959,4,4,20,4,8,0,1,2,2,0,3,0,2H,3H,0.128650266954993,42,54,True,True,True,True,0
top_ten,svm,occupancy,mean_removed,6,unith,6,Nielsen,Nov_1_g0,0.96875,0.9744318181818181,0.9217657342657343,0.9030612244897959,4,4,20,4,8,0,1,3,2,0,4,0,2H,4H,-0.01930576893638001,42,54,True,True,True,True,0
top_ten,svm,occupancy,mean_removed,6,unith,6,Nielsen,Nov_1_g0,0.96875,0.9744318181818181,0.9217657342657343,0.9030612244897959,4,4,20,4,8,0,1,4,2,0,5,0,2H,5H,0.13983123917040108,42,14,True,True,True,True,0
top_ten,svm,occupancy,mean_removed,6,unith,6,Nielsen,Nov_1_g0,0.96875,0.9744318181818181,0.9217657342657343,0.9030612244897959,4,,20,4,8,0,1,5,2,0,6,0,2H,6H,,42,0,True,False,True,False,0
top_ten,svm,occupancy,mean_removed,6,unith,6,Nielsen,Nov_1_g0,0.96875,0.9744318181818181,0.9217657342657343,0.9030612244897959,4,,20,4,8,0,1,6,2,0,1,1,2H,1S,,42,0,True,False,True,False,0
top_ten,svm,occupancy,mean_removed,6,unith,6,Nielsen,Nov_1_g0,0.96875,0.9744318181818181,0.9217657342657343,0.9030612244897959,4,4,20,4,8,0,1,7,2,0,2,1,2H,2S,-0.14283443071352814,42,12,True,True,True,True,0
top_ten,svm,occupancy,mean_removed,6,unith,6,Nielsen,Nov_1_g0,0.96875,0.9744318181818181,0.9217657342657343,0.9030612244897959,4,4,20,4,8,0,1,8,2,0,3,1,2H,3S,-0.14621420118531717,42,9,True,True,True,True,0
top_ten,svm,occupancy,mean_removed,6,unith,6,Nielsen,Nov_1_g0,0.96875,0.9744318181818181,0.9217657342657343,0.9030612244897959,4,4,20,4,8,0,1,9,2,0,4,1,2H,4S,0.14190307020606313,42,27,True,True,True,True,0
top_ten,svm,occupancy,mean_removed,6,unith,6,Nielsen,Nov_1_g0,0.96875,0.9744318181818181,0.9217657342657343,0.9030612244897959,4,4,20,4,8,0,1,10,2,0,5,1,2H,5S,0.12307447801069116,42,65,True,True,True,True,0
top_ten,svm,occupancy,mean_removed,6,unith,6,Nielsen,Nov_1_g0,0.96875,0.9744318181818181,0.9217657342657343,0.9030612244897959,4,4,20,4,8,0,1,11,2,0,6,1,2H,6S,-0.009082084791103302,42,81,True,True,True,True,0
top_ten,svm,occupancy,mean_removed,6,unith,6,Nielsen,Nov_1_g0,0.96875,0.9744318181818181,0.9217657342657343,0.9030612244897959,4,4,20,4,8,0,2,0,3,0,1,0,3H,1H,0.24936334528219758,54,48,True,True,True,True,0
top_ten,svm,occupancy,mean_removed,6,unith,6,Nielsen,Nov_1_g0,0.96875,0.9744318181818181,0.9217657342657343,0.9030612244897959,4,4,20,4,8,0,2,1,3,0,2,0,3H,2H,0.128650266954993,54,42,True,True,True,True,0
top_ten,svm,occupancy,mean_removed,6,unith,6,Nielsen,Nov_1_g0,0.96875,0.9744318181818181,0.9217657342657343,0.9030612244897959,4,4,20,4,8,0,2,2,3,0,3,0,3H,3H,0.27376900939425475,54,54,True,True,True,True,0
top_ten,svm,occupancy,mean_removed,6,unith,6,Nielsen,Nov_1_g0,0.96875,0.9744318181818181,0.9217657342657343,0.9030612244897959,4,4,20,4,8,0,2,3,3,0,4,0,3H,4H,0.1561175231487929,54,54,True,True,True,True,0
top_ten,svm,occupancy,mean_removed,6,unith,6,Nielsen,Nov_1_g0,0.96875,0.9744318181818181,0.9217657342657343,0.9030612244897959,4,4,20,4,8,0,2,4,3,0,5,0,3H,5H,0.12567470136153386,54,14,True,True,True,True,0
top_ten,svm,occupancy,mean_removed,6,unith,6,Nielsen,Nov_1_g0,0.96875,0.9744318181818181,0.9217657342657343,0.9030612244897959,4,,20,4,8,0,2,5,3,0,6,0,3H,6H,,54,0,True,False,True,False,0
top_ten,svm,occupancy,mean_removed,6,unith,6,Nielsen,Nov_1_g0,0.96875,0.9744318181818181,0.9217657342657343,0.9030612244897959,4,,20,4,8,0,2,6,3,0,1,1,3H,1S,,54,0,True,False,True,False,0
top_ten,svm,occupancy,mean_removed,6,unith,6,Nielsen,Nov_1_g0,0.96875,0.9744318181818181,0.9217657342657343,0.9030612244897959,4,4,20,4,8,0,2,7,3,0,2,1,3H,2S,0.3574596677545249,54,12,True,True,True,True,0
top_ten,svm,occupancy,mean_removed,6,unith,6,Nielsen,Nov_1_g0,0.96875,0.9744318181818181,0.9217657342657343,0.9030612244897959,4,4,20,4,8,0,2,8,3,0,3,1,3H,3S,0.33917343343960804,54,9,True,True,True,True,0
top_ten,svm,occupancy,mean_removed,6,unith,6,Nielsen,Nov_1_g0,0.96875,0.9744318181818181,0.9217657342657343,0.9030612244897959,4,4,20,4,8,0,2,9,3,0,4,1,3H,4S,-0.08845793833665413,54,27,True,True,True,True,0
top_ten,svm,occupancy,mean_removed,6,unith,6,Nielsen,Nov_1_g0,0.96875,0.9744318181818181,0.9217657342657343,0.9030612244897959,4,4,20,4,8,0,2,10,3,0,5,1,3H,5S,0.014715830545739186,54,65,True,True,True,True,0
top_ten,svm,occupancy,mean_removed,6,unith,6,Nielsen,Nov_1_g0,0.96875,0.9744318181818181,0.9217657342657343,0.9030612244897959,4,4,20,4,8,0,2,11,3,0,6,1,3H,6S,-0.06132522967165264,54,81,True,True,True,True,0
top_ten,svm,occupancy,mean_removed,6,unith,6,Nielsen,Nov_1_g0,0.96875,0.9744318181818181,0.9217657342657343,0.9030612244897959,4,4,20,4,8,0,3,0,4,0,1,0,4H,1H,0.18022570143541033,54,48,True,True,True,True,0
top_ten,svm,occupancy,mean_removed,6,unith,6,Nielsen,Nov_1_g0,0.96875,0.9744318181818181,0.9217657342657343,0.9030612244897959,4,4,20,4,8,0,3,1,4,0,2,0,4H,2H,-0.01930576893638001,54,42,True,True,True,True,0
top_ten,svm,occupancy,mean_removed,6,unith,6,Nielsen,Nov_1_g0,0.96875,0.9744318181818181,0.9217657342657343,0.9030612244897959,4,4,20,4,8,0,3,2,4,0,3,0,4H,3H,0.1561175231487929,54,54,True,True,True,True,0
top_ten,svm,occupancy,mean_removed,6,unith,6,Nielsen,Nov_1_g0,0.96875,0.9744318181818181,0.9217657342657343,0.9030612244897959,4,4,20,4,8,0,3,3,4,0,4,0,4H,4H,0.4411503802841512,54,54,True,True,True,True,0
top_ten,svm,occupancy,mean_removed,6,unith,6,Nielsen,Nov_1_g0,0.96875,0.9744318181818181,0.9217657342657343,0.9030612244897959,4,4,20,4,8,0,3,4,4,0,5,0,4H,5H,-0.03386172536137134,54,14,True,True,True,True,0
top_ten,svm,occupancy,mean_removed,6,unith,6,Nielsen,Nov_1_g0,0.96875,0.9744318181818181,0.9217657342657343,0.9030612244897959,4,,20,4,8,0,3,5,4,0,6,0,4H,6H,,54,0,True,False,True,False,0
top_ten,svm,occupancy,mean_removed,6,unith,6,Nielsen,Nov_1_g0,0.96875,0.9744318181818181,0.9217657342657343,0.9030612244897959,4,,20,4,8,0,3,6,4,0,1,1,4H,1S,,54,0,True,False,True,False,0
top_ten,svm,occupancy,mean_removed,6,unith,6,Nielsen,Nov_1_g0,0.96875,0.9744318181818181,0.9217657342657343,0.9030612244897959,4,4,20,4,8,0,3,7,4,0,2,1,4H,2S,0.5674592320883318,54,12,True,True,True,True,0
top_ten,svm,occupancy,mean_removed,6,unith,6,Nielsen,Nov_1_g0,0.96875,0.9744318181818181,0.9217657342657343,0.9030612244897959,4,4,20,4,8,0,3,8,4,0,3,1,4H,3S,0.4882813826561856,54,9,True,True,True,True,0
top_ten,svm,occupancy,mean_removed,6,unith,6,Nielsen,Nov_1_g0,0.96875,0.9744318181818181,0.9217657342657343,0.9030612244897959,4,4,20,4,8,0,3,9,4,0,4,1,4H,4S,0.007495009051147144,54,27,True,True,True,True,0
top_ten,svm,occupancy,mean_removed,6,unith,6,Nielsen,Nov_1_g0,0.96875,0.9744318181818181,0.9217657342657343,0.9030612244897959,4,4,20,4,8,0,3,10,4,0,5,1,4H,5S,-0.11928395820958074,54,65,True,True,True,True,0
top_ten,svm,occupancy,mean_removed,6,unith,6,Nielsen,Nov_1_g0,0.96875,0.9744318181818181,0.9217657342657343,0.9030612244897959,4,4,20,4,8,0,3,11,4,0,6,1,4H,6S,-0.019351310090633993,54,81,True,True,True,True,0
top_ten,svm,occupancy,mean_removed,6,unith,6,Nielsen,Nov_1_g0,0.96875,0.9744318181818181,0.9217657342657343,0.9030612244897959,4,4,20,4,8,0,4,0,5,0,1,0,5H,1H,0.09635644014987998,14,48,True,True,True,True,0
top_ten,svm,occupancy,mean_removed,6,unith,6,Nielsen,Nov_1_g0,0.96875,0.9744318181818181,0.9217657342657343,0.9030612244897959,4,4,20,4,8,0,4,1,5,0,2,0,5H,2H,0.13983123917040108,14,42,True,True,True,True,0
top_ten,svm,occupancy,mean_removed,6,unith,6,Nielsen,Nov_1_g0,0.96875,0.9744318181818181,0.9217657342657343,0.9030612244897959,4,4,20,4,8,0,4,2,5,0,3,0,5H,3H,0.12567470136153386,14,54,True,True,True,True,0
top_ten,svm,occupancy,mean_removed,6,unith,6,Nielsen,Nov_1_g0,0.96875,0.9744318181818181,0.9217657342657343,0.9030612244897959,4,4,20,4,8,0,4,3,5,0,4,0,5H,4H,-0.03386172536137134,14,54,True,True,True,True,0
top_ten,svm,occupancy,mean_removed,6,unith,6,Nielsen,Nov_1_g0,0.96875,0.9744318181818181,0.9217657342657343,0.9030612244897959,4,4,20,4,8,0,4,4,5,0,5,0,5H,5H,0.1936464658894091,14,14,True,True,True,True,0
top_ten,svm,occupancy,mean_removed,6,unith,6,Nielsen,Nov_1_g0,0.96875,0.9744318181818181,0.9217657342657343,0.9030612244897959,4,,20,4,8,0,4,5,5,0,6,0,5H,6H,,14,0,True,False,True,False,0
top_ten,svm,occupancy,mean_removed,6,unith,6,Nielsen,Nov_1_g0,0.96875,0.9744318181818181,0.9217657342657343,0.9030612244897959,4,,20,4,8,0,4,6,5,0,1,1,5H,1S,,14,0,True,False,True,False,0
top_ten,svm,occupancy,mean_removed,6,unith,6,Nielsen,Nov_1_g0,0.96875,0.9744318181818181,0.9217657342657343,0.9030612244897959,4,4,20,4,8,0,4,7,5,0,2,1,5H,2S,-0.14227699215027417,14,12,True,True,True,True,0
top_ten,svm,occupancy,mean_removed,6,unith,6,Nielsen,Nov_1_g0,0.96875,0.9744318181818181,0.9217657342657343,0.9030612244897959,4,4,20,4,8,0,4,8,5,0,3,1,5H,3S,-0.29101967027620446,14,9,True,True,True,True,0
top_ten,svm,occupancy,mean_removed,6,unith,6,Nielsen,Nov_1_g0,0.96875,0.9744318181818181,0.9217657342657343,0.9030612244897959,4,4,20,4,8,0,4,9,5,0,4,1,5H,4S,0.0796824048826696,14,27,True,True,True,True,0
top_ten,svm,occupancy,mean_removed,6,unith,6,Nielsen,Nov_1_g0,0.96875,0.9744318181818181,0.9217657342657343,0.9030612244897959,4,4,20,4,8,0,4,10,5,0,5,1,5H,5S,0.24653334716126843,14,65,True,True,True,True,0
top_ten,svm,occupancy,mean_removed,6,unith,6,Nielsen,Nov_1_g0,0.96875,0.9744318181818181,0.9217657342657343,0.9030612244897959,4,4,20,4,8,0,4,11,5,0,6,1,5H,6S,-0.1664283017820117,14,81,True,True,True,True,0
top_ten,svm,occupancy,mean_removed,6,unith,6,Nielsen,Nov_1_g0,0.96875,0.9744318181818181,0.9217657342657343,0.9030612244897959,,4,20,4,8,0,5,0,6,0,1,0,6H,1H,,0,48,False,True,False,True,0
top_ten,svm,occupancy,mean_removed,6,unith,6,Nielsen,Nov_1_g0,0.96875,0.9744318181818181,0.9217657342657343,0.9030612244897959,,4,20,4,8,0,5,1,6,0,2,0,6H,2H,,0,42,False,True,False,True,0
top_ten,svm,occupancy,mean_removed,6,unith,6,Nielsen,Nov_1_g0,0.96875,0.9744318181818181,0.9217657342657343,0.9030612244897959,,4,20,4,8,0,5,2,6,0,3,0,6H,3H,,0,54,False,True,False,True,0
top_ten,svm,occupancy,mean_removed,6,unith,6,Nielsen,Nov_1_g0,0.96875,0.9744318181818181,0.9217657342657343,0.9030612244897959,,4,20,4,8,0,5,3,6,0,4,0,6H,4H,,0,54,False,True,False,True,0
top_ten,svm,occupancy,mean_removed,6,unith,6,Nielsen,Nov_1_g0,0.96875,0.9744318181818181,0.9217657342657343,0.9030612244897959,,4,20,4,8,0,5,4,6,0,5,0,6H,5H,,0,14,False,True,False,True,0
top_ten,svm,occupancy,mean_removed,6,unith,6,Nielsen,Nov_1_g0,0.96875,0.9744318181818181,0.9217657342657343,0.9030612244897959,,,20,4,8,0,5,5,6,0,6,0,6H,6H,,0,0,False,False,False,False,0
top_ten,svm,occupancy,mean_removed,6,unith,6,Nielsen,Nov_1_g0,0.96875,0.9744318181818181,0.9217657342657343,0.9030612244897959,,,20,4,8,0,5,6,6,0,1,1,6H,1S,,0,0,False,False,False,False,0
top_ten,svm,occupancy,mean_removed,6,unith,6,Nielsen,Nov_1_g0,0.96875,0.9744318181818181,0.9217657342657343,0.9030612244897959,,4,20,4,8,0,5,7,6,0,2,1,6H,2S,,0,12,False,True,False,True,0
top_ten,svm,occupancy,mean_removed,6,unith,6,Nielsen,Nov_1_g0,0.96875,0.9744318181818181,0.9217657342657343,0.9030612244897959,,4,20,4,8,0,5,8,6,0,3,1,6H,3S,,0,9,False,True,False,True,0
top_ten,svm,occupancy,mean_removed,6,unith,6,Nielsen,Nov_1_g0,0.96875,0.9744318181818181,0.9217657342657343,0.9030612244897959,,4,20,4,8,0,5,9,6,0,4,1,6H,4S,,0,27,False,True,False,True,0
top_ten,svm,occupancy,mean_removed,6,unith,6,Nielsen,Nov_1_g0,0.96875,0.9744318181818181,0.9217657342657343,0.9030612244897959,,4,20,4,8,0,5,10,6,0,5,1,6H,5S,,0,65,False,True,False,True,0
top_ten,svm,occupancy,mean_removed,6,unith,6,Nielsen,Nov_1_g0,0.96875,0.9744318181818181,0.9217657342657343,0.9030612244897959,,4,20,4,8,0,5,11,6,0,6,1,6H,6S,,0,81,False,True,False,True,0
top_ten,svm,occupancy,mean_removed,6,unith,6,Nielsen,Nov_1_g0,0.96875,0.9744318181818181,0.9217657342657343,0.9030612244897959,,4,20,4,8,0,6,0,1,1,1,0,1S,1H,,0,48,False,True,False,True,0
top_ten,svm,occupancy,mean_removed,6,unith,6,Nielsen,Nov_1_g0,0.96875,0.9744318181818181,0.9217657342657343,0.9030612244897959,,4,20,4,8,0,6,1,1,1,2,0,1S,2H,,0,42,False,True,False,True,0
top_ten,svm,occupancy,mean_removed,6,unith,6,Nielsen,Nov_1_g0,0.96875,0.9744318181818181,0.9217657342657343,0.9030612244897959,,4,20,4,8,0,6,2,1,1,3,0,1S,3H,,0,54,False,True,False,True,0
top_ten,svm,occupancy,mean_removed,6,unith,6,Nielsen,Nov_1_g0,0.96875,0.9744318181818181,0.9217657342657343,0.9030612244897959,,4,20,4,8,0,6,3,1,1,4,0,1S,4H,,0,54,False,True,False,True,0
top_ten,svm,occupancy,mean_removed,6,unith,6,Nielsen,Nov_1_g0,0.96875,0.9744318181818181,0.9217657342657343,0.9030612244897959,,4,20,4,8,0,6,4,1,1,5,0,1S,5H,,0,14,False,True,False,True,0
top_ten,svm,occupancy,mean_removed,6,unith,6,Nielsen,Nov_1_g0,0.96875,0.9744318181818181,0.9217657342657343,0.9030612244897959,,,20,4,8,0,6,5,1,1,6,0,1S,6H,,0,0,False,False,False,False,0
top_ten,svm,occupancy,mean_removed,6,unith,6,Nielsen,Nov_1_g0,0.96875,0.9744318181818181,0.9217657342657343,0.9030612244897959,,,20,4,8,0,6,6,1,1,1,1,1S,1S,,0,0,False,False,False,False,0
top_ten,svm,occupancy,mean_removed,6,unith,6,Nielsen,Nov_1_g0,0.96875,0.9744318181818181,0.9217657342657343,0.9030612244897959,,4,20,4,8,0,6,7,1,1,2,1,1S,2S,,0,12,False,True,False,True,0
top_ten,svm,occupancy,mean_removed,6,unith,6,Nielsen,Nov_1_g0,0.96875,0.9744318181818181,0.9217657342657343,0.9030612244897959,,4,20,4,8,0,6,8,1,1,3,1,1S,3S,,0,9,False,True,False,True,0
top_ten,svm,occupancy,mean_removed,6,unith,6,Nielsen,Nov_1_g0,0.96875,0.9744318181818181,0.9217657342657343,0.9030612244897959,,4,20,4,8,0,6,9,1,1,4,1,1S,4S,,0,27,False,True,False,True,0
top_ten,svm,occupancy,mean_removed,6,unith,6,Nielsen,Nov_1_g0,0.96875,0.9744318181818181,0.9217657342657343,0.9030612244897959,,4,20,4,8,0,6,10,1,1,5,1,1S,5S,,0,65,False,True,False,True,0
top_ten,svm,occupancy,mean_removed,6,unith,6,Nielsen,Nov_1_g0,0.96875,0.9744318181818181,0.9217657342657343,0.9030612244897959,,4,20,4,8,0,6,11,1,1,6,1,1S,6S,,0,81,False,True,False,True,0
top_ten,svm,occupancy,mean_removed,6,unith,6,Nielsen,Nov_1_g0,0.96875,0.9744318181818181,0.9217657342657343,0.9030612244897959,4,4,20,4,8,0,7,0,2,1,1,0,2S,1H,0.2516039521136771,12,48,True,True,True,True,0
top_ten,svm,occupancy,mean_removed,6,unith,6,Nielsen,Nov_1_g0,0.96875,0.9744318181818181,0.9217657342657343,0.9030612244897959,4,4,20,4,8,0,7,1,2,1,2,0,2S,2H,-0.14283443071352814,12,42,True,True,True,True,0
top_ten,svm,occupancy,mean_removed,6,unith,6,Nielsen,Nov_1_g0,0.96875,0.9744318181818181,0.9217657342657343,0.9030612244897959,4,4,20,4,8,0,7,2,2,1,3,0,2S,3H,0.3574596677545249,12,54,True,True,True,True,0
top_ten,svm,occupancy,mean_removed,6,unith,6,Nielsen,Nov_1_g0,0.96875,0.9744318181818181,0.9217657342657343,0.9030612244897959,4,4,20,4,8,0,7,3,2,1,4,0,2S,4H,0.5674592320883318,12,54,True,True,True,True,0
top_ten,svm,occupancy,mean_removed,6,unith,6,Nielsen,Nov_1_g0,0.96875,0.9744318181818181,0.9217657342657343,0.9030612244897959,4,4,20,4,8,0,7,4,2,1,5,0,2S,5H,-0.14227699215027417,12,14,True,True,True,True,0
top_ten,svm,occupancy,mean_removed,6,unith,6,Nielsen,Nov_1_g0,0.96875,0.9744318181818181,0.9217657342657343,0.9030612244897959,4,,20,4,8,0,7,5,2,1,6,0,2S,6H,,12,0,True,False,True,False,0
top_ten,svm,occupancy,mean_removed,6,unith,6,Nielsen,Nov_1_g0,0.96875,0.9744318181818181,0.9217657342657343,0.9030612244897959,4,,20,4,8,0,7,6,2,1,1,1,2S,1S,,12,0,True,False,True,False,0
top_ten,svm,occupancy,mean_removed,6,unith,6,Nielsen,Nov_1_g0,0.96875,0.9744318181818181,0.9217657342657343,0.9030612244897959,4,4,20,4,8,0,7,7,2,1,2,1,2S,2S,0.6756305166289747,12,12,True,True,True,True,0
top_ten,svm,occupancy,mean_removed,6,unith,6,Nielsen,Nov_1_g0,0.96875,0.9744318181818181,0.9217657342657343,0.9030612244897959,4,4,20,4,8,0,7,8,2,1,3,1,2S,3S,0.7579141898423866,12,9,True,True,True,True,0
top_ten,svm,occupancy,mean_removed,6,unith,6,Nielsen,Nov_1_g0,0.96875,0.9744318181818181,0.9217657342657343,0.9030612244897959,4,4,20,4,8,0,7,9,2,1,4,1,2S,4S,-0.037477046322588296,12,27,True,True,True,True,0
top_ten,svm,occupancy,mean_removed,6,unith,6,Nielsen,Nov_1_g0,0.96875,0.9744318181818181,0.9217657342657343,0.9030612244897959,4,4,20,4,8,0,7,10,2,1,5,1,2S,5S,0.028291018508615057,12,65,True,True,True,True,0
top_ten,svm,occupancy,mean_removed,6,unith,6,Nielsen,Nov_1_g0,0.96875,0.9744318181818181,0.9217657342657343,0.9030612244897959,4,4,20,4,8,0,7,11,2,1,6,1,2S,6S,0.14150544663612216,12,81,True,True,True,True,0
top_ten,svm,occupancy,mean_removed,6,unith,6,Nielsen,Nov_1_g0,0.96875,0.9744318181818181,0.9217657342657343,0.9030612244897959,4,4,20,4,8,0,8,0,3,1,1,0,3S,1H,0.20586131609333097,9,48,True,True,True,True,0
top_ten,svm,occupancy,mean_removed,6,unith,6,Nielsen,Nov_1_g0,0.96875,0.9744318181818181,0.9217657342657343,0.9030612244897959,4,4,20,4,8,0,8,1,3,1,2,0,3S,2H,-0.14621420118531717,9,42,True,True,True,True,0
top_ten,svm,occupancy,mean_removed,6,unith,6,Nielsen,Nov_1_g0,0.96875,0.9744318181818181,0.9217657342657343,0.9030612244897959,4,4,20,4,8,0,8,2,3,1,3,0,3S,3H,0.33917343343960804,9,54,True,True,True,True,0
top_ten,svm,occupancy,mean_removed,6,unith,6,Nielsen,Nov_1_g0,0.96875,0.9744318181818181,0.9217657342657343,0.9030612244897959,4,4,20,4,8,0,8,3,3,1,4,0,3S,4H,0.4882813826561856,9,54,True,True,True,True,0
top_ten,svm,occupancy,mean_removed,6,unith,6,Nielsen,Nov_1_g0,0.96875,0.9744318181818181,0.9217657342657343,0.9030612244897959,4,4,20,4,8,0,8,4,3,1,5,0,3S,5H,-0.29101967027620446,9,14,True,True,True,True,0
top_ten,svm,occupancy,mean_removed,6,unith,6,Nielsen,Nov_1_g0,0.96875,0.9744318181818181,0.9217657342657343,0.9030612244897959,4,,20,4,8,0,8,5,3,1,6,0,3S,6H,,9,0,True,False,True,False,0
top_ten,svm,occupancy,mean_removed,6,unith,6,Nielsen,Nov_1_g0,0.96875,0.9744318181818181,0.9217657342657343,0.9030612244897959,4,,20,4,8,0,8,6,3,1,1,1,3S,1S,,9,0,True,False,True,False,0
top_ten,svm,occupancy,mean_removed,6,unith,6,Nielsen,Nov_1_g0,0.96875,0.9744318181818181,0.9217657342657343,0.9030612244897959,4,4,20,4,8,0,8,7,3,1,2,1,3S,2S,0.7579141898423866,9,12,True,True,True,True,0
top_ten,svm,occupancy,mean_removed,6,unith,6,Nielsen,Nov_1_g0,0.96875,0.9744318181818181,0.9217657342657343,0.9030612244897959,4,4,20,4,8,0,8,8,3,1,3,1,3S,3S,0.610582099850155,9,9,True,True,True,True,0
top_ten,svm,occupancy,mean_removed,6,unith,6,Nielsen,Nov_1_g0,0.96875,0.9744318181818181,0.9217657342657343,0.9030612244897959,4,4,20,4,8,0,8,9,3,1,4,1,3S,4S,0.016468076028452582,9,27,True,True,True,True,0
top_ten,svm,occupancy,mean_removed,6,unith,6,Nielsen,Nov_1_g0,0.96875,0.9744318181818181,0.9217657342657343,0.9030612244897959,4,4,20,4,8,0,8,10,3,1,5,1,3S,5S,-0.061521277422274666,9,65,True,True,True,True,0
top_ten,svm,occupancy,mean_removed,6,unith,6,Nielsen,Nov_1_g0,0.96875,0.9744318181818181,0.9217657342657343,0.9030612244897959,4,4,20,4,8,0,8,11,3,1,6,1,3S,6S,0.147627026556748,9,81,True,True,True,True,0
top_ten,svm,occupancy,mean_removed,6,unith,6,Nielsen,Nov_1_g0,0.96875,0.9744318181818181,0.9217657342657343,0.9030612244897959,4,4,20,4,8,0,9,0,4,1,1,0,4S,1H,0.06473904043599585,27,48,True,True,True,True,0
top_ten,svm,occupancy,mean_removed,6,unith,6,Nielsen,Nov_1_g0,0.96875,0.9744318181818181,0.9217657342657343,0.9030612244897959,4,4,20,4,8,0,9,1,4,1,2,0,4S,2H,0.14190307020606313,27,42,True,True,True,True,0
top_ten,svm,occupancy,mean_removed,6,unith,6,Nielsen,Nov_1_g0,0.96875,0.9744318181818181,0.9217657342657343,0.9030612244897959,4,4,20,4,8,0,9,2,4,1,3,0,4S,3H,-0.08845793833665413,27,54,True,True,True,True,0
top_ten,svm,occupancy,mean_removed,6,unith,6,Nielsen,Nov_1_g0,0.96875,0.9744318181818181,0.9217657342657343,0.9030612244897959,4,4,20,4,8,0,9,3,4,1,4,0,4S,4H,0.007495009051147144,27,54,True,True,True,True,0
top_ten,svm,occupancy,mean_removed,6,unith,6,Nielsen,Nov_1_g0,0.96875,0.9744318181818181,0.9217657342657343,0.9030612244897959,4,4,20,4,8,0,9,4,4,1,5,0,4S,5H,0.0796824048826696,27,14,True,True,True,True,0
top_ten,svm,occupancy,mean_removed,6,unith,6,Nielsen,Nov_1_g0,0.96875,0.9744318181818181,0.9217657342657343,0.9030612244897959,4,,20,4,8,0,9,5,4,1,6,0,4S,6H,,27,0,True,False,True,False,0
top_ten,svm,occupancy,mean_removed,6,unith,6,Nielsen,Nov_1_g0,0.96875,0.9744318181818181,0.9217657342657343,0.9030612244897959,4,,20,4,8,0,9,6,4,1,1,1,4S,1S,,27,0,True,False,True,False,0
top_ten,svm,occupancy,mean_removed,6,unith,6,Nielsen,Nov_1_g0,0.96875,0.9744318181818181,0.9217657342657343,0.9030612244897959,4,4,20,4,8,0,9,7,4,1,2,1,4S,2S,-0.037477046322588296,27,12,True,True,True,True,0
top_ten,svm,occupancy,mean_removed,6,unith,6,Nielsen,Nov_1_g0,0.96875,0.9744318181818181,0.9217657342657343,0.9030612244897959,4,4,20,4,8,0,9,8,4,1,3,1,4S,3S,0.016468076028452582,27,9,True,True,True,True,0
top_ten,svm,occupancy,mean_removed,6,unith,6,Nielsen,Nov_1_g0,0.96875,0.9744318181818181,0.9217657342657343,0.9030612244897959,4,4,20,4,8,0,9,9,4,1,4,1,4S,4S,-0.13925761456462485,27,27,True,True,True,True,0
top_ten,svm,occupancy,mean_removed,6,unith,6,Nielsen,Nov_1_g0,0.96875,0.9744318181818181,0.9217657342657343,0.9030612244897959,4,4,20,4,8,0,9,10,4,1,5,1,4S,5S,-0.11520670663287877,27,65,True,True,True,True,0
top_ten,svm,occupancy,mean_removed,6,unith,6,Nielsen,Nov_1_g0,0.96875,0.9744318181818181,0.9217657342657343,0.9030612244897959,4,4,20,4,8,0,9,11,4,1,6,1,4S,6S,0.09926236668089988,27,81,True,True,True,True,0
top_ten,svm,occupancy,mean_removed,6,unith,6,Nielsen,Nov_1_g0,0.96875,0.9744318181818181,0.9217657342657343,0.9030612244897959,4,4,20,4,8,0,10,0,5,1,1,0,5S,1H,-0.009466221594952012,65,48,True,True,True,True,0
top_ten,svm,occupancy,mean_removed,6,unith,6,Nielsen,Nov_1_g0,0.96875,0.9744318181818181,0.9217657342657343,0.9030612244897959,4,4,20,4,8,0,10,1,5,1,2,0,5S,2H,0.12307447801069116,65,42,True,True,True,True,0
top_ten,svm,occupancy,mean_removed,6,unith,6,Nielsen,Nov_1_g0,0.96875,0.9744318181818181,0.9217657342657343,0.9030612244897959,4,4,20,4,8,0,10,2,5,1,3,0,5S,3H,0.014715830545739186,65,54,True,True,True,True,0
top_ten,svm,occupancy,mean_removed,6,unith,6,Nielsen,Nov_1_g0,0.96875,0.9744318181818181,0.9217657342657343,0.9030612244897959,4,4,20,4,8,0,10,3,5,1,4,0,5S,4H,-0.11928395820958074,65,54,True,True,True,True,0
top_ten,svm,occupancy,mean_removed,6,unith,6,Nielsen,Nov_1_g0,0.96875,0.9744318181818181,0.9217657342657343,0.9030612244897959,4,4,20,4,8,0,10,4,5,1,5,0,5S,5H,0.24653334716126843,65,14,True,True,True,True,0
top_ten,svm,occupancy,mean_removed,6,unith,6,Nielsen,Nov_1_g0,0.96875,0.9744318181818181,0.9217657342657343,0.9030612244897959,4,,20,4,8,0,10,5,5,1,6,0,5S,6H,,65,0,True,False,True,False,0
top_ten,svm,occupancy,mean_removed,6,unith,6,Nielsen,Nov_1_g0,0.96875,0.9744318181818181,0.9217657342657343,0.9030612244897959,4,,20,4,8,0,10,6,5,1,1,1,5S,1S,,65,0,True,False,True,False,0
top_ten,svm,occupancy,mean_removed,6,unith,6,Nielsen,Nov_1_g0,0.96875,0.9744318181818181,0.9217657342657343,0.9030612244897959,4,4,20,4,8,0,10,7,5,1,2,1,5S,2S,0.028291018508615057,65,12,True,True,True,True,0
top_ten,svm,occupancy,mean_removed,6,unith,6,Nielsen,Nov_1_g0,0.96875,0.9744318181818181,0.9217657342657343,0.9030612244897959,4,4,20,4,8,0,10,8,5,1,3,1,5S,3S,-0.061521277422274666,65,9,True,True,True,True,0
top_ten,svm,occupancy,mean_removed,6,unith,6,Nielsen,Nov_1_g0,0.96875,0.9744318181818181,0.9217657342657343,0.9030612244897959,4,4,20,4,8,0,10,9,5,1,4,1,5S,4S,-0.11520670663287877,65,27,True,True,True,True,0
top_ten,svm,occupancy,mean_removed,6,unith,6,Nielsen,Nov_1_g0,0.96875,0.9744318181818181,0.9217657342657343,0.9030612244897959,4,4,20,4,8,0,10,10,5,1,5,1,5S,5S,-0.029745812742856887,65,65,True,True,True,True,0
top_ten,svm,occupancy,mean_removed,6,unith,6,Nielsen,Nov_1_g0,0.96875,0.9744318181818181,0.9217657342657343,0.9030612244897959,4,4,20,4,8,0,10,11,5,1,6,1,5S,6S,0.02444655490803893,65,81,True,True,True,True,0
top_ten,svm,occupancy,mean_removed,6,unith,6,Nielsen,Nov_1_g0,0.96875,0.9744318181818181,0.9217657342657343,0.9030612244897959,4,4,20,4,8,0,11,0,6,1,1,0,6S,1H,0.10430582173969682,81,48,True,True,True,True,0
top_ten,svm,occupancy,mean_removed,6,unith,6,Nielsen,Nov_1_g0,0.96875,0.9744318181818181,0.9217657342657343,0.9030612244897959,4,4,20,4,8,0,11,1,6,1,2,0,6S,2H,-0.009082084791103302,81,42,True,True,True,True,0
top_ten,svm,occupancy,mean_removed,6,unith,6,Nielsen,Nov_1_g0,0.96875,0.9744318181818181,0.9217657342657343,0.9030612244897959,4,4,20,4,8,0,11,2,6,1,3,0,6S,3H,-0.06132522967165264,81,54,True,True,True,True,0
top_ten,svm,occupancy,mean_removed,6,unith,6,Nielsen,Nov_1_g0,0.96875,0.9744318181818181,0.9217657342657343,0.9030612244897959,4,4,20,4,8,0,11,3,6,1,4,0,6S,4H,-0.019351310090633993,81,54,True,True,True,True,0
top_ten,svm,occupancy,mean_removed,6,unith,6,Nielsen,Nov_1_g0,0.96875,0.9744318181818181,0.9217657342657343,0.9030612244897959,4,4,20,4,8,0,11,4,6,1,5,0,6S,5H,-0.1664283017820117,81,14,True,True,True,True,0
top_ten,svm,occupancy,mean_removed,6,unith,6,Nielsen,Nov_1_g0,0.96875,0.9744318181818181,0.9217657342657343,0.9030612244897959,4,,20,4,8,0,11,5,6,1,6,0,6S,6H,,81,0,True,False,True,False,0
top_ten,svm,occupancy,mean_removed,6,unith,6,Nielsen,Nov_1_g0,0.96875,0.9744318181818181,0.9217657342657343,0.9030612244897959,4,,20,4,8,0,11,6,6,1,1,1,6S,1S,,81,0,True,False,True,False,0
top_ten,svm,occupancy,mean_removed,6,unith,6,Nielsen,Nov_1_g0,0.96875,0.9744318181818181,0.9217657342657343,0.9030612244897959,4,4,20,4,8,0,11,7,6,1,2,1,6S,2S,0.14150544663612216,81,12,True,True,True,True,0
top_ten,svm,occupancy,mean_removed,6,unith,6,Nielsen,Nov_1_g0,0.96875,0.9744318181818181,0.9217657342657343,0.9030612244897959,4,4,20,4,8,0,11,8,6,1,3,1,6S,3S,0.147627026556748,81,9,True,True,True,True,0
top_ten,svm,occupancy,mean_removed,6,unith,6,Nielsen,Nov_1_g0,0.96875,0.9744318181818181,0.9217657342657343,0.9030612244897959,4,4,20,4,8,0,11,9,6,1,4,1,6S,4S,0.09926236668089988,81,27,True,True,True,True,0
top_ten,svm,occupancy,mean_removed,6,unith,6,Nielsen,Nov_1_g0,0.96875,0.9744318181818181,0.9217657342657343,0.9030612244897959,4,4,20,4,8,0,11,10,6,1,5,1,6S,5S,0.02444655490803893,81,65,True,True,True,True,0
top_ten,svm,occupancy,mean_removed,6,unith,6,Nielsen,Nov_1_g0,0.96875,0.9744318181818181,0.9217657342657343,0.9030612244897959,4,4,20,4,8,0,11,11,6,1,6,1,6S,6S,-0.18289436498292963,81,81,True,True,True,True,0
top_ten,svm,occupancy,mean_removed,6,unith,6,Nielsen,Nov_3_g0,0.999725274725275,1.0,1.0,0.9810606060606061,20,20,20,4,8,0,0,0,1,0,1,0,1H,1H,0.617481710609271,65,65,True,True,True,True,0
top_ten,svm,occupancy,mean_removed,6,unith,6,Nielsen,Nov_3_g0,0.999725274725275,1.0,1.0,0.9810606060606061,20,20,20,4,8,0,0,1,1,0,2,0,1H,2H,0.2995823983381415,65,82,True,True,True,True,0
top_ten,svm,occupancy,mean_removed,6,unith,6,Nielsen,Nov_3_g0,0.999725274725275,1.0,1.0,0.9810606060606061,20,20,20,4,8,0,0,2,1,0,3,0,1H,3H,0.3201836851935506,65,80,True,True,True,True,0
top_ten,svm,occupancy,mean_removed,6,unith,6,Nielsen,Nov_3_g0,0.999725274725275,1.0,1.0,0.9810606060606061,20,20,20,4,8,0,0,3,1,0,4,0,1H,4H,0.33857751175929046,65,40,True,True,True,True,0
top_ten,svm,occupancy,mean_removed,6,unith,6,Nielsen,Nov_3_g0,0.999725274725275,1.0,1.0,0.9810606060606061,20,,20,4,8,0,0,4,1,0,5,0,1H,5H,,65,0,True,False,True,False,0
top_ten,svm,occupancy,mean_removed,6,unith,6,Nielsen,Nov_3_g0,0.999725274725275,1.0,1.0,0.9810606060606061,20,,20,4,8,0,0,5,1,0,6,0,1H,6H,,65,0,True,False,True,False,0
top_ten,svm,occupancy,mean_removed,6,unith,6,Nielsen,Nov_3_g0,0.999725274725275,1.0,1.0,0.9810606060606061,20,,20,4,8,0,0,6,1,0,1,1,1H,1S,,65,0,True,False,True,False,0
top_ten,svm,occupancy,mean_removed,6,unith,6,Nielsen,Nov_3_g0,0.999725274725275,1.0,1.0,0.9810606060606061,20,2,20,4,8,0,0,7,1,0,2,1,1H,2S,-0.4502892482613518,65,4,True,True,True,False,0
top_ten,svm,occupancy,mean_removed,6,unith,6,Nielsen,Nov_3_g0,0.999725274725275,1.0,1.0,0.9810606060606061,20,,20,4,8,0,0,8,1,0,3,1,1H,3S,,65,0,True,False,True,False,0
top_ten,svm,occupancy,mean_removed,6,unith,6,Nielsen,Nov_3_g0,0.999725274725275,1.0,1.0,0.9810606060606061,20,20,20,4,8,0,0,9,1,0,4,1,1H,4S,-0.43956080110208634,65,45,True,True,True,True,0
top_ten,svm,occupancy,mean_removed,6,unith,6,Nielsen,Nov_3_g0,0.999725274725275,1.0,1.0,0.9810606060606061,20,20,20,4,8,0,0,10,1,0,5,1,1H,5S,0.011754917699465734,65,95,True,True,True,True,0
top_ten,svm,occupancy,mean_removed,6,unith,6,Nielsen,Nov_3_g0,0.999725274725275,1.0,1.0,0.9810606060606061,20,20,20,4,8,0,0,11,1,0,6,1,1H,6S,-0.5679951724231117,65,84,True,True,True,True,0
top_ten,svm,occupancy,mean_removed,6,unith,6,Nielsen,Nov_3_g0,0.999725274725275,1.0,1.0,0.9810606060606061,20,20,20,4,8,0,1,0,2,0,1,0,2H,1H,0.2995823983381415,82,65,True,True,True,True,0
top_ten,svm,occupancy,mean_removed,6,unith,6,Nielsen,Nov_3_g0,0.999725274725275,1.0,1.0,0.9810606060606061,20,20,20,4,8,0,1,1,2,0,2,0,2H,2H,0.5720717095618724,82,82,True,True,True,True,0
top_ten,svm,occupancy,mean_removed,6,unith,6,Nielsen,Nov_3_g0,0.999725274725275,1.0,1.0,0.9810606060606061,20,20,20,4,8,0,1,2,2,0,3,0,2H,3H,0.24605630759224714,82,80,True,True,True,True,0
top_ten,svm,occupancy,mean_removed,6,unith,6,Nielsen,Nov_3_g0,0.999725274725275,1.0,1.0,0.9810606060606061,20,20,20,4,8,0,1,3,2,0,4,0,2H,4H,-0.08507088704008725,82,40,True,True,True,True,0
top_ten,svm,occupancy,mean_removed,6,unith,6,Nielsen,Nov_3_g0,0.999725274725275,1.0,1.0,0.9810606060606061,20,,20,4,8,0,1,4,2,0,5,0,2H,5H,,82,0,True,False,True,False,0
top_ten,svm,occupancy,mean_removed,6,unith,6,Nielsen,Nov_3_g0,0.999725274725275,1.0,1.0,0.9810606060606061,20,,20,4,8,0,1,5,2,0,6,0,2H,6H,,82,0,True,False,True,False,0
top_ten,svm,occupancy,mean_removed,6,unith,6,Nielsen,Nov_3_g0,0.999725274725275,1.0,1.0,0.9810606060606061,20,,20,4,8,0,1,6,2,0,1,1,2H,1S,,82,0,True,False,True,False,0
top_ten,svm,occupancy,mean_removed,6,unith,6,Nielsen,Nov_3_g0,0.999725274725275,1.0,1.0,0.9810606060606061,20,2,20,4,8,0,1,7,2,0,2,1,2H,2S,0.0045357831766655145,82,4,True,True,True,False,0
top_ten,svm,occupancy,mean_removed,6,unith,6,Nielsen,Nov_3_g0,0.999725274725275,1.0,1.0,0.9810606060606061,20,,20,4,8,0,1,8,2,0,3,1,2H,3S,,82,0,True,False,True,False,0
top_ten,svm,occupancy,mean_removed,6,unith,6,Nielsen,Nov_3_g0,0.999725274725275,1.0,1.0,0.9810606060606061,20,20,20,4,8,0,1,9,2,0,4,1,2H,4S,0.06952178548248575,82,45,True,True,True,True,0
top_ten,svm,occupancy,mean_removed,6,unith,6,Nielsen,Nov_3_g0,0.999725274725275,1.0,1.0,0.9810606060606061,20,20,20,4,8,0,1,10,2,0,5,1,2H,5S,-0.23504483890482328,82,95,True,True,True,True,0
top_ten,svm,occupancy,mean_removed,6,unith,6,Nielsen,Nov_3_g0,0.999725274725275,1.0,1.0,0.9810606060606061,20,20,20,4,8,0,1,11,2,0,6,1,2H,6S,0.031188799849826414,82,84,True,True,True,True,0
top_ten,svm,occupancy,mean_removed,6,unith,6,Nielsen,Nov_3_g0,0.999725274725275,1.0,1.0,0.9810606060606061,20,20,20,4,8,0,2,0,3,0,1,0,3H,1H,0.3201836851935506,80,65,True,True,True,True,0
top_ten,svm,occupancy,mean_removed,6,unith,6,Nielsen,Nov_3_g0,0.999725274725275,1.0,1.0,0.9810606060606061,20,20,20,4,8,0,2,1,3,0,2,0,3H,2H,0.24605630759224714,80,82,True,True,True,True,0
top_ten,svm,occupancy,mean_removed,6,unith,6,Nielsen,Nov_3_g0,0.999725274725275,1.0,1.0,0.9810606060606061,20,20,20,4,8,0,2,2,3,0,3,0,3H,3H,0.10117191790246569,80,80,True,True,True,True,0
top_ten,svm,occupancy,mean_removed,6,unith,6,Nielsen,Nov_3_g0,0.999725274725275,1.0,1.0,0.9810606060606061,20,20,20,4,8,0,2,3,3,0,4,0,3H,4H,0.025875027232562055,80,40,True,True,True,True,0
top_ten,svm,occupancy,mean_removed,6,unith,6,Nielsen,Nov_3_g0,0.999725274725275,1.0,1.0,0.9810606060606061,20,,20,4,8,0,2,4,3,0,5,0,3H,5H,,80,0,True,False,True,False,0
top_ten,svm,occupancy,mean_removed,6,unith,6,Nielsen,Nov_3_g0,0.999725274725275,1.0,1.0,0.9810606060606061,20,,20,4,8,0,2,5,3,0,6,0,3H,6H,,80,0,True,False,True,False,0
top_ten,svm,occupancy,mean_removed,6,unith,6,Nielsen,Nov_3_g0,0.999725274725275,1.0,1.0,0.9810606060606061,20,,20,4,8,0,2,6,3,0,1,1,3H,1S,,80,0,True,False,True,False,0
top_ten,svm,occupancy,mean_removed,6,unith,6,Nielsen,Nov_3_g0,0.999725274725275,1.0,1.0,0.9810606060606061,20,2,20,4,8,0,2,7,3,0,2,1,3H,2S,0.19541164745431044,80,4,True,True,True,False,0
top_ten,svm,occupancy,mean_removed,6,unith,6,Nielsen,Nov_3_g0,0.999725274725275,1.0,1.0,0.9810606060606061,20,,20,4,8,0,2,8,3,0,3,1,3H,3S,,80,0,True,False,True,False,0
top_ten,svm,occupancy,mean_removed,6,unith,6,Nielsen,Nov_3_g0,0.999725274725275,1.0,1.0,0.9810606060606061,20,20,20,4,8,0,2,9,3,0,4,1,3H,4S,0.051992133276455244,80,45,True,True,True,True,0
top_ten,svm,occupancy,mean_removed,6,unith,6,Nielsen,Nov_3_g0,0.999725274725275,1.0,1.0,0.9810606060606061,20,20,20,4,8,0,2,10,3,0,5,1,3H,5S,0.2585337904731949,80,95,True,True,True,True,0
top_ten,svm,occupancy,mean_removed,6,unith,6,Nielsen,Nov_3_g0,0.999725274725275,1.0,1.0,0.9810606060606061,20,20,20,4,8,0,2,11,3,0,6,1,3H,6S,0.008862356301375367,80,84,True,True,True,True,0
top_ten,svm,occupancy,mean_removed,6,unith,6,Nielsen,Nov_3_g0,0.999725274725275,1.0,1.0,0.9810606060606061,20,20,20,4,8,0,3,0,4,0,1,0,4H,1H,0.33857751175929046,40,65,True,True,True,True,0
top_ten,svm,occupancy,mean_removed,6,unith,6,Nielsen,Nov_3_g0,0.999725274725275,1.0,1.0,0.9810606060606061,20,20,20,4,8,0,3,1,4,0,2,0,4H,2H,-0.08507088704008725,40,82,True,True,True,True,0
top_ten,svm,occupancy,mean_removed,6,unith,6,Nielsen,Nov_3_g0,0.999725274725275,1.0,1.0,0.9810606060606061,20,20,20,4,8,0,3,2,4,0,3,0,4H,3H,0.025875027232562055,40,80,True,True,True,True,0
top_ten,svm,occupancy,mean_removed,6,unith,6,Nielsen,Nov_3_g0,0.999725274725275,1.0,1.0,0.9810606060606061,20,20,20,4,8,0,3,3,4,0,4,0,4H,4H,-0.08954122701310488,40,40,True,True,True,True,0
top_ten,svm,occupancy,mean_removed,6,unith,6,Nielsen,Nov_3_g0,0.999725274725275,1.0,1.0,0.9810606060606061,20,,20,4,8,0,3,4,4,0,5,0,4H,5H,,40,0,True,False,True,False,0
top_ten,svm,occupancy,mean_removed,6,unith,6,Nielsen,Nov_3_g0,0.999725274725275,1.0,1.0,0.9810606060606061,20,,20,4,8,0,3,5,4,0,6,0,4H,6H,,40,0,True,False,True,False,0
top_ten,svm,occupancy,mean_removed,6,unith,6,Nielsen,Nov_3_g0,0.999725274725275,1.0,1.0,0.9810606060606061,20,,20,4,8,0,3,6,4,0,1,1,4H,1S,,40,0,True,False,True,False,0
top_ten,svm,occupancy,mean_removed,6,unith,6,Nielsen,Nov_3_g0,0.999725274725275,1.0,1.0,0.9810606060606061,20,2,20,4,8,0,3,7,4,0,2,1,4H,2S,-0.35272333907832765,40,4,True,True,True,False,0
top_ten,svm,occupancy,mean_removed,6,unith,6,Nielsen,Nov_3_g0,0.999725274725275,1.0,1.0,0.9810606060606061,20,,20,4,8,0,3,8,4,0,3,1,4H,3S,,40,0,True,False,True,False,0
top_ten,svm,occupancy,mean_removed,6,unith,6,Nielsen,Nov_3_g0,0.999725274725275,1.0,1.0,0.9810606060606061,20,20,20,4,8,0,3,9,4,0,4,1,4H,4S,-0.5272909304297759,40,45,True,True,True,True,0
top_ten,svm,occupancy,mean_removed,6,unith,6,Nielsen,Nov_3_g0,0.999725274725275,1.0,1.0,0.9810606060606061,20,20,20,4,8,0,3,10,4,0,5,1,4H,5S,0.13827106516574122,40,95,True,True,True,True,0
top_ten,svm,occupancy,mean_removed,6,unith,6,Nielsen,Nov_3_g0,0.999725274725275,1.0,1.0,0.9810606060606061,20,20,20,4,8,0,3,11,4,0,6,1,4H,6S,-0.5262037741896995,40,84,True,True,True,True,0
top_ten,svm,occupancy,mean_removed,6,unith,6,Nielsen,Nov_3_g0,0.999725274725275,1.0,1.0,0.9810606060606061,,20,20,4,8,0,4,0,5,0,1,0,5H,1H,,0,65,False,True,False,True,0
top_ten,svm,occupancy,mean_removed,6,unith,6,Nielsen,Nov_3_g0,0.999725274725275,1.0,1.0,0.9810606060606061,,20,20,4,8,0,4,1,5,0,2,0,5H,2H,,0,82,False,True,False,True,0
top_ten,svm,occupancy,mean_removed,6,unith,6,Nielsen,Nov_3_g0,0.999725274725275,1.0,1.0,0.9810606060606061,,20,20,4,8,0,4,2,5,0,3,0,5H,3H,,0,80,False,True,False,True,0
top_ten,svm,occupancy,mean_removed,6,unith,6,Nielsen,Nov_3_g0,0.999725274725275,1.0,1.0,0.9810606060606061,,20,20,4,8,0,4,3,5,0,4,0,5H,4H,,0,40,False,True,False,True,0
top_ten,svm,occupancy,mean_removed,6,unith,6,Nielsen,Nov_3_g0,0.999725274725275,1.0,1.0,0.9810606060606061,,,20,4,8,0,4,4,5,0,5,0,5H,5H,,0,0,False,False,False,False,0
top_ten,svm,occupancy,mean_removed,6,unith,6,Nielsen,Nov_3_g0,0.999725274725275,1.0,1.0,0.9810606060606061,,,20,4,8,0,4,5,5,0,6,0,5H,6H,,0,0,False,False,False,False,0
top_ten,svm,occupancy,mean_removed,6,unith,6,Nielsen,Nov_3_g0,0.999725274725275,1.0,1.0,0.9810606060606061,,,20,4,8,0,4,6,5,0,1,1,5H,1S,,0,0,False,False,False,False,0
top_ten,svm,occupancy,mean_removed,6,unith,6,Nielsen,Nov_3_g0,0.999725274725275,1.0,1.0,0.9810606060606061,,2,20,4,8,0,4,7,5,0,2,1,5H,2S,,0,4,False,True,False,False,0
top_ten,svm,occupancy,mean_removed,6,unith,6,Nielsen,Nov_3_g0,0.999725274725275,1.0,1.0,0.9810606060606061,,,20,4,8,0,4,8,5,0,3,1,5H,3S,,0,0,False,False,False,False,0
top_ten,svm,occupancy,mean_removed,6,unith,6,Nielsen,Nov_3_g0,0.999725274725275,1.0,1.0,0.9810606060606061,,20,20,4,8,0,4,9,5,0,4,1,5H,4S,,0,45,False,True,False,True,0
top_ten,svm,occupancy,mean_removed,6,unith,6,Nielsen,Nov_3_g0,0.999725274725275,1.0,1.0,0.9810606060606061,,20,20,4,8,0,4,10,5,0,5,1,5H,5S,,0,95,False,True,False,True,0
top_ten,svm,occupancy,mean_removed,6,unith,6,Nielsen,Nov_3_g0,0.999725274725275,1.0,1.0,0.9810606060606061,,20,20,4,8,0,4,11,5,0,6,1,5H,6S,,0,84,False,True,False,True,0
top_ten,svm,occupancy,mean_removed,6,unith,6,Nielsen,Nov_3_g0,0.999725274725275,1.0,1.0,0.9810606060606061,,20,20,4,8,0,5,0,6,0,1,0,6H,1H,,0,65,False,True,False,True,0
top_ten,svm,occupancy,mean_removed,6,unith,6,Nielsen,Nov_3_g0,0.999725274725275,1.0,1.0,0.9810606060606061,,20,20,4,8,0,5,1,6,0,2,0,6H,2H,,0,82,False,True,False,True,0
top_ten,svm,occupancy,mean_removed,6,unith,6,Nielsen,Nov_3_g0,0.999725274725275,1.0,1.0,0.9810606060606061,,20,20,4,8,0,5,2,6,0,3,0,6H,3H,,0,80,False,True,False,True,0
top_ten,svm,occupancy,mean_removed,6,unith,6,Nielsen,Nov_3_g0,0.999725274725275,1.0,1.0,0.9810606060606061,,20,20,4,8,0,5,3,6,0,4,0,6H,4H,,0,40,False,True,False,True,0
top_ten,svm,occupancy,mean_removed,6,unith,6,Nielsen,Nov_3_g0,0.999725274725275,1.0,1.0,0.9810606060606061,,,20,4,8,0,5,4,6,0,5,0,6H,5H,,0,0,False,False,False,False,0
top_ten,svm,occupancy,mean_removed,6,unith,6,Nielsen,Nov_3_g0,0.999725274725275,1.0,1.0,0.9810606060606061,,,20,4,8,0,5,5,6,0,6,0,6H,6H,,0,0,False,False,False,False,0
top_ten,svm,occupancy,mean_removed,6,unith,6,Nielsen,Nov_3_g0,0.999725274725275,1.0,1.0,0.9810606060606061,,,20,4,8,0,5,6,6,0,1,1,6H,1S,,0,0,False,False,False,False,0
top_ten,svm,occupancy,mean_removed,6,unith,6,Nielsen,Nov_3_g0,0.999725274725275,1.0,1.0,0.9810606060606061,,2,20,4,8,0,5,7,6,0,2,1,6H,2S,,0,4,False,True,False,False,0
top_ten,svm,occupancy,mean_removed,6,unith,6,Nielsen,Nov_3_g0,0.999725274725275,1.0,1.0,0.9810606060606061,,,20,4,8,0,5,8,6,0,3,1,6H,3S,,0,0,False,False,False,False,0
top_ten,svm,occupancy,mean_removed,6,unith,6,Nielsen,Nov_3_g0,0.999725274725275,1.0,1.0,0.9810606060606061,,20,20,4,8,0,5,9,6,0,4,1,6H,4S,,0,45,False,True,False,True,0
top_ten,svm,occupancy,mean_removed,6,unith,6,Nielsen,Nov_3_g0,0.999725274725275,1.0,1.0,0.9810606060606061,,20,20,4,8,0,5,10,6,0,5,1,6H,5S,,0,95,False,True,False,True,0
top_ten,svm,occupancy,mean_removed,6,unith,6,Nielsen,Nov_3_g0,0.999725274725275,1.0,1.0,0.9810606060606061,,20,20,4,8,0,5,11,6,0,6,1,6H,6S,,0,84,False,True,False,True,0
top_ten,svm,occupancy,mean_removed,6,unith,6,Nielsen,Nov_3_g0,0.999725274725275,1.0,1.0,0.9810606060606061,,20,20,4,8,0,6,0,1,1,1,0,1S,1H,,0,65,False,True,False,True,0
top_ten,svm,occupancy,mean_removed,6,unith,6,Nielsen,Nov_3_g0,0.999725274725275,1.0,1.0,0.9810606060606061,,20,20,4,8,0,6,1,1,1,2,0,1S,2H,,0,82,False,True,False,True,0
top_ten,svm,occupancy,mean_removed,6,unith,6,Nielsen,Nov_3_g0,0.999725274725275,1.0,1.0,0.9810606060606061,,20,20,4,8,0,6,2,1,1,3,0,1S,3H,,0,80,False,True,False,True,0
top_ten,svm,occupancy,mean_removed,6,unith,6,Nielsen,Nov_3_g0,0.999725274725275,1.0,1.0,0.9810606060606061,,20,20,4,8,0,6,3,1,1,4,0,1S,4H,,0,40,False,True,False,True,0
top_ten,svm,occupancy,mean_removed,6,unith,6,Nielsen,Nov_3_g0,0.999725274725275,1.0,1.0,0.9810606060606061,,,20,4,8,0,6,4,1,1,5,0,1S,5H,,0,0,False,False,False,False,0
top_ten,svm,occupancy,mean_removed,6,unith,6,Nielsen,Nov_3_g0,0.999725274725275,1.0,1.0,0.9810606060606061,,,20,4,8,0,6,5,1,1,6,0,1S,6H,,0,0,False,False,False,False,0
top_ten,svm,occupancy,mean_removed,6,unith,6,Nielsen,Nov_3_g0,0.999725274725275,1.0,1.0,0.9810606060606061,,,20,4,8,0,6,6,1,1,1,1,1S,1S,,0,0,False,False,False,False,0
top_ten,svm,occupancy,mean_removed,6,unith,6,Nielsen,Nov_3_g0,0.999725274725275,1.0,1.0,0.9810606060606061,,2,20,4,8,0,6,7,1,1,2,1,1S,2S,,0,4,False,True,False,False,0
top_ten,svm,occupancy,mean_removed,6,unith,6,Nielsen,Nov_3_g0,0.999725274725275,1.0,1.0,0.9810606060606061,,,20,4,8,0,6,8,1,1,3,1,1S,3S,,0,0,False,False,False,False,0
top_ten,svm,occupancy,mean_removed,6,unith,6,Nielsen,Nov_3_g0,0.999725274725275,1.0,1.0,0.9810606060606061,,20,20,4,8,0,6,9,1,1,4,1,1S,4S,,0,45,False,True,False,True,0
top_ten,svm,occupancy,mean_removed,6,unith,6,Nielsen,Nov_3_g0,0.999725274725275,1.0,1.0,0.9810606060606061,,20,20,4,8,0,6,10,1,1,5,1,1S,5S,,0,95,False,True,False,True,0
top_ten,svm,occupancy,mean_removed,6,unith,6,Nielsen,Nov_3_g0,0.999725274725275,1.0,1.0,0.9810606060606061,,20,20,4,8,0,6,11,1,1,6,1,1S,6S,,0,84,False,True,False,True,0
top_ten,svm,occupancy,mean_removed,6,unith,6,Nielsen,Nov_3_g0,0.999725274725275,1.0,1.0,0.9810606060606061,2,20,20,4,8,0,7,0,2,1,1,0,2S,1H,-0.4502892482613518,4,65,True,True,False,True,0
top_ten,svm,occupancy,mean_removed,6,unith,6,Nielsen,Nov_3_g0,0.999725274725275,1.0,1.0,0.9810606060606061,2,20,20,4,8,0,7,1,2,1,2,0,2S,2H,0.0045357831766655145,4,82,True,True,False,True,0
top_ten,svm,occupancy,mean_removed,6,unith,6,Nielsen,Nov_3_g0,0.999725274725275,1.0,1.0,0.9810606060606061,2,20,20,4,8,0,7,2,2,1,3,0,2S,3H,0.19541164745431044,4,80,True,True,False,True,0
top_ten,svm,occupancy,mean_removed,6,unith,6,Nielsen,Nov_3_g0,0.999725274725275,1.0,1.0,0.9810606060606061,2,20,20,4,8,0,7,3,2,1,4,0,2S,4H,-0.35272333907832765,4,40,True,True,False,True,0
top_ten,svm,occupancy,mean_removed,6,unith,6,Nielsen,Nov_3_g0,0.999725274725275,1.0,1.0,0.9810606060606061,2,,20,4,8,0,7,4,2,1,5,0,2S,5H,,4,0,True,False,False,False,0
top_ten,svm,occupancy,mean_removed,6,unith,6,Nielsen,Nov_3_g0,0.999725274725275,1.0,1.0,0.9810606060606061,2,,20,4,8,0,7,5,2,1,6,0,2S,6H,,4,0,True,False,False,False,0
top_ten,svm,occupancy,mean_removed,6,unith,6,Nielsen,Nov_3_g0,0.999725274725275,1.0,1.0,0.9810606060606061,2,,20,4,8,0,7,6,2,1,1,1,2S,1S,,4,0,True,False,False,False,0
top_ten,svm,occupancy,mean_removed,6,unith,6,Nielsen,Nov_3_g0,0.999725274725275,1.0,1.0,0.9810606060606061,2,2,20,4,8,0,7,7,2,1,2,1,2S,2S,0.7923811406920991,4,4,True,True,False,False,0
top_ten,svm,occupancy,mean_removed,6,unith,6,Nielsen,Nov_3_g0,0.999725274725275,1.0,1.0,0.9810606060606061,2,,20,4,8,0,7,8,2,1,3,1,2S,3S,,4,0,True,False,False,False,0
top_ten,svm,occupancy,mean_removed,6,unith,6,Nielsen,Nov_3_g0,0.999725274725275,1.0,1.0,0.9810606060606061,2,20,20,4,8,0,7,9,2,1,4,1,2S,4S,0.5483656568489668,4,45,True,True,False,True,0
top_ten,svm,occupancy,mean_removed,6,unith,6,Nielsen,Nov_3_g0,0.999725274725275,1.0,1.0,0.9810606060606061,2,20,20,4,8,0,7,10,2,1,5,1,2S,5S,0.38084919026147335,4,95,True,True,False,True,0
top_ten,svm,occupancy,mean_removed,6,unith,6,Nielsen,Nov_3_g0,0.999725274725275,1.0,1.0,0.9810606060606061,2,20,20,4,8,0,7,11,2,1,6,1,2S,6S,0.7754247571591162,4,84,True,True,False,True,0
top_ten,svm,occupancy,mean_removed,6,unith,6,Nielsen,Nov_3_g0,0.999725274725275,1.0,1.0,0.9810606060606061,,20,20,4,8,0,8,0,3,1,1,0,3S,1H,,0,65,False,True,False,True,0
top_ten,svm,occupancy,mean_removed,6,unith,6,Nielsen,Nov_3_g0,0.999725274725275,1.0,1.0,0.9810606060606061,,20,20,4,8,0,8,1,3,1,2,0,3S,2H,,0,82,False,True,False,True,0
top_ten,svm,occupancy,mean_removed,6,unith,6,Nielsen,Nov_3_g0,0.999725274725275,1.0,1.0,0.9810606060606061,,20,20,4,8,0,8,2,3,1,3,0,3S,3H,,0,80,False,True,False,True,0
top_ten,svm,occupancy,mean_removed,6,unith,6,Nielsen,Nov_3_g0,0.999725274725275,1.0,1.0,0.9810606060606061,,20,20,4,8,0,8,3,3,1,4,0,3S,4H,,0,40,False,True,False,True,0
top_ten,svm,occupancy,mean_removed,6,unith,6,Nielsen,Nov_3_g0,0.999725274725275,1.0,1.0,0.9810606060606061,,,20,4,8,0,8,4,3,1,5,0,3S,5H,,0,0,False,False,False,False,0
top_ten,svm,occupancy,mean_removed,6,unith,6,Nielsen,Nov_3_g0,0.999725274725275,1.0,1.0,0.9810606060606061,,,20,4,8,0,8,5,3,1,6,0,3S,6H,,0,0,False,False,False,False,0
top_ten,svm,occupancy,mean_removed,6,unith,6,Nielsen,Nov_3_g0,0.999725274725275,1.0,1.0,0.9810606060606061,,,20,4,8,0,8,6,3,1,1,1,3S,1S,,0,0,False,False,False,False,0
top_ten,svm,occupancy,mean_removed,6,unith,6,Nielsen,Nov_3_g0,0.999725274725275,1.0,1.0,0.9810606060606061,,2,20,4,8,0,8,7,3,1,2,1,3S,2S,,0,4,False,True,False,False,0
top_ten,svm,occupancy,mean_removed,6,unith,6,Nielsen,Nov_3_g0,0.999725274725275,1.0,1.0,0.9810606060606061,,,20,4,8,0,8,8,3,1,3,1,3S,3S,,0,0,False,False,False,False,0
top_ten,svm,occupancy,mean_removed,6,unith,6,Nielsen,Nov_3_g0,0.999725274725275,1.0,1.0,0.9810606060606061,,20,20,4,8,0,8,9,3,1,4,1,3S,4S,,0,45,False,True,False,True,0
top_ten,svm,occupancy,mean_removed,6,unith,6,Nielsen,Nov_3_g0,0.999725274725275,1.0,1.0,0.9810606060606061,,20,20,4,8,0,8,10,3,1,5,1,3S,5S,,0,95,False,True,False,True,0
top_ten,svm,occupancy,mean_removed,6,unith,6,Nielsen,Nov_3_g0,0.999725274725275,1.0,1.0,0.9810606060606061,,20,20,4,8,0,8,11,3,1,6,1,3S,6S,,0,84,False,True,False,True,0
top_ten,svm,occupancy,mean_removed,6,unith,6,Nielsen,Nov_3_g0,0.999725274725275,1.0,1.0,0.9810606060606061,20,20,20,4,8,0,9,0,4,1,1,0,4S,1H,-0.43956080110208634,45,65,True,True,True,True,0
top_ten,svm,occupancy,mean_removed,6,unith,6,Nielsen,Nov_3_g0,0.999725274725275,1.0,1.0,0.9810606060606061,20,20,20,4,8,0,9,1,4,1,2,0,4S,2H,0.06952178548248575,45,82,True,True,True,True,0
top_ten,svm,occupancy,mean_removed,6,unith,6,Nielsen,Nov_3_g0,0.999725274725275,1.0,1.0,0.9810606060606061,20,20,20,4,8,0,9,2,4,1,3,0,4S,3H,0.051992133276455244,45,80,True,True,True,True,0
top_ten,svm,occupancy,mean_removed,6,unith,6,Nielsen,Nov_3_g0,0.999725274725275,1.0,1.0,0.9810606060606061,20,20,20,4,8,0,9,3,4,1,4,0,4S,4H,-0.5272909304297759,45,40,True,True,True,True,0
top_ten,svm,occupancy,mean_removed,6,unith,6,Nielsen,Nov_3_g0,0.999725274725275,1.0,1.0,0.9810606060606061,20,,20,4,8,0,9,4,4,1,5,0,4S,5H,,45,0,True,False,True,False,0
top_ten,svm,occupancy,mean_removed,6,unith,6,Nielsen,Nov_3_g0,0.999725274725275,1.0,1.0,0.9810606060606061,20,,20,4,8,0,9,5,4,1,6,0,4S,6H,,45,0,True,False,True,False,0
top_ten,svm,occupancy,mean_removed,6,unith,6,Nielsen,Nov_3_g0,0.999725274725275,1.0,1.0,0.9810606060606061,20,,20,4,8,0,9,6,4,1,1,1,4S,1S,,45,0,True,False,True,False,0
top_ten,svm,occupancy,mean_removed,6,unith,6,Nielsen,Nov_3_g0,0.999725274725275,1.0,1.0,0.9810606060606061,20,2,20,4,8,0,9,7,4,1,2,1,4S,2S,0.5483656568489668,45,4,True,True,True,False,0
top_ten,svm,occupancy,mean_removed,6,unith,6,Nielsen,Nov_3_g0,0.999725274725275,1.0,1.0,0.9810606060606061,20,,20,4,8,0,9,8,4,1,3,1,4S,3S,,45,0,True,False,True,False,0
top_ten,svm,occupancy,mean_removed,6,unith,6,Nielsen,Nov_3_g0,0.999725274725275,1.0,1.0,0.9810606060606061,20,20,20,4,8,0,9,9,4,1,4,1,4S,4S,0.536375431213697,45,45,True,True,True,True,0
top_ten,svm,occupancy,mean_removed,6,unith,6,Nielsen,Nov_3_g0,0.999725274725275,1.0,1.0,0.9810606060606061,20,20,20,4,8,0,9,10,4,1,5,1,4S,5S,-0.10682975083764663,45,95,True,True,True,True,0
top_ten,svm,occupancy,mean_removed,6,unith,6,Nielsen,Nov_3_g0,0.999725274725275,1.0,1.0,0.9810606060606061,20,20,20,4,8,0,9,11,4,1,6,1,4S,6S,0.7323307787717905,45,84,True,True,True,True,0
top_ten,svm,occupancy,mean_removed,6,unith,6,Nielsen,Nov_3_g0,0.999725274725275,1.0,1.0,0.9810606060606061,20,20,20,4,8,0,10,0,5,1,1,0,5S,1H,0.011754917699465734,95,65,True,True,True,True,0
top_ten,svm,occupancy,mean_removed,6,unith,6,Nielsen,Nov_3_g0,0.999725274725275,1.0,1.0,0.9810606060606061,20,20,20,4,8,0,10,1,5,1,2,0,5S,2H,-0.23504483890482328,95,82,True,True,True,True,0
top_ten,svm,occupancy,mean_removed,6,unith,6,Nielsen,Nov_3_g0,0.999725274725275,1.0,1.0,0.9810606060606061,20,20,20,4,8,0,10,2,5,1,3,0,5S,3H,0.2585337904731949,95,80,True,True,True,True,0
top_ten,svm,occupancy,mean_removed,6,unith,6,Nielsen,Nov_3_g0,0.999725274725275,1.0,1.0,0.9810606060606061,20,20,20,4,8,0,10,3,5,1,4,0,5S,4H,0.13827106516574122,95,40,True,True,True,True,0
top_ten,svm,occupancy,mean_removed,6,unith,6,Nielsen,Nov_3_g0,0.999725274725275,1.0,1.0,0.9810606060606061,20,,20,4,8,0,10,4,5,1,5,0,5S,5H,,95,0,True,False,True,False,0
top_ten,svm,occupancy,mean_removed,6,unith,6,Nielsen,Nov_3_g0,0.999725274725275,1.0,1.0,0.9810606060606061,20,,20,4,8,0,10,5,5,1,6,0,5S,6H,,95,0,True,False,True,False,0
top_ten,svm,occupancy,mean_removed,6,unith,6,Nielsen,Nov_3_g0,0.999725274725275,1.0,1.0,0.9810606060606061,20,,20,4,8,0,10,6,5,1,1,1,5S,1S,,95,0,True,False,True,False,0
top_ten,svm,occupancy,mean_removed,6,unith,6,Nielsen,Nov_3_g0,0.999725274725275,1.0,1.0,0.9810606060606061,20,2,20,4,8,0,10,7,5,1,2,1,5S,2S,0.38084919026147335,95,4,True,True,True,False,0
top_ten,svm,occupancy,mean_removed,6,unith,6,Nielsen,Nov_3_g0,0.999725274725275,1.0,1.0,0.9810606060606061,20,,20,4,8,0,10,8,5,1,3,1,5S,3S,,95,0,True,False,True,False,0
top_ten,svm,occupancy,mean_removed,6,unith,6,Nielsen,Nov_3_g0,0.999725274725275,1.0,1.0,0.9810606060606061,20,20,20,4,8,0,10,9,5,1,4,1,5S,4S,-0.10682975083764663,95,45,True,True,True,True,0
top_ten,svm,occupancy,mean_removed,6,unith,6,Nielsen,Nov_3_g0,0.999725274725275,1.0,1.0,0.9810606060606061,20,20,20,4,8,0,10,10,5,1,5,1,5S,5S,0.6274242931671767,95,95,True,True,True,True,0
top_ten,svm,occupancy,mean_removed,6,unith,6,Nielsen,Nov_3_g0,0.999725274725275,1.0,1.0,0.9810606060606061,20,20,20,4,8,0,10,11,5,1,6,1,5S,6S,0.07827215445764964,95,84,True,True,True,True,0
top_ten,svm,occupancy,mean_removed,6,unith,6,Nielsen,Nov_3_g0,0.999725274725275,1.0,1.0,0.9810606060606061,20,20,20,4,8,0,11,0,6,1,1,0,6S,1H,-0.5679951724231117,84,65,True,True,True,True,0
top_ten,svm,occupancy,mean_removed,6,unith,6,Nielsen,Nov_3_g0,0.999725274725275,1.0,1.0,0.9810606060606061,20,20,20,4,8,0,11,1,6,1,2,0,6S,2H,0.031188799849826414,84,82,True,True,True,True,0
top_ten,svm,occupancy,mean_removed,6,unith,6,Nielsen,Nov_3_g0,0.999725274725275,1.0,1.0,0.9810606060606061,20,20,20,4,8,0,11,2,6,1,3,0,6S,3H,0.008862356301375367,84,80,True,True,True,True,0
top_ten,svm,occupancy,mean_removed,6,unith,6,Nielsen,Nov_3_g0,0.999725274725275,1.0,1.0,0.9810606060606061,20,20,20,4,8,0,11,3,6,1,4,0,6S,4H,-0.5262037741896995,84,40,True,True,True,True,0
top_ten,svm,occupancy,mean_removed,6,unith,6,Nielsen,Nov_3_g0,0.999725274725275,1.0,1.0,0.9810606060606061,20,,20,4,8,0,11,4,6,1,5,0,6S,5H,,84,0,True,False,True,False,0
top_ten,svm,occupancy,mean_removed,6,unith,6,Nielsen,Nov_3_g0,0.999725274725275,1.0,1.0,0.9810606060606061,20,,20,4,8,0,11,5,6,1,6,0,6S,6H,,84,0,True,False,True,False,0
top_ten,svm,occupancy,mean_removed,6,unith,6,Nielsen,Nov_3_g0,0.999725274725275,1.0,1.0,0.9810606060606061,20,,20,4,8,0,11,6,6,1,1,1,6S,1S,,84,0,True,False,True,False,0
top_ten,svm,occupancy,mean_removed,6,unith,6,Nielsen,Nov_3_g0,0.999725274725275,1.0,1.0,0.9810606060606061,20,2,20,4,8,0,11,7,6,1,2,1,6S,2S,0.7754247571591162,84,4,True,True,True,False,0
top_ten,svm,occupancy,mean_removed,6,unith,6,Nielsen,Nov_3_g0,0.999725274725275,1.0,1.0,0.9810606060606061,20,,20,4,8,0,11,8,6,1,3,1,6S,3S,,84,0,True,False,True,False,0
top_ten,svm,occupancy,mean_removed,6,unith,6,Nielsen,Nov_3_g0,0.999725274725275,1.0,1.0,0.9810606060606061,20,20,20,4,8,0,11,9,6,1,4,1,6S,4S,0.7323307787717905,84,45,True,True,True,True,0
top_ten,svm,occupancy,mean_removed,6,unith,6,Nielsen,Nov_3_g0,0.999725274725275,1.0,1.0,0.9810606060606061,20,20,20,4,8,0,11,10,6,1,5,1,6S,5S,0.07827215445764964,84,95,True,True,True,True,0
top_ten,svm,occupancy,mean_removed,6,unith,6,Nielsen,Nov_3_g0,0.999725274725275,1.0,1.0,0.9810606060606061,20,20,20,4,8,0,11,11,6,1,6,1,6S,6S,0.8766895950291034,84,84,True,True,True,True,0
top_ten,svm,occupancy,mean_removed,6,unith,6,Nielsen,Nov_4_g0,0.965494505494505,0.9621978021978022,0.9335164835164835,0.6478260869565218,5,5,20,4,8,0,0,0,1,0,1,0,1H,1H,0.14913221151870673,61,61,True,True,True,True,0
top_ten,svm,occupancy,mean_removed,6,unith,6,Nielsen,Nov_4_g0,0.965494505494505,0.9621978021978022,0.9335164835164835,0.6478260869565218,5,5,20,4,8,0,0,1,1,0,2,0,1H,2H,0.11163859023647046,61,54,True,True,True,True,0
top_ten,svm,occupancy,mean_removed,6,unith,6,Nielsen,Nov_4_g0,0.965494505494505,0.9621978021978022,0.9335164835164835,0.6478260869565218,5,5,20,4,8,0,0,2,1,0,3,0,1H,3H,0.2580419727499741,61,56,True,True,True,True,0
top_ten,svm,occupancy,mean_removed,6,unith,6,Nielsen,Nov_4_g0,0.965494505494505,0.9621978021978022,0.9335164835164835,0.6478260869565218,5,5,20,4,8,0,0,3,1,0,4,0,1H,4H,0.20228256286088864,61,24,True,True,True,True,0
top_ten,svm,occupancy,mean_removed,6,unith,6,Nielsen,Nov_4_g0,0.965494505494505,0.9621978021978022,0.9335164835164835,0.6478260869565218,5,5,20,4,8,0,0,4,1,0,5,0,1H,5H,-0.23365484054094826,61,13,True,True,True,True,0
top_ten,svm,occupancy,mean_removed,6,unith,6,Nielsen,Nov_4_g0,0.965494505494505,0.9621978021978022,0.9335164835164835,0.6478260869565218,5,,20,4,8,0,0,5,1,0,6,0,1H,6H,,61,0,True,False,True,False,0
top_ten,svm,occupancy,mean_removed,6,unith,6,Nielsen,Nov_4_g0,0.965494505494505,0.9621978021978022,0.9335164835164835,0.6478260869565218,5,,20,4,8,0,0,6,1,0,1,1,1H,1S,,61,0,True,False,True,False,0
top_ten,svm,occupancy,mean_removed,6,unith,6,Nielsen,Nov_4_g0,0.965494505494505,0.9621978021978022,0.9335164835164835,0.6478260869565218,5,5,20,4,8,0,0,7,1,0,2,1,1H,2S,-0.2507968657879952,61,11,True,True,True,True,0
top_ten,svm,occupancy,mean_removed,6,unith,6,Nielsen,Nov_4_g0,0.965494505494505,0.9621978021978022,0.9335164835164835,0.6478260869565218,5,5,20,4,8,0,0,8,1,0,3,1,1H,3S,0.30643560534539704,61,19,True,True,True,True,0
top_ten,svm,occupancy,mean_removed,6,unith,6,Nielsen,Nov_4_g0,0.965494505494505,0.9621978021978022,0.9335164835164835,0.6478260869565218,5,5,20,4,8,0,0,9,1,0,4,1,1H,4S,-0.2158516771941615,61,33,True,True,True,True,0
top_ten,svm,occupancy,mean_removed,6,unith,6,Nielsen,Nov_4_g0,0.965494505494505,0.9621978021978022,0.9335164835164835,0.6478260869565218,5,5,20,4,8,0,0,10,1,0,5,1,1H,5S,0.03930225448301831,61,77,True,True,True,True,0
top_ten,svm,occupancy,mean_removed,6,unith,6,Nielsen,Nov_4_g0,0.965494505494505,0.9621978021978022,0.9335164835164835,0.6478260869565218,5,5,20,4,8,0,0,11,1,0,6,1,1H,6S,-0.1423143395232877,61,65,True,True,True,True,0
top_ten,svm,occupancy,mean_removed,6,unith,6,Nielsen,Nov_4_g0,0.965494505494505,0.9621978021978022,0.9335164835164835,0.6478260869565218,5,5,20,4,8,0,1,0,2,0,1,0,2H,1H,0.11163859023647046,54,61,True,True,True,True,0
top_ten,svm,occupancy,mean_removed,6,unith,6,Nielsen,Nov_4_g0,0.965494505494505,0.9621978021978022,0.9335164835164835,0.6478260869565218,5,5,20,4,8,0,1,1,2,0,2,0,2H,2H,0.05412987969196244,54,54,True,True,True,True,0
top_ten,svm,occupancy,mean_removed,6,unith,6,Nielsen,Nov_4_g0,0.965494505494505,0.9621978021978022,0.9335164835164835,0.6478260869565218,5,5,20,4,8,0,1,2,2,0,3,0,2H,3H,0.06229098169971202,54,56,True,True,True,True,0
top_ten,svm,occupancy,mean_removed,6,unith,6,Nielsen,Nov_4_g0,0.965494505494505,0.9621978021978022,0.9335164835164835,0.6478260869565218,5,5,20,4,8,0,1,3,2,0,4,0,2H,4H,0.13128290253235228,54,24,True,True,True,True,0
top_ten,svm,occupancy,mean_removed,6,unith,6,Nielsen,Nov_4_g0,0.965494505494505,0.9621978021978022,0.9335164835164835,0.6478260869565218,5,5,20,4,8,0,1,4,2,0,5,0,2H,5H,-0.09165367932886646,54,13,True,True,True,True,0
top_ten,svm,occupancy,mean_removed,6,unith,6,Nielsen,Nov_4_g0,0.965494505494505,0.9621978021978022,0.9335164835164835,0.6478260869565218,5,,20,4,8,0,1,5,2,0,6,0,2H,6H,,54,0,True,False,True,False,0
top_ten,svm,occupancy,mean_removed,6,unith,6,Nielsen,Nov_4_g0,0.965494505494505,0.9621978021978022,0.9335164835164835,0.6478260869565218,5,,20,4,8,0,1,6,2,0,1,1,2H,1S,,54,0,True,False,True,False,0
top_ten,svm,occupancy,mean_removed,6,unith,6,Nielsen,Nov_4_g0,0.965494505494505,0.9621978021978022,0.9335164835164835,0.6478260869565218,5,5,20,4,8,0,1,7,2,0,2,1,2H,2S,-0.11128975799495396,54,11,True,True,True,True,0
top_ten,svm,occupancy,mean_removed,6,unith,6,Nielsen,Nov_4_g0,0.965494505494505,0.9621978021978022,0.9335164835164835,0.6478260869565218,5,5,20,4,8,0,1,8,2,0,3,1,2H,3S,-0.020925963661947603,54,19,True,True,True,True,0
top_ten,svm,occupancy,mean_removed,6,unith,6,Nielsen,Nov_4_g0,0.965494505494505,0.9621978021978022,0.9335164835164835,0.6478260869565218,5,5,20,4,8,0,1,9,2,0,4,1,2H,4S,-0.1104085454861321,54,33,True,True,True,True,0
top_ten,svm,occupancy,mean_removed,6,unith,6,Nielsen,Nov_4_g0,0.965494505494505,0.9621978021978022,0.9335164835164835,0.6478260869565218,5,5,20,4,8,0,1,10,2,0,5,1,2H,5S,-0.18653075673298636,54,77,True,True,True,True,0
top_ten,svm,occupancy,mean_removed,6,unith,6,Nielsen,Nov_4_g0,0.965494505494505,0.9621978021978022,0.9335164835164835,0.6478260869565218,5,5,20,4,8,0,1,11,2,0,6,1,2H,6S,-0.1336342491850314,54,65,True,True,True,True,0
top_ten,svm,occupancy,mean_removed,6,unith,6,Nielsen,Nov_4_g0,0.965494505494505,0.9621978021978022,0.9335164835164835,0.6478260869565218,5,5,20,4,8,0,2,0,3,0,1,0,3H,1H,0.2580419727499741,56,61,True,True,True,True,0
top_ten,svm,occupancy,mean_removed,6,unith,6,Nielsen,Nov_4_g0,0.965494505494505,0.9621978021978022,0.9335164835164835,0.6478260869565218,5,5,20,4,8,0,2,1,3,0,2,0,3H,2H,0.06229098169971202,56,54,True,True,True,True,0
top_ten,svm,occupancy,mean_removed,6,unith,6,Nielsen,Nov_4_g0,0.965494505494505,0.9621978021978022,0.9335164835164835,0.6478260869565218,5,5,20,4,8,0,2,2,3,0,3,0,3H,3H,0.1864317283396548,56,56,True,True,True,True,0
top_ten,svm,occupancy,mean_removed,6,unith,6,Nielsen,Nov_4_g0,0.965494505494505,0.9621978021978022,0.9335164835164835,0.6478260869565218,5,5,20,4,8,0,2,3,3,0,4,0,3H,4H,0.0795399834811996,56,24,True,True,True,True,0
top_ten,svm,occupancy,mean_removed,6,unith,6,Nielsen,Nov_4_g0,0.965494505494505,0.9621978021978022,0.9335164835164835,0.6478260869565218,5,5,20,4,8,0,2,4,3,0,5,0,3H,5H,-0.17104483737050044,56,13,True,True,True,True,0
top_ten,svm,occupancy,mean_removed,6,unith,6,Nielsen,Nov_4_g0,0.965494505494505,0.9621978021978022,0.9335164835164835,0.6478260869565218,5,,20,4,8,0,2,5,3,0,6,0,3H,6H,,56,0,True,False,True,False,0
top_ten,svm,occupancy,mean_removed,6,unith,6,Nielsen,Nov_4_g0,0.965494505494505,0.9621978021978022,0.9335164835164835,0.6478260869565218,5,,20,4,8,0,2,6,3,0,1,1,3H,1S,,56,0,True,False,True,False,0
top_ten,svm,occupancy,mean_removed,6,unith,6,Nielsen,Nov_4_g0,0.965494505494505,0.9621978021978022,0.9335164835164835,0.6478260869565218,5,5,20,4,8,0,2,7,3,0,2,1,3H,2S,-0.1680870144612692,56,11,True,True,True,True,0
top_ten,svm,occupancy,mean_removed,6,unith,6,Nielsen,Nov_4_g0,0.965494505494505,0.9621978021978022,0.9335164835164835,0.6478260869565218,5,5,20,4,8,0,2,8,3,0,3,1,3H,3S,0.4737133701537162,56,19,True,True,True,True,0
top_ten,svm,occupancy,mean_removed,6,unith,6,Nielsen,Nov_4_g0,0.965494505494505,0.9621978021978022,0.9335164835164835,0.6478260869565218,5,5,20,4,8,0,2,9,3,0,4,1,3H,4S,-0.1613361695805847,56,33,True,True,True,True,0
top_ten,svm,occupancy,mean_removed,6,unith,6,Nielsen,Nov_4_g0,0.965494505494505,0.9621978021978022,0.9335164835164835,0.6478260869565218,5,5,20,4,8,0,2,10,3,0,5,1,3H,5S,0.051768176946428504,56,77,True,True,True,True,0
top_ten,svm,occupancy,mean_removed,6,unith,6,Nielsen,Nov_4_g0,0.965494505494505,0.9621978021978022,0.9335164835164835,0.6478260869565218,5,5,20,4,8,0,2,11,3,0,6,1,3H,6S,-0.40312942058330103,56,65,True,True,True,True,0
top_ten,svm,occupancy,mean_removed,6,unith,6,Nielsen,Nov_4_g0,0.965494505494505,0.9621978021978022,0.9335164835164835,0.6478260869565218,5,5,20,4,8,0,3,0,4,0,1,0,4H,1H,0.20228256286088864,24,61,True,True,True,True,0
top_ten,svm,occupancy,mean_removed,6,unith,6,Nielsen,Nov_4_g0,0.965494505494505,0.9621978021978022,0.9335164835164835,0.6478260869565218,5,5,20,4,8,0,3,1,4,0,2,0,4H,2H,0.13128290253235228,24,54,True,True,True,True,0
top_ten,svm,occupancy,mean_removed,6,unith,6,Nielsen,Nov_4_g0,0.965494505494505,0.9621978021978022,0.9335164835164835,0.6478260869565218,5,5,20,4,8,0,3,2,4,0,3,0,4H,3H,0.0795399834811996,24,56,True,True,True,True,0
top_ten,svm,occupancy,mean_removed,6,unith,6,Nielsen,Nov_4_g0,0.965494505494505,0.9621978021978022,0.9335164835164835,0.6478260869565218,5,5,20,4,8,0,3,3,4,0,4,0,4H,4H,-0.0406988797762016,24,24,True,True,True,True,0
top_ten,svm,occupancy,mean_removed,6,unith,6,Nielsen,Nov_4_g0,0.965494505494505,0.9621978021978022,0.9335164835164835,0.6478260869565218,5,5,20,4,8,0,3,4,4,0,5,0,4H,5H,0.04068319608806264,24,13,True,True,True,True,0
top_ten,svm,occupancy,mean_removed,6,unith,6,Nielsen,Nov_4_g0,0.965494505494505,0.9621978021978022,0.9335164835164835,0.6478260869565218,5,,20,4,8,0,3,5,4,0,6,0,4H,6H,,24,0,True,False,True,False,0
top_ten,svm,occupancy,mean_removed,6,unith,6,Nielsen,Nov_4_g0,0.965494505494505,0.9621978021978022,0.9335164835164835,0.6478260869565218,5,,20,4,8,0,3,6,4,0,1,1,4H,1S,,24,0,True,False,True,False,0
top_ten,svm,occupancy,mean_removed,6,unith,6,Nielsen,Nov_4_g0,0.965494505494505,0.9621978021978022,0.9335164835164835,0.6478260869565218,5,5,20,4,8,0,3,7,4,0,2,1,4H,2S,-0.22618686499884172,24,11,True,True,True,True,0
top_ten,svm,occupancy,mean_removed,6,unith,6,Nielsen,Nov_4_g0,0.965494505494505,0.9621978021978022,0.9335164835164835,0.6478260869565218,5,5,20,4,8,0,3,8,4,0,3,1,4H,3S,0.18564332725491495,24,19,True,True,True,True,0
top_ten,svm,occupancy,mean_removed,6,unith,6,Nielsen,Nov_4_g0,0.965494505494505,0.9621978021978022,0.9335164835164835,0.6478260869565218,5,5,20,4,8,0,3,9,4,0,4,1,4H,4S,-0.07907407102303617,24,33,True,True,True,True,0
top_ten,svm,occupancy,mean_removed,6,unith,6,Nielsen,Nov_4_g0,0.965494505494505,0.9621978021978022,0.9335164835164835,0.6478260869565218,5,5,20,4,8,0,3,10,4,0,5,1,4H,5S,0.0612364231311021,24,77,True,True,True,True,0
top_ten,svm,occupancy,mean_removed,6,unith,6,Nielsen,Nov_4_g0,0.965494505494505,0.9621978021978022,0.9335164835164835,0.6478260869565218,5,5,20,4,8,0,3,11,4,0,6,1,4H,6S,-0.21628100385839746,24,65,True,True,True,True,0
top_ten,svm,occupancy,mean_removed,6,unith,6,Nielsen,Nov_4_g0,0.965494505494505,0.9621978021978022,0.9335164835164835,0.6478260869565218,5,5,20,4,8,0,4,0,5,0,1,0,5H,1H,-0.23365484054094826,13,61,True,True,True,True,0
top_ten,svm,occupancy,mean_removed,6,unith,6,Nielsen,Nov_4_g0,0.965494505494505,0.9621978021978022,0.9335164835164835,0.6478260869565218,5,5,20,4,8,0,4,1,5,0,2,0,5H,2H,-0.09165367932886646,13,54,True,True,True,True,0
top_ten,svm,occupancy,mean_removed,6,unith,6,Nielsen,Nov_4_g0,0.965494505494505,0.9621978021978022,0.9335164835164835,0.6478260869565218,5,5,20,4,8,0,4,2,5,0,3,0,5H,3H,-0.17104483737050044,13,56,True,True,True,True,0
top_ten,svm,occupancy,mean_removed,6,unith,6,Nielsen,Nov_4_g0,0.965494505494505,0.9621978021978022,0.9335164835164835,0.6478260869565218,5,5,20,4,8,0,4,3,5,0,4,0,5H,4H,0.04068319608806264,13,24,True,True,True,True,0
top_ten,svm,occupancy,mean_removed,6,unith,6,Nielsen,Nov_4_g0,0.965494505494505,0.9621978021978022,0.9335164835164835,0.6478260869565218,5,5,20,4,8,0,4,4,5,0,5,0,5H,5H,0.2810830864499364,13,13,True,True,True,True,0
top_ten,svm,occupancy,mean_removed,6,unith,6,Nielsen,Nov_4_g0,0.965494505494505,0.9621978021978022,0.9335164835164835,0.6478260869565218,5,,20,4,8,0,4,5,5,0,6,0,5H,6H,,13,0,True,False,True,False,0
top_ten,svm,occupancy,mean_removed,6,unith,6,Nielsen,Nov_4_g0,0.965494505494505,0.9621978021978022,0.9335164835164835,0.6478260869565218,5,,20,4,8,0,4,6,5,0,1,1,5H,1S,,13,0,True,False,True,False,0
top_ten,svm,occupancy,mean_removed,6,unith,6,Nielsen,Nov_4_g0,0.965494505494505,0.9621978021978022,0.9335164835164835,0.6478260869565218,5,5,20,4,8,0,4,7,5,0,2,1,5H,2S,0.36790039044439765,13,11,True,True,True,True,0
top_ten,svm,occupancy,mean_removed,6,unith,6,Nielsen,Nov_4_g0,0.965494505494505,0.9621978021978022,0.9335164835164835,0.6478260869565218,5,5,20,4,8,0,4,8,5,0,3,1,5H,3S,-0.06127868961399693,13,19,True,True,True,True,0
top_ten,svm,occupancy,mean_removed,6,unith,6,Nielsen,Nov_4_g0,0.965494505494505,0.9621978021978022,0.9335164835164835,0.6478260869565218,5,5,20,4,8,0,4,9,5,0,4,1,5H,4S,0.21901176706946185,13,33,True,True,True,True,0
top_ten,svm,occupancy,mean_removed,6,unith,6,Nielsen,Nov_4_g0,0.965494505494505,0.9621978021978022,0.9335164835164835,0.6478260869565218,5,5,20,4,8,0,4,10,5,0,5,1,5H,5S,0.1005824302378054,13,77,True,True,True,True,0
top_ten,svm,occupancy,mean_removed,6,unith,6,Nielsen,Nov_4_g0,0.965494505494505,0.9621978021978022,0.9335164835164835,0.6478260869565218,5,5,20,4,8,0,4,11,5,0,6,1,5H,6S,0.18959542040064306,13,65,True,True,True,True,0
top_ten,svm,occupancy,mean_removed,6,unith,6,Nielsen,Nov_4_g0,0.965494505494505,0.9621978021978022,0.9335164835164835,0.6478260869565218,,5,20,4,8,0,5,0,6,0,1,0,6H,1H,,0,61,False,True,False,True,0
top_ten,svm,occupancy,mean_removed,6,unith,6,Nielsen,Nov_4_g0,0.965494505494505,0.9621978021978022,0.9335164835164835,0.6478260869565218,,5,20,4,8,0,5,1,6,0,2,0,6H,2H,,0,54,False,True,False,True,0
top_ten,svm,occupancy,mean_removed,6,unith,6,Nielsen,Nov_4_g0,0.965494505494505,0.9621978021978022,0.9335164835164835,0.6478260869565218,,5,20,4,8,0,5,2,6,0,3,0,6H,3H,,0,56,False,True,False,True,0
top_ten,svm,occupancy,mean_removed,6,unith,6,Nielsen,Nov_4_g0,0.965494505494505,0.9621978021978022,0.9335164835164835,0.6478260869565218,,5,20,4,8,0,5,3,6,0,4,0,6H,4H,,0,24,False,True,False,True,0
top_ten,svm,occupancy,mean_removed,6,unith,6,Nielsen,Nov_4_g0,0.965494505494505,0.9621978021978022,0.9335164835164835,0.6478260869565218,,5,20,4,8,0,5,4,6,0,5,0,6H,5H,,0,13,False,True,False,True,0
top_ten,svm,occupancy,mean_removed,6,unith,6,Nielsen,Nov_4_g0,0.965494505494505,0.9621978021978022,0.9335164835164835,0.6478260869565218,,,20,4,8,0,5,5,6,0,6,0,6H,6H,,0,0,False,False,False,False,0
top_ten,svm,occupancy,mean_removed,6,unith,6,Nielsen,Nov_4_g0,0.965494505494505,0.9621978021978022,0.9335164835164835,0.6478260869565218,,,20,4,8,0,5,6,6,0,1,1,6H,1S,,0,0,False,False,False,False,0
top_ten,svm,occupancy,mean_removed,6,unith,6,Nielsen,Nov_4_g0,0.965494505494505,0.9621978021978022,0.9335164835164835,0.6478260869565218,,5,20,4,8,0,5,7,6,0,2,1,6H,2S,,0,11,False,True,False,True,0
top_ten,svm,occupancy,mean_removed,6,unith,6,Nielsen,Nov_4_g0,0.965494505494505,0.9621978021978022,0.9335164835164835,0.6478260869565218,,5,20,4,8,0,5,8,6,0,3,1,6H,3S,,0,19,False,True,False,True,0
top_ten,svm,occupancy,mean_removed,6,unith,6,Nielsen,Nov_4_g0,0.965494505494505,0.9621978021978022,0.9335164835164835,0.6478260869565218,,5,20,4,8,0,5,9,6,0,4,1,6H,4S,,0,33,False,True,False,True,0
top_ten,svm,occupancy,mean_removed,6,unith,6,Nielsen,Nov_4_g0,0.965494505494505,0.9621978021978022,0.9335164835164835,0.6478260869565218,,5,20,4,8,0,5,10,6,0,5,1,6H,5S,,0,77,False,True,False,True,0
top_ten,svm,occupancy,mean_removed,6,unith,6,Nielsen,Nov_4_g0,0.965494505494505,0.9621978021978022,0.9335164835164835,0.6478260869565218,,5,20,4,8,0,5,11,6,0,6,1,6H,6S,,0,65,False,True,False,True,0
top_ten,svm,occupancy,mean_removed,6,unith,6,Nielsen,Nov_4_g0,0.965494505494505,0.9621978021978022,0.9335164835164835,0.6478260869565218,,5,20,4,8,0,6,0,1,1,1,0,1S,1H,,0,61,False,True,False,True,0
top_ten,svm,occupancy,mean_removed,6,unith,6,Nielsen,Nov_4_g0,0.965494505494505,0.9621978021978022,0.9335164835164835,0.6478260869565218,,5,20,4,8,0,6,1,1,1,2,0,1S,2H,,0,54,False,True,False,True,0
top_ten,svm,occupancy,mean_removed,6,unith,6,Nielsen,Nov_4_g0,0.965494505494505,0.9621978021978022,0.9335164835164835,0.6478260869565218,,5,20,4,8,0,6,2,1,1,3,0,1S,3H,,0,56,False,True,False,True,0
top_ten,svm,occupancy,mean_removed,6,unith,6,Nielsen,Nov_4_g0,0.965494505494505,0.9621978021978022,0.9335164835164835,0.6478260869565218,,5,20,4,8,0,6,3,1,1,4,0,1S,4H,,0,24,False,True,False,True,0
top_ten,svm,occupancy,mean_removed,6,unith,6,Nielsen,Nov_4_g0,0.965494505494505,0.9621978021978022,0.9335164835164835,0.6478260869565218,,5,20,4,8,0,6,4,1,1,5,0,1S,5H,,0,13,False,True,False,True,0
top_ten,svm,occupancy,mean_removed,6,unith,6,Nielsen,Nov_4_g0,0.965494505494505,0.9621978021978022,0.9335164835164835,0.6478260869565218,,,20,4,8,0,6,5,1,1,6,0,1S,6H,,0,0,False,False,False,False,0
top_ten,svm,occupancy,mean_removed,6,unith,6,Nielsen,Nov_4_g0,0.965494505494505,0.9621978021978022,0.9335164835164835,0.6478260869565218,,,20,4,8,0,6,6,1,1,1,1,1S,1S,,0,0,False,False,False,False,0
top_ten,svm,occupancy,mean_removed,6,unith,6,Nielsen,Nov_4_g0,0.965494505494505,0.9621978021978022,0.9335164835164835,0.6478260869565218,,5,20,4,8,0,6,7,1,1,2,1,1S,2S,,0,11,False,True,False,True,0
top_ten,svm,occupancy,mean_removed,6,unith,6,Nielsen,Nov_4_g0,0.965494505494505,0.9621978021978022,0.9335164835164835,0.6478260869565218,,5,20,4,8,0,6,8,1,1,3,1,1S,3S,,0,19,False,True,False,True,0
top_ten,svm,occupancy,mean_removed,6,unith,6,Nielsen,Nov_4_g0,0.965494505494505,0.9621978021978022,0.9335164835164835,0.6478260869565218,,5,20,4,8,0,6,9,1,1,4,1,1S,4S,,0,33,False,True,False,True,0
top_ten,svm,occupancy,mean_removed,6,unith,6,Nielsen,Nov_4_g0,0.965494505494505,0.9621978021978022,0.9335164835164835,0.6478260869565218,,5,20,4,8,0,6,10,1,1,5,1,1S,5S,,0,77,False,True,False,True,0
top_ten,svm,occupancy,mean_removed,6,unith,6,Nielsen,Nov_4_g0,0.965494505494505,0.9621978021978022,0.9335164835164835,0.6478260869565218,,5,20,4,8,0,6,11,1,1,6,1,1S,6S,,0,65,False,True,False,True,0
top_ten,svm,occupancy,mean_removed,6,unith,6,Nielsen,Nov_4_g0,0.965494505494505,0.9621978021978022,0.9335164835164835,0.6478260869565218,5,5,20,4,8,0,7,0,2,1,1,0,2S,1H,-0.2507968657879952,11,61,True,True,True,True,0
top_ten,svm,occupancy,mean_removed,6,unith,6,Nielsen,Nov_4_g0,0.965494505494505,0.9621978021978022,0.9335164835164835,0.6478260869565218,5,5,20,4,8,0,7,1,2,1,2,0,2S,2H,-0.11128975799495396,11,54,True,True,True,True,0
top_ten,svm,occupancy,mean_removed,6,unith,6,Nielsen,Nov_4_g0,0.965494505494505,0.9621978021978022,0.9335164835164835,0.6478260869565218,5,5,20,4,8,0,7,2,2,1,3,0,2S,3H,-0.1680870144612692,11,56,True,True,True,True,0
top_ten,svm,occupancy,mean_removed,6,unith,6,Nielsen,Nov_4_g0,0.965494505494505,0.9621978021978022,0.9335164835164835,0.6478260869565218,5,5,20,4,8,0,7,3,2,1,4,0,2S,4H,-0.22618686499884172,11,24,True,True,True,True,0
top_ten,svm,occupancy,mean_removed,6,unith,6,Nielsen,Nov_4_g0,0.965494505494505,0.9621978021978022,0.9335164835164835,0.6478260869565218,5,5,20,4,8,0,7,4,2,1,5,0,2S,5H,0.36790039044439765,11,13,True,True,True,True,0
top_ten,svm,occupancy,mean_removed,6,unith,6,Nielsen,Nov_4_g0,0.965494505494505,0.9621978021978022,0.9335164835164835,0.6478260869565218,5,,20,4,8,0,7,5,2,1,6,0,2S,6H,,11,0,True,False,True,False,0
top_ten,svm,occupancy,mean_removed,6,unith,6,Nielsen,Nov_4_g0,0.965494505494505,0.9621978021978022,0.9335164835164835,0.6478260869565218,5,,20,4,8,0,7,6,2,1,1,1,2S,1S,,11,0,True,False,True,False,0
top_ten,svm,occupancy,mean_removed,6,unith,6,Nielsen,Nov_4_g0,0.965494505494505,0.9621978021978022,0.9335164835164835,0.6478260869565218,5,5,20,4,8,0,7,7,2,1,2,1,2S,2S,0.4196288689625181,11,11,True,True,True,True,0
top_ten,svm,occupancy,mean_removed,6,unith,6,Nielsen,Nov_4_g0,0.965494505494505,0.9621978021978022,0.9335164835164835,0.6478260869565218,5,5,20,4,8,0,7,8,2,1,3,1,2S,3S,-0.33239197199485265,11,19,True,True,True,True,0
top_ten,svm,occupancy,mean_removed,6,unith,6,Nielsen,Nov_4_g0,0.965494505494505,0.9621978021978022,0.9335164835164835,0.6478260869565218,5,5,20,4,8,0,7,9,2,1,4,1,2S,4S,0.11763555100856338,11,33,True,True,True,True,0
top_ten,svm,occupancy,mean_removed,6,unith,6,Nielsen,Nov_4_g0,0.965494505494505,0.9621978021978022,0.9335164835164835,0.6478260869565218,5,5,20,4,8,0,7,10,2,1,5,1,2S,5S,-0.030676538547295663,11,77,True,True,True,True,0
top_ten,svm,occupancy,mean_removed,6,unith,6,Nielsen,Nov_4_g0,0.965494505494505,0.9621978021978022,0.9335164835164835,0.6478260869565218,5,5,20,4,8,0,7,11,2,1,6,1,2S,6S,0.23733094781237213,11,65,True,True,True,True,0
top_ten,svm,occupancy,mean_removed,6,unith,6,Nielsen,Nov_4_g0,0.965494505494505,0.9621978021978022,0.9335164835164835,0.6478260869565218,5,5,20,4,8,0,8,0,3,1,1,0,3S,1H,0.30643560534539704,19,61,True,True,True,True,0
top_ten,svm,occupancy,mean_removed,6,unith,6,Nielsen,Nov_4_g0,0.965494505494505,0.9621978021978022,0.9335164835164835,0.6478260869565218,5,5,20,4,8,0,8,1,3,1,2,0,3S,2H,-0.020925963661947603,19,54,True,True,True,True,0
top_ten,svm,occupancy,mean_removed,6,unith,6,Nielsen,Nov_4_g0,0.965494505494505,0.9621978021978022,0.9335164835164835,0.6478260869565218,5,5,20,4,8,0,8,2,3,1,3,0,3S,3H,0.4737133701537162,19,56,True,True,True,True,0
top_ten,svm,occupancy,mean_removed,6,unith,6,Nielsen,Nov_4_g0,0.965494505494505,0.9621978021978022,0.9335164835164835,0.6478260869565218,5,5,20,4,8,0,8,3,3,1,4,0,3S,4H,0.18564332725491495,19,24,True,True,True,True,0
top_ten,svm,occupancy,mean_removed,6,unith,6,Nielsen,Nov_4_g0,0.965494505494505,0.9621978021978022,0.9335164835164835,0.6478260869565218,5,5,20,4,8,0,8,4,3,1,5,0,3S,5H,-0.06127868961399693,19,13,True,True,True,True,0
top_ten,svm,occupancy,mean_removed,6,unith,6,Nielsen,Nov_4_g0,0.965494505494505,0.9621978021978022,0.9335164835164835,0.6478260869565218,5,,20,4,8,0,8,5,3,1,6,0,3S,6H,,19,0,True,False,True,False,0
top_ten,svm,occupancy,mean_removed,6,unith,6,Nielsen,Nov_4_g0,0.965494505494505,0.9621978021978022,0.9335164835164835,0.6478260869565218,5,,20,4,8,0,8,6,3,1,1,1,3S,1S,,19,0,True,False,True,False,0
top_ten,svm,occupancy,mean_removed,6,unith,6,Nielsen,Nov_4_g0,0.965494505494505,0.9621978021978022,0.9335164835164835,0.6478260869565218,5,5,20,4,8,0,8,7,3,1,2,1,3S,2S,-0.33239197199485265,19,11,True,True,True,True,0
top_ten,svm,occupancy,mean_removed,6,unith,6,Nielsen,Nov_4_g0,0.965494505494505,0.9621978021978022,0.9335164835164835,0.6478260869565218,5,5,20,4,8,0,8,8,3,1,3,1,3S,3S,0.4265900885734547,19,19,True,True,True,True,0
top_ten,svm,occupancy,mean_removed,6,unith,6,Nielsen,Nov_4_g0,0.965494505494505,0.9621978021978022,0.9335164835164835,0.6478260869565218,5,5,20,4,8,0,8,9,3,1,4,1,3S,4S,-0.12013915659889374,19,33,True,True,True,True,0
top_ten,svm,occupancy,mean_removed,6,unith,6,Nielsen,Nov_4_g0,0.965494505494505,0.9621978021978022,0.9335164835164835,0.6478260869565218,5,5,20,4,8,0,8,10,3,1,5,1,3S,5S,0.3024270391174682,19,77,True,True,True,True,0
top_ten,svm,occupancy,mean_removed,6,unith,6,Nielsen,Nov_4_g0,0.965494505494505,0.9621978021978022,0.9335164835164835,0.6478260869565218,5,5,20,4,8,0,8,11,3,1,6,1,3S,6S,-0.3128901855066839,19,65,True,True,True,True,0
top_ten,svm,occupancy,mean_removed,6,unith,6,Nielsen,Nov_4_g0,0.965494505494505,0.9621978021978022,0.9335164835164835,0.6478260869565218,5,5,20,4,8,0,9,0,4,1,1,0,4S,1H,-0.2158516771941615,33,61,True,True,True,True,0
top_ten,svm,occupancy,mean_removed,6,unith,6,Nielsen,Nov_4_g0,0.965494505494505,0.9621978021978022,0.9335164835164835,0.6478260869565218,5,5,20,4,8,0,9,1,4,1,2,0,4S,2H,-0.1104085454861321,33,54,True,True,True,True,0
top_ten,svm,occupancy,mean_removed,6,unith,6,Nielsen,Nov_4_g0,0.965494505494505,0.9621978021978022,0.9335164835164835,0.6478260869565218,5,5,20,4,8,0,9,2,4,1,3,0,4S,3H,-0.1613361695805847,33,56,True,True,True,True,0
top_ten,svm,occupancy,mean_removed,6,unith,6,Nielsen,Nov_4_g0,0.965494505494505,0.9621978021978022,0.9335164835164835,0.6478260869565218,5,5,20,4,8,0,9,3,4,1,4,0,4S,4H,-0.07907407102303617,33,24,True,True,True,True,0
top_ten,svm,occupancy,mean_removed,6,unith,6,Nielsen,Nov_4_g0,0.965494505494505,0.9621978021978022,0.9335164835164835,0.6478260869565218,5,5,20,4,8,0,9,4,4,1,5,0,4S,5H,0.21901176706946185,33,13,True,True,True,True,0
top_ten,svm,occupancy,mean_removed,6,unith,6,Nielsen,Nov_4_g0,0.965494505494505,0.9621978021978022,0.9335164835164835,0.6478260869565218,5,,20,4,8,0,9,5,4,1,6,0,4S,6H,,33,0,True,False,True,False,0
top_ten,svm,occupancy,mean_removed,6,unith,6,Nielsen,Nov_4_g0,0.965494505494505,0.9621978021978022,0.9335164835164835,0.6478260869565218,5,,20,4,8,0,9,6,4,1,1,1,4S,1S,,33,0,True,False,True,False,0
top_ten,svm,occupancy,mean_removed,6,unith,6,Nielsen,Nov_4_g0,0.965494505494505,0.9621978021978022,0.9335164835164835,0.6478260869565218,5,5,20,4,8,0,9,7,4,1,2,1,4S,2S,0.11763555100856338,33,11,True,True,True,True,0
top_ten,svm,occupancy,mean_removed,6,unith,6,Nielsen,Nov_4_g0,0.965494505494505,0.9621978021978022,0.9335164835164835,0.6478260869565218,5,5,20,4,8,0,9,8,4,1,3,1,4S,3S,-0.12013915659889374,33,19,True,True,True,True,0
top_ten,svm,occupancy,mean_removed,6,unith,6,Nielsen,Nov_4_g0,0.965494505494505,0.9621978021978022,0.9335164835164835,0.6478260869565218,5,5,20,4,8,0,9,9,4,1,4,1,4S,4S,-0.06870499624758133,33,33,True,True,True,True,0
top_ten,svm,occupancy,mean_removed,6,unith,6,Nielsen,Nov_4_g0,0.965494505494505,0.9621978021978022,0.9335164835164835,0.6478260869565218,5,5,20,4,8,0,9,10,4,1,5,1,4S,5S,-0.001181173611248114,33,77,True,True,True,True,0
top_ten,svm,occupancy,mean_removed,6,unith,6,Nielsen,Nov_4_g0,0.965494505494505,0.9621978021978022,0.9335164835164835,0.6478260869565218,5,5,20,4,8,0,9,11,4,1,6,1,4S,6S,0.08803710047489592,33,65,True,True,True,True,0
top_ten,svm,occupancy,mean_removed,6,unith,6,Nielsen,Nov_4_g0,0.965494505494505,0.9621978021978022,0.9335164835164835,0.6478260869565218,5,5,20,4,8,0,10,0,5,1,1,0,5S,1H,0.03930225448301831,77,61,True,True,True,True,0
top_ten,svm,occupancy,mean_removed,6,unith,6,Nielsen,Nov_4_g0,0.965494505494505,0.9621978021978022,0.9335164835164835,0.6478260869565218,5,5,20,4,8,0,10,1,5,1,2,0,5S,2H,-0.18653075673298636,77,54,True,True,True,True,0
top_ten,svm,occupancy,mean_removed,6,unith,6,Nielsen,Nov_4_g0,0.965494505494505,0.9621978021978022,0.9335164835164835,0.6478260869565218,5,5,20,4,8,0,10,2,5,1,3,0,5S,3H,0.051768176946428504,77,56,True,True,True,True,0
top_ten,svm,occupancy,mean_removed,6,unith,6,Nielsen,Nov_4_g0,0.965494505494505,0.9621978021978022,0.9335164835164835,0.6478260869565218,5,5,20,4,8,0,10,3,5,1,4,0,5S,4H,0.0612364231311021,77,24,True,True,True,True,0
top_ten,svm,occupancy,mean_removed,6,unith,6,Nielsen,Nov_4_g0,0.965494505494505,0.9621978021978022,0.9335164835164835,0.6478260869565218,5,5,20,4,8,0,10,4,5,1,5,0,5S,5H,0.1005824302378054,77,13,True,True,True,True,0
top_ten,svm,occupancy,mean_removed,6,unith,6,Nielsen,Nov_4_g0,0.965494505494505,0.9621978021978022,0.9335164835164835,0.6478260869565218,5,,20,4,8,0,10,5,5,1,6,0,5S,6H,,77,0,True,False,True,False,0
top_ten,svm,occupancy,mean_removed,6,unith,6,Nielsen,Nov_4_g0,0.965494505494505,0.9621978021978022,0.9335164835164835,0.6478260869565218,5,,20,4,8,0,10,6,5,1,1,1,5S,1S,,77,0,True,False,True,False,0
top_ten,svm,occupancy,mean_removed,6,unith,6,Nielsen,Nov_4_g0,0.965494505494505,0.9621978021978022,0.9335164835164835,0.6478260869565218,5,5,20,4,8,0,10,7,5,1,2,1,5S,2S,-0.030676538547295663,77,11,True,True,True,True,0
top_ten,svm,occupancy,mean_removed,6,unith,6,Nielsen,Nov_4_g0,0.965494505494505,0.9621978021978022,0.9335164835164835,0.6478260869565218,5,5,20,4,8,0,10,8,5,1,3,1,5S,3S,0.3024270391174682,77,19,True,True,True,True,0
top_ten,svm,occupancy,mean_removed,6,unith,6,Nielsen,Nov_4_g0,0.965494505494505,0.9621978021978022,0.9335164835164835,0.6478260869565218,5,5,20,4,8,0,10,9,5,1,4,1,5S,4S,-0.001181173611248114,77,33,True,True,True,True,0
top_ten,svm,occupancy,mean_removed,6,unith,6,Nielsen,Nov_4_g0,0.965494505494505,0.9621978021978022,0.9335164835164835,0.6478260869565218,5,5,20,4,8,0,10,10,5,1,5,1,5S,5S,-0.03463746357252477,77,77,True,True,True,True,0
top_ten,svm,occupancy,mean_removed,6,unith,6,Nielsen,Nov_4_g0,0.965494505494505,0.9621978021978022,0.9335164835164835,0.6478260869565218,5,5,20,4,8,0,10,11,5,1,6,1,5S,6S,-0.08281237966107466,77,65,True,True,True,True,0
top_ten,svm,occupancy,mean_removed,6,unith,6,Nielsen,Nov_4_g0,0.965494505494505,0.9621978021978022,0.9335164835164835,0.6478260869565218,5,5,20,4,8,0,11,0,6,1,1,0,6S,1H,-0.1423143395232877,65,61,True,True,True,True,0
top_ten,svm,occupancy,mean_removed,6,unith,6,Nielsen,Nov_4_g0,0.965494505494505,0.9621978021978022,0.9335164835164835,0.6478260869565218,5,5,20,4,8,0,11,1,6,1,2,0,6S,2H,-0.1336342491850314,65,54,True,True,True,True,0
top_ten,svm,occupancy,mean_removed,6,unith,6,Nielsen,Nov_4_g0,0.965494505494505,0.9621978021978022,0.9335164835164835,0.6478260869565218,5,5,20,4,8,0,11,2,6,1,3,0,6S,3H,-0.40312942058330103,65,56,True,True,True,True,0
top_ten,svm,occupancy,mean_removed,6,unith,6,Nielsen,Nov_4_g0,0.965494505494505,0.9621978021978022,0.9335164835164835,0.6478260869565218,5,5,20,4,8,0,11,3,6,1,4,0,6S,4H,-0.21628100385839746,65,24,True,True,True,True,0
top_ten,svm,occupancy,mean_removed,6,unith,6,Nielsen,Nov_4_g0,0.965494505494505,0.9621978021978022,0.9335164835164835,0.6478260869565218,5,5,20,4,8,0,11,4,6,1,5,0,6S,5H,0.18959542040064306,65,13,True,True,True,True,0
top_ten,svm,occupancy,mean_removed,6,unith,6,Nielsen,Nov_4_g0,0.965494505494505,0.9621978021978022,0.9335164835164835,0.6478260869565218,5,,20,4,8,0,11,5,6,1,6,0,6S,6H,,65,0,True,False,True,False,0
top_ten,svm,occupancy,mean_removed,6,unith,6,Nielsen,Nov_4_g0,0.965494505494505,0.9621978021978022,0.9335164835164835,0.6478260869565218,5,,20,4,8,0,11,6,6,1,1,1,6S,1S,,65,0,True,False,True,False,0
top_ten,svm,occupancy,mean_removed,6,unith,6,Nielsen,Nov_4_g0,0.965494505494505,0.9621978021978022,0.9335164835164835,0.6478260869565218,5,5,20,4,8,0,11,7,6,1,2,1,6S,2S,0.23733094781237213,65,11,True,True,True,True,0
top_ten,svm,occupancy,mean_removed,6,unith,6,Nielsen,Nov_4_g0,0.965494505494505,0.9621978021978022,0.9335164835164835,0.6478260869565218,5,5,20,4,8,0,11,8,6,1,3,1,6S,3S,-0.3128901855066839,65,19,True,True,True,True,0
top_ten,svm,occupancy,mean_removed,6,unith,6,Nielsen,Nov_4_g0,0.965494505494505,0.9621978021978022,0.9335164835164835,0.6478260869565218,5,5,20,4,8,0,11,9,6,1,4,1,6S,4S,0.08803710047489592,65,33,True,True,True,True,0
top_ten,svm,occupancy,mean_removed,6,unith,6,Nielsen,Nov_4_g0,0.965494505494505,0.9621978021978022,0.9335164835164835,0.6478260869565218,5,5,20,4,8,0,11,10,6,1,5,1,6S,5S,-0.08281237966107466,65,77,True,True,True,True,0
top_ten,svm,occupancy,mean_removed,6,unith,6,Nielsen,Nov_4_g0,0.965494505494505,0.9621978021978022,0.9335164835164835,0.6478260869565218,5,5,20,4,8,0,11,11,6,1,6,1,6S,6S,0.29520825588956445,65,65,True,True,True,True,0
top_ten,svm,occupancy,mean_removed,6,unith,6,Nielsen,Nov_6_g0,1.0,1.0,0.9814814814814814,0.9037433155080213,8,8,20,4,8,0,0,0,1,0,1,0,1H,1H,0.3811068181155481,52,52,True,True,True,True,0
top_ten,svm,occupancy,mean_removed,6,unith,6,Nielsen,Nov_6_g0,1.0,1.0,0.9814814814814814,0.9037433155080213,8,8,20,4,8,0,0,1,1,0,2,0,1H,2H,0.361173350225236,52,51,True,True,True,True,0
top_ten,svm,occupancy,mean_removed,6,unith,6,Nielsen,Nov_6_g0,1.0,1.0,0.9814814814814814,0.9037433155080213,8,8,20,4,8,0,0,2,1,0,3,0,1H,3H,0.5120411088373633,52,66,True,True,True,True,0
top_ten,svm,occupancy,mean_removed,6,unith,6,Nielsen,Nov_6_g0,1.0,1.0,0.9814814814814814,0.9037433155080213,8,8,20,4,8,0,0,3,1,0,4,0,1H,4H,0.33348245968177725,52,16,True,True,True,True,0
top_ten,svm,occupancy,mean_removed,6,unith,6,Nielsen,Nov_6_g0,1.0,1.0,0.9814814814814814,0.9037433155080213,8,,20,4,8,0,0,4,1,0,5,0,1H,5H,,52,0,True,False,True,False,0
top_ten,svm,occupancy,mean_removed,6,unith,6,Nielsen,Nov_6_g0,1.0,1.0,0.9814814814814814,0.9037433155080213,8,,20,4,8,0,0,5,1,0,6,0,1H,6H,,52,0,True,False,True,False,0
top_ten,svm,occupancy,mean_removed,6,unith,6,Nielsen,Nov_6_g0,1.0,1.0,0.9814814814814814,0.9037433155080213,8,,20,4,8,0,0,6,1,0,1,1,1H,1S,,52,0,True,False,True,False,0
top_ten,svm,occupancy,mean_removed,6,unith,6,Nielsen,Nov_6_g0,1.0,1.0,0.9814814814814814,0.9037433155080213,8,2,20,4,8,0,0,7,1,0,2,1,1H,2S,-0.07645139585110407,52,5,True,True,True,False,0
top_ten,svm,occupancy,mean_removed,6,unith,6,Nielsen,Nov_6_g0,1.0,1.0,0.9814814814814814,0.9037433155080213,8,,20,4,8,0,0,8,1,0,3,1,1H,3S,,52,0,True,False,True,False,0
top_ten,svm,occupancy,mean_removed,6,unith,6,Nielsen,Nov_6_g0,1.0,1.0,0.9814814814814814,0.9037433155080213,8,8,20,4,8,0,0,9,1,0,4,1,1H,4S,0.4874142491901131,52,36,True,True,True,True,0
top_ten,svm,occupancy,mean_removed,6,unith,6,Nielsen,Nov_6_g0,1.0,1.0,0.9814814814814814,0.9037433155080213,8,8,20,4,8,0,0,10,1,0,5,1,1H,5S,0.2638691812551144,52,62,True,True,True,True,0
top_ten,svm,occupancy,mean_removed,6,unith,6,Nielsen,Nov_6_g0,1.0,1.0,0.9814814814814814,0.9037433155080213,8,8,20,4,8,0,0,11,1,0,6,1,1H,6S,-0.21263306007784832,52,79,True,True,True,True,0
top_ten,svm,occupancy,mean_removed,6,unith,6,Nielsen,Nov_6_g0,1.0,1.0,0.9814814814814814,0.9037433155080213,8,8,20,4,8,0,1,0,2,0,1,0,2H,1H,0.361173350225236,51,52,True,True,True,True,0
top_ten,svm,occupancy,mean_removed,6,unith,6,Nielsen,Nov_6_g0,1.0,1.0,0.9814814814814814,0.9037433155080213,8,8,20,4,8,0,1,1,2,0,2,0,2H,2H,0.12657717595510284,51,51,True,True,True,True,0
top_ten,svm,occupancy,mean_removed,6,unith,6,Nielsen,Nov_6_g0,1.0,1.0,0.9814814814814814,0.9037433155080213,8,8,20,4,8,0,1,2,2,0,3,0,2H,3H,0.160832214746654,51,66,True,True,True,True,0
top_ten,svm,occupancy,mean_removed,6,unith,6,Nielsen,Nov_6_g0,1.0,1.0,0.9814814814814814,0.9037433155080213,8,8,20,4,8,0,1,3,2,0,4,0,2H,4H,0.16331603416988438,51,16,True,True,True,True,0
top_ten,svm,occupancy,mean_removed,6,unith,6,Nielsen,Nov_6_g0,1.0,1.0,0.9814814814814814,0.9037433155080213,8,,20,4,8,0,1,4,2,0,5,0,2H,5H,,51,0,True,False,True,False,0
top_ten,svm,occupancy,mean_removed,6,unith,6,Nielsen,Nov_6_g0,1.0,1.0,0.9814814814814814,0.9037433155080213,8,,20,4,8,0,1,5,2,0,6,0,2H,6H,,51,0,True,False,True,False,0
top_ten,svm,occupancy,mean_removed,6,unith,6,Nielsen,Nov_6_g0,1.0,1.0,0.9814814814814814,0.9037433155080213,8,,20,4,8,0,1,6,2,0,1,1,2H,1S,,51,0,True,False,True,False,0
top_ten,svm,occupancy,mean_removed,6,unith,6,Nielsen,Nov_6_g0,1.0,1.0,0.9814814814814814,0.9037433155080213,8,2,20,4,8,0,1,7,2,0,2,1,2H,2S,0.19955220125238615,51,5,True,True,True,False,0
top_ten,svm,occupancy,mean_removed,6,unith,6,Nielsen,Nov_6_g0,1.0,1.0,0.9814814814814814,0.9037433155080213,8,,20,4,8,0,1,8,2,0,3,1,2H,3S,,51,0,True,False,True,False,0
top_ten,svm,occupancy,mean_removed,6,unith,6,Nielsen,Nov_6_g0,1.0,1.0,0.9814814814814814,0.9037433155080213,8,8,20,4,8,0,1,9,2,0,4,1,2H,4S,0.25669183868910467,51,36,True,True,True,True,0
top_ten,svm,occupancy,mean_removed,6,unith,6,Nielsen,Nov_6_g0,1.0,1.0,0.9814814814814814,0.9037433155080213,8,8,20,4,8,0,1,10,2,0,5,1,2H,5S,0.03287407767223708,51,62,True,True,True,True,0
top_ten,svm,occupancy,mean_removed,6,unith,6,Nielsen,Nov_6_g0,1.0,1.0,0.9814814814814814,0.9037433155080213,8,8,20,4,8,0,1,11,2,0,6,1,2H,6S,-0.07565684996964951,51,79,True,True,True,True,0
top_ten,svm,occupancy,mean_removed,6,unith,6,Nielsen,Nov_6_g0,1.0,1.0,0.9814814814814814,0.9037433155080213,8,8,20,4,8,0,2,0,3,0,1,0,3H,1H,0.5120411088373633,66,52,True,True,True,True,0
top_ten,svm,occupancy,mean_removed,6,unith,6,Nielsen,Nov_6_g0,1.0,1.0,0.9814814814814814,0.9037433155080213,8,8,20,4,8,0,2,1,3,0,2,0,3H,2H,0.160832214746654,66,51,True,True,True,True,0
top_ten,svm,occupancy,mean_removed,6,unith,6,Nielsen,Nov_6_g0,1.0,1.0,0.9814814814814814,0.9037433155080213,8,8,20,4,8,0,2,2,3,0,3,0,3H,3H,0.26882324511264494,66,66,True,True,True,True,0
top_ten,svm,occupancy,mean_removed,6,unith,6,Nielsen,Nov_6_g0,1.0,1.0,0.9814814814814814,0.9037433155080213,8,8,20,4,8,0,2,3,3,0,4,0,3H,4H,0.3939960418998735,66,16,True,True,True,True,0
top_ten,svm,occupancy,mean_removed,6,unith,6,Nielsen,Nov_6_g0,1.0,1.0,0.9814814814814814,0.9037433155080213,8,,20,4,8,0,2,4,3,0,5,0,3H,5H,,66,0,True,False,True,False,0
top_ten,svm,occupancy,mean_removed,6,unith,6,Nielsen,Nov_6_g0,1.0,1.0,0.9814814814814814,0.9037433155080213,8,,20,4,8,0,2,5,3,0,6,0,3H,6H,,66,0,True,False,True,False,0
top_ten,svm,occupancy,mean_removed,6,unith,6,Nielsen,Nov_6_g0,1.0,1.0,0.9814814814814814,0.9037433155080213,8,,20,4,8,0,2,6,3,0,1,1,3H,1S,,66,0,True,False,True,False,0
top_ten,svm,occupancy,mean_removed,6,unith,6,Nielsen,Nov_6_g0,1.0,1.0,0.9814814814814814,0.9037433155080213,8,2,20,4,8,0,2,7,3,0,2,1,3H,2S,-0.09556538570813422,66,5,True,True,True,False,0
top_ten,svm,occupancy,mean_removed,6,unith,6,Nielsen,Nov_6_g0,1.0,1.0,0.9814814814814814,0.9037433155080213,8,,20,4,8,0,2,8,3,0,3,1,3H,3S,,66,0,True,False,True,False,0
top_ten,svm,occupancy,mean_removed,6,unith,6,Nielsen,Nov_6_g0,1.0,1.0,0.9814814814814814,0.9037433155080213,8,8,20,4,8,0,2,9,3,0,4,1,3H,4S,0.33831759180612087,66,36,True,True,True,True,0
top_ten,svm,occupancy,mean_removed,6,unith,6,Nielsen,Nov_6_g0,1.0,1.0,0.9814814814814814,0.9037433155080213,8,8,20,4,8,0,2,10,3,0,5,1,3H,5S,0.3696285629657523,66,62,True,True,True,True,0
top_ten,svm,occupancy,mean_removed,6,unith,6,Nielsen,Nov_6_g0,1.0,1.0,0.9814814814814814,0.9037433155080213,8,8,20,4,8,0,2,11,3,0,6,1,3H,6S,-0.12390756850058626,66,79,True,True,True,True,0
top_ten,svm,occupancy,mean_removed,6,unith,6,Nielsen,Nov_6_g0,1.0,1.0,0.9814814814814814,0.9037433155080213,8,8,20,4,8,0,3,0,4,0,1,0,4H,1H,0.33348245968177725,16,52,True,True,True,True,0
top_ten,svm,occupancy,mean_removed,6,unith,6,Nielsen,Nov_6_g0,1.0,1.0,0.9814814814814814,0.9037433155080213,8,8,20,4,8,0,3,1,4,0,2,0,4H,2H,0.16331603416988438,16,51,True,True,True,True,0
top_ten,svm,occupancy,mean_removed,6,unith,6,Nielsen,Nov_6_g0,1.0,1.0,0.9814814814814814,0.9037433155080213,8,8,20,4,8,0,3,2,4,0,3,0,4H,3H,0.3939960418998735,16,66,True,True,True,True,0
top_ten,svm,occupancy,mean_removed,6,unith,6,Nielsen,Nov_6_g0,1.0,1.0,0.9814814814814814,0.9037433155080213,8,8,20,4,8,0,3,3,4,0,4,0,4H,4H,-0.044437603714999635,16,16,True,True,True,True,0
top_ten,svm,occupancy,mean_removed,6,unith,6,Nielsen,Nov_6_g0,1.0,1.0,0.9814814814814814,0.9037433155080213,8,,20,4,8,0,3,4,4,0,5,0,4H,5H,,16,0,True,False,True,False,0
top_ten,svm,occupancy,mean_removed,6,unith,6,Nielsen,Nov_6_g0,1.0,1.0,0.9814814814814814,0.9037433155080213,8,,20,4,8,0,3,5,4,0,6,0,4H,6H,,16,0,True,False,True,False,0
top_ten,svm,occupancy,mean_removed,6,unith,6,Nielsen,Nov_6_g0,1.0,1.0,0.9814814814814814,0.9037433155080213,8,,20,4,8,0,3,6,4,0,1,1,4H,1S,,16,0,True,False,True,False,0
top_ten,svm,occupancy,mean_removed,6,unith,6,Nielsen,Nov_6_g0,1.0,1.0,0.9814814814814814,0.9037433155080213,8,2,20,4,8,0,3,7,4,0,2,1,4H,2S,-0.12323267185973481,16,5,True,True,True,False,0
top_ten,svm,occupancy,mean_removed,6,unith,6,Nielsen,Nov_6_g0,1.0,1.0,0.9814814814814814,0.9037433155080213,8,,20,4,8,0,3,8,4,0,3,1,4H,3S,,16,0,True,False,True,False,0
top_ten,svm,occupancy,mean_removed,6,unith,6,Nielsen,Nov_6_g0,1.0,1.0,0.9814814814814814,0.9037433155080213,8,8,20,4,8,0,3,9,4,0,4,1,4H,4S,0.4203473823548567,16,36,True,True,True,True,0
top_ten,svm,occupancy,mean_removed,6,unith,6,Nielsen,Nov_6_g0,1.0,1.0,0.9814814814814814,0.9037433155080213,8,8,20,4,8,0,3,10,4,0,5,1,4H,5S,0.11938677676436427,16,62,True,True,True,True,0
top_ten,svm,occupancy,mean_removed,6,unith,6,Nielsen,Nov_6_g0,1.0,1.0,0.9814814814814814,0.9037433155080213,8,8,20,4,8,0,3,11,4,0,6,1,4H,6S,-0.21735493142849432,16,79,True,True,True,True,0
top_ten,svm,occupancy,mean_removed,6,unith,6,Nielsen,Nov_6_g0,1.0,1.0,0.9814814814814814,0.9037433155080213,,8,20,4,8,0,4,0,5,0,1,0,5H,1H,,0,52,False,True,False,True,0
top_ten,svm,occupancy,mean_removed,6,unith,6,Nielsen,Nov_6_g0,1.0,1.0,0.9814814814814814,0.9037433155080213,,8,20,4,8,0,4,1,5,0,2,0,5H,2H,,0,51,False,True,False,True,0
top_ten,svm,occupancy,mean_removed,6,unith,6,Nielsen,Nov_6_g0,1.0,1.0,0.9814814814814814,0.9037433155080213,,8,20,4,8,0,4,2,5,0,3,0,5H,3H,,0,66,False,True,False,True,0
top_ten,svm,occupancy,mean_removed,6,unith,6,Nielsen,Nov_6_g0,1.0,1.0,0.9814814814814814,0.9037433155080213,,8,20,4,8,0,4,3,5,0,4,0,5H,4H,,0,16,False,True,False,True,0
top_ten,svm,occupancy,mean_removed,6,unith,6,Nielsen,Nov_6_g0,1.0,1.0,0.9814814814814814,0.9037433155080213,,,20,4,8,0,4,4,5,0,5,0,5H,5H,,0,0,False,False,False,False,0
top_ten,svm,occupancy,mean_removed,6,unith,6,Nielsen,Nov_6_g0,1.0,1.0,0.9814814814814814,0.9037433155080213,,,20,4,8,0,4,5,5,0,6,0,5H,6H,,0,0,False,False,False,False,0
top_ten,svm,occupancy,mean_removed,6,unith,6,Nielsen,Nov_6_g0,1.0,1.0,0.9814814814814814,0.9037433155080213,,,20,4,8,0,4,6,5,0,1,1,5H,1S,,0,0,False,False,False,False,0
top_ten,svm,occupancy,mean_removed,6,unith,6,Nielsen,Nov_6_g0,1.0,1.0,0.9814814814814814,0.9037433155080213,,2,20,4,8,0,4,7,5,0,2,1,5H,2S,,0,5,False,True,False,False,0
top_ten,svm,occupancy,mean_removed,6,unith,6,Nielsen,Nov_6_g0,1.0,1.0,0.9814814814814814,0.9037433155080213,,,20,4,8,0,4,8,5,0,3,1,5H,3S,,0,0,False,False,False,False,0
top_ten,svm,occupancy,mean_removed,6,unith,6,Nielsen,Nov_6_g0,1.0,1.0,0.9814814814814814,0.9037433155080213,,8,20,4,8,0,4,9,5,0,4,1,5H,4S,,0,36,False,True,False,True,0
top_ten,svm,occupancy,mean_removed,6,unith,6,Nielsen,Nov_6_g0,1.0,1.0,0.9814814814814814,0.9037433155080213,,8,20,4,8,0,4,10,5,0,5,1,5H,5S,,0,62,False,True,False,True,0
top_ten,svm,occupancy,mean_removed,6,unith,6,Nielsen,Nov_6_g0,1.0,1.0,0.9814814814814814,0.9037433155080213,,8,20,4,8,0,4,11,5,0,6,1,5H,6S,,0,79,False,True,False,True,0
top_ten,svm,occupancy,mean_removed,6,unith,6,Nielsen,Nov_6_g0,1.0,1.0,0.9814814814814814,0.9037433155080213,,8,20,4,8,0,5,0,6,0,1,0,6H,1H,,0,52,False,True,False,True,0
top_ten,svm,occupancy,mean_removed,6,unith,6,Nielsen,Nov_6_g0,1.0,1.0,0.9814814814814814,0.9037433155080213,,8,20,4,8,0,5,1,6,0,2,0,6H,2H,,0,51,False,True,False,True,0
top_ten,svm,occupancy,mean_removed,6,unith,6,Nielsen,Nov_6_g0,1.0,1.0,0.9814814814814814,0.9037433155080213,,8,20,4,8,0,5,2,6,0,3,0,6H,3H,,0,66,False,True,False,True,0
top_ten,svm,occupancy,mean_removed,6,unith,6,Nielsen,Nov_6_g0,1.0,1.0,0.9814814814814814,0.9037433155080213,,8,20,4,8,0,5,3,6,0,4,0,6H,4H,,0,16,False,True,False,True,0
top_ten,svm,occupancy,mean_removed,6,unith,6,Nielsen,Nov_6_g0,1.0,1.0,0.9814814814814814,0.9037433155080213,,,20,4,8,0,5,4,6,0,5,0,6H,5H,,0,0,False,False,False,False,0
top_ten,svm,occupancy,mean_removed,6,unith,6,Nielsen,Nov_6_g0,1.0,1.0,0.9814814814814814,0.9037433155080213,,,20,4,8,0,5,5,6,0,6,0,6H,6H,,0,0,False,False,False,False,0
top_ten,svm,occupancy,mean_removed,6,unith,6,Nielsen,Nov_6_g0,1.0,1.0,0.9814814814814814,0.9037433155080213,,,20,4,8,0,5,6,6,0,1,1,6H,1S,,0,0,False,False,False,False,0
top_ten,svm,occupancy,mean_removed,6,unith,6,Nielsen,Nov_6_g0,1.0,1.0,0.9814814814814814,0.9037433155080213,,2,20,4,8,0,5,7,6,0,2,1,6H,2S,,0,5,False,True,False,False,0
top_ten,svm,occupancy,mean_removed,6,unith,6,Nielsen,Nov_6_g0,1.0,1.0,0.9814814814814814,0.9037433155080213,,,20,4,8,0,5,8,6,0,3,1,6H,3S,,0,0,False,False,False,False,0
top_ten,svm,occupancy,mean_removed,6,unith,6,Nielsen,Nov_6_g0,1.0,1.0,0.9814814814814814,0.9037433155080213,,8,20,4,8,0,5,9,6,0,4,1,6H,4S,,0,36,False,True,False,True,0
top_ten,svm,occupancy,mean_removed,6,unith,6,Nielsen,Nov_6_g0,1.0,1.0,0.9814814814814814,0.9037433155080213,,8,20,4,8,0,5,10,6,0,5,1,6H,5S,,0,62,False,True,False,True,0
top_ten,svm,occupancy,mean_removed,6,unith,6,Nielsen,Nov_6_g0,1.0,1.0,0.9814814814814814,0.9037433155080213,,8,20,4,8,0,5,11,6,0,6,1,6H,6S,,0,79,False,True,False,True,0
top_ten,svm,occupancy,mean_removed,6,unith,6,Nielsen,Nov_6_g0,1.0,1.0,0.9814814814814814,0.9037433155080213,,8,20,4,8,0,6,0,1,1,1,0,1S,1H,,0,52,False,True,False,True,0
top_ten,svm,occupancy,mean_removed,6,unith,6,Nielsen,Nov_6_g0,1.0,1.0,0.9814814814814814,0.9037433155080213,,8,20,4,8,0,6,1,1,1,2,0,1S,2H,,0,51,False,True,False,True,0
top_ten,svm,occupancy,mean_removed,6,unith,6,Nielsen,Nov_6_g0,1.0,1.0,0.9814814814814814,0.9037433155080213,,8,20,4,8,0,6,2,1,1,3,0,1S,3H,,0,66,False,True,False,True,0
top_ten,svm,occupancy,mean_removed,6,unith,6,Nielsen,Nov_6_g0,1.0,1.0,0.9814814814814814,0.9037433155080213,,8,20,4,8,0,6,3,1,1,4,0,1S,4H,,0,16,False,True,False,True,0
top_ten,svm,occupancy,mean_removed,6,unith,6,Nielsen,Nov_6_g0,1.0,1.0,0.9814814814814814,0.9037433155080213,,,20,4,8,0,6,4,1,1,5,0,1S,5H,,0,0,False,False,False,False,0
top_ten,svm,occupancy,mean_removed,6,unith,6,Nielsen,Nov_6_g0,1.0,1.0,0.9814814814814814,0.9037433155080213,,,20,4,8,0,6,5,1,1,6,0,1S,6H,,0,0,False,False,False,False,0
top_ten,svm,occupancy,mean_removed,6,unith,6,Nielsen,Nov_6_g0,1.0,1.0,0.9814814814814814,0.9037433155080213,,,20,4,8,0,6,6,1,1,1,1,1S,1S,,0,0,False,False,False,False,0
top_ten,svm,occupancy,mean_removed,6,unith,6,Nielsen,Nov_6_g0,1.0,1.0,0.9814814814814814,0.9037433155080213,,2,20,4,8,0,6,7,1,1,2,1,1S,2S,,0,5,False,True,False,False,0
top_ten,svm,occupancy,mean_removed,6,unith,6,Nielsen,Nov_6_g0,1.0,1.0,0.9814814814814814,0.9037433155080213,,,20,4,8,0,6,8,1,1,3,1,1S,3S,,0,0,False,False,False,False,0
top_ten,svm,occupancy,mean_removed,6,unith,6,Nielsen,Nov_6_g0,1.0,1.0,0.9814814814814814,0.9037433155080213,,8,20,4,8,0,6,9,1,1,4,1,1S,4S,,0,36,False,True,False,True,0
top_ten,svm,occupancy,mean_removed,6,unith,6,Nielsen,Nov_6_g0,1.0,1.0,0.9814814814814814,0.9037433155080213,,8,20,4,8,0,6,10,1,1,5,1,1S,5S,,0,62,False,True,False,True,0
top_ten,svm,occupancy,mean_removed,6,unith,6,Nielsen,Nov_6_g0,1.0,1.0,0.9814814814814814,0.9037433155080213,,8,20,4,8,0,6,11,1,1,6,1,1S,6S,,0,79,False,True,False,True,0
top_ten,svm,occupancy,mean_removed,6,unith,6,Nielsen,Nov_6_g0,1.0,1.0,0.9814814814814814,0.9037433155080213,2,8,20,4,8,0,7,0,2,1,1,0,2S,1H,-0.07645139585110407,5,52,True,True,False,True,0
top_ten,svm,occupancy,mean_removed,6,unith,6,Nielsen,Nov_6_g0,1.0,1.0,0.9814814814814814,0.9037433155080213,2,8,20,4,8,0,7,1,2,1,2,0,2S,2H,0.19955220125238615,5,51,True,True,False,True,0
top_ten,svm,occupancy,mean_removed,6,unith,6,Nielsen,Nov_6_g0,1.0,1.0,0.9814814814814814,0.9037433155080213,2,8,20,4,8,0,7,2,2,1,3,0,2S,3H,-0.09556538570813422,5,66,True,True,False,True,0
top_ten,svm,occupancy,mean_removed,6,unith,6,Nielsen,Nov_6_g0,1.0,1.0,0.9814814814814814,0.9037433155080213,2,8,20,4,8,0,7,3,2,1,4,0,2S,4H,-0.12323267185973481,5,16,True,True,False,True,0
top_ten,svm,occupancy,mean_removed,6,unith,6,Nielsen,Nov_6_g0,1.0,1.0,0.9814814814814814,0.9037433155080213,2,,20,4,8,0,7,4,2,1,5,0,2S,5H,,5,0,True,False,False,False,0
top_ten,svm,occupancy,mean_removed,6,unith,6,Nielsen,Nov_6_g0,1.0,1.0,0.9814814814814814,0.9037433155080213,2,,20,4,8,0,7,5,2,1,6,0,2S,6H,,5,0,True,False,False,False,0
top_ten,svm,occupancy,mean_removed,6,unith,6,Nielsen,Nov_6_g0,1.0,1.0,0.9814814814814814,0.9037433155080213,2,,20,4,8,0,7,6,2,1,1,1,2S,1S,,5,0,True,False,False,False,0
top_ten,svm,occupancy,mean_removed,6,unith,6,Nielsen,Nov_6_g0,1.0,1.0,0.9814814814814814,0.9037433155080213,2,2,20,4,8,0,7,7,2,1,2,1,2S,2S,0.02025653431972628,5,5,True,True,False,False,0
top_ten,svm,occupancy,mean_removed,6,unith,6,Nielsen,Nov_6_g0,1.0,1.0,0.9814814814814814,0.9037433155080213,2,,20,4,8,0,7,8,2,1,3,1,2S,3S,,5,0,True,False,False,False,0
top_ten,svm,occupancy,mean_removed,6,unith,6,Nielsen,Nov_6_g0,1.0,1.0,0.9814814814814814,0.9037433155080213,2,8,20,4,8,0,7,9,2,1,4,1,2S,4S,-0.08003688095153735,5,36,True,True,False,True,0
top_ten,svm,occupancy,mean_removed,6,unith,6,Nielsen,Nov_6_g0,1.0,1.0,0.9814814814814814,0.9037433155080213,2,8,20,4,8,0,7,10,2,1,5,1,2S,5S,-0.2633289576056058,5,62,True,True,False,True,0
top_ten,svm,occupancy,mean_removed,6,unith,6,Nielsen,Nov_6_g0,1.0,1.0,0.9814814814814814,0.9037433155080213,2,8,20,4,8,0,7,11,2,1,6,1,2S,6S,0.1589882091329519,5,79,True,True,False,True,0
top_ten,svm,occupancy,mean_removed,6,unith,6,Nielsen,Nov_6_g0,1.0,1.0,0.9814814814814814,0.9037433155080213,,8,20,4,8,0,8,0,3,1,1,0,3S,1H,,0,52,False,True,False,True,0
top_ten,svm,occupancy,mean_removed,6,unith,6,Nielsen,Nov_6_g0,1.0,1.0,0.9814814814814814,0.9037433155080213,,8,20,4,8,0,8,1,3,1,2,0,3S,2H,,0,51,False,True,False,True,0
top_ten,svm,occupancy,mean_removed,6,unith,6,Nielsen,Nov_6_g0,1.0,1.0,0.9814814814814814,0.9037433155080213,,8,20,4,8,0,8,2,3,1,3,0,3S,3H,,0,66,False,True,False,True,0
top_ten,svm,occupancy,mean_removed,6,unith,6,Nielsen,Nov_6_g0,1.0,1.0,0.9814814814814814,0.9037433155080213,,8,20,4,8,0,8,3,3,1,4,0,3S,4H,,0,16,False,True,False,True,0
top_ten,svm,occupancy,mean_removed,6,unith,6,Nielsen,Nov_6_g0,1.0,1.0,0.9814814814814814,0.9037433155080213,,,20,4,8,0,8,4,3,1,5,0,3S,5H,,0,0,False,False,False,False,0
top_ten,svm,occupancy,mean_removed,6,unith,6,Nielsen,Nov_6_g0,1.0,1.0,0.9814814814814814,0.9037433155080213,,,20,4,8,0,8,5,3,1,6,0,3S,6H,,0,0,False,False,False,False,0
top_ten,svm,occupancy,mean_removed,6,unith,6,Nielsen,Nov_6_g0,1.0,1.0,0.9814814814814814,0.9037433155080213,,,20,4,8,0,8,6,3,1,1,1,3S,1S,,0,0,False,False,False,False,0
top_ten,svm,occupancy,mean_removed,6,unith,6,Nielsen,Nov_6_g0,1.0,1.0,0.9814814814814814,0.9037433155080213,,2,20,4,8,0,8,7,3,1,2,1,3S,2S,,0,5,False,True,False,False,0
top_ten,svm,occupancy,mean_removed,6,unith,6,Nielsen,Nov_6_g0,1.0,1.0,0.9814814814814814,0.9037433155080213,,,20,4,8,0,8,8,3,1,3,1,3S,3S,,0,0,False,False,False,False,0
top_ten,svm,occupancy,mean_removed,6,unith,6,Nielsen,Nov_6_g0,1.0,1.0,0.9814814814814814,0.9037433155080213,,8,20,4,8,0,8,9,3,1,4,1,3S,4S,,0,36,False,True,False,True,0
top_ten,svm,occupancy,mean_removed,6,unith,6,Nielsen,Nov_6_g0,1.0,1.0,0.9814814814814814,0.9037433155080213,,8,20,4,8,0,8,10,3,1,5,1,3S,5S,,0,62,False,True,False,True,0
top_ten,svm,occupancy,mean_removed,6,unith,6,Nielsen,Nov_6_g0,1.0,1.0,0.9814814814814814,0.9037433155080213,,8,20,4,8,0,8,11,3,1,6,1,3S,6S,,0,79,False,True,False,True,0
top_ten,svm,occupancy,mean_removed,6,unith,6,Nielsen,Nov_6_g0,1.0,1.0,0.9814814814814814,0.9037433155080213,8,8,20,4,8,0,9,0,4,1,1,0,4S,1H,0.4874142491901131,36,52,True,True,True,True,0
top_ten,svm,occupancy,mean_removed,6,unith,6,Nielsen,Nov_6_g0,1.0,1.0,0.9814814814814814,0.9037433155080213,8,8,20,4,8,0,9,1,4,1,2,0,4S,2H,0.25669183868910467,36,51,True,True,True,True,0
top_ten,svm,occupancy,mean_removed,6,unith,6,Nielsen,Nov_6_g0,1.0,1.0,0.9814814814814814,0.9037433155080213,8,8,20,4,8,0,9,2,4,1,3,0,4S,3H,0.33831759180612087,36,66,True,True,True,True,0
top_ten,svm,occupancy,mean_removed,6,unith,6,Nielsen,Nov_6_g0,1.0,1.0,0.9814814814814814,0.9037433155080213,8,8,20,4,8,0,9,3,4,1,4,0,4S,4H,0.4203473823548567,36,16,True,True,True,True,0
top_ten,svm,occupancy,mean_removed,6,unith,6,Nielsen,Nov_6_g0,1.0,1.0,0.9814814814814814,0.9037433155080213,8,,20,4,8,0,9,4,4,1,5,0,4S,5H,,36,0,True,False,True,False,0
top_ten,svm,occupancy,mean_removed,6,unith,6,Nielsen,Nov_6_g0,1.0,1.0,0.9814814814814814,0.9037433155080213,8,,20,4,8,0,9,5,4,1,6,0,4S,6H,,36,0,True,False,True,False,0
top_ten,svm,occupancy,mean_removed,6,unith,6,Nielsen,Nov_6_g0,1.0,1.0,0.9814814814814814,0.9037433155080213,8,,20,4,8,0,9,6,4,1,1,1,4S,1S,,36,0,True,False,True,False,0
top_ten,svm,occupancy,mean_removed,6,unith,6,Nielsen,Nov_6_g0,1.0,1.0,0.9814814814814814,0.9037433155080213,8,2,20,4,8,0,9,7,4,1,2,1,4S,2S,-0.08003688095153735,36,5,True,True,True,False,0
top_ten,svm,occupancy,mean_removed,6,unith,6,Nielsen,Nov_6_g0,1.0,1.0,0.9814814814814814,0.9037433155080213,8,,20,4,8,0,9,8,4,1,3,1,4S,3S,,36,0,True,False,True,False,0
top_ten,svm,occupancy,mean_removed,6,unith,6,Nielsen,Nov_6_g0,1.0,1.0,0.9814814814814814,0.9037433155080213,8,8,20,4,8,0,9,9,4,1,4,1,4S,4S,0.5314735766534721,36,36,True,True,True,True,0
top_ten,svm,occupancy,mean_removed,6,unith,6,Nielsen,Nov_6_g0,1.0,1.0,0.9814814814814814,0.9037433155080213,8,8,20,4,8,0,9,10,4,1,5,1,4S,5S,0.33248663044891097,36,62,True,True,True,True,0
top_ten,svm,occupancy,mean_removed,6,unith,6,Nielsen,Nov_6_g0,1.0,1.0,0.9814814814814814,0.9037433155080213,8,8,20,4,8,0,9,11,4,1,6,1,4S,6S,-0.11678334241059456,36,79,True,True,True,True,0
top_ten,svm,occupancy,mean_removed,6,unith,6,Nielsen,Nov_6_g0,1.0,1.0,0.9814814814814814,0.9037433155080213,8,8,20,4,8,0,10,0,5,1,1,0,5S,1H,0.2638691812551144,62,52,True,True,True,True,0
top_ten,svm,occupancy,mean_removed,6,unith,6,Nielsen,Nov_6_g0,1.0,1.0,0.9814814814814814,0.9037433155080213,8,8,20,4,8,0,10,1,5,1,2,0,5S,2H,0.03287407767223708,62,51,True,True,True,True,0
top_ten,svm,occupancy,mean_removed,6,unith,6,Nielsen,Nov_6_g0,1.0,1.0,0.9814814814814814,0.9037433155080213,8,8,20,4,8,0,10,2,5,1,3,0,5S,3H,0.3696285629657523,62,66,True,True,True,True,0
top_ten,svm,occupancy,mean_removed,6,unith,6,Nielsen,Nov_6_g0,1.0,1.0,0.9814814814814814,0.9037433155080213,8,8,20,4,8,0,10,3,5,1,4,0,5S,4H,0.11938677676436427,62,16,True,True,True,True,0
top_ten,svm,occupancy,mean_removed,6,unith,6,Nielsen,Nov_6_g0,1.0,1.0,0.9814814814814814,0.9037433155080213,8,,20,4,8,0,10,4,5,1,5,0,5S,5H,,62,0,True,False,True,False,0
top_ten,svm,occupancy,mean_removed,6,unith,6,Nielsen,Nov_6_g0,1.0,1.0,0.9814814814814814,0.9037433155080213,8,,20,4,8,0,10,5,5,1,6,0,5S,6H,,62,0,True,False,True,False,0
top_ten,svm,occupancy,mean_removed,6,unith,6,Nielsen,Nov_6_g0,1.0,1.0,0.9814814814814814,0.9037433155080213,8,,20,4,8,0,10,6,5,1,1,1,5S,1S,,62,0,True,False,True,False,0
top_ten,svm,occupancy,mean_removed,6,unith,6,Nielsen,Nov_6_g0,1.0,1.0,0.9814814814814814,0.9037433155080213,8,2,20,4,8,0,10,7,5,1,2,1,5S,2S,-0.2633289576056058,62,5,True,True,True,False,0
top_ten,svm,occupancy,mean_removed,6,unith,6,Nielsen,Nov_6_g0,1.0,1.0,0.9814814814814814,0.9037433155080213,8,,20,4,8,0,10,8,5,1,3,1,5S,3S,,62,0,True,False,True,False,0
top_ten,svm,occupancy,mean_removed,6,unith,6,Nielsen,Nov_6_g0,1.0,1.0,0.9814814814814814,0.9037433155080213,8,8,20,4,8,0,10,9,5,1,4,1,5S,4S,0.33248663044891097,62,36,True,True,True,True,0
top_ten,svm,occupancy,mean_removed,6,unith,6,Nielsen,Nov_6_g0,1.0,1.0,0.9814814814814814,0.9037433155080213,8,8,20,4,8,0,10,10,5,1,5,1,5S,5S,0.2705295425746428,62,62,True,True,True,True,0
top_ten,svm,occupancy,mean_removed,6,unith,6,Nielsen,Nov_6_g0,1.0,1.0,0.9814814814814814,0.9037433155080213,8,8,20,4,8,0,10,11,5,1,6,1,5S,6S,-0.12291746736333786,62,79,True,True,True,True,0
top_ten,svm,occupancy,mean_removed,6,unith,6,Nielsen,Nov_6_g0,1.0,1.0,0.9814814814814814,0.9037433155080213,8,8,20,4,8,0,11,0,6,1,1,0,6S,1H,-0.21263306007784832,79,52,True,True,True,True,0
top_ten,svm,occupancy,mean_removed,6,unith,6,Nielsen,Nov_6_g0,1.0,1.0,0.9814814814814814,0.9037433155080213,8,8,20,4,8,0,11,1,6,1,2,0,6S,2H,-0.07565684996964951,79,51,True,True,True,True,0
top_ten,svm,occupancy,mean_removed,6,unith,6,Nielsen,Nov_6_g0,1.0,1.0,0.9814814814814814,0.9037433155080213,8,8,20,4,8,0,11,2,6,1,3,0,6S,3H,-0.12390756850058626,79,66,True,True,True,True,0
top_ten,svm,occupancy,mean_removed,6,unith,6,Nielsen,Nov_6_g0,1.0,1.0,0.9814814814814814,0.9037433155080213,8,8,20,4,8,0,11,3,6,1,4,0,6S,4H,-0.21735493142849432,79,16,True,True,True,True,0
top_ten,svm,occupancy,mean_removed,6,unith,6,Nielsen,Nov_6_g0,1.0,1.0,0.9814814814814814,0.9037433155080213,8,,20,4,8,0,11,4,6,1,5,0,6S,5H,,79,0,True,False,True,False,0
top_ten,svm,occupancy,mean_removed,6,unith,6,Nielsen,Nov_6_g0,1.0,1.0,0.9814814814814814,0.9037433155080213,8,,20,4,8,0,11,5,6,1,6,0,6S,6H,,79,0,True,False,True,False,0
top_ten,svm,occupancy,mean_removed,6,unith,6,Nielsen,Nov_6_g0,1.0,1.0,0.9814814814814814,0.9037433155080213,8,,20,4,8,0,11,6,6,1,1,1,6S,1S,,79,0,True,False,True,False,0
top_ten,svm,occupancy,mean_removed,6,unith,6,Nielsen,Nov_6_g0,1.0,1.0,0.9814814814814814,0.9037433155080213,8,2,20,4,8,0,11,7,6,1,2,1,6S,2S,0.1589882091329519,79,5,True,True,True,False,0
top_ten,svm,occupancy,mean_removed,6,unith,6,Nielsen,Nov_6_g0,1.0,1.0,0.9814814814814814,0.9037433155080213,8,,20,4,8,0,11,8,6,1,3,1,6S,3S,,79,0,True,False,True,False,0
top_ten,svm,occupancy,mean_removed,6,unith,6,Nielsen,Nov_6_g0,1.0,1.0,0.9814814814814814,0.9037433155080213,8,8,20,4,8,0,11,9,6,1,4,1,6S,4S,-0.11678334241059456,79,36,True,True,True,True,0
top_ten,svm,occupancy,mean_removed,6,unith,6,Nielsen,Nov_6_g0,1.0,1.0,0.9814814814814814,0.9037433155080213,8,8,20,4,8,0,11,10,6,1,5,1,6S,5S,-0.12291746736333786,79,62,True,True,True,True,0
top_ten,svm,occupancy,mean_removed,6,unith,6,Nielsen,Nov_6_g0,1.0,1.0,0.9814814814814814,0.9037433155080213,8,8,20,4,8,0,11,11,6,1,6,1,6S,6S,0.26309773157081806,79,79,True,True,True,True,0
top_ten,svm,occupancy,mean_removed,6,unith,6,Nielsen,Nov_7_g0,0.973597359735974,0.9867986798679867,0.9692754989784693,0.5299145299145299,8,8,20,4,8,0,0,0,1,0,1,0,1H,1H,0.2552233181702003,61,61,True,True,True,True,0
top_ten,svm,occupancy,mean_removed,6,unith,6,Nielsen,Nov_7_g0,0.973597359735974,0.9867986798679867,0.9692754989784693,0.5299145299145299,8,8,20,4,8,0,0,1,1,0,2,0,1H,2H,0.3208073620065631,61,54,True,True,True,True,0
top_ten,svm,occupancy,mean_removed,6,unith,6,Nielsen,Nov_7_g0,0.973597359735974,0.9867986798679867,0.9692754989784693,0.5299145299145299,8,8,20,4,8,0,0,2,1,0,3,0,1H,3H,0.37395902177962775,61,60,True,True,True,True,0
top_ten,svm,occupancy,mean_removed,6,unith,6,Nielsen,Nov_7_g0,0.973597359735974,0.9867986798679867,0.9692754989784693,0.5299145299145299,8,8,20,4,8,0,0,3,1,0,4,0,1H,4H,0.12841832832006278,61,19,True,True,True,True,0
top_ten,svm,occupancy,mean_removed,6,unith,6,Nielsen,Nov_7_g0,0.973597359735974,0.9867986798679867,0.9692754989784693,0.5299145299145299,8,2,20,4,8,0,0,4,1,0,5,0,1H,5H,-0.10602811768419622,61,4,True,True,True,False,0
top_ten,svm,occupancy,mean_removed,6,unith,6,Nielsen,Nov_7_g0,0.973597359735974,0.9867986798679867,0.9692754989784693,0.5299145299145299,8,,20,4,8,0,0,5,1,0,6,0,1H,6H,,61,0,True,False,True,False,0
top_ten,svm,occupancy,mean_removed,6,unith,6,Nielsen,Nov_7_g0,0.973597359735974,0.9867986798679867,0.9692754989784693,0.5299145299145299,8,,20,4,8,0,0,6,1,0,1,1,1H,1S,,61,0,True,False,True,False,0
top_ten,svm,occupancy,mean_removed,6,unith,6,Nielsen,Nov_7_g0,0.973597359735974,0.9867986798679867,0.9692754989784693,0.5299145299145299,8,8,20,4,8,0,0,7,1,0,2,1,1H,2S,0.3407608105265523,61,20,True,True,True,True,0
top_ten,svm,occupancy,mean_removed,6,unith,6,Nielsen,Nov_7_g0,0.973597359735974,0.9867986798679867,0.9692754989784693,0.5299145299145299,8,8,20,4,8,0,0,8,1,0,3,1,1H,3S,0.5318574194790214,61,16,True,True,True,True,0
top_ten,svm,occupancy,mean_removed,6,unith,6,Nielsen,Nov_7_g0,0.973597359735974,0.9867986798679867,0.9692754989784693,0.5299145299145299,8,8,20,4,8,0,0,9,1,0,4,1,1H,4S,-0.0030002366009541453,61,49,True,True,True,True,0
top_ten,svm,occupancy,mean_removed,6,unith,6,Nielsen,Nov_7_g0,0.973597359735974,0.9867986798679867,0.9692754989784693,0.5299145299145299,8,8,20,4,8,0,0,10,1,0,5,1,1H,5S,-0.008571872685861886,61,80,True,True,True,True,0
top_ten,svm,occupancy,mean_removed,6,unith,6,Nielsen,Nov_7_g0,0.973597359735974,0.9867986798679867,0.9692754989784693,0.5299145299145299,8,8,20,4,8,0,0,11,1,0,6,1,1H,6S,-0.03517293974404248,61,98,True,True,True,True,0
top_ten,svm,occupancy,mean_removed,6,unith,6,Nielsen,Nov_7_g0,0.973597359735974,0.9867986798679867,0.9692754989784693,0.5299145299145299,8,8,20,4,8,0,1,0,2,0,1,0,2H,1H,0.3208073620065631,54,61,True,True,True,True,0
top_ten,svm,occupancy,mean_removed,6,unith,6,Nielsen,Nov_7_g0,0.973597359735974,0.9867986798679867,0.9692754989784693,0.5299145299145299,8,8,20,4,8,0,1,1,2,0,2,0,2H,2H,0.18843401341217766,54,54,True,True,True,True,0
top_ten,svm,occupancy,mean_removed,6,unith,6,Nielsen,Nov_7_g0,0.973597359735974,0.9867986798679867,0.9692754989784693,0.5299145299145299,8,8,20,4,8,0,1,2,2,0,3,0,2H,3H,0.1904421731683255,54,60,True,True,True,True,0
top_ten,svm,occupancy,mean_removed,6,unith,6,Nielsen,Nov_7_g0,0.973597359735974,0.9867986798679867,0.9692754989784693,0.5299145299145299,8,8,20,4,8,0,1,3,2,0,4,0,2H,4H,0.13577671143584114,54,19,True,True,True,True,0
top_ten,svm,occupancy,mean_removed,6,unith,6,Nielsen,Nov_7_g0,0.973597359735974,0.9867986798679867,0.9692754989784693,0.5299145299145299,8,2,20,4,8,0,1,4,2,0,5,0,2H,5H,-0.020453525854266595,54,4,True,True,True,False,0
top_ten,svm,occupancy,mean_removed,6,unith,6,Nielsen,Nov_7_g0,0.973597359735974,0.9867986798679867,0.9692754989784693,0.5299145299145299,8,,20,4,8,0,1,5,2,0,6,0,2H,6H,,54,0,True,False,True,False,0
top_ten,svm,occupancy,mean_removed,6,unith,6,Nielsen,Nov_7_g0,0.973597359735974,0.9867986798679867,0.9692754989784693,0.5299145299145299,8,,20,4,8,0,1,6,2,0,1,1,2H,1S,,54,0,True,False,True,False,0
top_ten,svm,occupancy,mean_removed,6,unith,6,Nielsen,Nov_7_g0,0.973597359735974,0.9867986798679867,0.9692754989784693,0.5299145299145299,8,8,20,4,8,0,1,7,2,0,2,1,2H,2S,0.29073902216630476,54,20,True,True,True,True,0
top_ten,svm,occupancy,mean_removed,6,unith,6,Nielsen,Nov_7_g0,0.973597359735974,0.9867986798679867,0.9692754989784693,0.5299145299145299,8,8,20,4,8,0,1,8,2,0,3,1,2H,3S,0.32700746249415824,54,16,True,True,True,True,0
top_ten,svm,occupancy,mean_removed,6,unith,6,Nielsen,Nov_7_g0,0.973597359735974,0.9867986798679867,0.9692754989784693,0.5299145299145299,8,8,20,4,8,0,1,9,2,0,4,1,2H,4S,0.059341814735990185,54,49,True,True,True,True,0
top_ten,svm,occupancy,mean_removed,6,unith,6,Nielsen,Nov_7_g0,0.973597359735974,0.9867986798679867,0.9692754989784693,0.5299145299145299,8,8,20,4,8,0,1,10,2,0,5,1,2H,5S,0.10527130390604797,54,80,True,True,True,True,0
top_ten,svm,occupancy,mean_removed,6,unith,6,Nielsen,Nov_7_g0,0.973597359735974,0.9867986798679867,0.9692754989784693,0.5299145299145299,8,8,20,4,8,0,1,11,2,0,6,1,2H,6S,-0.01798801642102576,54,98,True,True,True,True,0
top_ten,svm,occupancy,mean_removed,6,unith,6,Nielsen,Nov_7_g0,0.973597359735974,0.9867986798679867,0.9692754989784693,0.5299145299145299,8,8,20,4,8,0,2,0,3,0,1,0,3H,1H,0.37395902177962775,60,61,True,True,True,True,0
top_ten,svm,occupancy,mean_removed,6,unith,6,Nielsen,Nov_7_g0,0.973597359735974,0.9867986798679867,0.9692754989784693,0.5299145299145299,8,8,20,4,8,0,2,1,3,0,2,0,3H,2H,0.1904421731683255,60,54,True,True,True,True,0
top_ten,svm,occupancy,mean_removed,6,unith,6,Nielsen,Nov_7_g0,0.973597359735974,0.9867986798679867,0.9692754989784693,0.5299145299145299,8,8,20,4,8,0,2,2,3,0,3,0,3H,3H,0.32554992875879,60,60,True,True,True,True,0
top_ten,svm,occupancy,mean_removed,6,unith,6,Nielsen,Nov_7_g0,0.973597359735974,0.9867986798679867,0.9692754989784693,0.5299145299145299,8,8,20,4,8,0,2,3,3,0,4,0,3H,4H,0.39798244122578497,60,19,True,True,True,True,0
top_ten,svm,occupancy,mean_removed,6,unith,6,Nielsen,Nov_7_g0,0.973597359735974,0.9867986798679867,0.9692754989784693,0.5299145299145299,8,2,20,4,8,0,2,4,3,0,5,0,3H,5H,0.13854623313484957,60,4,True,True,True,False,0
top_ten,svm,occupancy,mean_removed,6,unith,6,Nielsen,Nov_7_g0,0.973597359735974,0.9867986798679867,0.9692754989784693,0.5299145299145299,8,,20,4,8,0,2,5,3,0,6,0,3H,6H,,60,0,True,False,True,False,0
top_ten,svm,occupancy,mean_removed,6,unith,6,Nielsen,Nov_7_g0,0.973597359735974,0.9867986798679867,0.9692754989784693,0.5299145299145299,8,,20,4,8,0,2,6,3,0,1,1,3H,1S,,60,0,True,False,True,False,0
top_ten,svm,occupancy,mean_removed,6,unith,6,Nielsen,Nov_7_g0,0.973597359735974,0.9867986798679867,0.9692754989784693,0.5299145299145299,8,8,20,4,8,0,2,7,3,0,2,1,3H,2S,0.3868176537218072,60,20,True,True,True,True,0
top_ten,svm,occupancy,mean_removed,6,unith,6,Nielsen,Nov_7_g0,0.973597359735974,0.9867986798679867,0.9692754989784693,0.5299145299145299,8,8,20,4,8,0,2,8,3,0,3,1,3H,3S,0.5275547836481603,60,16,True,True,True,True,0
top_ten,svm,occupancy,mean_removed,6,unith,6,Nielsen,Nov_7_g0,0.973597359735974,0.9867986798679867,0.9692754989784693,0.5299145299145299,8,8,20,4,8,0,2,9,3,0,4,1,3H,4S,0.11866898856920045,60,49,True,True,True,True,0
top_ten,svm,occupancy,mean_removed,6,unith,6,Nielsen,Nov_7_g0,0.973597359735974,0.9867986798679867,0.9692754989784693,0.5299145299145299,8,8,20,4,8,0,2,10,3,0,5,1,3H,5S,0.07589429986809974,60,80,True,True,True,True,0
top_ten,svm,occupancy,mean_removed,6,unith,6,Nielsen,Nov_7_g0,0.973597359735974,0.9867986798679867,0.9692754989784693,0.5299145299145299,8,8,20,4,8,0,2,11,3,0,6,1,3H,6S,-0.0012163087230516456,60,98,True,True,True,True,0
top_ten,svm,occupancy,mean_removed,6,unith,6,Nielsen,Nov_7_g0,0.973597359735974,0.9867986798679867,0.9692754989784693,0.5299145299145299,8,8,20,4,8,0,3,0,4,0,1,0,4H,1H,0.12841832832006278,19,61,True,True,True,True,0
top_ten,svm,occupancy,mean_removed,6,unith,6,Nielsen,Nov_7_g0,0.973597359735974,0.9867986798679867,0.9692754989784693,0.5299145299145299,8,8,20,4,8,0,3,1,4,0,2,0,4H,2H,0.13577671143584114,19,54,True,True,True,True,0
top_ten,svm,occupancy,mean_removed,6,unith,6,Nielsen,Nov_7_g0,0.973597359735974,0.9867986798679867,0.9692754989784693,0.5299145299145299,8,8,20,4,8,0,3,2,4,0,3,0,4H,3H,0.39798244122578497,19,60,True,True,True,True,0
top_ten,svm,occupancy,mean_removed,6,unith,6,Nielsen,Nov_7_g0,0.973597359735974,0.9867986798679867,0.9692754989784693,0.5299145299145299,8,8,20,4,8,0,3,3,4,0,4,0,4H,4H,0.6397785099485236,19,19,True,True,True,True,0
top_ten,svm,occupancy,mean_removed,6,unith,6,Nielsen,Nov_7_g0,0.973597359735974,0.9867986798679867,0.9692754989784693,0.5299145299145299,8,2,20,4,8,0,3,4,4,0,5,0,4H,5H,0.3768335737999697,19,4,True,True,True,False,0
top_ten,svm,occupancy,mean_removed,6,unith,6,Nielsen,Nov_7_g0,0.973597359735974,0.9867986798679867,0.9692754989784693,0.5299145299145299,8,,20,4,8,0,3,5,4,0,6,0,4H,6H,,19,0,True,False,True,False,0
top_ten,svm,occupancy,mean_removed,6,unith,6,Nielsen,Nov_7_g0,0.973597359735974,0.9867986798679867,0.9692754989784693,0.5299145299145299,8,,20,4,8,0,3,6,4,0,1,1,4H,1S,,19,0,True,False,True,False,0
top_ten,svm,occupancy,mean_removed,6,unith,6,Nielsen,Nov_7_g0,0.973597359735974,0.9867986798679867,0.9692754989784693,0.5299145299145299,8,8,20,4,8,0,3,7,4,0,2,1,4H,2S,0.3790871326295538,19,20,True,True,True,True,0
top_ten,svm,occupancy,mean_removed,6,unith,6,Nielsen,Nov_7_g0,0.973597359735974,0.9867986798679867,0.9692754989784693,0.5299145299145299,8,8,20,4,8,0,3,8,4,0,3,1,4H,3S,0.41216427717757176,19,16,True,True,True,True,0
top_ten,svm,occupancy,mean_removed,6,unith,6,Nielsen,Nov_7_g0,0.973597359735974,0.9867986798679867,0.9692754989784693,0.5299145299145299,8,8,20,4,8,0,3,9,4,0,4,1,4H,4S,0.33850299831704367,19,49,True,True,True,True,0
top_ten,svm,occupancy,mean_removed,6,unith,6,Nielsen,Nov_7_g0,0.973597359735974,0.9867986798679867,0.9692754989784693,0.5299145299145299,8,8,20,4,8,0,3,10,4,0,5,1,4H,5S,0.40434730384350226,19,80,True,True,True,True,0
top_ten,svm,occupancy,mean_removed,6,unith,6,Nielsen,Nov_7_g0,0.973597359735974,0.9867986798679867,0.9692754989784693,0.5299145299145299,8,8,20,4,8,0,3,11,4,0,6,1,4H,6S,0.48020578566804606,19,98,True,True,True,True,0
top_ten,svm,occupancy,mean_removed,6,unith,6,Nielsen,Nov_7_g0,0.973597359735974,0.9867986798679867,0.9692754989784693,0.5299145299145299,2,8,20,4,8,0,4,0,5,0,1,0,5H,1H,-0.10602811768419622,4,61,True,True,False,True,0
top_ten,svm,occupancy,mean_removed,6,unith,6,Nielsen,Nov_7_g0,0.973597359735974,0.9867986798679867,0.9692754989784693,0.5299145299145299,2,8,20,4,8,0,4,1,5,0,2,0,5H,2H,-0.020453525854266595,4,54,True,True,False,True,0
top_ten,svm,occupancy,mean_removed,6,unith,6,Nielsen,Nov_7_g0,0.973597359735974,0.9867986798679867,0.9692754989784693,0.5299145299145299,2,8,20,4,8,0,4,2,5,0,3,0,5H,3H,0.13854623313484957,4,60,True,True,False,True,0
top_ten,svm,occupancy,mean_removed,6,unith,6,Nielsen,Nov_7_g0,0.973597359735974,0.9867986798679867,0.9692754989784693,0.5299145299145299,2,8,20,4,8,0,4,3,5,0,4,0,5H,4H,0.3768335737999697,4,19,True,True,False,True,0
top_ten,svm,occupancy,mean_removed,6,unith,6,Nielsen,Nov_7_g0,0.973597359735974,0.9867986798679867,0.9692754989784693,0.5299145299145299,2,2,20,4,8,0,4,4,5,0,5,0,5H,5H,-0.2389414507902406,4,4,True,True,False,False,0
top_ten,svm,occupancy,mean_removed,6,unith,6,Nielsen,Nov_7_g0,0.973597359735974,0.9867986798679867,0.9692754989784693,0.5299145299145299,2,,20,4,8,0,4,5,5,0,6,0,5H,6H,,4,0,True,False,False,False,0
top_ten,svm,occupancy,mean_removed,6,unith,6,Nielsen,Nov_7_g0,0.973597359735974,0.9867986798679867,0.9692754989784693,0.5299145299145299,2,,20,4,8,0,4,6,5,0,1,1,5H,1S,,4,0,True,False,False,False,0
top_ten,svm,occupancy,mean_removed,6,unith,6,Nielsen,Nov_7_g0,0.973597359735974,0.9867986798679867,0.9692754989784693,0.5299145299145299,2,8,20,4,8,0,4,7,5,0,2,1,5H,2S,0.17127735374978792,4,20,True,True,False,True,0
top_ten,svm,occupancy,mean_removed,6,unith,6,Nielsen,Nov_7_g0,0.973597359735974,0.9867986798679867,0.9692754989784693,0.5299145299145299,2,8,20,4,8,0,4,8,5,0,3,1,5H,3S,0.09974218020377493,4,16,True,True,False,True,0
top_ten,svm,occupancy,mean_removed,6,unith,6,Nielsen,Nov_7_g0,0.973597359735974,0.9867986798679867,0.9692754989784693,0.5299145299145299,2,8,20,4,8,0,4,9,5,0,4,1,5H,4S,0.0878904506172367,4,49,True,True,False,True,0
top_ten,svm,occupancy,mean_removed,6,unith,6,Nielsen,Nov_7_g0,0.973597359735974,0.9867986798679867,0.9692754989784693,0.5299145299145299,2,8,20,4,8,0,4,10,5,0,5,1,5H,5S,0.1261848901516928,4,80,True,True,False,True,0
top_ten,svm,occupancy,mean_removed,6,unith,6,Nielsen,Nov_7_g0,0.973597359735974,0.9867986798679867,0.9692754989784693,0.5299145299145299,2,8,20,4,8,0,4,11,5,0,6,1,5H,6S,0.21847518512619715,4,98,True,True,False,True,0
top_ten,svm,occupancy,mean_removed,6,unith,6,Nielsen,Nov_7_g0,0.973597359735974,0.9867986798679867,0.9692754989784693,0.5299145299145299,,8,20,4,8,0,5,0,6,0,1,0,6H,1H,,0,61,False,True,False,True,0
top_ten,svm,occupancy,mean_removed,6,unith,6,Nielsen,Nov_7_g0,0.973597359735974,0.9867986798679867,0.9692754989784693,0.5299145299145299,,8,20,4,8,0,5,1,6,0,2,0,6H,2H,,0,54,False,True,False,True,0
top_ten,svm,occupancy,mean_removed,6,unith,6,Nielsen,Nov_7_g0,0.973597359735974,0.9867986798679867,0.9692754989784693,0.5299145299145299,,8,20,4,8,0,5,2,6,0,3,0,6H,3H,,0,60,False,True,False,True,0
top_ten,svm,occupancy,mean_removed,6,unith,6,Nielsen,Nov_7_g0,0.973597359735974,0.9867986798679867,0.9692754989784693,0.5299145299145299,,8,20,4,8,0,5,3,6,0,4,0,6H,4H,,0,19,False,True,False,True,0
top_ten,svm,occupancy,mean_removed,6,unith,6,Nielsen,Nov_7_g0,0.973597359735974,0.9867986798679867,0.9692754989784693,0.5299145299145299,,2,20,4,8,0,5,4,6,0,5,0,6H,5H,,0,4,False,True,False,False,0
top_ten,svm,occupancy,mean_removed,6,unith,6,Nielsen,Nov_7_g0,0.973597359735974,0.9867986798679867,0.9692754989784693,0.5299145299145299,,,20,4,8,0,5,5,6,0,6,0,6H,6H,,0,0,False,False,False,False,0
top_ten,svm,occupancy,mean_removed,6,unith,6,Nielsen,Nov_7_g0,0.973597359735974,0.9867986798679867,0.9692754989784693,0.5299145299145299,,,20,4,8,0,5,6,6,0,1,1,6H,1S,,0,0,False,False,False,False,0
top_ten,svm,occupancy,mean_removed,6,unith,6,Nielsen,Nov_7_g0,0.973597359735974,0.9867986798679867,0.9692754989784693,0.5299145299145299,,8,20,4,8,0,5,7,6,0,2,1,6H,2S,,0,20,False,True,False,True,0
top_ten,svm,occupancy,mean_removed,6,unith,6,Nielsen,Nov_7_g0,0.973597359735974,0.9867986798679867,0.9692754989784693,0.5299145299145299,,8,20,4,8,0,5,8,6,0,3,1,6H,3S,,0,16,False,True,False,True,0
top_ten,svm,occupancy,mean_removed,6,unith,6,Nielsen,Nov_7_g0,0.973597359735974,0.9867986798679867,0.9692754989784693,0.5299145299145299,,8,20,4,8,0,5,9,6,0,4,1,6H,4S,,0,49,False,True,False,True,0
top_ten,svm,occupancy,mean_removed,6,unith,6,Nielsen,Nov_7_g0,0.973597359735974,0.9867986798679867,0.9692754989784693,0.5299145299145299,,8,20,4,8,0,5,10,6,0,5,1,6H,5S,,0,80,False,True,False,True,0
top_ten,svm,occupancy,mean_removed,6,unith,6,Nielsen,Nov_7_g0,0.973597359735974,0.9867986798679867,0.9692754989784693,0.5299145299145299,,8,20,4,8,0,5,11,6,0,6,1,6H,6S,,0,98,False,True,False,True,0
top_ten,svm,occupancy,mean_removed,6,unith,6,Nielsen,Nov_7_g0,0.973597359735974,0.9867986798679867,0.9692754989784693,0.5299145299145299,,8,20,4,8,0,6,0,1,1,1,0,1S,1H,,0,61,False,True,False,True,0
top_ten,svm,occupancy,mean_removed,6,unith,6,Nielsen,Nov_7_g0,0.973597359735974,0.9867986798679867,0.9692754989784693,0.5299145299145299,,8,20,4,8,0,6,1,1,1,2,0,1S,2H,,0,54,False,True,False,True,0
top_ten,svm,occupancy,mean_removed,6,unith,6,Nielsen,Nov_7_g0,0.973597359735974,0.9867986798679867,0.9692754989784693,0.5299145299145299,,8,20,4,8,0,6,2,1,1,3,0,1S,3H,,0,60,False,True,False,True,0
top_ten,svm,occupancy,mean_removed,6,unith,6,Nielsen,Nov_7_g0,0.973597359735974,0.9867986798679867,0.9692754989784693,0.5299145299145299,,8,20,4,8,0,6,3,1,1,4,0,1S,4H,,0,19,False,True,False,True,0
top_ten,svm,occupancy,mean_removed,6,unith,6,Nielsen,Nov_7_g0,0.973597359735974,0.9867986798679867,0.9692754989784693,0.5299145299145299,,2,20,4,8,0,6,4,1,1,5,0,1S,5H,,0,4,False,True,False,False,0
top_ten,svm,occupancy,mean_removed,6,unith,6,Nielsen,Nov_7_g0,0.973597359735974,0.9867986798679867,0.9692754989784693,0.5299145299145299,,,20,4,8,0,6,5,1,1,6,0,1S,6H,,0,0,False,False,False,False,0
top_ten,svm,occupancy,mean_removed,6,unith,6,Nielsen,Nov_7_g0,0.973597359735974,0.9867986798679867,0.9692754989784693,0.5299145299145299,,,20,4,8,0,6,6,1,1,1,1,1S,1S,,0,0,False,False,False,False,0
top_ten,svm,occupancy,mean_removed,6,unith,6,Nielsen,Nov_7_g0,0.973597359735974,0.9867986798679867,0.9692754989784693,0.5299145299145299,,8,20,4,8,0,6,7,1,1,2,1,1S,2S,,0,20,False,True,False,True,0
top_ten,svm,occupancy,mean_removed,6,unith,6,Nielsen,Nov_7_g0,0.973597359735974,0.9867986798679867,0.9692754989784693,0.5299145299145299,,8,20,4,8,0,6,8,1,1,3,1,1S,3S,,0,16,False,True,False,True,0
top_ten,svm,occupancy,mean_removed,6,unith,6,Nielsen,Nov_7_g0,0.973597359735974,0.9867986798679867,0.9692754989784693,0.5299145299145299,,8,20,4,8,0,6,9,1,1,4,1,1S,4S,,0,49,False,True,False,True,0
top_ten,svm,occupancy,mean_removed,6,unith,6,Nielsen,Nov_7_g0,0.973597359735974,0.9867986798679867,0.9692754989784693,0.5299145299145299,,8,20,4,8,0,6,10,1,1,5,1,1S,5S,,0,80,False,True,False,True,0
top_ten,svm,occupancy,mean_removed,6,unith,6,Nielsen,Nov_7_g0,0.973597359735974,0.9867986798679867,0.9692754989784693,0.5299145299145299,,8,20,4,8,0,6,11,1,1,6,1,1S,6S,,0,98,False,True,False,True,0
top_ten,svm,occupancy,mean_removed,6,unith,6,Nielsen,Nov_7_g0,0.973597359735974,0.9867986798679867,0.9692754989784693,0.5299145299145299,8,8,20,4,8,0,7,0,2,1,1,0,2S,1H,0.3407608105265523,20,61,True,True,True,True,0
top_ten,svm,occupancy,mean_removed,6,unith,6,Nielsen,Nov_7_g0,0.973597359735974,0.9867986798679867,0.9692754989784693,0.5299145299145299,8,8,20,4,8,0,7,1,2,1,2,0,2S,2H,0.29073902216630476,20,54,True,True,True,True,0
top_ten,svm,occupancy,mean_removed,6,unith,6,Nielsen,Nov_7_g0,0.973597359735974,0.9867986798679867,0.9692754989784693,0.5299145299145299,8,8,20,4,8,0,7,2,2,1,3,0,2S,3H,0.3868176537218072,20,60,True,True,True,True,0
top_ten,svm,occupancy,mean_removed,6,unith,6,Nielsen,Nov_7_g0,0.973597359735974,0.9867986798679867,0.9692754989784693,0.5299145299145299,8,8,20,4,8,0,7,3,2,1,4,0,2S,4H,0.3790871326295538,20,19,True,True,True,True,0
top_ten,svm,occupancy,mean_removed,6,unith,6,Nielsen,Nov_7_g0,0.973597359735974,0.9867986798679867,0.9692754989784693,0.5299145299145299,8,2,20,4,8,0,7,4,2,1,5,0,2S,5H,0.17127735374978792,20,4,True,True,True,False,0
top_ten,svm,occupancy,mean_removed,6,unith,6,Nielsen,Nov_7_g0,0.973597359735974,0.9867986798679867,0.9692754989784693,0.5299145299145299,8,,20,4,8,0,7,5,2,1,6,0,2S,6H,,20,0,True,False,True,False,0
top_ten,svm,occupancy,mean_removed,6,unith,6,Nielsen,Nov_7_g0,0.973597359735974,0.9867986798679867,0.9692754989784693,0.5299145299145299,8,,20,4,8,0,7,6,2,1,1,1,2S,1S,,20,0,True,False,True,False,0
top_ten,svm,occupancy,mean_removed,6,unith,6,Nielsen,Nov_7_g0,0.973597359735974,0.9867986798679867,0.9692754989784693,0.5299145299145299,8,8,20,4,8,0,7,7,2,1,2,1,2S,2S,0.25579373868888533,20,20,True,True,True,True,0
top_ten,svm,occupancy,mean_removed,6,unith,6,Nielsen,Nov_7_g0,0.973597359735974,0.9867986798679867,0.9692754989784693,0.5299145299145299,8,8,20,4,8,0,7,8,2,1,3,1,2S,3S,0.6341950158349677,20,16,True,True,True,True,0
top_ten,svm,occupancy,mean_removed,6,unith,6,Nielsen,Nov_7_g0,0.973597359735974,0.9867986798679867,0.9692754989784693,0.5299145299145299,8,8,20,4,8,0,7,9,2,1,4,1,2S,4S,0.17095120202221242,20,49,True,True,True,True,0
top_ten,svm,occupancy,mean_removed,6,unith,6,Nielsen,Nov_7_g0,0.973597359735974,0.9867986798679867,0.9692754989784693,0.5299145299145299,8,8,20,4,8,0,7,10,2,1,5,1,2S,5S,0.13649916518802374,20,80,True,True,True,True,0
top_ten,svm,occupancy,mean_removed,6,unith,6,Nielsen,Nov_7_g0,0.973597359735974,0.9867986798679867,0.9692754989784693,0.5299145299145299,8,8,20,4,8,0,7,11,2,1,6,1,2S,6S,0.0398565673303076,20,98,True,True,True,True,0
top_ten,svm,occupancy,mean_removed,6,unith,6,Nielsen,Nov_7_g0,0.973597359735974,0.9867986798679867,0.9692754989784693,0.5299145299145299,8,8,20,4,8,0,8,0,3,1,1,0,3S,1H,0.5318574194790214,16,61,True,True,True,True,0
top_ten,svm,occupancy,mean_removed,6,unith,6,Nielsen,Nov_7_g0,0.973597359735974,0.9867986798679867,0.9692754989784693,0.5299145299145299,8,8,20,4,8,0,8,1,3,1,2,0,3S,2H,0.32700746249415824,16,54,True,True,True,True,0
top_ten,svm,occupancy,mean_removed,6,unith,6,Nielsen,Nov_7_g0,0.973597359735974,0.9867986798679867,0.9692754989784693,0.5299145299145299,8,8,20,4,8,0,8,2,3,1,3,0,3S,3H,0.5275547836481603,16,60,True,True,True,True,0
top_ten,svm,occupancy,mean_removed,6,unith,6,Nielsen,Nov_7_g0,0.973597359735974,0.9867986798679867,0.9692754989784693,0.5299145299145299,8,8,20,4,8,0,8,3,3,1,4,0,3S,4H,0.41216427717757176,16,19,True,True,True,True,0
top_ten,svm,occupancy,mean_removed,6,unith,6,Nielsen,Nov_7_g0,0.973597359735974,0.9867986798679867,0.9692754989784693,0.5299145299145299,8,2,20,4,8,0,8,4,3,1,5,0,3S,5H,0.09974218020377493,16,4,True,True,True,False,0
top_ten,svm,occupancy,mean_removed,6,unith,6,Nielsen,Nov_7_g0,0.973597359735974,0.9867986798679867,0.9692754989784693,0.5299145299145299,8,,20,4,8,0,8,5,3,1,6,0,3S,6H,,16,0,True,False,True,False,0
top_ten,svm,occupancy,mean_removed,6,unith,6,Nielsen,Nov_7_g0,0.973597359735974,0.9867986798679867,0.9692754989784693,0.5299145299145299,8,,20,4,8,0,8,6,3,1,1,1,3S,1S,,16,0,True,False,True,False,0
top_ten,svm,occupancy,mean_removed,6,unith,6,Nielsen,Nov_7_g0,0.973597359735974,0.9867986798679867,0.9692754989784693,0.5299145299145299,8,8,20,4,8,0,8,7,3,1,2,1,3S,2S,0.6341950158349677,16,20,True,True,True,True,0
top_ten,svm,occupancy,mean_removed,6,unith,6,Nielsen,Nov_7_g0,0.973597359735974,0.9867986798679867,0.9692754989784693,0.5299145299145299,8,8,20,4,8,0,8,8,3,1,3,1,3S,3S,0.6530265914868941,16,16,True,True,True,True,0
top_ten,svm,occupancy,mean_removed,6,unith,6,Nielsen,Nov_7_g0,0.973597359735974,0.9867986798679867,0.9692754989784693,0.5299145299145299,8,8,20,4,8,0,8,9,3,1,4,1,3S,4S,0.16556550147136734,16,49,True,True,True,True,0
top_ten,svm,occupancy,mean_removed,6,unith,6,Nielsen,Nov_7_g0,0.973597359735974,0.9867986798679867,0.9692754989784693,0.5299145299145299,8,8,20,4,8,0,8,10,3,1,5,1,3S,5S,0.1536309013142514,16,80,True,True,True,True,0
top_ten,svm,occupancy,mean_removed,6,unith,6,Nielsen,Nov_7_g0,0.973597359735974,0.9867986798679867,0.9692754989784693,0.5299145299145299,8,8,20,4,8,0,8,11,3,1,6,1,3S,6S,0.046806546562731935,16,98,True,True,True,True,0
top_ten,svm,occupancy,mean_removed,6,unith,6,Nielsen,Nov_7_g0,0.973597359735974,0.9867986798679867,0.9692754989784693,0.5299145299145299,8,8,20,4,8,0,9,0,4,1,1,0,4S,1H,-0.0030002366009541453,49,61,True,True,True,True,0
top_ten,svm,occupancy,mean_removed,6,unith,6,Nielsen,Nov_7_g0,0.973597359735974,0.9867986798679867,0.9692754989784693,0.5299145299145299,8,8,20,4,8,0,9,1,4,1,2,0,4S,2H,0.059341814735990185,49,54,True,True,True,True,0
top_ten,svm,occupancy,mean_removed,6,unith,6,Nielsen,Nov_7_g0,0.973597359735974,0.9867986798679867,0.9692754989784693,0.5299145299145299,8,8,20,4,8,0,9,2,4,1,3,0,4S,3H,0.11866898856920045,49,60,True,True,True,True,0
top_ten,svm,occupancy,mean_removed,6,unith,6,Nielsen,Nov_7_g0,0.973597359735974,0.9867986798679867,0.9692754989784693,0.5299145299145299,8,8,20,4,8,0,9,3,4,1,4,0,4S,4H,0.33850299831704367,49,19,True,True,True,True,0
top_ten,svm,occupancy,mean_removed,6,unith,6,Nielsen,Nov_7_g0,0.973597359735974,0.9867986798679867,0.9692754989784693,0.5299145299145299,8,2,20,4,8,0,9,4,4,1,5,0,4S,5H,0.0878904506172367,49,4,True,True,True,False,0
top_ten,svm,occupancy,mean_removed,6,unith,6,Nielsen,Nov_7_g0,0.973597359735974,0.9867986798679867,0.9692754989784693,0.5299145299145299,8,,20,4,8,0,9,5,4,1,6,0,4S,6H,,49,0,True,False,True,False,0
top_ten,svm,occupancy,mean_removed,6,unith,6,Nielsen,Nov_7_g0,0.973597359735974,0.9867986798679867,0.9692754989784693,0.5299145299145299,8,,20,4,8,0,9,6,4,1,1,1,4S,1S,,49,0,True,False,True,False,0
top_ten,svm,occupancy,mean_removed,6,unith,6,Nielsen,Nov_7_g0,0.973597359735974,0.9867986798679867,0.9692754989784693,0.5299145299145299,8,8,20,4,8,0,9,7,4,1,2,1,4S,2S,0.17095120202221242,49,20,True,True,True,True,0
top_ten,svm,occupancy,mean_removed,6,unith,6,Nielsen,Nov_7_g0,0.973597359735974,0.9867986798679867,0.9692754989784693,0.5299145299145299,8,8,20,4,8,0,9,8,4,1,3,1,4S,3S,0.16556550147136734,49,16,True,True,True,True,0
top_ten,svm,occupancy,mean_removed,6,unith,6,Nielsen,Nov_7_g0,0.973597359735974,0.9867986798679867,0.9692754989784693,0.5299145299145299,8,8,20,4,8,0,9,9,4,1,4,1,4S,4S,0.05148711690679255,49,49,True,True,True,True,0
top_ten,svm,occupancy,mean_removed,6,unith,6,Nielsen,Nov_7_g0,0.973597359735974,0.9867986798679867,0.9692754989784693,0.5299145299145299,8,8,20,4,8,0,9,10,4,1,5,1,4S,5S,0.056525353198640715,49,80,True,True,True,True,0
top_ten,svm,occupancy,mean_removed,6,unith,6,Nielsen,Nov_7_g0,0.973597359735974,0.9867986798679867,0.9692754989784693,0.5299145299145299,8,8,20,4,8,0,9,11,4,1,6,1,4S,6S,0.30180886487432124,49,98,True,True,True,True,0
top_ten,svm,occupancy,mean_removed,6,unith,6,Nielsen,Nov_7_g0,0.973597359735974,0.9867986798679867,0.9692754989784693,0.5299145299145299,8,8,20,4,8,0,10,0,5,1,1,0,5S,1H,-0.008571872685861886,80,61,True,True,True,True,0
top_ten,svm,occupancy,mean_removed,6,unith,6,Nielsen,Nov_7_g0,0.973597359735974,0.9867986798679867,0.9692754989784693,0.5299145299145299,8,8,20,4,8,0,10,1,5,1,2,0,5S,2H,0.10527130390604797,80,54,True,True,True,True,0
top_ten,svm,occupancy,mean_removed,6,unith,6,Nielsen,Nov_7_g0,0.973597359735974,0.9867986798679867,0.9692754989784693,0.5299145299145299,8,8,20,4,8,0,10,2,5,1,3,0,5S,3H,0.07589429986809974,80,60,True,True,True,True,0
top_ten,svm,occupancy,mean_removed,6,unith,6,Nielsen,Nov_7_g0,0.973597359735974,0.9867986798679867,0.9692754989784693,0.5299145299145299,8,8,20,4,8,0,10,3,5,1,4,0,5S,4H,0.40434730384350226,80,19,True,True,True,True,0
top_ten,svm,occupancy,mean_removed,6,unith,6,Nielsen,Nov_7_g0,0.973597359735974,0.9867986798679867,0.9692754989784693,0.5299145299145299,8,2,20,4,8,0,10,4,5,1,5,0,5S,5H,0.1261848901516928,80,4,True,True,True,False,0
top_ten,svm,occupancy,mean_removed,6,unith,6,Nielsen,Nov_7_g0,0.973597359735974,0.9867986798679867,0.9692754989784693,0.5299145299145299,8,,20,4,8,0,10,5,5,1,6,0,5S,6H,,80,0,True,False,True,False,0
top_ten,svm,occupancy,mean_removed,6,unith,6,Nielsen,Nov_7_g0,0.973597359735974,0.9867986798679867,0.9692754989784693,0.5299145299145299,8,,20,4,8,0,10,6,5,1,1,1,5S,1S,,80,0,True,False,True,False,0
top_ten,svm,occupancy,mean_removed,6,unith,6,Nielsen,Nov_7_g0,0.973597359735974,0.9867986798679867,0.9692754989784693,0.5299145299145299,8,8,20,4,8,0,10,7,5,1,2,1,5S,2S,0.13649916518802374,80,20,True,True,True,True,0
top_ten,svm,occupancy,mean_removed,6,unith,6,Nielsen,Nov_7_g0,0.973597359735974,0.9867986798679867,0.9692754989784693,0.5299145299145299,8,8,20,4,8,0,10,8,5,1,3,1,5S,3S,0.1536309013142514,80,16,True,True,True,True,0
top_ten,svm,occupancy,mean_removed,6,unith,6,Nielsen,Nov_7_g0,0.973597359735974,0.9867986798679867,0.9692754989784693,0.5299145299145299,8,8,20,4,8,0,10,9,5,1,4,1,5S,4S,0.056525353198640715,80,49,True,True,True,True,0
top_ten,svm,occupancy,mean_removed,6,unith,6,Nielsen,Nov_7_g0,0.973597359735974,0.9867986798679867,0.9692754989784693,0.5299145299145299,8,8,20,4,8,0,10,10,5,1,5,1,5S,5S,0.1363289609520013,80,80,True,True,True,True,0
top_ten,svm,occupancy,mean_removed,6,unith,6,Nielsen,Nov_7_g0,0.973597359735974,0.9867986798679867,0.9692754989784693,0.5299145299145299,8,8,20,4,8,0,10,11,5,1,6,1,5S,6S,0.1951002032357964,80,98,True,True,True,True,0
top_ten,svm,occupancy,mean_removed,6,unith,6,Nielsen,Nov_7_g0,0.973597359735974,0.9867986798679867,0.9692754989784693,0.5299145299145299,8,8,20,4,8,0,11,0,6,1,1,0,6S,1H,-0.03517293974404248,98,61,True,True,True,True,0
top_ten,svm,occupancy,mean_removed,6,unith,6,Nielsen,Nov_7_g0,0.973597359735974,0.9867986798679867,0.9692754989784693,0.5299145299145299,8,8,20,4,8,0,11,1,6,1,2,0,6S,2H,-0.01798801642102576,98,54,True,True,True,True,0
top_ten,svm,occupancy,mean_removed,6,unith,6,Nielsen,Nov_7_g0,0.973597359735974,0.9867986798679867,0.9692754989784693,0.5299145299145299,8,8,20,4,8,0,11,2,6,1,3,0,6S,3H,-0.0012163087230516456,98,60,True,True,True,True,0
top_ten,svm,occupancy,mean_removed,6,unith,6,Nielsen,Nov_7_g0,0.973597359735974,0.9867986798679867,0.9692754989784693,0.5299145299145299,8,8,20,4,8,0,11,3,6,1,4,0,6S,4H,0.48020578566804606,98,19,True,True,True,True,0
top_ten,svm,occupancy,mean_removed,6,unith,6,Nielsen,Nov_7_g0,0.973597359735974,0.9867986798679867,0.9692754989784693,0.5299145299145299,8,2,20,4,8,0,11,4,6,1,5,0,6S,5H,0.21847518512619715,98,4,True,True,True,False,0
top_ten,svm,occupancy,mean_removed,6,unith,6,Nielsen,Nov_7_g0,0.973597359735974,0.9867986798679867,0.9692754989784693,0.5299145299145299,8,,20,4,8,0,11,5,6,1,6,0,6S,6H,,98,0,True,False,True,False,0
top_ten,svm,occupancy,mean_removed,6,unith,6,Nielsen,Nov_7_g0,0.973597359735974,0.9867986798679867,0.9692754989784693,0.5299145299145299,8,,20,4,8,0,11,6,6,1,1,1,6S,1S,,98,0,True,False,True,False,0
top_ten,svm,occupancy,mean_removed,6,unith,6,Nielsen,Nov_7_g0,0.973597359735974,0.9867986798679867,0.9692754989784693,0.5299145299145299,8,8,20,4,8,0,11,7,6,1,2,1,6S,2S,0.0398565673303076,98,20,True,True,True,True,0
top_ten,svm,occupancy,mean_removed,6,unith,6,Nielsen,Nov_7_g0,0.973597359735974,0.9867986798679867,0.9692754989784693,0.5299145299145299,8,8,20,4,8,0,11,8,6,1,3,1,6S,3S,0.046806546562731935,98,16,True,True,True,True,0
top_ten,svm,occupancy,mean_removed,6,unith,6,Nielsen,Nov_7_g0,0.973597359735974,0.9867986798679867,0.9692754989784693,0.5299145299145299,8,8,20,4,8,0,11,9,6,1,4,1,6S,4S,0.30180886487432124,98,49,True,True,True,True,0
top_ten,svm,occupancy,mean_removed,6,unith,6,Nielsen,Nov_7_g0,0.973597359735974,0.9867986798679867,0.9692754989784693,0.5299145299145299,8,8,20,4,8,0,11,10,6,1,5,1,6S,5S,0.1951002032357964,98,80,True,True,True,True,0
top_ten,svm,occupancy,mean_removed,6,unith,6,Nielsen,Nov_7_g0,0.973597359735974,0.9867986798679867,0.9692754989784693,0.5299145299145299,8,8,20,4,8,0,11,11,6,1,6,1,6S,6S,0.3043009932533492,98,98,True,True,True,True,0
top_ten,svm,occupancy,mean_removed,6,unith,6,Nielsen,Nov_9_g0,0.957720588235294,0.9620655080213905,0.9217914438502673,0.593607305936073,9,9,20,4,8,0,0,0,1,0,1,0,1H,1H,0.46630389393339805,62,62,True,True,True,True,0
top_ten,svm,occupancy,mean_removed,6,unith,6,Nielsen,Nov_9_g0,0.957720588235294,0.9620655080213905,0.9217914438502673,0.593607305936073,9,9,20,4,8,0,0,1,1,0,2,0,1H,2H,0.11032375382285291,62,38,True,True,True,True,0
top_ten,svm,occupancy,mean_removed,6,unith,6,Nielsen,Nov_9_g0,0.957720588235294,0.9620655080213905,0.9217914438502673,0.593607305936073,9,9,20,4,8,0,0,2,1,0,3,0,1H,3H,-0.2723462608379271,62,72,True,True,True,True,0
top_ten,svm,occupancy,mean_removed,6,unith,6,Nielsen,Nov_9_g0,0.957720588235294,0.9620655080213905,0.9217914438502673,0.593607305936073,9,9,20,4,8,0,0,3,1,0,4,0,1H,4H,-0.17450748295397578,62,34,True,True,True,True,0
top_ten,svm,occupancy,mean_removed,6,unith,6,Nielsen,Nov_9_g0,0.957720588235294,0.9620655080213905,0.9217914438502673,0.593607305936073,9,9,20,4,8,0,0,4,1,0,5,0,1H,5H,-0.6371987906737768,62,19,True,True,True,True,0
top_ten,svm,occupancy,mean_removed,6,unith,6,Nielsen,Nov_9_g0,0.957720588235294,0.9620655080213905,0.9217914438502673,0.593607305936073,9,,20,4,8,0,0,5,1,0,6,0,1H,6H,,62,0,True,False,True,False,0
top_ten,svm,occupancy,mean_removed,6,unith,6,Nielsen,Nov_9_g0,0.957720588235294,0.9620655080213905,0.9217914438502673,0.593607305936073,9,,20,4,8,0,0,6,1,0,1,1,1H,1S,,62,0,True,False,True,False,0
top_ten,svm,occupancy,mean_removed,6,unith,6,Nielsen,Nov_9_g0,0.957720588235294,0.9620655080213905,0.9217914438502673,0.593607305936073,9,9,20,4,8,0,0,7,1,0,2,1,1H,2S,0.46855879552885715,62,20,True,True,True,True,0
top_ten,svm,occupancy,mean_removed,6,unith,6,Nielsen,Nov_9_g0,0.957720588235294,0.9620655080213905,0.9217914438502673,0.593607305936073,9,3,20,4,8,0,0,8,1,0,3,1,1H,3S,-0.05205159638677128,62,6,True,True,True,False,0
top_ten,svm,occupancy,mean_removed,6,unith,6,Nielsen,Nov_9_g0,0.957720588235294,0.9620655080213905,0.9217914438502673,0.593607305936073,9,9,20,4,8,0,0,9,1,0,4,1,1H,4S,-0.19184232552268526,62,39,True,True,True,True,0
top_ten,svm,occupancy,mean_removed,6,unith,6,Nielsen,Nov_9_g0,0.957720588235294,0.9620655080213905,0.9217914438502673,0.593607305936073,9,9,20,4,8,0,0,10,1,0,5,1,1H,5S,0.21950172563918552,62,64,True,True,True,True,0
top_ten,svm,occupancy,mean_removed,6,unith,6,Nielsen,Nov_9_g0,0.957720588235294,0.9620655080213905,0.9217914438502673,0.593607305936073,9,9,20,4,8,0,0,11,1,0,6,1,1H,6S,0.1405660295525601,62,82,True,True,True,True,0
top_ten,svm,occupancy,mean_removed,6,unith,6,Nielsen,Nov_9_g0,0.957720588235294,0.9620655080213905,0.9217914438502673,0.593607305936073,9,9,20,4,8,0,1,0,2,0,1,0,2H,1H,0.11032375382285291,38,62,True,True,True,True,0
top_ten,svm,occupancy,mean_removed,6,unith,6,Nielsen,Nov_9_g0,0.957720588235294,0.9620655080213905,0.9217914438502673,0.593607305936073,9,9,20,4,8,0,1,1,2,0,2,0,2H,2H,0.500102337197909,38,38,True,True,True,True,0
top_ten,svm,occupancy,mean_removed,6,unith,6,Nielsen,Nov_9_g0,0.957720588235294,0.9620655080213905,0.9217914438502673,0.593607305936073,9,9,20,4,8,0,1,2,2,0,3,0,2H,3H,-0.16098483003337,38,72,True,True,True,True,0
top_ten,svm,occupancy,mean_removed,6,unith,6,Nielsen,Nov_9_g0,0.957720588235294,0.9620655080213905,0.9217914438502673,0.593607305936073,9,9,20,4,8,0,1,3,2,0,4,0,2H,4H,0.5236658631996021,38,34,True,True,True,True,0
top_ten,svm,occupancy,mean_removed,6,unith,6,Nielsen,Nov_9_g0,0.957720588235294,0.9620655080213905,0.9217914438502673,0.593607305936073,9,9,20,4,8,0,1,4,2,0,5,0,2H,5H,-0.18502436890651994,38,19,True,True,True,True,0
top_ten,svm,occupancy,mean_removed,6,unith,6,Nielsen,Nov_9_g0,0.957720588235294,0.9620655080213905,0.9217914438502673,0.593607305936073,9,,20,4,8,0,1,5,2,0,6,0,2H,6H,,38,0,True,False,True,False,0
top_ten,svm,occupancy,mean_removed,6,unith,6,Nielsen,Nov_9_g0,0.957720588235294,0.9620655080213905,0.9217914438502673,0.593607305936073,9,,20,4,8,0,1,6,2,0,1,1,2H,1S,,38,0,True,False,True,False,0
top_ten,svm,occupancy,mean_removed,6,unith,6,Nielsen,Nov_9_g0,0.957720588235294,0.9620655080213905,0.9217914438502673,0.593607305936073,9,9,20,4,8,0,1,7,2,0,2,1,2H,2S,0.48356849804993773,38,20,True,True,True,True,0
top_ten,svm,occupancy,mean_removed,6,unith,6,Nielsen,Nov_9_g0,0.957720588235294,0.9620655080213905,0.9217914438502673,0.593607305936073,9,3,20,4,8,0,1,8,2,0,3,1,2H,3S,-0.12357248743242089,38,6,True,True,True,False,0
top_ten,svm,occupancy,mean_removed,6,unith,6,Nielsen,Nov_9_g0,0.957720588235294,0.9620655080213905,0.9217914438502673,0.593607305936073,9,9,20,4,8,0,1,9,2,0,4,1,2H,4S,0.14904216289163966,38,39,True,True,True,True,0
top_ten,svm,occupancy,mean_removed,6,unith,6,Nielsen,Nov_9_g0,0.957720588235294,0.9620655080213905,0.9217914438502673,0.593607305936073,9,9,20,4,8,0,1,10,2,0,5,1,2H,5S,-0.004447162855806461,38,64,True,True,True,True,0
top_ten,svm,occupancy,mean_removed,6,unith,6,Nielsen,Nov_9_g0,0.957720588235294,0.9620655080213905,0.9217914438502673,0.593607305936073,9,9,20,4,8,0,1,11,2,0,6,1,2H,6S,0.34939115711028906,38,82,True,True,True,True,0
top_ten,svm,occupancy,mean_removed,6,unith,6,Nielsen,Nov_9_g0,0.957720588235294,0.9620655080213905,0.9217914438502673,0.593607305936073,9,9,20,4,8,0,2,0,3,0,1,0,3H,1H,-0.2723462608379271,72,62,True,True,True,True,0
top_ten,svm,occupancy,mean_removed,6,unith,6,Nielsen,Nov_9_g0,0.957720588235294,0.9620655080213905,0.9217914438502673,0.593607305936073,9,9,20,4,8,0,2,1,3,0,2,0,3H,2H,-0.16098483003337,72,38,True,True,True,True,0
top_ten,svm,occupancy,mean_removed,6,unith,6,Nielsen,Nov_9_g0,0.957720588235294,0.9620655080213905,0.9217914438502673,0.593607305936073,9,9,20,4,8,0,2,2,3,0,3,0,3H,3H,0.30455297201416,72,72,True,True,True,True,0
top_ten,svm,occupancy,mean_removed,6,unith,6,Nielsen,Nov_9_g0,0.957720588235294,0.9620655080213905,0.9217914438502673,0.593607305936073,9,9,20,4,8,0,2,3,3,0,4,0,3H,4H,-0.007375077090467539,72,34,True,True,True,True,0
top_ten,svm,occupancy,mean_removed,6,unith,6,Nielsen,Nov_9_g0,0.957720588235294,0.9620655080213905,0.9217914438502673,0.593607305936073,9,9,20,4,8,0,2,4,3,0,5,0,3H,5H,0.34343072993308943,72,19,True,True,True,True,0
top_ten,svm,occupancy,mean_removed,6,unith,6,Nielsen,Nov_9_g0,0.957720588235294,0.9620655080213905,0.9217914438502673,0.593607305936073,9,,20,4,8,0,2,5,3,0,6,0,3H,6H,,72,0,True,False,True,False,0
top_ten,svm,occupancy,mean_removed,6,unith,6,Nielsen,Nov_9_g0,0.957720588235294,0.9620655080213905,0.9217914438502673,0.593607305936073,9,,20,4,8,0,2,6,3,0,1,1,3H,1S,,72,0,True,False,True,False,0
top_ten,svm,occupancy,mean_removed,6,unith,6,Nielsen,Nov_9_g0,0.957720588235294,0.9620655080213905,0.9217914438502673,0.593607305936073,9,9,20,4,8,0,2,7,3,0,2,1,3H,2S,-0.42874043648506854,72,20,True,True,True,True,0
top_ten,svm,occupancy,mean_removed,6,unith,6,Nielsen,Nov_9_g0,0.957720588235294,0.9620655080213905,0.9217914438502673,0.593607305936073,9,3,20,4,8,0,2,8,3,0,3,1,3H,3S,0.40977482145394967,72,6,True,True,True,False,0
top_ten,svm,occupancy,mean_removed,6,unith,6,Nielsen,Nov_9_g0,0.957720588235294,0.9620655080213905,0.9217914438502673,0.593607305936073,9,9,20,4,8,0,2,9,3,0,4,1,3H,4S,-0.0935266959309558,72,39,True,True,True,True,0
top_ten,svm,occupancy,mean_removed,6,unith,6,Nielsen,Nov_9_g0,0.957720588235294,0.9620655080213905,0.9217914438502673,0.593607305936073,9,9,20,4,8,0,2,10,3,0,5,1,3H,5S,0.0642378652919926,72,64,True,True,True,True,0
top_ten,svm,occupancy,mean_removed,6,unith,6,Nielsen,Nov_9_g0,0.957720588235294,0.9620655080213905,0.9217914438502673,0.593607305936073,9,9,20,4,8,0,2,11,3,0,6,1,3H,6S,-0.30665810770703095,72,82,True,True,True,True,0
top_ten,svm,occupancy,mean_removed,6,unith,6,Nielsen,Nov_9_g0,0.957720588235294,0.9620655080213905,0.9217914438502673,0.593607305936073,9,9,20,4,8,0,3,0,4,0,1,0,4H,1H,-0.17450748295397578,34,62,True,True,True,True,0
top_ten,svm,occupancy,mean_removed,6,unith,6,Nielsen,Nov_9_g0,0.957720588235294,0.9620655080213905,0.9217914438502673,0.593607305936073,9,9,20,4,8,0,3,1,4,0,2,0,4H,2H,0.5236658631996021,34,38,True,True,True,True,0
top_ten,svm,occupancy,mean_removed,6,unith,6,Nielsen,Nov_9_g0,0.957720588235294,0.9620655080213905,0.9217914438502673,0.593607305936073,9,9,20,4,8,0,3,2,4,0,3,0,4H,3H,-0.007375077090467539,34,72,True,True,True,True,0
top_ten,svm,occupancy,mean_removed,6,unith,6,Nielsen,Nov_9_g0,0.957720588235294,0.9620655080213905,0.9217914438502673,0.593607305936073,9,9,20,4,8,0,3,3,4,0,4,0,4H,4H,0.41920941269550527,34,34,True,True,True,True,0
top_ten,svm,occupancy,mean_removed,6,unith,6,Nielsen,Nov_9_g0,0.957720588235294,0.9620655080213905,0.9217914438502673,0.593607305936073,9,9,20,4,8,0,3,4,4,0,5,0,4H,5H,0.04953363642715573,34,19,True,True,True,True,0
top_ten,svm,occupancy,mean_removed,6,unith,6,Nielsen,Nov_9_g0,0.957720588235294,0.9620655080213905,0.9217914438502673,0.593607305936073,9,,20,4,8,0,3,5,4,0,6,0,4H,6H,,34,0,True,False,True,False,0
top_ten,svm,occupancy,mean_removed,6,unith,6,Nielsen,Nov_9_g0,0.957720588235294,0.9620655080213905,0.9217914438502673,0.593607305936073,9,,20,4,8,0,3,6,4,0,1,1,4H,1S,,34,0,True,False,True,False,0
top_ten,svm,occupancy,mean_removed,6,unith,6,Nielsen,Nov_9_g0,0.957720588235294,0.9620655080213905,0.9217914438502673,0.593607305936073,9,9,20,4,8,0,3,7,4,0,2,1,4H,2S,0.34681716558646947,34,20,True,True,True,True,0
top_ten,svm,occupancy,mean_removed,6,unith,6,Nielsen,Nov_9_g0,0.957720588235294,0.9620655080213905,0.9217914438502673,0.593607305936073,9,3,20,4,8,0,3,8,4,0,3,1,4H,3S,-0.0835702973411921,34,6,True,True,True,False,0
top_ten,svm,occupancy,mean_removed,6,unith,6,Nielsen,Nov_9_g0,0.957720588235294,0.9620655080213905,0.9217914438502673,0.593607305936073,9,9,20,4,8,0,3,9,4,0,4,1,4H,4S,0.16866583685520614,34,39,True,True,True,True,0
top_ten,svm,occupancy,mean_removed,6,unith,6,Nielsen,Nov_9_g0,0.957720588235294,0.9620655080213905,0.9217914438502673,0.593607305936073,9,9,20,4,8,0,3,10,4,0,5,1,4H,5S,-0.07668798427126033,34,64,True,True,True,True,0
top_ten,svm,occupancy,mean_removed,6,unith,6,Nielsen,Nov_9_g0,0.957720588235294,0.9620655080213905,0.9217914438502673,0.593607305936073,9,9,20,4,8,0,3,11,4,0,6,1,4H,6S,0.2299355766405343,34,82,True,True,True,True,0
top_ten,svm,occupancy,mean_removed,6,unith,6,Nielsen,Nov_9_g0,0.957720588235294,0.9620655080213905,0.9217914438502673,0.593607305936073,9,9,20,4,8,0,4,0,5,0,1,0,5H,1H,-0.6371987906737768,19,62,True,True,True,True,0
top_ten,svm,occupancy,mean_removed,6,unith,6,Nielsen,Nov_9_g0,0.957720588235294,0.9620655080213905,0.9217914438502673,0.593607305936073,9,9,20,4,8,0,4,1,5,0,2,0,5H,2H,-0.18502436890651994,19,38,True,True,True,True,0
top_ten,svm,occupancy,mean_removed,6,unith,6,Nielsen,Nov_9_g0,0.957720588235294,0.9620655080213905,0.9217914438502673,0.593607305936073,9,9,20,4,8,0,4,2,5,0,3,0,5H,3H,0.34343072993308943,19,72,True,True,True,True,0
top_ten,svm,occupancy,mean_removed,6,unith,6,Nielsen,Nov_9_g0,0.957720588235294,0.9620655080213905,0.9217914438502673,0.593607305936073,9,9,20,4,8,0,4,3,5,0,4,0,5H,4H,0.04953363642715573,19,34,True,True,True,True,0
top_ten,svm,occupancy,mean_removed,6,unith,6,Nielsen,Nov_9_g0,0.957720588235294,0.9620655080213905,0.9217914438502673,0.593607305936073,9,9,20,4,8,0,4,4,5,0,5,0,5H,5H,0.6765251538327756,19,19,True,True,True,True,0
top_ten,svm,occupancy,mean_removed,6,unith,6,Nielsen,Nov_9_g0,0.957720588235294,0.9620655080213905,0.9217914438502673,0.593607305936073,9,,20,4,8,0,4,5,5,0,6,0,5H,6H,,19,0,True,False,True,False,0
top_ten,svm,occupancy,mean_removed,6,unith,6,Nielsen,Nov_9_g0,0.957720588235294,0.9620655080213905,0.9217914438502673,0.593607305936073,9,,20,4,8,0,4,6,5,0,1,1,5H,1S,,19,0,True,False,True,False,0
top_ten,svm,occupancy,mean_removed,6,unith,6,Nielsen,Nov_9_g0,0.957720588235294,0.9620655080213905,0.9217914438502673,0.593607305936073,9,9,20,4,8,0,4,7,5,0,2,1,5H,2S,-0.553524772703075,19,20,True,True,True,True,0
top_ten,svm,occupancy,mean_removed,6,unith,6,Nielsen,Nov_9_g0,0.957720588235294,0.9620655080213905,0.9217914438502673,0.593607305936073,9,3,20,4,8,0,4,8,5,0,3,1,5H,3S,0.20312864921138218,19,6,True,True,True,False,0
top_ten,svm,occupancy,mean_removed,6,unith,6,Nielsen,Nov_9_g0,0.957720588235294,0.9620655080213905,0.9217914438502673,0.593607305936073,9,9,20,4,8,0,4,9,5,0,4,1,5H,4S,0.11395710700679626,19,39,True,True,True,True,0
top_ten,svm,occupancy,mean_removed,6,unith,6,Nielsen,Nov_9_g0,0.957720588235294,0.9620655080213905,0.9217914438502673,0.593607305936073,9,9,20,4,8,0,4,10,5,0,5,1,5H,5S,-0.09386235161874755,19,64,True,True,True,True,0
top_ten,svm,occupancy,mean_removed,6,unith,6,Nielsen,Nov_9_g0,0.957720588235294,0.9620655080213905,0.9217914438502673,0.593607305936073,9,9,20,4,8,0,4,11,5,0,6,1,5H,6S,-0.10854799379705078,19,82,True,True,True,True,0
top_ten,svm,occupancy,mean_removed,6,unith,6,Nielsen,Nov_9_g0,0.957720588235294,0.9620655080213905,0.9217914438502673,0.593607305936073,,9,20,4,8,0,5,0,6,0,1,0,6H,1H,,0,62,False,True,False,True,0
top_ten,svm,occupancy,mean_removed,6,unith,6,Nielsen,Nov_9_g0,0.957720588235294,0.9620655080213905,0.9217914438502673,0.593607305936073,,9,20,4,8,0,5,1,6,0,2,0,6H,2H,,0,38,False,True,False,True,0
top_ten,svm,occupancy,mean_removed,6,unith,6,Nielsen,Nov_9_g0,0.957720588235294,0.9620655080213905,0.9217914438502673,0.593607305936073,,9,20,4,8,0,5,2,6,0,3,0,6H,3H,,0,72,False,True,False,True,0
top_ten,svm,occupancy,mean_removed,6,unith,6,Nielsen,Nov_9_g0,0.957720588235294,0.9620655080213905,0.9217914438502673,0.593607305936073,,9,20,4,8,0,5,3,6,0,4,0,6H,4H,,0,34,False,True,False,True,0
top_ten,svm,occupancy,mean_removed,6,unith,6,Nielsen,Nov_9_g0,0.957720588235294,0.9620655080213905,0.9217914438502673,0.593607305936073,,9,20,4,8,0,5,4,6,0,5,0,6H,5H,,0,19,False,True,False,True,0
top_ten,svm,occupancy,mean_removed,6,unith,6,Nielsen,Nov_9_g0,0.957720588235294,0.9620655080213905,0.9217914438502673,0.593607305936073,,,20,4,8,0,5,5,6,0,6,0,6H,6H,,0,0,False,False,False,False,0
top_ten,svm,occupancy,mean_removed,6,unith,6,Nielsen,Nov_9_g0,0.957720588235294,0.9620655080213905,0.9217914438502673,0.593607305936073,,,20,4,8,0,5,6,6,0,1,1,6H,1S,,0,0,False,False,False,False,0
top_ten,svm,occupancy,mean_removed,6,unith,6,Nielsen,Nov_9_g0,0.957720588235294,0.9620655080213905,0.9217914438502673,0.593607305936073,,9,20,4,8,0,5,7,6,0,2,1,6H,2S,,0,20,False,True,False,True,0
top_ten,svm,occupancy,mean_removed,6,unith,6,Nielsen,Nov_9_g0,0.957720588235294,0.9620655080213905,0.9217914438502673,0.593607305936073,,3,20,4,8,0,5,8,6,0,3,1,6H,3S,,0,6,False,True,False,False,0
top_ten,svm,occupancy,mean_removed,6,unith,6,Nielsen,Nov_9_g0,0.957720588235294,0.9620655080213905,0.9217914438502673,0.593607305936073,,9,20,4,8,0,5,9,6,0,4,1,6H,4S,,0,39,False,True,False,True,0
top_ten,svm,occupancy,mean_removed,6,unith,6,Nielsen,Nov_9_g0,0.957720588235294,0.9620655080213905,0.9217914438502673,0.593607305936073,,9,20,4,8,0,5,10,6,0,5,1,6H,5S,,0,64,False,True,False,True,0
top_ten,svm,occupancy,mean_removed,6,unith,6,Nielsen,Nov_9_g0,0.957720588235294,0.9620655080213905,0.9217914438502673,0.593607305936073,,9,20,4,8,0,5,11,6,0,6,1,6H,6S,,0,82,False,True,False,True,0
top_ten,svm,occupancy,mean_removed,6,unith,6,Nielsen,Nov_9_g0,0.957720588235294,0.9620655080213905,0.9217914438502673,0.593607305936073,,9,20,4,8,0,6,0,1,1,1,0,1S,1H,,0,62,False,True,False,True,0
top_ten,svm,occupancy,mean_removed,6,unith,6,Nielsen,Nov_9_g0,0.957720588235294,0.9620655080213905,0.9217914438502673,0.593607305936073,,9,20,4,8,0,6,1,1,1,2,0,1S,2H,,0,38,False,True,False,True,0
top_ten,svm,occupancy,mean_removed,6,unith,6,Nielsen,Nov_9_g0,0.957720588235294,0.9620655080213905,0.9217914438502673,0.593607305936073,,9,20,4,8,0,6,2,1,1,3,0,1S,3H,,0,72,False,True,False,True,0
top_ten,svm,occupancy,mean_removed,6,unith,6,Nielsen,Nov_9_g0,0.957720588235294,0.9620655080213905,0.9217914438502673,0.593607305936073,,9,20,4,8,0,6,3,1,1,4,0,1S,4H,,0,34,False,True,False,True,0
top_ten,svm,occupancy,mean_removed,6,unith,6,Nielsen,Nov_9_g0,0.957720588235294,0.9620655080213905,0.9217914438502673,0.593607305936073,,9,20,4,8,0,6,4,1,1,5,0,1S,5H,,0,19,False,True,False,True,0
top_ten,svm,occupancy,mean_removed,6,unith,6,Nielsen,Nov_9_g0,0.957720588235294,0.9620655080213905,0.9217914438502673,0.593607305936073,,,20,4,8,0,6,5,1,1,6,0,1S,6H,,0,0,False,False,False,False,0
top_ten,svm,occupancy,mean_removed,6,unith,6,Nielsen,Nov_9_g0,0.957720588235294,0.9620655080213905,0.9217914438502673,0.593607305936073,,,20,4,8,0,6,6,1,1,1,1,1S,1S,,0,0,False,False,False,False,0
top_ten,svm,occupancy,mean_removed,6,unith,6,Nielsen,Nov_9_g0,0.957720588235294,0.9620655080213905,0.9217914438502673,0.593607305936073,,9,20,4,8,0,6,7,1,1,2,1,1S,2S,,0,20,False,True,False,True,0
top_ten,svm,occupancy,mean_removed,6,unith,6,Nielsen,Nov_9_g0,0.957720588235294,0.9620655080213905,0.9217914438502673,0.593607305936073,,3,20,4,8,0,6,8,1,1,3,1,1S,3S,,0,6,False,True,False,False,0
top_ten,svm,occupancy,mean_removed,6,unith,6,Nielsen,Nov_9_g0,0.957720588235294,0.9620655080213905,0.9217914438502673,0.593607305936073,,9,20,4,8,0,6,9,1,1,4,1,1S,4S,,0,39,False,True,False,True,0
top_ten,svm,occupancy,mean_removed,6,unith,6,Nielsen,Nov_9_g0,0.957720588235294,0.9620655080213905,0.9217914438502673,0.593607305936073,,9,20,4,8,0,6,10,1,1,5,1,1S,5S,,0,64,False,True,False,True,0
top_ten,svm,occupancy,mean_removed,6,unith,6,Nielsen,Nov_9_g0,0.957720588235294,0.9620655080213905,0.9217914438502673,0.593607305936073,,9,20,4,8,0,6,11,1,1,6,1,1S,6S,,0,82,False,True,False,True,0
top_ten,svm,occupancy,mean_removed,6,unith,6,Nielsen,Nov_9_g0,0.957720588235294,0.9620655080213905,0.9217914438502673,0.593607305936073,9,9,20,4,8,0,7,0,2,1,1,0,2S,1H,0.46855879552885715,20,62,True,True,True,True,0
top_ten,svm,occupancy,mean_removed,6,unith,6,Nielsen,Nov_9_g0,0.957720588235294,0.9620655080213905,0.9217914438502673,0.593607305936073,9,9,20,4,8,0,7,1,2,1,2,0,2S,2H,0.48356849804993773,20,38,True,True,True,True,0
top_ten,svm,occupancy,mean_removed,6,unith,6,Nielsen,Nov_9_g0,0.957720588235294,0.9620655080213905,0.9217914438502673,0.593607305936073,9,9,20,4,8,0,7,2,2,1,3,0,2S,3H,-0.42874043648506854,20,72,True,True,True,True,0
top_ten,svm,occupancy,mean_removed,6,unith,6,Nielsen,Nov_9_g0,0.957720588235294,0.9620655080213905,0.9217914438502673,0.593607305936073,9,9,20,4,8,0,7,3,2,1,4,0,2S,4H,0.34681716558646947,20,34,True,True,True,True,0
top_ten,svm,occupancy,mean_removed,6,unith,6,Nielsen,Nov_9_g0,0.957720588235294,0.9620655080213905,0.9217914438502673,0.593607305936073,9,9,20,4,8,0,7,4,2,1,5,0,2S,5H,-0.553524772703075,20,19,True,True,True,True,0
top_ten,svm,occupancy,mean_removed,6,unith,6,Nielsen,Nov_9_g0,0.957720588235294,0.9620655080213905,0.9217914438502673,0.593607305936073,9,,20,4,8,0,7,5,2,1,6,0,2S,6H,,20,0,True,False,True,False,0
top_ten,svm,occupancy,mean_removed,6,unith,6,Nielsen,Nov_9_g0,0.957720588235294,0.9620655080213905,0.9217914438502673,0.593607305936073,9,,20,4,8,0,7,6,2,1,1,1,2S,1S,,20,0,True,False,True,False,0
top_ten,svm,occupancy,mean_removed,6,unith,6,Nielsen,Nov_9_g0,0.957720588235294,0.9620655080213905,0.9217914438502673,0.593607305936073,9,9,20,4,8,0,7,7,2,1,2,1,2S,2S,0.7447630939429193,20,20,True,True,True,True,0
top_ten,svm,occupancy,mean_removed,6,unith,6,Nielsen,Nov_9_g0,0.957720588235294,0.9620655080213905,0.9217914438502673,0.593607305936073,9,3,20,4,8,0,7,8,2,1,3,1,2S,3S,-0.3741037135898865,20,6,True,True,True,False,0
top_ten,svm,occupancy,mean_removed,6,unith,6,Nielsen,Nov_9_g0,0.957720588235294,0.9620655080213905,0.9217914438502673,0.593607305936073,9,9,20,4,8,0,7,9,2,1,4,1,2S,4S,0.10822289949670263,20,39,True,True,True,True,0
top_ten,svm,occupancy,mean_removed,6,unith,6,Nielsen,Nov_9_g0,0.957720588235294,0.9620655080213905,0.9217914438502673,0.593607305936073,9,9,20,4,8,0,7,10,2,1,5,1,2S,5S,0.11737362133197675,20,64,True,True,True,True,0
top_ten,svm,occupancy,mean_removed,6,unith,6,Nielsen,Nov_9_g0,0.957720588235294,0.9620655080213905,0.9217914438502673,0.593607305936073,9,9,20,4,8,0,7,11,2,1,6,1,2S,6S,0.5190413768642611,20,82,True,True,True,True,0
top_ten,svm,occupancy,mean_removed,6,unith,6,Nielsen,Nov_9_g0,0.957720588235294,0.9620655080213905,0.9217914438502673,0.593607305936073,3,9,20,4,8,0,8,0,3,1,1,0,3S,1H,-0.05205159638677128,6,62,True,True,False,True,0
top_ten,svm,occupancy,mean_removed,6,unith,6,Nielsen,Nov_9_g0,0.957720588235294,0.9620655080213905,0.9217914438502673,0.593607305936073,3,9,20,4,8,0,8,1,3,1,2,0,3S,2H,-0.12357248743242089,6,38,True,True,False,True,0
top_ten,svm,occupancy,mean_removed,6,unith,6,Nielsen,Nov_9_g0,0.957720588235294,0.9620655080213905,0.9217914438502673,0.593607305936073,3,9,20,4,8,0,8,2,3,1,3,0,3S,3H,0.40977482145394967,6,72,True,True,False,True,0
top_ten,svm,occupancy,mean_removed,6,unith,6,Nielsen,Nov_9_g0,0.957720588235294,0.9620655080213905,0.9217914438502673,0.593607305936073,3,9,20,4,8,0,8,3,3,1,4,0,3S,4H,-0.0835702973411921,6,34,True,True,False,True,0
top_ten,svm,occupancy,mean_removed,6,unith,6,Nielsen,Nov_9_g0,0.957720588235294,0.9620655080213905,0.9217914438502673,0.593607305936073,3,9,20,4,8,0,8,4,3,1,5,0,3S,5H,0.20312864921138218,6,19,True,True,False,True,0
top_ten,svm,occupancy,mean_removed,6,unith,6,Nielsen,Nov_9_g0,0.957720588235294,0.9620655080213905,0.9217914438502673,0.593607305936073,3,,20,4,8,0,8,5,3,1,6,0,3S,6H,,6,0,True,False,False,False,0
top_ten,svm,occupancy,mean_removed,6,unith,6,Nielsen,Nov_9_g0,0.957720588235294,0.9620655080213905,0.9217914438502673,0.593607305936073,3,,20,4,8,0,8,6,3,1,1,1,3S,1S,,6,0,True,False,False,False,0
top_ten,svm,occupancy,mean_removed,6,unith,6,Nielsen,Nov_9_g0,0.957720588235294,0.9620655080213905,0.9217914438502673,0.593607305936073,3,9,20,4,8,0,8,7,3,1,2,1,3S,2S,-0.3741037135898865,6,20,True,True,False,True,0
top_ten,svm,occupancy,mean_removed,6,unith,6,Nielsen,Nov_9_g0,0.957720588235294,0.9620655080213905,0.9217914438502673,0.593607305936073,3,3,20,4,8,0,8,8,3,1,3,1,3S,3S,0.3863507886600353,6,6,True,True,False,False,0
top_ten,svm,occupancy,mean_removed,6,unith,6,Nielsen,Nov_9_g0,0.957720588235294,0.9620655080213905,0.9217914438502673,0.593607305936073,3,9,20,4,8,0,8,9,3,1,4,1,3S,4S,-0.07589213072677584,6,39,True,True,False,True,0
top_ten,svm,occupancy,mean_removed,6,unith,6,Nielsen,Nov_9_g0,0.957720588235294,0.9620655080213905,0.9217914438502673,0.593607305936073,3,9,20,4,8,0,8,10,3,1,5,1,3S,5S,0.31330127927677254,6,64,True,True,False,True,0
top_ten,svm,occupancy,mean_removed,6,unith,6,Nielsen,Nov_9_g0,0.957720588235294,0.9620655080213905,0.9217914438502673,0.593607305936073,3,9,20,4,8,0,8,11,3,1,6,1,3S,6S,-0.22352971640724953,6,82,True,True,False,True,0
top_ten,svm,occupancy,mean_removed,6,unith,6,Nielsen,Nov_9_g0,0.957720588235294,0.9620655080213905,0.9217914438502673,0.593607305936073,9,9,20,4,8,0,9,0,4,1,1,0,4S,1H,-0.19184232552268526,39,62,True,True,True,True,0
top_ten,svm,occupancy,mean_removed,6,unith,6,Nielsen,Nov_9_g0,0.957720588235294,0.9620655080213905,0.9217914438502673,0.593607305936073,9,9,20,4,8,0,9,1,4,1,2,0,4S,2H,0.14904216289163966,39,38,True,True,True,True,0
top_ten,svm,occupancy,mean_removed,6,unith,6,Nielsen,Nov_9_g0,0.957720588235294,0.9620655080213905,0.9217914438502673,0.593607305936073,9,9,20,4,8,0,9,2,4,1,3,0,4S,3H,-0.0935266959309558,39,72,True,True,True,True,0
top_ten,svm,occupancy,mean_removed,6,unith,6,Nielsen,Nov_9_g0,0.957720588235294,0.9620655080213905,0.9217914438502673,0.593607305936073,9,9,20,4,8,0,9,3,4,1,4,0,4S,4H,0.16866583685520614,39,34,True,True,True,True,0
top_ten,svm,occupancy,mean_removed,6,unith,6,Nielsen,Nov_9_g0,0.957720588235294,0.9620655080213905,0.9217914438502673,0.593607305936073,9,9,20,4,8,0,9,4,4,1,5,0,4S,5H,0.11395710700679626,39,19,True,True,True,True,0
top_ten,svm,occupancy,mean_removed,6,unith,6,Nielsen,Nov_9_g0,0.957720588235294,0.9620655080213905,0.9217914438502673,0.593607305936073,9,,20,4,8,0,9,5,4,1,6,0,4S,6H,,39,0,True,False,True,False,0
top_ten,svm,occupancy,mean_removed,6,unith,6,Nielsen,Nov_9_g0,0.957720588235294,0.9620655080213905,0.9217914438502673,0.593607305936073,9,,20,4,8,0,9,6,4,1,1,1,4S,1S,,39,0,True,False,True,False,0
top_ten,svm,occupancy,mean_removed,6,unith,6,Nielsen,Nov_9_g0,0.957720588235294,0.9620655080213905,0.9217914438502673,0.593607305936073,9,9,20,4,8,0,9,7,4,1,2,1,4S,2S,0.10822289949670263,39,20,True,True,True,True,0
top_ten,svm,occupancy,mean_removed,6,unith,6,Nielsen,Nov_9_g0,0.957720588235294,0.9620655080213905,0.9217914438502673,0.593607305936073,9,3,20,4,8,0,9,8,4,1,3,1,4S,3S,-0.07589213072677584,39,6,True,True,True,False,0
top_ten,svm,occupancy,mean_removed,6,unith,6,Nielsen,Nov_9_g0,0.957720588235294,0.9620655080213905,0.9217914438502673,0.593607305936073,9,9,20,4,8,0,9,9,4,1,4,1,4S,4S,-0.05409663757771279,39,39,True,True,True,True,0
top_ten,svm,occupancy,mean_removed,6,unith,6,Nielsen,Nov_9_g0,0.957720588235294,0.9620655080213905,0.9217914438502673,0.593607305936073,9,9,20,4,8,0,9,10,4,1,5,1,4S,5S,-0.12121693936872217,39,64,True,True,True,True,0
top_ten,svm,occupancy,mean_removed,6,unith,6,Nielsen,Nov_9_g0,0.957720588235294,0.9620655080213905,0.9217914438502673,0.593607305936073,9,9,20,4,8,0,9,11,4,1,6,1,4S,6S,0.23481758026511046,39,82,True,True,True,True,0
top_ten,svm,occupancy,mean_removed,6,unith,6,Nielsen,Nov_9_g0,0.957720588235294,0.9620655080213905,0.9217914438502673,0.593607305936073,9,9,20,4,8,0,10,0,5,1,1,0,5S,1H,0.21950172563918552,64,62,True,True,True,True,0
top_ten,svm,occupancy,mean_removed,6,unith,6,Nielsen,Nov_9_g0,0.957720588235294,0.9620655080213905,0.9217914438502673,0.593607305936073,9,9,20,4,8,0,10,1,5,1,2,0,5S,2H,-0.004447162855806461,64,38,True,True,True,True,0
top_ten,svm,occupancy,mean_removed,6,unith,6,Nielsen,Nov_9_g0,0.957720588235294,0.9620655080213905,0.9217914438502673,0.593607305936073,9,9,20,4,8,0,10,2,5,1,3,0,5S,3H,0.0642378652919926,64,72,True,True,True,True,0
top_ten,svm,occupancy,mean_removed,6,unith,6,Nielsen,Nov_9_g0,0.957720588235294,0.9620655080213905,0.9217914438502673,0.593607305936073,9,9,20,4,8,0,10,3,5,1,4,0,5S,4H,-0.07668798427126033,64,34,True,True,True,True,0
top_ten,svm,occupancy,mean_removed,6,unith,6,Nielsen,Nov_9_g0,0.957720588235294,0.9620655080213905,0.9217914438502673,0.593607305936073,9,9,20,4,8,0,10,4,5,1,5,0,5S,5H,-0.09386235161874755,64,19,True,True,True,True,0
top_ten,svm,occupancy,mean_removed,6,unith,6,Nielsen,Nov_9_g0,0.957720588235294,0.9620655080213905,0.9217914438502673,0.593607305936073,9,,20,4,8,0,10,5,5,1,6,0,5S,6H,,64,0,True,False,True,False,0
top_ten,svm,occupancy,mean_removed,6,unith,6,Nielsen,Nov_9_g0,0.957720588235294,0.9620655080213905,0.9217914438502673,0.593607305936073,9,,20,4,8,0,10,6,5,1,1,1,5S,1S,,64,0,True,False,True,False,0
top_ten,svm,occupancy,mean_removed,6,unith,6,Nielsen,Nov_9_g0,0.957720588235294,0.9620655080213905,0.9217914438502673,0.593607305936073,9,9,20,4,8,0,10,7,5,1,2,1,5S,2S,0.11737362133197675,64,20,True,True,True,True,0
top_ten,svm,occupancy,mean_removed,6,unith,6,Nielsen,Nov_9_g0,0.957720588235294,0.9620655080213905,0.9217914438502673,0.593607305936073,9,3,20,4,8,0,10,8,5,1,3,1,5S,3S,0.31330127927677254,64,6,True,True,True,False,0
top_ten,svm,occupancy,mean_removed,6,unith,6,Nielsen,Nov_9_g0,0.957720588235294,0.9620655080213905,0.9217914438502673,0.593607305936073,9,9,20,4,8,0,10,9,5,1,4,1,5S,4S,-0.12121693936872217,64,39,True,True,True,True,0
top_ten,svm,occupancy,mean_removed,6,unith,6,Nielsen,Nov_9_g0,0.957720588235294,0.9620655080213905,0.9217914438502673,0.593607305936073,9,9,20,4,8,0,10,10,5,1,5,1,5S,5S,-0.12093505711865718,64,64,True,True,True,True,0
top_ten,svm,occupancy,mean_removed,6,unith,6,Nielsen,Nov_9_g0,0.957720588235294,0.9620655080213905,0.9217914438502673,0.593607305936073,9,9,20,4,8,0,10,11,5,1,6,1,5S,6S,0.026091564506031718,64,82,True,True,True,True,0
top_ten,svm,occupancy,mean_removed,6,unith,6,Nielsen,Nov_9_g0,0.957720588235294,0.9620655080213905,0.9217914438502673,0.593607305936073,9,9,20,4,8,0,11,0,6,1,1,0,6S,1H,0.1405660295525601,82,62,True,True,True,True,0
top_ten,svm,occupancy,mean_removed,6,unith,6,Nielsen,Nov_9_g0,0.957720588235294,0.9620655080213905,0.9217914438502673,0.593607305936073,9,9,20,4,8,0,11,1,6,1,2,0,6S,2H,0.34939115711028906,82,38,True,True,True,True,0
top_ten,svm,occupancy,mean_removed,6,unith,6,Nielsen,Nov_9_g0,0.957720588235294,0.9620655080213905,0.9217914438502673,0.593607305936073,9,9,20,4,8,0,11,2,6,1,3,0,6S,3H,-0.30665810770703095,82,72,True,True,True,True,0
top_ten,svm,occupancy,mean_removed,6,unith,6,Nielsen,Nov_9_g0,0.957720588235294,0.9620655080213905,0.9217914438502673,0.593607305936073,9,9,20,4,8,0,11,3,6,1,4,0,6S,4H,0.2299355766405343,82,34,True,True,True,True,0
top_ten,svm,occupancy,mean_removed,6,unith,6,Nielsen,Nov_9_g0,0.957720588235294,0.9620655080213905,0.9217914438502673,0.593607305936073,9,9,20,4,8,0,11,4,6,1,5,0,6S,5H,-0.10854799379705078,82,19,True,True,True,True,0
top_ten,svm,occupancy,mean_removed,6,unith,6,Nielsen,Nov_9_g0,0.957720588235294,0.9620655080213905,0.9217914438502673,0.593607305936073,9,,20,4,8,0,11,5,6,1,6,0,6S,6H,,82,0,True,False,True,False,0
top_ten,svm,occupancy,mean_removed,6,unith,6,Nielsen,Nov_9_g0,0.957720588235294,0.9620655080213905,0.9217914438502673,0.593607305936073,9,,20,4,8,0,11,6,6,1,1,1,6S,1S,,82,0,True,False,True,False,0
top_ten,svm,occupancy,mean_removed,6,unith,6,Nielsen,Nov_9_g0,0.957720588235294,0.9620655080213905,0.9217914438502673,0.593607305936073,9,9,20,4,8,0,11,7,6,1,2,1,6S,2S,0.5190413768642611,82,20,True,True,True,True,0
top_ten,svm,occupancy,mean_removed,6,unith,6,Nielsen,Nov_9_g0,0.957720588235294,0.9620655080213905,0.9217914438502673,0.593607305936073,9,3,20,4,8,0,11,8,6,1,3,1,6S,3S,-0.22352971640724953,82,6,True,True,True,False,0
top_ten,svm,occupancy,mean_removed,6,unith,6,Nielsen,Nov_9_g0,0.957720588235294,0.9620655080213905,0.9217914438502673,0.593607305936073,9,9,20,4,8,0,11,9,6,1,4,1,6S,4S,0.23481758026511046,82,39,True,True,True,True,0
top_ten,svm,occupancy,mean_removed,6,unith,6,Nielsen,Nov_9_g0,0.957720588235294,0.9620655080213905,0.9217914438502673,0.593607305936073,9,9,20,4,8,0,11,10,6,1,5,1,6S,5S,0.026091564506031718,82,64,True,True,True,True,0
top_ten,svm,occupancy,mean_removed,6,unith,6,Nielsen,Nov_9_g0,0.957720588235294,0.9620655080213905,0.9217914438502673,0.593607305936073,9,9,20,4,8,0,11,11,6,1,6,1,6S,6S,0.4724163241690535,82,82,True,True,True,True,0
top_ten,svm,occupancy,mean_removed,6,unith,6,Nielsen,Oct_21_g0,0.990039008080245,0.9988854834215659,0.976177208135971,0.6844106463878327,4,4,20,4,8,0,0,0,1,0,1,0,1H,1H,-0.1886147505997751,72,72,True,True,True,True,0
top_ten,svm,occupancy,mean_removed,6,unith,6,Nielsen,Oct_21_g0,0.990039008080245,0.9988854834215659,0.976177208135971,0.6844106463878327,4,4,20,4,8,0,0,1,1,0,2,0,1H,2H,0.019884686535042974,72,55,True,True,True,True,0
top_ten,svm,occupancy,mean_removed,6,unith,6,Nielsen,Oct_21_g0,0.990039008080245,0.9988854834215659,0.976177208135971,0.6844106463878327,4,4,20,4,8,0,0,2,1,0,3,0,1H,3H,-0.16456936428421218,72,86,True,True,True,True,0
top_ten,svm,occupancy,mean_removed,6,unith,6,Nielsen,Oct_21_g0,0.990039008080245,0.9988854834215659,0.976177208135971,0.6844106463878327,4,4,20,4,8,0,0,3,1,0,4,0,1H,4H,0.04932305975136013,72,28,True,True,True,True,0
top_ten,svm,occupancy,mean_removed,6,unith,6,Nielsen,Oct_21_g0,0.990039008080245,0.9988854834215659,0.976177208135971,0.6844106463878327,4,4,20,4,8,0,0,4,1,0,5,0,1H,5H,-0.02276206942584799,72,16,True,True,True,True,0
top_ten,svm,occupancy,mean_removed,6,unith,6,Nielsen,Oct_21_g0,0.990039008080245,0.9988854834215659,0.976177208135971,0.6844106463878327,4,,20,4,8,0,0,5,1,0,6,0,1H,6H,,72,0,True,False,True,False,0
top_ten,svm,occupancy,mean_removed,6,unith,6,Nielsen,Oct_21_g0,0.990039008080245,0.9988854834215659,0.976177208135971,0.6844106463878327,4,,20,4,8,0,0,6,1,0,1,1,1H,1S,,72,0,True,False,True,False,0
top_ten,svm,occupancy,mean_removed,6,unith,6,Nielsen,Oct_21_g0,0.990039008080245,0.9988854834215659,0.976177208135971,0.6844106463878327,4,4,20,4,8,0,0,7,1,0,2,1,1H,2S,0.02336225500338855,72,11,True,True,True,True,0
top_ten,svm,occupancy,mean_removed,6,unith,6,Nielsen,Oct_21_g0,0.990039008080245,0.9988854834215659,0.976177208135971,0.6844106463878327,4,4,20,4,8,0,0,8,1,0,3,1,1H,3S,-0.10309629605909931,72,8,True,True,True,True,0
top_ten,svm,occupancy,mean_removed,6,unith,6,Nielsen,Oct_21_g0,0.990039008080245,0.9988854834215659,0.976177208135971,0.6844106463878327,4,4,20,4,8,0,0,9,1,0,4,1,1H,4S,-0.09353557514773733,72,59,True,True,True,True,0
top_ten,svm,occupancy,mean_removed,6,unith,6,Nielsen,Oct_21_g0,0.990039008080245,0.9988854834215659,0.976177208135971,0.6844106463878327,4,4,20,4,8,0,0,10,1,0,5,1,1H,5S,-0.0036600398245901404,72,87,True,True,True,True,0
top_ten,svm,occupancy,mean_removed,6,unith,6,Nielsen,Oct_21_g0,0.990039008080245,0.9988854834215659,0.976177208135971,0.6844106463878327,4,4,20,4,8,0,0,11,1,0,6,1,1H,6S,-0.0732863052887528,72,95,True,True,True,True,0
top_ten,svm,occupancy,mean_removed,6,unith,6,Nielsen,Oct_21_g0,0.990039008080245,0.9988854834215659,0.976177208135971,0.6844106463878327,4,4,20,4,8,0,1,0,2,0,1,0,2H,1H,0.019884686535042974,55,72,True,True,True,True,0
top_ten,svm,occupancy,mean_removed,6,unith,6,Nielsen,Oct_21_g0,0.990039008080245,0.9988854834215659,0.976177208135971,0.6844106463878327,4,4,20,4,8,0,1,1,2,0,2,0,2H,2H,0.16882566752948172,55,55,True,True,True,True,0
top_ten,svm,occupancy,mean_removed,6,unith,6,Nielsen,Oct_21_g0,0.990039008080245,0.9988854834215659,0.976177208135971,0.6844106463878327,4,4,20,4,8,0,1,2,2,0,3,0,2H,3H,0.05927097161855741,55,86,True,True,True,True,0
top_ten,svm,occupancy,mean_removed,6,unith,6,Nielsen,Oct_21_g0,0.990039008080245,0.9988854834215659,0.976177208135971,0.6844106463878327,4,4,20,4,8,0,1,3,2,0,4,0,2H,4H,0.11069692018250762,55,28,True,True,True,True,0
top_ten,svm,occupancy,mean_removed,6,unith,6,Nielsen,Oct_21_g0,0.990039008080245,0.9988854834215659,0.976177208135971,0.6844106463878327,4,4,20,4,8,0,1,4,2,0,5,0,2H,5H,0.03256203722469501,55,16,True,True,True,True,0
top_ten,svm,occupancy,mean_removed,6,unith,6,Nielsen,Oct_21_g0,0.990039008080245,0.9988854834215659,0.976177208135971,0.6844106463878327,4,,20,4,8,0,1,5,2,0,6,0,2H,6H,,55,0,True,False,True,False,0
top_ten,svm,occupancy,mean_removed,6,unith,6,Nielsen,Oct_21_g0,0.990039008080245,0.9988854834215659,0.976177208135971,0.6844106463878327,4,,20,4,8,0,1,6,2,0,1,1,2H,1S,,55,0,True,False,True,False,0
top_ten,svm,occupancy,mean_removed,6,unith,6,Nielsen,Oct_21_g0,0.990039008080245,0.9988854834215659,0.976177208135971,0.6844106463878327,4,4,20,4,8,0,1,7,2,0,2,1,2H,2S,0.008291482027465616,55,11,True,True,True,True,0
top_ten,svm,occupancy,mean_removed,6,unith,6,Nielsen,Oct_21_g0,0.990039008080245,0.9988854834215659,0.976177208135971,0.6844106463878327,4,4,20,4,8,0,1,8,2,0,3,1,2H,3S,0.3001790774814799,55,8,True,True,True,True,0
top_ten,svm,occupancy,mean_removed,6,unith,6,Nielsen,Oct_21_g0,0.990039008080245,0.9988854834215659,0.976177208135971,0.6844106463878327,4,4,20,4,8,0,1,9,2,0,4,1,2H,4S,0.18592884395454432,55,59,True,True,True,True,0
top_ten,svm,occupancy,mean_removed,6,unith,6,Nielsen,Oct_21_g0,0.990039008080245,0.9988854834215659,0.976177208135971,0.6844106463878327,4,4,20,4,8,0,1,10,2,0,5,1,2H,5S,0.19033972717626674,55,87,True,True,True,True,0
top_ten,svm,occupancy,mean_removed,6,unith,6,Nielsen,Oct_21_g0,0.990039008080245,0.9988854834215659,0.976177208135971,0.6844106463878327,4,4,20,4,8,0,1,11,2,0,6,1,2H,6S,0.3158929335363201,55,95,True,True,True,True,0
top_ten,svm,occupancy,mean_removed,6,unith,6,Nielsen,Oct_21_g0,0.990039008080245,0.9988854834215659,0.976177208135971,0.6844106463878327,4,4,20,4,8,0,2,0,3,0,1,0,3H,1H,-0.16456936428421218,86,72,True,True,True,True,0
top_ten,svm,occupancy,mean_removed,6,unith,6,Nielsen,Oct_21_g0,0.990039008080245,0.9988854834215659,0.976177208135971,0.6844106463878327,4,4,20,4,8,0,2,1,3,0,2,0,3H,2H,0.05927097161855741,86,55,True,True,True,True,0
top_ten,svm,occupancy,mean_removed,6,unith,6,Nielsen,Oct_21_g0,0.990039008080245,0.9988854834215659,0.976177208135971,0.6844106463878327,4,4,20,4,8,0,2,2,3,0,3,0,3H,3H,0.1562040774897996,86,86,True,True,True,True,0
top_ten,svm,occupancy,mean_removed,6,unith,6,Nielsen,Oct_21_g0,0.990039008080245,0.9988854834215659,0.976177208135971,0.6844106463878327,4,4,20,4,8,0,2,3,3,0,4,0,3H,4H,0.28010244053021494,86,28,True,True,True,True,0
top_ten,svm,occupancy,mean_removed,6,unith,6,Nielsen,Oct_21_g0,0.990039008080245,0.9988854834215659,0.976177208135971,0.6844106463878327,4,4,20,4,8,0,2,4,3,0,5,0,3H,5H,0.21193958043023944,86,16,True,True,True,True,0
top_ten,svm,occupancy,mean_removed,6,unith,6,Nielsen,Oct_21_g0,0.990039008080245,0.9988854834215659,0.976177208135971,0.6844106463878327,4,,20,4,8,0,2,5,3,0,6,0,3H,6H,,86,0,True,False,True,False,0
top_ten,svm,occupancy,mean_removed,6,unith,6,Nielsen,Oct_21_g0,0.990039008080245,0.9988854834215659,0.976177208135971,0.6844106463878327,4,,20,4,8,0,2,6,3,0,1,1,3H,1S,,86,0,True,False,True,False,0
top_ten,svm,occupancy,mean_removed,6,unith,6,Nielsen,Oct_21_g0,0.990039008080245,0.9988854834215659,0.976177208135971,0.6844106463878327,4,4,20,4,8,0,2,7,3,0,2,1,3H,2S,0.2840684686713356,86,11,True,True,True,True,0
top_ten,svm,occupancy,mean_removed,6,unith,6,Nielsen,Oct_21_g0,0.990039008080245,0.9988854834215659,0.976177208135971,0.6844106463878327,4,4,20,4,8,0,2,8,3,0,3,1,3H,3S,0.3489278039016756,86,8,True,True,True,True,0
top_ten,svm,occupancy,mean_removed,6,unith,6,Nielsen,Oct_21_g0,0.990039008080245,0.9988854834215659,0.976177208135971,0.6844106463878327,4,4,20,4,8,0,2,9,3,0,4,1,3H,4S,0.3069563153160189,86,59,True,True,True,True,0
top_ten,svm,occupancy,mean_removed,6,unith,6,Nielsen,Oct_21_g0,0.990039008080245,0.9988854834215659,0.976177208135971,0.6844106463878327,4,4,20,4,8,0,2,10,3,0,5,1,3H,5S,0.3615374723453443,86,87,True,True,True,True,0
top_ten,svm,occupancy,mean_removed,6,unith,6,Nielsen,Oct_21_g0,0.990039008080245,0.9988854834215659,0.976177208135971,0.6844106463878327,4,4,20,4,8,0,2,11,3,0,6,1,3H,6S,0.3049542971512556,86,95,True,True,True,True,0
top_ten,svm,occupancy,mean_removed,6,unith,6,Nielsen,Oct_21_g0,0.990039008080245,0.9988854834215659,0.976177208135971,0.6844106463878327,4,4,20,4,8,0,3,0,4,0,1,0,4H,1H,0.04932305975136013,28,72,True,True,True,True,0
top_ten,svm,occupancy,mean_removed,6,unith,6,Nielsen,Oct_21_g0,0.990039008080245,0.9988854834215659,0.976177208135971,0.6844106463878327,4,4,20,4,8,0,3,1,4,0,2,0,4H,2H,0.11069692018250762,28,55,True,True,True,True,0
top_ten,svm,occupancy,mean_removed,6,unith,6,Nielsen,Oct_21_g0,0.990039008080245,0.9988854834215659,0.976177208135971,0.6844106463878327,4,4,20,4,8,0,3,2,4,0,3,0,4H,3H,0.28010244053021494,28,86,True,True,True,True,0
top_ten,svm,occupancy,mean_removed,6,unith,6,Nielsen,Oct_21_g0,0.990039008080245,0.9988854834215659,0.976177208135971,0.6844106463878327,4,4,20,4,8,0,3,3,4,0,4,0,4H,4H,0.2704795587511028,28,28,True,True,True,True,0
top_ten,svm,occupancy,mean_removed,6,unith,6,Nielsen,Oct_21_g0,0.990039008080245,0.9988854834215659,0.976177208135971,0.6844106463878327,4,4,20,4,8,0,3,4,4,0,5,0,4H,5H,0.05854654310252831,28,16,True,True,True,True,0
top_ten,svm,occupancy,mean_removed,6,unith,6,Nielsen,Oct_21_g0,0.990039008080245,0.9988854834215659,0.976177208135971,0.6844106463878327,4,,20,4,8,0,3,5,4,0,6,0,4H,6H,,28,0,True,False,True,False,0
top_ten,svm,occupancy,mean_removed,6,unith,6,Nielsen,Oct_21_g0,0.990039008080245,0.9988854834215659,0.976177208135971,0.6844106463878327,4,,20,4,8,0,3,6,4,0,1,1,4H,1S,,28,0,True,False,True,False,0
top_ten,svm,occupancy,mean_removed,6,unith,6,Nielsen,Oct_21_g0,0.990039008080245,0.9988854834215659,0.976177208135971,0.6844106463878327,4,4,20,4,8,0,3,7,4,0,2,1,4H,2S,0.2892141798722683,28,11,True,True,True,True,0
top_ten,svm,occupancy,mean_removed,6,unith,6,Nielsen,Oct_21_g0,0.990039008080245,0.9988854834215659,0.976177208135971,0.6844106463878327,4,4,20,4,8,0,3,8,4,0,3,1,4H,3S,0.44338585577070433,28,8,True,True,True,True,0
top_ten,svm,occupancy,mean_removed,6,unith,6,Nielsen,Oct_21_g0,0.990039008080245,0.9988854834215659,0.976177208135971,0.6844106463878327,4,4,20,4,8,0,3,9,4,0,4,1,4H,4S,0.3945604690435042,28,59,True,True,True,True,0
top_ten,svm,occupancy,mean_removed,6,unith,6,Nielsen,Oct_21_g0,0.990039008080245,0.9988854834215659,0.976177208135971,0.6844106463878327,4,4,20,4,8,0,3,10,4,0,5,1,4H,5S,0.3240865329042476,28,87,True,True,True,True,0
top_ten,svm,occupancy,mean_removed,6,unith,6,Nielsen,Oct_21_g0,0.990039008080245,0.9988854834215659,0.976177208135971,0.6844106463878327,4,4,20,4,8,0,3,11,4,0,6,1,4H,6S,0.3471059597609074,28,95,True,True,True,True,0
top_ten,svm,occupancy,mean_removed,6,unith,6,Nielsen,Oct_21_g0,0.990039008080245,0.9988854834215659,0.976177208135971,0.6844106463878327,4,4,20,4,8,0,4,0,5,0,1,0,5H,1H,-0.02276206942584799,16,72,True,True,True,True,0
top_ten,svm,occupancy,mean_removed,6,unith,6,Nielsen,Oct_21_g0,0.990039008080245,0.9988854834215659,0.976177208135971,0.6844106463878327,4,4,20,4,8,0,4,1,5,0,2,0,5H,2H,0.03256203722469501,16,55,True,True,True,True,0
top_ten,svm,occupancy,mean_removed,6,unith,6,Nielsen,Oct_21_g0,0.990039008080245,0.9988854834215659,0.976177208135971,0.6844106463878327,4,4,20,4,8,0,4,2,5,0,3,0,5H,3H,0.21193958043023944,16,86,True,True,True,True,0
top_ten,svm,occupancy,mean_removed,6,unith,6,Nielsen,Oct_21_g0,0.990039008080245,0.9988854834215659,0.976177208135971,0.6844106463878327,4,4,20,4,8,0,4,3,5,0,4,0,5H,4H,0.05854654310252831,16,28,True,True,True,True,0
top_ten,svm,occupancy,mean_removed,6,unith,6,Nielsen,Oct_21_g0,0.990039008080245,0.9988854834215659,0.976177208135971,0.6844106463878327,4,4,20,4,8,0,4,4,5,0,5,0,5H,5H,-0.16674800447320728,16,16,True,True,True,True,0
top_ten,svm,occupancy,mean_removed,6,unith,6,Nielsen,Oct_21_g0,0.990039008080245,0.9988854834215659,0.976177208135971,0.6844106463878327,4,,20,4,8,0,4,5,5,0,6,0,5H,6H,,16,0,True,False,True,False,0
top_ten,svm,occupancy,mean_removed,6,unith,6,Nielsen,Oct_21_g0,0.990039008080245,0.9988854834215659,0.976177208135971,0.6844106463878327,4,,20,4,8,0,4,6,5,0,1,1,5H,1S,,16,0,True,False,True,False,0
top_ten,svm,occupancy,mean_removed,6,unith,6,Nielsen,Oct_21_g0,0.990039008080245,0.9988854834215659,0.976177208135971,0.6844106463878327,4,4,20,4,8,0,4,7,5,0,2,1,5H,2S,-0.04398451271900915,16,11,True,True,True,True,0
top_ten,svm,occupancy,mean_removed,6,unith,6,Nielsen,Oct_21_g0,0.990039008080245,0.9988854834215659,0.976177208135971,0.6844106463878327,4,4,20,4,8,0,4,8,5,0,3,1,5H,3S,0.17249031311878632,16,8,True,True,True,True,0
top_ten,svm,occupancy,mean_removed,6,unith,6,Nielsen,Oct_21_g0,0.990039008080245,0.9988854834215659,0.976177208135971,0.6844106463878327,4,4,20,4,8,0,4,9,5,0,4,1,5H,4S,0.137770767100663,16,59,True,True,True,True,0
top_ten,svm,occupancy,mean_removed,6,unith,6,Nielsen,Oct_21_g0,0.990039008080245,0.9988854834215659,0.976177208135971,0.6844106463878327,4,4,20,4,8,0,4,10,5,0,5,1,5H,5S,0.22127623188227546,16,87,True,True,True,True,0
top_ten,svm,occupancy,mean_removed,6,unith,6,Nielsen,Oct_21_g0,0.990039008080245,0.9988854834215659,0.976177208135971,0.6844106463878327,4,4,20,4,8,0,4,11,5,0,6,1,5H,6S,0.2460265308396472,16,95,True,True,True,True,0
top_ten,svm,occupancy,mean_removed,6,unith,6,Nielsen,Oct_21_g0,0.990039008080245,0.9988854834215659,0.976177208135971,0.6844106463878327,,4,20,4,8,0,5,0,6,0,1,0,6H,1H,,0,72,False,True,False,True,0
top_ten,svm,occupancy,mean_removed,6,unith,6,Nielsen,Oct_21_g0,0.990039008080245,0.9988854834215659,0.976177208135971,0.6844106463878327,,4,20,4,8,0,5,1,6,0,2,0,6H,2H,,0,55,False,True,False,True,0
top_ten,svm,occupancy,mean_removed,6,unith,6,Nielsen,Oct_21_g0,0.990039008080245,0.9988854834215659,0.976177208135971,0.6844106463878327,,4,20,4,8,0,5,2,6,0,3,0,6H,3H,,0,86,False,True,False,True,0
top_ten,svm,occupancy,mean_removed,6,unith,6,Nielsen,Oct_21_g0,0.990039008080245,0.9988854834215659,0.976177208135971,0.6844106463878327,,4,20,4,8,0,5,3,6,0,4,0,6H,4H,,0,28,False,True,False,True,0
top_ten,svm,occupancy,mean_removed,6,unith,6,Nielsen,Oct_21_g0,0.990039008080245,0.9988854834215659,0.976177208135971,0.6844106463878327,,4,20,4,8,0,5,4,6,0,5,0,6H,5H,,0,16,False,True,False,True,0
top_ten,svm,occupancy,mean_removed,6,unith,6,Nielsen,Oct_21_g0,0.990039008080245,0.9988854834215659,0.976177208135971,0.6844106463878327,,,20,4,8,0,5,5,6,0,6,0,6H,6H,,0,0,False,False,False,False,0
top_ten,svm,occupancy,mean_removed,6,unith,6,Nielsen,Oct_21_g0,0.990039008080245,0.9988854834215659,0.976177208135971,0.6844106463878327,,,20,4,8,0,5,6,6,0,1,1,6H,1S,,0,0,False,False,False,False,0
top_ten,svm,occupancy,mean_removed,6,unith,6,Nielsen,Oct_21_g0,0.990039008080245,0.9988854834215659,0.976177208135971,0.6844106463878327,,4,20,4,8,0,5,7,6,0,2,1,6H,2S,,0,11,False,True,False,True,0
top_ten,svm,occupancy,mean_removed,6,unith,6,Nielsen,Oct_21_g0,0.990039008080245,0.9988854834215659,0.976177208135971,0.6844106463878327,,4,20,4,8,0,5,8,6,0,3,1,6H,3S,,0,8,False,True,False,True,0
top_ten,svm,occupancy,mean_removed,6,unith,6,Nielsen,Oct_21_g0,0.990039008080245,0.9988854834215659,0.976177208135971,0.6844106463878327,,4,20,4,8,0,5,9,6,0,4,1,6H,4S,,0,59,False,True,False,True,0
top_ten,svm,occupancy,mean_removed,6,unith,6,Nielsen,Oct_21_g0,0.990039008080245,0.9988854834215659,0.976177208135971,0.6844106463878327,,4,20,4,8,0,5,10,6,0,5,1,6H,5S,,0,87,False,True,False,True,0
top_ten,svm,occupancy,mean_removed,6,unith,6,Nielsen,Oct_21_g0,0.990039008080245,0.9988854834215659,0.976177208135971,0.6844106463878327,,4,20,4,8,0,5,11,6,0,6,1,6H,6S,,0,95,False,True,False,True,0
top_ten,svm,occupancy,mean_removed,6,unith,6,Nielsen,Oct_21_g0,0.990039008080245,0.9988854834215659,0.976177208135971,0.6844106463878327,,4,20,4,8,0,6,0,1,1,1,0,1S,1H,,0,72,False,True,False,True,0
top_ten,svm,occupancy,mean_removed,6,unith,6,Nielsen,Oct_21_g0,0.990039008080245,0.9988854834215659,0.976177208135971,0.6844106463878327,,4,20,4,8,0,6,1,1,1,2,0,1S,2H,,0,55,False,True,False,True,0
top_ten,svm,occupancy,mean_removed,6,unith,6,Nielsen,Oct_21_g0,0.990039008080245,0.9988854834215659,0.976177208135971,0.6844106463878327,,4,20,4,8,0,6,2,1,1,3,0,1S,3H,,0,86,False,True,False,True,0
top_ten,svm,occupancy,mean_removed,6,unith,6,Nielsen,Oct_21_g0,0.990039008080245,0.9988854834215659,0.976177208135971,0.6844106463878327,,4,20,4,8,0,6,3,1,1,4,0,1S,4H,,0,28,False,True,False,True,0
top_ten,svm,occupancy,mean_removed,6,unith,6,Nielsen,Oct_21_g0,0.990039008080245,0.9988854834215659,0.976177208135971,0.6844106463878327,,4,20,4,8,0,6,4,1,1,5,0,1S,5H,,0,16,False,True,False,True,0
top_ten,svm,occupancy,mean_removed,6,unith,6,Nielsen,Oct_21_g0,0.990039008080245,0.9988854834215659,0.976177208135971,0.6844106463878327,,,20,4,8,0,6,5,1,1,6,0,1S,6H,,0,0,False,False,False,False,0
top_ten,svm,occupancy,mean_removed,6,unith,6,Nielsen,Oct_21_g0,0.990039008080245,0.9988854834215659,0.976177208135971,0.6844106463878327,,,20,4,8,0,6,6,1,1,1,1,1S,1S,,0,0,False,False,False,False,0
top_ten,svm,occupancy,mean_removed,6,unith,6,Nielsen,Oct_21_g0,0.990039008080245,0.9988854834215659,0.976177208135971,0.6844106463878327,,4,20,4,8,0,6,7,1,1,2,1,1S,2S,,0,11,False,True,False,True,0
top_ten,svm,occupancy,mean_removed,6,unith,6,Nielsen,Oct_21_g0,0.990039008080245,0.9988854834215659,0.976177208135971,0.6844106463878327,,4,20,4,8,0,6,8,1,1,3,1,1S,3S,,0,8,False,True,False,True,0
top_ten,svm,occupancy,mean_removed,6,unith,6,Nielsen,Oct_21_g0,0.990039008080245,0.9988854834215659,0.976177208135971,0.6844106463878327,,4,20,4,8,0,6,9,1,1,4,1,1S,4S,,0,59,False,True,False,True,0
top_ten,svm,occupancy,mean_removed,6,unith,6,Nielsen,Oct_21_g0,0.990039008080245,0.9988854834215659,0.976177208135971,0.6844106463878327,,4,20,4,8,0,6,10,1,1,5,1,1S,5S,,0,87,False,True,False,True,0
top_ten,svm,occupancy,mean_removed,6,unith,6,Nielsen,Oct_21_g0,0.990039008080245,0.9988854834215659,0.976177208135971,0.6844106463878327,,4,20,4,8,0,6,11,1,1,6,1,1S,6S,,0,95,False,True,False,True,0
top_ten,svm,occupancy,mean_removed,6,unith,6,Nielsen,Oct_21_g0,0.990039008080245,0.9988854834215659,0.976177208135971,0.6844106463878327,4,4,20,4,8,0,7,0,2,1,1,0,2S,1H,0.02336225500338855,11,72,True,True,True,True,0
top_ten,svm,occupancy,mean_removed,6,unith,6,Nielsen,Oct_21_g0,0.990039008080245,0.9988854834215659,0.976177208135971,0.6844106463878327,4,4,20,4,8,0,7,1,2,1,2,0,2S,2H,0.008291482027465616,11,55,True,True,True,True,0
top_ten,svm,occupancy,mean_removed,6,unith,6,Nielsen,Oct_21_g0,0.990039008080245,0.9988854834215659,0.976177208135971,0.6844106463878327,4,4,20,4,8,0,7,2,2,1,3,0,2S,3H,0.2840684686713356,11,86,True,True,True,True,0
top_ten,svm,occupancy,mean_removed,6,unith,6,Nielsen,Oct_21_g0,0.990039008080245,0.9988854834215659,0.976177208135971,0.6844106463878327,4,4,20,4,8,0,7,3,2,1,4,0,2S,4H,0.2892141798722683,11,28,True,True,True,True,0
top_ten,svm,occupancy,mean_removed,6,unith,6,Nielsen,Oct_21_g0,0.990039008080245,0.9988854834215659,0.976177208135971,0.6844106463878327,4,4,20,4,8,0,7,4,2,1,5,0,2S,5H,-0.04398451271900915,11,16,True,True,True,True,0
top_ten,svm,occupancy,mean_removed,6,unith,6,Nielsen,Oct_21_g0,0.990039008080245,0.9988854834215659,0.976177208135971,0.6844106463878327,4,,20,4,8,0,7,5,2,1,6,0,2S,6H,,11,0,True,False,True,False,0
top_ten,svm,occupancy,mean_removed,6,unith,6,Nielsen,Oct_21_g0,0.990039008080245,0.9988854834215659,0.976177208135971,0.6844106463878327,4,,20,4,8,0,7,6,2,1,1,1,2S,1S,,11,0,True,False,True,False,0
top_ten,svm,occupancy,mean_removed,6,unith,6,Nielsen,Oct_21_g0,0.990039008080245,0.9988854834215659,0.976177208135971,0.6844106463878327,4,4,20,4,8,0,7,7,2,1,2,1,2S,2S,0.09959502059843565,11,11,True,True,True,True,0
top_ten,svm,occupancy,mean_removed,6,unith,6,Nielsen,Oct_21_g0,0.990039008080245,0.9988854834215659,0.976177208135971,0.6844106463878327,4,4,20,4,8,0,7,8,2,1,3,1,2S,3S,0.398447902771782,11,8,True,True,True,True,0
top_ten,svm,occupancy,mean_removed,6,unith,6,Nielsen,Oct_21_g0,0.990039008080245,0.9988854834215659,0.976177208135971,0.6844106463878327,4,4,20,4,8,0,7,9,2,1,4,1,2S,4S,0.3944424211535055,11,59,True,True,True,True,0
top_ten,svm,occupancy,mean_removed,6,unith,6,Nielsen,Oct_21_g0,0.990039008080245,0.9988854834215659,0.976177208135971,0.6844106463878327,4,4,20,4,8,0,7,10,2,1,5,1,2S,5S,0.4805196822886512,11,87,True,True,True,True,0
top_ten,svm,occupancy,mean_removed,6,unith,6,Nielsen,Oct_21_g0,0.990039008080245,0.9988854834215659,0.976177208135971,0.6844106463878327,4,4,20,4,8,0,7,11,2,1,6,1,2S,6S,0.43480265274779956,11,95,True,True,True,True,0
top_ten,svm,occupancy,mean_removed,6,unith,6,Nielsen,Oct_21_g0,0.990039008080245,0.9988854834215659,0.976177208135971,0.6844106463878327,4,4,20,4,8,0,8,0,3,1,1,0,3S,1H,-0.10309629605909931,8,72,True,True,True,True,0
top_ten,svm,occupancy,mean_removed,6,unith,6,Nielsen,Oct_21_g0,0.990039008080245,0.9988854834215659,0.976177208135971,0.6844106463878327,4,4,20,4,8,0,8,1,3,1,2,0,3S,2H,0.3001790774814799,8,55,True,True,True,True,0
top_ten,svm,occupancy,mean_removed,6,unith,6,Nielsen,Oct_21_g0,0.990039008080245,0.9988854834215659,0.976177208135971,0.6844106463878327,4,4,20,4,8,0,8,2,3,1,3,0,3S,3H,0.3489278039016756,8,86,True,True,True,True,0
top_ten,svm,occupancy,mean_removed,6,unith,6,Nielsen,Oct_21_g0,0.990039008080245,0.9988854834215659,0.976177208135971,0.6844106463878327,4,4,20,4,8,0,8,3,3,1,4,0,3S,4H,0.44338585577070433,8,28,True,True,True,True,0
top_ten,svm,occupancy,mean_removed,6,unith,6,Nielsen,Oct_21_g0,0.990039008080245,0.9988854834215659,0.976177208135971,0.6844106463878327,4,4,20,4,8,0,8,4,3,1,5,0,3S,5H,0.17249031311878632,8,16,True,True,True,True,0
top_ten,svm,occupancy,mean_removed,6,unith,6,Nielsen,Oct_21_g0,0.990039008080245,0.9988854834215659,0.976177208135971,0.6844106463878327,4,,20,4,8,0,8,5,3,1,6,0,3S,6H,,8,0,True,False,True,False,0
top_ten,svm,occupancy,mean_removed,6,unith,6,Nielsen,Oct_21_g0,0.990039008080245,0.9988854834215659,0.976177208135971,0.6844106463878327,4,,20,4,8,0,8,6,3,1,1,1,3S,1S,,8,0,True,False,True,False,0
top_ten,svm,occupancy,mean_removed,6,unith,6,Nielsen,Oct_21_g0,0.990039008080245,0.9988854834215659,0.976177208135971,0.6844106463878327,4,4,20,4,8,0,8,7,3,1,2,1,3S,2S,0.398447902771782,8,11,True,True,True,True,0
top_ten,svm,occupancy,mean_removed,6,unith,6,Nielsen,Oct_21_g0,0.990039008080245,0.9988854834215659,0.976177208135971,0.6844106463878327,4,4,20,4,8,0,8,8,3,1,3,1,3S,3S,0.6223325474020172,8,8,True,True,True,True,0
top_ten,svm,occupancy,mean_removed,6,unith,6,Nielsen,Oct_21_g0,0.990039008080245,0.9988854834215659,0.976177208135971,0.6844106463878327,4,4,20,4,8,0,8,9,3,1,4,1,3S,4S,0.5534344967271025,8,59,True,True,True,True,0
top_ten,svm,occupancy,mean_removed,6,unith,6,Nielsen,Oct_21_g0,0.990039008080245,0.9988854834215659,0.976177208135971,0.6844106463878327,4,4,20,4,8,0,8,10,3,1,5,1,3S,5S,0.6702530609363955,8,87,True,True,True,True,0
top_ten,svm,occupancy,mean_removed,6,unith,6,Nielsen,Oct_21_g0,0.990039008080245,0.9988854834215659,0.976177208135971,0.6844106463878327,4,4,20,4,8,0,8,11,3,1,6,1,3S,6S,0.5874260029617421,8,95,True,True,True,True,0
top_ten,svm,occupancy,mean_removed,6,unith,6,Nielsen,Oct_21_g0,0.990039008080245,0.9988854834215659,0.976177208135971,0.6844106463878327,4,4,20,4,8,0,9,0,4,1,1,0,4S,1H,-0.09353557514773733,59,72,True,True,True,True,0
top_ten,svm,occupancy,mean_removed,6,unith,6,Nielsen,Oct_21_g0,0.990039008080245,0.9988854834215659,0.976177208135971,0.6844106463878327,4,4,20,4,8,0,9,1,4,1,2,0,4S,2H,0.18592884395454432,59,55,True,True,True,True,0
top_ten,svm,occupancy,mean_removed,6,unith,6,Nielsen,Oct_21_g0,0.990039008080245,0.9988854834215659,0.976177208135971,0.6844106463878327,4,4,20,4,8,0,9,2,4,1,3,0,4S,3H,0.3069563153160189,59,86,True,True,True,True,0
top_ten,svm,occupancy,mean_removed,6,unith,6,Nielsen,Oct_21_g0,0.990039008080245,0.9988854834215659,0.976177208135971,0.6844106463878327,4,4,20,4,8,0,9,3,4,1,4,0,4S,4H,0.3945604690435042,59,28,True,True,True,True,0
top_ten,svm,occupancy,mean_removed,6,unith,6,Nielsen,Oct_21_g0,0.990039008080245,0.9988854834215659,0.976177208135971,0.6844106463878327,4,4,20,4,8,0,9,4,4,1,5,0,4S,5H,0.137770767100663,59,16,True,True,True,True,0
top_ten,svm,occupancy,mean_removed,6,unith,6,Nielsen,Oct_21_g0,0.990039008080245,0.9988854834215659,0.976177208135971,0.6844106463878327,4,,20,4,8,0,9,5,4,1,6,0,4S,6H,,59,0,True,False,True,False,0
top_ten,svm,occupancy,mean_removed,6,unith,6,Nielsen,Oct_21_g0,0.990039008080245,0.9988854834215659,0.976177208135971,0.6844106463878327,4,,20,4,8,0,9,6,4,1,1,1,4S,1S,,59,0,True,False,True,False,0
top_ten,svm,occupancy,mean_removed,6,unith,6,Nielsen,Oct_21_g0,0.990039008080245,0.9988854834215659,0.976177208135971,0.6844106463878327,4,4,20,4,8,0,9,7,4,1,2,1,4S,2S,0.3944424211535055,59,11,True,True,True,True,0
top_ten,svm,occupancy,mean_removed,6,unith,6,Nielsen,Oct_21_g0,0.990039008080245,0.9988854834215659,0.976177208135971,0.6844106463878327,4,4,20,4,8,0,9,8,4,1,3,1,4S,3S,0.5534344967271025,59,8,True,True,True,True,0
top_ten,svm,occupancy,mean_removed,6,unith,6,Nielsen,Oct_21_g0,0.990039008080245,0.9988854834215659,0.976177208135971,0.6844106463878327,4,4,20,4,8,0,9,9,4,1,4,1,4S,4S,0.49690500202090016,59,59,True,True,True,True,0
top_ten,svm,occupancy,mean_removed,6,unith,6,Nielsen,Oct_21_g0,0.990039008080245,0.9988854834215659,0.976177208135971,0.6844106463878327,4,4,20,4,8,0,9,10,4,1,5,1,4S,5S,0.38134076848418463,59,87,True,True,True,True,0
top_ten,svm,occupancy,mean_removed,6,unith,6,Nielsen,Oct_21_g0,0.990039008080245,0.9988854834215659,0.976177208135971,0.6844106463878327,4,4,20,4,8,0,9,11,4,1,6,1,4S,6S,0.5032118303756983,59,95,True,True,True,True,0
top_ten,svm,occupancy,mean_removed,6,unith,6,Nielsen,Oct_21_g0,0.990039008080245,0.9988854834215659,0.976177208135971,0.6844106463878327,4,4,20,4,8,0,10,0,5,1,1,0,5S,1H,-0.0036600398245901404,87,72,True,True,True,True,0
top_ten,svm,occupancy,mean_removed,6,unith,6,Nielsen,Oct_21_g0,0.990039008080245,0.9988854834215659,0.976177208135971,0.6844106463878327,4,4,20,4,8,0,10,1,5,1,2,0,5S,2H,0.19033972717626674,87,55,True,True,True,True,0
top_ten,svm,occupancy,mean_removed,6,unith,6,Nielsen,Oct_21_g0,0.990039008080245,0.9988854834215659,0.976177208135971,0.6844106463878327,4,4,20,4,8,0,10,2,5,1,3,0,5S,3H,0.3615374723453443,87,86,True,True,True,True,0
top_ten,svm,occupancy,mean_removed,6,unith,6,Nielsen,Oct_21_g0,0.990039008080245,0.9988854834215659,0.976177208135971,0.6844106463878327,4,4,20,4,8,0,10,3,5,1,4,0,5S,4H,0.3240865329042476,87,28,True,True,True,True,0
top_ten,svm,occupancy,mean_removed,6,unith,6,Nielsen,Oct_21_g0,0.990039008080245,0.9988854834215659,0.976177208135971,0.6844106463878327,4,4,20,4,8,0,10,4,5,1,5,0,5S,5H,0.22127623188227546,87,16,True,True,True,True,0
top_ten,svm,occupancy,mean_removed,6,unith,6,Nielsen,Oct_21_g0,0.990039008080245,0.9988854834215659,0.976177208135971,0.6844106463878327,4,,20,4,8,0,10,5,5,1,6,0,5S,6H,,87,0,True,False,True,False,0
top_ten,svm,occupancy,mean_removed,6,unith,6,Nielsen,Oct_21_g0,0.990039008080245,0.9988854834215659,0.976177208135971,0.6844106463878327,4,,20,4,8,0,10,6,5,1,1,1,5S,1S,,87,0,True,False,True,False,0
top_ten,svm,occupancy,mean_removed,6,unith,6,Nielsen,Oct_21_g0,0.990039008080245,0.9988854834215659,0.976177208135971,0.6844106463878327,4,4,20,4,8,0,10,7,5,1,2,1,5S,2S,0.4805196822886512,87,11,True,True,True,True,0
top_ten,svm,occupancy,mean_removed,6,unith,6,Nielsen,Oct_21_g0,0.990039008080245,0.9988854834215659,0.976177208135971,0.6844106463878327,4,4,20,4,8,0,10,8,5,1,3,1,5S,3S,0.6702530609363955,87,8,True,True,True,True,0
top_ten,svm,occupancy,mean_removed,6,unith,6,Nielsen,Oct_21_g0,0.990039008080245,0.9988854834215659,0.976177208135971,0.6844106463878327,4,4,20,4,8,0,10,9,5,1,4,1,5S,4S,0.38134076848418463,87,59,True,True,True,True,0
top_ten,svm,occupancy,mean_removed,6,unith,6,Nielsen,Oct_21_g0,0.990039008080245,0.9988854834215659,0.976177208135971,0.6844106463878327,4,4,20,4,8,0,10,10,5,1,5,1,5S,5S,0.4962071487039901,87,87,True,True,True,True,0
top_ten,svm,occupancy,mean_removed,6,unith,6,Nielsen,Oct_21_g0,0.990039008080245,0.9988854834215659,0.976177208135971,0.6844106463878327,4,4,20,4,8,0,10,11,5,1,6,1,5S,6S,0.5186342945599196,87,95,True,True,True,True,0
top_ten,svm,occupancy,mean_removed,6,unith,6,Nielsen,Oct_21_g0,0.990039008080245,0.9988854834215659,0.976177208135971,0.6844106463878327,4,4,20,4,8,0,11,0,6,1,1,0,6S,1H,-0.0732863052887528,95,72,True,True,True,True,0
top_ten,svm,occupancy,mean_removed,6,unith,6,Nielsen,Oct_21_g0,0.990039008080245,0.9988854834215659,0.976177208135971,0.6844106463878327,4,4,20,4,8,0,11,1,6,1,2,0,6S,2H,0.3158929335363201,95,55,True,True,True,True,0
top_ten,svm,occupancy,mean_removed,6,unith,6,Nielsen,Oct_21_g0,0.990039008080245,0.9988854834215659,0.976177208135971,0.6844106463878327,4,4,20,4,8,0,11,2,6,1,3,0,6S,3H,0.3049542971512556,95,86,True,True,True,True,0
top_ten,svm,occupancy,mean_removed,6,unith,6,Nielsen,Oct_21_g0,0.990039008080245,0.9988854834215659,0.976177208135971,0.6844106463878327,4,4,20,4,8,0,11,3,6,1,4,0,6S,4H,0.3471059597609074,95,28,True,True,True,True,0
top_ten,svm,occupancy,mean_removed,6,unith,6,Nielsen,Oct_21_g0,0.990039008080245,0.9988854834215659,0.976177208135971,0.6844106463878327,4,4,20,4,8,0,11,4,6,1,5,0,6S,5H,0.2460265308396472,95,16,True,True,True,True,0
top_ten,svm,occupancy,mean_removed,6,unith,6,Nielsen,Oct_21_g0,0.990039008080245,0.9988854834215659,0.976177208135971,0.6844106463878327,4,,20,4,8,0,11,5,6,1,6,0,6S,6H,,95,0,True,False,True,False,0
top_ten,svm,occupancy,mean_removed,6,unith,6,Nielsen,Oct_21_g0,0.990039008080245,0.9988854834215659,0.976177208135971,0.6844106463878327,4,,20,4,8,0,11,6,6,1,1,1,6S,1S,,95,0,True,False,True,False,0
top_ten,svm,occupancy,mean_removed,6,unith,6,Nielsen,Oct_21_g0,0.990039008080245,0.9988854834215659,0.976177208135971,0.6844106463878327,4,4,20,4,8,0,11,7,6,1,2,1,6S,2S,0.43480265274779956,95,11,True,True,True,True,0
top_ten,svm,occupancy,mean_removed,6,unith,6,Nielsen,Oct_21_g0,0.990039008080245,0.9988854834215659,0.976177208135971,0.6844106463878327,4,4,20,4,8,0,11,8,6,1,3,1,6S,3S,0.5874260029617421,95,8,True,True,True,True,0
top_ten,svm,occupancy,mean_removed,6,unith,6,Nielsen,Oct_21_g0,0.990039008080245,0.9988854834215659,0.976177208135971,0.6844106463878327,4,4,20,4,8,0,11,9,6,1,4,1,6S,4S,0.5032118303756983,95,59,True,True,True,True,0
top_ten,svm,occupancy,mean_removed,6,unith,6,Nielsen,Oct_21_g0,0.990039008080245,0.9988854834215659,0.976177208135971,0.6844106463878327,4,4,20,4,8,0,11,10,6,1,5,1,6S,5S,0.5186342945599196,95,87,True,True,True,True,0
top_ten,svm,occupancy,mean_removed,6,unith,6,Nielsen,Oct_21_g0,0.990039008080245,0.9988854834215659,0.976177208135971,0.6844106463878327,4,4,20,4,8,0,11,11,6,1,6,1,6S,6S,0.5410677043166587,95,95,True,True,True,True,0
top_ten,svm,occupancy,mean_removed,6,unith,6,Nielsen,Oct_22_g0,0.999896608767576,1.0,1.0,0.8143459915611815,9,9,20,4,8,0,0,0,1,0,1,0,1H,1H,0.06406794388220641,62,62,True,True,True,True,0
top_ten,svm,occupancy,mean_removed,6,unith,6,Nielsen,Oct_22_g0,0.999896608767576,1.0,1.0,0.8143459915611815,9,9,20,4,8,0,0,1,1,0,2,0,1H,2H,0.15017860903056102,62,46,True,True,True,True,0
top_ten,svm,occupancy,mean_removed,6,unith,6,Nielsen,Oct_22_g0,0.999896608767576,1.0,1.0,0.8143459915611815,9,9,20,4,8,0,0,2,1,0,3,0,1H,3H,-0.025119215356422597,62,71,True,True,True,True,0
top_ten,svm,occupancy,mean_removed,6,unith,6,Nielsen,Oct_22_g0,0.999896608767576,1.0,1.0,0.8143459915611815,9,9,20,4,8,0,0,3,1,0,4,0,1H,4H,-0.09800029151275833,62,18,True,True,True,True,0
top_ten,svm,occupancy,mean_removed,6,unith,6,Nielsen,Oct_22_g0,0.999896608767576,1.0,1.0,0.8143459915611815,9,,20,4,8,0,0,4,1,0,5,0,1H,5H,,62,0,True,False,True,False,0
top_ten,svm,occupancy,mean_removed,6,unith,6,Nielsen,Oct_22_g0,0.999896608767576,1.0,1.0,0.8143459915611815,9,,20,4,8,0,0,5,1,0,6,0,1H,6H,,62,0,True,False,True,False,0
top_ten,svm,occupancy,mean_removed,6,unith,6,Nielsen,Oct_22_g0,0.999896608767576,1.0,1.0,0.8143459915611815,9,,20,4,8,0,0,6,1,0,1,1,1H,1S,,62,0,True,False,True,False,0
top_ten,svm,occupancy,mean_removed,6,unith,6,Nielsen,Oct_22_g0,0.999896608767576,1.0,1.0,0.8143459915611815,9,9,20,4,8,0,0,7,1,0,2,1,1H,2S,0.22946011350796755,62,23,True,True,True,True,0
top_ten,svm,occupancy,mean_removed,6,unith,6,Nielsen,Oct_22_g0,0.999896608767576,1.0,1.0,0.8143459915611815,9,3,20,4,8,0,0,8,1,0,3,1,1H,3S,-0.14339413667006823,62,6,True,True,True,False,0
top_ten,svm,occupancy,mean_removed,6,unith,6,Nielsen,Oct_22_g0,0.999896608767576,1.0,1.0,0.8143459915611815,9,9,20,4,8,0,0,9,1,0,4,1,1H,4S,-0.021540253532240053,62,64,True,True,True,True,0
top_ten,svm,occupancy,mean_removed,6,unith,6,Nielsen,Oct_22_g0,0.999896608767576,1.0,1.0,0.8143459915611815,9,9,20,4,8,0,0,10,1,0,5,1,1H,5S,-0.22502933031955155,62,90,True,True,True,True,0
top_ten,svm,occupancy,mean_removed,6,unith,6,Nielsen,Oct_22_g0,0.999896608767576,1.0,1.0,0.8143459915611815,9,9,20,4,8,0,0,11,1,0,6,1,1H,6S,-0.21653223492163082,62,78,True,True,True,True,0
top_ten,svm,occupancy,mean_removed,6,unith,6,Nielsen,Oct_22_g0,0.999896608767576,1.0,1.0,0.8143459915611815,9,9,20,4,8,0,1,0,2,0,1,0,2H,1H,0.15017860903056102,46,62,True,True,True,True,0
top_ten,svm,occupancy,mean_removed,6,unith,6,Nielsen,Oct_22_g0,0.999896608767576,1.0,1.0,0.8143459915611815,9,9,20,4,8,0,1,1,2,0,2,0,2H,2H,0.1830430136885492,46,46,True,True,True,True,0
top_ten,svm,occupancy,mean_removed,6,unith,6,Nielsen,Oct_22_g0,0.999896608767576,1.0,1.0,0.8143459915611815,9,9,20,4,8,0,1,2,2,0,3,0,2H,3H,0.22372705441148727,46,71,True,True,True,True,0
top_ten,svm,occupancy,mean_removed,6,unith,6,Nielsen,Oct_22_g0,0.999896608767576,1.0,1.0,0.8143459915611815,9,9,20,4,8,0,1,3,2,0,4,0,2H,4H,0.1310177804357467,46,18,True,True,True,True,0
top_ten,svm,occupancy,mean_removed,6,unith,6,Nielsen,Oct_22_g0,0.999896608767576,1.0,1.0,0.8143459915611815,9,,20,4,8,0,1,4,2,0,5,0,2H,5H,,46,0,True,False,True,False,0
top_ten,svm,occupancy,mean_removed,6,unith,6,Nielsen,Oct_22_g0,0.999896608767576,1.0,1.0,0.8143459915611815,9,,20,4,8,0,1,5,2,0,6,0,2H,6H,,46,0,True,False,True,False,0
top_ten,svm,occupancy,mean_removed,6,unith,6,Nielsen,Oct_22_g0,0.999896608767576,1.0,1.0,0.8143459915611815,9,,20,4,8,0,1,6,2,0,1,1,2H,1S,,46,0,True,False,True,False,0
top_ten,svm,occupancy,mean_removed,6,unith,6,Nielsen,Oct_22_g0,0.999896608767576,1.0,1.0,0.8143459915611815,9,9,20,4,8,0,1,7,2,0,2,1,2H,2S,0.41687289483423157,46,23,True,True,True,True,0
top_ten,svm,occupancy,mean_removed,6,unith,6,Nielsen,Oct_22_g0,0.999896608767576,1.0,1.0,0.8143459915611815,9,3,20,4,8,0,1,8,2,0,3,1,2H,3S,-0.14638855386976352,46,6,True,True,True,False,0
top_ten,svm,occupancy,mean_removed,6,unith,6,Nielsen,Oct_22_g0,0.999896608767576,1.0,1.0,0.8143459915611815,9,9,20,4,8,0,1,9,2,0,4,1,2H,4S,0.18972592337938976,46,64,True,True,True,True,0
top_ten,svm,occupancy,mean_removed,6,unith,6,Nielsen,Oct_22_g0,0.999896608767576,1.0,1.0,0.8143459915611815,9,9,20,4,8,0,1,10,2,0,5,1,2H,5S,0.006553656343452919,46,90,True,True,True,True,0
top_ten,svm,occupancy,mean_removed,6,unith,6,Nielsen,Oct_22_g0,0.999896608767576,1.0,1.0,0.8143459915611815,9,9,20,4,8,0,1,11,2,0,6,1,2H,6S,0.046638085674957606,46,78,True,True,True,True,0
top_ten,svm,occupancy,mean_removed,6,unith,6,Nielsen,Oct_22_g0,0.999896608767576,1.0,1.0,0.8143459915611815,9,9,20,4,8,0,2,0,3,0,1,0,3H,1H,-0.025119215356422597,71,62,True,True,True,True,0
top_ten,svm,occupancy,mean_removed,6,unith,6,Nielsen,Oct_22_g0,0.999896608767576,1.0,1.0,0.8143459915611815,9,9,20,4,8,0,2,1,3,0,2,0,3H,2H,0.22372705441148727,71,46,True,True,True,True,0
top_ten,svm,occupancy,mean_removed,6,unith,6,Nielsen,Oct_22_g0,0.999896608767576,1.0,1.0,0.8143459915611815,9,9,20,4,8,0,2,2,3,0,3,0,3H,3H,0.10256822616452285,71,71,True,True,True,True,0
top_ten,svm,occupancy,mean_removed,6,unith,6,Nielsen,Oct_22_g0,0.999896608767576,1.0,1.0,0.8143459915611815,9,9,20,4,8,0,2,3,3,0,4,0,3H,4H,0.23912761396930718,71,18,True,True,True,True,0
top_ten,svm,occupancy,mean_removed,6,unith,6,Nielsen,Oct_22_g0,0.999896608767576,1.0,1.0,0.8143459915611815,9,,20,4,8,0,2,4,3,0,5,0,3H,5H,,71,0,True,False,True,False,0
top_ten,svm,occupancy,mean_removed,6,unith,6,Nielsen,Oct_22_g0,0.999896608767576,1.0,1.0,0.8143459915611815,9,,20,4,8,0,2,5,3,0,6,0,3H,6H,,71,0,True,False,True,False,0
top_ten,svm,occupancy,mean_removed,6,unith,6,Nielsen,Oct_22_g0,0.999896608767576,1.0,1.0,0.8143459915611815,9,,20,4,8,0,2,6,3,0,1,1,3H,1S,,71,0,True,False,True,False,0
top_ten,svm,occupancy,mean_removed,6,unith,6,Nielsen,Oct_22_g0,0.999896608767576,1.0,1.0,0.8143459915611815,9,9,20,4,8,0,2,7,3,0,2,1,3H,2S,0.13767211490399373,71,23,True,True,True,True,0
top_ten,svm,occupancy,mean_removed,6,unith,6,Nielsen,Oct_22_g0,0.999896608767576,1.0,1.0,0.8143459915611815,9,3,20,4,8,0,2,8,3,0,3,1,3H,3S,-0.1233294335389689,71,6,True,True,True,False,0
top_ten,svm,occupancy,mean_removed,6,unith,6,Nielsen,Oct_22_g0,0.999896608767576,1.0,1.0,0.8143459915611815,9,9,20,4,8,0,2,9,3,0,4,1,3H,4S,0.1201845297533745,71,64,True,True,True,True,0
top_ten,svm,occupancy,mean_removed,6,unith,6,Nielsen,Oct_22_g0,0.999896608767576,1.0,1.0,0.8143459915611815,9,9,20,4,8,0,2,10,3,0,5,1,3H,5S,0.163249450162579,71,90,True,True,True,True,0
top_ten,svm,occupancy,mean_removed,6,unith,6,Nielsen,Oct_22_g0,0.999896608767576,1.0,1.0,0.8143459915611815,9,9,20,4,8,0,2,11,3,0,6,1,3H,6S,0.15889633331624511,71,78,True,True,True,True,0
top_ten,svm,occupancy,mean_removed,6,unith,6,Nielsen,Oct_22_g0,0.999896608767576,1.0,1.0,0.8143459915611815,9,9,20,4,8,0,3,0,4,0,1,0,4H,1H,-0.09800029151275833,18,62,True,True,True,True,0
top_ten,svm,occupancy,mean_removed,6,unith,6,Nielsen,Oct_22_g0,0.999896608767576,1.0,1.0,0.8143459915611815,9,9,20,4,8,0,3,1,4,0,2,0,4H,2H,0.1310177804357467,18,46,True,True,True,True,0
top_ten,svm,occupancy,mean_removed,6,unith,6,Nielsen,Oct_22_g0,0.999896608767576,1.0,1.0,0.8143459915611815,9,9,20,4,8,0,3,2,4,0,3,0,4H,3H,0.23912761396930718,18,71,True,True,True,True,0
top_ten,svm,occupancy,mean_removed,6,unith,6,Nielsen,Oct_22_g0,0.999896608767576,1.0,1.0,0.8143459915611815,9,9,20,4,8,0,3,3,4,0,4,0,4H,4H,0.22004608400649875,18,18,True,True,True,True,0
top_ten,svm,occupancy,mean_removed,6,unith,6,Nielsen,Oct_22_g0,0.999896608767576,1.0,1.0,0.8143459915611815,9,,20,4,8,0,3,4,4,0,5,0,4H,5H,,18,0,True,False,True,False,0
top_ten,svm,occupancy,mean_removed,6,unith,6,Nielsen,Oct_22_g0,0.999896608767576,1.0,1.0,0.8143459915611815,9,,20,4,8,0,3,5,4,0,6,0,4H,6H,,18,0,True,False,True,False,0
top_ten,svm,occupancy,mean_removed,6,unith,6,Nielsen,Oct_22_g0,0.999896608767576,1.0,1.0,0.8143459915611815,9,,20,4,8,0,3,6,4,0,1,1,4H,1S,,18,0,True,False,True,False,0
top_ten,svm,occupancy,mean_removed,6,unith,6,Nielsen,Oct_22_g0,0.999896608767576,1.0,1.0,0.8143459915611815,9,9,20,4,8,0,3,7,4,0,2,1,4H,2S,0.1555858870649664,18,23,True,True,True,True,0
top_ten,svm,occupancy,mean_removed,6,unith,6,Nielsen,Oct_22_g0,0.999896608767576,1.0,1.0,0.8143459915611815,9,3,20,4,8,0,3,8,4,0,3,1,4H,3S,-0.3079288244044928,18,6,True,True,True,False,0
top_ten,svm,occupancy,mean_removed,6,unith,6,Nielsen,Oct_22_g0,0.999896608767576,1.0,1.0,0.8143459915611815,9,9,20,4,8,0,3,9,4,0,4,1,4H,4S,0.2421340112302019,18,64,True,True,True,True,0
top_ten,svm,occupancy,mean_removed,6,unith,6,Nielsen,Oct_22_g0,0.999896608767576,1.0,1.0,0.8143459915611815,9,9,20,4,8,0,3,10,4,0,5,1,4H,5S,0.21071620435971852,18,90,True,True,True,True,0
top_ten,svm,occupancy,mean_removed,6,unith,6,Nielsen,Oct_22_g0,0.999896608767576,1.0,1.0,0.8143459915611815,9,9,20,4,8,0,3,11,4,0,6,1,4H,6S,0.4247755299664531,18,78,True,True,True,True,0
top_ten,svm,occupancy,mean_removed,6,unith,6,Nielsen,Oct_22_g0,0.999896608767576,1.0,1.0,0.8143459915611815,,9,20,4,8,0,4,0,5,0,1,0,5H,1H,,0,62,False,True,False,True,0
top_ten,svm,occupancy,mean_removed,6,unith,6,Nielsen,Oct_22_g0,0.999896608767576,1.0,1.0,0.8143459915611815,,9,20,4,8,0,4,1,5,0,2,0,5H,2H,,0,46,False,True,False,True,0
top_ten,svm,occupancy,mean_removed,6,unith,6,Nielsen,Oct_22_g0,0.999896608767576,1.0,1.0,0.8143459915611815,,9,20,4,8,0,4,2,5,0,3,0,5H,3H,,0,71,False,True,False,True,0
top_ten,svm,occupancy,mean_removed,6,unith,6,Nielsen,Oct_22_g0,0.999896608767576,1.0,1.0,0.8143459915611815,,9,20,4,8,0,4,3,5,0,4,0,5H,4H,,0,18,False,True,False,True,0
top_ten,svm,occupancy,mean_removed,6,unith,6,Nielsen,Oct_22_g0,0.999896608767576,1.0,1.0,0.8143459915611815,,,20,4,8,0,4,4,5,0,5,0,5H,5H,,0,0,False,False,False,False,0
top_ten,svm,occupancy,mean_removed,6,unith,6,Nielsen,Oct_22_g0,0.999896608767576,1.0,1.0,0.8143459915611815,,,20,4,8,0,4,5,5,0,6,0,5H,6H,,0,0,False,False,False,False,0
top_ten,svm,occupancy,mean_removed,6,unith,6,Nielsen,Oct_22_g0,0.999896608767576,1.0,1.0,0.8143459915611815,,,20,4,8,0,4,6,5,0,1,1,5H,1S,,0,0,False,False,False,False,0
top_ten,svm,occupancy,mean_removed,6,unith,6,Nielsen,Oct_22_g0,0.999896608767576,1.0,1.0,0.8143459915611815,,9,20,4,8,0,4,7,5,0,2,1,5H,2S,,0,23,False,True,False,True,0
top_ten,svm,occupancy,mean_removed,6,unith,6,Nielsen,Oct_22_g0,0.999896608767576,1.0,1.0,0.8143459915611815,,3,20,4,8,0,4,8,5,0,3,1,5H,3S,,0,6,False,True,False,False,0
top_ten,svm,occupancy,mean_removed,6,unith,6,Nielsen,Oct_22_g0,0.999896608767576,1.0,1.0,0.8143459915611815,,9,20,4,8,0,4,9,5,0,4,1,5H,4S,,0,64,False,True,False,True,0
top_ten,svm,occupancy,mean_removed,6,unith,6,Nielsen,Oct_22_g0,0.999896608767576,1.0,1.0,0.8143459915611815,,9,20,4,8,0,4,10,5,0,5,1,5H,5S,,0,90,False,True,False,True,0
top_ten,svm,occupancy,mean_removed,6,unith,6,Nielsen,Oct_22_g0,0.999896608767576,1.0,1.0,0.8143459915611815,,9,20,4,8,0,4,11,5,0,6,1,5H,6S,,0,78,False,True,False,True,0
top_ten,svm,occupancy,mean_removed,6,unith,6,Nielsen,Oct_22_g0,0.999896608767576,1.0,1.0,0.8143459915611815,,9,20,4,8,0,5,0,6,0,1,0,6H,1H,,0,62,False,True,False,True,0
top_ten,svm,occupancy,mean_removed,6,unith,6,Nielsen,Oct_22_g0,0.999896608767576,1.0,1.0,0.8143459915611815,,9,20,4,8,0,5,1,6,0,2,0,6H,2H,,0,46,False,True,False,True,0
top_ten,svm,occupancy,mean_removed,6,unith,6,Nielsen,Oct_22_g0,0.999896608767576,1.0,1.0,0.8143459915611815,,9,20,4,8,0,5,2,6,0,3,0,6H,3H,,0,71,False,True,False,True,0
top_ten,svm,occupancy,mean_removed,6,unith,6,Nielsen,Oct_22_g0,0.999896608767576,1.0,1.0,0.8143459915611815,,9,20,4,8,0,5,3,6,0,4,0,6H,4H,,0,18,False,True,False,True,0
top_ten,svm,occupancy,mean_removed,6,unith,6,Nielsen,Oct_22_g0,0.999896608767576,1.0,1.0,0.8143459915611815,,,20,4,8,0,5,4,6,0,5,0,6H,5H,,0,0,False,False,False,False,0
top_ten,svm,occupancy,mean_removed,6,unith,6,Nielsen,Oct_22_g0,0.999896608767576,1.0,1.0,0.8143459915611815,,,20,4,8,0,5,5,6,0,6,0,6H,6H,,0,0,False,False,False,False,0
top_ten,svm,occupancy,mean_removed,6,unith,6,Nielsen,Oct_22_g0,0.999896608767576,1.0,1.0,0.8143459915611815,,,20,4,8,0,5,6,6,0,1,1,6H,1S,,0,0,False,False,False,False,0
top_ten,svm,occupancy,mean_removed,6,unith,6,Nielsen,Oct_22_g0,0.999896608767576,1.0,1.0,0.8143459915611815,,9,20,4,8,0,5,7,6,0,2,1,6H,2S,,0,23,False,True,False,True,0
top_ten,svm,occupancy,mean_removed,6,unith,6,Nielsen,Oct_22_g0,0.999896608767576,1.0,1.0,0.8143459915611815,,3,20,4,8,0,5,8,6,0,3,1,6H,3S,,0,6,False,True,False,False,0
top_ten,svm,occupancy,mean_removed,6,unith,6,Nielsen,Oct_22_g0,0.999896608767576,1.0,1.0,0.8143459915611815,,9,20,4,8,0,5,9,6,0,4,1,6H,4S,,0,64,False,True,False,True,0
top_ten,svm,occupancy,mean_removed,6,unith,6,Nielsen,Oct_22_g0,0.999896608767576,1.0,1.0,0.8143459915611815,,9,20,4,8,0,5,10,6,0,5,1,6H,5S,,0,90,False,True,False,True,0
top_ten,svm,occupancy,mean_removed,6,unith,6,Nielsen,Oct_22_g0,0.999896608767576,1.0,1.0,0.8143459915611815,,9,20,4,8,0,5,11,6,0,6,1,6H,6S,,0,78,False,True,False,True,0
top_ten,svm,occupancy,mean_removed,6,unith,6,Nielsen,Oct_22_g0,0.999896608767576,1.0,1.0,0.8143459915611815,,9,20,4,8,0,6,0,1,1,1,0,1S,1H,,0,62,False,True,False,True,0
top_ten,svm,occupancy,mean_removed,6,unith,6,Nielsen,Oct_22_g0,0.999896608767576,1.0,1.0,0.8143459915611815,,9,20,4,8,0,6,1,1,1,2,0,1S,2H,,0,46,False,True,False,True,0
top_ten,svm,occupancy,mean_removed,6,unith,6,Nielsen,Oct_22_g0,0.999896608767576,1.0,1.0,0.8143459915611815,,9,20,4,8,0,6,2,1,1,3,0,1S,3H,,0,71,False,True,False,True,0
top_ten,svm,occupancy,mean_removed,6,unith,6,Nielsen,Oct_22_g0,0.999896608767576,1.0,1.0,0.8143459915611815,,9,20,4,8,0,6,3,1,1,4,0,1S,4H,,0,18,False,True,False,True,0
top_ten,svm,occupancy,mean_removed,6,unith,6,Nielsen,Oct_22_g0,0.999896608767576,1.0,1.0,0.8143459915611815,,,20,4,8,0,6,4,1,1,5,0,1S,5H,,0,0,False,False,False,False,0
top_ten,svm,occupancy,mean_removed,6,unith,6,Nielsen,Oct_22_g0,0.999896608767576,1.0,1.0,0.8143459915611815,,,20,4,8,0,6,5,1,1,6,0,1S,6H,,0,0,False,False,False,False,0
top_ten,svm,occupancy,mean_removed,6,unith,6,Nielsen,Oct_22_g0,0.999896608767576,1.0,1.0,0.8143459915611815,,,20,4,8,0,6,6,1,1,1,1,1S,1S,,0,0,False,False,False,False,0
top_ten,svm,occupancy,mean_removed,6,unith,6,Nielsen,Oct_22_g0,0.999896608767576,1.0,1.0,0.8143459915611815,,9,20,4,8,0,6,7,1,1,2,1,1S,2S,,0,23,False,True,False,True,0
top_ten,svm,occupancy,mean_removed,6,unith,6,Nielsen,Oct_22_g0,0.999896608767576,1.0,1.0,0.8143459915611815,,3,20,4,8,0,6,8,1,1,3,1,1S,3S,,0,6,False,True,False,False,0
top_ten,svm,occupancy,mean_removed,6,unith,6,Nielsen,Oct_22_g0,0.999896608767576,1.0,1.0,0.8143459915611815,,9,20,4,8,0,6,9,1,1,4,1,1S,4S,,0,64,False,True,False,True,0
top_ten,svm,occupancy,mean_removed,6,unith,6,Nielsen,Oct_22_g0,0.999896608767576,1.0,1.0,0.8143459915611815,,9,20,4,8,0,6,10,1,1,5,1,1S,5S,,0,90,False,True,False,True,0
top_ten,svm,occupancy,mean_removed,6,unith,6,Nielsen,Oct_22_g0,0.999896608767576,1.0,1.0,0.8143459915611815,,9,20,4,8,0,6,11,1,1,6,1,1S,6S,,0,78,False,True,False,True,0
top_ten,svm,occupancy,mean_removed,6,unith,6,Nielsen,Oct_22_g0,0.999896608767576,1.0,1.0,0.8143459915611815,9,9,20,4,8,0,7,0,2,1,1,0,2S,1H,0.22946011350796755,23,62,True,True,True,True,0
top_ten,svm,occupancy,mean_removed,6,unith,6,Nielsen,Oct_22_g0,0.999896608767576,1.0,1.0,0.8143459915611815,9,9,20,4,8,0,7,1,2,1,2,0,2S,2H,0.41687289483423157,23,46,True,True,True,True,0
top_ten,svm,occupancy,mean_removed,6,unith,6,Nielsen,Oct_22_g0,0.999896608767576,1.0,1.0,0.8143459915611815,9,9,20,4,8,0,7,2,2,1,3,0,2S,3H,0.13767211490399373,23,71,True,True,True,True,0
top_ten,svm,occupancy,mean_removed,6,unith,6,Nielsen,Oct_22_g0,0.999896608767576,1.0,1.0,0.8143459915611815,9,9,20,4,8,0,7,3,2,1,4,0,2S,4H,0.1555858870649664,23,18,True,True,True,True,0
top_ten,svm,occupancy,mean_removed,6,unith,6,Nielsen,Oct_22_g0,0.999896608767576,1.0,1.0,0.8143459915611815,9,,20,4,8,0,7,4,2,1,5,0,2S,5H,,23,0,True,False,True,False,0
top_ten,svm,occupancy,mean_removed,6,unith,6,Nielsen,Oct_22_g0,0.999896608767576,1.0,1.0,0.8143459915611815,9,,20,4,8,0,7,5,2,1,6,0,2S,6H,,23,0,True,False,True,False,0
top_ten,svm,occupancy,mean_removed,6,unith,6,Nielsen,Oct_22_g0,0.999896608767576,1.0,1.0,0.8143459915611815,9,,20,4,8,0,7,6,2,1,1,1,2S,1S,,23,0,True,False,True,False,0
top_ten,svm,occupancy,mean_removed,6,unith,6,Nielsen,Oct_22_g0,0.999896608767576,1.0,1.0,0.8143459915611815,9,9,20,4,8,0,7,7,2,1,2,1,2S,2S,0.1375544587717265,23,23,True,True,True,True,0
top_ten,svm,occupancy,mean_removed,6,unith,6,Nielsen,Oct_22_g0,0.999896608767576,1.0,1.0,0.8143459915611815,9,3,20,4,8,0,7,8,2,1,3,1,2S,3S,-0.029236170734148727,23,6,True,True,True,False,0
top_ten,svm,occupancy,mean_removed,6,unith,6,Nielsen,Oct_22_g0,0.999896608767576,1.0,1.0,0.8143459915611815,9,9,20,4,8,0,7,9,2,1,4,1,2S,4S,0.037444390714210525,23,64,True,True,True,True,0
top_ten,svm,occupancy,mean_removed,6,unith,6,Nielsen,Oct_22_g0,0.999896608767576,1.0,1.0,0.8143459915611815,9,9,20,4,8,0,7,10,2,1,5,1,2S,5S,-0.15017570661281618,23,90,True,True,True,True,0
top_ten,svm,occupancy,mean_removed,6,unith,6,Nielsen,Oct_22_g0,0.999896608767576,1.0,1.0,0.8143459915611815,9,9,20,4,8,0,7,11,2,1,6,1,2S,6S,0.013973992327582774,23,78,True,True,True,True,0
top_ten,svm,occupancy,mean_removed,6,unith,6,Nielsen,Oct_22_g0,0.999896608767576,1.0,1.0,0.8143459915611815,3,9,20,4,8,0,8,0,3,1,1,0,3S,1H,-0.14339413667006823,6,62,True,True,False,True,0
top_ten,svm,occupancy,mean_removed,6,unith,6,Nielsen,Oct_22_g0,0.999896608767576,1.0,1.0,0.8143459915611815,3,9,20,4,8,0,8,1,3,1,2,0,3S,2H,-0.14638855386976352,6,46,True,True,False,True,0
top_ten,svm,occupancy,mean_removed,6,unith,6,Nielsen,Oct_22_g0,0.999896608767576,1.0,1.0,0.8143459915611815,3,9,20,4,8,0,8,2,3,1,3,0,3S,3H,-0.1233294335389689,6,71,True,True,False,True,0
top_ten,svm,occupancy,mean_removed,6,unith,6,Nielsen,Oct_22_g0,0.999896608767576,1.0,1.0,0.8143459915611815,3,9,20,4,8,0,8,3,3,1,4,0,3S,4H,-0.3079288244044928,6,18,True,True,False,True,0
top_ten,svm,occupancy,mean_removed,6,unith,6,Nielsen,Oct_22_g0,0.999896608767576,1.0,1.0,0.8143459915611815,3,,20,4,8,0,8,4,3,1,5,0,3S,5H,,6,0,True,False,False,False,0
top_ten,svm,occupancy,mean_removed,6,unith,6,Nielsen,Oct_22_g0,0.999896608767576,1.0,1.0,0.8143459915611815,3,,20,4,8,0,8,5,3,1,6,0,3S,6H,,6,0,True,False,False,False,0
top_ten,svm,occupancy,mean_removed,6,unith,6,Nielsen,Oct_22_g0,0.999896608767576,1.0,1.0,0.8143459915611815,3,,20,4,8,0,8,6,3,1,1,1,3S,1S,,6,0,True,False,False,False,0
top_ten,svm,occupancy,mean_removed,6,unith,6,Nielsen,Oct_22_g0,0.999896608767576,1.0,1.0,0.8143459915611815,3,9,20,4,8,0,8,7,3,1,2,1,3S,2S,-0.029236170734148727,6,23,True,True,False,True,0
top_ten,svm,occupancy,mean_removed,6,unith,6,Nielsen,Oct_22_g0,0.999896608767576,1.0,1.0,0.8143459915611815,3,3,20,4,8,0,8,8,3,1,3,1,3S,3S,0.24733452183639057,6,6,True,True,False,False,0
top_ten,svm,occupancy,mean_removed,6,unith,6,Nielsen,Oct_22_g0,0.999896608767576,1.0,1.0,0.8143459915611815,3,9,20,4,8,0,8,9,3,1,4,1,3S,4S,-0.07990915751091845,6,64,True,True,False,True,0
top_ten,svm,occupancy,mean_removed,6,unith,6,Nielsen,Oct_22_g0,0.999896608767576,1.0,1.0,0.8143459915611815,3,9,20,4,8,0,8,10,3,1,5,1,3S,5S,0.26070638863462553,6,90,True,True,False,True,0
top_ten,svm,occupancy,mean_removed,6,unith,6,Nielsen,Oct_22_g0,0.999896608767576,1.0,1.0,0.8143459915611815,3,9,20,4,8,0,8,11,3,1,6,1,3S,6S,-0.15979772520452618,6,78,True,True,False,True,0
top_ten,svm,occupancy,mean_removed,6,unith,6,Nielsen,Oct_22_g0,0.999896608767576,1.0,1.0,0.8143459915611815,9,9,20,4,8,0,9,0,4,1,1,0,4S,1H,-0.021540253532240053,64,62,True,True,True,True,0
top_ten,svm,occupancy,mean_removed,6,unith,6,Nielsen,Oct_22_g0,0.999896608767576,1.0,1.0,0.8143459915611815,9,9,20,4,8,0,9,1,4,1,2,0,4S,2H,0.18972592337938976,64,46,True,True,True,True,0
top_ten,svm,occupancy,mean_removed,6,unith,6,Nielsen,Oct_22_g0,0.999896608767576,1.0,1.0,0.8143459915611815,9,9,20,4,8,0,9,2,4,1,3,0,4S,3H,0.1201845297533745,64,71,True,True,True,True,0
top_ten,svm,occupancy,mean_removed,6,unith,6,Nielsen,Oct_22_g0,0.999896608767576,1.0,1.0,0.8143459915611815,9,9,20,4,8,0,9,3,4,1,4,0,4S,4H,0.2421340112302019,64,18,True,True,True,True,0
top_ten,svm,occupancy,mean_removed,6,unith,6,Nielsen,Oct_22_g0,0.999896608767576,1.0,1.0,0.8143459915611815,9,,20,4,8,0,9,4,4,1,5,0,4S,5H,,64,0,True,False,True,False,0
top_ten,svm,occupancy,mean_removed,6,unith,6,Nielsen,Oct_22_g0,0.999896608767576,1.0,1.0,0.8143459915611815,9,,20,4,8,0,9,5,4,1,6,0,4S,6H,,64,0,True,False,True,False,0
top_ten,svm,occupancy,mean_removed,6,unith,6,Nielsen,Oct_22_g0,0.999896608767576,1.0,1.0,0.8143459915611815,9,,20,4,8,0,9,6,4,1,1,1,4S,1S,,64,0,True,False,True,False,0
top_ten,svm,occupancy,mean_removed,6,unith,6,Nielsen,Oct_22_g0,0.999896608767576,1.0,1.0,0.8143459915611815,9,9,20,4,8,0,9,7,4,1,2,1,4S,2S,0.037444390714210525,64,23,True,True,True,True,0
top_ten,svm,occupancy,mean_removed,6,unith,6,Nielsen,Oct_22_g0,0.999896608767576,1.0,1.0,0.8143459915611815,9,3,20,4,8,0,9,8,4,1,3,1,4S,3S,-0.07990915751091845,64,6,True,True,True,False,0
top_ten,svm,occupancy,mean_removed,6,unith,6,Nielsen,Oct_22_g0,0.999896608767576,1.0,1.0,0.8143459915611815,9,9,20,4,8,0,9,9,4,1,4,1,4S,4S,0.17318031026714625,64,64,True,True,True,True,0
top_ten,svm,occupancy,mean_removed,6,unith,6,Nielsen,Oct_22_g0,0.999896608767576,1.0,1.0,0.8143459915611815,9,9,20,4,8,0,9,10,4,1,5,1,4S,5S,0.12806118398756403,64,90,True,True,True,True,0
top_ten,svm,occupancy,mean_removed,6,unith,6,Nielsen,Oct_22_g0,0.999896608767576,1.0,1.0,0.8143459915611815,9,9,20,4,8,0,9,11,4,1,6,1,4S,6S,0.31475917894246386,64,78,True,True,True,True,0
top_ten,svm,occupancy,mean_removed,6,unith,6,Nielsen,Oct_22_g0,0.999896608767576,1.0,1.0,0.8143459915611815,9,9,20,4,8,0,10,0,5,1,1,0,5S,1H,-0.22502933031955155,90,62,True,True,True,True,0
top_ten,svm,occupancy,mean_removed,6,unith,6,Nielsen,Oct_22_g0,0.999896608767576,1.0,1.0,0.8143459915611815,9,9,20,4,8,0,10,1,5,1,2,0,5S,2H,0.006553656343452919,90,46,True,True,True,True,0
top_ten,svm,occupancy,mean_removed,6,unith,6,Nielsen,Oct_22_g0,0.999896608767576,1.0,1.0,0.8143459915611815,9,9,20,4,8,0,10,2,5,1,3,0,5S,3H,0.163249450162579,90,71,True,True,True,True,0
top_ten,svm,occupancy,mean_removed,6,unith,6,Nielsen,Oct_22_g0,0.999896608767576,1.0,1.0,0.8143459915611815,9,9,20,4,8,0,10,3,5,1,4,0,5S,4H,0.21071620435971852,90,18,True,True,True,True,0
top_ten,svm,occupancy,mean_removed,6,unith,6,Nielsen,Oct_22_g0,0.999896608767576,1.0,1.0,0.8143459915611815,9,,20,4,8,0,10,4,5,1,5,0,5S,5H,,90,0,True,False,True,False,0
top_ten,svm,occupancy,mean_removed,6,unith,6,Nielsen,Oct_22_g0,0.999896608767576,1.0,1.0,0.8143459915611815,9,,20,4,8,0,10,5,5,1,6,0,5S,6H,,90,0,True,False,True,False,0
top_ten,svm,occupancy,mean_removed,6,unith,6,Nielsen,Oct_22_g0,0.999896608767576,1.0,1.0,0.8143459915611815,9,,20,4,8,0,10,6,5,1,1,1,5S,1S,,90,0,True,False,True,False,0
top_ten,svm,occupancy,mean_removed,6,unith,6,Nielsen,Oct_22_g0,0.999896608767576,1.0,1.0,0.8143459915611815,9,9,20,4,8,0,10,7,5,1,2,1,5S,2S,-0.15017570661281618,90,23,True,True,True,True,0
top_ten,svm,occupancy,mean_removed,6,unith,6,Nielsen,Oct_22_g0,0.999896608767576,1.0,1.0,0.8143459915611815,9,3,20,4,8,0,10,8,5,1,3,1,5S,3S,0.26070638863462553,90,6,True,True,True,False,0
top_ten,svm,occupancy,mean_removed,6,unith,6,Nielsen,Oct_22_g0,0.999896608767576,1.0,1.0,0.8143459915611815,9,9,20,4,8,0,10,9,5,1,4,1,5S,4S,0.12806118398756403,90,64,True,True,True,True,0
top_ten,svm,occupancy,mean_removed,6,unith,6,Nielsen,Oct_22_g0,0.999896608767576,1.0,1.0,0.8143459915611815,9,9,20,4,8,0,10,10,5,1,5,1,5S,5S,0.4052030975767754,90,90,True,True,True,True,0
top_ten,svm,occupancy,mean_removed,6,unith,6,Nielsen,Oct_22_g0,0.999896608767576,1.0,1.0,0.8143459915611815,9,9,20,4,8,0,10,11,5,1,6,1,5S,6S,0.38074097310457444,90,78,True,True,True,True,0
top_ten,svm,occupancy,mean_removed,6,unith,6,Nielsen,Oct_22_g0,0.999896608767576,1.0,1.0,0.8143459915611815,9,9,20,4,8,0,11,0,6,1,1,0,6S,1H,-0.21653223492163082,78,62,True,True,True,True,0
top_ten,svm,occupancy,mean_removed,6,unith,6,Nielsen,Oct_22_g0,0.999896608767576,1.0,1.0,0.8143459915611815,9,9,20,4,8,0,11,1,6,1,2,0,6S,2H,0.046638085674957606,78,46,True,True,True,True,0
top_ten,svm,occupancy,mean_removed,6,unith,6,Nielsen,Oct_22_g0,0.999896608767576,1.0,1.0,0.8143459915611815,9,9,20,4,8,0,11,2,6,1,3,0,6S,3H,0.15889633331624511,78,71,True,True,True,True,0
top_ten,svm,occupancy,mean_removed,6,unith,6,Nielsen,Oct_22_g0,0.999896608767576,1.0,1.0,0.8143459915611815,9,9,20,4,8,0,11,3,6,1,4,0,6S,4H,0.4247755299664531,78,18,True,True,True,True,0
top_ten,svm,occupancy,mean_removed,6,unith,6,Nielsen,Oct_22_g0,0.999896608767576,1.0,1.0,0.8143459915611815,9,,20,4,8,0,11,4,6,1,5,0,6S,5H,,78,0,True,False,True,False,0
top_ten,svm,occupancy,mean_removed,6,unith,6,Nielsen,Oct_22_g0,0.999896608767576,1.0,1.0,0.8143459915611815,9,,20,4,8,0,11,5,6,1,6,0,6S,6H,,78,0,True,False,True,False,0
top_ten,svm,occupancy,mean_removed,6,unith,6,Nielsen,Oct_22_g0,0.999896608767576,1.0,1.0,0.8143459915611815,9,,20,4,8,0,11,6,6,1,1,1,6S,1S,,78,0,True,False,True,False,0
top_ten,svm,occupancy,mean_removed,6,unith,6,Nielsen,Oct_22_g0,0.999896608767576,1.0,1.0,0.8143459915611815,9,9,20,4,8,0,11,7,6,1,2,1,6S,2S,0.013973992327582774,78,23,True,True,True,True,0
top_ten,svm,occupancy,mean_removed,6,unith,6,Nielsen,Oct_22_g0,0.999896608767576,1.0,1.0,0.8143459915611815,9,3,20,4,8,0,11,8,6,1,3,1,6S,3S,-0.15979772520452618,78,6,True,True,True,False,0
top_ten,svm,occupancy,mean_removed,6,unith,6,Nielsen,Oct_22_g0,0.999896608767576,1.0,1.0,0.8143459915611815,9,9,20,4,8,0,11,9,6,1,4,1,6S,4S,0.31475917894246386,78,64,True,True,True,True,0
top_ten,svm,occupancy,mean_removed,6,unith,6,Nielsen,Oct_22_g0,0.999896608767576,1.0,1.0,0.8143459915611815,9,9,20,4,8,0,11,10,6,1,5,1,6S,5S,0.38074097310457444,78,90,True,True,True,True,0
top_ten,svm,occupancy,mean_removed,6,unith,6,Nielsen,Oct_22_g0,0.999896608767576,1.0,1.0,0.8143459915611815,9,9,20,4,8,0,11,11,6,1,6,1,6S,6S,0.6016007068881153,78,78,True,True,True,True,0
top_ten,svm,occupancy,mean_removed,6,unith,6,Nielsen,Oct_25_g0,0.969401041666667,0.97021484375,0.921875,0.5207547169811321,4,4,20,4,8,0,0,0,1,0,1,0,1H,1H,0.03271113875941102,60,60,True,True,True,True,0
top_ten,svm,occupancy,mean_removed,6,unith,6,Nielsen,Oct_25_g0,0.969401041666667,0.97021484375,0.921875,0.5207547169811321,4,4,20,4,8,0,0,1,1,0,2,0,1H,2H,0.0028140768778252114,60,69,True,True,True,True,0
top_ten,svm,occupancy,mean_removed,6,unith,6,Nielsen,Oct_25_g0,0.969401041666667,0.97021484375,0.921875,0.5207547169811321,4,4,20,4,8,0,0,2,1,0,3,0,1H,3H,0.016652325825546384,60,77,True,True,True,True,0
top_ten,svm,occupancy,mean_removed,6,unith,6,Nielsen,Oct_25_g0,0.969401041666667,0.97021484375,0.921875,0.5207547169811321,4,4,20,4,8,0,0,3,1,0,4,0,1H,4H,-0.05887741963775374,60,76,True,True,True,True,0
top_ten,svm,occupancy,mean_removed,6,unith,6,Nielsen,Oct_25_g0,0.969401041666667,0.97021484375,0.921875,0.5207547169811321,4,4,20,4,8,0,0,4,1,0,5,0,1H,5H,0.05521796779281737,60,9,True,True,True,True,0
top_ten,svm,occupancy,mean_removed,6,unith,6,Nielsen,Oct_25_g0,0.969401041666667,0.97021484375,0.921875,0.5207547169811321,4,,20,4,8,0,0,5,1,0,6,0,1H,6H,,60,0,True,False,True,False,0
top_ten,svm,occupancy,mean_removed,6,unith,6,Nielsen,Oct_25_g0,0.969401041666667,0.97021484375,0.921875,0.5207547169811321,4,,20,4,8,0,0,6,1,0,1,1,1H,1S,,60,0,True,False,True,False,0
top_ten,svm,occupancy,mean_removed,6,unith,6,Nielsen,Oct_25_g0,0.969401041666667,0.97021484375,0.921875,0.5207547169811321,4,,20,4,8,0,0,7,1,0,2,1,1H,2S,,60,0,True,False,True,False,0
top_ten,svm,occupancy,mean_removed,6,unith,6,Nielsen,Oct_25_g0,0.969401041666667,0.97021484375,0.921875,0.5207547169811321,4,2,20,4,8,0,0,8,1,0,3,1,1H,3S,-0.15277984472347012,60,4,True,True,True,False,0
top_ten,svm,occupancy,mean_removed,6,unith,6,Nielsen,Oct_25_g0,0.969401041666667,0.97021484375,0.921875,0.5207547169811321,4,4,20,4,8,0,0,9,1,0,4,1,1H,4S,-0.199929721340181,60,11,True,True,True,True,0
top_ten,svm,occupancy,mean_removed,6,unith,6,Nielsen,Oct_25_g0,0.969401041666667,0.97021484375,0.921875,0.5207547169811321,4,4,20,4,8,0,0,10,1,0,5,1,1H,5S,-0.1852352320780585,60,104,True,True,True,True,0
top_ten,svm,occupancy,mean_removed,6,unith,6,Nielsen,Oct_25_g0,0.969401041666667,0.97021484375,0.921875,0.5207547169811321,4,4,20,4,8,0,0,11,1,0,6,1,1H,6S,-0.2121534777016707,60,87,True,True,True,True,0
top_ten,svm,occupancy,mean_removed,6,unith,6,Nielsen,Oct_25_g0,0.969401041666667,0.97021484375,0.921875,0.5207547169811321,4,4,20,4,8,0,1,0,2,0,1,0,2H,1H,0.0028140768778252114,69,60,True,True,True,True,0
top_ten,svm,occupancy,mean_removed,6,unith,6,Nielsen,Oct_25_g0,0.969401041666667,0.97021484375,0.921875,0.5207547169811321,4,4,20,4,8,0,1,1,2,0,2,0,2H,2H,0.11391556100466027,69,69,True,True,True,True,0
top_ten,svm,occupancy,mean_removed,6,unith,6,Nielsen,Oct_25_g0,0.969401041666667,0.97021484375,0.921875,0.5207547169811321,4,4,20,4,8,0,1,2,2,0,3,0,2H,3H,-0.10399984234036663,69,77,True,True,True,True,0
top_ten,svm,occupancy,mean_removed,6,unith,6,Nielsen,Oct_25_g0,0.969401041666667,0.97021484375,0.921875,0.5207547169811321,4,4,20,4,8,0,1,3,2,0,4,0,2H,4H,0.028411281400018536,69,76,True,True,True,True,0
top_ten,svm,occupancy,mean_removed,6,unith,6,Nielsen,Oct_25_g0,0.969401041666667,0.97021484375,0.921875,0.5207547169811321,4,4,20,4,8,0,1,4,2,0,5,0,2H,5H,-0.08432734502517551,69,9,True,True,True,True,0
top_ten,svm,occupancy,mean_removed,6,unith,6,Nielsen,Oct_25_g0,0.969401041666667,0.97021484375,0.921875,0.5207547169811321,4,,20,4,8,0,1,5,2,0,6,0,2H,6H,,69,0,True,False,True,False,0
top_ten,svm,occupancy,mean_removed,6,unith,6,Nielsen,Oct_25_g0,0.969401041666667,0.97021484375,0.921875,0.5207547169811321,4,,20,4,8,0,1,6,2,0,1,1,2H,1S,,69,0,True,False,True,False,0
top_ten,svm,occupancy,mean_removed,6,unith,6,Nielsen,Oct_25_g0,0.969401041666667,0.97021484375,0.921875,0.5207547169811321,4,,20,4,8,0,1,7,2,0,2,1,2H,2S,,69,0,True,False,True,False,0
top_ten,svm,occupancy,mean_removed,6,unith,6,Nielsen,Oct_25_g0,0.969401041666667,0.97021484375,0.921875,0.5207547169811321,4,2,20,4,8,0,1,8,2,0,3,1,2H,3S,-0.09756176645478631,69,4,True,True,True,False,0
top_ten,svm,occupancy,mean_removed,6,unith,6,Nielsen,Oct_25_g0,0.969401041666667,0.97021484375,0.921875,0.5207547169811321,4,4,20,4,8,0,1,9,2,0,4,1,2H,4S,-0.011502876554181122,69,11,True,True,True,True,0
top_ten,svm,occupancy,mean_removed,6,unith,6,Nielsen,Oct_25_g0,0.969401041666667,0.97021484375,0.921875,0.5207547169811321,4,4,20,4,8,0,1,10,2,0,5,1,2H,5S,-0.14755616039838454,69,104,True,True,True,True,0
top_ten,svm,occupancy,mean_removed,6,unith,6,Nielsen,Oct_25_g0,0.969401041666667,0.97021484375,0.921875,0.5207547169811321,4,4,20,4,8,0,1,11,2,0,6,1,2H,6S,-0.005040428057245437,69,87,True,True,True,True,0
top_ten,svm,occupancy,mean_removed,6,unith,6,Nielsen,Oct_25_g0,0.969401041666667,0.97021484375,0.921875,0.5207547169811321,4,4,20,4,8,0,2,0,3,0,1,0,3H,1H,0.016652325825546384,77,60,True,True,True,True,0
top_ten,svm,occupancy,mean_removed,6,unith,6,Nielsen,Oct_25_g0,0.969401041666667,0.97021484375,0.921875,0.5207547169811321,4,4,20,4,8,0,2,1,3,0,2,0,3H,2H,-0.10399984234036663,77,69,True,True,True,True,0
top_ten,svm,occupancy,mean_removed,6,unith,6,Nielsen,Oct_25_g0,0.969401041666667,0.97021484375,0.921875,0.5207547169811321,4,4,20,4,8,0,2,2,3,0,3,0,3H,3H,0.09099783164751662,77,77,True,True,True,True,0
top_ten,svm,occupancy,mean_removed,6,unith,6,Nielsen,Oct_25_g0,0.969401041666667,0.97021484375,0.921875,0.5207547169811321,4,4,20,4,8,0,2,3,3,0,4,0,3H,4H,-0.04132113040061981,77,76,True,True,True,True,0
top_ten,svm,occupancy,mean_removed,6,unith,6,Nielsen,Oct_25_g0,0.969401041666667,0.97021484375,0.921875,0.5207547169811321,4,4,20,4,8,0,2,4,3,0,5,0,3H,5H,0.00579819884209222,77,9,True,True,True,True,0
top_ten,svm,occupancy,mean_removed,6,unith,6,Nielsen,Oct_25_g0,0.969401041666667,0.97021484375,0.921875,0.5207547169811321,4,,20,4,8,0,2,5,3,0,6,0,3H,6H,,77,0,True,False,True,False,0
top_ten,svm,occupancy,mean_removed,6,unith,6,Nielsen,Oct_25_g0,0.969401041666667,0.97021484375,0.921875,0.5207547169811321,4,,20,4,8,0,2,6,3,0,1,1,3H,1S,,77,0,True,False,True,False,0
top_ten,svm,occupancy,mean_removed,6,unith,6,Nielsen,Oct_25_g0,0.969401041666667,0.97021484375,0.921875,0.5207547169811321,4,,20,4,8,0,2,7,3,0,2,1,3H,2S,,77,0,True,False,True,False,0
top_ten,svm,occupancy,mean_removed,6,unith,6,Nielsen,Oct_25_g0,0.969401041666667,0.97021484375,0.921875,0.5207547169811321,4,2,20,4,8,0,2,8,3,0,3,1,3H,3S,0.08987088811540608,77,4,True,True,True,False,0
top_ten,svm,occupancy,mean_removed,6,unith,6,Nielsen,Oct_25_g0,0.969401041666667,0.97021484375,0.921875,0.5207547169811321,4,4,20,4,8,0,2,9,3,0,4,1,3H,4S,0.14908809678676022,77,11,True,True,True,True,0
top_ten,svm,occupancy,mean_removed,6,unith,6,Nielsen,Oct_25_g0,0.969401041666667,0.97021484375,0.921875,0.5207547169811321,4,4,20,4,8,0,2,10,3,0,5,1,3H,5S,0.12147744557108946,77,104,True,True,True,True,0
top_ten,svm,occupancy,mean_removed,6,unith,6,Nielsen,Oct_25_g0,0.969401041666667,0.97021484375,0.921875,0.5207547169811321,4,4,20,4,8,0,2,11,3,0,6,1,3H,6S,-0.029230772959970203,77,87,True,True,True,True,0
top_ten,svm,occupancy,mean_removed,6,unith,6,Nielsen,Oct_25_g0,0.969401041666667,0.97021484375,0.921875,0.5207547169811321,4,4,20,4,8,0,3,0,4,0,1,0,4H,1H,-0.05887741963775374,76,60,True,True,True,True,0
top_ten,svm,occupancy,mean_removed,6,unith,6,Nielsen,Oct_25_g0,0.969401041666667,0.97021484375,0.921875,0.5207547169811321,4,4,20,4,8,0,3,1,4,0,2,0,4H,2H,0.028411281400018536,76,69,True,True,True,True,0
top_ten,svm,occupancy,mean_removed,6,unith,6,Nielsen,Oct_25_g0,0.969401041666667,0.97021484375,0.921875,0.5207547169811321,4,4,20,4,8,0,3,2,4,0,3,0,4H,3H,-0.04132113040061981,76,77,True,True,True,True,0
top_ten,svm,occupancy,mean_removed,6,unith,6,Nielsen,Oct_25_g0,0.969401041666667,0.97021484375,0.921875,0.5207547169811321,4,4,20,4,8,0,3,3,4,0,4,0,4H,4H,0.02861912074989893,76,76,True,True,True,True,0
top_ten,svm,occupancy,mean_removed,6,unith,6,Nielsen,Oct_25_g0,0.969401041666667,0.97021484375,0.921875,0.5207547169811321,4,4,20,4,8,0,3,4,4,0,5,0,4H,5H,-0.18049340949971593,76,9,True,True,True,True,0
top_ten,svm,occupancy,mean_removed,6,unith,6,Nielsen,Oct_25_g0,0.969401041666667,0.97021484375,0.921875,0.5207547169811321,4,,20,4,8,0,3,5,4,0,6,0,4H,6H,,76,0,True,False,True,False,0
top_ten,svm,occupancy,mean_removed,6,unith,6,Nielsen,Oct_25_g0,0.969401041666667,0.97021484375,0.921875,0.5207547169811321,4,,20,4,8,0,3,6,4,0,1,1,4H,1S,,76,0,True,False,True,False,0
top_ten,svm,occupancy,mean_removed,6,unith,6,Nielsen,Oct_25_g0,0.969401041666667,0.97021484375,0.921875,0.5207547169811321,4,,20,4,8,0,3,7,4,0,2,1,4H,2S,,76,0,True,False,True,False,0
top_ten,svm,occupancy,mean_removed,6,unith,6,Nielsen,Oct_25_g0,0.969401041666667,0.97021484375,0.921875,0.5207547169811321,4,2,20,4,8,0,3,8,4,0,3,1,4H,3S,0.23995756300458523,76,4,True,True,True,False,0
top_ten,svm,occupancy,mean_removed,6,unith,6,Nielsen,Oct_25_g0,0.969401041666667,0.97021484375,0.921875,0.5207547169811321,4,4,20,4,8,0,3,9,4,0,4,1,4H,4S,0.19207865860333478,76,11,True,True,True,True,0
top_ten,svm,occupancy,mean_removed,6,unith,6,Nielsen,Oct_25_g0,0.969401041666667,0.97021484375,0.921875,0.5207547169811321,4,4,20,4,8,0,3,10,4,0,5,1,4H,5S,-0.12399783303490383,76,104,True,True,True,True,0
top_ten,svm,occupancy,mean_removed,6,unith,6,Nielsen,Oct_25_g0,0.969401041666667,0.97021484375,0.921875,0.5207547169811321,4,4,20,4,8,0,3,11,4,0,6,1,4H,6S,0.140932071073269,76,87,True,True,True,True,0
top_ten,svm,occupancy,mean_removed,6,unith,6,Nielsen,Oct_25_g0,0.969401041666667,0.97021484375,0.921875,0.5207547169811321,4,4,20,4,8,0,4,0,5,0,1,0,5H,1H,0.05521796779281737,9,60,True,True,True,True,0
top_ten,svm,occupancy,mean_removed,6,unith,6,Nielsen,Oct_25_g0,0.969401041666667,0.97021484375,0.921875,0.5207547169811321,4,4,20,4,8,0,4,1,5,0,2,0,5H,2H,-0.08432734502517551,9,69,True,True,True,True,0
top_ten,svm,occupancy,mean_removed,6,unith,6,Nielsen,Oct_25_g0,0.969401041666667,0.97021484375,0.921875,0.5207547169811321,4,4,20,4,8,0,4,2,5,0,3,0,5H,3H,0.00579819884209222,9,77,True,True,True,True,0
top_ten,svm,occupancy,mean_removed,6,unith,6,Nielsen,Oct_25_g0,0.969401041666667,0.97021484375,0.921875,0.5207547169811321,4,4,20,4,8,0,4,3,5,0,4,0,5H,4H,-0.18049340949971593,9,76,True,True,True,True,0
top_ten,svm,occupancy,mean_removed,6,unith,6,Nielsen,Oct_25_g0,0.969401041666667,0.97021484375,0.921875,0.5207547169811321,4,4,20,4,8,0,4,4,5,0,5,0,5H,5H,-0.13033386669106234,9,9,True,True,True,True,0
top_ten,svm,occupancy,mean_removed,6,unith,6,Nielsen,Oct_25_g0,0.969401041666667,0.97021484375,0.921875,0.5207547169811321,4,,20,4,8,0,4,5,5,0,6,0,5H,6H,,9,0,True,False,True,False,0
top_ten,svm,occupancy,mean_removed,6,unith,6,Nielsen,Oct_25_g0,0.969401041666667,0.97021484375,0.921875,0.5207547169811321,4,,20,4,8,0,4,6,5,0,1,1,5H,1S,,9,0,True,False,True,False,0
top_ten,svm,occupancy,mean_removed,6,unith,6,Nielsen,Oct_25_g0,0.969401041666667,0.97021484375,0.921875,0.5207547169811321,4,,20,4,8,0,4,7,5,0,2,1,5H,2S,,9,0,True,False,True,False,0
top_ten,svm,occupancy,mean_removed,6,unith,6,Nielsen,Oct_25_g0,0.969401041666667,0.97021484375,0.921875,0.5207547169811321,4,2,20,4,8,0,4,8,5,0,3,1,5H,3S,-0.33596078237258875,9,4,True,True,True,False,0
top_ten,svm,occupancy,mean_removed,6,unith,6,Nielsen,Oct_25_g0,0.969401041666667,0.97021484375,0.921875,0.5207547169811321,4,4,20,4,8,0,4,9,5,0,4,1,5H,4S,-0.057096720574746684,9,11,True,True,True,True,0
top_ten,svm,occupancy,mean_removed,6,unith,6,Nielsen,Oct_25_g0,0.969401041666667,0.97021484375,0.921875,0.5207547169811321,4,4,20,4,8,0,4,10,5,0,5,1,5H,5S,-0.02814718479128987,9,104,True,True,True,True,0
top_ten,svm,occupancy,mean_removed,6,unith,6,Nielsen,Oct_25_g0,0.969401041666667,0.97021484375,0.921875,0.5207547169811321,4,4,20,4,8,0,4,11,5,0,6,1,5H,6S,-0.07922054266946019,9,87,True,True,True,True,0
top_ten,svm,occupancy,mean_removed,6,unith,6,Nielsen,Oct_25_g0,0.969401041666667,0.97021484375,0.921875,0.5207547169811321,,4,20,4,8,0,5,0,6,0,1,0,6H,1H,,0,60,False,True,False,True,0
top_ten,svm,occupancy,mean_removed,6,unith,6,Nielsen,Oct_25_g0,0.969401041666667,0.97021484375,0.921875,0.5207547169811321,,4,20,4,8,0,5,1,6,0,2,0,6H,2H,,0,69,False,True,False,True,0
top_ten,svm,occupancy,mean_removed,6,unith,6,Nielsen,Oct_25_g0,0.969401041666667,0.97021484375,0.921875,0.5207547169811321,,4,20,4,8,0,5,2,6,0,3,0,6H,3H,,0,77,False,True,False,True,0
top_ten,svm,occupancy,mean_removed,6,unith,6,Nielsen,Oct_25_g0,0.969401041666667,0.97021484375,0.921875,0.5207547169811321,,4,20,4,8,0,5,3,6,0,4,0,6H,4H,,0,76,False,True,False,True,0
top_ten,svm,occupancy,mean_removed,6,unith,6,Nielsen,Oct_25_g0,0.969401041666667,0.97021484375,0.921875,0.5207547169811321,,4,20,4,8,0,5,4,6,0,5,0,6H,5H,,0,9,False,True,False,True,0
top_ten,svm,occupancy,mean_removed,6,unith,6,Nielsen,Oct_25_g0,0.969401041666667,0.97021484375,0.921875,0.5207547169811321,,,20,4,8,0,5,5,6,0,6,0,6H,6H,,0,0,False,False,False,False,0
top_ten,svm,occupancy,mean_removed,6,unith,6,Nielsen,Oct_25_g0,0.969401041666667,0.97021484375,0.921875,0.5207547169811321,,,20,4,8,0,5,6,6,0,1,1,6H,1S,,0,0,False,False,False,False,0
top_ten,svm,occupancy,mean_removed,6,unith,6,Nielsen,Oct_25_g0,0.969401041666667,0.97021484375,0.921875,0.5207547169811321,,,20,4,8,0,5,7,6,0,2,1,6H,2S,,0,0,False,False,False,False,0
top_ten,svm,occupancy,mean_removed,6,unith,6,Nielsen,Oct_25_g0,0.969401041666667,0.97021484375,0.921875,0.5207547169811321,,2,20,4,8,0,5,8,6,0,3,1,6H,3S,,0,4,False,True,False,False,0
top_ten,svm,occupancy,mean_removed,6,unith,6,Nielsen,Oct_25_g0,0.969401041666667,0.97021484375,0.921875,0.5207547169811321,,4,20,4,8,0,5,9,6,0,4,1,6H,4S,,0,11,False,True,False,True,0
top_ten,svm,occupancy,mean_removed,6,unith,6,Nielsen,Oct_25_g0,0.969401041666667,0.97021484375,0.921875,0.5207547169811321,,4,20,4,8,0,5,10,6,0,5,1,6H,5S,,0,104,False,True,False,True,0
top_ten,svm,occupancy,mean_removed,6,unith,6,Nielsen,Oct_25_g0,0.969401041666667,0.97021484375,0.921875,0.5207547169811321,,4,20,4,8,0,5,11,6,0,6,1,6H,6S,,0,87,False,True,False,True,0
top_ten,svm,occupancy,mean_removed,6,unith,6,Nielsen,Oct_25_g0,0.969401041666667,0.97021484375,0.921875,0.5207547169811321,,4,20,4,8,0,6,0,1,1,1,0,1S,1H,,0,60,False,True,False,True,0
top_ten,svm,occupancy,mean_removed,6,unith,6,Nielsen,Oct_25_g0,0.969401041666667,0.97021484375,0.921875,0.5207547169811321,,4,20,4,8,0,6,1,1,1,2,0,1S,2H,,0,69,False,True,False,True,0
top_ten,svm,occupancy,mean_removed,6,unith,6,Nielsen,Oct_25_g0,0.969401041666667,0.97021484375,0.921875,0.5207547169811321,,4,20,4,8,0,6,2,1,1,3,0,1S,3H,,0,77,False,True,False,True,0
top_ten,svm,occupancy,mean_removed,6,unith,6,Nielsen,Oct_25_g0,0.969401041666667,0.97021484375,0.921875,0.5207547169811321,,4,20,4,8,0,6,3,1,1,4,0,1S,4H,,0,76,False,True,False,True,0
top_ten,svm,occupancy,mean_removed,6,unith,6,Nielsen,Oct_25_g0,0.969401041666667,0.97021484375,0.921875,0.5207547169811321,,4,20,4,8,0,6,4,1,1,5,0,1S,5H,,0,9,False,True,False,True,0
top_ten,svm,occupancy,mean_removed,6,unith,6,Nielsen,Oct_25_g0,0.969401041666667,0.97021484375,0.921875,0.5207547169811321,,,20,4,8,0,6,5,1,1,6,0,1S,6H,,0,0,False,False,False,False,0
top_ten,svm,occupancy,mean_removed,6,unith,6,Nielsen,Oct_25_g0,0.969401041666667,0.97021484375,0.921875,0.5207547169811321,,,20,4,8,0,6,6,1,1,1,1,1S,1S,,0,0,False,False,False,False,0
top_ten,svm,occupancy,mean_removed,6,unith,6,Nielsen,Oct_25_g0,0.969401041666667,0.97021484375,0.921875,0.5207547169811321,,,20,4,8,0,6,7,1,1,2,1,1S,2S,,0,0,False,False,False,False,0
top_ten,svm,occupancy,mean_removed,6,unith,6,Nielsen,Oct_25_g0,0.969401041666667,0.97021484375,0.921875,0.5207547169811321,,2,20,4,8,0,6,8,1,1,3,1,1S,3S,,0,4,False,True,False,False,0
top_ten,svm,occupancy,mean_removed,6,unith,6,Nielsen,Oct_25_g0,0.969401041666667,0.97021484375,0.921875,0.5207547169811321,,4,20,4,8,0,6,9,1,1,4,1,1S,4S,,0,11,False,True,False,True,0
top_ten,svm,occupancy,mean_removed,6,unith,6,Nielsen,Oct_25_g0,0.969401041666667,0.97021484375,0.921875,0.5207547169811321,,4,20,4,8,0,6,10,1,1,5,1,1S,5S,,0,104,False,True,False,True,0
top_ten,svm,occupancy,mean_removed,6,unith,6,Nielsen,Oct_25_g0,0.969401041666667,0.97021484375,0.921875,0.5207547169811321,,4,20,4,8,0,6,11,1,1,6,1,1S,6S,,0,87,False,True,False,True,0
top_ten,svm,occupancy,mean_removed,6,unith,6,Nielsen,Oct_25_g0,0.969401041666667,0.97021484375,0.921875,0.5207547169811321,,4,20,4,8,0,7,0,2,1,1,0,2S,1H,,0,60,False,True,False,True,0
top_ten,svm,occupancy,mean_removed,6,unith,6,Nielsen,Oct_25_g0,0.969401041666667,0.97021484375,0.921875,0.5207547169811321,,4,20,4,8,0,7,1,2,1,2,0,2S,2H,,0,69,False,True,False,True,0
top_ten,svm,occupancy,mean_removed,6,unith,6,Nielsen,Oct_25_g0,0.969401041666667,0.97021484375,0.921875,0.5207547169811321,,4,20,4,8,0,7,2,2,1,3,0,2S,3H,,0,77,False,True,False,True,0
top_ten,svm,occupancy,mean_removed,6,unith,6,Nielsen,Oct_25_g0,0.969401041666667,0.97021484375,0.921875,0.5207547169811321,,4,20,4,8,0,7,3,2,1,4,0,2S,4H,,0,76,False,True,False,True,0
top_ten,svm,occupancy,mean_removed,6,unith,6,Nielsen,Oct_25_g0,0.969401041666667,0.97021484375,0.921875,0.5207547169811321,,4,20,4,8,0,7,4,2,1,5,0,2S,5H,,0,9,False,True,False,True,0
top_ten,svm,occupancy,mean_removed,6,unith,6,Nielsen,Oct_25_g0,0.969401041666667,0.97021484375,0.921875,0.5207547169811321,,,20,4,8,0,7,5,2,1,6,0,2S,6H,,0,0,False,False,False,False,0
top_ten,svm,occupancy,mean_removed,6,unith,6,Nielsen,Oct_25_g0,0.969401041666667,0.97021484375,0.921875,0.5207547169811321,,,20,4,8,0,7,6,2,1,1,1,2S,1S,,0,0,False,False,False,False,0
top_ten,svm,occupancy,mean_removed,6,unith,6,Nielsen,Oct_25_g0,0.969401041666667,0.97021484375,0.921875,0.5207547169811321,,,20,4,8,0,7,7,2,1,2,1,2S,2S,,0,0,False,False,False,False,0
top_ten,svm,occupancy,mean_removed,6,unith,6,Nielsen,Oct_25_g0,0.969401041666667,0.97021484375,0.921875,0.5207547169811321,,2,20,4,8,0,7,8,2,1,3,1,2S,3S,,0,4,False,True,False,False,0
top_ten,svm,occupancy,mean_removed,6,unith,6,Nielsen,Oct_25_g0,0.969401041666667,0.97021484375,0.921875,0.5207547169811321,,4,20,4,8,0,7,9,2,1,4,1,2S,4S,,0,11,False,True,False,True,0
top_ten,svm,occupancy,mean_removed,6,unith,6,Nielsen,Oct_25_g0,0.969401041666667,0.97021484375,0.921875,0.5207547169811321,,4,20,4,8,0,7,10,2,1,5,1,2S,5S,,0,104,False,True,False,True,0
top_ten,svm,occupancy,mean_removed,6,unith,6,Nielsen,Oct_25_g0,0.969401041666667,0.97021484375,0.921875,0.5207547169811321,,4,20,4,8,0,7,11,2,1,6,1,2S,6S,,0,87,False,True,False,True,0
top_ten,svm,occupancy,mean_removed,6,unith,6,Nielsen,Oct_25_g0,0.969401041666667,0.97021484375,0.921875,0.5207547169811321,2,4,20,4,8,0,8,0,3,1,1,0,3S,1H,-0.15277984472347012,4,60,True,True,False,True,0
top_ten,svm,occupancy,mean_removed,6,unith,6,Nielsen,Oct_25_g0,0.969401041666667,0.97021484375,0.921875,0.5207547169811321,2,4,20,4,8,0,8,1,3,1,2,0,3S,2H,-0.09756176645478631,4,69,True,True,False,True,0
top_ten,svm,occupancy,mean_removed,6,unith,6,Nielsen,Oct_25_g0,0.969401041666667,0.97021484375,0.921875,0.5207547169811321,2,4,20,4,8,0,8,2,3,1,3,0,3S,3H,0.08987088811540608,4,77,True,True,False,True,0
top_ten,svm,occupancy,mean_removed,6,unith,6,Nielsen,Oct_25_g0,0.969401041666667,0.97021484375,0.921875,0.5207547169811321,2,4,20,4,8,0,8,3,3,1,4,0,3S,4H,0.23995756300458523,4,76,True,True,False,True,0
top_ten,svm,occupancy,mean_removed,6,unith,6,Nielsen,Oct_25_g0,0.969401041666667,0.97021484375,0.921875,0.5207547169811321,2,4,20,4,8,0,8,4,3,1,5,0,3S,5H,-0.33596078237258875,4,9,True,True,False,True,0
top_ten,svm,occupancy,mean_removed,6,unith,6,Nielsen,Oct_25_g0,0.969401041666667,0.97021484375,0.921875,0.5207547169811321,2,,20,4,8,0,8,5,3,1,6,0,3S,6H,,4,0,True,False,False,False,0
top_ten,svm,occupancy,mean_removed,6,unith,6,Nielsen,Oct_25_g0,0.969401041666667,0.97021484375,0.921875,0.5207547169811321,2,,20,4,8,0,8,6,3,1,1,1,3S,1S,,4,0,True,False,False,False,0
top_ten,svm,occupancy,mean_removed,6,unith,6,Nielsen,Oct_25_g0,0.969401041666667,0.97021484375,0.921875,0.5207547169811321,2,,20,4,8,0,8,7,3,1,2,1,3S,2S,,4,0,True,False,False,False,0
top_ten,svm,occupancy,mean_removed,6,unith,6,Nielsen,Oct_25_g0,0.969401041666667,0.97021484375,0.921875,0.5207547169811321,2,2,20,4,8,0,8,8,3,1,3,1,3S,3S,0.9851810949021849,4,4,True,True,False,False,0
top_ten,svm,occupancy,mean_removed,6,unith,6,Nielsen,Oct_25_g0,0.969401041666667,0.97021484375,0.921875,0.5207547169811321,2,4,20,4,8,0,8,9,3,1,4,1,3S,4S,0.7026628264492749,4,11,True,True,False,True,0
top_ten,svm,occupancy,mean_removed,6,unith,6,Nielsen,Oct_25_g0,0.969401041666667,0.97021484375,0.921875,0.5207547169811321,2,4,20,4,8,0,8,10,3,1,5,1,3S,5S,0.16850064106057272,4,104,True,True,False,True,0
top_ten,svm,occupancy,mean_removed,6,unith,6,Nielsen,Oct_25_g0,0.969401041666667,0.97021484375,0.921875,0.5207547169811321,2,4,20,4,8,0,8,11,3,1,6,1,3S,6S,0.4381286198957284,4,87,True,True,False,True,0
top_ten,svm,occupancy,mean_removed,6,unith,6,Nielsen,Oct_25_g0,0.969401041666667,0.97021484375,0.921875,0.5207547169811321,4,4,20,4,8,0,9,0,4,1,1,0,4S,1H,-0.199929721340181,11,60,True,True,True,True,0
top_ten,svm,occupancy,mean_removed,6,unith,6,Nielsen,Oct_25_g0,0.969401041666667,0.97021484375,0.921875,0.5207547169811321,4,4,20,4,8,0,9,1,4,1,2,0,4S,2H,-0.011502876554181122,11,69,True,True,True,True,0
top_ten,svm,occupancy,mean_removed,6,unith,6,Nielsen,Oct_25_g0,0.969401041666667,0.97021484375,0.921875,0.5207547169811321,4,4,20,4,8,0,9,2,4,1,3,0,4S,3H,0.14908809678676022,11,77,True,True,True,True,0
top_ten,svm,occupancy,mean_removed,6,unith,6,Nielsen,Oct_25_g0,0.969401041666667,0.97021484375,0.921875,0.5207547169811321,4,4,20,4,8,0,9,3,4,1,4,0,4S,4H,0.19207865860333478,11,76,True,True,True,True,0
top_ten,svm,occupancy,mean_removed,6,unith,6,Nielsen,Oct_25_g0,0.969401041666667,0.97021484375,0.921875,0.5207547169811321,4,4,20,4,8,0,9,4,4,1,5,0,4S,5H,-0.057096720574746684,11,9,True,True,True,True,0
top_ten,svm,occupancy,mean_removed,6,unith,6,Nielsen,Oct_25_g0,0.969401041666667,0.97021484375,0.921875,0.5207547169811321,4,,20,4,8,0,9,5,4,1,6,0,4S,6H,,11,0,True,False,True,False,0
top_ten,svm,occupancy,mean_removed,6,unith,6,Nielsen,Oct_25_g0,0.969401041666667,0.97021484375,0.921875,0.5207547169811321,4,,20,4,8,0,9,6,4,1,1,1,4S,1S,,11,0,True,False,True,False,0
top_ten,svm,occupancy,mean_removed,6,unith,6,Nielsen,Oct_25_g0,0.969401041666667,0.97021484375,0.921875,0.5207547169811321,4,,20,4,8,0,9,7,4,1,2,1,4S,2S,,11,0,True,False,True,False,0
top_ten,svm,occupancy,mean_removed,6,unith,6,Nielsen,Oct_25_g0,0.969401041666667,0.97021484375,0.921875,0.5207547169811321,4,2,20,4,8,0,9,8,4,1,3,1,4S,3S,0.7026628264492749,11,4,True,True,True,False,0
top_ten,svm,occupancy,mean_removed,6,unith,6,Nielsen,Oct_25_g0,0.969401041666667,0.97021484375,0.921875,0.5207547169811321,4,4,20,4,8,0,9,9,4,1,4,1,4S,4S,0.4807809375551416,11,11,True,True,True,True,0
top_ten,svm,occupancy,mean_removed,6,unith,6,Nielsen,Oct_25_g0,0.969401041666667,0.97021484375,0.921875,0.5207547169811321,4,4,20,4,8,0,9,10,4,1,5,1,4S,5S,0.196551532095769,11,104,True,True,True,True,0
top_ten,svm,occupancy,mean_removed,6,unith,6,Nielsen,Oct_25_g0,0.969401041666667,0.97021484375,0.921875,0.5207547169811321,4,4,20,4,8,0,9,11,4,1,6,1,4S,6S,0.41730154601864705,11,87,True,True,True,True,0
top_ten,svm,occupancy,mean_removed,6,unith,6,Nielsen,Oct_25_g0,0.969401041666667,0.97021484375,0.921875,0.5207547169811321,4,4,20,4,8,0,10,0,5,1,1,0,5S,1H,-0.1852352320780585,104,60,True,True,True,True,0
top_ten,svm,occupancy,mean_removed,6,unith,6,Nielsen,Oct_25_g0,0.969401041666667,0.97021484375,0.921875,0.5207547169811321,4,4,20,4,8,0,10,1,5,1,2,0,5S,2H,-0.14755616039838454,104,69,True,True,True,True,0
top_ten,svm,occupancy,mean_removed,6,unith,6,Nielsen,Oct_25_g0,0.969401041666667,0.97021484375,0.921875,0.5207547169811321,4,4,20,4,8,0,10,2,5,1,3,0,5S,3H,0.12147744557108946,104,77,True,True,True,True,0
top_ten,svm,occupancy,mean_removed,6,unith,6,Nielsen,Oct_25_g0,0.969401041666667,0.97021484375,0.921875,0.5207547169811321,4,4,20,4,8,0,10,3,5,1,4,0,5S,4H,-0.12399783303490383,104,76,True,True,True,True,0
top_ten,svm,occupancy,mean_removed,6,unith,6,Nielsen,Oct_25_g0,0.969401041666667,0.97021484375,0.921875,0.5207547169811321,4,4,20,4,8,0,10,4,5,1,5,0,5S,5H,-0.02814718479128987,104,9,True,True,True,True,0
top_ten,svm,occupancy,mean_removed,6,unith,6,Nielsen,Oct_25_g0,0.969401041666667,0.97021484375,0.921875,0.5207547169811321,4,,20,4,8,0,10,5,5,1,6,0,5S,6H,,104,0,True,False,True,False,0
top_ten,svm,occupancy,mean_removed,6,unith,6,Nielsen,Oct_25_g0,0.969401041666667,0.97021484375,0.921875,0.5207547169811321,4,,20,4,8,0,10,6,5,1,1,1,5S,1S,,104,0,True,False,True,False,0
top_ten,svm,occupancy,mean_removed,6,unith,6,Nielsen,Oct_25_g0,0.969401041666667,0.97021484375,0.921875,0.5207547169811321,4,,20,4,8,0,10,7,5,1,2,1,5S,2S,,104,0,True,False,True,False,0
top_ten,svm,occupancy,mean_removed,6,unith,6,Nielsen,Oct_25_g0,0.969401041666667,0.97021484375,0.921875,0.5207547169811321,4,2,20,4,8,0,10,8,5,1,3,1,5S,3S,0.16850064106057272,104,4,True,True,True,False,0
top_ten,svm,occupancy,mean_removed,6,unith,6,Nielsen,Oct_25_g0,0.969401041666667,0.97021484375,0.921875,0.5207547169811321,4,4,20,4,8,0,10,9,5,1,4,1,5S,4S,0.196551532095769,104,11,True,True,True,True,0
top_ten,svm,occupancy,mean_removed,6,unith,6,Nielsen,Oct_25_g0,0.969401041666667,0.97021484375,0.921875,0.5207547169811321,4,4,20,4,8,0,10,10,5,1,5,1,5S,5S,0.11614372702622722,104,104,True,True,True,True,0
top_ten,svm,occupancy,mean_removed,6,unith,6,Nielsen,Oct_25_g0,0.969401041666667,0.97021484375,0.921875,0.5207547169811321,4,4,20,4,8,0,10,11,5,1,6,1,5S,6S,0.1398589332603842,104,87,True,True,True,True,0
top_ten,svm,occupancy,mean_removed,6,unith,6,Nielsen,Oct_25_g0,0.969401041666667,0.97021484375,0.921875,0.5207547169811321,4,4,20,4,8,0,11,0,6,1,1,0,6S,1H,-0.2121534777016707,87,60,True,True,True,True,0
top_ten,svm,occupancy,mean_removed,6,unith,6,Nielsen,Oct_25_g0,0.969401041666667,0.97021484375,0.921875,0.5207547169811321,4,4,20,4,8,0,11,1,6,1,2,0,6S,2H,-0.005040428057245437,87,69,True,True,True,True,0
top_ten,svm,occupancy,mean_removed,6,unith,6,Nielsen,Oct_25_g0,0.969401041666667,0.97021484375,0.921875,0.5207547169811321,4,4,20,4,8,0,11,2,6,1,3,0,6S,3H,-0.029230772959970203,87,77,True,True,True,True,0
top_ten,svm,occupancy,mean_removed,6,unith,6,Nielsen,Oct_25_g0,0.969401041666667,0.97021484375,0.921875,0.5207547169811321,4,4,20,4,8,0,11,3,6,1,4,0,6S,4H,0.140932071073269,87,76,True,True,True,True,0
top_ten,svm,occupancy,mean_removed,6,unith,6,Nielsen,Oct_25_g0,0.969401041666667,0.97021484375,0.921875,0.5207547169811321,4,4,20,4,8,0,11,4,6,1,5,0,6S,5H,-0.07922054266946019,87,9,True,True,True,True,0
top_ten,svm,occupancy,mean_removed,6,unith,6,Nielsen,Oct_25_g0,0.969401041666667,0.97021484375,0.921875,0.5207547169811321,4,,20,4,8,0,11,5,6,1,6,0,6S,6H,,87,0,True,False,True,False,0
top_ten,svm,occupancy,mean_removed,6,unith,6,Nielsen,Oct_25_g0,0.969401041666667,0.97021484375,0.921875,0.5207547169811321,4,,20,4,8,0,11,6,6,1,1,1,6S,1S,,87,0,True,False,True,False,0
top_ten,svm,occupancy,mean_removed,6,unith,6,Nielsen,Oct_25_g0,0.969401041666667,0.97021484375,0.921875,0.5207547169811321,4,,20,4,8,0,11,7,6,1,2,1,6S,2S,,87,0,True,False,True,False,0
top_ten,svm,occupancy,mean_removed,6,unith,6,Nielsen,Oct_25_g0,0.969401041666667,0.97021484375,0.921875,0.5207547169811321,4,2,20,4,8,0,11,8,6,1,3,1,6S,3S,0.4381286198957284,87,4,True,True,True,False,0
top_ten,svm,occupancy,mean_removed,6,unith,6,Nielsen,Oct_25_g0,0.969401041666667,0.97021484375,0.921875,0.5207547169811321,4,4,20,4,8,0,11,9,6,1,4,1,6S,4S,0.41730154601864705,87,11,True,True,True,True,0
top_ten,svm,occupancy,mean_removed,6,unith,6,Nielsen,Oct_25_g0,0.969401041666667,0.97021484375,0.921875,0.5207547169811321,4,4,20,4,8,0,11,10,6,1,5,1,6S,5S,0.1398589332603842,87,104,True,True,True,True,0
top_ten,svm,occupancy,mean_removed,6,unith,6,Nielsen,Oct_25_g0,0.969401041666667,0.97021484375,0.921875,0.5207547169811321,4,4,20,4,8,0,11,11,6,1,6,1,6S,6S,0.2761506102685205,87,87,True,True,True,True,0
