x,y,maze,label,session,trial_id,choice
0.13576996815390885,0.8679800902027637,4,1.0,june_16_g0,1,4
-1.0244600526057184,0.4655700520379469,6,1.0,june_16_g0,2,4
0.24623991176486015,-0.03986992419231683,2,1.0,june_16_g0,3,2
0.47548990533687174,0.40122005506418645,2,0.0,june_16_g0,4,4
-0.04982007993385196,-0.003599925898015499,3,0.0,june_16_g0,5,3
0.5946999019943178,0.8294400349259377,5,1.0,june_16_g0,6,2
-0.7349500607233495,-0.6646498948102817,6,1.0,june_16_g0,7,4
-1.0925800506956875,0.48780005099251866,5,0.0,june_16_g0,8,3
-0.5974000645801425,0.11223006865475327,1,0.0,june_16_g0,9,2
-1.235370046691969,-0.1088999209459871,4,1.0,june_16_g0,10,3
-0.024930080631747842,0.7756200374569744,5,1.0,june_16_g0,11,3
-0.18868007604032755,0.11457006854470819,6,1.0,june_16_g0,12,4
1.9479298640508205,0.6703200424090028,5,1.0,june_16_g0,13,3
0.8999298934359103,0.8750700327800587,5,1.0,june_16_g0,14,2
-0.3301600720733404,-0.12059992039576173,4,1.0,june_16_g0,15,3
-0.45330006862059236,0.26433006150182337,2,1.0,june_16_g0,16,4
0.05235991720110178,1.374660009285435,4,1.0,june_16_g0,18,4
-0.034100080374628305,1.0763100233161822,5,1.0,june_16_g0,19,3
1.0977398878894746,0.5217300493968651,5,1.0,june_16_g0,20,3
-0.2044000755995512,0.16839006601367146,6,1.0,june_16_g0,21,4
-0.7716300596948713,0.6036300455452874,2,1.0,june_16_g0,22,3
0.5147899042349309,0.6083100453251973,4,1.0,june_16_g0,23,1
-0.3602900712285191,1.5606900005368516,4,1.0,june_16_g0,24,2
-0.2782100609038025,0.333430239581503,6,1.0,june_16_g0,25,2
-0.08390000043436885,0.9090702125104144,2,1.0,june_16_g0,27,4
-0.8489399789832532,-1.1782096893293783,5,1.0,june_16_g0,29,3
-0.9000299775507301,0.783880218397826,1,0.0,june_16_g0,30,4
-0.36554999253712595,0.32524023996666074,4,1.0,june_16_g0,31,2
0.18464999203570187,-0.1731797365937382,5,1.0,june_16_g0,32,2
-0.49392998893745244,-0.09829974011518061,6,1.0,june_16_g0,33,3
-1.0480599734000862,1.3934501897310838,2,1.0,june_16_g0,34,4
-0.31052999407984316,0.7932402179576457,2,1.0,june_16_g0,35,4
-1.1358299709390849,0.5978502271464095,5,1.0,june_16_g0,37,3
-0.3393499932717532,-0.14626973785925657,6,1.0,june_16_g0,38,2
0.01827999670058489,0.24100024392828345,4,1.0,june_16_g0,39,3
-0.34196999319829047,0.6867702229646966,3,0.0,june_16_g0,41,2
0.09425999457016587,0.6069701242959127,4,1.0,june_16_g0,42,1
-0.04591000149957836,0.5356001276522875,6,1.0,june_16_g0,43,4
-0.04984000138938427,0.2934101390419528,5,1.0,june_16_g0,44,3
-0.5882499862927943,1.7488900705939159,4,1.0,june_16_g0,45,2
0.18464999203570187,-0.30094983300659806,4,1.0,june_16_g0,46,4
-0.12450999929569662,0.5449601272121072,6,1.0,june_16_g0,47,3
0.7413999764248729,0.35308013623580337,6,1.0,june_16_g0,48,4
-0.44545999029651284,0.12493014696519822,6,1.0,june_16_g0,49,1
-0.5856299863662571,0.04771015059668571,1,0.0,june_16_g0,50,2
-0.34196999319829047,0.03952015098184347,1,0.0,june_16_g0,51,3
-0.7965399804525077,0.6011201245710254,5,1.0,june_16_g0,52,1
-0.36947999242693186,0.2969201388768852,6,1.0,june_16_g0,53,3
0.16761999251320958,0.658450121874921,1,0.0,june_16_g0,54,1
-0.20834999694488943,-0.24595983559265733,4,0.0,june_16_g0,55,1
0.20036999159492552,0.38467013475019485,3,0.0,june_16_g0,59,4
-0.5921799861826003,-0.25414983520749956,3,0.0,june_16_g0,60,1
0.5082199829630554,1.1182601002510637,3,1.0,june_16_g0,61,3
-0.15093007148243487,-0.07248979841824621,2,1.0,june_16_g0,62,1
0.7673799027688801,-0.3392497858731076,4,1.0,june_16_g0,63,1
-0.33040006645023823,0.4235901782521978,6,1.0,june_16_g0,64,1
-0.2911000675521791,2.2698500914266333,4,1.0,june_16_g0,65,3
0.2787499164696783,1.3818201331887394,5,1.0,june_16_g0,66,2
0.35734991426579654,0.9781701521715149,6,0.0,june_16_g0,68,2
-0.7784200538881123,0.5008101746207103,6,1.0,june_16_g0,69,2
-0.18499007052741945,-0.4293397816363722,1,0.0,june_16_g0,70,4
0.1962199187837541,0.4200801784172654,1,0.0,june_16_g0,71,4
-0.23084006924182177,0.4364601776469499,1,0.0,june_16_g0,72,1
0.080939922016114,0.18842018931172788,6,1.0,june_16_g0,73,2
-1.0928200450725853,1.4297901309328154,3,1.0,june_16_g0,74,4
-0.5124900613445789,0.4727301759412512,2,1.0,june_16_g0,75,4
-0.012070075375959277,-0.7569397662300617,4,1.0,june_16_g0,76,1
0.04687992297112942,0.2246901876060292,5,1.0,june_16_g0,77,4
0.04032992315478623,-0.07833979814313352,4,1.0,june_16_g0,78,4
-0.22560006938874722,0.912650155252777,4,1.0,june_16_g0,80,4
-0.22429006942547858,0.17789018980693072,6,1.0,june_16_g0,81,1
-0.5177300611976534,-0.5170897775096819,1,1.0,june_16_g0,82,3
-0.2701400681398809,-0.5814397744834423,3,0.0,june_16_g0,83,2
0.31935991533100605,-0.5521897758590057,6,1.0,june_16_g0,84,2
-0.2701400681398809,0.9922101515112445,6,1.0,june_16_g0,87,2
1.295309887966141,-0.2678797892294824,5,1.0,june_16_g0,88,4
0.020679923705756664,0.5218701736303046,2,1.0,june_16_g0,89,4
-0.41817006398923695,1.0495401488151401,1,0.0,june_16_g0,92,2
0.15167992003262043,0.11003019299823791,1,0.0,june_16_g0,93,3
0.21848991815932095,0.7500201629009098,1,1.0,june_16_g0,95,3
-0.02124007511883974,-0.21171979187056422,1,0.0,june_16_g0,96,2
0.2066999184899032,0.036320196464657784,1,0.0,june_16_g0,97,1
-0.8884600508026779,0.9465801536571234,1,1.0,june_16_g0,98,3
-0.33171006641350687,0.3065901837544516,2,1.0,june_16_g0,99,1
-0.02124007511883974,0.11120019294321537,4,1.0,june_16_g0,100,2
-0.4063800643198192,-0.008139801444485784,3,0.0,june_16_g0,101,1
0.03901992319151759,0.2831901848549023,2,1.0,june_16_g0,102,3
1.0870198938064277,-0.11577979638241231,5,1.0,june_16_g0,103,2
0.3599699141923338,0.09365019376855344,3,0.0,june_16_g0,104,1
0.24861991731449962,-0.23043979099020362,1,0.0,june_16_g0,105,4
-0.23608006909489632,-0.24447979032993317,5,1.0,june_16_g0,106,1
0.2656499168369919,-0.07131979847326875,5,1.0,june_16_g0,107,3
1.0084198960103095,1.039010149310343,4,1.0,june_16_g0,108,3
0.08879992179572582,-0.12396979599725455,2,1.0,june_16_g0,111,3
-0.14045007177628577,0.05972019536420703,5,1.0,june_16_g0,112,1
-0.11687007243745029,-0.2655397893395275,4,1.0,june_16_g0,113,1
-0.2871700676623732,0.9395601539872587,1,0.0,june_16_g0,114,2
0.15298991999588907,-0.5943097738781944,5,1.0,june_16_g0,116,4
0.5525399087928236,0.9372201540973037,4,1.0,june_16_g0,117,3
0.5669499083887786,0.042170196189545095,6,1.0,june_16_g0,119,1
0.2590999170206487,-0.8575597614981234,6,1.0,june_16_g0,121,2
0.013469943543896079,-0.527619777014479,4,1.0,june_16_g0,122,3
-0.5301800412125885,-0.42816978169139475,2,1.0,june_16_g0,123,3
0.03049994306638837,0.5639901716494933,3,0.0,june_16_g0,124,4
-0.268180048558861,0.2679801855701953,2,1.0,june_16_g0,125,1
0.7313499234151095,0.10652019316330552,6,1.0,june_16_g0,127,2
0.1431599399074912,-0.11577979638241231,4,1.0,june_16_g0,128,2
0.043599942699074745,-0.08886979764793068,5,1.0,june_16_g0,129,1
-1.0895500255282968,-0.44688978081103414,5,1.0,june_16_g0,131,3
-0.7686000345274806,-0.34743978548794985,2,1.0,june_16_g0,132,4
-0.18172005098313093,0.07376019470393658,4,1.0,june_16_g0,134,2
-0.17648005113005638,-0.4983697783900425,1,0.0,june_16_g0,135,2
-0.35595004609785974,-0.21054979192558676,6,1.0,june_16_g0,136,4
0.4811399304307997,-0.3497797853779048,3,0.0,june_16_g0,137,4
0.21127993799746037,-0.009309801389463246,4,1.0,june_16_g0,138,1
-0.1908900507260114,-0.3614797848276794,5,0.0,june_16_g0,139,3
-0.38084004539996386,0.6880101658171043,3,0.0,june_16_g0,140,4
-0.2367400494404137,0.10184019338339567,1,0.0,june_16_g0,141,3
-1.1747000231407583,-0.6130297729978338,5,1.0,june_16_g0,142,2
0.017399943433701992,-0.47496977949049324,6,1.0,june_16_g0,143,4
0.1955599384382367,0.914990155142732,6,1.0,june_16_g0,144,1
0.1916299385484308,0.7898001610301435,5,1.0,june_16_g0,145,3
-0.2498400490731001,0.2223501877160743,4,1.0,june_16_g0,146,1
-0.752880034968257,0.14981019112747163,1,0.0,june_16_g0,147,1
-0.2563900488894433,0.2691501855151728,3,0.0,june_16_g0,148,3
-0.2288800496608019,-0.6773797699715942,5,1.0,june_16_g0,149,3
0.36454993369989097,-0.0385598000138998,6,1.0,june_16_g0,150,2
0.13660994009114802,-0.19533979264087975,6,1.0,june_16_g0,151,4
0.3750299334060401,-0.22692979115527123,5,1.0,june_16_g0,152,2
-0.7646700346376747,1.2905601374804974,4,1.0,june_16_g0,153,1
-0.019280055537819862,0.7827801613602787,3,0.0,june_16_g0,155,3
-0.4515800434164703,0.22352018766105175,6,1.0,june_16_g0,156,2
-0.46337004308588803,-0.5545297757489607,3,0.0,june_16_g0,157,4
0.09206994134001434,0.13460019184276462,6,1.0,june_16_g0,159,2
-0.524940041359514,-0.26319978944957256,1,0.0,june_16_g0,160,1
1.0601599141955376,-0.4726297796005383,2,1.0,june_16_g0,161,3
0.11040994082577527,0.1193901925580576,2,1.0,june_16_g0,162,4
-0.6179500387515873,0.48677017528098077,3,0.0,june_16_g0,163,2
-0.315340047236532,0.3335001824889332,4,1.0,june_16_g0,164,1
-0.17255005124025047,-0.10290979698766023,1,0.0,june_16_g0,165,2
-0.12670005252584815,-0.65163977118209,6,1.0,june_16_g0,166,1
0.1641199393197894,-0.02685980056412518,3,0.0,june_16_g0,167,3
0.29380993568338454,1.1817501425975934,2,1.0,june_16_g0,168,4
0.6776399249210954,-0.1754497935762629,6,1.0,june_16_g0,169,2
0.1706699391361326,0.1416201915126294,1,0.0,june_16_g0,170,4
-0.3166500471998006,-0.4761397794354707,1,0.0,june_16_g0,171,3
0.12481994042173028,0.5441001725848764,3,1.0,june_16_g0,173,4
-0.012730055721476674,-0.5673997751437128,4,1.0,june_16_g0,174,2
0.006919943727552891,0.6926901655970141,1,1.0,june_16_g0,177,3
-1.515300013590604,1.8872601094190031,1,0.0,june_16_g0,178,1
0.42349993204697967,1.191110142157413,3,1.0,june_16_g0,179,1
-0.4450300436001271,0.9887001516763121,1,0.0,june_16_g0,180,2
0.5675999280065298,0.4025301792426035,3,0.0,june_16_g0,181,4
0.5702199279330671,0.5546301720896736,2,1.0,june_16_g0,182,2
-0.08871005359105766,0.32882018270902336,3,1.0,june_16_g0,183,3
-0.09657005337066948,-0.033879800233989954,5,1.0,june_16_g0,184,3
0.7169399238191545,1.3092801366001368,3,1.0,june_16_g0,185,4
-0.01535005564801395,0.7231101641664281,6,1.0,june_16_g0,186,2
1.0483699145261198,0.44114017742685974,4,1.0,june_16_g0,187,3
0.05276994244195521,-0.21054979192558676,6,1.0,june_16_g0,188,3
0.4038499325979501,0.15566019085235894,6,1.0,june_16_g0,189,3
0.012159943580627441,1.9410801068879664,3,0.0,june_16_g0,190,3
-0.2577000488527119,-0.0853597978129983,2,1.0,june_16_g0,191,4
0.3828899331856519,-0.3766897841123864,2,1.0,june_16_g0,192,3
0.16673993924632668,0.1626801905222237,1,0.0,june_16_g0,193,1
0.559739928226918,-0.5042197781149298,5,1.0,june_16_g0,194,2
1.915589890209958,-0.5170897775096819,4,1.0,june_16_g0,196,2
-0.7712200344540179,0.6751401664223522,3,0.0,june_16_g0,199,4
0.031809943029657006,-0.07482979830820113,4,1.0,june_16_g0,200,3
-0.08740005362778902,0.08897019398864359,6,1.0,june_16_g0,201,3
-0.1214600526727736,-0.6141997729428113,6,1.0,june_16_g0,202,4
-0.11753005278296769,-0.7920397645793855,3,0.0,june_16_g0,203,2
0.18900993862189353,-0.5159197775647044,5,1.0,june_16_g0,204,1
0.13660994009114802,-0.22575979121029377,2,1.0,june_16_g0,205,4
0.812569921137765,-0.3053197874687612,6,1.0,june_16_g0,206,1
0.4562499311286956,0.062060195254161954,4,1.0,june_16_g0,208,1
0.1876999386586249,0.12524019228294492,5,1.0,june_16_g0,209,3
-0.2118500501383096,0.1474701912375167,6,1.0,june_16_g0,211,4
0.2990499355364591,-0.5779297746485099,5,1.0,june_16_g0,212,3
-0.03238005517050624,0.4025301792426035,5,1.0,june_16_g0,213,3
0.5217499292921275,0.3896601798478514,4,1.0,june_16_g0,214,1
0.6291699262801558,0.8611701576737687,6,1.0,june_16_g0,215,2
0.3972999327816069,0.11120019294321537,6,1.0,june_16_g0,216,1
-0.0074900558684021235,0.6482301676878706,1,0.0,june_16_g0,217,3
0.09730994119308889,0.06908019492402673,4,1.0,june_16_g0,220,3
0.2990499355364591,2.3786600863095373,6,1.0,june_16_g0,221,2
-0.024520055390894413,0.25160018634051085,1,0.0,june_16_g0,223,3
0.3304899346549064,1.0050801509059966,4,1.0,june_16_g0,224,4
-0.024520055390894413,-0.40359978284686804,1,1.0,june_16_g0,225,4
-0.0795400538481772,1.2191901408368722,6,1.0,june_16_g0,226,1
0.5505699284840375,0.11120019294321537,1,0.0,june_16_g0,227,4
-0.22495004977099597,0.2282001874409616,5,1.0,june_16_g0,228,1
-0.16207005153410137,-0.0759997982531786,3,1.0,june_16_g0,230,2
0.26629993645474315,0.2586201860103756,6,0.0,june_16_g0,231,2
-0.04286005487665534,1.5163701268611476,3,0.0,june_16_g0,232,2
0.6606099253986031,0.3463701818836853,5,1.0,june_16_g0,233,2
-1.2310300215613097,1.269500138470903,1,0.0,june_16_g0,234,2
0.09337994130328298,0.002390198060311377,2,1.0,june_16_g0,235,4
-0.5590000404044986,1.879070109804161,2,0.0,june_16_g0,236,2
0.5518799284473062,0.5815401708241552,5,1.0,june_16_g0,237,2
-0.5943700394127518,1.661450120038353,3,0.0,june_16_g0,238,2
0.15625993954017758,-0.019839800894260406,6,1.0,june_16_g0,239,3
0.6383399260230362,0.9559401532169431,4,1.0,june_16_g0,240,2
0.6606099253986031,0.8857401565182954,1,0.0,june_16_g0,241,1
0.29773993557319045,1.039010149310343,6,1.0,june_16_g0,242,2
0.7798199220560491,0.03515019651968032,5,1.0,june_16_g0,243,4
0.4352899317163974,0.5979201700538397,1,0.0,june_16_g0,244,4
0.4287399319000542,0.4423101773718372,1,0.0,june_16_g0,246,3
0.39860993274487555,0.3019101839745417,3,1.0,june_16_g0,247,4
-0.012730055721476674,0.0328101966297254,2,1.0,june_16_g0,248,3
0.0697999419644475,0.8260701593244448,5,1.0,june_16_g0,249,2
0.09599994122982025,-0.27021978911943734,3,0.0,june_16_g0,250,1
1.069329913938418,0.030470196739770472,1,0.0,june_16_g0,251,2
0.13660994009114802,1.2964101372053847,3,1.0,june_16_g0,252,3
-0.2773500483017415,0.30425018386449665,4,1.0,june_16_g0,253,3
-0.08085005381144583,0.34754018182866275,5,1.0,june_16_g0,254,1
-0.15159005182795227,0.9887001516763121,1,0.0,june_16_g0,255,3
0.4143299323040992,-0.2655397893395275,6,1.0,june_16_g0,257,3
0.3304899346549064,0.1322601919528097,1,0.0,june_16_g0,258,3
0.3553799339570105,0.5230401735752821,5,1.0,june_16_g0,259,3
0.6868099246639758,1.0741101476596668,6,1.0,june_16_g0,260,4
1.1112499127630144,0.679820166202262,4,1.0,june_16_g0,262,2
0.2676099364180118,0.884570156573318,3,0.0,june_16_g0,263,4
0.04490994266234338,0.38849017990287393,5,1.0,june_16_g0,264,1
0.02394994325004518,0.6482301676878706,2,1.0,june_16_g0,265,1
-0.10967005300335586,1.236740140011534,5,1.0,june_16_g0,266,3
0.7824399219825864,1.0706001478247344,4,1.0,june_16_g0,267,2
1.0051399157382548,0.7242801641114056,6,1.0,june_16_g0,268,1
0.06324994214810431,0.9664701527217403,2,1.0,june_16_g0,269,3
-0.24198004929348826,0.9032901556929573,6,1.0,june_16_g0,270,1
-0.662490037502721,1.299920137040317,3,0.0,june_16_g0,271,3
0.4117099323775619,0.20246018865145743,5,1.0,june_16_g0,272,2
-0.02583005535416305,-0.19767979253083467,5,1.0,june_16_g0,273,1
-0.3795300454366952,1.5245601264759898,3,1.0,june_16_g0,274,3
0.14053993998095393,-0.6762097700266168,6,1.0,june_16_g0,277,1
0.3999199327081442,-0.12045979616232216,6,1.0,june_16_g0,278,1
-0.05596005450934172,0.3545601814985275,2,1.0,june_16_g0,279,3
-0.04679005476646125,0.4481601770967245,3,0.0,june_16_g0,280,4
0.1536399396136403,0.4294401779770851,4,1.0,june_16_g0,281,1
0.5047199297696352,0.2223501877160743,6,1.0,june_16_g0,282,1
0.06193994218483567,1.9211901078233495,2,1.0,june_16_g0,283,1
0.6632299253251404,-0.8680897610029206,5,0.0,june_16_g0,284,1
0.021329943323507905,0.6786501662572846,3,0.0,june_16_g0,285,3
0.06848994200117886,0.5873901705490425,6,1.0,june_16_g0,286,1
0.512579929549247,0.8085201601497829,5,1.0,june_16_g0,287,3
-0.33237004675902426,0.8249001593794674,6,1.0,june_16_g0,288,3
0.3593099338468164,1.8860901094740257,1,1.0,june_16_g0,289,3
0.35668993392027915,-0.777999765239656,4,1.0,june_16_g0,290,3
0.07372994185425341,0.3955101795727387,5,1.0,june_16_g0,291,2
0.03573994291946292,0.04568019602447748,2,1.0,june_16_g0,292,1
-0.18172005098313093,0.7921401609200984,6,1.0,june_16_g0,293,2
0.19293993851169944,-0.5416597763542086,1,0.0,june_16_g0,296,1
0.5937999272719026,-0.6504697712371126,3,0.0,june_16_g0,297,4
0.0907599413767457,0.7406601633410901,5,1.0,june_16_g0,298,4
0.5662899280432612,0.9021201557479799,4,0.0,june_16_g0,299,4
0.6016599270515144,-0.43050978158134967,4,1.0,june_16_g0,300,1
0.6737099250312895,0.3522201816085726,4,1.0,june_16_g0,301,3
0.5623599281534553,-0.10758979676757008,3,0.0,june_16_g0,302,2
-0.13325005234219134,1.2917301374254748,1,1.0,june_16_g0,304,4
-0.11884005274623632,1.4122401317581534,1,0.0,june_16_g0,305,4
0.3069099353160709,0.4984701747307554,1,0.0,june_16_g0,306,2
0.27022993634454906,1.395860132528469,1,0.0,june_16_g0,308,1
0.35406993399374187,1.2379101399565116,5,1.0,june_16_g0,309,3
0.19686993840150535,0.6166401691734791,1,1.0,june_16_g0,310,4
0.46541993087157607,0.8681901573436335,6,1.0,june_16_g0,311,1
-0.04417005483992398,0.004730197950266302,5,1.0,june_16_g0,312,1
-0.16076005157083273,1.1817501425975934,2,1.0,june_16_g0,313,4
0.08289994159713387,1.3748001335188746,1,0.0,june_16_g0,314,3
0.14053993998095393,1.4075601319782436,6,1.0,june_16_g0,315,4
0.3448999342508614,1.2004701417172328,4,1.0,june_16_g0,316,4
0.3999199327081442,0.9641301528317854,5,1.0,june_16_g0,318,1
-0.15028005186468363,0.3299901826540008,4,1.0,june_16_g0,319,3
0.1916299385484308,1.1267601451836526,6,0.0,june_16_g0,320,4
0.7693399223499,0.8951001560781151,1,0.0,june_16_g0,321,4
0.39467993285506964,0.6985401653219014,4,1.0,june_16_g0,322,3
0.19424993847496808,0.49379017495084554,4,1.0,june_16_g0,323,1
-0.045480054803192616,0.6739701664773747,6,1.0,june_16_g0,324,4
0.3658599336631596,0.9828501519514248,3,0.0,june_16_g0,325,1
0.1431599399074912,1.0249701499706134,2,1.0,june_16_g0,326,3
0.25974993663839996,1.1840901424875483,4,1.0,june_16_g0,328,1
0.11433994071558118,0.712580164661631,6,1.0,june_16_g0,329,3
0.6252399263903499,1.9902201045770198,6,1.0,june_16_g0,330,3
-0.12670005252584815,0.030470196739770472,6,1.0,june_16_g0,331,3
-0.20661005028523505,0.21533018804620951,6,1.0,june_16_g0,332,4
0.29380993568338454,0.30074018402956426,1,0.0,june_16_g0,334,3
0.03573994291946292,0.052700195694342256,4,1.0,june_16_g0,335,2
1.3562199058942497,0.07727019453886896,5,0.0,june_16_g0,336,4
-0.040240054950118065,0.026960196904838085,2,1.0,june_16_g0,337,2
0.23223993740975857,0.758210162515752,1,0.0,june_16_g0,338,2
0.3593099338468164,1.443830130272545,4,1.0,june_16_g0,339,2
0.32131993491202593,0.16385019046720117,4,1.0,june_16_g0,340,4
0.5230599292553961,1.256630139076151,1,0.0,june_16_g0,342,3
0.7444499230477959,1.8123801129404455,4,1.0,june_16_g0,343,4
0.3724099334795028,1.0249701499706134,2,1.0,june_16_g0,345,4
0.8151899210643023,0.5862201706040651,3,1.0,june_16_g0,346,4
0.7470699229743332,0.5452701725298539,3,1.0,june_16_g0,347,4
0.7313499234151095,1.3829901331337169,4,1.0,june_16_g0,348,3
0.3003599354997277,1.5561501249903813,4,1.0,june_16_g0,349,3
1.698129896307364,1.0331601495854557,6,1.0,june_16_g0,350,3
-0.18827005079947412,0.24926018645055592,5,0.0,june_16_g0,351,4
1.0627799141220748,-0.2936197880189866,6,1.0,june_16_g0,352,1
-0.3363000466488302,1.5748701241100207,3,0.0,june_16_g0,353,1
0.5610499281901866,0.37913018034305423,4,1.0,june_16_g0,354,4
0.8793799192644656,0.5066601743455976,6,1.0,june_16_g0,355,3
-0.11753005278296769,0.31010018358938396,3,0.0,june_16_g0,356,1
0.37371993344277143,1.1349501447984949,1,0.0,june_16_g0,357,3
0.2400999371893704,1.2285501403966919,6,1.0,june_16_g0,358,3
0.5715299278963357,0.026960196904838085,1,0.0,june_16_g0,359,2
0.24533993704244494,0.28553018474485725,2,1.0,june_16_g0,360,1
-0.012730055721476674,0.6751401664223522,5,1.0,june_16_g0,361,2
-0.4175200443714857,0.3276501827640459,1,0.0,june_16_g0,362,1
0.14839993976056576,1.9761801052372903,3,0.0,june_16_g0,363,4
-0.3166500471998006,1.737500116461888,1,0.0,june_16_g0,364,2
0.2505799368955195,1.8509901111247018,1,0.0,june_16_g0,365,2
0.4352899317163974,-0.5053897780599073,5,1.0,june_16_g0,367,4
-0.1005000532604754,0.01877019728999585,1,0.0,june_16_g0,368,2
0.10647994093596935,-0.14970979478675872,1,0.0,june_16_g0,369,3
0.36454993369989097,1.0331601495854557,1,1.0,june_16_g0,371,4
0.274159936234355,0.5312301731901243,6,1.0,june_16_g0,372,1
0.2820199360139668,0.6119601693935692,3,0.0,june_16_g0,373,1
-0.3061700474936515,0.06557019508909434,4,1.0,june_16_g0,375,3
-0.148970051901415,0.603770169778727,2,1.0,june_16_g0,376,4
0.5505699284840375,1.7878101140959188,3,0.0,june_16_g0,377,1
0.498169929953292,0.8880801564082503,6,1.0,june_16_g0,378,1
0.14839993976056576,-0.1532197946216911,1,0.0,june_16_g0,379,3
0.9173699181992561,1.7573901155265048,6,1.0,june_16_g0,380,4
0.4811399304307997,0.3428601820487529,6,nan,june_16_g0,382,3
0.9619099169503897,1.5924201232846826,3,nan,june_16_g0,383,2
-0.3887000451795757,0.6248301687883213,2,nan,june_16_g0,384,2
-0.10967005300335586,0.5569701719796285,4,nan,june_16_g0,386,2
0.17197993909940124,1.4555301297223195,5,nan,june_16_g0,387,1
0.16935993917286396,1.1817501425975934,3,nan,june_16_g0,388,3
1.0391999147832394,1.1162301456788555,2,nan,june_16_g0,389,3
-0.4869500424247235,1.2841599900275469,5,nan,june_16_g0,391,2
-0.42931004404090345,0.5096200264524668,3,nan,june_16_g0,392,4
-0.32451004697941244,0.4733500281581655,5,nan,june_16_g0,393,4
0.43397993175312877,1.4222199835348874,3,nan,june_16_g0,394,1
0.10385994100943208,0.7295800161082298,4,nan,june_16_g0,395,3
-0.02714005531743169,-0.24970993783790618,4,nan,june_16_g0,396,3
0.11259003332816064,0.8179501026170328,5,nan,june_16_g0,397,1
-0.23500010278075933,1.7656500580487773,1,nan,june_16_g0,398,4
-0.29614015435799956,0.17686007567681372,3,nan,june_16_g0,399,1
-0.31404996872879565,0.2781001615803689,6,nan,june_16_g0,400,1
-0.3192899685818702,1.945040037855506,4,nan,june_16_g0,401,1
0.995949994539842,0.360860112356022,6,nan,june_16_g0,402,2
0.06192002072930336,1.0382900804979727,3,nan,june_16_g0,403,2
-0.5144799631088972,0.2953401154372841,4,nan,june_16_g0,404,4
-0.19352997210808098,-0.025239869486540556,5,nan,june_16_g0,405,4
-0.14374997350387275,1.9193000390660018,1,nan,june_16_g0,408,4
0.4352700102608651,0.874490088201128,2,nan,june_16_g0,409,4
-0.42146996571682394,2.0854400312528014,2,nan,june_16_g0,410,2
0.10777001944370568,-0.03225986915640533,6,nan,june_16_g0,411,4
-0.13326997379772365,1.9087700395612046,3,nan,june_16_g0,412,3
0.5138700080569834,-0.41367985121905804,3,nan,june_16_g0,413,2
0.29772001411765814,2.1614900276763365,3,nan,june_16_g0,414,4
-0.17256997269578278,0.30938011477701366,5,nan,june_16_g0,416,3
0.29510001419112086,0.17249012121465057,3,nan,june_16_g0,417,2
0.1156300192233175,0.8347100900718942,5,nan,june_16_g0,418,3
-1.2087799436412752,0.4977501059183851,1,nan,june_16_g0,419,1
-1.607019932474941,-0.20892986084800214,3,nan,june_16_g0,420,2
-1.4039699381683022,-1.3040498093469068,2,nan,june_16_g0,421,3
-0.8969999523833394,0.45212010806426406,2,nan,june_16_g0,422,3
-0.41491996590048075,1.9391900381306186,2,nan,june_16_g0,423,1
-0.0690799755975604,-0.0486398683860898,5,nan,june_16_g0,424,3
-0.8131599547341466,-0.3937898521544412,2,nan,june_16_g0,425,2
-0.7432900492567569,1.164890176965855,3,nan,june_16_g0,427,4
0.1684699251782149,0.7869801947381347,1,nan,june_16_g0,428,3
-0.44985005748458207,1.9663401392754167,6,nan,june_16_g0,429,1
-0.8939400450326502,0.9320601879153401,1,nan,june_16_g0,430,4
-0.5009400560520589,0.03935022989753634,2,nan,june_16_g0,432,3
-0.7668700485955924,-0.07647976465523243,5,nan,june_16_g0,433,2
-0.03589006909169257,0.15635022439528257,6,nan,june_16_g0,436,2
1.4968098879326135,1.3883601664565504,3,nan,june_16_g0,437,2
-0.3751800595782697,0.059240228962153196,3,nan,june_16_g0,438,3
-0.2808600622229278,0.8829201902262866,6,nan,june_16_g0,439,4
-0.5887100535910577,-0.11508976283948869,1,nan,june_16_g0,440,2
-0.11842006677761674,-0.2519797564018518,3,nan,june_16_g0,441,2
-0.8323700467590243,-1.0031197210773826,1,nan,june_16_g0,442,4
0.21169992396607995,0.5330902066780254,3,nan,june_16_g0,443,1
0.002099929843097925,0.5635102052474394,5,nan,june_16_g0,444,3
0.5287199150770903,-0.5046997445169836,1,nan,june_16_g0,445,3
1.8740898773539811,-0.1735897600883618,5,nan,june_16_g0,446,1
-0.042440068908035755,2.146520130801946,1,nan,june_16_g0,448,3
-0.5035600559785962,-0.033189766691066325,4,nan,june_16_g0,449,1
0.1999099242966622,1.4772801622748375,5,nan,june_16_g0,451,4
0.33614992047660053,1.5474801589734852,6,nan,june_16_g0,452,1
0.08069992763921618,1.926560141146183,6,nan,june_16_g0,454,3
-0.025410069385543466,0.7390101969940588,5,nan,june_16_g0,455,1
0.015199929475784302,1.0221501836786047,4,nan,june_16_g0,456,1
0.1475099257659167,-0.03201976674608886,4,nan,june_16_g0,458,1
-0.21012006420642138,-0.019149767351336777,1,nan,june_16_g0,460,3
-0.1446200660429895,0.9133401887957007,3,nan,june_16_g0,461,1
-0.18261006497777998,0.531920206733048,2,nan,june_16_g0,462,4
0.04925992852076888,-0.6275497387396172,4,nan,june_16_g0,463,1
-0.04899006872437894,0.3037702174624428,5,nan,june_16_g0,464,2
0.12785992631688714,0.8957901896210387,3,nan,june_16_g0,465,3
-0.2978900617454201,-0.4064197491388768,3,nan,june_16_g0,466,4
0.16060992539860308,0.26282021938823164,2,nan,june_16_g0,467,3
-0.14593006600625813,-0.1267897622892633,4,nan,june_16_g0,468,1
0.1959799244068563,1.9558101397706196,5,nan,june_16_g0,469,3
1.183719896711409,-1.9590096761239693,4,nan,june_16_g0,470,3
0.34662992018274963,-0.5327797431964427,6,nan,june_16_g0,471,2
0.041399928741157055,0.3997102129505947,4,nan,june_16_g0,472,2
0.18287992477416992,0.1586902242852375,4,nan,june_16_g0,473,1
-0.04375006887130439,0.8478201918769628,5,nan,june_16_g0,474,1
0.09772992716170847,0.919190188520588,2,nan,june_16_g0,475,4
1.5046698877122253,1.541630159248598,3,nan,june_16_g0,478,1
-0.09746006736531854,0.024140230612829328,5,nan,june_16_g0,479,3
-0.13938006618991494,-0.7773097316967323,6,nan,june_16_g0,480,3
-0.3843500593211502,-0.15603976091369987,3,nan,june_16_g0,481,1
0.2444499230477959,0.5518102057976648,5,nan,june_16_g0,482,1
-0.15379006578586996,0.7729401953984052,3,nan,june_16_g0,483,3
-0.4511600574478507,1.6059801562223583,2,nan,june_16_g0,484,3
-0.10270006721839309,-0.7503997329622507,3,nan,june_16_g0,485,2
-0.1904700647573918,-1.1247997153550386,3,nan,june_16_g0,486,2
0.1854999247007072,1.617680155672133,3,nan,june_16_g0,487,4
0.34007992036640644,1.349750168272294,3,nan,june_16_g0,488,3
-0.03327006916515529,0.468740209704265,5,nan,june_16_g0,489,3
0.28112992201931775,-0.09987976355478168,6,nan,june_16_g0,490,1
1.183719896711409,1.741700149839744,2,nan,june_16_g0,491,4
0.3243599208071828,1.7908401475287974,1,nan,june_16_g0,492,3
0.374139919411391,0.8548401915468276,6,nan,june_16_g0,493,3
0.13178992620669305,0.18209022318478674,2,nan,june_16_g0,494,4
0.22086992370896041,-0.6240397389046848,4,nan,june_16_g0,495,1
0.35448991996236145,2.0213301366893575,1,nan,june_16_g0,496,1
0.22217992367222905,0.2850502183428034,1,nan,june_16_g0,497,2
0.3151899210643023,0.43247021140996367,6,nan,june_16_g0,498,4
0.2483799229376018,-0.3876997500192374,6,nan,june_16_g0,499,2
0.5732599138282239,1.0221501836786047,5,nan,june_16_g0,500,3
0.2732699222397059,0.4032202127855271,5,nan,june_16_g0,502,1
0.1959799244068563,1.6925601521506906,2,nan,june_16_g0,503,1
-0.7288800496608019,-0.7141297346679494,2,nan,june_16_g0,504,2
-0.5310700552072376,-0.6918997357133776,1,nan,june_16_g0,505,2
0.48024991643615067,-0.19698975898791105,3,nan,june_16_g0,506,1
0.18811992462724447,1.3439001685474068,6,nan,june_16_g0,507,1
-0.19309006468392909,1.1005401799920946,1,nan,june_16_g0,508,4
0.023059929255396128,1.4503701635403559,6,nan,june_16_g0,509,1
0.3151899210643023,-0.014469767571426928,4,nan,june_16_g0,510,1
-0.06995006813667715,2.0037801375146955,6,nan,june_16_g0,511,1
-1.162490037502721,0.3283402163069695,3,nan,june_16_g0,512,3
-0.7773500483017415,1.5767301575979218,6,nan,june_16_g0,514,1
-0.43544005788862705,1.6317201550118625,6,nan,june_16_g0,515,4
-0.18021001876331866,-1.1733198608271778,3,nan,june_16_g0,516,4
-0.4869699638802558,2.2664799774065614,3,nan,june_16_g0,517,1
-0.6048699605744332,0.20377007441129535,1,nan,june_16_g0,519,4
-0.8773499529343098,-0.7579698803601786,5,nan,june_16_g0,520,2
-0.8799699528608471,-0.5368398907594383,5,nan,june_16_g0,521,4
0.6003300056327134,-0.6362898860825226,6,nan,june_16_g0,522,1
-1.368599939160049,0.5348800588399172,1,nan,june_16_g0,524,2
0.8649499982129782,1.9271799933630973,1,nan,june_16_g0,525,3
-0.26950996997766197,-0.38824989774730057,3,nan,june_16_g0,526,1
-0.5629499617498368,0.26344007160514593,3,nan,june_16_g0,528,4
-0.014059977140277624,1.5094900130061433,1,nan,june_16_g0,530,2
-0.6703699587378651,1.0765900333644822,3,nan,june_16_g0,531,2
-0.31797996861860156,0.8402500444790348,6,nan,june_16_g0,535,4
-0.020609976956620812,1.5574600107502192,4,nan,june_16_g0,536,4
1.9876199667342007,0.4529800626914948,6,nan,june_16_g0,537,4
-1.2244999432004988,-0.09808991139288992,6,nan,june_16_g0,538,3
-0.3677599672228098,1.053190034464933,2,nan,june_16_g0,539,1
-0.019299976993352175,1.6112800082191825,1,nan,june_16_g0,540,3
-0.3363199681043625,-1.0656798658892512,1,nan,june_16_g0,541,3
-0.2459299706388265,0.5149900597753003,5,nan,june_16_g0,542,2
0.14052001852542162,0.5887000563088804,4,nan,june_16_g0,543,3
-0.046809976221993566,-0.32974990049842745,6,nan,june_16_g0,544,1
-0.945469951024279,0.31843006901908666,3,nan,june_16_g0,545,1
0.9317599963396788,-0.2478499043500051,3,nan,june_16_g0,546,3
-0.9638099505100399,-0.9475098714465275,2,nan,june_16_g0,547,2
-0.7725499558728188,-0.011509915464557707,5,nan,june_16_g0,549,1
-0.5419899623375386,1.701370003982447,1,nan,june_16_g0,550,3
-1.115769946249202,1.1210500312736258,2,nan,june_16_g0,552,1
-0.27605996979400516,1.4790700144367293,2,nan,june_16_g0,554,3
-0.24461997067555785,0.6167800549883395,1,nan,june_16_g0,556,3
-0.08741997508332133,0.6062500554835424,3,nan,june_16_g0,557,2
1.010359994135797,-0.5719398891087621,6,nan,june_16_g0,558,4
-0.32059996854513884,-0.046609913813881576,3,nan,june_16_g0,559,2
-0.222349971299991,1.1842300283024088,4,nan,june_16_g0,560,4
0.0946700198110193,2.2185099796624854,5,nan,june_16_g0,562,1
-0.014059977140277624,-0.110959910787642,1,nan,june_16_g0,563,2
-0.36906996718607843,2.3167899750405923,6,nan,june_16_g0,565,3
-0.5301999626681209,0.5746600569691509,2,nan,june_16_g0,566,2
0.3802500118035823,0.617950054933317,6,nan,june_16_g0,568,3
-0.1070699745323509,-0.17764990765135735,6,nan,june_16_g0,569,3
0.010830022161826491,1.3503700204892084,6,nan,june_16_g0,570,1
-0.2288999711163342,0.22951007320079952,4,nan,june_16_g0,571,2
-0.4201599657535553,0.2236600734759122,6,nan,june_16_g0,572,4
-0.18828997225500643,0.3827800659928471,1,nan,june_16_g0,573,2
0.8059999998658895,0.8402500444790348,5,nan,june_16_g0,574,3
-0.10313997464254498,1.2965500230202451,6,nan,june_16_g0,575,4
-0.7227699572686106,0.3231100687989965,4,nan,june_16_g0,576,4
0.08812001999467611,1.878039995674044,6,nan,june_16_g0,577,1
0.22043001628480852,1.1350900306133553,2,nan,june_16_g0,578,2
0.8845999976620078,1.5445900113554671,1,nan,june_16_g0,579,3
-0.374309967039153,0.27865007088985294,6,nan,june_16_g0,581,1
-0.7018099578563124,-0.7684998798649758,4,nan,june_16_g0,582,1
0.46147000952623785,1.8546399967744946,5,nan,june_16_g0,583,4
1.1256399909034371,0.22600007336586714,4,nan,june_16_g0,584,3
0.2335300159174949,-0.3531498993979767,4,nan,june_16_g0,585,3
-1.4707799362950027,1.0005400369409472,5,nan,june_16_g0,586,3
-0.5249599628150463,-0.17764990765135735,2,nan,june_16_g0,587,3
-0.07955997530370951,-0.31687990110367537,6,nan,june_16_g0,588,3
-0.12409997405484319,0.802810046239756,3,nan,june_16_g0,589,4
0.4208600106649101,2.2851999765262008,3,nan,june_16_g0,590,1
-0.39002996659837663,0.42139006417710334,1,nan,june_16_g0,592,4
0.5125600080937147,1.2275200262665749,6,nan,june_16_g0,594,2
0.5400700073223561,1.0344700353452936,5,nan,june_16_g0,596,3
-0.35720002045854926,0.2889000603463501,5,1.0,june_22_g0,1,4
0.7113999824505299,-0.857699885731563,5,0.0,june_22_g0,3,4
-0.1726000199560076,-0.29726991208735853,6,1.0,june_22_g0,4,2
0.763399982592091,-0.7605898902984336,5,0.0,june_22_g0,5,2
0.4422999817179516,-0.1088999209459871,3,1.0,june_22_g0,7,3
0.5319999819621444,-0.29960991197731346,4,1.0,june_22_g0,8,1
0.27329998125787824,0.16137006634380668,3,0.0,june_22_g0,9,2
-1.3699000232154503,1.8543599867261946,1,0.0,june_22_g0,11,1
0.26939998124726117,1.6694999954197556,1,0.0,june_22_g0,12,3
0.665899982326664,0.21519006381276995,1,0.0,june_22_g0,13,1
0.5735999820753932,0.09468006948009133,3,1.0,june_22_g0,14,4
0.40459998161531985,0.24327006249222904,1,0.0,june_22_g0,15,3
0.6518000543583184,0.3836700558895245,1,0.0,june_22_g0,16,2
0.4349000066285953,0.3392802393063903,4,1.0,june_22_g0,17,4
-0.8426000911276788,0.5475402295123786,6,0.0,june_22_g0,18,1
-1.2430000922176987,0.7218702213140205,1,0.0,june_22_g0,19,4
-0.2355000894749537,-0.05617974209599197,1,0.0,june_22_g0,20,2
-0.3798000898677856,0.1743102470645681,3,0.0,june_22_g0,21,2
-0.6450000905897468,0.022210254217498004,2,0.0,june_22_g0,22,4
-1.457500092801638,0.4387302346294746,2,1.0,june_22_g0,23,1
0.037499911268241704,-0.07255974132567644,5,0.0,june_22_g0,25,4
-0.06520008901134133,0.4808502326486632,4,1.0,june_22_g0,26,4
-0.4058000899385661,0.48553023242857307,4,0.0,june_22_g0,27,2
-0.3432999941287562,-0.14065984054468572,6,1.0,june_22_g0,28,1
0.1923000073293224,0.6034601244609803,4,1.0,june_22_g0,29,2
-0.01829999324399978,0.24193014146294445,6,1.0,june_22_g0,31,4
-0.4134999943198636,0.18694014404900372,5,0.0,june_22_g0,32,4
0.16370000725146383,0.26299014047253877,1,0.0,june_22_g0,33,4
-0.5876999947940931,0.6526001221500337,1,0.0,june_22_g0,34,3
0.036300006904639304,0.6923801202792674,1,0.0,june_22_g0,36,2
-0.47589999448973686,0.4724201306235045,1,0.0,june_22_g0,37,3
-0.12359999353066087,0.8398001133464277,6,1.0,june_22_g0,38,1
0.2326000074390322,0.21970014250837266,3,0.0,june_22_g0,39,3
-0.4134999943198636,0.5145401286426932,1,0.0,june_22_g0,40,2
-1.2012999964645132,0.8257601140066981,2,0.0,june_22_g0,41,1
0.011600006837397814,0.706420119618997,5,0.0,june_22_g0,42,3
-0.4641999944578856,0.28171013959217817,1,0.0,june_22_g0,43,2
-0.023499993258155882,1.2446200943086296,6,1.0,june_22_g0,44,3
0.6174000084865838,0.09334014845080674,5,0.0,june_22_g0,45,2
-0.01179999322630465,0.5031501745106652,4,0.0,june_22_g0,46,1
0.4238001035992056,0.21533018804620951,2,0.0,june_22_g0,47,4
-1.1972999008139595,1.071770147769712,5,0.0,june_22_g0,48,3
0.06630010262597352,-0.3404197858180851,5,1.0,june_22_g0,50,1
0.03640010254457593,0.7476801630109549,2,0.0,june_22_g0,51,4
-0.413399898679927,0.2785101850749925,2,0.0,june_22_g0,52,1
-0.49139989889226854,0.7500201629009098,4,1.0,june_22_g0,53,3
-0.36659989855252206,0.15215019101742655,4,0.0,june_22_g0,54,2
-0.15469989797566086,0.8132001599296927,5,1.0,june_22_g0,56,2
0.06630010262597352,0.14279019145760685,3,0.0,june_22_g0,57,3
-0.045499897678382695,0.7149201645515859,6,1.0,june_22_g0,58,1
-0.3418998984852806,0.2223501877160743,3,0.0,june_22_g0,59,3
0.06890010263305157,0.5464401724748313,1,0.0,june_22_g0,60,1
-0.03379989764653146,0.1322601919528097,5,1.0,june_22_g0,61,4
0.019500102498568594,-0.45039978064596653,5,1.0,june_22_g0,62,1
-0.2872998983366415,-0.2655397893395275,1,0.0,june_22_g0,63,3
-0.5511998990550637,0.34754018182866275,3,0.0,june_22_g0,64,4
0.05850010260473937,0.42242017830722034,5,1.0,june_22_g0,65,4
-0.7500998995965347,-0.1965097925858572,4,0.0,june_22_g0,66,4
0.6006001040805131,1.3490601347293705,6,0.0,june_22_g0,67,2
-0.7201998995151371,0.4235901782521978,3,0.0,june_22_g0,69,4
-1.3818999013165012,1.6322001214139163,4,0.0,june_22_g0,70,4
0.9776001051068306,1.0308201496955007,6,1.0,june_22_g0,71,2
-0.03249989764299244,0.8588301577838138,5,1.0,june_22_g0,72,2
0.6292001041583717,0.41306017874740064,6,0.0,june_22_g0,74,2
-0.6720998993841931,0.26330018579028547,3,0.0,june_22_g0,75,4
0.22230010305065662,0.13109019200783223,3,0.0,june_22_g0,76,2
-0.5342998990090564,1.3514001346193254,2,0.0,june_22_g0,78,2
-0.4692998988321051,-0.1660897940164432,3,0.0,june_22_g0,79,2
-0.3080998983932659,0.46922017610631883,4,0.0,june_22_g0,80,1
0.07800010265782475,-0.2830897885141894,6,1.0,june_22_g0,82,1
-0.1819998980499804,-0.08886979764793068,5,0.0,june_22_g0,83,3
-0.2625998982694,-0.12162979610729963,6,1.0,june_22_g0,84,2
0.10790010273922235,0.39785017946269363,4,0.0,june_22_g0,85,4
0.24570010311435908,-0.09822979720775038,5,0.0,june_22_g0,88,3
0.5681001039920375,0.9559401532169431,2,0.0,june_22_g0,90,1
-0.42249989870470017,0.19661018892657012,2,0.0,june_22_g0,93,1
0.006500102463178337,0.13694019173271954,4,1.0,june_22_g0,95,3
-0.7370998995611444,0.6470601677428931,4,1.0,june_22_g0,96,4
-0.3379998984746635,-0.20118979236576706,3,0.0,june_22_g0,97,4
0.10790010273922235,0.18257018958684057,6,0.0,june_22_g0,98,1
-0.3143999455496669,-0.2830897885141894,6,1.0,june_22_g0,100,4
-0.8616999470395967,1.28939013753552,3,0.0,june_22_g0,101,4
-0.024499944760464132,0.23522018711082637,5,1.0,june_22_g0,102,3
-0.12329994502943009,0.4118901788024232,6,1.0,june_22_g0,103,3
-0.1999000880168751,-0.30414978752378374,6,0.0,june_22_g0,104,3
0.004300008178688586,0.21065018826629966,6,1.0,june_22_g0,106,4
-0.1971999923698604,0.6891801657620817,3,0.0,june_22_g0,107,2
-1.2514999952400103,0.5616501717595384,1,0.0,june_22_g0,108,3
-0.6924999937182292,0.17087019013706595,1,0.0,june_22_g0,109,4
0.025100008235313,0.5288901733001694,1,0.0,june_22_g0,110,2
-0.44679999304935336,0.1416201915126294,3,0.0,june_22_g0,111,2
-0.3570999928051606,0.2867001846898347,3,0.0,june_22_g0,112,2
-0.25569999252911657,0.1193901925580576,6,1.0,june_22_g0,113,4
-2.2225999978836626,-0.10524979687761515,2,0.0,june_22_g0,114,3
-0.7574999938951805,-0.1532197946216911,1,0.0,june_22_g0,115,1
-0.28949999262113124,-0.39657978317700326,2,0.0,june_22_g0,116,4
0.17980000865645707,0.138110191677697,1,0.0,june_22_g0,117,4
-0.31939999270252883,0.9992301511811092,4,0.0,june_22_g0,118,2
0.03420000826008618,-0.21639979165047407,5,0.0,june_22_g0,119,2
-0.5858999934280291,0.5792001709342003,3,0.0,june_22_g0,120,1
-0.4896999931661412,-0.039729799958877265,3,0.0,june_22_g0,121,2
-0.628799993544817,-0.49602977850008756,3,0.0,june_22_g0,122,2
-0.6781999936793,-0.4012597829569131,5,0.0,june_22_g0,124,3
-0.23879999248310924,-0.22224979137536138,6,1.0,june_22_g0,126,4
-0.003499991842545569,-0.2093797919806093,2,0.0,june_22_g0,129,4
-1.387999995611608,0.884570156573318,1,0.0,june_22_g0,130,4
-1.085099994787015,0.8600001577287912,2,0.0,june_22_g0,131,4
-0.1360999922035262,0.26330018579028547,3,0.0,june_22_g0,132,3
-0.53129999327939,0.3124401834793389,3,1.0,june_22_g0,133,3
-0.28039999259635806,-0.1625797941815108,2,0.0,june_22_g0,134,4
-1.9014999970095232,0.9337101542623714,3,0.0,june_22_g0,135,1
-0.2062999923946336,0.3931701796827838,4,0.0,june_22_g0,136,2
-0.4181999929714948,1.0600701483199373,1,0.0,june_22_g0,137,2
1.739800012903288,-0.3029797875788063,6,1.0,june_22_g0,138,4
-0.6599999936297536,0.18959018925670534,1,0.0,june_22_g0,140,3
-0.5013999931979924,-0.11226979654747993,6,1.0,june_22_g0,141,3
0.30460000899620354,0.679820166202262,6,1.0,june_22_g0,142,1
0.9546000107657164,0.7418301632860675,5,0.0,june_22_g0,144,2
-0.479299993137829,-0.27957978867925704,2,0.0,june_22_g0,145,4
-0.3479999927803874,0.36626018094830215,2,0.0,june_22_g0,146,2
-1.9235999970696867,0.02462019701488316,5,1.0,june_22_g0,147,3
-0.12699999217875302,0.7488501629559323,1,0.0,june_22_g0,148,1
-0.25439999252557755,0.35339018155355006,4,1.0,june_22_g0,150,2
-1.337299995473586,1.800680113490671,3,0.0,june_22_g0,151,4
-0.627499993541278,0.17087019013706595,1,0.0,june_22_g0,152,1
-0.48579999315552413,-0.41295978240668774,1,0.0,june_22_g0,153,2
-0.29599999263882637,0.5230401735752821,3,1.0,june_22_g0,154,4
0.5854000097606331,-0.094719797372818,4,1.0,june_22_g0,156,3
-0.5923999934457242,-0.233949790825136,6,0.0,june_22_g0,157,4
-0.22839999245479703,0.5979201700538397,1,0.0,june_22_g0,158,3
-0.045099991955794394,-0.6071797732729465,6,1.0,june_22_g0,159,4
-0.18029999232385308,0.4083801789674908,3,0.0,june_22_g0,160,2
-0.03469999192748219,2.2874000906012952,2,0.0,june_22_g0,162,3
0.5854000097606331,-0.2152297917054966,6,0.0,june_22_g0,164,2
-0.12829999218229204,-0.884469760232605,5,0.0,june_22_g0,165,4
-0.8003999940119684,0.7839501613052562,2,0.0,june_22_g0,166,3
-0.10879999212920666,0.33818018226884305,1,0.0,june_22_g0,167,2
0.40600000927224755,0.8506401581689715,5,1.0,june_22_g0,168,3
-0.08799999207258224,-0.12747979583218694,3,0.0,june_22_g0,169,3
-0.7496999938739464,0.6400401680730283,2,1.0,june_22_g0,171,1
-0.11009999213274568,-0.19182979280594736,5,1.0,june_22_g0,172,1
-0.36099999281577766,-0.26670978928450495,3,0.0,june_22_g0,173,2
-0.19329999235924333,0.05504019558429718,4,0.0,june_22_g0,174,1
0.6205000098561868,0.6224901688983664,4,1.0,june_22_g0,175,3
0.1213000084972009,0.20480018854141235,4,1.0,june_22_g0,176,4
-0.3024999926565215,-0.3930697833420709,2,0.0,june_22_g0,177,4
-0.17379999230615795,0.6739701664773747,6,1.0,june_22_g0,178,3
0.06670000834856182,-0.2772397887893021,5,1.0,june_22_g0,179,3
-0.19589999236632138,-0.109929796657525,6,1.0,june_22_g0,180,4
0.11740000848658383,0.262130185845308,6,1.0,june_22_g0,181,2
-0.7899999939836562,0.6330201684031636,1,0.0,june_22_g0,182,2
0.5984000097960234,1.0682601479347795,6,1.0,june_22_g0,183,1
-0.6547999936155975,0.246920186560601,4,1.0,june_22_g0,184,2
-0.4675999931059778,-0.04089979990385473,5,1.0,june_22_g0,185,1
-0.21539999241940677,0.540590172749944,2,1.0,june_22_g0,186,2
0.0004000081680715084,0.33467018243391067,6,1.0,june_22_g0,187,1
-0.2166999924229458,-0.18246979324612767,3,0.0,june_22_g0,188,3
-0.3492999927839264,-0.07950979808811098,6,0.0,june_22_g0,190,1
-0.3076999926706776,0.8260701593244448,5,1.0,june_22_g0,195,3
0.3631000091554597,1.9785201051272452,6,1.0,june_22_g0,196,3
-0.47669999313075095,-0.7616197660099715,5,0.0,june_22_g0,197,2
-0.3531999927945435,-0.3918997833970934,5,0.0,june_22_g0,198,1
-1.2579999952577055,1.4765901287319139,1,0.0,june_22_g0,199,2
1.1119000111939386,1.2168501409469172,6,1.0,june_22_g0,201,3
0.07710000837687403,0.24107018683571368,4,0.0,june_22_g0,202,2
-0.18549999233800918,0.5803701708791777,3,0.0,june_22_g0,203,2
0.11480000847950578,-0.18714979302603751,3,0.0,june_22_g0,205,2
-1.130599994910881,1.2074901413870975,2,0.0,june_22_g0,206,2
-0.11139999213628471,1.0121001505758613,2,0.0,june_22_g0,208,1
-0.3115999926812947,0.991040151566267,2,1.0,june_22_g0,209,4
-0.48189999314490706,0.3592401812784374,2,1.0,june_22_g0,211,4
-0.011299991863779724,1.6520901204785332,6,1.0,june_22_g0,212,1
-0.07369999203365296,-0.10641979682259262,1,0.0,june_22_g0,213,3
-0.5013999931979924,-0.10290979698766023,6,0.0,june_22_g0,214,4
-1.4568999957991764,0.42476017819717526,2,0.0,june_22_g0,215,4
-0.9693999944720417,-0.2994697877438739,2,0.0,june_22_g0,216,1
-0.31549999269191176,-0.669189770356752,4,1.0,june_22_g0,217,4
-0.4246999929891899,0.3218001830391586,3,0.0,june_22_g0,219,2
-0.02819999190978706,0.33818018226884305,1,0.0,june_22_g0,220,1
-0.08269989641848952,0.3803001802880317,1,0.0,june_22_g0,221,1
-0.10999989649280906,0.7707701165927574,6,1.0,june_22_g0,222,3
0.12660010415129364,-0.7069398139137775,4,1.0,june_22_g0,223,2
0.02000010386109352,-0.05407984461635351,6,0.0,june_22_g0,224,1
-0.39599989727139473,0.28522013942711055,5,1.0,june_22_g0,225,1
-0.6962998980889097,2.207530049025081,2,0.0,june_22_g0,226,3
-0.22959989681839943,0.5625101263867691,6,1.0,june_22_g0,228,1
0.898800106253475,0.17992014437913895,4,0.0,june_22_g0,229,1
-0.0059998962096869946,-0.2740398342721164,5,1.0,june_22_g0,230,1
-0.21399989677593112,-0.1722498390590772,6,1.0,june_22_g0,231,4
-0.23479989683255553,0.17758014448918402,4,1.0,june_22_g0,232,3
-0.03459989628754556,0.6350501229753718,3,0.0,june_22_g0,233,2
-0.09309989644680172,0.6841901206644252,3,0.0,june_22_g0,234,1
0.21760010439902544,0.7052501196740195,5,0.0,june_22_g0,235,1
-0.6533998979721218,1.6471000753808767,3,0.0,june_22_g0,236,3
-0.3803998972289264,0.3214901377214119,5,0.0,june_22_g0,238,4
-0.4037998972926289,-0.26116983487736434,2,1.0,june_22_g0,240,4
-0.3244998970767483,-0.5723898202413693,4,1.0,june_22_g0,241,1
-0.6299998979084194,1.4458600848447531,1,0.0,june_22_g0,242,4
-0.015099896234460175,0.41509013331960887,3,0.0,june_22_g0,243,4
0.30470010463614017,0.3682901355205104,6,1.0,june_22_g0,244,3
0.25400010449811816,1.8787600644864142,6,1.0,june_22_g0,245,1
-0.05019989633001387,-0.04939984483644366,2,0.0,june_22_g0,246,2
-0.1671998966485262,0.8281001138966531,6,1.0,june_22_g0,248,4
-0.8951998986303806,1.278550092712976,3,0.0,june_22_g0,249,4
-0.46229989745188504,1.2387700945837423,1,0.0,june_22_g0,250,3
0.40480010490864515,1.5406300803879276,5,1.0,june_22_g0,253,1
-0.5194998976076022,1.5733900788472965,6,1.0,june_22_g0,254,2
-0.158099896623753,-0.25180983531754464,1,0.0,june_22_g0,255,4
-0.12039989652112126,1.6389100757660344,3,0.0,june_22_g0,256,2
-0.3491998971439898,1.652950075105764,2,0.0,june_22_g0,258,3
0.18120010429993272,-0.10672984214033931,5,1.0,june_22_g0,259,3
-0.2230998968007043,0.4911401297431439,1,0.0,june_22_g0,261,4
-0.008599896216765046,1.2188800955191255,6,1.0,june_22_g0,262,3
-0.43239989737048745,0.27937013970222324,4,1.0,june_22_g0,263,4
-0.15549989661667496,1.076140102231875,2,0.0,june_22_g0,265,4
-0.107399896485731,2.2484800470992923,1,1.0,june_22_g0,266,2
1.1120001068338752,-0.7595898114377633,5,1.0,june_22_g0,267,3
0.2904001045972109,0.5812301255064085,1,1.0,june_22_g0,268,4
0.07070010399911553,0.6221801235806197,4,1.0,june_22_g0,269,3
-0.6013998978305608,1.6084900771966204,3,1.0,june_22_g0,270,4
-0.7508998982375488,0.25714014074765146,5,1.0,june_22_g0,271,3
-0.41679989732801914,1.15219009865541,4,1.0,june_22_g0,272,4
-0.9354998987400904,0.7789601162075996,3,0.0,june_22_g0,273,2
-0.018999896245077252,-0.8192598086316139,6,1.0,june_22_g0,274,3
-0.5051998975686729,-0.2740398342721164,2,1.0,june_22_g0,275,1
0.06030010397080332,1.463410084019415,1,0.0,june_22_g0,276,2
-0.2542998968856409,-0.3957198285497725,3,0.0,june_22_g0,277,2
-0.45319989742711186,-0.12310984137002379,4,1.0,june_22_g0,278,2
-0.6026998978340998,0.3823301348602399,3,0.0,june_22_g0,279,3
-0.0865998964291066,1.726660071639344,6,1.0,june_22_g0,281,4
0.8936001062393188,2.192320049740374,4,1.0,june_22_g0,282,3
-0.13469989656005055,0.8047001149971038,6,1.0,june_22_g0,283,1
-0.06319989636540413,0.057070150156505406,1,0.0,june_22_g0,285,4
-0.8184998984215781,-1.5095597761683166,5,0.0,june_22_g0,286,2
0.4581001050537452,0.08749014872591943,6,1.0,june_22_g0,288,4
-0.31539989705197513,1.6014700775267556,4,1.0,june_22_g0,289,3
-0.158099896623753,1.77931006916333,3,0.0,june_22_g0,290,3
0.10320010408759117,0.09685014828573912,6,1.0,june_22_g0,291,2
-0.44799989741295576,0.7930001155473292,1,0.0,june_22_g0,292,2
-0.3140998970484361,-0.35944983025547117,4,1.0,june_22_g0,294,2
-0.507799897575751,-0.49399982392787933,6,1.0,june_22_g0,295,1
-0.43239989737048745,-0.1476798402145505,5,0.0,june_22_g0,297,3
-0.23739989683963358,0.45253013155888766,3,0.0,june_22_g0,298,3
-0.2646998969139531,-0.07747984351590276,5,1.0,june_22_g0,300,3
-0.8977998986374587,0.954460107954219,6,0.0,june_22_g0,301,2
-0.17109989665914327,-0.33253983152098954,3,0.0,june_22_g0,302,2
0.34890010475646704,1.974700059974566,2,0.0,june_22_g0,303,1
-0.033299896284006536,0.7660901168128476,5,1.0,june_22_g0,305,3
-0.2893998969811946,-0.2623398348223418,2,1.0,june_22_g0,307,1
-0.10999989649280906,0.2594801406376064,1,0.0,june_22_g0,309,3
-0.2035998967476189,0.09217014850582927,2,1.0,june_22_g0,310,2
0.18640010431408882,0.36244013579562306,5,1.0,june_22_g0,311,2
-0.507799897575751,0.7859801158774644,3,0.0,june_22_g0,313,4
-1.3917998999822885,1.0094501053681597,4,1.0,june_22_g0,316,4
-0.2737998969387263,1.713790072244592,1,0.0,june_22_g0,317,4
-0.21139989676885307,0.908830110100098,6,1.0,june_22_g0,318,3
-1.4606999001698568,0.3238301376113668,4,1.0,june_22_g0,319,4
-0.5831998977810144,0.7567301172530279,6,1.0,june_22_g0,320,3
0.2059001043671742,2.1736000506207347,6,1.0,june_22_g0,323,3
-0.2945998969953507,0.24076014151796699,1,1.0,june_22_g0,324,2
-0.14639989659190178,0.9649901074590161,2,1.0,june_22_g0,326,3
-0.5142998975934461,1.2586600936483592,4,0.0,june_22_g0,327,2
-0.33099989709444344,0.7801301161525771,5,1.0,june_22_g0,329,1
0.39440010488033295,1.6307200761511922,3,0.0,june_22_g0,330,1
-0.5766998977633193,0.3729701353004202,6,1.0,june_22_g0,331,1
0.012200103839859366,1.1486800988204777,2,0.0,june_22_g0,333,4
-0.28029989695642143,0.5777201256714761,6,1.0,june_22_g0,334,1
0.5179001052165404,0.9568001078441739,6,1.0,june_22_g0,336,3
-0.18409989669453353,-0.27988983399700373,5,1.0,june_22_g0,337,3
-0.3894998972536996,0.6479201223701239,4,1.0,june_22_g0,338,1
-0.11129989649634808,0.8830901113105938,5,1.0,june_22_g0,339,1
-0.23609989683609456,0.28288013953715563,5,0.0,june_22_g0,340,1
-0.4791998974978924,0.7859801158774644,2,0.0,june_22_g0,341,4
-0.19709989672992378,2.0238400576636195,4,1.0,june_22_g0,342,1
0.7103001057403162,1.5207400813233107,2,0.0,june_22_g0,344,4
-0.5454998976783827,-0.6203598179854453,3,0.0,june_22_g0,347,1
0.0746001040097326,-0.6355698172701523,6,1.0,june_22_g0,348,2
-0.28029989695642143,1.1650600980501622,2,0.0,june_22_g0,349,4
-0.40240004006773233,0.5090001742355525,6,1.0,june_22_g0,350,4
-0.30750003980938345,1.1337801448535174,6,1.0,june_22_g0,351,2
-0.21260003955103457,0.5136801740154624,2,0.0,june_22_g0,352,2
0.33859996194951236,0.7254501640563831,5,1.0,june_22_g0,353,2
0.4022999621229246,0.8155401598196477,2,0.0,june_22_g0,354,2
0.16049996146466583,1.350230134674348,5,1.0,june_22_g0,355,4
-0.7924000411294401,0.23522018711082637,3,0.0,june_22_g0,356,2
-0.24250003963243216,1.4555301297223195,4,1.0,june_22_g0,359,2
-0.17620003945194185,0.3744501805631444,2,0.0,june_22_g0,360,4
-0.25290003966074437,1.0940001467242837,2,0.0,june_22_g0,362,4
0.16829996148589998,1.8381201117299497,2,0.0,june_22_g0,363,1
0.4308999622007832,0.43178017786704004,4,0.0,june_22_g0,364,4
0.2605999617371708,0.7196001643314958,4,1.0,june_22_g0,365,3
0.1838999615283683,2.2651700916467234,5,1.0,june_22_g0,366,3
0.2046999615849927,2.405570085044019,3,0.0,june_22_g0,367,3
-0.5597000404959545,0.9091401554178447,6,1.0,june_22_g0,369,4
0.23069996165577322,-0.02685980056412518,3,0.0,june_22_g0,370,1
-0.2555000396678224,2.3716400866396725,6,1.0,june_22_g0,371,1
-0.17230003944132477,1.0144401504658163,5,0.0,june_22_g0,372,1
1.0483999638818204,0.340520182158798,6,1.0,june_22_g0,373,3
-0.6910000408533961,1.4356401306577027,2,0.0,june_22_g0,374,3
0.36849996203090996,0.5932401702739298,6,1.0,june_22_g0,375,2
0.13189996138680726,-0.48432977905031294,2,0.0,june_22_g0,376,2
0.10719996131956577,-0.14034979522693902,5,1.0,june_22_g0,377,1
0.029199961107224226,1.3829901331337169,3,1.0,june_22_g0,378,4
-0.3608000399544835,0.47858017566613853,3,0.0,june_22_g0,379,1
0.5140999624272808,0.13694019173271954,5,1.0,june_22_g0,380,3
-0.39200004003942013,-0.4539097804808989,2,0.0,june_22_g0,381,3
-0.40370004007127136,-0.7639597658999264,4,0.0,june_22_g0,382,1
0.05259996117092669,1.347890134784393,6,1.0,june_22_g0,383,1
0.08769996126648039,1.8369501117849723,1,0.0,june_22_g0,384,4
0.24759996170178056,1.67198011954315,1,nan,june_22_g0,387,3
0.5881999626290053,-0.6375997718423605,4,nan,june_22_g0,388,1
0.12149996135849506,0.18725018936675042,4,nan,june_22_g0,389,4
-1.0602000418584794,0.682160166092217,5,nan,june_22_g0,390,3
-1.2487000423716381,1.578380123944953,4,nan,june_22_g0,391,4
-0.6572000407613814,1.5854001236148179,3,nan,june_22_g0,392,3
1.079599963966757,1.8814101096941158,5,nan,june_22_g0,393,2
-0.8223000412108377,0.246920186560601,5,nan,june_22_g0,394,3
-0.11120003927499056,1.765580115141347,3,nan,june_22_g0,395,1
-1.49960004305467,0.7102401647716761,1,nan,june_22_g0,396,4
-0.9952000416815281,0.005900197895243764,5,nan,june_22_g0,397,4
1.1666999642038718,-0.33456978609319776,5,nan,june_22_g0,398,3
-0.4206000401172787,-0.606009773327969,6,nan,june_22_g0,400,4
-0.4817000402836129,1.4485101300524548,3,nan,june_22_g0,402,4
0.11759996134787798,2.109560098964721,4,nan,june_22_g0,403,3
1.2459999644197524,1.2636501387460157,6,nan,june_22_g0,404,1
-0.018900039023719728,-0.035049800178967416,4,nan,june_22_g0,405,3
2.180699966964312,0.7781001615803689,5,nan,june_22_g0,406,3
-1.0511000418337062,1.9972401042468846,3,nan,june_22_g0,407,3
-0.33220003987662494,0.40721017902251333,1,nan,june_22_g0,408,4
-1.8610000440385193,0.23288018722087145,2,nan,june_22_g0,409,3
1.3473999646957964,0.3615801811683923,3,nan,june_22_g0,410,2
0.4763999623246491,1.8240801123902202,3,nan,june_22_g0,411,2
-1.3683000426972285,1.4297901309328154,2,nan,june_22_g0,412,3
-1.1005000419681892,0.0035601980052888393,6,nan,june_22_g0,413,1
-1.2292000423185527,0.6681201667524874,2,nan,june_22_g0,414,1
-1.190200042212382,0.6014301698887721,4,nan,june_22_g0,415,3
0.8780999634182081,-0.07248979841824621,5,nan,june_22_g0,416,1
-0.7534000410232693,0.4329501778120175,6,nan,june_22_g0,418,1
0.30349996185395867,1.578380123944953,1,nan,june_22_g0,419,1
-1.4125000428175554,-0.05259979935362935,2,nan,june_22_g0,420,4
0.3307999619282782,2.1516800969839096,4,nan,june_22_g0,422,3
-0.00590003898832947,0.3019101839745417,5,nan,june_22_g0,425,2
-0.5987000406021252,-0.39072978345211595,4,nan,june_22_g0,427,3
-0.7261000409489498,0.6704601666424423,1,nan,june_22_g0,428,3
-0.16190003941301256,1.0097601506859064,3,nan,june_22_g0,429,4
0.28659996180795133,1.5421101256506518,3,nan,june_22_g0,431,1
-0.24640003964304924,1.1840901424875483,1,nan,june_22_g0,433,1
-0.5766000405419618,2.1013700993498787,1,nan,june_22_g0,434,2
-0.5103000403614715,0.6868401658721268,2,nan,june_22_g0,436,3
-0.6104000406339765,-0.5077297779498622,2,nan,june_22_g0,437,3
0.7571999630890787,0.8249001593794674,5,nan,june_22_g0,438,1
-0.14760003937408328,-0.19533979264087975,1,nan,june_22_g0,439,4
-0.3894000400323421,0.10535019321832806,3,nan,june_22_g0,440,2
-1.2773000424494967,1.5818901237798855,1,nan,june_22_g0,441,3
-0.3192000398412347,0.10886019305326045,5,nan,june_22_g0,442,1
-0.3153000398306176,-0.41295978240668774,4,nan,june_22_g0,443,4
-0.4505000401986763,0.12524019228294492,4,nan,june_22_g0,444,1
-0.7131000409135595,1.7784501145360991,5,nan,june_22_g0,445,3
-0.07480003917589784,2.2850600907113403,4,nan,june_22_g0,447,3
-0.18010003946255893,0.028130196849815547,3,nan,june_22_g0,448,2
-0.01500003901310265,-0.4386997811961919,1,nan,june_22_g0,449,3
-0.6637000407790765,0.23873018694575876,5,nan,june_22_g0,450,2
-0.3816000400111079,0.20714018843136728,5,nan,june_22_g0,451,2
-0.2958000397775322,1.0916601468343288,3,nan,june_22_g0,455,3
-0.30750003980938345,0.7008801652118564,3,nan,june_22_g0,456,1
-0.18140003946609795,1.7316501167370006,2,nan,june_22_g0,457,2
1.9674999663839117,-0.17427979363128543,6,nan,june_22_g0,458,2
-0.10730003926437348,0.36275018111336976,6,nan,june_22_g0,459,2
-0.2191000395687297,0.4212501783622429,1,nan,june_22_g0,460,3
0.6076999626820907,-0.20469979220069945,6,nan,june_22_g0,461,2
1.1887999642640352,1.459040129557252,4,nan,june_22_g0,462,2
-0.787200041115284,0.449330177041702,3,nan,june_22_g0,464,3
-1.0095000417204574,0.5312301731901243,5,nan,june_22_g0,465,2
-1.1681000421522185,1.2788601380307227,1,nan,june_22_g0,466,2
-0.789800041122362,-0.049089799518696964,6,nan,june_22_g0,467,3
0.25279996171593666,0.5873901705490425,6,nan,june_22_g0,468,1
-0.8808000413700938,0.11237019288819283,4,nan,june_22_g0,469,3
-0.10470003925729543,0.8564901578938589,6,nan,june_22_g0,470,4
0.5998999626608565,1.0963401466142386,6,nan,june_22_g0,471,2
1.0652999639278278,1.236740140011534,5,nan,june_22_g0,472,1
-0.4401000401703641,0.58856017049402,2,nan,june_22_g0,475,3
-0.11640003928914666,0.36041018122341484,6,nan,june_22_g0,476,4
-0.3699000399792567,0.8600001577287912,2,nan,june_22_g0,477,4
-1.3761000427184626,1.856840110849589,5,nan,june_22_g0,478,3
-1.4320000428706408,0.712580164661631,3,nan,june_22_g0,479,3
-0.07740003918297589,0.7231101641664281,1,nan,june_22_g0,481,4
1.6151999654248357,1.05422014859505,2,nan,june_22_g0,482,1
-0.7820000411011279,0.17672018986195326,5,nan,june_22_g0,484,1
0.2891999618150294,0.7968201607000083,6,nan,june_22_g0,485,4
-0.09170003922190517,0.9419001538772136,4,nan,june_22_g0,486,4
-0.18010003946255893,0.6985401653219014,2,nan,june_22_g0,487,2
-0.6637000407790765,0.8330901589943096,2,nan,june_22_g0,488,2
-0.9601000415859744,-0.5872897742083296,6,nan,june_22_g0,489,3
-1.2864000424742699,0.35105018166359514,3,nan,june_22_g0,490,3
-0.8093000411754474,0.4177401785273105,1,nan,june_22_g0,491,1
0.11759996134787798,0.10535019321832806,1,nan,june_22_g0,492,4
0.8286999632837251,2.2242200935725123,4,nan,june_22_g0,493,3
1.4214999648975208,0.8272401592694223,3,nan,june_22_g0,494,2
-1.1720000421628356,1.05422014859505,1,nan,june_22_g0,496,3
-0.044900039094500244,0.773420161800459,6,nan,june_22_g0,497,2
0.33339996193535626,0.5569701719796285,2,nan,june_22_g0,498,4
-0.740400040987879,0.6143001692835242,1,nan,june_22_g0,499,3
-1.5347000431502238,0.06440019514411688,1,nan,june_22_g0,500,4
0.37889996205922216,1.608800122514367,6,nan,june_22_g0,502,1
0.2540999617194757,2.2277300934074447,4,nan,june_22_g0,504,2
0.4464999622432515,2.1821000955533236,3,nan,june_22_g0,505,1
-0.054000039119273424,0.4364601776469499,3,nan,june_22_g0,506,3
0.1435999614186585,2.041700102156028,2,nan,june_22_g0,507,1
-0.23210003960411996,-1.1208097491180524,6,nan,june_22_g0,508,1
-0.3153000398306176,-0.10641979682259262,3,nan,june_22_g0,509,1
-0.0579000391298905,-0.044409799738787115,3,nan,june_22_g0,511,4
-1.5633000432280824,-0.2994697877438739,4,nan,june_22_g0,513,3
-0.6923000408569351,2.044040102045983,6,nan,june_22_g0,514,2
0.5998999626608565,0.386150180012919,6,nan,june_22_g0,515,2
-1.7284000436775386,0.32297018298413604,3,nan,june_22_g0,516,4
-0.4271000401349738,1.4882901281816885,6,nan,june_22_g0,517,3
-0.9796000416390598,0.7301301638362929,5,nan,june_22_g0,518,1
1.082199963973835,0.8600001577287912,5,nan,june_22_g0,519,3
-0.03970003908034414,1.7772801145911217,4,nan,june_22_g0,521,2
-0.93930004152935,0.9395601539872587,2,nan,june_22_g0,522,4
-0.4973000403260812,1.6251801217440516,4,nan,june_22_g0,524,2
-1.036800041794777,0.2714901854051277,2,nan,june_22_g0,525,3
-0.24120003962889314,0.31712018325924873,3,nan,june_22_g0,526,1
0.6297999627422541,0.36275018111336976,2,nan,june_22_g0,528,2
-0.8652000413276255,1.6006101228995249,5,nan,june_22_g0,529,4
0.4464999622432515,0.2843601847998798,6,nan,june_22_g0,530,2
-0.16190003941301256,0.062060195254161954,3,nan,june_22_g0,532,1
1.8920999661786482,0.45986017654649913,3,nan,june_22_g0,533,3
-0.1632000394165516,-1.1757997465319932,4,nan,june_22_g0,537,1
0.06949996121693403,0.8681901573436335,4,nan,june_22_g0,538,3
-1.0030000417027622,0.6295101685682312,3,nan,june_22_g0,539,4
0.9378999635810032,-0.15087979473173618,4,nan,june_22_g0,542,2
0.44389996223617345,1.9410801068879664,5,nan,june_22_g0,543,1
0.09549996128771454,1.2191901408368722,5,nan,june_22_g0,544,3
0.15789996145758778,0.11705019266810268,6,nan,june_22_g0,545,2
0.2644999617477879,0.24107018683571368,1,nan,june_22_g0,546,4
-0.7066000408958644,0.7231101641664281,1,nan,june_22_g0,547,1
-1.3683000426972285,0.08429019420873374,5,nan,june_22_g0,548,1
0.5036999623989686,0.11120019294321537,6,nan,june_22_g0,549,4
-0.017600039020180702,2.013620103476569,4,nan,june_22_g0,551,3
-0.6039000406162813,-0.4199797820765525,5,nan,june_22_g0,552,2
-0.68580004083924,0.27032018546015024,5,nan,june_22_g0,553,2
0.11629996134433895,1.75505011563655,2,nan,june_22_g0,555,1
0.1539999614469707,0.3428601820487529,5,nan,june_22_g0,556,2
-0.18010003946255893,0.4739001758862287,3,nan,june_22_g0,557,2
-0.8733000218635425,0.31698005902580917,5,nan,june_24_g0,1,3
-0.5795000210637227,0.959310028818436,2,nan,june_24_g0,2,4
-0.2779000202426687,1.3044600125867873,1,nan,june_24_g0,3,3
-1.0826000224333256,0.3626100568799302,1,nan,june_24_g0,5,3
-0.2480000201612711,1.0131300262873992,3,nan,june_24_g0,7,4
-0.6536000212654471,0.572040047030896,1,nan,june_24_g0,8,1
0.26809998124372214,0.3836700558895245,6,nan,june_24_g0,10,2
-0.7927000216441229,0.2935800601262599,2,nan,june_24_g0,11,3
-0.32730002037715167,0.049050071625970304,5,nan,june_24_g0,12,2
0.010699980542995036,0.4117500545689836,4,nan,june_24_g0,13,2
-0.5210000209044665,0.7650900379521772,3,nan,june_24_g0,15,1
-1.0423000223236158,-0.12878992001060396,4,nan,june_24_g0,16,2
-0.6796000213362277,1.468260004883632,5,nan,june_24_g0,17,2
-0.5171000208938494,0.8048700360814109,2,nan,june_24_g0,19,4
0.09909998078364879,0.6317100442247465,6,nan,june_24_g0,21,1
-0.4807000207947567,0.5229000493418425,6,nan,june_24_g0,22,3
-0.3182000203523785,0.7792002186179161,3,nan,june_24_g0,24,3
-0.9799000221537426,0.37913018034305423,2,nan,june_24_g0,25,4
0.4773999818135053,-0.4948597785551101,6,nan,june_24_g0,26,2
0.011999980546534061,1.1349501447984949,5,nan,june_24_g0,28,2
0.5592999820364639,1.3911801327485591,4,nan,june_24_g0,31,3
0.26289998122956604,0.44699017715174705,1,nan,june_24_g0,32,4
-0.09590001974720508,-0.11811979627236724,3,nan,june_24_g0,33,3
-0.9591000220971182,0.49379017495084554,3,nan,june_24_g0,34,3
-0.0868000197224319,0.19661018892657012,6,nan,june_24_g0,37,4
-0.5249000209150836,0.5920701703289524,6,nan,june_24_g0,38,4
-0.9942000221926719,0.4446501772617921,6,nan,june_24_g0,41,3
-0.6016000211238861,0.5441001725848764,6,nan,june_24_g0,42,1
-0.5766999489860609,0.6072801696136594,5,nan,june_24_g0,44,4
-0.8559999968856573,1.2250401405617595,3,nan,june_24_g0,45,3
-0.8611999968998134,0.3545601814985275,3,nan,june_24_g0,46,2
-0.4230999957071617,0.11120019294321537,6,nan,june_24_g0,47,2
-0.16179999499581754,0.07376019470393658,3,nan,june_24_g0,48,1
-0.5738999961176887,0.1474701912375167,6,nan,june_24_g0,49,3
-0.3710999955656007,0.5452701725298539,6,nan,june_24_g0,51,3
-0.8364999968325719,1.6825101190479472,4,nan,june_24_g0,52,1
-1.191399997798726,0.6423801679629833,5,nan,june_24_g0,54,3
-0.35809999553021044,0.031640196684747934,1,nan,june_24_g0,55,2
-1.600899998913519,0.34403018199373037,6,nan,june_24_g0,56,1
-0.2800999953178689,-0.4480597807560116,3,nan,june_24_g0,57,3
0.45310000667814165,-0.002289801719598472,4,nan,june_24_g0,58,3
-0.5335999960079789,0.2679801855701953,4,nan,june_24_g0,59,2
-0.20079999510198832,-0.5978197737131268,5,nan,june_24_g0,60,4
-0.4711999958381057,0.18959018925670534,1,nan,june_24_g0,62,2
-0.30739999539218843,0.20129018870647997,6,nan,june_24_g0,63,1
-0.021399994613602757,0.2504301863955334,6,nan,june_24_g0,65,4
-0.48939999588765204,0.5230401735752821,6,nan,june_24_g0,67,1
-0.6492999963229522,0.6295101685682312,2,nan,june_24_g0,68,1
-0.5075999959371984,-0.9125497589120641,2,nan,june_24_g0,70,4
-0.9274999970803037,1.0050801509059966,2,nan,june_24_g0,71,4
-0.35289999551605433,0.26096018590033054,2,nan,june_24_g0,73,4
-1.3707999982871115,0.6377001681830734,5,nan,june_24_g0,74,2
-1.0353999973740429,0.370940180728212,3,nan,june_24_g0,75,2
-0.04219999467022717,-0.12630979588720948,6,nan,june_24_g0,76,3
0.04750000557396561,0.3065901837544516,6,0.0,june_24_g0,77,4
-0.6531999963335693,-0.23160979093518108,4,0.0,june_24_g0,78,1
-1.190099997795187,1.7433501161867753,5,0.0,june_24_g0,79,2
-0.6739999963901937,-0.018669800949282944,3,0.0,june_24_g0,80,1
-0.36849999555852264,0.9290301544824615,3,0.0,june_24_g0,82,2
-0.4633999958168715,0.6728001665323973,5,1.0,june_24_g0,84,1
-0.2917999953497201,0.2340501871658489,2,0.0,june_24_g0,86,4
-0.8143999967724085,0.16853019024711102,5,0.0,june_24_g0,87,1
-0.41919999569654465,0.4633701763814315,3,0.0,june_24_g0,90,3
0.20480000600218773,0.08078019437380135,5,1.0,june_24_g0,92,2
-0.3905999956186861,-0.02217980078421533,6,0.0,june_24_g0,94,4
-0.4620999958133325,0.057380195474252105,5,0.0,june_24_g0,96,3
-0.22419999516569078,-0.18831979297101498,3,0.0,june_24_g0,97,2
0.19960000598803163,-0.4878397788852453,3,0.0,june_24_g0,98,4
-0.6440999963087961,-0.6879097694763914,2,0.0,june_24_g0,99,2
-0.134499994921498,-0.07833979814313352,1,0.0,june_24_g0,102,2
-0.8299999968148768,0.6400401680730283,3,0.0,june_24_g0,105,2
-1.23949999792967,-0.38838978356216103,2,1.0,june_24_g0,107,3
-1.0210999973351136,1.1396301445784047,2,0.0,june_24_g0,108,1
-0.49979999591596425,0.008240197785198689,1,0.0,june_24_g0,110,2
-0.14619999495334923,-0.49602977850008756,5,1.0,june_24_g0,111,4
-0.7129999964963645,-0.094719797372818,4,1.0,june_24_g0,112,3
-0.08119999477639794,0.030470196739770472,5,1.0,june_24_g0,113,3
1.6634000099729747,0.9968901512911543,1,0.0,june_24_g0,114,3
-0.37369999557267874,0.7944801608100533,3,0.0,june_24_g0,116,2
0.4765000067418441,1.1372901446884498,6,1.0,june_24_g0,117,3
-0.45039999578148127,-0.40359978284686804,2,0.0,june_24_g0,119,3
-0.888499996974133,0.037490196409635246,5,1.0,june_24_g0,121,2
-0.13579999492503703,-0.04206979984883219,5,1.0,june_24_g0,122,4
0.26070000615436584,0.40955017891246825,2,0.0,june_24_g0,123,3
0.22430000605527312,-0.08418979786802083,1,0.0,june_24_g0,124,4
-0.26839999528601766,1.1372901446884498,6,1.0,june_24_g0,125,2
-0.3151999954134226,-0.2596897896146402,3,0.0,june_24_g0,127,4
0.34130000637378544,0.464540176326409,6,1.0,june_24_g0,128,1
-0.09159999480471015,-0.4258297818014398,3,0.0,june_24_g0,130,3
-0.2202999951550737,-0.08184979797806591,6,1.0,june_24_g0,131,4
0.2737000061897561,0.18959018925670534,6,1.0,june_24_g0,133,2
0.17620000592432916,0.49964017467573285,5,0.0,june_24_g0,134,3
-1.0704999974695966,-0.13566979544702917,3,0.0,june_24_g0,135,3
-0.15139999496750534,-0.36849978449754417,1,0.0,june_24_g0,139,4
-0.4477999957744032,-0.2433097903849557,1,0.0,june_24_g0,140,3
-0.36329999554436654,-0.044409799738787115,1,0.0,june_24_g0,141,3
-0.285299995332025,0.5698401713743806,3,0.0,june_24_g0,142,2
-0.37499999557621777,-0.11109979660250247,6,1.0,june_24_g0,143,1
-0.11889999487902969,-0.6902497693663463,5,1.0,june_24_g0,144,2
-0.4074999956646934,0.03515019651968032,1,0.0,june_24_g0,145,2
0.05270000558812171,0.18725018936675042,2,0.0,june_24_g0,146,1
-0.48419999587349594,-0.3556297851027921,4,1.0,june_24_g0,147,3
0.48300000675953925,0.1568301907973364,4,1.0,june_24_g0,148,3
-0.0889999947976321,0.4984701747307554,4,0.0,june_24_g0,149,3
-0.16829999501351267,-0.4644397799856961,5,1.0,june_24_g0,151,1
0.7015999602153897,1.3490601347293705,6,1.0,june_24_g0,152,4
-0.7739000438014045,-0.3649897846626118,3,0.0,june_24_g0,153,1
-0.46710004296619445,-0.5404897764092311,4,1.0,june_24_g0,154,3
-1.9179000469157472,-0.044409799738787115,6,1.0,june_24_g0,155,2
-0.16290004213806242,0.4212501783622429,5,1.0,june_24_g0,157,1
-0.22660004231147468,0.6692901666974649,5,1.0,june_24_g0,158,4
-0.5022000430617481,0.07025019486900419,2,0.0,june_24_g0,159,3
-0.6790000435430557,-0.12981979572214186,2,0.0,june_24_g0,160,2
-0.17070004215929657,-0.4878397788852453,5,0.0,june_24_g0,161,4
-0.15120004210621119,-0.8364997624885291,5,1.0,june_24_g0,162,3
0.019099958357401192,-0.1906597928609699,6,1.0,june_24_g0,163,2
-0.15380004211328924,-0.38487978372722864,5,1.0,june_24_g0,164,2
-0.43070004286710173,-0.3837097837822512,4,0.0,june_24_g0,165,4
0.7340999603038654,1.9867101047420874,4,1.0,june_24_g0,166,3
-0.36180004267953336,-0.6960997690912336,6,0.0,june_24_g0,167,1
-0.6569000434828922,-0.28893978823907673,2,0.0,june_24_g0,168,2
-0.14600004209205508,0.015260197455063462,5,1.0,june_24_g0,169,1
-0.2591000423999503,0.05855019541922957,5,0.0,june_24_g0,170,3
-0.4255000428529456,-0.33222978620324284,6,1.0,june_24_g0,171,1
-0.4086000428069383,-0.7826797650195658,6,1.0,june_24_g0,172,2
0.0749999585095793,0.2504301863955334,4,1.0,june_24_g0,173,3
1.7649999631103128,0.7453401631209999,6,1.0,june_24_g0,174,4
-1.0690000446047634,0.8541501580039039,6,1.0,june_24_g0,176,1
-1.2666000451426953,-0.6399397717323154,5,0.0,june_24_g0,178,3
-0.5048000430688262,0.27266018535010517,4,0.0,june_24_g0,179,4
-0.5490000431891531,-0.30063978768885136,3,0.0,june_24_g0,181,4
0.5754999598721042,0.21182018821127713,6,0.0,june_24_g0,182,3
-0.01990004174876958,0.43178017786704004,6,0.0,june_24_g0,183,4
0.1711999587714672,-0.32286978664342314,3,0.0,june_24_g0,184,1
-2.054400047287345,0.8225601594895124,1,0.0,june_24_g0,186,3
1.5413999625016004,0.3650901810033247,4,0.0,june_24_g0,187,4
0.31939995917491615,1.8755601099692285,5,0.0,june_24_g0,188,4
-0.36700004269368947,1.423940131207928,4,0.0,june_24_g0,189,3
0.5936999599216506,0.18725018936675042,5,1.0,june_24_g0,190,1
-0.6842000435572118,0.9992301511811092,3,0.0,june_24_g0,191,1
-0.3124000425450504,0.15449019090738147,5,1.0,june_24_g0,192,1
-0.22660004231147468,-0.4012597829569131,1,0.0,june_24_g0,193,3
-0.5503000431926921,0.10301019332837313,2,1.0,june_24_g0,195,2
0.7626999603817239,-0.09939979715272784,2,0.0,june_24_g0,197,3
0.20239995885640383,0.8436201584991068,4,1.0,june_24_g0,199,2
0.6560999600915238,1.6392201210837811,6,1.0,june_24_g0,200,3
-0.6387000434333459,-0.08886979764793068,5,0.0,june_24_g0,201,4
2.327899964642711,-0.07365979836322367,6,1.0,june_24_g0,202,3
-0.4333000428741798,1.21100014122203,1,0.0,june_24_g0,203,2
-0.3397000426193699,-0.14853979484178126,1,0.0,june_24_g0,204,4
-0.17590004217345268,-0.357969784992747,6,1.0,june_24_g0,205,3
-1.7892000465653837,0.9746601523365825,2,0.0,june_24_g0,206,4
0.38049995934125036,0.9348801542073488,5,1.0,june_24_g0,208,3
-0.061500041862018406,0.8225601594895124,4,1.0,june_24_g0,209,3
-0.29160004248842597,-0.1438597950618714,5,1.0,june_24_g0,211,4
-0.3579000426689163,0.3218001830391586,5,1.0,june_24_g0,212,1
-0.091400041943416,-0.28776978829409927,1,0.0,june_24_g0,214,1
0.23489995894487947,-0.5159197775647044,4,1.0,june_24_g0,215,3
-0.21490004227962345,0.12758019217289984,5,1.0,june_24_g0,216,4
-0.5516000431962311,0.12407019233796746,1,0.0,june_24_g0,217,4
-0.22530004230793566,-0.0666397986933589,2,0.0,june_24_g0,218,3
-0.27990004245657474,-0.2748997888993472,1,0.0,june_24_g0,219,2
-0.12910004204604775,-0.01632980105932802,5,1.0,june_24_g0,220,1
1.6063999626785517,1.2297201403416693,3,0.0,june_24_g0,221,2
-0.2019000422442332,0.7944801608100533,2,0.0,june_24_g0,222,3
0.9784999609692022,1.5011601275764406,4,1.0,june_24_g0,223,1
-0.11090004199650139,0.6400401680730283,6,1.0,june_24_g0,224,2
-0.5919000433059409,0.26681018562521785,3,0.0,june_24_g0,226,1
-0.021200041752308607,-0.7861897648544982,2,0.0,june_24_g0,227,2
-0.052400041837245226,0.26096018590033054,6,0.0,june_24_g0,228,1
-0.6231000433908775,2.0381901023210958,5,0.0,june_24_g0,229,4
0.3921999593731016,2.048720101825893,1,0.0,june_24_g0,230,4
0.08799995854496956,0.47156017599627376,5,1.0,june_24_g0,231,1
-0.6608000434935093,0.4762401757761836,4,1.0,june_24_g0,232,3
0.07889995852019638,-0.2936197880189866,1,0.0,june_24_g0,233,2
-0.33060004259459674,0.5031501745106652,5,0.0,june_24_g0,235,1
0.663899960112758,1.0577301484299824,6,1.0,june_24_g0,237,4
-1.152200044831261,0.9477501536021009,3,0.0,june_24_g0,238,4
-0.20840004226192832,1.2320601402316242,2,0.0,june_24_g0,239,4
0.2868999590864405,0.773420161800459,3,0.0,june_24_g0,240,1
0.48189995961729437,1.7164401174522936,4,1.0,june_24_g0,242,3
-0.5217000431148335,0.3803001802880317,5,1.0,june_24_g0,243,1
-0.3241000425769016,0.6084501695586368,6,1.0,june_24_g0,244,3
-0.14860004209913313,-0.13098979566711932,1,0.0,june_24_g0,246,2
0.05289995844941586,0.48677017528098077,4,1.0,june_24_g0,247,1
0.3011999591253698,0.682160166092217,3,0.0,june_24_g0,248,3
-1.4744000928476453,0.7687401620205492,5,1.0,june_24_g0,249,3
0.5002999125281349,1.5210501266410574,5,1.0,june_24_g0,250,1
-0.3304000897333026,0.08780019404366612,4,0.0,june_24_g0,251,3
-0.3876000898890197,0.34754018182866275,4,1.0,june_24_g0,252,3
-0.30700008966960013,0.3335001824889332,2,0.0,june_24_g0,253,3
-0.655400090618059,0.8775501569034532,3,0.0,june_24_g0,254,4
-0.7438000908587128,-0.41295978240668774,5,1.0,june_24_g0,255,1
-0.5215000902535394,-0.23628979071509093,6,0.0,june_24_g0,256,1
-0.6268000905402005,2.301440089941025,3,0.0,june_24_g0,257,3
-0.16530008928384632,1.4216001313179731,1,0.0,june_24_g0,258,4
-0.41490008996333927,0.806180160259828,6,1.0,june_24_g0,260,4
-0.2810000895988196,1.0448601490352303,4,1.0,june_24_g0,261,1
0.1375999115407467,1.380650133243762,3,0.0,june_24_g0,262,3
-0.9453000914072618,-0.0853597978129983,1,0.0,june_24_g0,264,2
-0.4669000901049003,0.153320190962404,5,1.0,june_24_g0,265,1
-0.4760000901296735,1.1688801432028413,4,1.0,june_24_g0,266,3
-0.3863000898854807,-0.16959979385137558,4,0.0,june_24_g0,267,1
-0.36810008983593434,1.7105901177274063,3,0.0,june_24_g0,268,1
-0.11850008915644139,0.42827017803210765,1,0.0,june_24_g0,269,2
-0.806200091028586,0.3615801811683923,2,0.0,june_24_g0,271,1
-0.32780008972622454,0.5838801707141101,5,1.0,june_24_g0,272,2
0.254599911859259,1.9773501051822677,6,0.0,june_24_g0,273,3
0.404099912266247,1.5070101273013279,6,0.0,june_24_g0,275,4
-0.9388000913895667,0.25511018617544323,1,0.0,june_24_g0,276,3
0.46259991242550313,1.613480122294277,5,1.0,june_24_g0,277,1
-0.2147000894183293,1.191110142157413,6,0.0,june_24_g0,278,4
0.12459991150535643,-0.3486097854329273,5,0.0,june_24_g0,279,3
-0.25240008952096105,2.008940103696659,3,0.0,june_24_g0,280,4
-0.04570008895825595,0.1814001896418631,1,0.0,june_24_g0,281,1
-0.7204000907950103,-0.3450997855979949,3,0.0,june_24_g0,282,1
-0.9297000913647935,0.9571101531619206,5,1.0,june_24_g0,283,2
-1.155900091980584,0.09365019376855344,4,0.0,june_24_g0,284,1
-0.07560008903965354,2.2698500914266333,5,1.0,june_24_g0,285,4
0.03879991127178073,1.5620001247152686,5,0.0,june_24_g0,286,4
-0.12240008916705847,0.3241401829291135,6,0.0,june_24_g0,289,3
-0.09250008908566087,-0.08886979764793068,1,0.0,june_24_g0,290,3
0.24679991183802485,0.48677017528098077,4,0.0,june_24_g0,291,3
-0.05740008899010718,-0.4702897797105834,1,0.0,june_24_g0,292,2
0.1232999115018174,-0.024519800674170256,3,0.0,june_24_g0,293,1
0.27279991190880537,1.0624101482098922,4,0.0,june_24_g0,294,2
-1.808500093757175,0.9851901518413797,3,0.0,june_24_g0,295,3
-0.14320008922368288,0.2785101850749925,5,1.0,june_24_g0,296,1
-1.0753000917611644,1.6275201216340065,4,1.0,june_24_g0,297,3
-0.01060008886270225,0.5686701714294031,1,0.0,june_24_g0,298,2
0.006299911183305085,0.9325401543173939,5,0.0,june_24_g0,299,3
-0.2745000895811245,0.3732801806181669,6,1.0,june_24_g0,300,4
0.1076999114593491,-0.9394597576465458,5,1.0,june_24_g0,301,3
-0.11720008915290236,-0.5100697778398171,6,1.0,june_24_g0,302,1
-0.4214000899810344,0.2504301863955334,6,1.0,june_24_g0,303,1
0.09599991142749786,0.9851901518413797,2,0.0,june_24_g0,304,2
0.02319991122931242,0.8494701582239941,6,1.0,june_24_g0,305,4
-0.099000089103356,1.3900101328035817,3,0.0,june_24_g0,308,3
0.13239991152659059,1.6883601187728345,5,0.0,june_24_g0,310,3
-0.31220008968375623,0.18608018942177296,2,0.0,june_24_g0,311,3
-0.5709000903880224,0.8120301599847153,1,0.0,june_24_g0,313,3
-0.47860009013675153,1.3490601347293705,6,1.0,june_24_g0,314,1
0.18699991167522967,1.1525001439731568,6,1.0,june_24_g0,315,4
0.7511999132111669,2.003090103971772,4,1.0,june_24_g0,316,4
-0.41490008996333927,1.843970111454837,2,1.0,june_24_g0,317,2
0.42749991232994944,0.5054901744006202,6,1.0,june_24_g0,318,3
-0.4357000900199637,1.1372901446884498,3,0.0,june_24_g0,320,4
0.16489991161506623,-0.9195697585819289,3,0.0,june_24_g0,321,4
-0.4227000899845734,1.226210140506737,3,0.0,june_24_g0,322,4
0.08689991140272468,1.674320119433105,3,0.0,june_24_g0,323,3
-0.5917000904446468,1.1840901424875483,6,1.0,june_24_g0,324,2
-0.03270008892286569,0.12056019250303507,6,1.0,june_24_g0,325,3
-0.6489000906003639,-1.3138597400393337,2,1.0,june_24_g0,327,4
0.10639991145581007,-0.5521897758590057,2,0.0,june_24_g0,328,3
0.2948999119689688,0.6283401686232537,2,1.0,june_24_g0,329,1
-0.8465000911382958,0.19193018914666027,5,1.0,june_24_g0,333,3
0.8044999133562669,1.6942101184977219,4,1.0,june_24_g0,334,1
-0.27190008957404643,-1.0073197544552386,5,1.0,june_24_g0,336,4
0.6874999130377546,-0.035049800178967416,5,1.0,june_24_g0,338,1
-0.08080008905380964,0.41657017858233303,5,1.0,june_24_g0,339,1
-0.043100088951177895,-0.059619799023494124,3,0.0,june_24_g0,340,3
0.5886999127687886,1.4707401290070266,6,1.0,june_24_g0,341,1
-0.33820008975453675,-0.3263797864783555,6,1.0,june_24_g0,342,4
-0.1640000892803073,-0.6481297713471577,2,0.0,june_24_g0,344,3
-0.2446000894997269,0.2714901854051277,3,1.0,june_24_g0,345,1
0.9175999136641622,0.47858017566613853,5,1.0,june_24_g0,346,2
-0.3213000897085294,-0.002289801719598472,4,1.0,june_24_g0,348,2
0.4703999124467373,0.07493019464891404,5,1.0,june_24_g0,350,2
0.33259991207160056,0.8810601567383856,2,0.0,june_24_g0,351,3
0.0010999111691489816,-0.3673297845525667,2,0.0,june_24_g0,352,1
0.2233999117743224,1.1571801437530667,2,0.0,june_24_g0,353,1
-0.2745000895811245,-1.1945197456516325,3,0.0,june_24_g0,354,3
0.26629991189111024,-1.6098697261186317,2,1.0,june_24_g0,355,4
0.4508999123936519,0.788630161085166,5,1.0,june_24_g0,356,1
0.9074001049157232,1.6977201183326542,3,0.0,june_24_g0,357,2
0.09640005556866527,1.7509899680735543,5,1.0,june_24_g0,358,1
-0.9617999473121017,1.6620699722552672,4,1.0,june_24_g0,359,4
-0.5821999462787062,0.6394900203449652,6,1.0,june_24_g0,361,2
-1.6052999490639195,0.8723200093954802,4,1.0,june_24_g0,362,3
-0.420999945839867,-1.3483398861717433,5,0.0,june_24_g0,363,1
-0.6432999464450404,-0.3982999308500439,1,0.0,june_24_g0,364,4
-0.8109999469015747,0.7213900164933875,3,0.0,june_24_g0,365,1
-0.33909994561690837,0.16564004262909293,6,1.0,june_24_g0,367,4
-0.23119994532316923,-0.7317499151686206,3,1.0,june_24_g0,368,1
-0.319599945563823,-0.8978899073554203,6,1.0,june_24_g0,369,1
-0.3767999457195401,-1.0347799009177834,4,1.0,june_24_g0,370,3
-0.27019994542934,1.3040499890921637,1,0.0,june_24_g0,371,3
-1.0839999476447701,-0.4883899266133085,5,1.0,june_24_g0,374,4
-1.8431999497115612,-0.2426899381680414,2,1.0,june_24_g0,376,3
-0.8590999470325187,1.5591099770972505,3,0.0,june_24_g0,378,4
-1.4635999486781657,0.46048002876341343,2,0.0,june_24_g0,379,1
-0.8863999471068382,0.6371500204550102,2,1.0,june_24_g0,382,3
-1.3543999483808875,0.8278600114863366,4,1.0,june_24_g0,383,4
-0.7511999467387795,0.5002600268926471,4,1.0,june_24_g0,384,4
-0.7485999467317015,1.6889799709897488,1,0.0,june_24_g0,385,1
-0.8057999468874186,-0.12217994383536279,5,1.0,june_24_g0,386,1
-0.8345000426052138,0.6067300218855962,6,1.0,june_24_g0,387,1
-0.1780000408180058,1.5438999778125435,1,0.0,june_24_g0,389,3
0.48109996097628027,2.284509942983277,4,1.0,june_24_g0,391,1
-0.3600000413134694,-0.41818992991466075,4,1.0,june_24_g0,392,3
-0.3548000412993133,-0.46849992754869163,1,1.0,june_24_g0,393,2
-0.07400004053488374,-0.3795799317304045,3,1.0,june_24_g0,394,3
-0.20530004089232534,0.6383200203999877,1,0.0,june_24_g0,395,2
0.09109995991457254,-0.3819199316203594,5,1.0,june_24_g0,396,1
-0.43670004152227193,0.07555004686582834,3,0.0,june_24_g0,397,3
-0.3301000412320718,-0.411169930244796,1,0.0,june_24_g0,398,2
-0.15590004075784236,0.48739002749789506,5,1.0,june_24_g0,399,3
-0.5849000419257209,-0.05314994708169252,5,1.0,june_24_g0,400,3
-0.9177000428317115,-0.021559948567301035,2,1.0,june_24_g0,401,2
-1.3259000439429656,-0.2824699362972751,5,1.0,june_24_g0,404,1
0.23409996030386537,-0.5164699252927676,5,0.0,june_24_g0,405,2
0.02219995972700417,0.01705004961695522,5,1.0,june_24_g0,406,1
-0.7123000422725454,-0.10813994449563324,2,1.0,june_24_g0,407,1
-0.49910004169214517,0.31774003547616303,2,1.0,june_24_g0,408,2
0.2743999604135752,0.21712004020810127,6,1.0,june_24_g0,409,1
-0.1832000408321619,0.38911003211978823,2,1.0,june_24_g0,410,1
-0.3847000413807109,-0.06133994669653475,2,0.0,june_24_g0,411,1
-0.33270004123914987,0.7015000174287707,6,1.0,june_24_g0,412,4
0.0013999596703797579,0.6628900192445144,2,1.0,june_24_g0,413,2
-0.3028000411577523,0.02758004912175238,2,1.0,june_24_g0,414,1
-0.016800040379166603,2.3289699408924207,5,1.0,june_24_g0,416,2
-0.7630000424105674,0.9109300075797364,1,0.0,june_24_g0,419,1
-0.8215000425698236,-0.4170199299696833,1,0.0,june_24_g0,420,2
-0.10000004060566425,0.2814700371818617,6,1.0,june_24_g0,421,3
0.16779996012337506,0.5400400250218809,1,0.0,june_24_g0,423,2
-0.9814000430051237,0.019390049506910145,2,0.0,june_24_g0,424,3
-0.2287000409560278,-0.08356994565110654,6,1.0,june_24_g0,426,1
0.5070999610470608,0.9717700047185645,4,1.0,june_24_g0,428,4
-0.6109000419965014,0.3739000328350812,4,1.0,june_24_g0,429,1
-0.1572000407613814,1.4432799825444818,3,0.0,june_24_g0,430,4
-0.26640004105865955,0.21829004015307873,6,1.0,june_24_g0,431,4
-0.539400041801855,1.6316499736858532,3,0.0,june_24_g0,432,1
-0.47830004163552076,1.758009967743419,4,1.0,june_24_g0,433,3
-0.41330004145856947,0.1761700421338901,5,1.0,june_24_g0,434,2
-0.8644000426866114,1.2221499929437414,4,1.0,june_24_g0,435,1
0.05859995982609689,0.0041800502222031355,6,1.0,june_24_g0,436,4
0.1846999601693824,1.7743899669731036,3,0.0,june_24_g0,437,3
-0.14160004071891308,-0.659209918580018,3,0.0,june_24_g0,438,2
-0.24170004099141806,-0.193549940478988,5,1.0,june_24_g0,439,2
0.31339996051974595,0.19957004103343934,6,1.0,june_24_g0,440,1
-0.6759000421734527,-0.32809993415139616,5,1.0,june_24_g0,441,1
-0.35740004130639136,0.37858003261499107,3,0.0,june_24_g0,442,2
-0.29240004112944007,2.036469954648055,5,1.0,june_24_g0,443,1
-0.10780004062689841,0.33880003448575735,6,1.0,june_24_g0,444,4
-0.5238000417593867,0.7447900153929368,4,1.0,june_24_g0,446,3
-0.5303000417770818,0.6699100189143792,6,1.0,june_24_g0,447,1
-0.388600041391328,0.08959004620555788,4,1.0,june_24_g0,448,4
-0.5875000419327989,1.3871199851855636,1,0.0,june_24_g0,449,2
0.2106999602401629,1.0747299998765811,5,1.0,june_24_g0,451,3
-0.7123000422725454,0.9472000058740377,6,1.0,june_24_g0,453,4
-0.37300004134885967,1.4093499841401353,5,1.0,june_24_g0,454,2
-0.20660004089586437,-0.35032993310596794,4,1.0,june_24_g0,455,2
-0.015500040375627577,-0.30352993530686945,4,1.0,june_24_g0,456,2
0.2405999603215605,-0.06016994675155729,5,1.0,june_24_g0,457,3
-0.14420004072599113,1.2291699926136062,4,1.0,june_24_g0,458,4
-0.24430004099849612,0.6196000212803483,6,1.0,june_24_g0,460,1
-0.2651000410551205,0.7740400140173733,1,0.0,june_24_g0,461,4
-0.03630004043225199,1.542729977867566,4,1.0,june_24_g0,462,1
-0.5693000418832526,1.919469960150309,1,0.0,june_24_g0,463,1
-0.6512000421062112,0.3750700327800587,4,1.0,june_24_g0,464,3
-1.5092000444419682,1.6550499725854024,1,0.0,june_24_g0,465,3
-0.63950004207436,-0.7387699148384854,5,1.0,june_24_g0,467,3
0.24449996033217758,1.0688800001516938,4,1.0,june_24_g0,468,3
0.4329999608453363,0.4148500309092924,6,1.0,june_24_g0,469,4
-0.4796000416390598,0.5061100266175345,2,0.0,june_24_g0,470,1
-0.6174000420141965,0.1574500430142507,2,0.0,june_24_g0,471,1
-0.7045000422513112,1.8855399617459625,5,1.0,june_24_g0,472,2
-0.8709000427043065,0.30487003608141094,4,1.0,june_24_g0,473,3
0.3211999605409801,0.3376300345407799,2,0.0,june_24_g0,474,2
-0.22220004093833268,0.5026000267826021,4,1.0,june_24_g0,475,3
-0.04540004045702517,0.8372200110461563,5,1.0,june_24_g0,476,1
-0.3496000412851572,0.23701003927271813,3,0.0,june_24_g0,477,4
-0.15590004075784236,1.433919982984662,6,1.0,june_24_g0,478,3
0.023499959730543196,0.14575004356447607,6,1.0,june_24_g0,481,2
-0.17410004080738872,0.6348100205650553,3,1.0,june_24_g0,482,2
-0.7240000423043966,-0.8393899101065472,6,1.0,june_24_g0,483,3
1.3923999634571373,1.1460999965202063,3,0.0,june_24_g0,485,4
-0.27680004108697176,0.6664000190794468,5,1.0,june_24_g0,486,1
-1.2895000438438728,1.1367399969603866,6,1.0,june_24_g0,488,2
-0.9268000428564847,0.5903500226559117,4,1.0,june_24_g0,489,4
0.1443999600596726,0.039280048571527004,6,1.0,june_24_g0,490,3
-0.4211000414798036,-0.27895993646234274,6,1.0,june_24_g0,492,3
-1.2583000437589362,-0.10462994466070086,2,1.0,june_24_g0,493,4
-0.49780004168860614,1.0045300031779334,2,0.0,june_24_g0,494,1
-0.9827000430086628,-0.032089948072098196,6,1.0,june_24_g0,495,3
0.38489996071439236,0.5026000267826021,4,1.0,june_24_g0,496,1
-0.41850004147272557,-0.44860992848407477,6,1.0,june_24_g0,497,2
0.5044999610399827,1.7661999673582613,4,1.0,june_24_g0,499,4
-0.9320000428706408,0.7412800155580044,4,1.0,june_24_g0,500,1
-0.4601000415859744,1.6374999734107405,2,0.0,june_24_g0,501,1
-0.4042000414337963,1.7533299679635093,5,1.0,june_24_g0,502,3
-0.6655000421451405,2.202609946834855,4,1.0,june_24_g0,503,4
0.10279995994642377,0.9928300037281588,5,1.0,june_24_g0,504,2
-0.23910004098434,0.396130031789653,2,0.0,june_24_g0,505,2
-0.9125000428175554,-1.5718098756624386,5,1.0,june_24_g0,506,1
0.0026999596739187837,1.4584899818291888,5,1.0,june_24_g0,507,3
-0.21960004093125463,-0.6966499168192968,4,1.0,june_24_g0,508,2
0.9425999622326344,1.727589969174005,5,1.0,june_24_g0,510,3
-0.7617000424070284,0.21478004031814635,5,0.0,june_24_g0,512,1
-0.7591000423999503,-0.0004999495577067137,2,0.0,june_24_g0,513,3
-0.3795000413665548,-1.013719901908189,4,1.0,june_24_g0,517,3
-0.39770004141610116,-1.4501298813847825,5,1.0,june_24_g0,518,1
-0.2547000410268083,0.38794003217481077,4,0.0,june_24_g0,519,2
-0.31190004118252546,0.970600004773587,1,0.0,june_24_g0,520,4
-0.46270004159305245,1.4397699827095494,6,1.0,june_24_g0,521,1
0.3523999606259167,1.2502299916232005,3,0.0,june_24_g0,522,1
-0.6837000421946868,1.3637199862860143,4,1.0,june_24_g0,523,4
0.2795999604277313,-0.6053899211110547,1,0.0,june_24_g0,524,3
-1.7302000450436026,-0.4825399268884212,5,1.0,june_24_g0,526,3
0.5291999611072242,0.8629600098356605,5,1.0,june_24_g0,527,4
-0.2651000410551205,-0.06133994669653475,3,0.0,june_24_g0,528,1
-0.18580004083923995,1.3215999882668257,1,0.0,june_24_g0,530,2
0.28349996043834835,1.8200199648272246,5,1.0,june_24_g0,531,3
-0.09090004058089107,-0.006349949282594025,5,1.0,june_24_g0,532,3
-0.2287000409560278,-0.7469599144533277,6,1.0,june_24_g0,533,3
-0.33790004125330597,1.4619999816641212,2,0.0,june_24_g0,534,3
-0.14420004072599113,0.5622700239764526,6,1.0,june_24_g0,536,1
-0.4861000416567549,-0.7235599155537784,5,1.0,june_24_g0,537,3
-0.9320000428706408,0.7974400129169226,4,1.0,june_24_g0,538,4
0.05339995981194079,1.9264899598201737,5,1.0,june_24_g0,539,3
-0.1832000408321619,0.024070049286819994,5,1.0,june_24_g0,540,3
0.18079996015876532,-0.11047994438558817,5,nan,june_24_g0,542,3
0.2613999603781849,-0.7668499135179445,1,nan,june_24_g0,543,1
0.2899999604560435,0.7752100139623508,4,nan,june_24_g0,544,2
0.4017999607603997,0.8734900093404576,5,nan,june_24_g0,545,3
-0.05840004049241543,-1.4220498827053234,6,nan,june_24_g0,546,4
-0.29630004114005715,0.2697700377320871,3,nan,june_24_g0,547,3
0.17169996013399214,1.6445199730806053,5,nan,june_24_g0,548,1
0.8450999619672075,1.3695699860109016,3,nan,june_24_g0,550,1
-0.4146000414621085,-0.33160993398632854,6,nan,june_24_g0,551,2
-0.10650004062335938,1.18587999464944,5,nan,june_24_g0,552,3
-0.7292000423185527,0.1445800436194986,1,nan,june_24_g0,553,2
-0.4861000416567549,0.2943400365766138,1,nan,june_24_g0,554,4
0.029999959748238325,-1.0207399015780538,2,nan,june_24_g0,556,1
1.0907999626360834,1.5134799792431295,1,nan,june_24_g0,558,3
-0.40810004144441336,2.2856799429282546,6,nan,june_24_g0,559,1
1.118099962710403,1.0408000014722347,6,nan,june_24_g0,560,2
0.05989995982963592,0.8547700102208182,6,nan,june_24_g0,561,2
0.32899996056221426,0.9121000075247139,5,nan,june_24_g0,562,3
0.024799959734082222,-0.5667799229267985,2,nan,june_24_g0,563,1
-0.0922000405844301,0.9787900043884292,5,nan,june_24_g0,564,1
-0.4302000415045768,0.25222003855742514,2,nan,june_24_g0,566,3
-0.8592000426724553,1.003360003232956,4,nan,june_24_g0,567,3
-0.05840004049241543,2.1862299476051703,1,nan,june_24_g0,568,4
0.039099959773011506,-0.4918999264482409,5,nan,june_24_g0,569,3
0.165199960116297,-0.6124099207809195,4,nan,june_24_g0,571,1
-0.5563000418478623,-0.20173994009383023,1,nan,june_24_g0,572,1
-1.0841000432847068,0.04045004851650447,6,nan,june_24_g0,573,2
0.045599959790706635,-0.03442994796205312,5,nan,june_24_g0,574,1
0.5005999610293657,0.47218002821318805,3,nan,june_24_g0,575,4
0.315999960526824,-0.051979947136715055,4,nan,june_24_g0,576,4
0.20159996021538973,1.2712899906327948,5,nan,june_24_g0,577,2
0.34849996061529964,0.2381800392176956,2,nan,june_24_g0,578,4
0.04169995978008956,1.2783099903026596,4,nan,june_24_g0,579,3
-0.17670004081446677,0.11299004510510713,4,nan,june_24_g0,580,3
0.1703999601304531,-1.248889890848659,1,nan,june_24_g0,581,2
-0.0012000403366982937,-1.5308598775882274,2,nan,june_24_g0,582,3
-0.8501000426476821,2.147619949420914,5,nan,june_24_g0,584,1
-0.9099000428104773,1.016230002627708,6,nan,june_24_g0,585,4
-0.8540000426582992,-0.1806799410842359,5,nan,june_24_g0,586,4
-1.043800043174997,0.8068000124767423,3,nan,june_24_g0,587,3
-0.28720004111528397,-0.013369948952458799,4,nan,june_24_g0,589,2
0.2457999603357166,1.4257299833698198,3,nan,june_24_g0,590,1
-0.5186000417452306,-0.411169930244796,3,nan,june_24_g0,592,1
-0.8267000425839797,1.2584199912380427,3,nan,june_24_g0,593,3
-0.2833000411046669,-1.2594198903534561,2,nan,june_24_g0,594,2
-0.11170004063751549,0.9916600037831813,6,nan,june_24_g0,595,1
-0.19490004086401314,0.15160004328936338,4,nan,june_24_g0,596,3
-0.37690004135947675,1.8457599636167288,5,nan,june_24_g0,597,4
-0.36780004133470356,0.6804400184191763,1,nan,june_24_g0,598,2
-0.891700042760931,0.5072800265625119,4,nan,june_24_g0,601,4
-1.4598000443074852,-0.18652994080912322,1,nan,june_24_g0,603,1
-0.7188000422902405,0.23350003943778574,4,nan,june_24_g0,605,2
-0.006400040350854397,1.0220800023525953,3,nan,june_24_g0,606,2
-0.5537000418407843,0.9975100035080686,5,nan,june_24_g0,607,3
-0.3145000411896035,0.9916600037831813,6,nan,june_24_g0,608,3
-0.7656000424176455,0.9015700080199167,1,nan,june_24_g0,609,3
-0.11560004064813256,0.4300600301939994,6,nan,june_24_g0,610,2
-0.8501000426476821,-0.5971999214962125,2,nan,june_24_g0,611,1
0.114499959978275,0.8875300086801872,2,nan,june_24_g0,612,1
0.46809996094089,0.6476800199598074,6,nan,june_24_g0,614,3
-0.3951000414090231,-0.2146099394885823,5,nan,june_24_g0,615,3
0.1599999601021409,1.7381199686788023,4,nan,june_24_g0,616,1
-0.6174000420141965,-0.4345699291443452,2,nan,june_24_g0,618,3
0.6565999614540488,1.5977199752815068,2,nan,june_24_g0,619,4
-0.10520004061982036,-1.8455898627871647,2,nan,june_24_g0,620,3
-0.20140004088170826,-0.03442994796205312,2,nan,june_24_g0,621,1
-1.059600047301501,0.22603999776765704,5,1.0,june_8_g0,1,4
-1.463900048402138,1.4103999827057123,6,1.0,june_8_g0,2,2
-0.7879000465618446,-0.2739199958741665,1,0.0,june_8_g0,3,4
0.20919995615258813,1.05543998721987,4,1.0,june_8_g0,4,2
-0.2562000451143831,0.7178799915127456,5,1.0,june_8_g0,5,1
-0.4421000456204638,-0.038439998868852854,2,1.0,june_8_g0,6,1
-0.8100000466220081,0.15991999860852957,5,1.0,june_8_g0,7,2
-0.4681000456912443,0.12279999908059835,5,1.0,june_8_g0,9,4
-0.6917000462999567,1.0542799872346222,5,1.0,june_8_g0,10,2
-0.856800046749413,0.3257999964989722,6,1.0,june_8_g0,11,1
-0.351100045372732,0.5160399940796196,3,0.0,june_8_g0,12,2
0.2377999562304467,-0.11267999792471528,6,1.0,june_8_g0,13,3
-1.1805000476306304,1.1633199858479202,3,0.0,june_8_g0,15,2
0.019399955635890365,0.1146799991838634,2,0.0,june_8_g0,16,1
-0.01310004445258528,0.17963999835774302,5,1.0,june_8_g0,17,2
-0.2718000451568514,0.5867999931797385,2,0.0,june_8_g0,19,3
-0.5903000460239127,0.3884399957023561,2,1.0,june_8_g0,21,1
0.023299955646507442,0.42439999524503946,6,1.0,june_8_g0,23,4
0.21569995617028326,0.8431599899195135,4,1.0,june_8_g0,25,4
0.13119995594024658,0.745719991158694,6,1.0,june_8_g0,26,3
-0.5318000458646566,0.5879599931649864,1,0.0,june_8_g0,27,3
-0.42910004558507353,0.43599999509751797,1,0.0,june_8_g0,28,1
0.059699955745600164,1.1273599863052368,6,1.0,june_8_g0,30,3
1.0190999583574012,0.5844799932092428,1,0.0,june_8_g0,31,2
1.0372999584069476,1.4301199824549258,3,0.0,june_8_g0,32,1
0.0713999557774514,0.34783999621868134,1,0.0,june_8_g0,33,1
0.8695999579504132,0.404679995495826,4,1.0,june_8_g0,34,1
-0.6371000461513177,1.2874399842694402,2,0.0,june_8_g0,35,4
0.38599995663389564,1.0623999871313572,4,1.0,june_8_g0,38,2
0.6472999573452398,0.3176799966022372,6,1.0,june_8_g0,39,2
-0.5383000458823517,0.9498799885623157,3,0.0,june_8_g0,40,3
0.4457999567966908,0.42207999527454376,4,1.0,june_8_g0,42,3
-0.10540004470385611,0.16919999849051237,1,0.0,june_8_g0,43,3
0.4145999567117542,-0.05119999870657921,6,1.0,june_8_g0,44,1
0.2182999561773613,0.768919990863651,6,1.0,june_8_g0,46,1
0.46659995685331523,0.9417599886655807,6,1.0,june_8_g0,47,4
0.16109995602164418,0.94755998859182,3,0.0,june_8_g0,48,3
0.6342999573098496,0.44759999494999647,6,1.0,june_8_g0,49,2
0.4587999568320811,0.6389999925158918,5,1.0,june_8_g0,50,1
-0.6757000213256106,1.0510001252405345,6,1.0,june_8_g0,51,2
-0.5812999968184158,0.8654001276008785,1,0.0,june_8_g0,52,2
0.1506000051740557,-0.2017998588271439,5,1.0,june_8_g0,53,2
-0.7546999730402604,-0.48507999954745173,4,1.0,june_8_g0,54,4
-0.07219997118227184,-0.06284000491723418,4,1.0,june_8_g0,55,3
-0.9015999734401703,-0.08372000465169549,6,1.0,june_8_g0,56,4
-0.5010999959195033,0.8116800310090184,1,0.0,june_8_g0,58,3
-0.9248999970732257,0.6434800331480801,2,0.0,june_8_g0,59,3
-0.5049999959301203,0.2363200383260846,5,1.0,june_8_g0,60,3
-0.02399999462068081,-0.56523995148018,1,0.0,june_8_g0,62,1
-0.12279999488964677,-0.5153599521145225,4,1.0,june_8_g0,63,3
-0.4984999959124252,0.021720041055232286,5,1.0,june_8_g0,64,2
-0.3164999954169616,-0.5060799522325397,3,0.0,june_8_g0,65,3
-0.3502999955089763,-0.029319958295673132,3,0.0,june_8_g0,66,3
-0.25799999525770545,0.1667200392112136,1,0.0,june_8_g0,67,3
-0.4763999958522618,0.31984003726392984,1,0.0,june_8_g0,68,1
-0.35809999553021044,-0.7229999494738877,2,0.0,june_8_g0,69,2
-0.44389999576378614,0.23980003828182817,3,0.0,june_8_g0,70,3
-1.147199997678399,0.5332800345495343,5,1.0,june_8_g0,71,4
-0.8000999967334792,0.36392003670334816,5,0.0,june_8_g0,72,2
-0.4022999956505373,-0.02119995839893818,4,1.0,june_8_g0,73,3
-0.43869999574963003,-0.1893999562598765,5,1.0,june_8_g0,74,4
-0.2904999953461811,0.12148003978654742,1,0.0,june_8_g0,75,1
-0.8819999969564378,1.0181600283831358,3,0.0,june_8_g0,76,4
-1.0028999972855672,0.041440040804445744,5,1.0,june_8_g0,77,1
0.7079000073717907,-0.41211995342746377,4,1.0,june_8_g0,78,2
0.1281000057933852,0.6713200327940285,1,0.0,june_8_g0,79,4
-0.0538999947020784,-0.14299995684996247,5,1.0,june_8_g0,80,2
-1.7750999993877485,0.613320033531636,1,0.0,june_8_g0,81,4
-0.6349999962840229,0.5704000340774655,5,1.0,june_8_g0,82,1
-1.091299997526221,0.18876003893092275,3,0.0,june_8_g0,83,4
-0.8780999969458207,2.202520013321191,1,0.0,june_8_g0,84,4
-0.3814999955939129,0.29432003758847713,5,1.0,june_8_g0,85,2
-0.3307999954558909,0.2200800385326147,3,0.0,june_8_g0,86,3
-0.6076999962097034,-0.0629599578678608,1,0.0,june_8_g0,87,1
-0.3710999955656007,0.04028004081919789,4,1.0,june_8_g0,88,3
-0.5725999961141497,0.1876000389456749,6,1.0,june_8_g0,90,4
-0.8624999969033524,0.706120032351464,3,0.0,june_8_g0,91,2
-0.4464999957708642,-0.2903199549764395,6,1.0,june_8_g0,92,2
-1.697099999175407,0.13192003965377808,6,1.0,june_8_g0,95,2
-0.2449999952223152,0.05072004068642855,5,1.0,june_8_g0,96,4
-0.1500999949639663,-0.8529199478216469,3,0.0,june_8_g0,97,3
-0.9053999970201403,1.2478400254622102,6,1.0,june_8_g0,98,4
-0.2514999952400103,-0.6707999501377344,3,0.0,june_8_g0,99,1
-0.27229999529663473,-0.2659599552862346,6,1.0,june_8_g0,100,3
-0.5413999960292131,0.36392003670334816,5,1.0,june_8_g0,101,3
-0.5660999960964546,-0.8761199475266039,4,1.0,june_8_g0,102,2
-0.5049999959301203,-0.038599958177655935,1,0.0,june_8_g0,103,2
-0.10589999484363943,0.4729600353166461,4,1.0,june_8_g0,105,4
-0.2644999952754006,-0.48519995249807835,1,0.0,june_8_g0,106,3
-0.35419999551959336,-0.4353199531324208,1,0.0,june_8_g0,107,4
-0.3970999956363812,0.09248004015535116,6,1.0,june_8_g0,108,4
-1.0743999974802136,0.5066000348888338,4,1.0,june_8_g0,110,1
-0.3463999954983592,-0.24855995550751686,5,1.0,june_8_g0,111,1
-0.09029999480117112,-0.2125999559648335,1,0.0,june_8_g0,112,3
-0.35289999551605433,-0.2891599549911916,1,0.0,june_8_g0,113,1
-0.6180999962380156,-0.015399958472698927,6,1.0,june_8_g0,114,2
-0.3008999953744933,0.9439200293272734,2,0.0,june_8_g0,115,2
-0.12669999490026385,0.2618400380015373,6,1.0,june_8_g0,117,4
-0.9157999970484525,1.1121200271882117,4,1.0,june_8_g0,119,4
-0.3112999954028055,0.14468003949150443,4,1.0,june_8_g0,120,3
-0.08769999479409307,-0.06643995782360435,1,0.0,june_8_g0,121,1
-0.09159999480471015,-0.46895995270460844,2,0.0,june_8_g0,122,3
0.23990000609774143,-0.6406399505212903,5,1.0,june_8_g0,124,3
-0.18519999505952,1.9102000170387328,1,0.0,june_8_g0,125,4
0.3231000063242391,-0.27871995512396097,5,1.0,june_8_g0,126,1
-0.17869999504182488,0.48572003515437245,3,0.0,june_8_g0,127,4
-0.05519999470561743,-0.10819995729252696,1,0.0,june_8_g0,128,2
-0.26319999527186155,-0.17315995646640658,6,1.0,june_8_g0,130,1
-0.20859999512322247,1.4102400233969092,4,1.0,june_8_g0,131,1
-0.05779999471269548,-0.790279948618263,5,1.0,june_8_g0,132,4
0.10340000572614372,-0.5455199517309666,2,0.0,june_8_g0,134,1
0.10080000571906567,-0.2798799551092088,5,1.0,june_8_g0,135,3
-0.18649999506305903,0.194560038857162,4,1.0,june_8_g0,136,1
0.1736000059172511,1.2443600255064666,6,1.0,june_8_g0,137,1
-0.07989999477285892,0.5135600348003209,6,1.0,june_8_g0,138,1
-0.9196999970590696,0.1992000387981534,5,1.0,june_8_g0,139,2
-0.5101999959442765,-0.31931995460763574,3,0.0,june_8_g0,140,2
-0.09549999481532723,-0.8413199479691684,1,0.0,june_8_g0,141,4
-0.27749999531079084,0.11800003983080387,6,1.0,june_8_g0,142,1
0.028000005520880222,-0.32395995454862714,6,1.0,june_8_g0,143,4
-0.2800999953178689,0.34072003699839115,6,1.0,june_8_g0,144,1
-0.22679999517276883,-0.8262399481609464,3,0.0,june_8_g0,145,2
-0.35419999551959336,-0.8819199474528432,6,1.0,june_8_g0,146,1
-0.39449999562930316,-0.33323995443060994,4,1.0,june_8_g0,147,2
-0.0486999946879223,0.3836400364525616,6,1.0,june_8_g0,148,3
0.042300005559809506,0.2908400376327336,4,1.0,june_8_g0,149,4
-0.7077999964822084,-0.05831995792686939,4,1.0,june_8_g0,150,2
-0.013599994592368603,0.12496003974229097,5,1.0,june_8_g0,153,3
-1.7646999993594363,1.3789200237952173,1,0.0,june_8_g0,154,4
0.05270000558812171,0.365080036688596,6,1.0,june_8_g0,156,2
-0.07599999476224184,-0.6626799502409995,2,0.0,june_8_g0,157,4
-0.3320999954594299,0.5831600339151919,6,1.0,june_8_g0,158,1
-0.7519999966025352,-0.12443995708599687,4,1.0,june_8_g0,160,3
-0.22939999517984688,0.12380003975704312,5,1.0,june_8_g0,161,1
-1.190099997795187,1.4380800230428576,4,0.0,june_8_g0,162,3
-0.6661999963689595,-0.4016799535602331,1,0.0,june_8_g0,163,2
-0.28789999533910304,-0.49679995235055685,4,1.0,june_8_g0,164,3
0.033200005535036325,-0.38195995381101966,4,1.0,june_8_g0,166,1
-0.4204999957000837,-0.49215995240956545,4,1.0,june_8_g0,167,4
0.05660000559873879,0.8163200309500098,3,0.0,june_8_g0,168,1
-0.25279999524354935,-0.6267199506983161,3,0.0,june_8_g0,169,1
-0.1643999950028956,-0.3042399547994137,2,0.0,june_8_g0,170,2
-0.6089999962132424,0.4265600359067321,2,0.0,june_8_g0,171,3
-0.1240999948931858,0.9485600292682648,3,0.0,june_8_g0,172,3
0.4310000066179782,-0.6417999505065382,6,1.0,june_8_g0,173,3
-0.4724999958416447,-0.1893999562598765,1,0.0,june_8_g0,174,3
-0.3112999954028055,0.3279600371606648,2,1.0,june_8_g0,175,1
0.08910000568721443,-0.4376399531029165,6,1.0,june_8_g0,177,3
-1.0171999973244965,1.7188000194728374,2,0.0,june_8_g0,179,3
-0.3060999953886494,0.5379200344905257,2,0.0,june_8_g0,181,3
-1.4799999985843897,1.9218000168912113,3,0.0,june_8_g0,182,2
-0.48549999587703496,-0.04207995813339949,5,0.0,june_8_g0,183,2
0.41800000658258796,1.0842800275422633,6,1.0,june_8_g0,184,2
-0.20339999510906637,-0.5327599518932402,3,0.0,june_8_g0,185,3
-0.2150999951409176,-0.39355995366349816,2,0.0,june_8_g0,187,4
-0.23459999519400299,-0.2149199559353292,4,1.0,june_8_g0,188,3
-0.6453999963123351,-0.503759952262044,2,0.0,june_8_g0,189,3
-0.5205999959725887,1.4879600224085152,5,1.0,june_8_g0,190,3
-0.083799994783476,-0.56523995148018,5,1.0,june_8_g0,191,1
-1.390299998340197,1.3313600244000554,3,0.0,june_8_g0,192,1
-0.2956999953603372,-0.6696399501524866,2,0.0,june_8_g0,193,1
-1.0769999974872917,-0.09891995741054416,6,1.0,june_8_g0,196,1
-1.1783999977633357,0.5158800347708166,4,1.0,june_8_g0,197,1
0.4557000066852197,0.6353600332513452,5,1.0,june_8_g0,198,3
-0.588199996156618,2.0691200150176883,5,1.0,june_8_g0,201,3
-0.37369999557267874,0.36624003667384386,4,1.0,june_8_g0,202,1
-1.0548999974271283,1.583080021198839,2,0.0,june_8_g0,203,3
-0.0083999945782125,0.5460400343872607,2,0.0,june_8_g0,204,4
0.004600005457177758,1.3534000241197646,5,1.0,june_8_g0,206,1
0.6598000072408468,0.2838800377212465,6,1.0,june_8_g0,207,2
0.18660000595264137,0.3511600368656218,1,0.0,june_8_g0,208,2
0.46870000672060996,0.5367600345052779,6,1.0,june_8_g0,209,3
-1.3148999981349334,1.846400017850101,1,0.0,june_8_g0,210,4
-0.8312999968184158,1.5529200215823948,3,0.0,june_8_g0,211,1
-0.4529999957885593,1.039040028117597,2,0.0,june_8_g0,212,2
-0.4204999957000837,-0.712559949606657,2,0.0,june_8_g0,215,1
-0.21119999513030052,0.09132004017010331,5,1.0,june_8_g0,216,1
-0.13709999492857605,-0.47591995261609554,4,1.0,june_8_g0,218,1
0.0020000054500997066,0.17716003907844424,2,1.0,june_8_g0,219,2
-0.07599999476224184,-0.2856799550354481,1,0.0,june_8_g0,220,1
0.04360000556334853,0.021720041055232286,1,0.0,june_8_g0,221,1
-0.36849999555852264,-0.3970399536192417,5,1.0,june_8_g0,223,1
0.1580000058747828,-0.2218799558468163,1,0.0,june_8_g0,224,3
0.10080000571906567,-0.09427995746955276,2,0.0,june_8_g0,225,2
-0.07209999475162476,-0.2879999550059438,5,1.0,june_8_g0,226,1
0.16450000589247793,0.06464004050940275,3,0.0,june_8_g0,228,1
0.16060000588186085,-0.3343999544158578,6,1.0,june_8_g0,229,3
0.6104000071063638,1.0413600280880928,1,0.0,june_8_g0,230,2
0.0007000054465606809,0.7212000321596861,6,1.0,june_8_g0,232,3
0.06310000561643392,-0.22999995574355125,6,1.0,june_8_g0,234,3
-0.637599996291101,0.5274800346232951,1,0.0,june_8_g0,237,2
0.6858000073116273,0.8580800304189324,4,1.0,june_8_g0,239,4
-0.39839999563992023,0.14816003944724798,5,1.0,june_8_g0,240,3
1.3137000090209767,1.133000026922673,5,1.0,june_8_g0,241,3
0.09430000570137054,0.7652800315991044,2,0.0,june_8_g0,242,2
-0.10199999483302236,0.44164003571495414,1,0.0,june_8_g0,243,3
-0.18389999505598098,0.621440033428371,5,1.0,june_8_g0,244,3
-0.1292999949073419,-0.5710399514064193,1,0.0,june_8_g0,245,2
-0.3424999954877421,-0.009599958546459675,3,0.0,june_8_g0,247,1
0.21130000601988286,-0.41675995336845517,4,1.0,june_8_g0,248,4
-0.07339999475516379,0.19572003884240985,3,0.0,june_8_g0,249,4
-0.47509999584872276,0.3140400373376906,2,0.0,june_8_g0,250,1
-0.09549999481532723,0.8650400303304195,3,0.0,june_8_g0,251,1
-0.09289999480824918,2.318520011845976,4,1.0,june_8_g0,253,3
-0.32299999543465674,1.614400020800531,6,1.0,june_8_g0,254,1
-1.348699998226948,1.1364800268784165,3,0.0,june_8_g0,255,3
-0.2995999953709543,0.8000800311565399,2,0.0,june_8_g0,257,3
-1.3876999983331189,1.5923600210808218,5,1.0,june_8_g0,258,2
-0.07599999476224184,0.23516003834083676,2,0.0,june_8_g0,259,1
0.4492000066675246,1.0146800284273922,5,1.0,june_8_g0,261,2
-0.14359999494627118,1.90092001715675,2,0.0,june_8_g0,262,4
-0.16049999499227852,0.5843200339004397,5,1.0,june_8_g0,263,2
-0.1903999950736761,-0.4654799527488649,3,0.0,june_8_g0,264,1
-0.9768999972147867,0.8232800308614969,3,0.0,june_8_g0,265,3
-0.3216999954311177,0.3627600367181003,5,1.0,june_8_g0,269,1
-0.7064999964786693,0.0588400405831635,2,0.0,june_8_g0,271,3
0.10080000571906567,-0.14299995684996247,6,1.0,june_8_g0,272,1
0.14110000582877547,0.3001200375147164,4,1.0,june_8_g0,273,2
0.3738000064622611,-0.5362399518489838,6,1.0,june_8_g0,274,2
0.11120000574737787,-0.10471995733678341,2,0.0,june_8_g0,275,1
1.1382000085432082,0.0020000413060188293,5,1.0,june_8_g0,276,1
-0.5127999959513545,0.25372003810480237,3,0.0,june_8_g0,277,1
-0.3619999955408275,0.2061600387096405,1,0.0,june_8_g0,279,2
-0.11499999486841261,0.47412003530189395,3,0.0,june_8_g0,280,3
-0.4256999957142398,-0.02235995838418603,4,1.0,june_8_g0,281,3
0.15540000586770475,0.9914800287224352,4,1.0,june_8_g0,282,3
0.37770000647287816,0.07392004039138556,5,1.0,june_8_g0,283,4
0.38290000648703426,0.3998800362460315,5,1.0,june_8_g0,284,2
0.12550000578630716,0.4613600354641676,5,1.0,june_8_g0,286,1
-0.134499994921498,1.3858800237067044,4,1.0,june_8_g0,287,2
0.5077000068267807,1.311640024650842,5,1.0,june_8_g0,288,1
-0.7857999966945499,0.43932003574445844,5,1.0,june_8_g0,291,2
0.20220000599510968,0.48804003512486815,3,0.0,june_8_g0,292,3
-0.03309999464545399,0.08900004019960761,4,1.0,june_8_g0,293,4
0.6806000072974712,0.13656003959476948,5,1.0,june_8_g0,295,3
0.2230000060517341,1.411400023382157,3,0.0,june_8_g0,296,2
-0.12279999488964677,0.737440031953156,2,0.0,june_8_g0,297,2
0.34260000637732446,0.65972003294155,4,1.0,june_8_g0,298,1
0.26590000616852194,0.9729200289584696,1,0.0,june_8_g0,299,3
0.5883000070462003,0.9938000286929309,2,1.0,june_8_g0,300,4
-0.16829999501351267,0.07856004033237696,2,0.0,june_8_g0,301,2
0.39850000652950257,0.03680004086345434,2,1.0,june_8_g0,302,2
0.2789000062039122,0.4126400360837579,5,1.0,june_8_g0,304,3
0.19700000598095357,1.467080022674054,4,1.0,june_8_g0,305,3
-0.32299999543465674,0.7815200313925743,6,1.0,june_8_g0,306,2
0.0007000054465606809,0.42076003598049283,4,1.0,june_8_g0,308,2
-0.15139999496750534,1.9484800165519118,4,1.0,june_8_g0,309,4
0.31270000629592687,1.318600024562329,5,1.0,june_8_g0,311,4
-0.25799999525770545,0.6423200331628323,1,0.0,june_8_g0,312,1
0.27240000618621707,0.5309600345790386,2,0.0,june_8_g0,314,2
-0.1240999948931858,0.8267600308172405,6,1.0,june_8_g0,315,1
-0.337299995473586,0.8174800309352577,2,0.0,june_8_g0,316,2
0.6169000071240589,0.7966000312007964,2,1.0,june_8_g0,318,4
-0.134499994921498,0.05768004059791565,5,1.0,june_8_g0,319,3
-0.9638999971793965,0.8557600304484367,1,0.0,june_8_g0,320,4
-0.3151999954134226,0.171360039152205,3,0.0,june_8_g0,322,3
-0.0018999945605173707,1.1538800266571343,6,1.0,june_8_g0,323,3
-0.39839999563992023,0.1899200389161706,4,1.0,june_8_g0,324,1
1.9481000107480213,0.8221200308762491,5,1.0,june_8_g0,325,2
-0.18909999507013708,0.1829600390046835,5,1.0,june_8_g0,326,2
-0.1396999949356541,0.7397600319236517,6,1.0,june_8_g0,327,2
0.051400005584582686,0.37784003652632236,5,1.0,june_8_g0,328,3
0.14110000582877547,0.45788003550842404,5,1.0,june_8_g0,329,1
-0.2254999951692298,-0.8563999477773905,4,1.0,june_8_g0,332,1
0.2880000062286854,2.3324400116689503,2,0.0,june_8_g0,334,1
0.5454000069294125,1.0135200284421444,3,0.0,june_8_g0,335,2
-0.2813999953214079,-0.35179995419457555,5,1.0,june_8_g0,337,1
-0.09549999481532723,0.5031200349330902,6,1.0,june_8_g0,339,3
0.3348000063560903,-0.9979199459776282,3,0.0,june_8_g0,340,2
-0.029199994634836912,0.02752004098147154,4,1.0,june_8_g0,341,1
0.04360000556334853,-0.06875995779410005,6,1.0,june_8_g0,342,4
-0.35289999551605433,0.18412003898993134,4,1.0,june_8_g0,343,4
0.04100000555627048,0.8743200302124023,6,1.0,june_8_g0,344,3
-0.27359999530017376,0.23516003834083676,6,1.0,june_8_g0,345,3
0.6169000071240589,0.5506800343282521,6,1.0,june_8_g0,346,3
0.5909000070532784,0.9810400288552046,5,1.0,june_8_g0,347,4
-0.134499994921498,0.2978000375442207,3,0.0,june_8_g0,348,1
0.2737000061897561,1.0819600275717676,3,0.0,june_8_g0,350,3
0.7144000073894858,-0.4631599527783692,1,0.0,june_8_g0,351,3
0.3491000063950196,0.8000800311565399,2,0.0,june_8_g0,353,3
-0.21899999515153468,1.5645200214348733,3,0.0,june_8_g0,354,3
0.5103000068338588,1.629480020608753,5,1.0,june_8_g0,355,4
-0.7831999966874719,0.45556003553792834,1,0.0,june_8_g0,356,1
0.10860000574029982,0.9137600297108293,6,1.0,june_8_g0,357,2
0.11640000576153398,1.373120023868978,1,0.0,june_8_g0,358,2
-0.05129999469500035,0.3465200369246304,3,0.0,june_8_g0,359,1
-1.3044999981066212,0.03564004087820649,5,1.0,june_8_g0,360,2
-0.2709999952930957,0.03332004090771079,3,0.0,june_8_g0,361,1
0.168400005903095,1.0332400281913579,4,1.0,june_8_g0,362,2
-0.590799996163696,1.0286000282503664,6,1.0,june_8_g0,363,2
-0.5634999960893765,0.5947600337676704,4,1.0,june_8_g0,364,3
-0.4529999957885593,1.1782400263473392,5,1.0,june_8_g0,365,3
-0.1747999950312078,0.14468003949150443,4,1.0,june_8_g0,366,2
0.7963000076124445,1.6584800202399492,5,nan,june_8_g0,368,3
0.7495000074850395,0.8267600308172405,5,nan,june_8_g0,369,1
-0.27879999531432986,0.6643600328825414,5,nan,june_8_g0,371,2
0.024100005510263145,1.419520023278892,2,nan,june_8_g0,372,1
-0.0031999945640563965,1.0576000278815627,1,nan,june_8_g0,373,3
-0.45429999579209834,1.9345600167289376,1,nan,june_8_g0,374,1
1.884400010574609,0.8511200305074453,6,nan,june_8_g0,375,3
0.2646000061649829,1.2455200254917145,4,nan,june_8_g0,376,4
-0.24109999521169811,-0.43647995311766863,2,nan,june_8_g0,377,1
-1.0665999974589795,1.497240022290498,1,nan,june_8_g0,378,1
0.8990000078920275,0.49964003497734666,6,nan,june_8_g0,381,4
-0.5465999960433692,1.5216000219807029,2,nan,june_8_g0,382,3
-0.5660999960964546,1.318600024562329,3,nan,june_8_g0,383,2
-0.1903999950736761,0.5843200339004397,3,nan,june_8_g0,384,2
-0.337299995473586,0.010120041202753782,6,nan,june_8_g0,385,1
-0.15789999498520046,1.7315600193105638,2,nan,june_8_g0,386,3
-0.16829999501351267,1.1968000261113048,4,nan,june_8_g0,387,2
-0.30869999539572746,0.8174800309352577,5,nan,june_8_g0,388,1
-0.5166999959619716,1.0587600278668106,4,nan,june_8_g0,389,4
0.3452000063844025,1.4566400228068233,2,nan,june_8_g0,390,3
-0.6765999963972718,1.093560027424246,2,nan,june_8_g0,391,2
-0.6284999962663278,0.7989200311712921,2,nan,june_8_g0,392,1
-0.034399994648993015,1.6631200201809406,3,nan,june_8_g0,394,4
-0.4659999958239496,-0.11283995723351836,6,nan,june_8_g0,395,1
-0.5127999959513545,0.3859600364230573,1,nan,june_8_g0,396,3
-0.31389999540988356,1.2304400256834924,6,nan,june_8_g0,397,4
-0.31779999542050064,1.288440024945885,2,nan,june_8_g0,398,3
-0.11889999487902969,0.0020000413060188293,5,nan,june_8_g0,399,3
-0.18909999507013708,0.8000800311565399,5,nan,june_8_g0,400,3
-0.4412999957567081,0.2061600387096405,2,nan,june_8_g0,401,3
-0.3424999954877421,0.23748003831133246,3,nan,june_8_g0,402,3
-0.7155999965034425,0.4590400354936719,1,nan,june_8_g0,403,2
-0.5491999960504472,0.8685200302861631,5,nan,june_8_g0,405,1
0.4362000066321343,1.0460000280290842,4,nan,june_8_g0,406,2
-0.11369999486487359,1.8510400177910924,6,nan,june_8_g0,407,1
-0.28919999534264207,0.3558000368066132,3,nan,june_8_g0,408,3
0.23730000609066337,1.3012000247836113,6,nan,june_8_g0,409,4
2.426500012050383,-0.301919954828918,4,nan,june_8_g0,412,1
-0.7077999964822084,1.4299600231461227,3,nan,june_8_g0,413,3
0.06570000562351197,1.2200000258162618,6,nan,june_8_g0,414,4
0.5051000068197027,0.29432003758847713,4,nan,june_8_g0,415,1
0.5558000069577247,1.3174400245770812,5,nan,june_8_g0,416,3
0.10080000571906567,0.884760030079633,3,nan,june_8_g0,417,2
0.8639000077964738,1.706040019635111,5,nan,june_8_g0,418,4
-0.11369999486487359,0.7130800322629511,5,nan,june_8_g0,419,3
0.05400000559166074,1.3360000243410468,3,nan,june_8_g0,420,1
-0.3411999954842031,0.9833600288257003,3,nan,june_8_g0,421,1
0.08650000568013638,1.761720018927008,2,nan,june_8_g0,423,2
0.3088000062853098,0.13656003959476948,4,nan,june_8_g0,424,4
0.17230000591371208,1.272200025152415,3,nan,june_8_g0,425,3
-0.5296999959973618,1.4172000233083963,3,nan,june_8_g0,426,2
0.4596000066958368,0.46020003547891974,6,nan,june_8_g0,427,4
-1.095199997536838,1.5088400221429765,6,nan,june_8_g0,428,1
-0.16179999499581754,0.636520033236593,5,nan,june_8_g0,429,3
0.06180000561289489,1.1306800269521773,4,nan,june_8_g0,430,4
0.1528000058606267,-0.2949599549174309,5,nan,june_8_g0,431,2
0.7586000075098127,0.4381600357592106,6,nan,june_8_g0,432,3
-0.5283999959938228,2.085360014811158,2,nan,june_8_g0,433,3
-0.42439999571070075,0.12032003980129957,2,nan,june_8_g0,434,2
0.8405000077327713,1.0738400276750326,2,nan,june_8_g0,435,3
-0.4178999956930056,0.5483600343577564,4,nan,june_8_g0,436,2
-0.22809999517630786,0.6202800334431231,4,nan,june_8_g0,437,1
0.9536000080406666,1.3023600247688591,5,nan,june_8_g0,438,4
-0.8039999967440963,2.0459200153127313,6,nan,june_8_g0,440,2
0.2984000062569976,-1.6649199374951422,6,nan,june_8_g0,441,4
0.4102000065613538,1.8162400182336569,3,nan,june_8_g0,442,2
0.055300005595199764,0.3975600362755358,5,nan,june_8_g0,443,1
0.3400000063702464,0.7165600322186947,6,nan,june_8_g0,444,4
0.4154000065755099,0.9613200291059911,2,nan,june_8_g0,445,3
0.571400007000193,0.9102800297550857,3,nan,june_8_g0,446,1
0.16190000588539988,0.7246800321154296,1,nan,june_8_g0,447,3
-0.3905999956186861,-0.518839952070266,2,nan,june_8_g0,448,3
0.37640000646933913,1.8336400180123746,4,nan,june_8_g0,449,2
-0.034399994648993015,0.9021600298583508,4,nan,june_8_g0,450,4
-0.24889999523293227,-1.2345599429681897,5,nan,june_8_g0,451,1
0.06830000563059002,-0.010759958531707525,1,nan,june_8_g0,452,2
0.09300000569783151,-0.47127995267510414,5,nan,june_8_g0,453,1
0.3634000064339489,-1.147559944074601,5,nan,june_8_g0,454,4
-0.052599994698539376,0.2108000386506319,6,nan,june_8_g0,455,3
-0.7727999966591597,-0.03163995826616883,5,nan,june_8_g0,460,2
-0.4633999958168715,1.6898000198416412,4,nan,june_8_g0,461,3
0.09040000569075346,-1.1255199443548918,5,nan,june_8_g0,466,4
-0.18259999505244195,-1.3354799416847527,6,nan,june_8_g0,467,2
0.5038000068161637,0.4091600361280143,4,nan,june_8_g0,469,1
-0.1539999949745834,0.23052003839984536,3,nan,june_8_g0,470,3
0.10600000573322177,-0.9828399461694062,2,nan,june_8_g0,471,3
0.48820000677369535,0.37552003655582666,4,nan,june_8_g0,472,2
-0.03959999466314912,0.4822400351986289,5,nan,june_8_g0,473,3
0.8587000077823177,0.9880000287666917,1,nan,june_8_g0,474,3
0.08780000568367541,1.2316000256687403,4,nan,june_8_g0,475,1
0.8184000076726079,0.9427600293420255,6,nan,june_8_g0,476,1
0.1476000058464706,0.4172800360247493,4,nan,june_8_g0,481,3
0.3647000064374879,-0.16155995661392808,3,nan,june_8_g0,482,1
-0.2098999951267615,0.10524003999307752,1,nan,june_8_g0,483,3
0.02540000551380217,-0.32395995454862714,3,nan,june_8_g0,485,3
-0.3671999955549836,0.09828004008159041,1,nan,june_8_g0,487,4
-0.10069999482948333,0.49964003497734666,1,nan,june_8_g0,488,4
0.16190000588539988,0.9404400293715298,3,nan,june_8_g0,489,1
-0.44909999577794224,0.5576400342397392,3,nan,june_8_g0,490,4
-0.7246999965282157,1.2060800259932876,2,nan,june_8_g0,491,3
-0.3671999955549836,-0.7183599495328963,2,nan,june_8_g0,492,2
0.4102000065613538,1.2072400259785354,6,nan,june_8_g0,493,1
-0.20859999512322247,-0.6336799506098032,5,nan,june_8_g0,494,1
0.6572000072337687,-0.49679995235055685,6,nan,june_8_g0,495,3
0.24770000611897558,-0.6035199509933591,1,nan,june_8_g0,496,1
0.3231000063242391,-0.8331999480724335,5,nan,june_8_g0,497,1
0.02540000551380217,0.0565200406126678,2,nan,june_8_g0,498,3
0.8041000076336786,-0.2520399554632604,1,nan,june_8_g0,499,1
-0.5023999959230423,1.8266800181008875,2,nan,june_8_g0,500,1
-0.08119999477639794,-0.611639950890094,4,nan,june_8_g0,501,2
-0.07859999476931989,0.3349200370721519,4,nan,june_8_g0,502,1
-0.06429999473039061,-0.4248799532651901,4,nan,june_8_g0,503,2
0.31270000629592687,-0.3575999541208148,1,nan,june_8_g0,504,1
