label_source,feature,variant,k,space,monkey,scope_computed_on,row_kind,session,trial_id,maze,strategy,strategy_tag,cell_name,half,split,n_trials_in_row,row_sum,n_nonzero,dim,dim_label,value
svm,bigram,full,6,unith,Faure,top_ten,trial,june_8_g0,320,1,0,H,1H,,,1,1.0000000298023224,3,0,0,0.0
svm,bigram,full,6,unith,Faure,top_ten,trial,june_8_g0,320,1,0,H,1H,,,1,1.0000000298023224,3,1,1,0.0
svm,bigram,full,6,unith,Faure,top_ten,trial,june_8_g0,320,1,0,H,1H,,,1,1.0000000298023224,3,2,2,0.0
svm,bigram,full,6,unith,Faure,top_ten,trial,june_8_g0,320,1,0,H,1H,,,1,1.0000000298023224,3,3,3,0.0
svm,bigram,full,6,unith,Faure,top_ten,trial,june_8_g0,320,1,0,H,1H,,,1,1.0000000298023224,3,4,4,0.0
svm,bigram,full,6,unith,Faure,top_ten,trial,june_8_g0,320,1,0,H,1H,,,1,1.0000000298023224,3,5,5,0.0
svm,bigram,full,6,unith,Faure,top_ten,trial,june_8_g0,320,1,0,H,1H,,,1,1.0000000298023224,3,6,6,0.0
svm,bigram,full,6,unith,Faure,top_ten,trial,june_8_g0,320,1,0,H,1H,,,1,1.0000000298023224,3,7,7,0.0
svm,bigram,full,6,unith,Faure,top_ten,trial,june_8_g0,320,1,0,H,1H,,,1,1.0000000298023224,3,8,8,0.0
svm,bigram,full,6,unith,Faure,top_ten,trial,june_8_g0,320,1,0,H,1H,,,1,1.0000000298023224,3,9,9,0.3333333432674408
svm,bigram,full,6,unith,Faure,top_ten,trial,june_8_g0,320,1,0,H,1H,,,1,1.0000000298023224,3,10,10,0.0
svm,bigram,full,6,unith,Faure,top_ten,trial,june_8_g0,320,1,0,H,1H,,,1,1.0000000298023224,3,11,11,0.0
svm,bigram,full,6,unith,Faure,top_ten,trial,june_8_g0,320,1,0,H,1H,,,1,1.0000000298023224,3,12,12,0.0
svm,bigram,full,6,unith,Faure,top_ten,trial,june_8_g0,320,1,0,H,1H,,,1,1.0000000298023224,3,13,13,0.3333333432674408
svm,bigram,full,6,unith,Faure,top_ten,trial,june_8_g0,320,1,0,H,1H,,,1,1.0000000298023224,3,14,14,0.0
svm,bigram,full,6,unith,Faure,top_ten,trial,june_8_g0,320,1,0,H,1H,,,1,1.0000000298023224,3,15,15,0.0
svm,bigram,full,6,unith,Faure,top_ten,trial,june_8_g0,320,1,0,H,1H,,,1,1.0000000298023224,3,16,16,0.0
svm,bigram,full,6,unith,Faure,top_ten,trial,june_8_g0,320,1,0,H,1H,,,1,1.0000000298023224,3,17,17,0.0
svm,bigram,full,6,unith,Faure,top_ten,trial,june_8_g0,320,1,0,H,1H,,,1,1.0000000298023224,3,18,18,0.0
svm,bigram,full,6,unith,Faure,top_ten,trial,june_8_g0,320,1,0,H,1H,,,1,1.0000000298023224,3,19,19,0.0
svm,bigram,full,6,unith,Faure,top_ten,trial,june_8_g0,320,1,0,H,1H,,,1,1.0000000298023224,3,20,20,0.3333333432674408
svm,bigram,full,6,unith,Faure,top_ten,trial,june_8_g0,320,1,0,H,1H,,,1,1.0000000298023224,3,21,21,0.0
svm,bigram,full,6,unith,Faure,top_ten,trial,june_8_g0,320,1,0,H,1H,,,1,1.0000000298023224,3,22,22,0.0
svm,bigram,full,6,unith,Faure,top_ten,trial,june_8_g0,320,1,0,H,1H,,,1,1.0000000298023224,3,23,23,0.0
svm,bigram,full,6,unith,Faure,top_ten,trial,june_8_g0,320,1,0,H,1H,,,1,1.0000000298023224,3,24,24,0.0
svm,bigram,full,6,unith,Faure,top_ten,trial,june_8_g0,320,1,0,H,1H,,,1,1.0000000298023224,3,25,25,0.0
svm,bigram,full,6,unith,Faure,top_ten,trial,june_8_g0,320,1,0,H,1H,,,1,1.0000000298023224,3,26,26,0.0
svm,bigram,full,6,unith,Faure,top_ten,trial,june_8_g0,320,1,0,H,1H,,,1,1.0000000298023224,3,27,27,0.0
svm,bigram,full,6,unith,Faure,top_ten,trial,june_8_g0,320,1,0,H,1H,,,1,1.0000000298023224,3,28,28,0.0
svm,bigram,full,6,unith,Faure,top_ten,trial,june_8_g0,320,1,0,H,1H,,,1,1.0000000298023224,3,29,29,0.0
svm,bigram,full,6,unith,Faure,top_ten,trial,june_8_g0,320,1,0,H,1H,,,1,1.0000000298023224,3,30,30,0.0
svm,bigram,full,6,unith,Faure,top_ten,trial,june_8_g0,320,1,0,H,1H,,,1,1.0000000298023224,3,31,31,0.0
svm,bigram,full,6,unith,Faure,top_ten,trial,june_8_g0,320,1,0,H,1H,,,1,1.0000000298023224,3,32,32,0.0
svm,bigram,full,6,unith,Faure,top_ten,trial,june_8_g0,320,1,0,H,1H,,,1,1.0000000298023224,3,33,33,0.0
svm,bigram,full,6,unith,Faure,top_ten,trial,june_8_g0,320,1,0,H,1H,,,1,1.0000000298023224,3,34,34,0.0
svm,bigram,full,6,unith,Faure,top_ten,trial,june_8_g0,320,1,0,H,1H,,,1,1.0000000298023224,3,35,35,0.0
svm,bigram,full,6,unith,Faure,top_ten,trial,june_22_g0,34,1,0,H,1H,,,1,1.0000000298023224,3,0,0,0.0
svm,bigram,full,6,unith,Faure,top_ten,trial,june_22_g0,34,1,0,H,1H,,,1,1.0000000298023224,3,1,1,0.3333333432674408
svm,bigram,full,6,unith,Faure,top_ten,trial,june_22_g0,34,1,0,H,1H,,,1,1.0000000298023224,3,2,2,0.0
svm,bigram,full,6,unith,Faure,top_ten,trial,june_22_g0,34,1,0,H,1H,,,1,1.0000000298023224,3,3,3,0.0
svm,bigram,full,6,unith,Faure,top_ten,trial,june_22_g0,34,1,0,H,1H,,,1,1.0000000298023224,3,4,4,0.0
svm,bigram,full,6,unith,Faure,top_ten,trial,june_22_g0,34,1,0,H,1H,,,1,1.0000000298023224,3,5,5,0.0
svm,bigram,full,6,unith,Faure,top_ten,trial,june_22_g0,34,1,0,H,1H,,,1,1.0000000298023224,3,6,6,0.0
svm,bigram,full,6,unith,Faure,top_ten,trial,june_22_g0,34,1,0,H,1H,,,1,1.0000000298023224,3,7,7,0.0
svm,bigram,full,6,unith,Faure,top_ten,trial,june_22_g0,34,1,0,H,1H,,,1,1.0000000298023224,3,8,8,0.0
svm,bigram,full,6,unith,Faure,top_ten,trial,june_22_g0,34,1,0,H,1H,,,1,1.0000000298023224,3,9,9,0.3333333432674408
svm,bigram,full,6,unith,Faure,top_ten,trial,june_22_g0,34,1,0,H,1H,,,1,1.0000000298023224,3,10,10,0.0
svm,bigram,full,6,unith,Faure,top_ten,trial,june_22_g0,34,1,0,H,1H,,,1,1.0000000298023224,3,11,11,0.0
svm,bigram,full,6,unith,Faure,top_ten,trial,june_22_g0,34,1,0,H,1H,,,1,1.0000000298023224,3,12,12,0.0
svm,bigram,full,6,unith,Faure,top_ten,trial,june_22_g0,34,1,0,H,1H,,,1,1.0000000298023224,3,13,13,0.0
svm,bigram,full,6,unith,Faure,top_ten,trial,june_22_g0,34,1,0,H,1H,,,1,1.0000000298023224,3,14,14,0.0
svm,bigram,full,6,unith,Faure,top_ten,trial,june_22_g0,34,1,0,H,1H,,,1,1.0000000298023224,3,15,15,0.0
svm,bigram,full,6,unith,Faure,top_ten,trial,june_22_g0,34,1,0,H,1H,,,1,1.0000000298023224,3,16,16,0.0
svm,bigram,full,6,unith,Faure,top_ten,trial,june_22_g0,34,1,0,H,1H,,,1,1.0000000298023224,3,17,17,0.0
svm,bigram,full,6,unith,Faure,top_ten,trial,june_22_g0,34,1,0,H,1H,,,1,1.0000000298023224,3,18,18,0.0
svm,bigram,full,6,unith,Faure,top_ten,trial,june_22_g0,34,1,0,H,1H,,,1,1.0000000298023224,3,19,19,0.3333333432674408
svm,bigram,full,6,unith,Faure,top_ten,trial,june_22_g0,34,1,0,H,1H,,,1,1.0000000298023224,3,20,20,0.0
svm,bigram,full,6,unith,Faure,top_ten,trial,june_22_g0,34,1,0,H,1H,,,1,1.0000000298023224,3,21,21,0.0
svm,bigram,full,6,unith,Faure,top_ten,trial,june_22_g0,34,1,0,H,1H,,,1,1.0000000298023224,3,22,22,0.0
svm,bigram,full,6,unith,Faure,top_ten,trial,june_22_g0,34,1,0,H,1H,,,1,1.0000000298023224,3,23,23,0.0
svm,bigram,full,6,unith,Faure,top_ten,trial,june_22_g0,34,1,0,H,1H,,,1,1.0000000298023224,3,24,24,0.0
svm,bigram,full,6,unith,Faure,top_ten,trial,june_22_g0,34,1,0,H,1H,,,1,1.0000000298023224,3,25,25,0.0
svm,bigram,full,6,unith,Faure,top_ten,trial,june_22_g0,34,1,0,H,1H,,,1,1.0000000298023224,3,26,26,0.0
svm,bigram,full,6,unith,Faure,top_ten,trial,june_22_g0,34,1,0,H,1H,,,1,1.0000000298023224,3,27,27,0.0
svm,bigram,full,6,unith,Faure,top_ten,trial,june_22_g0,34,1,0,H,1H,,,1,1.0000000298023224,3,28,28,0.0
svm,bigram,full,6,unith,Faure,top_ten,trial,june_22_g0,34,1,0,H,1H,,,1,1.0000000298023224,3,29,29,0.0
svm,bigram,full,6,unith,Faure,top_ten,trial,june_22_g0,34,1,0,H,1H,,,1,1.0000000298023224,3,30,30,0.0
svm,bigram,full,6,unith,Faure,top_ten,trial,june_22_g0,34,1,0,H,1H,,,1,1.0000000298023224,3,31,31,0.0
svm,bigram,full,6,unith,Faure,top_ten,trial,june_22_g0,34,1,0,H,1H,,,1,1.0000000298023224,3,32,32,0.0
svm,bigram,full,6,unith,Faure,top_ten,trial,june_22_g0,34,1,0,H,1H,,,1,1.0000000298023224,3,33,33,0.0
svm,bigram,full,6,unith,Faure,top_ten,trial,june_22_g0,34,1,0,H,1H,,,1,1.0000000298023224,3,34,34,0.0
svm,bigram,full,6,unith,Faure,top_ten,trial,june_22_g0,34,1,0,H,1H,,,1,1.0000000298023224,3,35,35,0.0
svm,bigram,full,6,unith,Faure,top_ten,trial,june_29_g0,558,1,0,H,1H,,,1,1.0,2,0,0,0.0
svm,bigram,full,6,unith,Faure,top_ten,trial,june_29_g0,558,1,0,H,1H,,,1,1.0,2,1,1,0.0
svm,bigram,full,6,unith,Faure,top_ten,trial,june_29_g0,558,1,0,H,1H,,,1,1.0,2,2,2,0.0
svm,bigram,full,6,unith,Faure,top_ten,trial,june_29_g0,558,1,0,H,1H,,,1,1.0,2,3,3,0.0
svm,bigram,full,6,unith,Faure,top_ten,trial,june_29_g0,558,1,0,H,1H,,,1,1.0,2,4,4,0.0
svm,bigram,full,6,unith,Faure,top_ten,trial,june_29_g0,558,1,0,H,1H,,,1,1.0,2,5,5,0.0
svm,bigram,full,6,unith,Faure,top_ten,trial,june_29_g0,558,1,0,H,1H,,,1,1.0,2,6,6,0.0
svm,bigram,full,6,unith,Faure,top_ten,trial,june_29_g0,558,1,0,H,1H,,,1,1.0,2,7,7,0.0
svm,bigram,full,6,unith,Faure,top_ten,trial,june_29_g0,558,1,0,H,1H,,,1,1.0,2,8,8,0.0
svm,bigram,full,6,unith,Faure,top_ten,trial,june_29_g0,558,1,0,H,1H,,,1,1.0,2,9,9,0.0
svm,bigram,full,6,unith,Faure,top_ten,trial,june_29_g0,558,1,0,H,1H,,,1,1.0,2,10,10,0.5
svm,bigram,full,6,unith,Faure,top_ten,trial,june_29_g0,558,1,0,H,1H,,,1,1.0,2,11,11,0.0
svm,bigram,full,6,unith,Faure,top_ten,trial,june_29_g0,558,1,0,H,1H,,,1,1.0,2,12,12,0.0
svm,bigram,full,6,unith,Faure,top_ten,trial,june_29_g0,558,1,0,H,1H,,,1,1.0,2,13,13,0.0
svm,bigram,full,6,unith,Faure,top_ten,trial,june_29_g0,558,1,0,H,1H,,,1,1.0,2,14,14,0.0
svm,bigram,full,6,unith,Faure,top_ten,trial,june_29_g0,558,1,0,H,1H,,,1,1.0,2,15,15,0.0
svm,bigram,full,6,unith,Faure,top_ten,trial,june_29_g0,558,1,0,H,1H,,,1,1.0,2,16,16,0.0
svm,bigram,full,6,unith,Faure,top_ten,trial,june_29_g0,558,1,0,H,1H,,,1,1.0,2,17,17,0.0
svm,bigram,full,6,unith,Faure,top_ten,trial,june_29_g0,558,1,0,H,1H,,,1,1.0,2,18,18,0.0
svm,bigram,full,6,unith,Faure,top_ten,trial,june_29_g0,558,1,0,H,1H,,,1,1.0,2,19,19,0.0
svm,bigram,full,6,unith,Faure,top_ten,trial,june_29_g0,558,1,0,H,1H,,,1,1.0,2,20,20,0.0
svm,bigram,full,6,unith,Faure,top_ten,trial,june_29_g0,558,1,0,H,1H,,,1,1.0,2,21,21,0.0
svm,bigram,full,6,unith,Faure,top_ten,trial,june_29_g0,558,1,0,H,1H,,,1,1.0,2,22,22,0.0
svm,bigram,full,6,unith,Faure,top_ten,trial,june_29_g0,558,1,0,H,1H,,,1,1.0,2,23,23,0.0
svm,bigram,full,6,unith,Faure,top_ten,trial,june_29_g0,558,1,0,H,1H,,,1,1.0,2,24,24,0.0
svm,bigram,full,6,unith,Faure,top_ten,trial,june_29_g0,558,1,0,H,1H,,,1,1.0,2,25,25,0.5
svm,bigram,full,6,unith,Faure,top_ten,trial,june_29_g0,558,1,0,H,1H,,,1,1.0,2,26,26,0.0
svm,bigram,full,6,unith,Faure,top_ten,trial,june_29_g0,558,1,0,H,1H,,,1,1.0,2,27,27,0.0
svm,bigram,full,6,unith,Faure,top_ten,trial,june_29_g0,558,1,0,H,1H,,,1,1.0,2,28,28,0.0
svm,bigram,full,6,unith,Faure,top_ten,trial,june_29_g0,558,1,0,H,1H,,,1,1.0,2,29,29,0.0
svm,bigram,full,6,unith,Faure,top_ten,trial,june_29_g0,558,1,0,H,1H,,,1,1.0,2,30,30,0.0
svm,bigram,full,6,unith,Faure,top_ten,trial,june_29_g0,558,1,0,H,1H,,,1,1.0,2,31,31,0.0
svm,bigram,full,6,unith,Faure,top_ten,trial,june_29_g0,558,1,0,H,1H,,,1,1.0,2,32,32,0.0
svm,bigram,full,6,unith,Faure,top_ten,trial,june_29_g0,558,1,0,H,1H,,,1,1.0,2,33,33,0.0
svm,bigram,full,6,unith,Faure,top_ten,trial,june_29_g0,558,1,0,H,1H,,,1,1.0,2,34,34,0.0
svm,bigram,full,6,unith,Faure,top_ten,trial,june_29_g0,558,1,0,H,1H,,,1,1.0,2,35,35,0.0
svm,bigram,full,6,unith,Faure,top_ten,trial,june_10_g0,193,1,1,S,1S,,,1,1.0000000298023224,3,0,0,0.0
svm,bigram,full,6,unith,Faure,top_ten,trial,june_10_g0,193,1,1,S,1S,,,1,1.0000000298023224,3,1,1,0.0
svm,bigram,full,6,unith,Faure,top_ten,trial,june_10_g0,193,1,1,S,1S,,,1,1.0000000298023224,3,2,2,0.0
svm,bigram,full,6,unith,Faure,top_ten,trial,june_10_g0,193,1,1,S,1S,,,1,1.0000000298023224,3,3,3,0.0
svm,bigram,full,6,unith,Faure,top_ten,trial,june_10_g0,193,1,1,S,1S,,,1,1.0000000298023224,3,4,4,0.0
svm,bigram,full,6,unith,Faure,top_ten,trial,june_10_g0,193,1,1,S,1S,,,1,1.0000000298023224,3,5,5,0.0
svm,bigram,full,6,unith,Faure,top_ten,trial,june_10_g0,193,1,1,S,1S,,,1,1.0000000298023224,3,6,6,0.0
svm,bigram,full,6,unith,Faure,top_ten,trial,june_10_g0,193,1,1,S,1S,,,1,1.0000000298023224,3,7,7,0.0
svm,bigram,full,6,unith,Faure,top_ten,trial,june_10_g0,193,1,1,S,1S,,,1,1.0000000298023224,3,8,8,0.0
svm,bigram,full,6,unith,Faure,top_ten,trial,june_10_g0,193,1,1,S,1S,,,1,1.0000000298023224,3,9,9,0.3333333432674408
svm,bigram,full,6,unith,Faure,top_ten,trial,june_10_g0,193,1,1,S,1S,,,1,1.0000000298023224,3,10,10,0.0
svm,bigram,full,6,unith,Faure,top_ten,trial,june_10_g0,193,1,1,S,1S,,,1,1.0000000298023224,3,11,11,0.0
svm,bigram,full,6,unith,Faure,top_ten,trial,june_10_g0,193,1,1,S,1S,,,1,1.0000000298023224,3,12,12,0.0
svm,bigram,full,6,unith,Faure,top_ten,trial,june_10_g0,193,1,1,S,1S,,,1,1.0000000298023224,3,13,13,0.3333333432674408
svm,bigram,full,6,unith,Faure,top_ten,trial,june_10_g0,193,1,1,S,1S,,,1,1.0000000298023224,3,14,14,0.0
svm,bigram,full,6,unith,Faure,top_ten,trial,june_10_g0,193,1,1,S,1S,,,1,1.0000000298023224,3,15,15,0.0
svm,bigram,full,6,unith,Faure,top_ten,trial,june_10_g0,193,1,1,S,1S,,,1,1.0000000298023224,3,16,16,0.0
svm,bigram,full,6,unith,Faure,top_ten,trial,june_10_g0,193,1,1,S,1S,,,1,1.0000000298023224,3,17,17,0.0
svm,bigram,full,6,unith,Faure,top_ten,trial,june_10_g0,193,1,1,S,1S,,,1,1.0000000298023224,3,18,18,0.0
svm,bigram,full,6,unith,Faure,top_ten,trial,june_10_g0,193,1,1,S,1S,,,1,1.0000000298023224,3,19,19,0.0
svm,bigram,full,6,unith,Faure,top_ten,trial,june_10_g0,193,1,1,S,1S,,,1,1.0000000298023224,3,20,20,0.3333333432674408
svm,bigram,full,6,unith,Faure,top_ten,trial,june_10_g0,193,1,1,S,1S,,,1,1.0000000298023224,3,21,21,0.0
svm,bigram,full,6,unith,Faure,top_ten,trial,june_10_g0,193,1,1,S,1S,,,1,1.0000000298023224,3,22,22,0.0
svm,bigram,full,6,unith,Faure,top_ten,trial,june_10_g0,193,1,1,S,1S,,,1,1.0000000298023224,3,23,23,0.0
svm,bigram,full,6,unith,Faure,top_ten,trial,june_10_g0,193,1,1,S,1S,,,1,1.0000000298023224,3,24,24,0.0
svm,bigram,full,6,unith,Faure,top_ten,trial,june_10_g0,193,1,1,S,1S,,,1,1.0000000298023224,3,25,25,0.0
svm,bigram,full,6,unith,Faure,top_ten,trial,june_10_g0,193,1,1,S,1S,,,1,1.0000000298023224,3,26,26,0.0
svm,bigram,full,6,unith,Faure,top_ten,trial,june_10_g0,193,1,1,S,1S,,,1,1.0000000298023224,3,27,27,0.0
svm,bigram,full,6,unith,Faure,top_ten,trial,june_10_g0,193,1,1,S,1S,,,1,1.0000000298023224,3,28,28,0.0
svm,bigram,full,6,unith,Faure,top_ten,trial,june_10_g0,193,1,1,S,1S,,,1,1.0000000298023224,3,29,29,0.0
svm,bigram,full,6,unith,Faure,top_ten,trial,june_10_g0,193,1,1,S,1S,,,1,1.0000000298023224,3,30,30,0.0
svm,bigram,full,6,unith,Faure,top_ten,trial,june_10_g0,193,1,1,S,1S,,,1,1.0000000298023224,3,31,31,0.0
svm,bigram,full,6,unith,Faure,top_ten,trial,june_10_g0,193,1,1,S,1S,,,1,1.0000000298023224,3,32,32,0.0
svm,bigram,full,6,unith,Faure,top_ten,trial,june_10_g0,193,1,1,S,1S,,,1,1.0000000298023224,3,33,33,0.0
svm,bigram,full,6,unith,Faure,top_ten,trial,june_10_g0,193,1,1,S,1S,,,1,1.0000000298023224,3,34,34,0.0
svm,bigram,full,6,unith,Faure,top_ten,trial,june_10_g0,193,1,1,S,1S,,,1,1.0000000298023224,3,35,35,0.0
svm,bigram,full,6,unith,Faure,top_ten,trial,june_22_g0,268,1,1,S,1S,,,1,1.0,4,0,0,0.0
svm,bigram,full,6,unith,Faure,top_ten,trial,june_22_g0,268,1,1,S,1S,,,1,1.0,4,1,1,0.0
svm,bigram,full,6,unith,Faure,top_ten,trial,june_22_g0,268,1,1,S,1S,,,1,1.0,4,2,2,0.25
svm,bigram,full,6,unith,Faure,top_ten,trial,june_22_g0,268,1,1,S,1S,,,1,1.0,4,3,3,0.0
svm,bigram,full,6,unith,Faure,top_ten,trial,june_22_g0,268,1,1,S,1S,,,1,1.0,4,4,4,0.0
svm,bigram,full,6,unith,Faure,top_ten,trial,june_22_g0,268,1,1,S,1S,,,1,1.0,4,5,5,0.0
svm,bigram,full,6,unith,Faure,top_ten,trial,june_22_g0,268,1,1,S,1S,,,1,1.0,4,6,6,0.0
svm,bigram,full,6,unith,Faure,top_ten,trial,june_22_g0,268,1,1,S,1S,,,1,1.0,4,7,7,0.0
svm,bigram,full,6,unith,Faure,top_ten,trial,june_22_g0,268,1,1,S,1S,,,1,1.0,4,8,8,0.0
svm,bigram,full,6,unith,Faure,top_ten,trial,june_22_g0,268,1,1,S,1S,,,1,1.0,4,9,9,0.25
svm,bigram,full,6,unith,Faure,top_ten,trial,june_22_g0,268,1,1,S,1S,,,1,1.0,4,10,10,0.0
svm,bigram,full,6,unith,Faure,top_ten,trial,june_22_g0,268,1,1,S,1S,,,1,1.0,4,11,11,0.0
svm,bigram,full,6,unith,Faure,top_ten,trial,june_22_g0,268,1,1,S,1S,,,1,1.0,4,12,12,0.0
svm,bigram,full,6,unith,Faure,top_ten,trial,june_22_g0,268,1,1,S,1S,,,1,1.0,4,13,13,0.25
svm,bigram,full,6,unith,Faure,top_ten,trial,june_22_g0,268,1,1,S,1S,,,1,1.0,4,14,14,0.0
svm,bigram,full,6,unith,Faure,top_ten,trial,june_22_g0,268,1,1,S,1S,,,1,1.0,4,15,15,0.0
svm,bigram,full,6,unith,Faure,top_ten,trial,june_22_g0,268,1,1,S,1S,,,1,1.0,4,16,16,0.0
svm,bigram,full,6,unith,Faure,top_ten,trial,june_22_g0,268,1,1,S,1S,,,1,1.0,4,17,17,0.0
svm,bigram,full,6,unith,Faure,top_ten,trial,june_22_g0,268,1,1,S,1S,,,1,1.0,4,18,18,0.25
svm,bigram,full,6,unith,Faure,top_ten,trial,june_22_g0,268,1,1,S,1S,,,1,1.0,4,19,19,0.0
svm,bigram,full,6,unith,Faure,top_ten,trial,june_22_g0,268,1,1,S,1S,,,1,1.0,4,20,20,0.0
svm,bigram,full,6,unith,Faure,top_ten,trial,june_22_g0,268,1,1,S,1S,,,1,1.0,4,21,21,0.0
svm,bigram,full,6,unith,Faure,top_ten,trial,june_22_g0,268,1,1,S,1S,,,1,1.0,4,22,22,0.0
svm,bigram,full,6,unith,Faure,top_ten,trial,june_22_g0,268,1,1,S,1S,,,1,1.0,4,23,23,0.0
svm,bigram,full,6,unith,Faure,top_ten,trial,june_22_g0,268,1,1,S,1S,,,1,1.0,4,24,24,0.0
svm,bigram,full,6,unith,Faure,top_ten,trial,june_22_g0,268,1,1,S,1S,,,1,1.0,4,25,25,0.0
svm,bigram,full,6,unith,Faure,top_ten,trial,june_22_g0,268,1,1,S,1S,,,1,1.0,4,26,26,0.0
svm,bigram,full,6,unith,Faure,top_ten,trial,june_22_g0,268,1,1,S,1S,,,1,1.0,4,27,27,0.0
svm,bigram,full,6,unith,Faure,top_ten,trial,june_22_g0,268,1,1,S,1S,,,1,1.0,4,28,28,0.0
svm,bigram,full,6,unith,Faure,top_ten,trial,june_22_g0,268,1,1,S,1S,,,1,1.0,4,29,29,0.0
svm,bigram,full,6,unith,Faure,top_ten,trial,june_22_g0,268,1,1,S,1S,,,1,1.0,4,30,30,0.0
svm,bigram,full,6,unith,Faure,top_ten,trial,june_22_g0,268,1,1,S,1S,,,1,1.0,4,31,31,0.0
svm,bigram,full,6,unith,Faure,top_ten,trial,june_22_g0,268,1,1,S,1S,,,1,1.0,4,32,32,0.0
svm,bigram,full,6,unith,Faure,top_ten,trial,june_22_g0,268,1,1,S,1S,,,1,1.0,4,33,33,0.0
svm,bigram,full,6,unith,Faure,top_ten,trial,june_22_g0,268,1,1,S,1S,,,1,1.0,4,34,34,0.0
svm,bigram,full,6,unith,Faure,top_ten,trial,june_22_g0,268,1,1,S,1S,,,1,1.0,4,35,35,0.0
svm,bigram,full,6,unith,Faure,top_ten,trial,june_29_g0,525,1,1,S,1S,,,1,1.0,2,0,0,0.0
svm,bigram,full,6,unith,Faure,top_ten,trial,june_29_g0,525,1,1,S,1S,,,1,1.0,2,1,1,0.0
svm,bigram,full,6,unith,Faure,top_ten,trial,june_29_g0,525,1,1,S,1S,,,1,1.0,2,2,2,0.0
svm,bigram,full,6,unith,Faure,top_ten,trial,june_29_g0,525,1,1,S,1S,,,1,1.0,2,3,3,0.5
svm,bigram,full,6,unith,Faure,top_ten,trial,june_29_g0,525,1,1,S,1S,,,1,1.0,2,4,4,0.0
svm,bigram,full,6,unith,Faure,top_ten,trial,june_29_g0,525,1,1,S,1S,,,1,1.0,2,5,5,0.0
svm,bigram,full,6,unith,Faure,top_ten,trial,june_29_g0,525,1,1,S,1S,,,1,1.0,2,6,6,0.0
svm,bigram,full,6,unith,Faure,top_ten,trial,june_29_g0,525,1,1,S,1S,,,1,1.0,2,7,7,0.0
svm,bigram,full,6,unith,Faure,top_ten,trial,june_29_g0,525,1,1,S,1S,,,1,1.0,2,8,8,0.0
svm,bigram,full,6,unith,Faure,top_ten,trial,june_29_g0,525,1,1,S,1S,,,1,1.0,2,9,9,0.0
svm,bigram,full,6,unith,Faure,top_ten,trial,june_29_g0,525,1,1,S,1S,,,1,1.0,2,10,10,0.0
svm,bigram,full,6,unith,Faure,top_ten,trial,june_29_g0,525,1,1,S,1S,,,1,1.0,2,11,11,0.0
svm,bigram,full,6,unith,Faure,top_ten,trial,june_29_g0,525,1,1,S,1S,,,1,1.0,2,12,12,0.0
svm,bigram,full,6,unith,Faure,top_ten,trial,june_29_g0,525,1,1,S,1S,,,1,1.0,2,13,13,0.0
svm,bigram,full,6,unith,Faure,top_ten,trial,june_29_g0,525,1,1,S,1S,,,1,1.0,2,14,14,0.0
svm,bigram,full,6,unith,Faure,top_ten,trial,june_29_g0,525,1,1,S,1S,,,1,1.0,2,15,15,0.0
svm,bigram,full,6,unith,Faure,top_ten,trial,june_29_g0,525,1,1,S,1S,,,1,1.0,2,16,16,0.0
svm,bigram,full,6,unith,Faure,top_ten,trial,june_29_g0,525,1,1,S,1S,,,1,1.0,2,17,17,0.0
svm,bigram,full,6,unith,Faure,top_ten,trial,june_29_g0,525,1,1,S,1S,,,1,1.0,2,18,18,0.0
svm,bigram,full,6,unith,Faure,top_ten,trial,june_29_g0,525,1,1,S,1S,,,1,1.0,2,19,19,0.5
svm,bigram,full,6,unith,Faure,top_ten,trial,june_29_g0,525,1,1,S,1S,,,1,1.0,2,20,20,0.0
svm,bigram,full,6,unith,Faure,top_ten,trial,june_29_g0,525,1,1,S,1S,,,1,1.0,2,21,21,0.0
svm,bigram,full,6,unith,Faure,top_ten,trial,june_29_g0,525,1,1,S,1S,,,1,1.0,2,22,22,0.0
svm,bigram,full,6,unith,Faure,top_ten,trial,june_29_g0,525,1,1,S,1S,,,1,1.0,2,23,23,0.0
svm,bigram,full,6,unith,Faure,top_ten,trial,june_29_g0,525,1,1,S,1S,,,1,1.0,2,24,24,0.0
svm,bigram,full,6,unith,Faure,top_ten,trial,june_29_g0,525,1,1,S,1S,,,1,1.0,2,25,25,0.0
svm,bigram,full,6,unith,Faure,top_ten,trial,june_29_g0,525,1,1,S,1S,,,1,1.0,2,26,26,0.0
svm,bigram,full,6,unith,Faure,top_ten,trial,june_29_g0,525,1,1,S,1S,,,1,1.0,2,27,27,0.0
svm,bigram,full,6,unith,Faure,top_ten,trial,june_29_g0,525,1,1,S,1S,,,1,1.0,2,28,28,0.0
svm,bigram,full,6,unith,Faure,top_ten,trial,june_29_g0,525,1,1,S,1S,,,1,1.0,2,29,29,0.0
svm,bigram,full,6,unith,Faure,top_ten,trial,june_29_g0,525,1,1,S,1S,,,1,1.0,2,30,30,0.0
svm,bigram,full,6,unith,Faure,top_ten,trial,june_29_g0,525,1,1,S,1S,,,1,1.0,2,31,31,0.0
svm,bigram,full,6,unith,Faure,top_ten,trial,june_29_g0,525,1,1,S,1S,,,1,1.0,2,32,32,0.0
svm,bigram,full,6,unith,Faure,top_ten,trial,june_29_g0,525,1,1,S,1S,,,1,1.0,2,33,33,0.0
svm,bigram,full,6,unith,Faure,top_ten,trial,june_29_g0,525,1,1,S,1S,,,1,1.0,2,34,34,0.0
svm,bigram,full,6,unith,Faure,top_ten,trial,june_29_g0,525,1,1,S,1S,,,1,1.0,2,35,35,0.0
svm,bigram,full,6,unith,Faure,top_ten,trial,june_10_g0,393,2,0,H,2H,,,1,1.0000000298023224,3,0,0,0.0
svm,bigram,full,6,unith,Faure,top_ten,trial,june_10_g0,393,2,0,H,2H,,,1,1.0000000298023224,3,1,1,0.0
svm,bigram,full,6,unith,Faure,top_ten,trial,june_10_g0,393,2,0,H,2H,,,1,1.0000000298023224,3,2,2,0.0
svm,bigram,full,6,unith,Faure,top_ten,trial,june_10_g0,393,2,0,H,2H,,,1,1.0000000298023224,3,3,3,0.0
svm,bigram,full,6,unith,Faure,top_ten,trial,june_10_g0,393,2,0,H,2H,,,1,1.0000000298023224,3,4,4,0.0
svm,bigram,full,6,unith,Faure,top_ten,trial,june_10_g0,393,2,0,H,2H,,,1,1.0000000298023224,3,5,5,0.0
svm,bigram,full,6,unith,Faure,top_ten,trial,june_10_g0,393,2,0,H,2H,,,1,1.0000000298023224,3,6,6,0.0
svm,bigram,full,6,unith,Faure,top_ten,trial,june_10_g0,393,2,0,H,2H,,,1,1.0000000298023224,3,7,7,0.0
svm,bigram,full,6,unith,Faure,top_ten,trial,june_10_g0,393,2,0,H,2H,,,1,1.0000000298023224,3,8,8,0.0
svm,bigram,full,6,unith,Faure,top_ten,trial,june_10_g0,393,2,0,H,2H,,,1,1.0000000298023224,3,9,9,0.3333333432674408
svm,bigram,full,6,unith,Faure,top_ten,trial,june_10_g0,393,2,0,H,2H,,,1,1.0000000298023224,3,10,10,0.0
svm,bigram,full,6,unith,Faure,top_ten,trial,june_10_g0,393,2,0,H,2H,,,1,1.0000000298023224,3,11,11,0.0
svm,bigram,full,6,unith,Faure,top_ten,trial,june_10_g0,393,2,0,H,2H,,,1,1.0000000298023224,3,12,12,0.0
svm,bigram,full,6,unith,Faure,top_ten,trial,june_10_g0,393,2,0,H,2H,,,1,1.0000000298023224,3,13,13,0.3333333432674408
svm,bigram,full,6,unith,Faure,top_ten,trial,june_10_g0,393,2,0,H,2H,,,1,1.0000000298023224,3,14,14,0.0
svm,bigram,full,6,unith,Faure,top_ten,trial,june_10_g0,393,2,0,H,2H,,,1,1.0000000298023224,3,15,15,0.0
svm,bigram,full,6,unith,Faure,top_ten,trial,june_10_g0,393,2,0,H,2H,,,1,1.0000000298023224,3,16,16,0.0
svm,bigram,full,6,unith,Faure,top_ten,trial,june_10_g0,393,2,0,H,2H,,,1,1.0000000298023224,3,17,17,0.0
svm,bigram,full,6,unith,Faure,top_ten,trial,june_10_g0,393,2,0,H,2H,,,1,1.0000000298023224,3,18,18,0.0
svm,bigram,full,6,unith,Faure,top_ten,trial,june_10_g0,393,2,0,H,2H,,,1,1.0000000298023224,3,19,19,0.0
svm,bigram,full,6,unith,Faure,top_ten,trial,june_10_g0,393,2,0,H,2H,,,1,1.0000000298023224,3,20,20,0.3333333432674408
svm,bigram,full,6,unith,Faure,top_ten,trial,june_10_g0,393,2,0,H,2H,,,1,1.0000000298023224,3,21,21,0.0
svm,bigram,full,6,unith,Faure,top_ten,trial,june_10_g0,393,2,0,H,2H,,,1,1.0000000298023224,3,22,22,0.0
svm,bigram,full,6,unith,Faure,top_ten,trial,june_10_g0,393,2,0,H,2H,,,1,1.0000000298023224,3,23,23,0.0
svm,bigram,full,6,unith,Faure,top_ten,trial,june_10_g0,393,2,0,H,2H,,,1,1.0000000298023224,3,24,24,0.0
svm,bigram,full,6,unith,Faure,top_ten,trial,june_10_g0,393,2,0,H,2H,,,1,1.0000000298023224,3,25,25,0.0
svm,bigram,full,6,unith,Faure,top_ten,trial,june_10_g0,393,2,0,H,2H,,,1,1.0000000298023224,3,26,26,0.0
svm,bigram,full,6,unith,Faure,top_ten,trial,june_10_g0,393,2,0,H,2H,,,1,1.0000000298023224,3,27,27,0.0
svm,bigram,full,6,unith,Faure,top_ten,trial,june_10_g0,393,2,0,H,2H,,,1,1.0000000298023224,3,28,28,0.0
svm,bigram,full,6,unith,Faure,top_ten,trial,june_10_g0,393,2,0,H,2H,,,1,1.0000000298023224,3,29,29,0.0
svm,bigram,full,6,unith,Faure,top_ten,trial,june_10_g0,393,2,0,H,2H,,,1,1.0000000298023224,3,30,30,0.0
svm,bigram,full,6,unith,Faure,top_ten,trial,june_10_g0,393,2,0,H,2H,,,1,1.0000000298023224,3,31,31,0.0
svm,bigram,full,6,unith,Faure,top_ten,trial,june_10_g0,393,2,0,H,2H,,,1,1.0000000298023224,3,32,32,0.0
svm,bigram,full,6,unith,Faure,top_ten,trial,june_10_g0,393,2,0,H,2H,,,1,1.0000000298023224,3,33,33,0.0
svm,bigram,full,6,unith,Faure,top_ten,trial,june_10_g0,393,2,0,H,2H,,,1,1.0000000298023224,3,34,34,0.0
svm,bigram,full,6,unith,Faure,top_ten,trial,june_10_g0,393,2,0,H,2H,,,1,1.0000000298023224,3,35,35,0.0
svm,bigram,full,6,unith,Faure,top_ten,trial,june_09_09_g0,354,2,0,H,2H,,,1,1.0,2,0,0,0.0
svm,bigram,full,6,unith,Faure,top_ten,trial,june_09_09_g0,354,2,0,H,2H,,,1,1.0,2,1,1,0.0
svm,bigram,full,6,unith,Faure,top_ten,trial,june_09_09_g0,354,2,0,H,2H,,,1,1.0,2,2,2,0.0
svm,bigram,full,6,unith,Faure,top_ten,trial,june_09_09_g0,354,2,0,H,2H,,,1,1.0,2,3,3,0.0
svm,bigram,full,6,unith,Faure,top_ten,trial,june_09_09_g0,354,2,0,H,2H,,,1,1.0,2,4,4,0.0
svm,bigram,full,6,unith,Faure,top_ten,trial,june_09_09_g0,354,2,0,H,2H,,,1,1.0,2,5,5,0.0
svm,bigram,full,6,unith,Faure,top_ten,trial,june_09_09_g0,354,2,0,H,2H,,,1,1.0,2,6,6,0.0
svm,bigram,full,6,unith,Faure,top_ten,trial,june_09_09_g0,354,2,0,H,2H,,,1,1.0,2,7,7,0.0
svm,bigram,full,6,unith,Faure,top_ten,trial,june_09_09_g0,354,2,0,H,2H,,,1,1.0,2,8,8,0.0
svm,bigram,full,6,unith,Faure,top_ten,trial,june_09_09_g0,354,2,0,H,2H,,,1,1.0,2,9,9,0.5
svm,bigram,full,6,unith,Faure,top_ten,trial,june_09_09_g0,354,2,0,H,2H,,,1,1.0,2,10,10,0.0
svm,bigram,full,6,unith,Faure,top_ten,trial,june_09_09_g0,354,2,0,H,2H,,,1,1.0,2,11,11,0.0
svm,bigram,full,6,unith,Faure,top_ten,trial,june_09_09_g0,354,2,0,H,2H,,,1,1.0,2,12,12,0.0
svm,bigram,full,6,unith,Faure,top_ten,trial,june_09_09_g0,354,2,0,H,2H,,,1,1.0,2,13,13,0.0
svm,bigram,full,6,unith,Faure,top_ten,trial,june_09_09_g0,354,2,0,H,2H,,,1,1.0,2,14,14,0.0
svm,bigram,full,6,unith,Faure,top_ten,trial,june_09_09_g0,354,2,0,H,2H,,,1,1.0,2,15,15,0.0
svm,bigram,full,6,unith,Faure,top_ten,trial,june_09_09_g0,354,2,0,H,2H,,,1,1.0,2,16,16,0.0
svm,bigram,full,6,unith,Faure,top_ten,trial,june_09_09_g0,354,2,0,H,2H,,,1,1.0,2,17,17,0.0
svm,bigram,full,6,unith,Faure,top_ten,trial,june_09_09_g0,354,2,0,H,2H,,,1,1.0,2,18,18,0.0
svm,bigram,full,6,unith,Faure,top_ten,trial,june_09_09_g0,354,2,0,H,2H,,,1,1.0,2,19,19,0.5
svm,bigram,full,6,unith,Faure,top_ten,trial,june_09_09_g0,354,2,0,H,2H,,,1,1.0,2,20,20,0.0
svm,bigram,full,6,unith,Faure,top_ten,trial,june_09_09_g0,354,2,0,H,2H,,,1,1.0,2,21,21,0.0
svm,bigram,full,6,unith,Faure,top_ten,trial,june_09_09_g0,354,2,0,H,2H,,,1,1.0,2,22,22,0.0
svm,bigram,full,6,unith,Faure,top_ten,trial,june_09_09_g0,354,2,0,H,2H,,,1,1.0,2,23,23,0.0
svm,bigram,full,6,unith,Faure,top_ten,trial,june_09_09_g0,354,2,0,H,2H,,,1,1.0,2,24,24,0.0
svm,bigram,full,6,unith,Faure,top_ten,trial,june_09_09_g0,354,2,0,H,2H,,,1,1.0,2,25,25,0.0
svm,bigram,full,6,unith,Faure,top_ten,trial,june_09_09_g0,354,2,0,H,2H,,,1,1.0,2,26,26,0.0
svm,bigram,full,6,unith,Faure,top_ten,trial,june_09_09_g0,354,2,0,H,2H,,,1,1.0,2,27,27,0.0
svm,bigram,full,6,unith,Faure,top_ten,trial,june_09_09_g0,354,2,0,H,2H,,,1,1.0,2,28,28,0.0
svm,bigram,full,6,unith,Faure,top_ten,trial,june_09_09_g0,354,2,0,H,2H,,,1,1.0,2,29,29,0.0
svm,bigram,full,6,unith,Faure,top_ten,trial,june_09_09_g0,354,2,0,H,2H,,,1,1.0,2,30,30,0.0
svm,bigram,full,6,unith,Faure,top_ten,trial,june_09_09_g0,354,2,0,H,2H,,,1,1.0,2,31,31,0.0
svm,bigram,full,6,unith,Faure,top_ten,trial,june_09_09_g0,354,2,0,H,2H,,,1,1.0,2,32,32,0.0
svm,bigram,full,6,unith,Faure,top_ten,trial,june_09_09_g0,354,2,0,H,2H,,,1,1.0,2,33,33,0.0
svm,bigram,full,6,unith,Faure,top_ten,trial,june_09_09_g0,354,2,0,H,2H,,,1,1.0,2,34,34,0.0
svm,bigram,full,6,unith,Faure,top_ten,trial,june_09_09_g0,354,2,0,H,2H,,,1,1.0,2,35,35,0.0
svm,bigram,full,6,unith,Faure,top_ten,trial,june_10_g0,459,2,0,H,2H,,,1,1.0000000298023224,3,0,0,0.0
svm,bigram,full,6,unith,Faure,top_ten,trial,june_10_g0,459,2,0,H,2H,,,1,1.0000000298023224,3,1,1,0.0
svm,bigram,full,6,unith,Faure,top_ten,trial,june_10_g0,459,2,0,H,2H,,,1,1.0000000298023224,3,2,2,0.0
svm,bigram,full,6,unith,Faure,top_ten,trial,june_10_g0,459,2,0,H,2H,,,1,1.0000000298023224,3,3,3,0.0
svm,bigram,full,6,unith,Faure,top_ten,trial,june_10_g0,459,2,0,H,2H,,,1,1.0000000298023224,3,4,4,0.0
svm,bigram,full,6,unith,Faure,top_ten,trial,june_10_g0,459,2,0,H,2H,,,1,1.0000000298023224,3,5,5,0.0
svm,bigram,full,6,unith,Faure,top_ten,trial,june_10_g0,459,2,0,H,2H,,,1,1.0000000298023224,3,6,6,0.0
svm,bigram,full,6,unith,Faure,top_ten,trial,june_10_g0,459,2,0,H,2H,,,1,1.0000000298023224,3,7,7,0.0
svm,bigram,full,6,unith,Faure,top_ten,trial,june_10_g0,459,2,0,H,2H,,,1,1.0000000298023224,3,8,8,0.0
svm,bigram,full,6,unith,Faure,top_ten,trial,june_10_g0,459,2,0,H,2H,,,1,1.0000000298023224,3,9,9,0.3333333432674408
svm,bigram,full,6,unith,Faure,top_ten,trial,june_10_g0,459,2,0,H,2H,,,1,1.0000000298023224,3,10,10,0.0
svm,bigram,full,6,unith,Faure,top_ten,trial,june_10_g0,459,2,0,H,2H,,,1,1.0000000298023224,3,11,11,0.0
svm,bigram,full,6,unith,Faure,top_ten,trial,june_10_g0,459,2,0,H,2H,,,1,1.0000000298023224,3,12,12,0.0
svm,bigram,full,6,unith,Faure,top_ten,trial,june_10_g0,459,2,0,H,2H,,,1,1.0000000298023224,3,13,13,0.3333333432674408
svm,bigram,full,6,unith,Faure,top_ten,trial,june_10_g0,459,2,0,H,2H,,,1,1.0000000298023224,3,14,14,0.0
svm,bigram,full,6,unith,Faure,top_ten,trial,june_10_g0,459,2,0,H,2H,,,1,1.0000000298023224,3,15,15,0.0
svm,bigram,full,6,unith,Faure,top_ten,trial,june_10_g0,459,2,0,H,2H,,,1,1.0000000298023224,3,16,16,0.0
svm,bigram,full,6,unith,Faure,top_ten,trial,june_10_g0,459,2,0,H,2H,,,1,1.0000000298023224,3,17,17,0.0
svm,bigram,full,6,unith,Faure,top_ten,trial,june_10_g0,459,2,0,H,2H,,,1,1.0000000298023224,3,18,18,0.0
svm,bigram,full,6,unith,Faure,top_ten,trial,june_10_g0,459,2,0,H,2H,,,1,1.0000000298023224,3,19,19,0.0
svm,bigram,full,6,unith,Faure,top_ten,trial,june_10_g0,459,2,0,H,2H,,,1,1.0000000298023224,3,20,20,0.3333333432674408
svm,bigram,full,6,unith,Faure,top_ten,trial,june_10_g0,459,2,0,H,2H,,,1,1.0000000298023224,3,21,21,0.0
svm,bigram,full,6,unith,Faure,top_ten,trial,june_10_g0,459,2,0,H,2H,,,1,1.0000000298023224,3,22,22,0.0
svm,bigram,full,6,unith,Faure,top_ten,trial,june_10_g0,459,2,0,H,2H,,,1,1.0000000298023224,3,23,23,0.0
svm,bigram,full,6,unith,Faure,top_ten,trial,june_10_g0,459,2,0,H,2H,,,1,1.0000000298023224,3,24,24,0.0
svm,bigram,full,6,unith,Faure,top_ten,trial,june_10_g0,459,2,0,H,2H,,,1,1.0000000298023224,3,25,25,0.0
svm,bigram,full,6,unith,Faure,top_ten,trial,june_10_g0,459,2,0,H,2H,,,1,1.0000000298023224,3,26,26,0.0
svm,bigram,full,6,unith,Faure,top_ten,trial,june_10_g0,459,2,0,H,2H,,,1,1.0000000298023224,3,27,27,0.0
svm,bigram,full,6,unith,Faure,top_ten,trial,june_10_g0,459,2,0,H,2H,,,1,1.0000000298023224,3,28,28,0.0
svm,bigram,full,6,unith,Faure,top_ten,trial,june_10_g0,459,2,0,H,2H,,,1,1.0000000298023224,3,29,29,0.0
svm,bigram,full,6,unith,Faure,top_ten,trial,june_10_g0,459,2,0,H,2H,,,1,1.0000000298023224,3,30,30,0.0
svm,bigram,full,6,unith,Faure,top_ten,trial,june_10_g0,459,2,0,H,2H,,,1,1.0000000298023224,3,31,31,0.0
svm,bigram,full,6,unith,Faure,top_ten,trial,june_10_g0,459,2,0,H,2H,,,1,1.0000000298023224,3,32,32,0.0
svm,bigram,full,6,unith,Faure,top_ten,trial,june_10_g0,459,2,0,H,2H,,,1,1.0000000298023224,3,33,33,0.0
svm,bigram,full,6,unith,Faure,top_ten,trial,june_10_g0,459,2,0,H,2H,,,1,1.0000000298023224,3,34,34,0.0
svm,bigram,full,6,unith,Faure,top_ten,trial,june_10_g0,459,2,0,H,2H,,,1,1.0000000298023224,3,35,35,0.0
svm,bigram,full,6,unith,Faure,top_ten,trial,june_09_09_g0,105,2,1,S,2S,,,1,1.0000000298023224,3,0,0,0.0
svm,bigram,full,6,unith,Faure,top_ten,trial,june_09_09_g0,105,2,1,S,2S,,,1,1.0000000298023224,3,1,1,0.0
svm,bigram,full,6,unith,Faure,top_ten,trial,june_09_09_g0,105,2,1,S,2S,,,1,1.0000000298023224,3,2,2,0.0
svm,bigram,full,6,unith,Faure,top_ten,trial,june_09_09_g0,105,2,1,S,2S,,,1,1.0000000298023224,3,3,3,0.0
svm,bigram,full,6,unith,Faure,top_ten,trial,june_09_09_g0,105,2,1,S,2S,,,1,1.0000000298023224,3,4,4,0.0
svm,bigram,full,6,unith,Faure,top_ten,trial,june_09_09_g0,105,2,1,S,2S,,,1,1.0000000298023224,3,5,5,0.0
svm,bigram,full,6,unith,Faure,top_ten,trial,june_09_09_g0,105,2,1,S,2S,,,1,1.0000000298023224,3,6,6,0.0
svm,bigram,full,6,unith,Faure,top_ten,trial,june_09_09_g0,105,2,1,S,2S,,,1,1.0000000298023224,3,7,7,0.0
svm,bigram,full,6,unith,Faure,top_ten,trial,june_09_09_g0,105,2,1,S,2S,,,1,1.0000000298023224,3,8,8,0.0
svm,bigram,full,6,unith,Faure,top_ten,trial,june_09_09_g0,105,2,1,S,2S,,,1,1.0000000298023224,3,9,9,0.3333333432674408
svm,bigram,full,6,unith,Faure,top_ten,trial,june_09_09_g0,105,2,1,S,2S,,,1,1.0000000298023224,3,10,10,0.0
svm,bigram,full,6,unith,Faure,top_ten,trial,june_09_09_g0,105,2,1,S,2S,,,1,1.0000000298023224,3,11,11,0.0
svm,bigram,full,6,unith,Faure,top_ten,trial,june_09_09_g0,105,2,1,S,2S,,,1,1.0000000298023224,3,12,12,0.0
svm,bigram,full,6,unith,Faure,top_ten,trial,june_09_09_g0,105,2,1,S,2S,,,1,1.0000000298023224,3,13,13,0.3333333432674408
svm,bigram,full,6,unith,Faure,top_ten,trial,june_09_09_g0,105,2,1,S,2S,,,1,1.0000000298023224,3,14,14,0.0
svm,bigram,full,6,unith,Faure,top_ten,trial,june_09_09_g0,105,2,1,S,2S,,,1,1.0000000298023224,3,15,15,0.0
svm,bigram,full,6,unith,Faure,top_ten,trial,june_09_09_g0,105,2,1,S,2S,,,1,1.0000000298023224,3,16,16,0.0
svm,bigram,full,6,unith,Faure,top_ten,trial,june_09_09_g0,105,2,1,S,2S,,,1,1.0000000298023224,3,17,17,0.0
svm,bigram,full,6,unith,Faure,top_ten,trial,june_09_09_g0,105,2,1,S,2S,,,1,1.0000000298023224,3,18,18,0.0
svm,bigram,full,6,unith,Faure,top_ten,trial,june_09_09_g0,105,2,1,S,2S,,,1,1.0000000298023224,3,19,19,0.0
svm,bigram,full,6,unith,Faure,top_ten,trial,june_09_09_g0,105,2,1,S,2S,,,1,1.0000000298023224,3,20,20,0.3333333432674408
svm,bigram,full,6,unith,Faure,top_ten,trial,june_09_09_g0,105,2,1,S,2S,,,1,1.0000000298023224,3,21,21,0.0
svm,bigram,full,6,unith,Faure,top_ten,trial,june_09_09_g0,105,2,1,S,2S,,,1,1.0000000298023224,3,22,22,0.0
svm,bigram,full,6,unith,Faure,top_ten,trial,june_09_09_g0,105,2,1,S,2S,,,1,1.0000000298023224,3,23,23,0.0
svm,bigram,full,6,unith,Faure,top_ten,trial,june_09_09_g0,105,2,1,S,2S,,,1,1.0000000298023224,3,24,24,0.0
svm,bigram,full,6,unith,Faure,top_ten,trial,june_09_09_g0,105,2,1,S,2S,,,1,1.0000000298023224,3,25,25,0.0
svm,bigram,full,6,unith,Faure,top_ten,trial,june_09_09_g0,105,2,1,S,2S,,,1,1.0000000298023224,3,26,26,0.0
svm,bigram,full,6,unith,Faure,top_ten,trial,june_09_09_g0,105,2,1,S,2S,,,1,1.0000000298023224,3,27,27,0.0
svm,bigram,full,6,unith,Faure,top_ten,trial,june_09_09_g0,105,2,1,S,2S,,,1,1.0000000298023224,3,28,28,0.0
svm,bigram,full,6,unith,Faure,top_ten,trial,june_09_09_g0,105,2,1,S,2S,,,1,1.0000000298023224,3,29,29,0.0
svm,bigram,full,6,unith,Faure,top_ten,trial,june_09_09_g0,105,2,1,S,2S,,,1,1.0000000298023224,3,30,30,0.0
svm,bigram,full,6,unith,Faure,top_ten,trial,june_09_09_g0,105,2,1,S,2S,,,1,1.0000000298023224,3,31,31,0.0
svm,bigram,full,6,unith,Faure,top_ten,trial,june_09_09_g0,105,2,1,S,2S,,,1,1.0000000298023224,3,32,32,0.0
svm,bigram,full,6,unith,Faure,top_ten,trial,june_09_09_g0,105,2,1,S,2S,,,1,1.0000000298023224,3,33,33,0.0
svm,bigram,full,6,unith,Faure,top_ten,trial,june_09_09_g0,105,2,1,S,2S,,,1,1.0000000298023224,3,34,34,0.0
svm,bigram,full,6,unith,Faure,top_ten,trial,june_09_09_g0,105,2,1,S,2S,,,1,1.0000000298023224,3,35,35,0.0
svm,bigram,full,6,unith,Faure,top_ten,trial,june_09_09_g0,283,2,1,S,2S,,,1,1.0,4,0,0,0.0
svm,bigram,full,6,unith,Faure,top_ten,trial,june_09_09_g0,283,2,1,S,2S,,,1,1.0,4,1,1,0.0
svm,bigram,full,6,unith,Faure,top_ten,trial,june_09_09_g0,283,2,1,S,2S,,,1,1.0,4,2,2,0.0
svm,bigram,full,6,unith,Faure,top_ten,trial,june_09_09_g0,283,2,1,S,2S,,,1,1.0,4,3,3,0.0
svm,bigram,full,6,unith,Faure,top_ten,trial,june_09_09_g0,283,2,1,S,2S,,,1,1.0,4,4,4,0.0
svm,bigram,full,6,unith,Faure,top_ten,trial,june_09_09_g0,283,2,1,S,2S,,,1,1.0,4,5,5,0.0
svm,bigram,full,6,unith,Faure,top_ten,trial,june_09_09_g0,283,2,1,S,2S,,,1,1.0,4,6,6,0.0
svm,bigram,full,6,unith,Faure,top_ten,trial,june_09_09_g0,283,2,1,S,2S,,,1,1.0,4,7,7,0.0
svm,bigram,full,6,unith,Faure,top_ten,trial,june_09_09_g0,283,2,1,S,2S,,,1,1.0,4,8,8,0.25
svm,bigram,full,6,unith,Faure,top_ten,trial,june_09_09_g0,283,2,1,S,2S,,,1,1.0,4,9,9,0.25
svm,bigram,full,6,unith,Faure,top_ten,trial,june_09_09_g0,283,2,1,S,2S,,,1,1.0,4,10,10,0.0
svm,bigram,full,6,unith,Faure,top_ten,trial,june_09_09_g0,283,2,1,S,2S,,,1,1.0,4,11,11,0.0
svm,bigram,full,6,unith,Faure,top_ten,trial,june_09_09_g0,283,2,1,S,2S,,,1,1.0,4,12,12,0.0
svm,bigram,full,6,unith,Faure,top_ten,trial,june_09_09_g0,283,2,1,S,2S,,,1,1.0,4,13,13,0.25
svm,bigram,full,6,unith,Faure,top_ten,trial,june_09_09_g0,283,2,1,S,2S,,,1,1.0,4,14,14,0.0
svm,bigram,full,6,unith,Faure,top_ten,trial,june_09_09_g0,283,2,1,S,2S,,,1,1.0,4,15,15,0.0
svm,bigram,full,6,unith,Faure,top_ten,trial,june_09_09_g0,283,2,1,S,2S,,,1,1.0,4,16,16,0.0
svm,bigram,full,6,unith,Faure,top_ten,trial,june_09_09_g0,283,2,1,S,2S,,,1,1.0,4,17,17,0.0
svm,bigram,full,6,unith,Faure,top_ten,trial,june_09_09_g0,283,2,1,S,2S,,,1,1.0,4,18,18,0.0
svm,bigram,full,6,unith,Faure,top_ten,trial,june_09_09_g0,283,2,1,S,2S,,,1,1.0,4,19,19,0.25
svm,bigram,full,6,unith,Faure,top_ten,trial,june_09_09_g0,283,2,1,S,2S,,,1,1.0,4,20,20,0.0
svm,bigram,full,6,unith,Faure,top_ten,trial,june_09_09_g0,283,2,1,S,2S,,,1,1.0,4,21,21,0.0
svm,bigram,full,6,unith,Faure,top_ten,trial,june_09_09_g0,283,2,1,S,2S,,,1,1.0,4,22,22,0.0
svm,bigram,full,6,unith,Faure,top_ten,trial,june_09_09_g0,283,2,1,S,2S,,,1,1.0,4,23,23,0.0
svm,bigram,full,6,unith,Faure,top_ten,trial,june_09_09_g0,283,2,1,S,2S,,,1,1.0,4,24,24,0.0
svm,bigram,full,6,unith,Faure,top_ten,trial,june_09_09_g0,283,2,1,S,2S,,,1,1.0,4,25,25,0.0
svm,bigram,full,6,unith,Faure,top_ten,trial,june_09_09_g0,283,2,1,S,2S,,,1,1.0,4,26,26,0.0
svm,bigram,full,6,unith,Faure,top_ten,trial,june_09_09_g0,283,2,1,S,2S,,,1,1.0,4,27,27,0.0
svm,bigram,full,6,unith,Faure,top_ten,trial,june_09_09_g0,283,2,1,S,2S,,,1,1.0,4,28,28,0.0
svm,bigram,full,6,unith,Faure,top_ten,trial,june_09_09_g0,283,2,1,S,2S,,,1,1.0,4,29,29,0.0
svm,bigram,full,6,unith,Faure,top_ten,trial,june_09_09_g0,283,2,1,S,2S,,,1,1.0,4,30,30,0.0
svm,bigram,full,6,unith,Faure,top_ten,trial,june_09_09_g0,283,2,1,S,2S,,,1,1.0,4,31,31,0.0
svm,bigram,full,6,unith,Faure,top_ten,trial,june_09_09_g0,283,2,1,S,2S,,,1,1.0,4,32,32,0.0
svm,bigram,full,6,unith,Faure,top_ten,trial,june_09_09_g0,283,2,1,S,2S,,,1,1.0,4,33,33,0.0
svm,bigram,full,6,unith,Faure,top_ten,trial,june_09_09_g0,283,2,1,S,2S,,,1,1.0,4,34,34,0.0
svm,bigram,full,6,unith,Faure,top_ten,trial,june_09_09_g0,283,2,1,S,2S,,,1,1.0,4,35,35,0.0
svm,bigram,full,6,unith,Faure,top_ten,trial,june_24_g0,317,2,1,S,2S,,,1,1.0,1,0,0,0.0
svm,bigram,full,6,unith,Faure,top_ten,trial,june_24_g0,317,2,1,S,2S,,,1,1.0,1,1,1,0.0
svm,bigram,full,6,unith,Faure,top_ten,trial,june_24_g0,317,2,1,S,2S,,,1,1.0,1,2,2,0.0
svm,bigram,full,6,unith,Faure,top_ten,trial,june_24_g0,317,2,1,S,2S,,,1,1.0,1,3,3,0.0
svm,bigram,full,6,unith,Faure,top_ten,trial,june_24_g0,317,2,1,S,2S,,,1,1.0,1,4,4,0.0
svm,bigram,full,6,unith,Faure,top_ten,trial,june_24_g0,317,2,1,S,2S,,,1,1.0,1,5,5,0.0
svm,bigram,full,6,unith,Faure,top_ten,trial,june_24_g0,317,2,1,S,2S,,,1,1.0,1,6,6,0.0
svm,bigram,full,6,unith,Faure,top_ten,trial,june_24_g0,317,2,1,S,2S,,,1,1.0,1,7,7,0.0
svm,bigram,full,6,unith,Faure,top_ten,trial,june_24_g0,317,2,1,S,2S,,,1,1.0,1,8,8,0.0
svm,bigram,full,6,unith,Faure,top_ten,trial,june_24_g0,317,2,1,S,2S,,,1,1.0,1,9,9,0.0
svm,bigram,full,6,unith,Faure,top_ten,trial,june_24_g0,317,2,1,S,2S,,,1,1.0,1,10,10,0.0
svm,bigram,full,6,unith,Faure,top_ten,trial,june_24_g0,317,2,1,S,2S,,,1,1.0,1,11,11,0.0
svm,bigram,full,6,unith,Faure,top_ten,trial,june_24_g0,317,2,1,S,2S,,,1,1.0,1,12,12,0.0
svm,bigram,full,6,unith,Faure,top_ten,trial,june_24_g0,317,2,1,S,2S,,,1,1.0,1,13,13,0.0
svm,bigram,full,6,unith,Faure,top_ten,trial,june_24_g0,317,2,1,S,2S,,,1,1.0,1,14,14,0.0
svm,bigram,full,6,unith,Faure,top_ten,trial,june_24_g0,317,2,1,S,2S,,,1,1.0,1,15,15,0.0
svm,bigram,full,6,unith,Faure,top_ten,trial,june_24_g0,317,2,1,S,2S,,,1,1.0,1,16,16,0.0
svm,bigram,full,6,unith,Faure,top_ten,trial,june_24_g0,317,2,1,S,2S,,,1,1.0,1,17,17,0.0
svm,bigram,full,6,unith,Faure,top_ten,trial,june_24_g0,317,2,1,S,2S,,,1,1.0,1,18,18,0.0
svm,bigram,full,6,unith,Faure,top_ten,trial,june_24_g0,317,2,1,S,2S,,,1,1.0,1,19,19,1.0
svm,bigram,full,6,unith,Faure,top_ten,trial,june_24_g0,317,2,1,S,2S,,,1,1.0,1,20,20,0.0
svm,bigram,full,6,unith,Faure,top_ten,trial,june_24_g0,317,2,1,S,2S,,,1,1.0,1,21,21,0.0
svm,bigram,full,6,unith,Faure,top_ten,trial,june_24_g0,317,2,1,S,2S,,,1,1.0,1,22,22,0.0
svm,bigram,full,6,unith,Faure,top_ten,trial,june_24_g0,317,2,1,S,2S,,,1,1.0,1,23,23,0.0
svm,bigram,full,6,unith,Faure,top_ten,trial,june_24_g0,317,2,1,S,2S,,,1,1.0,1,24,24,0.0
svm,bigram,full,6,unith,Faure,top_ten,trial,june_24_g0,317,2,1,S,2S,,,1,1.0,1,25,25,0.0
svm,bigram,full,6,unith,Faure,top_ten,trial,june_24_g0,317,2,1,S,2S,,,1,1.0,1,26,26,0.0
svm,bigram,full,6,unith,Faure,top_ten,trial,june_24_g0,317,2,1,S,2S,,,1,1.0,1,27,27,0.0
svm,bigram,full,6,unith,Faure,top_ten,trial,june_24_g0,317,2,1,S,2S,,,1,1.0,1,28,28,0.0
svm,bigram,full,6,unith,Faure,top_ten,trial,june_24_g0,317,2,1,S,2S,,,1,1.0,1,29,29,0.0
svm,bigram,full,6,unith,Faure,top_ten,trial,june_24_g0,317,2,1,S,2S,,,1,1.0,1,30,30,0.0
svm,bigram,full,6,unith,Faure,top_ten,trial,june_24_g0,317,2,1,S,2S,,,1,1.0,1,31,31,0.0
svm,bigram,full,6,unith,Faure,top_ten,trial,june_24_g0,317,2,1,S,2S,,,1,1.0,1,32,32,0.0
svm,bigram,full,6,unith,Faure,top_ten,trial,june_24_g0,317,2,1,S,2S,,,1,1.0,1,33,33,0.0
svm,bigram,full,6,unith,Faure,top_ten,trial,june_24_g0,317,2,1,S,2S,,,1,1.0,1,34,34,0.0
svm,bigram,full,6,unith,Faure,top_ten,trial,june_24_g0,317,2,1,S,2S,,,1,1.0,1,35,35,0.0
svm,bigram,full,6,unith,Faure,top_ten,trial,june_09_09_g0,114,3,0,H,3H,,,1,1.0000000298023224,3,0,0,0.0
svm,bigram,full,6,unith,Faure,top_ten,trial,june_09_09_g0,114,3,0,H,3H,,,1,1.0000000298023224,3,1,1,0.0
svm,bigram,full,6,unith,Faure,top_ten,trial,june_09_09_g0,114,3,0,H,3H,,,1,1.0000000298023224,3,2,2,0.0
svm,bigram,full,6,unith,Faure,top_ten,trial,june_09_09_g0,114,3,0,H,3H,,,1,1.0000000298023224,3,3,3,0.0
svm,bigram,full,6,unith,Faure,top_ten,trial,june_09_09_g0,114,3,0,H,3H,,,1,1.0000000298023224,3,4,4,0.0
svm,bigram,full,6,unith,Faure,top_ten,trial,june_09_09_g0,114,3,0,H,3H,,,1,1.0000000298023224,3,5,5,0.0
svm,bigram,full,6,unith,Faure,top_ten,trial,june_09_09_g0,114,3,0,H,3H,,,1,1.0000000298023224,3,6,6,0.0
svm,bigram,full,6,unith,Faure,top_ten,trial,june_09_09_g0,114,3,0,H,3H,,,1,1.0000000298023224,3,7,7,0.0
svm,bigram,full,6,unith,Faure,top_ten,trial,june_09_09_g0,114,3,0,H,3H,,,1,1.0000000298023224,3,8,8,0.0
svm,bigram,full,6,unith,Faure,top_ten,trial,june_09_09_g0,114,3,0,H,3H,,,1,1.0000000298023224,3,9,9,0.3333333432674408
svm,bigram,full,6,unith,Faure,top_ten,trial,june_09_09_g0,114,3,0,H,3H,,,1,1.0000000298023224,3,10,10,0.0
svm,bigram,full,6,unith,Faure,top_ten,trial,june_09_09_g0,114,3,0,H,3H,,,1,1.0000000298023224,3,11,11,0.0
svm,bigram,full,6,unith,Faure,top_ten,trial,june_09_09_g0,114,3,0,H,3H,,,1,1.0000000298023224,3,12,12,0.0
svm,bigram,full,6,unith,Faure,top_ten,trial,june_09_09_g0,114,3,0,H,3H,,,1,1.0000000298023224,3,13,13,0.3333333432674408
svm,bigram,full,6,unith,Faure,top_ten,trial,june_09_09_g0,114,3,0,H,3H,,,1,1.0000000298023224,3,14,14,0.0
svm,bigram,full,6,unith,Faure,top_ten,trial,june_09_09_g0,114,3,0,H,3H,,,1,1.0000000298023224,3,15,15,0.0
svm,bigram,full,6,unith,Faure,top_ten,trial,june_09_09_g0,114,3,0,H,3H,,,1,1.0000000298023224,3,16,16,0.0
svm,bigram,full,6,unith,Faure,top_ten,trial,june_09_09_g0,114,3,0,H,3H,,,1,1.0000000298023224,3,17,17,0.0
svm,bigram,full,6,unith,Faure,top_ten,trial,june_09_09_g0,114,3,0,H,3H,,,1,1.0000000298023224,3,18,18,0.0
svm,bigram,full,6,unith,Faure,top_ten,trial,june_09_09_g0,114,3,0,H,3H,,,1,1.0000000298023224,3,19,19,0.0
svm,bigram,full,6,unith,Faure,top_ten,trial,june_09_09_g0,114,3,0,H,3H,,,1,1.0000000298023224,3,20,20,0.3333333432674408
svm,bigram,full,6,unith,Faure,top_ten,trial,june_09_09_g0,114,3,0,H,3H,,,1,1.0000000298023224,3,21,21,0.0
svm,bigram,full,6,unith,Faure,top_ten,trial,june_09_09_g0,114,3,0,H,3H,,,1,1.0000000298023224,3,22,22,0.0
svm,bigram,full,6,unith,Faure,top_ten,trial,june_09_09_g0,114,3,0,H,3H,,,1,1.0000000298023224,3,23,23,0.0
svm,bigram,full,6,unith,Faure,top_ten,trial,june_09_09_g0,114,3,0,H,3H,,,1,1.0000000298023224,3,24,24,0.0
svm,bigram,full,6,unith,Faure,top_ten,trial,june_09_09_g0,114,3,0,H,3H,,,1,1.0000000298023224,3,25,25,0.0
svm,bigram,full,6,unith,Faure,top_ten,trial,june_09_09_g0,114,3,0,H,3H,,,1,1.0000000298023224,3,26,26,0.0
svm,bigram,full,6,unith,Faure,top_ten,trial,june_09_09_g0,114,3,0,H,3H,,,1,1.0000000298023224,3,27,27,0.0
svm,bigram,full,6,unith,Faure,top_ten,trial,june_09_09_g0,114,3,0,H,3H,,,1,1.0000000298023224,3,28,28,0.0
svm,bigram,full,6,unith,Faure,top_ten,trial,june_09_09_g0,114,3,0,H,3H,,,1,1.0000000298023224,3,29,29,0.0
svm,bigram,full,6,unith,Faure,top_ten,trial,june_09_09_g0,114,3,0,H,3H,,,1,1.0000000298023224,3,30,30,0.0
svm,bigram,full,6,unith,Faure,top_ten,trial,june_09_09_g0,114,3,0,H,3H,,,1,1.0000000298023224,3,31,31,0.0
svm,bigram,full,6,unith,Faure,top_ten,trial,june_09_09_g0,114,3,0,H,3H,,,1,1.0000000298023224,3,32,32,0.0
svm,bigram,full,6,unith,Faure,top_ten,trial,june_09_09_g0,114,3,0,H,3H,,,1,1.0000000298023224,3,33,33,0.0
svm,bigram,full,6,unith,Faure,top_ten,trial,june_09_09_g0,114,3,0,H,3H,,,1,1.0000000298023224,3,34,34,0.0
svm,bigram,full,6,unith,Faure,top_ten,trial,june_09_09_g0,114,3,0,H,3H,,,1,1.0000000298023224,3,35,35,0.0
svm,bigram,full,6,unith,Faure,top_ten,trial,june_8_g0,192,3,0,H,3H,,,1,1.0000000298023224,3,0,0,0.0
svm,bigram,full,6,unith,Faure,top_ten,trial,june_8_g0,192,3,0,H,3H,,,1,1.0000000298023224,3,1,1,0.0
svm,bigram,full,6,unith,Faure,top_ten,trial,june_8_g0,192,3,0,H,3H,,,1,1.0000000298023224,3,2,2,0.0
svm,bigram,full,6,unith,Faure,top_ten,trial,june_8_g0,192,3,0,H,3H,,,1,1.0000000298023224,3,3,3,0.0
svm,bigram,full,6,unith,Faure,top_ten,trial,june_8_g0,192,3,0,H,3H,,,1,1.0000000298023224,3,4,4,0.0
svm,bigram,full,6,unith,Faure,top_ten,trial,june_8_g0,192,3,0,H,3H,,,1,1.0000000298023224,3,5,5,0.0
svm,bigram,full,6,unith,Faure,top_ten,trial,june_8_g0,192,3,0,H,3H,,,1,1.0000000298023224,3,6,6,0.0
svm,bigram,full,6,unith,Faure,top_ten,trial,june_8_g0,192,3,0,H,3H,,,1,1.0000000298023224,3,7,7,0.0
svm,bigram,full,6,unith,Faure,top_ten,trial,june_8_g0,192,3,0,H,3H,,,1,1.0000000298023224,3,8,8,0.0
svm,bigram,full,6,unith,Faure,top_ten,trial,june_8_g0,192,3,0,H,3H,,,1,1.0000000298023224,3,9,9,0.3333333432674408
svm,bigram,full,6,unith,Faure,top_ten,trial,june_8_g0,192,3,0,H,3H,,,1,1.0000000298023224,3,10,10,0.0
svm,bigram,full,6,unith,Faure,top_ten,trial,june_8_g0,192,3,0,H,3H,,,1,1.0000000298023224,3,11,11,0.0
svm,bigram,full,6,unith,Faure,top_ten,trial,june_8_g0,192,3,0,H,3H,,,1,1.0000000298023224,3,12,12,0.0
svm,bigram,full,6,unith,Faure,top_ten,trial,june_8_g0,192,3,0,H,3H,,,1,1.0000000298023224,3,13,13,0.3333333432674408
svm,bigram,full,6,unith,Faure,top_ten,trial,june_8_g0,192,3,0,H,3H,,,1,1.0000000298023224,3,14,14,0.0
svm,bigram,full,6,unith,Faure,top_ten,trial,june_8_g0,192,3,0,H,3H,,,1,1.0000000298023224,3,15,15,0.0
svm,bigram,full,6,unith,Faure,top_ten,trial,june_8_g0,192,3,0,H,3H,,,1,1.0000000298023224,3,16,16,0.0
svm,bigram,full,6,unith,Faure,top_ten,trial,june_8_g0,192,3,0,H,3H,,,1,1.0000000298023224,3,17,17,0.0
svm,bigram,full,6,unith,Faure,top_ten,trial,june_8_g0,192,3,0,H,3H,,,1,1.0000000298023224,3,18,18,0.0
svm,bigram,full,6,unith,Faure,top_ten,trial,june_8_g0,192,3,0,H,3H,,,1,1.0000000298023224,3,19,19,0.0
svm,bigram,full,6,unith,Faure,top_ten,trial,june_8_g0,192,3,0,H,3H,,,1,1.0000000298023224,3,20,20,0.3333333432674408
svm,bigram,full,6,unith,Faure,top_ten,trial,june_8_g0,192,3,0,H,3H,,,1,1.0000000298023224,3,21,21,0.0
svm,bigram,full,6,unith,Faure,top_ten,trial,june_8_g0,192,3,0,H,3H,,,1,1.0000000298023224,3,22,22,0.0
svm,bigram,full,6,unith,Faure,top_ten,trial,june_8_g0,192,3,0,H,3H,,,1,1.0000000298023224,3,23,23,0.0
svm,bigram,full,6,unith,Faure,top_ten,trial,june_8_g0,192,3,0,H,3H,,,1,1.0000000298023224,3,24,24,0.0
svm,bigram,full,6,unith,Faure,top_ten,trial,june_8_g0,192,3,0,H,3H,,,1,1.0000000298023224,3,25,25,0.0
svm,bigram,full,6,unith,Faure,top_ten,trial,june_8_g0,192,3,0,H,3H,,,1,1.0000000298023224,3,26,26,0.0
svm,bigram,full,6,unith,Faure,top_ten,trial,june_8_g0,192,3,0,H,3H,,,1,1.0000000298023224,3,27,27,0.0
svm,bigram,full,6,unith,Faure,top_ten,trial,june_8_g0,192,3,0,H,3H,,,1,1.0000000298023224,3,28,28,0.0
svm,bigram,full,6,unith,Faure,top_ten,trial,june_8_g0,192,3,0,H,3H,,,1,1.0000000298023224,3,29,29,0.0
svm,bigram,full,6,unith,Faure,top_ten,trial,june_8_g0,192,3,0,H,3H,,,1,1.0000000298023224,3,30,30,0.0
svm,bigram,full,6,unith,Faure,top_ten,trial,june_8_g0,192,3,0,H,3H,,,1,1.0000000298023224,3,31,31,0.0
svm,bigram,full,6,unith,Faure,top_ten,trial,june_8_g0,192,3,0,H,3H,,,1,1.0000000298023224,3,32,32,0.0
svm,bigram,full,6,unith,Faure,top_ten,trial,june_8_g0,192,3,0,H,3H,,,1,1.0000000298023224,3,33,33,0.0
svm,bigram,full,6,unith,Faure,top_ten,trial,june_8_g0,192,3,0,H,3H,,,1,1.0000000298023224,3,34,34,0.0
svm,bigram,full,6,unith,Faure,top_ten,trial,june_8_g0,192,3,0,H,3H,,,1,1.0000000298023224,3,35,35,0.0
svm,bigram,full,6,unith,Faure,top_ten,trial,june_18_g0,473,3,0,H,3H,,,1,1.0,2,0,0,0.0
svm,bigram,full,6,unith,Faure,top_ten,trial,june_18_g0,473,3,0,H,3H,,,1,1.0,2,1,1,0.0
svm,bigram,full,6,unith,Faure,top_ten,trial,june_18_g0,473,3,0,H,3H,,,1,1.0,2,2,2,0.0
svm,bigram,full,6,unith,Faure,top_ten,trial,june_18_g0,473,3,0,H,3H,,,1,1.0,2,3,3,0.0
svm,bigram,full,6,unith,Faure,top_ten,trial,june_18_g0,473,3,0,H,3H,,,1,1.0,2,4,4,0.0
svm,bigram,full,6,unith,Faure,top_ten,trial,june_18_g0,473,3,0,H,3H,,,1,1.0,2,5,5,0.0
svm,bigram,full,6,unith,Faure,top_ten,trial,june_18_g0,473,3,0,H,3H,,,1,1.0,2,6,6,0.0
svm,bigram,full,6,unith,Faure,top_ten,trial,june_18_g0,473,3,0,H,3H,,,1,1.0,2,7,7,0.0
svm,bigram,full,6,unith,Faure,top_ten,trial,june_18_g0,473,3,0,H,3H,,,1,1.0,2,8,8,0.0
svm,bigram,full,6,unith,Faure,top_ten,trial,june_18_g0,473,3,0,H,3H,,,1,1.0,2,9,9,0.5
svm,bigram,full,6,unith,Faure,top_ten,trial,june_18_g0,473,3,0,H,3H,,,1,1.0,2,10,10,0.0
svm,bigram,full,6,unith,Faure,top_ten,trial,june_18_g0,473,3,0,H,3H,,,1,1.0,2,11,11,0.0
svm,bigram,full,6,unith,Faure,top_ten,trial,june_18_g0,473,3,0,H,3H,,,1,1.0,2,12,12,0.0
svm,bigram,full,6,unith,Faure,top_ten,trial,june_18_g0,473,3,0,H,3H,,,1,1.0,2,13,13,0.0
svm,bigram,full,6,unith,Faure,top_ten,trial,june_18_g0,473,3,0,H,3H,,,1,1.0,2,14,14,0.0
svm,bigram,full,6,unith,Faure,top_ten,trial,june_18_g0,473,3,0,H,3H,,,1,1.0,2,15,15,0.0
svm,bigram,full,6,unith,Faure,top_ten,trial,june_18_g0,473,3,0,H,3H,,,1,1.0,2,16,16,0.0
svm,bigram,full,6,unith,Faure,top_ten,trial,june_18_g0,473,3,0,H,3H,,,1,1.0,2,17,17,0.0
svm,bigram,full,6,unith,Faure,top_ten,trial,june_18_g0,473,3,0,H,3H,,,1,1.0,2,18,18,0.0
svm,bigram,full,6,unith,Faure,top_ten,trial,june_18_g0,473,3,0,H,3H,,,1,1.0,2,19,19,0.5
svm,bigram,full,6,unith,Faure,top_ten,trial,june_18_g0,473,3,0,H,3H,,,1,1.0,2,20,20,0.0
svm,bigram,full,6,unith,Faure,top_ten,trial,june_18_g0,473,3,0,H,3H,,,1,1.0,2,21,21,0.0
svm,bigram,full,6,unith,Faure,top_ten,trial,june_18_g0,473,3,0,H,3H,,,1,1.0,2,22,22,0.0
svm,bigram,full,6,unith,Faure,top_ten,trial,june_18_g0,473,3,0,H,3H,,,1,1.0,2,23,23,0.0
svm,bigram,full,6,unith,Faure,top_ten,trial,june_18_g0,473,3,0,H,3H,,,1,1.0,2,24,24,0.0
svm,bigram,full,6,unith,Faure,top_ten,trial,june_18_g0,473,3,0,H,3H,,,1,1.0,2,25,25,0.0
svm,bigram,full,6,unith,Faure,top_ten,trial,june_18_g0,473,3,0,H,3H,,,1,1.0,2,26,26,0.0
svm,bigram,full,6,unith,Faure,top_ten,trial,june_18_g0,473,3,0,H,3H,,,1,1.0,2,27,27,0.0
svm,bigram,full,6,unith,Faure,top_ten,trial,june_18_g0,473,3,0,H,3H,,,1,1.0,2,28,28,0.0
svm,bigram,full,6,unith,Faure,top_ten,trial,june_18_g0,473,3,0,H,3H,,,1,1.0,2,29,29,0.0
svm,bigram,full,6,unith,Faure,top_ten,trial,june_18_g0,473,3,0,H,3H,,,1,1.0,2,30,30,0.0
svm,bigram,full,6,unith,Faure,top_ten,trial,june_18_g0,473,3,0,H,3H,,,1,1.0,2,31,31,0.0
svm,bigram,full,6,unith,Faure,top_ten,trial,june_18_g0,473,3,0,H,3H,,,1,1.0,2,32,32,0.0
svm,bigram,full,6,unith,Faure,top_ten,trial,june_18_g0,473,3,0,H,3H,,,1,1.0,2,33,33,0.0
svm,bigram,full,6,unith,Faure,top_ten,trial,june_18_g0,473,3,0,H,3H,,,1,1.0,2,34,34,0.0
svm,bigram,full,6,unith,Faure,top_ten,trial,june_18_g0,473,3,0,H,3H,,,1,1.0,2,35,35,0.0
svm,bigram,full,6,unith,Faure,top_ten,trial,june_22_g0,14,3,1,S,3S,,,1,1.0000000298023224,3,0,0,0.0
svm,bigram,full,6,unith,Faure,top_ten,trial,june_22_g0,14,3,1,S,3S,,,1,1.0000000298023224,3,1,1,0.0
svm,bigram,full,6,unith,Faure,top_ten,trial,june_22_g0,14,3,1,S,3S,,,1,1.0000000298023224,3,2,2,0.0
svm,bigram,full,6,unith,Faure,top_ten,trial,june_22_g0,14,3,1,S,3S,,,1,1.0000000298023224,3,3,3,0.0
svm,bigram,full,6,unith,Faure,top_ten,trial,june_22_g0,14,3,1,S,3S,,,1,1.0000000298023224,3,4,4,0.0
svm,bigram,full,6,unith,Faure,top_ten,trial,june_22_g0,14,3,1,S,3S,,,1,1.0000000298023224,3,5,5,0.0
svm,bigram,full,6,unith,Faure,top_ten,trial,june_22_g0,14,3,1,S,3S,,,1,1.0000000298023224,3,6,6,0.0
svm,bigram,full,6,unith,Faure,top_ten,trial,june_22_g0,14,3,1,S,3S,,,1,1.0000000298023224,3,7,7,0.0
svm,bigram,full,6,unith,Faure,top_ten,trial,june_22_g0,14,3,1,S,3S,,,1,1.0000000298023224,3,8,8,0.0
svm,bigram,full,6,unith,Faure,top_ten,trial,june_22_g0,14,3,1,S,3S,,,1,1.0000000298023224,3,9,9,0.3333333432674408
svm,bigram,full,6,unith,Faure,top_ten,trial,june_22_g0,14,3,1,S,3S,,,1,1.0000000298023224,3,10,10,0.0
svm,bigram,full,6,unith,Faure,top_ten,trial,june_22_g0,14,3,1,S,3S,,,1,1.0000000298023224,3,11,11,0.0
svm,bigram,full,6,unith,Faure,top_ten,trial,june_22_g0,14,3,1,S,3S,,,1,1.0000000298023224,3,12,12,0.0
svm,bigram,full,6,unith,Faure,top_ten,trial,june_22_g0,14,3,1,S,3S,,,1,1.0000000298023224,3,13,13,0.3333333432674408
svm,bigram,full,6,unith,Faure,top_ten,trial,june_22_g0,14,3,1,S,3S,,,1,1.0000000298023224,3,14,14,0.0
svm,bigram,full,6,unith,Faure,top_ten,trial,june_22_g0,14,3,1,S,3S,,,1,1.0000000298023224,3,15,15,0.0
svm,bigram,full,6,unith,Faure,top_ten,trial,june_22_g0,14,3,1,S,3S,,,1,1.0000000298023224,3,16,16,0.0
svm,bigram,full,6,unith,Faure,top_ten,trial,june_22_g0,14,3,1,S,3S,,,1,1.0000000298023224,3,17,17,0.0
svm,bigram,full,6,unith,Faure,top_ten,trial,june_22_g0,14,3,1,S,3S,,,1,1.0000000298023224,3,18,18,0.0
svm,bigram,full,6,unith,Faure,top_ten,trial,june_22_g0,14,3,1,S,3S,,,1,1.0000000298023224,3,19,19,0.3333333432674408
svm,bigram,full,6,unith,Faure,top_ten,trial,june_22_g0,14,3,1,S,3S,,,1,1.0000000298023224,3,20,20,0.0
svm,bigram,full,6,unith,Faure,top_ten,trial,june_22_g0,14,3,1,S,3S,,,1,1.0000000298023224,3,21,21,0.0
svm,bigram,full,6,unith,Faure,top_ten,trial,june_22_g0,14,3,1,S,3S,,,1,1.0000000298023224,3,22,22,0.0
svm,bigram,full,6,unith,Faure,top_ten,trial,june_22_g0,14,3,1,S,3S,,,1,1.0000000298023224,3,23,23,0.0
svm,bigram,full,6,unith,Faure,top_ten,trial,june_22_g0,14,3,1,S,3S,,,1,1.0000000298023224,3,24,24,0.0
svm,bigram,full,6,unith,Faure,top_ten,trial,june_22_g0,14,3,1,S,3S,,,1,1.0000000298023224,3,25,25,0.0
svm,bigram,full,6,unith,Faure,top_ten,trial,june_22_g0,14,3,1,S,3S,,,1,1.0000000298023224,3,26,26,0.0
svm,bigram,full,6,unith,Faure,top_ten,trial,june_22_g0,14,3,1,S,3S,,,1,1.0000000298023224,3,27,27,0.0
svm,bigram,full,6,unith,Faure,top_ten,trial,june_22_g0,14,3,1,S,3S,,,1,1.0000000298023224,3,28,28,0.0
svm,bigram,full,6,unith,Faure,top_ten,trial,june_22_g0,14,3,1,S,3S,,,1,1.0000000298023224,3,29,29,0.0
svm,bigram,full,6,unith,Faure,top_ten,trial,june_22_g0,14,3,1,S,3S,,,1,1.0000000298023224,3,30,30,0.0
svm,bigram,full,6,unith,Faure,top_ten,trial,june_22_g0,14,3,1,S,3S,,,1,1.0000000298023224,3,31,31,0.0
svm,bigram,full,6,unith,Faure,top_ten,trial,june_22_g0,14,3,1,S,3S,,,1,1.0000000298023224,3,32,32,0.0
svm,bigram,full,6,unith,Faure,top_ten,trial,june_22_g0,14,3,1,S,3S,,,1,1.0000000298023224,3,33,33,0.0
svm,bigram,full,6,unith,Faure,top_ten,trial,june_22_g0,14,3,1,S,3S,,,1,1.0000000298023224,3,34,34,0.0
svm,bigram,full,6,unith,Faure,top_ten,trial,june_22_g0,14,3,1,S,3S,,,1,1.0000000298023224,3,35,35,0.0
svm,bigram,full,6,unith,Faure,top_ten,trial,june_09_09_g0,476,3,1,S,3S,,,1,1.0,4,0,0,0.0
svm,bigram,full,6,unith,Faure,top_ten,trial,june_09_09_g0,476,3,1,S,3S,,,1,1.0,4,1,1,0.0
svm,bigram,full,6,unith,Faure,top_ten,trial,june_09_09_g0,476,3,1,S,3S,,,1,1.0,4,2,2,0.0
svm,bigram,full,6,unith,Faure,top_ten,trial,june_09_09_g0,476,3,1,S,3S,,,1,1.0,4,3,3,0.0
svm,bigram,full,6,unith,Faure,top_ten,trial,june_09_09_g0,476,3,1,S,3S,,,1,1.0,4,4,4,0.0
svm,bigram,full,6,unith,Faure,top_ten,trial,june_09_09_g0,476,3,1,S,3S,,,1,1.0,4,5,5,0.0
svm,bigram,full,6,unith,Faure,top_ten,trial,june_09_09_g0,476,3,1,S,3S,,,1,1.0,4,6,6,0.0
svm,bigram,full,6,unith,Faure,top_ten,trial,june_09_09_g0,476,3,1,S,3S,,,1,1.0,4,7,7,0.0
svm,bigram,full,6,unith,Faure,top_ten,trial,june_09_09_g0,476,3,1,S,3S,,,1,1.0,4,8,8,0.25
svm,bigram,full,6,unith,Faure,top_ten,trial,june_09_09_g0,476,3,1,S,3S,,,1,1.0,4,9,9,0.0
svm,bigram,full,6,unith,Faure,top_ten,trial,june_09_09_g0,476,3,1,S,3S,,,1,1.0,4,10,10,0.25
svm,bigram,full,6,unith,Faure,top_ten,trial,june_09_09_g0,476,3,1,S,3S,,,1,1.0,4,11,11,0.0
svm,bigram,full,6,unith,Faure,top_ten,trial,june_09_09_g0,476,3,1,S,3S,,,1,1.0,4,12,12,0.0
svm,bigram,full,6,unith,Faure,top_ten,trial,june_09_09_g0,476,3,1,S,3S,,,1,1.0,4,13,13,0.25
svm,bigram,full,6,unith,Faure,top_ten,trial,june_09_09_g0,476,3,1,S,3S,,,1,1.0,4,14,14,0.0
svm,bigram,full,6,unith,Faure,top_ten,trial,june_09_09_g0,476,3,1,S,3S,,,1,1.0,4,15,15,0.0
svm,bigram,full,6,unith,Faure,top_ten,trial,june_09_09_g0,476,3,1,S,3S,,,1,1.0,4,16,16,0.0
svm,bigram,full,6,unith,Faure,top_ten,trial,june_09_09_g0,476,3,1,S,3S,,,1,1.0,4,17,17,0.0
svm,bigram,full,6,unith,Faure,top_ten,trial,june_09_09_g0,476,3,1,S,3S,,,1,1.0,4,18,18,0.0
svm,bigram,full,6,unith,Faure,top_ten,trial,june_09_09_g0,476,3,1,S,3S,,,1,1.0,4,19,19,0.0
svm,bigram,full,6,unith,Faure,top_ten,trial,june_09_09_g0,476,3,1,S,3S,,,1,1.0,4,20,20,0.0
svm,bigram,full,6,unith,Faure,top_ten,trial,june_09_09_g0,476,3,1,S,3S,,,1,1.0,4,21,21,0.0
svm,bigram,full,6,unith,Faure,top_ten,trial,june_09_09_g0,476,3,1,S,3S,,,1,1.0,4,22,22,0.0
svm,bigram,full,6,unith,Faure,top_ten,trial,june_09_09_g0,476,3,1,S,3S,,,1,1.0,4,23,23,0.0
svm,bigram,full,6,unith,Faure,top_ten,trial,june_09_09_g0,476,3,1,S,3S,,,1,1.0,4,24,24,0.0
svm,bigram,full,6,unith,Faure,top_ten,trial,june_09_09_g0,476,3,1,S,3S,,,1,1.0,4,25,25,0.25
svm,bigram,full,6,unith,Faure,top_ten,trial,june_09_09_g0,476,3,1,S,3S,,,1,1.0,4,26,26,0.0
svm,bigram,full,6,unith,Faure,top_ten,trial,june_09_09_g0,476,3,1,S,3S,,,1,1.0,4,27,27,0.0
svm,bigram,full,6,unith,Faure,top_ten,trial,june_09_09_g0,476,3,1,S,3S,,,1,1.0,4,28,28,0.0
svm,bigram,full,6,unith,Faure,top_ten,trial,june_09_09_g0,476,3,1,S,3S,,,1,1.0,4,29,29,0.0
svm,bigram,full,6,unith,Faure,top_ten,trial,june_09_09_g0,476,3,1,S,3S,,,1,1.0,4,30,30,0.0
svm,bigram,full,6,unith,Faure,top_ten,trial,june_09_09_g0,476,3,1,S,3S,,,1,1.0,4,31,31,0.0
svm,bigram,full,6,unith,Faure,top_ten,trial,june_09_09_g0,476,3,1,S,3S,,,1,1.0,4,32,32,0.0
svm,bigram,full,6,unith,Faure,top_ten,trial,june_09_09_g0,476,3,1,S,3S,,,1,1.0,4,33,33,0.0
svm,bigram,full,6,unith,Faure,top_ten,trial,june_09_09_g0,476,3,1,S,3S,,,1,1.0,4,34,34,0.0
svm,bigram,full,6,unith,Faure,top_ten,trial,june_09_09_g0,476,3,1,S,3S,,,1,1.0,4,35,35,0.0
svm,bigram,full,6,unith,Faure,top_ten,trial,june_09_09_g0,274,3,1,S,3S,,,1,1.0,2,0,0,0.0
svm,bigram,full,6,unith,Faure,top_ten,trial,june_09_09_g0,274,3,1,S,3S,,,1,1.0,2,1,1,0.0
svm,bigram,full,6,unith,Faure,top_ten,trial,june_09_09_g0,274,3,1,S,3S,,,1,1.0,2,2,2,0.0
svm,bigram,full,6,unith,Faure,top_ten,trial,june_09_09_g0,274,3,1,S,3S,,,1,1.0,2,3,3,0.0
svm,bigram,full,6,unith,Faure,top_ten,trial,june_09_09_g0,274,3,1,S,3S,,,1,1.0,2,4,4,0.0
svm,bigram,full,6,unith,Faure,top_ten,trial,june_09_09_g0,274,3,1,S,3S,,,1,1.0,2,5,5,0.0
svm,bigram,full,6,unith,Faure,top_ten,trial,june_09_09_g0,274,3,1,S,3S,,,1,1.0,2,6,6,0.0
svm,bigram,full,6,unith,Faure,top_ten,trial,june_09_09_g0,274,3,1,S,3S,,,1,1.0,2,7,7,0.0
svm,bigram,full,6,unith,Faure,top_ten,trial,june_09_09_g0,274,3,1,S,3S,,,1,1.0,2,8,8,0.0
svm,bigram,full,6,unith,Faure,top_ten,trial,june_09_09_g0,274,3,1,S,3S,,,1,1.0,2,9,9,0.5
svm,bigram,full,6,unith,Faure,top_ten,trial,june_09_09_g0,274,3,1,S,3S,,,1,1.0,2,10,10,0.0
svm,bigram,full,6,unith,Faure,top_ten,trial,june_09_09_g0,274,3,1,S,3S,,,1,1.0,2,11,11,0.0
svm,bigram,full,6,unith,Faure,top_ten,trial,june_09_09_g0,274,3,1,S,3S,,,1,1.0,2,12,12,0.0
svm,bigram,full,6,unith,Faure,top_ten,trial,june_09_09_g0,274,3,1,S,3S,,,1,1.0,2,13,13,0.0
svm,bigram,full,6,unith,Faure,top_ten,trial,june_09_09_g0,274,3,1,S,3S,,,1,1.0,2,14,14,0.0
svm,bigram,full,6,unith,Faure,top_ten,trial,june_09_09_g0,274,3,1,S,3S,,,1,1.0,2,15,15,0.0
svm,bigram,full,6,unith,Faure,top_ten,trial,june_09_09_g0,274,3,1,S,3S,,,1,1.0,2,16,16,0.0
svm,bigram,full,6,unith,Faure,top_ten,trial,june_09_09_g0,274,3,1,S,3S,,,1,1.0,2,17,17,0.0
svm,bigram,full,6,unith,Faure,top_ten,trial,june_09_09_g0,274,3,1,S,3S,,,1,1.0,2,18,18,0.0
svm,bigram,full,6,unith,Faure,top_ten,trial,june_09_09_g0,274,3,1,S,3S,,,1,1.0,2,19,19,0.5
svm,bigram,full,6,unith,Faure,top_ten,trial,june_09_09_g0,274,3,1,S,3S,,,1,1.0,2,20,20,0.0
svm,bigram,full,6,unith,Faure,top_ten,trial,june_09_09_g0,274,3,1,S,3S,,,1,1.0,2,21,21,0.0
svm,bigram,full,6,unith,Faure,top_ten,trial,june_09_09_g0,274,3,1,S,3S,,,1,1.0,2,22,22,0.0
svm,bigram,full,6,unith,Faure,top_ten,trial,june_09_09_g0,274,3,1,S,3S,,,1,1.0,2,23,23,0.0
svm,bigram,full,6,unith,Faure,top_ten,trial,june_09_09_g0,274,3,1,S,3S,,,1,1.0,2,24,24,0.0
svm,bigram,full,6,unith,Faure,top_ten,trial,june_09_09_g0,274,3,1,S,3S,,,1,1.0,2,25,25,0.0
svm,bigram,full,6,unith,Faure,top_ten,trial,june_09_09_g0,274,3,1,S,3S,,,1,1.0,2,26,26,0.0
svm,bigram,full,6,unith,Faure,top_ten,trial,june_09_09_g0,274,3,1,S,3S,,,1,1.0,2,27,27,0.0
svm,bigram,full,6,unith,Faure,top_ten,trial,june_09_09_g0,274,3,1,S,3S,,,1,1.0,2,28,28,0.0
svm,bigram,full,6,unith,Faure,top_ten,trial,june_09_09_g0,274,3,1,S,3S,,,1,1.0,2,29,29,0.0
svm,bigram,full,6,unith,Faure,top_ten,trial,june_09_09_g0,274,3,1,S,3S,,,1,1.0,2,30,30,0.0
svm,bigram,full,6,unith,Faure,top_ten,trial,june_09_09_g0,274,3,1,S,3S,,,1,1.0,2,31,31,0.0
svm,bigram,full,6,unith,Faure,top_ten,trial,june_09_09_g0,274,3,1,S,3S,,,1,1.0,2,32,32,0.0
svm,bigram,full,6,unith,Faure,top_ten,trial,june_09_09_g0,274,3,1,S,3S,,,1,1.0,2,33,33,0.0
svm,bigram,full,6,unith,Faure,top_ten,trial,june_09_09_g0,274,3,1,S,3S,,,1,1.0,2,34,34,0.0
svm,bigram,full,6,unith,Faure,top_ten,trial,june_09_09_g0,274,3,1,S,3S,,,1,1.0,2,35,35,0.0
svm,bigram,full,6,unith,Faure,top_ten,trial,june_09_09_g0,397,4,0,H,4H,,,1,1.0,1,0,0,0.0
svm,bigram,full,6,unith,Faure,top_ten,trial,june_09_09_g0,397,4,0,H,4H,,,1,1.0,1,1,1,0.0
svm,bigram,full,6,unith,Faure,top_ten,trial,june_09_09_g0,397,4,0,H,4H,,,1,1.0,1,2,2,0.0
svm,bigram,full,6,unith,Faure,top_ten,trial,june_09_09_g0,397,4,0,H,4H,,,1,1.0,1,3,3,0.0
svm,bigram,full,6,unith,Faure,top_ten,trial,june_09_09_g0,397,4,0,H,4H,,,1,1.0,1,4,4,0.0
svm,bigram,full,6,unith,Faure,top_ten,trial,june_09_09_g0,397,4,0,H,4H,,,1,1.0,1,5,5,0.0
svm,bigram,full,6,unith,Faure,top_ten,trial,june_09_09_g0,397,4,0,H,4H,,,1,1.0,1,6,6,0.0
svm,bigram,full,6,unith,Faure,top_ten,trial,june_09_09_g0,397,4,0,H,4H,,,1,1.0,1,7,7,0.0
svm,bigram,full,6,unith,Faure,top_ten,trial,june_09_09_g0,397,4,0,H,4H,,,1,1.0,1,8,8,0.0
svm,bigram,full,6,unith,Faure,top_ten,trial,june_09_09_g0,397,4,0,H,4H,,,1,1.0,1,9,9,0.0
svm,bigram,full,6,unith,Faure,top_ten,trial,june_09_09_g0,397,4,0,H,4H,,,1,1.0,1,10,10,0.0
svm,bigram,full,6,unith,Faure,top_ten,trial,june_09_09_g0,397,4,0,H,4H,,,1,1.0,1,11,11,0.0
svm,bigram,full,6,unith,Faure,top_ten,trial,june_09_09_g0,397,4,0,H,4H,,,1,1.0,1,12,12,0.0
svm,bigram,full,6,unith,Faure,top_ten,trial,june_09_09_g0,397,4,0,H,4H,,,1,1.0,1,13,13,0.0
svm,bigram,full,6,unith,Faure,top_ten,trial,june_09_09_g0,397,4,0,H,4H,,,1,1.0,1,14,14,0.0
svm,bigram,full,6,unith,Faure,top_ten,trial,june_09_09_g0,397,4,0,H,4H,,,1,1.0,1,15,15,0.0
svm,bigram,full,6,unith,Faure,top_ten,trial,june_09_09_g0,397,4,0,H,4H,,,1,1.0,1,16,16,0.0
svm,bigram,full,6,unith,Faure,top_ten,trial,june_09_09_g0,397,4,0,H,4H,,,1,1.0,1,17,17,0.0
svm,bigram,full,6,unith,Faure,top_ten,trial,june_09_09_g0,397,4,0,H,4H,,,1,1.0,1,18,18,0.0
svm,bigram,full,6,unith,Faure,top_ten,trial,june_09_09_g0,397,4,0,H,4H,,,1,1.0,1,19,19,0.0
svm,bigram,full,6,unith,Faure,top_ten,trial,june_09_09_g0,397,4,0,H,4H,,,1,1.0,1,20,20,0.0
svm,bigram,full,6,unith,Faure,top_ten,trial,june_09_09_g0,397,4,0,H,4H,,,1,1.0,1,21,21,0.0
svm,bigram,full,6,unith,Faure,top_ten,trial,june_09_09_g0,397,4,0,H,4H,,,1,1.0,1,22,22,0.0
svm,bigram,full,6,unith,Faure,top_ten,trial,june_09_09_g0,397,4,0,H,4H,,,1,1.0,1,23,23,0.0
svm,bigram,full,6,unith,Faure,top_ten,trial,june_09_09_g0,397,4,0,H,4H,,,1,1.0,1,24,24,0.0
svm,bigram,full,6,unith,Faure,top_ten,trial,june_09_09_g0,397,4,0,H,4H,,,1,1.0,1,25,25,1.0
svm,bigram,full,6,unith,Faure,top_ten,trial,june_09_09_g0,397,4,0,H,4H,,,1,1.0,1,26,26,0.0
svm,bigram,full,6,unith,Faure,top_ten,trial,june_09_09_g0,397,4,0,H,4H,,,1,1.0,1,27,27,0.0
svm,bigram,full,6,unith,Faure,top_ten,trial,june_09_09_g0,397,4,0,H,4H,,,1,1.0,1,28,28,0.0
svm,bigram,full,6,unith,Faure,top_ten,trial,june_09_09_g0,397,4,0,H,4H,,,1,1.0,1,29,29,0.0
svm,bigram,full,6,unith,Faure,top_ten,trial,june_09_09_g0,397,4,0,H,4H,,,1,1.0,1,30,30,0.0
svm,bigram,full,6,unith,Faure,top_ten,trial,june_09_09_g0,397,4,0,H,4H,,,1,1.0,1,31,31,0.0
svm,bigram,full,6,unith,Faure,top_ten,trial,june_09_09_g0,397,4,0,H,4H,,,1,1.0,1,32,32,0.0
svm,bigram,full,6,unith,Faure,top_ten,trial,june_09_09_g0,397,4,0,H,4H,,,1,1.0,1,33,33,0.0
svm,bigram,full,6,unith,Faure,top_ten,trial,june_09_09_g0,397,4,0,H,4H,,,1,1.0,1,34,34,0.0
svm,bigram,full,6,unith,Faure,top_ten,trial,june_09_09_g0,397,4,0,H,4H,,,1,1.0,1,35,35,0.0
svm,bigram,full,6,unith,Faure,top_ten,trial,june_12_g0,71,4,0,H,4H,,,1,1.0000000298023224,3,0,0,0.0
svm,bigram,full,6,unith,Faure,top_ten,trial,june_12_g0,71,4,0,H,4H,,,1,1.0000000298023224,3,1,1,0.0
svm,bigram,full,6,unith,Faure,top_ten,trial,june_12_g0,71,4,0,H,4H,,,1,1.0000000298023224,3,2,2,0.0
svm,bigram,full,6,unith,Faure,top_ten,trial,june_12_g0,71,4,0,H,4H,,,1,1.0000000298023224,3,3,3,0.0
svm,bigram,full,6,unith,Faure,top_ten,trial,june_12_g0,71,4,0,H,4H,,,1,1.0000000298023224,3,4,4,0.0
svm,bigram,full,6,unith,Faure,top_ten,trial,june_12_g0,71,4,0,H,4H,,,1,1.0000000298023224,3,5,5,0.0
svm,bigram,full,6,unith,Faure,top_ten,trial,june_12_g0,71,4,0,H,4H,,,1,1.0000000298023224,3,6,6,0.0
svm,bigram,full,6,unith,Faure,top_ten,trial,june_12_g0,71,4,0,H,4H,,,1,1.0000000298023224,3,7,7,0.0
svm,bigram,full,6,unith,Faure,top_ten,trial,june_12_g0,71,4,0,H,4H,,,1,1.0000000298023224,3,8,8,0.0
svm,bigram,full,6,unith,Faure,top_ten,trial,june_12_g0,71,4,0,H,4H,,,1,1.0000000298023224,3,9,9,0.3333333432674408
svm,bigram,full,6,unith,Faure,top_ten,trial,june_12_g0,71,4,0,H,4H,,,1,1.0000000298023224,3,10,10,0.0
svm,bigram,full,6,unith,Faure,top_ten,trial,june_12_g0,71,4,0,H,4H,,,1,1.0000000298023224,3,11,11,0.0
svm,bigram,full,6,unith,Faure,top_ten,trial,june_12_g0,71,4,0,H,4H,,,1,1.0000000298023224,3,12,12,0.0
svm,bigram,full,6,unith,Faure,top_ten,trial,june_12_g0,71,4,0,H,4H,,,1,1.0000000298023224,3,13,13,0.3333333432674408
svm,bigram,full,6,unith,Faure,top_ten,trial,june_12_g0,71,4,0,H,4H,,,1,1.0000000298023224,3,14,14,0.0
svm,bigram,full,6,unith,Faure,top_ten,trial,june_12_g0,71,4,0,H,4H,,,1,1.0000000298023224,3,15,15,0.0
svm,bigram,full,6,unith,Faure,top_ten,trial,june_12_g0,71,4,0,H,4H,,,1,1.0000000298023224,3,16,16,0.0
svm,bigram,full,6,unith,Faure,top_ten,trial,june_12_g0,71,4,0,H,4H,,,1,1.0000000298023224,3,17,17,0.0
svm,bigram,full,6,unith,Faure,top_ten,trial,june_12_g0,71,4,0,H,4H,,,1,1.0000000298023224,3,18,18,0.0
svm,bigram,full,6,unith,Faure,top_ten,trial,june_12_g0,71,4,0,H,4H,,,1,1.0000000298023224,3,19,19,0.0
svm,bigram,full,6,unith,Faure,top_ten,trial,june_12_g0,71,4,0,H,4H,,,1,1.0000000298023224,3,20,20,0.3333333432674408
svm,bigram,full,6,unith,Faure,top_ten,trial,june_12_g0,71,4,0,H,4H,,,1,1.0000000298023224,3,21,21,0.0
svm,bigram,full,6,unith,Faure,top_ten,trial,june_12_g0,71,4,0,H,4H,,,1,1.0000000298023224,3,22,22,0.0
svm,bigram,full,6,unith,Faure,top_ten,trial,june_12_g0,71,4,0,H,4H,,,1,1.0000000298023224,3,23,23,0.0
svm,bigram,full,6,unith,Faure,top_ten,trial,june_12_g0,71,4,0,H,4H,,,1,1.0000000298023224,3,24,24,0.0
svm,bigram,full,6,unith,Faure,top_ten,trial,june_12_g0,71,4,0,H,4H,,,1,1.0000000298023224,3,25,25,0.0
svm,bigram,full,6,unith,Faure,top_ten,trial,june_12_g0,71,4,0,H,4H,,,1,1.0000000298023224,3,26,26,0.0
svm,bigram,full,6,unith,Faure,top_ten,trial,june_12_g0,71,4,0,H,4H,,,1,1.0000000298023224,3,27,27,0.0
svm,bigram,full,6,unith,Faure,top_ten,trial,june_12_g0,71,4,0,H,4H,,,1,1.0000000298023224,3,28,28,0.0
svm,bigram,full,6,unith,Faure,top_ten,trial,june_12_g0,71,4,0,H,4H,,,1,1.0000000298023224,3,29,29,0.0
svm,bigram,full,6,unith,Faure,top_ten,trial,june_12_g0,71,4,0,H,4H,,,1,1.0000000298023224,3,30,30,0.0
svm,bigram,full,6,unith,Faure,top_ten,trial,june_12_g0,71,4,0,H,4H,,,1,1.0000000298023224,3,31,31,0.0
svm,bigram,full,6,unith,Faure,top_ten,trial,june_12_g0,71,4,0,H,4H,,,1,1.0000000298023224,3,32,32,0.0
svm,bigram,full,6,unith,Faure,top_ten,trial,june_12_g0,71,4,0,H,4H,,,1,1.0000000298023224,3,33,33,0.0
svm,bigram,full,6,unith,Faure,top_ten,trial,june_12_g0,71,4,0,H,4H,,,1,1.0000000298023224,3,34,34,0.0
svm,bigram,full,6,unith,Faure,top_ten,trial,june_12_g0,71,4,0,H,4H,,,1,1.0000000298023224,3,35,35,0.0
svm,bigram,full,6,unith,Faure,top_ten,trial,june_09_09_g0,424,4,0,H,4H,,,1,1.0,1,0,0,0.0
svm,bigram,full,6,unith,Faure,top_ten,trial,june_09_09_g0,424,4,0,H,4H,,,1,1.0,1,1,1,1.0
svm,bigram,full,6,unith,Faure,top_ten,trial,june_09_09_g0,424,4,0,H,4H,,,1,1.0,1,2,2,0.0
svm,bigram,full,6,unith,Faure,top_ten,trial,june_09_09_g0,424,4,0,H,4H,,,1,1.0,1,3,3,0.0
svm,bigram,full,6,unith,Faure,top_ten,trial,june_09_09_g0,424,4,0,H,4H,,,1,1.0,1,4,4,0.0
svm,bigram,full,6,unith,Faure,top_ten,trial,june_09_09_g0,424,4,0,H,4H,,,1,1.0,1,5,5,0.0
svm,bigram,full,6,unith,Faure,top_ten,trial,june_09_09_g0,424,4,0,H,4H,,,1,1.0,1,6,6,0.0
svm,bigram,full,6,unith,Faure,top_ten,trial,june_09_09_g0,424,4,0,H,4H,,,1,1.0,1,7,7,0.0
svm,bigram,full,6,unith,Faure,top_ten,trial,june_09_09_g0,424,4,0,H,4H,,,1,1.0,1,8,8,0.0
svm,bigram,full,6,unith,Faure,top_ten,trial,june_09_09_g0,424,4,0,H,4H,,,1,1.0,1,9,9,0.0
svm,bigram,full,6,unith,Faure,top_ten,trial,june_09_09_g0,424,4,0,H,4H,,,1,1.0,1,10,10,0.0
svm,bigram,full,6,unith,Faure,top_ten,trial,june_09_09_g0,424,4,0,H,4H,,,1,1.0,1,11,11,0.0
svm,bigram,full,6,unith,Faure,top_ten,trial,june_09_09_g0,424,4,0,H,4H,,,1,1.0,1,12,12,0.0
svm,bigram,full,6,unith,Faure,top_ten,trial,june_09_09_g0,424,4,0,H,4H,,,1,1.0,1,13,13,0.0
svm,bigram,full,6,unith,Faure,top_ten,trial,june_09_09_g0,424,4,0,H,4H,,,1,1.0,1,14,14,0.0
svm,bigram,full,6,unith,Faure,top_ten,trial,june_09_09_g0,424,4,0,H,4H,,,1,1.0,1,15,15,0.0
svm,bigram,full,6,unith,Faure,top_ten,trial,june_09_09_g0,424,4,0,H,4H,,,1,1.0,1,16,16,0.0
svm,bigram,full,6,unith,Faure,top_ten,trial,june_09_09_g0,424,4,0,H,4H,,,1,1.0,1,17,17,0.0
svm,bigram,full,6,unith,Faure,top_ten,trial,june_09_09_g0,424,4,0,H,4H,,,1,1.0,1,18,18,0.0
svm,bigram,full,6,unith,Faure,top_ten,trial,june_09_09_g0,424,4,0,H,4H,,,1,1.0,1,19,19,0.0
svm,bigram,full,6,unith,Faure,top_ten,trial,june_09_09_g0,424,4,0,H,4H,,,1,1.0,1,20,20,0.0
svm,bigram,full,6,unith,Faure,top_ten,trial,june_09_09_g0,424,4,0,H,4H,,,1,1.0,1,21,21,0.0
svm,bigram,full,6,unith,Faure,top_ten,trial,june_09_09_g0,424,4,0,H,4H,,,1,1.0,1,22,22,0.0
svm,bigram,full,6,unith,Faure,top_ten,trial,june_09_09_g0,424,4,0,H,4H,,,1,1.0,1,23,23,0.0
svm,bigram,full,6,unith,Faure,top_ten,trial,june_09_09_g0,424,4,0,H,4H,,,1,1.0,1,24,24,0.0
svm,bigram,full,6,unith,Faure,top_ten,trial,june_09_09_g0,424,4,0,H,4H,,,1,1.0,1,25,25,0.0
svm,bigram,full,6,unith,Faure,top_ten,trial,june_09_09_g0,424,4,0,H,4H,,,1,1.0,1,26,26,0.0
svm,bigram,full,6,unith,Faure,top_ten,trial,june_09_09_g0,424,4,0,H,4H,,,1,1.0,1,27,27,0.0
svm,bigram,full,6,unith,Faure,top_ten,trial,june_09_09_g0,424,4,0,H,4H,,,1,1.0,1,28,28,0.0
svm,bigram,full,6,unith,Faure,top_ten,trial,june_09_09_g0,424,4,0,H,4H,,,1,1.0,1,29,29,0.0
svm,bigram,full,6,unith,Faure,top_ten,trial,june_09_09_g0,424,4,0,H,4H,,,1,1.0,1,30,30,0.0
svm,bigram,full,6,unith,Faure,top_ten,trial,june_09_09_g0,424,4,0,H,4H,,,1,1.0,1,31,31,0.0
svm,bigram,full,6,unith,Faure,top_ten,trial,june_09_09_g0,424,4,0,H,4H,,,1,1.0,1,32,32,0.0
svm,bigram,full,6,unith,Faure,top_ten,trial,june_09_09_g0,424,4,0,H,4H,,,1,1.0,1,33,33,0.0
svm,bigram,full,6,unith,Faure,top_ten,trial,june_09_09_g0,424,4,0,H,4H,,,1,1.0,1,34,34,0.0
svm,bigram,full,6,unith,Faure,top_ten,trial,june_09_09_g0,424,4,0,H,4H,,,1,1.0,1,35,35,0.0
svm,bigram,full,6,unith,Faure,top_ten,trial,june_09_09_g0,207,4,1,S,4S,,,1,1.0,2,0,0,0.0
svm,bigram,full,6,unith,Faure,top_ten,trial,june_09_09_g0,207,4,1,S,4S,,,1,1.0,2,1,1,0.0
svm,bigram,full,6,unith,Faure,top_ten,trial,june_09_09_g0,207,4,1,S,4S,,,1,1.0,2,2,2,0.0
svm,bigram,full,6,unith,Faure,top_ten,trial,june_09_09_g0,207,4,1,S,4S,,,1,1.0,2,3,3,0.0
svm,bigram,full,6,unith,Faure,top_ten,trial,june_09_09_g0,207,4,1,S,4S,,,1,1.0,2,4,4,0.0
svm,bigram,full,6,unith,Faure,top_ten,trial,june_09_09_g0,207,4,1,S,4S,,,1,1.0,2,5,5,0.0
svm,bigram,full,6,unith,Faure,top_ten,trial,june_09_09_g0,207,4,1,S,4S,,,1,1.0,2,6,6,0.0
svm,bigram,full,6,unith,Faure,top_ten,trial,june_09_09_g0,207,4,1,S,4S,,,1,1.0,2,7,7,0.0
svm,bigram,full,6,unith,Faure,top_ten,trial,june_09_09_g0,207,4,1,S,4S,,,1,1.0,2,8,8,0.0
svm,bigram,full,6,unith,Faure,top_ten,trial,june_09_09_g0,207,4,1,S,4S,,,1,1.0,2,9,9,0.5
svm,bigram,full,6,unith,Faure,top_ten,trial,june_09_09_g0,207,4,1,S,4S,,,1,1.0,2,10,10,0.0
svm,bigram,full,6,unith,Faure,top_ten,trial,june_09_09_g0,207,4,1,S,4S,,,1,1.0,2,11,11,0.0
svm,bigram,full,6,unith,Faure,top_ten,trial,june_09_09_g0,207,4,1,S,4S,,,1,1.0,2,12,12,0.0
svm,bigram,full,6,unith,Faure,top_ten,trial,june_09_09_g0,207,4,1,S,4S,,,1,1.0,2,13,13,0.0
svm,bigram,full,6,unith,Faure,top_ten,trial,june_09_09_g0,207,4,1,S,4S,,,1,1.0,2,14,14,0.0
svm,bigram,full,6,unith,Faure,top_ten,trial,june_09_09_g0,207,4,1,S,4S,,,1,1.0,2,15,15,0.0
svm,bigram,full,6,unith,Faure,top_ten,trial,june_09_09_g0,207,4,1,S,4S,,,1,1.0,2,16,16,0.0
svm,bigram,full,6,unith,Faure,top_ten,trial,june_09_09_g0,207,4,1,S,4S,,,1,1.0,2,17,17,0.0
svm,bigram,full,6,unith,Faure,top_ten,trial,june_09_09_g0,207,4,1,S,4S,,,1,1.0,2,18,18,0.0
svm,bigram,full,6,unith,Faure,top_ten,trial,june_09_09_g0,207,4,1,S,4S,,,1,1.0,2,19,19,0.5
svm,bigram,full,6,unith,Faure,top_ten,trial,june_09_09_g0,207,4,1,S,4S,,,1,1.0,2,20,20,0.0
svm,bigram,full,6,unith,Faure,top_ten,trial,june_09_09_g0,207,4,1,S,4S,,,1,1.0,2,21,21,0.0
svm,bigram,full,6,unith,Faure,top_ten,trial,june_09_09_g0,207,4,1,S,4S,,,1,1.0,2,22,22,0.0
svm,bigram,full,6,unith,Faure,top_ten,trial,june_09_09_g0,207,4,1,S,4S,,,1,1.0,2,23,23,0.0
svm,bigram,full,6,unith,Faure,top_ten,trial,june_09_09_g0,207,4,1,S,4S,,,1,1.0,2,24,24,0.0
svm,bigram,full,6,unith,Faure,top_ten,trial,june_09_09_g0,207,4,1,S,4S,,,1,1.0,2,25,25,0.0
svm,bigram,full,6,unith,Faure,top_ten,trial,june_09_09_g0,207,4,1,S,4S,,,1,1.0,2,26,26,0.0
svm,bigram,full,6,unith,Faure,top_ten,trial,june_09_09_g0,207,4,1,S,4S,,,1,1.0,2,27,27,0.0
svm,bigram,full,6,unith,Faure,top_ten,trial,june_09_09_g0,207,4,1,S,4S,,,1,1.0,2,28,28,0.0
svm,bigram,full,6,unith,Faure,top_ten,trial,june_09_09_g0,207,4,1,S,4S,,,1,1.0,2,29,29,0.0
svm,bigram,full,6,unith,Faure,top_ten,trial,june_09_09_g0,207,4,1,S,4S,,,1,1.0,2,30,30,0.0
svm,bigram,full,6,unith,Faure,top_ten,trial,june_09_09_g0,207,4,1,S,4S,,,1,1.0,2,31,31,0.0
svm,bigram,full,6,unith,Faure,top_ten,trial,june_09_09_g0,207,4,1,S,4S,,,1,1.0,2,32,32,0.0
svm,bigram,full,6,unith,Faure,top_ten,trial,june_09_09_g0,207,4,1,S,4S,,,1,1.0,2,33,33,0.0
svm,bigram,full,6,unith,Faure,top_ten,trial,june_09_09_g0,207,4,1,S,4S,,,1,1.0,2,34,34,0.0
svm,bigram,full,6,unith,Faure,top_ten,trial,june_09_09_g0,207,4,1,S,4S,,,1,1.0,2,35,35,0.0
svm,bigram,full,6,unith,Faure,top_ten,trial,june_12_g0,428,4,1,S,4S,,,1,1.0,4,0,0,0.0
svm,bigram,full,6,unith,Faure,top_ten,trial,june_12_g0,428,4,1,S,4S,,,1,1.0,4,1,1,0.0
svm,bigram,full,6,unith,Faure,top_ten,trial,june_12_g0,428,4,1,S,4S,,,1,1.0,4,2,2,0.0
svm,bigram,full,6,unith,Faure,top_ten,trial,june_12_g0,428,4,1,S,4S,,,1,1.0,4,3,3,0.0
svm,bigram,full,6,unith,Faure,top_ten,trial,june_12_g0,428,4,1,S,4S,,,1,1.0,4,4,4,0.0
svm,bigram,full,6,unith,Faure,top_ten,trial,june_12_g0,428,4,1,S,4S,,,1,1.0,4,5,5,0.0
svm,bigram,full,6,unith,Faure,top_ten,trial,june_12_g0,428,4,1,S,4S,,,1,1.0,4,6,6,0.0
svm,bigram,full,6,unith,Faure,top_ten,trial,june_12_g0,428,4,1,S,4S,,,1,1.0,4,7,7,0.0
svm,bigram,full,6,unith,Faure,top_ten,trial,june_12_g0,428,4,1,S,4S,,,1,1.0,4,8,8,0.25
svm,bigram,full,6,unith,Faure,top_ten,trial,june_12_g0,428,4,1,S,4S,,,1,1.0,4,9,9,0.25
svm,bigram,full,6,unith,Faure,top_ten,trial,june_12_g0,428,4,1,S,4S,,,1,1.0,4,10,10,0.0
svm,bigram,full,6,unith,Faure,top_ten,trial,june_12_g0,428,4,1,S,4S,,,1,1.0,4,11,11,0.0
svm,bigram,full,6,unith,Faure,top_ten,trial,june_12_g0,428,4,1,S,4S,,,1,1.0,4,12,12,0.0
svm,bigram,full,6,unith,Faure,top_ten,trial,june_12_g0,428,4,1,S,4S,,,1,1.0,4,13,13,0.25
svm,bigram,full,6,unith,Faure,top_ten,trial,june_12_g0,428,4,1,S,4S,,,1,1.0,4,14,14,0.0
svm,bigram,full,6,unith,Faure,top_ten,trial,june_12_g0,428,4,1,S,4S,,,1,1.0,4,15,15,0.0
svm,bigram,full,6,unith,Faure,top_ten,trial,june_12_g0,428,4,1,S,4S,,,1,1.0,4,16,16,0.0
svm,bigram,full,6,unith,Faure,top_ten,trial,june_12_g0,428,4,1,S,4S,,,1,1.0,4,17,17,0.0
svm,bigram,full,6,unith,Faure,top_ten,trial,june_12_g0,428,4,1,S,4S,,,1,1.0,4,18,18,0.0
svm,bigram,full,6,unith,Faure,top_ten,trial,june_12_g0,428,4,1,S,4S,,,1,1.0,4,19,19,0.25
svm,bigram,full,6,unith,Faure,top_ten,trial,june_12_g0,428,4,1,S,4S,,,1,1.0,4,20,20,0.0
svm,bigram,full,6,unith,Faure,top_ten,trial,june_12_g0,428,4,1,S,4S,,,1,1.0,4,21,21,0.0
svm,bigram,full,6,unith,Faure,top_ten,trial,june_12_g0,428,4,1,S,4S,,,1,1.0,4,22,22,0.0
svm,bigram,full,6,unith,Faure,top_ten,trial,june_12_g0,428,4,1,S,4S,,,1,1.0,4,23,23,0.0
svm,bigram,full,6,unith,Faure,top_ten,trial,june_12_g0,428,4,1,S,4S,,,1,1.0,4,24,24,0.0
svm,bigram,full,6,unith,Faure,top_ten,trial,june_12_g0,428,4,1,S,4S,,,1,1.0,4,25,25,0.0
svm,bigram,full,6,unith,Faure,top_ten,trial,june_12_g0,428,4,1,S,4S,,,1,1.0,4,26,26,0.0
svm,bigram,full,6,unith,Faure,top_ten,trial,june_12_g0,428,4,1,S,4S,,,1,1.0,4,27,27,0.0
svm,bigram,full,6,unith,Faure,top_ten,trial,june_12_g0,428,4,1,S,4S,,,1,1.0,4,28,28,0.0
svm,bigram,full,6,unith,Faure,top_ten,trial,june_12_g0,428,4,1,S,4S,,,1,1.0,4,29,29,0.0
svm,bigram,full,6,unith,Faure,top_ten,trial,june_12_g0,428,4,1,S,4S,,,1,1.0,4,30,30,0.0
svm,bigram,full,6,unith,Faure,top_ten,trial,june_12_g0,428,4,1,S,4S,,,1,1.0,4,31,31,0.0
svm,bigram,full,6,unith,Faure,top_ten,trial,june_12_g0,428,4,1,S,4S,,,1,1.0,4,32,32,0.0
svm,bigram,full,6,unith,Faure,top_ten,trial,june_12_g0,428,4,1,S,4S,,,1,1.0,4,33,33,0.0
svm,bigram,full,6,unith,Faure,top_ten,trial,june_12_g0,428,4,1,S,4S,,,1,1.0,4,34,34,0.0
svm,bigram,full,6,unith,Faure,top_ten,trial,june_12_g0,428,4,1,S,4S,,,1,1.0,4,35,35,0.0
svm,bigram,full,6,unith,Faure,top_ten,trial,june_16_g0,224,4,1,S,4S,,,1,1.0,2,0,0,0.0
svm,bigram,full,6,unith,Faure,top_ten,trial,june_16_g0,224,4,1,S,4S,,,1,1.0,2,1,1,0.0
svm,bigram,full,6,unith,Faure,top_ten,trial,june_16_g0,224,4,1,S,4S,,,1,1.0,2,2,2,0.0
svm,bigram,full,6,unith,Faure,top_ten,trial,june_16_g0,224,4,1,S,4S,,,1,1.0,2,3,3,0.0
svm,bigram,full,6,unith,Faure,top_ten,trial,june_16_g0,224,4,1,S,4S,,,1,1.0,2,4,4,0.0
svm,bigram,full,6,unith,Faure,top_ten,trial,june_16_g0,224,4,1,S,4S,,,1,1.0,2,5,5,0.0
svm,bigram,full,6,unith,Faure,top_ten,trial,june_16_g0,224,4,1,S,4S,,,1,1.0,2,6,6,0.0
svm,bigram,full,6,unith,Faure,top_ten,trial,june_16_g0,224,4,1,S,4S,,,1,1.0,2,7,7,0.0
svm,bigram,full,6,unith,Faure,top_ten,trial,june_16_g0,224,4,1,S,4S,,,1,1.0,2,8,8,0.0
svm,bigram,full,6,unith,Faure,top_ten,trial,june_16_g0,224,4,1,S,4S,,,1,1.0,2,9,9,0.5
svm,bigram,full,6,unith,Faure,top_ten,trial,june_16_g0,224,4,1,S,4S,,,1,1.0,2,10,10,0.0
svm,bigram,full,6,unith,Faure,top_ten,trial,june_16_g0,224,4,1,S,4S,,,1,1.0,2,11,11,0.0
svm,bigram,full,6,unith,Faure,top_ten,trial,june_16_g0,224,4,1,S,4S,,,1,1.0,2,12,12,0.0
svm,bigram,full,6,unith,Faure,top_ten,trial,june_16_g0,224,4,1,S,4S,,,1,1.0,2,13,13,0.0
svm,bigram,full,6,unith,Faure,top_ten,trial,june_16_g0,224,4,1,S,4S,,,1,1.0,2,14,14,0.0
svm,bigram,full,6,unith,Faure,top_ten,trial,june_16_g0,224,4,1,S,4S,,,1,1.0,2,15,15,0.0
svm,bigram,full,6,unith,Faure,top_ten,trial,june_16_g0,224,4,1,S,4S,,,1,1.0,2,16,16,0.0
svm,bigram,full,6,unith,Faure,top_ten,trial,june_16_g0,224,4,1,S,4S,,,1,1.0,2,17,17,0.0
svm,bigram,full,6,unith,Faure,top_ten,trial,june_16_g0,224,4,1,S,4S,,,1,1.0,2,18,18,0.0
svm,bigram,full,6,unith,Faure,top_ten,trial,june_16_g0,224,4,1,S,4S,,,1,1.0,2,19,19,0.5
svm,bigram,full,6,unith,Faure,top_ten,trial,june_16_g0,224,4,1,S,4S,,,1,1.0,2,20,20,0.0
svm,bigram,full,6,unith,Faure,top_ten,trial,june_16_g0,224,4,1,S,4S,,,1,1.0,2,21,21,0.0
svm,bigram,full,6,unith,Faure,top_ten,trial,june_16_g0,224,4,1,S,4S,,,1,1.0,2,22,22,0.0
svm,bigram,full,6,unith,Faure,top_ten,trial,june_16_g0,224,4,1,S,4S,,,1,1.0,2,23,23,0.0
svm,bigram,full,6,unith,Faure,top_ten,trial,june_16_g0,224,4,1,S,4S,,,1,1.0,2,24,24,0.0
svm,bigram,full,6,unith,Faure,top_ten,trial,june_16_g0,224,4,1,S,4S,,,1,1.0,2,25,25,0.0
svm,bigram,full,6,unith,Faure,top_ten,trial,june_16_g0,224,4,1,S,4S,,,1,1.0,2,26,26,0.0
svm,bigram,full,6,unith,Faure,top_ten,trial,june_16_g0,224,4,1,S,4S,,,1,1.0,2,27,27,0.0
svm,bigram,full,6,unith,Faure,top_ten,trial,june_16_g0,224,4,1,S,4S,,,1,1.0,2,28,28,0.0
svm,bigram,full,6,unith,Faure,top_ten,trial,june_16_g0,224,4,1,S,4S,,,1,1.0,2,29,29,0.0
svm,bigram,full,6,unith,Faure,top_ten,trial,june_16_g0,224,4,1,S,4S,,,1,1.0,2,30,30,0.0
svm,bigram,full,6,unith,Faure,top_ten,trial,june_16_g0,224,4,1,S,4S,,,1,1.0,2,31,31,0.0
svm,bigram,full,6,unith,Faure,top_ten,trial,june_16_g0,224,4,1,S,4S,,,1,1.0,2,32,32,0.0
svm,bigram,full,6,unith,Faure,top_ten,trial,june_16_g0,224,4,1,S,4S,,,1,1.0,2,33,33,0.0
svm,bigram,full,6,unith,Faure,top_ten,trial,june_16_g0,224,4,1,S,4S,,,1,1.0,2,34,34,0.0
svm,bigram,full,6,unith,Faure,top_ten,trial,june_16_g0,224,4,1,S,4S,,,1,1.0,2,35,35,0.0
svm,bigram,full,6,unith,Faure,top_ten,trial,june_18_g0,371,5,0,H,5H,,,1,1.0,2,0,0,0.0
svm,bigram,full,6,unith,Faure,top_ten,trial,june_18_g0,371,5,0,H,5H,,,1,1.0,2,1,1,0.0
svm,bigram,full,6,unith,Faure,top_ten,trial,june_18_g0,371,5,0,H,5H,,,1,1.0,2,2,2,0.0
svm,bigram,full,6,unith,Faure,top_ten,trial,june_18_g0,371,5,0,H,5H,,,1,1.0,2,3,3,0.0
svm,bigram,full,6,unith,Faure,top_ten,trial,june_18_g0,371,5,0,H,5H,,,1,1.0,2,4,4,0.0
svm,bigram,full,6,unith,Faure,top_ten,trial,june_18_g0,371,5,0,H,5H,,,1,1.0,2,5,5,0.0
svm,bigram,full,6,unith,Faure,top_ten,trial,june_18_g0,371,5,0,H,5H,,,1,1.0,2,6,6,0.0
svm,bigram,full,6,unith,Faure,top_ten,trial,june_18_g0,371,5,0,H,5H,,,1,1.0,2,7,7,0.0
svm,bigram,full,6,unith,Faure,top_ten,trial,june_18_g0,371,5,0,H,5H,,,1,1.0,2,8,8,0.5
svm,bigram,full,6,unith,Faure,top_ten,trial,june_18_g0,371,5,0,H,5H,,,1,1.0,2,9,9,0.0
svm,bigram,full,6,unith,Faure,top_ten,trial,june_18_g0,371,5,0,H,5H,,,1,1.0,2,10,10,0.0
svm,bigram,full,6,unith,Faure,top_ten,trial,june_18_g0,371,5,0,H,5H,,,1,1.0,2,11,11,0.0
svm,bigram,full,6,unith,Faure,top_ten,trial,june_18_g0,371,5,0,H,5H,,,1,1.0,2,12,12,0.0
svm,bigram,full,6,unith,Faure,top_ten,trial,june_18_g0,371,5,0,H,5H,,,1,1.0,2,13,13,0.5
svm,bigram,full,6,unith,Faure,top_ten,trial,june_18_g0,371,5,0,H,5H,,,1,1.0,2,14,14,0.0
svm,bigram,full,6,unith,Faure,top_ten,trial,june_18_g0,371,5,0,H,5H,,,1,1.0,2,15,15,0.0
svm,bigram,full,6,unith,Faure,top_ten,trial,june_18_g0,371,5,0,H,5H,,,1,1.0,2,16,16,0.0
svm,bigram,full,6,unith,Faure,top_ten,trial,june_18_g0,371,5,0,H,5H,,,1,1.0,2,17,17,0.0
svm,bigram,full,6,unith,Faure,top_ten,trial,june_18_g0,371,5,0,H,5H,,,1,1.0,2,18,18,0.0
svm,bigram,full,6,unith,Faure,top_ten,trial,june_18_g0,371,5,0,H,5H,,,1,1.0,2,19,19,0.0
svm,bigram,full,6,unith,Faure,top_ten,trial,june_18_g0,371,5,0,H,5H,,,1,1.0,2,20,20,0.0
svm,bigram,full,6,unith,Faure,top_ten,trial,june_18_g0,371,5,0,H,5H,,,1,1.0,2,21,21,0.0
svm,bigram,full,6,unith,Faure,top_ten,trial,june_18_g0,371,5,0,H,5H,,,1,1.0,2,22,22,0.0
svm,bigram,full,6,unith,Faure,top_ten,trial,june_18_g0,371,5,0,H,5H,,,1,1.0,2,23,23,0.0
svm,bigram,full,6,unith,Faure,top_ten,trial,june_18_g0,371,5,0,H,5H,,,1,1.0,2,24,24,0.0
svm,bigram,full,6,unith,Faure,top_ten,trial,june_18_g0,371,5,0,H,5H,,,1,1.0,2,25,25,0.0
svm,bigram,full,6,unith,Faure,top_ten,trial,june_18_g0,371,5,0,H,5H,,,1,1.0,2,26,26,0.0
svm,bigram,full,6,unith,Faure,top_ten,trial,june_18_g0,371,5,0,H,5H,,,1,1.0,2,27,27,0.0
svm,bigram,full,6,unith,Faure,top_ten,trial,june_18_g0,371,5,0,H,5H,,,1,1.0,2,28,28,0.0
svm,bigram,full,6,unith,Faure,top_ten,trial,june_18_g0,371,5,0,H,5H,,,1,1.0,2,29,29,0.0
svm,bigram,full,6,unith,Faure,top_ten,trial,june_18_g0,371,5,0,H,5H,,,1,1.0,2,30,30,0.0
svm,bigram,full,6,unith,Faure,top_ten,trial,june_18_g0,371,5,0,H,5H,,,1,1.0,2,31,31,0.0
svm,bigram,full,6,unith,Faure,top_ten,trial,june_18_g0,371,5,0,H,5H,,,1,1.0,2,32,32,0.0
svm,bigram,full,6,unith,Faure,top_ten,trial,june_18_g0,371,5,0,H,5H,,,1,1.0,2,33,33,0.0
svm,bigram,full,6,unith,Faure,top_ten,trial,june_18_g0,371,5,0,H,5H,,,1,1.0,2,34,34,0.0
svm,bigram,full,6,unith,Faure,top_ten,trial,june_18_g0,371,5,0,H,5H,,,1,1.0,2,35,35,0.0
svm,bigram,full,6,unith,Faure,top_ten,trial,june_28_g0,380,5,0,H,5H,,,1,1.0,1,0,0,0.0
svm,bigram,full,6,unith,Faure,top_ten,trial,june_28_g0,380,5,0,H,5H,,,1,1.0,1,1,1,0.0
svm,bigram,full,6,unith,Faure,top_ten,trial,june_28_g0,380,5,0,H,5H,,,1,1.0,1,2,2,0.0
svm,bigram,full,6,unith,Faure,top_ten,trial,june_28_g0,380,5,0,H,5H,,,1,1.0,1,3,3,0.0
svm,bigram,full,6,unith,Faure,top_ten,trial,june_28_g0,380,5,0,H,5H,,,1,1.0,1,4,4,0.0
svm,bigram,full,6,unith,Faure,top_ten,trial,june_28_g0,380,5,0,H,5H,,,1,1.0,1,5,5,0.0
svm,bigram,full,6,unith,Faure,top_ten,trial,june_28_g0,380,5,0,H,5H,,,1,1.0,1,6,6,0.0
svm,bigram,full,6,unith,Faure,top_ten,trial,june_28_g0,380,5,0,H,5H,,,1,1.0,1,7,7,0.0
svm,bigram,full,6,unith,Faure,top_ten,trial,june_28_g0,380,5,0,H,5H,,,1,1.0,1,8,8,0.0
svm,bigram,full,6,unith,Faure,top_ten,trial,june_28_g0,380,5,0,H,5H,,,1,1.0,1,9,9,0.0
svm,bigram,full,6,unith,Faure,top_ten,trial,june_28_g0,380,5,0,H,5H,,,1,1.0,1,10,10,0.0
svm,bigram,full,6,unith,Faure,top_ten,trial,june_28_g0,380,5,0,H,5H,,,1,1.0,1,11,11,0.0
svm,bigram,full,6,unith,Faure,top_ten,trial,june_28_g0,380,5,0,H,5H,,,1,1.0,1,12,12,0.0
svm,bigram,full,6,unith,Faure,top_ten,trial,june_28_g0,380,5,0,H,5H,,,1,1.0,1,13,13,0.0
svm,bigram,full,6,unith,Faure,top_ten,trial,june_28_g0,380,5,0,H,5H,,,1,1.0,1,14,14,0.0
svm,bigram,full,6,unith,Faure,top_ten,trial,june_28_g0,380,5,0,H,5H,,,1,1.0,1,15,15,0.0
svm,bigram,full,6,unith,Faure,top_ten,trial,june_28_g0,380,5,0,H,5H,,,1,1.0,1,16,16,0.0
svm,bigram,full,6,unith,Faure,top_ten,trial,june_28_g0,380,5,0,H,5H,,,1,1.0,1,17,17,0.0
svm,bigram,full,6,unith,Faure,top_ten,trial,june_28_g0,380,5,0,H,5H,,,1,1.0,1,18,18,0.0
svm,bigram,full,6,unith,Faure,top_ten,trial,june_28_g0,380,5,0,H,5H,,,1,1.0,1,19,19,0.0
svm,bigram,full,6,unith,Faure,top_ten,trial,june_28_g0,380,5,0,H,5H,,,1,1.0,1,20,20,0.0
svm,bigram,full,6,unith,Faure,top_ten,trial,june_28_g0,380,5,0,H,5H,,,1,1.0,1,21,21,0.0
svm,bigram,full,6,unith,Faure,top_ten,trial,june_28_g0,380,5,0,H,5H,,,1,1.0,1,22,22,0.0
svm,bigram,full,6,unith,Faure,top_ten,trial,june_28_g0,380,5,0,H,5H,,,1,1.0,1,23,23,0.0
svm,bigram,full,6,unith,Faure,top_ten,trial,june_28_g0,380,5,0,H,5H,,,1,1.0,1,24,24,0.0
svm,bigram,full,6,unith,Faure,top_ten,trial,june_28_g0,380,5,0,H,5H,,,1,1.0,1,25,25,1.0
svm,bigram,full,6,unith,Faure,top_ten,trial,june_28_g0,380,5,0,H,5H,,,1,1.0,1,26,26,0.0
svm,bigram,full,6,unith,Faure,top_ten,trial,june_28_g0,380,5,0,H,5H,,,1,1.0,1,27,27,0.0
svm,bigram,full,6,unith,Faure,top_ten,trial,june_28_g0,380,5,0,H,5H,,,1,1.0,1,28,28,0.0
svm,bigram,full,6,unith,Faure,top_ten,trial,june_28_g0,380,5,0,H,5H,,,1,1.0,1,29,29,0.0
svm,bigram,full,6,unith,Faure,top_ten,trial,june_28_g0,380,5,0,H,5H,,,1,1.0,1,30,30,0.0
svm,bigram,full,6,unith,Faure,top_ten,trial,june_28_g0,380,5,0,H,5H,,,1,1.0,1,31,31,0.0
svm,bigram,full,6,unith,Faure,top_ten,trial,june_28_g0,380,5,0,H,5H,,,1,1.0,1,32,32,0.0
svm,bigram,full,6,unith,Faure,top_ten,trial,june_28_g0,380,5,0,H,5H,,,1,1.0,1,33,33,0.0
svm,bigram,full,6,unith,Faure,top_ten,trial,june_28_g0,380,5,0,H,5H,,,1,1.0,1,34,34,0.0
svm,bigram,full,6,unith,Faure,top_ten,trial,june_28_g0,380,5,0,H,5H,,,1,1.0,1,35,35,0.0
svm,bigram,full,6,unith,Faure,top_ten,trial,june_16_g0,351,5,0,H,5H,,,1,1.0,2,0,0,0.0
svm,bigram,full,6,unith,Faure,top_ten,trial,june_16_g0,351,5,0,H,5H,,,1,1.0,2,1,1,0.0
svm,bigram,full,6,unith,Faure,top_ten,trial,june_16_g0,351,5,0,H,5H,,,1,1.0,2,2,2,0.0
svm,bigram,full,6,unith,Faure,top_ten,trial,june_16_g0,351,5,0,H,5H,,,1,1.0,2,3,3,0.0
svm,bigram,full,6,unith,Faure,top_ten,trial,june_16_g0,351,5,0,H,5H,,,1,1.0,2,4,4,0.0
svm,bigram,full,6,unith,Faure,top_ten,trial,june_16_g0,351,5,0,H,5H,,,1,1.0,2,5,5,0.0
svm,bigram,full,6,unith,Faure,top_ten,trial,june_16_g0,351,5,0,H,5H,,,1,1.0,2,6,6,0.0
svm,bigram,full,6,unith,Faure,top_ten,trial,june_16_g0,351,5,0,H,5H,,,1,1.0,2,7,7,0.0
svm,bigram,full,6,unith,Faure,top_ten,trial,june_16_g0,351,5,0,H,5H,,,1,1.0,2,8,8,0.0
svm,bigram,full,6,unith,Faure,top_ten,trial,june_16_g0,351,5,0,H,5H,,,1,1.0,2,9,9,0.0
svm,bigram,full,6,unith,Faure,top_ten,trial,june_16_g0,351,5,0,H,5H,,,1,1.0,2,10,10,0.0
svm,bigram,full,6,unith,Faure,top_ten,trial,june_16_g0,351,5,0,H,5H,,,1,1.0,2,11,11,0.0
svm,bigram,full,6,unith,Faure,top_ten,trial,june_16_g0,351,5,0,H,5H,,,1,1.0,2,12,12,0.0
svm,bigram,full,6,unith,Faure,top_ten,trial,june_16_g0,351,5,0,H,5H,,,1,1.0,2,13,13,0.0
svm,bigram,full,6,unith,Faure,top_ten,trial,june_16_g0,351,5,0,H,5H,,,1,1.0,2,14,14,0.0
svm,bigram,full,6,unith,Faure,top_ten,trial,june_16_g0,351,5,0,H,5H,,,1,1.0,2,15,15,0.5
svm,bigram,full,6,unith,Faure,top_ten,trial,june_16_g0,351,5,0,H,5H,,,1,1.0,2,16,16,0.0
svm,bigram,full,6,unith,Faure,top_ten,trial,june_16_g0,351,5,0,H,5H,,,1,1.0,2,17,17,0.0
svm,bigram,full,6,unith,Faure,top_ten,trial,june_16_g0,351,5,0,H,5H,,,1,1.0,2,18,18,0.0
svm,bigram,full,6,unith,Faure,top_ten,trial,june_16_g0,351,5,0,H,5H,,,1,1.0,2,19,19,0.5
svm,bigram,full,6,unith,Faure,top_ten,trial,june_16_g0,351,5,0,H,5H,,,1,1.0,2,20,20,0.0
svm,bigram,full,6,unith,Faure,top_ten,trial,june_16_g0,351,5,0,H,5H,,,1,1.0,2,21,21,0.0
svm,bigram,full,6,unith,Faure,top_ten,trial,june_16_g0,351,5,0,H,5H,,,1,1.0,2,22,22,0.0
svm,bigram,full,6,unith,Faure,top_ten,trial,june_16_g0,351,5,0,H,5H,,,1,1.0,2,23,23,0.0
svm,bigram,full,6,unith,Faure,top_ten,trial,june_16_g0,351,5,0,H,5H,,,1,1.0,2,24,24,0.0
svm,bigram,full,6,unith,Faure,top_ten,trial,june_16_g0,351,5,0,H,5H,,,1,1.0,2,25,25,0.0
svm,bigram,full,6,unith,Faure,top_ten,trial,june_16_g0,351,5,0,H,5H,,,1,1.0,2,26,26,0.0
svm,bigram,full,6,unith,Faure,top_ten,trial,june_16_g0,351,5,0,H,5H,,,1,1.0,2,27,27,0.0
svm,bigram,full,6,unith,Faure,top_ten,trial,june_16_g0,351,5,0,H,5H,,,1,1.0,2,28,28,0.0
svm,bigram,full,6,unith,Faure,top_ten,trial,june_16_g0,351,5,0,H,5H,,,1,1.0,2,29,29,0.0
svm,bigram,full,6,unith,Faure,top_ten,trial,june_16_g0,351,5,0,H,5H,,,1,1.0,2,30,30,0.0
svm,bigram,full,6,unith,Faure,top_ten,trial,june_16_g0,351,5,0,H,5H,,,1,1.0,2,31,31,0.0
svm,bigram,full,6,unith,Faure,top_ten,trial,june_16_g0,351,5,0,H,5H,,,1,1.0,2,32,32,0.0
svm,bigram,full,6,unith,Faure,top_ten,trial,june_16_g0,351,5,0,H,5H,,,1,1.0,2,33,33,0.0
svm,bigram,full,6,unith,Faure,top_ten,trial,june_16_g0,351,5,0,H,5H,,,1,1.0,2,34,34,0.0
svm,bigram,full,6,unith,Faure,top_ten,trial,june_16_g0,351,5,0,H,5H,,,1,1.0,2,35,35,0.0
svm,bigram,full,6,unith,Faure,top_ten,trial,june_10_g0,345,5,1,S,5S,,,1,1.0,2,0,0,0.0
svm,bigram,full,6,unith,Faure,top_ten,trial,june_10_g0,345,5,1,S,5S,,,1,1.0,2,1,1,0.0
svm,bigram,full,6,unith,Faure,top_ten,trial,june_10_g0,345,5,1,S,5S,,,1,1.0,2,2,2,0.0
svm,bigram,full,6,unith,Faure,top_ten,trial,june_10_g0,345,5,1,S,5S,,,1,1.0,2,3,3,0.0
svm,bigram,full,6,unith,Faure,top_ten,trial,june_10_g0,345,5,1,S,5S,,,1,1.0,2,4,4,0.0
svm,bigram,full,6,unith,Faure,top_ten,trial,june_10_g0,345,5,1,S,5S,,,1,1.0,2,5,5,0.0
svm,bigram,full,6,unith,Faure,top_ten,trial,june_10_g0,345,5,1,S,5S,,,1,1.0,2,6,6,0.0
svm,bigram,full,6,unith,Faure,top_ten,trial,june_10_g0,345,5,1,S,5S,,,1,1.0,2,7,7,0.0
svm,bigram,full,6,unith,Faure,top_ten,trial,june_10_g0,345,5,1,S,5S,,,1,1.0,2,8,8,0.0
svm,bigram,full,6,unith,Faure,top_ten,trial,june_10_g0,345,5,1,S,5S,,,1,1.0,2,9,9,0.5
svm,bigram,full,6,unith,Faure,top_ten,trial,june_10_g0,345,5,1,S,5S,,,1,1.0,2,10,10,0.0
svm,bigram,full,6,unith,Faure,top_ten,trial,june_10_g0,345,5,1,S,5S,,,1,1.0,2,11,11,0.0
svm,bigram,full,6,unith,Faure,top_ten,trial,june_10_g0,345,5,1,S,5S,,,1,1.0,2,12,12,0.0
svm,bigram,full,6,unith,Faure,top_ten,trial,june_10_g0,345,5,1,S,5S,,,1,1.0,2,13,13,0.0
svm,bigram,full,6,unith,Faure,top_ten,trial,june_10_g0,345,5,1,S,5S,,,1,1.0,2,14,14,0.0
svm,bigram,full,6,unith,Faure,top_ten,trial,june_10_g0,345,5,1,S,5S,,,1,1.0,2,15,15,0.0
svm,bigram,full,6,unith,Faure,top_ten,trial,june_10_g0,345,5,1,S,5S,,,1,1.0,2,16,16,0.0
svm,bigram,full,6,unith,Faure,top_ten,trial,june_10_g0,345,5,1,S,5S,,,1,1.0,2,17,17,0.0
svm,bigram,full,6,unith,Faure,top_ten,trial,june_10_g0,345,5,1,S,5S,,,1,1.0,2,18,18,0.0
svm,bigram,full,6,unith,Faure,top_ten,trial,june_10_g0,345,5,1,S,5S,,,1,1.0,2,19,19,0.5
svm,bigram,full,6,unith,Faure,top_ten,trial,june_10_g0,345,5,1,S,5S,,,1,1.0,2,20,20,0.0
svm,bigram,full,6,unith,Faure,top_ten,trial,june_10_g0,345,5,1,S,5S,,,1,1.0,2,21,21,0.0
svm,bigram,full,6,unith,Faure,top_ten,trial,june_10_g0,345,5,1,S,5S,,,1,1.0,2,22,22,0.0
svm,bigram,full,6,unith,Faure,top_ten,trial,june_10_g0,345,5,1,S,5S,,,1,1.0,2,23,23,0.0
svm,bigram,full,6,unith,Faure,top_ten,trial,june_10_g0,345,5,1,S,5S,,,1,1.0,2,24,24,0.0
svm,bigram,full,6,unith,Faure,top_ten,trial,june_10_g0,345,5,1,S,5S,,,1,1.0,2,25,25,0.0
svm,bigram,full,6,unith,Faure,top_ten,trial,june_10_g0,345,5,1,S,5S,,,1,1.0,2,26,26,0.0
svm,bigram,full,6,unith,Faure,top_ten,trial,june_10_g0,345,5,1,S,5S,,,1,1.0,2,27,27,0.0
svm,bigram,full,6,unith,Faure,top_ten,trial,june_10_g0,345,5,1,S,5S,,,1,1.0,2,28,28,0.0
svm,bigram,full,6,unith,Faure,top_ten,trial,june_10_g0,345,5,1,S,5S,,,1,1.0,2,29,29,0.0
svm,bigram,full,6,unith,Faure,top_ten,trial,june_10_g0,345,5,1,S,5S,,,1,1.0,2,30,30,0.0
svm,bigram,full,6,unith,Faure,top_ten,trial,june_10_g0,345,5,1,S,5S,,,1,1.0,2,31,31,0.0
svm,bigram,full,6,unith,Faure,top_ten,trial,june_10_g0,345,5,1,S,5S,,,1,1.0,2,32,32,0.0
svm,bigram,full,6,unith,Faure,top_ten,trial,june_10_g0,345,5,1,S,5S,,,1,1.0,2,33,33,0.0
svm,bigram,full,6,unith,Faure,top_ten,trial,june_10_g0,345,5,1,S,5S,,,1,1.0,2,34,34,0.0
svm,bigram,full,6,unith,Faure,top_ten,trial,june_10_g0,345,5,1,S,5S,,,1,1.0,2,35,35,0.0
svm,bigram,full,6,unith,Faure,top_ten,trial,june_29_g0,547,5,1,S,5S,,,1,1.0000000298023224,3,0,0,0.0
svm,bigram,full,6,unith,Faure,top_ten,trial,june_29_g0,547,5,1,S,5S,,,1,1.0000000298023224,3,1,1,0.0
svm,bigram,full,6,unith,Faure,top_ten,trial,june_29_g0,547,5,1,S,5S,,,1,1.0000000298023224,3,2,2,0.0
svm,bigram,full,6,unith,Faure,top_ten,trial,june_29_g0,547,5,1,S,5S,,,1,1.0000000298023224,3,3,3,0.3333333432674408
svm,bigram,full,6,unith,Faure,top_ten,trial,june_29_g0,547,5,1,S,5S,,,1,1.0000000298023224,3,4,4,0.0
svm,bigram,full,6,unith,Faure,top_ten,trial,june_29_g0,547,5,1,S,5S,,,1,1.0000000298023224,3,5,5,0.0
svm,bigram,full,6,unith,Faure,top_ten,trial,june_29_g0,547,5,1,S,5S,,,1,1.0000000298023224,3,6,6,0.0
svm,bigram,full,6,unith,Faure,top_ten,trial,june_29_g0,547,5,1,S,5S,,,1,1.0000000298023224,3,7,7,0.0
svm,bigram,full,6,unith,Faure,top_ten,trial,june_29_g0,547,5,1,S,5S,,,1,1.0000000298023224,3,8,8,0.0
svm,bigram,full,6,unith,Faure,top_ten,trial,june_29_g0,547,5,1,S,5S,,,1,1.0000000298023224,3,9,9,0.0
svm,bigram,full,6,unith,Faure,top_ten,trial,june_29_g0,547,5,1,S,5S,,,1,1.0000000298023224,3,10,10,0.0
svm,bigram,full,6,unith,Faure,top_ten,trial,june_29_g0,547,5,1,S,5S,,,1,1.0000000298023224,3,11,11,0.0
svm,bigram,full,6,unith,Faure,top_ten,trial,june_29_g0,547,5,1,S,5S,,,1,1.0000000298023224,3,12,12,0.0
svm,bigram,full,6,unith,Faure,top_ten,trial,june_29_g0,547,5,1,S,5S,,,1,1.0000000298023224,3,13,13,0.3333333432674408
svm,bigram,full,6,unith,Faure,top_ten,trial,june_29_g0,547,5,1,S,5S,,,1,1.0000000298023224,3,14,14,0.0
svm,bigram,full,6,unith,Faure,top_ten,trial,june_29_g0,547,5,1,S,5S,,,1,1.0000000298023224,3,15,15,0.0
svm,bigram,full,6,unith,Faure,top_ten,trial,june_29_g0,547,5,1,S,5S,,,1,1.0000000298023224,3,16,16,0.0
svm,bigram,full,6,unith,Faure,top_ten,trial,june_29_g0,547,5,1,S,5S,,,1,1.0000000298023224,3,17,17,0.0
svm,bigram,full,6,unith,Faure,top_ten,trial,june_29_g0,547,5,1,S,5S,,,1,1.0000000298023224,3,18,18,0.0
svm,bigram,full,6,unith,Faure,top_ten,trial,june_29_g0,547,5,1,S,5S,,,1,1.0000000298023224,3,19,19,0.0
svm,bigram,full,6,unith,Faure,top_ten,trial,june_29_g0,547,5,1,S,5S,,,1,1.0000000298023224,3,20,20,0.3333333432674408
svm,bigram,full,6,unith,Faure,top_ten,trial,june_29_g0,547,5,1,S,5S,,,1,1.0000000298023224,3,21,21,0.0
svm,bigram,full,6,unith,Faure,top_ten,trial,june_29_g0,547,5,1,S,5S,,,1,1.0000000298023224,3,22,22,0.0
svm,bigram,full,6,unith,Faure,top_ten,trial,june_29_g0,547,5,1,S,5S,,,1,1.0000000298023224,3,23,23,0.0
svm,bigram,full,6,unith,Faure,top_ten,trial,june_29_g0,547,5,1,S,5S,,,1,1.0000000298023224,3,24,24,0.0
svm,bigram,full,6,unith,Faure,top_ten,trial,june_29_g0,547,5,1,S,5S,,,1,1.0000000298023224,3,25,25,0.0
svm,bigram,full,6,unith,Faure,top_ten,trial,june_29_g0,547,5,1,S,5S,,,1,1.0000000298023224,3,26,26,0.0
svm,bigram,full,6,unith,Faure,top_ten,trial,june_29_g0,547,5,1,S,5S,,,1,1.0000000298023224,3,27,27,0.0
svm,bigram,full,6,unith,Faure,top_ten,trial,june_29_g0,547,5,1,S,5S,,,1,1.0000000298023224,3,28,28,0.0
svm,bigram,full,6,unith,Faure,top_ten,trial,june_29_g0,547,5,1,S,5S,,,1,1.0000000298023224,3,29,29,0.0
svm,bigram,full,6,unith,Faure,top_ten,trial,june_29_g0,547,5,1,S,5S,,,1,1.0000000298023224,3,30,30,0.0
svm,bigram,full,6,unith,Faure,top_ten,trial,june_29_g0,547,5,1,S,5S,,,1,1.0000000298023224,3,31,31,0.0
svm,bigram,full,6,unith,Faure,top_ten,trial,june_29_g0,547,5,1,S,5S,,,1,1.0000000298023224,3,32,32,0.0
svm,bigram,full,6,unith,Faure,top_ten,trial,june_29_g0,547,5,1,S,5S,,,1,1.0000000298023224,3,33,33,0.0
svm,bigram,full,6,unith,Faure,top_ten,trial,june_29_g0,547,5,1,S,5S,,,1,1.0000000298023224,3,34,34,0.0
svm,bigram,full,6,unith,Faure,top_ten,trial,june_29_g0,547,5,1,S,5S,,,1,1.0000000298023224,3,35,35,0.0
svm,bigram,full,6,unith,Faure,top_ten,trial,june_18_g0,201,5,1,S,5S,,,1,1.0,2,0,0,0.0
svm,bigram,full,6,unith,Faure,top_ten,trial,june_18_g0,201,5,1,S,5S,,,1,1.0,2,1,1,0.0
svm,bigram,full,6,unith,Faure,top_ten,trial,june_18_g0,201,5,1,S,5S,,,1,1.0,2,2,2,0.0
svm,bigram,full,6,unith,Faure,top_ten,trial,june_18_g0,201,5,1,S,5S,,,1,1.0,2,3,3,0.0
svm,bigram,full,6,unith,Faure,top_ten,trial,june_18_g0,201,5,1,S,5S,,,1,1.0,2,4,4,0.0
svm,bigram,full,6,unith,Faure,top_ten,trial,june_18_g0,201,5,1,S,5S,,,1,1.0,2,5,5,0.0
svm,bigram,full,6,unith,Faure,top_ten,trial,june_18_g0,201,5,1,S,5S,,,1,1.0,2,6,6,0.0
svm,bigram,full,6,unith,Faure,top_ten,trial,june_18_g0,201,5,1,S,5S,,,1,1.0,2,7,7,0.0
svm,bigram,full,6,unith,Faure,top_ten,trial,june_18_g0,201,5,1,S,5S,,,1,1.0,2,8,8,0.0
svm,bigram,full,6,unith,Faure,top_ten,trial,june_18_g0,201,5,1,S,5S,,,1,1.0,2,9,9,0.0
svm,bigram,full,6,unith,Faure,top_ten,trial,june_18_g0,201,5,1,S,5S,,,1,1.0,2,10,10,0.5
svm,bigram,full,6,unith,Faure,top_ten,trial,june_18_g0,201,5,1,S,5S,,,1,1.0,2,11,11,0.0
svm,bigram,full,6,unith,Faure,top_ten,trial,june_18_g0,201,5,1,S,5S,,,1,1.0,2,12,12,0.0
svm,bigram,full,6,unith,Faure,top_ten,trial,june_18_g0,201,5,1,S,5S,,,1,1.0,2,13,13,0.0
svm,bigram,full,6,unith,Faure,top_ten,trial,june_18_g0,201,5,1,S,5S,,,1,1.0,2,14,14,0.0
svm,bigram,full,6,unith,Faure,top_ten,trial,june_18_g0,201,5,1,S,5S,,,1,1.0,2,15,15,0.0
svm,bigram,full,6,unith,Faure,top_ten,trial,june_18_g0,201,5,1,S,5S,,,1,1.0,2,16,16,0.0
svm,bigram,full,6,unith,Faure,top_ten,trial,june_18_g0,201,5,1,S,5S,,,1,1.0,2,17,17,0.0
svm,bigram,full,6,unith,Faure,top_ten,trial,june_18_g0,201,5,1,S,5S,,,1,1.0,2,18,18,0.0
svm,bigram,full,6,unith,Faure,top_ten,trial,june_18_g0,201,5,1,S,5S,,,1,1.0,2,19,19,0.0
svm,bigram,full,6,unith,Faure,top_ten,trial,june_18_g0,201,5,1,S,5S,,,1,1.0,2,20,20,0.0
svm,bigram,full,6,unith,Faure,top_ten,trial,june_18_g0,201,5,1,S,5S,,,1,1.0,2,21,21,0.0
svm,bigram,full,6,unith,Faure,top_ten,trial,june_18_g0,201,5,1,S,5S,,,1,1.0,2,22,22,0.0
svm,bigram,full,6,unith,Faure,top_ten,trial,june_18_g0,201,5,1,S,5S,,,1,1.0,2,23,23,0.0
svm,bigram,full,6,unith,Faure,top_ten,trial,june_18_g0,201,5,1,S,5S,,,1,1.0,2,24,24,0.0
svm,bigram,full,6,unith,Faure,top_ten,trial,june_18_g0,201,5,1,S,5S,,,1,1.0,2,25,25,0.5
svm,bigram,full,6,unith,Faure,top_ten,trial,june_18_g0,201,5,1,S,5S,,,1,1.0,2,26,26,0.0
svm,bigram,full,6,unith,Faure,top_ten,trial,june_18_g0,201,5,1,S,5S,,,1,1.0,2,27,27,0.0
svm,bigram,full,6,unith,Faure,top_ten,trial,june_18_g0,201,5,1,S,5S,,,1,1.0,2,28,28,0.0
svm,bigram,full,6,unith,Faure,top_ten,trial,june_18_g0,201,5,1,S,5S,,,1,1.0,2,29,29,0.0
svm,bigram,full,6,unith,Faure,top_ten,trial,june_18_g0,201,5,1,S,5S,,,1,1.0,2,30,30,0.0
svm,bigram,full,6,unith,Faure,top_ten,trial,june_18_g0,201,5,1,S,5S,,,1,1.0,2,31,31,0.0
svm,bigram,full,6,unith,Faure,top_ten,trial,june_18_g0,201,5,1,S,5S,,,1,1.0,2,32,32,0.0
svm,bigram,full,6,unith,Faure,top_ten,trial,june_18_g0,201,5,1,S,5S,,,1,1.0,2,33,33,0.0
svm,bigram,full,6,unith,Faure,top_ten,trial,june_18_g0,201,5,1,S,5S,,,1,1.0,2,34,34,0.0
svm,bigram,full,6,unith,Faure,top_ten,trial,june_18_g0,201,5,1,S,5S,,,1,1.0,2,35,35,0.0
svm,bigram,full,6,unith,Faure,top_ten,trial,june_12_g0,399,6,0,H,6H,,,1,1.0,2,0,0,0.0
svm,bigram,full,6,unith,Faure,top_ten,trial,june_12_g0,399,6,0,H,6H,,,1,1.0,2,1,1,0.0
svm,bigram,full,6,unith,Faure,top_ten,trial,june_12_g0,399,6,0,H,6H,,,1,1.0,2,2,2,0.0
svm,bigram,full,6,unith,Faure,top_ten,trial,june_12_g0,399,6,0,H,6H,,,1,1.0,2,3,3,0.0
svm,bigram,full,6,unith,Faure,top_ten,trial,june_12_g0,399,6,0,H,6H,,,1,1.0,2,4,4,0.0
svm,bigram,full,6,unith,Faure,top_ten,trial,june_12_g0,399,6,0,H,6H,,,1,1.0,2,5,5,0.0
svm,bigram,full,6,unith,Faure,top_ten,trial,june_12_g0,399,6,0,H,6H,,,1,1.0,2,6,6,0.0
svm,bigram,full,6,unith,Faure,top_ten,trial,june_12_g0,399,6,0,H,6H,,,1,1.0,2,7,7,0.0
svm,bigram,full,6,unith,Faure,top_ten,trial,june_12_g0,399,6,0,H,6H,,,1,1.0,2,8,8,0.0
svm,bigram,full,6,unith,Faure,top_ten,trial,june_12_g0,399,6,0,H,6H,,,1,1.0,2,9,9,0.0
svm,bigram,full,6,unith,Faure,top_ten,trial,june_12_g0,399,6,0,H,6H,,,1,1.0,2,10,10,0.5
svm,bigram,full,6,unith,Faure,top_ten,trial,june_12_g0,399,6,0,H,6H,,,1,1.0,2,11,11,0.0
svm,bigram,full,6,unith,Faure,top_ten,trial,june_12_g0,399,6,0,H,6H,,,1,1.0,2,12,12,0.0
svm,bigram,full,6,unith,Faure,top_ten,trial,june_12_g0,399,6,0,H,6H,,,1,1.0,2,13,13,0.0
svm,bigram,full,6,unith,Faure,top_ten,trial,june_12_g0,399,6,0,H,6H,,,1,1.0,2,14,14,0.0
svm,bigram,full,6,unith,Faure,top_ten,trial,june_12_g0,399,6,0,H,6H,,,1,1.0,2,15,15,0.0
svm,bigram,full,6,unith,Faure,top_ten,trial,june_12_g0,399,6,0,H,6H,,,1,1.0,2,16,16,0.0
svm,bigram,full,6,unith,Faure,top_ten,trial,june_12_g0,399,6,0,H,6H,,,1,1.0,2,17,17,0.0
svm,bigram,full,6,unith,Faure,top_ten,trial,june_12_g0,399,6,0,H,6H,,,1,1.0,2,18,18,0.0
svm,bigram,full,6,unith,Faure,top_ten,trial,june_12_g0,399,6,0,H,6H,,,1,1.0,2,19,19,0.0
svm,bigram,full,6,unith,Faure,top_ten,trial,june_12_g0,399,6,0,H,6H,,,1,1.0,2,20,20,0.0
svm,bigram,full,6,unith,Faure,top_ten,trial,june_12_g0,399,6,0,H,6H,,,1,1.0,2,21,21,0.0
svm,bigram,full,6,unith,Faure,top_ten,trial,june_12_g0,399,6,0,H,6H,,,1,1.0,2,22,22,0.0
svm,bigram,full,6,unith,Faure,top_ten,trial,june_12_g0,399,6,0,H,6H,,,1,1.0,2,23,23,0.0
svm,bigram,full,6,unith,Faure,top_ten,trial,june_12_g0,399,6,0,H,6H,,,1,1.0,2,24,24,0.0
svm,bigram,full,6,unith,Faure,top_ten,trial,june_12_g0,399,6,0,H,6H,,,1,1.0,2,25,25,0.5
svm,bigram,full,6,unith,Faure,top_ten,trial,june_12_g0,399,6,0,H,6H,,,1,1.0,2,26,26,0.0
svm,bigram,full,6,unith,Faure,top_ten,trial,june_12_g0,399,6,0,H,6H,,,1,1.0,2,27,27,0.0
svm,bigram,full,6,unith,Faure,top_ten,trial,june_12_g0,399,6,0,H,6H,,,1,1.0,2,28,28,0.0
svm,bigram,full,6,unith,Faure,top_ten,trial,june_12_g0,399,6,0,H,6H,,,1,1.0,2,29,29,0.0
svm,bigram,full,6,unith,Faure,top_ten,trial,june_12_g0,399,6,0,H,6H,,,1,1.0,2,30,30,0.0
svm,bigram,full,6,unith,Faure,top_ten,trial,june_12_g0,399,6,0,H,6H,,,1,1.0,2,31,31,0.0
svm,bigram,full,6,unith,Faure,top_ten,trial,june_12_g0,399,6,0,H,6H,,,1,1.0,2,32,32,0.0
svm,bigram,full,6,unith,Faure,top_ten,trial,june_12_g0,399,6,0,H,6H,,,1,1.0,2,33,33,0.0
svm,bigram,full,6,unith,Faure,top_ten,trial,june_12_g0,399,6,0,H,6H,,,1,1.0,2,34,34,0.0
svm,bigram,full,6,unith,Faure,top_ten,trial,june_12_g0,399,6,0,H,6H,,,1,1.0,2,35,35,0.0
svm,bigram,full,6,unith,Faure,top_ten,trial,june_22_g0,98,6,0,H,6H,,,1,0.0,0,0,0,0.0
svm,bigram,full,6,unith,Faure,top_ten,trial,june_22_g0,98,6,0,H,6H,,,1,0.0,0,1,1,0.0
svm,bigram,full,6,unith,Faure,top_ten,trial,june_22_g0,98,6,0,H,6H,,,1,0.0,0,2,2,0.0
svm,bigram,full,6,unith,Faure,top_ten,trial,june_22_g0,98,6,0,H,6H,,,1,0.0,0,3,3,0.0
svm,bigram,full,6,unith,Faure,top_ten,trial,june_22_g0,98,6,0,H,6H,,,1,0.0,0,4,4,0.0
svm,bigram,full,6,unith,Faure,top_ten,trial,june_22_g0,98,6,0,H,6H,,,1,0.0,0,5,5,0.0
svm,bigram,full,6,unith,Faure,top_ten,trial,june_22_g0,98,6,0,H,6H,,,1,0.0,0,6,6,0.0
svm,bigram,full,6,unith,Faure,top_ten,trial,june_22_g0,98,6,0,H,6H,,,1,0.0,0,7,7,0.0
svm,bigram,full,6,unith,Faure,top_ten,trial,june_22_g0,98,6,0,H,6H,,,1,0.0,0,8,8,0.0
svm,bigram,full,6,unith,Faure,top_ten,trial,june_22_g0,98,6,0,H,6H,,,1,0.0,0,9,9,0.0
svm,bigram,full,6,unith,Faure,top_ten,trial,june_22_g0,98,6,0,H,6H,,,1,0.0,0,10,10,0.0
svm,bigram,full,6,unith,Faure,top_ten,trial,june_22_g0,98,6,0,H,6H,,,1,0.0,0,11,11,0.0
svm,bigram,full,6,unith,Faure,top_ten,trial,june_22_g0,98,6,0,H,6H,,,1,0.0,0,12,12,0.0
svm,bigram,full,6,unith,Faure,top_ten,trial,june_22_g0,98,6,0,H,6H,,,1,0.0,0,13,13,0.0
svm,bigram,full,6,unith,Faure,top_ten,trial,june_22_g0,98,6,0,H,6H,,,1,0.0,0,14,14,0.0
svm,bigram,full,6,unith,Faure,top_ten,trial,june_22_g0,98,6,0,H,6H,,,1,0.0,0,15,15,0.0
svm,bigram,full,6,unith,Faure,top_ten,trial,june_22_g0,98,6,0,H,6H,,,1,0.0,0,16,16,0.0
svm,bigram,full,6,unith,Faure,top_ten,trial,june_22_g0,98,6,0,H,6H,,,1,0.0,0,17,17,0.0
svm,bigram,full,6,unith,Faure,top_ten,trial,june_22_g0,98,6,0,H,6H,,,1,0.0,0,18,18,0.0
svm,bigram,full,6,unith,Faure,top_ten,trial,june_22_g0,98,6,0,H,6H,,,1,0.0,0,19,19,0.0
svm,bigram,full,6,unith,Faure,top_ten,trial,june_22_g0,98,6,0,H,6H,,,1,0.0,0,20,20,0.0
svm,bigram,full,6,unith,Faure,top_ten,trial,june_22_g0,98,6,0,H,6H,,,1,0.0,0,21,21,0.0
svm,bigram,full,6,unith,Faure,top_ten,trial,june_22_g0,98,6,0,H,6H,,,1,0.0,0,22,22,0.0
svm,bigram,full,6,unith,Faure,top_ten,trial,june_22_g0,98,6,0,H,6H,,,1,0.0,0,23,23,0.0
svm,bigram,full,6,unith,Faure,top_ten,trial,june_22_g0,98,6,0,H,6H,,,1,0.0,0,24,24,0.0
svm,bigram,full,6,unith,Faure,top_ten,trial,june_22_g0,98,6,0,H,6H,,,1,0.0,0,25,25,0.0
svm,bigram,full,6,unith,Faure,top_ten,trial,june_22_g0,98,6,0,H,6H,,,1,0.0,0,26,26,0.0
svm,bigram,full,6,unith,Faure,top_ten,trial,june_22_g0,98,6,0,H,6H,,,1,0.0,0,27,27,0.0
svm,bigram,full,6,unith,Faure,top_ten,trial,june_22_g0,98,6,0,H,6H,,,1,0.0,0,28,28,0.0
svm,bigram,full,6,unith,Faure,top_ten,trial,june_22_g0,98,6,0,H,6H,,,1,0.0,0,29,29,0.0
svm,bigram,full,6,unith,Faure,top_ten,trial,june_22_g0,98,6,0,H,6H,,,1,0.0,0,30,30,0.0
svm,bigram,full,6,unith,Faure,top_ten,trial,june_22_g0,98,6,0,H,6H,,,1,0.0,0,31,31,0.0
svm,bigram,full,6,unith,Faure,top_ten,trial,june_22_g0,98,6,0,H,6H,,,1,0.0,0,32,32,0.0
svm,bigram,full,6,unith,Faure,top_ten,trial,june_22_g0,98,6,0,H,6H,,,1,0.0,0,33,33,0.0
svm,bigram,full,6,unith,Faure,top_ten,trial,june_22_g0,98,6,0,H,6H,,,1,0.0,0,34,34,0.0
svm,bigram,full,6,unith,Faure,top_ten,trial,june_22_g0,98,6,0,H,6H,,,1,0.0,0,35,35,0.0
svm,bigram,full,6,unith,Faure,top_ten,trial,june_16_g0,378,6,0,H,6H,,,1,1.0,2,0,0,0.0
svm,bigram,full,6,unith,Faure,top_ten,trial,june_16_g0,378,6,0,H,6H,,,1,1.0,2,1,1,0.0
svm,bigram,full,6,unith,Faure,top_ten,trial,june_16_g0,378,6,0,H,6H,,,1,1.0,2,2,2,0.0
svm,bigram,full,6,unith,Faure,top_ten,trial,june_16_g0,378,6,0,H,6H,,,1,1.0,2,3,3,0.0
svm,bigram,full,6,unith,Faure,top_ten,trial,june_16_g0,378,6,0,H,6H,,,1,1.0,2,4,4,0.0
svm,bigram,full,6,unith,Faure,top_ten,trial,june_16_g0,378,6,0,H,6H,,,1,1.0,2,5,5,0.0
svm,bigram,full,6,unith,Faure,top_ten,trial,june_16_g0,378,6,0,H,6H,,,1,1.0,2,6,6,0.0
svm,bigram,full,6,unith,Faure,top_ten,trial,june_16_g0,378,6,0,H,6H,,,1,1.0,2,7,7,0.0
svm,bigram,full,6,unith,Faure,top_ten,trial,june_16_g0,378,6,0,H,6H,,,1,1.0,2,8,8,0.0
svm,bigram,full,6,unith,Faure,top_ten,trial,june_16_g0,378,6,0,H,6H,,,1,1.0,2,9,9,0.5
svm,bigram,full,6,unith,Faure,top_ten,trial,june_16_g0,378,6,0,H,6H,,,1,1.0,2,10,10,0.0
svm,bigram,full,6,unith,Faure,top_ten,trial,june_16_g0,378,6,0,H,6H,,,1,1.0,2,11,11,0.0
svm,bigram,full,6,unith,Faure,top_ten,trial,june_16_g0,378,6,0,H,6H,,,1,1.0,2,12,12,0.0
svm,bigram,full,6,unith,Faure,top_ten,trial,june_16_g0,378,6,0,H,6H,,,1,1.0,2,13,13,0.0
svm,bigram,full,6,unith,Faure,top_ten,trial,june_16_g0,378,6,0,H,6H,,,1,1.0,2,14,14,0.0
svm,bigram,full,6,unith,Faure,top_ten,trial,june_16_g0,378,6,0,H,6H,,,1,1.0,2,15,15,0.0
svm,bigram,full,6,unith,Faure,top_ten,trial,june_16_g0,378,6,0,H,6H,,,1,1.0,2,16,16,0.0
svm,bigram,full,6,unith,Faure,top_ten,trial,june_16_g0,378,6,0,H,6H,,,1,1.0,2,17,17,0.0
svm,bigram,full,6,unith,Faure,top_ten,trial,june_16_g0,378,6,0,H,6H,,,1,1.0,2,18,18,0.0
svm,bigram,full,6,unith,Faure,top_ten,trial,june_16_g0,378,6,0,H,6H,,,1,1.0,2,19,19,0.5
svm,bigram,full,6,unith,Faure,top_ten,trial,june_16_g0,378,6,0,H,6H,,,1,1.0,2,20,20,0.0
svm,bigram,full,6,unith,Faure,top_ten,trial,june_16_g0,378,6,0,H,6H,,,1,1.0,2,21,21,0.0
svm,bigram,full,6,unith,Faure,top_ten,trial,june_16_g0,378,6,0,H,6H,,,1,1.0,2,22,22,0.0
svm,bigram,full,6,unith,Faure,top_ten,trial,june_16_g0,378,6,0,H,6H,,,1,1.0,2,23,23,0.0
svm,bigram,full,6,unith,Faure,top_ten,trial,june_16_g0,378,6,0,H,6H,,,1,1.0,2,24,24,0.0
svm,bigram,full,6,unith,Faure,top_ten,trial,june_16_g0,378,6,0,H,6H,,,1,1.0,2,25,25,0.0
svm,bigram,full,6,unith,Faure,top_ten,trial,june_16_g0,378,6,0,H,6H,,,1,1.0,2,26,26,0.0
svm,bigram,full,6,unith,Faure,top_ten,trial,june_16_g0,378,6,0,H,6H,,,1,1.0,2,27,27,0.0
svm,bigram,full,6,unith,Faure,top_ten,trial,june_16_g0,378,6,0,H,6H,,,1,1.0,2,28,28,0.0
svm,bigram,full,6,unith,Faure,top_ten,trial,june_16_g0,378,6,0,H,6H,,,1,1.0,2,29,29,0.0
svm,bigram,full,6,unith,Faure,top_ten,trial,june_16_g0,378,6,0,H,6H,,,1,1.0,2,30,30,0.0
svm,bigram,full,6,unith,Faure,top_ten,trial,june_16_g0,378,6,0,H,6H,,,1,1.0,2,31,31,0.0
svm,bigram,full,6,unith,Faure,top_ten,trial,june_16_g0,378,6,0,H,6H,,,1,1.0,2,32,32,0.0
svm,bigram,full,6,unith,Faure,top_ten,trial,june_16_g0,378,6,0,H,6H,,,1,1.0,2,33,33,0.0
svm,bigram,full,6,unith,Faure,top_ten,trial,june_16_g0,378,6,0,H,6H,,,1,1.0,2,34,34,0.0
svm,bigram,full,6,unith,Faure,top_ten,trial,june_16_g0,378,6,0,H,6H,,,1,1.0,2,35,35,0.0
svm,bigram,full,6,unith,Faure,top_ten,trial,june_12_g0,298,6,1,S,6S,,,1,0.0,0,0,0,0.0
svm,bigram,full,6,unith,Faure,top_ten,trial,june_12_g0,298,6,1,S,6S,,,1,0.0,0,1,1,0.0
svm,bigram,full,6,unith,Faure,top_ten,trial,june_12_g0,298,6,1,S,6S,,,1,0.0,0,2,2,0.0
svm,bigram,full,6,unith,Faure,top_ten,trial,june_12_g0,298,6,1,S,6S,,,1,0.0,0,3,3,0.0
svm,bigram,full,6,unith,Faure,top_ten,trial,june_12_g0,298,6,1,S,6S,,,1,0.0,0,4,4,0.0
svm,bigram,full,6,unith,Faure,top_ten,trial,june_12_g0,298,6,1,S,6S,,,1,0.0,0,5,5,0.0
svm,bigram,full,6,unith,Faure,top_ten,trial,june_12_g0,298,6,1,S,6S,,,1,0.0,0,6,6,0.0
svm,bigram,full,6,unith,Faure,top_ten,trial,june_12_g0,298,6,1,S,6S,,,1,0.0,0,7,7,0.0
svm,bigram,full,6,unith,Faure,top_ten,trial,june_12_g0,298,6,1,S,6S,,,1,0.0,0,8,8,0.0
svm,bigram,full,6,unith,Faure,top_ten,trial,june_12_g0,298,6,1,S,6S,,,1,0.0,0,9,9,0.0
svm,bigram,full,6,unith,Faure,top_ten,trial,june_12_g0,298,6,1,S,6S,,,1,0.0,0,10,10,0.0
svm,bigram,full,6,unith,Faure,top_ten,trial,june_12_g0,298,6,1,S,6S,,,1,0.0,0,11,11,0.0
svm,bigram,full,6,unith,Faure,top_ten,trial,june_12_g0,298,6,1,S,6S,,,1,0.0,0,12,12,0.0
svm,bigram,full,6,unith,Faure,top_ten,trial,june_12_g0,298,6,1,S,6S,,,1,0.0,0,13,13,0.0
svm,bigram,full,6,unith,Faure,top_ten,trial,june_12_g0,298,6,1,S,6S,,,1,0.0,0,14,14,0.0
svm,bigram,full,6,unith,Faure,top_ten,trial,june_12_g0,298,6,1,S,6S,,,1,0.0,0,15,15,0.0
svm,bigram,full,6,unith,Faure,top_ten,trial,june_12_g0,298,6,1,S,6S,,,1,0.0,0,16,16,0.0
svm,bigram,full,6,unith,Faure,top_ten,trial,june_12_g0,298,6,1,S,6S,,,1,0.0,0,17,17,0.0
svm,bigram,full,6,unith,Faure,top_ten,trial,june_12_g0,298,6,1,S,6S,,,1,0.0,0,18,18,0.0
svm,bigram,full,6,unith,Faure,top_ten,trial,june_12_g0,298,6,1,S,6S,,,1,0.0,0,19,19,0.0
svm,bigram,full,6,unith,Faure,top_ten,trial,june_12_g0,298,6,1,S,6S,,,1,0.0,0,20,20,0.0
svm,bigram,full,6,unith,Faure,top_ten,trial,june_12_g0,298,6,1,S,6S,,,1,0.0,0,21,21,0.0
svm,bigram,full,6,unith,Faure,top_ten,trial,june_12_g0,298,6,1,S,6S,,,1,0.0,0,22,22,0.0
svm,bigram,full,6,unith,Faure,top_ten,trial,june_12_g0,298,6,1,S,6S,,,1,0.0,0,23,23,0.0
svm,bigram,full,6,unith,Faure,top_ten,trial,june_12_g0,298,6,1,S,6S,,,1,0.0,0,24,24,0.0
svm,bigram,full,6,unith,Faure,top_ten,trial,june_12_g0,298,6,1,S,6S,,,1,0.0,0,25,25,0.0
svm,bigram,full,6,unith,Faure,top_ten,trial,june_12_g0,298,6,1,S,6S,,,1,0.0,0,26,26,0.0
svm,bigram,full,6,unith,Faure,top_ten,trial,june_12_g0,298,6,1,S,6S,,,1,0.0,0,27,27,0.0
svm,bigram,full,6,unith,Faure,top_ten,trial,june_12_g0,298,6,1,S,6S,,,1,0.0,0,28,28,0.0
svm,bigram,full,6,unith,Faure,top_ten,trial,june_12_g0,298,6,1,S,6S,,,1,0.0,0,29,29,0.0
svm,bigram,full,6,unith,Faure,top_ten,trial,june_12_g0,298,6,1,S,6S,,,1,0.0,0,30,30,0.0
svm,bigram,full,6,unith,Faure,top_ten,trial,june_12_g0,298,6,1,S,6S,,,1,0.0,0,31,31,0.0
svm,bigram,full,6,unith,Faure,top_ten,trial,june_12_g0,298,6,1,S,6S,,,1,0.0,0,32,32,0.0
svm,bigram,full,6,unith,Faure,top_ten,trial,june_12_g0,298,6,1,S,6S,,,1,0.0,0,33,33,0.0
svm,bigram,full,6,unith,Faure,top_ten,trial,june_12_g0,298,6,1,S,6S,,,1,0.0,0,34,34,0.0
svm,bigram,full,6,unith,Faure,top_ten,trial,june_12_g0,298,6,1,S,6S,,,1,0.0,0,35,35,0.0
svm,bigram,full,6,unith,Faure,top_ten,trial,june_22_g0,348,6,1,S,6S,,,1,1.0,2,0,0,0.0
svm,bigram,full,6,unith,Faure,top_ten,trial,june_22_g0,348,6,1,S,6S,,,1,1.0,2,1,1,0.0
svm,bigram,full,6,unith,Faure,top_ten,trial,june_22_g0,348,6,1,S,6S,,,1,1.0,2,2,2,0.5
svm,bigram,full,6,unith,Faure,top_ten,trial,june_22_g0,348,6,1,S,6S,,,1,1.0,2,3,3,0.0
svm,bigram,full,6,unith,Faure,top_ten,trial,june_22_g0,348,6,1,S,6S,,,1,1.0,2,4,4,0.0
svm,bigram,full,6,unith,Faure,top_ten,trial,june_22_g0,348,6,1,S,6S,,,1,1.0,2,5,5,0.0
svm,bigram,full,6,unith,Faure,top_ten,trial,june_22_g0,348,6,1,S,6S,,,1,1.0,2,6,6,0.0
svm,bigram,full,6,unith,Faure,top_ten,trial,june_22_g0,348,6,1,S,6S,,,1,1.0,2,7,7,0.0
svm,bigram,full,6,unith,Faure,top_ten,trial,june_22_g0,348,6,1,S,6S,,,1,1.0,2,8,8,0.0
svm,bigram,full,6,unith,Faure,top_ten,trial,june_22_g0,348,6,1,S,6S,,,1,1.0,2,9,9,0.0
svm,bigram,full,6,unith,Faure,top_ten,trial,june_22_g0,348,6,1,S,6S,,,1,1.0,2,10,10,0.0
svm,bigram,full,6,unith,Faure,top_ten,trial,june_22_g0,348,6,1,S,6S,,,1,1.0,2,11,11,0.0
svm,bigram,full,6,unith,Faure,top_ten,trial,june_22_g0,348,6,1,S,6S,,,1,1.0,2,12,12,0.0
svm,bigram,full,6,unith,Faure,top_ten,trial,june_22_g0,348,6,1,S,6S,,,1,1.0,2,13,13,0.5
svm,bigram,full,6,unith,Faure,top_ten,trial,june_22_g0,348,6,1,S,6S,,,1,1.0,2,14,14,0.0
svm,bigram,full,6,unith,Faure,top_ten,trial,june_22_g0,348,6,1,S,6S,,,1,1.0,2,15,15,0.0
svm,bigram,full,6,unith,Faure,top_ten,trial,june_22_g0,348,6,1,S,6S,,,1,1.0,2,16,16,0.0
svm,bigram,full,6,unith,Faure,top_ten,trial,june_22_g0,348,6,1,S,6S,,,1,1.0,2,17,17,0.0
svm,bigram,full,6,unith,Faure,top_ten,trial,june_22_g0,348,6,1,S,6S,,,1,1.0,2,18,18,0.0
svm,bigram,full,6,unith,Faure,top_ten,trial,june_22_g0,348,6,1,S,6S,,,1,1.0,2,19,19,0.0
svm,bigram,full,6,unith,Faure,top_ten,trial,june_22_g0,348,6,1,S,6S,,,1,1.0,2,20,20,0.0
svm,bigram,full,6,unith,Faure,top_ten,trial,june_22_g0,348,6,1,S,6S,,,1,1.0,2,21,21,0.0
svm,bigram,full,6,unith,Faure,top_ten,trial,june_22_g0,348,6,1,S,6S,,,1,1.0,2,22,22,0.0
svm,bigram,full,6,unith,Faure,top_ten,trial,june_22_g0,348,6,1,S,6S,,,1,1.0,2,23,23,0.0
svm,bigram,full,6,unith,Faure,top_ten,trial,june_22_g0,348,6,1,S,6S,,,1,1.0,2,24,24,0.0
svm,bigram,full,6,unith,Faure,top_ten,trial,june_22_g0,348,6,1,S,6S,,,1,1.0,2,25,25,0.0
svm,bigram,full,6,unith,Faure,top_ten,trial,june_22_g0,348,6,1,S,6S,,,1,1.0,2,26,26,0.0
svm,bigram,full,6,unith,Faure,top_ten,trial,june_22_g0,348,6,1,S,6S,,,1,1.0,2,27,27,0.0
svm,bigram,full,6,unith,Faure,top_ten,trial,june_22_g0,348,6,1,S,6S,,,1,1.0,2,28,28,0.0
svm,bigram,full,6,unith,Faure,top_ten,trial,june_22_g0,348,6,1,S,6S,,,1,1.0,2,29,29,0.0
svm,bigram,full,6,unith,Faure,top_ten,trial,june_22_g0,348,6,1,S,6S,,,1,1.0,2,30,30,0.0
svm,bigram,full,6,unith,Faure,top_ten,trial,june_22_g0,348,6,1,S,6S,,,1,1.0,2,31,31,0.0
svm,bigram,full,6,unith,Faure,top_ten,trial,june_22_g0,348,6,1,S,6S,,,1,1.0,2,32,32,0.0
svm,bigram,full,6,unith,Faure,top_ten,trial,june_22_g0,348,6,1,S,6S,,,1,1.0,2,33,33,0.0
svm,bigram,full,6,unith,Faure,top_ten,trial,june_22_g0,348,6,1,S,6S,,,1,1.0,2,34,34,0.0
svm,bigram,full,6,unith,Faure,top_ten,trial,june_22_g0,348,6,1,S,6S,,,1,1.0,2,35,35,0.0
svm,bigram,full,6,unith,Faure,top_ten,trial,june_16_g0,201,6,1,S,6S,,,1,1.0,2,0,0,0.0
svm,bigram,full,6,unith,Faure,top_ten,trial,june_16_g0,201,6,1,S,6S,,,1,1.0,2,1,1,0.0
svm,bigram,full,6,unith,Faure,top_ten,trial,june_16_g0,201,6,1,S,6S,,,1,1.0,2,2,2,0.0
svm,bigram,full,6,unith,Faure,top_ten,trial,june_16_g0,201,6,1,S,6S,,,1,1.0,2,3,3,0.0
svm,bigram,full,6,unith,Faure,top_ten,trial,june_16_g0,201,6,1,S,6S,,,1,1.0,2,4,4,0.0
svm,bigram,full,6,unith,Faure,top_ten,trial,june_16_g0,201,6,1,S,6S,,,1,1.0,2,5,5,0.0
svm,bigram,full,6,unith,Faure,top_ten,trial,june_16_g0,201,6,1,S,6S,,,1,1.0,2,6,6,0.0
svm,bigram,full,6,unith,Faure,top_ten,trial,june_16_g0,201,6,1,S,6S,,,1,1.0,2,7,7,0.0
svm,bigram,full,6,unith,Faure,top_ten,trial,june_16_g0,201,6,1,S,6S,,,1,1.0,2,8,8,0.0
svm,bigram,full,6,unith,Faure,top_ten,trial,june_16_g0,201,6,1,S,6S,,,1,1.0,2,9,9,0.0
svm,bigram,full,6,unith,Faure,top_ten,trial,june_16_g0,201,6,1,S,6S,,,1,1.0,2,10,10,0.5
svm,bigram,full,6,unith,Faure,top_ten,trial,june_16_g0,201,6,1,S,6S,,,1,1.0,2,11,11,0.0
svm,bigram,full,6,unith,Faure,top_ten,trial,june_16_g0,201,6,1,S,6S,,,1,1.0,2,12,12,0.0
svm,bigram,full,6,unith,Faure,top_ten,trial,june_16_g0,201,6,1,S,6S,,,1,1.0,2,13,13,0.0
svm,bigram,full,6,unith,Faure,top_ten,trial,june_16_g0,201,6,1,S,6S,,,1,1.0,2,14,14,0.0
svm,bigram,full,6,unith,Faure,top_ten,trial,june_16_g0,201,6,1,S,6S,,,1,1.0,2,15,15,0.0
svm,bigram,full,6,unith,Faure,top_ten,trial,june_16_g0,201,6,1,S,6S,,,1,1.0,2,16,16,0.0
svm,bigram,full,6,unith,Faure,top_ten,trial,june_16_g0,201,6,1,S,6S,,,1,1.0,2,17,17,0.0
svm,bigram,full,6,unith,Faure,top_ten,trial,june_16_g0,201,6,1,S,6S,,,1,1.0,2,18,18,0.0
svm,bigram,full,6,unith,Faure,top_ten,trial,june_16_g0,201,6,1,S,6S,,,1,1.0,2,19,19,0.0
svm,bigram,full,6,unith,Faure,top_ten,trial,june_16_g0,201,6,1,S,6S,,,1,1.0,2,20,20,0.0
svm,bigram,full,6,unith,Faure,top_ten,trial,june_16_g0,201,6,1,S,6S,,,1,1.0,2,21,21,0.0
svm,bigram,full,6,unith,Faure,top_ten,trial,june_16_g0,201,6,1,S,6S,,,1,1.0,2,22,22,0.0
svm,bigram,full,6,unith,Faure,top_ten,trial,june_16_g0,201,6,1,S,6S,,,1,1.0,2,23,23,0.0
svm,bigram,full,6,unith,Faure,top_ten,trial,june_16_g0,201,6,1,S,6S,,,1,1.0,2,24,24,0.0
svm,bigram,full,6,unith,Faure,top_ten,trial,june_16_g0,201,6,1,S,6S,,,1,1.0,2,25,25,0.5
svm,bigram,full,6,unith,Faure,top_ten,trial,june_16_g0,201,6,1,S,6S,,,1,1.0,2,26,26,0.0
svm,bigram,full,6,unith,Faure,top_ten,trial,june_16_g0,201,6,1,S,6S,,,1,1.0,2,27,27,0.0
svm,bigram,full,6,unith,Faure,top_ten,trial,june_16_g0,201,6,1,S,6S,,,1,1.0,2,28,28,0.0
svm,bigram,full,6,unith,Faure,top_ten,trial,june_16_g0,201,6,1,S,6S,,,1,1.0,2,29,29,0.0
svm,bigram,full,6,unith,Faure,top_ten,trial,june_16_g0,201,6,1,S,6S,,,1,1.0,2,30,30,0.0
svm,bigram,full,6,unith,Faure,top_ten,trial,june_16_g0,201,6,1,S,6S,,,1,1.0,2,31,31,0.0
svm,bigram,full,6,unith,Faure,top_ten,trial,june_16_g0,201,6,1,S,6S,,,1,1.0,2,32,32,0.0
svm,bigram,full,6,unith,Faure,top_ten,trial,june_16_g0,201,6,1,S,6S,,,1,1.0,2,33,33,0.0
svm,bigram,full,6,unith,Faure,top_ten,trial,june_16_g0,201,6,1,S,6S,,,1,1.0,2,34,34,0.0
svm,bigram,full,6,unith,Faure,top_ten,trial,june_16_g0,201,6,1,S,6S,,,1,1.0,2,35,35,0.0
svm,bigram,full,6,unith,Faure,top_ten,half_mean,,,1,0,H,1H,a,0,240,0.9416666777183611,19,0,0,0.0
svm,bigram,full,6,unith,Faure,top_ten,half_mean,,,1,0,H,1H,a,0,240,0.9416666777183611,19,1,1,0.027083333457509677
svm,bigram,full,6,unith,Faure,top_ten,half_mean,,,1,0,H,1H,a,0,240,0.9416666777183611,19,2,2,0.013194444651405016
svm,bigram,full,6,unith,Faure,top_ten,half_mean,,,1,0,H,1H,a,0,240,0.9416666777183611,19,3,3,0.00798611119389534
svm,bigram,full,6,unith,Faure,top_ten,half_mean,,,1,0,H,1H,a,0,240,0.9416666777183611,19,4,4,0.0
svm,bigram,full,6,unith,Faure,top_ten,half_mean,,,1,0,H,1H,a,0,240,0.9416666777183611,19,5,5,0.0
svm,bigram,full,6,unith,Faure,top_ten,half_mean,,,1,0,H,1H,a,0,240,0.9416666777183611,19,6,6,0.01284722238779068
svm,bigram,full,6,unith,Faure,top_ten,half_mean,,,1,0,H,1H,a,0,240,0.9416666777183611,19,7,7,0.0
svm,bigram,full,6,unith,Faure,top_ten,half_mean,,,1,0,H,1H,a,0,240,0.9416666777183611,19,8,8,0.04458333359410365
svm,bigram,full,6,unith,Faure,top_ten,half_mean,,,1,0,H,1H,a,0,240,0.9416666777183611,19,9,9,0.21194444727152587
svm,bigram,full,6,unith,Faure,top_ten,half_mean,,,1,0,H,1H,a,0,240,0.9416666777183611,19,10,10,0.03916666706403096
svm,bigram,full,6,unith,Faure,top_ten,half_mean,,,1,0,H,1H,a,0,240,0.9416666777183611,19,11,11,0.003125
svm,bigram,full,6,unith,Faure,top_ten,half_mean,,,1,0,H,1H,a,0,240,0.9416666777183611,19,12,12,0.0020833333333333333
svm,bigram,full,6,unith,Faure,top_ten,half_mean,,,1,0,H,1H,a,0,240,0.9416666777183611,19,13,13,0.20756944753229617
svm,bigram,full,6,unith,Faure,top_ten,half_mean,,,1,0,H,1H,a,0,240,0.9416666777183611,19,14,14,0.0
svm,bigram,full,6,unith,Faure,top_ten,half_mean,,,1,0,H,1H,a,0,240,0.9416666777183611,19,15,15,0.013888889054457346
svm,bigram,full,6,unith,Faure,top_ten,half_mean,,,1,0,H,1H,a,0,240,0.9416666777183611,19,16,16,0.003125
svm,bigram,full,6,unith,Faure,top_ten,half_mean,,,1,0,H,1H,a,0,240,0.9416666777183611,19,17,17,0.0
svm,bigram,full,6,unith,Faure,top_ten,half_mean,,,1,0,H,1H,a,0,240,0.9416666777183611,19,18,18,0.018055555721124012
svm,bigram,full,6,unith,Faure,top_ten,half_mean,,,1,0,H,1H,a,0,240,0.9416666777183611,19,19,19,0.16388888930281004
svm,bigram,full,6,unith,Faure,top_ten,half_mean,,,1,0,H,1H,a,0,240,0.9416666777183611,19,20,20,0.10430555809289217
svm,bigram,full,6,unith,Faure,top_ten,half_mean,,,1,0,H,1H,a,0,240,0.9416666777183611,19,21,21,0.0
svm,bigram,full,6,unith,Faure,top_ten,half_mean,,,1,0,H,1H,a,0,240,0.9416666777183611,19,22,22,0.0013888889302810033
svm,bigram,full,6,unith,Faure,top_ten,half_mean,,,1,0,H,1H,a,0,240,0.9416666777183611,19,23,23,0.0
svm,bigram,full,6,unith,Faure,top_ten,half_mean,,,1,0,H,1H,a,0,240,0.9416666777183611,19,24,24,0.0
svm,bigram,full,6,unith,Faure,top_ten,half_mean,,,1,0,H,1H,a,0,240,0.9416666777183611,19,25,25,0.04902777814616759
svm,bigram,full,6,unith,Faure,top_ten,half_mean,,,1,0,H,1H,a,0,240,0.9416666777183611,19,26,26,0.00416666679084301
svm,bigram,full,6,unith,Faure,top_ten,half_mean,,,1,0,H,1H,a,0,240,0.9416666777183611,19,27,27,0.0
svm,bigram,full,6,unith,Faure,top_ten,half_mean,,,1,0,H,1H,a,0,240,0.9416666777183611,19,28,28,0.0
svm,bigram,full,6,unith,Faure,top_ten,half_mean,,,1,0,H,1H,a,0,240,0.9416666777183611,19,29,29,0.0
svm,bigram,full,6,unith,Faure,top_ten,half_mean,,,1,0,H,1H,a,0,240,0.9416666777183611,19,30,30,0.0
svm,bigram,full,6,unith,Faure,top_ten,half_mean,,,1,0,H,1H,a,0,240,0.9416666777183611,19,31,31,0.01423611119389534
svm,bigram,full,6,unith,Faure,top_ten,half_mean,,,1,0,H,1H,a,0,240,0.9416666777183611,19,32,32,0.0
svm,bigram,full,6,unith,Faure,top_ten,half_mean,,,1,0,H,1H,a,0,240,0.9416666777183611,19,33,33,0.0
svm,bigram,full,6,unith,Faure,top_ten,half_mean,,,1,0,H,1H,a,0,240,0.9416666777183611,19,34,34,0.0
svm,bigram,full,6,unith,Faure,top_ten,half_mean,,,1,0,H,1H,a,0,240,0.9416666777183611,19,35,35,0.0
svm,bigram,full,6,unith,Faure,top_ten,half_mean,,,1,0,H,1H,b,0,240,0.9000000127280752,19,0,0,0.0
svm,bigram,full,6,unith,Faure,top_ten,half_mean,,,1,0,H,1H,b,0,240,0.9000000127280752,19,1,1,0.04236111131807168
svm,bigram,full,6,unith,Faure,top_ten,half_mean,,,1,0,H,1H,b,0,240,0.9000000127280752,19,2,2,0.014236111318071683
svm,bigram,full,6,unith,Faure,top_ten,half_mean,,,1,0,H,1H,b,0,240,0.9000000127280752,19,3,3,0.00243055559694767
svm,bigram,full,6,unith,Faure,top_ten,half_mean,,,1,0,H,1H,b,0,240,0.9000000127280752,19,4,4,0.0
svm,bigram,full,6,unith,Faure,top_ten,half_mean,,,1,0,H,1H,b,0,240,0.9000000127280752,19,5,5,0.0
svm,bigram,full,6,unith,Faure,top_ten,half_mean,,,1,0,H,1H,b,0,240,0.9000000127280752,19,6,6,0.018750000124176342
svm,bigram,full,6,unith,Faure,top_ten,half_mean,,,1,0,H,1H,b,0,240,0.9000000127280752,19,7,7,0.0
svm,bigram,full,6,unith,Faure,top_ten,half_mean,,,1,0,H,1H,b,0,240,0.9000000127280752,19,8,8,0.04694444481283426
svm,bigram,full,6,unith,Faure,top_ten,half_mean,,,1,0,H,1H,b,0,240,0.9000000127280752,19,9,9,0.22027778116365274
svm,bigram,full,6,unith,Faure,top_ten,half_mean,,,1,0,H,1H,b,0,240,0.9000000127280752,19,10,10,0.029652777997155984
svm,bigram,full,6,unith,Faure,top_ten,half_mean,,,1,0,H,1H,b,0,240,0.9000000127280752,19,11,11,0.0020833333333333333
svm,bigram,full,6,unith,Faure,top_ten,half_mean,,,1,0,H,1H,b,0,240,0.9000000127280752,19,12,12,0.0020833333333333333
svm,bigram,full,6,unith,Faure,top_ten,half_mean,,,1,0,H,1H,b,0,240,0.9000000127280752,19,13,13,0.1960416704416275
svm,bigram,full,6,unith,Faure,top_ten,half_mean,,,1,0,H,1H,b,0,240,0.9000000127280752,19,14,14,0.0
svm,bigram,full,6,unith,Faure,top_ten,half_mean,,,1,0,H,1H,b,0,240,0.9000000127280752,19,15,15,0.006388888942698638
svm,bigram,full,6,unith,Faure,top_ten,half_mean,,,1,0,H,1H,b,0,240,0.9000000127280752,19,16,16,0.0
svm,bigram,full,6,unith,Faure,top_ten,half_mean,,,1,0,H,1H,b,0,240,0.9000000127280752,19,17,17,0.0
svm,bigram,full,6,unith,Faure,top_ten,half_mean,,,1,0,H,1H,b,0,240,0.9000000127280752,19,18,18,0.02395833358168602
svm,bigram,full,6,unith,Faure,top_ten,half_mean,,,1,0,H,1H,b,0,240,0.9000000127280752,19,19,19,0.1449305562923352
svm,bigram,full,6,unith,Faure,top_ten,half_mean,,,1,0,H,1H,b,0,240,0.9000000127280752,19,20,20,0.10340278049310049
svm,bigram,full,6,unith,Faure,top_ten,half_mean,,,1,0,H,1H,b,0,240,0.9000000127280752,19,21,21,0.0
svm,bigram,full,6,unith,Faure,top_ten,half_mean,,,1,0,H,1H,b,0,240,0.9000000127280752,19,22,22,0.0013888889302810033
svm,bigram,full,6,unith,Faure,top_ten,half_mean,,,1,0,H,1H,b,0,240,0.9000000127280752,19,23,23,0.0
svm,bigram,full,6,unith,Faure,top_ten,half_mean,,,1,0,H,1H,b,0,240,0.9000000127280752,19,24,24,0.0
svm,bigram,full,6,unith,Faure,top_ten,half_mean,,,1,0,H,1H,b,0,240,0.9000000127280752,19,25,25,0.03604166706403097
svm,bigram,full,6,unith,Faure,top_ten,half_mean,,,1,0,H,1H,b,0,240,0.9000000127280752,19,26,26,0.0
svm,bigram,full,6,unith,Faure,top_ten,half_mean,,,1,0,H,1H,b,0,240,0.9000000127280752,19,27,27,0.0013888889302810033
svm,bigram,full,6,unith,Faure,top_ten,half_mean,,,1,0,H,1H,b,0,240,0.9000000127280752,19,28,28,0.0
svm,bigram,full,6,unith,Faure,top_ten,half_mean,,,1,0,H,1H,b,0,240,0.9000000127280752,19,29,29,0.0027777778605620066
svm,bigram,full,6,unith,Faure,top_ten,half_mean,,,1,0,H,1H,b,0,240,0.9000000127280752,19,30,30,0.0
svm,bigram,full,6,unith,Faure,top_ten,half_mean,,,1,0,H,1H,b,0,240,0.9000000127280752,19,31,31,0.00486111119389534
svm,bigram,full,6,unith,Faure,top_ten,half_mean,,,1,0,H,1H,b,0,240,0.9000000127280752,19,32,32,0.0
svm,bigram,full,6,unith,Faure,top_ten,half_mean,,,1,0,H,1H,b,0,240,0.9000000127280752,19,33,33,0.0
svm,bigram,full,6,unith,Faure,top_ten,half_mean,,,1,0,H,1H,b,0,240,0.9000000127280752,19,34,34,0.0
svm,bigram,full,6,unith,Faure,top_ten,half_mean,,,1,0,H,1H,b,0,240,0.9000000127280752,19,35,35,0.0
svm,bigram,full,6,unith,Faure,top_ten,half_mean,,,1,1,S,1S,a,0,9,0.6666666732894049,9,0,0,0.0
svm,bigram,full,6,unith,Faure,top_ten,half_mean,,,1,1,S,1S,a,0,9,0.6666666732894049,9,1,1,0.05555555555555555
svm,bigram,full,6,unith,Faure,top_ten,half_mean,,,1,1,S,1S,a,0,9,0.6666666732894049,9,2,2,0.027777777777777776
svm,bigram,full,6,unith,Faure,top_ten,half_mean,,,1,1,S,1S,a,0,9,0.6666666732894049,9,3,3,0.0
svm,bigram,full,6,unith,Faure,top_ten,half_mean,,,1,1,S,1S,a,0,9,0.6666666732894049,9,4,4,0.0
svm,bigram,full,6,unith,Faure,top_ten,half_mean,,,1,1,S,1S,a,0,9,0.6666666732894049,9,5,5,0.0
svm,bigram,full,6,unith,Faure,top_ten,half_mean,,,1,1,S,1S,a,0,9,0.6666666732894049,9,6,6,0.05555555555555555
svm,bigram,full,6,unith,Faure,top_ten,half_mean,,,1,1,S,1S,a,0,9,0.6666666732894049,9,7,7,0.0
svm,bigram,full,6,unith,Faure,top_ten,half_mean,,,1,1,S,1S,a,0,9,0.6666666732894049,9,8,8,0.05555555555555555
svm,bigram,full,6,unith,Faure,top_ten,half_mean,,,1,1,S,1S,a,0,9,0.6666666732894049,9,9,9,0.15740740961498684
svm,bigram,full,6,unith,Faure,top_ten,half_mean,,,1,1,S,1S,a,0,9,0.6666666732894049,9,10,10,0.0
svm,bigram,full,6,unith,Faure,top_ten,half_mean,,,1,1,S,1S,a,0,9,0.6666666732894049,9,11,11,0.0
svm,bigram,full,6,unith,Faure,top_ten,half_mean,,,1,1,S,1S,a,0,9,0.6666666732894049,9,12,12,0.0
svm,bigram,full,6,unith,Faure,top_ten,half_mean,,,1,1,S,1S,a,0,9,0.6666666732894049,9,13,13,0.15740740961498684
svm,bigram,full,6,unith,Faure,top_ten,half_mean,,,1,1,S,1S,a,0,9,0.6666666732894049,9,14,14,0.0
svm,bigram,full,6,unith,Faure,top_ten,half_mean,,,1,1,S,1S,a,0,9,0.6666666732894049,9,15,15,0.0
svm,bigram,full,6,unith,Faure,top_ten,half_mean,,,1,1,S,1S,a,0,9,0.6666666732894049,9,16,16,0.0
svm,bigram,full,6,unith,Faure,top_ten,half_mean,,,1,1,S,1S,a,0,9,0.6666666732894049,9,17,17,0.0
svm,bigram,full,6,unith,Faure,top_ten,half_mean,,,1,1,S,1S,a,0,9,0.6666666732894049,9,18,18,0.027777777777777776
svm,bigram,full,6,unith,Faure,top_ten,half_mean,,,1,1,S,1S,a,0,9,0.6666666732894049,9,19,19,0.05555555555555555
svm,bigram,full,6,unith,Faure,top_ten,half_mean,,,1,1,S,1S,a,0,9,0.6666666732894049,9,20,20,0.07407407628165351
svm,bigram,full,6,unith,Faure,top_ten,half_mean,,,1,1,S,1S,a,0,9,0.6666666732894049,9,21,21,0.0
svm,bigram,full,6,unith,Faure,top_ten,half_mean,,,1,1,S,1S,a,0,9,0.6666666732894049,9,22,22,0.0
svm,bigram,full,6,unith,Faure,top_ten,half_mean,,,1,1,S,1S,a,0,9,0.6666666732894049,9,23,23,0.0
svm,bigram,full,6,unith,Faure,top_ten,half_mean,,,1,1,S,1S,a,0,9,0.6666666732894049,9,24,24,0.0
svm,bigram,full,6,unith,Faure,top_ten,half_mean,,,1,1,S,1S,a,0,9,0.6666666732894049,9,25,25,0.0
svm,bigram,full,6,unith,Faure,top_ten,half_mean,,,1,1,S,1S,a,0,9,0.6666666732894049,9,26,26,0.0
svm,bigram,full,6,unith,Faure,top_ten,half_mean,,,1,1,S,1S,a,0,9,0.6666666732894049,9,27,27,0.0
svm,bigram,full,6,unith,Faure,top_ten,half_mean,,,1,1,S,1S,a,0,9,0.6666666732894049,9,28,28,0.0
svm,bigram,full,6,unith,Faure,top_ten,half_mean,,,1,1,S,1S,a,0,9,0.6666666732894049,9,29,29,0.0
svm,bigram,full,6,unith,Faure,top_ten,half_mean,,,1,1,S,1S,a,0,9,0.6666666732894049,9,30,30,0.0
svm,bigram,full,6,unith,Faure,top_ten,half_mean,,,1,1,S,1S,a,0,9,0.6666666732894049,9,31,31,0.0
svm,bigram,full,6,unith,Faure,top_ten,half_mean,,,1,1,S,1S,a,0,9,0.6666666732894049,9,32,32,0.0
svm,bigram,full,6,unith,Faure,top_ten,half_mean,,,1,1,S,1S,a,0,9,0.6666666732894049,9,33,33,0.0
svm,bigram,full,6,unith,Faure,top_ten,half_mean,,,1,1,S,1S,a,0,9,0.6666666732894049,9,34,34,0.0
svm,bigram,full,6,unith,Faure,top_ten,half_mean,,,1,1,S,1S,a,0,9,0.6666666732894049,9,35,35,0.0
svm,bigram,full,6,unith,Faure,top_ten,half_mean,,,1,1,S,1S,b,0,9,0.8888888988229964,10,0,0,0.0
svm,bigram,full,6,unith,Faure,top_ten,half_mean,,,1,1,S,1S,b,0,9,0.8888888988229964,10,1,1,0.0
svm,bigram,full,6,unith,Faure,top_ten,half_mean,,,1,1,S,1S,b,0,9,0.8888888988229964,10,2,2,0.037037038140826754
svm,bigram,full,6,unith,Faure,top_ten,half_mean,,,1,1,S,1S,b,0,9,0.8888888988229964,10,3,3,0.05555555555555555
svm,bigram,full,6,unith,Faure,top_ten,half_mean,,,1,1,S,1S,b,0,9,0.8888888988229964,10,4,4,0.0
svm,bigram,full,6,unith,Faure,top_ten,half_mean,,,1,1,S,1S,b,0,9,0.8888888988229964,10,5,5,0.0
svm,bigram,full,6,unith,Faure,top_ten,half_mean,,,1,1,S,1S,b,0,9,0.8888888988229964,10,6,6,0.037037038140826754
svm,bigram,full,6,unith,Faure,top_ten,half_mean,,,1,1,S,1S,b,0,9,0.8888888988229964,10,7,7,0.0
svm,bigram,full,6,unith,Faure,top_ten,half_mean,,,1,1,S,1S,b,0,9,0.8888888988229964,10,8,8,0.08333333333333333
svm,bigram,full,6,unith,Faure,top_ten,half_mean,,,1,1,S,1S,b,0,9,0.8888888988229964,10,9,9,0.12962963183720908
svm,bigram,full,6,unith,Faure,top_ten,half_mean,,,1,1,S,1S,b,0,9,0.8888888988229964,10,10,10,0.027777777777777776
svm,bigram,full,6,unith,Faure,top_ten,half_mean,,,1,1,S,1S,b,0,9,0.8888888988229964,10,11,11,0.0
svm,bigram,full,6,unith,Faure,top_ten,half_mean,,,1,1,S,1S,b,0,9,0.8888888988229964,10,12,12,0.0
svm,bigram,full,6,unith,Faure,top_ten,half_mean,,,1,1,S,1S,b,0,9,0.8888888988229964,10,13,13,0.1944444477558136
svm,bigram,full,6,unith,Faure,top_ten,half_mean,,,1,1,S,1S,b,0,9,0.8888888988229964,10,14,14,0.0
svm,bigram,full,6,unith,Faure,top_ten,half_mean,,,1,1,S,1S,b,0,9,0.8888888988229964,10,15,15,0.0
svm,bigram,full,6,unith,Faure,top_ten,half_mean,,,1,1,S,1S,b,0,9,0.8888888988229964,10,16,16,0.0
svm,bigram,full,6,unith,Faure,top_ten,half_mean,,,1,1,S,1S,b,0,9,0.8888888988229964,10,17,17,0.0
svm,bigram,full,6,unith,Faure,top_ten,half_mean,,,1,1,S,1S,b,0,9,0.8888888988229964,10,18,18,0.0
svm,bigram,full,6,unith,Faure,top_ten,half_mean,,,1,1,S,1S,b,0,9,0.8888888988229964,10,19,19,0.2222222222222222
svm,bigram,full,6,unith,Faure,top_ten,half_mean,,,1,1,S,1S,b,0,9,0.8888888988229964,10,20,20,0.07407407628165351
svm,bigram,full,6,unith,Faure,top_ten,half_mean,,,1,1,S,1S,b,0,9,0.8888888988229964,10,21,21,0.0
svm,bigram,full,6,unith,Faure,top_ten,half_mean,,,1,1,S,1S,b,0,9,0.8888888988229964,10,22,22,0.0
svm,bigram,full,6,unith,Faure,top_ten,half_mean,,,1,1,S,1S,b,0,9,0.8888888988229964,10,23,23,0.0
svm,bigram,full,6,unith,Faure,top_ten,half_mean,,,1,1,S,1S,b,0,9,0.8888888988229964,10,24,24,0.0
svm,bigram,full,6,unith,Faure,top_ten,half_mean,,,1,1,S,1S,b,0,9,0.8888888988229964,10,25,25,0.027777777777777776
svm,bigram,full,6,unith,Faure,top_ten,half_mean,,,1,1,S,1S,b,0,9,0.8888888988229964,10,26,26,0.0
svm,bigram,full,6,unith,Faure,top_ten,half_mean,,,1,1,S,1S,b,0,9,0.8888888988229964,10,27,27,0.0
svm,bigram,full,6,unith,Faure,top_ten,half_mean,,,1,1,S,1S,b,0,9,0.8888888988229964,10,28,28,0.0
svm,bigram,full,6,unith,Faure,top_ten,half_mean,,,1,1,S,1S,b,0,9,0.8888888988229964,10,29,29,0.0
svm,bigram,full,6,unith,Faure,top_ten,half_mean,,,1,1,S,1S,b,0,9,0.8888888988229964,10,30,30,0.0
svm,bigram,full,6,unith,Faure,top_ten,half_mean,,,1,1,S,1S,b,0,9,0.8888888988229964,10,31,31,0.0
svm,bigram,full,6,unith,Faure,top_ten,half_mean,,,1,1,S,1S,b,0,9,0.8888888988229964,10,32,32,0.0
svm,bigram,full,6,unith,Faure,top_ten,half_mean,,,1,1,S,1S,b,0,9,0.8888888988229964,10,33,33,0.0
svm,bigram,full,6,unith,Faure,top_ten,half_mean,,,1,1,S,1S,b,0,9,0.8888888988229964,10,34,34,0.0
svm,bigram,full,6,unith,Faure,top_ten,half_mean,,,1,1,S,1S,b,0,9,0.8888888988229964,10,35,35,0.0
svm,bigram,full,6,unith,Faure,top_ten,half_mean,,,2,0,H,2H,a,0,161,0.9440993939682564,18,0,0,0.0
svm,bigram,full,6,unith,Faure,top_ten,half_mean,,,2,0,H,2H,a,0,161,0.9440993939682564,18,1,1,0.01987577660113388
svm,bigram,full,6,unith,Faure,top_ten,half_mean,,,2,0,H,2H,a,0,161,0.9440993939682564,18,2,2,0.025362319272497425
svm,bigram,full,6,unith,Faure,top_ten,half_mean,,,2,0,H,2H,a,0,161,0.9440993939682564,18,3,3,0.012422360433554797
svm,bigram,full,6,unith,Faure,top_ten,half_mean,,,2,0,H,2H,a,0,161,0.9440993939682564,18,4,4,0.0
svm,bigram,full,6,unith,Faure,top_ten,half_mean,,,2,0,H,2H,a,0,161,0.9440993939682564,18,5,5,0.0
svm,bigram,full,6,unith,Faure,top_ten,half_mean,,,2,0,H,2H,a,0,161,0.9440993939682564,18,6,6,0.0170807455267225
svm,bigram,full,6,unith,Faure,top_ten,half_mean,,,2,0,H,2H,a,0,161,0.9440993939682564,18,7,7,0.0
svm,bigram,full,6,unith,Faure,top_ten,half_mean,,,2,0,H,2H,a,0,161,0.9440993939682564,18,8,8,0.06904761946719626
svm,bigram,full,6,unith,Faure,top_ten,half_mean,,,2,0,H,2H,a,0,161,0.9440993939682564,18,9,9,0.2076604592133753
svm,bigram,full,6,unith,Faure,top_ten,half_mean,,,2,0,H,2H,a,0,161,0.9440993939682564,18,10,10,0.012111801445854376
svm,bigram,full,6,unith,Faure,top_ten,half_mean,,,2,0,H,2H,a,0,161,0.9440993939682564,18,11,11,0.0
svm,bigram,full,6,unith,Faure,top_ten,half_mean,,,2,0,H,2H,a,0,161,0.9440993939682564,18,12,12,0.0
svm,bigram,full,6,unith,Faure,top_ten,half_mean,,,2,0,H,2H,a,0,161,0.9440993939682564,18,13,13,0.2615942074830488
svm,bigram,full,6,unith,Faure,top_ten,half_mean,,,2,0,H,2H,a,0,161,0.9440993939682564,18,14,14,0.0
svm,bigram,full,6,unith,Faure,top_ten,half_mean,,,2,0,H,2H,a,0,161,0.9440993939682564,18,15,15,0.016666666783901475
svm,bigram,full,6,unith,Faure,top_ten,half_mean,,,2,0,H,2H,a,0,161,0.9440993939682564,18,16,16,0.0
svm,bigram,full,6,unith,Faure,top_ten,half_mean,,,2,0,H,2H,a,0,161,0.9440993939682564,18,17,17,0.0
svm,bigram,full,6,unith,Faure,top_ten,half_mean,,,2,0,H,2H,a,0,161,0.9440993939682564,18,18,18,0.02608695709557267
svm,bigram,full,6,unith,Faure,top_ten,half_mean,,,2,0,H,2H,a,0,161,0.9440993939682564,18,19,19,0.11097308549081317
svm,bigram,full,6,unith,Faure,top_ten,half_mean,,,2,0,H,2H,a,0,161,0.9440993939682564,18,20,20,0.14151139066826482
svm,bigram,full,6,unith,Faure,top_ten,half_mean,,,2,0,H,2H,a,0,161,0.9440993939682564,18,21,21,0.0
svm,bigram,full,6,unith,Faure,top_ten,half_mean,,,2,0,H,2H,a,0,161,0.9440993939682564,18,22,22,0.0
svm,bigram,full,6,unith,Faure,top_ten,half_mean,,,2,0,H,2H,a,0,161,0.9440993939682564,18,23,23,0.0
svm,bigram,full,6,unith,Faure,top_ten,half_mean,,,2,0,H,2H,a,0,161,0.9440993939682564,18,24,24,0.0
svm,bigram,full,6,unith,Faure,top_ten,half_mean,,,2,0,H,2H,a,0,161,0.9440993939682564,18,25,25,0.009213250616322393
svm,bigram,full,6,unith,Faure,top_ten,half_mean,,,2,0,H,2H,a,0,161,0.9440993939682564,18,26,26,0.0020703934364437316
svm,bigram,full,6,unith,Faure,top_ten,half_mean,,,2,0,H,2H,a,0,161,0.9440993939682564,18,27,27,0.0020703934364437316
svm,bigram,full,6,unith,Faure,top_ten,half_mean,,,2,0,H,2H,a,0,161,0.9440993939682564,18,28,28,0.0
svm,bigram,full,6,unith,Faure,top_ten,half_mean,,,2,0,H,2H,a,0,161,0.9440993939682564,18,29,29,0.003623188467499632
svm,bigram,full,6,unith,Faure,top_ten,half_mean,,,2,0,H,2H,a,0,161,0.9440993939682564,18,30,30,0.0
svm,bigram,full,6,unith,Faure,top_ten,half_mean,,,2,0,H,2H,a,0,161,0.9440993939682564,18,31,31,0.003623188467499632
svm,bigram,full,6,unith,Faure,top_ten,half_mean,,,2,0,H,2H,a,0,161,0.9440993939682564,18,32,32,0.003105590062111801
svm,bigram,full,6,unith,Faure,top_ten,half_mean,,,2,0,H,2H,a,0,161,0.9440993939682564,18,33,33,0.0
svm,bigram,full,6,unith,Faure,top_ten,half_mean,,,2,0,H,2H,a,0,161,0.9440993939682564,18,34,34,0.0
svm,bigram,full,6,unith,Faure,top_ten,half_mean,,,2,0,H,2H,a,0,161,0.9440993939682564,18,35,35,0.0
svm,bigram,full,6,unith,Faure,top_ten,half_mean,,,2,0,H,2H,b,0,161,0.9565217534762731,19,0,0,0.0
svm,bigram,full,6,unith,Faure,top_ten,half_mean,,,2,0,H,2H,b,0,161,0.9565217534762731,19,1,1,0.022256729025278033
svm,bigram,full,6,unith,Faure,top_ten,half_mean,,,2,0,H,2H,b,0,161,0.9565217534762731,19,2,2,0.030538302771052957
svm,bigram,full,6,unith,Faure,top_ten,half_mean,,,2,0,H,2H,b,0,161,0.9565217534762731,19,3,3,0.008799171873501368
svm,bigram,full,6,unith,Faure,top_ten,half_mean,,,2,0,H,2H,b,0,161,0.9565217534762731,19,4,4,0.0
svm,bigram,full,6,unith,Faure,top_ten,half_mean,,,2,0,H,2H,b,0,161,0.9565217534762731,19,5,5,0.0
svm,bigram,full,6,unith,Faure,top_ten,half_mean,,,2,0,H,2H,b,0,161,0.9565217534762731,19,6,6,0.013975155464610698
svm,bigram,full,6,unith,Faure,top_ten,half_mean,,,2,0,H,2H,b,0,161,0.9565217534762731,19,7,7,0.0
svm,bigram,full,6,unith,Faure,top_ten,half_mean,,,2,0,H,2H,b,0,161,0.9565217534762731,19,8,8,0.08902691554578936
svm,bigram,full,6,unith,Faure,top_ten,half_mean,,,2,0,H,2H,b,0,161,0.9565217534762731,19,9,9,0.20859213626903036
svm,bigram,full,6,unith,Faure,top_ten,half_mean,,,2,0,H,2H,b,0,161,0.9565217534762731,19,10,10,0.009834368591723234
svm,bigram,full,6,unith,Faure,top_ten,half_mean,,,2,0,H,2H,b,0,161,0.9565217534762731,19,11,11,0.0015527950310559005
svm,bigram,full,6,unith,Faure,top_ten,half_mean,,,2,0,H,2H,b,0,161,0.9565217534762731,19,12,12,0.0015527950310559005
svm,bigram,full,6,unith,Faure,top_ten,half_mean,,,2,0,H,2H,b,0,161,0.9565217534762731,19,13,13,0.26169772714561557
svm,bigram,full,6,unith,Faure,top_ten,half_mean,,,2,0,H,2H,b,0,161,0.9565217534762731,19,14,14,0.0
svm,bigram,full,6,unith,Faure,top_ten,half_mean,,,2,0,H,2H,b,0,161,0.9565217534762731,19,15,15,0.009834368591723234
svm,bigram,full,6,unith,Faure,top_ten,half_mean,,,2,0,H,2H,b,0,161,0.9565217534762731,19,16,16,0.0
svm,bigram,full,6,unith,Faure,top_ten,half_mean,,,2,0,H,2H,b,0,161,0.9565217534762731,19,17,17,0.0
svm,bigram,full,6,unith,Faure,top_ten,half_mean,,,2,0,H,2H,b,0,161,0.9565217534762731,19,18,18,0.030020704458218923
svm,bigram,full,6,unith,Faure,top_ten,half_mean,,,2,0,H,2H,b,0,161,0.9565217534762731,19,19,19,0.09937888245034662
svm,bigram,full,6,unith,Faure,top_ten,half_mean,,,2,0,H,2H,b,0,161,0.9565217534762731,19,20,20,0.14420290189500182
svm,bigram,full,6,unith,Faure,top_ten,half_mean,,,2,0,H,2H,b,0,161,0.9565217534762731,19,21,21,0.0
svm,bigram,full,6,unith,Faure,top_ten,half_mean,,,2,0,H,2H,b,0,161,0.9565217534762731,19,22,22,0.0
svm,bigram,full,6,unith,Faure,top_ten,half_mean,,,2,0,H,2H,b,0,161,0.9565217534762731,19,23,23,0.0012422360433554797
svm,bigram,full,6,unith,Faure,top_ten,half_mean,,,2,0,H,2H,b,0,161,0.9565217534762731,19,24,24,0.0
svm,bigram,full,6,unith,Faure,top_ten,half_mean,,,2,0,H,2H,b,0,161,0.9565217534762731,19,25,25,0.017598343747002736
svm,bigram,full,6,unith,Faure,top_ten,half_mean,,,2,0,H,2H,b,0,161,0.9565217534762731,19,26,26,0.0
svm,bigram,full,6,unith,Faure,top_ten,half_mean,,,2,0,H,2H,b,0,161,0.9565217534762731,19,27,27,0.0020703934364437316
svm,bigram,full,6,unith,Faure,top_ten,half_mean,,,2,0,H,2H,b,0,161,0.9565217534762731,19,28,28,0.0
svm,bigram,full,6,unith,Faure,top_ten,half_mean,,,2,0,H,2H,b,0,161,0.9565217534762731,19,29,29,0.0
svm,bigram,full,6,unith,Faure,top_ten,half_mean,,,2,0,H,2H,b,0,161,0.9565217534762731,19,30,30,0.0
svm,bigram,full,6,unith,Faure,top_ten,half_mean,,,2,0,H,2H,b,0,161,0.9565217534762731,19,31,31,0.00279503107441138
svm,bigram,full,6,unith,Faure,top_ten,half_mean,,,2,0,H,2H,b,0,161,0.9565217534762731,19,32,32,0.0
svm,bigram,full,6,unith,Faure,top_ten,half_mean,,,2,0,H,2H,b,0,161,0.9565217534762731,19,33,33,0.0015527950310559005
svm,bigram,full,6,unith,Faure,top_ten,half_mean,,,2,0,H,2H,b,0,161,0.9565217534762731,19,34,34,0.0
svm,bigram,full,6,unith,Faure,top_ten,half_mean,,,2,0,H,2H,b,0,161,0.9565217534762731,19,35,35,0.0
svm,bigram,full,6,unith,Faure,top_ten,half_mean,,,2,1,S,2S,a,0,105,0.942857150662513,18,0,0,0.0
svm,bigram,full,6,unith,Faure,top_ten,half_mean,,,2,1,S,2S,a,0,105,0.942857150662513,18,1,1,0.011111111300332205
svm,bigram,full,6,unith,Faure,top_ten,half_mean,,,2,1,S,2S,a,0,105,0.942857150662513,18,2,2,0.019841270077796208
svm,bigram,full,6,unith,Faure,top_ten,half_mean,,,2,1,S,2S,a,0,105,0.942857150662513,18,3,3,0.01746031755492801
svm,bigram,full,6,unith,Faure,top_ten,half_mean,,,2,1,S,2S,a,0,105,0.942857150662513,18,4,4,0.0
svm,bigram,full,6,unith,Faure,top_ten,half_mean,,,2,1,S,2S,a,0,105,0.942857150662513,18,5,5,0.0
svm,bigram,full,6,unith,Faure,top_ten,half_mean,,,2,1,S,2S,a,0,105,0.942857150662513,18,6,6,0.006349206538427444
svm,bigram,full,6,unith,Faure,top_ten,half_mean,,,2,1,S,2S,a,0,105,0.942857150662513,18,7,7,0.0
svm,bigram,full,6,unith,Faure,top_ten,half_mean,,,2,1,S,2S,a,0,105,0.942857150662513,18,8,8,0.12095238140651159
svm,bigram,full,6,unith,Faure,top_ten,half_mean,,,2,1,S,2S,a,0,105,0.942857150662513,18,9,9,0.1677777792726244
svm,bigram,full,6,unith,Faure,top_ten,half_mean,,,2,1,S,2S,a,0,105,0.942857150662513,18,10,10,0.028571428855260213
svm,bigram,full,6,unith,Faure,top_ten,half_mean,,,2,1,S,2S,a,0,105,0.942857150662513,18,11,11,0.004761904761904762
svm,bigram,full,6,unith,Faure,top_ten,half_mean,,,2,1,S,2S,a,0,105,0.942857150662513,18,12,12,0.0
svm,bigram,full,6,unith,Faure,top_ten,half_mean,,,2,1,S,2S,a,0,105,0.942857150662513,18,13,13,0.22841270083472842
svm,bigram,full,6,unith,Faure,top_ten,half_mean,,,2,1,S,2S,a,0,105,0.942857150662513,18,14,14,0.0
svm,bigram,full,6,unith,Faure,top_ten,half_mean,,,2,1,S,2S,a,0,105,0.942857150662513,18,15,15,0.01984126993588039
svm,bigram,full,6,unith,Faure,top_ten,half_mean,,,2,1,S,2S,a,0,105,0.942857150662513,18,16,16,0.0
svm,bigram,full,6,unith,Faure,top_ten,half_mean,,,2,1,S,2S,a,0,105,0.942857150662513,18,17,17,0.0
svm,bigram,full,6,unith,Faure,top_ten,half_mean,,,2,1,S,2S,a,0,105,0.942857150662513,18,18,18,0.01984126993588039
svm,bigram,full,6,unith,Faure,top_ten,half_mean,,,2,1,S,2S,a,0,105,0.942857150662513,18,19,19,0.19079365134239196
svm,bigram,full,6,unith,Faure,top_ten,half_mean,,,2,1,S,2S,a,0,105,0.942857150662513,18,20,20,0.061111112435658775
svm,bigram,full,6,unith,Faure,top_ten,half_mean,,,2,1,S,2S,a,0,105,0.942857150662513,18,21,21,0.0
svm,bigram,full,6,unith,Faure,top_ten,half_mean,,,2,1,S,2S,a,0,105,0.942857150662513,18,22,22,0.0
svm,bigram,full,6,unith,Faure,top_ten,half_mean,,,2,1,S,2S,a,0,105,0.942857150662513,18,23,23,0.0
svm,bigram,full,6,unith,Faure,top_ten,half_mean,,,2,1,S,2S,a,0,105,0.942857150662513,18,24,24,0.0
svm,bigram,full,6,unith,Faure,top_ten,half_mean,,,2,1,S,2S,a,0,105,0.942857150662513,18,25,25,0.01984126993588039
svm,bigram,full,6,unith,Faure,top_ten,half_mean,,,2,1,S,2S,a,0,105,0.942857150662513,18,26,26,0.003174603269213722
svm,bigram,full,6,unith,Faure,top_ten,half_mean,,,2,1,S,2S,a,0,105,0.942857150662513,18,27,27,0.008730158919379824
svm,bigram,full,6,unith,Faure,top_ten,half_mean,,,2,1,S,2S,a,0,105,0.942857150662513,18,28,28,0.0
svm,bigram,full,6,unith,Faure,top_ten,half_mean,,,2,1,S,2S,a,0,105,0.942857150662513,18,29,29,0.004761904761904762
svm,bigram,full,6,unith,Faure,top_ten,half_mean,,,2,1,S,2S,a,0,105,0.942857150662513,18,30,30,0.0
svm,bigram,full,6,unith,Faure,top_ten,half_mean,,,2,1,S,2S,a,0,105,0.942857150662513,18,31,31,0.009523809523809525
svm,bigram,full,6,unith,Faure,top_ten,half_mean,,,2,1,S,2S,a,0,105,0.942857150662513,18,32,32,0.0
svm,bigram,full,6,unith,Faure,top_ten,half_mean,,,2,1,S,2S,a,0,105,0.942857150662513,18,33,33,0.0
svm,bigram,full,6,unith,Faure,top_ten,half_mean,,,2,1,S,2S,a,0,105,0.942857150662513,18,34,34,0.0
svm,bigram,full,6,unith,Faure,top_ten,half_mean,,,2,1,S,2S,a,0,105,0.942857150662513,18,35,35,0.0
svm,bigram,full,6,unith,Faure,top_ten,half_mean,,,2,1,S,2S,b,0,105,0.923809533175968,19,0,0,0.0
svm,bigram,full,6,unith,Faure,top_ten,half_mean,,,2,1,S,2S,b,0,105,0.923809533175968,19,1,1,0.02031746052560352
svm,bigram,full,6,unith,Faure,top_ten,half_mean,,,2,1,S,2S,b,0,105,0.923809533175968,19,2,2,0.016666666666666666
svm,bigram,full,6,unith,Faure,top_ten,half_mean,,,2,1,S,2S,b,0,105,0.923809533175968,19,3,3,0.013015873233477275
svm,bigram,full,6,unith,Faure,top_ten,half_mean,,,2,1,S,2S,b,0,105,0.923809533175968,19,4,4,0.0
svm,bigram,full,6,unith,Faure,top_ten,half_mean,,,2,1,S,2S,b,0,105,0.923809533175968,19,5,5,0.0
svm,bigram,full,6,unith,Faure,top_ten,half_mean,,,2,1,S,2S,b,0,105,0.923809533175968,19,6,6,0.003174603269213722
svm,bigram,full,6,unith,Faure,top_ten,half_mean,,,2,1,S,2S,b,0,105,0.923809533175968,19,7,7,0.0
svm,bigram,full,6,unith,Faure,top_ten,half_mean,,,2,1,S,2S,b,0,105,0.923809533175968,19,8,8,0.08476190524441855
svm,bigram,full,6,unith,Faure,top_ten,half_mean,,,2,1,S,2S,b,0,105,0.923809533175968,19,9,9,0.1990476213750385
svm,bigram,full,6,unith,Faure,top_ten,half_mean,,,2,1,S,2S,b,0,105,0.923809533175968,19,10,10,0.007142857142857143
svm,bigram,full,6,unith,Faure,top_ten,half_mean,,,2,1,S,2S,b,0,105,0.923809533175968,19,11,11,0.004761904761904762
svm,bigram,full,6,unith,Faure,top_ten,half_mean,,,2,1,S,2S,b,0,105,0.923809533175968,19,12,12,0.0
svm,bigram,full,6,unith,Faure,top_ten,half_mean,,,2,1,S,2S,b,0,105,0.923809533175968,19,13,13,0.2204761932293574
svm,bigram,full,6,unith,Faure,top_ten,half_mean,,,2,1,S,2S,b,0,105,0.923809533175968,19,14,14,0.0
svm,bigram,full,6,unith,Faure,top_ten,half_mean,,,2,1,S,2S,b,0,105,0.923809533175968,19,15,15,0.008095238180387588
svm,bigram,full,6,unith,Faure,top_ten,half_mean,,,2,1,S,2S,b,0,105,0.923809533175968,19,16,16,0.007936508031118485
svm,bigram,full,6,unith,Faure,top_ten,half_mean,,,2,1,S,2S,b,0,105,0.923809533175968,19,17,17,0.0
svm,bigram,full,6,unith,Faure,top_ten,half_mean,,,2,1,S,2S,b,0,105,0.923809533175968,19,18,18,0.017936508144651142
svm,bigram,full,6,unith,Faure,top_ten,half_mean,,,2,1,S,2S,b,0,105,0.923809533175968,19,19,19,0.1400000003122148
svm,bigram,full,6,unith,Faure,top_ten,half_mean,,,2,1,S,2S,b,0,105,0.923809533175968,19,20,20,0.11857143087046487
svm,bigram,full,6,unith,Faure,top_ten,half_mean,,,2,1,S,2S,b,0,105,0.923809533175968,19,21,21,0.0
svm,bigram,full,6,unith,Faure,top_ten,half_mean,,,2,1,S,2S,b,0,105,0.923809533175968,19,22,22,0.0
svm,bigram,full,6,unith,Faure,top_ten,half_mean,,,2,1,S,2S,b,0,105,0.923809533175968,19,23,23,0.002380952380952381
svm,bigram,full,6,unith,Faure,top_ten,half_mean,,,2,1,S,2S,b,0,105,0.923809533175968,19,24,24,0.0
svm,bigram,full,6,unith,Faure,top_ten,half_mean,,,2,1,S,2S,b,0,105,0.923809533175968,19,25,25,0.04047619076002212
svm,bigram,full,6,unith,Faure,top_ten,half_mean,,,2,1,S,2S,b,0,105,0.923809533175968,19,26,26,0.0
svm,bigram,full,6,unith,Faure,top_ten,half_mean,,,2,1,S,2S,b,0,105,0.923809533175968,19,27,27,0.002380952380952381
svm,bigram,full,6,unith,Faure,top_ten,half_mean,,,2,1,S,2S,b,0,105,0.923809533175968,19,28,28,0.0
svm,bigram,full,6,unith,Faure,top_ten,half_mean,,,2,1,S,2S,b,0,105,0.923809533175968,19,29,29,0.004761904761904762
svm,bigram,full,6,unith,Faure,top_ten,half_mean,,,2,1,S,2S,b,0,105,0.923809533175968,19,30,30,0.0
svm,bigram,full,6,unith,Faure,top_ten,half_mean,,,2,1,S,2S,b,0,105,0.923809533175968,19,31,31,0.011904761904761904
svm,bigram,full,6,unith,Faure,top_ten,half_mean,,,2,1,S,2S,b,0,105,0.923809533175968,19,32,32,0.0
svm,bigram,full,6,unith,Faure,top_ten,half_mean,,,2,1,S,2S,b,0,105,0.923809533175968,19,33,33,0.0
svm,bigram,full,6,unith,Faure,top_ten,half_mean,,,2,1,S,2S,b,0,105,0.923809533175968,19,34,34,0.0
svm,bigram,full,6,unith,Faure,top_ten,half_mean,,,2,1,S,2S,b,0,105,0.923809533175968,19,35,35,0.0
svm,bigram,full,6,unith,Faure,top_ten,half_mean,,,3,0,H,3H,a,0,261,0.9233716577291489,17,0,0,0.0
svm,bigram,full,6,unith,Faure,top_ten,half_mean,,,3,0,H,3H,a,0,261,0.9233716577291489,17,1,1,0.04214559398391694
svm,bigram,full,6,unith,Faure,top_ten,half_mean,,,3,0,H,3H,a,0,261,0.9233716577291489,17,2,2,0.022796935105689184
svm,bigram,full,6,unith,Faure,top_ten,half_mean,,,3,0,H,3H,a,0,261,0.9233716577291489,17,3,3,0.007982120146239854
svm,bigram,full,6,unith,Faure,top_ten,half_mean,,,3,0,H,3H,a,0,261,0.9233716577291489,17,4,4,0.0
svm,bigram,full,6,unith,Faure,top_ten,half_mean,,,3,0,H,3H,a,0,261,0.9233716577291489,17,5,5,0.0
svm,bigram,full,6,unith,Faure,top_ten,half_mean,,,3,0,H,3H,a,0,261,0.9233716577291489,17,6,6,0.031928480470774276
svm,bigram,full,6,unith,Faure,top_ten,half_mean,,,3,0,H,3H,a,0,261,0.9233716577291489,17,7,7,0.0
svm,bigram,full,6,unith,Faure,top_ten,half_mean,,,3,0,H,3H,a,0,261,0.9233716577291489,17,8,8,0.033652618184856986
svm,bigram,full,6,unith,Faure,top_ten,half_mean,,,3,0,H,3H,a,0,261,0.9233716577291489,17,9,9,0.19406130515980993
svm,bigram,full,6,unith,Faure,top_ten,half_mean,,,3,0,H,3H,a,0,261,0.9233716577291489,17,10,10,0.0538952749122605
svm,bigram,full,6,unith,Faure,top_ten,half_mean,,,3,0,H,3H,a,0,261,0.9233716577291489,17,11,11,0.0
svm,bigram,full,6,unith,Faure,top_ten,half_mean,,,3,0,H,3H,a,0,261,0.9233716577291489,17,12,12,0.0
svm,bigram,full,6,unith,Faure,top_ten,half_mean,,,3,0,H,3H,a,0,261,0.9233716577291489,17,13,13,0.17726692500242328
svm,bigram,full,6,unith,Faure,top_ten,half_mean,,,3,0,H,3H,a,0,261,0.9233716577291489,17,14,14,0.0
svm,bigram,full,6,unith,Faure,top_ten,half_mean,,,3,0,H,3H,a,0,261,0.9233716577291489,17,15,15,0.015644955566559714
svm,bigram,full,6,unith,Faure,top_ten,half_mean,,,3,0,H,3H,a,0,261,0.9233716577291489,17,16,16,0.0019157088122605363
svm,bigram,full,6,unith,Faure,top_ten,half_mean,,,3,0,H,3H,a,0,261,0.9233716577291489,17,17,17,0.0
svm,bigram,full,6,unith,Faure,top_ten,half_mean,,,3,0,H,3H,a,0,261,0.9233716577291489,17,18,18,0.02535121342688228
svm,bigram,full,6,unith,Faure,top_ten,half_mean,,,3,0,H,3H,a,0,261,0.9233716577291489,17,19,19,0.13582375520033854
svm,bigram,full,6,unith,Faure,top_ten,half_mean,,,3,0,H,3H,a,0,261,0.9233716577291489,17,20,20,0.09335887843164904
svm,bigram,full,6,unith,Faure,top_ten,half_mean,,,3,0,H,3H,a,0,261,0.9233716577291489,17,21,21,0.0
svm,bigram,full,6,unith,Faure,top_ten,half_mean,,,3,0,H,3H,a,0,261,0.9233716577291489,17,22,22,0.0025542784924708108
svm,bigram,full,6,unith,Faure,top_ten,half_mean,,,3,0,H,3H,a,0,261,0.9233716577291489,17,23,23,0.0
svm,bigram,full,6,unith,Faure,top_ten,half_mean,,,3,0,H,3H,a,0,261,0.9233716577291489,17,24,24,0.0
svm,bigram,full,6,unith,Faure,top_ten,half_mean,,,3,0,H,3H,a,0,261,0.9233716577291489,17,25,25,0.0725415073249532
svm,bigram,full,6,unith,Faure,top_ten,half_mean,,,3,0,H,3H,a,0,261,0.9233716577291489,17,26,26,0.006385696231177027
svm,bigram,full,6,unith,Faure,top_ten,half_mean,,,3,0,H,3H,a,0,261,0.9233716577291489,17,27,27,0.006066411276886746
svm,bigram,full,6,unith,Faure,top_ten,half_mean,,,3,0,H,3H,a,0,261,0.9233716577291489,17,28,28,0.0
svm,bigram,full,6,unith,Faure,top_ten,half_mean,,,3,0,H,3H,a,0,261,0.9233716577291489,17,29,29,0.0
svm,bigram,full,6,unith,Faure,top_ten,half_mean,,,3,0,H,3H,a,0,261,0.9233716577291489,17,30,30,0.0
svm,bigram,full,6,unith,Faure,top_ten,half_mean,,,3,0,H,3H,a,0,261,0.9233716577291489,17,31,31,0.0
svm,bigram,full,6,unith,Faure,top_ten,half_mean,,,3,0,H,3H,a,0,261,0.9233716577291489,17,32,32,0.0
svm,bigram,full,6,unith,Faure,top_ten,half_mean,,,3,0,H,3H,a,0,261,0.9233716577291489,17,33,33,0.0
svm,bigram,full,6,unith,Faure,top_ten,half_mean,,,3,0,H,3H,a,0,261,0.9233716577291489,17,34,34,0.0
svm,bigram,full,6,unith,Faure,top_ten,half_mean,,,3,0,H,3H,a,0,261,0.9233716577291489,17,35,35,0.0
svm,bigram,full,6,unith,Faure,top_ten,half_mean,,,3,0,H,3H,b,0,261,0.9042145693781731,25,0,0,0.0
svm,bigram,full,6,unith,Faure,top_ten,half_mean,,,3,0,H,3H,b,0,261,0.9042145693781731,25,1,1,0.031736909486781595
svm,bigram,full,6,unith,Faure,top_ten,half_mean,,,3,0,H,3H,b,0,261,0.9042145693781731,25,2,2,0.030012771886884025
svm,bigram,full,6,unith,Faure,top_ten,half_mean,,,3,0,H,3H,b,0,261,0.9042145693781731,25,3,3,0.007024265797202158
svm,bigram,full,6,unith,Faure,top_ten,half_mean,,,3,0,H,3H,b,0,261,0.9042145693781731,25,4,4,0.0012771392462354054
svm,bigram,full,6,unith,Faure,top_ten,half_mean,,,3,0,H,3H,b,0,261,0.9042145693781731,25,5,5,0.0
svm,bigram,full,6,unith,Faure,top_ten,half_mean,,,3,0,H,3H,b,0,261,0.9042145693781731,25,6,6,0.03128991101893429
svm,bigram,full,6,unith,Faure,top_ten,half_mean,,,3,0,H,3H,b,0,261,0.9042145693781731,25,7,7,0.0
svm,bigram,full,6,unith,Faure,top_ten,half_mean,,,3,0,H,3H,b,0,261,0.9042145693781731,25,8,8,0.051979565985814824
svm,bigram,full,6,unith,Faure,top_ten,half_mean,,,3,0,H,3H,b,0,261,0.9042145693781731,25,9,9,0.18192848220638846
svm,bigram,full,6,unith,Faure,top_ten,half_mean,,,3,0,H,3H,b,0,261,0.9042145693781731,25,10,10,0.05395913186886302
svm,bigram,full,6,unith,Faure,top_ten,half_mean,,,3,0,H,3H,b,0,261,0.9042145693781731,25,11,11,0.0036398467547135334
svm,bigram,full,6,unith,Faure,top_ten,half_mean,,,3,0,H,3H,b,0,261,0.9042145693781731,25,12,12,0.0
svm,bigram,full,6,unith,Faure,top_ten,half_mean,,,3,0,H,3H,b,0,261,0.9042145693781731,25,13,13,0.18263090964249723
svm,bigram,full,6,unith,Faure,top_ten,half_mean,,,3,0,H,3H,b,0,261,0.9042145693781731,25,14,14,0.0
svm,bigram,full,6,unith,Faure,top_ten,half_mean,,,3,0,H,3H,b,0,261,0.9042145693781731,25,15,15,0.007024265797202158
svm,bigram,full,6,unith,Faure,top_ten,half_mean,,,3,0,H,3H,b,0,261,0.9042145693781731,25,16,16,0.0012771392462354054
svm,bigram,full,6,unith,Faure,top_ten,half_mean,,,3,0,H,3H,b,0,261,0.9042145693781731,25,17,17,0.0
svm,bigram,full,6,unith,Faure,top_ten,half_mean,,,3,0,H,3H,b,0,261,0.9042145693781731,25,18,18,0.02056194145332351
svm,bigram,full,6,unith,Faure,top_ten,half_mean,,,3,0,H,3H,b,0,261,0.9042145693781731,25,19,19,0.13384418937438292
svm,bigram,full,6,unith,Faure,top_ten,half_mean,,,3,0,H,3H,b,0,261,0.9042145693781731,25,20,20,0.07701149622827654
svm,bigram,full,6,unith,Faure,top_ten,half_mean,,,3,0,H,3H,b,0,261,0.9042145693781731,25,21,21,0.0
svm,bigram,full,6,unith,Faure,top_ten,half_mean,,,3,0,H,3H,b,0,261,0.9042145693781731,25,22,22,0.004469987304731347
svm,bigram,full,6,unith,Faure,top_ten,half_mean,,,3,0,H,3H,b,0,261,0.9042145693781731,25,23,23,0.0
svm,bigram,full,6,unith,Faure,top_ten,half_mean,,,3,0,H,3H,b,0,261,0.9042145693781731,25,24,24,0.0025542784924708108
svm,bigram,full,6,unith,Faure,top_ten,half_mean,,,3,0,H,3H,b,0,261,0.9042145693781731,25,25,25,0.06558109859853868
svm,bigram,full,6,unith,Faure,top_ten,half_mean,,,3,0,H,3H,b,0,261,0.9042145693781731,25,26,26,0.003831417738706216
svm,bigram,full,6,unith,Faure,top_ten,half_mean,,,3,0,H,3H,b,0,261,0.9042145693781731,25,27,27,0.005108556870756478
svm,bigram,full,6,unith,Faure,top_ten,half_mean,,,3,0,H,3H,b,0,261,0.9042145693781731,25,28,28,0.0
svm,bigram,full,6,unith,Faure,top_ten,half_mean,,,3,0,H,3H,b,0,261,0.9042145693781731,25,29,29,0.0019157088122605363
svm,bigram,full,6,unith,Faure,top_ten,half_mean,,,3,0,H,3H,b,0,261,0.9042145693781731,25,30,30,0.0009578544061302681
svm,bigram,full,6,unith,Faure,top_ten,half_mean,,,3,0,H,3H,b,0,261,0.9042145693781731,25,31,31,0.0028735632183908046
svm,bigram,full,6,unith,Faure,top_ten,half_mean,,,3,0,H,3H,b,0,261,0.9042145693781731,25,32,32,0.0
svm,bigram,full,6,unith,Faure,top_ten,half_mean,,,3,0,H,3H,b,0,261,0.9042145693781731,25,33,33,0.0009578544061302681
svm,bigram,full,6,unith,Faure,top_ten,half_mean,,,3,0,H,3H,b,0,261,0.9042145693781731,25,34,34,0.0007662835363227288
svm,bigram,full,6,unith,Faure,top_ten,half_mean,,,3,0,H,3H,b,0,261,0.9042145693781731,25,35,35,0.0
svm,bigram,full,6,unith,Faure,top_ten,half_mean,,,3,1,S,3S,a,0,18,0.9444444535507096,12,0,0,0.0
svm,bigram,full,6,unith,Faure,top_ten,half_mean,,,3,1,S,3S,a,0,18,0.9444444535507096,12,1,1,0.06944444444444445
svm,bigram,full,6,unith,Faure,top_ten,half_mean,,,3,1,S,3S,a,0,18,0.9444444535507096,12,2,2,0.018518519070413377
svm,bigram,full,6,unith,Faure,top_ten,half_mean,,,3,1,S,3S,a,0,18,0.9444444535507096,12,3,3,0.027777777777777776
svm,bigram,full,6,unith,Faure,top_ten,half_mean,,,3,1,S,3S,a,0,18,0.9444444535507096,12,4,4,0.0
svm,bigram,full,6,unith,Faure,top_ten,half_mean,,,3,1,S,3S,a,0,18,0.9444444535507096,12,5,5,0.0
svm,bigram,full,6,unith,Faure,top_ten,half_mean,,,3,1,S,3S,a,0,18,0.9444444535507096,12,6,6,0.08796296351485783
svm,bigram,full,6,unith,Faure,top_ten,half_mean,,,3,1,S,3S,a,0,18,0.9444444535507096,12,7,7,0.0
svm,bigram,full,6,unith,Faure,top_ten,half_mean,,,3,1,S,3S,a,0,18,0.9444444535507096,12,8,8,0.013888888888888888
svm,bigram,full,6,unith,Faure,top_ten,half_mean,,,3,1,S,3S,a,0,18,0.9444444535507096,12,9,9,0.214814816084173
svm,bigram,full,6,unith,Faure,top_ten,half_mean,,,3,1,S,3S,a,0,18,0.9444444535507096,12,10,10,0.029629630347092945
svm,bigram,full,6,unith,Faure,top_ten,half_mean,,,3,1,S,3S,a,0,18,0.9444444535507096,12,11,11,0.0
svm,bigram,full,6,unith,Faure,top_ten,half_mean,,,3,1,S,3S,a,0,18,0.9444444535507096,12,12,12,0.0
svm,bigram,full,6,unith,Faure,top_ten,half_mean,,,3,1,S,3S,a,0,18,0.9444444535507096,12,13,13,0.06203703830639521
svm,bigram,full,6,unith,Faure,top_ten,half_mean,,,3,1,S,3S,a,0,18,0.9444444535507096,12,14,14,0.0
svm,bigram,full,6,unith,Faure,top_ten,half_mean,,,3,1,S,3S,a,0,18,0.9444444535507096,12,15,15,0.037037038140826754
svm,bigram,full,6,unith,Faure,top_ten,half_mean,,,3,1,S,3S,a,0,18,0.9444444535507096,12,16,16,0.0
svm,bigram,full,6,unith,Faure,top_ten,half_mean,,,3,1,S,3S,a,0,18,0.9444444535507096,12,17,17,0.0
svm,bigram,full,6,unith,Faure,top_ten,half_mean,,,3,1,S,3S,a,0,18,0.9444444535507096,12,18,18,0.0
svm,bigram,full,6,unith,Faure,top_ten,half_mean,,,3,1,S,3S,a,0,18,0.9444444535507096,12,19,19,0.29814814941750634
svm,bigram,full,6,unith,Faure,top_ten,half_mean,,,3,1,S,3S,a,0,18,0.9444444535507096,12,20,20,0.055555557211240135
svm,bigram,full,6,unith,Faure,top_ten,half_mean,,,3,1,S,3S,a,0,18,0.9444444535507096,12,21,21,0.0
svm,bigram,full,6,unith,Faure,top_ten,half_mean,,,3,1,S,3S,a,0,18,0.9444444535507096,12,22,22,0.0
svm,bigram,full,6,unith,Faure,top_ten,half_mean,,,3,1,S,3S,a,0,18,0.9444444535507096,12,23,23,0.0
svm,bigram,full,6,unith,Faure,top_ten,half_mean,,,3,1,S,3S,a,0,18,0.9444444535507096,12,24,24,0.0
svm,bigram,full,6,unith,Faure,top_ten,half_mean,,,3,1,S,3S,a,0,18,0.9444444535507096,12,25,25,0.0
svm,bigram,full,6,unith,Faure,top_ten,half_mean,,,3,1,S,3S,a,0,18,0.9444444535507096,12,26,26,0.029629630347092945
svm,bigram,full,6,unith,Faure,top_ten,half_mean,,,3,1,S,3S,a,0,18,0.9444444535507096,12,27,27,0.0
svm,bigram,full,6,unith,Faure,top_ten,half_mean,,,3,1,S,3S,a,0,18,0.9444444535507096,12,28,28,0.0
svm,bigram,full,6,unith,Faure,top_ten,half_mean,,,3,1,S,3S,a,0,18,0.9444444535507096,12,29,29,0.0
svm,bigram,full,6,unith,Faure,top_ten,half_mean,,,3,1,S,3S,a,0,18,0.9444444535507096,12,30,30,0.0
svm,bigram,full,6,unith,Faure,top_ten,half_mean,,,3,1,S,3S,a,0,18,0.9444444535507096,12,31,31,0.0
svm,bigram,full,6,unith,Faure,top_ten,half_mean,,,3,1,S,3S,a,0,18,0.9444444535507096,12,32,32,0.0
svm,bigram,full,6,unith,Faure,top_ten,half_mean,,,3,1,S,3S,a,0,18,0.9444444535507096,12,33,33,0.0
svm,bigram,full,6,unith,Faure,top_ten,half_mean,,,3,1,S,3S,a,0,18,0.9444444535507096,12,34,34,0.0
svm,bigram,full,6,unith,Faure,top_ten,half_mean,,,3,1,S,3S,a,0,18,0.9444444535507096,12,35,35,0.0
svm,bigram,full,6,unith,Faure,top_ten,half_mean,,,3,1,S,3S,b,0,18,0.888888906273577,10,0,0,0.0
svm,bigram,full,6,unith,Faure,top_ten,half_mean,,,3,1,S,3S,b,0,18,0.888888906273577,10,1,1,0.0
svm,bigram,full,6,unith,Faure,top_ten,half_mean,,,3,1,S,3S,b,0,18,0.888888906273577,10,2,2,0.037037038140826754
svm,bigram,full,6,unith,Faure,top_ten,half_mean,,,3,1,S,3S,b,0,18,0.888888906273577,10,3,3,0.0
svm,bigram,full,6,unith,Faure,top_ten,half_mean,,,3,1,S,3S,b,0,18,0.888888906273577,10,4,4,0.0
svm,bigram,full,6,unith,Faure,top_ten,half_mean,,,3,1,S,3S,b,0,18,0.888888906273577,10,5,5,0.0
svm,bigram,full,6,unith,Faure,top_ten,half_mean,,,3,1,S,3S,b,0,18,0.888888906273577,10,6,6,0.018518519070413377
svm,bigram,full,6,unith,Faure,top_ten,half_mean,,,3,1,S,3S,b,0,18,0.888888906273577,10,7,7,0.0
svm,bigram,full,6,unith,Faure,top_ten,half_mean,,,3,1,S,3S,b,0,18,0.888888906273577,10,8,8,0.013888888888888888
svm,bigram,full,6,unith,Faure,top_ten,half_mean,,,3,1,S,3S,b,0,18,0.888888906273577,10,9,9,0.21018518921401766
svm,bigram,full,6,unith,Faure,top_ten,half_mean,,,3,1,S,3S,b,0,18,0.888888906273577,10,10,10,0.04351851923598184
svm,bigram,full,6,unith,Faure,top_ten,half_mean,,,3,1,S,3S,b,0,18,0.888888906273577,10,11,11,0.0
svm,bigram,full,6,unith,Faure,top_ten,half_mean,,,3,1,S,3S,b,0,18,0.888888906273577,10,12,12,0.0
svm,bigram,full,6,unith,Faure,top_ten,half_mean,,,3,1,S,3S,b,0,18,0.888888906273577,10,13,13,0.20092593050665325
svm,bigram,full,6,unith,Faure,top_ten,half_mean,,,3,1,S,3S,b,0,18,0.888888906273577,10,14,14,0.0
svm,bigram,full,6,unith,Faure,top_ten,half_mean,,,3,1,S,3S,b,0,18,0.888888906273577,10,15,15,0.018518519070413377
svm,bigram,full,6,unith,Faure,top_ten,half_mean,,,3,1,S,3S,b,0,18,0.888888906273577,10,16,16,0.0
svm,bigram,full,6,unith,Faure,top_ten,half_mean,,,3,1,S,3S,b,0,18,0.888888906273577,10,17,17,0.0
svm,bigram,full,6,unith,Faure,top_ten,half_mean,,,3,1,S,3S,b,0,18,0.888888906273577,10,18,18,0.0
svm,bigram,full,6,unith,Faure,top_ten,half_mean,,,3,1,S,3S,b,0,18,0.888888906273577,10,19,19,0.17777777959903082
svm,bigram,full,6,unith,Faure,top_ten,half_mean,,,3,1,S,3S,b,0,18,0.888888906273577,10,20,20,0.10648148424095577
svm,bigram,full,6,unith,Faure,top_ten,half_mean,,,3,1,S,3S,b,0,18,0.888888906273577,10,21,21,0.0
svm,bigram,full,6,unith,Faure,top_ten,half_mean,,,3,1,S,3S,b,0,18,0.888888906273577,10,22,22,0.0
svm,bigram,full,6,unith,Faure,top_ten,half_mean,,,3,1,S,3S,b,0,18,0.888888906273577,10,23,23,0.0
svm,bigram,full,6,unith,Faure,top_ten,half_mean,,,3,1,S,3S,b,0,18,0.888888906273577,10,24,24,0.0
svm,bigram,full,6,unith,Faure,top_ten,half_mean,,,3,1,S,3S,b,0,18,0.888888906273577,10,25,25,0.06203703830639521
svm,bigram,full,6,unith,Faure,top_ten,half_mean,,,3,1,S,3S,b,0,18,0.888888906273577,10,26,26,0.0
svm,bigram,full,6,unith,Faure,top_ten,half_mean,,,3,1,S,3S,b,0,18,0.888888906273577,10,27,27,0.0
svm,bigram,full,6,unith,Faure,top_ten,half_mean,,,3,1,S,3S,b,0,18,0.888888906273577,10,28,28,0.0
svm,bigram,full,6,unith,Faure,top_ten,half_mean,,,3,1,S,3S,b,0,18,0.888888906273577,10,29,29,0.0
svm,bigram,full,6,unith,Faure,top_ten,half_mean,,,3,1,S,3S,b,0,18,0.888888906273577,10,30,30,0.0
svm,bigram,full,6,unith,Faure,top_ten,half_mean,,,3,1,S,3S,b,0,18,0.888888906273577,10,31,31,0.0
svm,bigram,full,6,unith,Faure,top_ten,half_mean,,,3,1,S,3S,b,0,18,0.888888906273577,10,32,32,0.0
svm,bigram,full,6,unith,Faure,top_ten,half_mean,,,3,1,S,3S,b,0,18,0.888888906273577,10,33,33,0.0
svm,bigram,full,6,unith,Faure,top_ten,half_mean,,,3,1,S,3S,b,0,18,0.888888906273577,10,34,34,0.0
svm,bigram,full,6,unith,Faure,top_ten,half_mean,,,3,1,S,3S,b,0,18,0.888888906273577,10,35,35,0.0
svm,bigram,full,6,unith,Faure,top_ten,half_mean,,,4,0,H,4H,a,0,25,0.920000011920929,15,0,0,0.0
svm,bigram,full,6,unith,Faure,top_ten,half_mean,,,4,0,H,4H,a,0,25,0.920000011920929,15,1,1,0.013333333730697632
svm,bigram,full,6,unith,Faure,top_ten,half_mean,,,4,0,H,4H,a,0,25,0.920000011920929,15,2,2,0.0
svm,bigram,full,6,unith,Faure,top_ten,half_mean,,,4,0,H,4H,a,0,25,0.920000011920929,15,3,3,0.0
svm,bigram,full,6,unith,Faure,top_ten,half_mean,,,4,0,H,4H,a,0,25,0.920000011920929,15,4,4,0.0
svm,bigram,full,6,unith,Faure,top_ten,half_mean,,,4,0,H,4H,a,0,25,0.920000011920929,15,5,5,0.0
svm,bigram,full,6,unith,Faure,top_ten,half_mean,,,4,0,H,4H,a,0,25,0.920000011920929,15,6,6,0.0
svm,bigram,full,6,unith,Faure,top_ten,half_mean,,,4,0,H,4H,a,0,25,0.920000011920929,15,7,7,0.0
svm,bigram,full,6,unith,Faure,top_ten,half_mean,,,4,0,H,4H,a,0,25,0.920000011920929,15,8,8,0.04
svm,bigram,full,6,unith,Faure,top_ten,half_mean,,,4,0,H,4H,a,0,25,0.920000011920929,15,9,9,0.2200000035762787
svm,bigram,full,6,unith,Faure,top_ten,half_mean,,,4,0,H,4H,a,0,25,0.920000011920929,15,10,10,0.04333333373069763
svm,bigram,full,6,unith,Faure,top_ten,half_mean,,,4,0,H,4H,a,0,25,0.920000011920929,15,11,11,0.02
svm,bigram,full,6,unith,Faure,top_ten,half_mean,,,4,0,H,4H,a,0,25,0.920000011920929,15,12,12,0.0
svm,bigram,full,6,unith,Faure,top_ten,half_mean,,,4,0,H,4H,a,0,25,0.920000011920929,15,13,13,0.19666666984558107
svm,bigram,full,6,unith,Faure,top_ten,half_mean,,,4,0,H,4H,a,0,25,0.920000011920929,15,14,14,0.0
svm,bigram,full,6,unith,Faure,top_ten,half_mean,,,4,0,H,4H,a,0,25,0.920000011920929,15,15,15,0.01
svm,bigram,full,6,unith,Faure,top_ten,half_mean,,,4,0,H,4H,a,0,25,0.920000011920929,15,16,16,0.0
svm,bigram,full,6,unith,Faure,top_ten,half_mean,,,4,0,H,4H,a,0,25,0.920000011920929,15,17,17,0.0
svm,bigram,full,6,unith,Faure,top_ten,half_mean,,,4,0,H,4H,a,0,25,0.920000011920929,15,18,18,0.013333333730697632
svm,bigram,full,6,unith,Faure,top_ten,half_mean,,,4,0,H,4H,a,0,25,0.920000011920929,15,19,19,0.14333333373069762
svm,bigram,full,6,unith,Faure,top_ten,half_mean,,,4,0,H,4H,a,0,25,0.920000011920929,15,20,20,0.1300000023841858
svm,bigram,full,6,unith,Faure,top_ten,half_mean,,,4,0,H,4H,a,0,25,0.920000011920929,15,21,21,0.0
svm,bigram,full,6,unith,Faure,top_ten,half_mean,,,4,0,H,4H,a,0,25,0.920000011920929,15,22,22,0.0
svm,bigram,full,6,unith,Faure,top_ten,half_mean,,,4,0,H,4H,a,0,25,0.920000011920929,15,23,23,0.013333333730697632
svm,bigram,full,6,unith,Faure,top_ten,half_mean,,,4,0,H,4H,a,0,25,0.920000011920929,15,24,24,0.0
svm,bigram,full,6,unith,Faure,top_ten,half_mean,,,4,0,H,4H,a,0,25,0.920000011920929,15,25,25,0.02
svm,bigram,full,6,unith,Faure,top_ten,half_mean,,,4,0,H,4H,a,0,25,0.920000011920929,15,26,26,0.013333333730697632
svm,bigram,full,6,unith,Faure,top_ten,half_mean,,,4,0,H,4H,a,0,25,0.920000011920929,15,27,27,0.01
svm,bigram,full,6,unith,Faure,top_ten,half_mean,,,4,0,H,4H,a,0,25,0.920000011920929,15,28,28,0.0
svm,bigram,full,6,unith,Faure,top_ten,half_mean,,,4,0,H,4H,a,0,25,0.920000011920929,15,29,29,0.0
svm,bigram,full,6,unith,Faure,top_ten,half_mean,,,4,0,H,4H,a,0,25,0.920000011920929,15,30,30,0.0
svm,bigram,full,6,unith,Faure,top_ten,half_mean,,,4,0,H,4H,a,0,25,0.920000011920929,15,31,31,0.033333333730697634
svm,bigram,full,6,unith,Faure,top_ten,half_mean,,,4,0,H,4H,a,0,25,0.920000011920929,15,32,32,0.0
svm,bigram,full,6,unith,Faure,top_ten,half_mean,,,4,0,H,4H,a,0,25,0.920000011920929,15,33,33,0.0
svm,bigram,full,6,unith,Faure,top_ten,half_mean,,,4,0,H,4H,a,0,25,0.920000011920929,15,34,34,0.0
svm,bigram,full,6,unith,Faure,top_ten,half_mean,,,4,0,H,4H,a,0,25,0.920000011920929,15,35,35,0.0
svm,bigram,full,6,unith,Faure,top_ten,half_mean,,,4,0,H,4H,b,0,25,0.880000011920929,11,0,0,0.0
svm,bigram,full,6,unith,Faure,top_ten,half_mean,,,4,0,H,4H,b,0,25,0.880000011920929,11,1,1,0.05
svm,bigram,full,6,unith,Faure,top_ten,half_mean,,,4,0,H,4H,b,0,25,0.880000011920929,11,2,2,0.0
svm,bigram,full,6,unith,Faure,top_ten,half_mean,,,4,0,H,4H,b,0,25,0.880000011920929,11,3,3,0.04
svm,bigram,full,6,unith,Faure,top_ten,half_mean,,,4,0,H,4H,b,0,25,0.880000011920929,11,4,4,0.0
svm,bigram,full,6,unith,Faure,top_ten,half_mean,,,4,0,H,4H,b,0,25,0.880000011920929,11,5,5,0.0
svm,bigram,full,6,unith,Faure,top_ten,half_mean,,,4,0,H,4H,b,0,25,0.880000011920929,11,6,6,0.0
svm,bigram,full,6,unith,Faure,top_ten,half_mean,,,4,0,H,4H,b,0,25,0.880000011920929,11,7,7,0.0
svm,bigram,full,6,unith,Faure,top_ten,half_mean,,,4,0,H,4H,b,0,25,0.880000011920929,11,8,8,0.06333333373069763
svm,bigram,full,6,unith,Faure,top_ten,half_mean,,,4,0,H,4H,b,0,25,0.880000011920929,11,9,9,0.20666666984558105
svm,bigram,full,6,unith,Faure,top_ten,half_mean,,,4,0,H,4H,b,0,25,0.880000011920929,11,10,10,0.013333333730697632
svm,bigram,full,6,unith,Faure,top_ten,half_mean,,,4,0,H,4H,b,0,25,0.880000011920929,11,11,11,0.0
svm,bigram,full,6,unith,Faure,top_ten,half_mean,,,4,0,H,4H,b,0,25,0.880000011920929,11,12,12,0.0
svm,bigram,full,6,unith,Faure,top_ten,half_mean,,,4,0,H,4H,b,0,25,0.880000011920929,11,13,13,0.18333333730697632
svm,bigram,full,6,unith,Faure,top_ten,half_mean,,,4,0,H,4H,b,0,25,0.880000011920929,11,14,14,0.0
svm,bigram,full,6,unith,Faure,top_ten,half_mean,,,4,0,H,4H,b,0,25,0.880000011920929,11,15,15,0.0
svm,bigram,full,6,unith,Faure,top_ten,half_mean,,,4,0,H,4H,b,0,25,0.880000011920929,11,16,16,0.0
svm,bigram,full,6,unith,Faure,top_ten,half_mean,,,4,0,H,4H,b,0,25,0.880000011920929,11,17,17,0.0
svm,bigram,full,6,unith,Faure,top_ten,half_mean,,,4,0,H,4H,b,0,25,0.880000011920929,11,18,18,0.02
svm,bigram,full,6,unith,Faure,top_ten,half_mean,,,4,0,H,4H,b,0,25,0.880000011920929,11,19,19,0.15666666746139526
svm,bigram,full,6,unith,Faure,top_ten,half_mean,,,4,0,H,4H,b,0,25,0.880000011920929,11,20,20,0.09333333611488343
svm,bigram,full,6,unith,Faure,top_ten,half_mean,,,4,0,H,4H,b,0,25,0.880000011920929,11,21,21,0.0
svm,bigram,full,6,unith,Faure,top_ten,half_mean,,,4,0,H,4H,b,0,25,0.880000011920929,11,22,22,0.0
svm,bigram,full,6,unith,Faure,top_ten,half_mean,,,4,0,H,4H,b,0,25,0.880000011920929,11,23,23,0.0
svm,bigram,full,6,unith,Faure,top_ten,half_mean,,,4,0,H,4H,b,0,25,0.880000011920929,11,24,24,0.0
svm,bigram,full,6,unith,Faure,top_ten,half_mean,,,4,0,H,4H,b,0,25,0.880000011920929,11,25,25,0.04
svm,bigram,full,6,unith,Faure,top_ten,half_mean,,,4,0,H,4H,b,0,25,0.880000011920929,11,26,26,0.013333333730697632
svm,bigram,full,6,unith,Faure,top_ten,half_mean,,,4,0,H,4H,b,0,25,0.880000011920929,11,27,27,0.0
svm,bigram,full,6,unith,Faure,top_ten,half_mean,,,4,0,H,4H,b,0,25,0.880000011920929,11,28,28,0.0
svm,bigram,full,6,unith,Faure,top_ten,half_mean,,,4,0,H,4H,b,0,25,0.880000011920929,11,29,29,0.0
svm,bigram,full,6,unith,Faure,top_ten,half_mean,,,4,0,H,4H,b,0,25,0.880000011920929,11,30,30,0.0
svm,bigram,full,6,unith,Faure,top_ten,half_mean,,,4,0,H,4H,b,0,25,0.880000011920929,11,31,31,0.0
svm,bigram,full,6,unith,Faure,top_ten,half_mean,,,4,0,H,4H,b,0,25,0.880000011920929,11,32,32,0.0
svm,bigram,full,6,unith,Faure,top_ten,half_mean,,,4,0,H,4H,b,0,25,0.880000011920929,11,33,33,0.0
svm,bigram,full,6,unith,Faure,top_ten,half_mean,,,4,0,H,4H,b,0,25,0.880000011920929,11,34,34,0.0
svm,bigram,full,6,unith,Faure,top_ten,half_mean,,,4,0,H,4H,b,0,25,0.880000011920929,11,35,35,0.0
svm,bigram,full,6,unith,Faure,top_ten,half_mean,,,4,1,S,4S,a,0,291,0.9347079154552053,21,0,0,0.0
svm,bigram,full,6,unith,Faure,top_ten,half_mean,,,4,1,S,4S,a,0,291,0.9347079154552053,21,1,1,0.034822451597226856
svm,bigram,full,6,unith,Faure,top_ten,half_mean,,,4,1,S,4S,a,0,291,0.9347079154552053,21,2,2,0.015864834189414978
svm,bigram,full,6,unith,Faure,top_ten,half_mean,,,4,1,S,4S,a,0,291,0.9347079154552053,21,3,3,0.0075601375696995
svm,bigram,full,6,unith,Faure,top_ten,half_mean,,,4,1,S,4S,a,0,291,0.9347079154552053,21,4,4,0.0
svm,bigram,full,6,unith,Faure,top_ten,half_mean,,,4,1,S,4S,a,0,291,0.9347079154552053,21,5,5,0.0
svm,bigram,full,6,unith,Faure,top_ten,half_mean,,,4,1,S,4S,a,0,291,0.9347079154552053,21,6,6,0.019473081601854042
svm,bigram,full,6,unith,Faure,top_ten,half_mean,,,4,1,S,4S,a,0,291,0.9347079154552053,21,7,7,0.0
svm,bigram,full,6,unith,Faure,top_ten,half_mean,,,4,1,S,4S,a,0,291,0.9347079154552053,21,8,8,0.08081328781814509
svm,bigram,full,6,unith,Faure,top_ten,half_mean,,,4,1,S,4S,a,0,291,0.9347079154552053,21,9,9,0.20710195032591672
svm,bigram,full,6,unith,Faure,top_ten,half_mean,,,4,1,S,4S,a,0,291,0.9347079154552053,21,10,10,0.01855670115382401
svm,bigram,full,6,unith,Faure,top_ten,half_mean,,,4,1,S,4S,a,0,291,0.9347079154552053,21,11,11,0.01128293246133221
svm,bigram,full,6,unith,Faure,top_ten,half_mean,,,4,1,S,4S,a,0,291,0.9347079154552053,21,12,12,0.0006872852336090455
svm,bigram,full,6,unith,Faure,top_ten,half_mean,,,4,1,S,4S,a,0,291,0.9347079154552053,21,13,13,0.2321305876642568
svm,bigram,full,6,unith,Faure,top_ten,half_mean,,,4,1,S,4S,a,0,291,0.9347079154552053,21,14,14,0.0
svm,bigram,full,6,unith,Faure,top_ten,half_mean,,,4,1,S,4S,a,0,291,0.9347079154552053,21,15,15,0.005670103113266201
svm,bigram,full,6,unith,Faure,top_ten,half_mean,,,4,1,S,4S,a,0,291,0.9347079154552053,21,16,16,0.0
svm,bigram,full,6,unith,Faure,top_ten,half_mean,,,4,1,S,4S,a,0,291,0.9347079154552053,21,17,17,0.0
svm,bigram,full,6,unith,Faure,top_ten,half_mean,,,4,1,S,4S,a,0,291,0.9347079154552053,21,18,18,0.012829324326564357
svm,bigram,full,6,unith,Faure,top_ten,half_mean,,,4,1,S,4S,a,0,291,0.9347079154552053,21,19,19,0.12107674721180368
svm,bigram,full,6,unith,Faure,top_ten,half_mean,,,4,1,S,4S,a,0,291,0.9347079154552053,21,20,20,0.11764032360409543
svm,bigram,full,6,unith,Faure,top_ten,half_mean,,,4,1,S,4S,a,0,291,0.9347079154552053,21,21,21,0.0
svm,bigram,full,6,unith,Faure,top_ten,half_mean,,,4,1,S,4S,a,0,291,0.9347079154552053,21,22,22,0.001374570467218091
svm,bigram,full,6,unith,Faure,top_ten,half_mean,,,4,1,S,4S,a,0,291,0.9347079154552053,21,23,23,0.0
svm,bigram,full,6,unith,Faure,top_ten,half_mean,,,4,1,S,4S,a,0,291,0.9347079154552053,21,24,24,0.0011454754064173223
svm,bigram,full,6,unith,Faure,top_ten,half_mean,,,4,1,S,4S,a,0,291,0.9347079154552053,21,25,25,0.023825887910688865
svm,bigram,full,6,unith,Faure,top_ten,half_mean,,,4,1,S,4S,a,0,291,0.9347079154552053,21,26,26,0.0
svm,bigram,full,6,unith,Faure,top_ten,half_mean,,,4,1,S,4S,a,0,291,0.9347079154552053,21,27,27,0.006414662163282178
svm,bigram,full,6,unith,Faure,top_ten,half_mean,,,4,1,S,4S,a,0,291,0.9347079154552053,21,28,28,0.0
svm,bigram,full,6,unith,Faure,top_ten,half_mean,,,4,1,S,4S,a,0,291,0.9347079154552053,21,29,29,0.000859106529209622
svm,bigram,full,6,unith,Faure,top_ten,half_mean,,,4,1,S,4S,a,0,291,0.9347079154552053,21,30,30,0.0
svm,bigram,full,6,unith,Faure,top_ten,half_mean,,,4,1,S,4S,a,0,291,0.9347079154552053,21,31,31,0.014719358578170697
svm,bigram,full,6,unith,Faure,top_ten,half_mean,,,4,1,S,4S,a,0,291,0.9347079154552053,21,32,32,0.0
svm,bigram,full,6,unith,Faure,top_ten,half_mean,,,4,1,S,4S,a,0,291,0.9347079154552053,21,33,33,0.000859106529209622
svm,bigram,full,6,unith,Faure,top_ten,half_mean,,,4,1,S,4S,a,0,291,0.9347079154552053,21,34,34,0.0
svm,bigram,full,6,unith,Faure,top_ten,half_mean,,,4,1,S,4S,a,0,291,0.9347079154552053,21,35,35,0.0
svm,bigram,full,6,unith,Faure,top_ten,half_mean,,,4,1,S,4S,b,0,291,0.9381443421865248,24,0,0,0.0
svm,bigram,full,6,unith,Faure,top_ten,half_mean,,,4,1,S,4S,b,0,291,0.9381443421865248,24,1,1,0.023138602779493297
svm,bigram,full,6,unith,Faure,top_ten,half_mean,,,4,1,S,4S,b,0,291,0.9381443421865248,24,2,2,0.020446735712670788
svm,bigram,full,6,unith,Faure,top_ten,half_mean,,,4,1,S,4S,b,0,291,0.9381443421865248,24,3,3,0.0015463917628186674
svm,bigram,full,6,unith,Faure,top_ten,half_mean,,,4,1,S,4S,b,0,291,0.9381443421865248,24,4,4,0.0
svm,bigram,full,6,unith,Faure,top_ten,half_mean,,,4,1,S,4S,b,0,291,0.9381443421865248,24,5,5,0.0
svm,bigram,full,6,unith,Faure,top_ten,half_mean,,,4,1,S,4S,b,0,291,0.9381443421865248,24,6,6,0.014891180078598232
svm,bigram,full,6,unith,Faure,top_ten,half_mean,,,4,1,S,4S,b,0,291,0.9381443421865248,24,7,7,0.0
svm,bigram,full,6,unith,Faure,top_ten,half_mean,,,4,1,S,4S,b,0,291,0.9381443421865248,24,8,8,0.08235967973458398
svm,bigram,full,6,unith,Faure,top_ten,half_mean,,,4,1,S,4S,b,0,291,0.9381443421865248,24,9,9,0.21414662385519428
svm,bigram,full,6,unith,Faure,top_ten,half_mean,,,4,1,S,4S,b,0,291,0.9381443421865248,24,10,10,0.026689576375525433
svm,bigram,full,6,unith,Faure,top_ten,half_mean,,,4,1,S,4S,b,0,291,0.9381443421865248,24,11,11,0.0072737686924918
svm,bigram,full,6,unith,Faure,top_ten,half_mean,,,4,1,S,4S,b,0,291,0.9381443421865248,24,12,12,0.001718213058419244
svm,bigram,full,6,unith,Faure,top_ten,half_mean,,,4,1,S,4S,b,0,291,0.9381443421865248,24,13,13,0.21620847996567533
svm,bigram,full,6,unith,Faure,top_ten,half_mean,,,4,1,S,4S,b,0,291,0.9381443421865248,24,14,14,0.0
svm,bigram,full,6,unith,Faure,top_ten,half_mean,,,4,1,S,4S,b,0,291,0.9381443421865248,24,15,15,0.008991981853324523
svm,bigram,full,6,unith,Faure,top_ten,half_mean,,,4,1,S,4S,b,0,291,0.9381443421865248,24,16,16,0.0011454754064173223
svm,bigram,full,6,unith,Faure,top_ten,half_mean,,,4,1,S,4S,b,0,291,0.9381443421865248,24,17,17,0.0
svm,bigram,full,6,unith,Faure,top_ten,half_mean,,,4,1,S,4S,b,0,291,0.9381443421865248,24,18,18,0.01620847672940939
svm,bigram,full,6,unith,Faure,top_ten,half_mean,,,4,1,S,4S,b,0,291,0.9381443421865248,24,19,19,0.12073310477422275
svm,bigram,full,6,unith,Faure,top_ten,half_mean,,,4,1,S,4S,b,0,291,0.9381443421865248,24,20,20,0.1076746876911609
svm,bigram,full,6,unith,Faure,top_ten,half_mean,,,4,1,S,4S,b,0,291,0.9381443421865248,24,21,21,0.0
svm,bigram,full,6,unith,Faure,top_ten,half_mean,,,4,1,S,4S,b,0,291,0.9381443421865248,24,22,22,0.0015463917628186674
svm,bigram,full,6,unith,Faure,top_ten,half_mean,,,4,1,S,4S,b,0,291,0.9381443421865248,24,23,23,0.003150057290837527
svm,bigram,full,6,unith,Faure,top_ten,half_mean,,,4,1,S,4S,b,0,291,0.9381443421865248,24,24,24,0.0
svm,bigram,full,6,unith,Faure,top_ten,half_mean,,,4,1,S,4S,b,0,291,0.9381443421865248,24,25,25,0.03980526947688401
svm,bigram,full,6,unith,Faure,top_ten,half_mean,,,4,1,S,4S,b,0,291,0.9381443421865248,24,26,26,0.0
svm,bigram,full,6,unith,Faure,top_ten,half_mean,,,4,1,S,4S,b,0,291,0.9381443421865248,24,27,27,0.0025773196388356053
svm,bigram,full,6,unith,Faure,top_ten,half_mean,,,4,1,S,4S,b,0,291,0.9381443421865248,24,28,28,0.0
svm,bigram,full,6,unith,Faure,top_ten,half_mean,,,4,1,S,4S,b,0,291,0.9381443421865248,24,29,29,0.00458190152325581
svm,bigram,full,6,unith,Faure,top_ten,half_mean,,,4,1,S,4S,b,0,291,0.9381443421865248,24,30,30,0.000859106529209622
svm,bigram,full,6,unith,Faure,top_ten,half_mean,,,4,1,S,4S,b,0,291,0.9381443421865248,24,31,31,0.014604811098977053
svm,bigram,full,6,unith,Faure,top_ten,half_mean,,,4,1,S,4S,b,0,291,0.9381443421865248,24,32,32,0.0
svm,bigram,full,6,unith,Faure,top_ten,half_mean,,,4,1,S,4S,b,0,291,0.9381443421865248,24,33,33,0.0032646048212379114
svm,bigram,full,6,unith,Faure,top_ten,half_mean,,,4,1,S,4S,b,0,291,0.9381443421865248,24,34,34,0.00458190157446255
svm,bigram,full,6,unith,Faure,top_ten,half_mean,,,4,1,S,4S,b,0,291,0.9381443421865248,24,35,35,0.0
svm,bigram,full,6,unith,Faure,top_ten,half_mean,,,5,0,H,5H,a,0,48,0.9583333445092043,18,0,0,0.0
svm,bigram,full,6,unith,Faure,top_ten,half_mean,,,5,0,H,5H,a,0,48,0.9583333445092043,18,1,1,0.020833333333333332
svm,bigram,full,6,unith,Faure,top_ten,half_mean,,,5,0,H,5H,a,0,48,0.9583333445092043,18,2,2,0.006944444651405017
svm,bigram,full,6,unith,Faure,top_ten,half_mean,,,5,0,H,5H,a,0,48,0.9583333445092043,18,3,3,0.010416666666666666
svm,bigram,full,6,unith,Faure,top_ten,half_mean,,,5,0,H,5H,a,0,48,0.9583333445092043,18,4,4,0.0
svm,bigram,full,6,unith,Faure,top_ten,half_mean,,,5,0,H,5H,a,0,48,0.9583333445092043,18,5,5,0.0
svm,bigram,full,6,unith,Faure,top_ten,half_mean,,,5,0,H,5H,a,0,48,0.9583333445092043,18,6,6,0.010416666666666666
svm,bigram,full,6,unith,Faure,top_ten,half_mean,,,5,0,H,5H,a,0,48,0.9583333445092043,18,7,7,0.0
svm,bigram,full,6,unith,Faure,top_ten,half_mean,,,5,0,H,5H,a,0,48,0.9583333445092043,18,8,8,0.04340277798473835
svm,bigram,full,6,unith,Faure,top_ten,half_mean,,,5,0,H,5H,a,0,48,0.9583333445092043,18,9,9,0.2013888911654552
svm,bigram,full,6,unith,Faure,top_ten,half_mean,,,5,0,H,5H,a,0,48,0.9583333445092043,18,10,10,0.050347222636143364
svm,bigram,full,6,unith,Faure,top_ten,half_mean,,,5,0,H,5H,a,0,48,0.9583333445092043,18,11,11,0.006944444651405017
svm,bigram,full,6,unith,Faure,top_ten,half_mean,,,5,0,H,5H,a,0,48,0.9583333445092043,18,12,12,0.0
svm,bigram,full,6,unith,Faure,top_ten,half_mean,,,5,0,H,5H,a,0,48,0.9583333445092043,18,13,13,0.21527778108914694
svm,bigram,full,6,unith,Faure,top_ten,half_mean,,,5,0,H,5H,a,0,48,0.9583333445092043,18,14,14,0.0
svm,bigram,full,6,unith,Faure,top_ten,half_mean,,,5,0,H,5H,a,0,48,0.9583333445092043,18,15,15,0.019097222636143368
svm,bigram,full,6,unith,Faure,top_ten,half_mean,,,5,0,H,5H,a,0,48,0.9583333445092043,18,16,16,0.0
svm,bigram,full,6,unith,Faure,top_ten,half_mean,,,5,0,H,5H,a,0,48,0.9583333445092043,18,17,17,0.0
svm,bigram,full,6,unith,Faure,top_ten,half_mean,,,5,0,H,5H,a,0,48,0.9583333445092043,18,18,18,0.03125
svm,bigram,full,6,unith,Faure,top_ten,half_mean,,,5,0,H,5H,a,0,48,0.9583333445092043,18,19,19,0.1354166672875484
svm,bigram,full,6,unith,Faure,top_ten,half_mean,,,5,0,H,5H,a,0,48,0.9583333445092043,18,20,20,0.10763889116545518
svm,bigram,full,6,unith,Faure,top_ten,half_mean,,,5,0,H,5H,a,0,48,0.9583333445092043,18,21,21,0.0
svm,bigram,full,6,unith,Faure,top_ten,half_mean,,,5,0,H,5H,a,0,48,0.9583333445092043,18,22,22,0.006944444651405017
svm,bigram,full,6,unith,Faure,top_ten,half_mean,,,5,0,H,5H,a,0,48,0.9583333445092043,18,23,23,0.0
svm,bigram,full,6,unith,Faure,top_ten,half_mean,,,5,0,H,5H,a,0,48,0.9583333445092043,18,24,24,0.0
svm,bigram,full,6,unith,Faure,top_ten,half_mean,,,5,0,H,5H,a,0,48,0.9583333445092043,18,25,25,0.0711805559694767
svm,bigram,full,6,unith,Faure,top_ten,half_mean,,,5,0,H,5H,a,0,48,0.9583333445092043,18,26,26,0.006944444651405017
svm,bigram,full,6,unith,Faure,top_ten,half_mean,,,5,0,H,5H,a,0,48,0.9583333445092043,18,27,27,0.006944444651405017
svm,bigram,full,6,unith,Faure,top_ten,half_mean,,,5,0,H,5H,a,0,48,0.9583333445092043,18,28,28,0.0
svm,bigram,full,6,unith,Faure,top_ten,half_mean,,,5,0,H,5H,a,0,48,0.9583333445092043,18,29,29,0.0
svm,bigram,full,6,unith,Faure,top_ten,half_mean,,,5,0,H,5H,a,0,48,0.9583333445092043,18,30,30,0.0
svm,bigram,full,6,unith,Faure,top_ten,half_mean,,,5,0,H,5H,a,0,48,0.9583333445092043,18,31,31,0.006944444651405017
svm,bigram,full,6,unith,Faure,top_ten,half_mean,,,5,0,H,5H,a,0,48,0.9583333445092043,18,32,32,0.0
svm,bigram,full,6,unith,Faure,top_ten,half_mean,,,5,0,H,5H,a,0,48,0.9583333445092043,18,33,33,0.0
svm,bigram,full,6,unith,Faure,top_ten,half_mean,,,5,0,H,5H,a,0,48,0.9583333445092043,18,34,34,0.0
svm,bigram,full,6,unith,Faure,top_ten,half_mean,,,5,0,H,5H,a,0,48,0.9583333445092043,18,35,35,0.0
svm,bigram,full,6,unith,Faure,top_ten,half_mean,,,5,0,H,5H,b,0,48,0.9583333426465591,15,0,0,0.0
svm,bigram,full,6,unith,Faure,top_ten,half_mean,,,5,0,H,5H,b,0,48,0.9583333426465591,15,1,1,0.01215277798473835
svm,bigram,full,6,unith,Faure,top_ten,half_mean,,,5,0,H,5H,b,0,48,0.9583333426465591,15,2,2,0.015625
svm,bigram,full,6,unith,Faure,top_ten,half_mean,,,5,0,H,5H,b,0,48,0.9583333426465591,15,3,3,0.02777777798473835
svm,bigram,full,6,unith,Faure,top_ten,half_mean,,,5,0,H,5H,b,0,48,0.9583333426465591,15,4,4,0.0
svm,bigram,full,6,unith,Faure,top_ten,half_mean,,,5,0,H,5H,b,0,48,0.9583333426465591,15,5,5,0.0
svm,bigram,full,6,unith,Faure,top_ten,half_mean,,,5,0,H,5H,b,0,48,0.9583333426465591,15,6,6,0.005208333333333333
svm,bigram,full,6,unith,Faure,top_ten,half_mean,,,5,0,H,5H,b,0,48,0.9583333426465591,15,7,7,0.0
svm,bigram,full,6,unith,Faure,top_ten,half_mean,,,5,0,H,5H,b,0,48,0.9583333426465591,15,8,8,0.09201388930281003
svm,bigram,full,6,unith,Faure,top_ten,half_mean,,,5,0,H,5H,b,0,48,0.9583333426465591,15,9,9,0.1302083351959785
svm,bigram,full,6,unith,Faure,top_ten,half_mean,,,5,0,H,5H,b,0,48,0.9583333426465591,15,10,10,0.08854166728754838
svm,bigram,full,6,unith,Faure,top_ten,half_mean,,,5,0,H,5H,b,0,48,0.9583333426465591,15,11,11,0.0
svm,bigram,full,6,unith,Faure,top_ten,half_mean,,,5,0,H,5H,b,0,48,0.9583333426465591,15,12,12,0.006944444651405017
svm,bigram,full,6,unith,Faure,top_ten,half_mean,,,5,0,H,5H,b,0,48,0.9583333426465591,15,13,13,0.23611111380159855
svm,bigram,full,6,unith,Faure,top_ten,half_mean,,,5,0,H,5H,b,0,48,0.9583333426465591,15,14,14,0.0
svm,bigram,full,6,unith,Faure,top_ten,half_mean,,,5,0,H,5H,b,0,48,0.9583333426465591,15,15,15,0.010416666666666666
svm,bigram,full,6,unith,Faure,top_ten,half_mean,,,5,0,H,5H,b,0,48,0.9583333426465591,15,16,16,0.0
svm,bigram,full,6,unith,Faure,top_ten,half_mean,,,5,0,H,5H,b,0,48,0.9583333426465591,15,17,17,0.0
svm,bigram,full,6,unith,Faure,top_ten,half_mean,,,5,0,H,5H,b,0,48,0.9583333426465591,15,18,18,0.026041666666666668
svm,bigram,full,6,unith,Faure,top_ten,half_mean,,,5,0,H,5H,b,0,48,0.9583333426465591,15,19,19,0.13888888992369175
svm,bigram,full,6,unith,Faure,top_ten,half_mean,,,5,0,H,5H,b,0,48,0.9583333426465591,15,20,20,0.059027779226501785
svm,bigram,full,6,unith,Faure,top_ten,half_mean,,,5,0,H,5H,b,0,48,0.9583333426465591,15,21,21,0.0
svm,bigram,full,6,unith,Faure,top_ten,half_mean,,,5,0,H,5H,b,0,48,0.9583333426465591,15,22,22,0.0
svm,bigram,full,6,unith,Faure,top_ten,half_mean,,,5,0,H,5H,b,0,48,0.9583333426465591,15,23,23,0.0
svm,bigram,full,6,unith,Faure,top_ten,half_mean,,,5,0,H,5H,b,0,48,0.9583333426465591,15,24,24,0.0
svm,bigram,full,6,unith,Faure,top_ten,half_mean,,,5,0,H,5H,b,0,48,0.9583333426465591,15,25,25,0.09548611131807168
svm,bigram,full,6,unith,Faure,top_ten,half_mean,,,5,0,H,5H,b,0,48,0.9583333426465591,15,26,26,0.013888889302810034
svm,bigram,full,6,unith,Faure,top_ten,half_mean,,,5,0,H,5H,b,0,48,0.9583333426465591,15,27,27,0.0
svm,bigram,full,6,unith,Faure,top_ten,half_mean,,,5,0,H,5H,b,0,48,0.9583333426465591,15,28,28,0.0
svm,bigram,full,6,unith,Faure,top_ten,half_mean,,,5,0,H,5H,b,0,48,0.9583333426465591,15,29,29,0.0
svm,bigram,full,6,unith,Faure,top_ten,half_mean,,,5,0,H,5H,b,0,48,0.9583333426465591,15,30,30,0.0
svm,bigram,full,6,unith,Faure,top_ten,half_mean,,,5,0,H,5H,b,0,48,0.9583333426465591,15,31,31,0.0
svm,bigram,full,6,unith,Faure,top_ten,half_mean,,,5,0,H,5H,b,0,48,0.9583333426465591,15,32,32,0.0
svm,bigram,full,6,unith,Faure,top_ten,half_mean,,,5,0,H,5H,b,0,48,0.9583333426465591,15,33,33,0.0
svm,bigram,full,6,unith,Faure,top_ten,half_mean,,,5,0,H,5H,b,0,48,0.9583333426465591,15,34,34,0.0
svm,bigram,full,6,unith,Faure,top_ten,half_mean,,,5,0,H,5H,b,0,48,0.9583333426465591,15,35,35,0.0
svm,bigram,full,6,unith,Faure,top_ten,half_mean,,,5,1,S,5S,a,0,316,0.8575949453383308,24,0,0,0.0
svm,bigram,full,6,unith,Faure,top_ten,half_mean,,,5,1,S,5S,a,0,316,0.8575949453383308,24,1,1,0.04124472596788708
svm,bigram,full,6,unith,Faure,top_ten,half_mean,,,5,1,S,5S,a,0,316,0.8575949453383308,24,2,2,0.013976793500441538
svm,bigram,full,6,unith,Faure,top_ten,half_mean,,,5,1,S,5S,a,0,316,0.8575949453383308,24,3,3,0.010654008605434924
svm,bigram,full,6,unith,Faure,top_ten,half_mean,,,5,1,S,5S,a,0,316,0.8575949453383308,24,4,4,0.0006329114018361779
svm,bigram,full,6,unith,Faure,top_ten,half_mean,,,5,1,S,5S,a,0,316,0.8575949453383308,24,5,5,0.0
svm,bigram,full,6,unith,Faure,top_ten,half_mean,,,5,1,S,5S,a,0,316,0.8575949453383308,24,6,6,0.022943038163305837
svm,bigram,full,6,unith,Faure,top_ten,half_mean,,,5,1,S,5S,a,0,316,0.8575949453383308,24,7,7,0.0
svm,bigram,full,6,unith,Faure,top_ten,half_mean,,,5,1,S,5S,a,0,316,0.8575949453383308,24,8,8,0.08080168804035912
svm,bigram,full,6,unith,Faure,top_ten,half_mean,,,5,1,S,5S,a,0,316,0.8575949453383308,24,9,9,0.13095991742573207
svm,bigram,full,6,unith,Faure,top_ten,half_mean,,,5,1,S,5S,a,0,316,0.8575949453383308,24,10,10,0.053111814575482016
svm,bigram,full,6,unith,Faure,top_ten,half_mean,,,5,1,S,5S,a,0,316,0.8575949453383308,24,11,11,0.007383966370473934
svm,bigram,full,6,unith,Faure,top_ten,half_mean,,,5,1,S,5S,a,0,316,0.8575949453383308,24,12,12,0.0
svm,bigram,full,6,unith,Faure,top_ten,half_mean,,,5,1,S,5S,a,0,316,0.8575949453383308,24,13,13,0.19203586720778973
svm,bigram,full,6,unith,Faure,top_ten,half_mean,,,5,1,S,5S,a,0,316,0.8575949453383308,24,14,14,0.0
svm,bigram,full,6,unith,Faure,top_ten,half_mean,,,5,1,S,5S,a,0,316,0.8575949453383308,24,15,15,0.008702531834191915
svm,bigram,full,6,unith,Faure,top_ten,half_mean,,,5,1,S,5S,a,0,316,0.8575949453383308,24,16,16,0.0015822784810126582
svm,bigram,full,6,unith,Faure,top_ten,half_mean,,,5,1,S,5S,a,0,316,0.8575949453383308,24,17,17,0.0
svm,bigram,full,6,unith,Faure,top_ten,half_mean,,,5,1,S,5S,a,0,316,0.8575949453383308,24,18,18,0.024841772557436664
svm,bigram,full,6,unith,Faure,top_ten,half_mean,,,5,1,S,5S,a,0,316,0.8575949453383308,24,19,19,0.10796413551780241
svm,bigram,full,6,unith,Faure,top_ten,half_mean,,,5,1,S,5S,a,0,316,0.8575949453383308,24,20,20,0.06930379899619502
svm,bigram,full,6,unith,Faure,top_ten,half_mean,,,5,1,S,5S,a,0,316,0.8575949453383308,24,21,21,0.0
svm,bigram,full,6,unith,Faure,top_ten,half_mean,,,5,1,S,5S,a,0,316,0.8575949453383308,24,22,22,0.0023734177215189874
svm,bigram,full,6,unith,Faure,top_ten,half_mean,,,5,1,S,5S,a,0,316,0.8575949453383308,24,23,23,0.003955696202531646
svm,bigram,full,6,unith,Faure,top_ten,half_mean,,,5,1,S,5S,a,0,316,0.8575949453383308,24,24,24,0.0
svm,bigram,full,6,unith,Faure,top_ten,half_mean,,,5,1,S,5S,a,0,316,0.8575949453383308,24,25,25,0.06919831249721442
svm,bigram,full,6,unith,Faure,top_ten,half_mean,,,5,1,S,5S,a,0,316,0.8575949453383308,24,26,26,0.006962025420197957
svm,bigram,full,6,unith,Faure,top_ten,half_mean,,,5,1,S,5S,a,0,316,0.8575949453383308,24,27,27,0.0007911392405063291
svm,bigram,full,6,unith,Faure,top_ten,half_mean,,,5,1,S,5S,a,0,316,0.8575949453383308,24,28,28,0.0
svm,bigram,full,6,unith,Faure,top_ten,half_mean,,,5,1,S,5S,a,0,316,0.8575949453383308,24,29,29,0.0
svm,bigram,full,6,unith,Faure,top_ten,half_mean,,,5,1,S,5S,a,0,316,0.8575949453383308,24,30,30,0.0015822784810126582
svm,bigram,full,6,unith,Faure,top_ten,half_mean,,,5,1,S,5S,a,0,316,0.8575949453383308,24,31,31,0.0034282700736311417
svm,bigram,full,6,unith,Faure,top_ten,half_mean,,,5,1,S,5S,a,0,316,0.8575949453383308,24,32,32,0.0
svm,bigram,full,6,unith,Faure,top_ten,half_mean,,,5,1,S,5S,a,0,316,0.8575949453383308,24,33,33,0.0010548523521121543
svm,bigram,full,6,unith,Faure,top_ten,half_mean,,,5,1,S,5S,a,0,316,0.8575949453383308,24,34,34,0.0021097047042243086
svm,bigram,full,6,unith,Faure,top_ten,half_mean,,,5,1,S,5S,a,0,316,0.8575949453383308,24,35,35,0.0
svm,bigram,full,6,unith,Faure,top_ten,half_mean,,,5,1,S,5S,b,0,316,0.8544303892251056,22,0,0,0.0
svm,bigram,full,6,unith,Faure,top_ten,half_mean,,,5,1,S,5S,b,0,316,0.8544303892251056,22,1,1,0.031751054987499985
svm,bigram,full,6,unith,Faure,top_ten,half_mean,,,5,1,S,5S,b,0,316,0.8544303892251056,22,2,2,0.019514768372608137
svm,bigram,full,6,unith,Faure,top_ten,half_mean,,,5,1,S,5S,b,0,316,0.8544303892251056,22,3,3,0.0100210971092876
svm,bigram,full,6,unith,Faure,top_ten,half_mean,,,5,1,S,5S,b,0,316,0.8544303892251056,22,4,4,0.0
svm,bigram,full,6,unith,Faure,top_ten,half_mean,,,5,1,S,5S,b,0,316,0.8544303892251056,22,5,5,0.0
svm,bigram,full,6,unith,Faure,top_ten,half_mean,,,5,1,S,5S,b,0,316,0.8544303892251056,22,6,6,0.031118143868597247
svm,bigram,full,6,unith,Faure,top_ten,half_mean,,,5,1,S,5S,b,0,316,0.8544303892251056,22,7,7,0.0
svm,bigram,full,6,unith,Faure,top_ten,half_mean,,,5,1,S,5S,b,0,316,0.8544303892251056,22,8,8,0.059546413819623896
svm,bigram,full,6,unith,Faure,top_ten,half_mean,,,5,1,S,5S,b,0,316,0.8544303892251056,22,9,9,0.13570675282161446
svm,bigram,full,6,unith,Faure,top_ten,half_mean,,,5,1,S,5S,b,0,316,0.8544303892251056,22,10,10,0.06867088655693622
svm,bigram,full,6,unith,Faure,top_ten,half_mean,,,5,1,S,5S,b,0,316,0.8544303892251056,22,11,11,0.00828059078960479
svm,bigram,full,6,unith,Faure,top_ten,half_mean,,,5,1,S,5S,b,0,316,0.8544303892251056,22,12,12,0.0
svm,bigram,full,6,unith,Faure,top_ten,half_mean,,,5,1,S,5S,b,0,316,0.8544303892251056,22,13,13,0.17579114177747618
svm,bigram,full,6,unith,Faure,top_ten,half_mean,,,5,1,S,5S,b,0,316,0.8544303892251056,22,14,14,0.0
svm,bigram,full,6,unith,Faure,top_ten,half_mean,,,5,1,S,5S,b,0,316,0.8544303892251056,22,15,15,0.005116033827579474
svm,bigram,full,6,unith,Faure,top_ten,half_mean,,,5,1,S,5S,b,0,316,0.8544303892251056,22,16,16,0.0006329114018361779
svm,bigram,full,6,unith,Faure,top_ten,half_mean,,,5,1,S,5S,b,0,316,0.8544303892251056,22,17,17,0.0
svm,bigram,full,6,unith,Faure,top_ten,half_mean,,,5,1,S,5S,b,0,316,0.8544303892251056,22,18,18,0.01170886095754708
svm,bigram,full,6,unith,Faure,top_ten,half_mean,,,5,1,S,5S,b,0,316,0.8544303892251056,22,19,19,0.12347046479205542
svm,bigram,full,6,unith,Faure,top_ten,half_mean,,,5,1,S,5S,b,0,316,0.8544303892251056,22,20,20,0.06112869338521475
svm,bigram,full,6,unith,Faure,top_ten,half_mean,,,5,1,S,5S,b,0,316,0.8544303892251056,22,21,21,0.0
svm,bigram,full,6,unith,Faure,top_ten,half_mean,,,5,1,S,5S,b,0,316,0.8544303892251056,22,22,22,0.0
svm,bigram,full,6,unith,Faure,top_ten,half_mean,,,5,1,S,5S,b,0,316,0.8544303892251056,22,23,23,0.0021097047042243086
svm,bigram,full,6,unith,Faure,top_ten,half_mean,,,5,1,S,5S,b,0,316,0.8544303892251056,22,24,24,0.0
svm,bigram,full,6,unith,Faure,top_ten,half_mean,,,5,1,S,5S,b,0,316,0.8544303892251056,22,25,25,0.07747890319250807
svm,bigram,full,6,unith,Faure,top_ten,half_mean,,,5,1,S,5S,b,0,316,0.8544303892251056,22,26,26,0.008280590883915938
svm,bigram,full,6,unith,Faure,top_ten,half_mean,,,5,1,S,5S,b,0,316,0.8544303892251056,22,27,27,0.005801687889461276
svm,bigram,full,6,unith,Faure,top_ten,half_mean,,,5,1,S,5S,b,0,316,0.8544303892251056,22,28,28,0.0
svm,bigram,full,6,unith,Faure,top_ten,half_mean,,,5,1,S,5S,b,0,316,0.8544303892251056,22,29,29,0.003955696296842792
svm,bigram,full,6,unith,Faure,top_ten,half_mean,,,5,1,S,5S,b,0,316,0.8544303892251056,22,30,30,0.0
svm,bigram,full,6,unith,Faure,top_ten,half_mean,,,5,1,S,5S,b,0,316,0.8544303892251056,22,31,31,0.009862869364928596
svm,bigram,full,6,unith,Faure,top_ten,half_mean,,,5,1,S,5S,b,0,316,0.8544303892251056,22,32,32,0.0
svm,bigram,full,6,unith,Faure,top_ten,half_mean,,,5,1,S,5S,b,0,316,0.8544303892251056,22,33,33,0.0034282700736311417
svm,bigram,full,6,unith,Faure,top_ten,half_mean,,,5,1,S,5S,b,0,316,0.8544303892251056,22,34,34,0.0010548523521121543
svm,bigram,full,6,unith,Faure,top_ten,half_mean,,,5,1,S,5S,b,0,316,0.8544303892251056,22,35,35,0.0
svm,bigram,full,6,unith,Faure,top_ten,half_mean,,,6,0,H,6H,a,0,16,0.8125000055879354,9,0,0,0.0
svm,bigram,full,6,unith,Faure,top_ten,half_mean,,,6,0,H,6H,a,0,16,0.8125000055879354,9,1,1,0.0
svm,bigram,full,6,unith,Faure,top_ten,half_mean,,,6,0,H,6H,a,0,16,0.8125000055879354,9,2,2,0.0
svm,bigram,full,6,unith,Faure,top_ten,half_mean,,,6,0,H,6H,a,0,16,0.8125000055879354,9,3,3,0.03125
svm,bigram,full,6,unith,Faure,top_ten,half_mean,,,6,0,H,6H,a,0,16,0.8125000055879354,9,4,4,0.0
svm,bigram,full,6,unith,Faure,top_ten,half_mean,,,6,0,H,6H,a,0,16,0.8125000055879354,9,5,5,0.0
svm,bigram,full,6,unith,Faure,top_ten,half_mean,,,6,0,H,6H,a,0,16,0.8125000055879354,9,6,6,0.0
svm,bigram,full,6,unith,Faure,top_ten,half_mean,,,6,0,H,6H,a,0,16,0.8125000055879354,9,7,7,0.0
svm,bigram,full,6,unith,Faure,top_ten,half_mean,,,6,0,H,6H,a,0,16,0.8125000055879354,9,8,8,0.078125
svm,bigram,full,6,unith,Faure,top_ten,half_mean,,,6,0,H,6H,a,0,16,0.8125000055879354,9,9,9,0.1979166679084301
svm,bigram,full,6,unith,Faure,top_ten,half_mean,,,6,0,H,6H,a,0,16,0.8125000055879354,9,10,10,0.0729166679084301
svm,bigram,full,6,unith,Faure,top_ten,half_mean,,,6,0,H,6H,a,0,16,0.8125000055879354,9,11,11,0.0
svm,bigram,full,6,unith,Faure,top_ten,half_mean,,,6,0,H,6H,a,0,16,0.8125000055879354,9,12,12,0.0
svm,bigram,full,6,unith,Faure,top_ten,half_mean,,,6,0,H,6H,a,0,16,0.8125000055879354,9,13,13,0.1510416679084301
svm,bigram,full,6,unith,Faure,top_ten,half_mean,,,6,0,H,6H,a,0,16,0.8125000055879354,9,14,14,0.0
svm,bigram,full,6,unith,Faure,top_ten,half_mean,,,6,0,H,6H,a,0,16,0.8125000055879354,9,15,15,0.0
svm,bigram,full,6,unith,Faure,top_ten,half_mean,,,6,0,H,6H,a,0,16,0.8125000055879354,9,16,16,0.0
svm,bigram,full,6,unith,Faure,top_ten,half_mean,,,6,0,H,6H,a,0,16,0.8125000055879354,9,17,17,0.0
svm,bigram,full,6,unith,Faure,top_ten,half_mean,,,6,0,H,6H,a,0,16,0.8125000055879354,9,18,18,0.0
svm,bigram,full,6,unith,Faure,top_ten,half_mean,,,6,0,H,6H,a,0,16,0.8125000055879354,9,19,19,0.171875
svm,bigram,full,6,unith,Faure,top_ten,half_mean,,,6,0,H,6H,a,0,16,0.8125000055879354,9,20,20,0.03645833395421505
svm,bigram,full,6,unith,Faure,top_ten,half_mean,,,6,0,H,6H,a,0,16,0.8125000055879354,9,21,21,0.0
svm,bigram,full,6,unith,Faure,top_ten,half_mean,,,6,0,H,6H,a,0,16,0.8125000055879354,9,22,22,0.0
svm,bigram,full,6,unith,Faure,top_ten,half_mean,,,6,0,H,6H,a,0,16,0.8125000055879354,9,23,23,0.0
svm,bigram,full,6,unith,Faure,top_ten,half_mean,,,6,0,H,6H,a,0,16,0.8125000055879354,9,24,24,0.0
svm,bigram,full,6,unith,Faure,top_ten,half_mean,,,6,0,H,6H,a,0,16,0.8125000055879354,9,25,25,0.05208333395421505
svm,bigram,full,6,unith,Faure,top_ten,half_mean,,,6,0,H,6H,a,0,16,0.8125000055879354,9,26,26,0.02083333395421505
svm,bigram,full,6,unith,Faure,top_ten,half_mean,,,6,0,H,6H,a,0,16,0.8125000055879354,9,27,27,0.0
svm,bigram,full,6,unith,Faure,top_ten,half_mean,,,6,0,H,6H,a,0,16,0.8125000055879354,9,28,28,0.0
svm,bigram,full,6,unith,Faure,top_ten,half_mean,,,6,0,H,6H,a,0,16,0.8125000055879354,9,29,29,0.0
svm,bigram,full,6,unith,Faure,top_ten,half_mean,,,6,0,H,6H,a,0,16,0.8125000055879354,9,30,30,0.0
svm,bigram,full,6,unith,Faure,top_ten,half_mean,,,6,0,H,6H,a,0,16,0.8125000055879354,9,31,31,0.0
svm,bigram,full,6,unith,Faure,top_ten,half_mean,,,6,0,H,6H,a,0,16,0.8125000055879354,9,32,32,0.0
svm,bigram,full,6,unith,Faure,top_ten,half_mean,,,6,0,H,6H,a,0,16,0.8125000055879354,9,33,33,0.0
svm,bigram,full,6,unith,Faure,top_ten,half_mean,,,6,0,H,6H,a,0,16,0.8125000055879354,9,34,34,0.0
svm,bigram,full,6,unith,Faure,top_ten,half_mean,,,6,0,H,6H,a,0,16,0.8125000055879354,9,35,35,0.0
svm,bigram,full,6,unith,Faure,top_ten,half_mean,,,6,0,H,6H,b,0,16,0.7500000074505806,9,0,0,0.0
svm,bigram,full,6,unith,Faure,top_ten,half_mean,,,6,0,H,6H,b,0,16,0.7500000074505806,9,1,1,0.0
svm,bigram,full,6,unith,Faure,top_ten,half_mean,,,6,0,H,6H,b,0,16,0.7500000074505806,9,2,2,0.02083333395421505
svm,bigram,full,6,unith,Faure,top_ten,half_mean,,,6,0,H,6H,b,0,16,0.7500000074505806,9,3,3,0.0
svm,bigram,full,6,unith,Faure,top_ten,half_mean,,,6,0,H,6H,b,0,16,0.7500000074505806,9,4,4,0.0
svm,bigram,full,6,unith,Faure,top_ten,half_mean,,,6,0,H,6H,b,0,16,0.7500000074505806,9,5,5,0.0
svm,bigram,full,6,unith,Faure,top_ten,half_mean,,,6,0,H,6H,b,0,16,0.7500000074505806,9,6,6,0.02083333395421505
svm,bigram,full,6,unith,Faure,top_ten,half_mean,,,6,0,H,6H,b,0,16,0.7500000074505806,9,7,7,0.0
svm,bigram,full,6,unith,Faure,top_ten,half_mean,,,6,0,H,6H,b,0,16,0.7500000074505806,9,8,8,0.11458333395421505
svm,bigram,full,6,unith,Faure,top_ten,half_mean,,,6,0,H,6H,b,0,16,0.7500000074505806,9,9,9,0.14583333395421505
svm,bigram,full,6,unith,Faure,top_ten,half_mean,,,6,0,H,6H,b,0,16,0.7500000074505806,9,10,10,0.02083333395421505
svm,bigram,full,6,unith,Faure,top_ten,half_mean,,,6,0,H,6H,b,0,16,0.7500000074505806,9,11,11,0.0
svm,bigram,full,6,unith,Faure,top_ten,half_mean,,,6,0,H,6H,b,0,16,0.7500000074505806,9,12,12,0.0
svm,bigram,full,6,unith,Faure,top_ten,half_mean,,,6,0,H,6H,b,0,16,0.7500000074505806,9,13,13,0.2083333358168602
svm,bigram,full,6,unith,Faure,top_ten,half_mean,,,6,0,H,6H,b,0,16,0.7500000074505806,9,14,14,0.0
svm,bigram,full,6,unith,Faure,top_ten,half_mean,,,6,0,H,6H,b,0,16,0.7500000074505806,9,15,15,0.0
svm,bigram,full,6,unith,Faure,top_ten,half_mean,,,6,0,H,6H,b,0,16,0.7500000074505806,9,16,16,0.0
svm,bigram,full,6,unith,Faure,top_ten,half_mean,,,6,0,H,6H,b,0,16,0.7500000074505806,9,17,17,0.0
svm,bigram,full,6,unith,Faure,top_ten,half_mean,,,6,0,H,6H,b,0,16,0.7500000074505806,9,18,18,0.0
svm,bigram,full,6,unith,Faure,top_ten,half_mean,,,6,0,H,6H,b,0,16,0.7500000074505806,9,19,19,0.14583333395421505
svm,bigram,full,6,unith,Faure,top_ten,half_mean,,,6,0,H,6H,b,0,16,0.7500000074505806,9,20,20,0.02083333395421505
svm,bigram,full,6,unith,Faure,top_ten,half_mean,,,6,0,H,6H,b,0,16,0.7500000074505806,9,21,21,0.0
svm,bigram,full,6,unith,Faure,top_ten,half_mean,,,6,0,H,6H,b,0,16,0.7500000074505806,9,22,22,0.0
svm,bigram,full,6,unith,Faure,top_ten,half_mean,,,6,0,H,6H,b,0,16,0.7500000074505806,9,23,23,0.0
svm,bigram,full,6,unith,Faure,top_ten,half_mean,,,6,0,H,6H,b,0,16,0.7500000074505806,9,24,24,0.0
svm,bigram,full,6,unith,Faure,top_ten,half_mean,,,6,0,H,6H,b,0,16,0.7500000074505806,9,25,25,0.0
svm,bigram,full,6,unith,Faure,top_ten,half_mean,,,6,0,H,6H,b,0,16,0.7500000074505806,9,26,26,0.05208333395421505
svm,bigram,full,6,unith,Faure,top_ten,half_mean,,,6,0,H,6H,b,0,16,0.7500000074505806,9,27,27,0.0
svm,bigram,full,6,unith,Faure,top_ten,half_mean,,,6,0,H,6H,b,0,16,0.7500000074505806,9,28,28,0.0
svm,bigram,full,6,unith,Faure,top_ten,half_mean,,,6,0,H,6H,b,0,16,0.7500000074505806,9,29,29,0.0
svm,bigram,full,6,unith,Faure,top_ten,half_mean,,,6,0,H,6H,b,0,16,0.7500000074505806,9,30,30,0.0
svm,bigram,full,6,unith,Faure,top_ten,half_mean,,,6,0,H,6H,b,0,16,0.7500000074505806,9,31,31,0.0
svm,bigram,full,6,unith,Faure,top_ten,half_mean,,,6,0,H,6H,b,0,16,0.7500000074505806,9,32,32,0.0
svm,bigram,full,6,unith,Faure,top_ten,half_mean,,,6,0,H,6H,b,0,16,0.7500000074505806,9,33,33,0.0
svm,bigram,full,6,unith,Faure,top_ten,half_mean,,,6,0,H,6H,b,0,16,0.7500000074505806,9,34,34,0.0
svm,bigram,full,6,unith,Faure,top_ten,half_mean,,,6,0,H,6H,b,0,16,0.7500000074505806,9,35,35,0.0
svm,bigram,full,6,unith,Faure,top_ten,half_mean,,,6,1,S,6S,a,0,334,0.8802395307732199,21,0,0,0.0
svm,bigram,full,6,unith,Faure,top_ten,half_mean,,,6,1,S,6S,a,0,334,0.8802395307732199,21,1,1,0.040369261970777
svm,bigram,full,6,unith,Faure,top_ten,half_mean,,,6,1,S,6S,a,0,334,0.8802395307732199,21,2,2,0.018213573151719783
svm,bigram,full,6,unith,Faure,top_ten,half_mean,,,6,1,S,6S,a,0,334,0.8802395307732199,21,3,3,0.014920159817455772
svm,bigram,full,6,unith,Faure,top_ten,half_mean,,,6,1,S,6S,a,0,334,0.8802395307732199,21,4,4,0.0
svm,bigram,full,6,unith,Faure,top_ten,half_mean,,,6,1,S,6S,a,0,334,0.8802395307732199,21,5,5,0.0
svm,bigram,full,6,unith,Faure,top_ten,half_mean,,,6,1,S,6S,a,0,334,0.8802395307732199,21,6,6,0.025798403529706828
svm,bigram,full,6,unith,Faure,top_ten,half_mean,,,6,1,S,6S,a,0,334,0.8802395307732199,21,7,7,0.0
svm,bigram,full,6,unith,Faure,top_ten,half_mean,,,6,1,S,6S,a,0,334,0.8802395307732199,21,8,8,0.1203093818294074
svm,bigram,full,6,unith,Faure,top_ten,half_mean,,,6,1,S,6S,a,0,334,0.8802395307732199,21,9,9,0.14555888431157896
svm,bigram,full,6,unith,Faure,top_ten,half_mean,,,6,1,S,6S,a,0,334,0.8802395307732199,21,10,10,0.04161676679721136
svm,bigram,full,6,unith,Faure,top_ten,half_mean,,,6,1,S,6S,a,0,334,0.8802395307732199,21,11,11,0.006487026007589465
svm,bigram,full,6,unith,Faure,top_ten,half_mean,,,6,1,S,6S,a,0,334,0.8802395307732199,21,12,12,0.0014970059880239522
svm,bigram,full,6,unith,Faure,top_ten,half_mean,,,6,1,S,6S,a,0,334,0.8802395307732199,21,13,13,0.19286427374728426
svm,bigram,full,6,unith,Faure,top_ten,half_mean,,,6,1,S,6S,a,0,334,0.8802395307732199,21,14,14,0.0
svm,bigram,full,6,unith,Faure,top_ten,half_mean,,,6,1,S,6S,a,0,334,0.8802395307732199,21,15,15,0.0060878243899630926
svm,bigram,full,6,unith,Faure,top_ten,half_mean,,,6,1,S,6S,a,0,334,0.8802395307732199,21,16,16,0.0007485029940119761
svm,bigram,full,6,unith,Faure,top_ten,half_mean,,,6,1,S,6S,a,0,334,0.8802395307732199,21,17,17,0.0
svm,bigram,full,6,unith,Faure,top_ten,half_mean,,,6,1,S,6S,a,0,334,0.8802395307732199,21,18,18,0.0246506990965255
svm,bigram,full,6,unith,Faure,top_ten,half_mean,,,6,1,S,6S,a,0,334,0.8802395307732199,21,19,19,0.11726546983519
svm,bigram,full,6,unith,Faure,top_ten,half_mean,,,6,1,S,6S,a,0,334,0.8802395307732199,21,20,20,0.05768463202936207
svm,bigram,full,6,unith,Faure,top_ten,half_mean,,,6,1,S,6S,a,0,334,0.8802395307732199,21,21,21,0.0
svm,bigram,full,6,unith,Faure,top_ten,half_mean,,,6,1,S,6S,a,0,334,0.8802395307732199,21,22,22,0.0
svm,bigram,full,6,unith,Faure,top_ten,half_mean,,,6,1,S,6S,a,0,334,0.8802395307732199,21,23,23,0.0
svm,bigram,full,6,unith,Faure,top_ten,half_mean,,,6,1,S,6S,a,0,334,0.8802395307732199,21,24,24,0.0
svm,bigram,full,6,unith,Faure,top_ten,half_mean,,,6,1,S,6S,a,0,334,0.8802395307732199,21,25,25,0.049201597175198404
svm,bigram,full,6,unith,Faure,top_ten,half_mean,,,6,1,S,6S,a,0,334,0.8802395307732199,21,26,26,0.0037425150592883902
svm,bigram,full,6,unith,Faure,top_ten,half_mean,,,6,1,S,6S,a,0,334,0.8802395307732199,21,27,27,0.0017465070157707807
svm,bigram,full,6,unith,Faure,top_ten,half_mean,,,6,1,S,6S,a,0,334,0.8802395307732199,21,28,28,0.0
svm,bigram,full,6,unith,Faure,top_ten,half_mean,,,6,1,S,6S,a,0,334,0.8802395307732199,21,29,29,0.0017465070157707807
svm,bigram,full,6,unith,Faure,top_ten,half_mean,,,6,1,S,6S,a,0,334,0.8802395307732199,21,30,30,0.0
svm,bigram,full,6,unith,Faure,top_ten,half_mean,,,6,1,S,6S,a,0,334,0.8802395307732199,21,31,31,0.004740518991818685
svm,bigram,full,6,unith,Faure,top_ten,half_mean,,,6,1,S,6S,a,0,334,0.8802395307732199,21,32,32,0.0
svm,bigram,full,6,unith,Faure,top_ten,half_mean,,,6,1,S,6S,a,0,334,0.8802395307732199,21,33,33,0.004990020019565514
svm,bigram,full,6,unith,Faure,top_ten,half_mean,,,6,1,S,6S,a,0,334,0.8802395307732199,21,34,34,0.0
svm,bigram,full,6,unith,Faure,top_ten,half_mean,,,6,1,S,6S,a,0,334,0.8802395307732199,21,35,35,0.0
svm,bigram,full,6,unith,Faure,top_ten,half_mean,,,6,1,S,6S,b,0,334,0.8113772544764473,21,0,0,0.0
svm,bigram,full,6,unith,Faure,top_ten,half_mean,,,6,1,S,6S,b,0,334,0.8113772544764473,21,1,1,0.039920160022681346
svm,bigram,full,6,unith,Faure,top_ten,half_mean,,,6,1,S,6S,b,0,334,0.8113772544764473,21,2,2,0.014970060147925051
svm,bigram,full,6,unith,Faure,top_ten,half_mean,,,6,1,S,6S,b,0,334,0.8113772544764473,21,3,3,0.012774451362515638
svm,bigram,full,6,unith,Faure,top_ten,half_mean,,,6,1,S,6S,b,0,334,0.8113772544764473,21,4,4,0.0
svm,bigram,full,6,unith,Faure,top_ten,half_mean,,,6,1,S,6S,b,0,334,0.8113772544764473,21,5,5,0.0
svm,bigram,full,6,unith,Faure,top_ten,half_mean,,,6,1,S,6S,b,0,334,0.8113772544764473,21,6,6,0.02974051928627277
svm,bigram,full,6,unith,Faure,top_ten,half_mean,,,6,1,S,6S,b,0,334,0.8113772544764473,21,7,7,0.0
svm,bigram,full,6,unith,Faure,top_ten,half_mean,,,6,1,S,6S,b,0,334,0.8113772544764473,21,8,8,0.09605788470742231
svm,bigram,full,6,unith,Faure,top_ten,half_mean,,,6,1,S,6S,b,0,334,0.8113772544764473,21,9,9,0.12609780602112503
svm,bigram,full,6,unith,Faure,top_ten,half_mean,,,6,1,S,6S,b,0,334,0.8113772544764473,21,10,10,0.03787425178253722
svm,bigram,full,6,unith,Faure,top_ten,half_mean,,,6,1,S,6S,b,0,334,0.8113772544764473,21,11,11,0.0037425150592883902
svm,bigram,full,6,unith,Faure,top_ten,half_mean,,,6,1,S,6S,b,0,334,0.8113772544764473,21,12,12,0.0
svm,bigram,full,6,unith,Faure,top_ten,half_mean,,,6,1,S,6S,b,0,334,0.8113772544764473,21,13,13,0.19201597027079073
svm,bigram,full,6,unith,Faure,top_ten,half_mean,,,6,1,S,6S,b,0,334,0.8113772544764473,21,14,14,0.0
svm,bigram,full,6,unith,Faure,top_ten,half_mean,,,6,1,S,6S,b,0,334,0.8113772544764473,21,15,15,0.009730539011384199
svm,bigram,full,6,unith,Faure,top_ten,half_mean,,,6,1,S,6S,b,0,334,0.8113772544764473,21,16,16,0.0
svm,bigram,full,6,unith,Faure,top_ten,half_mean,,,6,1,S,6S,b,0,334,0.8113772544764473,21,17,17,0.0
svm,bigram,full,6,unith,Faure,top_ten,half_mean,,,6,1,S,6S,b,0,334,0.8113772544764473,21,18,18,0.021357285851489997
svm,bigram,full,6,unith,Faure,top_ten,half_mean,,,6,1,S,6S,b,0,334,0.8113772544764473,21,19,19,0.10434131819509461
svm,bigram,full,6,unith,Faure,top_ten,half_mean,,,6,1,S,6S,b,0,334,0.8113772544764473,21,20,20,0.05598802512098929
svm,bigram,full,6,unith,Faure,top_ten,half_mean,,,6,1,S,6S,b,0,334,0.8113772544764473,21,21,21,0.0
svm,bigram,full,6,unith,Faure,top_ten,half_mean,,,6,1,S,6S,b,0,334,0.8113772544764473,21,22,22,0.0
svm,bigram,full,6,unith,Faure,top_ten,half_mean,,,6,1,S,6S,b,0,334,0.8113772544764473,21,23,23,0.0015968064258912367
svm,bigram,full,6,unith,Faure,top_ten,half_mean,,,6,1,S,6S,b,0,334,0.8113772544764473,21,24,24,0.0
svm,bigram,full,6,unith,Faure,top_ten,half_mean,,,6,1,S,6S,b,0,334,0.8113772544764473,21,25,25,0.04625748512809148
svm,bigram,full,6,unith,Faure,top_ten,half_mean,,,6,1,S,6S,b,0,334,0.8113772544764473,21,26,26,0.00658682653468526
svm,bigram,full,6,unith,Faure,top_ten,half_mean,,,6,1,S,6S,b,0,334,0.8113772544764473,21,27,27,0.004990020019565514
svm,bigram,full,6,unith,Faure,top_ten,half_mean,,,6,1,S,6S,b,0,334,0.8113772544764473,21,28,28,0.0
svm,bigram,full,6,unith,Faure,top_ten,half_mean,,,6,1,S,6S,b,0,334,0.8113772544764473,21,29,29,0.0009980040217588049
svm,bigram,full,6,unith,Faure,top_ten,half_mean,,,6,1,S,6S,b,0,334,0.8113772544764473,21,30,30,0.0007485029940119761
svm,bigram,full,6,unith,Faure,top_ten,half_mean,,,6,1,S,6S,b,0,334,0.8113772544764473,21,31,31,0.0025948104476500415
svm,bigram,full,6,unith,Faure,top_ten,half_mean,,,6,1,S,6S,b,0,334,0.8113772544764473,21,32,32,0.0
svm,bigram,full,6,unith,Faure,top_ten,half_mean,,,6,1,S,6S,b,0,334,0.8113772544764473,21,33,33,0.0029940120652764144
svm,bigram,full,6,unith,Faure,top_ten,half_mean,,,6,1,S,6S,b,0,334,0.8113772544764473,21,34,34,0.0
svm,bigram,full,6,unith,Faure,top_ten,half_mean,,,6,1,S,6S,b,0,334,0.8113772544764473,21,35,35,0.0
svm,bigram,full,6,unith,Nielsen,top_ten,trial,Oct_25_g0,528,1,0,H,1H,,,1,1.0,1,0,0,0.0
svm,bigram,full,6,unith,Nielsen,top_ten,trial,Oct_25_g0,528,1,0,H,1H,,,1,1.0,1,1,1,0.0
svm,bigram,full,6,unith,Nielsen,top_ten,trial,Oct_25_g0,528,1,0,H,1H,,,1,1.0,1,2,2,0.0
svm,bigram,full,6,unith,Nielsen,top_ten,trial,Oct_25_g0,528,1,0,H,1H,,,1,1.0,1,3,3,0.0
svm,bigram,full,6,unith,Nielsen,top_ten,trial,Oct_25_g0,528,1,0,H,1H,,,1,1.0,1,4,4,0.0
svm,bigram,full,6,unith,Nielsen,top_ten,trial,Oct_25_g0,528,1,0,H,1H,,,1,1.0,1,5,5,0.0
svm,bigram,full,6,unith,Nielsen,top_ten,trial,Oct_25_g0,528,1,0,H,1H,,,1,1.0,1,6,6,0.0
svm,bigram,full,6,unith,Nielsen,top_ten,trial,Oct_25_g0,528,1,0,H,1H,,,1,1.0,1,7,7,0.0
svm,bigram,full,6,unith,Nielsen,top_ten,trial,Oct_25_g0,528,1,0,H,1H,,,1,1.0,1,8,8,0.0
svm,bigram,full,6,unith,Nielsen,top_ten,trial,Oct_25_g0,528,1,0,H,1H,,,1,1.0,1,9,9,0.0
svm,bigram,full,6,unith,Nielsen,top_ten,trial,Oct_25_g0,528,1,0,H,1H,,,1,1.0,1,10,10,0.0
svm,bigram,full,6,unith,Nielsen,top_ten,trial,Oct_25_g0,528,1,0,H,1H,,,1,1.0,1,11,11,0.0
svm,bigram,full,6,unith,Nielsen,top_ten,trial,Oct_25_g0,528,1,0,H,1H,,,1,1.0,1,12,12,0.0
svm,bigram,full,6,unith,Nielsen,top_ten,trial,Oct_25_g0,528,1,0,H,1H,,,1,1.0,1,13,13,0.0
svm,bigram,full,6,unith,Nielsen,top_ten,trial,Oct_25_g0,528,1,0,H,1H,,,1,1.0,1,14,14,0.0
svm,bigram,full,6,unith,Nielsen,top_ten,trial,Oct_25_g0,528,1,0,H,1H,,,1,1.0,1,15,15,0.0
svm,bigram,full,6,unith,Nielsen,top_ten,trial,Oct_25_g0,528,1,0,H,1H,,,1,1.0,1,16,16,0.0
svm,bigram,full,6,unith,Nielsen,top_ten,trial,Oct_25_g0,528,1,0,H,1H,,,1,1.0,1,17,17,0.0
svm,bigram,full,6,unith,Nielsen,top_ten,trial,Oct_25_g0,528,1,0,H,1H,,,1,1.0,1,18,18,0.0
svm,bigram,full,6,unith,Nielsen,top_ten,trial,Oct_25_g0,528,1,0,H,1H,,,1,1.0,1,19,19,1.0
svm,bigram,full,6,unith,Nielsen,top_ten,trial,Oct_25_g0,528,1,0,H,1H,,,1,1.0,1,20,20,0.0
svm,bigram,full,6,unith,Nielsen,top_ten,trial,Oct_25_g0,528,1,0,H,1H,,,1,1.0,1,21,21,0.0
svm,bigram,full,6,unith,Nielsen,top_ten,trial,Oct_25_g0,528,1,0,H,1H,,,1,1.0,1,22,22,0.0
svm,bigram,full,6,unith,Nielsen,top_ten,trial,Oct_25_g0,528,1,0,H,1H,,,1,1.0,1,23,23,0.0
svm,bigram,full,6,unith,Nielsen,top_ten,trial,Oct_25_g0,528,1,0,H,1H,,,1,1.0,1,24,24,0.0
svm,bigram,full,6,unith,Nielsen,top_ten,trial,Oct_25_g0,528,1,0,H,1H,,,1,1.0,1,25,25,0.0
svm,bigram,full,6,unith,Nielsen,top_ten,trial,Oct_25_g0,528,1,0,H,1H,,,1,1.0,1,26,26,0.0
svm,bigram,full,6,unith,Nielsen,top_ten,trial,Oct_25_g0,528,1,0,H,1H,,,1,1.0,1,27,27,0.0
svm,bigram,full,6,unith,Nielsen,top_ten,trial,Oct_25_g0,528,1,0,H,1H,,,1,1.0,1,28,28,0.0
svm,bigram,full,6,unith,Nielsen,top_ten,trial,Oct_25_g0,528,1,0,H,1H,,,1,1.0,1,29,29,0.0
svm,bigram,full,6,unith,Nielsen,top_ten,trial,Oct_25_g0,528,1,0,H,1H,,,1,1.0,1,30,30,0.0
svm,bigram,full,6,unith,Nielsen,top_ten,trial,Oct_25_g0,528,1,0,H,1H,,,1,1.0,1,31,31,0.0
svm,bigram,full,6,unith,Nielsen,top_ten,trial,Oct_25_g0,528,1,0,H,1H,,,1,1.0,1,32,32,0.0
svm,bigram,full,6,unith,Nielsen,top_ten,trial,Oct_25_g0,528,1,0,H,1H,,,1,1.0,1,33,33,0.0
svm,bigram,full,6,unith,Nielsen,top_ten,trial,Oct_25_g0,528,1,0,H,1H,,,1,1.0,1,34,34,0.0
svm,bigram,full,6,unith,Nielsen,top_ten,trial,Oct_25_g0,528,1,0,H,1H,,,1,1.0,1,35,35,0.0
svm,bigram,full,6,unith,Nielsen,top_ten,trial,Nov_7_g0,342,1,0,H,1H,,,1,1.0,4,0,0,0.0
svm,bigram,full,6,unith,Nielsen,top_ten,trial,Nov_7_g0,342,1,0,H,1H,,,1,1.0,4,1,1,0.0
svm,bigram,full,6,unith,Nielsen,top_ten,trial,Nov_7_g0,342,1,0,H,1H,,,1,1.0,4,2,2,0.0
svm,bigram,full,6,unith,Nielsen,top_ten,trial,Nov_7_g0,342,1,0,H,1H,,,1,1.0,4,3,3,0.0
svm,bigram,full,6,unith,Nielsen,top_ten,trial,Nov_7_g0,342,1,0,H,1H,,,1,1.0,4,4,4,0.0
svm,bigram,full,6,unith,Nielsen,top_ten,trial,Nov_7_g0,342,1,0,H,1H,,,1,1.0,4,5,5,0.0
svm,bigram,full,6,unith,Nielsen,top_ten,trial,Nov_7_g0,342,1,0,H,1H,,,1,1.0,4,6,6,0.0
svm,bigram,full,6,unith,Nielsen,top_ten,trial,Nov_7_g0,342,1,0,H,1H,,,1,1.0,4,7,7,0.0
svm,bigram,full,6,unith,Nielsen,top_ten,trial,Nov_7_g0,342,1,0,H,1H,,,1,1.0,4,8,8,0.0
svm,bigram,full,6,unith,Nielsen,top_ten,trial,Nov_7_g0,342,1,0,H,1H,,,1,1.0,4,9,9,0.25
svm,bigram,full,6,unith,Nielsen,top_ten,trial,Nov_7_g0,342,1,0,H,1H,,,1,1.0,4,10,10,0.0
svm,bigram,full,6,unith,Nielsen,top_ten,trial,Nov_7_g0,342,1,0,H,1H,,,1,1.0,4,11,11,0.25
svm,bigram,full,6,unith,Nielsen,top_ten,trial,Nov_7_g0,342,1,0,H,1H,,,1,1.0,4,12,12,0.0
svm,bigram,full,6,unith,Nielsen,top_ten,trial,Nov_7_g0,342,1,0,H,1H,,,1,1.0,4,13,13,0.0
svm,bigram,full,6,unith,Nielsen,top_ten,trial,Nov_7_g0,342,1,0,H,1H,,,1,1.0,4,14,14,0.0
svm,bigram,full,6,unith,Nielsen,top_ten,trial,Nov_7_g0,342,1,0,H,1H,,,1,1.0,4,15,15,0.0
svm,bigram,full,6,unith,Nielsen,top_ten,trial,Nov_7_g0,342,1,0,H,1H,,,1,1.0,4,16,16,0.0
svm,bigram,full,6,unith,Nielsen,top_ten,trial,Nov_7_g0,342,1,0,H,1H,,,1,1.0,4,17,17,0.0
svm,bigram,full,6,unith,Nielsen,top_ten,trial,Nov_7_g0,342,1,0,H,1H,,,1,1.0,4,18,18,0.0
svm,bigram,full,6,unith,Nielsen,top_ten,trial,Nov_7_g0,342,1,0,H,1H,,,1,1.0,4,19,19,0.25
svm,bigram,full,6,unith,Nielsen,top_ten,trial,Nov_7_g0,342,1,0,H,1H,,,1,1.0,4,20,20,0.0
svm,bigram,full,6,unith,Nielsen,top_ten,trial,Nov_7_g0,342,1,0,H,1H,,,1,1.0,4,21,21,0.0
svm,bigram,full,6,unith,Nielsen,top_ten,trial,Nov_7_g0,342,1,0,H,1H,,,1,1.0,4,22,22,0.0
svm,bigram,full,6,unith,Nielsen,top_ten,trial,Nov_7_g0,342,1,0,H,1H,,,1,1.0,4,23,23,0.0
svm,bigram,full,6,unith,Nielsen,top_ten,trial,Nov_7_g0,342,1,0,H,1H,,,1,1.0,4,24,24,0.0
svm,bigram,full,6,unith,Nielsen,top_ten,trial,Nov_7_g0,342,1,0,H,1H,,,1,1.0,4,25,25,0.0
svm,bigram,full,6,unith,Nielsen,top_ten,trial,Nov_7_g0,342,1,0,H,1H,,,1,1.0,4,26,26,0.0
svm,bigram,full,6,unith,Nielsen,top_ten,trial,Nov_7_g0,342,1,0,H,1H,,,1,1.0,4,27,27,0.0
svm,bigram,full,6,unith,Nielsen,top_ten,trial,Nov_7_g0,342,1,0,H,1H,,,1,1.0,4,28,28,0.0
svm,bigram,full,6,unith,Nielsen,top_ten,trial,Nov_7_g0,342,1,0,H,1H,,,1,1.0,4,29,29,0.0
svm,bigram,full,6,unith,Nielsen,top_ten,trial,Nov_7_g0,342,1,0,H,1H,,,1,1.0,4,30,30,0.0
svm,bigram,full,6,unith,Nielsen,top_ten,trial,Nov_7_g0,342,1,0,H,1H,,,1,1.0,4,31,31,0.25
svm,bigram,full,6,unith,Nielsen,top_ten,trial,Nov_7_g0,342,1,0,H,1H,,,1,1.0,4,32,32,0.0
svm,bigram,full,6,unith,Nielsen,top_ten,trial,Nov_7_g0,342,1,0,H,1H,,,1,1.0,4,33,33,0.0
svm,bigram,full,6,unith,Nielsen,top_ten,trial,Nov_7_g0,342,1,0,H,1H,,,1,1.0,4,34,34,0.0
svm,bigram,full,6,unith,Nielsen,top_ten,trial,Nov_7_g0,342,1,0,H,1H,,,1,1.0,4,35,35,0.0
svm,bigram,full,6,unith,Nielsen,top_ten,trial,Oct_22_g0,496,1,0,H,1H,,,1,1.0000000298023224,3,0,0,0.0
svm,bigram,full,6,unith,Nielsen,top_ten,trial,Oct_22_g0,496,1,0,H,1H,,,1,1.0000000298023224,3,1,1,0.3333333432674408
svm,bigram,full,6,unith,Nielsen,top_ten,trial,Oct_22_g0,496,1,0,H,1H,,,1,1.0000000298023224,3,2,2,0.0
svm,bigram,full,6,unith,Nielsen,top_ten,trial,Oct_22_g0,496,1,0,H,1H,,,1,1.0000000298023224,3,3,3,0.0
svm,bigram,full,6,unith,Nielsen,top_ten,trial,Oct_22_g0,496,1,0,H,1H,,,1,1.0000000298023224,3,4,4,0.0
svm,bigram,full,6,unith,Nielsen,top_ten,trial,Oct_22_g0,496,1,0,H,1H,,,1,1.0000000298023224,3,5,5,0.0
svm,bigram,full,6,unith,Nielsen,top_ten,trial,Oct_22_g0,496,1,0,H,1H,,,1,1.0000000298023224,3,6,6,0.0
svm,bigram,full,6,unith,Nielsen,top_ten,trial,Oct_22_g0,496,1,0,H,1H,,,1,1.0000000298023224,3,7,7,0.0
svm,bigram,full,6,unith,Nielsen,top_ten,trial,Oct_22_g0,496,1,0,H,1H,,,1,1.0000000298023224,3,8,8,0.0
svm,bigram,full,6,unith,Nielsen,top_ten,trial,Oct_22_g0,496,1,0,H,1H,,,1,1.0000000298023224,3,9,9,0.0
svm,bigram,full,6,unith,Nielsen,top_ten,trial,Oct_22_g0,496,1,0,H,1H,,,1,1.0000000298023224,3,10,10,0.0
svm,bigram,full,6,unith,Nielsen,top_ten,trial,Oct_22_g0,496,1,0,H,1H,,,1,1.0000000298023224,3,11,11,0.0
svm,bigram,full,6,unith,Nielsen,top_ten,trial,Oct_22_g0,496,1,0,H,1H,,,1,1.0000000298023224,3,12,12,0.3333333432674408
svm,bigram,full,6,unith,Nielsen,top_ten,trial,Oct_22_g0,496,1,0,H,1H,,,1,1.0000000298023224,3,13,13,0.0
svm,bigram,full,6,unith,Nielsen,top_ten,trial,Oct_22_g0,496,1,0,H,1H,,,1,1.0000000298023224,3,14,14,0.0
svm,bigram,full,6,unith,Nielsen,top_ten,trial,Oct_22_g0,496,1,0,H,1H,,,1,1.0000000298023224,3,15,15,0.0
svm,bigram,full,6,unith,Nielsen,top_ten,trial,Oct_22_g0,496,1,0,H,1H,,,1,1.0000000298023224,3,16,16,0.0
svm,bigram,full,6,unith,Nielsen,top_ten,trial,Oct_22_g0,496,1,0,H,1H,,,1,1.0000000298023224,3,17,17,0.0
svm,bigram,full,6,unith,Nielsen,top_ten,trial,Oct_22_g0,496,1,0,H,1H,,,1,1.0000000298023224,3,18,18,0.0
svm,bigram,full,6,unith,Nielsen,top_ten,trial,Oct_22_g0,496,1,0,H,1H,,,1,1.0000000298023224,3,19,19,0.0
svm,bigram,full,6,unith,Nielsen,top_ten,trial,Oct_22_g0,496,1,0,H,1H,,,1,1.0000000298023224,3,20,20,0.0
svm,bigram,full,6,unith,Nielsen,top_ten,trial,Oct_22_g0,496,1,0,H,1H,,,1,1.0000000298023224,3,21,21,0.0
svm,bigram,full,6,unith,Nielsen,top_ten,trial,Oct_22_g0,496,1,0,H,1H,,,1,1.0000000298023224,3,22,22,0.0
svm,bigram,full,6,unith,Nielsen,top_ten,trial,Oct_22_g0,496,1,0,H,1H,,,1,1.0000000298023224,3,23,23,0.0
svm,bigram,full,6,unith,Nielsen,top_ten,trial,Oct_22_g0,496,1,0,H,1H,,,1,1.0000000298023224,3,24,24,0.0
svm,bigram,full,6,unith,Nielsen,top_ten,trial,Oct_22_g0,496,1,0,H,1H,,,1,1.0000000298023224,3,25,25,0.0
svm,bigram,full,6,unith,Nielsen,top_ten,trial,Oct_22_g0,496,1,0,H,1H,,,1,1.0000000298023224,3,26,26,0.3333333432674408
svm,bigram,full,6,unith,Nielsen,top_ten,trial,Oct_22_g0,496,1,0,H,1H,,,1,1.0000000298023224,3,27,27,0.0
svm,bigram,full,6,unith,Nielsen,top_ten,trial,Oct_22_g0,496,1,0,H,1H,,,1,1.0000000298023224,3,28,28,0.0
svm,bigram,full,6,unith,Nielsen,top_ten,trial,Oct_22_g0,496,1,0,H,1H,,,1,1.0000000298023224,3,29,29,0.0
svm,bigram,full,6,unith,Nielsen,top_ten,trial,Oct_22_g0,496,1,0,H,1H,,,1,1.0000000298023224,3,30,30,0.0
svm,bigram,full,6,unith,Nielsen,top_ten,trial,Oct_22_g0,496,1,0,H,1H,,,1,1.0000000298023224,3,31,31,0.0
svm,bigram,full,6,unith,Nielsen,top_ten,trial,Oct_22_g0,496,1,0,H,1H,,,1,1.0000000298023224,3,32,32,0.0
svm,bigram,full,6,unith,Nielsen,top_ten,trial,Oct_22_g0,496,1,0,H,1H,,,1,1.0000000298023224,3,33,33,0.0
svm,bigram,full,6,unith,Nielsen,top_ten,trial,Oct_22_g0,496,1,0,H,1H,,,1,1.0000000298023224,3,34,34,0.0
svm,bigram,full,6,unith,Nielsen,top_ten,trial,Oct_22_g0,496,1,0,H,1H,,,1,1.0000000298023224,3,35,35,0.0
svm,bigram,full,6,unith,Nielsen,top_ten,trial,Nov_1_g0,516,1,1,S,1S,,,1,1.0,2,0,0,0.0
svm,bigram,full,6,unith,Nielsen,top_ten,trial,Nov_1_g0,516,1,1,S,1S,,,1,1.0,2,1,1,0.0
svm,bigram,full,6,unith,Nielsen,top_ten,trial,Nov_1_g0,516,1,1,S,1S,,,1,1.0,2,2,2,0.0
svm,bigram,full,6,unith,Nielsen,top_ten,trial,Nov_1_g0,516,1,1,S,1S,,,1,1.0,2,3,3,0.0
svm,bigram,full,6,unith,Nielsen,top_ten,trial,Nov_1_g0,516,1,1,S,1S,,,1,1.0,2,4,4,0.0
svm,bigram,full,6,unith,Nielsen,top_ten,trial,Nov_1_g0,516,1,1,S,1S,,,1,1.0,2,5,5,0.0
svm,bigram,full,6,unith,Nielsen,top_ten,trial,Nov_1_g0,516,1,1,S,1S,,,1,1.0,2,6,6,0.0
svm,bigram,full,6,unith,Nielsen,top_ten,trial,Nov_1_g0,516,1,1,S,1S,,,1,1.0,2,7,7,0.0
svm,bigram,full,6,unith,Nielsen,top_ten,trial,Nov_1_g0,516,1,1,S,1S,,,1,1.0,2,8,8,0.0
svm,bigram,full,6,unith,Nielsen,top_ten,trial,Nov_1_g0,516,1,1,S,1S,,,1,1.0,2,9,9,0.0
svm,bigram,full,6,unith,Nielsen,top_ten,trial,Nov_1_g0,516,1,1,S,1S,,,1,1.0,2,10,10,0.0
svm,bigram,full,6,unith,Nielsen,top_ten,trial,Nov_1_g0,516,1,1,S,1S,,,1,1.0,2,11,11,0.0
svm,bigram,full,6,unith,Nielsen,top_ten,trial,Nov_1_g0,516,1,1,S,1S,,,1,1.0,2,12,12,0.0
svm,bigram,full,6,unith,Nielsen,top_ten,trial,Nov_1_g0,516,1,1,S,1S,,,1,1.0,2,13,13,0.0
svm,bigram,full,6,unith,Nielsen,top_ten,trial,Nov_1_g0,516,1,1,S,1S,,,1,1.0,2,14,14,0.0
svm,bigram,full,6,unith,Nielsen,top_ten,trial,Nov_1_g0,516,1,1,S,1S,,,1,1.0,2,15,15,0.0
svm,bigram,full,6,unith,Nielsen,top_ten,trial,Nov_1_g0,516,1,1,S,1S,,,1,1.0,2,16,16,0.0
svm,bigram,full,6,unith,Nielsen,top_ten,trial,Nov_1_g0,516,1,1,S,1S,,,1,1.0,2,17,17,0.0
svm,bigram,full,6,unith,Nielsen,top_ten,trial,Nov_1_g0,516,1,1,S,1S,,,1,1.0,2,18,18,0.0
svm,bigram,full,6,unith,Nielsen,top_ten,trial,Nov_1_g0,516,1,1,S,1S,,,1,1.0,2,19,19,0.0
svm,bigram,full,6,unith,Nielsen,top_ten,trial,Nov_1_g0,516,1,1,S,1S,,,1,1.0,2,20,20,0.0
svm,bigram,full,6,unith,Nielsen,top_ten,trial,Nov_1_g0,516,1,1,S,1S,,,1,1.0,2,21,21,0.0
svm,bigram,full,6,unith,Nielsen,top_ten,trial,Nov_1_g0,516,1,1,S,1S,,,1,1.0,2,22,22,0.0
svm,bigram,full,6,unith,Nielsen,top_ten,trial,Nov_1_g0,516,1,1,S,1S,,,1,1.0,2,23,23,0.5
svm,bigram,full,6,unith,Nielsen,top_ten,trial,Nov_1_g0,516,1,1,S,1S,,,1,1.0,2,24,24,0.0
svm,bigram,full,6,unith,Nielsen,top_ten,trial,Nov_1_g0,516,1,1,S,1S,,,1,1.0,2,25,25,0.0
svm,bigram,full,6,unith,Nielsen,top_ten,trial,Nov_1_g0,516,1,1,S,1S,,,1,1.0,2,26,26,0.0
svm,bigram,full,6,unith,Nielsen,top_ten,trial,Nov_1_g0,516,1,1,S,1S,,,1,1.0,2,27,27,0.0
svm,bigram,full,6,unith,Nielsen,top_ten,trial,Nov_1_g0,516,1,1,S,1S,,,1,1.0,2,28,28,0.0
svm,bigram,full,6,unith,Nielsen,top_ten,trial,Nov_1_g0,516,1,1,S,1S,,,1,1.0,2,29,29,0.0
svm,bigram,full,6,unith,Nielsen,top_ten,trial,Nov_1_g0,516,1,1,S,1S,,,1,1.0,2,30,30,0.0
svm,bigram,full,6,unith,Nielsen,top_ten,trial,Nov_1_g0,516,1,1,S,1S,,,1,1.0,2,31,31,0.5
svm,bigram,full,6,unith,Nielsen,top_ten,trial,Nov_1_g0,516,1,1,S,1S,,,1,1.0,2,32,32,0.0
svm,bigram,full,6,unith,Nielsen,top_ten,trial,Nov_1_g0,516,1,1,S,1S,,,1,1.0,2,33,33,0.0
svm,bigram,full,6,unith,Nielsen,top_ten,trial,Nov_1_g0,516,1,1,S,1S,,,1,1.0,2,34,34,0.0
svm,bigram,full,6,unith,Nielsen,top_ten,trial,Nov_1_g0,516,1,1,S,1S,,,1,1.0,2,35,35,0.0
svm,bigram,full,6,unith,Nielsen,top_ten,trial,Nov_9_g0,617,1,1,S,1S,,,1,1.0,2,0,0,0.0
svm,bigram,full,6,unith,Nielsen,top_ten,trial,Nov_9_g0,617,1,1,S,1S,,,1,1.0,2,1,1,0.0
svm,bigram,full,6,unith,Nielsen,top_ten,trial,Nov_9_g0,617,1,1,S,1S,,,1,1.0,2,2,2,0.0
svm,bigram,full,6,unith,Nielsen,top_ten,trial,Nov_9_g0,617,1,1,S,1S,,,1,1.0,2,3,3,0.0
svm,bigram,full,6,unith,Nielsen,top_ten,trial,Nov_9_g0,617,1,1,S,1S,,,1,1.0,2,4,4,0.0
svm,bigram,full,6,unith,Nielsen,top_ten,trial,Nov_9_g0,617,1,1,S,1S,,,1,1.0,2,5,5,0.0
svm,bigram,full,6,unith,Nielsen,top_ten,trial,Nov_9_g0,617,1,1,S,1S,,,1,1.0,2,6,6,0.0
svm,bigram,full,6,unith,Nielsen,top_ten,trial,Nov_9_g0,617,1,1,S,1S,,,1,1.0,2,7,7,0.0
svm,bigram,full,6,unith,Nielsen,top_ten,trial,Nov_9_g0,617,1,1,S,1S,,,1,1.0,2,8,8,0.0
svm,bigram,full,6,unith,Nielsen,top_ten,trial,Nov_9_g0,617,1,1,S,1S,,,1,1.0,2,9,9,0.5
svm,bigram,full,6,unith,Nielsen,top_ten,trial,Nov_9_g0,617,1,1,S,1S,,,1,1.0,2,10,10,0.0
svm,bigram,full,6,unith,Nielsen,top_ten,trial,Nov_9_g0,617,1,1,S,1S,,,1,1.0,2,11,11,0.0
svm,bigram,full,6,unith,Nielsen,top_ten,trial,Nov_9_g0,617,1,1,S,1S,,,1,1.0,2,12,12,0.0
svm,bigram,full,6,unith,Nielsen,top_ten,trial,Nov_9_g0,617,1,1,S,1S,,,1,1.0,2,13,13,0.0
svm,bigram,full,6,unith,Nielsen,top_ten,trial,Nov_9_g0,617,1,1,S,1S,,,1,1.0,2,14,14,0.0
svm,bigram,full,6,unith,Nielsen,top_ten,trial,Nov_9_g0,617,1,1,S,1S,,,1,1.0,2,15,15,0.0
svm,bigram,full,6,unith,Nielsen,top_ten,trial,Nov_9_g0,617,1,1,S,1S,,,1,1.0,2,16,16,0.0
svm,bigram,full,6,unith,Nielsen,top_ten,trial,Nov_9_g0,617,1,1,S,1S,,,1,1.0,2,17,17,0.0
svm,bigram,full,6,unith,Nielsen,top_ten,trial,Nov_9_g0,617,1,1,S,1S,,,1,1.0,2,18,18,0.0
svm,bigram,full,6,unith,Nielsen,top_ten,trial,Nov_9_g0,617,1,1,S,1S,,,1,1.0,2,19,19,0.5
svm,bigram,full,6,unith,Nielsen,top_ten,trial,Nov_9_g0,617,1,1,S,1S,,,1,1.0,2,20,20,0.0
svm,bigram,full,6,unith,Nielsen,top_ten,trial,Nov_9_g0,617,1,1,S,1S,,,1,1.0,2,21,21,0.0
svm,bigram,full,6,unith,Nielsen,top_ten,trial,Nov_9_g0,617,1,1,S,1S,,,1,1.0,2,22,22,0.0
svm,bigram,full,6,unith,Nielsen,top_ten,trial,Nov_9_g0,617,1,1,S,1S,,,1,1.0,2,23,23,0.0
svm,bigram,full,6,unith,Nielsen,top_ten,trial,Nov_9_g0,617,1,1,S,1S,,,1,1.0,2,24,24,0.0
svm,bigram,full,6,unith,Nielsen,top_ten,trial,Nov_9_g0,617,1,1,S,1S,,,1,1.0,2,25,25,0.0
svm,bigram,full,6,unith,Nielsen,top_ten,trial,Nov_9_g0,617,1,1,S,1S,,,1,1.0,2,26,26,0.0
svm,bigram,full,6,unith,Nielsen,top_ten,trial,Nov_9_g0,617,1,1,S,1S,,,1,1.0,2,27,27,0.0
svm,bigram,full,6,unith,Nielsen,top_ten,trial,Nov_9_g0,617,1,1,S,1S,,,1,1.0,2,28,28,0.0
svm,bigram,full,6,unith,Nielsen,top_ten,trial,Nov_9_g0,617,1,1,S,1S,,,1,1.0,2,29,29,0.0
svm,bigram,full,6,unith,Nielsen,top_ten,trial,Nov_9_g0,617,1,1,S,1S,,,1,1.0,2,30,30,0.0
svm,bigram,full,6,unith,Nielsen,top_ten,trial,Nov_9_g0,617,1,1,S,1S,,,1,1.0,2,31,31,0.0
svm,bigram,full,6,unith,Nielsen,top_ten,trial,Nov_9_g0,617,1,1,S,1S,,,1,1.0,2,32,32,0.0
svm,bigram,full,6,unith,Nielsen,top_ten,trial,Nov_9_g0,617,1,1,S,1S,,,1,1.0,2,33,33,0.0
svm,bigram,full,6,unith,Nielsen,top_ten,trial,Nov_9_g0,617,1,1,S,1S,,,1,1.0,2,34,34,0.0
svm,bigram,full,6,unith,Nielsen,top_ten,trial,Nov_9_g0,617,1,1,S,1S,,,1,1.0,2,35,35,0.0
svm,bigram,full,6,unith,Nielsen,top_ten,trial,Oct_25_g0,391,1,1,S,1S,,,1,1.0000000298023224,3,0,0,0.0
svm,bigram,full,6,unith,Nielsen,top_ten,trial,Oct_25_g0,391,1,1,S,1S,,,1,1.0000000298023224,3,1,1,0.3333333432674408
svm,bigram,full,6,unith,Nielsen,top_ten,trial,Oct_25_g0,391,1,1,S,1S,,,1,1.0000000298023224,3,2,2,0.0
svm,bigram,full,6,unith,Nielsen,top_ten,trial,Oct_25_g0,391,1,1,S,1S,,,1,1.0000000298023224,3,3,3,0.0
svm,bigram,full,6,unith,Nielsen,top_ten,trial,Oct_25_g0,391,1,1,S,1S,,,1,1.0000000298023224,3,4,4,0.0
svm,bigram,full,6,unith,Nielsen,top_ten,trial,Oct_25_g0,391,1,1,S,1S,,,1,1.0000000298023224,3,5,5,0.0
svm,bigram,full,6,unith,Nielsen,top_ten,trial,Oct_25_g0,391,1,1,S,1S,,,1,1.0000000298023224,3,6,6,0.0
svm,bigram,full,6,unith,Nielsen,top_ten,trial,Oct_25_g0,391,1,1,S,1S,,,1,1.0000000298023224,3,7,7,0.0
svm,bigram,full,6,unith,Nielsen,top_ten,trial,Oct_25_g0,391,1,1,S,1S,,,1,1.0000000298023224,3,8,8,0.3333333432674408
svm,bigram,full,6,unith,Nielsen,top_ten,trial,Oct_25_g0,391,1,1,S,1S,,,1,1.0000000298023224,3,9,9,0.0
svm,bigram,full,6,unith,Nielsen,top_ten,trial,Oct_25_g0,391,1,1,S,1S,,,1,1.0000000298023224,3,10,10,0.0
svm,bigram,full,6,unith,Nielsen,top_ten,trial,Oct_25_g0,391,1,1,S,1S,,,1,1.0000000298023224,3,11,11,0.0
svm,bigram,full,6,unith,Nielsen,top_ten,trial,Oct_25_g0,391,1,1,S,1S,,,1,1.0000000298023224,3,12,12,0.3333333432674408
svm,bigram,full,6,unith,Nielsen,top_ten,trial,Oct_25_g0,391,1,1,S,1S,,,1,1.0000000298023224,3,13,13,0.0
svm,bigram,full,6,unith,Nielsen,top_ten,trial,Oct_25_g0,391,1,1,S,1S,,,1,1.0000000298023224,3,14,14,0.0
svm,bigram,full,6,unith,Nielsen,top_ten,trial,Oct_25_g0,391,1,1,S,1S,,,1,1.0000000298023224,3,15,15,0.0
svm,bigram,full,6,unith,Nielsen,top_ten,trial,Oct_25_g0,391,1,1,S,1S,,,1,1.0000000298023224,3,16,16,0.0
svm,bigram,full,6,unith,Nielsen,top_ten,trial,Oct_25_g0,391,1,1,S,1S,,,1,1.0000000298023224,3,17,17,0.0
svm,bigram,full,6,unith,Nielsen,top_ten,trial,Oct_25_g0,391,1,1,S,1S,,,1,1.0000000298023224,3,18,18,0.0
svm,bigram,full,6,unith,Nielsen,top_ten,trial,Oct_25_g0,391,1,1,S,1S,,,1,1.0000000298023224,3,19,19,0.0
svm,bigram,full,6,unith,Nielsen,top_ten,trial,Oct_25_g0,391,1,1,S,1S,,,1,1.0000000298023224,3,20,20,0.0
svm,bigram,full,6,unith,Nielsen,top_ten,trial,Oct_25_g0,391,1,1,S,1S,,,1,1.0000000298023224,3,21,21,0.0
svm,bigram,full,6,unith,Nielsen,top_ten,trial,Oct_25_g0,391,1,1,S,1S,,,1,1.0000000298023224,3,22,22,0.0
svm,bigram,full,6,unith,Nielsen,top_ten,trial,Oct_25_g0,391,1,1,S,1S,,,1,1.0000000298023224,3,23,23,0.0
svm,bigram,full,6,unith,Nielsen,top_ten,trial,Oct_25_g0,391,1,1,S,1S,,,1,1.0000000298023224,3,24,24,0.0
svm,bigram,full,6,unith,Nielsen,top_ten,trial,Oct_25_g0,391,1,1,S,1S,,,1,1.0000000298023224,3,25,25,0.0
svm,bigram,full,6,unith,Nielsen,top_ten,trial,Oct_25_g0,391,1,1,S,1S,,,1,1.0000000298023224,3,26,26,0.0
svm,bigram,full,6,unith,Nielsen,top_ten,trial,Oct_25_g0,391,1,1,S,1S,,,1,1.0000000298023224,3,27,27,0.0
svm,bigram,full,6,unith,Nielsen,top_ten,trial,Oct_25_g0,391,1,1,S,1S,,,1,1.0000000298023224,3,28,28,0.0
svm,bigram,full,6,unith,Nielsen,top_ten,trial,Oct_25_g0,391,1,1,S,1S,,,1,1.0000000298023224,3,29,29,0.0
svm,bigram,full,6,unith,Nielsen,top_ten,trial,Oct_25_g0,391,1,1,S,1S,,,1,1.0000000298023224,3,30,30,0.0
svm,bigram,full,6,unith,Nielsen,top_ten,trial,Oct_25_g0,391,1,1,S,1S,,,1,1.0000000298023224,3,31,31,0.0
svm,bigram,full,6,unith,Nielsen,top_ten,trial,Oct_25_g0,391,1,1,S,1S,,,1,1.0000000298023224,3,32,32,0.0
svm,bigram,full,6,unith,Nielsen,top_ten,trial,Oct_25_g0,391,1,1,S,1S,,,1,1.0000000298023224,3,33,33,0.0
svm,bigram,full,6,unith,Nielsen,top_ten,trial,Oct_25_g0,391,1,1,S,1S,,,1,1.0000000298023224,3,34,34,0.0
svm,bigram,full,6,unith,Nielsen,top_ten,trial,Oct_25_g0,391,1,1,S,1S,,,1,1.0000000298023224,3,35,35,0.0
svm,bigram,full,6,unith,Nielsen,top_ten,trial,Nov_3_g0,219,2,0,H,2H,,,1,1.0,1,0,0,0.0
svm,bigram,full,6,unith,Nielsen,top_ten,trial,Nov_3_g0,219,2,0,H,2H,,,1,1.0,1,1,1,1.0
svm,bigram,full,6,unith,Nielsen,top_ten,trial,Nov_3_g0,219,2,0,H,2H,,,1,1.0,1,2,2,0.0
svm,bigram,full,6,unith,Nielsen,top_ten,trial,Nov_3_g0,219,2,0,H,2H,,,1,1.0,1,3,3,0.0
svm,bigram,full,6,unith,Nielsen,top_ten,trial,Nov_3_g0,219,2,0,H,2H,,,1,1.0,1,4,4,0.0
svm,bigram,full,6,unith,Nielsen,top_ten,trial,Nov_3_g0,219,2,0,H,2H,,,1,1.0,1,5,5,0.0
svm,bigram,full,6,unith,Nielsen,top_ten,trial,Nov_3_g0,219,2,0,H,2H,,,1,1.0,1,6,6,0.0
svm,bigram,full,6,unith,Nielsen,top_ten,trial,Nov_3_g0,219,2,0,H,2H,,,1,1.0,1,7,7,0.0
svm,bigram,full,6,unith,Nielsen,top_ten,trial,Nov_3_g0,219,2,0,H,2H,,,1,1.0,1,8,8,0.0
svm,bigram,full,6,unith,Nielsen,top_ten,trial,Nov_3_g0,219,2,0,H,2H,,,1,1.0,1,9,9,0.0
svm,bigram,full,6,unith,Nielsen,top_ten,trial,Nov_3_g0,219,2,0,H,2H,,,1,1.0,1,10,10,0.0
svm,bigram,full,6,unith,Nielsen,top_ten,trial,Nov_3_g0,219,2,0,H,2H,,,1,1.0,1,11,11,0.0
svm,bigram,full,6,unith,Nielsen,top_ten,trial,Nov_3_g0,219,2,0,H,2H,,,1,1.0,1,12,12,0.0
svm,bigram,full,6,unith,Nielsen,top_ten,trial,Nov_3_g0,219,2,0,H,2H,,,1,1.0,1,13,13,0.0
svm,bigram,full,6,unith,Nielsen,top_ten,trial,Nov_3_g0,219,2,0,H,2H,,,1,1.0,1,14,14,0.0
svm,bigram,full,6,unith,Nielsen,top_ten,trial,Nov_3_g0,219,2,0,H,2H,,,1,1.0,1,15,15,0.0
svm,bigram,full,6,unith,Nielsen,top_ten,trial,Nov_3_g0,219,2,0,H,2H,,,1,1.0,1,16,16,0.0
svm,bigram,full,6,unith,Nielsen,top_ten,trial,Nov_3_g0,219,2,0,H,2H,,,1,1.0,1,17,17,0.0
svm,bigram,full,6,unith,Nielsen,top_ten,trial,Nov_3_g0,219,2,0,H,2H,,,1,1.0,1,18,18,0.0
svm,bigram,full,6,unith,Nielsen,top_ten,trial,Nov_3_g0,219,2,0,H,2H,,,1,1.0,1,19,19,0.0
svm,bigram,full,6,unith,Nielsen,top_ten,trial,Nov_3_g0,219,2,0,H,2H,,,1,1.0,1,20,20,0.0
svm,bigram,full,6,unith,Nielsen,top_ten,trial,Nov_3_g0,219,2,0,H,2H,,,1,1.0,1,21,21,0.0
svm,bigram,full,6,unith,Nielsen,top_ten,trial,Nov_3_g0,219,2,0,H,2H,,,1,1.0,1,22,22,0.0
svm,bigram,full,6,unith,Nielsen,top_ten,trial,Nov_3_g0,219,2,0,H,2H,,,1,1.0,1,23,23,0.0
svm,bigram,full,6,unith,Nielsen,top_ten,trial,Nov_3_g0,219,2,0,H,2H,,,1,1.0,1,24,24,0.0
svm,bigram,full,6,unith,Nielsen,top_ten,trial,Nov_3_g0,219,2,0,H,2H,,,1,1.0,1,25,25,0.0
svm,bigram,full,6,unith,Nielsen,top_ten,trial,Nov_3_g0,219,2,0,H,2H,,,1,1.0,1,26,26,0.0
svm,bigram,full,6,unith,Nielsen,top_ten,trial,Nov_3_g0,219,2,0,H,2H,,,1,1.0,1,27,27,0.0
svm,bigram,full,6,unith,Nielsen,top_ten,trial,Nov_3_g0,219,2,0,H,2H,,,1,1.0,1,28,28,0.0
svm,bigram,full,6,unith,Nielsen,top_ten,trial,Nov_3_g0,219,2,0,H,2H,,,1,1.0,1,29,29,0.0
svm,bigram,full,6,unith,Nielsen,top_ten,trial,Nov_3_g0,219,2,0,H,2H,,,1,1.0,1,30,30,0.0
svm,bigram,full,6,unith,Nielsen,top_ten,trial,Nov_3_g0,219,2,0,H,2H,,,1,1.0,1,31,31,0.0
svm,bigram,full,6,unith,Nielsen,top_ten,trial,Nov_3_g0,219,2,0,H,2H,,,1,1.0,1,32,32,0.0
svm,bigram,full,6,unith,Nielsen,top_ten,trial,Nov_3_g0,219,2,0,H,2H,,,1,1.0,1,33,33,0.0
svm,bigram,full,6,unith,Nielsen,top_ten,trial,Nov_3_g0,219,2,0,H,2H,,,1,1.0,1,34,34,0.0
svm,bigram,full,6,unith,Nielsen,top_ten,trial,Nov_3_g0,219,2,0,H,2H,,,1,1.0,1,35,35,0.0
svm,bigram,full,6,unith,Nielsen,top_ten,trial,Nov_18_g0,411,2,0,H,2H,,,1,1.0000000298023224,3,0,0,0.0
svm,bigram,full,6,unith,Nielsen,top_ten,trial,Nov_18_g0,411,2,0,H,2H,,,1,1.0000000298023224,3,1,1,0.3333333432674408
svm,bigram,full,6,unith,Nielsen,top_ten,trial,Nov_18_g0,411,2,0,H,2H,,,1,1.0000000298023224,3,2,2,0.0
svm,bigram,full,6,unith,Nielsen,top_ten,trial,Nov_18_g0,411,2,0,H,2H,,,1,1.0000000298023224,3,3,3,0.0
svm,bigram,full,6,unith,Nielsen,top_ten,trial,Nov_18_g0,411,2,0,H,2H,,,1,1.0000000298023224,3,4,4,0.0
svm,bigram,full,6,unith,Nielsen,top_ten,trial,Nov_18_g0,411,2,0,H,2H,,,1,1.0000000298023224,3,5,5,0.0
svm,bigram,full,6,unith,Nielsen,top_ten,trial,Nov_18_g0,411,2,0,H,2H,,,1,1.0000000298023224,3,6,6,0.0
svm,bigram,full,6,unith,Nielsen,top_ten,trial,Nov_18_g0,411,2,0,H,2H,,,1,1.0000000298023224,3,7,7,0.0
svm,bigram,full,6,unith,Nielsen,top_ten,trial,Nov_18_g0,411,2,0,H,2H,,,1,1.0000000298023224,3,8,8,0.0
svm,bigram,full,6,unith,Nielsen,top_ten,trial,Nov_18_g0,411,2,0,H,2H,,,1,1.0000000298023224,3,9,9,0.3333333432674408
svm,bigram,full,6,unith,Nielsen,top_ten,trial,Nov_18_g0,411,2,0,H,2H,,,1,1.0000000298023224,3,10,10,0.0
svm,bigram,full,6,unith,Nielsen,top_ten,trial,Nov_18_g0,411,2,0,H,2H,,,1,1.0000000298023224,3,11,11,0.0
svm,bigram,full,6,unith,Nielsen,top_ten,trial,Nov_18_g0,411,2,0,H,2H,,,1,1.0000000298023224,3,12,12,0.0
svm,bigram,full,6,unith,Nielsen,top_ten,trial,Nov_18_g0,411,2,0,H,2H,,,1,1.0000000298023224,3,13,13,0.0
svm,bigram,full,6,unith,Nielsen,top_ten,trial,Nov_18_g0,411,2,0,H,2H,,,1,1.0000000298023224,3,14,14,0.0
svm,bigram,full,6,unith,Nielsen,top_ten,trial,Nov_18_g0,411,2,0,H,2H,,,1,1.0000000298023224,3,15,15,0.0
svm,bigram,full,6,unith,Nielsen,top_ten,trial,Nov_18_g0,411,2,0,H,2H,,,1,1.0000000298023224,3,16,16,0.0
svm,bigram,full,6,unith,Nielsen,top_ten,trial,Nov_18_g0,411,2,0,H,2H,,,1,1.0000000298023224,3,17,17,0.0
svm,bigram,full,6,unith,Nielsen,top_ten,trial,Nov_18_g0,411,2,0,H,2H,,,1,1.0000000298023224,3,18,18,0.3333333432674408
svm,bigram,full,6,unith,Nielsen,top_ten,trial,Nov_18_g0,411,2,0,H,2H,,,1,1.0000000298023224,3,19,19,0.0
svm,bigram,full,6,unith,Nielsen,top_ten,trial,Nov_18_g0,411,2,0,H,2H,,,1,1.0000000298023224,3,20,20,0.0
svm,bigram,full,6,unith,Nielsen,top_ten,trial,Nov_18_g0,411,2,0,H,2H,,,1,1.0000000298023224,3,21,21,0.0
svm,bigram,full,6,unith,Nielsen,top_ten,trial,Nov_18_g0,411,2,0,H,2H,,,1,1.0000000298023224,3,22,22,0.0
svm,bigram,full,6,unith,Nielsen,top_ten,trial,Nov_18_g0,411,2,0,H,2H,,,1,1.0000000298023224,3,23,23,0.0
svm,bigram,full,6,unith,Nielsen,top_ten,trial,Nov_18_g0,411,2,0,H,2H,,,1,1.0000000298023224,3,24,24,0.0
svm,bigram,full,6,unith,Nielsen,top_ten,trial,Nov_18_g0,411,2,0,H,2H,,,1,1.0000000298023224,3,25,25,0.0
svm,bigram,full,6,unith,Nielsen,top_ten,trial,Nov_18_g0,411,2,0,H,2H,,,1,1.0000000298023224,3,26,26,0.0
svm,bigram,full,6,unith,Nielsen,top_ten,trial,Nov_18_g0,411,2,0,H,2H,,,1,1.0000000298023224,3,27,27,0.0
svm,bigram,full,6,unith,Nielsen,top_ten,trial,Nov_18_g0,411,2,0,H,2H,,,1,1.0000000298023224,3,28,28,0.0
svm,bigram,full,6,unith,Nielsen,top_ten,trial,Nov_18_g0,411,2,0,H,2H,,,1,1.0000000298023224,3,29,29,0.0
svm,bigram,full,6,unith,Nielsen,top_ten,trial,Nov_18_g0,411,2,0,H,2H,,,1,1.0000000298023224,3,30,30,0.0
svm,bigram,full,6,unith,Nielsen,top_ten,trial,Nov_18_g0,411,2,0,H,2H,,,1,1.0000000298023224,3,31,31,0.0
svm,bigram,full,6,unith,Nielsen,top_ten,trial,Nov_18_g0,411,2,0,H,2H,,,1,1.0000000298023224,3,32,32,0.0
svm,bigram,full,6,unith,Nielsen,top_ten,trial,Nov_18_g0,411,2,0,H,2H,,,1,1.0000000298023224,3,33,33,0.0
svm,bigram,full,6,unith,Nielsen,top_ten,trial,Nov_18_g0,411,2,0,H,2H,,,1,1.0000000298023224,3,34,34,0.0
svm,bigram,full,6,unith,Nielsen,top_ten,trial,Nov_18_g0,411,2,0,H,2H,,,1,1.0000000298023224,3,35,35,0.0
svm,bigram,full,6,unith,Nielsen,top_ten,trial,Nov_3_g0,246,2,0,H,2H,,,1,1.0,2,0,0,0.0
svm,bigram,full,6,unith,Nielsen,top_ten,trial,Nov_3_g0,246,2,0,H,2H,,,1,1.0,2,1,1,0.5
svm,bigram,full,6,unith,Nielsen,top_ten,trial,Nov_3_g0,246,2,0,H,2H,,,1,1.0,2,2,2,0.0
svm,bigram,full,6,unith,Nielsen,top_ten,trial,Nov_3_g0,246,2,0,H,2H,,,1,1.0,2,3,3,0.0
svm,bigram,full,6,unith,Nielsen,top_ten,trial,Nov_3_g0,246,2,0,H,2H,,,1,1.0,2,4,4,0.0
svm,bigram,full,6,unith,Nielsen,top_ten,trial,Nov_3_g0,246,2,0,H,2H,,,1,1.0,2,5,5,0.0
svm,bigram,full,6,unith,Nielsen,top_ten,trial,Nov_3_g0,246,2,0,H,2H,,,1,1.0,2,6,6,0.0
svm,bigram,full,6,unith,Nielsen,top_ten,trial,Nov_3_g0,246,2,0,H,2H,,,1,1.0,2,7,7,0.0
svm,bigram,full,6,unith,Nielsen,top_ten,trial,Nov_3_g0,246,2,0,H,2H,,,1,1.0,2,8,8,0.0
svm,bigram,full,6,unith,Nielsen,top_ten,trial,Nov_3_g0,246,2,0,H,2H,,,1,1.0,2,9,9,0.0
svm,bigram,full,6,unith,Nielsen,top_ten,trial,Nov_3_g0,246,2,0,H,2H,,,1,1.0,2,10,10,0.0
svm,bigram,full,6,unith,Nielsen,top_ten,trial,Nov_3_g0,246,2,0,H,2H,,,1,1.0,2,11,11,0.0
svm,bigram,full,6,unith,Nielsen,top_ten,trial,Nov_3_g0,246,2,0,H,2H,,,1,1.0,2,12,12,0.0
svm,bigram,full,6,unith,Nielsen,top_ten,trial,Nov_3_g0,246,2,0,H,2H,,,1,1.0,2,13,13,0.0
svm,bigram,full,6,unith,Nielsen,top_ten,trial,Nov_3_g0,246,2,0,H,2H,,,1,1.0,2,14,14,0.0
svm,bigram,full,6,unith,Nielsen,top_ten,trial,Nov_3_g0,246,2,0,H,2H,,,1,1.0,2,15,15,0.0
svm,bigram,full,6,unith,Nielsen,top_ten,trial,Nov_3_g0,246,2,0,H,2H,,,1,1.0,2,16,16,0.0
svm,bigram,full,6,unith,Nielsen,top_ten,trial,Nov_3_g0,246,2,0,H,2H,,,1,1.0,2,17,17,0.0
svm,bigram,full,6,unith,Nielsen,top_ten,trial,Nov_3_g0,246,2,0,H,2H,,,1,1.0,2,18,18,0.5
svm,bigram,full,6,unith,Nielsen,top_ten,trial,Nov_3_g0,246,2,0,H,2H,,,1,1.0,2,19,19,0.0
svm,bigram,full,6,unith,Nielsen,top_ten,trial,Nov_3_g0,246,2,0,H,2H,,,1,1.0,2,20,20,0.0
svm,bigram,full,6,unith,Nielsen,top_ten,trial,Nov_3_g0,246,2,0,H,2H,,,1,1.0,2,21,21,0.0
svm,bigram,full,6,unith,Nielsen,top_ten,trial,Nov_3_g0,246,2,0,H,2H,,,1,1.0,2,22,22,0.0
svm,bigram,full,6,unith,Nielsen,top_ten,trial,Nov_3_g0,246,2,0,H,2H,,,1,1.0,2,23,23,0.0
svm,bigram,full,6,unith,Nielsen,top_ten,trial,Nov_3_g0,246,2,0,H,2H,,,1,1.0,2,24,24,0.0
svm,bigram,full,6,unith,Nielsen,top_ten,trial,Nov_3_g0,246,2,0,H,2H,,,1,1.0,2,25,25,0.0
svm,bigram,full,6,unith,Nielsen,top_ten,trial,Nov_3_g0,246,2,0,H,2H,,,1,1.0,2,26,26,0.0
svm,bigram,full,6,unith,Nielsen,top_ten,trial,Nov_3_g0,246,2,0,H,2H,,,1,1.0,2,27,27,0.0
svm,bigram,full,6,unith,Nielsen,top_ten,trial,Nov_3_g0,246,2,0,H,2H,,,1,1.0,2,28,28,0.0
svm,bigram,full,6,unith,Nielsen,top_ten,trial,Nov_3_g0,246,2,0,H,2H,,,1,1.0,2,29,29,0.0
svm,bigram,full,6,unith,Nielsen,top_ten,trial,Nov_3_g0,246,2,0,H,2H,,,1,1.0,2,30,30,0.0
svm,bigram,full,6,unith,Nielsen,top_ten,trial,Nov_3_g0,246,2,0,H,2H,,,1,1.0,2,31,31,0.0
svm,bigram,full,6,unith,Nielsen,top_ten,trial,Nov_3_g0,246,2,0,H,2H,,,1,1.0,2,32,32,0.0
svm,bigram,full,6,unith,Nielsen,top_ten,trial,Nov_3_g0,246,2,0,H,2H,,,1,1.0,2,33,33,0.0
svm,bigram,full,6,unith,Nielsen,top_ten,trial,Nov_3_g0,246,2,0,H,2H,,,1,1.0,2,34,34,0.0
svm,bigram,full,6,unith,Nielsen,top_ten,trial,Nov_3_g0,246,2,0,H,2H,,,1,1.0,2,35,35,0.0
svm,bigram,full,6,unith,Nielsen,top_ten,trial,Nov_18_g0,238,2,1,S,2S,,,1,1.0,4,0,0,0.0
svm,bigram,full,6,unith,Nielsen,top_ten,trial,Nov_18_g0,238,2,1,S,2S,,,1,1.0,4,1,1,0.0
svm,bigram,full,6,unith,Nielsen,top_ten,trial,Nov_18_g0,238,2,1,S,2S,,,1,1.0,4,2,2,0.0
svm,bigram,full,6,unith,Nielsen,top_ten,trial,Nov_18_g0,238,2,1,S,2S,,,1,1.0,4,3,3,0.0
svm,bigram,full,6,unith,Nielsen,top_ten,trial,Nov_18_g0,238,2,1,S,2S,,,1,1.0,4,4,4,0.0
svm,bigram,full,6,unith,Nielsen,top_ten,trial,Nov_18_g0,238,2,1,S,2S,,,1,1.0,4,5,5,0.0
svm,bigram,full,6,unith,Nielsen,top_ten,trial,Nov_18_g0,238,2,1,S,2S,,,1,1.0,4,6,6,0.0
svm,bigram,full,6,unith,Nielsen,top_ten,trial,Nov_18_g0,238,2,1,S,2S,,,1,1.0,4,7,7,0.0
svm,bigram,full,6,unith,Nielsen,top_ten,trial,Nov_18_g0,238,2,1,S,2S,,,1,1.0,4,8,8,0.0
svm,bigram,full,6,unith,Nielsen,top_ten,trial,Nov_18_g0,238,2,1,S,2S,,,1,1.0,4,9,9,0.25
svm,bigram,full,6,unith,Nielsen,top_ten,trial,Nov_18_g0,238,2,1,S,2S,,,1,1.0,4,10,10,0.25
svm,bigram,full,6,unith,Nielsen,top_ten,trial,Nov_18_g0,238,2,1,S,2S,,,1,1.0,4,11,11,0.0
svm,bigram,full,6,unith,Nielsen,top_ten,trial,Nov_18_g0,238,2,1,S,2S,,,1,1.0,4,12,12,0.0
svm,bigram,full,6,unith,Nielsen,top_ten,trial,Nov_18_g0,238,2,1,S,2S,,,1,1.0,4,13,13,0.0
svm,bigram,full,6,unith,Nielsen,top_ten,trial,Nov_18_g0,238,2,1,S,2S,,,1,1.0,4,14,14,0.0
svm,bigram,full,6,unith,Nielsen,top_ten,trial,Nov_18_g0,238,2,1,S,2S,,,1,1.0,4,15,15,0.0
svm,bigram,full,6,unith,Nielsen,top_ten,trial,Nov_18_g0,238,2,1,S,2S,,,1,1.0,4,16,16,0.0
svm,bigram,full,6,unith,Nielsen,top_ten,trial,Nov_18_g0,238,2,1,S,2S,,,1,1.0,4,17,17,0.0
svm,bigram,full,6,unith,Nielsen,top_ten,trial,Nov_18_g0,238,2,1,S,2S,,,1,1.0,4,18,18,0.0
svm,bigram,full,6,unith,Nielsen,top_ten,trial,Nov_18_g0,238,2,1,S,2S,,,1,1.0,4,19,19,0.25
svm,bigram,full,6,unith,Nielsen,top_ten,trial,Nov_18_g0,238,2,1,S,2S,,,1,1.0,4,20,20,0.0
svm,bigram,full,6,unith,Nielsen,top_ten,trial,Nov_18_g0,238,2,1,S,2S,,,1,1.0,4,21,21,0.0
svm,bigram,full,6,unith,Nielsen,top_ten,trial,Nov_18_g0,238,2,1,S,2S,,,1,1.0,4,22,22,0.0
svm,bigram,full,6,unith,Nielsen,top_ten,trial,Nov_18_g0,238,2,1,S,2S,,,1,1.0,4,23,23,0.0
svm,bigram,full,6,unith,Nielsen,top_ten,trial,Nov_18_g0,238,2,1,S,2S,,,1,1.0,4,24,24,0.0
svm,bigram,full,6,unith,Nielsen,top_ten,trial,Nov_18_g0,238,2,1,S,2S,,,1,1.0,4,25,25,0.25
svm,bigram,full,6,unith,Nielsen,top_ten,trial,Nov_18_g0,238,2,1,S,2S,,,1,1.0,4,26,26,0.0
svm,bigram,full,6,unith,Nielsen,top_ten,trial,Nov_18_g0,238,2,1,S,2S,,,1,1.0,4,27,27,0.0
svm,bigram,full,6,unith,Nielsen,top_ten,trial,Nov_18_g0,238,2,1,S,2S,,,1,1.0,4,28,28,0.0
svm,bigram,full,6,unith,Nielsen,top_ten,trial,Nov_18_g0,238,2,1,S,2S,,,1,1.0,4,29,29,0.0
svm,bigram,full,6,unith,Nielsen,top_ten,trial,Nov_18_g0,238,2,1,S,2S,,,1,1.0,4,30,30,0.0
svm,bigram,full,6,unith,Nielsen,top_ten,trial,Nov_18_g0,238,2,1,S,2S,,,1,1.0,4,31,31,0.0
svm,bigram,full,6,unith,Nielsen,top_ten,trial,Nov_18_g0,238,2,1,S,2S,,,1,1.0,4,32,32,0.0
svm,bigram,full,6,unith,Nielsen,top_ten,trial,Nov_18_g0,238,2,1,S,2S,,,1,1.0,4,33,33,0.0
svm,bigram,full,6,unith,Nielsen,top_ten,trial,Nov_18_g0,238,2,1,S,2S,,,1,1.0,4,34,34,0.0
svm,bigram,full,6,unith,Nielsen,top_ten,trial,Nov_18_g0,238,2,1,S,2S,,,1,1.0,4,35,35,0.0
svm,bigram,full,6,unith,Nielsen,top_ten,trial,Nov_1_g0,286,2,1,S,2S,,,1,1.0000000298023224,3,0,0,0.0
svm,bigram,full,6,unith,Nielsen,top_ten,trial,Nov_1_g0,286,2,1,S,2S,,,1,1.0000000298023224,3,1,1,0.0
svm,bigram,full,6,unith,Nielsen,top_ten,trial,Nov_1_g0,286,2,1,S,2S,,,1,1.0000000298023224,3,2,2,0.0
svm,bigram,full,6,unith,Nielsen,top_ten,trial,Nov_1_g0,286,2,1,S,2S,,,1,1.0000000298023224,3,3,3,0.0
svm,bigram,full,6,unith,Nielsen,top_ten,trial,Nov_1_g0,286,2,1,S,2S,,,1,1.0000000298023224,3,4,4,0.0
svm,bigram,full,6,unith,Nielsen,top_ten,trial,Nov_1_g0,286,2,1,S,2S,,,1,1.0000000298023224,3,5,5,0.0
svm,bigram,full,6,unith,Nielsen,top_ten,trial,Nov_1_g0,286,2,1,S,2S,,,1,1.0000000298023224,3,6,6,0.0
svm,bigram,full,6,unith,Nielsen,top_ten,trial,Nov_1_g0,286,2,1,S,2S,,,1,1.0000000298023224,3,7,7,0.0
svm,bigram,full,6,unith,Nielsen,top_ten,trial,Nov_1_g0,286,2,1,S,2S,,,1,1.0000000298023224,3,8,8,0.0
svm,bigram,full,6,unith,Nielsen,top_ten,trial,Nov_1_g0,286,2,1,S,2S,,,1,1.0000000298023224,3,9,9,0.0
svm,bigram,full,6,unith,Nielsen,top_ten,trial,Nov_1_g0,286,2,1,S,2S,,,1,1.0000000298023224,3,10,10,0.0
svm,bigram,full,6,unith,Nielsen,top_ten,trial,Nov_1_g0,286,2,1,S,2S,,,1,1.0000000298023224,3,11,11,0.3333333432674408
svm,bigram,full,6,unith,Nielsen,top_ten,trial,Nov_1_g0,286,2,1,S,2S,,,1,1.0000000298023224,3,12,12,0.0
svm,bigram,full,6,unith,Nielsen,top_ten,trial,Nov_1_g0,286,2,1,S,2S,,,1,1.0000000298023224,3,13,13,0.0
svm,bigram,full,6,unith,Nielsen,top_ten,trial,Nov_1_g0,286,2,1,S,2S,,,1,1.0000000298023224,3,14,14,0.0
svm,bigram,full,6,unith,Nielsen,top_ten,trial,Nov_1_g0,286,2,1,S,2S,,,1,1.0000000298023224,3,15,15,0.0
svm,bigram,full,6,unith,Nielsen,top_ten,trial,Nov_1_g0,286,2,1,S,2S,,,1,1.0000000298023224,3,16,16,0.0
svm,bigram,full,6,unith,Nielsen,top_ten,trial,Nov_1_g0,286,2,1,S,2S,,,1,1.0000000298023224,3,17,17,0.0
svm,bigram,full,6,unith,Nielsen,top_ten,trial,Nov_1_g0,286,2,1,S,2S,,,1,1.0000000298023224,3,18,18,0.0
svm,bigram,full,6,unith,Nielsen,top_ten,trial,Nov_1_g0,286,2,1,S,2S,,,1,1.0000000298023224,3,19,19,0.3333333432674408
svm,bigram,full,6,unith,Nielsen,top_ten,trial,Nov_1_g0,286,2,1,S,2S,,,1,1.0000000298023224,3,20,20,0.0
svm,bigram,full,6,unith,Nielsen,top_ten,trial,Nov_1_g0,286,2,1,S,2S,,,1,1.0000000298023224,3,21,21,0.0
svm,bigram,full,6,unith,Nielsen,top_ten,trial,Nov_1_g0,286,2,1,S,2S,,,1,1.0000000298023224,3,22,22,0.0
svm,bigram,full,6,unith,Nielsen,top_ten,trial,Nov_1_g0,286,2,1,S,2S,,,1,1.0000000298023224,3,23,23,0.0
svm,bigram,full,6,unith,Nielsen,top_ten,trial,Nov_1_g0,286,2,1,S,2S,,,1,1.0000000298023224,3,24,24,0.0
svm,bigram,full,6,unith,Nielsen,top_ten,trial,Nov_1_g0,286,2,1,S,2S,,,1,1.0000000298023224,3,25,25,0.0
svm,bigram,full,6,unith,Nielsen,top_ten,trial,Nov_1_g0,286,2,1,S,2S,,,1,1.0000000298023224,3,26,26,0.0
svm,bigram,full,6,unith,Nielsen,top_ten,trial,Nov_1_g0,286,2,1,S,2S,,,1,1.0000000298023224,3,27,27,0.0
svm,bigram,full,6,unith,Nielsen,top_ten,trial,Nov_1_g0,286,2,1,S,2S,,,1,1.0000000298023224,3,28,28,0.0
svm,bigram,full,6,unith,Nielsen,top_ten,trial,Nov_1_g0,286,2,1,S,2S,,,1,1.0000000298023224,3,29,29,0.0
svm,bigram,full,6,unith,Nielsen,top_ten,trial,Nov_1_g0,286,2,1,S,2S,,,1,1.0000000298023224,3,30,30,0.0
svm,bigram,full,6,unith,Nielsen,top_ten,trial,Nov_1_g0,286,2,1,S,2S,,,1,1.0000000298023224,3,31,31,0.0
svm,bigram,full,6,unith,Nielsen,top_ten,trial,Nov_1_g0,286,2,1,S,2S,,,1,1.0000000298023224,3,32,32,0.0
svm,bigram,full,6,unith,Nielsen,top_ten,trial,Nov_1_g0,286,2,1,S,2S,,,1,1.0000000298023224,3,33,33,0.3333333432674408
svm,bigram,full,6,unith,Nielsen,top_ten,trial,Nov_1_g0,286,2,1,S,2S,,,1,1.0000000298023224,3,34,34,0.0
svm,bigram,full,6,unith,Nielsen,top_ten,trial,Nov_1_g0,286,2,1,S,2S,,,1,1.0000000298023224,3,35,35,0.0
svm,bigram,full,6,unith,Nielsen,top_ten,trial,Oct_21_g0,429,2,1,S,2S,,,1,1.0,4,0,0,0.0
svm,bigram,full,6,unith,Nielsen,top_ten,trial,Oct_21_g0,429,2,1,S,2S,,,1,1.0,4,1,1,0.0
svm,bigram,full,6,unith,Nielsen,top_ten,trial,Oct_21_g0,429,2,1,S,2S,,,1,1.0,4,2,2,0.0
svm,bigram,full,6,unith,Nielsen,top_ten,trial,Oct_21_g0,429,2,1,S,2S,,,1,1.0,4,3,3,0.0
svm,bigram,full,6,unith,Nielsen,top_ten,trial,Oct_21_g0,429,2,1,S,2S,,,1,1.0,4,4,4,0.0
svm,bigram,full,6,unith,Nielsen,top_ten,trial,Oct_21_g0,429,2,1,S,2S,,,1,1.0,4,5,5,0.0
svm,bigram,full,6,unith,Nielsen,top_ten,trial,Oct_21_g0,429,2,1,S,2S,,,1,1.0,4,6,6,0.0
svm,bigram,full,6,unith,Nielsen,top_ten,trial,Oct_21_g0,429,2,1,S,2S,,,1,1.0,4,7,7,0.0
svm,bigram,full,6,unith,Nielsen,top_ten,trial,Oct_21_g0,429,2,1,S,2S,,,1,1.0,4,8,8,0.25
svm,bigram,full,6,unith,Nielsen,top_ten,trial,Oct_21_g0,429,2,1,S,2S,,,1,1.0,4,9,9,0.0
svm,bigram,full,6,unith,Nielsen,top_ten,trial,Oct_21_g0,429,2,1,S,2S,,,1,1.0,4,10,10,0.0
svm,bigram,full,6,unith,Nielsen,top_ten,trial,Oct_21_g0,429,2,1,S,2S,,,1,1.0,4,11,11,0.25
svm,bigram,full,6,unith,Nielsen,top_ten,trial,Oct_21_g0,429,2,1,S,2S,,,1,1.0,4,12,12,0.0
svm,bigram,full,6,unith,Nielsen,top_ten,trial,Oct_21_g0,429,2,1,S,2S,,,1,1.0,4,13,13,0.25
svm,bigram,full,6,unith,Nielsen,top_ten,trial,Oct_21_g0,429,2,1,S,2S,,,1,1.0,4,14,14,0.0
svm,bigram,full,6,unith,Nielsen,top_ten,trial,Oct_21_g0,429,2,1,S,2S,,,1,1.0,4,15,15,0.0
svm,bigram,full,6,unith,Nielsen,top_ten,trial,Oct_21_g0,429,2,1,S,2S,,,1,1.0,4,16,16,0.0
svm,bigram,full,6,unith,Nielsen,top_ten,trial,Oct_21_g0,429,2,1,S,2S,,,1,1.0,4,17,17,0.0
svm,bigram,full,6,unith,Nielsen,top_ten,trial,Oct_21_g0,429,2,1,S,2S,,,1,1.0,4,18,18,0.0
svm,bigram,full,6,unith,Nielsen,top_ten,trial,Oct_21_g0,429,2,1,S,2S,,,1,1.0,4,19,19,0.0
svm,bigram,full,6,unith,Nielsen,top_ten,trial,Oct_21_g0,429,2,1,S,2S,,,1,1.0,4,20,20,0.0
svm,bigram,full,6,unith,Nielsen,top_ten,trial,Oct_21_g0,429,2,1,S,2S,,,1,1.0,4,21,21,0.0
svm,bigram,full,6,unith,Nielsen,top_ten,trial,Oct_21_g0,429,2,1,S,2S,,,1,1.0,4,22,22,0.0
svm,bigram,full,6,unith,Nielsen,top_ten,trial,Oct_21_g0,429,2,1,S,2S,,,1,1.0,4,23,23,0.0
svm,bigram,full,6,unith,Nielsen,top_ten,trial,Oct_21_g0,429,2,1,S,2S,,,1,1.0,4,24,24,0.0
svm,bigram,full,6,unith,Nielsen,top_ten,trial,Oct_21_g0,429,2,1,S,2S,,,1,1.0,4,25,25,0.0
svm,bigram,full,6,unith,Nielsen,top_ten,trial,Oct_21_g0,429,2,1,S,2S,,,1,1.0,4,26,26,0.0
svm,bigram,full,6,unith,Nielsen,top_ten,trial,Oct_21_g0,429,2,1,S,2S,,,1,1.0,4,27,27,0.0
svm,bigram,full,6,unith,Nielsen,top_ten,trial,Oct_21_g0,429,2,1,S,2S,,,1,1.0,4,28,28,0.0
svm,bigram,full,6,unith,Nielsen,top_ten,trial,Oct_21_g0,429,2,1,S,2S,,,1,1.0,4,29,29,0.0
svm,bigram,full,6,unith,Nielsen,top_ten,trial,Oct_21_g0,429,2,1,S,2S,,,1,1.0,4,30,30,0.0
svm,bigram,full,6,unith,Nielsen,top_ten,trial,Oct_21_g0,429,2,1,S,2S,,,1,1.0,4,31,31,0.25
svm,bigram,full,6,unith,Nielsen,top_ten,trial,Oct_21_g0,429,2,1,S,2S,,,1,1.0,4,32,32,0.0
svm,bigram,full,6,unith,Nielsen,top_ten,trial,Oct_21_g0,429,2,1,S,2S,,,1,1.0,4,33,33,0.0
svm,bigram,full,6,unith,Nielsen,top_ten,trial,Oct_21_g0,429,2,1,S,2S,,,1,1.0,4,34,34,0.0
svm,bigram,full,6,unith,Nielsen,top_ten,trial,Oct_21_g0,429,2,1,S,2S,,,1,1.0,4,35,35,0.0
svm,bigram,full,6,unith,Nielsen,top_ten,trial,Nov_18_g0,211,3,0,H,3H,,,1,1.0,4,0,0,0.0
svm,bigram,full,6,unith,Nielsen,top_ten,trial,Nov_18_g0,211,3,0,H,3H,,,1,1.0,4,1,1,0.25
svm,bigram,full,6,unith,Nielsen,top_ten,trial,Nov_18_g0,211,3,0,H,3H,,,1,1.0,4,2,2,0.0
svm,bigram,full,6,unith,Nielsen,top_ten,trial,Nov_18_g0,211,3,0,H,3H,,,1,1.0,4,3,3,0.0
svm,bigram,full,6,unith,Nielsen,top_ten,trial,Nov_18_g0,211,3,0,H,3H,,,1,1.0,4,4,4,0.0
svm,bigram,full,6,unith,Nielsen,top_ten,trial,Nov_18_g0,211,3,0,H,3H,,,1,1.0,4,5,5,0.0
svm,bigram,full,6,unith,Nielsen,top_ten,trial,Nov_18_g0,211,3,0,H,3H,,,1,1.0,4,6,6,0.0
svm,bigram,full,6,unith,Nielsen,top_ten,trial,Nov_18_g0,211,3,0,H,3H,,,1,1.0,4,7,7,0.0
svm,bigram,full,6,unith,Nielsen,top_ten,trial,Nov_18_g0,211,3,0,H,3H,,,1,1.0,4,8,8,0.0
svm,bigram,full,6,unith,Nielsen,top_ten,trial,Nov_18_g0,211,3,0,H,3H,,,1,1.0,4,9,9,0.0
svm,bigram,full,6,unith,Nielsen,top_ten,trial,Nov_18_g0,211,3,0,H,3H,,,1,1.0,4,10,10,0.0
svm,bigram,full,6,unith,Nielsen,top_ten,trial,Nov_18_g0,211,3,0,H,3H,,,1,1.0,4,11,11,0.0
svm,bigram,full,6,unith,Nielsen,top_ten,trial,Nov_18_g0,211,3,0,H,3H,,,1,1.0,4,12,12,0.25
svm,bigram,full,6,unith,Nielsen,top_ten,trial,Nov_18_g0,211,3,0,H,3H,,,1,1.0,4,13,13,0.0
svm,bigram,full,6,unith,Nielsen,top_ten,trial,Nov_18_g0,211,3,0,H,3H,,,1,1.0,4,14,14,0.0
svm,bigram,full,6,unith,Nielsen,top_ten,trial,Nov_18_g0,211,3,0,H,3H,,,1,1.0,4,15,15,0.0
svm,bigram,full,6,unith,Nielsen,top_ten,trial,Nov_18_g0,211,3,0,H,3H,,,1,1.0,4,16,16,0.0
svm,bigram,full,6,unith,Nielsen,top_ten,trial,Nov_18_g0,211,3,0,H,3H,,,1,1.0,4,17,17,0.0
svm,bigram,full,6,unith,Nielsen,top_ten,trial,Nov_18_g0,211,3,0,H,3H,,,1,1.0,4,18,18,0.0
svm,bigram,full,6,unith,Nielsen,top_ten,trial,Nov_18_g0,211,3,0,H,3H,,,1,1.0,4,19,19,0.0
svm,bigram,full,6,unith,Nielsen,top_ten,trial,Nov_18_g0,211,3,0,H,3H,,,1,1.0,4,20,20,0.0
svm,bigram,full,6,unith,Nielsen,top_ten,trial,Nov_18_g0,211,3,0,H,3H,,,1,1.0,4,21,21,0.0
svm,bigram,full,6,unith,Nielsen,top_ten,trial,Nov_18_g0,211,3,0,H,3H,,,1,1.0,4,22,22,0.0
svm,bigram,full,6,unith,Nielsen,top_ten,trial,Nov_18_g0,211,3,0,H,3H,,,1,1.0,4,23,23,0.0
svm,bigram,full,6,unith,Nielsen,top_ten,trial,Nov_18_g0,211,3,0,H,3H,,,1,1.0,4,24,24,0.0
svm,bigram,full,6,unith,Nielsen,top_ten,trial,Nov_18_g0,211,3,0,H,3H,,,1,1.0,4,25,25,0.0
svm,bigram,full,6,unith,Nielsen,top_ten,trial,Nov_18_g0,211,3,0,H,3H,,,1,1.0,4,26,26,0.25
svm,bigram,full,6,unith,Nielsen,top_ten,trial,Nov_18_g0,211,3,0,H,3H,,,1,1.0,4,27,27,0.0
svm,bigram,full,6,unith,Nielsen,top_ten,trial,Nov_18_g0,211,3,0,H,3H,,,1,1.0,4,28,28,0.0
svm,bigram,full,6,unith,Nielsen,top_ten,trial,Nov_18_g0,211,3,0,H,3H,,,1,1.0,4,29,29,0.0
svm,bigram,full,6,unith,Nielsen,top_ten,trial,Nov_18_g0,211,3,0,H,3H,,,1,1.0,4,30,30,0.0
svm,bigram,full,6,unith,Nielsen,top_ten,trial,Nov_18_g0,211,3,0,H,3H,,,1,1.0,4,31,31,0.0
svm,bigram,full,6,unith,Nielsen,top_ten,trial,Nov_18_g0,211,3,0,H,3H,,,1,1.0,4,32,32,0.0
svm,bigram,full,6,unith,Nielsen,top_ten,trial,Nov_18_g0,211,3,0,H,3H,,,1,1.0,4,33,33,0.0
svm,bigram,full,6,unith,Nielsen,top_ten,trial,Nov_18_g0,211,3,0,H,3H,,,1,1.0,4,34,34,0.25
svm,bigram,full,6,unith,Nielsen,top_ten,trial,Nov_18_g0,211,3,0,H,3H,,,1,1.0,4,35,35,0.0
svm,bigram,full,6,unith,Nielsen,top_ten,trial,Oct_25_g0,339,3,0,H,3H,,,1,1.0,2,0,0,0.0
svm,bigram,full,6,unith,Nielsen,top_ten,trial,Oct_25_g0,339,3,0,H,3H,,,1,1.0,2,1,1,0.0
svm,bigram,full,6,unith,Nielsen,top_ten,trial,Oct_25_g0,339,3,0,H,3H,,,1,1.0,2,2,2,0.0
svm,bigram,full,6,unith,Nielsen,top_ten,trial,Oct_25_g0,339,3,0,H,3H,,,1,1.0,2,3,3,0.0
svm,bigram,full,6,unith,Nielsen,top_ten,trial,Oct_25_g0,339,3,0,H,3H,,,1,1.0,2,4,4,0.0
svm,bigram,full,6,unith,Nielsen,top_ten,trial,Oct_25_g0,339,3,0,H,3H,,,1,1.0,2,5,5,0.0
svm,bigram,full,6,unith,Nielsen,top_ten,trial,Oct_25_g0,339,3,0,H,3H,,,1,1.0,2,6,6,0.0
svm,bigram,full,6,unith,Nielsen,top_ten,trial,Oct_25_g0,339,3,0,H,3H,,,1,1.0,2,7,7,0.0
svm,bigram,full,6,unith,Nielsen,top_ten,trial,Oct_25_g0,339,3,0,H,3H,,,1,1.0,2,8,8,0.0
svm,bigram,full,6,unith,Nielsen,top_ten,trial,Oct_25_g0,339,3,0,H,3H,,,1,1.0,2,9,9,0.0
svm,bigram,full,6,unith,Nielsen,top_ten,trial,Oct_25_g0,339,3,0,H,3H,,,1,1.0,2,10,10,0.0
svm,bigram,full,6,unith,Nielsen,top_ten,trial,Oct_25_g0,339,3,0,H,3H,,,1,1.0,2,11,11,0.5
svm,bigram,full,6,unith,Nielsen,top_ten,trial,Oct_25_g0,339,3,0,H,3H,,,1,1.0,2,12,12,0.0
svm,bigram,full,6,unith,Nielsen,top_ten,trial,Oct_25_g0,339,3,0,H,3H,,,1,1.0,2,13,13,0.0
svm,bigram,full,6,unith,Nielsen,top_ten,trial,Oct_25_g0,339,3,0,H,3H,,,1,1.0,2,14,14,0.0
svm,bigram,full,6,unith,Nielsen,top_ten,trial,Oct_25_g0,339,3,0,H,3H,,,1,1.0,2,15,15,0.0
svm,bigram,full,6,unith,Nielsen,top_ten,trial,Oct_25_g0,339,3,0,H,3H,,,1,1.0,2,16,16,0.0
svm,bigram,full,6,unith,Nielsen,top_ten,trial,Oct_25_g0,339,3,0,H,3H,,,1,1.0,2,17,17,0.0
svm,bigram,full,6,unith,Nielsen,top_ten,trial,Oct_25_g0,339,3,0,H,3H,,,1,1.0,2,18,18,0.0
svm,bigram,full,6,unith,Nielsen,top_ten,trial,Oct_25_g0,339,3,0,H,3H,,,1,1.0,2,19,19,0.0
svm,bigram,full,6,unith,Nielsen,top_ten,trial,Oct_25_g0,339,3,0,H,3H,,,1,1.0,2,20,20,0.0
svm,bigram,full,6,unith,Nielsen,top_ten,trial,Oct_25_g0,339,3,0,H,3H,,,1,1.0,2,21,21,0.0
svm,bigram,full,6,unith,Nielsen,top_ten,trial,Oct_25_g0,339,3,0,H,3H,,,1,1.0,2,22,22,0.0
svm,bigram,full,6,unith,Nielsen,top_ten,trial,Oct_25_g0,339,3,0,H,3H,,,1,1.0,2,23,23,0.0
svm,bigram,full,6,unith,Nielsen,top_ten,trial,Oct_25_g0,339,3,0,H,3H,,,1,1.0,2,24,24,0.0
svm,bigram,full,6,unith,Nielsen,top_ten,trial,Oct_25_g0,339,3,0,H,3H,,,1,1.0,2,25,25,0.0
svm,bigram,full,6,unith,Nielsen,top_ten,trial,Oct_25_g0,339,3,0,H,3H,,,1,1.0,2,26,26,0.0
svm,bigram,full,6,unith,Nielsen,top_ten,trial,Oct_25_g0,339,3,0,H,3H,,,1,1.0,2,27,27,0.0
svm,bigram,full,6,unith,Nielsen,top_ten,trial,Oct_25_g0,339,3,0,H,3H,,,1,1.0,2,28,28,0.0
svm,bigram,full,6,unith,Nielsen,top_ten,trial,Oct_25_g0,339,3,0,H,3H,,,1,1.0,2,29,29,0.0
svm,bigram,full,6,unith,Nielsen,top_ten,trial,Oct_25_g0,339,3,0,H,3H,,,1,1.0,2,30,30,0.0
svm,bigram,full,6,unith,Nielsen,top_ten,trial,Oct_25_g0,339,3,0,H,3H,,,1,1.0,2,31,31,0.5
svm,bigram,full,6,unith,Nielsen,top_ten,trial,Oct_25_g0,339,3,0,H,3H,,,1,1.0,2,32,32,0.0
svm,bigram,full,6,unith,Nielsen,top_ten,trial,Oct_25_g0,339,3,0,H,3H,,,1,1.0,2,33,33,0.0
svm,bigram,full,6,unith,Nielsen,top_ten,trial,Oct_25_g0,339,3,0,H,3H,,,1,1.0,2,34,34,0.0
svm,bigram,full,6,unith,Nielsen,top_ten,trial,Oct_25_g0,339,3,0,H,3H,,,1,1.0,2,35,35,0.0
svm,bigram,full,6,unith,Nielsen,top_ten,trial,Nov_7_g0,247,3,0,H,3H,,,1,0.0,0,0,0,0.0
svm,bigram,full,6,unith,Nielsen,top_ten,trial,Nov_7_g0,247,3,0,H,3H,,,1,0.0,0,1,1,0.0
svm,bigram,full,6,unith,Nielsen,top_ten,trial,Nov_7_g0,247,3,0,H,3H,,,1,0.0,0,2,2,0.0
svm,bigram,full,6,unith,Nielsen,top_ten,trial,Nov_7_g0,247,3,0,H,3H,,,1,0.0,0,3,3,0.0
svm,bigram,full,6,unith,Nielsen,top_ten,trial,Nov_7_g0,247,3,0,H,3H,,,1,0.0,0,4,4,0.0
svm,bigram,full,6,unith,Nielsen,top_ten,trial,Nov_7_g0,247,3,0,H,3H,,,1,0.0,0,5,5,0.0
svm,bigram,full,6,unith,Nielsen,top_ten,trial,Nov_7_g0,247,3,0,H,3H,,,1,0.0,0,6,6,0.0
svm,bigram,full,6,unith,Nielsen,top_ten,trial,Nov_7_g0,247,3,0,H,3H,,,1,0.0,0,7,7,0.0
svm,bigram,full,6,unith,Nielsen,top_ten,trial,Nov_7_g0,247,3,0,H,3H,,,1,0.0,0,8,8,0.0
svm,bigram,full,6,unith,Nielsen,top_ten,trial,Nov_7_g0,247,3,0,H,3H,,,1,0.0,0,9,9,0.0
svm,bigram,full,6,unith,Nielsen,top_ten,trial,Nov_7_g0,247,3,0,H,3H,,,1,0.0,0,10,10,0.0
svm,bigram,full,6,unith,Nielsen,top_ten,trial,Nov_7_g0,247,3,0,H,3H,,,1,0.0,0,11,11,0.0
svm,bigram,full,6,unith,Nielsen,top_ten,trial,Nov_7_g0,247,3,0,H,3H,,,1,0.0,0,12,12,0.0
svm,bigram,full,6,unith,Nielsen,top_ten,trial,Nov_7_g0,247,3,0,H,3H,,,1,0.0,0,13,13,0.0
svm,bigram,full,6,unith,Nielsen,top_ten,trial,Nov_7_g0,247,3,0,H,3H,,,1,0.0,0,14,14,0.0
svm,bigram,full,6,unith,Nielsen,top_ten,trial,Nov_7_g0,247,3,0,H,3H,,,1,0.0,0,15,15,0.0
svm,bigram,full,6,unith,Nielsen,top_ten,trial,Nov_7_g0,247,3,0,H,3H,,,1,0.0,0,16,16,0.0
svm,bigram,full,6,unith,Nielsen,top_ten,trial,Nov_7_g0,247,3,0,H,3H,,,1,0.0,0,17,17,0.0
svm,bigram,full,6,unith,Nielsen,top_ten,trial,Nov_7_g0,247,3,0,H,3H,,,1,0.0,0,18,18,0.0
svm,bigram,full,6,unith,Nielsen,top_ten,trial,Nov_7_g0,247,3,0,H,3H,,,1,0.0,0,19,19,0.0
svm,bigram,full,6,unith,Nielsen,top_ten,trial,Nov_7_g0,247,3,0,H,3H,,,1,0.0,0,20,20,0.0
svm,bigram,full,6,unith,Nielsen,top_ten,trial,Nov_7_g0,247,3,0,H,3H,,,1,0.0,0,21,21,0.0
svm,bigram,full,6,unith,Nielsen,top_ten,trial,Nov_7_g0,247,3,0,H,3H,,,1,0.0,0,22,22,0.0
svm,bigram,full,6,unith,Nielsen,top_ten,trial,Nov_7_g0,247,3,0,H,3H,,,1,0.0,0,23,23,0.0
svm,bigram,full,6,unith,Nielsen,top_ten,trial,Nov_7_g0,247,3,0,H,3H,,,1,0.0,0,24,24,0.0
svm,bigram,full,6,unith,Nielsen,top_ten,trial,Nov_7_g0,247,3,0,H,3H,,,1,0.0,0,25,25,0.0
svm,bigram,full,6,unith,Nielsen,top_ten,trial,Nov_7_g0,247,3,0,H,3H,,,1,0.0,0,26,26,0.0
svm,bigram,full,6,unith,Nielsen,top_ten,trial,Nov_7_g0,247,3,0,H,3H,,,1,0.0,0,27,27,0.0
svm,bigram,full,6,unith,Nielsen,top_ten,trial,Nov_7_g0,247,3,0,H,3H,,,1,0.0,0,28,28,0.0
svm,bigram,full,6,unith,Nielsen,top_ten,trial,Nov_7_g0,247,3,0,H,3H,,,1,0.0,0,29,29,0.0
svm,bigram,full,6,unith,Nielsen,top_ten,trial,Nov_7_g0,247,3,0,H,3H,,,1,0.0,0,30,30,0.0
svm,bigram,full,6,unith,Nielsen,top_ten,trial,Nov_7_g0,247,3,0,H,3H,,,1,0.0,0,31,31,0.0
svm,bigram,full,6,unith,Nielsen,top_ten,trial,Nov_7_g0,247,3,0,H,3H,,,1,0.0,0,32,32,0.0
svm,bigram,full,6,unith,Nielsen,top_ten,trial,Nov_7_g0,247,3,0,H,3H,,,1,0.0,0,33,33,0.0
svm,bigram,full,6,unith,Nielsen,top_ten,trial,Nov_7_g0,247,3,0,H,3H,,,1,0.0,0,34,34,0.0
svm,bigram,full,6,unith,Nielsen,top_ten,trial,Nov_7_g0,247,3,0,H,3H,,,1,0.0,0,35,35,0.0
svm,bigram,full,6,unith,Nielsen,top_ten,trial,Oct_21_g0,239,3,1,S,3S,,,1,1.0000000298023224,3,0,0,0.0
svm,bigram,full,6,unith,Nielsen,top_ten,trial,Oct_21_g0,239,3,1,S,3S,,,1,1.0000000298023224,3,1,1,0.0
svm,bigram,full,6,unith,Nielsen,top_ten,trial,Oct_21_g0,239,3,1,S,3S,,,1,1.0000000298023224,3,2,2,0.0
svm,bigram,full,6,unith,Nielsen,top_ten,trial,Oct_21_g0,239,3,1,S,3S,,,1,1.0000000298023224,3,3,3,0.0
svm,bigram,full,6,unith,Nielsen,top_ten,trial,Oct_21_g0,239,3,1,S,3S,,,1,1.0000000298023224,3,4,4,0.0
svm,bigram,full,6,unith,Nielsen,top_ten,trial,Oct_21_g0,239,3,1,S,3S,,,1,1.0000000298023224,3,5,5,0.0
svm,bigram,full,6,unith,Nielsen,top_ten,trial,Oct_21_g0,239,3,1,S,3S,,,1,1.0000000298023224,3,6,6,0.0
svm,bigram,full,6,unith,Nielsen,top_ten,trial,Oct_21_g0,239,3,1,S,3S,,,1,1.0000000298023224,3,7,7,0.0
svm,bigram,full,6,unith,Nielsen,top_ten,trial,Oct_21_g0,239,3,1,S,3S,,,1,1.0000000298023224,3,8,8,0.0
svm,bigram,full,6,unith,Nielsen,top_ten,trial,Oct_21_g0,239,3,1,S,3S,,,1,1.0000000298023224,3,9,9,0.0
svm,bigram,full,6,unith,Nielsen,top_ten,trial,Oct_21_g0,239,3,1,S,3S,,,1,1.0000000298023224,3,10,10,0.0
svm,bigram,full,6,unith,Nielsen,top_ten,trial,Oct_21_g0,239,3,1,S,3S,,,1,1.0000000298023224,3,11,11,0.3333333432674408
svm,bigram,full,6,unith,Nielsen,top_ten,trial,Oct_21_g0,239,3,1,S,3S,,,1,1.0000000298023224,3,12,12,0.0
svm,bigram,full,6,unith,Nielsen,top_ten,trial,Oct_21_g0,239,3,1,S,3S,,,1,1.0000000298023224,3,13,13,0.3333333432674408
svm,bigram,full,6,unith,Nielsen,top_ten,trial,Oct_21_g0,239,3,1,S,3S,,,1,1.0000000298023224,3,14,14,0.0
svm,bigram,full,6,unith,Nielsen,top_ten,trial,Oct_21_g0,239,3,1,S,3S,,,1,1.0000000298023224,3,15,15,0.0
svm,bigram,full,6,unith,Nielsen,top_ten,trial,Oct_21_g0,239,3,1,S,3S,,,1,1.0000000298023224,3,16,16,0.0
svm,bigram,full,6,unith,Nielsen,top_ten,trial,Oct_21_g0,239,3,1,S,3S,,,1,1.0000000298023224,3,17,17,0.0
svm,bigram,full,6,unith,Nielsen,top_ten,trial,Oct_21_g0,239,3,1,S,3S,,,1,1.0000000298023224,3,18,18,0.0
svm,bigram,full,6,unith,Nielsen,top_ten,trial,Oct_21_g0,239,3,1,S,3S,,,1,1.0000000298023224,3,19,19,0.0
svm,bigram,full,6,unith,Nielsen,top_ten,trial,Oct_21_g0,239,3,1,S,3S,,,1,1.0000000298023224,3,20,20,0.0
svm,bigram,full,6,unith,Nielsen,top_ten,trial,Oct_21_g0,239,3,1,S,3S,,,1,1.0000000298023224,3,21,21,0.0
svm,bigram,full,6,unith,Nielsen,top_ten,trial,Oct_21_g0,239,3,1,S,3S,,,1,1.0000000298023224,3,22,22,0.0
svm,bigram,full,6,unith,Nielsen,top_ten,trial,Oct_21_g0,239,3,1,S,3S,,,1,1.0000000298023224,3,23,23,0.0
svm,bigram,full,6,unith,Nielsen,top_ten,trial,Oct_21_g0,239,3,1,S,3S,,,1,1.0000000298023224,3,24,24,0.0
svm,bigram,full,6,unith,Nielsen,top_ten,trial,Oct_21_g0,239,3,1,S,3S,,,1,1.0000000298023224,3,25,25,0.0
svm,bigram,full,6,unith,Nielsen,top_ten,trial,Oct_21_g0,239,3,1,S,3S,,,1,1.0000000298023224,3,26,26,0.0
svm,bigram,full,6,unith,Nielsen,top_ten,trial,Oct_21_g0,239,3,1,S,3S,,,1,1.0000000298023224,3,27,27,0.0
svm,bigram,full,6,unith,Nielsen,top_ten,trial,Oct_21_g0,239,3,1,S,3S,,,1,1.0000000298023224,3,28,28,0.0
svm,bigram,full,6,unith,Nielsen,top_ten,trial,Oct_21_g0,239,3,1,S,3S,,,1,1.0000000298023224,3,29,29,0.0
svm,bigram,full,6,unith,Nielsen,top_ten,trial,Oct_21_g0,239,3,1,S,3S,,,1,1.0000000298023224,3,30,30,0.0
svm,bigram,full,6,unith,Nielsen,top_ten,trial,Oct_21_g0,239,3,1,S,3S,,,1,1.0000000298023224,3,31,31,0.0
svm,bigram,full,6,unith,Nielsen,top_ten,trial,Oct_21_g0,239,3,1,S,3S,,,1,1.0000000298023224,3,32,32,0.3333333432674408
svm,bigram,full,6,unith,Nielsen,top_ten,trial,Oct_21_g0,239,3,1,S,3S,,,1,1.0000000298023224,3,33,33,0.0
svm,bigram,full,6,unith,Nielsen,top_ten,trial,Oct_21_g0,239,3,1,S,3S,,,1,1.0000000298023224,3,34,34,0.0
svm,bigram,full,6,unith,Nielsen,top_ten,trial,Oct_21_g0,239,3,1,S,3S,,,1,1.0000000298023224,3,35,35,0.0
svm,bigram,full,6,unith,Nielsen,top_ten,trial,Nov_4_g0,196,3,1,S,3S,,,1,0.0,0,0,0,0.0
svm,bigram,full,6,unith,Nielsen,top_ten,trial,Nov_4_g0,196,3,1,S,3S,,,1,0.0,0,1,1,0.0
svm,bigram,full,6,unith,Nielsen,top_ten,trial,Nov_4_g0,196,3,1,S,3S,,,1,0.0,0,2,2,0.0
svm,bigram,full,6,unith,Nielsen,top_ten,trial,Nov_4_g0,196,3,1,S,3S,,,1,0.0,0,3,3,0.0
svm,bigram,full,6,unith,Nielsen,top_ten,trial,Nov_4_g0,196,3,1,S,3S,,,1,0.0,0,4,4,0.0
svm,bigram,full,6,unith,Nielsen,top_ten,trial,Nov_4_g0,196,3,1,S,3S,,,1,0.0,0,5,5,0.0
svm,bigram,full,6,unith,Nielsen,top_ten,trial,Nov_4_g0,196,3,1,S,3S,,,1,0.0,0,6,6,0.0
svm,bigram,full,6,unith,Nielsen,top_ten,trial,Nov_4_g0,196,3,1,S,3S,,,1,0.0,0,7,7,0.0
svm,bigram,full,6,unith,Nielsen,top_ten,trial,Nov_4_g0,196,3,1,S,3S,,,1,0.0,0,8,8,0.0
svm,bigram,full,6,unith,Nielsen,top_ten,trial,Nov_4_g0,196,3,1,S,3S,,,1,0.0,0,9,9,0.0
svm,bigram,full,6,unith,Nielsen,top_ten,trial,Nov_4_g0,196,3,1,S,3S,,,1,0.0,0,10,10,0.0
svm,bigram,full,6,unith,Nielsen,top_ten,trial,Nov_4_g0,196,3,1,S,3S,,,1,0.0,0,11,11,0.0
svm,bigram,full,6,unith,Nielsen,top_ten,trial,Nov_4_g0,196,3,1,S,3S,,,1,0.0,0,12,12,0.0
svm,bigram,full,6,unith,Nielsen,top_ten,trial,Nov_4_g0,196,3,1,S,3S,,,1,0.0,0,13,13,0.0
svm,bigram,full,6,unith,Nielsen,top_ten,trial,Nov_4_g0,196,3,1,S,3S,,,1,0.0,0,14,14,0.0
svm,bigram,full,6,unith,Nielsen,top_ten,trial,Nov_4_g0,196,3,1,S,3S,,,1,0.0,0,15,15,0.0
svm,bigram,full,6,unith,Nielsen,top_ten,trial,Nov_4_g0,196,3,1,S,3S,,,1,0.0,0,16,16,0.0
svm,bigram,full,6,unith,Nielsen,top_ten,trial,Nov_4_g0,196,3,1,S,3S,,,1,0.0,0,17,17,0.0
svm,bigram,full,6,unith,Nielsen,top_ten,trial,Nov_4_g0,196,3,1,S,3S,,,1,0.0,0,18,18,0.0
svm,bigram,full,6,unith,Nielsen,top_ten,trial,Nov_4_g0,196,3,1,S,3S,,,1,0.0,0,19,19,0.0
svm,bigram,full,6,unith,Nielsen,top_ten,trial,Nov_4_g0,196,3,1,S,3S,,,1,0.0,0,20,20,0.0
svm,bigram,full,6,unith,Nielsen,top_ten,trial,Nov_4_g0,196,3,1,S,3S,,,1,0.0,0,21,21,0.0
svm,bigram,full,6,unith,Nielsen,top_ten,trial,Nov_4_g0,196,3,1,S,3S,,,1,0.0,0,22,22,0.0
svm,bigram,full,6,unith,Nielsen,top_ten,trial,Nov_4_g0,196,3,1,S,3S,,,1,0.0,0,23,23,0.0
svm,bigram,full,6,unith,Nielsen,top_ten,trial,Nov_4_g0,196,3,1,S,3S,,,1,0.0,0,24,24,0.0
svm,bigram,full,6,unith,Nielsen,top_ten,trial,Nov_4_g0,196,3,1,S,3S,,,1,0.0,0,25,25,0.0
svm,bigram,full,6,unith,Nielsen,top_ten,trial,Nov_4_g0,196,3,1,S,3S,,,1,0.0,0,26,26,0.0
svm,bigram,full,6,unith,Nielsen,top_ten,trial,Nov_4_g0,196,3,1,S,3S,,,1,0.0,0,27,27,0.0
svm,bigram,full,6,unith,Nielsen,top_ten,trial,Nov_4_g0,196,3,1,S,3S,,,1,0.0,0,28,28,0.0
svm,bigram,full,6,unith,Nielsen,top_ten,trial,Nov_4_g0,196,3,1,S,3S,,,1,0.0,0,29,29,0.0
svm,bigram,full,6,unith,Nielsen,top_ten,trial,Nov_4_g0,196,3,1,S,3S,,,1,0.0,0,30,30,0.0
svm,bigram,full,6,unith,Nielsen,top_ten,trial,Nov_4_g0,196,3,1,S,3S,,,1,0.0,0,31,31,0.0
svm,bigram,full,6,unith,Nielsen,top_ten,trial,Nov_4_g0,196,3,1,S,3S,,,1,0.0,0,32,32,0.0
svm,bigram,full,6,unith,Nielsen,top_ten,trial,Nov_4_g0,196,3,1,S,3S,,,1,0.0,0,33,33,0.0
svm,bigram,full,6,unith,Nielsen,top_ten,trial,Nov_4_g0,196,3,1,S,3S,,,1,0.0,0,34,34,0.0
svm,bigram,full,6,unith,Nielsen,top_ten,trial,Nov_4_g0,196,3,1,S,3S,,,1,0.0,0,35,35,0.0
svm,bigram,full,6,unith,Nielsen,top_ten,trial,Nov_1_g0,517,3,1,S,3S,,,1,1.0,1,0,0,0.0
svm,bigram,full,6,unith,Nielsen,top_ten,trial,Nov_1_g0,517,3,1,S,3S,,,1,1.0,1,1,1,0.0
svm,bigram,full,6,unith,Nielsen,top_ten,trial,Nov_1_g0,517,3,1,S,3S,,,1,1.0,1,2,2,0.0
svm,bigram,full,6,unith,Nielsen,top_ten,trial,Nov_1_g0,517,3,1,S,3S,,,1,1.0,1,3,3,0.0
svm,bigram,full,6,unith,Nielsen,top_ten,trial,Nov_1_g0,517,3,1,S,3S,,,1,1.0,1,4,4,0.0
svm,bigram,full,6,unith,Nielsen,top_ten,trial,Nov_1_g0,517,3,1,S,3S,,,1,1.0,1,5,5,0.0
svm,bigram,full,6,unith,Nielsen,top_ten,trial,Nov_1_g0,517,3,1,S,3S,,,1,1.0,1,6,6,0.0
svm,bigram,full,6,unith,Nielsen,top_ten,trial,Nov_1_g0,517,3,1,S,3S,,,1,1.0,1,7,7,0.0
svm,bigram,full,6,unith,Nielsen,top_ten,trial,Nov_1_g0,517,3,1,S,3S,,,1,1.0,1,8,8,0.0
svm,bigram,full,6,unith,Nielsen,top_ten,trial,Nov_1_g0,517,3,1,S,3S,,,1,1.0,1,9,9,0.0
svm,bigram,full,6,unith,Nielsen,top_ten,trial,Nov_1_g0,517,3,1,S,3S,,,1,1.0,1,10,10,0.0
svm,bigram,full,6,unith,Nielsen,top_ten,trial,Nov_1_g0,517,3,1,S,3S,,,1,1.0,1,11,11,0.0
svm,bigram,full,6,unith,Nielsen,top_ten,trial,Nov_1_g0,517,3,1,S,3S,,,1,1.0,1,12,12,0.0
svm,bigram,full,6,unith,Nielsen,top_ten,trial,Nov_1_g0,517,3,1,S,3S,,,1,1.0,1,13,13,0.0
svm,bigram,full,6,unith,Nielsen,top_ten,trial,Nov_1_g0,517,3,1,S,3S,,,1,1.0,1,14,14,0.0
svm,bigram,full,6,unith,Nielsen,top_ten,trial,Nov_1_g0,517,3,1,S,3S,,,1,1.0,1,15,15,0.0
svm,bigram,full,6,unith,Nielsen,top_ten,trial,Nov_1_g0,517,3,1,S,3S,,,1,1.0,1,16,16,0.0
svm,bigram,full,6,unith,Nielsen,top_ten,trial,Nov_1_g0,517,3,1,S,3S,,,1,1.0,1,17,17,0.0
svm,bigram,full,6,unith,Nielsen,top_ten,trial,Nov_1_g0,517,3,1,S,3S,,,1,1.0,1,18,18,0.0
svm,bigram,full,6,unith,Nielsen,top_ten,trial,Nov_1_g0,517,3,1,S,3S,,,1,1.0,1,19,19,1.0
svm,bigram,full,6,unith,Nielsen,top_ten,trial,Nov_1_g0,517,3,1,S,3S,,,1,1.0,1,20,20,0.0
svm,bigram,full,6,unith,Nielsen,top_ten,trial,Nov_1_g0,517,3,1,S,3S,,,1,1.0,1,21,21,0.0
svm,bigram,full,6,unith,Nielsen,top_ten,trial,Nov_1_g0,517,3,1,S,3S,,,1,1.0,1,22,22,0.0
svm,bigram,full,6,unith,Nielsen,top_ten,trial,Nov_1_g0,517,3,1,S,3S,,,1,1.0,1,23,23,0.0
svm,bigram,full,6,unith,Nielsen,top_ten,trial,Nov_1_g0,517,3,1,S,3S,,,1,1.0,1,24,24,0.0
svm,bigram,full,6,unith,Nielsen,top_ten,trial,Nov_1_g0,517,3,1,S,3S,,,1,1.0,1,25,25,0.0
svm,bigram,full,6,unith,Nielsen,top_ten,trial,Nov_1_g0,517,3,1,S,3S,,,1,1.0,1,26,26,0.0
svm,bigram,full,6,unith,Nielsen,top_ten,trial,Nov_1_g0,517,3,1,S,3S,,,1,1.0,1,27,27,0.0
svm,bigram,full,6,unith,Nielsen,top_ten,trial,Nov_1_g0,517,3,1,S,3S,,,1,1.0,1,28,28,0.0
svm,bigram,full,6,unith,Nielsen,top_ten,trial,Nov_1_g0,517,3,1,S,3S,,,1,1.0,1,29,29,0.0
svm,bigram,full,6,unith,Nielsen,top_ten,trial,Nov_1_g0,517,3,1,S,3S,,,1,1.0,1,30,30,0.0
svm,bigram,full,6,unith,Nielsen,top_ten,trial,Nov_1_g0,517,3,1,S,3S,,,1,1.0,1,31,31,0.0
svm,bigram,full,6,unith,Nielsen,top_ten,trial,Nov_1_g0,517,3,1,S,3S,,,1,1.0,1,32,32,0.0
svm,bigram,full,6,unith,Nielsen,top_ten,trial,Nov_1_g0,517,3,1,S,3S,,,1,1.0,1,33,33,0.0
svm,bigram,full,6,unith,Nielsen,top_ten,trial,Nov_1_g0,517,3,1,S,3S,,,1,1.0,1,34,34,0.0
svm,bigram,full,6,unith,Nielsen,top_ten,trial,Nov_1_g0,517,3,1,S,3S,,,1,1.0,1,35,35,0.0
svm,bigram,full,6,unith,Nielsen,top_ten,trial,Nov_18_g0,509,4,0,H,4H,,,1,1.0,2,0,0,0.0
svm,bigram,full,6,unith,Nielsen,top_ten,trial,Nov_18_g0,509,4,0,H,4H,,,1,1.0,2,1,1,0.5
svm,bigram,full,6,unith,Nielsen,top_ten,trial,Nov_18_g0,509,4,0,H,4H,,,1,1.0,2,2,2,0.0
svm,bigram,full,6,unith,Nielsen,top_ten,trial,Nov_18_g0,509,4,0,H,4H,,,1,1.0,2,3,3,0.0
svm,bigram,full,6,unith,Nielsen,top_ten,trial,Nov_18_g0,509,4,0,H,4H,,,1,1.0,2,4,4,0.0
svm,bigram,full,6,unith,Nielsen,top_ten,trial,Nov_18_g0,509,4,0,H,4H,,,1,1.0,2,5,5,0.0
svm,bigram,full,6,unith,Nielsen,top_ten,trial,Nov_18_g0,509,4,0,H,4H,,,1,1.0,2,6,6,0.5
svm,bigram,full,6,unith,Nielsen,top_ten,trial,Nov_18_g0,509,4,0,H,4H,,,1,1.0,2,7,7,0.0
svm,bigram,full,6,unith,Nielsen,top_ten,trial,Nov_18_g0,509,4,0,H,4H,,,1,1.0,2,8,8,0.0
svm,bigram,full,6,unith,Nielsen,top_ten,trial,Nov_18_g0,509,4,0,H,4H,,,1,1.0,2,9,9,0.0
svm,bigram,full,6,unith,Nielsen,top_ten,trial,Nov_18_g0,509,4,0,H,4H,,,1,1.0,2,10,10,0.0
svm,bigram,full,6,unith,Nielsen,top_ten,trial,Nov_18_g0,509,4,0,H,4H,,,1,1.0,2,11,11,0.0
svm,bigram,full,6,unith,Nielsen,top_ten,trial,Nov_18_g0,509,4,0,H,4H,,,1,1.0,2,12,12,0.0
svm,bigram,full,6,unith,Nielsen,top_ten,trial,Nov_18_g0,509,4,0,H,4H,,,1,1.0,2,13,13,0.0
svm,bigram,full,6,unith,Nielsen,top_ten,trial,Nov_18_g0,509,4,0,H,4H,,,1,1.0,2,14,14,0.0
svm,bigram,full,6,unith,Nielsen,top_ten,trial,Nov_18_g0,509,4,0,H,4H,,,1,1.0,2,15,15,0.0
svm,bigram,full,6,unith,Nielsen,top_ten,trial,Nov_18_g0,509,4,0,H,4H,,,1,1.0,2,16,16,0.0
svm,bigram,full,6,unith,Nielsen,top_ten,trial,Nov_18_g0,509,4,0,H,4H,,,1,1.0,2,17,17,0.0
svm,bigram,full,6,unith,Nielsen,top_ten,trial,Nov_18_g0,509,4,0,H,4H,,,1,1.0,2,18,18,0.0
svm,bigram,full,6,unith,Nielsen,top_ten,trial,Nov_18_g0,509,4,0,H,4H,,,1,1.0,2,19,19,0.0
svm,bigram,full,6,unith,Nielsen,top_ten,trial,Nov_18_g0,509,4,0,H,4H,,,1,1.0,2,20,20,0.0
svm,bigram,full,6,unith,Nielsen,top_ten,trial,Nov_18_g0,509,4,0,H,4H,,,1,1.0,2,21,21,0.0
svm,bigram,full,6,unith,Nielsen,top_ten,trial,Nov_18_g0,509,4,0,H,4H,,,1,1.0,2,22,22,0.0
svm,bigram,full,6,unith,Nielsen,top_ten,trial,Nov_18_g0,509,4,0,H,4H,,,1,1.0,2,23,23,0.0
svm,bigram,full,6,unith,Nielsen,top_ten,trial,Nov_18_g0,509,4,0,H,4H,,,1,1.0,2,24,24,0.0
svm,bigram,full,6,unith,Nielsen,top_ten,trial,Nov_18_g0,509,4,0,H,4H,,,1,1.0,2,25,25,0.0
svm,bigram,full,6,unith,Nielsen,top_ten,trial,Nov_18_g0,509,4,0,H,4H,,,1,1.0,2,26,26,0.0
svm,bigram,full,6,unith,Nielsen,top_ten,trial,Nov_18_g0,509,4,0,H,4H,,,1,1.0,2,27,27,0.0
svm,bigram,full,6,unith,Nielsen,top_ten,trial,Nov_18_g0,509,4,0,H,4H,,,1,1.0,2,28,28,0.0
svm,bigram,full,6,unith,Nielsen,top_ten,trial,Nov_18_g0,509,4,0,H,4H,,,1,1.0,2,29,29,0.0
svm,bigram,full,6,unith,Nielsen,top_ten,trial,Nov_18_g0,509,4,0,H,4H,,,1,1.0,2,30,30,0.0
svm,bigram,full,6,unith,Nielsen,top_ten,trial,Nov_18_g0,509,4,0,H,4H,,,1,1.0,2,31,31,0.0
svm,bigram,full,6,unith,Nielsen,top_ten,trial,Nov_18_g0,509,4,0,H,4H,,,1,1.0,2,32,32,0.0
svm,bigram,full,6,unith,Nielsen,top_ten,trial,Nov_18_g0,509,4,0,H,4H,,,1,1.0,2,33,33,0.0
svm,bigram,full,6,unith,Nielsen,top_ten,trial,Nov_18_g0,509,4,0,H,4H,,,1,1.0,2,34,34,0.0
svm,bigram,full,6,unith,Nielsen,top_ten,trial,Nov_18_g0,509,4,0,H,4H,,,1,1.0,2,35,35,0.0
svm,bigram,full,6,unith,Nielsen,top_ten,trial,Nov_6_g0,72,4,0,H,4H,,,1,1.0,2,0,0,0.0
svm,bigram,full,6,unith,Nielsen,top_ten,trial,Nov_6_g0,72,4,0,H,4H,,,1,1.0,2,1,1,0.0
svm,bigram,full,6,unith,Nielsen,top_ten,trial,Nov_6_g0,72,4,0,H,4H,,,1,1.0,2,2,2,0.0
svm,bigram,full,6,unith,Nielsen,top_ten,trial,Nov_6_g0,72,4,0,H,4H,,,1,1.0,2,3,3,0.0
svm,bigram,full,6,unith,Nielsen,top_ten,trial,Nov_6_g0,72,4,0,H,4H,,,1,1.0,2,4,4,0.0
svm,bigram,full,6,unith,Nielsen,top_ten,trial,Nov_6_g0,72,4,0,H,4H,,,1,1.0,2,5,5,0.0
svm,bigram,full,6,unith,Nielsen,top_ten,trial,Nov_6_g0,72,4,0,H,4H,,,1,1.0,2,6,6,0.0
svm,bigram,full,6,unith,Nielsen,top_ten,trial,Nov_6_g0,72,4,0,H,4H,,,1,1.0,2,7,7,0.0
svm,bigram,full,6,unith,Nielsen,top_ten,trial,Nov_6_g0,72,4,0,H,4H,,,1,1.0,2,8,8,0.0
svm,bigram,full,6,unith,Nielsen,top_ten,trial,Nov_6_g0,72,4,0,H,4H,,,1,1.0,2,9,9,0.0
svm,bigram,full,6,unith,Nielsen,top_ten,trial,Nov_6_g0,72,4,0,H,4H,,,1,1.0,2,10,10,0.0
svm,bigram,full,6,unith,Nielsen,top_ten,trial,Nov_6_g0,72,4,0,H,4H,,,1,1.0,2,11,11,0.5
svm,bigram,full,6,unith,Nielsen,top_ten,trial,Nov_6_g0,72,4,0,H,4H,,,1,1.0,2,12,12,0.0
svm,bigram,full,6,unith,Nielsen,top_ten,trial,Nov_6_g0,72,4,0,H,4H,,,1,1.0,2,13,13,0.0
svm,bigram,full,6,unith,Nielsen,top_ten,trial,Nov_6_g0,72,4,0,H,4H,,,1,1.0,2,14,14,0.0
svm,bigram,full,6,unith,Nielsen,top_ten,trial,Nov_6_g0,72,4,0,H,4H,,,1,1.0,2,15,15,0.0
svm,bigram,full,6,unith,Nielsen,top_ten,trial,Nov_6_g0,72,4,0,H,4H,,,1,1.0,2,16,16,0.0
svm,bigram,full,6,unith,Nielsen,top_ten,trial,Nov_6_g0,72,4,0,H,4H,,,1,1.0,2,17,17,0.0
svm,bigram,full,6,unith,Nielsen,top_ten,trial,Nov_6_g0,72,4,0,H,4H,,,1,1.0,2,18,18,0.0
svm,bigram,full,6,unith,Nielsen,top_ten,trial,Nov_6_g0,72,4,0,H,4H,,,1,1.0,2,19,19,0.0
svm,bigram,full,6,unith,Nielsen,top_ten,trial,Nov_6_g0,72,4,0,H,4H,,,1,1.0,2,20,20,0.0
svm,bigram,full,6,unith,Nielsen,top_ten,trial,Nov_6_g0,72,4,0,H,4H,,,1,1.0,2,21,21,0.0
svm,bigram,full,6,unith,Nielsen,top_ten,trial,Nov_6_g0,72,4,0,H,4H,,,1,1.0,2,22,22,0.0
svm,bigram,full,6,unith,Nielsen,top_ten,trial,Nov_6_g0,72,4,0,H,4H,,,1,1.0,2,23,23,0.0
svm,bigram,full,6,unith,Nielsen,top_ten,trial,Nov_6_g0,72,4,0,H,4H,,,1,1.0,2,24,24,0.0
svm,bigram,full,6,unith,Nielsen,top_ten,trial,Nov_6_g0,72,4,0,H,4H,,,1,1.0,2,25,25,0.0
svm,bigram,full,6,unith,Nielsen,top_ten,trial,Nov_6_g0,72,4,0,H,4H,,,1,1.0,2,26,26,0.0
svm,bigram,full,6,unith,Nielsen,top_ten,trial,Nov_6_g0,72,4,0,H,4H,,,1,1.0,2,27,27,0.0
svm,bigram,full,6,unith,Nielsen,top_ten,trial,Nov_6_g0,72,4,0,H,4H,,,1,1.0,2,28,28,0.0
svm,bigram,full,6,unith,Nielsen,top_ten,trial,Nov_6_g0,72,4,0,H,4H,,,1,1.0,2,29,29,0.0
svm,bigram,full,6,unith,Nielsen,top_ten,trial,Nov_6_g0,72,4,0,H,4H,,,1,1.0,2,30,30,0.0
svm,bigram,full,6,unith,Nielsen,top_ten,trial,Nov_6_g0,72,4,0,H,4H,,,1,1.0,2,31,31,0.5
svm,bigram,full,6,unith,Nielsen,top_ten,trial,Nov_6_g0,72,4,0,H,4H,,,1,1.0,2,32,32,0.0
svm,bigram,full,6,unith,Nielsen,top_ten,trial,Nov_6_g0,72,4,0,H,4H,,,1,1.0,2,33,33,0.0
svm,bigram,full,6,unith,Nielsen,top_ten,trial,Nov_6_g0,72,4,0,H,4H,,,1,1.0,2,34,34,0.0
svm,bigram,full,6,unith,Nielsen,top_ten,trial,Nov_6_g0,72,4,0,H,4H,,,1,1.0,2,35,35,0.0
svm,bigram,full,6,unith,Nielsen,top_ten,trial,Nov_1_g0,44,4,0,H,4H,,,1,0.0,0,0,0,0.0
svm,bigram,full,6,unith,Nielsen,top_ten,trial,Nov_1_g0,44,4,0,H,4H,,,1,0.0,0,1,1,0.0
svm,bigram,full,6,unith,Nielsen,top_ten,trial,Nov_1_g0,44,4,0,H,4H,,,1,0.0,0,2,2,0.0
svm,bigram,full,6,unith,Nielsen,top_ten,trial,Nov_1_g0,44,4,0,H,4H,,,1,0.0,0,3,3,0.0
svm,bigram,full,6,unith,Nielsen,top_ten,trial,Nov_1_g0,44,4,0,H,4H,,,1,0.0,0,4,4,0.0
svm,bigram,full,6,unith,Nielsen,top_ten,trial,Nov_1_g0,44,4,0,H,4H,,,1,0.0,0,5,5,0.0
svm,bigram,full,6,unith,Nielsen,top_ten,trial,Nov_1_g0,44,4,0,H,4H,,,1,0.0,0,6,6,0.0
svm,bigram,full,6,unith,Nielsen,top_ten,trial,Nov_1_g0,44,4,0,H,4H,,,1,0.0,0,7,7,0.0
svm,bigram,full,6,unith,Nielsen,top_ten,trial,Nov_1_g0,44,4,0,H,4H,,,1,0.0,0,8,8,0.0
svm,bigram,full,6,unith,Nielsen,top_ten,trial,Nov_1_g0,44,4,0,H,4H,,,1,0.0,0,9,9,0.0
svm,bigram,full,6,unith,Nielsen,top_ten,trial,Nov_1_g0,44,4,0,H,4H,,,1,0.0,0,10,10,0.0
svm,bigram,full,6,unith,Nielsen,top_ten,trial,Nov_1_g0,44,4,0,H,4H,,,1,0.0,0,11,11,0.0
svm,bigram,full,6,unith,Nielsen,top_ten,trial,Nov_1_g0,44,4,0,H,4H,,,1,0.0,0,12,12,0.0
svm,bigram,full,6,unith,Nielsen,top_ten,trial,Nov_1_g0,44,4,0,H,4H,,,1,0.0,0,13,13,0.0
svm,bigram,full,6,unith,Nielsen,top_ten,trial,Nov_1_g0,44,4,0,H,4H,,,1,0.0,0,14,14,0.0
svm,bigram,full,6,unith,Nielsen,top_ten,trial,Nov_1_g0,44,4,0,H,4H,,,1,0.0,0,15,15,0.0
svm,bigram,full,6,unith,Nielsen,top_ten,trial,Nov_1_g0,44,4,0,H,4H,,,1,0.0,0,16,16,0.0
svm,bigram,full,6,unith,Nielsen,top_ten,trial,Nov_1_g0,44,4,0,H,4H,,,1,0.0,0,17,17,0.0
svm,bigram,full,6,unith,Nielsen,top_ten,trial,Nov_1_g0,44,4,0,H,4H,,,1,0.0,0,18,18,0.0
svm,bigram,full,6,unith,Nielsen,top_ten,trial,Nov_1_g0,44,4,0,H,4H,,,1,0.0,0,19,19,0.0
svm,bigram,full,6,unith,Nielsen,top_ten,trial,Nov_1_g0,44,4,0,H,4H,,,1,0.0,0,20,20,0.0
svm,bigram,full,6,unith,Nielsen,top_ten,trial,Nov_1_g0,44,4,0,H,4H,,,1,0.0,0,21,21,0.0
svm,bigram,full,6,unith,Nielsen,top_ten,trial,Nov_1_g0,44,4,0,H,4H,,,1,0.0,0,22,22,0.0
svm,bigram,full,6,unith,Nielsen,top_ten,trial,Nov_1_g0,44,4,0,H,4H,,,1,0.0,0,23,23,0.0
svm,bigram,full,6,unith,Nielsen,top_ten,trial,Nov_1_g0,44,4,0,H,4H,,,1,0.0,0,24,24,0.0
svm,bigram,full,6,unith,Nielsen,top_ten,trial,Nov_1_g0,44,4,0,H,4H,,,1,0.0,0,25,25,0.0
svm,bigram,full,6,unith,Nielsen,top_ten,trial,Nov_1_g0,44,4,0,H,4H,,,1,0.0,0,26,26,0.0
svm,bigram,full,6,unith,Nielsen,top_ten,trial,Nov_1_g0,44,4,0,H,4H,,,1,0.0,0,27,27,0.0
svm,bigram,full,6,unith,Nielsen,top_ten,trial,Nov_1_g0,44,4,0,H,4H,,,1,0.0,0,28,28,0.0
svm,bigram,full,6,unith,Nielsen,top_ten,trial,Nov_1_g0,44,4,0,H,4H,,,1,0.0,0,29,29,0.0
svm,bigram,full,6,unith,Nielsen,top_ten,trial,Nov_1_g0,44,4,0,H,4H,,,1,0.0,0,30,30,0.0
svm,bigram,full,6,unith,Nielsen,top_ten,trial,Nov_1_g0,44,4,0,H,4H,,,1,0.0,0,31,31,0.0
svm,bigram,full,6,unith,Nielsen,top_ten,trial,Nov_1_g0,44,4,0,H,4H,,,1,0.0,0,32,32,0.0
svm,bigram,full,6,unith,Nielsen,top_ten,trial,Nov_1_g0,44,4,0,H,4H,,,1,0.0,0,33,33,0.0
svm,bigram,full,6,unith,Nielsen,top_ten,trial,Nov_1_g0,44,4,0,H,4H,,,1,0.0,0,34,34,0.0
svm,bigram,full,6,unith,Nielsen,top_ten,trial,Nov_1_g0,44,4,0,H,4H,,,1,0.0,0,35,35,0.0
svm,bigram,full,6,unith,Nielsen,top_ten,trial,Nov_18_g0,474,4,1,S,4S,,,1,1.0,2,0,0,0.0
svm,bigram,full,6,unith,Nielsen,top_ten,trial,Nov_18_g0,474,4,1,S,4S,,,1,1.0,2,1,1,0.0
svm,bigram,full,6,unith,Nielsen,top_ten,trial,Nov_18_g0,474,4,1,S,4S,,,1,1.0,2,2,2,0.0
svm,bigram,full,6,unith,Nielsen,top_ten,trial,Nov_18_g0,474,4,1,S,4S,,,1,1.0,2,3,3,0.0
svm,bigram,full,6,unith,Nielsen,top_ten,trial,Nov_18_g0,474,4,1,S,4S,,,1,1.0,2,4,4,0.0
svm,bigram,full,6,unith,Nielsen,top_ten,trial,Nov_18_g0,474,4,1,S,4S,,,1,1.0,2,5,5,0.0
svm,bigram,full,6,unith,Nielsen,top_ten,trial,Nov_18_g0,474,4,1,S,4S,,,1,1.0,2,6,6,0.0
svm,bigram,full,6,unith,Nielsen,top_ten,trial,Nov_18_g0,474,4,1,S,4S,,,1,1.0,2,7,7,0.0
svm,bigram,full,6,unith,Nielsen,top_ten,trial,Nov_18_g0,474,4,1,S,4S,,,1,1.0,2,8,8,0.0
svm,bigram,full,6,unith,Nielsen,top_ten,trial,Nov_18_g0,474,4,1,S,4S,,,1,1.0,2,9,9,0.5
svm,bigram,full,6,unith,Nielsen,top_ten,trial,Nov_18_g0,474,4,1,S,4S,,,1,1.0,2,10,10,0.0
svm,bigram,full,6,unith,Nielsen,top_ten,trial,Nov_18_g0,474,4,1,S,4S,,,1,1.0,2,11,11,0.0
svm,bigram,full,6,unith,Nielsen,top_ten,trial,Nov_18_g0,474,4,1,S,4S,,,1,1.0,2,12,12,0.0
svm,bigram,full,6,unith,Nielsen,top_ten,trial,Nov_18_g0,474,4,1,S,4S,,,1,1.0,2,13,13,0.0
svm,bigram,full,6,unith,Nielsen,top_ten,trial,Nov_18_g0,474,4,1,S,4S,,,1,1.0,2,14,14,0.0
svm,bigram,full,6,unith,Nielsen,top_ten,trial,Nov_18_g0,474,4,1,S,4S,,,1,1.0,2,15,15,0.0
svm,bigram,full,6,unith,Nielsen,top_ten,trial,Nov_18_g0,474,4,1,S,4S,,,1,1.0,2,16,16,0.0
svm,bigram,full,6,unith,Nielsen,top_ten,trial,Nov_18_g0,474,4,1,S,4S,,,1,1.0,2,17,17,0.0
svm,bigram,full,6,unith,Nielsen,top_ten,trial,Nov_18_g0,474,4,1,S,4S,,,1,1.0,2,18,18,0.0
svm,bigram,full,6,unith,Nielsen,top_ten,trial,Nov_18_g0,474,4,1,S,4S,,,1,1.0,2,19,19,0.5
svm,bigram,full,6,unith,Nielsen,top_ten,trial,Nov_18_g0,474,4,1,S,4S,,,1,1.0,2,20,20,0.0
svm,bigram,full,6,unith,Nielsen,top_ten,trial,Nov_18_g0,474,4,1,S,4S,,,1,1.0,2,21,21,0.0
svm,bigram,full,6,unith,Nielsen,top_ten,trial,Nov_18_g0,474,4,1,S,4S,,,1,1.0,2,22,22,0.0
svm,bigram,full,6,unith,Nielsen,top_ten,trial,Nov_18_g0,474,4,1,S,4S,,,1,1.0,2,23,23,0.0
svm,bigram,full,6,unith,Nielsen,top_ten,trial,Nov_18_g0,474,4,1,S,4S,,,1,1.0,2,24,24,0.0
svm,bigram,full,6,unith,Nielsen,top_ten,trial,Nov_18_g0,474,4,1,S,4S,,,1,1.0,2,25,25,0.0
svm,bigram,full,6,unith,Nielsen,top_ten,trial,Nov_18_g0,474,4,1,S,4S,,,1,1.0,2,26,26,0.0
svm,bigram,full,6,unith,Nielsen,top_ten,trial,Nov_18_g0,474,4,1,S,4S,,,1,1.0,2,27,27,0.0
svm,bigram,full,6,unith,Nielsen,top_ten,trial,Nov_18_g0,474,4,1,S,4S,,,1,1.0,2,28,28,0.0
svm,bigram,full,6,unith,Nielsen,top_ten,trial,Nov_18_g0,474,4,1,S,4S,,,1,1.0,2,29,29,0.0
svm,bigram,full,6,unith,Nielsen,top_ten,trial,Nov_18_g0,474,4,1,S,4S,,,1,1.0,2,30,30,0.0
svm,bigram,full,6,unith,Nielsen,top_ten,trial,Nov_18_g0,474,4,1,S,4S,,,1,1.0,2,31,31,0.0
svm,bigram,full,6,unith,Nielsen,top_ten,trial,Nov_18_g0,474,4,1,S,4S,,,1,1.0,2,32,32,0.0
svm,bigram,full,6,unith,Nielsen,top_ten,trial,Nov_18_g0,474,4,1,S,4S,,,1,1.0,2,33,33,0.0
svm,bigram,full,6,unith,Nielsen,top_ten,trial,Nov_18_g0,474,4,1,S,4S,,,1,1.0,2,34,34,0.0
svm,bigram,full,6,unith,Nielsen,top_ten,trial,Nov_18_g0,474,4,1,S,4S,,,1,1.0,2,35,35,0.0
svm,bigram,full,6,unith,Nielsen,top_ten,trial,Nov_4_g0,321,4,1,S,4S,,,1,0.0,0,0,0,0.0
svm,bigram,full,6,unith,Nielsen,top_ten,trial,Nov_4_g0,321,4,1,S,4S,,,1,0.0,0,1,1,0.0
svm,bigram,full,6,unith,Nielsen,top_ten,trial,Nov_4_g0,321,4,1,S,4S,,,1,0.0,0,2,2,0.0
svm,bigram,full,6,unith,Nielsen,top_ten,trial,Nov_4_g0,321,4,1,S,4S,,,1,0.0,0,3,3,0.0
svm,bigram,full,6,unith,Nielsen,top_ten,trial,Nov_4_g0,321,4,1,S,4S,,,1,0.0,0,4,4,0.0
svm,bigram,full,6,unith,Nielsen,top_ten,trial,Nov_4_g0,321,4,1,S,4S,,,1,0.0,0,5,5,0.0
svm,bigram,full,6,unith,Nielsen,top_ten,trial,Nov_4_g0,321,4,1,S,4S,,,1,0.0,0,6,6,0.0
svm,bigram,full,6,unith,Nielsen,top_ten,trial,Nov_4_g0,321,4,1,S,4S,,,1,0.0,0,7,7,0.0
svm,bigram,full,6,unith,Nielsen,top_ten,trial,Nov_4_g0,321,4,1,S,4S,,,1,0.0,0,8,8,0.0
svm,bigram,full,6,unith,Nielsen,top_ten,trial,Nov_4_g0,321,4,1,S,4S,,,1,0.0,0,9,9,0.0
svm,bigram,full,6,unith,Nielsen,top_ten,trial,Nov_4_g0,321,4,1,S,4S,,,1,0.0,0,10,10,0.0
svm,bigram,full,6,unith,Nielsen,top_ten,trial,Nov_4_g0,321,4,1,S,4S,,,1,0.0,0,11,11,0.0
svm,bigram,full,6,unith,Nielsen,top_ten,trial,Nov_4_g0,321,4,1,S,4S,,,1,0.0,0,12,12,0.0
svm,bigram,full,6,unith,Nielsen,top_ten,trial,Nov_4_g0,321,4,1,S,4S,,,1,0.0,0,13,13,0.0
svm,bigram,full,6,unith,Nielsen,top_ten,trial,Nov_4_g0,321,4,1,S,4S,,,1,0.0,0,14,14,0.0
svm,bigram,full,6,unith,Nielsen,top_ten,trial,Nov_4_g0,321,4,1,S,4S,,,1,0.0,0,15,15,0.0
svm,bigram,full,6,unith,Nielsen,top_ten,trial,Nov_4_g0,321,4,1,S,4S,,,1,0.0,0,16,16,0.0
svm,bigram,full,6,unith,Nielsen,top_ten,trial,Nov_4_g0,321,4,1,S,4S,,,1,0.0,0,17,17,0.0
svm,bigram,full,6,unith,Nielsen,top_ten,trial,Nov_4_g0,321,4,1,S,4S,,,1,0.0,0,18,18,0.0
svm,bigram,full,6,unith,Nielsen,top_ten,trial,Nov_4_g0,321,4,1,S,4S,,,1,0.0,0,19,19,0.0
svm,bigram,full,6,unith,Nielsen,top_ten,trial,Nov_4_g0,321,4,1,S,4S,,,1,0.0,0,20,20,0.0
svm,bigram,full,6,unith,Nielsen,top_ten,trial,Nov_4_g0,321,4,1,S,4S,,,1,0.0,0,21,21,0.0
svm,bigram,full,6,unith,Nielsen,top_ten,trial,Nov_4_g0,321,4,1,S,4S,,,1,0.0,0,22,22,0.0
svm,bigram,full,6,unith,Nielsen,top_ten,trial,Nov_4_g0,321,4,1,S,4S,,,1,0.0,0,23,23,0.0
svm,bigram,full,6,unith,Nielsen,top_ten,trial,Nov_4_g0,321,4,1,S,4S,,,1,0.0,0,24,24,0.0
svm,bigram,full,6,unith,Nielsen,top_ten,trial,Nov_4_g0,321,4,1,S,4S,,,1,0.0,0,25,25,0.0
svm,bigram,full,6,unith,Nielsen,top_ten,trial,Nov_4_g0,321,4,1,S,4S,,,1,0.0,0,26,26,0.0
svm,bigram,full,6,unith,Nielsen,top_ten,trial,Nov_4_g0,321,4,1,S,4S,,,1,0.0,0,27,27,0.0
svm,bigram,full,6,unith,Nielsen,top_ten,trial,Nov_4_g0,321,4,1,S,4S,,,1,0.0,0,28,28,0.0
svm,bigram,full,6,unith,Nielsen,top_ten,trial,Nov_4_g0,321,4,1,S,4S,,,1,0.0,0,29,29,0.0
svm,bigram,full,6,unith,Nielsen,top_ten,trial,Nov_4_g0,321,4,1,S,4S,,,1,0.0,0,30,30,0.0
svm,bigram,full,6,unith,Nielsen,top_ten,trial,Nov_4_g0,321,4,1,S,4S,,,1,0.0,0,31,31,0.0
svm,bigram,full,6,unith,Nielsen,top_ten,trial,Nov_4_g0,321,4,1,S,4S,,,1,0.0,0,32,32,0.0
svm,bigram,full,6,unith,Nielsen,top_ten,trial,Nov_4_g0,321,4,1,S,4S,,,1,0.0,0,33,33,0.0
svm,bigram,full,6,unith,Nielsen,top_ten,trial,Nov_4_g0,321,4,1,S,4S,,,1,0.0,0,34,34,0.0
svm,bigram,full,6,unith,Nielsen,top_ten,trial,Nov_4_g0,321,4,1,S,4S,,,1,0.0,0,35,35,0.0
svm,bigram,full,6,unith,Nielsen,top_ten,trial,Nov_6_g0,195,4,1,S,4S,,,1,0.0,0,0,0,0.0
svm,bigram,full,6,unith,Nielsen,top_ten,trial,Nov_6_g0,195,4,1,S,4S,,,1,0.0,0,1,1,0.0
svm,bigram,full,6,unith,Nielsen,top_ten,trial,Nov_6_g0,195,4,1,S,4S,,,1,0.0,0,2,2,0.0
svm,bigram,full,6,unith,Nielsen,top_ten,trial,Nov_6_g0,195,4,1,S,4S,,,1,0.0,0,3,3,0.0
svm,bigram,full,6,unith,Nielsen,top_ten,trial,Nov_6_g0,195,4,1,S,4S,,,1,0.0,0,4,4,0.0
svm,bigram,full,6,unith,Nielsen,top_ten,trial,Nov_6_g0,195,4,1,S,4S,,,1,0.0,0,5,5,0.0
svm,bigram,full,6,unith,Nielsen,top_ten,trial,Nov_6_g0,195,4,1,S,4S,,,1,0.0,0,6,6,0.0
svm,bigram,full,6,unith,Nielsen,top_ten,trial,Nov_6_g0,195,4,1,S,4S,,,1,0.0,0,7,7,0.0
svm,bigram,full,6,unith,Nielsen,top_ten,trial,Nov_6_g0,195,4,1,S,4S,,,1,0.0,0,8,8,0.0
svm,bigram,full,6,unith,Nielsen,top_ten,trial,Nov_6_g0,195,4,1,S,4S,,,1,0.0,0,9,9,0.0
svm,bigram,full,6,unith,Nielsen,top_ten,trial,Nov_6_g0,195,4,1,S,4S,,,1,0.0,0,10,10,0.0
svm,bigram,full,6,unith,Nielsen,top_ten,trial,Nov_6_g0,195,4,1,S,4S,,,1,0.0,0,11,11,0.0
svm,bigram,full,6,unith,Nielsen,top_ten,trial,Nov_6_g0,195,4,1,S,4S,,,1,0.0,0,12,12,0.0
svm,bigram,full,6,unith,Nielsen,top_ten,trial,Nov_6_g0,195,4,1,S,4S,,,1,0.0,0,13,13,0.0
svm,bigram,full,6,unith,Nielsen,top_ten,trial,Nov_6_g0,195,4,1,S,4S,,,1,0.0,0,14,14,0.0
svm,bigram,full,6,unith,Nielsen,top_ten,trial,Nov_6_g0,195,4,1,S,4S,,,1,0.0,0,15,15,0.0
svm,bigram,full,6,unith,Nielsen,top_ten,trial,Nov_6_g0,195,4,1,S,4S,,,1,0.0,0,16,16,0.0
svm,bigram,full,6,unith,Nielsen,top_ten,trial,Nov_6_g0,195,4,1,S,4S,,,1,0.0,0,17,17,0.0
svm,bigram,full,6,unith,Nielsen,top_ten,trial,Nov_6_g0,195,4,1,S,4S,,,1,0.0,0,18,18,0.0
svm,bigram,full,6,unith,Nielsen,top_ten,trial,Nov_6_g0,195,4,1,S,4S,,,1,0.0,0,19,19,0.0
svm,bigram,full,6,unith,Nielsen,top_ten,trial,Nov_6_g0,195,4,1,S,4S,,,1,0.0,0,20,20,0.0
svm,bigram,full,6,unith,Nielsen,top_ten,trial,Nov_6_g0,195,4,1,S,4S,,,1,0.0,0,21,21,0.0
svm,bigram,full,6,unith,Nielsen,top_ten,trial,Nov_6_g0,195,4,1,S,4S,,,1,0.0,0,22,22,0.0
svm,bigram,full,6,unith,Nielsen,top_ten,trial,Nov_6_g0,195,4,1,S,4S,,,1,0.0,0,23,23,0.0
svm,bigram,full,6,unith,Nielsen,top_ten,trial,Nov_6_g0,195,4,1,S,4S,,,1,0.0,0,24,24,0.0
svm,bigram,full,6,unith,Nielsen,top_ten,trial,Nov_6_g0,195,4,1,S,4S,,,1,0.0,0,25,25,0.0
svm,bigram,full,6,unith,Nielsen,top_ten,trial,Nov_6_g0,195,4,1,S,4S,,,1,0.0,0,26,26,0.0
svm,bigram,full,6,unith,Nielsen,top_ten,trial,Nov_6_g0,195,4,1,S,4S,,,1,0.0,0,27,27,0.0
svm,bigram,full,6,unith,Nielsen,top_ten,trial,Nov_6_g0,195,4,1,S,4S,,,1,0.0,0,28,28,0.0
svm,bigram,full,6,unith,Nielsen,top_ten,trial,Nov_6_g0,195,4,1,S,4S,,,1,0.0,0,29,29,0.0
svm,bigram,full,6,unith,Nielsen,top_ten,trial,Nov_6_g0,195,4,1,S,4S,,,1,0.0,0,30,30,0.0
svm,bigram,full,6,unith,Nielsen,top_ten,trial,Nov_6_g0,195,4,1,S,4S,,,1,0.0,0,31,31,0.0
svm,bigram,full,6,unith,Nielsen,top_ten,trial,Nov_6_g0,195,4,1,S,4S,,,1,0.0,0,32,32,0.0
svm,bigram,full,6,unith,Nielsen,top_ten,trial,Nov_6_g0,195,4,1,S,4S,,,1,0.0,0,33,33,0.0
svm,bigram,full,6,unith,Nielsen,top_ten,trial,Nov_6_g0,195,4,1,S,4S,,,1,0.0,0,34,34,0.0
svm,bigram,full,6,unith,Nielsen,top_ten,trial,Nov_6_g0,195,4,1,S,4S,,,1,0.0,0,35,35,0.0
svm,bigram,full,6,unith,Nielsen,top_ten,trial,Nov_4_g0,171,5,0,H,5H,,,1,0.0,0,0,0,0.0
svm,bigram,full,6,unith,Nielsen,top_ten,trial,Nov_4_g0,171,5,0,H,5H,,,1,0.0,0,1,1,0.0
svm,bigram,full,6,unith,Nielsen,top_ten,trial,Nov_4_g0,171,5,0,H,5H,,,1,0.0,0,2,2,0.0
svm,bigram,full,6,unith,Nielsen,top_ten,trial,Nov_4_g0,171,5,0,H,5H,,,1,0.0,0,3,3,0.0
svm,bigram,full,6,unith,Nielsen,top_ten,trial,Nov_4_g0,171,5,0,H,5H,,,1,0.0,0,4,4,0.0
svm,bigram,full,6,unith,Nielsen,top_ten,trial,Nov_4_g0,171,5,0,H,5H,,,1,0.0,0,5,5,0.0
svm,bigram,full,6,unith,Nielsen,top_ten,trial,Nov_4_g0,171,5,0,H,5H,,,1,0.0,0,6,6,0.0
svm,bigram,full,6,unith,Nielsen,top_ten,trial,Nov_4_g0,171,5,0,H,5H,,,1,0.0,0,7,7,0.0
svm,bigram,full,6,unith,Nielsen,top_ten,trial,Nov_4_g0,171,5,0,H,5H,,,1,0.0,0,8,8,0.0
svm,bigram,full,6,unith,Nielsen,top_ten,trial,Nov_4_g0,171,5,0,H,5H,,,1,0.0,0,9,9,0.0
svm,bigram,full,6,unith,Nielsen,top_ten,trial,Nov_4_g0,171,5,0,H,5H,,,1,0.0,0,10,10,0.0
svm,bigram,full,6,unith,Nielsen,top_ten,trial,Nov_4_g0,171,5,0,H,5H,,,1,0.0,0,11,11,0.0
svm,bigram,full,6,unith,Nielsen,top_ten,trial,Nov_4_g0,171,5,0,H,5H,,,1,0.0,0,12,12,0.0
svm,bigram,full,6,unith,Nielsen,top_ten,trial,Nov_4_g0,171,5,0,H,5H,,,1,0.0,0,13,13,0.0
svm,bigram,full,6,unith,Nielsen,top_ten,trial,Nov_4_g0,171,5,0,H,5H,,,1,0.0,0,14,14,0.0
svm,bigram,full,6,unith,Nielsen,top_ten,trial,Nov_4_g0,171,5,0,H,5H,,,1,0.0,0,15,15,0.0
svm,bigram,full,6,unith,Nielsen,top_ten,trial,Nov_4_g0,171,5,0,H,5H,,,1,0.0,0,16,16,0.0
svm,bigram,full,6,unith,Nielsen,top_ten,trial,Nov_4_g0,171,5,0,H,5H,,,1,0.0,0,17,17,0.0
svm,bigram,full,6,unith,Nielsen,top_ten,trial,Nov_4_g0,171,5,0,H,5H,,,1,0.0,0,18,18,0.0
svm,bigram,full,6,unith,Nielsen,top_ten,trial,Nov_4_g0,171,5,0,H,5H,,,1,0.0,0,19,19,0.0
svm,bigram,full,6,unith,Nielsen,top_ten,trial,Nov_4_g0,171,5,0,H,5H,,,1,0.0,0,20,20,0.0
svm,bigram,full,6,unith,Nielsen,top_ten,trial,Nov_4_g0,171,5,0,H,5H,,,1,0.0,0,21,21,0.0
svm,bigram,full,6,unith,Nielsen,top_ten,trial,Nov_4_g0,171,5,0,H,5H,,,1,0.0,0,22,22,0.0
svm,bigram,full,6,unith,Nielsen,top_ten,trial,Nov_4_g0,171,5,0,H,5H,,,1,0.0,0,23,23,0.0
svm,bigram,full,6,unith,Nielsen,top_ten,trial,Nov_4_g0,171,5,0,H,5H,,,1,0.0,0,24,24,0.0
svm,bigram,full,6,unith,Nielsen,top_ten,trial,Nov_4_g0,171,5,0,H,5H,,,1,0.0,0,25,25,0.0
svm,bigram,full,6,unith,Nielsen,top_ten,trial,Nov_4_g0,171,5,0,H,5H,,,1,0.0,0,26,26,0.0
svm,bigram,full,6,unith,Nielsen,top_ten,trial,Nov_4_g0,171,5,0,H,5H,,,1,0.0,0,27,27,0.0
svm,bigram,full,6,unith,Nielsen,top_ten,trial,Nov_4_g0,171,5,0,H,5H,,,1,0.0,0,28,28,0.0
svm,bigram,full,6,unith,Nielsen,top_ten,trial,Nov_4_g0,171,5,0,H,5H,,,1,0.0,0,29,29,0.0
svm,bigram,full,6,unith,Nielsen,top_ten,trial,Nov_4_g0,171,5,0,H,5H,,,1,0.0,0,30,30,0.0
svm,bigram,full,6,unith,Nielsen,top_ten,trial,Nov_4_g0,171,5,0,H,5H,,,1,0.0,0,31,31,0.0
svm,bigram,full,6,unith,Nielsen,top_ten,trial,Nov_4_g0,171,5,0,H,5H,,,1,0.0,0,32,32,0.0
svm,bigram,full,6,unith,Nielsen,top_ten,trial,Nov_4_g0,171,5,0,H,5H,,,1,0.0,0,33,33,0.0
svm,bigram,full,6,unith,Nielsen,top_ten,trial,Nov_4_g0,171,5,0,H,5H,,,1,0.0,0,34,34,0.0
svm,bigram,full,6,unith,Nielsen,top_ten,trial,Nov_4_g0,171,5,0,H,5H,,,1,0.0,0,35,35,0.0
svm,bigram,full,6,unith,Nielsen,top_ten,trial,Oct_21_g0,143,5,0,H,5H,,,1,0.0,0,0,0,0.0
svm,bigram,full,6,unith,Nielsen,top_ten,trial,Oct_21_g0,143,5,0,H,5H,,,1,0.0,0,1,1,0.0
svm,bigram,full,6,unith,Nielsen,top_ten,trial,Oct_21_g0,143,5,0,H,5H,,,1,0.0,0,2,2,0.0
svm,bigram,full,6,unith,Nielsen,top_ten,trial,Oct_21_g0,143,5,0,H,5H,,,1,0.0,0,3,3,0.0
svm,bigram,full,6,unith,Nielsen,top_ten,trial,Oct_21_g0,143,5,0,H,5H,,,1,0.0,0,4,4,0.0
svm,bigram,full,6,unith,Nielsen,top_ten,trial,Oct_21_g0,143,5,0,H,5H,,,1,0.0,0,5,5,0.0
svm,bigram,full,6,unith,Nielsen,top_ten,trial,Oct_21_g0,143,5,0,H,5H,,,1,0.0,0,6,6,0.0
svm,bigram,full,6,unith,Nielsen,top_ten,trial,Oct_21_g0,143,5,0,H,5H,,,1,0.0,0,7,7,0.0
svm,bigram,full,6,unith,Nielsen,top_ten,trial,Oct_21_g0,143,5,0,H,5H,,,1,0.0,0,8,8,0.0
svm,bigram,full,6,unith,Nielsen,top_ten,trial,Oct_21_g0,143,5,0,H,5H,,,1,0.0,0,9,9,0.0
svm,bigram,full,6,unith,Nielsen,top_ten,trial,Oct_21_g0,143,5,0,H,5H,,,1,0.0,0,10,10,0.0
svm,bigram,full,6,unith,Nielsen,top_ten,trial,Oct_21_g0,143,5,0,H,5H,,,1,0.0,0,11,11,0.0
svm,bigram,full,6,unith,Nielsen,top_ten,trial,Oct_21_g0,143,5,0,H,5H,,,1,0.0,0,12,12,0.0
svm,bigram,full,6,unith,Nielsen,top_ten,trial,Oct_21_g0,143,5,0,H,5H,,,1,0.0,0,13,13,0.0
svm,bigram,full,6,unith,Nielsen,top_ten,trial,Oct_21_g0,143,5,0,H,5H,,,1,0.0,0,14,14,0.0
svm,bigram,full,6,unith,Nielsen,top_ten,trial,Oct_21_g0,143,5,0,H,5H,,,1,0.0,0,15,15,0.0
svm,bigram,full,6,unith,Nielsen,top_ten,trial,Oct_21_g0,143,5,0,H,5H,,,1,0.0,0,16,16,0.0
svm,bigram,full,6,unith,Nielsen,top_ten,trial,Oct_21_g0,143,5,0,H,5H,,,1,0.0,0,17,17,0.0
svm,bigram,full,6,unith,Nielsen,top_ten,trial,Oct_21_g0,143,5,0,H,5H,,,1,0.0,0,18,18,0.0
svm,bigram,full,6,unith,Nielsen,top_ten,trial,Oct_21_g0,143,5,0,H,5H,,,1,0.0,0,19,19,0.0
svm,bigram,full,6,unith,Nielsen,top_ten,trial,Oct_21_g0,143,5,0,H,5H,,,1,0.0,0,20,20,0.0
svm,bigram,full,6,unith,Nielsen,top_ten,trial,Oct_21_g0,143,5,0,H,5H,,,1,0.0,0,21,21,0.0
svm,bigram,full,6,unith,Nielsen,top_ten,trial,Oct_21_g0,143,5,0,H,5H,,,1,0.0,0,22,22,0.0
svm,bigram,full,6,unith,Nielsen,top_ten,trial,Oct_21_g0,143,5,0,H,5H,,,1,0.0,0,23,23,0.0
svm,bigram,full,6,unith,Nielsen,top_ten,trial,Oct_21_g0,143,5,0,H,5H,,,1,0.0,0,24,24,0.0
svm,bigram,full,6,unith,Nielsen,top_ten,trial,Oct_21_g0,143,5,0,H,5H,,,1,0.0,0,25,25,0.0
svm,bigram,full,6,unith,Nielsen,top_ten,trial,Oct_21_g0,143,5,0,H,5H,,,1,0.0,0,26,26,0.0
svm,bigram,full,6,unith,Nielsen,top_ten,trial,Oct_21_g0,143,5,0,H,5H,,,1,0.0,0,27,27,0.0
svm,bigram,full,6,unith,Nielsen,top_ten,trial,Oct_21_g0,143,5,0,H,5H,,,1,0.0,0,28,28,0.0
svm,bigram,full,6,unith,Nielsen,top_ten,trial,Oct_21_g0,143,5,0,H,5H,,,1,0.0,0,29,29,0.0
svm,bigram,full,6,unith,Nielsen,top_ten,trial,Oct_21_g0,143,5,0,H,5H,,,1,0.0,0,30,30,0.0
svm,bigram,full,6,unith,Nielsen,top_ten,trial,Oct_21_g0,143,5,0,H,5H,,,1,0.0,0,31,31,0.0
svm,bigram,full,6,unith,Nielsen,top_ten,trial,Oct_21_g0,143,5,0,H,5H,,,1,0.0,0,32,32,0.0
svm,bigram,full,6,unith,Nielsen,top_ten,trial,Oct_21_g0,143,5,0,H,5H,,,1,0.0,0,33,33,0.0
svm,bigram,full,6,unith,Nielsen,top_ten,trial,Oct_21_g0,143,5,0,H,5H,,,1,0.0,0,34,34,0.0
svm,bigram,full,6,unith,Nielsen,top_ten,trial,Oct_21_g0,143,5,0,H,5H,,,1,0.0,0,35,35,0.0
svm,bigram,full,6,unith,Nielsen,top_ten,trial,Nov_1_g0,513,5,0,H,5H,,,1,0.0,0,0,0,0.0
svm,bigram,full,6,unith,Nielsen,top_ten,trial,Nov_1_g0,513,5,0,H,5H,,,1,0.0,0,1,1,0.0
svm,bigram,full,6,unith,Nielsen,top_ten,trial,Nov_1_g0,513,5,0,H,5H,,,1,0.0,0,2,2,0.0
svm,bigram,full,6,unith,Nielsen,top_ten,trial,Nov_1_g0,513,5,0,H,5H,,,1,0.0,0,3,3,0.0
svm,bigram,full,6,unith,Nielsen,top_ten,trial,Nov_1_g0,513,5,0,H,5H,,,1,0.0,0,4,4,0.0
svm,bigram,full,6,unith,Nielsen,top_ten,trial,Nov_1_g0,513,5,0,H,5H,,,1,0.0,0,5,5,0.0
svm,bigram,full,6,unith,Nielsen,top_ten,trial,Nov_1_g0,513,5,0,H,5H,,,1,0.0,0,6,6,0.0
svm,bigram,full,6,unith,Nielsen,top_ten,trial,Nov_1_g0,513,5,0,H,5H,,,1,0.0,0,7,7,0.0
svm,bigram,full,6,unith,Nielsen,top_ten,trial,Nov_1_g0,513,5,0,H,5H,,,1,0.0,0,8,8,0.0
svm,bigram,full,6,unith,Nielsen,top_ten,trial,Nov_1_g0,513,5,0,H,5H,,,1,0.0,0,9,9,0.0
svm,bigram,full,6,unith,Nielsen,top_ten,trial,Nov_1_g0,513,5,0,H,5H,,,1,0.0,0,10,10,0.0
svm,bigram,full,6,unith,Nielsen,top_ten,trial,Nov_1_g0,513,5,0,H,5H,,,1,0.0,0,11,11,0.0
svm,bigram,full,6,unith,Nielsen,top_ten,trial,Nov_1_g0,513,5,0,H,5H,,,1,0.0,0,12,12,0.0
svm,bigram,full,6,unith,Nielsen,top_ten,trial,Nov_1_g0,513,5,0,H,5H,,,1,0.0,0,13,13,0.0
svm,bigram,full,6,unith,Nielsen,top_ten,trial,Nov_1_g0,513,5,0,H,5H,,,1,0.0,0,14,14,0.0
svm,bigram,full,6,unith,Nielsen,top_ten,trial,Nov_1_g0,513,5,0,H,5H,,,1,0.0,0,15,15,0.0
svm,bigram,full,6,unith,Nielsen,top_ten,trial,Nov_1_g0,513,5,0,H,5H,,,1,0.0,0,16,16,0.0
svm,bigram,full,6,unith,Nielsen,top_ten,trial,Nov_1_g0,513,5,0,H,5H,,,1,0.0,0,17,17,0.0
svm,bigram,full,6,unith,Nielsen,top_ten,trial,Nov_1_g0,513,5,0,H,5H,,,1,0.0,0,18,18,0.0
svm,bigram,full,6,unith,Nielsen,top_ten,trial,Nov_1_g0,513,5,0,H,5H,,,1,0.0,0,19,19,0.0
svm,bigram,full,6,unith,Nielsen,top_ten,trial,Nov_1_g0,513,5,0,H,5H,,,1,0.0,0,20,20,0.0
svm,bigram,full,6,unith,Nielsen,top_ten,trial,Nov_1_g0,513,5,0,H,5H,,,1,0.0,0,21,21,0.0
svm,bigram,full,6,unith,Nielsen,top_ten,trial,Nov_1_g0,513,5,0,H,5H,,,1,0.0,0,22,22,0.0
svm,bigram,full,6,unith,Nielsen,top_ten,trial,Nov_1_g0,513,5,0,H,5H,,,1,0.0,0,23,23,0.0
svm,bigram,full,6,unith,Nielsen,top_ten,trial,Nov_1_g0,513,5,0,H,5H,,,1,0.0,0,24,24,0.0
svm,bigram,full,6,unith,Nielsen,top_ten,trial,Nov_1_g0,513,5,0,H,5H,,,1,0.0,0,25,25,0.0
svm,bigram,full,6,unith,Nielsen,top_ten,trial,Nov_1_g0,513,5,0,H,5H,,,1,0.0,0,26,26,0.0
svm,bigram,full,6,unith,Nielsen,top_ten,trial,Nov_1_g0,513,5,0,H,5H,,,1,0.0,0,27,27,0.0
svm,bigram,full,6,unith,Nielsen,top_ten,trial,Nov_1_g0,513,5,0,H,5H,,,1,0.0,0,28,28,0.0
svm,bigram,full,6,unith,Nielsen,top_ten,trial,Nov_1_g0,513,5,0,H,5H,,,1,0.0,0,29,29,0.0
svm,bigram,full,6,unith,Nielsen,top_ten,trial,Nov_1_g0,513,5,0,H,5H,,,1,0.0,0,30,30,0.0
svm,bigram,full,6,unith,Nielsen,top_ten,trial,Nov_1_g0,513,5,0,H,5H,,,1,0.0,0,31,31,0.0
svm,bigram,full,6,unith,Nielsen,top_ten,trial,Nov_1_g0,513,5,0,H,5H,,,1,0.0,0,32,32,0.0
svm,bigram,full,6,unith,Nielsen,top_ten,trial,Nov_1_g0,513,5,0,H,5H,,,1,0.0,0,33,33,0.0
svm,bigram,full,6,unith,Nielsen,top_ten,trial,Nov_1_g0,513,5,0,H,5H,,,1,0.0,0,34,34,0.0
svm,bigram,full,6,unith,Nielsen,top_ten,trial,Nov_1_g0,513,5,0,H,5H,,,1,0.0,0,35,35,0.0
svm,bigram,full,6,unith,Nielsen,top_ten,trial,Nov_1_g0,441,5,1,S,5S,,,1,0.0,0,0,0,0.0
svm,bigram,full,6,unith,Nielsen,top_ten,trial,Nov_1_g0,441,5,1,S,5S,,,1,0.0,0,1,1,0.0
svm,bigram,full,6,unith,Nielsen,top_ten,trial,Nov_1_g0,441,5,1,S,5S,,,1,0.0,0,2,2,0.0
svm,bigram,full,6,unith,Nielsen,top_ten,trial,Nov_1_g0,441,5,1,S,5S,,,1,0.0,0,3,3,0.0
svm,bigram,full,6,unith,Nielsen,top_ten,trial,Nov_1_g0,441,5,1,S,5S,,,1,0.0,0,4,4,0.0
svm,bigram,full,6,unith,Nielsen,top_ten,trial,Nov_1_g0,441,5,1,S,5S,,,1,0.0,0,5,5,0.0
svm,bigram,full,6,unith,Nielsen,top_ten,trial,Nov_1_g0,441,5,1,S,5S,,,1,0.0,0,6,6,0.0
svm,bigram,full,6,unith,Nielsen,top_ten,trial,Nov_1_g0,441,5,1,S,5S,,,1,0.0,0,7,7,0.0
svm,bigram,full,6,unith,Nielsen,top_ten,trial,Nov_1_g0,441,5,1,S,5S,,,1,0.0,0,8,8,0.0
svm,bigram,full,6,unith,Nielsen,top_ten,trial,Nov_1_g0,441,5,1,S,5S,,,1,0.0,0,9,9,0.0
svm,bigram,full,6,unith,Nielsen,top_ten,trial,Nov_1_g0,441,5,1,S,5S,,,1,0.0,0,10,10,0.0
svm,bigram,full,6,unith,Nielsen,top_ten,trial,Nov_1_g0,441,5,1,S,5S,,,1,0.0,0,11,11,0.0
svm,bigram,full,6,unith,Nielsen,top_ten,trial,Nov_1_g0,441,5,1,S,5S,,,1,0.0,0,12,12,0.0
svm,bigram,full,6,unith,Nielsen,top_ten,trial,Nov_1_g0,441,5,1,S,5S,,,1,0.0,0,13,13,0.0
svm,bigram,full,6,unith,Nielsen,top_ten,trial,Nov_1_g0,441,5,1,S,5S,,,1,0.0,0,14,14,0.0
svm,bigram,full,6,unith,Nielsen,top_ten,trial,Nov_1_g0,441,5,1,S,5S,,,1,0.0,0,15,15,0.0
svm,bigram,full,6,unith,Nielsen,top_ten,trial,Nov_1_g0,441,5,1,S,5S,,,1,0.0,0,16,16,0.0
svm,bigram,full,6,unith,Nielsen,top_ten,trial,Nov_1_g0,441,5,1,S,5S,,,1,0.0,0,17,17,0.0
svm,bigram,full,6,unith,Nielsen,top_ten,trial,Nov_1_g0,441,5,1,S,5S,,,1,0.0,0,18,18,0.0
svm,bigram,full,6,unith,Nielsen,top_ten,trial,Nov_1_g0,441,5,1,S,5S,,,1,0.0,0,19,19,0.0
svm,bigram,full,6,unith,Nielsen,top_ten,trial,Nov_1_g0,441,5,1,S,5S,,,1,0.0,0,20,20,0.0
svm,bigram,full,6,unith,Nielsen,top_ten,trial,Nov_1_g0,441,5,1,S,5S,,,1,0.0,0,21,21,0.0
svm,bigram,full,6,unith,Nielsen,top_ten,trial,Nov_1_g0,441,5,1,S,5S,,,1,0.0,0,22,22,0.0
svm,bigram,full,6,unith,Nielsen,top_ten,trial,Nov_1_g0,441,5,1,S,5S,,,1,0.0,0,23,23,0.0
svm,bigram,full,6,unith,Nielsen,top_ten,trial,Nov_1_g0,441,5,1,S,5S,,,1,0.0,0,24,24,0.0
svm,bigram,full,6,unith,Nielsen,top_ten,trial,Nov_1_g0,441,5,1,S,5S,,,1,0.0,0,25,25,0.0
svm,bigram,full,6,unith,Nielsen,top_ten,trial,Nov_1_g0,441,5,1,S,5S,,,1,0.0,0,26,26,0.0
svm,bigram,full,6,unith,Nielsen,top_ten,trial,Nov_1_g0,441,5,1,S,5S,,,1,0.0,0,27,27,0.0
svm,bigram,full,6,unith,Nielsen,top_ten,trial,Nov_1_g0,441,5,1,S,5S,,,1,0.0,0,28,28,0.0
svm,bigram,full,6,unith,Nielsen,top_ten,trial,Nov_1_g0,441,5,1,S,5S,,,1,0.0,0,29,29,0.0
svm,bigram,full,6,unith,Nielsen,top_ten,trial,Nov_1_g0,441,5,1,S,5S,,,1,0.0,0,30,30,0.0
svm,bigram,full,6,unith,Nielsen,top_ten,trial,Nov_1_g0,441,5,1,S,5S,,,1,0.0,0,31,31,0.0
svm,bigram,full,6,unith,Nielsen,top_ten,trial,Nov_1_g0,441,5,1,S,5S,,,1,0.0,0,32,32,0.0
svm,bigram,full,6,unith,Nielsen,top_ten,trial,Nov_1_g0,441,5,1,S,5S,,,1,0.0,0,33,33,0.0
svm,bigram,full,6,unith,Nielsen,top_ten,trial,Nov_1_g0,441,5,1,S,5S,,,1,0.0,0,34,34,0.0
svm,bigram,full,6,unith,Nielsen,top_ten,trial,Nov_1_g0,441,5,1,S,5S,,,1,0.0,0,35,35,0.0
svm,bigram,full,6,unith,Nielsen,top_ten,trial,Oct_22_g0,589,5,1,S,5S,,,1,1.0,2,0,0,0.0
svm,bigram,full,6,unith,Nielsen,top_ten,trial,Oct_22_g0,589,5,1,S,5S,,,1,1.0,2,1,1,0.0
svm,bigram,full,6,unith,Nielsen,top_ten,trial,Oct_22_g0,589,5,1,S,5S,,,1,1.0,2,2,2,0.0
svm,bigram,full,6,unith,Nielsen,top_ten,trial,Oct_22_g0,589,5,1,S,5S,,,1,1.0,2,3,3,0.0
svm,bigram,full,6,unith,Nielsen,top_ten,trial,Oct_22_g0,589,5,1,S,5S,,,1,1.0,2,4,4,0.0
svm,bigram,full,6,unith,Nielsen,top_ten,trial,Oct_22_g0,589,5,1,S,5S,,,1,1.0,2,5,5,0.0
svm,bigram,full,6,unith,Nielsen,top_ten,trial,Oct_22_g0,589,5,1,S,5S,,,1,1.0,2,6,6,0.0
svm,bigram,full,6,unith,Nielsen,top_ten,trial,Oct_22_g0,589,5,1,S,5S,,,1,1.0,2,7,7,0.0
svm,bigram,full,6,unith,Nielsen,top_ten,trial,Oct_22_g0,589,5,1,S,5S,,,1,1.0,2,8,8,0.0
svm,bigram,full,6,unith,Nielsen,top_ten,trial,Oct_22_g0,589,5,1,S,5S,,,1,1.0,2,9,9,0.0
svm,bigram,full,6,unith,Nielsen,top_ten,trial,Oct_22_g0,589,5,1,S,5S,,,1,1.0,2,10,10,0.0
svm,bigram,full,6,unith,Nielsen,top_ten,trial,Oct_22_g0,589,5,1,S,5S,,,1,1.0,2,11,11,0.5
svm,bigram,full,6,unith,Nielsen,top_ten,trial,Oct_22_g0,589,5,1,S,5S,,,1,1.0,2,12,12,0.0
svm,bigram,full,6,unith,Nielsen,top_ten,trial,Oct_22_g0,589,5,1,S,5S,,,1,1.0,2,13,13,0.0
svm,bigram,full,6,unith,Nielsen,top_ten,trial,Oct_22_g0,589,5,1,S,5S,,,1,1.0,2,14,14,0.0
svm,bigram,full,6,unith,Nielsen,top_ten,trial,Oct_22_g0,589,5,1,S,5S,,,1,1.0,2,15,15,0.0
svm,bigram,full,6,unith,Nielsen,top_ten,trial,Oct_22_g0,589,5,1,S,5S,,,1,1.0,2,16,16,0.0
svm,bigram,full,6,unith,Nielsen,top_ten,trial,Oct_22_g0,589,5,1,S,5S,,,1,1.0,2,17,17,0.0
svm,bigram,full,6,unith,Nielsen,top_ten,trial,Oct_22_g0,589,5,1,S,5S,,,1,1.0,2,18,18,0.0
svm,bigram,full,6,unith,Nielsen,top_ten,trial,Oct_22_g0,589,5,1,S,5S,,,1,1.0,2,19,19,0.0
svm,bigram,full,6,unith,Nielsen,top_ten,trial,Oct_22_g0,589,5,1,S,5S,,,1,1.0,2,20,20,0.0
svm,bigram,full,6,unith,Nielsen,top_ten,trial,Oct_22_g0,589,5,1,S,5S,,,1,1.0,2,21,21,0.0
svm,bigram,full,6,unith,Nielsen,top_ten,trial,Oct_22_g0,589,5,1,S,5S,,,1,1.0,2,22,22,0.0
svm,bigram,full,6,unith,Nielsen,top_ten,trial,Oct_22_g0,589,5,1,S,5S,,,1,1.0,2,23,23,0.0
svm,bigram,full,6,unith,Nielsen,top_ten,trial,Oct_22_g0,589,5,1,S,5S,,,1,1.0,2,24,24,0.0
svm,bigram,full,6,unith,Nielsen,top_ten,trial,Oct_22_g0,589,5,1,S,5S,,,1,1.0,2,25,25,0.0
svm,bigram,full,6,unith,Nielsen,top_ten,trial,Oct_22_g0,589,5,1,S,5S,,,1,1.0,2,26,26,0.0
svm,bigram,full,6,unith,Nielsen,top_ten,trial,Oct_22_g0,589,5,1,S,5S,,,1,1.0,2,27,27,0.0
svm,bigram,full,6,unith,Nielsen,top_ten,trial,Oct_22_g0,589,5,1,S,5S,,,1,1.0,2,28,28,0.0
svm,bigram,full,6,unith,Nielsen,top_ten,trial,Oct_22_g0,589,5,1,S,5S,,,1,1.0,2,29,29,0.0
svm,bigram,full,6,unith,Nielsen,top_ten,trial,Oct_22_g0,589,5,1,S,5S,,,1,1.0,2,30,30,0.0
svm,bigram,full,6,unith,Nielsen,top_ten,trial,Oct_22_g0,589,5,1,S,5S,,,1,1.0,2,31,31,0.5
svm,bigram,full,6,unith,Nielsen,top_ten,trial,Oct_22_g0,589,5,1,S,5S,,,1,1.0,2,32,32,0.0
svm,bigram,full,6,unith,Nielsen,top_ten,trial,Oct_22_g0,589,5,1,S,5S,,,1,1.0,2,33,33,0.0
svm,bigram,full,6,unith,Nielsen,top_ten,trial,Oct_22_g0,589,5,1,S,5S,,,1,1.0,2,34,34,0.0
svm,bigram,full,6,unith,Nielsen,top_ten,trial,Oct_22_g0,589,5,1,S,5S,,,1,1.0,2,35,35,0.0
svm,bigram,full,6,unith,Nielsen,top_ten,trial,Nov_6_g0,214,5,1,S,5S,,,1,0.0,0,0,0,0.0
svm,bigram,full,6,unith,Nielsen,top_ten,trial,Nov_6_g0,214,5,1,S,5S,,,1,0.0,0,1,1,0.0
svm,bigram,full,6,unith,Nielsen,top_ten,trial,Nov_6_g0,214,5,1,S,5S,,,1,0.0,0,2,2,0.0
svm,bigram,full,6,unith,Nielsen,top_ten,trial,Nov_6_g0,214,5,1,S,5S,,,1,0.0,0,3,3,0.0
svm,bigram,full,6,unith,Nielsen,top_ten,trial,Nov_6_g0,214,5,1,S,5S,,,1,0.0,0,4,4,0.0
svm,bigram,full,6,unith,Nielsen,top_ten,trial,Nov_6_g0,214,5,1,S,5S,,,1,0.0,0,5,5,0.0
svm,bigram,full,6,unith,Nielsen,top_ten,trial,Nov_6_g0,214,5,1,S,5S,,,1,0.0,0,6,6,0.0
svm,bigram,full,6,unith,Nielsen,top_ten,trial,Nov_6_g0,214,5,1,S,5S,,,1,0.0,0,7,7,0.0
svm,bigram,full,6,unith,Nielsen,top_ten,trial,Nov_6_g0,214,5,1,S,5S,,,1,0.0,0,8,8,0.0
svm,bigram,full,6,unith,Nielsen,top_ten,trial,Nov_6_g0,214,5,1,S,5S,,,1,0.0,0,9,9,0.0
svm,bigram,full,6,unith,Nielsen,top_ten,trial,Nov_6_g0,214,5,1,S,5S,,,1,0.0,0,10,10,0.0
svm,bigram,full,6,unith,Nielsen,top_ten,trial,Nov_6_g0,214,5,1,S,5S,,,1,0.0,0,11,11,0.0
svm,bigram,full,6,unith,Nielsen,top_ten,trial,Nov_6_g0,214,5,1,S,5S,,,1,0.0,0,12,12,0.0
svm,bigram,full,6,unith,Nielsen,top_ten,trial,Nov_6_g0,214,5,1,S,5S,,,1,0.0,0,13,13,0.0
svm,bigram,full,6,unith,Nielsen,top_ten,trial,Nov_6_g0,214,5,1,S,5S,,,1,0.0,0,14,14,0.0
svm,bigram,full,6,unith,Nielsen,top_ten,trial,Nov_6_g0,214,5,1,S,5S,,,1,0.0,0,15,15,0.0
svm,bigram,full,6,unith,Nielsen,top_ten,trial,Nov_6_g0,214,5,1,S,5S,,,1,0.0,0,16,16,0.0
svm,bigram,full,6,unith,Nielsen,top_ten,trial,Nov_6_g0,214,5,1,S,5S,,,1,0.0,0,17,17,0.0
svm,bigram,full,6,unith,Nielsen,top_ten,trial,Nov_6_g0,214,5,1,S,5S,,,1,0.0,0,18,18,0.0
svm,bigram,full,6,unith,Nielsen,top_ten,trial,Nov_6_g0,214,5,1,S,5S,,,1,0.0,0,19,19,0.0
svm,bigram,full,6,unith,Nielsen,top_ten,trial,Nov_6_g0,214,5,1,S,5S,,,1,0.0,0,20,20,0.0
svm,bigram,full,6,unith,Nielsen,top_ten,trial,Nov_6_g0,214,5,1,S,5S,,,1,0.0,0,21,21,0.0
svm,bigram,full,6,unith,Nielsen,top_ten,trial,Nov_6_g0,214,5,1,S,5S,,,1,0.0,0,22,22,0.0
svm,bigram,full,6,unith,Nielsen,top_ten,trial,Nov_6_g0,214,5,1,S,5S,,,1,0.0,0,23,23,0.0
svm,bigram,full,6,unith,Nielsen,top_ten,trial,Nov_6_g0,214,5,1,S,5S,,,1,0.0,0,24,24,0.0
svm,bigram,full,6,unith,Nielsen,top_ten,trial,Nov_6_g0,214,5,1,S,5S,,,1,0.0,0,25,25,0.0
svm,bigram,full,6,unith,Nielsen,top_ten,trial,Nov_6_g0,214,5,1,S,5S,,,1,0.0,0,26,26,0.0
svm,bigram,full,6,unith,Nielsen,top_ten,trial,Nov_6_g0,214,5,1,S,5S,,,1,0.0,0,27,27,0.0
svm,bigram,full,6,unith,Nielsen,top_ten,trial,Nov_6_g0,214,5,1,S,5S,,,1,0.0,0,28,28,0.0
svm,bigram,full,6,unith,Nielsen,top_ten,trial,Nov_6_g0,214,5,1,S,5S,,,1,0.0,0,29,29,0.0
svm,bigram,full,6,unith,Nielsen,top_ten,trial,Nov_6_g0,214,5,1,S,5S,,,1,0.0,0,30,30,0.0
svm,bigram,full,6,unith,Nielsen,top_ten,trial,Nov_6_g0,214,5,1,S,5S,,,1,0.0,0,31,31,0.0
svm,bigram,full,6,unith,Nielsen,top_ten,trial,Nov_6_g0,214,5,1,S,5S,,,1,0.0,0,32,32,0.0
svm,bigram,full,6,unith,Nielsen,top_ten,trial,Nov_6_g0,214,5,1,S,5S,,,1,0.0,0,33,33,0.0
svm,bigram,full,6,unith,Nielsen,top_ten,trial,Nov_6_g0,214,5,1,S,5S,,,1,0.0,0,34,34,0.0
svm,bigram,full,6,unith,Nielsen,top_ten,trial,Nov_6_g0,214,5,1,S,5S,,,1,0.0,0,35,35,0.0
svm,bigram,full,6,unith,Nielsen,top_ten,trial,Nov_4_g0,305,6,0,H,6H,,,1,1.0,4,0,0,0.0
svm,bigram,full,6,unith,Nielsen,top_ten,trial,Nov_4_g0,305,6,0,H,6H,,,1,1.0,4,1,1,0.25
svm,bigram,full,6,unith,Nielsen,top_ten,trial,Nov_4_g0,305,6,0,H,6H,,,1,1.0,4,2,2,0.0
svm,bigram,full,6,unith,Nielsen,top_ten,trial,Nov_4_g0,305,6,0,H,6H,,,1,1.0,4,3,3,0.0
svm,bigram,full,6,unith,Nielsen,top_ten,trial,Nov_4_g0,305,6,0,H,6H,,,1,1.0,4,4,4,0.0
svm,bigram,full,6,unith,Nielsen,top_ten,trial,Nov_4_g0,305,6,0,H,6H,,,1,1.0,4,5,5,0.0
svm,bigram,full,6,unith,Nielsen,top_ten,trial,Nov_4_g0,305,6,0,H,6H,,,1,1.0,4,6,6,0.25
svm,bigram,full,6,unith,Nielsen,top_ten,trial,Nov_4_g0,305,6,0,H,6H,,,1,1.0,4,7,7,0.0
svm,bigram,full,6,unith,Nielsen,top_ten,trial,Nov_4_g0,305,6,0,H,6H,,,1,1.0,4,8,8,0.0
svm,bigram,full,6,unith,Nielsen,top_ten,trial,Nov_4_g0,305,6,0,H,6H,,,1,1.0,4,9,9,0.0
svm,bigram,full,6,unith,Nielsen,top_ten,trial,Nov_4_g0,305,6,0,H,6H,,,1,1.0,4,10,10,0.0
svm,bigram,full,6,unith,Nielsen,top_ten,trial,Nov_4_g0,305,6,0,H,6H,,,1,1.0,4,11,11,0.0
svm,bigram,full,6,unith,Nielsen,top_ten,trial,Nov_4_g0,305,6,0,H,6H,,,1,1.0,4,12,12,0.0
svm,bigram,full,6,unith,Nielsen,top_ten,trial,Nov_4_g0,305,6,0,H,6H,,,1,1.0,4,13,13,0.0
svm,bigram,full,6,unith,Nielsen,top_ten,trial,Nov_4_g0,305,6,0,H,6H,,,1,1.0,4,14,14,0.0
svm,bigram,full,6,unith,Nielsen,top_ten,trial,Nov_4_g0,305,6,0,H,6H,,,1,1.0,4,15,15,0.0
svm,bigram,full,6,unith,Nielsen,top_ten,trial,Nov_4_g0,305,6,0,H,6H,,,1,1.0,4,16,16,0.0
svm,bigram,full,6,unith,Nielsen,top_ten,trial,Nov_4_g0,305,6,0,H,6H,,,1,1.0,4,17,17,0.0
svm,bigram,full,6,unith,Nielsen,top_ten,trial,Nov_4_g0,305,6,0,H,6H,,,1,1.0,4,18,18,0.0
svm,bigram,full,6,unith,Nielsen,top_ten,trial,Nov_4_g0,305,6,0,H,6H,,,1,1.0,4,19,19,0.0
svm,bigram,full,6,unith,Nielsen,top_ten,trial,Nov_4_g0,305,6,0,H,6H,,,1,1.0,4,20,20,0.0
svm,bigram,full,6,unith,Nielsen,top_ten,trial,Nov_4_g0,305,6,0,H,6H,,,1,1.0,4,21,21,0.0
svm,bigram,full,6,unith,Nielsen,top_ten,trial,Nov_4_g0,305,6,0,H,6H,,,1,1.0,4,22,22,0.0
svm,bigram,full,6,unith,Nielsen,top_ten,trial,Nov_4_g0,305,6,0,H,6H,,,1,1.0,4,23,23,0.25
svm,bigram,full,6,unith,Nielsen,top_ten,trial,Nov_4_g0,305,6,0,H,6H,,,1,1.0,4,24,24,0.0
svm,bigram,full,6,unith,Nielsen,top_ten,trial,Nov_4_g0,305,6,0,H,6H,,,1,1.0,4,25,25,0.0
svm,bigram,full,6,unith,Nielsen,top_ten,trial,Nov_4_g0,305,6,0,H,6H,,,1,1.0,4,26,26,0.0
svm,bigram,full,6,unith,Nielsen,top_ten,trial,Nov_4_g0,305,6,0,H,6H,,,1,1.0,4,27,27,0.0
svm,bigram,full,6,unith,Nielsen,top_ten,trial,Nov_4_g0,305,6,0,H,6H,,,1,1.0,4,28,28,0.0
svm,bigram,full,6,unith,Nielsen,top_ten,trial,Nov_4_g0,305,6,0,H,6H,,,1,1.0,4,29,29,0.0
svm,bigram,full,6,unith,Nielsen,top_ten,trial,Nov_4_g0,305,6,0,H,6H,,,1,1.0,4,30,30,0.0
svm,bigram,full,6,unith,Nielsen,top_ten,trial,Nov_4_g0,305,6,0,H,6H,,,1,1.0,4,31,31,0.25
svm,bigram,full,6,unith,Nielsen,top_ten,trial,Nov_4_g0,305,6,0,H,6H,,,1,1.0,4,32,32,0.0
svm,bigram,full,6,unith,Nielsen,top_ten,trial,Nov_4_g0,305,6,0,H,6H,,,1,1.0,4,33,33,0.0
svm,bigram,full,6,unith,Nielsen,top_ten,trial,Nov_4_g0,305,6,0,H,6H,,,1,1.0,4,34,34,0.0
svm,bigram,full,6,unith,Nielsen,top_ten,trial,Nov_4_g0,305,6,0,H,6H,,,1,1.0,4,35,35,0.0
svm,bigram,full,6,unith,Nielsen,top_ten,trial,Nov_9_g0,516,6,0,H,6H,,,1,0.0,0,0,0,0.0
svm,bigram,full,6,unith,Nielsen,top_ten,trial,Nov_9_g0,516,6,0,H,6H,,,1,0.0,0,1,1,0.0
svm,bigram,full,6,unith,Nielsen,top_ten,trial,Nov_9_g0,516,6,0,H,6H,,,1,0.0,0,2,2,0.0
svm,bigram,full,6,unith,Nielsen,top_ten,trial,Nov_9_g0,516,6,0,H,6H,,,1,0.0,0,3,3,0.0
svm,bigram,full,6,unith,Nielsen,top_ten,trial,Nov_9_g0,516,6,0,H,6H,,,1,0.0,0,4,4,0.0
svm,bigram,full,6,unith,Nielsen,top_ten,trial,Nov_9_g0,516,6,0,H,6H,,,1,0.0,0,5,5,0.0
svm,bigram,full,6,unith,Nielsen,top_ten,trial,Nov_9_g0,516,6,0,H,6H,,,1,0.0,0,6,6,0.0
svm,bigram,full,6,unith,Nielsen,top_ten,trial,Nov_9_g0,516,6,0,H,6H,,,1,0.0,0,7,7,0.0
svm,bigram,full,6,unith,Nielsen,top_ten,trial,Nov_9_g0,516,6,0,H,6H,,,1,0.0,0,8,8,0.0
svm,bigram,full,6,unith,Nielsen,top_ten,trial,Nov_9_g0,516,6,0,H,6H,,,1,0.0,0,9,9,0.0
svm,bigram,full,6,unith,Nielsen,top_ten,trial,Nov_9_g0,516,6,0,H,6H,,,1,0.0,0,10,10,0.0
svm,bigram,full,6,unith,Nielsen,top_ten,trial,Nov_9_g0,516,6,0,H,6H,,,1,0.0,0,11,11,0.0
svm,bigram,full,6,unith,Nielsen,top_ten,trial,Nov_9_g0,516,6,0,H,6H,,,1,0.0,0,12,12,0.0
svm,bigram,full,6,unith,Nielsen,top_ten,trial,Nov_9_g0,516,6,0,H,6H,,,1,0.0,0,13,13,0.0
svm,bigram,full,6,unith,Nielsen,top_ten,trial,Nov_9_g0,516,6,0,H,6H,,,1,0.0,0,14,14,0.0
svm,bigram,full,6,unith,Nielsen,top_ten,trial,Nov_9_g0,516,6,0,H,6H,,,1,0.0,0,15,15,0.0
svm,bigram,full,6,unith,Nielsen,top_ten,trial,Nov_9_g0,516,6,0,H,6H,,,1,0.0,0,16,16,0.0
svm,bigram,full,6,unith,Nielsen,top_ten,trial,Nov_9_g0,516,6,0,H,6H,,,1,0.0,0,17,17,0.0
svm,bigram,full,6,unith,Nielsen,top_ten,trial,Nov_9_g0,516,6,0,H,6H,,,1,0.0,0,18,18,0.0
svm,bigram,full,6,unith,Nielsen,top_ten,trial,Nov_9_g0,516,6,0,H,6H,,,1,0.0,0,19,19,0.0
svm,bigram,full,6,unith,Nielsen,top_ten,trial,Nov_9_g0,516,6,0,H,6H,,,1,0.0,0,20,20,0.0
svm,bigram,full,6,unith,Nielsen,top_ten,trial,Nov_9_g0,516,6,0,H,6H,,,1,0.0,0,21,21,0.0
svm,bigram,full,6,unith,Nielsen,top_ten,trial,Nov_9_g0,516,6,0,H,6H,,,1,0.0,0,22,22,0.0
svm,bigram,full,6,unith,Nielsen,top_ten,trial,Nov_9_g0,516,6,0,H,6H,,,1,0.0,0,23,23,0.0
svm,bigram,full,6,unith,Nielsen,top_ten,trial,Nov_9_g0,516,6,0,H,6H,,,1,0.0,0,24,24,0.0
svm,bigram,full,6,unith,Nielsen,top_ten,trial,Nov_9_g0,516,6,0,H,6H,,,1,0.0,0,25,25,0.0
svm,bigram,full,6,unith,Nielsen,top_ten,trial,Nov_9_g0,516,6,0,H,6H,,,1,0.0,0,26,26,0.0
svm,bigram,full,6,unith,Nielsen,top_ten,trial,Nov_9_g0,516,6,0,H,6H,,,1,0.0,0,27,27,0.0
svm,bigram,full,6,unith,Nielsen,top_ten,trial,Nov_9_g0,516,6,0,H,6H,,,1,0.0,0,28,28,0.0
svm,bigram,full,6,unith,Nielsen,top_ten,trial,Nov_9_g0,516,6,0,H,6H,,,1,0.0,0,29,29,0.0
svm,bigram,full,6,unith,Nielsen,top_ten,trial,Nov_9_g0,516,6,0,H,6H,,,1,0.0,0,30,30,0.0
svm,bigram,full,6,unith,Nielsen,top_ten,trial,Nov_9_g0,516,6,0,H,6H,,,1,0.0,0,31,31,0.0
svm,bigram,full,6,unith,Nielsen,top_ten,trial,Nov_9_g0,516,6,0,H,6H,,,1,0.0,0,32,32,0.0
svm,bigram,full,6,unith,Nielsen,top_ten,trial,Nov_9_g0,516,6,0,H,6H,,,1,0.0,0,33,33,0.0
svm,bigram,full,6,unith,Nielsen,top_ten,trial,Nov_9_g0,516,6,0,H,6H,,,1,0.0,0,34,34,0.0
svm,bigram,full,6,unith,Nielsen,top_ten,trial,Nov_9_g0,516,6,0,H,6H,,,1,0.0,0,35,35,0.0
svm,bigram,full,6,unith,Nielsen,top_ten,trial,Nov_9_g0,483,6,0,H,6H,,,1,1.0000000298023224,3,0,0,0.0
svm,bigram,full,6,unith,Nielsen,top_ten,trial,Nov_9_g0,483,6,0,H,6H,,,1,1.0000000298023224,3,1,1,0.3333333432674408
svm,bigram,full,6,unith,Nielsen,top_ten,trial,Nov_9_g0,483,6,0,H,6H,,,1,1.0000000298023224,3,2,2,0.0
svm,bigram,full,6,unith,Nielsen,top_ten,trial,Nov_9_g0,483,6,0,H,6H,,,1,1.0000000298023224,3,3,3,0.0
svm,bigram,full,6,unith,Nielsen,top_ten,trial,Nov_9_g0,483,6,0,H,6H,,,1,1.0000000298023224,3,4,4,0.0
svm,bigram,full,6,unith,Nielsen,top_ten,trial,Nov_9_g0,483,6,0,H,6H,,,1,1.0000000298023224,3,5,5,0.0
svm,bigram,full,6,unith,Nielsen,top_ten,trial,Nov_9_g0,483,6,0,H,6H,,,1,1.0000000298023224,3,6,6,0.3333333432674408
svm,bigram,full,6,unith,Nielsen,top_ten,trial,Nov_9_g0,483,6,0,H,6H,,,1,1.0000000298023224,3,7,7,0.0
svm,bigram,full,6,unith,Nielsen,top_ten,trial,Nov_9_g0,483,6,0,H,6H,,,1,1.0000000298023224,3,8,8,0.0
svm,bigram,full,6,unith,Nielsen,top_ten,trial,Nov_9_g0,483,6,0,H,6H,,,1,1.0000000298023224,3,9,9,0.0
svm,bigram,full,6,unith,Nielsen,top_ten,trial,Nov_9_g0,483,6,0,H,6H,,,1,1.0000000298023224,3,10,10,0.0
svm,bigram,full,6,unith,Nielsen,top_ten,trial,Nov_9_g0,483,6,0,H,6H,,,1,1.0000000298023224,3,11,11,0.0
svm,bigram,full,6,unith,Nielsen,top_ten,trial,Nov_9_g0,483,6,0,H,6H,,,1,1.0000000298023224,3,12,12,0.0
svm,bigram,full,6,unith,Nielsen,top_ten,trial,Nov_9_g0,483,6,0,H,6H,,,1,1.0000000298023224,3,13,13,0.0
svm,bigram,full,6,unith,Nielsen,top_ten,trial,Nov_9_g0,483,6,0,H,6H,,,1,1.0000000298023224,3,14,14,0.0
svm,bigram,full,6,unith,Nielsen,top_ten,trial,Nov_9_g0,483,6,0,H,6H,,,1,1.0000000298023224,3,15,15,0.0
svm,bigram,full,6,unith,Nielsen,top_ten,trial,Nov_9_g0,483,6,0,H,6H,,,1,1.0000000298023224,3,16,16,0.0
svm,bigram,full,6,unith,Nielsen,top_ten,trial,Nov_9_g0,483,6,0,H,6H,,,1,1.0000000298023224,3,17,17,0.0
svm,bigram,full,6,unith,Nielsen,top_ten,trial,Nov_9_g0,483,6,0,H,6H,,,1,1.0000000298023224,3,18,18,0.0
svm,bigram,full,6,unith,Nielsen,top_ten,trial,Nov_9_g0,483,6,0,H,6H,,,1,1.0000000298023224,3,19,19,0.3333333432674408
svm,bigram,full,6,unith,Nielsen,top_ten,trial,Nov_9_g0,483,6,0,H,6H,,,1,1.0000000298023224,3,20,20,0.0
svm,bigram,full,6,unith,Nielsen,top_ten,trial,Nov_9_g0,483,6,0,H,6H,,,1,1.0000000298023224,3,21,21,0.0
svm,bigram,full,6,unith,Nielsen,top_ten,trial,Nov_9_g0,483,6,0,H,6H,,,1,1.0000000298023224,3,22,22,0.0
svm,bigram,full,6,unith,Nielsen,top_ten,trial,Nov_9_g0,483,6,0,H,6H,,,1,1.0000000298023224,3,23,23,0.0
svm,bigram,full,6,unith,Nielsen,top_ten,trial,Nov_9_g0,483,6,0,H,6H,,,1,1.0000000298023224,3,24,24,0.0
svm,bigram,full,6,unith,Nielsen,top_ten,trial,Nov_9_g0,483,6,0,H,6H,,,1,1.0000000298023224,3,25,25,0.0
svm,bigram,full,6,unith,Nielsen,top_ten,trial,Nov_9_g0,483,6,0,H,6H,,,1,1.0000000298023224,3,26,26,0.0
svm,bigram,full,6,unith,Nielsen,top_ten,trial,Nov_9_g0,483,6,0,H,6H,,,1,1.0000000298023224,3,27,27,0.0
svm,bigram,full,6,unith,Nielsen,top_ten,trial,Nov_9_g0,483,6,0,H,6H,,,1,1.0000000298023224,3,28,28,0.0
svm,bigram,full,6,unith,Nielsen,top_ten,trial,Nov_9_g0,483,6,0,H,6H,,,1,1.0000000298023224,3,29,29,0.0
svm,bigram,full,6,unith,Nielsen,top_ten,trial,Nov_9_g0,483,6,0,H,6H,,,1,1.0000000298023224,3,30,30,0.0
svm,bigram,full,6,unith,Nielsen,top_ten,trial,Nov_9_g0,483,6,0,H,6H,,,1,1.0000000298023224,3,31,31,0.0
svm,bigram,full,6,unith,Nielsen,top_ten,trial,Nov_9_g0,483,6,0,H,6H,,,1,1.0000000298023224,3,32,32,0.0
svm,bigram,full,6,unith,Nielsen,top_ten,trial,Nov_9_g0,483,6,0,H,6H,,,1,1.0000000298023224,3,33,33,0.0
svm,bigram,full,6,unith,Nielsen,top_ten,trial,Nov_9_g0,483,6,0,H,6H,,,1,1.0000000298023224,3,34,34,0.0
svm,bigram,full,6,unith,Nielsen,top_ten,trial,Nov_9_g0,483,6,0,H,6H,,,1,1.0000000298023224,3,35,35,0.0
svm,bigram,full,6,unith,Nielsen,top_ten,trial,Nov_3_g0,399,6,1,S,6S,,,1,1.0,1,0,0,0.0
svm,bigram,full,6,unith,Nielsen,top_ten,trial,Nov_3_g0,399,6,1,S,6S,,,1,1.0,1,1,1,1.0
svm,bigram,full,6,unith,Nielsen,top_ten,trial,Nov_3_g0,399,6,1,S,6S,,,1,1.0,1,2,2,0.0
svm,bigram,full,6,unith,Nielsen,top_ten,trial,Nov_3_g0,399,6,1,S,6S,,,1,1.0,1,3,3,0.0
svm,bigram,full,6,unith,Nielsen,top_ten,trial,Nov_3_g0,399,6,1,S,6S,,,1,1.0,1,4,4,0.0
svm,bigram,full,6,unith,Nielsen,top_ten,trial,Nov_3_g0,399,6,1,S,6S,,,1,1.0,1,5,5,0.0
svm,bigram,full,6,unith,Nielsen,top_ten,trial,Nov_3_g0,399,6,1,S,6S,,,1,1.0,1,6,6,0.0
svm,bigram,full,6,unith,Nielsen,top_ten,trial,Nov_3_g0,399,6,1,S,6S,,,1,1.0,1,7,7,0.0
svm,bigram,full,6,unith,Nielsen,top_ten,trial,Nov_3_g0,399,6,1,S,6S,,,1,1.0,1,8,8,0.0
svm,bigram,full,6,unith,Nielsen,top_ten,trial,Nov_3_g0,399,6,1,S,6S,,,1,1.0,1,9,9,0.0
svm,bigram,full,6,unith,Nielsen,top_ten,trial,Nov_3_g0,399,6,1,S,6S,,,1,1.0,1,10,10,0.0
svm,bigram,full,6,unith,Nielsen,top_ten,trial,Nov_3_g0,399,6,1,S,6S,,,1,1.0,1,11,11,0.0
svm,bigram,full,6,unith,Nielsen,top_ten,trial,Nov_3_g0,399,6,1,S,6S,,,1,1.0,1,12,12,0.0
svm,bigram,full,6,unith,Nielsen,top_ten,trial,Nov_3_g0,399,6,1,S,6S,,,1,1.0,1,13,13,0.0
svm,bigram,full,6,unith,Nielsen,top_ten,trial,Nov_3_g0,399,6,1,S,6S,,,1,1.0,1,14,14,0.0
svm,bigram,full,6,unith,Nielsen,top_ten,trial,Nov_3_g0,399,6,1,S,6S,,,1,1.0,1,15,15,0.0
svm,bigram,full,6,unith,Nielsen,top_ten,trial,Nov_3_g0,399,6,1,S,6S,,,1,1.0,1,16,16,0.0
svm,bigram,full,6,unith,Nielsen,top_ten,trial,Nov_3_g0,399,6,1,S,6S,,,1,1.0,1,17,17,0.0
svm,bigram,full,6,unith,Nielsen,top_ten,trial,Nov_3_g0,399,6,1,S,6S,,,1,1.0,1,18,18,0.0
svm,bigram,full,6,unith,Nielsen,top_ten,trial,Nov_3_g0,399,6,1,S,6S,,,1,1.0,1,19,19,0.0
svm,bigram,full,6,unith,Nielsen,top_ten,trial,Nov_3_g0,399,6,1,S,6S,,,1,1.0,1,20,20,0.0
svm,bigram,full,6,unith,Nielsen,top_ten,trial,Nov_3_g0,399,6,1,S,6S,,,1,1.0,1,21,21,0.0
svm,bigram,full,6,unith,Nielsen,top_ten,trial,Nov_3_g0,399,6,1,S,6S,,,1,1.0,1,22,22,0.0
svm,bigram,full,6,unith,Nielsen,top_ten,trial,Nov_3_g0,399,6,1,S,6S,,,1,1.0,1,23,23,0.0
svm,bigram,full,6,unith,Nielsen,top_ten,trial,Nov_3_g0,399,6,1,S,6S,,,1,1.0,1,24,24,0.0
svm,bigram,full,6,unith,Nielsen,top_ten,trial,Nov_3_g0,399,6,1,S,6S,,,1,1.0,1,25,25,0.0
svm,bigram,full,6,unith,Nielsen,top_ten,trial,Nov_3_g0,399,6,1,S,6S,,,1,1.0,1,26,26,0.0
svm,bigram,full,6,unith,Nielsen,top_ten,trial,Nov_3_g0,399,6,1,S,6S,,,1,1.0,1,27,27,0.0
svm,bigram,full,6,unith,Nielsen,top_ten,trial,Nov_3_g0,399,6,1,S,6S,,,1,1.0,1,28,28,0.0
svm,bigram,full,6,unith,Nielsen,top_ten,trial,Nov_3_g0,399,6,1,S,6S,,,1,1.0,1,29,29,0.0
svm,bigram,full,6,unith,Nielsen,top_ten,trial,Nov_3_g0,399,6,1,S,6S,,,1,1.0,1,30,30,0.0
svm,bigram,full,6,unith,Nielsen,top_ten,trial,Nov_3_g0,399,6,1,S,6S,,,1,1.0,1,31,31,0.0
svm,bigram,full,6,unith,Nielsen,top_ten,trial,Nov_3_g0,399,6,1,S,6S,,,1,1.0,1,32,32,0.0
svm,bigram,full,6,unith,Nielsen,top_ten,trial,Nov_3_g0,399,6,1,S,6S,,,1,1.0,1,33,33,0.0
svm,bigram,full,6,unith,Nielsen,top_ten,trial,Nov_3_g0,399,6,1,S,6S,,,1,1.0,1,34,34,0.0
svm,bigram,full,6,unith,Nielsen,top_ten,trial,Nov_3_g0,399,6,1,S,6S,,,1,1.0,1,35,35,0.0
svm,bigram,full,6,unith,Nielsen,top_ten,trial,Nov_9_g0,138,6,1,S,6S,,,1,1.0,2,0,0,0.0
svm,bigram,full,6,unith,Nielsen,top_ten,trial,Nov_9_g0,138,6,1,S,6S,,,1,1.0,2,1,1,0.0
svm,bigram,full,6,unith,Nielsen,top_ten,trial,Nov_9_g0,138,6,1,S,6S,,,1,1.0,2,2,2,0.0
svm,bigram,full,6,unith,Nielsen,top_ten,trial,Nov_9_g0,138,6,1,S,6S,,,1,1.0,2,3,3,0.0
svm,bigram,full,6,unith,Nielsen,top_ten,trial,Nov_9_g0,138,6,1,S,6S,,,1,1.0,2,4,4,0.0
svm,bigram,full,6,unith,Nielsen,top_ten,trial,Nov_9_g0,138,6,1,S,6S,,,1,1.0,2,5,5,0.0
svm,bigram,full,6,unith,Nielsen,top_ten,trial,Nov_9_g0,138,6,1,S,6S,,,1,1.0,2,6,6,0.0
svm,bigram,full,6,unith,Nielsen,top_ten,trial,Nov_9_g0,138,6,1,S,6S,,,1,1.0,2,7,7,0.0
svm,bigram,full,6,unith,Nielsen,top_ten,trial,Nov_9_g0,138,6,1,S,6S,,,1,1.0,2,8,8,0.0
svm,bigram,full,6,unith,Nielsen,top_ten,trial,Nov_9_g0,138,6,1,S,6S,,,1,1.0,2,9,9,0.5
svm,bigram,full,6,unith,Nielsen,top_ten,trial,Nov_9_g0,138,6,1,S,6S,,,1,1.0,2,10,10,0.0
svm,bigram,full,6,unith,Nielsen,top_ten,trial,Nov_9_g0,138,6,1,S,6S,,,1,1.0,2,11,11,0.0
svm,bigram,full,6,unith,Nielsen,top_ten,trial,Nov_9_g0,138,6,1,S,6S,,,1,1.0,2,12,12,0.0
svm,bigram,full,6,unith,Nielsen,top_ten,trial,Nov_9_g0,138,6,1,S,6S,,,1,1.0,2,13,13,0.0
svm,bigram,full,6,unith,Nielsen,top_ten,trial,Nov_9_g0,138,6,1,S,6S,,,1,1.0,2,14,14,0.0
svm,bigram,full,6,unith,Nielsen,top_ten,trial,Nov_9_g0,138,6,1,S,6S,,,1,1.0,2,15,15,0.0
svm,bigram,full,6,unith,Nielsen,top_ten,trial,Nov_9_g0,138,6,1,S,6S,,,1,1.0,2,16,16,0.0
svm,bigram,full,6,unith,Nielsen,top_ten,trial,Nov_9_g0,138,6,1,S,6S,,,1,1.0,2,17,17,0.0
svm,bigram,full,6,unith,Nielsen,top_ten,trial,Nov_9_g0,138,6,1,S,6S,,,1,1.0,2,18,18,0.0
svm,bigram,full,6,unith,Nielsen,top_ten,trial,Nov_9_g0,138,6,1,S,6S,,,1,1.0,2,19,19,0.5
svm,bigram,full,6,unith,Nielsen,top_ten,trial,Nov_9_g0,138,6,1,S,6S,,,1,1.0,2,20,20,0.0
svm,bigram,full,6,unith,Nielsen,top_ten,trial,Nov_9_g0,138,6,1,S,6S,,,1,1.0,2,21,21,0.0
svm,bigram,full,6,unith,Nielsen,top_ten,trial,Nov_9_g0,138,6,1,S,6S,,,1,1.0,2,22,22,0.0
svm,bigram,full,6,unith,Nielsen,top_ten,trial,Nov_9_g0,138,6,1,S,6S,,,1,1.0,2,23,23,0.0
svm,bigram,full,6,unith,Nielsen,top_ten,trial,Nov_9_g0,138,6,1,S,6S,,,1,1.0,2,24,24,0.0
svm,bigram,full,6,unith,Nielsen,top_ten,trial,Nov_9_g0,138,6,1,S,6S,,,1,1.0,2,25,25,0.0
svm,bigram,full,6,unith,Nielsen,top_ten,trial,Nov_9_g0,138,6,1,S,6S,,,1,1.0,2,26,26,0.0
svm,bigram,full,6,unith,Nielsen,top_ten,trial,Nov_9_g0,138,6,1,S,6S,,,1,1.0,2,27,27,0.0
svm,bigram,full,6,unith,Nielsen,top_ten,trial,Nov_9_g0,138,6,1,S,6S,,,1,1.0,2,28,28,0.0
svm,bigram,full,6,unith,Nielsen,top_ten,trial,Nov_9_g0,138,6,1,S,6S,,,1,1.0,2,29,29,0.0
svm,bigram,full,6,unith,Nielsen,top_ten,trial,Nov_9_g0,138,6,1,S,6S,,,1,1.0,2,30,30,0.0
svm,bigram,full,6,unith,Nielsen,top_ten,trial,Nov_9_g0,138,6,1,S,6S,,,1,1.0,2,31,31,0.0
svm,bigram,full,6,unith,Nielsen,top_ten,trial,Nov_9_g0,138,6,1,S,6S,,,1,1.0,2,32,32,0.0
svm,bigram,full,6,unith,Nielsen,top_ten,trial,Nov_9_g0,138,6,1,S,6S,,,1,1.0,2,33,33,0.0
svm,bigram,full,6,unith,Nielsen,top_ten,trial,Nov_9_g0,138,6,1,S,6S,,,1,1.0,2,34,34,0.0
svm,bigram,full,6,unith,Nielsen,top_ten,trial,Nov_9_g0,138,6,1,S,6S,,,1,1.0,2,35,35,0.0
svm,bigram,full,6,unith,Nielsen,top_ten,trial,Nov_4_g0,250,6,1,S,6S,,,1,0.0,0,0,0,0.0
svm,bigram,full,6,unith,Nielsen,top_ten,trial,Nov_4_g0,250,6,1,S,6S,,,1,0.0,0,1,1,0.0
svm,bigram,full,6,unith,Nielsen,top_ten,trial,Nov_4_g0,250,6,1,S,6S,,,1,0.0,0,2,2,0.0
svm,bigram,full,6,unith,Nielsen,top_ten,trial,Nov_4_g0,250,6,1,S,6S,,,1,0.0,0,3,3,0.0
svm,bigram,full,6,unith,Nielsen,top_ten,trial,Nov_4_g0,250,6,1,S,6S,,,1,0.0,0,4,4,0.0
svm,bigram,full,6,unith,Nielsen,top_ten,trial,Nov_4_g0,250,6,1,S,6S,,,1,0.0,0,5,5,0.0
svm,bigram,full,6,unith,Nielsen,top_ten,trial,Nov_4_g0,250,6,1,S,6S,,,1,0.0,0,6,6,0.0
svm,bigram,full,6,unith,Nielsen,top_ten,trial,Nov_4_g0,250,6,1,S,6S,,,1,0.0,0,7,7,0.0
svm,bigram,full,6,unith,Nielsen,top_ten,trial,Nov_4_g0,250,6,1,S,6S,,,1,0.0,0,8,8,0.0
svm,bigram,full,6,unith,Nielsen,top_ten,trial,Nov_4_g0,250,6,1,S,6S,,,1,0.0,0,9,9,0.0
svm,bigram,full,6,unith,Nielsen,top_ten,trial,Nov_4_g0,250,6,1,S,6S,,,1,0.0,0,10,10,0.0
svm,bigram,full,6,unith,Nielsen,top_ten,trial,Nov_4_g0,250,6,1,S,6S,,,1,0.0,0,11,11,0.0
svm,bigram,full,6,unith,Nielsen,top_ten,trial,Nov_4_g0,250,6,1,S,6S,,,1,0.0,0,12,12,0.0
svm,bigram,full,6,unith,Nielsen,top_ten,trial,Nov_4_g0,250,6,1,S,6S,,,1,0.0,0,13,13,0.0
svm,bigram,full,6,unith,Nielsen,top_ten,trial,Nov_4_g0,250,6,1,S,6S,,,1,0.0,0,14,14,0.0
svm,bigram,full,6,unith,Nielsen,top_ten,trial,Nov_4_g0,250,6,1,S,6S,,,1,0.0,0,15,15,0.0
svm,bigram,full,6,unith,Nielsen,top_ten,trial,Nov_4_g0,250,6,1,S,6S,,,1,0.0,0,16,16,0.0
svm,bigram,full,6,unith,Nielsen,top_ten,trial,Nov_4_g0,250,6,1,S,6S,,,1,0.0,0,17,17,0.0
svm,bigram,full,6,unith,Nielsen,top_ten,trial,Nov_4_g0,250,6,1,S,6S,,,1,0.0,0,18,18,0.0
svm,bigram,full,6,unith,Nielsen,top_ten,trial,Nov_4_g0,250,6,1,S,6S,,,1,0.0,0,19,19,0.0
svm,bigram,full,6,unith,Nielsen,top_ten,trial,Nov_4_g0,250,6,1,S,6S,,,1,0.0,0,20,20,0.0
svm,bigram,full,6,unith,Nielsen,top_ten,trial,Nov_4_g0,250,6,1,S,6S,,,1,0.0,0,21,21,0.0
svm,bigram,full,6,unith,Nielsen,top_ten,trial,Nov_4_g0,250,6,1,S,6S,,,1,0.0,0,22,22,0.0
svm,bigram,full,6,unith,Nielsen,top_ten,trial,Nov_4_g0,250,6,1,S,6S,,,1,0.0,0,23,23,0.0
svm,bigram,full,6,unith,Nielsen,top_ten,trial,Nov_4_g0,250,6,1,S,6S,,,1,0.0,0,24,24,0.0
svm,bigram,full,6,unith,Nielsen,top_ten,trial,Nov_4_g0,250,6,1,S,6S,,,1,0.0,0,25,25,0.0
svm,bigram,full,6,unith,Nielsen,top_ten,trial,Nov_4_g0,250,6,1,S,6S,,,1,0.0,0,26,26,0.0
svm,bigram,full,6,unith,Nielsen,top_ten,trial,Nov_4_g0,250,6,1,S,6S,,,1,0.0,0,27,27,0.0
svm,bigram,full,6,unith,Nielsen,top_ten,trial,Nov_4_g0,250,6,1,S,6S,,,1,0.0,0,28,28,0.0
svm,bigram,full,6,unith,Nielsen,top_ten,trial,Nov_4_g0,250,6,1,S,6S,,,1,0.0,0,29,29,0.0
svm,bigram,full,6,unith,Nielsen,top_ten,trial,Nov_4_g0,250,6,1,S,6S,,,1,0.0,0,30,30,0.0
svm,bigram,full,6,unith,Nielsen,top_ten,trial,Nov_4_g0,250,6,1,S,6S,,,1,0.0,0,31,31,0.0
svm,bigram,full,6,unith,Nielsen,top_ten,trial,Nov_4_g0,250,6,1,S,6S,,,1,0.0,0,32,32,0.0
svm,bigram,full,6,unith,Nielsen,top_ten,trial,Nov_4_g0,250,6,1,S,6S,,,1,0.0,0,33,33,0.0
svm,bigram,full,6,unith,Nielsen,top_ten,trial,Nov_4_g0,250,6,1,S,6S,,,1,0.0,0,34,34,0.0
svm,bigram,full,6,unith,Nielsen,top_ten,trial,Nov_4_g0,250,6,1,S,6S,,,1,0.0,0,35,35,0.0
svm,bigram,full,6,unith,Nielsen,top_ten,half_mean,,,1,0,H,1H,a,0,300,0.9366666763027509,24,0,0,0.0
svm,bigram,full,6,unith,Nielsen,top_ten,half_mean,,,1,0,H,1H,a,0,300,0.9366666763027509,24,1,1,0.18838888987898827
svm,bigram,full,6,unith,Nielsen,top_ten,half_mean,,,1,0,H,1H,a,0,300,0.9366666763027509,24,2,2,0.0
svm,bigram,full,6,unith,Nielsen,top_ten,half_mean,,,1,0,H,1H,a,0,300,0.9366666763027509,24,3,3,0.026888889173666636
svm,bigram,full,6,unith,Nielsen,top_ten,half_mean,,,1,0,H,1H,a,0,300,0.9366666763027509,24,4,4,0.0
svm,bigram,full,6,unith,Nielsen,top_ten,half_mean,,,1,0,H,1H,a,0,300,0.9366666763027509,24,5,5,0.0
svm,bigram,full,6,unith,Nielsen,top_ten,half_mean,,,1,0,H,1H,a,0,300,0.9366666763027509,24,6,6,0.01511111115415891
svm,bigram,full,6,unith,Nielsen,top_ten,half_mean,,,1,0,H,1H,a,0,300,0.9366666763027509,24,7,7,0.0
svm,bigram,full,6,unith,Nielsen,top_ten,half_mean,,,1,0,H,1H,a,0,300,0.9366666763027509,24,8,8,0.010777777930100759
svm,bigram,full,6,unith,Nielsen,top_ten,half_mean,,,1,0,H,1H,a,0,300,0.9366666763027509,24,9,9,0.02444444457689921
svm,bigram,full,6,unith,Nielsen,top_ten,half_mean,,,1,0,H,1H,a,0,300,0.9366666763027509,24,10,10,0.003944444507360458
svm,bigram,full,6,unith,Nielsen,top_ten,half_mean,,,1,0,H,1H,a,0,300,0.9366666763027509,24,11,11,0.13872222433487574
svm,bigram,full,6,unith,Nielsen,top_ten,half_mean,,,1,0,H,1H,a,0,300,0.9366666763027509,24,12,12,0.015666666875282922
svm,bigram,full,6,unith,Nielsen,top_ten,half_mean,,,1,0,H,1H,a,0,300,0.9366666763027509,24,13,13,0.023444444785515467
svm,bigram,full,6,unith,Nielsen,top_ten,half_mean,,,1,0,H,1H,a,0,300,0.9366666763027509,24,14,14,0.0
svm,bigram,full,6,unith,Nielsen,top_ten,half_mean,,,1,0,H,1H,a,0,300,0.9366666763027509,24,15,15,0.011777777870496114
svm,bigram,full,6,unith,Nielsen,top_ten,half_mean,,,1,0,H,1H,a,0,300,0.9366666763027509,24,16,16,0.0
svm,bigram,full,6,unith,Nielsen,top_ten,half_mean,,,1,0,H,1H,a,0,300,0.9366666763027509,24,17,17,0.0
svm,bigram,full,6,unith,Nielsen,top_ten,half_mean,,,1,0,H,1H,a,0,300,0.9366666763027509,24,18,18,0.03672222251693408
svm,bigram,full,6,unith,Nielsen,top_ten,half_mean,,,1,0,H,1H,a,0,300,0.9366666763027509,24,19,19,0.1562222237388293
svm,bigram,full,6,unith,Nielsen,top_ten,half_mean,,,1,0,H,1H,a,0,300,0.9366666763027509,24,20,20,0.004833333442608515
svm,bigram,full,6,unith,Nielsen,top_ten,half_mean,,,1,0,H,1H,a,0,300,0.9366666763027509,24,21,21,0.0
svm,bigram,full,6,unith,Nielsen,top_ten,half_mean,,,1,0,H,1H,a,0,300,0.9366666763027509,24,22,22,0.0
svm,bigram,full,6,unith,Nielsen,top_ten,half_mean,,,1,0,H,1H,a,0,300,0.9366666763027509,24,23,23,0.006777777920166652
svm,bigram,full,6,unith,Nielsen,top_ten,half_mean,,,1,0,H,1H,a,0,300,0.9366666763027509,24,24,24,0.0011111111442248026
svm,bigram,full,6,unith,Nielsen,top_ten,half_mean,,,1,0,H,1H,a,0,300,0.9366666763027509,24,25,25,0.006388889054457347
svm,bigram,full,6,unith,Nielsen,top_ten,half_mean,,,1,0,H,1H,a,0,300,0.9366666763027509,24,26,26,0.006777777820825576
svm,bigram,full,6,unith,Nielsen,top_ten,half_mean,,,1,0,H,1H,a,0,300,0.9366666763027509,24,27,27,0.002222222288449605
svm,bigram,full,6,unith,Nielsen,top_ten,half_mean,,,1,0,H,1H,a,0,300,0.9366666763027509,24,28,28,0.0
svm,bigram,full,6,unith,Nielsen,top_ten,half_mean,,,1,0,H,1H,a,0,300,0.9366666763027509,24,29,29,0.009222222318251927
svm,bigram,full,6,unith,Nielsen,top_ten,half_mean,,,1,0,H,1H,a,0,300,0.9366666763027509,24,30,30,0.02583333373069763
svm,bigram,full,6,unith,Nielsen,top_ten,half_mean,,,1,0,H,1H,a,0,300,0.9366666763027509,24,31,31,0.13894444530208905
svm,bigram,full,6,unith,Nielsen,top_ten,half_mean,,,1,0,H,1H,a,0,300,0.9366666763027509,24,32,32,0.012111111283302308
svm,bigram,full,6,unith,Nielsen,top_ten,half_mean,,,1,0,H,1H,a,0,300,0.9366666763027509,24,33,33,0.06272222340106964
svm,bigram,full,6,unith,Nielsen,top_ten,half_mean,,,1,0,H,1H,a,0,300,0.9366666763027509,24,34,34,0.007611111253499985
svm,bigram,full,6,unith,Nielsen,top_ten,half_mean,,,1,0,H,1H,a,0,300,0.9366666763027509,24,35,35,0.0
svm,bigram,full,6,unith,Nielsen,top_ten,half_mean,,,1,0,H,1H,b,0,300,0.9100000089903673,26,0,0,0.0
svm,bigram,full,6,unith,Nielsen,top_ten,half_mean,,,1,0,H,1H,b,0,300,0.9100000089903673,26,1,1,0.1880555570622285
svm,bigram,full,6,unith,Nielsen,top_ten,half_mean,,,1,0,H,1H,b,0,300,0.9100000089903673,26,2,2,0.0016666666666666668
svm,bigram,full,6,unith,Nielsen,top_ten,half_mean,,,1,0,H,1H,b,0,300,0.9100000089903673,26,3,3,0.026111111541589103
svm,bigram,full,6,unith,Nielsen,top_ten,half_mean,,,1,0,H,1H,b,0,300,0.9100000089903673,26,4,4,0.0
svm,bigram,full,6,unith,Nielsen,top_ten,half_mean,,,1,0,H,1H,b,0,300,0.9100000089903673,26,5,5,0.0011111111442248026
svm,bigram,full,6,unith,Nielsen,top_ten,half_mean,,,1,0,H,1H,b,0,300,0.9100000089903673,26,6,6,0.013611111243565878
svm,bigram,full,6,unith,Nielsen,top_ten,half_mean,,,1,0,H,1H,b,0,300,0.9100000089903673,26,7,7,0.0
svm,bigram,full,6,unith,Nielsen,top_ten,half_mean,,,1,0,H,1H,b,0,300,0.9100000089903673,26,8,8,0.015055555800596873
svm,bigram,full,6,unith,Nielsen,top_ten,half_mean,,,1,0,H,1H,b,0,300,0.9100000089903673,26,9,9,0.026500000208616255
svm,bigram,full,6,unith,Nielsen,top_ten,half_mean,,,1,0,H,1H,b,0,300,0.9100000089903673,26,10,10,0.005222222258647283
svm,bigram,full,6,unith,Nielsen,top_ten,half_mean,,,1,0,H,1H,b,0,300,0.9100000089903673,26,11,11,0.13872222383817037
svm,bigram,full,6,unith,Nielsen,top_ten,half_mean,,,1,0,H,1H,b,0,300,0.9100000089903673,26,12,12,0.02133333370089531
svm,bigram,full,6,unith,Nielsen,top_ten,half_mean,,,1,0,H,1H,b,0,300,0.9100000089903673,26,13,13,0.03305555562178294
svm,bigram,full,6,unith,Nielsen,top_ten,half_mean,,,1,0,H,1H,b,0,300,0.9100000089903673,26,14,14,0.0
svm,bigram,full,6,unith,Nielsen,top_ten,half_mean,,,1,0,H,1H,b,0,300,0.9100000089903673,26,15,15,0.01022222230831782
svm,bigram,full,6,unith,Nielsen,top_ten,half_mean,,,1,0,H,1H,b,0,300,0.9100000089903673,26,16,16,0.0016666666666666668
svm,bigram,full,6,unith,Nielsen,top_ten,half_mean,,,1,0,H,1H,b,0,300,0.9100000089903673,26,17,17,0.0
svm,bigram,full,6,unith,Nielsen,top_ten,half_mean,,,1,0,H,1H,b,0,300,0.9100000089903673,26,18,18,0.02827777827779452
svm,bigram,full,6,unith,Nielsen,top_ten,half_mean,,,1,0,H,1H,b,0,300,0.9100000089903673,26,19,19,0.12355555678407351
svm,bigram,full,6,unith,Nielsen,top_ten,half_mean,,,1,0,H,1H,b,0,300,0.9100000089903673,26,20,20,0.0038888890047868094
svm,bigram,full,6,unith,Nielsen,top_ten,half_mean,,,1,0,H,1H,b,0,300,0.9100000089903673,26,21,21,0.0
svm,bigram,full,6,unith,Nielsen,top_ten,half_mean,,,1,0,H,1H,b,0,300,0.9100000089903673,26,22,22,0.0
svm,bigram,full,6,unith,Nielsen,top_ten,half_mean,,,1,0,H,1H,b,0,300,0.9100000089903673,26,23,23,0.007500000099341075
svm,bigram,full,6,unith,Nielsen,top_ten,half_mean,,,1,0,H,1H,b,0,300,0.9100000089903673,26,24,24,0.0008333333333333334
svm,bigram,full,6,unith,Nielsen,top_ten,half_mean,,,1,0,H,1H,b,0,300,0.9100000089903673,26,25,25,0.01522222230831782
svm,bigram,full,6,unith,Nielsen,top_ten,half_mean,,,1,0,H,1H,b,0,300,0.9100000089903673,26,26,26,0.003166666676600774
svm,bigram,full,6,unith,Nielsen,top_ten,half_mean,,,1,0,H,1H,b,0,300,0.9100000089903673,26,27,27,0.0
svm,bigram,full,6,unith,Nielsen,top_ten,half_mean,,,1,0,H,1H,b,0,300,0.9100000089903673,26,28,28,0.0
svm,bigram,full,6,unith,Nielsen,top_ten,half_mean,,,1,0,H,1H,b,0,300,0.9100000089903673,26,29,29,0.0033333333830038708
svm,bigram,full,6,unith,Nielsen,top_ten,half_mean,,,1,0,H,1H,b,0,300,0.9100000089903673,26,30,30,0.039277778218189875
svm,bigram,full,6,unith,Nielsen,top_ten,half_mean,,,1,0,H,1H,b,0,300,0.9100000089903673,26,31,31,0.13711111182967822
svm,bigram,full,6,unith,Nielsen,top_ten,half_mean,,,1,0,H,1H,b,0,300,0.9100000089903673,26,32,32,0.008888889004786809
svm,bigram,full,6,unith,Nielsen,top_ten,half_mean,,,1,0,H,1H,b,0,300,0.9100000089903673,26,33,33,0.043722223043441776
svm,bigram,full,6,unith,Nielsen,top_ten,half_mean,,,1,0,H,1H,b,0,300,0.9100000089903673,26,34,34,0.01288888896505038
svm,bigram,full,6,unith,Nielsen,top_ten,half_mean,,,1,0,H,1H,b,0,300,0.9100000089903673,26,35,35,0.0
svm,bigram,full,6,unith,Nielsen,top_ten,half_mean,,,1,1,S,1S,a,0,13,1.000000013754918,12,0,0,0.0
svm,bigram,full,6,unith,Nielsen,top_ten,half_mean,,,1,1,S,1S,a,0,13,1.000000013754918,12,1,1,0.12179487485152024
svm,bigram,full,6,unith,Nielsen,top_ten,half_mean,,,1,1,S,1S,a,0,13,1.000000013754918,12,2,2,0.0
svm,bigram,full,6,unith,Nielsen,top_ten,half_mean,,,1,1,S,1S,a,0,13,1.000000013754918,12,3,3,0.025641026405187752
svm,bigram,full,6,unith,Nielsen,top_ten,half_mean,,,1,1,S,1S,a,0,13,1.000000013754918,12,4,4,0.0
svm,bigram,full,6,unith,Nielsen,top_ten,half_mean,,,1,1,S,1S,a,0,13,1.000000013754918,12,5,5,0.0
svm,bigram,full,6,unith,Nielsen,top_ten,half_mean,,,1,1,S,1S,a,0,13,1.000000013754918,12,6,6,0.07051282204114474
svm,bigram,full,6,unith,Nielsen,top_ten,half_mean,,,1,1,S,1S,a,0,13,1.000000013754918,12,7,7,0.0
svm,bigram,full,6,unith,Nielsen,top_ten,half_mean,,,1,1,S,1S,a,0,13,1.000000013754918,12,8,8,0.0
svm,bigram,full,6,unith,Nielsen,top_ten,half_mean,,,1,1,S,1S,a,0,13,1.000000013754918,12,9,9,0.025641026405187752
svm,bigram,full,6,unith,Nielsen,top_ten,half_mean,,,1,1,S,1S,a,0,13,1.000000013754918,12,10,10,0.0
svm,bigram,full,6,unith,Nielsen,top_ten,half_mean,,,1,1,S,1S,a,0,13,1.000000013754918,12,11,11,0.08333333409749545
svm,bigram,full,6,unith,Nielsen,top_ten,half_mean,,,1,1,S,1S,a,0,13,1.000000013754918,12,12,12,0.0
svm,bigram,full,6,unith,Nielsen,top_ten,half_mean,,,1,1,S,1S,a,0,13,1.000000013754918,12,13,13,0.0
svm,bigram,full,6,unith,Nielsen,top_ten,half_mean,,,1,1,S,1S,a,0,13,1.000000013754918,12,14,14,0.0
svm,bigram,full,6,unith,Nielsen,top_ten,half_mean,,,1,1,S,1S,a,0,13,1.000000013754918,12,15,15,0.0
svm,bigram,full,6,unith,Nielsen,top_ten,half_mean,,,1,1,S,1S,a,0,13,1.000000013754918,12,16,16,0.0
svm,bigram,full,6,unith,Nielsen,top_ten,half_mean,,,1,1,S,1S,a,0,13,1.000000013754918,12,17,17,0.0
svm,bigram,full,6,unith,Nielsen,top_ten,half_mean,,,1,1,S,1S,a,0,13,1.000000013754918,12,18,18,0.051282052810375504
svm,bigram,full,6,unith,Nielsen,top_ten,half_mean,,,1,1,S,1S,a,0,13,1.000000013754918,12,19,19,0.2435897451180678
svm,bigram,full,6,unith,Nielsen,top_ten,half_mean,,,1,1,S,1S,a,0,13,1.000000013754918,12,20,20,0.0
svm,bigram,full,6,unith,Nielsen,top_ten,half_mean,,,1,1,S,1S,a,0,13,1.000000013754918,12,21,21,0.0
svm,bigram,full,6,unith,Nielsen,top_ten,half_mean,,,1,1,S,1S,a,0,13,1.000000013754918,12,22,22,0.0
svm,bigram,full,6,unith,Nielsen,top_ten,half_mean,,,1,1,S,1S,a,0,13,1.000000013754918,12,23,23,0.038461538461538464
svm,bigram,full,6,unith,Nielsen,top_ten,half_mean,,,1,1,S,1S,a,0,13,1.000000013754918,12,24,24,0.0
svm,bigram,full,6,unith,Nielsen,top_ten,half_mean,,,1,1,S,1S,a,0,13,1.000000013754918,12,25,25,0.07692307692307693
svm,bigram,full,6,unith,Nielsen,top_ten,half_mean,,,1,1,S,1S,a,0,13,1.000000013754918,12,26,26,0.0
svm,bigram,full,6,unith,Nielsen,top_ten,half_mean,,,1,1,S,1S,a,0,13,1.000000013754918,12,27,27,0.0
svm,bigram,full,6,unith,Nielsen,top_ten,half_mean,,,1,1,S,1S,a,0,13,1.000000013754918,12,28,28,0.0
svm,bigram,full,6,unith,Nielsen,top_ten,half_mean,,,1,1,S,1S,a,0,13,1.000000013754918,12,29,29,0.0
svm,bigram,full,6,unith,Nielsen,top_ten,half_mean,,,1,1,S,1S,a,0,13,1.000000013754918,12,30,30,0.025641026405187752
svm,bigram,full,6,unith,Nielsen,top_ten,half_mean,,,1,1,S,1S,a,0,13,1.000000013754918,12,31,31,0.1730769253694094
svm,bigram,full,6,unith,Nielsen,top_ten,half_mean,,,1,1,S,1S,a,0,13,1.000000013754918,12,32,32,0.0
svm,bigram,full,6,unith,Nielsen,top_ten,half_mean,,,1,1,S,1S,a,0,13,1.000000013754918,12,33,33,0.06410256486672622
svm,bigram,full,6,unith,Nielsen,top_ten,half_mean,,,1,1,S,1S,a,0,13,1.000000013754918,12,34,34,0.0
svm,bigram,full,6,unith,Nielsen,top_ten,half_mean,,,1,1,S,1S,a,0,13,1.000000013754918,12,35,35,0.0
svm,bigram,full,6,unith,Nielsen,top_ten,half_mean,,,1,1,S,1S,b,0,13,1.000000013754918,13,0,0,0.0
svm,bigram,full,6,unith,Nielsen,top_ten,half_mean,,,1,1,S,1S,b,0,13,1.000000013754918,13,1,1,0.23717949023613563
svm,bigram,full,6,unith,Nielsen,top_ten,half_mean,,,1,1,S,1S,b,0,13,1.000000013754918,13,2,2,0.0
svm,bigram,full,6,unith,Nielsen,top_ten,half_mean,,,1,1,S,1S,b,0,13,1.000000013754918,13,3,3,0.0
svm,bigram,full,6,unith,Nielsen,top_ten,half_mean,,,1,1,S,1S,b,0,13,1.000000013754918,13,4,4,0.0
svm,bigram,full,6,unith,Nielsen,top_ten,half_mean,,,1,1,S,1S,b,0,13,1.000000013754918,13,5,5,0.0
svm,bigram,full,6,unith,Nielsen,top_ten,half_mean,,,1,1,S,1S,b,0,13,1.000000013754918,13,6,6,0.0
svm,bigram,full,6,unith,Nielsen,top_ten,half_mean,,,1,1,S,1S,b,0,13,1.000000013754918,13,7,7,0.0
svm,bigram,full,6,unith,Nielsen,top_ten,half_mean,,,1,1,S,1S,b,0,13,1.000000013754918,13,8,8,0.025641026405187752
svm,bigram,full,6,unith,Nielsen,top_ten,half_mean,,,1,1,S,1S,b,0,13,1.000000013754918,13,9,9,0.038461538461538464
svm,bigram,full,6,unith,Nielsen,top_ten,half_mean,,,1,1,S,1S,b,0,13,1.000000013754918,13,10,10,0.025641026405187752
svm,bigram,full,6,unith,Nielsen,top_ten,half_mean,,,1,1,S,1S,b,0,13,1.000000013754918,13,11,11,0.1730769253694094
svm,bigram,full,6,unith,Nielsen,top_ten,half_mean,,,1,1,S,1S,b,0,13,1.000000013754918,13,12,12,0.025641026405187752
svm,bigram,full,6,unith,Nielsen,top_ten,half_mean,,,1,1,S,1S,b,0,13,1.000000013754918,13,13,13,0.025641026405187752
svm,bigram,full,6,unith,Nielsen,top_ten,half_mean,,,1,1,S,1S,b,0,13,1.000000013754918,13,14,14,0.0
svm,bigram,full,6,unith,Nielsen,top_ten,half_mean,,,1,1,S,1S,b,0,13,1.000000013754918,13,15,15,0.0
svm,bigram,full,6,unith,Nielsen,top_ten,half_mean,,,1,1,S,1S,b,0,13,1.000000013754918,13,16,16,0.0
svm,bigram,full,6,unith,Nielsen,top_ten,half_mean,,,1,1,S,1S,b,0,13,1.000000013754918,13,17,17,0.0
svm,bigram,full,6,unith,Nielsen,top_ten,half_mean,,,1,1,S,1S,b,0,13,1.000000013754918,13,18,18,0.06410256486672622
svm,bigram,full,6,unith,Nielsen,top_ten,half_mean,,,1,1,S,1S,b,0,13,1.000000013754918,13,19,19,0.16025641102057236
svm,bigram,full,6,unith,Nielsen,top_ten,half_mean,,,1,1,S,1S,b,0,13,1.000000013754918,13,20,20,0.0
svm,bigram,full,6,unith,Nielsen,top_ten,half_mean,,,1,1,S,1S,b,0,13,1.000000013754918,13,21,21,0.0
svm,bigram,full,6,unith,Nielsen,top_ten,half_mean,,,1,1,S,1S,b,0,13,1.000000013754918,13,22,22,0.0
svm,bigram,full,6,unith,Nielsen,top_ten,half_mean,,,1,1,S,1S,b,0,13,1.000000013754918,13,23,23,0.0
svm,bigram,full,6,unith,Nielsen,top_ten,half_mean,,,1,1,S,1S,b,0,13,1.000000013754918,13,24,24,0.025641026405187752
svm,bigram,full,6,unith,Nielsen,top_ten,half_mean,,,1,1,S,1S,b,0,13,1.000000013754918,13,25,25,0.0
svm,bigram,full,6,unith,Nielsen,top_ten,half_mean,,,1,1,S,1S,b,0,13,1.000000013754918,13,26,26,0.0
svm,bigram,full,6,unith,Nielsen,top_ten,half_mean,,,1,1,S,1S,b,0,13,1.000000013754918,13,27,27,0.0
svm,bigram,full,6,unith,Nielsen,top_ten,half_mean,,,1,1,S,1S,b,0,13,1.000000013754918,13,28,28,0.0
svm,bigram,full,6,unith,Nielsen,top_ten,half_mean,,,1,1,S,1S,b,0,13,1.000000013754918,13,29,29,0.0
svm,bigram,full,6,unith,Nielsen,top_ten,half_mean,,,1,1,S,1S,b,0,13,1.000000013754918,13,30,30,0.025641026405187752
svm,bigram,full,6,unith,Nielsen,top_ten,half_mean,,,1,1,S,1S,b,0,13,1.000000013754918,13,31,31,0.10256410332826468
svm,bigram,full,6,unith,Nielsen,top_ten,half_mean,,,1,1,S,1S,b,0,13,1.000000013754918,13,32,32,0.0
svm,bigram,full,6,unith,Nielsen,top_ten,half_mean,,,1,1,S,1S,b,0,13,1.000000013754918,13,33,33,0.07051282204114474
svm,bigram,full,6,unith,Nielsen,top_ten,half_mean,,,1,1,S,1S,b,0,13,1.000000013754918,13,34,34,0.0
svm,bigram,full,6,unith,Nielsen,top_ten,half_mean,,,1,1,S,1S,b,0,13,1.000000013754918,13,35,35,0.0
svm,bigram,full,6,unith,Nielsen,top_ten,half_mean,,,2,0,H,2H,a,0,277,0.8339350246673026,23,0,0,0.0
svm,bigram,full,6,unith,Nielsen,top_ten,half_mean,,,2,0,H,2H,a,0,277,0.8339350246673026,23,1,1,0.20144404433264199
svm,bigram,full,6,unith,Nielsen,top_ten,half_mean,,,2,0,H,2H,a,0,277,0.8339350246673026,23,2,2,0.0
svm,bigram,full,6,unith,Nielsen,top_ten,half_mean,,,2,0,H,2H,a,0,277,0.8339350246673026,23,3,3,0.02569193761486439
svm,bigram,full,6,unith,Nielsen,top_ten,half_mean,,,2,0,H,2H,a,0,277,0.8339350246673026,23,4,4,0.0
svm,bigram,full,6,unith,Nielsen,top_ten,half_mean,,,2,0,H,2H,a,0,277,0.8339350246673026,23,5,5,0.0012033694702795698
svm,bigram,full,6,unith,Nielsen,top_ten,half_mean,,,2,0,H,2H,a,0,277,0.8339350246673026,23,6,6,0.021660649819494584
svm,bigram,full,6,unith,Nielsen,top_ten,half_mean,,,2,0,H,2H,a,0,277,0.8339350246673026,23,7,7,0.0
svm,bigram,full,6,unith,Nielsen,top_ten,half_mean,,,2,0,H,2H,a,0,277,0.8339350246673026,23,8,8,0.03050541560357228
svm,bigram,full,6,unith,Nielsen,top_ten,half_mean,,,2,0,H,2H,a,0,277,0.8339350246673026,23,9,9,0.0324909749444211
svm,bigram,full,6,unith,Nielsen,top_ten,half_mean,,,2,0,H,2H,a,0,277,0.8339350246673026,23,10,10,0.009326113152590038
svm,bigram,full,6,unith,Nielsen,top_ten,half_mean,,,2,0,H,2H,a,0,277,0.8339350246673026,23,11,11,0.09530686030319022
svm,bigram,full,6,unith,Nielsen,top_ten,half_mean,,,2,0,H,2H,a,0,277,0.8339350246673026,23,12,12,0.015764139780929373
svm,bigram,full,6,unith,Nielsen,top_ten,half_mean,,,2,0,H,2H,a,0,277,0.8339350246673026,23,13,13,0.03309265962576608
svm,bigram,full,6,unith,Nielsen,top_ten,half_mean,,,2,0,H,2H,a,0,277,0.8339350246673026,23,14,14,0.0
svm,bigram,full,6,unith,Nielsen,top_ten,half_mean,,,2,0,H,2H,a,0,277,0.8339350246673026,23,15,15,0.022081829419204904
svm,bigram,full,6,unith,Nielsen,top_ten,half_mean,,,2,0,H,2H,a,0,277,0.8339350246673026,23,16,16,0.0
svm,bigram,full,6,unith,Nielsen,top_ten,half_mean,,,2,0,H,2H,a,0,277,0.8339350246673026,23,17,17,0.0
svm,bigram,full,6,unith,Nielsen,top_ten,half_mean,,,2,0,H,2H,a,0,277,0.8339350246673026,23,18,18,0.041034898118852275
svm,bigram,full,6,unith,Nielsen,top_ten,half_mean,,,2,0,H,2H,a,0,277,0.8339350246673026,23,19,19,0.15006016942568204
svm,bigram,full,6,unith,Nielsen,top_ten,half_mean,,,2,0,H,2H,a,0,277,0.8339350246673026,23,20,20,0.0057160048493409416
svm,bigram,full,6,unith,Nielsen,top_ten,half_mean,,,2,0,H,2H,a,0,277,0.8339350246673026,23,21,21,0.0
svm,bigram,full,6,unith,Nielsen,top_ten,half_mean,,,2,0,H,2H,a,0,277,0.8339350246673026,23,22,22,0.0
svm,bigram,full,6,unith,Nielsen,top_ten,half_mean,,,2,0,H,2H,a,0,277,0.8339350246673026,23,23,23,0.002105896546091844
svm,bigram,full,6,unith,Nielsen,top_ten,half_mean,,,2,0,H,2H,a,0,277,0.8339350246673026,23,24,24,0.002105896546091844
svm,bigram,full,6,unith,Nielsen,top_ten,half_mean,,,2,0,H,2H,a,0,277,0.8339350246673026,23,25,25,0.011732852093149178
svm,bigram,full,6,unith,Nielsen,top_ten,half_mean,,,2,0,H,2H,a,0,277,0.8339350246673026,23,26,26,0.0030084236219041186
svm,bigram,full,6,unith,Nielsen,top_ten,half_mean,,,2,0,H,2H,a,0,277,0.8339350246673026,23,27,27,0.0
svm,bigram,full,6,unith,Nielsen,top_ten,half_mean,,,2,0,H,2H,a,0,277,0.8339350246673026,23,28,28,0.0
svm,bigram,full,6,unith,Nielsen,top_ten,half_mean,,,2,0,H,2H,a,0,277,0.8339350246673026,23,29,29,0.0
svm,bigram,full,6,unith,Nielsen,top_ten,half_mean,,,2,0,H,2H,a,0,277,0.8339350246673026,23,30,30,0.012454873872147571
svm,bigram,full,6,unith,Nielsen,top_ten,half_mean,,,2,0,H,2H,a,0,277,0.8339350246673026,23,31,31,0.08182912204239773
svm,bigram,full,6,unith,Nielsen,top_ten,half_mean,,,2,0,H,2H,a,0,277,0.8339350246673026,23,32,32,0.006137184126282427
svm,bigram,full,6,unith,Nielsen,top_ten,half_mean,,,2,0,H,2H,a,0,277,0.8339350246673026,23,33,33,0.024969916266224444
svm,bigram,full,6,unith,Nielsen,top_ten,half_mean,,,2,0,H,2H,a,0,277,0.8339350246673026,23,34,34,0.004211793092183688
svm,bigram,full,6,unith,Nielsen,top_ten,half_mean,,,2,0,H,2H,a,0,277,0.8339350246673026,23,35,35,0.0
svm,bigram,full,6,unith,Nielsen,top_ten,half_mean,,,2,0,H,2H,b,0,277,0.8194945923150231,25,0,0,0.0
svm,bigram,full,6,unith,Nielsen,top_ten,half_mean,,,2,0,H,2H,b,0,277,0.8194945923150231,25,1,1,0.17099879762756265
svm,bigram,full,6,unith,Nielsen,top_ten,half_mean,,,2,0,H,2H,b,0,277,0.8194945923150231,25,2,2,0.0012033694702795698
svm,bigram,full,6,unith,Nielsen,top_ten,half_mean,,,2,0,H,2H,b,0,277,0.8194945923150231,25,3,3,0.024368231154521018
svm,bigram,full,6,unith,Nielsen,top_ten,half_mean,,,2,0,H,2H,b,0,277,0.8194945923150231,25,4,4,0.0
svm,bigram,full,6,unith,Nielsen,top_ten,half_mean,,,2,0,H,2H,b,0,277,0.8194945923150231,25,5,5,0.0
svm,bigram,full,6,unith,Nielsen,top_ten,half_mean,,,2,0,H,2H,b,0,277,0.8194945923150231,25,6,6,0.0219013239072118
svm,bigram,full,6,unith,Nielsen,top_ten,half_mean,,,2,0,H,2H,b,0,277,0.8194945923150231,25,7,7,0.0
svm,bigram,full,6,unith,Nielsen,top_ten,half_mean,,,2,0,H,2H,b,0,277,0.8194945923150231,25,8,8,0.01413959114129793
svm,bigram,full,6,unith,Nielsen,top_ten,half_mean,,,2,0,H,2H,b,0,277,0.8194945923150231,25,9,9,0.04717208224513471
svm,bigram,full,6,unith,Nielsen,top_ten,half_mean,,,2,0,H,2H,b,0,277,0.8194945923150231,25,10,10,0.011552346688745685
svm,bigram,full,6,unith,Nielsen,top_ten,half_mean,,,2,0,H,2H,b,0,277,0.8194945923150231,25,11,11,0.09332130074716216
svm,bigram,full,6,unith,Nielsen,top_ten,half_mean,,,2,0,H,2H,b,0,277,0.8194945923150231,25,12,12,0.024488568252174433
svm,bigram,full,6,unith,Nielsen,top_ten,half_mean,,,2,0,H,2H,b,0,277,0.8194945923150231,25,13,13,0.02858002435429432
svm,bigram,full,6,unith,Nielsen,top_ten,half_mean,,,2,0,H,2H,b,0,277,0.8194945923150231,25,14,14,0.0
svm,bigram,full,6,unith,Nielsen,top_ten,half_mean,,,2,0,H,2H,b,0,277,0.8194945923150231,25,15,15,0.013537906352363339
svm,bigram,full,6,unith,Nielsen,top_ten,half_mean,,,2,0,H,2H,b,0,277,0.8194945923150231,25,16,16,0.0018050541516245488
svm,bigram,full,6,unith,Nielsen,top_ten,half_mean,,,2,0,H,2H,b,0,277,0.8194945923150231,25,17,17,0.0
svm,bigram,full,6,unith,Nielsen,top_ten,half_mean,,,2,0,H,2H,b,0,277,0.8194945923150231,25,18,18,0.034115523691642155
svm,bigram,full,6,unith,Nielsen,top_ten,half_mean,,,2,0,H,2H,b,0,277,0.8194945923150231,25,19,19,0.13068592177186203
svm,bigram,full,6,unith,Nielsen,top_ten,half_mean,,,2,0,H,2H,b,0,277,0.8194945923150231,25,20,20,0.005836341839404743
svm,bigram,full,6,unith,Nielsen,top_ten,half_mean,,,2,0,H,2H,b,0,277,0.8194945923150231,25,21,21,0.0
svm,bigram,full,6,unith,Nielsen,top_ten,half_mean,,,2,0,H,2H,b,0,277,0.8194945923150231,25,22,22,0.0
svm,bigram,full,6,unith,Nielsen,top_ten,half_mean,,,2,0,H,2H,b,0,277,0.8194945923150231,25,23,23,0.005415162562463258
svm,bigram,full,6,unith,Nielsen,top_ten,half_mean,,,2,0,H,2H,b,0,277,0.8194945923150231,25,24,24,0.0024067389405591395
svm,bigram,full,6,unith,Nielsen,top_ten,half_mean,,,2,0,H,2H,b,0,277,0.8194945923150231,25,25,25,0.015282791982058584
svm,bigram,full,6,unith,Nielsen,top_ten,half_mean,,,2,0,H,2H,b,0,277,0.8194945923150231,25,26,26,0.002105896546091844
svm,bigram,full,6,unith,Nielsen,top_ten,half_mean,,,2,0,H,2H,b,0,277,0.8194945923150231,25,27,27,0.0
svm,bigram,full,6,unith,Nielsen,top_ten,half_mean,,,2,0,H,2H,b,0,277,0.8194945923150231,25,28,28,0.0
svm,bigram,full,6,unith,Nielsen,top_ten,half_mean,,,2,0,H,2H,b,0,277,0.8194945923150231,25,29,29,0.0007220216714087807
svm,bigram,full,6,unith,Nielsen,top_ten,half_mean,,,2,0,H,2H,b,0,277,0.8194945923150231,25,30,30,0.015042118109520592
svm,bigram,full,6,unith,Nielsen,top_ten,half_mean,,,2,0,H,2H,b,0,277,0.8194945923150231,25,31,31,0.11347773827155144
svm,bigram,full,6,unith,Nielsen,top_ten,half_mean,,,2,0,H,2H,b,0,277,0.8194945923150231,25,32,32,0.007220216714087806
svm,bigram,full,6,unith,Nielsen,top_ten,half_mean,,,2,0,H,2H,b,0,277,0.8194945923150231,25,33,33,0.03080625810562919
svm,bigram,full,6,unith,Nielsen,top_ten,half_mean,,,2,0,H,2H,b,0,277,0.8194945923150231,25,34,34,0.0033092660163714137
svm,bigram,full,6,unith,Nielsen,top_ten,half_mean,,,2,0,H,2H,b,0,277,0.8194945923150231,25,35,35,0.0
svm,bigram,full,6,unith,Nielsen,top_ten,half_mean,,,2,1,S,2S,a,0,55,0.8545454621315002,19,0,0,0.0
svm,bigram,full,6,unith,Nielsen,top_ten,half_mean,,,2,1,S,2S,a,0,55,0.8545454621315002,19,1,1,0.2212121221152219
svm,bigram,full,6,unith,Nielsen,top_ten,half_mean,,,2,1,S,2S,a,0,55,0.8545454621315002,19,2,2,0.0
svm,bigram,full,6,unith,Nielsen,top_ten,half_mean,,,2,1,S,2S,a,0,55,0.8545454621315002,19,3,3,0.00909090909090909
svm,bigram,full,6,unith,Nielsen,top_ten,half_mean,,,2,1,S,2S,a,0,55,0.8545454621315002,19,4,4,0.0
svm,bigram,full,6,unith,Nielsen,top_ten,half_mean,,,2,1,S,2S,a,0,55,0.8545454621315002,19,5,5,0.0
svm,bigram,full,6,unith,Nielsen,top_ten,half_mean,,,2,1,S,2S,a,0,55,0.8545454621315002,19,6,6,0.004545454545454545
svm,bigram,full,6,unith,Nielsen,top_ten,half_mean,,,2,1,S,2S,a,0,55,0.8545454621315002,19,7,7,0.0
svm,bigram,full,6,unith,Nielsen,top_ten,half_mean,,,2,1,S,2S,a,0,55,0.8545454621315002,19,8,8,0.03242424320090901
svm,bigram,full,6,unith,Nielsen,top_ten,half_mean,,,2,1,S,2S,a,0,55,0.8545454621315002,19,9,9,0.04848484938794916
svm,bigram,full,6,unith,Nielsen,top_ten,half_mean,,,2,1,S,2S,a,0,55,0.8545454621315002,19,10,10,0.05151515169577165
svm,bigram,full,6,unith,Nielsen,top_ten,half_mean,,,2,1,S,2S,a,0,55,0.8545454621315002,19,11,11,0.05727272792295976
svm,bigram,full,6,unith,Nielsen,top_ten,half_mean,,,2,1,S,2S,a,0,55,0.8545454621315002,19,12,12,0.03636363690549677
svm,bigram,full,6,unith,Nielsen,top_ten,half_mean,,,2,1,S,2S,a,0,55,0.8545454621315002,19,13,13,0.028787878968498923
svm,bigram,full,6,unith,Nielsen,top_ten,half_mean,,,2,1,S,2S,a,0,55,0.8545454621315002,19,14,14,0.0
svm,bigram,full,6,unith,Nielsen,top_ten,half_mean,,,2,1,S,2S,a,0,55,0.8545454621315002,19,15,15,0.01333333362232555
svm,bigram,full,6,unith,Nielsen,top_ten,half_mean,,,2,1,S,2S,a,0,55,0.8545454621315002,19,16,16,0.0
svm,bigram,full,6,unith,Nielsen,top_ten,half_mean,,,2,1,S,2S,a,0,55,0.8545454621315002,19,17,17,0.0
svm,bigram,full,6,unith,Nielsen,top_ten,half_mean,,,2,1,S,2S,a,0,55,0.8545454621315002,19,18,18,0.03484848520972512
svm,bigram,full,6,unith,Nielsen,top_ten,half_mean,,,2,1,S,2S,a,0,55,0.8545454621315002,19,19,19,0.15575757731090892
svm,bigram,full,6,unith,Nielsen,top_ten,half_mean,,,2,1,S,2S,a,0,55,0.8545454621315002,19,20,20,0.003636363690549677
svm,bigram,full,6,unith,Nielsen,top_ten,half_mean,,,2,1,S,2S,a,0,55,0.8545454621315002,19,21,21,0.0
svm,bigram,full,6,unith,Nielsen,top_ten,half_mean,,,2,1,S,2S,a,0,55,0.8545454621315002,19,22,22,0.0
svm,bigram,full,6,unith,Nielsen,top_ten,half_mean,,,2,1,S,2S,a,0,55,0.8545454621315002,19,23,23,0.00909090909090909
svm,bigram,full,6,unith,Nielsen,top_ten,half_mean,,,2,1,S,2S,a,0,55,0.8545454621315002,19,24,24,0.0
svm,bigram,full,6,unith,Nielsen,top_ten,half_mean,,,2,1,S,2S,a,0,55,0.8545454621315002,19,25,25,0.03636363636363636
svm,bigram,full,6,unith,Nielsen,top_ten,half_mean,,,2,1,S,2S,a,0,55,0.8545454621315002,19,26,26,0.00909090909090909
svm,bigram,full,6,unith,Nielsen,top_ten,half_mean,,,2,1,S,2S,a,0,55,0.8545454621315002,19,27,27,0.0
svm,bigram,full,6,unith,Nielsen,top_ten,half_mean,,,2,1,S,2S,a,0,55,0.8545454621315002,19,28,28,0.0
svm,bigram,full,6,unith,Nielsen,top_ten,half_mean,,,2,1,S,2S,a,0,55,0.8545454621315002,19,29,29,0.006060606241226197
svm,bigram,full,6,unith,Nielsen,top_ten,half_mean,,,2,1,S,2S,a,0,55,0.8545454621315002,19,30,30,0.0
svm,bigram,full,6,unith,Nielsen,top_ten,half_mean,,,2,1,S,2S,a,0,55,0.8545454621315002,19,31,31,0.07030303071845662
svm,bigram,full,6,unith,Nielsen,top_ten,half_mean,,,2,1,S,2S,a,0,55,0.8545454621315002,19,32,32,0.0
svm,bigram,full,6,unith,Nielsen,top_ten,half_mean,,,2,1,S,2S,a,0,55,0.8545454621315002,19,33,33,0.02636363695968281
svm,bigram,full,6,unith,Nielsen,top_ten,half_mean,,,2,1,S,2S,a,0,55,0.8545454621315002,19,34,34,0.0
svm,bigram,full,6,unith,Nielsen,top_ten,half_mean,,,2,1,S,2S,a,0,55,0.8545454621315002,19,35,35,0.0
svm,bigram,full,6,unith,Nielsen,top_ten,half_mean,,,2,1,S,2S,b,0,55,0.9090909180316058,18,0,0,0.0
svm,bigram,full,6,unith,Nielsen,top_ten,half_mean,,,2,1,S,2S,b,0,55,0.9090909180316058,18,1,1,0.2090909101746299
svm,bigram,full,6,unith,Nielsen,top_ten,half_mean,,,2,1,S,2S,b,0,55,0.9090909180316058,18,2,2,0.0
svm,bigram,full,6,unith,Nielsen,top_ten,half_mean,,,2,1,S,2S,b,0,55,0.9090909180316058,18,3,3,0.04606060629541224
svm,bigram,full,6,unith,Nielsen,top_ten,half_mean,,,2,1,S,2S,b,0,55,0.9090909180316058,18,4,4,0.0
svm,bigram,full,6,unith,Nielsen,top_ten,half_mean,,,2,1,S,2S,b,0,55,0.9090909180316058,18,5,5,0.0
svm,bigram,full,6,unith,Nielsen,top_ten,half_mean,,,2,1,S,2S,b,0,55,0.9090909180316058,18,6,6,0.0
svm,bigram,full,6,unith,Nielsen,top_ten,half_mean,,,2,1,S,2S,b,0,55,0.9090909180316058,18,7,7,0.0
svm,bigram,full,6,unith,Nielsen,top_ten,half_mean,,,2,1,S,2S,b,0,55,0.9090909180316058,18,8,8,0.04090909145095132
svm,bigram,full,6,unith,Nielsen,top_ten,half_mean,,,2,1,S,2S,b,0,55,0.9090909180316058,18,9,9,0.053636364774270494
svm,bigram,full,6,unith,Nielsen,top_ten,half_mean,,,2,1,S,2S,b,0,55,0.9090909180316058,18,10,10,0.006060606241226197
svm,bigram,full,6,unith,Nielsen,top_ten,half_mean,,,2,1,S,2S,b,0,55,0.9090909180316058,18,11,11,0.06060606132854115
svm,bigram,full,6,unith,Nielsen,top_ten,half_mean,,,2,1,S,2S,b,0,55,0.9090909180316058,18,12,12,0.0530303033915433
svm,bigram,full,6,unith,Nielsen,top_ten,half_mean,,,2,1,S,2S,b,0,55,0.9090909180316058,18,13,13,0.029393939809365707
svm,bigram,full,6,unith,Nielsen,top_ten,half_mean,,,2,1,S,2S,b,0,55,0.9090909180316058,18,14,14,0.0
svm,bigram,full,6,unith,Nielsen,top_ten,half_mean,,,2,1,S,2S,b,0,55,0.9090909180316058,18,15,15,0.021212121573361484
svm,bigram,full,6,unith,Nielsen,top_ten,half_mean,,,2,1,S,2S,b,0,55,0.9090909180316058,18,16,16,0.0
svm,bigram,full,6,unith,Nielsen,top_ten,half_mean,,,2,1,S,2S,b,0,55,0.9090909180316058,18,17,17,0.0
svm,bigram,full,6,unith,Nielsen,top_ten,half_mean,,,2,1,S,2S,b,0,55,0.9090909180316058,18,18,18,0.0354545460505919
svm,bigram,full,6,unith,Nielsen,top_ten,half_mean,,,2,1,S,2S,b,0,55,0.9090909180316058,18,19,19,0.18181818344376305
svm,bigram,full,6,unith,Nielsen,top_ten,half_mean,,,2,1,S,2S,b,0,55,0.9090909180316058,18,20,20,0.008181818236004222
svm,bigram,full,6,unith,Nielsen,top_ten,half_mean,,,2,1,S,2S,b,0,55,0.9090909180316058,18,21,21,0.0
svm,bigram,full,6,unith,Nielsen,top_ten,half_mean,,,2,1,S,2S,b,0,55,0.9090909180316058,18,22,22,0.0
svm,bigram,full,6,unith,Nielsen,top_ten,half_mean,,,2,1,S,2S,b,0,55,0.9090909180316058,18,23,23,0.006060606241226197
svm,bigram,full,6,unith,Nielsen,top_ten,half_mean,,,2,1,S,2S,b,0,55,0.9090909180316058,18,24,24,0.0
svm,bigram,full,6,unith,Nielsen,top_ten,half_mean,,,2,1,S,2S,b,0,55,0.9090909180316058,18,25,25,0.028787878968498923
svm,bigram,full,6,unith,Nielsen,top_ten,half_mean,,,2,1,S,2S,b,0,55,0.9090909180316058,18,26,26,0.0
svm,bigram,full,6,unith,Nielsen,top_ten,half_mean,,,2,1,S,2S,b,0,55,0.9090909180316058,18,27,27,0.0
svm,bigram,full,6,unith,Nielsen,top_ten,half_mean,,,2,1,S,2S,b,0,55,0.9090909180316058,18,28,28,0.0
svm,bigram,full,6,unith,Nielsen,top_ten,half_mean,,,2,1,S,2S,b,0,55,0.9090909180316058,18,29,29,0.0
svm,bigram,full,6,unith,Nielsen,top_ten,half_mean,,,2,1,S,2S,b,0,55,0.9090909180316058,18,30,30,0.00909090909090909
svm,bigram,full,6,unith,Nielsen,top_ten,half_mean,,,2,1,S,2S,b,0,55,0.9090909180316058,18,31,31,0.06666666702790694
svm,bigram,full,6,unith,Nielsen,top_ten,half_mean,,,2,1,S,2S,b,0,55,0.9090909180316058,18,32,32,0.006060606241226197
svm,bigram,full,6,unith,Nielsen,top_ten,half_mean,,,2,1,S,2S,b,0,55,0.9090909180316058,18,33,33,0.046969697692177514
svm,bigram,full,6,unith,Nielsen,top_ten,half_mean,,,2,1,S,2S,b,0,55,0.9090909180316058,18,34,34,0.0
svm,bigram,full,6,unith,Nielsen,top_ten,half_mean,,,2,1,S,2S,b,0,55,0.9090909180316058,18,35,35,0.0
svm,bigram,full,6,unith,Nielsen,top_ten,half_mean,,,3,0,H,3H,a,0,344,0.8401162862171266,26,0,0,0.0
svm,bigram,full,6,unith,Nielsen,top_ten,half_mean,,,3,0,H,3H,a,0,344,0.8401162862171266,26,1,1,0.14554263668697934
svm,bigram,full,6,unith,Nielsen,top_ten,half_mean,,,3,0,H,3H,a,0,344,0.8401162862171266,26,2,2,0.0020348837295936983
svm,bigram,full,6,unith,Nielsen,top_ten,half_mean,,,3,0,H,3H,a,0,344,0.8401162862171266,26,3,3,0.014292635803305826
svm,bigram,full,6,unith,Nielsen,top_ten,half_mean,,,3,0,H,3H,a,0,344,0.8401162862171266,26,4,4,0.0
svm,bigram,full,6,unith,Nielsen,top_ten,half_mean,,,3,0,H,3H,a,0,344,0.8401162862171266,26,5,5,0.0
svm,bigram,full,6,unith,Nielsen,top_ten,half_mean,,,3,0,H,3H,a,0,344,0.8401162862171266,26,6,6,0.016230620270551638
svm,bigram,full,6,unith,Nielsen,top_ten,half_mean,,,3,0,H,3H,a,0,344,0.8401162862171266,26,7,7,0.0
svm,bigram,full,6,unith,Nielsen,top_ten,half_mean,,,3,0,H,3H,a,0,344,0.8401162862171266,26,8,8,0.014486434241366941
svm,bigram,full,6,unith,Nielsen,top_ten,half_mean,,,3,0,H,3H,a,0,344,0.8401162862171266,26,9,9,0.015988372179657914
svm,bigram,full,6,unith,Nielsen,top_ten,half_mean,,,3,0,H,3H,a,0,344,0.8401162862171266,26,10,10,0.003391472925973493
svm,bigram,full,6,unith,Nielsen,top_ten,half_mean,,,3,0,H,3H,a,0,344,0.8401162862171266,26,11,11,0.14142442005144995
svm,bigram,full,6,unith,Nielsen,top_ten,half_mean,,,3,0,H,3H,a,0,344,0.8401162862171266,26,12,12,0.007945736480313678
svm,bigram,full,6,unith,Nielsen,top_ten,half_mean,,,3,0,H,3H,a,0,344,0.8401162862171266,26,13,13,0.03943798474447672
svm,bigram,full,6,unith,Nielsen,top_ten,half_mean,,,3,0,H,3H,a,0,344,0.8401162862171266,26,14,14,0.0
svm,bigram,full,6,unith,Nielsen,top_ten,half_mean,,,3,0,H,3H,a,0,344,0.8401162862171266,26,15,15,0.007073643552355988
svm,bigram,full,6,unith,Nielsen,top_ten,half_mean,,,3,0,H,3H,a,0,344,0.8401162862171266,26,16,16,0.0009689922769402349
svm,bigram,full,6,unith,Nielsen,top_ten,half_mean,,,3,0,H,3H,a,0,344,0.8401162862171266,26,17,17,0.0
svm,bigram,full,6,unith,Nielsen,top_ten,half_mean,,,3,0,H,3H,a,0,344,0.8401162862171266,26,18,18,0.01719961263412653
svm,bigram,full,6,unith,Nielsen,top_ten,half_mean,,,3,0,H,3H,a,0,344,0.8401162862171266,26,19,19,0.12674418693884862
svm,bigram,full,6,unith,Nielsen,top_ten,half_mean,,,3,0,H,3H,a,0,344,0.8401162862171266,26,20,20,0.003003876006533933
svm,bigram,full,6,unith,Nielsen,top_ten,half_mean,,,3,0,H,3H,a,0,344,0.8401162862171266,26,21,21,0.0
svm,bigram,full,6,unith,Nielsen,top_ten,half_mean,,,3,0,H,3H,a,0,344,0.8401162862171266,26,22,22,0.0
svm,bigram,full,6,unith,Nielsen,top_ten,half_mean,,,3,0,H,3H,a,0,344,0.8401162862171266,26,23,23,0.00896317841008652
svm,bigram,full,6,unith,Nielsen,top_ten,half_mean,,,3,0,H,3H,a,0,344,0.8401162862171266,26,24,24,0.002422480649033258
svm,bigram,full,6,unith,Nielsen,top_ten,half_mean,,,3,0,H,3H,a,0,344,0.8401162862171266,26,25,25,0.01719961263412653
svm,bigram,full,6,unith,Nielsen,top_ten,half_mean,,,3,0,H,3H,a,0,344,0.8401162862171266,26,26,26,0.005038759736127631
svm,bigram,full,6,unith,Nielsen,top_ten,half_mean,,,3,0,H,3H,a,0,344,0.8401162862171266,26,27,27,0.0014534883720930232
svm,bigram,full,6,unith,Nielsen,top_ten,half_mean,,,3,0,H,3H,a,0,344,0.8401162862171266,26,28,28,0.0
svm,bigram,full,6,unith,Nielsen,top_ten,half_mean,,,3,0,H,3H,a,0,344,0.8401162862171266,26,29,29,0.003972868283474168
svm,bigram,full,6,unith,Nielsen,top_ten,half_mean,,,3,0,H,3H,a,0,344,0.8401162862171266,26,30,30,0.023110465558115825
svm,bigram,full,6,unith,Nielsen,top_ten,half_mean,,,3,0,H,3H,a,0,344,0.8401162862171266,26,31,31,0.15872093077835647
svm,bigram,full,6,unith,Nielsen,top_ten,half_mean,,,3,0,H,3H,a,0,344,0.8401162862171266,26,32,32,0.015116279251700225
svm,bigram,full,6,unith,Nielsen,top_ten,half_mean,,,3,0,H,3H,a,0,344,0.8401162862171266,26,33,33,0.033284884336036304
svm,bigram,full,6,unith,Nielsen,top_ten,half_mean,,,3,0,H,3H,a,0,344,0.8401162862171266,26,34,34,0.015067829685502274
svm,bigram,full,6,unith,Nielsen,top_ten,half_mean,,,3,0,H,3H,a,0,344,0.8401162862171266,26,35,35,0.0
svm,bigram,full,6,unith,Nielsen,top_ten,half_mean,,,3,0,H,3H,b,0,344,0.8052325635108837,25,0,0,0.0
svm,bigram,full,6,unith,Nielsen,top_ten,half_mean,,,3,0,H,3H,b,0,344,0.8052325635108837,25,1,1,0.14578488443133442
svm,bigram,full,6,unith,Nielsen,top_ten,half_mean,,,3,0,H,3H,b,0,344,0.8052325635108837,25,2,2,0.0014534883720930232
svm,bigram,full,6,unith,Nielsen,top_ten,half_mean,,,3,0,H,3H,b,0,344,0.8052325635108837,25,3,3,0.019573643543692523
svm,bigram,full,6,unith,Nielsen,top_ten,half_mean,,,3,0,H,3H,b,0,344,0.8052325635108837,25,4,4,0.0
svm,bigram,full,6,unith,Nielsen,top_ten,half_mean,,,3,0,H,3H,b,0,344,0.8052325635108837,25,5,5,0.0014534883720930232
svm,bigram,full,6,unith,Nielsen,top_ten,half_mean,,,3,0,H,3H,b,0,344,0.8052325635108837,25,6,6,0.01187015506763791
svm,bigram,full,6,unith,Nielsen,top_ten,half_mean,,,3,0,H,3H,b,0,344,0.8052325635108837,25,7,7,0.0
svm,bigram,full,6,unith,Nielsen,top_ten,half_mean,,,3,0,H,3H,b,0,344,0.8052325635108837,25,8,8,0.02238372102553068
svm,bigram,full,6,unith,Nielsen,top_ten,half_mean,,,3,0,H,3H,b,0,344,0.8052325635108837,25,9,9,0.018604651266752287
svm,bigram,full,6,unith,Nielsen,top_ten,half_mean,,,3,0,H,3H,b,0,344,0.8052325635108837,25,10,10,0.0050872093889602395
svm,bigram,full,6,unith,Nielsen,top_ten,half_mean,,,3,0,H,3H,b,0,344,0.8052325635108837,25,11,11,0.12364341205982275
svm,bigram,full,6,unith,Nielsen,top_ten,half_mean,,,3,0,H,3H,b,0,344,0.8052325635108837,25,12,12,0.005426356655567191
svm,bigram,full,6,unith,Nielsen,top_ten,half_mean,,,3,0,H,3H,b,0,344,0.8052325635108837,25,13,13,0.048546511896474416
svm,bigram,full,6,unith,Nielsen,top_ten,half_mean,,,3,0,H,3H,b,0,344,0.8052325635108837,25,14,14,0.0
svm,bigram,full,6,unith,Nielsen,top_ten,half_mean,,,3,0,H,3H,b,0,344,0.8052325635108837,25,15,15,0.004215116374367891
svm,bigram,full,6,unith,Nielsen,top_ten,half_mean,,,3,0,H,3H,b,0,344,0.8052325635108837,25,16,16,0.0
svm,bigram,full,6,unith,Nielsen,top_ten,half_mean,,,3,0,H,3H,b,0,344,0.8052325635108837,25,17,17,0.0
svm,bigram,full,6,unith,Nielsen,top_ten,half_mean,,,3,0,H,3H,b,0,344,0.8052325635108837,25,18,18,0.020930232740072316
svm,bigram,full,6,unith,Nielsen,top_ten,half_mean,,,3,0,H,3H,b,0,344,0.8052325635108837,25,19,19,0.11531007822689622
svm,bigram,full,6,unith,Nielsen,top_ten,half_mean,,,3,0,H,3H,b,0,344,0.8052325635108837,25,20,20,0.0005813953575006751
svm,bigram,full,6,unith,Nielsen,top_ten,half_mean,,,3,0,H,3H,b,0,344,0.8052325635108837,25,21,21,0.0
svm,bigram,full,6,unith,Nielsen,top_ten,half_mean,,,3,0,H,3H,b,0,344,0.8052325635108837,25,22,22,0.0
svm,bigram,full,6,unith,Nielsen,top_ten,half_mean,,,3,0,H,3H,b,0,344,0.8052325635108837,25,23,23,0.0007267441860465116
svm,bigram,full,6,unith,Nielsen,top_ten,half_mean,,,3,0,H,3H,b,0,344,0.8052325635108837,25,24,24,0.0016957364629867466
svm,bigram,full,6,unith,Nielsen,top_ten,half_mean,,,3,0,H,3H,b,0,344,0.8052325635108837,25,25,25,0.019476744281344636
svm,bigram,full,6,unith,Nielsen,top_ten,half_mean,,,3,0,H,3H,b,0,344,0.8052325635108837,25,26,26,0.0050872093889602395
svm,bigram,full,6,unith,Nielsen,top_ten,half_mean,,,3,0,H,3H,b,0,344,0.8052325635108837,25,27,27,0.0
svm,bigram,full,6,unith,Nielsen,top_ten,half_mean,,,3,0,H,3H,b,0,344,0.8052325635108837,25,28,28,0.0
svm,bigram,full,6,unith,Nielsen,top_ten,half_mean,,,3,0,H,3H,b,0,344,0.8052325635108837,25,29,29,0.0031492248350797696
svm,bigram,full,6,unith,Nielsen,top_ten,half_mean,,,3,0,H,3H,b,0,344,0.8052325635108837,25,30,30,0.018653101006219554
svm,bigram,full,6,unith,Nielsen,top_ten,half_mean,,,3,0,H,3H,b,0,344,0.8052325635108837,25,31,31,0.17577519441066786
svm,bigram,full,6,unith,Nielsen,top_ten,half_mean,,,3,0,H,3H,b,0,344,0.8052325635108837,25,32,32,0.005910852837354638
svm,bigram,full,6,unith,Nielsen,top_ten,half_mean,,,3,0,H,3H,b,0,344,0.8052325635108837,25,33,33,0.020203488727295122
svm,bigram,full,6,unith,Nielsen,top_ten,half_mean,,,3,0,H,3H,b,0,344,0.8052325635108837,25,34,34,0.009689922596133032
svm,bigram,full,6,unith,Nielsen,top_ten,half_mean,,,3,0,H,3H,b,0,344,0.8052325635108837,25,35,35,0.0
svm,bigram,full,6,unith,Nielsen,top_ten,half_mean,,,3,1,S,3S,a,0,37,0.729729736173475,17,0,0,0.0
svm,bigram,full,6,unith,Nielsen,top_ten,half_mean,,,3,1,S,3S,a,0,37,0.729729736173475,17,1,1,0.19369369503614065
svm,bigram,full,6,unith,Nielsen,top_ten,half_mean,,,3,1,S,3S,a,0,37,0.729729736173475,17,2,2,0.0
svm,bigram,full,6,unith,Nielsen,top_ten,half_mean,,,3,1,S,3S,a,0,37,0.729729736173475,17,3,3,0.0
svm,bigram,full,6,unith,Nielsen,top_ten,half_mean,,,3,1,S,3S,a,0,37,0.729729736173475,17,4,4,0.0
svm,bigram,full,6,unith,Nielsen,top_ten,half_mean,,,3,1,S,3S,a,0,37,0.729729736173475,17,5,5,0.013513513513513514
svm,bigram,full,6,unith,Nielsen,top_ten,half_mean,,,3,1,S,3S,a,0,37,0.729729736173475,17,6,6,0.04954954981803894
svm,bigram,full,6,unith,Nielsen,top_ten,half_mean,,,3,1,S,3S,a,0,37,0.729729736173475,17,7,7,0.0
svm,bigram,full,6,unith,Nielsen,top_ten,half_mean,,,3,1,S,3S,a,0,37,0.729729736173475,17,8,8,0.0
svm,bigram,full,6,unith,Nielsen,top_ten,half_mean,,,3,1,S,3S,a,0,37,0.729729736173475,17,9,9,0.006756756756756757
svm,bigram,full,6,unith,Nielsen,top_ten,half_mean,,,3,1,S,3S,a,0,37,0.729729736173475,17,10,10,0.006756756756756757
svm,bigram,full,6,unith,Nielsen,top_ten,half_mean,,,3,1,S,3S,a,0,37,0.729729736173475,17,11,11,0.11711711899654285
svm,bigram,full,6,unith,Nielsen,top_ten,half_mean,,,3,1,S,3S,a,0,37,0.729729736173475,17,12,12,0.013513513513513514
svm,bigram,full,6,unith,Nielsen,top_ten,half_mean,,,3,1,S,3S,a,0,37,0.729729736173475,17,13,13,0.036036036304525426
svm,bigram,full,6,unith,Nielsen,top_ten,half_mean,,,3,1,S,3S,a,0,37,0.729729736173475,17,14,14,0.0
svm,bigram,full,6,unith,Nielsen,top_ten,half_mean,,,3,1,S,3S,a,0,37,0.729729736173475,17,15,15,0.0
svm,bigram,full,6,unith,Nielsen,top_ten,half_mean,,,3,1,S,3S,a,0,37,0.729729736173475,17,16,16,0.0
svm,bigram,full,6,unith,Nielsen,top_ten,half_mean,,,3,1,S,3S,a,0,37,0.729729736173475,17,17,17,0.0
svm,bigram,full,6,unith,Nielsen,top_ten,half_mean,,,3,1,S,3S,a,0,37,0.729729736173475,17,18,18,0.02702702702702703
svm,bigram,full,6,unith,Nielsen,top_ten,half_mean,,,3,1,S,3S,a,0,37,0.729729736173475,17,19,19,0.10585585639283464
svm,bigram,full,6,unith,Nielsen,top_ten,half_mean,,,3,1,S,3S,a,0,37,0.729729736173475,17,20,20,0.0
svm,bigram,full,6,unith,Nielsen,top_ten,half_mean,,,3,1,S,3S,a,0,37,0.729729736173475,17,21,21,0.0
svm,bigram,full,6,unith,Nielsen,top_ten,half_mean,,,3,1,S,3S,a,0,37,0.729729736173475,17,22,22,0.0
svm,bigram,full,6,unith,Nielsen,top_ten,half_mean,,,3,1,S,3S,a,0,37,0.729729736173475,17,23,23,0.0
svm,bigram,full,6,unith,Nielsen,top_ten,half_mean,,,3,1,S,3S,a,0,37,0.729729736173475,17,24,24,0.0
svm,bigram,full,6,unith,Nielsen,top_ten,half_mean,,,3,1,S,3S,a,0,37,0.729729736173475,17,25,25,0.0090090092774984
svm,bigram,full,6,unith,Nielsen,top_ten,half_mean,,,3,1,S,3S,a,0,37,0.729729736173475,17,26,26,0.006756756756756757
svm,bigram,full,6,unith,Nielsen,top_ten,half_mean,,,3,1,S,3S,a,0,37,0.729729736173475,17,27,27,0.0
svm,bigram,full,6,unith,Nielsen,top_ten,half_mean,,,3,1,S,3S,a,0,37,0.729729736173475,17,28,28,0.0
svm,bigram,full,6,unith,Nielsen,top_ten,half_mean,,,3,1,S,3S,a,0,37,0.729729736173475,17,29,29,0.0
svm,bigram,full,6,unith,Nielsen,top_ten,half_mean,,,3,1,S,3S,a,0,37,0.729729736173475,17,30,30,0.040540541346008714
svm,bigram,full,6,unith,Nielsen,top_ten,half_mean,,,3,1,S,3S,a,0,37,0.729729736173475,17,31,31,0.06981982008830921
svm,bigram,full,6,unith,Nielsen,top_ten,half_mean,,,3,1,S,3S,a,0,37,0.729729736173475,17,32,32,0.015765766034255158
svm,bigram,full,6,unith,Nielsen,top_ten,half_mean,,,3,1,S,3S,a,0,37,0.729729736173475,17,33,33,0.0090090092774984
svm,bigram,full,6,unith,Nielsen,top_ten,half_mean,,,3,1,S,3S,a,0,37,0.729729736173475,17,34,34,0.0090090092774984
svm,bigram,full,6,unith,Nielsen,top_ten,half_mean,,,3,1,S,3S,a,0,37,0.729729736173475,17,35,35,0.0
svm,bigram,full,6,unith,Nielsen,top_ten,half_mean,,,3,1,S,3S,b,0,37,0.7837837870056565,19,0,0,0.0
svm,bigram,full,6,unith,Nielsen,top_ten,half_mean,,,3,1,S,3S,b,0,37,0.7837837870056565,19,1,1,0.20045045098742922
svm,bigram,full,6,unith,Nielsen,top_ten,half_mean,,,3,1,S,3S,b,0,37,0.7837837870056565,19,2,2,0.0
svm,bigram,full,6,unith,Nielsen,top_ten,half_mean,,,3,1,S,3S,b,0,37,0.7837837870056565,19,3,3,0.036036036304525426
svm,bigram,full,6,unith,Nielsen,top_ten,half_mean,,,3,1,S,3S,b,0,37,0.7837837870056565,19,4,4,0.0
svm,bigram,full,6,unith,Nielsen,top_ten,half_mean,,,3,1,S,3S,b,0,37,0.7837837870056565,19,5,5,0.013513513513513514
svm,bigram,full,6,unith,Nielsen,top_ten,half_mean,,,3,1,S,3S,b,0,37,0.7837837870056565,19,6,6,0.0090090092774984
svm,bigram,full,6,unith,Nielsen,top_ten,half_mean,,,3,1,S,3S,b,0,37,0.7837837870056565,19,7,7,0.0
svm,bigram,full,6,unith,Nielsen,top_ten,half_mean,,,3,1,S,3S,b,0,37,0.7837837870056565,19,8,8,0.02027027027027027
svm,bigram,full,6,unith,Nielsen,top_ten,half_mean,,,3,1,S,3S,b,0,37,0.7837837870056565,19,9,9,0.02027027027027027
svm,bigram,full,6,unith,Nielsen,top_ten,half_mean,,,3,1,S,3S,b,0,37,0.7837837870056565,19,10,10,0.0
svm,bigram,full,6,unith,Nielsen,top_ten,half_mean,,,3,1,S,3S,b,0,37,0.7837837870056565,19,11,11,0.08333333360182273
svm,bigram,full,6,unith,Nielsen,top_ten,half_mean,,,3,1,S,3S,b,0,37,0.7837837870056565,19,12,12,0.015765766034255158
svm,bigram,full,6,unith,Nielsen,top_ten,half_mean,,,3,1,S,3S,b,0,37,0.7837837870056565,19,13,13,0.06306306333155245
svm,bigram,full,6,unith,Nielsen,top_ten,half_mean,,,3,1,S,3S,b,0,37,0.7837837870056565,19,14,14,0.0
svm,bigram,full,6,unith,Nielsen,top_ten,half_mean,,,3,1,S,3S,b,0,37,0.7837837870056565,19,15,15,0.0
svm,bigram,full,6,unith,Nielsen,top_ten,half_mean,,,3,1,S,3S,b,0,37,0.7837837870056565,19,16,16,0.0
svm,bigram,full,6,unith,Nielsen,top_ten,half_mean,,,3,1,S,3S,b,0,37,0.7837837870056565,19,17,17,0.0
svm,bigram,full,6,unith,Nielsen,top_ten,half_mean,,,3,1,S,3S,b,0,37,0.7837837870056565,19,18,18,0.0090090092774984
svm,bigram,full,6,unith,Nielsen,top_ten,half_mean,,,3,1,S,3S,b,0,37,0.7837837870056565,19,19,19,0.11036036062884975
svm,bigram,full,6,unith,Nielsen,top_ten,half_mean,,,3,1,S,3S,b,0,37,0.7837837870056565,19,20,20,0.0
svm,bigram,full,6,unith,Nielsen,top_ten,half_mean,,,3,1,S,3S,b,0,37,0.7837837870056565,19,21,21,0.0
svm,bigram,full,6,unith,Nielsen,top_ten,half_mean,,,3,1,S,3S,b,0,37,0.7837837870056565,19,22,22,0.0
svm,bigram,full,6,unith,Nielsen,top_ten,half_mean,,,3,1,S,3S,b,0,37,0.7837837870056565,19,23,23,0.0
svm,bigram,full,6,unith,Nielsen,top_ten,half_mean,,,3,1,S,3S,b,0,37,0.7837837870056565,19,24,24,0.0
svm,bigram,full,6,unith,Nielsen,top_ten,half_mean,,,3,1,S,3S,b,0,37,0.7837837870056565,19,25,25,0.013513513513513514
svm,bigram,full,6,unith,Nielsen,top_ten,half_mean,,,3,1,S,3S,b,0,37,0.7837837870056565,19,26,26,0.0090090092774984
svm,bigram,full,6,unith,Nielsen,top_ten,half_mean,,,3,1,S,3S,b,0,37,0.7837837870056565,19,27,27,0.0
svm,bigram,full,6,unith,Nielsen,top_ten,half_mean,,,3,1,S,3S,b,0,37,0.7837837870056565,19,28,28,0.0
svm,bigram,full,6,unith,Nielsen,top_ten,half_mean,,,3,1,S,3S,b,0,37,0.7837837870056565,19,29,29,0.013513513513513514
svm,bigram,full,6,unith,Nielsen,top_ten,half_mean,,,3,1,S,3S,b,0,37,0.7837837870056565,19,30,30,0.033783783783783786
svm,bigram,full,6,unith,Nielsen,top_ten,half_mean,,,3,1,S,3S,b,0,37,0.7837837870056565,19,31,31,0.0945945945945946
svm,bigram,full,6,unith,Nielsen,top_ten,half_mean,,,3,1,S,3S,b,0,37,0.7837837870056565,19,32,32,0.006756756756756757
svm,bigram,full,6,unith,Nielsen,top_ten,half_mean,,,3,1,S,3S,b,0,37,0.7837837870056565,19,33,33,0.0090090092774984
svm,bigram,full,6,unith,Nielsen,top_ten,half_mean,,,3,1,S,3S,b,0,37,0.7837837870056565,19,34,34,0.022522522791011912
svm,bigram,full,6,unith,Nielsen,top_ten,half_mean,,,3,1,S,3S,b,0,37,0.7837837870056565,19,35,35,0.0
svm,bigram,full,6,unith,Nielsen,top_ten,half_mean,,,4,0,H,4H,a,0,176,0.73295454909517,21,0,0,0.0
svm,bigram,full,6,unith,Nielsen,top_ten,half_mean,,,4,0,H,4H,a,0,176,0.73295454909517,21,1,1,0.14867424270646137
svm,bigram,full,6,unith,Nielsen,top_ten,half_mean,,,4,0,H,4H,a,0,176,0.73295454909517,21,2,2,0.0
svm,bigram,full,6,unith,Nielsen,top_ten,half_mean,,,4,0,H,4H,a,0,176,0.73295454909517,21,3,3,0.008522727272727272
svm,bigram,full,6,unith,Nielsen,top_ten,half_mean,,,4,0,H,4H,a,0,176,0.73295454909517,21,4,4,0.0
svm,bigram,full,6,unith,Nielsen,top_ten,half_mean,,,4,0,H,4H,a,0,176,0.73295454909517,21,5,5,0.0
svm,bigram,full,6,unith,Nielsen,top_ten,half_mean,,,4,0,H,4H,a,0,176,0.73295454909517,21,6,6,0.007102272727272727
svm,bigram,full,6,unith,Nielsen,top_ten,half_mean,,,4,0,H,4H,a,0,176,0.73295454909517,21,7,7,0.0
svm,bigram,full,6,unith,Nielsen,top_ten,half_mean,,,4,0,H,4H,a,0,176,0.73295454909517,21,8,8,0.018465909260240467
svm,bigram,full,6,unith,Nielsen,top_ten,half_mean,,,4,0,H,4H,a,0,176,0.73295454909517,21,9,9,0.04498106088827957
svm,bigram,full,6,unith,Nielsen,top_ten,half_mean,,,4,0,H,4H,a,0,176,0.73295454909517,21,10,10,0.009943181818181818
svm,bigram,full,6,unith,Nielsen,top_ten,half_mean,,,4,0,H,4H,a,0,176,0.73295454909517,21,11,11,0.09204545523971319
svm,bigram,full,6,unith,Nielsen,top_ten,half_mean,,,4,0,H,4H,a,0,176,0.73295454909517,21,12,12,0.004734848541292277
svm,bigram,full,6,unith,Nielsen,top_ten,half_mean,,,4,0,H,4H,a,0,176,0.73295454909517,21,13,13,0.04782196997918866
svm,bigram,full,6,unith,Nielsen,top_ten,half_mean,,,4,0,H,4H,a,0,176,0.73295454909517,21,14,14,0.0
svm,bigram,full,6,unith,Nielsen,top_ten,half_mean,,,4,0,H,4H,a,0,176,0.73295454909517,21,15,15,0.008712121285498142
svm,bigram,full,6,unith,Nielsen,top_ten,half_mean,,,4,0,H,4H,a,0,176,0.73295454909517,21,16,16,0.0
svm,bigram,full,6,unith,Nielsen,top_ten,half_mean,,,4,0,H,4H,a,0,176,0.73295454909517,21,17,17,0.0
svm,bigram,full,6,unith,Nielsen,top_ten,half_mean,,,4,0,H,4H,a,0,176,0.73295454909517,21,18,18,0.020359848541292278
svm,bigram,full,6,unith,Nielsen,top_ten,half_mean,,,4,0,H,4H,a,0,176,0.73295454909517,21,19,19,0.13750000069425863
svm,bigram,full,6,unith,Nielsen,top_ten,half_mean,,,4,0,H,4H,a,0,176,0.73295454909517,21,20,20,0.0018939394503831863
svm,bigram,full,6,unith,Nielsen,top_ten,half_mean,,,4,0,H,4H,a,0,176,0.73295454909517,21,21,21,0.0
svm,bigram,full,6,unith,Nielsen,top_ten,half_mean,,,4,0,H,4H,a,0,176,0.73295454909517,21,22,22,0.0
svm,bigram,full,6,unith,Nielsen,top_ten,half_mean,,,4,0,H,4H,a,0,176,0.73295454909517,21,23,23,0.004734848541292277
svm,bigram,full,6,unith,Nielsen,top_ten,half_mean,,,4,0,H,4H,a,0,176,0.73295454909517,21,24,24,0.0
svm,bigram,full,6,unith,Nielsen,top_ten,half_mean,,,4,0,H,4H,a,0,176,0.73295454909517,21,25,25,0.01799242435531183
svm,bigram,full,6,unith,Nielsen,top_ten,half_mean,,,4,0,H,4H,a,0,176,0.73295454909517,21,26,26,0.0025568181987513194
svm,bigram,full,6,unith,Nielsen,top_ten,half_mean,,,4,0,H,4H,a,0,176,0.73295454909517,21,27,27,0.0
svm,bigram,full,6,unith,Nielsen,top_ten,half_mean,,,4,0,H,4H,a,0,176,0.73295454909517,21,28,28,0.0
svm,bigram,full,6,unith,Nielsen,top_ten,half_mean,,,4,0,H,4H,a,0,176,0.73295454909517,21,29,29,0.0
svm,bigram,full,6,unith,Nielsen,top_ten,half_mean,,,4,0,H,4H,a,0,176,0.73295454909517,21,30,30,0.0108901516280391
svm,bigram,full,6,unith,Nielsen,top_ten,half_mean,,,4,0,H,4H,a,0,176,0.73295454909517,21,31,31,0.11458333344622092
svm,bigram,full,6,unith,Nielsen,top_ten,half_mean,,,4,0,H,4H,a,0,176,0.73295454909517,21,32,32,0.008049242537130009
svm,bigram,full,6,unith,Nielsen,top_ten,half_mean,,,4,0,H,4H,a,0,176,0.73295454909517,21,33,33,0.020359848879955032
svm,bigram,full,6,unith,Nielsen,top_ten,half_mean,,,4,0,H,4H,a,0,176,0.73295454909517,21,34,34,0.0030303031036799603
svm,bigram,full,6,unith,Nielsen,top_ten,half_mean,,,4,0,H,4H,a,0,176,0.73295454909517,21,35,35,0.0
svm,bigram,full,6,unith,Nielsen,top_ten,half_mean,,,4,0,H,4H,b,0,176,0.7045454578474165,21,0,0,0.0
svm,bigram,full,6,unith,Nielsen,top_ten,half_mean,,,4,0,H,4H,b,0,176,0.7045454578474165,21,1,1,0.09232954562387684
svm,bigram,full,6,unith,Nielsen,top_ten,half_mean,,,4,0,H,4H,b,0,176,0.7045454578474165,21,2,2,0.0
svm,bigram,full,6,unith,Nielsen,top_ten,half_mean,,,4,0,H,4H,b,0,176,0.7045454578474165,21,3,3,0.015625
svm,bigram,full,6,unith,Nielsen,top_ten,half_mean,,,4,0,H,4H,b,0,176,0.7045454578474165,21,4,4,0.0
svm,bigram,full,6,unith,Nielsen,top_ten,half_mean,,,4,0,H,4H,b,0,176,0.7045454578474165,21,5,5,0.0
svm,bigram,full,6,unith,Nielsen,top_ten,half_mean,,,4,0,H,4H,b,0,176,0.7045454578474165,21,6,6,0.01893939399583773
svm,bigram,full,6,unith,Nielsen,top_ten,half_mean,,,4,0,H,4H,b,0,176,0.7045454578474165,21,7,7,0.0
svm,bigram,full,6,unith,Nielsen,top_ten,half_mean,,,4,0,H,4H,b,0,176,0.7045454578474165,21,8,8,0.025757576000284065
svm,bigram,full,6,unith,Nielsen,top_ten,half_mean,,,4,0,H,4H,b,0,176,0.7045454578474165,21,9,9,0.03428030327301134
svm,bigram,full,6,unith,Nielsen,top_ten,half_mean,,,4,0,H,4H,b,0,176,0.7045454578474165,21,10,10,0.007102272727272727
svm,bigram,full,6,unith,Nielsen,top_ten,half_mean,,,4,0,H,4H,b,0,176,0.7045454578474165,21,11,11,0.08977272784845396
svm,bigram,full,6,unith,Nielsen,top_ten,half_mean,,,4,0,H,4H,b,0,176,0.7045454578474165,21,12,12,0.0
svm,bigram,full,6,unith,Nielsen,top_ten,half_mean,,,4,0,H,4H,b,0,176,0.7045454578474165,21,13,13,0.03882575763220137
svm,bigram,full,6,unith,Nielsen,top_ten,half_mean,,,4,0,H,4H,b,0,176,0.7045454578474165,21,14,14,0.0
svm,bigram,full,6,unith,Nielsen,top_ten,half_mean,,,4,0,H,4H,b,0,176,0.7045454578474165,21,15,15,0.007102272896604104
svm,bigram,full,6,unith,Nielsen,top_ten,half_mean,,,4,0,H,4H,b,0,176,0.7045454578474165,21,16,16,0.0011363636532967741
svm,bigram,full,6,unith,Nielsen,top_ten,half_mean,,,4,0,H,4H,b,0,176,0.7045454578474165,21,17,17,0.0
svm,bigram,full,6,unith,Nielsen,top_ten,half_mean,,,4,0,H,4H,b,0,176,0.7045454578474165,21,18,18,0.018465909090909092
svm,bigram,full,6,unith,Nielsen,top_ten,half_mean,,,4,0,H,4H,b,0,176,0.7045454578474165,21,19,19,0.15757575851272454
svm,bigram,full,6,unith,Nielsen,top_ten,half_mean,,,4,0,H,4H,b,0,176,0.7045454578474165,21,20,20,0.005681818181818182
svm,bigram,full,6,unith,Nielsen,top_ten,half_mean,,,4,0,H,4H,b,0,176,0.7045454578474165,21,21,21,0.0
svm,bigram,full,6,unith,Nielsen,top_ten,half_mean,,,4,0,H,4H,b,0,176,0.7045454578474165,21,22,22,0.0
svm,bigram,full,6,unith,Nielsen,top_ten,half_mean,,,4,0,H,4H,b,0,176,0.7045454578474165,21,23,23,0.0018939394503831863
svm,bigram,full,6,unith,Nielsen,top_ten,half_mean,,,4,0,H,4H,b,0,176,0.7045454578474165,21,24,24,0.0
svm,bigram,full,6,unith,Nielsen,top_ten,half_mean,,,4,0,H,4H,b,0,176,0.7045454578474165,21,25,25,0.019318181852048092
svm,bigram,full,6,unith,Nielsen,top_ten,half_mean,,,4,0,H,4H,b,0,176,0.7045454578474165,21,26,26,0.004261363636363636
svm,bigram,full,6,unith,Nielsen,top_ten,half_mean,,,4,0,H,4H,b,0,176,0.7045454578474165,21,27,27,0.0
svm,bigram,full,6,unith,Nielsen,top_ten,half_mean,,,4,0,H,4H,b,0,176,0.7045454578474165,21,28,28,0.0
svm,bigram,full,6,unith,Nielsen,top_ten,half_mean,,,4,0,H,4H,b,0,176,0.7045454578474165,21,29,29,0.002840909090909091
svm,bigram,full,6,unith,Nielsen,top_ten,half_mean,,,4,0,H,4H,b,0,176,0.7045454578474165,21,30,30,0.006155303086746822
svm,bigram,full,6,unith,Nielsen,top_ten,half_mean,,,4,0,H,4H,b,0,176,0.7045454578474165,21,31,31,0.11875000020319765
svm,bigram,full,6,unith,Nielsen,top_ten,half_mean,,,4,0,H,4H,b,0,176,0.7045454578474165,21,32,32,0.0
svm,bigram,full,6,unith,Nielsen,top_ten,half_mean,,,4,0,H,4H,b,0,176,0.7045454578474165,21,33,33,0.03475378834727136
svm,bigram,full,6,unith,Nielsen,top_ten,half_mean,,,4,0,H,4H,b,0,176,0.7045454578474165,21,34,34,0.003977272744205865
svm,bigram,full,6,unith,Nielsen,top_ten,half_mean,,,4,0,H,4H,b,0,176,0.7045454578474165,21,35,35,0.0
svm,bigram,full,6,unith,Nielsen,top_ten,half_mean,,,4,1,S,4S,a,0,195,0.7230769291902199,20,0,0,0.0
svm,bigram,full,6,unith,Nielsen,top_ten,half_mean,,,4,1,S,4S,a,0,195,0.7230769291902199,20,1,1,0.10128205174054855
svm,bigram,full,6,unith,Nielsen,top_ten,half_mean,,,4,1,S,4S,a,0,195,0.7230769291902199,20,2,2,0.0
svm,bigram,full,6,unith,Nielsen,top_ten,half_mean,,,4,1,S,4S,a,0,195,0.7230769291902199,20,3,3,0.013675213777101958
svm,bigram,full,6,unith,Nielsen,top_ten,half_mean,,,4,1,S,4S,a,0,195,0.7230769291902199,20,4,4,0.0
svm,bigram,full,6,unith,Nielsen,top_ten,half_mean,,,4,1,S,4S,a,0,195,0.7230769291902199,20,5,5,0.0
svm,bigram,full,6,unith,Nielsen,top_ten,half_mean,,,4,1,S,4S,a,0,195,0.7230769291902199,20,6,6,0.012820512973345244
svm,bigram,full,6,unith,Nielsen,top_ten,half_mean,,,4,1,S,4S,a,0,195,0.7230769291902199,20,7,7,0.0
svm,bigram,full,6,unith,Nielsen,top_ten,half_mean,,,4,1,S,4S,a,0,195,0.7230769291902199,20,8,8,0.029658119877179465
svm,bigram,full,6,unith,Nielsen,top_ten,half_mean,,,4,1,S,4S,a,0,195,0.7230769291902199,20,9,9,0.04931623973907569
svm,bigram,full,6,unith,Nielsen,top_ten,half_mean,,,4,1,S,4S,a,0,195,0.7230769291902199,20,10,10,0.017521367623255804
svm,bigram,full,6,unith,Nielsen,top_ten,half_mean,,,4,1,S,4S,a,0,195,0.7230769291902199,20,11,11,0.05205128284601065
svm,bigram,full,6,unith,Nielsen,top_ten,half_mean,,,4,1,S,4S,a,0,195,0.7230769291902199,20,12,12,0.0017094017603458502
svm,bigram,full,6,unith,Nielsen,top_ten,half_mean,,,4,1,S,4S,a,0,195,0.7230769291902199,20,13,13,0.07196581233770419
svm,bigram,full,6,unith,Nielsen,top_ten,half_mean,,,4,1,S,4S,a,0,195,0.7230769291902199,20,14,14,0.0
svm,bigram,full,6,unith,Nielsen,top_ten,half_mean,,,4,1,S,4S,a,0,195,0.7230769291902199,20,15,15,0.024529914748974334
svm,bigram,full,6,unith,Nielsen,top_ten,half_mean,,,4,1,S,4S,a,0,195,0.7230769291902199,20,16,16,0.0
svm,bigram,full,6,unith,Nielsen,top_ten,half_mean,,,4,1,S,4S,a,0,195,0.7230769291902199,20,17,17,0.0
svm,bigram,full,6,unith,Nielsen,top_ten,half_mean,,,4,1,S,4S,a,0,195,0.7230769291902199,20,18,18,0.012393162647883097
svm,bigram,full,6,unith,Nielsen,top_ten,half_mean,,,4,1,S,4S,a,0,195,0.7230769291902199,20,19,19,0.1817948730328144
svm,bigram,full,6,unith,Nielsen,top_ten,half_mean,,,4,1,S,4S,a,0,195,0.7230769291902199,20,20,20,0.011282051450166947
svm,bigram,full,6,unith,Nielsen,top_ten,half_mean,,,4,1,S,4S,a,0,195,0.7230769291902199,20,21,21,0.0
svm,bigram,full,6,unith,Nielsen,top_ten,half_mean,,,4,1,S,4S,a,0,195,0.7230769291902199,20,22,22,0.0
svm,bigram,full,6,unith,Nielsen,top_ten,half_mean,,,4,1,S,4S,a,0,195,0.7230769291902199,20,23,23,0.007692307845140115
svm,bigram,full,6,unith,Nielsen,top_ten,half_mean,,,4,1,S,4S,a,0,195,0.7230769291902199,20,24,24,0.0
svm,bigram,full,6,unith,Nielsen,top_ten,half_mean,,,4,1,S,4S,a,0,195,0.7230769291902199,20,25,25,0.02264957275146093
svm,bigram,full,6,unith,Nielsen,top_ten,half_mean,,,4,1,S,4S,a,0,195,0.7230769291902199,20,26,26,0.004273504324448414
svm,bigram,full,6,unith,Nielsen,top_ten,half_mean,,,4,1,S,4S,a,0,195,0.7230769291902199,20,27,27,0.0
svm,bigram,full,6,unith,Nielsen,top_ten,half_mean,,,4,1,S,4S,a,0,195,0.7230769291902199,20,28,28,0.0
svm,bigram,full,6,unith,Nielsen,top_ten,half_mean,,,4,1,S,4S,a,0,195,0.7230769291902199,20,29,29,0.0
svm,bigram,full,6,unith,Nielsen,top_ten,half_mean,,,4,1,S,4S,a,0,195,0.7230769291902199,20,30,30,0.004273504324448414
svm,bigram,full,6,unith,Nielsen,top_ten,half_mean,,,4,1,S,4S,a,0,195,0.7230769291902199,20,31,31,0.06017094055811564
svm,bigram,full,6,unith,Nielsen,top_ten,half_mean,,,4,1,S,4S,a,0,195,0.7230769291902199,20,32,32,0.008547008648896829
svm,bigram,full,6,unith,Nielsen,top_ten,half_mean,,,4,1,S,4S,a,0,195,0.7230769291902199,20,33,33,0.03547008618330344
svm,bigram,full,6,unith,Nielsen,top_ten,half_mean,,,4,1,S,4S,a,0,195,0.7230769291902199,20,34,34,0.0
svm,bigram,full,6,unith,Nielsen,top_ten,half_mean,,,4,1,S,4S,a,0,195,0.7230769291902199,20,35,35,0.0
svm,bigram,full,6,unith,Nielsen,top_ten,half_mean,,,4,1,S,4S,b,0,195,0.6974359015623728,24,0,0,0.0
svm,bigram,full,6,unith,Nielsen,top_ten,half_mean,,,4,1,S,4S,b,0,195,0.6974359015623728,24,1,1,0.11128205160299937
svm,bigram,full,6,unith,Nielsen,top_ten,half_mean,,,4,1,S,4S,b,0,195,0.6974359015623728,24,2,2,0.0
svm,bigram,full,6,unith,Nielsen,top_ten,half_mean,,,4,1,S,4S,b,0,195,0.6974359015623728,24,3,3,0.010256410256410256
svm,bigram,full,6,unith,Nielsen,top_ten,half_mean,,,4,1,S,4S,b,0,195,0.6974359015623728,24,4,4,0.0
svm,bigram,full,6,unith,Nielsen,top_ten,half_mean,,,4,1,S,4S,b,0,195,0.6974359015623728,24,5,5,0.0
svm,bigram,full,6,unith,Nielsen,top_ten,half_mean,,,4,1,S,4S,b,0,195,0.6974359015623728,24,6,6,0.01282051282051282
svm,bigram,full,6,unith,Nielsen,top_ten,half_mean,,,4,1,S,4S,b,0,195,0.6974359015623728,24,7,7,0.0
svm,bigram,full,6,unith,Nielsen,top_ten,half_mean,,,4,1,S,4S,b,0,195,0.6974359015623728,24,8,8,0.05487179526915917
svm,bigram,full,6,unith,Nielsen,top_ten,half_mean,,,4,1,S,4S,b,0,195,0.6974359015623728,24,9,9,0.047435897817978495
svm,bigram,full,6,unith,Nielsen,top_ten,half_mean,,,4,1,S,4S,b,0,195,0.6974359015623728,24,10,10,0.006837606888550979
svm,bigram,full,6,unith,Nielsen,top_ten,half_mean,,,4,1,S,4S,b,0,195,0.6974359015623728,24,11,11,0.05615384647479424
svm,bigram,full,6,unith,Nielsen,top_ten,half_mean,,,4,1,S,4S,b,0,195,0.6974359015623728,24,12,12,0.005982906084794265
svm,bigram,full,6,unith,Nielsen,top_ten,half_mean,,,4,1,S,4S,b,0,195,0.6974359015623728,24,13,13,0.05811965839985089
svm,bigram,full,6,unith,Nielsen,top_ten,half_mean,,,4,1,S,4S,b,0,195,0.6974359015623728,24,14,14,0.0
svm,bigram,full,6,unith,Nielsen,top_ten,half_mean,,,4,1,S,4S,b,0,195,0.6974359015623728,24,15,15,0.02769230802853902
svm,bigram,full,6,unith,Nielsen,top_ten,half_mean,,,4,1,S,4S,b,0,195,0.6974359015623728,24,16,16,0.0
svm,bigram,full,6,unith,Nielsen,top_ten,half_mean,,,4,1,S,4S,b,0,195,0.6974359015623728,24,17,17,0.0
svm,bigram,full,6,unith,Nielsen,top_ten,half_mean,,,4,1,S,4S,b,0,195,0.6974359015623728,24,18,18,0.01213675225392366
svm,bigram,full,6,unith,Nielsen,top_ten,half_mean,,,4,1,S,4S,b,0,195,0.6974359015623728,24,19,19,0.15888888981097785
svm,bigram,full,6,unith,Nielsen,top_ten,half_mean,,,4,1,S,4S,b,0,195,0.6974359015623728,24,20,20,0.006837607041383401
svm,bigram,full,6,unith,Nielsen,top_ten,half_mean,,,4,1,S,4S,b,0,195,0.6974359015623728,24,21,21,0.0
svm,bigram,full,6,unith,Nielsen,top_ten,half_mean,,,4,1,S,4S,b,0,195,0.6974359015623728,24,22,22,0.0
svm,bigram,full,6,unith,Nielsen,top_ten,half_mean,,,4,1,S,4S,b,0,195,0.6974359015623728,24,23,23,0.004700854726326771
svm,bigram,full,6,unith,Nielsen,top_ten,half_mean,,,4,1,S,4S,b,0,195,0.6974359015623728,24,24,24,0.001282051282051282
svm,bigram,full,6,unith,Nielsen,top_ten,half_mean,,,4,1,S,4S,b,0,195,0.6974359015623728,24,25,25,0.006837606888550979
svm,bigram,full,6,unith,Nielsen,top_ten,half_mean,,,4,1,S,4S,b,0,195,0.6974359015623728,24,26,26,0.00230769232297555
svm,bigram,full,6,unith,Nielsen,top_ten,half_mean,,,4,1,S,4S,b,0,195,0.6974359015623728,24,27,27,0.0029914530423971325
svm,bigram,full,6,unith,Nielsen,top_ten,half_mean,,,4,1,S,4S,b,0,195,0.6974359015623728,24,28,28,0.0
svm,bigram,full,6,unith,Nielsen,top_ten,half_mean,,,4,1,S,4S,b,0,195,0.6974359015623728,24,29,29,0.001282051282051282
svm,bigram,full,6,unith,Nielsen,top_ten,half_mean,,,4,1,S,4S,b,0,195,0.6974359015623728,24,30,30,0.0038461538461538464
svm,bigram,full,6,unith,Nielsen,top_ten,half_mean,,,4,1,S,4S,b,0,195,0.6974359015623728,24,31,31,0.0752136753919797
svm,bigram,full,6,unith,Nielsen,top_ten,half_mean,,,4,1,S,4S,b,0,195,0.6974359015623728,24,32,32,0.005555555606499696
svm,bigram,full,6,unith,Nielsen,top_ten,half_mean,,,4,1,S,4S,b,0,195,0.6974359015623728,24,33,33,0.017948718254382795
svm,bigram,full,6,unith,Nielsen,top_ten,half_mean,,,4,1,S,4S,b,0,195,0.6974359015623728,24,34,34,0.006153846169129396
svm,bigram,full,6,unith,Nielsen,top_ten,half_mean,,,4,1,S,4S,b,0,195,0.6974359015623728,24,35,35,0.0
svm,bigram,full,6,unith,Nielsen,top_ten,half_mean,,,5,0,H,5H,a,0,41,0.560975614844299,18,0,0,0.0
svm,bigram,full,6,unith,Nielsen,top_ten,half_mean,,,5,0,H,5H,a,0,41,0.560975614844299,18,1,1,0.008130081543108313
svm,bigram,full,6,unith,Nielsen,top_ten,half_mean,,,5,0,H,5H,a,0,41,0.560975614844299,18,2,2,0.0
svm,bigram,full,6,unith,Nielsen,top_ten,half_mean,,,5,0,H,5H,a,0,41,0.560975614844299,18,3,3,0.012195121951219513
svm,bigram,full,6,unith,Nielsen,top_ten,half_mean,,,5,0,H,5H,a,0,41,0.560975614844299,18,4,4,0.0
svm,bigram,full,6,unith,Nielsen,top_ten,half_mean,,,5,0,H,5H,a,0,41,0.560975614844299,18,5,5,0.0
svm,bigram,full,6,unith,Nielsen,top_ten,half_mean,,,5,0,H,5H,a,0,41,0.560975614844299,18,6,6,0.0
svm,bigram,full,6,unith,Nielsen,top_ten,half_mean,,,5,0,H,5H,a,0,41,0.560975614844299,18,7,7,0.0
svm,bigram,full,6,unith,Nielsen,top_ten,half_mean,,,5,0,H,5H,a,0,41,0.560975614844299,18,8,8,0.020325203494327825
svm,bigram,full,6,unith,Nielsen,top_ten,half_mean,,,5,0,H,5H,a,0,41,0.560975614844299,18,9,9,0.03048780487804878
svm,bigram,full,6,unith,Nielsen,top_ten,half_mean,,,5,0,H,5H,a,0,41,0.560975614844299,18,10,10,0.012195121951219513
svm,bigram,full,6,unith,Nielsen,top_ten,half_mean,,,5,0,H,5H,a,0,41,0.560975614844299,18,11,11,0.09146341608791816
svm,bigram,full,6,unith,Nielsen,top_ten,half_mean,,,5,0,H,5H,a,0,41,0.560975614844299,18,12,12,0.0
svm,bigram,full,6,unith,Nielsen,top_ten,half_mean,,,5,0,H,5H,a,0,41,0.560975614844299,18,13,13,0.03861788642115709
svm,bigram,full,6,unith,Nielsen,top_ten,half_mean,,,5,0,H,5H,a,0,41,0.560975614844299,18,14,14,0.0
svm,bigram,full,6,unith,Nielsen,top_ten,half_mean,,,5,0,H,5H,a,0,41,0.560975614844299,18,15,15,0.008130081543108313
svm,bigram,full,6,unith,Nielsen,top_ten,half_mean,,,5,0,H,5H,a,0,41,0.560975614844299,18,16,16,0.006097560975609756
svm,bigram,full,6,unith,Nielsen,top_ten,half_mean,,,5,0,H,5H,a,0,41,0.560975614844299,18,17,17,0.0
svm,bigram,full,6,unith,Nielsen,top_ten,half_mean,,,5,0,H,5H,a,0,41,0.560975614844299,18,18,18,0.0
svm,bigram,full,6,unith,Nielsen,top_ten,half_mean,,,5,0,H,5H,a,0,41,0.560975614844299,18,19,19,0.10569105787975032
svm,bigram,full,6,unith,Nielsen,top_ten,half_mean,,,5,0,H,5H,a,0,41,0.560975614844299,18,20,20,0.006097560975609756
svm,bigram,full,6,unith,Nielsen,top_ten,half_mean,,,5,0,H,5H,a,0,41,0.560975614844299,18,21,21,0.0
svm,bigram,full,6,unith,Nielsen,top_ten,half_mean,,,5,0,H,5H,a,0,41,0.560975614844299,18,22,22,0.0
svm,bigram,full,6,unith,Nielsen,top_ten,half_mean,,,5,0,H,5H,a,0,41,0.560975614844299,18,23,23,0.0
svm,bigram,full,6,unith,Nielsen,top_ten,half_mean,,,5,0,H,5H,a,0,41,0.560975614844299,18,24,24,0.0
svm,bigram,full,6,unith,Nielsen,top_ten,half_mean,,,5,0,H,5H,a,0,41,0.560975614844299,18,25,25,0.03048780487804878
svm,bigram,full,6,unith,Nielsen,top_ten,half_mean,,,5,0,H,5H,a,0,41,0.560975614844299,18,26,26,0.0
svm,bigram,full,6,unith,Nielsen,top_ten,half_mean,,,5,0,H,5H,a,0,41,0.560975614844299,18,27,27,0.0
svm,bigram,full,6,unith,Nielsen,top_ten,half_mean,,,5,0,H,5H,a,0,41,0.560975614844299,18,28,28,0.0
svm,bigram,full,6,unith,Nielsen,top_ten,half_mean,,,5,0,H,5H,a,0,41,0.560975614844299,18,29,29,0.012195121951219513
svm,bigram,full,6,unith,Nielsen,top_ten,half_mean,,,5,0,H,5H,a,0,41,0.560975614844299,18,30,30,0.008130081543108313
svm,bigram,full,6,unith,Nielsen,top_ten,half_mean,,,5,0,H,5H,a,0,41,0.560975614844299,18,31,31,0.09552845576914346
svm,bigram,full,6,unith,Nielsen,top_ten,half_mean,,,5,0,H,5H,a,0,41,0.560975614844299,18,32,32,0.02642276446993758
svm,bigram,full,6,unith,Nielsen,top_ten,half_mean,,,5,0,H,5H,a,0,41,0.560975614844299,18,33,33,0.03658536658054445
svm,bigram,full,6,unith,Nielsen,top_ten,half_mean,,,5,0,H,5H,a,0,41,0.560975614844299,18,34,34,0.012195121951219513
svm,bigram,full,6,unith,Nielsen,top_ten,half_mean,,,5,0,H,5H,a,0,41,0.560975614844299,18,35,35,0.0
svm,bigram,full,6,unith,Nielsen,top_ten,half_mean,,,5,0,H,5H,b,0,41,0.7317073228882581,16,0,0,0.0
svm,bigram,full,6,unith,Nielsen,top_ten,half_mean,,,5,0,H,5H,b,0,41,0.7317073228882581,16,1,1,0.12601626064719224
svm,bigram,full,6,unith,Nielsen,top_ten,half_mean,,,5,0,H,5H,b,0,41,0.7317073228882581,16,2,2,0.0
svm,bigram,full,6,unith,Nielsen,top_ten,half_mean,,,5,0,H,5H,b,0,41,0.7317073228882581,16,3,3,0.008130081543108313
svm,bigram,full,6,unith,Nielsen,top_ten,half_mean,,,5,0,H,5H,b,0,41,0.7317073228882581,16,4,4,0.0
svm,bigram,full,6,unith,Nielsen,top_ten,half_mean,,,5,0,H,5H,b,0,41,0.7317073228882581,16,5,5,0.0
svm,bigram,full,6,unith,Nielsen,top_ten,half_mean,,,5,0,H,5H,b,0,41,0.7317073228882581,16,6,6,0.03252032544554734
svm,bigram,full,6,unith,Nielsen,top_ten,half_mean,,,5,0,H,5H,b,0,41,0.7317073228882581,16,7,7,0.0
svm,bigram,full,6,unith,Nielsen,top_ten,half_mean,,,5,0,H,5H,b,0,41,0.7317073228882581,16,8,8,0.06910569129920588
svm,bigram,full,6,unith,Nielsen,top_ten,half_mean,,,5,0,H,5H,b,0,41,0.7317073228882581,16,9,9,0.012195121951219513
svm,bigram,full,6,unith,Nielsen,top_ten,half_mean,,,5,0,H,5H,b,0,41,0.7317073228882581,16,10,10,0.012195121951219513
svm,bigram,full,6,unith,Nielsen,top_ten,half_mean,,,5,0,H,5H,b,0,41,0.7317073228882581,16,11,11,0.0731707331610889
svm,bigram,full,6,unith,Nielsen,top_ten,half_mean,,,5,0,H,5H,b,0,41,0.7317073228882581,16,12,12,0.0
svm,bigram,full,6,unith,Nielsen,top_ten,half_mean,,,5,0,H,5H,b,0,41,0.7317073228882581,16,13,13,0.06910569129920588
svm,bigram,full,6,unith,Nielsen,top_ten,half_mean,,,5,0,H,5H,b,0,41,0.7317073228882581,16,14,14,0.0
svm,bigram,full,6,unith,Nielsen,top_ten,half_mean,,,5,0,H,5H,b,0,41,0.7317073228882581,16,15,15,0.008130081543108313
svm,bigram,full,6,unith,Nielsen,top_ten,half_mean,,,5,0,H,5H,b,0,41,0.7317073228882581,16,16,16,0.0
svm,bigram,full,6,unith,Nielsen,top_ten,half_mean,,,5,0,H,5H,b,0,41,0.7317073228882581,16,17,17,0.0
svm,bigram,full,6,unith,Nielsen,top_ten,half_mean,,,5,0,H,5H,b,0,41,0.7317073228882581,16,18,18,0.0
svm,bigram,full,6,unith,Nielsen,top_ten,half_mean,,,5,0,H,5H,b,0,41,0.7317073228882581,16,19,19,0.0894308955204196
svm,bigram,full,6,unith,Nielsen,top_ten,half_mean,,,5,0,H,5H,b,0,41,0.7317073228882581,16,20,20,0.0
svm,bigram,full,6,unith,Nielsen,top_ten,half_mean,,,5,0,H,5H,b,0,41,0.7317073228882581,16,21,21,0.0
svm,bigram,full,6,unith,Nielsen,top_ten,half_mean,,,5,0,H,5H,b,0,41,0.7317073228882581,16,22,22,0.0
svm,bigram,full,6,unith,Nielsen,top_ten,half_mean,,,5,0,H,5H,b,0,41,0.7317073228882581,16,23,23,0.0
svm,bigram,full,6,unith,Nielsen,top_ten,half_mean,,,5,0,H,5H,b,0,41,0.7317073228882581,16,24,24,0.0
svm,bigram,full,6,unith,Nielsen,top_ten,half_mean,,,5,0,H,5H,b,0,41,0.7317073228882581,16,25,25,0.024390243902439025
svm,bigram,full,6,unith,Nielsen,top_ten,half_mean,,,5,0,H,5H,b,0,41,0.7317073228882581,16,26,26,0.0
svm,bigram,full,6,unith,Nielsen,top_ten,half_mean,,,5,0,H,5H,b,0,41,0.7317073228882581,16,27,27,0.0
svm,bigram,full,6,unith,Nielsen,top_ten,half_mean,,,5,0,H,5H,b,0,41,0.7317073228882581,16,28,28,0.0
svm,bigram,full,6,unith,Nielsen,top_ten,half_mean,,,5,0,H,5H,b,0,41,0.7317073228882581,16,29,29,0.0
svm,bigram,full,6,unith,Nielsen,top_ten,half_mean,,,5,0,H,5H,b,0,41,0.7317073228882581,16,30,30,0.028455285037436138
svm,bigram,full,6,unith,Nielsen,top_ten,half_mean,,,5,0,H,5H,b,0,41,0.7317073228882581,16,31,31,0.12195121951219512
svm,bigram,full,6,unith,Nielsen,top_ten,half_mean,,,5,0,H,5H,b,0,41,0.7317073228882581,16,32,32,0.008130081543108313
svm,bigram,full,6,unith,Nielsen,top_ten,half_mean,,,5,0,H,5H,b,0,41,0.7317073228882581,16,33,33,0.03658536658054445
svm,bigram,full,6,unith,Nielsen,top_ten,half_mean,,,5,0,H,5H,b,0,41,0.7317073228882581,16,34,34,0.012195121951219513
svm,bigram,full,6,unith,Nielsen,top_ten,half_mean,,,5,0,H,5H,b,0,41,0.7317073228882581,16,35,35,0.0
svm,bigram,full,6,unith,Nielsen,top_ten,half_mean,,,5,1,S,5S,a,0,400,0.7050000051036476,24,0,0,0.0
svm,bigram,full,6,unith,Nielsen,top_ten,half_mean,,,5,1,S,5S,a,0,400,0.7050000051036476,24,1,1,0.09104166701436042
svm,bigram,full,6,unith,Nielsen,top_ten,half_mean,,,5,1,S,5S,a,0,400,0.7050000051036476,24,2,2,0.0
svm,bigram,full,6,unith,Nielsen,top_ten,half_mean,,,5,1,S,5S,a,0,400,0.7050000051036476,24,3,3,0.007708333358168602
svm,bigram,full,6,unith,Nielsen,top_ten,half_mean,,,5,1,S,5S,a,0,400,0.7050000051036476,24,4,4,0.0
svm,bigram,full,6,unith,Nielsen,top_ten,half_mean,,,5,1,S,5S,a,0,400,0.7050000051036476,24,5,5,0.0
svm,bigram,full,6,unith,Nielsen,top_ten,half_mean,,,5,1,S,5S,a,0,400,0.7050000051036476,24,6,6,0.008125000074505806
svm,bigram,full,6,unith,Nielsen,top_ten,half_mean,,,5,1,S,5S,a,0,400,0.7050000051036476,24,7,7,0.0
svm,bigram,full,6,unith,Nielsen,top_ten,half_mean,,,5,1,S,5S,a,0,400,0.7050000051036476,24,8,8,0.04854166693985462
svm,bigram,full,6,unith,Nielsen,top_ten,half_mean,,,5,1,S,5S,a,0,400,0.7050000051036476,24,9,9,0.016875000074505805
svm,bigram,full,6,unith,Nielsen,top_ten,half_mean,,,5,1,S,5S,a,0,400,0.7050000051036476,24,10,10,0.004583333358168602
svm,bigram,full,6,unith,Nielsen,top_ten,half_mean,,,5,1,S,5S,a,0,400,0.7050000051036476,24,11,11,0.11237500105053186
svm,bigram,full,6,unith,Nielsen,top_ten,half_mean,,,5,1,S,5S,a,0,400,0.7050000051036476,24,12,12,0.001458333358168602
svm,bigram,full,6,unith,Nielsen,top_ten,half_mean,,,5,1,S,5S,a,0,400,0.7050000051036476,24,13,13,0.09375000052154064
svm,bigram,full,6,unith,Nielsen,top_ten,half_mean,,,5,1,S,5S,a,0,400,0.7050000051036476,24,14,14,0.0
svm,bigram,full,6,unith,Nielsen,top_ten,half_mean,,,5,1,S,5S,a,0,400,0.7050000051036476,24,15,15,0.008333333507180215
svm,bigram,full,6,unith,Nielsen,top_ten,half_mean,,,5,1,S,5S,a,0,400,0.7050000051036476,24,16,16,0.004875000081956387
svm,bigram,full,6,unith,Nielsen,top_ten,half_mean,,,5,1,S,5S,a,0,400,0.7050000051036476,24,17,17,0.0
svm,bigram,full,6,unith,Nielsen,top_ten,half_mean,,,5,1,S,5S,a,0,400,0.7050000051036476,24,18,18,0.009791666716337204
svm,bigram,full,6,unith,Nielsen,top_ten,half_mean,,,5,1,S,5S,a,0,400,0.7050000051036476,24,19,19,0.08604166738688945
svm,bigram,full,6,unith,Nielsen,top_ten,half_mean,,,5,1,S,5S,a,0,400,0.7050000051036476,24,20,20,0.0025
svm,bigram,full,6,unith,Nielsen,top_ten,half_mean,,,5,1,S,5S,a,0,400,0.7050000051036476,24,21,21,0.0
svm,bigram,full,6,unith,Nielsen,top_ten,half_mean,,,5,1,S,5S,a,0,400,0.7050000051036476,24,22,22,0.0
svm,bigram,full,6,unith,Nielsen,top_ten,half_mean,,,5,1,S,5S,a,0,400,0.7050000051036476,24,23,23,0.003958333358168602
svm,bigram,full,6,unith,Nielsen,top_ten,half_mean,,,5,1,S,5S,a,0,400,0.7050000051036476,24,24,24,0.0
svm,bigram,full,6,unith,Nielsen,top_ten,half_mean,,,5,1,S,5S,a,0,400,0.7050000051036476,24,25,25,0.015083333514630794
svm,bigram,full,6,unith,Nielsen,top_ten,half_mean,,,5,1,S,5S,a,0,400,0.7050000051036476,24,26,26,0.006541666723787785
svm,bigram,full,6,unith,Nielsen,top_ten,half_mean,,,5,1,S,5S,a,0,400,0.7050000051036476,24,27,27,0.00125
svm,bigram,full,6,unith,Nielsen,top_ten,half_mean,,,5,1,S,5S,a,0,400,0.7050000051036476,24,28,28,0.0
svm,bigram,full,6,unith,Nielsen,top_ten,half_mean,,,5,1,S,5S,a,0,400,0.7050000051036476,24,29,29,0.002291666716337204
svm,bigram,full,6,unith,Nielsen,top_ten,half_mean,,,5,1,S,5S,a,0,400,0.7050000051036476,24,30,30,0.010000000223517418
svm,bigram,full,6,unith,Nielsen,top_ten,half_mean,,,5,1,S,5S,a,0,400,0.7050000051036476,24,31,31,0.11375000022351742
svm,bigram,full,6,unith,Nielsen,top_ten,half_mean,,,5,1,S,5S,a,0,400,0.7050000051036476,24,32,32,0.02479166701436043
svm,bigram,full,6,unith,Nielsen,top_ten,half_mean,,,5,1,S,5S,a,0,400,0.7050000051036476,24,33,33,0.022916667088866235
svm,bigram,full,6,unith,Nielsen,top_ten,half_mean,,,5,1,S,5S,a,0,400,0.7050000051036476,24,34,34,0.00841666679829359
svm,bigram,full,6,unith,Nielsen,top_ten,half_mean,,,5,1,S,5S,a,0,400,0.7050000051036476,24,35,35,0.0
svm,bigram,full,6,unith,Nielsen,top_ten,half_mean,,,5,1,S,5S,b,0,400,0.7950000059977174,26,0,0,0.0
svm,bigram,full,6,unith,Nielsen,top_ten,half_mean,,,5,1,S,5S,b,0,400,0.7950000059977174,26,1,1,0.12479166708886623
svm,bigram,full,6,unith,Nielsen,top_ten,half_mean,,,5,1,S,5S,b,0,400,0.7950000059977174,26,2,2,0.0
svm,bigram,full,6,unith,Nielsen,top_ten,half_mean,,,5,1,S,5S,b,0,400,0.7950000059977174,26,3,3,0.005708333365619183
svm,bigram,full,6,unith,Nielsen,top_ten,half_mean,,,5,1,S,5S,b,0,400,0.7950000059977174,26,4,4,0.0
svm,bigram,full,6,unith,Nielsen,top_ten,half_mean,,,5,1,S,5S,b,0,400,0.7950000059977174,26,5,5,0.00125
svm,bigram,full,6,unith,Nielsen,top_ten,half_mean,,,5,1,S,5S,b,0,400,0.7950000059977174,26,6,6,0.00625
svm,bigram,full,6,unith,Nielsen,top_ten,half_mean,,,5,1,S,5S,b,0,400,0.7950000059977174,26,7,7,0.0
svm,bigram,full,6,unith,Nielsen,top_ten,half_mean,,,5,1,S,5S,b,0,400,0.7950000059977174,26,8,8,0.043125000223517417
svm,bigram,full,6,unith,Nielsen,top_ten,half_mean,,,5,1,S,5S,b,0,400,0.7950000059977174,26,9,9,0.008541666716337205
svm,bigram,full,6,unith,Nielsen,top_ten,half_mean,,,5,1,S,5S,b,0,400,0.7950000059977174,26,10,10,0.008125000074505806
svm,bigram,full,6,unith,Nielsen,top_ten,half_mean,,,5,1,S,5S,b,0,400,0.7950000059977174,26,11,11,0.1305000014230609
svm,bigram,full,6,unith,Nielsen,top_ten,half_mean,,,5,1,S,5S,b,0,400,0.7950000059977174,26,12,12,0.006541666798293591
svm,bigram,full,6,unith,Nielsen,top_ten,half_mean,,,5,1,S,5S,b,0,400,0.7950000059977174,26,13,13,0.09229166723787785
svm,bigram,full,6,unith,Nielsen,top_ten,half_mean,,,5,1,S,5S,b,0,400,0.7950000059977174,26,14,14,0.0
svm,bigram,full,6,unith,Nielsen,top_ten,half_mean,,,5,1,S,5S,b,0,400,0.7950000059977174,26,15,15,0.005208333432674408
svm,bigram,full,6,unith,Nielsen,top_ten,half_mean,,,5,1,S,5S,b,0,400,0.7950000059977174,26,16,16,0.000625
svm,bigram,full,6,unith,Nielsen,top_ten,half_mean,,,5,1,S,5S,b,0,400,0.7950000059977174,26,17,17,0.001875
svm,bigram,full,6,unith,Nielsen,top_ten,half_mean,,,5,1,S,5S,b,0,400,0.7950000059977174,26,18,18,0.00875
svm,bigram,full,6,unith,Nielsen,top_ten,half_mean,,,5,1,S,5S,b,0,400,0.7950000059977174,26,19,19,0.08612500090152025
svm,bigram,full,6,unith,Nielsen,top_ten,half_mean,,,5,1,S,5S,b,0,400,0.7950000059977174,26,20,20,0.000625
svm,bigram,full,6,unith,Nielsen,top_ten,half_mean,,,5,1,S,5S,b,0,400,0.7950000059977174,26,21,21,0.0
svm,bigram,full,6,unith,Nielsen,top_ten,half_mean,,,5,1,S,5S,b,0,400,0.7950000059977174,26,22,22,0.0
svm,bigram,full,6,unith,Nielsen,top_ten,half_mean,,,5,1,S,5S,b,0,400,0.7950000059977174,26,23,23,0.002083333358168602
svm,bigram,full,6,unith,Nielsen,top_ten,half_mean,,,5,1,S,5S,b,0,400,0.7950000059977174,26,24,24,0.001666666716337204
svm,bigram,full,6,unith,Nielsen,top_ten,half_mean,,,5,1,S,5S,b,0,400,0.7950000059977174,26,25,25,0.018125000074505807
svm,bigram,full,6,unith,Nielsen,top_ten,half_mean,,,5,1,S,5S,b,0,400,0.7950000059977174,26,26,26,0.008750000149011611
svm,bigram,full,6,unith,Nielsen,top_ten,half_mean,,,5,1,S,5S,b,0,400,0.7950000059977174,26,27,27,0.0
svm,bigram,full,6,unith,Nielsen,top_ten,half_mean,,,5,1,S,5S,b,0,400,0.7950000059977174,26,28,28,0.0
svm,bigram,full,6,unith,Nielsen,top_ten,half_mean,,,5,1,S,5S,b,0,400,0.7950000059977174,26,29,29,0.000625
svm,bigram,full,6,unith,Nielsen,top_ten,half_mean,,,5,1,S,5S,b,0,400,0.7950000059977174,26,30,30,0.009166666865348816
svm,bigram,full,6,unith,Nielsen,top_ten,half_mean,,,5,1,S,5S,b,0,400,0.7950000059977174,26,31,31,0.14583333373069762
svm,bigram,full,6,unith,Nielsen,top_ten,half_mean,,,5,1,S,5S,b,0,400,0.7950000059977174,26,32,32,0.03633333373814821
svm,bigram,full,6,unith,Nielsen,top_ten,half_mean,,,5,1,S,5S,b,0,400,0.7950000059977174,26,33,33,0.02958333395421505
svm,bigram,full,6,unith,Nielsen,top_ten,half_mean,,,5,1,S,5S,b,0,400,0.7950000059977174,26,34,34,0.012500000149011613
svm,bigram,full,6,unith,Nielsen,top_ten,half_mean,,,5,1,S,5S,b,0,400,0.7950000059977174,26,35,35,0.0
svm,bigram,full,6,unith,Nielsen,top_ten,half_mean,,,6,0,H,6H,a,0,17,0.7058823599534876,12,0,0,0.0
svm,bigram,full,6,unith,Nielsen,top_ten,half_mean,,,6,0,H,6H,a,0,17,0.7058823599534876,12,1,1,0.07352941351778366
svm,bigram,full,6,unith,Nielsen,top_ten,half_mean,,,6,0,H,6H,a,0,17,0.7058823599534876,12,2,2,0.0
svm,bigram,full,6,unith,Nielsen,top_ten,half_mean,,,6,0,H,6H,a,0,17,0.7058823599534876,12,3,3,0.0
svm,bigram,full,6,unith,Nielsen,top_ten,half_mean,,,6,0,H,6H,a,0,17,0.7058823599534876,12,4,4,0.0
svm,bigram,full,6,unith,Nielsen,top_ten,half_mean,,,6,0,H,6H,a,0,17,0.7058823599534876,12,5,5,0.0
svm,bigram,full,6,unith,Nielsen,top_ten,half_mean,,,6,0,H,6H,a,0,17,0.7058823599534876,12,6,6,0.05392156979616951
svm,bigram,full,6,unith,Nielsen,top_ten,half_mean,,,6,0,H,6H,a,0,17,0.7058823599534876,12,7,7,0.0
svm,bigram,full,6,unith,Nielsen,top_ten,half_mean,,,6,0,H,6H,a,0,17,0.7058823599534876,12,8,8,0.04901960842749652
svm,bigram,full,6,unith,Nielsen,top_ten,half_mean,,,6,0,H,6H,a,0,17,0.7058823599534876,12,9,9,0.07843137313337888
svm,bigram,full,6,unith,Nielsen,top_ten,half_mean,,,6,0,H,6H,a,0,17,0.7058823599534876,12,10,10,0.0
svm,bigram,full,6,unith,Nielsen,top_ten,half_mean,,,6,0,H,6H,a,0,17,0.7058823599534876,12,11,11,0.058823529411764705
svm,bigram,full,6,unith,Nielsen,top_ten,half_mean,,,6,0,H,6H,a,0,17,0.7058823599534876,12,12,12,0.0
svm,bigram,full,6,unith,Nielsen,top_ten,half_mean,,,6,0,H,6H,a,0,17,0.7058823599534876,12,13,13,0.04901960842749652
svm,bigram,full,6,unith,Nielsen,top_ten,half_mean,,,6,0,H,6H,a,0,17,0.7058823599534876,12,14,14,0.0
svm,bigram,full,6,unith,Nielsen,top_ten,half_mean,,,6,0,H,6H,a,0,17,0.7058823599534876,12,15,15,0.029411764705882353
svm,bigram,full,6,unith,Nielsen,top_ten,half_mean,,,6,0,H,6H,a,0,17,0.7058823599534876,12,16,16,0.0
svm,bigram,full,6,unith,Nielsen,top_ten,half_mean,,,6,0,H,6H,a,0,17,0.7058823599534876,12,17,17,0.0
svm,bigram,full,6,unith,Nielsen,top_ten,half_mean,,,6,0,H,6H,a,0,17,0.7058823599534876,12,18,18,0.019607843721614164
svm,bigram,full,6,unith,Nielsen,top_ten,half_mean,,,6,0,H,6H,a,0,17,0.7058823599534876,12,19,19,0.1274509815608754
svm,bigram,full,6,unith,Nielsen,top_ten,half_mean,,,6,0,H,6H,a,0,17,0.7058823599534876,12,20,20,0.0
svm,bigram,full,6,unith,Nielsen,top_ten,half_mean,,,6,0,H,6H,a,0,17,0.7058823599534876,12,21,21,0.0
svm,bigram,full,6,unith,Nielsen,top_ten,half_mean,,,6,0,H,6H,a,0,17,0.7058823599534876,12,22,22,0.0
svm,bigram,full,6,unith,Nielsen,top_ten,half_mean,,,6,0,H,6H,a,0,17,0.7058823599534876,12,23,23,0.014705882352941176
svm,bigram,full,6,unith,Nielsen,top_ten,half_mean,,,6,0,H,6H,a,0,17,0.7058823599534876,12,24,24,0.0
svm,bigram,full,6,unith,Nielsen,top_ten,half_mean,,,6,0,H,6H,a,0,17,0.7058823599534876,12,25,25,0.019607843721614164
svm,bigram,full,6,unith,Nielsen,top_ten,half_mean,,,6,0,H,6H,a,0,17,0.7058823599534876,12,26,26,0.0
svm,bigram,full,6,unith,Nielsen,top_ten,half_mean,,,6,0,H,6H,a,0,17,0.7058823599534876,12,27,27,0.0
svm,bigram,full,6,unith,Nielsen,top_ten,half_mean,,,6,0,H,6H,a,0,17,0.7058823599534876,12,28,28,0.0
svm,bigram,full,6,unith,Nielsen,top_ten,half_mean,,,6,0,H,6H,a,0,17,0.7058823599534876,12,29,29,0.0
svm,bigram,full,6,unith,Nielsen,top_ten,half_mean,,,6,0,H,6H,a,0,17,0.7058823599534876,12,30,30,0.0
svm,bigram,full,6,unith,Nielsen,top_ten,half_mean,,,6,0,H,6H,a,0,17,0.7058823599534876,12,31,31,0.1323529411764706
svm,bigram,full,6,unith,Nielsen,top_ten,half_mean,,,6,0,H,6H,a,0,17,0.7058823599534876,12,32,32,0.0
svm,bigram,full,6,unith,Nielsen,top_ten,half_mean,,,6,0,H,6H,a,0,17,0.7058823599534876,12,33,33,0.0
svm,bigram,full,6,unith,Nielsen,top_ten,half_mean,,,6,0,H,6H,a,0,17,0.7058823599534876,12,34,34,0.0
svm,bigram,full,6,unith,Nielsen,top_ten,half_mean,,,6,0,H,6H,a,0,17,0.7058823599534876,12,35,35,0.0
svm,bigram,full,6,unith,Nielsen,top_ten,half_mean,,,6,0,H,6H,b,0,17,0.647058830541723,11,0,0,0.0
svm,bigram,full,6,unith,Nielsen,top_ten,half_mean,,,6,0,H,6H,b,0,17,0.647058830541723,11,1,1,0.09803921685499303
svm,bigram,full,6,unith,Nielsen,top_ten,half_mean,,,6,0,H,6H,b,0,17,0.647058830541723,11,2,2,0.0
svm,bigram,full,6,unith,Nielsen,top_ten,half_mean,,,6,0,H,6H,b,0,17,0.647058830541723,11,3,3,0.0
svm,bigram,full,6,unith,Nielsen,top_ten,half_mean,,,6,0,H,6H,b,0,17,0.647058830541723,11,4,4,0.0
svm,bigram,full,6,unith,Nielsen,top_ten,half_mean,,,6,0,H,6H,b,0,17,0.647058830541723,11,5,5,0.0
svm,bigram,full,6,unith,Nielsen,top_ten,half_mean,,,6,0,H,6H,b,0,17,0.647058830541723,11,6,6,0.0
svm,bigram,full,6,unith,Nielsen,top_ten,half_mean,,,6,0,H,6H,b,0,17,0.647058830541723,11,7,7,0.0
svm,bigram,full,6,unith,Nielsen,top_ten,half_mean,,,6,0,H,6H,b,0,17,0.647058830541723,11,8,8,0.019607843721614164
svm,bigram,full,6,unith,Nielsen,top_ten,half_mean,,,6,0,H,6H,b,0,17,0.647058830541723,11,9,9,0.058823529411764705
svm,bigram,full,6,unith,Nielsen,top_ten,half_mean,,,6,0,H,6H,b,0,17,0.647058830541723,11,10,10,0.0
svm,bigram,full,6,unith,Nielsen,top_ten,half_mean,,,6,0,H,6H,b,0,17,0.647058830541723,11,11,11,0.03921568744322833
svm,bigram,full,6,unith,Nielsen,top_ten,half_mean,,,6,0,H,6H,b,0,17,0.647058830541723,11,12,12,0.019607843721614164
svm,bigram,full,6,unith,Nielsen,top_ten,half_mean,,,6,0,H,6H,b,0,17,0.647058830541723,11,13,13,0.0
svm,bigram,full,6,unith,Nielsen,top_ten,half_mean,,,6,0,H,6H,b,0,17,0.647058830541723,11,14,14,0.0
svm,bigram,full,6,unith,Nielsen,top_ten,half_mean,,,6,0,H,6H,b,0,17,0.647058830541723,11,15,15,0.0
svm,bigram,full,6,unith,Nielsen,top_ten,half_mean,,,6,0,H,6H,b,0,17,0.647058830541723,11,16,16,0.0
svm,bigram,full,6,unith,Nielsen,top_ten,half_mean,,,6,0,H,6H,b,0,17,0.647058830541723,11,17,17,0.0
svm,bigram,full,6,unith,Nielsen,top_ten,half_mean,,,6,0,H,6H,b,0,17,0.647058830541723,11,18,18,0.019607843721614164
svm,bigram,full,6,unith,Nielsen,top_ten,half_mean,,,6,0,H,6H,b,0,17,0.647058830541723,11,19,19,0.10784313783926122
svm,bigram,full,6,unith,Nielsen,top_ten,half_mean,,,6,0,H,6H,b,0,17,0.647058830541723,11,20,20,0.0
svm,bigram,full,6,unith,Nielsen,top_ten,half_mean,,,6,0,H,6H,b,0,17,0.647058830541723,11,21,21,0.0
svm,bigram,full,6,unith,Nielsen,top_ten,half_mean,,,6,0,H,6H,b,0,17,0.647058830541723,11,22,22,0.0
svm,bigram,full,6,unith,Nielsen,top_ten,half_mean,,,6,0,H,6H,b,0,17,0.647058830541723,11,23,23,0.0
svm,bigram,full,6,unith,Nielsen,top_ten,half_mean,,,6,0,H,6H,b,0,17,0.647058830541723,11,24,24,0.0
svm,bigram,full,6,unith,Nielsen,top_ten,half_mean,,,6,0,H,6H,b,0,17,0.647058830541723,11,25,25,0.07843137313337888
svm,bigram,full,6,unith,Nielsen,top_ten,half_mean,,,6,0,H,6H,b,0,17,0.647058830541723,11,26,26,0.0
svm,bigram,full,6,unith,Nielsen,top_ten,half_mean,,,6,0,H,6H,b,0,17,0.647058830541723,11,27,27,0.0
svm,bigram,full,6,unith,Nielsen,top_ten,half_mean,,,6,0,H,6H,b,0,17,0.647058830541723,11,28,28,0.0
svm,bigram,full,6,unith,Nielsen,top_ten,half_mean,,,6,0,H,6H,b,0,17,0.647058830541723,11,29,29,0.0
svm,bigram,full,6,unith,Nielsen,top_ten,half_mean,,,6,0,H,6H,b,0,17,0.647058830541723,11,30,30,0.0
svm,bigram,full,6,unith,Nielsen,top_ten,half_mean,,,6,0,H,6H,b,0,17,0.647058830541723,11,31,31,0.11764705882352941
svm,bigram,full,6,unith,Nielsen,top_ten,half_mean,,,6,0,H,6H,b,0,17,0.647058830541723,11,32,32,0.0
svm,bigram,full,6,unith,Nielsen,top_ten,half_mean,,,6,0,H,6H,b,0,17,0.647058830541723,11,33,33,0.06862745214911069
svm,bigram,full,6,unith,Nielsen,top_ten,half_mean,,,6,0,H,6H,b,0,17,0.647058830541723,11,34,34,0.019607843721614164
svm,bigram,full,6,unith,Nielsen,top_ten,half_mean,,,6,0,H,6H,b,0,17,0.647058830541723,11,35,35,0.0
svm,bigram,full,6,unith,Nielsen,top_ten,half_mean,,,6,1,S,6S,a,0,416,0.6730769281991973,25,0,0,0.0
svm,bigram,full,6,unith,Nielsen,top_ten,half_mean,,,6,1,S,6S,a,0,416,0.6730769281991973,25,1,1,0.0741185901256708
svm,bigram,full,6,unith,Nielsen,top_ten,half_mean,,,6,1,S,6S,a,0,416,0.6730769281991973,25,2,2,0.001201923076923077
svm,bigram,full,6,unith,Nielsen,top_ten,half_mean,,,6,1,S,6S,a,0,416,0.6730769281991973,25,3,3,0.0032051282290082713
svm,bigram,full,6,unith,Nielsen,top_ten,half_mean,,,6,1,S,6S,a,0,416,0.6730769281991973,25,4,4,0.0
svm,bigram,full,6,unith,Nielsen,top_ten,half_mean,,,6,1,S,6S,a,0,416,0.6730769281991973,25,5,5,0.0
svm,bigram,full,6,unith,Nielsen,top_ten,half_mean,,,6,1,S,6S,a,0,416,0.6730769281991973,25,6,6,0.005608974382854425
svm,bigram,full,6,unith,Nielsen,top_ten,half_mean,,,6,1,S,6S,a,0,416,0.6730769281991973,25,7,7,0.0
svm,bigram,full,6,unith,Nielsen,top_ten,half_mean,,,6,1,S,6S,a,0,416,0.6730769281991973,25,8,8,0.06310096196830273
svm,bigram,full,6,unith,Nielsen,top_ten,half_mean,,,6,1,S,6S,a,0,416,0.6730769281991973,25,9,9,0.09322916727083233
svm,bigram,full,6,unith,Nielsen,top_ten,half_mean,,,6,1,S,6S,a,0,416,0.6730769281991973,25,10,10,0.004807692307692308
svm,bigram,full,6,unith,Nielsen,top_ten,half_mean,,,6,1,S,6S,a,0,416,0.6730769281991973,25,11,11,0.02908653891287171
svm,bigram,full,6,unith,Nielsen,top_ten,half_mean,,,6,1,S,6S,a,0,416,0.6730769281991973,25,12,12,0.004607371914272125
svm,bigram,full,6,unith,Nielsen,top_ten,half_mean,,,6,1,S,6S,a,0,416,0.6730769281991973,25,13,13,0.07087339776066634
svm,bigram,full,6,unith,Nielsen,top_ten,half_mean,,,6,1,S,6S,a,0,416,0.6730769281991973,25,14,14,0.0
svm,bigram,full,6,unith,Nielsen,top_ten,half_mean,,,6,1,S,6S,a,0,416,0.6730769281991973,25,15,15,0.014703525910870386
svm,bigram,full,6,unith,Nielsen,top_ten,half_mean,,,6,1,S,6S,a,0,416,0.6730769281991973,25,16,16,0.004206730840870967
svm,bigram,full,6,unith,Nielsen,top_ten,half_mean,,,6,1,S,6S,a,0,416,0.6730769281991973,25,17,17,0.0
svm,bigram,full,6,unith,Nielsen,top_ten,half_mean,,,6,1,S,6S,a,0,416,0.6730769281991973,25,18,18,0.011818910375810586
svm,bigram,full,6,unith,Nielsen,top_ten,half_mean,,,6,1,S,6S,a,0,416,0.6730769281991973,25,19,19,0.1793269240297377
svm,bigram,full,6,unith,Nielsen,top_ten,half_mean,,,6,1,S,6S,a,0,416,0.6730769281991973,25,20,20,0.011498397681862116
svm,bigram,full,6,unith,Nielsen,top_ten,half_mean,,,6,1,S,6S,a,0,416,0.6730769281991973,25,21,21,0.0
svm,bigram,full,6,unith,Nielsen,top_ten,half_mean,,,6,1,S,6S,a,0,416,0.6730769281991973,25,22,22,0.0008012820751621173
svm,bigram,full,6,unith,Nielsen,top_ten,half_mean,,,6,1,S,6S,a,0,416,0.6730769281991973,25,23,23,0.0028044872272473117
svm,bigram,full,6,unith,Nielsen,top_ten,half_mean,,,6,1,S,6S,a,0,416,0.6730769281991973,25,24,24,0.0
svm,bigram,full,6,unith,Nielsen,top_ten,half_mean,,,6,1,S,6S,a,0,416,0.6730769281991973,25,25,25,0.014222756601296939
svm,bigram,full,6,unith,Nielsen,top_ten,half_mean,,,6,1,S,6S,a,0,416,0.6730769281991973,25,26,26,0.002684294926719024
svm,bigram,full,6,unith,Nielsen,top_ten,half_mean,,,6,1,S,6S,a,0,416,0.6730769281991973,25,27,27,0.0
svm,bigram,full,6,unith,Nielsen,top_ten,half_mean,,,6,1,S,6S,a,0,416,0.6730769281991973,25,28,28,0.0
svm,bigram,full,6,unith,Nielsen,top_ten,half_mean,,,6,1,S,6S,a,0,416,0.6730769281991973,25,29,29,0.0006009615384615385
svm,bigram,full,6,unith,Nielsen,top_ten,half_mean,,,6,1,S,6S,a,0,416,0.6730769281991973,25,30,30,0.0050080129160330845
svm,bigram,full,6,unith,Nielsen,top_ten,half_mean,,,6,1,S,6S,a,0,416,0.6730769281991973,25,31,31,0.03886217982150041
svm,bigram,full,6,unith,Nielsen,top_ten,half_mean,,,6,1,S,6S,a,0,416,0.6730769281991973,25,32,32,0.004407051305931348
svm,bigram,full,6,unith,Nielsen,top_ten,half_mean,,,6,1,S,6S,a,0,416,0.6730769281991973,25,33,33,0.03181089776066633
svm,bigram,full,6,unith,Nielsen,top_ten,half_mean,,,6,1,S,6S,a,0,416,0.6730769281991973,25,34,34,0.00048076923793325055
svm,bigram,full,6,unith,Nielsen,top_ten,half_mean,,,6,1,S,6S,a,0,416,0.6730769281991973,25,35,35,0.0
svm,bigram,full,6,unith,Nielsen,top_ten,half_mean,,,6,1,S,6S,b,0,416,0.6923076966061043,23,0,0,0.0
svm,bigram,full,6,unith,Nielsen,top_ten,half_mean,,,6,1,S,6S,b,0,416,0.6923076966061043,23,1,1,0.0761217951344756
svm,bigram,full,6,unith,Nielsen,top_ten,half_mean,,,6,1,S,6S,b,0,416,0.6923076966061043,23,2,2,0.0
svm,bigram,full,6,unith,Nielsen,top_ten,half_mean,,,6,1,S,6S,b,0,416,0.6923076966061043,23,3,3,0.008213141073401157
svm,bigram,full,6,unith,Nielsen,top_ten,half_mean,,,6,1,S,6S,b,0,416,0.6923076966061043,23,4,4,0.0
svm,bigram,full,6,unith,Nielsen,top_ten,half_mean,,,6,1,S,6S,b,0,416,0.6923076966061043,23,5,5,0.0
svm,bigram,full,6,unith,Nielsen,top_ten,half_mean,,,6,1,S,6S,b,0,416,0.6923076966061043,23,6,6,0.008413461610101737
svm,bigram,full,6,unith,Nielsen,top_ten,half_mean,,,6,1,S,6S,b,0,416,0.6923076966061043,23,7,7,0.0
svm,bigram,full,6,unith,Nielsen,top_ten,half_mean,,,6,1,S,6S,b,0,416,0.6923076966061043,23,8,8,0.06314102614011902
svm,bigram,full,6,unith,Nielsen,top_ten,half_mean,,,6,1,S,6S,b,0,416,0.6923076966061043,23,9,9,0.0985176287448177
svm,bigram,full,6,unith,Nielsen,top_ten,half_mean,,,6,1,S,6S,b,0,416,0.6923076966061043,23,10,10,0.0018028846153846155
svm,bigram,full,6,unith,Nielsen,top_ten,half_mean,,,6,1,S,6S,b,0,416,0.6923076966061043,23,11,11,0.021113782225606535
svm,bigram,full,6,unith,Nielsen,top_ten,half_mean,,,6,1,S,6S,b,0,416,0.6923076966061043,23,12,12,0.007011218068118279
svm,bigram,full,6,unith,Nielsen,top_ten,half_mean,,,6,1,S,6S,b,0,416,0.6923076966061043,23,13,13,0.09218750052297345
svm,bigram,full,6,unith,Nielsen,top_ten,half_mean,,,6,1,S,6S,b,0,416,0.6923076966061043,23,14,14,0.0
svm,bigram,full,6,unith,Nielsen,top_ten,half_mean,,,6,1,S,6S,b,0,416,0.6923076966061043,23,15,15,0.010817307835588088
svm,bigram,full,6,unith,Nielsen,top_ten,half_mean,,,6,1,S,6S,b,0,416,0.6923076966061043,23,16,16,0.0036858975385817196
svm,bigram,full,6,unith,Nielsen,top_ten,half_mean,,,6,1,S,6S,b,0,416,0.6923076966061043,23,17,17,0.0
svm,bigram,full,6,unith,Nielsen,top_ten,half_mean,,,6,1,S,6S,b,0,416,0.6923076966061043,23,18,18,0.009214743685263854
svm,bigram,full,6,unith,Nielsen,top_ten,half_mean,,,6,1,S,6S,b,0,416,0.6923076966061043,23,19,19,0.18758012888093406
svm,bigram,full,6,unith,Nielsen,top_ten,half_mean,,,6,1,S,6S,b,0,416,0.6923076966061043,23,20,20,0.015705128451092884
svm,bigram,full,6,unith,Nielsen,top_ten,half_mean,,,6,1,S,6S,b,0,416,0.6923076966061043,23,21,21,0.0
svm,bigram,full,6,unith,Nielsen,top_ten,half_mean,,,6,1,S,6S,b,0,416,0.6923076966061043,23,22,22,0.0
svm,bigram,full,6,unith,Nielsen,top_ten,half_mean,,,6,1,S,6S,b,0,416,0.6923076966061043,23,23,23,0.0041666667048747726
svm,bigram,full,6,unith,Nielsen,top_ten,half_mean,,,6,1,S,6S,b,0,416,0.6923076966061043,23,24,24,0.0
svm,bigram,full,6,unith,Nielsen,top_ten,half_mean,,,6,1,S,6S,b,0,416,0.6923076966061043,23,25,25,0.010016025760425972
svm,bigram,full,6,unith,Nielsen,top_ten,half_mean,,,6,1,S,6S,b,0,416,0.6923076966061043,23,26,26,0.0016025641503242345
svm,bigram,full,6,unith,Nielsen,top_ten,half_mean,,,6,1,S,6S,b,0,416,0.6923076966061043,23,27,27,0.0
svm,bigram,full,6,unith,Nielsen,top_ten,half_mean,,,6,1,S,6S,b,0,416,0.6923076966061043,23,28,28,0.0
svm,bigram,full,6,unith,Nielsen,top_ten,half_mean,,,6,1,S,6S,b,0,416,0.6923076966061043,23,29,29,0.0016826923148563276
svm,bigram,full,6,unith,Nielsen,top_ten,half_mean,,,6,1,S,6S,b,0,416,0.6923076966061043,23,30,30,0.001201923076923077
svm,bigram,full,6,unith,Nielsen,top_ten,half_mean,,,6,1,S,6S,b,0,416,0.6923076966061043,23,31,31,0.04491185930629189
svm,bigram,full,6,unith,Nielsen,top_ten,half_mean,,,6,1,S,6S,b,0,416,0.6923076966061043,23,32,32,0.004607371842631927
svm,bigram,full,6,unith,Nielsen,top_ten,half_mean,,,6,1,S,6S,b,0,416,0.6923076966061043,23,33,33,0.01858974377123209
svm,bigram,full,6,unith,Nielsen,top_ten,half_mean,,,6,1,S,6S,b,0,416,0.6923076966061043,23,34,34,0.0020032051520851944
svm,bigram,full,6,unith,Nielsen,top_ten,half_mean,,,6,1,S,6S,b,0,416,0.6923076966061043,23,35,35,0.0
