scope,label_source,feature,variant,k,space,dim,monkey,session,snr_auc,svm_auc,oof_balanced_acc,dendro_agreement_2345,half_i,half_j,n_splits,min_trials,min_stable,seed,cell_i,cell_j,maze_i,strategy_i,maze_j,strategy_j,name_i,name_j,r,n_trials_i,n_trials_j,present_i,present_j,stable_i,stable_j,n_degenerate
top_ten,svm,occupancy_bin,full,6,unith,6,Faure,june_09_09_g0,0.977531857813548,0.9802146210596914,0.9290744466800804,0.6304347826086957,4,4,20,4,8,0,0,0,1,0,1,0,1H,1H,0.8784742208223646,39,39,True,True,True,True,0
top_ten,svm,occupancy_bin,full,6,unith,6,Faure,june_09_09_g0,0.977531857813548,0.9802146210596914,0.9290744466800804,0.6304347826086957,4,4,20,4,8,0,0,1,1,0,2,0,1H,2H,0.8083615333895203,39,37,True,True,True,True,0
top_ten,svm,occupancy_bin,full,6,unith,6,Faure,june_09_09_g0,0.977531857813548,0.9802146210596914,0.9290744466800804,0.6304347826086957,4,4,20,4,8,0,0,2,1,0,3,0,1H,3H,0.8137657761801087,39,53,True,True,True,True,0
top_ten,svm,occupancy_bin,full,6,unith,6,Faure,june_09_09_g0,0.977531857813548,0.9802146210596914,0.9290744466800804,0.6304347826086957,4,4,20,4,8,0,0,3,1,0,4,0,1H,4H,0.8340800084430227,39,8,True,True,True,True,0
top_ten,svm,occupancy_bin,full,6,unith,6,Faure,june_09_09_g0,0.977531857813548,0.9802146210596914,0.9290744466800804,0.6304347826086957,4,,20,4,8,0,0,4,1,0,5,0,1H,5H,,39,0,True,False,True,False,0
top_ten,svm,occupancy_bin,full,6,unith,6,Faure,june_09_09_g0,0.977531857813548,0.9802146210596914,0.9290744466800804,0.6304347826086957,4,,20,4,8,0,0,5,1,0,6,0,1H,6H,,39,0,True,False,True,False,0
top_ten,svm,occupancy_bin,full,6,unith,6,Faure,june_09_09_g0,0.977531857813548,0.9802146210596914,0.9290744466800804,0.6304347826086957,4,,20,4,8,0,0,6,1,0,1,1,1H,1S,,39,0,True,False,True,False,0
top_ten,svm,occupancy_bin,full,6,unith,6,Faure,june_09_09_g0,0.977531857813548,0.9802146210596914,0.9290744466800804,0.6304347826086957,4,4,20,4,8,0,0,7,1,0,2,1,1H,2S,0.8728913085523551,39,25,True,True,True,True,0
top_ten,svm,occupancy_bin,full,6,unith,6,Faure,june_09_09_g0,0.977531857813548,0.9802146210596914,0.9290744466800804,0.6304347826086957,4,4,20,4,8,0,0,8,1,0,3,1,1H,3S,0.8936501498253746,39,11,True,True,True,True,0
top_ten,svm,occupancy_bin,full,6,unith,6,Faure,june_09_09_g0,0.977531857813548,0.9802146210596914,0.9290744466800804,0.6304347826086957,4,4,20,4,8,0,0,9,1,0,4,1,1H,4S,0.8518670545457356,39,65,True,True,True,True,0
top_ten,svm,occupancy_bin,full,6,unith,6,Faure,june_09_09_g0,0.977531857813548,0.9802146210596914,0.9290744466800804,0.6304347826086957,4,4,20,4,8,0,0,10,1,0,5,1,1H,5S,0.8480980105912751,39,56,True,True,True,True,0
top_ten,svm,occupancy_bin,full,6,unith,6,Faure,june_09_09_g0,0.977531857813548,0.9802146210596914,0.9290744466800804,0.6304347826086957,4,4,20,4,8,0,0,11,1,0,6,1,1H,6S,0.8448024438053718,39,66,True,True,True,True,0
top_ten,svm,occupancy_bin,full,6,unith,6,Faure,june_09_09_g0,0.977531857813548,0.9802146210596914,0.9290744466800804,0.6304347826086957,4,4,20,4,8,0,1,0,2,0,1,0,2H,1H,0.8083615333895203,37,39,True,True,True,True,0
top_ten,svm,occupancy_bin,full,6,unith,6,Faure,june_09_09_g0,0.977531857813548,0.9802146210596914,0.9290744466800804,0.6304347826086957,4,4,20,4,8,0,1,1,2,0,2,0,2H,2H,0.7975509503744104,37,37,True,True,True,True,0
top_ten,svm,occupancy_bin,full,6,unith,6,Faure,june_09_09_g0,0.977531857813548,0.9802146210596914,0.9290744466800804,0.6304347826086957,4,4,20,4,8,0,1,2,2,0,3,0,2H,3H,0.8089559729888292,37,53,True,True,True,True,0
top_ten,svm,occupancy_bin,full,6,unith,6,Faure,june_09_09_g0,0.977531857813548,0.9802146210596914,0.9290744466800804,0.6304347826086957,4,4,20,4,8,0,1,3,2,0,4,0,2H,4H,0.7913944059062368,37,8,True,True,True,True,0
top_ten,svm,occupancy_bin,full,6,unith,6,Faure,june_09_09_g0,0.977531857813548,0.9802146210596914,0.9290744466800804,0.6304347826086957,4,,20,4,8,0,1,4,2,0,5,0,2H,5H,,37,0,True,False,True,False,0
top_ten,svm,occupancy_bin,full,6,unith,6,Faure,june_09_09_g0,0.977531857813548,0.9802146210596914,0.9290744466800804,0.6304347826086957,4,,20,4,8,0,1,5,2,0,6,0,2H,6H,,37,0,True,False,True,False,0
top_ten,svm,occupancy_bin,full,6,unith,6,Faure,june_09_09_g0,0.977531857813548,0.9802146210596914,0.9290744466800804,0.6304347826086957,4,,20,4,8,0,1,6,2,0,1,1,2H,1S,,37,0,True,False,True,False,0
top_ten,svm,occupancy_bin,full,6,unith,6,Faure,june_09_09_g0,0.977531857813548,0.9802146210596914,0.9290744466800804,0.6304347826086957,4,4,20,4,8,0,1,7,2,0,2,1,2H,2S,0.8140497303576055,37,25,True,True,True,True,0
top_ten,svm,occupancy_bin,full,6,unith,6,Faure,june_09_09_g0,0.977531857813548,0.9802146210596914,0.9290744466800804,0.6304347826086957,4,4,20,4,8,0,1,8,2,0,3,1,2H,3S,0.8466556353009886,37,11,True,True,True,True,0
top_ten,svm,occupancy_bin,full,6,unith,6,Faure,june_09_09_g0,0.977531857813548,0.9802146210596914,0.9290744466800804,0.6304347826086957,4,4,20,4,8,0,1,9,2,0,4,1,2H,4S,0.792253791040785,37,65,True,True,True,True,0
top_ten,svm,occupancy_bin,full,6,unith,6,Faure,june_09_09_g0,0.977531857813548,0.9802146210596914,0.9290744466800804,0.6304347826086957,4,4,20,4,8,0,1,10,2,0,5,1,2H,5S,0.8120867421777245,37,56,True,True,True,True,0
top_ten,svm,occupancy_bin,full,6,unith,6,Faure,june_09_09_g0,0.977531857813548,0.9802146210596914,0.9290744466800804,0.6304347826086957,4,4,20,4,8,0,1,11,2,0,6,1,2H,6S,0.7671048577455992,37,66,True,True,True,True,0
top_ten,svm,occupancy_bin,full,6,unith,6,Faure,june_09_09_g0,0.977531857813548,0.9802146210596914,0.9290744466800804,0.6304347826086957,4,4,20,4,8,0,2,0,3,0,1,0,3H,1H,0.8137657761801087,53,39,True,True,True,True,0
top_ten,svm,occupancy_bin,full,6,unith,6,Faure,june_09_09_g0,0.977531857813548,0.9802146210596914,0.9290744466800804,0.6304347826086957,4,4,20,4,8,0,2,1,3,0,2,0,3H,2H,0.8089559729888292,53,37,True,True,True,True,0
top_ten,svm,occupancy_bin,full,6,unith,6,Faure,june_09_09_g0,0.977531857813548,0.9802146210596914,0.9290744466800804,0.6304347826086957,4,4,20,4,8,0,2,2,3,0,3,0,3H,3H,0.8035219729926784,53,53,True,True,True,True,0
top_ten,svm,occupancy_bin,full,6,unith,6,Faure,june_09_09_g0,0.977531857813548,0.9802146210596914,0.9290744466800804,0.6304347826086957,4,4,20,4,8,0,2,3,3,0,4,0,3H,4H,0.7669018272593953,53,8,True,True,True,True,0
top_ten,svm,occupancy_bin,full,6,unith,6,Faure,june_09_09_g0,0.977531857813548,0.9802146210596914,0.9290744466800804,0.6304347826086957,4,,20,4,8,0,2,4,3,0,5,0,3H,5H,,53,0,True,False,True,False,0
top_ten,svm,occupancy_bin,full,6,unith,6,Faure,june_09_09_g0,0.977531857813548,0.9802146210596914,0.9290744466800804,0.6304347826086957,4,,20,4,8,0,2,5,3,0,6,0,3H,6H,,53,0,True,False,True,False,0
top_ten,svm,occupancy_bin,full,6,unith,6,Faure,june_09_09_g0,0.977531857813548,0.9802146210596914,0.9290744466800804,0.6304347826086957,4,,20,4,8,0,2,6,3,0,1,1,3H,1S,,53,0,True,False,True,False,0
top_ten,svm,occupancy_bin,full,6,unith,6,Faure,june_09_09_g0,0.977531857813548,0.9802146210596914,0.9290744466800804,0.6304347826086957,4,4,20,4,8,0,2,7,3,0,2,1,3H,2S,0.7995955130407064,53,25,True,True,True,True,0
top_ten,svm,occupancy_bin,full,6,unith,6,Faure,june_09_09_g0,0.977531857813548,0.9802146210596914,0.9290744466800804,0.6304347826086957,4,4,20,4,8,0,2,8,3,0,3,1,3H,3S,0.8438548643369007,53,11,True,True,True,True,0
top_ten,svm,occupancy_bin,full,6,unith,6,Faure,june_09_09_g0,0.977531857813548,0.9802146210596914,0.9290744466800804,0.6304347826086957,4,4,20,4,8,0,2,9,3,0,4,1,3H,4S,0.7848553441574362,53,65,True,True,True,True,0
top_ten,svm,occupancy_bin,full,6,unith,6,Faure,june_09_09_g0,0.977531857813548,0.9802146210596914,0.9290744466800804,0.6304347826086957,4,4,20,4,8,0,2,10,3,0,5,1,3H,5S,0.7985191992441114,53,56,True,True,True,True,0
top_ten,svm,occupancy_bin,full,6,unith,6,Faure,june_09_09_g0,0.977531857813548,0.9802146210596914,0.9290744466800804,0.6304347826086957,4,4,20,4,8,0,2,11,3,0,6,1,3H,6S,0.7783369469514636,53,66,True,True,True,True,0
top_ten,svm,occupancy_bin,full,6,unith,6,Faure,june_09_09_g0,0.977531857813548,0.9802146210596914,0.9290744466800804,0.6304347826086957,4,4,20,4,8,0,3,0,4,0,1,0,4H,1H,0.8340800084430227,8,39,True,True,True,True,0
top_ten,svm,occupancy_bin,full,6,unith,6,Faure,june_09_09_g0,0.977531857813548,0.9802146210596914,0.9290744466800804,0.6304347826086957,4,4,20,4,8,0,3,1,4,0,2,0,4H,2H,0.7913944059062368,8,37,True,True,True,True,0
top_ten,svm,occupancy_bin,full,6,unith,6,Faure,june_09_09_g0,0.977531857813548,0.9802146210596914,0.9290744466800804,0.6304347826086957,4,4,20,4,8,0,3,2,4,0,3,0,4H,3H,0.7669018272593953,8,53,True,True,True,True,0
top_ten,svm,occupancy_bin,full,6,unith,6,Faure,june_09_09_g0,0.977531857813548,0.9802146210596914,0.9290744466800804,0.6304347826086957,4,4,20,4,8,0,3,3,4,0,4,0,4H,4H,0.6810088718904954,8,8,True,True,True,True,0
top_ten,svm,occupancy_bin,full,6,unith,6,Faure,june_09_09_g0,0.977531857813548,0.9802146210596914,0.9290744466800804,0.6304347826086957,4,,20,4,8,0,3,4,4,0,5,0,4H,5H,,8,0,True,False,True,False,0
top_ten,svm,occupancy_bin,full,6,unith,6,Faure,june_09_09_g0,0.977531857813548,0.9802146210596914,0.9290744466800804,0.6304347826086957,4,,20,4,8,0,3,5,4,0,6,0,4H,6H,,8,0,True,False,True,False,0
top_ten,svm,occupancy_bin,full,6,unith,6,Faure,june_09_09_g0,0.977531857813548,0.9802146210596914,0.9290744466800804,0.6304347826086957,4,,20,4,8,0,3,6,4,0,1,1,4H,1S,,8,0,True,False,True,False,0
top_ten,svm,occupancy_bin,full,6,unith,6,Faure,june_09_09_g0,0.977531857813548,0.9802146210596914,0.9290744466800804,0.6304347826086957,4,4,20,4,8,0,3,7,4,0,2,1,4H,2S,0.8021028467981688,8,25,True,True,True,True,0
top_ten,svm,occupancy_bin,full,6,unith,6,Faure,june_09_09_g0,0.977531857813548,0.9802146210596914,0.9290744466800804,0.6304347826086957,4,4,20,4,8,0,3,8,4,0,3,1,4H,3S,0.8033402340314847,8,11,True,True,True,True,0
top_ten,svm,occupancy_bin,full,6,unith,6,Faure,june_09_09_g0,0.977531857813548,0.9802146210596914,0.9290744466800804,0.6304347826086957,4,4,20,4,8,0,3,9,4,0,4,1,4H,4S,0.7843142610172168,8,65,True,True,True,True,0
top_ten,svm,occupancy_bin,full,6,unith,6,Faure,june_09_09_g0,0.977531857813548,0.9802146210596914,0.9290744466800804,0.6304347826086957,4,4,20,4,8,0,3,10,4,0,5,1,4H,5S,0.8331623814977014,8,56,True,True,True,True,0
top_ten,svm,occupancy_bin,full,6,unith,6,Faure,june_09_09_g0,0.977531857813548,0.9802146210596914,0.9290744466800804,0.6304347826086957,4,4,20,4,8,0,3,11,4,0,6,1,4H,6S,0.7905417426150758,8,66,True,True,True,True,0
top_ten,svm,occupancy_bin,full,6,unith,6,Faure,june_09_09_g0,0.977531857813548,0.9802146210596914,0.9290744466800804,0.6304347826086957,,4,20,4,8,0,4,0,5,0,1,0,5H,1H,,0,39,False,True,False,True,0
top_ten,svm,occupancy_bin,full,6,unith,6,Faure,june_09_09_g0,0.977531857813548,0.9802146210596914,0.9290744466800804,0.6304347826086957,,4,20,4,8,0,4,1,5,0,2,0,5H,2H,,0,37,False,True,False,True,0
top_ten,svm,occupancy_bin,full,6,unith,6,Faure,june_09_09_g0,0.977531857813548,0.9802146210596914,0.9290744466800804,0.6304347826086957,,4,20,4,8,0,4,2,5,0,3,0,5H,3H,,0,53,False,True,False,True,0
top_ten,svm,occupancy_bin,full,6,unith,6,Faure,june_09_09_g0,0.977531857813548,0.9802146210596914,0.9290744466800804,0.6304347826086957,,4,20,4,8,0,4,3,5,0,4,0,5H,4H,,0,8,False,True,False,True,0
top_ten,svm,occupancy_bin,full,6,unith,6,Faure,june_09_09_g0,0.977531857813548,0.9802146210596914,0.9290744466800804,0.6304347826086957,,,20,4,8,0,4,4,5,0,5,0,5H,5H,,0,0,False,False,False,False,0
top_ten,svm,occupancy_bin,full,6,unith,6,Faure,june_09_09_g0,0.977531857813548,0.9802146210596914,0.9290744466800804,0.6304347826086957,,,20,4,8,0,4,5,5,0,6,0,5H,6H,,0,0,False,False,False,False,0
top_ten,svm,occupancy_bin,full,6,unith,6,Faure,june_09_09_g0,0.977531857813548,0.9802146210596914,0.9290744466800804,0.6304347826086957,,,20,4,8,0,4,6,5,0,1,1,5H,1S,,0,0,False,False,False,False,0
top_ten,svm,occupancy_bin,full,6,unith,6,Faure,june_09_09_g0,0.977531857813548,0.9802146210596914,0.9290744466800804,0.6304347826086957,,4,20,4,8,0,4,7,5,0,2,1,5H,2S,,0,25,False,True,False,True,0
top_ten,svm,occupancy_bin,full,6,unith,6,Faure,june_09_09_g0,0.977531857813548,0.9802146210596914,0.9290744466800804,0.6304347826086957,,4,20,4,8,0,4,8,5,0,3,1,5H,3S,,0,11,False,True,False,True,0
top_ten,svm,occupancy_bin,full,6,unith,6,Faure,june_09_09_g0,0.977531857813548,0.9802146210596914,0.9290744466800804,0.6304347826086957,,4,20,4,8,0,4,9,5,0,4,1,5H,4S,,0,65,False,True,False,True,0
top_ten,svm,occupancy_bin,full,6,unith,6,Faure,june_09_09_g0,0.977531857813548,0.9802146210596914,0.9290744466800804,0.6304347826086957,,4,20,4,8,0,4,10,5,0,5,1,5H,5S,,0,56,False,True,False,True,0
top_ten,svm,occupancy_bin,full,6,unith,6,Faure,june_09_09_g0,0.977531857813548,0.9802146210596914,0.9290744466800804,0.6304347826086957,,4,20,4,8,0,4,11,5,0,6,1,5H,6S,,0,66,False,True,False,True,0
top_ten,svm,occupancy_bin,full,6,unith,6,Faure,june_09_09_g0,0.977531857813548,0.9802146210596914,0.9290744466800804,0.6304347826086957,,4,20,4,8,0,5,0,6,0,1,0,6H,1H,,0,39,False,True,False,True,0
top_ten,svm,occupancy_bin,full,6,unith,6,Faure,june_09_09_g0,0.977531857813548,0.9802146210596914,0.9290744466800804,0.6304347826086957,,4,20,4,8,0,5,1,6,0,2,0,6H,2H,,0,37,False,True,False,True,0
top_ten,svm,occupancy_bin,full,6,unith,6,Faure,june_09_09_g0,0.977531857813548,0.9802146210596914,0.9290744466800804,0.6304347826086957,,4,20,4,8,0,5,2,6,0,3,0,6H,3H,,0,53,False,True,False,True,0
top_ten,svm,occupancy_bin,full,6,unith,6,Faure,june_09_09_g0,0.977531857813548,0.9802146210596914,0.9290744466800804,0.6304347826086957,,4,20,4,8,0,5,3,6,0,4,0,6H,4H,,0,8,False,True,False,True,0
top_ten,svm,occupancy_bin,full,6,unith,6,Faure,june_09_09_g0,0.977531857813548,0.9802146210596914,0.9290744466800804,0.6304347826086957,,,20,4,8,0,5,4,6,0,5,0,6H,5H,,0,0,False,False,False,False,0
top_ten,svm,occupancy_bin,full,6,unith,6,Faure,june_09_09_g0,0.977531857813548,0.9802146210596914,0.9290744466800804,0.6304347826086957,,,20,4,8,0,5,5,6,0,6,0,6H,6H,,0,0,False,False,False,False,0
top_ten,svm,occupancy_bin,full,6,unith,6,Faure,june_09_09_g0,0.977531857813548,0.9802146210596914,0.9290744466800804,0.6304347826086957,,,20,4,8,0,5,6,6,0,1,1,6H,1S,,0,0,False,False,False,False,0
top_ten,svm,occupancy_bin,full,6,unith,6,Faure,june_09_09_g0,0.977531857813548,0.9802146210596914,0.9290744466800804,0.6304347826086957,,4,20,4,8,0,5,7,6,0,2,1,6H,2S,,0,25,False,True,False,True,0
top_ten,svm,occupancy_bin,full,6,unith,6,Faure,june_09_09_g0,0.977531857813548,0.9802146210596914,0.9290744466800804,0.6304347826086957,,4,20,4,8,0,5,8,6,0,3,1,6H,3S,,0,11,False,True,False,True,0
top_ten,svm,occupancy_bin,full,6,unith,6,Faure,june_09_09_g0,0.977531857813548,0.9802146210596914,0.9290744466800804,0.6304347826086957,,4,20,4,8,0,5,9,6,0,4,1,6H,4S,,0,65,False,True,False,True,0
top_ten,svm,occupancy_bin,full,6,unith,6,Faure,june_09_09_g0,0.977531857813548,0.9802146210596914,0.9290744466800804,0.6304347826086957,,4,20,4,8,0,5,10,6,0,5,1,6H,5S,,0,56,False,True,False,True,0
top_ten,svm,occupancy_bin,full,6,unith,6,Faure,june_09_09_g0,0.977531857813548,0.9802146210596914,0.9290744466800804,0.6304347826086957,,4,20,4,8,0,5,11,6,0,6,1,6H,6S,,0,66,False,True,False,True,0
top_ten,svm,occupancy_bin,full,6,unith,6,Faure,june_09_09_g0,0.977531857813548,0.9802146210596914,0.9290744466800804,0.6304347826086957,,4,20,4,8,0,6,0,1,1,1,0,1S,1H,,0,39,False,True,False,True,0
top_ten,svm,occupancy_bin,full,6,unith,6,Faure,june_09_09_g0,0.977531857813548,0.9802146210596914,0.9290744466800804,0.6304347826086957,,4,20,4,8,0,6,1,1,1,2,0,1S,2H,,0,37,False,True,False,True,0
top_ten,svm,occupancy_bin,full,6,unith,6,Faure,june_09_09_g0,0.977531857813548,0.9802146210596914,0.9290744466800804,0.6304347826086957,,4,20,4,8,0,6,2,1,1,3,0,1S,3H,,0,53,False,True,False,True,0
top_ten,svm,occupancy_bin,full,6,unith,6,Faure,june_09_09_g0,0.977531857813548,0.9802146210596914,0.9290744466800804,0.6304347826086957,,4,20,4,8,0,6,3,1,1,4,0,1S,4H,,0,8,False,True,False,True,0
top_ten,svm,occupancy_bin,full,6,unith,6,Faure,june_09_09_g0,0.977531857813548,0.9802146210596914,0.9290744466800804,0.6304347826086957,,,20,4,8,0,6,4,1,1,5,0,1S,5H,,0,0,False,False,False,False,0
top_ten,svm,occupancy_bin,full,6,unith,6,Faure,june_09_09_g0,0.977531857813548,0.9802146210596914,0.9290744466800804,0.6304347826086957,,,20,4,8,0,6,5,1,1,6,0,1S,6H,,0,0,False,False,False,False,0
top_ten,svm,occupancy_bin,full,6,unith,6,Faure,june_09_09_g0,0.977531857813548,0.9802146210596914,0.9290744466800804,0.6304347826086957,,,20,4,8,0,6,6,1,1,1,1,1S,1S,,0,0,False,False,False,False,0
top_ten,svm,occupancy_bin,full,6,unith,6,Faure,june_09_09_g0,0.977531857813548,0.9802146210596914,0.9290744466800804,0.6304347826086957,,4,20,4,8,0,6,7,1,1,2,1,1S,2S,,0,25,False,True,False,True,0
top_ten,svm,occupancy_bin,full,6,unith,6,Faure,june_09_09_g0,0.977531857813548,0.9802146210596914,0.9290744466800804,0.6304347826086957,,4,20,4,8,0,6,8,1,1,3,1,1S,3S,,0,11,False,True,False,True,0
top_ten,svm,occupancy_bin,full,6,unith,6,Faure,june_09_09_g0,0.977531857813548,0.9802146210596914,0.9290744466800804,0.6304347826086957,,4,20,4,8,0,6,9,1,1,4,1,1S,4S,,0,65,False,True,False,True,0
top_ten,svm,occupancy_bin,full,6,unith,6,Faure,june_09_09_g0,0.977531857813548,0.9802146210596914,0.9290744466800804,0.6304347826086957,,4,20,4,8,0,6,10,1,1,5,1,1S,5S,,0,56,False,True,False,True,0
top_ten,svm,occupancy_bin,full,6,unith,6,Faure,june_09_09_g0,0.977531857813548,0.9802146210596914,0.9290744466800804,0.6304347826086957,,4,20,4,8,0,6,11,1,1,6,1,1S,6S,,0,66,False,True,False,True,0
top_ten,svm,occupancy_bin,full,6,unith,6,Faure,june_09_09_g0,0.977531857813548,0.9802146210596914,0.9290744466800804,0.6304347826086957,4,4,20,4,8,0,7,0,2,1,1,0,2S,1H,0.8728913085523551,25,39,True,True,True,True,0
top_ten,svm,occupancy_bin,full,6,unith,6,Faure,june_09_09_g0,0.977531857813548,0.9802146210596914,0.9290744466800804,0.6304347826086957,4,4,20,4,8,0,7,1,2,1,2,0,2S,2H,0.8140497303576055,25,37,True,True,True,True,0
top_ten,svm,occupancy_bin,full,6,unith,6,Faure,june_09_09_g0,0.977531857813548,0.9802146210596914,0.9290744466800804,0.6304347826086957,4,4,20,4,8,0,7,2,2,1,3,0,2S,3H,0.7995955130407064,25,53,True,True,True,True,0
top_ten,svm,occupancy_bin,full,6,unith,6,Faure,june_09_09_g0,0.977531857813548,0.9802146210596914,0.9290744466800804,0.6304347826086957,4,4,20,4,8,0,7,3,2,1,4,0,2S,4H,0.8021028467981688,25,8,True,True,True,True,0
top_ten,svm,occupancy_bin,full,6,unith,6,Faure,june_09_09_g0,0.977531857813548,0.9802146210596914,0.9290744466800804,0.6304347826086957,4,,20,4,8,0,7,4,2,1,5,0,2S,5H,,25,0,True,False,True,False,0
top_ten,svm,occupancy_bin,full,6,unith,6,Faure,june_09_09_g0,0.977531857813548,0.9802146210596914,0.9290744466800804,0.6304347826086957,4,,20,4,8,0,7,5,2,1,6,0,2S,6H,,25,0,True,False,True,False,0
top_ten,svm,occupancy_bin,full,6,unith,6,Faure,june_09_09_g0,0.977531857813548,0.9802146210596914,0.9290744466800804,0.6304347826086957,4,,20,4,8,0,7,6,2,1,1,1,2S,1S,,25,0,True,False,True,False,0
top_ten,svm,occupancy_bin,full,6,unith,6,Faure,june_09_09_g0,0.977531857813548,0.9802146210596914,0.9290744466800804,0.6304347826086957,4,4,20,4,8,0,7,7,2,1,2,1,2S,2S,0.8367300569320143,25,25,True,True,True,True,0
top_ten,svm,occupancy_bin,full,6,unith,6,Faure,june_09_09_g0,0.977531857813548,0.9802146210596914,0.9290744466800804,0.6304347826086957,4,4,20,4,8,0,7,8,2,1,3,1,2S,3S,0.8584746390077529,25,11,True,True,True,True,0
top_ten,svm,occupancy_bin,full,6,unith,6,Faure,june_09_09_g0,0.977531857813548,0.9802146210596914,0.9290744466800804,0.6304347826086957,4,4,20,4,8,0,7,9,2,1,4,1,2S,4S,0.843750116149098,25,65,True,True,True,True,0
top_ten,svm,occupancy_bin,full,6,unith,6,Faure,june_09_09_g0,0.977531857813548,0.9802146210596914,0.9290744466800804,0.6304347826086957,4,4,20,4,8,0,7,10,2,1,5,1,2S,5S,0.8062020999711204,25,56,True,True,True,True,0
top_ten,svm,occupancy_bin,full,6,unith,6,Faure,june_09_09_g0,0.977531857813548,0.9802146210596914,0.9290744466800804,0.6304347826086957,4,4,20,4,8,0,7,11,2,1,6,1,2S,6S,0.803766361619067,25,66,True,True,True,True,0
top_ten,svm,occupancy_bin,full,6,unith,6,Faure,june_09_09_g0,0.977531857813548,0.9802146210596914,0.9290744466800804,0.6304347826086957,4,4,20,4,8,0,8,0,3,1,1,0,3S,1H,0.8936501498253746,11,39,True,True,True,True,0
top_ten,svm,occupancy_bin,full,6,unith,6,Faure,june_09_09_g0,0.977531857813548,0.9802146210596914,0.9290744466800804,0.6304347826086957,4,4,20,4,8,0,8,1,3,1,2,0,3S,2H,0.8466556353009886,11,37,True,True,True,True,0
top_ten,svm,occupancy_bin,full,6,unith,6,Faure,june_09_09_g0,0.977531857813548,0.9802146210596914,0.9290744466800804,0.6304347826086957,4,4,20,4,8,0,8,2,3,1,3,0,3S,3H,0.8438548643369007,11,53,True,True,True,True,0
top_ten,svm,occupancy_bin,full,6,unith,6,Faure,june_09_09_g0,0.977531857813548,0.9802146210596914,0.9290744466800804,0.6304347826086957,4,4,20,4,8,0,8,3,3,1,4,0,3S,4H,0.8033402340314847,11,8,True,True,True,True,0
top_ten,svm,occupancy_bin,full,6,unith,6,Faure,june_09_09_g0,0.977531857813548,0.9802146210596914,0.9290744466800804,0.6304347826086957,4,,20,4,8,0,8,4,3,1,5,0,3S,5H,,11,0,True,False,True,False,0
top_ten,svm,occupancy_bin,full,6,unith,6,Faure,june_09_09_g0,0.977531857813548,0.9802146210596914,0.9290744466800804,0.6304347826086957,4,,20,4,8,0,8,5,3,1,6,0,3S,6H,,11,0,True,False,True,False,0
top_ten,svm,occupancy_bin,full,6,unith,6,Faure,june_09_09_g0,0.977531857813548,0.9802146210596914,0.9290744466800804,0.6304347826086957,4,,20,4,8,0,8,6,3,1,1,1,3S,1S,,11,0,True,False,True,False,0
top_ten,svm,occupancy_bin,full,6,unith,6,Faure,june_09_09_g0,0.977531857813548,0.9802146210596914,0.9290744466800804,0.6304347826086957,4,4,20,4,8,0,8,7,3,1,2,1,3S,2S,0.8584746390077529,11,25,True,True,True,True,0
top_ten,svm,occupancy_bin,full,6,unith,6,Faure,june_09_09_g0,0.977531857813548,0.9802146210596914,0.9290744466800804,0.6304347826086957,4,4,20,4,8,0,8,8,3,1,3,1,3S,3S,0.8755287689243829,11,11,True,True,True,True,0
top_ten,svm,occupancy_bin,full,6,unith,6,Faure,june_09_09_g0,0.977531857813548,0.9802146210596914,0.9290744466800804,0.6304347826086957,4,4,20,4,8,0,8,9,3,1,4,1,3S,4S,0.8362160088056869,11,65,True,True,True,True,0
top_ten,svm,occupancy_bin,full,6,unith,6,Faure,june_09_09_g0,0.977531857813548,0.9802146210596914,0.9290744466800804,0.6304347826086957,4,4,20,4,8,0,8,10,3,1,5,1,3S,5S,0.8225236458486046,11,56,True,True,True,True,0
top_ten,svm,occupancy_bin,full,6,unith,6,Faure,june_09_09_g0,0.977531857813548,0.9802146210596914,0.9290744466800804,0.6304347826086957,4,4,20,4,8,0,8,11,3,1,6,1,3S,6S,0.8151298686024019,11,66,True,True,True,True,0
top_ten,svm,occupancy_bin,full,6,unith,6,Faure,june_09_09_g0,0.977531857813548,0.9802146210596914,0.9290744466800804,0.6304347826086957,4,4,20,4,8,0,9,0,4,1,1,0,4S,1H,0.8518670545457356,65,39,True,True,True,True,0
top_ten,svm,occupancy_bin,full,6,unith,6,Faure,june_09_09_g0,0.977531857813548,0.9802146210596914,0.9290744466800804,0.6304347826086957,4,4,20,4,8,0,9,1,4,1,2,0,4S,2H,0.792253791040785,65,37,True,True,True,True,0
top_ten,svm,occupancy_bin,full,6,unith,6,Faure,june_09_09_g0,0.977531857813548,0.9802146210596914,0.9290744466800804,0.6304347826086957,4,4,20,4,8,0,9,2,4,1,3,0,4S,3H,0.7848553441574362,65,53,True,True,True,True,0
top_ten,svm,occupancy_bin,full,6,unith,6,Faure,june_09_09_g0,0.977531857813548,0.9802146210596914,0.9290744466800804,0.6304347826086957,4,4,20,4,8,0,9,3,4,1,4,0,4S,4H,0.7843142610172168,65,8,True,True,True,True,0
top_ten,svm,occupancy_bin,full,6,unith,6,Faure,june_09_09_g0,0.977531857813548,0.9802146210596914,0.9290744466800804,0.6304347826086957,4,,20,4,8,0,9,4,4,1,5,0,4S,5H,,65,0,True,False,True,False,0
top_ten,svm,occupancy_bin,full,6,unith,6,Faure,june_09_09_g0,0.977531857813548,0.9802146210596914,0.9290744466800804,0.6304347826086957,4,,20,4,8,0,9,5,4,1,6,0,4S,6H,,65,0,True,False,True,False,0
top_ten,svm,occupancy_bin,full,6,unith,6,Faure,june_09_09_g0,0.977531857813548,0.9802146210596914,0.9290744466800804,0.6304347826086957,4,,20,4,8,0,9,6,4,1,1,1,4S,1S,,65,0,True,False,True,False,0
top_ten,svm,occupancy_bin,full,6,unith,6,Faure,june_09_09_g0,0.977531857813548,0.9802146210596914,0.9290744466800804,0.6304347826086957,4,4,20,4,8,0,9,7,4,1,2,1,4S,2S,0.843750116149098,65,25,True,True,True,True,0
top_ten,svm,occupancy_bin,full,6,unith,6,Faure,june_09_09_g0,0.977531857813548,0.9802146210596914,0.9290744466800804,0.6304347826086957,4,4,20,4,8,0,9,8,4,1,3,1,4S,3S,0.8362160088056869,65,11,True,True,True,True,0
top_ten,svm,occupancy_bin,full,6,unith,6,Faure,june_09_09_g0,0.977531857813548,0.9802146210596914,0.9290744466800804,0.6304347826086957,4,4,20,4,8,0,9,9,4,1,4,1,4S,4S,0.8418809460242691,65,65,True,True,True,True,0
top_ten,svm,occupancy_bin,full,6,unith,6,Faure,june_09_09_g0,0.977531857813548,0.9802146210596914,0.9290744466800804,0.6304347826086957,4,4,20,4,8,0,9,10,4,1,5,1,4S,5S,0.8046707669456783,65,56,True,True,True,True,0
top_ten,svm,occupancy_bin,full,6,unith,6,Faure,june_09_09_g0,0.977531857813548,0.9802146210596914,0.9290744466800804,0.6304347826086957,4,4,20,4,8,0,9,11,4,1,6,1,4S,6S,0.7675918424584525,65,66,True,True,True,True,0
top_ten,svm,occupancy_bin,full,6,unith,6,Faure,june_09_09_g0,0.977531857813548,0.9802146210596914,0.9290744466800804,0.6304347826086957,4,4,20,4,8,0,10,0,5,1,1,0,5S,1H,0.8480980105912751,56,39,True,True,True,True,0
top_ten,svm,occupancy_bin,full,6,unith,6,Faure,june_09_09_g0,0.977531857813548,0.9802146210596914,0.9290744466800804,0.6304347826086957,4,4,20,4,8,0,10,1,5,1,2,0,5S,2H,0.8120867421777245,56,37,True,True,True,True,0
top_ten,svm,occupancy_bin,full,6,unith,6,Faure,june_09_09_g0,0.977531857813548,0.9802146210596914,0.9290744466800804,0.6304347826086957,4,4,20,4,8,0,10,2,5,1,3,0,5S,3H,0.7985191992441114,56,53,True,True,True,True,0
top_ten,svm,occupancy_bin,full,6,unith,6,Faure,june_09_09_g0,0.977531857813548,0.9802146210596914,0.9290744466800804,0.6304347826086957,4,4,20,4,8,0,10,3,5,1,4,0,5S,4H,0.8331623814977014,56,8,True,True,True,True,0
top_ten,svm,occupancy_bin,full,6,unith,6,Faure,june_09_09_g0,0.977531857813548,0.9802146210596914,0.9290744466800804,0.6304347826086957,4,,20,4,8,0,10,4,5,1,5,0,5S,5H,,56,0,True,False,True,False,0
top_ten,svm,occupancy_bin,full,6,unith,6,Faure,june_09_09_g0,0.977531857813548,0.9802146210596914,0.9290744466800804,0.6304347826086957,4,,20,4,8,0,10,5,5,1,6,0,5S,6H,,56,0,True,False,True,False,0
top_ten,svm,occupancy_bin,full,6,unith,6,Faure,june_09_09_g0,0.977531857813548,0.9802146210596914,0.9290744466800804,0.6304347826086957,4,,20,4,8,0,10,6,5,1,1,1,5S,1S,,56,0,True,False,True,False,0
top_ten,svm,occupancy_bin,full,6,unith,6,Faure,june_09_09_g0,0.977531857813548,0.9802146210596914,0.9290744466800804,0.6304347826086957,4,4,20,4,8,0,10,7,5,1,2,1,5S,2S,0.8062020999711204,56,25,True,True,True,True,0
top_ten,svm,occupancy_bin,full,6,unith,6,Faure,june_09_09_g0,0.977531857813548,0.9802146210596914,0.9290744466800804,0.6304347826086957,4,4,20,4,8,0,10,8,5,1,3,1,5S,3S,0.8225236458486046,56,11,True,True,True,True,0
top_ten,svm,occupancy_bin,full,6,unith,6,Faure,june_09_09_g0,0.977531857813548,0.9802146210596914,0.9290744466800804,0.6304347826086957,4,4,20,4,8,0,10,9,5,1,4,1,5S,4S,0.8046707669456783,56,65,True,True,True,True,0
top_ten,svm,occupancy_bin,full,6,unith,6,Faure,june_09_09_g0,0.977531857813548,0.9802146210596914,0.9290744466800804,0.6304347826086957,4,4,20,4,8,0,10,10,5,1,5,1,5S,5S,0.7425282173393173,56,56,True,True,True,True,0
top_ten,svm,occupancy_bin,full,6,unith,6,Faure,june_09_09_g0,0.977531857813548,0.9802146210596914,0.9290744466800804,0.6304347826086957,4,4,20,4,8,0,10,11,5,1,6,1,5S,6S,0.8096831787403737,56,66,True,True,True,True,0
top_ten,svm,occupancy_bin,full,6,unith,6,Faure,june_09_09_g0,0.977531857813548,0.9802146210596914,0.9290744466800804,0.6304347826086957,4,4,20,4,8,0,11,0,6,1,1,0,6S,1H,0.8448024438053718,66,39,True,True,True,True,0
top_ten,svm,occupancy_bin,full,6,unith,6,Faure,june_09_09_g0,0.977531857813548,0.9802146210596914,0.9290744466800804,0.6304347826086957,4,4,20,4,8,0,11,1,6,1,2,0,6S,2H,0.7671048577455992,66,37,True,True,True,True,0
top_ten,svm,occupancy_bin,full,6,unith,6,Faure,june_09_09_g0,0.977531857813548,0.9802146210596914,0.9290744466800804,0.6304347826086957,4,4,20,4,8,0,11,2,6,1,3,0,6S,3H,0.7783369469514636,66,53,True,True,True,True,0
top_ten,svm,occupancy_bin,full,6,unith,6,Faure,june_09_09_g0,0.977531857813548,0.9802146210596914,0.9290744466800804,0.6304347826086957,4,4,20,4,8,0,11,3,6,1,4,0,6S,4H,0.7905417426150758,66,8,True,True,True,True,0
top_ten,svm,occupancy_bin,full,6,unith,6,Faure,june_09_09_g0,0.977531857813548,0.9802146210596914,0.9290744466800804,0.6304347826086957,4,,20,4,8,0,11,4,6,1,5,0,6S,5H,,66,0,True,False,True,False,0
top_ten,svm,occupancy_bin,full,6,unith,6,Faure,june_09_09_g0,0.977531857813548,0.9802146210596914,0.9290744466800804,0.6304347826086957,4,,20,4,8,0,11,5,6,1,6,0,6S,6H,,66,0,True,False,True,False,0
top_ten,svm,occupancy_bin,full,6,unith,6,Faure,june_09_09_g0,0.977531857813548,0.9802146210596914,0.9290744466800804,0.6304347826086957,4,,20,4,8,0,11,6,6,1,1,1,6S,1S,,66,0,True,False,True,False,0
top_ten,svm,occupancy_bin,full,6,unith,6,Faure,june_09_09_g0,0.977531857813548,0.9802146210596914,0.9290744466800804,0.6304347826086957,4,4,20,4,8,0,11,7,6,1,2,1,6S,2S,0.803766361619067,66,25,True,True,True,True,0
top_ten,svm,occupancy_bin,full,6,unith,6,Faure,june_09_09_g0,0.977531857813548,0.9802146210596914,0.9290744466800804,0.6304347826086957,4,4,20,4,8,0,11,8,6,1,3,1,6S,3S,0.8151298686024019,66,11,True,True,True,True,0
top_ten,svm,occupancy_bin,full,6,unith,6,Faure,june_09_09_g0,0.977531857813548,0.9802146210596914,0.9290744466800804,0.6304347826086957,4,4,20,4,8,0,11,9,6,1,4,1,6S,4S,0.7675918424584525,66,65,True,True,True,True,0
top_ten,svm,occupancy_bin,full,6,unith,6,Faure,june_09_09_g0,0.977531857813548,0.9802146210596914,0.9290744466800804,0.6304347826086957,4,4,20,4,8,0,11,10,6,1,5,1,6S,5S,0.8096831787403737,66,56,True,True,True,True,0
top_ten,svm,occupancy_bin,full,6,unith,6,Faure,june_09_09_g0,0.977531857813548,0.9802146210596914,0.9290744466800804,0.6304347826086957,4,4,20,4,8,0,11,11,6,1,6,1,6S,6S,0.7802983723895517,66,66,True,True,True,True,0
top_ten,svm,occupancy_bin,full,6,unith,6,Faure,june_10_g0,0.972524154589372,0.9797705314009663,0.9405193236714976,0.6142857142857143,6,6,20,4,8,0,0,0,1,0,1,0,1H,1H,0.8899980237736772,45,45,True,True,True,True,0
top_ten,svm,occupancy_bin,full,6,unith,6,Faure,june_10_g0,0.972524154589372,0.9797705314009663,0.9405193236714976,0.6142857142857143,6,6,20,4,8,0,0,1,1,0,2,0,1H,2H,0.8998908839337346,45,49,True,True,True,True,0
top_ten,svm,occupancy_bin,full,6,unith,6,Faure,june_10_g0,0.972524154589372,0.9797705314009663,0.9405193236714976,0.6142857142857143,6,6,20,4,8,0,0,2,1,0,3,0,1H,3H,0.895837653267687,45,52,True,True,True,True,0
top_ten,svm,occupancy_bin,full,6,unith,6,Faure,june_10_g0,0.972524154589372,0.9797705314009663,0.9405193236714976,0.6142857142857143,6,6,20,4,8,0,0,3,1,0,4,0,1H,4H,0.9233108901454298,45,15,True,True,True,True,0
top_ten,svm,occupancy_bin,full,6,unith,6,Faure,june_10_g0,0.972524154589372,0.9797705314009663,0.9405193236714976,0.6142857142857143,6,6,20,4,8,0,0,4,1,0,5,0,1H,5H,0.7307904654445073,45,12,True,True,True,True,0
top_ten,svm,occupancy_bin,full,6,unith,6,Faure,june_10_g0,0.972524154589372,0.9797705314009663,0.9405193236714976,0.6142857142857143,6,,20,4,8,0,0,5,1,0,6,0,1H,6H,,45,0,True,False,True,False,0
top_ten,svm,occupancy_bin,full,6,unith,6,Faure,june_10_g0,0.972524154589372,0.9797705314009663,0.9405193236714976,0.6142857142857143,6,,20,4,8,0,0,6,1,0,1,1,1H,1S,,45,0,True,False,True,False,0
top_ten,svm,occupancy_bin,full,6,unith,6,Faure,june_10_g0,0.972524154589372,0.9797705314009663,0.9405193236714976,0.6142857142857143,6,6,20,4,8,0,0,7,1,0,2,1,1H,2S,0.9084833419185973,45,16,True,True,True,True,0
top_ten,svm,occupancy_bin,full,6,unith,6,Faure,june_10_g0,0.972524154589372,0.9797705314009663,0.9405193236714976,0.6142857142857143,6,,20,4,8,0,0,8,1,0,3,1,1H,3S,,45,0,True,False,True,False,0
top_ten,svm,occupancy_bin,full,6,unith,6,Faure,june_10_g0,0.972524154589372,0.9797705314009663,0.9405193236714976,0.6142857142857143,6,6,20,4,8,0,0,9,1,0,4,1,1H,4S,0.895985256971359,45,63,True,True,True,True,0
top_ten,svm,occupancy_bin,full,6,unith,6,Faure,june_10_g0,0.972524154589372,0.9797705314009663,0.9405193236714976,0.6142857142857143,6,6,20,4,8,0,0,10,1,0,5,1,1H,5S,0.902956111309926,45,78,True,True,True,True,0
top_ten,svm,occupancy_bin,full,6,unith,6,Faure,june_10_g0,0.972524154589372,0.9797705314009663,0.9405193236714976,0.6142857142857143,6,6,20,4,8,0,0,11,1,0,6,1,1H,6S,0.8666903430670011,45,65,True,True,True,True,0
top_ten,svm,occupancy_bin,full,6,unith,6,Faure,june_10_g0,0.972524154589372,0.9797705314009663,0.9405193236714976,0.6142857142857143,6,6,20,4,8,0,1,0,2,0,1,0,2H,1H,0.8998908839337346,49,45,True,True,True,True,0
top_ten,svm,occupancy_bin,full,6,unith,6,Faure,june_10_g0,0.972524154589372,0.9797705314009663,0.9405193236714976,0.6142857142857143,6,6,20,4,8,0,1,1,2,0,2,0,2H,2H,0.9548156179123015,49,49,True,True,True,True,0
top_ten,svm,occupancy_bin,full,6,unith,6,Faure,june_10_g0,0.972524154589372,0.9797705314009663,0.9405193236714976,0.6142857142857143,6,6,20,4,8,0,1,2,2,0,3,0,2H,3H,0.9082909912212397,49,52,True,True,True,True,0
top_ten,svm,occupancy_bin,full,6,unith,6,Faure,june_10_g0,0.972524154589372,0.9797705314009663,0.9405193236714976,0.6142857142857143,6,6,20,4,8,0,1,3,2,0,4,0,2H,4H,0.9172471641515478,49,15,True,True,True,True,0
top_ten,svm,occupancy_bin,full,6,unith,6,Faure,june_10_g0,0.972524154589372,0.9797705314009663,0.9405193236714976,0.6142857142857143,6,6,20,4,8,0,1,4,2,0,5,0,2H,5H,0.6653510777710243,49,12,True,True,True,True,0
top_ten,svm,occupancy_bin,full,6,unith,6,Faure,june_10_g0,0.972524154589372,0.9797705314009663,0.9405193236714976,0.6142857142857143,6,,20,4,8,0,1,5,2,0,6,0,2H,6H,,49,0,True,False,True,False,0
top_ten,svm,occupancy_bin,full,6,unith,6,Faure,june_10_g0,0.972524154589372,0.9797705314009663,0.9405193236714976,0.6142857142857143,6,,20,4,8,0,1,6,2,0,1,1,2H,1S,,49,0,True,False,True,False,0
top_ten,svm,occupancy_bin,full,6,unith,6,Faure,june_10_g0,0.972524154589372,0.9797705314009663,0.9405193236714976,0.6142857142857143,6,6,20,4,8,0,1,7,2,0,2,1,2H,2S,0.916579061754673,49,16,True,True,True,True,0
top_ten,svm,occupancy_bin,full,6,unith,6,Faure,june_10_g0,0.972524154589372,0.9797705314009663,0.9405193236714976,0.6142857142857143,6,,20,4,8,0,1,8,2,0,3,1,2H,3S,,49,0,True,False,True,False,0
top_ten,svm,occupancy_bin,full,6,unith,6,Faure,june_10_g0,0.972524154589372,0.9797705314009663,0.9405193236714976,0.6142857142857143,6,6,20,4,8,0,1,9,2,0,4,1,2H,4S,0.9309789265801329,49,63,True,True,True,True,0
top_ten,svm,occupancy_bin,full,6,unith,6,Faure,june_10_g0,0.972524154589372,0.9797705314009663,0.9405193236714976,0.6142857142857143,6,6,20,4,8,0,1,10,2,0,5,1,2H,5S,0.8761835867658361,49,78,True,True,True,True,0
top_ten,svm,occupancy_bin,full,6,unith,6,Faure,june_10_g0,0.972524154589372,0.9797705314009663,0.9405193236714976,0.6142857142857143,6,6,20,4,8,0,1,11,2,0,6,1,2H,6S,0.8563151512369,49,65,True,True,True,True,0
top_ten,svm,occupancy_bin,full,6,unith,6,Faure,june_10_g0,0.972524154589372,0.9797705314009663,0.9405193236714976,0.6142857142857143,6,6,20,4,8,0,2,0,3,0,1,0,3H,1H,0.895837653267687,52,45,True,True,True,True,0
top_ten,svm,occupancy_bin,full,6,unith,6,Faure,june_10_g0,0.972524154589372,0.9797705314009663,0.9405193236714976,0.6142857142857143,6,6,20,4,8,0,2,1,3,0,2,0,3H,2H,0.9082909912212397,52,49,True,True,True,True,0
top_ten,svm,occupancy_bin,full,6,unith,6,Faure,june_10_g0,0.972524154589372,0.9797705314009663,0.9405193236714976,0.6142857142857143,6,6,20,4,8,0,2,2,3,0,3,0,3H,3H,0.9138187405329063,52,52,True,True,True,True,0
top_ten,svm,occupancy_bin,full,6,unith,6,Faure,june_10_g0,0.972524154589372,0.9797705314009663,0.9405193236714976,0.6142857142857143,6,6,20,4,8,0,2,3,3,0,4,0,3H,4H,0.8946932586876033,52,15,True,True,True,True,0
top_ten,svm,occupancy_bin,full,6,unith,6,Faure,june_10_g0,0.972524154589372,0.9797705314009663,0.9405193236714976,0.6142857142857143,6,6,20,4,8,0,2,4,3,0,5,0,3H,5H,0.753465131766872,52,12,True,True,True,True,0
top_ten,svm,occupancy_bin,full,6,unith,6,Faure,june_10_g0,0.972524154589372,0.9797705314009663,0.9405193236714976,0.6142857142857143,6,,20,4,8,0,2,5,3,0,6,0,3H,6H,,52,0,True,False,True,False,0
top_ten,svm,occupancy_bin,full,6,unith,6,Faure,june_10_g0,0.972524154589372,0.9797705314009663,0.9405193236714976,0.6142857142857143,6,,20,4,8,0,2,6,3,0,1,1,3H,1S,,52,0,True,False,True,False,0
top_ten,svm,occupancy_bin,full,6,unith,6,Faure,june_10_g0,0.972524154589372,0.9797705314009663,0.9405193236714976,0.6142857142857143,6,6,20,4,8,0,2,7,3,0,2,1,3H,2S,0.8931956173316931,52,16,True,True,True,True,0
top_ten,svm,occupancy_bin,full,6,unith,6,Faure,june_10_g0,0.972524154589372,0.9797705314009663,0.9405193236714976,0.6142857142857143,6,,20,4,8,0,2,8,3,0,3,1,3H,3S,,52,0,True,False,True,False,0
top_ten,svm,occupancy_bin,full,6,unith,6,Faure,june_10_g0,0.972524154589372,0.9797705314009663,0.9405193236714976,0.6142857142857143,6,6,20,4,8,0,2,9,3,0,4,1,3H,4S,0.880192149690821,52,63,True,True,True,True,0
top_ten,svm,occupancy_bin,full,6,unith,6,Faure,june_10_g0,0.972524154589372,0.9797705314009663,0.9405193236714976,0.6142857142857143,6,6,20,4,8,0,2,10,3,0,5,1,3H,5S,0.8763362930759511,52,78,True,True,True,True,0
top_ten,svm,occupancy_bin,full,6,unith,6,Faure,june_10_g0,0.972524154589372,0.9797705314009663,0.9405193236714976,0.6142857142857143,6,6,20,4,8,0,2,11,3,0,6,1,3H,6S,0.8756105458022304,52,65,True,True,True,True,0
top_ten,svm,occupancy_bin,full,6,unith,6,Faure,june_10_g0,0.972524154589372,0.9797705314009663,0.9405193236714976,0.6142857142857143,6,6,20,4,8,0,3,0,4,0,1,0,4H,1H,0.9233108901454298,15,45,True,True,True,True,0
top_ten,svm,occupancy_bin,full,6,unith,6,Faure,june_10_g0,0.972524154589372,0.9797705314009663,0.9405193236714976,0.6142857142857143,6,6,20,4,8,0,3,1,4,0,2,0,4H,2H,0.9172471641515478,15,49,True,True,True,True,0
top_ten,svm,occupancy_bin,full,6,unith,6,Faure,june_10_g0,0.972524154589372,0.9797705314009663,0.9405193236714976,0.6142857142857143,6,6,20,4,8,0,3,2,4,0,3,0,4H,3H,0.8946932586876033,15,52,True,True,True,True,0
top_ten,svm,occupancy_bin,full,6,unith,6,Faure,june_10_g0,0.972524154589372,0.9797705314009663,0.9405193236714976,0.6142857142857143,6,6,20,4,8,0,3,3,4,0,4,0,4H,4H,0.9143860709647408,15,15,True,True,True,True,0
top_ten,svm,occupancy_bin,full,6,unith,6,Faure,june_10_g0,0.972524154589372,0.9797705314009663,0.9405193236714976,0.6142857142857143,6,6,20,4,8,0,3,4,4,0,5,0,4H,5H,0.7929590554302284,15,12,True,True,True,True,0
top_ten,svm,occupancy_bin,full,6,unith,6,Faure,june_10_g0,0.972524154589372,0.9797705314009663,0.9405193236714976,0.6142857142857143,6,,20,4,8,0,3,5,4,0,6,0,4H,6H,,15,0,True,False,True,False,0
top_ten,svm,occupancy_bin,full,6,unith,6,Faure,june_10_g0,0.972524154589372,0.9797705314009663,0.9405193236714976,0.6142857142857143,6,,20,4,8,0,3,6,4,0,1,1,4H,1S,,15,0,True,False,True,False,0
top_ten,svm,occupancy_bin,full,6,unith,6,Faure,june_10_g0,0.972524154589372,0.9797705314009663,0.9405193236714976,0.6142857142857143,6,6,20,4,8,0,3,7,4,0,2,1,4H,2S,0.9130304768364969,15,16,True,True,True,True,0
top_ten,svm,occupancy_bin,full,6,unith,6,Faure,june_10_g0,0.972524154589372,0.9797705314009663,0.9405193236714976,0.6142857142857143,6,,20,4,8,0,3,8,4,0,3,1,4H,3S,,15,0,True,False,True,False,0
top_ten,svm,occupancy_bin,full,6,unith,6,Faure,june_10_g0,0.972524154589372,0.9797705314009663,0.9405193236714976,0.6142857142857143,6,6,20,4,8,0,3,9,4,0,4,1,4H,4S,0.9318830044906987,15,63,True,True,True,True,0
top_ten,svm,occupancy_bin,full,6,unith,6,Faure,june_10_g0,0.972524154589372,0.9797705314009663,0.9405193236714976,0.6142857142857143,6,6,20,4,8,0,3,10,4,0,5,1,4H,5S,0.908850457725283,15,78,True,True,True,True,0
top_ten,svm,occupancy_bin,full,6,unith,6,Faure,june_10_g0,0.972524154589372,0.9797705314009663,0.9405193236714976,0.6142857142857143,6,6,20,4,8,0,3,11,4,0,6,1,4H,6S,0.8830185395649865,15,65,True,True,True,True,0
top_ten,svm,occupancy_bin,full,6,unith,6,Faure,june_10_g0,0.972524154589372,0.9797705314009663,0.9405193236714976,0.6142857142857143,6,6,20,4,8,0,4,0,5,0,1,0,5H,1H,0.7307904654445073,12,45,True,True,True,True,0
top_ten,svm,occupancy_bin,full,6,unith,6,Faure,june_10_g0,0.972524154589372,0.9797705314009663,0.9405193236714976,0.6142857142857143,6,6,20,4,8,0,4,1,5,0,2,0,5H,2H,0.6653510777710243,12,49,True,True,True,True,0
top_ten,svm,occupancy_bin,full,6,unith,6,Faure,june_10_g0,0.972524154589372,0.9797705314009663,0.9405193236714976,0.6142857142857143,6,6,20,4,8,0,4,2,5,0,3,0,5H,3H,0.753465131766872,12,52,True,True,True,True,0
top_ten,svm,occupancy_bin,full,6,unith,6,Faure,june_10_g0,0.972524154589372,0.9797705314009663,0.9405193236714976,0.6142857142857143,6,6,20,4,8,0,4,3,5,0,4,0,5H,4H,0.7929590554302284,12,15,True,True,True,True,0
top_ten,svm,occupancy_bin,full,6,unith,6,Faure,june_10_g0,0.972524154589372,0.9797705314009663,0.9405193236714976,0.6142857142857143,6,6,20,4,8,0,4,4,5,0,5,0,5H,5H,0.8581932612515848,12,12,True,True,True,True,0
top_ten,svm,occupancy_bin,full,6,unith,6,Faure,june_10_g0,0.972524154589372,0.9797705314009663,0.9405193236714976,0.6142857142857143,6,,20,4,8,0,4,5,5,0,6,0,5H,6H,,12,0,True,False,True,False,0
top_ten,svm,occupancy_bin,full,6,unith,6,Faure,june_10_g0,0.972524154589372,0.9797705314009663,0.9405193236714976,0.6142857142857143,6,,20,4,8,0,4,6,5,0,1,1,5H,1S,,12,0,True,False,True,False,0
top_ten,svm,occupancy_bin,full,6,unith,6,Faure,june_10_g0,0.972524154589372,0.9797705314009663,0.9405193236714976,0.6142857142857143,6,6,20,4,8,0,4,7,5,0,2,1,5H,2S,0.6971530249267065,12,16,True,True,True,True,0
top_ten,svm,occupancy_bin,full,6,unith,6,Faure,june_10_g0,0.972524154589372,0.9797705314009663,0.9405193236714976,0.6142857142857143,6,,20,4,8,0,4,8,5,0,3,1,5H,3S,,12,0,True,False,True,False,0
top_ten,svm,occupancy_bin,full,6,unith,6,Faure,june_10_g0,0.972524154589372,0.9797705314009663,0.9405193236714976,0.6142857142857143,6,6,20,4,8,0,4,9,5,0,4,1,5H,4S,0.7097396160949739,12,63,True,True,True,True,0
top_ten,svm,occupancy_bin,full,6,unith,6,Faure,june_10_g0,0.972524154589372,0.9797705314009663,0.9405193236714976,0.6142857142857143,6,6,20,4,8,0,4,10,5,0,5,1,5H,5S,0.7905722432104653,12,78,True,True,True,True,0
top_ten,svm,occupancy_bin,full,6,unith,6,Faure,june_10_g0,0.972524154589372,0.9797705314009663,0.9405193236714976,0.6142857142857143,6,6,20,4,8,0,4,11,5,0,6,1,5H,6S,0.774545789174315,12,65,True,True,True,True,0
top_ten,svm,occupancy_bin,full,6,unith,6,Faure,june_10_g0,0.972524154589372,0.9797705314009663,0.9405193236714976,0.6142857142857143,,6,20,4,8,0,5,0,6,0,1,0,6H,1H,,0,45,False,True,False,True,0
top_ten,svm,occupancy_bin,full,6,unith,6,Faure,june_10_g0,0.972524154589372,0.9797705314009663,0.9405193236714976,0.6142857142857143,,6,20,4,8,0,5,1,6,0,2,0,6H,2H,,0,49,False,True,False,True,0
top_ten,svm,occupancy_bin,full,6,unith,6,Faure,june_10_g0,0.972524154589372,0.9797705314009663,0.9405193236714976,0.6142857142857143,,6,20,4,8,0,5,2,6,0,3,0,6H,3H,,0,52,False,True,False,True,0
top_ten,svm,occupancy_bin,full,6,unith,6,Faure,june_10_g0,0.972524154589372,0.9797705314009663,0.9405193236714976,0.6142857142857143,,6,20,4,8,0,5,3,6,0,4,0,6H,4H,,0,15,False,True,False,True,0
top_ten,svm,occupancy_bin,full,6,unith,6,Faure,june_10_g0,0.972524154589372,0.9797705314009663,0.9405193236714976,0.6142857142857143,,6,20,4,8,0,5,4,6,0,5,0,6H,5H,,0,12,False,True,False,True,0
top_ten,svm,occupancy_bin,full,6,unith,6,Faure,june_10_g0,0.972524154589372,0.9797705314009663,0.9405193236714976,0.6142857142857143,,,20,4,8,0,5,5,6,0,6,0,6H,6H,,0,0,False,False,False,False,0
top_ten,svm,occupancy_bin,full,6,unith,6,Faure,june_10_g0,0.972524154589372,0.9797705314009663,0.9405193236714976,0.6142857142857143,,,20,4,8,0,5,6,6,0,1,1,6H,1S,,0,0,False,False,False,False,0
top_ten,svm,occupancy_bin,full,6,unith,6,Faure,june_10_g0,0.972524154589372,0.9797705314009663,0.9405193236714976,0.6142857142857143,,6,20,4,8,0,5,7,6,0,2,1,6H,2S,,0,16,False,True,False,True,0
top_ten,svm,occupancy_bin,full,6,unith,6,Faure,june_10_g0,0.972524154589372,0.9797705314009663,0.9405193236714976,0.6142857142857143,,,20,4,8,0,5,8,6,0,3,1,6H,3S,,0,0,False,False,False,False,0
top_ten,svm,occupancy_bin,full,6,unith,6,Faure,june_10_g0,0.972524154589372,0.9797705314009663,0.9405193236714976,0.6142857142857143,,6,20,4,8,0,5,9,6,0,4,1,6H,4S,,0,63,False,True,False,True,0
top_ten,svm,occupancy_bin,full,6,unith,6,Faure,june_10_g0,0.972524154589372,0.9797705314009663,0.9405193236714976,0.6142857142857143,,6,20,4,8,0,5,10,6,0,5,1,6H,5S,,0,78,False,True,False,True,0
top_ten,svm,occupancy_bin,full,6,unith,6,Faure,june_10_g0,0.972524154589372,0.9797705314009663,0.9405193236714976,0.6142857142857143,,6,20,4,8,0,5,11,6,0,6,1,6H,6S,,0,65,False,True,False,True,0
top_ten,svm,occupancy_bin,full,6,unith,6,Faure,june_10_g0,0.972524154589372,0.9797705314009663,0.9405193236714976,0.6142857142857143,,6,20,4,8,0,6,0,1,1,1,0,1S,1H,,0,45,False,True,False,True,0
top_ten,svm,occupancy_bin,full,6,unith,6,Faure,june_10_g0,0.972524154589372,0.9797705314009663,0.9405193236714976,0.6142857142857143,,6,20,4,8,0,6,1,1,1,2,0,1S,2H,,0,49,False,True,False,True,0
top_ten,svm,occupancy_bin,full,6,unith,6,Faure,june_10_g0,0.972524154589372,0.9797705314009663,0.9405193236714976,0.6142857142857143,,6,20,4,8,0,6,2,1,1,3,0,1S,3H,,0,52,False,True,False,True,0
top_ten,svm,occupancy_bin,full,6,unith,6,Faure,june_10_g0,0.972524154589372,0.9797705314009663,0.9405193236714976,0.6142857142857143,,6,20,4,8,0,6,3,1,1,4,0,1S,4H,,0,15,False,True,False,True,0
top_ten,svm,occupancy_bin,full,6,unith,6,Faure,june_10_g0,0.972524154589372,0.9797705314009663,0.9405193236714976,0.6142857142857143,,6,20,4,8,0,6,4,1,1,5,0,1S,5H,,0,12,False,True,False,True,0
top_ten,svm,occupancy_bin,full,6,unith,6,Faure,june_10_g0,0.972524154589372,0.9797705314009663,0.9405193236714976,0.6142857142857143,,,20,4,8,0,6,5,1,1,6,0,1S,6H,,0,0,False,False,False,False,0
top_ten,svm,occupancy_bin,full,6,unith,6,Faure,june_10_g0,0.972524154589372,0.9797705314009663,0.9405193236714976,0.6142857142857143,,,20,4,8,0,6,6,1,1,1,1,1S,1S,,0,0,False,False,False,False,0
top_ten,svm,occupancy_bin,full,6,unith,6,Faure,june_10_g0,0.972524154589372,0.9797705314009663,0.9405193236714976,0.6142857142857143,,6,20,4,8,0,6,7,1,1,2,1,1S,2S,,0,16,False,True,False,True,0
top_ten,svm,occupancy_bin,full,6,unith,6,Faure,june_10_g0,0.972524154589372,0.9797705314009663,0.9405193236714976,0.6142857142857143,,,20,4,8,0,6,8,1,1,3,1,1S,3S,,0,0,False,False,False,False,0
top_ten,svm,occupancy_bin,full,6,unith,6,Faure,june_10_g0,0.972524154589372,0.9797705314009663,0.9405193236714976,0.6142857142857143,,6,20,4,8,0,6,9,1,1,4,1,1S,4S,,0,63,False,True,False,True,0
top_ten,svm,occupancy_bin,full,6,unith,6,Faure,june_10_g0,0.972524154589372,0.9797705314009663,0.9405193236714976,0.6142857142857143,,6,20,4,8,0,6,10,1,1,5,1,1S,5S,,0,78,False,True,False,True,0
top_ten,svm,occupancy_bin,full,6,unith,6,Faure,june_10_g0,0.972524154589372,0.9797705314009663,0.9405193236714976,0.6142857142857143,,6,20,4,8,0,6,11,1,1,6,1,1S,6S,,0,65,False,True,False,True,0
top_ten,svm,occupancy_bin,full,6,unith,6,Faure,june_10_g0,0.972524154589372,0.9797705314009663,0.9405193236714976,0.6142857142857143,6,6,20,4,8,0,7,0,2,1,1,0,2S,1H,0.9084833419185973,16,45,True,True,True,True,0
top_ten,svm,occupancy_bin,full,6,unith,6,Faure,june_10_g0,0.972524154589372,0.9797705314009663,0.9405193236714976,0.6142857142857143,6,6,20,4,8,0,7,1,2,1,2,0,2S,2H,0.916579061754673,16,49,True,True,True,True,0
top_ten,svm,occupancy_bin,full,6,unith,6,Faure,june_10_g0,0.972524154589372,0.9797705314009663,0.9405193236714976,0.6142857142857143,6,6,20,4,8,0,7,2,2,1,3,0,2S,3H,0.8931956173316931,16,52,True,True,True,True,0
top_ten,svm,occupancy_bin,full,6,unith,6,Faure,june_10_g0,0.972524154589372,0.9797705314009663,0.9405193236714976,0.6142857142857143,6,6,20,4,8,0,7,3,2,1,4,0,2S,4H,0.9130304768364969,16,15,True,True,True,True,0
top_ten,svm,occupancy_bin,full,6,unith,6,Faure,june_10_g0,0.972524154589372,0.9797705314009663,0.9405193236714976,0.6142857142857143,6,6,20,4,8,0,7,4,2,1,5,0,2S,5H,0.6971530249267065,16,12,True,True,True,True,0
top_ten,svm,occupancy_bin,full,6,unith,6,Faure,june_10_g0,0.972524154589372,0.9797705314009663,0.9405193236714976,0.6142857142857143,6,,20,4,8,0,7,5,2,1,6,0,2S,6H,,16,0,True,False,True,False,0
top_ten,svm,occupancy_bin,full,6,unith,6,Faure,june_10_g0,0.972524154589372,0.9797705314009663,0.9405193236714976,0.6142857142857143,6,,20,4,8,0,7,6,2,1,1,1,2S,1S,,16,0,True,False,True,False,0
top_ten,svm,occupancy_bin,full,6,unith,6,Faure,june_10_g0,0.972524154589372,0.9797705314009663,0.9405193236714976,0.6142857142857143,6,6,20,4,8,0,7,7,2,1,2,1,2S,2S,0.8857987712506918,16,16,True,True,True,True,0
top_ten,svm,occupancy_bin,full,6,unith,6,Faure,june_10_g0,0.972524154589372,0.9797705314009663,0.9405193236714976,0.6142857142857143,6,,20,4,8,0,7,8,2,1,3,1,2S,3S,,16,0,True,False,True,False,0
top_ten,svm,occupancy_bin,full,6,unith,6,Faure,june_10_g0,0.972524154589372,0.9797705314009663,0.9405193236714976,0.6142857142857143,6,6,20,4,8,0,7,9,2,1,4,1,2S,4S,0.911479485790929,16,63,True,True,True,True,0
top_ten,svm,occupancy_bin,full,6,unith,6,Faure,june_10_g0,0.972524154589372,0.9797705314009663,0.9405193236714976,0.6142857142857143,6,6,20,4,8,0,7,10,2,1,5,1,2S,5S,0.889804283673558,16,78,True,True,True,True,0
top_ten,svm,occupancy_bin,full,6,unith,6,Faure,june_10_g0,0.972524154589372,0.9797705314009663,0.9405193236714976,0.6142857142857143,6,6,20,4,8,0,7,11,2,1,6,1,2S,6S,0.8437374941763125,16,65,True,True,True,True,0
top_ten,svm,occupancy_bin,full,6,unith,6,Faure,june_10_g0,0.972524154589372,0.9797705314009663,0.9405193236714976,0.6142857142857143,,6,20,4,8,0,8,0,3,1,1,0,3S,1H,,0,45,False,True,False,True,0
top_ten,svm,occupancy_bin,full,6,unith,6,Faure,june_10_g0,0.972524154589372,0.9797705314009663,0.9405193236714976,0.6142857142857143,,6,20,4,8,0,8,1,3,1,2,0,3S,2H,,0,49,False,True,False,True,0
top_ten,svm,occupancy_bin,full,6,unith,6,Faure,june_10_g0,0.972524154589372,0.9797705314009663,0.9405193236714976,0.6142857142857143,,6,20,4,8,0,8,2,3,1,3,0,3S,3H,,0,52,False,True,False,True,0
top_ten,svm,occupancy_bin,full,6,unith,6,Faure,june_10_g0,0.972524154589372,0.9797705314009663,0.9405193236714976,0.6142857142857143,,6,20,4,8,0,8,3,3,1,4,0,3S,4H,,0,15,False,True,False,True,0
top_ten,svm,occupancy_bin,full,6,unith,6,Faure,june_10_g0,0.972524154589372,0.9797705314009663,0.9405193236714976,0.6142857142857143,,6,20,4,8,0,8,4,3,1,5,0,3S,5H,,0,12,False,True,False,True,0
top_ten,svm,occupancy_bin,full,6,unith,6,Faure,june_10_g0,0.972524154589372,0.9797705314009663,0.9405193236714976,0.6142857142857143,,,20,4,8,0,8,5,3,1,6,0,3S,6H,,0,0,False,False,False,False,0
top_ten,svm,occupancy_bin,full,6,unith,6,Faure,june_10_g0,0.972524154589372,0.9797705314009663,0.9405193236714976,0.6142857142857143,,,20,4,8,0,8,6,3,1,1,1,3S,1S,,0,0,False,False,False,False,0
top_ten,svm,occupancy_bin,full,6,unith,6,Faure,june_10_g0,0.972524154589372,0.9797705314009663,0.9405193236714976,0.6142857142857143,,6,20,4,8,0,8,7,3,1,2,1,3S,2S,,0,16,False,True,False,True,0
top_ten,svm,occupancy_bin,full,6,unith,6,Faure,june_10_g0,0.972524154589372,0.9797705314009663,0.9405193236714976,0.6142857142857143,,,20,4,8,0,8,8,3,1,3,1,3S,3S,,0,0,False,False,False,False,0
top_ten,svm,occupancy_bin,full,6,unith,6,Faure,june_10_g0,0.972524154589372,0.9797705314009663,0.9405193236714976,0.6142857142857143,,6,20,4,8,0,8,9,3,1,4,1,3S,4S,,0,63,False,True,False,True,0
top_ten,svm,occupancy_bin,full,6,unith,6,Faure,june_10_g0,0.972524154589372,0.9797705314009663,0.9405193236714976,0.6142857142857143,,6,20,4,8,0,8,10,3,1,5,1,3S,5S,,0,78,False,True,False,True,0
top_ten,svm,occupancy_bin,full,6,unith,6,Faure,june_10_g0,0.972524154589372,0.9797705314009663,0.9405193236714976,0.6142857142857143,,6,20,4,8,0,8,11,3,1,6,1,3S,6S,,0,65,False,True,False,True,0
top_ten,svm,occupancy_bin,full,6,unith,6,Faure,june_10_g0,0.972524154589372,0.9797705314009663,0.9405193236714976,0.6142857142857143,6,6,20,4,8,0,9,0,4,1,1,0,4S,1H,0.895985256971359,63,45,True,True,True,True,0
top_ten,svm,occupancy_bin,full,6,unith,6,Faure,june_10_g0,0.972524154589372,0.9797705314009663,0.9405193236714976,0.6142857142857143,6,6,20,4,8,0,9,1,4,1,2,0,4S,2H,0.9309789265801329,63,49,True,True,True,True,0
top_ten,svm,occupancy_bin,full,6,unith,6,Faure,june_10_g0,0.972524154589372,0.9797705314009663,0.9405193236714976,0.6142857142857143,6,6,20,4,8,0,9,2,4,1,3,0,4S,3H,0.880192149690821,63,52,True,True,True,True,0
top_ten,svm,occupancy_bin,full,6,unith,6,Faure,june_10_g0,0.972524154589372,0.9797705314009663,0.9405193236714976,0.6142857142857143,6,6,20,4,8,0,9,3,4,1,4,0,4S,4H,0.9318830044906987,63,15,True,True,True,True,0
top_ten,svm,occupancy_bin,full,6,unith,6,Faure,june_10_g0,0.972524154589372,0.9797705314009663,0.9405193236714976,0.6142857142857143,6,6,20,4,8,0,9,4,4,1,5,0,4S,5H,0.7097396160949739,63,12,True,True,True,True,0
top_ten,svm,occupancy_bin,full,6,unith,6,Faure,june_10_g0,0.972524154589372,0.9797705314009663,0.9405193236714976,0.6142857142857143,6,,20,4,8,0,9,5,4,1,6,0,4S,6H,,63,0,True,False,True,False,0
top_ten,svm,occupancy_bin,full,6,unith,6,Faure,june_10_g0,0.972524154589372,0.9797705314009663,0.9405193236714976,0.6142857142857143,6,,20,4,8,0,9,6,4,1,1,1,4S,1S,,63,0,True,False,True,False,0
top_ten,svm,occupancy_bin,full,6,unith,6,Faure,june_10_g0,0.972524154589372,0.9797705314009663,0.9405193236714976,0.6142857142857143,6,6,20,4,8,0,9,7,4,1,2,1,4S,2S,0.911479485790929,63,16,True,True,True,True,0
top_ten,svm,occupancy_bin,full,6,unith,6,Faure,june_10_g0,0.972524154589372,0.9797705314009663,0.9405193236714976,0.6142857142857143,6,,20,4,8,0,9,8,4,1,3,1,4S,3S,,63,0,True,False,True,False,0
top_ten,svm,occupancy_bin,full,6,unith,6,Faure,june_10_g0,0.972524154589372,0.9797705314009663,0.9405193236714976,0.6142857142857143,6,6,20,4,8,0,9,9,4,1,4,1,4S,4S,0.9191378413631182,63,63,True,True,True,True,0
top_ten,svm,occupancy_bin,full,6,unith,6,Faure,june_10_g0,0.972524154589372,0.9797705314009663,0.9405193236714976,0.6142857142857143,6,6,20,4,8,0,9,10,4,1,5,1,4S,5S,0.8894595708942534,63,78,True,True,True,True,0
top_ten,svm,occupancy_bin,full,6,unith,6,Faure,june_10_g0,0.972524154589372,0.9797705314009663,0.9405193236714976,0.6142857142857143,6,6,20,4,8,0,9,11,4,1,6,1,4S,6S,0.8491548098260383,63,65,True,True,True,True,0
top_ten,svm,occupancy_bin,full,6,unith,6,Faure,june_10_g0,0.972524154589372,0.9797705314009663,0.9405193236714976,0.6142857142857143,6,6,20,4,8,0,10,0,5,1,1,0,5S,1H,0.902956111309926,78,45,True,True,True,True,0
top_ten,svm,occupancy_bin,full,6,unith,6,Faure,june_10_g0,0.972524154589372,0.9797705314009663,0.9405193236714976,0.6142857142857143,6,6,20,4,8,0,10,1,5,1,2,0,5S,2H,0.8761835867658361,78,49,True,True,True,True,0
top_ten,svm,occupancy_bin,full,6,unith,6,Faure,june_10_g0,0.972524154589372,0.9797705314009663,0.9405193236714976,0.6142857142857143,6,6,20,4,8,0,10,2,5,1,3,0,5S,3H,0.8763362930759511,78,52,True,True,True,True,0
top_ten,svm,occupancy_bin,full,6,unith,6,Faure,june_10_g0,0.972524154589372,0.9797705314009663,0.9405193236714976,0.6142857142857143,6,6,20,4,8,0,10,3,5,1,4,0,5S,4H,0.908850457725283,78,15,True,True,True,True,0
top_ten,svm,occupancy_bin,full,6,unith,6,Faure,june_10_g0,0.972524154589372,0.9797705314009663,0.9405193236714976,0.6142857142857143,6,6,20,4,8,0,10,4,5,1,5,0,5S,5H,0.7905722432104653,78,12,True,True,True,True,0
top_ten,svm,occupancy_bin,full,6,unith,6,Faure,june_10_g0,0.972524154589372,0.9797705314009663,0.9405193236714976,0.6142857142857143,6,,20,4,8,0,10,5,5,1,6,0,5S,6H,,78,0,True,False,True,False,0
top_ten,svm,occupancy_bin,full,6,unith,6,Faure,june_10_g0,0.972524154589372,0.9797705314009663,0.9405193236714976,0.6142857142857143,6,,20,4,8,0,10,6,5,1,1,1,5S,1S,,78,0,True,False,True,False,0
top_ten,svm,occupancy_bin,full,6,unith,6,Faure,june_10_g0,0.972524154589372,0.9797705314009663,0.9405193236714976,0.6142857142857143,6,6,20,4,8,0,10,7,5,1,2,1,5S,2S,0.889804283673558,78,16,True,True,True,True,0
top_ten,svm,occupancy_bin,full,6,unith,6,Faure,june_10_g0,0.972524154589372,0.9797705314009663,0.9405193236714976,0.6142857142857143,6,,20,4,8,0,10,8,5,1,3,1,5S,3S,,78,0,True,False,True,False,0
top_ten,svm,occupancy_bin,full,6,unith,6,Faure,june_10_g0,0.972524154589372,0.9797705314009663,0.9405193236714976,0.6142857142857143,6,6,20,4,8,0,10,9,5,1,4,1,5S,4S,0.8894595708942534,78,63,True,True,True,True,0
top_ten,svm,occupancy_bin,full,6,unith,6,Faure,june_10_g0,0.972524154589372,0.9797705314009663,0.9405193236714976,0.6142857142857143,6,6,20,4,8,0,10,10,5,1,5,1,5S,5S,0.8926771537527121,78,78,True,True,True,True,0
top_ten,svm,occupancy_bin,full,6,unith,6,Faure,june_10_g0,0.972524154589372,0.9797705314009663,0.9405193236714976,0.6142857142857143,6,6,20,4,8,0,10,11,5,1,6,1,5S,6S,0.8686659777860338,78,65,True,True,True,True,0
top_ten,svm,occupancy_bin,full,6,unith,6,Faure,june_10_g0,0.972524154589372,0.9797705314009663,0.9405193236714976,0.6142857142857143,6,6,20,4,8,0,11,0,6,1,1,0,6S,1H,0.8666903430670011,65,45,True,True,True,True,0
top_ten,svm,occupancy_bin,full,6,unith,6,Faure,june_10_g0,0.972524154589372,0.9797705314009663,0.9405193236714976,0.6142857142857143,6,6,20,4,8,0,11,1,6,1,2,0,6S,2H,0.8563151512369,65,49,True,True,True,True,0
top_ten,svm,occupancy_bin,full,6,unith,6,Faure,june_10_g0,0.972524154589372,0.9797705314009663,0.9405193236714976,0.6142857142857143,6,6,20,4,8,0,11,2,6,1,3,0,6S,3H,0.8756105458022304,65,52,True,True,True,True,0
top_ten,svm,occupancy_bin,full,6,unith,6,Faure,june_10_g0,0.972524154589372,0.9797705314009663,0.9405193236714976,0.6142857142857143,6,6,20,4,8,0,11,3,6,1,4,0,6S,4H,0.8830185395649865,65,15,True,True,True,True,0
top_ten,svm,occupancy_bin,full,6,unith,6,Faure,june_10_g0,0.972524154589372,0.9797705314009663,0.9405193236714976,0.6142857142857143,6,6,20,4,8,0,11,4,6,1,5,0,6S,5H,0.774545789174315,65,12,True,True,True,True,0
top_ten,svm,occupancy_bin,full,6,unith,6,Faure,june_10_g0,0.972524154589372,0.9797705314009663,0.9405193236714976,0.6142857142857143,6,,20,4,8,0,11,5,6,1,6,0,6S,6H,,65,0,True,False,True,False,0
top_ten,svm,occupancy_bin,full,6,unith,6,Faure,june_10_g0,0.972524154589372,0.9797705314009663,0.9405193236714976,0.6142857142857143,6,,20,4,8,0,11,6,6,1,1,1,6S,1S,,65,0,True,False,True,False,0
top_ten,svm,occupancy_bin,full,6,unith,6,Faure,june_10_g0,0.972524154589372,0.9797705314009663,0.9405193236714976,0.6142857142857143,6,6,20,4,8,0,11,7,6,1,2,1,6S,2S,0.8437374941763125,65,16,True,True,True,True,0
top_ten,svm,occupancy_bin,full,6,unith,6,Faure,june_10_g0,0.972524154589372,0.9797705314009663,0.9405193236714976,0.6142857142857143,6,,20,4,8,0,11,8,6,1,3,1,6S,3S,,65,0,True,False,True,False,0
top_ten,svm,occupancy_bin,full,6,unith,6,Faure,june_10_g0,0.972524154589372,0.9797705314009663,0.9405193236714976,0.6142857142857143,6,6,20,4,8,0,11,9,6,1,4,1,6S,4S,0.8491548098260383,65,63,True,True,True,True,0
top_ten,svm,occupancy_bin,full,6,unith,6,Faure,june_10_g0,0.972524154589372,0.9797705314009663,0.9405193236714976,0.6142857142857143,6,6,20,4,8,0,11,10,6,1,5,1,6S,5S,0.8686659777860338,65,78,True,True,True,True,0
top_ten,svm,occupancy_bin,full,6,unith,6,Faure,june_10_g0,0.972524154589372,0.9797705314009663,0.9405193236714976,0.6142857142857143,6,6,20,4,8,0,11,11,6,1,6,1,6S,6S,0.8362725880950187,65,65,True,True,True,True,0
top_ten,svm,occupancy_bin,full,6,unith,6,Faure,june_12_g0,0.970520799213888,0.9911562397641663,0.9556174254831313,0.61875,5,5,20,4,8,0,0,0,1,0,1,0,1H,1H,0.873642469139773,41,41,True,True,True,True,0
top_ten,svm,occupancy_bin,full,6,unith,6,Faure,june_12_g0,0.970520799213888,0.9911562397641663,0.9556174254831313,0.61875,5,5,20,4,8,0,0,1,1,0,2,0,1H,2H,0.8485279248788065,41,36,True,True,True,True,0
top_ten,svm,occupancy_bin,full,6,unith,6,Faure,june_12_g0,0.970520799213888,0.9911562397641663,0.9556174254831313,0.61875,5,5,20,4,8,0,0,2,1,0,3,0,1H,3H,0.850625363414804,41,53,True,True,True,True,0
top_ten,svm,occupancy_bin,full,6,unith,6,Faure,june_12_g0,0.970520799213888,0.9911562397641663,0.9556174254831313,0.61875,5,2,20,4,8,0,0,3,1,0,4,0,1H,4H,0.8333664626755072,41,4,True,True,True,False,0
top_ten,svm,occupancy_bin,full,6,unith,6,Faure,june_12_g0,0.970520799213888,0.9911562397641663,0.9556174254831313,0.61875,5,2,20,4,8,0,0,4,1,0,5,0,1H,5H,0.7602090314242026,41,4,True,True,True,False,0
top_ten,svm,occupancy_bin,full,6,unith,6,Faure,june_12_g0,0.970520799213888,0.9911562397641663,0.9556174254831313,0.61875,5,,20,4,8,0,0,5,1,0,6,0,1H,6H,,41,0,True,False,True,False,0
top_ten,svm,occupancy_bin,full,6,unith,6,Faure,june_12_g0,0.970520799213888,0.9911562397641663,0.9556174254831313,0.61875,5,,20,4,8,0,0,6,1,0,1,1,1H,1S,,41,0,True,False,True,False,0
top_ten,svm,occupancy_bin,full,6,unith,6,Faure,june_12_g0,0.970520799213888,0.9911562397641663,0.9556174254831313,0.61875,5,5,20,4,8,0,0,7,1,0,2,1,1H,2S,0.8274679231726776,41,10,True,True,True,True,0
top_ten,svm,occupancy_bin,full,6,unith,6,Faure,june_12_g0,0.970520799213888,0.9911562397641663,0.9556174254831313,0.61875,5,,20,4,8,0,0,8,1,0,3,1,1H,3S,,41,0,True,False,True,False,0
top_ten,svm,occupancy_bin,full,6,unith,6,Faure,june_12_g0,0.970520799213888,0.9911562397641663,0.9556174254831313,0.61875,5,5,20,4,8,0,0,9,1,0,4,1,1H,4S,0.8715137943886294,41,61,True,True,True,True,0
top_ten,svm,occupancy_bin,full,6,unith,6,Faure,june_12_g0,0.970520799213888,0.9911562397641663,0.9556174254831313,0.61875,5,5,20,4,8,0,0,10,1,0,5,1,1H,5S,0.8029527359261494,41,56,True,True,True,True,0
top_ten,svm,occupancy_bin,full,6,unith,6,Faure,june_12_g0,0.970520799213888,0.9911562397641663,0.9556174254831313,0.61875,5,5,20,4,8,0,0,11,1,0,6,1,1H,6S,0.8588254962959704,41,67,True,True,True,True,0
top_ten,svm,occupancy_bin,full,6,unith,6,Faure,june_12_g0,0.970520799213888,0.9911562397641663,0.9556174254831313,0.61875,5,5,20,4,8,0,1,0,2,0,1,0,2H,1H,0.8485279248788065,36,41,True,True,True,True,0
top_ten,svm,occupancy_bin,full,6,unith,6,Faure,june_12_g0,0.970520799213888,0.9911562397641663,0.9556174254831313,0.61875,5,5,20,4,8,0,1,1,2,0,2,0,2H,2H,0.950248587797409,36,36,True,True,True,True,0
top_ten,svm,occupancy_bin,full,6,unith,6,Faure,june_12_g0,0.970520799213888,0.9911562397641663,0.9556174254831313,0.61875,5,5,20,4,8,0,1,2,2,0,3,0,2H,3H,0.8437529377003615,36,53,True,True,True,True,0
top_ten,svm,occupancy_bin,full,6,unith,6,Faure,june_12_g0,0.970520799213888,0.9911562397641663,0.9556174254831313,0.61875,5,2,20,4,8,0,1,3,2,0,4,0,2H,4H,0.97453329416495,36,4,True,True,True,False,0
top_ten,svm,occupancy_bin,full,6,unith,6,Faure,june_12_g0,0.970520799213888,0.9911562397641663,0.9556174254831313,0.61875,5,2,20,4,8,0,1,4,2,0,5,0,2H,5H,0.8091837557314978,36,4,True,True,True,False,0
top_ten,svm,occupancy_bin,full,6,unith,6,Faure,june_12_g0,0.970520799213888,0.9911562397641663,0.9556174254831313,0.61875,5,,20,4,8,0,1,5,2,0,6,0,2H,6H,,36,0,True,False,True,False,0
top_ten,svm,occupancy_bin,full,6,unith,6,Faure,june_12_g0,0.970520799213888,0.9911562397641663,0.9556174254831313,0.61875,5,,20,4,8,0,1,6,2,0,1,1,2H,1S,,36,0,True,False,True,False,0
top_ten,svm,occupancy_bin,full,6,unith,6,Faure,june_12_g0,0.970520799213888,0.9911562397641663,0.9556174254831313,0.61875,5,5,20,4,8,0,1,7,2,0,2,1,2H,2S,0.9301952760236631,36,10,True,True,True,True,0
top_ten,svm,occupancy_bin,full,6,unith,6,Faure,june_12_g0,0.970520799213888,0.9911562397641663,0.9556174254831313,0.61875,5,,20,4,8,0,1,8,2,0,3,1,2H,3S,,36,0,True,False,True,False,0
top_ten,svm,occupancy_bin,full,6,unith,6,Faure,june_12_g0,0.970520799213888,0.9911562397641663,0.9556174254831313,0.61875,5,5,20,4,8,0,1,9,2,0,4,1,2H,4S,0.909575034025061,36,61,True,True,True,True,0
top_ten,svm,occupancy_bin,full,6,unith,6,Faure,june_12_g0,0.970520799213888,0.9911562397641663,0.9556174254831313,0.61875,5,5,20,4,8,0,1,10,2,0,5,1,2H,5S,0.7969445004321805,36,56,True,True,True,True,0
top_ten,svm,occupancy_bin,full,6,unith,6,Faure,june_12_g0,0.970520799213888,0.9911562397641663,0.9556174254831313,0.61875,5,5,20,4,8,0,1,11,2,0,6,1,2H,6S,0.8874934893669838,36,67,True,True,True,True,0
top_ten,svm,occupancy_bin,full,6,unith,6,Faure,june_12_g0,0.970520799213888,0.9911562397641663,0.9556174254831313,0.61875,5,5,20,4,8,0,2,0,3,0,1,0,3H,1H,0.850625363414804,53,41,True,True,True,True,0
top_ten,svm,occupancy_bin,full,6,unith,6,Faure,june_12_g0,0.970520799213888,0.9911562397641663,0.9556174254831313,0.61875,5,5,20,4,8,0,2,1,3,0,2,0,3H,2H,0.8437529377003615,53,36,True,True,True,True,0
top_ten,svm,occupancy_bin,full,6,unith,6,Faure,june_12_g0,0.970520799213888,0.9911562397641663,0.9556174254831313,0.61875,5,5,20,4,8,0,2,2,3,0,3,0,3H,3H,0.860721453374629,53,53,True,True,True,True,0
top_ten,svm,occupancy_bin,full,6,unith,6,Faure,june_12_g0,0.970520799213888,0.9911562397641663,0.9556174254831313,0.61875,5,2,20,4,8,0,2,3,3,0,4,0,3H,4H,0.8494703254602065,53,4,True,True,True,False,0
top_ten,svm,occupancy_bin,full,6,unith,6,Faure,june_12_g0,0.970520799213888,0.9911562397641663,0.9556174254831313,0.61875,5,2,20,4,8,0,2,4,3,0,5,0,3H,5H,0.783750950759541,53,4,True,True,True,False,0
top_ten,svm,occupancy_bin,full,6,unith,6,Faure,june_12_g0,0.970520799213888,0.9911562397641663,0.9556174254831313,0.61875,5,,20,4,8,0,2,5,3,0,6,0,3H,6H,,53,0,True,False,True,False,0
top_ten,svm,occupancy_bin,full,6,unith,6,Faure,june_12_g0,0.970520799213888,0.9911562397641663,0.9556174254831313,0.61875,5,,20,4,8,0,2,6,3,0,1,1,3H,1S,,53,0,True,False,True,False,0
top_ten,svm,occupancy_bin,full,6,unith,6,Faure,june_12_g0,0.970520799213888,0.9911562397641663,0.9556174254831313,0.61875,5,5,20,4,8,0,2,7,3,0,2,1,3H,2S,0.8397810189605611,53,10,True,True,True,True,0
top_ten,svm,occupancy_bin,full,6,unith,6,Faure,june_12_g0,0.970520799213888,0.9911562397641663,0.9556174254831313,0.61875,5,,20,4,8,0,2,8,3,0,3,1,3H,3S,,53,0,True,False,True,False,0
top_ten,svm,occupancy_bin,full,6,unith,6,Faure,june_12_g0,0.970520799213888,0.9911562397641663,0.9556174254831313,0.61875,5,5,20,4,8,0,2,9,3,0,4,1,3H,4S,0.8651121460683682,53,61,True,True,True,True,0
top_ten,svm,occupancy_bin,full,6,unith,6,Faure,june_12_g0,0.970520799213888,0.9911562397641663,0.9556174254831313,0.61875,5,5,20,4,8,0,2,10,3,0,5,1,3H,5S,0.8035977282196647,53,56,True,True,True,True,0
top_ten,svm,occupancy_bin,full,6,unith,6,Faure,june_12_g0,0.970520799213888,0.9911562397641663,0.9556174254831313,0.61875,5,5,20,4,8,0,2,11,3,0,6,1,3H,6S,0.836725794495673,53,67,True,True,True,True,0
top_ten,svm,occupancy_bin,full,6,unith,6,Faure,june_12_g0,0.970520799213888,0.9911562397641663,0.9556174254831313,0.61875,2,5,20,4,8,0,3,0,4,0,1,0,4H,1H,0.8333664626755072,4,41,True,True,False,True,0
top_ten,svm,occupancy_bin,full,6,unith,6,Faure,june_12_g0,0.970520799213888,0.9911562397641663,0.9556174254831313,0.61875,2,5,20,4,8,0,3,1,4,0,2,0,4H,2H,0.97453329416495,4,36,True,True,False,True,0
top_ten,svm,occupancy_bin,full,6,unith,6,Faure,june_12_g0,0.970520799213888,0.9911562397641663,0.9556174254831313,0.61875,2,5,20,4,8,0,3,2,4,0,3,0,4H,3H,0.8494703254602065,4,53,True,True,False,True,0
top_ten,svm,occupancy_bin,full,6,unith,6,Faure,june_12_g0,0.970520799213888,0.9911562397641663,0.9556174254831313,0.61875,2,2,20,4,8,0,3,3,4,0,4,0,4H,4H,1.0,4,4,True,True,False,False,0
top_ten,svm,occupancy_bin,full,6,unith,6,Faure,june_12_g0,0.970520799213888,0.9911562397641663,0.9556174254831313,0.61875,2,2,20,4,8,0,3,4,4,0,5,0,4H,5H,0.8091686735826832,4,4,True,True,False,False,0
top_ten,svm,occupancy_bin,full,6,unith,6,Faure,june_12_g0,0.970520799213888,0.9911562397641663,0.9556174254831313,0.61875,2,,20,4,8,0,3,5,4,0,6,0,4H,6H,,4,0,True,False,False,False,0
top_ten,svm,occupancy_bin,full,6,unith,6,Faure,june_12_g0,0.970520799213888,0.9911562397641663,0.9556174254831313,0.61875,2,,20,4,8,0,3,6,4,0,1,1,4H,1S,,4,0,True,False,False,False,0
top_ten,svm,occupancy_bin,full,6,unith,6,Faure,june_12_g0,0.970520799213888,0.9911562397641663,0.9556174254831313,0.61875,2,5,20,4,8,0,3,7,4,0,2,1,4H,2S,0.9358576644797141,4,10,True,True,False,True,0
top_ten,svm,occupancy_bin,full,6,unith,6,Faure,june_12_g0,0.970520799213888,0.9911562397641663,0.9556174254831313,0.61875,2,,20,4,8,0,3,8,4,0,3,1,4H,3S,,4,0,True,False,False,False,0
top_ten,svm,occupancy_bin,full,6,unith,6,Faure,june_12_g0,0.970520799213888,0.9911562397641663,0.9556174254831313,0.61875,2,5,20,4,8,0,3,9,4,0,4,1,4H,4S,0.9095852433173691,4,61,True,True,False,True,0
top_ten,svm,occupancy_bin,full,6,unith,6,Faure,june_12_g0,0.970520799213888,0.9911562397641663,0.9556174254831313,0.61875,2,5,20,4,8,0,3,10,4,0,5,1,4H,5S,0.7838739219011813,4,56,True,True,False,True,0
top_ten,svm,occupancy_bin,full,6,unith,6,Faure,june_12_g0,0.970520799213888,0.9911562397641663,0.9556174254831313,0.61875,2,5,20,4,8,0,3,11,4,0,6,1,4H,6S,0.8834598807785596,4,67,True,True,False,True,0
top_ten,svm,occupancy_bin,full,6,unith,6,Faure,june_12_g0,0.970520799213888,0.9911562397641663,0.9556174254831313,0.61875,2,5,20,4,8,0,4,0,5,0,1,0,5H,1H,0.7602090314242026,4,41,True,True,False,True,0
top_ten,svm,occupancy_bin,full,6,unith,6,Faure,june_12_g0,0.970520799213888,0.9911562397641663,0.9556174254831313,0.61875,2,5,20,4,8,0,4,1,5,0,2,0,5H,2H,0.8091837557314978,4,36,True,True,False,True,0
top_ten,svm,occupancy_bin,full,6,unith,6,Faure,june_12_g0,0.970520799213888,0.9911562397641663,0.9556174254831313,0.61875,2,5,20,4,8,0,4,2,5,0,3,0,5H,3H,0.783750950759541,4,53,True,True,False,True,0
top_ten,svm,occupancy_bin,full,6,unith,6,Faure,june_12_g0,0.970520799213888,0.9911562397641663,0.9556174254831313,0.61875,2,2,20,4,8,0,4,3,5,0,4,0,5H,4H,0.8091686735826832,4,4,True,True,False,False,0
top_ten,svm,occupancy_bin,full,6,unith,6,Faure,june_12_g0,0.970520799213888,0.9911562397641663,0.9556174254831313,0.61875,2,2,20,4,8,0,4,4,5,0,5,0,5H,5H,0.6528025285649489,4,4,True,True,False,False,0
top_ten,svm,occupancy_bin,full,6,unith,6,Faure,june_12_g0,0.970520799213888,0.9911562397641663,0.9556174254831313,0.61875,2,,20,4,8,0,4,5,5,0,6,0,5H,6H,,4,0,True,False,False,False,0
top_ten,svm,occupancy_bin,full,6,unith,6,Faure,june_12_g0,0.970520799213888,0.9911562397641663,0.9556174254831313,0.61875,2,,20,4,8,0,4,6,5,0,1,1,5H,1S,,4,0,True,False,False,False,0
top_ten,svm,occupancy_bin,full,6,unith,6,Faure,june_12_g0,0.970520799213888,0.9911562397641663,0.9556174254831313,0.61875,2,5,20,4,8,0,4,7,5,0,2,1,5H,2S,0.7779768503272199,4,10,True,True,False,True,0
top_ten,svm,occupancy_bin,full,6,unith,6,Faure,june_12_g0,0.970520799213888,0.9911562397641663,0.9556174254831313,0.61875,2,,20,4,8,0,4,8,5,0,3,1,5H,3S,,4,0,True,False,False,False,0
top_ten,svm,occupancy_bin,full,6,unith,6,Faure,june_12_g0,0.970520799213888,0.9911562397641663,0.9556174254831313,0.61875,2,5,20,4,8,0,4,9,5,0,4,1,5H,4S,0.7853830750069416,4,61,True,True,False,True,0
top_ten,svm,occupancy_bin,full,6,unith,6,Faure,june_12_g0,0.970520799213888,0.9911562397641663,0.9556174254831313,0.61875,2,5,20,4,8,0,4,10,5,0,5,1,5H,5S,0.7758441366309754,4,56,True,True,False,True,0
top_ten,svm,occupancy_bin,full,6,unith,6,Faure,june_12_g0,0.970520799213888,0.9911562397641663,0.9556174254831313,0.61875,2,5,20,4,8,0,4,11,5,0,6,1,5H,6S,0.8265514186613638,4,67,True,True,False,True,0
top_ten,svm,occupancy_bin,full,6,unith,6,Faure,june_12_g0,0.970520799213888,0.9911562397641663,0.9556174254831313,0.61875,,5,20,4,8,0,5,0,6,0,1,0,6H,1H,,0,41,False,True,False,True,0
top_ten,svm,occupancy_bin,full,6,unith,6,Faure,june_12_g0,0.970520799213888,0.9911562397641663,0.9556174254831313,0.61875,,5,20,4,8,0,5,1,6,0,2,0,6H,2H,,0,36,False,True,False,True,0
top_ten,svm,occupancy_bin,full,6,unith,6,Faure,june_12_g0,0.970520799213888,0.9911562397641663,0.9556174254831313,0.61875,,5,20,4,8,0,5,2,6,0,3,0,6H,3H,,0,53,False,True,False,True,0
top_ten,svm,occupancy_bin,full,6,unith,6,Faure,june_12_g0,0.970520799213888,0.9911562397641663,0.9556174254831313,0.61875,,2,20,4,8,0,5,3,6,0,4,0,6H,4H,,0,4,False,True,False,False,0
top_ten,svm,occupancy_bin,full,6,unith,6,Faure,june_12_g0,0.970520799213888,0.9911562397641663,0.9556174254831313,0.61875,,2,20,4,8,0,5,4,6,0,5,0,6H,5H,,0,4,False,True,False,False,0
top_ten,svm,occupancy_bin,full,6,unith,6,Faure,june_12_g0,0.970520799213888,0.9911562397641663,0.9556174254831313,0.61875,,,20,4,8,0,5,5,6,0,6,0,6H,6H,,0,0,False,False,False,False,0
top_ten,svm,occupancy_bin,full,6,unith,6,Faure,june_12_g0,0.970520799213888,0.9911562397641663,0.9556174254831313,0.61875,,,20,4,8,0,5,6,6,0,1,1,6H,1S,,0,0,False,False,False,False,0
top_ten,svm,occupancy_bin,full,6,unith,6,Faure,june_12_g0,0.970520799213888,0.9911562397641663,0.9556174254831313,0.61875,,5,20,4,8,0,5,7,6,0,2,1,6H,2S,,0,10,False,True,False,True,0
top_ten,svm,occupancy_bin,full,6,unith,6,Faure,june_12_g0,0.970520799213888,0.9911562397641663,0.9556174254831313,0.61875,,,20,4,8,0,5,8,6,0,3,1,6H,3S,,0,0,False,False,False,False,0
top_ten,svm,occupancy_bin,full,6,unith,6,Faure,june_12_g0,0.970520799213888,0.9911562397641663,0.9556174254831313,0.61875,,5,20,4,8,0,5,9,6,0,4,1,6H,4S,,0,61,False,True,False,True,0
top_ten,svm,occupancy_bin,full,6,unith,6,Faure,june_12_g0,0.970520799213888,0.9911562397641663,0.9556174254831313,0.61875,,5,20,4,8,0,5,10,6,0,5,1,6H,5S,,0,56,False,True,False,True,0
top_ten,svm,occupancy_bin,full,6,unith,6,Faure,june_12_g0,0.970520799213888,0.9911562397641663,0.9556174254831313,0.61875,,5,20,4,8,0,5,11,6,0,6,1,6H,6S,,0,67,False,True,False,True,0
top_ten,svm,occupancy_bin,full,6,unith,6,Faure,june_12_g0,0.970520799213888,0.9911562397641663,0.9556174254831313,0.61875,,5,20,4,8,0,6,0,1,1,1,0,1S,1H,,0,41,False,True,False,True,0
top_ten,svm,occupancy_bin,full,6,unith,6,Faure,june_12_g0,0.970520799213888,0.9911562397641663,0.9556174254831313,0.61875,,5,20,4,8,0,6,1,1,1,2,0,1S,2H,,0,36,False,True,False,True,0
top_ten,svm,occupancy_bin,full,6,unith,6,Faure,june_12_g0,0.970520799213888,0.9911562397641663,0.9556174254831313,0.61875,,5,20,4,8,0,6,2,1,1,3,0,1S,3H,,0,53,False,True,False,True,0
top_ten,svm,occupancy_bin,full,6,unith,6,Faure,june_12_g0,0.970520799213888,0.9911562397641663,0.9556174254831313,0.61875,,2,20,4,8,0,6,3,1,1,4,0,1S,4H,,0,4,False,True,False,False,0
top_ten,svm,occupancy_bin,full,6,unith,6,Faure,june_12_g0,0.970520799213888,0.9911562397641663,0.9556174254831313,0.61875,,2,20,4,8,0,6,4,1,1,5,0,1S,5H,,0,4,False,True,False,False,0
top_ten,svm,occupancy_bin,full,6,unith,6,Faure,june_12_g0,0.970520799213888,0.9911562397641663,0.9556174254831313,0.61875,,,20,4,8,0,6,5,1,1,6,0,1S,6H,,0,0,False,False,False,False,0
top_ten,svm,occupancy_bin,full,6,unith,6,Faure,june_12_g0,0.970520799213888,0.9911562397641663,0.9556174254831313,0.61875,,,20,4,8,0,6,6,1,1,1,1,1S,1S,,0,0,False,False,False,False,0
top_ten,svm,occupancy_bin,full,6,unith,6,Faure,june_12_g0,0.970520799213888,0.9911562397641663,0.9556174254831313,0.61875,,5,20,4,8,0,6,7,1,1,2,1,1S,2S,,0,10,False,True,False,True,0
top_ten,svm,occupancy_bin,full,6,unith,6,Faure,june_12_g0,0.970520799213888,0.9911562397641663,0.9556174254831313,0.61875,,,20,4,8,0,6,8,1,1,3,1,1S,3S,,0,0,False,False,False,False,0
top_ten,svm,occupancy_bin,full,6,unith,6,Faure,june_12_g0,0.970520799213888,0.9911562397641663,0.9556174254831313,0.61875,,5,20,4,8,0,6,9,1,1,4,1,1S,4S,,0,61,False,True,False,True,0
top_ten,svm,occupancy_bin,full,6,unith,6,Faure,june_12_g0,0.970520799213888,0.9911562397641663,0.9556174254831313,0.61875,,5,20,4,8,0,6,10,1,1,5,1,1S,5S,,0,56,False,True,False,True,0
top_ten,svm,occupancy_bin,full,6,unith,6,Faure,june_12_g0,0.970520799213888,0.9911562397641663,0.9556174254831313,0.61875,,5,20,4,8,0,6,11,1,1,6,1,1S,6S,,0,67,False,True,False,True,0
top_ten,svm,occupancy_bin,full,6,unith,6,Faure,june_12_g0,0.970520799213888,0.9911562397641663,0.9556174254831313,0.61875,5,5,20,4,8,0,7,0,2,1,1,0,2S,1H,0.8274679231726776,10,41,True,True,True,True,0
top_ten,svm,occupancy_bin,full,6,unith,6,Faure,june_12_g0,0.970520799213888,0.9911562397641663,0.9556174254831313,0.61875,5,5,20,4,8,0,7,1,2,1,2,0,2S,2H,0.9301952760236631,10,36,True,True,True,True,0
top_ten,svm,occupancy_bin,full,6,unith,6,Faure,june_12_g0,0.970520799213888,0.9911562397641663,0.9556174254831313,0.61875,5,5,20,4,8,0,7,2,2,1,3,0,2S,3H,0.8397810189605611,10,53,True,True,True,True,0
top_ten,svm,occupancy_bin,full,6,unith,6,Faure,june_12_g0,0.970520799213888,0.9911562397641663,0.9556174254831313,0.61875,5,2,20,4,8,0,7,3,2,1,4,0,2S,4H,0.9358576644797141,10,4,True,True,True,False,0
top_ten,svm,occupancy_bin,full,6,unith,6,Faure,june_12_g0,0.970520799213888,0.9911562397641663,0.9556174254831313,0.61875,5,2,20,4,8,0,7,4,2,1,5,0,2S,5H,0.7779768503272199,10,4,True,True,True,False,0
top_ten,svm,occupancy_bin,full,6,unith,6,Faure,june_12_g0,0.970520799213888,0.9911562397641663,0.9556174254831313,0.61875,5,,20,4,8,0,7,5,2,1,6,0,2S,6H,,10,0,True,False,True,False,0
top_ten,svm,occupancy_bin,full,6,unith,6,Faure,june_12_g0,0.970520799213888,0.9911562397641663,0.9556174254831313,0.61875,5,,20,4,8,0,7,6,2,1,1,1,2S,1S,,10,0,True,False,True,False,0
top_ten,svm,occupancy_bin,full,6,unith,6,Faure,june_12_g0,0.970520799213888,0.9911562397641663,0.9556174254831313,0.61875,5,5,20,4,8,0,7,7,2,1,2,1,2S,2S,0.9315577477798624,10,10,True,True,True,True,0
top_ten,svm,occupancy_bin,full,6,unith,6,Faure,june_12_g0,0.970520799213888,0.9911562397641663,0.9556174254831313,0.61875,5,,20,4,8,0,7,8,2,1,3,1,2S,3S,,10,0,True,False,True,False,0
top_ten,svm,occupancy_bin,full,6,unith,6,Faure,june_12_g0,0.970520799213888,0.9911562397641663,0.9556174254831313,0.61875,5,5,20,4,8,0,7,9,2,1,4,1,2S,4S,0.9037074362193849,10,61,True,True,True,True,0
top_ten,svm,occupancy_bin,full,6,unith,6,Faure,june_12_g0,0.970520799213888,0.9911562397641663,0.9556174254831313,0.61875,5,5,20,4,8,0,7,10,2,1,5,1,2S,5S,0.8185417504056873,10,56,True,True,True,True,0
top_ten,svm,occupancy_bin,full,6,unith,6,Faure,june_12_g0,0.970520799213888,0.9911562397641663,0.9556174254831313,0.61875,5,5,20,4,8,0,7,11,2,1,6,1,2S,6S,0.8689618938806074,10,67,True,True,True,True,0
top_ten,svm,occupancy_bin,full,6,unith,6,Faure,june_12_g0,0.970520799213888,0.9911562397641663,0.9556174254831313,0.61875,,5,20,4,8,0,8,0,3,1,1,0,3S,1H,,0,41,False,True,False,True,0
top_ten,svm,occupancy_bin,full,6,unith,6,Faure,june_12_g0,0.970520799213888,0.9911562397641663,0.9556174254831313,0.61875,,5,20,4,8,0,8,1,3,1,2,0,3S,2H,,0,36,False,True,False,True,0
top_ten,svm,occupancy_bin,full,6,unith,6,Faure,june_12_g0,0.970520799213888,0.9911562397641663,0.9556174254831313,0.61875,,5,20,4,8,0,8,2,3,1,3,0,3S,3H,,0,53,False,True,False,True,0
top_ten,svm,occupancy_bin,full,6,unith,6,Faure,june_12_g0,0.970520799213888,0.9911562397641663,0.9556174254831313,0.61875,,2,20,4,8,0,8,3,3,1,4,0,3S,4H,,0,4,False,True,False,False,0
top_ten,svm,occupancy_bin,full,6,unith,6,Faure,june_12_g0,0.970520799213888,0.9911562397641663,0.9556174254831313,0.61875,,2,20,4,8,0,8,4,3,1,5,0,3S,5H,,0,4,False,True,False,False,0
top_ten,svm,occupancy_bin,full,6,unith,6,Faure,june_12_g0,0.970520799213888,0.9911562397641663,0.9556174254831313,0.61875,,,20,4,8,0,8,5,3,1,6,0,3S,6H,,0,0,False,False,False,False,0
top_ten,svm,occupancy_bin,full,6,unith,6,Faure,june_12_g0,0.970520799213888,0.9911562397641663,0.9556174254831313,0.61875,,,20,4,8,0,8,6,3,1,1,1,3S,1S,,0,0,False,False,False,False,0
top_ten,svm,occupancy_bin,full,6,unith,6,Faure,june_12_g0,0.970520799213888,0.9911562397641663,0.9556174254831313,0.61875,,5,20,4,8,0,8,7,3,1,2,1,3S,2S,,0,10,False,True,False,True,0
top_ten,svm,occupancy_bin,full,6,unith,6,Faure,june_12_g0,0.970520799213888,0.9911562397641663,0.9556174254831313,0.61875,,,20,4,8,0,8,8,3,1,3,1,3S,3S,,0,0,False,False,False,False,0
top_ten,svm,occupancy_bin,full,6,unith,6,Faure,june_12_g0,0.970520799213888,0.9911562397641663,0.9556174254831313,0.61875,,5,20,4,8,0,8,9,3,1,4,1,3S,4S,,0,61,False,True,False,True,0
top_ten,svm,occupancy_bin,full,6,unith,6,Faure,june_12_g0,0.970520799213888,0.9911562397641663,0.9556174254831313,0.61875,,5,20,4,8,0,8,10,3,1,5,1,3S,5S,,0,56,False,True,False,True,0
top_ten,svm,occupancy_bin,full,6,unith,6,Faure,june_12_g0,0.970520799213888,0.9911562397641663,0.9556174254831313,0.61875,,5,20,4,8,0,8,11,3,1,6,1,3S,6S,,0,67,False,True,False,True,0
top_ten,svm,occupancy_bin,full,6,unith,6,Faure,june_12_g0,0.970520799213888,0.9911562397641663,0.9556174254831313,0.61875,5,5,20,4,8,0,9,0,4,1,1,0,4S,1H,0.8715137943886294,61,41,True,True,True,True,0
top_ten,svm,occupancy_bin,full,6,unith,6,Faure,june_12_g0,0.970520799213888,0.9911562397641663,0.9556174254831313,0.61875,5,5,20,4,8,0,9,1,4,1,2,0,4S,2H,0.909575034025061,61,36,True,True,True,True,0
top_ten,svm,occupancy_bin,full,6,unith,6,Faure,june_12_g0,0.970520799213888,0.9911562397641663,0.9556174254831313,0.61875,5,5,20,4,8,0,9,2,4,1,3,0,4S,3H,0.8651121460683682,61,53,True,True,True,True,0
top_ten,svm,occupancy_bin,full,6,unith,6,Faure,june_12_g0,0.970520799213888,0.9911562397641663,0.9556174254831313,0.61875,5,2,20,4,8,0,9,3,4,1,4,0,4S,4H,0.9095852433173691,61,4,True,True,True,False,0
top_ten,svm,occupancy_bin,full,6,unith,6,Faure,june_12_g0,0.970520799213888,0.9911562397641663,0.9556174254831313,0.61875,5,2,20,4,8,0,9,4,4,1,5,0,4S,5H,0.7853830750069416,61,4,True,True,True,False,0
top_ten,svm,occupancy_bin,full,6,unith,6,Faure,june_12_g0,0.970520799213888,0.9911562397641663,0.9556174254831313,0.61875,5,,20,4,8,0,9,5,4,1,6,0,4S,6H,,61,0,True,False,True,False,0
top_ten,svm,occupancy_bin,full,6,unith,6,Faure,june_12_g0,0.970520799213888,0.9911562397641663,0.9556174254831313,0.61875,5,,20,4,8,0,9,6,4,1,1,1,4S,1S,,61,0,True,False,True,False,0
top_ten,svm,occupancy_bin,full,6,unith,6,Faure,june_12_g0,0.970520799213888,0.9911562397641663,0.9556174254831313,0.61875,5,5,20,4,8,0,9,7,4,1,2,1,4S,2S,0.9037074362193849,61,10,True,True,True,True,0
top_ten,svm,occupancy_bin,full,6,unith,6,Faure,june_12_g0,0.970520799213888,0.9911562397641663,0.9556174254831313,0.61875,5,,20,4,8,0,9,8,4,1,3,1,4S,3S,,61,0,True,False,True,False,0
top_ten,svm,occupancy_bin,full,6,unith,6,Faure,june_12_g0,0.970520799213888,0.9911562397641663,0.9556174254831313,0.61875,5,5,20,4,8,0,9,9,4,1,4,1,4S,4S,0.9052335926355077,61,61,True,True,True,True,0
top_ten,svm,occupancy_bin,full,6,unith,6,Faure,june_12_g0,0.970520799213888,0.9911562397641663,0.9556174254831313,0.61875,5,5,20,4,8,0,9,10,4,1,5,1,4S,5S,0.8181349666264012,61,56,True,True,True,True,0
top_ten,svm,occupancy_bin,full,6,unith,6,Faure,june_12_g0,0.970520799213888,0.9911562397641663,0.9556174254831313,0.61875,5,5,20,4,8,0,9,11,4,1,6,1,4S,6S,0.876260416801502,61,67,True,True,True,True,0
top_ten,svm,occupancy_bin,full,6,unith,6,Faure,june_12_g0,0.970520799213888,0.9911562397641663,0.9556174254831313,0.61875,5,5,20,4,8,0,10,0,5,1,1,0,5S,1H,0.8029527359261494,56,41,True,True,True,True,0
top_ten,svm,occupancy_bin,full,6,unith,6,Faure,june_12_g0,0.970520799213888,0.9911562397641663,0.9556174254831313,0.61875,5,5,20,4,8,0,10,1,5,1,2,0,5S,2H,0.7969445004321805,56,36,True,True,True,True,0
top_ten,svm,occupancy_bin,full,6,unith,6,Faure,june_12_g0,0.970520799213888,0.9911562397641663,0.9556174254831313,0.61875,5,5,20,4,8,0,10,2,5,1,3,0,5S,3H,0.8035977282196647,56,53,True,True,True,True,0
top_ten,svm,occupancy_bin,full,6,unith,6,Faure,june_12_g0,0.970520799213888,0.9911562397641663,0.9556174254831313,0.61875,5,2,20,4,8,0,10,3,5,1,4,0,5S,4H,0.7838739219011813,56,4,True,True,True,False,0
top_ten,svm,occupancy_bin,full,6,unith,6,Faure,june_12_g0,0.970520799213888,0.9911562397641663,0.9556174254831313,0.61875,5,2,20,4,8,0,10,4,5,1,5,0,5S,5H,0.7758441366309754,56,4,True,True,True,False,0
top_ten,svm,occupancy_bin,full,6,unith,6,Faure,june_12_g0,0.970520799213888,0.9911562397641663,0.9556174254831313,0.61875,5,,20,4,8,0,10,5,5,1,6,0,5S,6H,,56,0,True,False,True,False,0
top_ten,svm,occupancy_bin,full,6,unith,6,Faure,june_12_g0,0.970520799213888,0.9911562397641663,0.9556174254831313,0.61875,5,,20,4,8,0,10,6,5,1,1,1,5S,1S,,56,0,True,False,True,False,0
top_ten,svm,occupancy_bin,full,6,unith,6,Faure,june_12_g0,0.970520799213888,0.9911562397641663,0.9556174254831313,0.61875,5,5,20,4,8,0,10,7,5,1,2,1,5S,2S,0.8185417504056873,56,10,True,True,True,True,0
top_ten,svm,occupancy_bin,full,6,unith,6,Faure,june_12_g0,0.970520799213888,0.9911562397641663,0.9556174254831313,0.61875,5,,20,4,8,0,10,8,5,1,3,1,5S,3S,,56,0,True,False,True,False,0
top_ten,svm,occupancy_bin,full,6,unith,6,Faure,june_12_g0,0.970520799213888,0.9911562397641663,0.9556174254831313,0.61875,5,5,20,4,8,0,10,9,5,1,4,1,5S,4S,0.8181349666264012,56,61,True,True,True,True,0
top_ten,svm,occupancy_bin,full,6,unith,6,Faure,june_12_g0,0.970520799213888,0.9911562397641663,0.9556174254831313,0.61875,5,5,20,4,8,0,10,10,5,1,5,1,5S,5S,0.81350853283861,56,56,True,True,True,True,0
top_ten,svm,occupancy_bin,full,6,unith,6,Faure,june_12_g0,0.970520799213888,0.9911562397641663,0.9556174254831313,0.61875,5,5,20,4,8,0,10,11,5,1,6,1,5S,6S,0.8253444897715267,56,67,True,True,True,True,0
top_ten,svm,occupancy_bin,full,6,unith,6,Faure,june_12_g0,0.970520799213888,0.9911562397641663,0.9556174254831313,0.61875,5,5,20,4,8,0,11,0,6,1,1,0,6S,1H,0.8588254962959704,67,41,True,True,True,True,0
top_ten,svm,occupancy_bin,full,6,unith,6,Faure,june_12_g0,0.970520799213888,0.9911562397641663,0.9556174254831313,0.61875,5,5,20,4,8,0,11,1,6,1,2,0,6S,2H,0.8874934893669838,67,36,True,True,True,True,0
top_ten,svm,occupancy_bin,full,6,unith,6,Faure,june_12_g0,0.970520799213888,0.9911562397641663,0.9556174254831313,0.61875,5,5,20,4,8,0,11,2,6,1,3,0,6S,3H,0.836725794495673,67,53,True,True,True,True,0
top_ten,svm,occupancy_bin,full,6,unith,6,Faure,june_12_g0,0.970520799213888,0.9911562397641663,0.9556174254831313,0.61875,5,2,20,4,8,0,11,3,6,1,4,0,6S,4H,0.8834598807785596,67,4,True,True,True,False,0
top_ten,svm,occupancy_bin,full,6,unith,6,Faure,june_12_g0,0.970520799213888,0.9911562397641663,0.9556174254831313,0.61875,5,2,20,4,8,0,11,4,6,1,5,0,6S,5H,0.8265514186613638,67,4,True,True,True,False,0
top_ten,svm,occupancy_bin,full,6,unith,6,Faure,june_12_g0,0.970520799213888,0.9911562397641663,0.9556174254831313,0.61875,5,,20,4,8,0,11,5,6,1,6,0,6S,6H,,67,0,True,False,True,False,0
top_ten,svm,occupancy_bin,full,6,unith,6,Faure,june_12_g0,0.970520799213888,0.9911562397641663,0.9556174254831313,0.61875,5,,20,4,8,0,11,6,6,1,1,1,6S,1S,,67,0,True,False,True,False,0
top_ten,svm,occupancy_bin,full,6,unith,6,Faure,june_12_g0,0.970520799213888,0.9911562397641663,0.9556174254831313,0.61875,5,5,20,4,8,0,11,7,6,1,2,1,6S,2S,0.8689618938806074,67,10,True,True,True,True,0
top_ten,svm,occupancy_bin,full,6,unith,6,Faure,june_12_g0,0.970520799213888,0.9911562397641663,0.9556174254831313,0.61875,5,,20,4,8,0,11,8,6,1,3,1,6S,3S,,67,0,True,False,True,False,0
top_ten,svm,occupancy_bin,full,6,unith,6,Faure,june_12_g0,0.970520799213888,0.9911562397641663,0.9556174254831313,0.61875,5,5,20,4,8,0,11,9,6,1,4,1,6S,4S,0.876260416801502,67,61,True,True,True,True,0
top_ten,svm,occupancy_bin,full,6,unith,6,Faure,june_12_g0,0.970520799213888,0.9911562397641663,0.9556174254831313,0.61875,5,5,20,4,8,0,11,10,6,1,5,1,6S,5S,0.8253444897715267,67,56,True,True,True,True,0
top_ten,svm,occupancy_bin,full,6,unith,6,Faure,june_12_g0,0.970520799213888,0.9911562397641663,0.9556174254831313,0.61875,5,5,20,4,8,0,11,11,6,1,6,1,6S,6S,0.8917606174139154,67,67,True,True,True,True,0
top_ten,svm,occupancy_bin,full,6,unith,6,Faure,june_16_g0,0.977857142857143,0.9783333333333334,0.9547619047619047,0.8840579710144928,16,16,20,4,8,0,0,0,1,0,1,0,1H,1H,0.9597502306217928,58,58,True,True,True,True,0
top_ten,svm,occupancy_bin,full,6,unith,6,Faure,june_16_g0,0.977857142857143,0.9783333333333334,0.9547619047619047,0.8840579710144928,16,2,20,4,8,0,0,1,1,0,2,0,1H,2H,0.9380846928838331,58,5,True,True,True,False,0
top_ten,svm,occupancy_bin,full,6,unith,6,Faure,june_16_g0,0.977857142857143,0.9783333333333334,0.9547619047619047,0.8840579710144928,16,16,20,4,8,0,0,2,1,0,3,0,1H,3H,0.967485977301715,58,40,True,True,True,True,0
top_ten,svm,occupancy_bin,full,6,unith,6,Faure,june_16_g0,0.977857142857143,0.9783333333333334,0.9547619047619047,0.8840579710144928,16,3,20,4,8,0,0,3,1,0,4,0,1H,4H,0.8967391281038145,58,7,True,True,True,False,0
top_ten,svm,occupancy_bin,full,6,unith,6,Faure,june_16_g0,0.977857142857143,0.9783333333333334,0.9547619047619047,0.8840579710144928,16,2,20,4,8,0,0,4,1,0,5,0,1H,5H,0.8940508113156576,58,4,True,True,True,False,0
top_ten,svm,occupancy_bin,full,6,unith,6,Faure,june_16_g0,0.977857142857143,0.9783333333333334,0.9547619047619047,0.8840579710144928,16,,20,4,8,0,0,5,1,0,6,0,1H,6H,,58,0,True,False,True,False,0
top_ten,svm,occupancy_bin,full,6,unith,6,Faure,june_16_g0,0.977857142857143,0.9783333333333334,0.9547619047619047,0.8840579710144928,16,,20,4,8,0,0,6,1,0,1,1,1H,1S,,58,0,True,False,True,False,0
top_ten,svm,occupancy_bin,full,6,unith,6,Faure,june_16_g0,0.977857142857143,0.9783333333333334,0.9547619047619047,0.8840579710144928,16,16,20,4,8,0,0,7,1,0,2,1,1H,2S,0.965714615180698,58,32,True,True,True,True,0
top_ten,svm,occupancy_bin,full,6,unith,6,Faure,june_16_g0,0.977857142857143,0.9783333333333334,0.9547619047619047,0.8840579710144928,16,3,20,4,8,0,0,8,1,0,3,1,1H,3S,0.726027410462114,58,6,True,True,True,False,0
top_ten,svm,occupancy_bin,full,6,unith,6,Faure,june_16_g0,0.977857142857143,0.9783333333333334,0.9547619047619047,0.8840579710144928,16,16,20,4,8,0,0,9,1,0,4,1,1H,4S,0.9658590712140962,58,51,True,True,True,True,0
top_ten,svm,occupancy_bin,full,6,unith,6,Faure,june_16_g0,0.977857142857143,0.9783333333333334,0.9547619047619047,0.8840579710144928,16,16,20,4,8,0,0,10,1,0,5,1,1H,5S,0.8916860491150933,58,51,True,True,True,True,0
top_ten,svm,occupancy_bin,full,6,unith,6,Faure,june_16_g0,0.977857142857143,0.9783333333333334,0.9547619047619047,0.8840579710144928,16,16,20,4,8,0,0,11,1,0,6,1,1H,6S,0.8975088410439476,58,66,True,True,True,True,0
top_ten,svm,occupancy_bin,full,6,unith,6,Faure,june_16_g0,0.977857142857143,0.9783333333333334,0.9547619047619047,0.8840579710144928,2,16,20,4,8,0,1,0,2,0,1,0,2H,1H,0.9380846928838331,5,58,True,True,False,True,0
top_ten,svm,occupancy_bin,full,6,unith,6,Faure,june_16_g0,0.977857142857143,0.9783333333333334,0.9547619047619047,0.8840579710144928,2,2,20,4,8,0,1,1,2,0,2,0,2H,2H,0.9421013544727586,5,5,True,True,False,False,0
top_ten,svm,occupancy_bin,full,6,unith,6,Faure,june_16_g0,0.977857142857143,0.9783333333333334,0.9547619047619047,0.8840579710144928,2,16,20,4,8,0,1,2,2,0,3,0,2H,3H,0.9131861390772841,5,40,True,True,False,True,0
top_ten,svm,occupancy_bin,full,6,unith,6,Faure,june_16_g0,0.977857142857143,0.9783333333333334,0.9547619047619047,0.8840579710144928,2,3,20,4,8,0,1,3,2,0,4,0,2H,4H,0.9471239635778937,5,7,True,True,False,False,0
top_ten,svm,occupancy_bin,full,6,unith,6,Faure,june_16_g0,0.977857142857143,0.9783333333333334,0.9547619047619047,0.8840579710144928,2,2,20,4,8,0,1,4,2,0,5,0,2H,5H,0.8811653290395766,5,4,True,True,False,False,0
top_ten,svm,occupancy_bin,full,6,unith,6,Faure,june_16_g0,0.977857142857143,0.9783333333333334,0.9547619047619047,0.8840579710144928,2,,20,4,8,0,1,5,2,0,6,0,2H,6H,,5,0,True,False,False,False,0
top_ten,svm,occupancy_bin,full,6,unith,6,Faure,june_16_g0,0.977857142857143,0.9783333333333334,0.9547619047619047,0.8840579710144928,2,,20,4,8,0,1,6,2,0,1,1,2H,1S,,5,0,True,False,False,False,0
top_ten,svm,occupancy_bin,full,6,unith,6,Faure,june_16_g0,0.977857142857143,0.9783333333333334,0.9547619047619047,0.8840579710144928,2,16,20,4,8,0,1,7,2,0,2,1,2H,2S,0.9318482354736043,5,32,True,True,False,True,0
top_ten,svm,occupancy_bin,full,6,unith,6,Faure,june_16_g0,0.977857142857143,0.9783333333333334,0.9547619047619047,0.8840579710144928,2,3,20,4,8,0,1,8,2,0,3,1,2H,3S,0.6131395432313207,5,6,True,True,False,False,0
top_ten,svm,occupancy_bin,full,6,unith,6,Faure,june_16_g0,0.977857142857143,0.9783333333333334,0.9547619047619047,0.8840579710144928,2,16,20,4,8,0,1,9,2,0,4,1,2H,4S,0.9480744701258794,5,51,True,True,False,True,0
top_ten,svm,occupancy_bin,full,6,unith,6,Faure,june_16_g0,0.977857142857143,0.9783333333333334,0.9547619047619047,0.8840579710144928,2,16,20,4,8,0,1,10,2,0,5,1,2H,5S,0.8175342916978628,5,51,True,True,False,True,0
top_ten,svm,occupancy_bin,full,6,unith,6,Faure,june_16_g0,0.977857142857143,0.9783333333333334,0.9547619047619047,0.8840579710144928,2,16,20,4,8,0,1,11,2,0,6,1,2H,6S,0.7962175538910922,5,66,True,True,False,True,0
top_ten,svm,occupancy_bin,full,6,unith,6,Faure,june_16_g0,0.977857142857143,0.9783333333333334,0.9547619047619047,0.8840579710144928,16,16,20,4,8,0,2,0,3,0,1,0,3H,1H,0.967485977301715,40,58,True,True,True,True,0
top_ten,svm,occupancy_bin,full,6,unith,6,Faure,june_16_g0,0.977857142857143,0.9783333333333334,0.9547619047619047,0.8840579710144928,16,2,20,4,8,0,2,1,3,0,2,0,3H,2H,0.9131861390772841,40,5,True,True,True,False,0
top_ten,svm,occupancy_bin,full,6,unith,6,Faure,june_16_g0,0.977857142857143,0.9783333333333334,0.9547619047619047,0.8840579710144928,16,16,20,4,8,0,2,2,3,0,3,0,3H,3H,0.9571996953127228,40,40,True,True,True,True,0
top_ten,svm,occupancy_bin,full,6,unith,6,Faure,june_16_g0,0.977857142857143,0.9783333333333334,0.9547619047619047,0.8840579710144928,16,3,20,4,8,0,2,3,3,0,4,0,3H,4H,0.8877190126330973,40,7,True,True,True,False,0
top_ten,svm,occupancy_bin,full,6,unith,6,Faure,june_16_g0,0.977857142857143,0.9783333333333334,0.9547619047619047,0.8840579710144928,16,2,20,4,8,0,2,4,3,0,5,0,3H,5H,0.9037411182879727,40,4,True,True,True,False,0
top_ten,svm,occupancy_bin,full,6,unith,6,Faure,june_16_g0,0.977857142857143,0.9783333333333334,0.9547619047619047,0.8840579710144928,16,,20,4,8,0,2,5,3,0,6,0,3H,6H,,40,0,True,False,True,False,0
top_ten,svm,occupancy_bin,full,6,unith,6,Faure,june_16_g0,0.977857142857143,0.9783333333333334,0.9547619047619047,0.8840579710144928,16,,20,4,8,0,2,6,3,0,1,1,3H,1S,,40,0,True,False,True,False,0
top_ten,svm,occupancy_bin,full,6,unith,6,Faure,june_16_g0,0.977857142857143,0.9783333333333334,0.9547619047619047,0.8840579710144928,16,16,20,4,8,0,2,7,3,0,2,1,3H,2S,0.9455934421762425,40,32,True,True,True,True,0
top_ten,svm,occupancy_bin,full,6,unith,6,Faure,june_16_g0,0.977857142857143,0.9783333333333334,0.9547619047619047,0.8840579710144928,16,3,20,4,8,0,2,8,3,0,3,1,3H,3S,0.7589070721377525,40,6,True,True,True,False,0
top_ten,svm,occupancy_bin,full,6,unith,6,Faure,june_16_g0,0.977857142857143,0.9783333333333334,0.9547619047619047,0.8840579710144928,16,16,20,4,8,0,2,9,3,0,4,1,3H,4S,0.9542422977027986,40,51,True,True,True,True,0
top_ten,svm,occupancy_bin,full,6,unith,6,Faure,june_16_g0,0.977857142857143,0.9783333333333334,0.9547619047619047,0.8840579710144928,16,16,20,4,8,0,2,10,3,0,5,1,3H,5S,0.8758106552559329,40,51,True,True,True,True,0
top_ten,svm,occupancy_bin,full,6,unith,6,Faure,june_16_g0,0.977857142857143,0.9783333333333334,0.9547619047619047,0.8840579710144928,16,16,20,4,8,0,2,11,3,0,6,1,3H,6S,0.910657671845469,40,66,True,True,True,True,0
top_ten,svm,occupancy_bin,full,6,unith,6,Faure,june_16_g0,0.977857142857143,0.9783333333333334,0.9547619047619047,0.8840579710144928,3,16,20,4,8,0,3,0,4,0,1,0,4H,1H,0.8967391281038145,7,58,True,True,False,True,0
top_ten,svm,occupancy_bin,full,6,unith,6,Faure,june_16_g0,0.977857142857143,0.9783333333333334,0.9547619047619047,0.8840579710144928,3,2,20,4,8,0,3,1,4,0,2,0,4H,2H,0.9471239635778937,7,5,True,True,False,False,0
top_ten,svm,occupancy_bin,full,6,unith,6,Faure,june_16_g0,0.977857142857143,0.9783333333333334,0.9547619047619047,0.8840579710144928,3,16,20,4,8,0,3,2,4,0,3,0,4H,3H,0.8877190126330973,7,40,True,True,False,True,0
top_ten,svm,occupancy_bin,full,6,unith,6,Faure,june_16_g0,0.977857142857143,0.9783333333333334,0.9547619047619047,0.8840579710144928,3,3,20,4,8,0,3,3,4,0,4,0,4H,4H,0.9072202020940194,7,7,True,True,False,False,0
top_ten,svm,occupancy_bin,full,6,unith,6,Faure,june_16_g0,0.977857142857143,0.9783333333333334,0.9547619047619047,0.8840579710144928,3,2,20,4,8,0,3,4,4,0,5,0,4H,5H,0.8909404018362255,7,4,True,True,False,False,0
top_ten,svm,occupancy_bin,full,6,unith,6,Faure,june_16_g0,0.977857142857143,0.9783333333333334,0.9547619047619047,0.8840579710144928,3,,20,4,8,0,3,5,4,0,6,0,4H,6H,,7,0,True,False,False,False,0
top_ten,svm,occupancy_bin,full,6,unith,6,Faure,june_16_g0,0.977857142857143,0.9783333333333334,0.9547619047619047,0.8840579710144928,3,,20,4,8,0,3,6,4,0,1,1,4H,1S,,7,0,True,False,False,False,0
top_ten,svm,occupancy_bin,full,6,unith,6,Faure,june_16_g0,0.977857142857143,0.9783333333333334,0.9547619047619047,0.8840579710144928,3,16,20,4,8,0,3,7,4,0,2,1,4H,2S,0.8975213880440327,7,32,True,True,False,True,0
top_ten,svm,occupancy_bin,full,6,unith,6,Faure,june_16_g0,0.977857142857143,0.9783333333333334,0.9547619047619047,0.8840579710144928,3,3,20,4,8,0,3,8,4,0,3,1,4H,3S,0.5630297409358505,7,6,True,True,False,False,0
top_ten,svm,occupancy_bin,full,6,unith,6,Faure,june_16_g0,0.977857142857143,0.9783333333333334,0.9547619047619047,0.8840579710144928,3,16,20,4,8,0,3,9,4,0,4,1,4H,4S,0.9202039537249311,7,51,True,True,False,True,0
top_ten,svm,occupancy_bin,full,6,unith,6,Faure,june_16_g0,0.977857142857143,0.9783333333333334,0.9547619047619047,0.8840579710144928,3,16,20,4,8,0,3,10,4,0,5,1,4H,5S,0.7832091517052966,7,51,True,True,False,True,0
top_ten,svm,occupancy_bin,full,6,unith,6,Faure,june_16_g0,0.977857142857143,0.9783333333333334,0.9547619047619047,0.8840579710144928,3,16,20,4,8,0,3,11,4,0,6,1,4H,6S,0.755484208398838,7,66,True,True,False,True,0
top_ten,svm,occupancy_bin,full,6,unith,6,Faure,june_16_g0,0.977857142857143,0.9783333333333334,0.9547619047619047,0.8840579710144928,2,16,20,4,8,0,4,0,5,0,1,0,5H,1H,0.8940508113156576,4,58,True,True,False,True,0
top_ten,svm,occupancy_bin,full,6,unith,6,Faure,june_16_g0,0.977857142857143,0.9783333333333334,0.9547619047619047,0.8840579710144928,2,2,20,4,8,0,4,1,5,0,2,0,5H,2H,0.8811653290395766,4,5,True,True,False,False,0
top_ten,svm,occupancy_bin,full,6,unith,6,Faure,june_16_g0,0.977857142857143,0.9783333333333334,0.9547619047619047,0.8840579710144928,2,16,20,4,8,0,4,2,5,0,3,0,5H,3H,0.9037411182879727,4,40,True,True,False,True,0
top_ten,svm,occupancy_bin,full,6,unith,6,Faure,june_16_g0,0.977857142857143,0.9783333333333334,0.9547619047619047,0.8840579710144928,2,3,20,4,8,0,4,3,5,0,4,0,5H,4H,0.8909404018362255,4,7,True,True,False,False,0
top_ten,svm,occupancy_bin,full,6,unith,6,Faure,june_16_g0,0.977857142857143,0.9783333333333334,0.9547619047619047,0.8840579710144928,2,2,20,4,8,0,4,4,5,0,5,0,5H,5H,0.8207661792194287,4,4,True,True,False,False,0
top_ten,svm,occupancy_bin,full,6,unith,6,Faure,june_16_g0,0.977857142857143,0.9783333333333334,0.9547619047619047,0.8840579710144928,2,,20,4,8,0,4,5,5,0,6,0,5H,6H,,4,0,True,False,False,False,0
top_ten,svm,occupancy_bin,full,6,unith,6,Faure,june_16_g0,0.977857142857143,0.9783333333333334,0.9547619047619047,0.8840579710144928,2,,20,4,8,0,4,6,5,0,1,1,5H,1S,,4,0,True,False,False,False,0
top_ten,svm,occupancy_bin,full,6,unith,6,Faure,june_16_g0,0.977857142857143,0.9783333333333334,0.9547619047619047,0.8840579710144928,2,16,20,4,8,0,4,7,5,0,2,1,5H,2S,0.8715464486763673,4,32,True,True,False,True,0
top_ten,svm,occupancy_bin,full,6,unith,6,Faure,june_16_g0,0.977857142857143,0.9783333333333334,0.9547619047619047,0.8840579710144928,2,3,20,4,8,0,4,8,5,0,3,1,5H,3S,0.6080259886617764,4,6,True,True,False,False,0
top_ten,svm,occupancy_bin,full,6,unith,6,Faure,june_16_g0,0.977857142857143,0.9783333333333334,0.9547619047619047,0.8840579710144928,2,16,20,4,8,0,4,9,5,0,4,1,5H,4S,0.8868496666006773,4,51,True,True,False,True,0
top_ten,svm,occupancy_bin,full,6,unith,6,Faure,june_16_g0,0.977857142857143,0.9783333333333334,0.9547619047619047,0.8840579710144928,2,16,20,4,8,0,4,10,5,0,5,1,5H,5S,0.7828627754828931,4,51,True,True,False,True,0
top_ten,svm,occupancy_bin,full,6,unith,6,Faure,june_16_g0,0.977857142857143,0.9783333333333334,0.9547619047619047,0.8840579710144928,2,16,20,4,8,0,4,11,5,0,6,1,5H,6S,0.8241063659426583,4,66,True,True,False,True,0
top_ten,svm,occupancy_bin,full,6,unith,6,Faure,june_16_g0,0.977857142857143,0.9783333333333334,0.9547619047619047,0.8840579710144928,,16,20,4,8,0,5,0,6,0,1,0,6H,1H,,0,58,False,True,False,True,0
top_ten,svm,occupancy_bin,full,6,unith,6,Faure,june_16_g0,0.977857142857143,0.9783333333333334,0.9547619047619047,0.8840579710144928,,2,20,4,8,0,5,1,6,0,2,0,6H,2H,,0,5,False,True,False,False,0
top_ten,svm,occupancy_bin,full,6,unith,6,Faure,june_16_g0,0.977857142857143,0.9783333333333334,0.9547619047619047,0.8840579710144928,,16,20,4,8,0,5,2,6,0,3,0,6H,3H,,0,40,False,True,False,True,0
top_ten,svm,occupancy_bin,full,6,unith,6,Faure,june_16_g0,0.977857142857143,0.9783333333333334,0.9547619047619047,0.8840579710144928,,3,20,4,8,0,5,3,6,0,4,0,6H,4H,,0,7,False,True,False,False,0
top_ten,svm,occupancy_bin,full,6,unith,6,Faure,june_16_g0,0.977857142857143,0.9783333333333334,0.9547619047619047,0.8840579710144928,,2,20,4,8,0,5,4,6,0,5,0,6H,5H,,0,4,False,True,False,False,0
top_ten,svm,occupancy_bin,full,6,unith,6,Faure,june_16_g0,0.977857142857143,0.9783333333333334,0.9547619047619047,0.8840579710144928,,,20,4,8,0,5,5,6,0,6,0,6H,6H,,0,0,False,False,False,False,0
top_ten,svm,occupancy_bin,full,6,unith,6,Faure,june_16_g0,0.977857142857143,0.9783333333333334,0.9547619047619047,0.8840579710144928,,,20,4,8,0,5,6,6,0,1,1,6H,1S,,0,0,False,False,False,False,0
top_ten,svm,occupancy_bin,full,6,unith,6,Faure,june_16_g0,0.977857142857143,0.9783333333333334,0.9547619047619047,0.8840579710144928,,16,20,4,8,0,5,7,6,0,2,1,6H,2S,,0,32,False,True,False,True,0
top_ten,svm,occupancy_bin,full,6,unith,6,Faure,june_16_g0,0.977857142857143,0.9783333333333334,0.9547619047619047,0.8840579710144928,,3,20,4,8,0,5,8,6,0,3,1,6H,3S,,0,6,False,True,False,False,0
top_ten,svm,occupancy_bin,full,6,unith,6,Faure,june_16_g0,0.977857142857143,0.9783333333333334,0.9547619047619047,0.8840579710144928,,16,20,4,8,0,5,9,6,0,4,1,6H,4S,,0,51,False,True,False,True,0
top_ten,svm,occupancy_bin,full,6,unith,6,Faure,june_16_g0,0.977857142857143,0.9783333333333334,0.9547619047619047,0.8840579710144928,,16,20,4,8,0,5,10,6,0,5,1,6H,5S,,0,51,False,True,False,True,0
top_ten,svm,occupancy_bin,full,6,unith,6,Faure,june_16_g0,0.977857142857143,0.9783333333333334,0.9547619047619047,0.8840579710144928,,16,20,4,8,0,5,11,6,0,6,1,6H,6S,,0,66,False,True,False,True,0
top_ten,svm,occupancy_bin,full,6,unith,6,Faure,june_16_g0,0.977857142857143,0.9783333333333334,0.9547619047619047,0.8840579710144928,,16,20,4,8,0,6,0,1,1,1,0,1S,1H,,0,58,False,True,False,True,0
top_ten,svm,occupancy_bin,full,6,unith,6,Faure,june_16_g0,0.977857142857143,0.9783333333333334,0.9547619047619047,0.8840579710144928,,2,20,4,8,0,6,1,1,1,2,0,1S,2H,,0,5,False,True,False,False,0
top_ten,svm,occupancy_bin,full,6,unith,6,Faure,june_16_g0,0.977857142857143,0.9783333333333334,0.9547619047619047,0.8840579710144928,,16,20,4,8,0,6,2,1,1,3,0,1S,3H,,0,40,False,True,False,True,0
top_ten,svm,occupancy_bin,full,6,unith,6,Faure,june_16_g0,0.977857142857143,0.9783333333333334,0.9547619047619047,0.8840579710144928,,3,20,4,8,0,6,3,1,1,4,0,1S,4H,,0,7,False,True,False,False,0
top_ten,svm,occupancy_bin,full,6,unith,6,Faure,june_16_g0,0.977857142857143,0.9783333333333334,0.9547619047619047,0.8840579710144928,,2,20,4,8,0,6,4,1,1,5,0,1S,5H,,0,4,False,True,False,False,0
top_ten,svm,occupancy_bin,full,6,unith,6,Faure,june_16_g0,0.977857142857143,0.9783333333333334,0.9547619047619047,0.8840579710144928,,,20,4,8,0,6,5,1,1,6,0,1S,6H,,0,0,False,False,False,False,0
top_ten,svm,occupancy_bin,full,6,unith,6,Faure,june_16_g0,0.977857142857143,0.9783333333333334,0.9547619047619047,0.8840579710144928,,,20,4,8,0,6,6,1,1,1,1,1S,1S,,0,0,False,False,False,False,0
top_ten,svm,occupancy_bin,full,6,unith,6,Faure,june_16_g0,0.977857142857143,0.9783333333333334,0.9547619047619047,0.8840579710144928,,16,20,4,8,0,6,7,1,1,2,1,1S,2S,,0,32,False,True,False,True,0
top_ten,svm,occupancy_bin,full,6,unith,6,Faure,june_16_g0,0.977857142857143,0.9783333333333334,0.9547619047619047,0.8840579710144928,,3,20,4,8,0,6,8,1,1,3,1,1S,3S,,0,6,False,True,False,False,0
top_ten,svm,occupancy_bin,full,6,unith,6,Faure,june_16_g0,0.977857142857143,0.9783333333333334,0.9547619047619047,0.8840579710144928,,16,20,4,8,0,6,9,1,1,4,1,1S,4S,,0,51,False,True,False,True,0
top_ten,svm,occupancy_bin,full,6,unith,6,Faure,june_16_g0,0.977857142857143,0.9783333333333334,0.9547619047619047,0.8840579710144928,,16,20,4,8,0,6,10,1,1,5,1,1S,5S,,0,51,False,True,False,True,0
top_ten,svm,occupancy_bin,full,6,unith,6,Faure,june_16_g0,0.977857142857143,0.9783333333333334,0.9547619047619047,0.8840579710144928,,16,20,4,8,0,6,11,1,1,6,1,1S,6S,,0,66,False,True,False,True,0
top_ten,svm,occupancy_bin,full,6,unith,6,Faure,june_16_g0,0.977857142857143,0.9783333333333334,0.9547619047619047,0.8840579710144928,16,16,20,4,8,0,7,0,2,1,1,0,2S,1H,0.965714615180698,32,58,True,True,True,True,0
top_ten,svm,occupancy_bin,full,6,unith,6,Faure,june_16_g0,0.977857142857143,0.9783333333333334,0.9547619047619047,0.8840579710144928,16,2,20,4,8,0,7,1,2,1,2,0,2S,2H,0.9318482354736043,32,5,True,True,True,False,0
top_ten,svm,occupancy_bin,full,6,unith,6,Faure,june_16_g0,0.977857142857143,0.9783333333333334,0.9547619047619047,0.8840579710144928,16,16,20,4,8,0,7,2,2,1,3,0,2S,3H,0.9455934421762425,32,40,True,True,True,True,0
top_ten,svm,occupancy_bin,full,6,unith,6,Faure,june_16_g0,0.977857142857143,0.9783333333333334,0.9547619047619047,0.8840579710144928,16,3,20,4,8,0,7,3,2,1,4,0,2S,4H,0.8975213880440327,32,7,True,True,True,False,0
top_ten,svm,occupancy_bin,full,6,unith,6,Faure,june_16_g0,0.977857142857143,0.9783333333333334,0.9547619047619047,0.8840579710144928,16,2,20,4,8,0,7,4,2,1,5,0,2S,5H,0.8715464486763673,32,4,True,True,True,False,0
top_ten,svm,occupancy_bin,full,6,unith,6,Faure,june_16_g0,0.977857142857143,0.9783333333333334,0.9547619047619047,0.8840579710144928,16,,20,4,8,0,7,5,2,1,6,0,2S,6H,,32,0,True,False,True,False,0
top_ten,svm,occupancy_bin,full,6,unith,6,Faure,june_16_g0,0.977857142857143,0.9783333333333334,0.9547619047619047,0.8840579710144928,16,,20,4,8,0,7,6,2,1,1,1,2S,1S,,32,0,True,False,True,False,0
top_ten,svm,occupancy_bin,full,6,unith,6,Faure,june_16_g0,0.977857142857143,0.9783333333333334,0.9547619047619047,0.8840579710144928,16,16,20,4,8,0,7,7,2,1,2,1,2S,2S,0.9713923657048908,32,32,True,True,True,True,0
top_ten,svm,occupancy_bin,full,6,unith,6,Faure,june_16_g0,0.977857142857143,0.9783333333333334,0.9547619047619047,0.8840579710144928,16,3,20,4,8,0,7,8,2,1,3,1,2S,3S,0.6469731815733899,32,6,True,True,True,False,0
top_ten,svm,occupancy_bin,full,6,unith,6,Faure,june_16_g0,0.977857142857143,0.9783333333333334,0.9547619047619047,0.8840579710144928,16,16,20,4,8,0,7,9,2,1,4,1,2S,4S,0.9679167585326816,32,51,True,True,True,True,0
top_ten,svm,occupancy_bin,full,6,unith,6,Faure,june_16_g0,0.977857142857143,0.9783333333333334,0.9547619047619047,0.8840579710144928,16,16,20,4,8,0,7,10,2,1,5,1,2S,5S,0.942966906156346,32,51,True,True,True,True,0
top_ten,svm,occupancy_bin,full,6,unith,6,Faure,june_16_g0,0.977857142857143,0.9783333333333334,0.9547619047619047,0.8840579710144928,16,16,20,4,8,0,7,11,2,1,6,1,2S,6S,0.9083592682076373,32,66,True,True,True,True,0
top_ten,svm,occupancy_bin,full,6,unith,6,Faure,june_16_g0,0.977857142857143,0.9783333333333334,0.9547619047619047,0.8840579710144928,3,16,20,4,8,0,8,0,3,1,1,0,3S,1H,0.726027410462114,6,58,True,True,False,True,0
top_ten,svm,occupancy_bin,full,6,unith,6,Faure,june_16_g0,0.977857142857143,0.9783333333333334,0.9547619047619047,0.8840579710144928,3,2,20,4,8,0,8,1,3,1,2,0,3S,2H,0.6131395432313207,6,5,True,True,False,False,0
top_ten,svm,occupancy_bin,full,6,unith,6,Faure,june_16_g0,0.977857142857143,0.9783333333333334,0.9547619047619047,0.8840579710144928,3,16,20,4,8,0,8,2,3,1,3,0,3S,3H,0.7589070721377525,6,40,True,True,False,True,0
top_ten,svm,occupancy_bin,full,6,unith,6,Faure,june_16_g0,0.977857142857143,0.9783333333333334,0.9547619047619047,0.8840579710144928,3,3,20,4,8,0,8,3,3,1,4,0,3S,4H,0.5630297409358505,6,7,True,True,False,False,0
top_ten,svm,occupancy_bin,full,6,unith,6,Faure,june_16_g0,0.977857142857143,0.9783333333333334,0.9547619047619047,0.8840579710144928,3,2,20,4,8,0,8,4,3,1,5,0,3S,5H,0.6080259886617764,6,4,True,True,False,False,0
top_ten,svm,occupancy_bin,full,6,unith,6,Faure,june_16_g0,0.977857142857143,0.9783333333333334,0.9547619047619047,0.8840579710144928,3,,20,4,8,0,8,5,3,1,6,0,3S,6H,,6,0,True,False,False,False,0
top_ten,svm,occupancy_bin,full,6,unith,6,Faure,june_16_g0,0.977857142857143,0.9783333333333334,0.9547619047619047,0.8840579710144928,3,,20,4,8,0,8,6,3,1,1,1,3S,1S,,6,0,True,False,False,False,0
top_ten,svm,occupancy_bin,full,6,unith,6,Faure,june_16_g0,0.977857142857143,0.9783333333333334,0.9547619047619047,0.8840579710144928,3,16,20,4,8,0,8,7,3,1,2,1,3S,2S,0.6469731815733899,6,32,True,True,False,True,0
top_ten,svm,occupancy_bin,full,6,unith,6,Faure,june_16_g0,0.977857142857143,0.9783333333333334,0.9547619047619047,0.8840579710144928,3,3,20,4,8,0,8,8,3,1,3,1,3S,3S,0.7839957541147959,6,6,True,True,False,False,0
top_ten,svm,occupancy_bin,full,6,unith,6,Faure,june_16_g0,0.977857142857143,0.9783333333333334,0.9547619047619047,0.8840579710144928,3,16,20,4,8,0,8,9,3,1,4,1,3S,4S,0.6678423064838583,6,51,True,True,False,True,0
top_ten,svm,occupancy_bin,full,6,unith,6,Faure,june_16_g0,0.977857142857143,0.9783333333333334,0.9547619047619047,0.8840579710144928,3,16,20,4,8,0,8,10,3,1,5,1,3S,5S,0.5695962883124375,6,51,True,True,False,True,0
top_ten,svm,occupancy_bin,full,6,unith,6,Faure,june_16_g0,0.977857142857143,0.9783333333333334,0.9547619047619047,0.8840579710144928,3,16,20,4,8,0,8,11,3,1,6,1,3S,6S,0.656715195480315,6,66,True,True,False,True,0
top_ten,svm,occupancy_bin,full,6,unith,6,Faure,june_16_g0,0.977857142857143,0.9783333333333334,0.9547619047619047,0.8840579710144928,16,16,20,4,8,0,9,0,4,1,1,0,4S,1H,0.9658590712140962,51,58,True,True,True,True,0
top_ten,svm,occupancy_bin,full,6,unith,6,Faure,june_16_g0,0.977857142857143,0.9783333333333334,0.9547619047619047,0.8840579710144928,16,2,20,4,8,0,9,1,4,1,2,0,4S,2H,0.9480744701258794,51,5,True,True,True,False,0
top_ten,svm,occupancy_bin,full,6,unith,6,Faure,june_16_g0,0.977857142857143,0.9783333333333334,0.9547619047619047,0.8840579710144928,16,16,20,4,8,0,9,2,4,1,3,0,4S,3H,0.9542422977027986,51,40,True,True,True,True,0
top_ten,svm,occupancy_bin,full,6,unith,6,Faure,june_16_g0,0.977857142857143,0.9783333333333334,0.9547619047619047,0.8840579710144928,16,3,20,4,8,0,9,3,4,1,4,0,4S,4H,0.9202039537249311,51,7,True,True,True,False,0
top_ten,svm,occupancy_bin,full,6,unith,6,Faure,june_16_g0,0.977857142857143,0.9783333333333334,0.9547619047619047,0.8840579710144928,16,2,20,4,8,0,9,4,4,1,5,0,4S,5H,0.8868496666006773,51,4,True,True,True,False,0
top_ten,svm,occupancy_bin,full,6,unith,6,Faure,june_16_g0,0.977857142857143,0.9783333333333334,0.9547619047619047,0.8840579710144928,16,,20,4,8,0,9,5,4,1,6,0,4S,6H,,51,0,True,False,True,False,0
top_ten,svm,occupancy_bin,full,6,unith,6,Faure,june_16_g0,0.977857142857143,0.9783333333333334,0.9547619047619047,0.8840579710144928,16,,20,4,8,0,9,6,4,1,1,1,4S,1S,,51,0,True,False,True,False,0
top_ten,svm,occupancy_bin,full,6,unith,6,Faure,june_16_g0,0.977857142857143,0.9783333333333334,0.9547619047619047,0.8840579710144928,16,16,20,4,8,0,9,7,4,1,2,1,4S,2S,0.9679167585326816,51,32,True,True,True,True,0
top_ten,svm,occupancy_bin,full,6,unith,6,Faure,june_16_g0,0.977857142857143,0.9783333333333334,0.9547619047619047,0.8840579710144928,16,3,20,4,8,0,9,8,4,1,3,1,4S,3S,0.6678423064838583,51,6,True,True,True,False,0
top_ten,svm,occupancy_bin,full,6,unith,6,Faure,june_16_g0,0.977857142857143,0.9783333333333334,0.9547619047619047,0.8840579710144928,16,16,20,4,8,0,9,9,4,1,4,1,4S,4S,0.9546180061214257,51,51,True,True,True,True,0
top_ten,svm,occupancy_bin,full,6,unith,6,Faure,june_16_g0,0.977857142857143,0.9783333333333334,0.9547619047619047,0.8840579710144928,16,16,20,4,8,0,9,10,4,1,5,1,4S,5S,0.8938925671694944,51,51,True,True,True,True,0
top_ten,svm,occupancy_bin,full,6,unith,6,Faure,june_16_g0,0.977857142857143,0.9783333333333334,0.9547619047619047,0.8840579710144928,16,16,20,4,8,0,9,11,4,1,6,1,4S,6S,0.878180771408258,51,66,True,True,True,True,0
top_ten,svm,occupancy_bin,full,6,unith,6,Faure,june_16_g0,0.977857142857143,0.9783333333333334,0.9547619047619047,0.8840579710144928,16,16,20,4,8,0,10,0,5,1,1,0,5S,1H,0.8916860491150933,51,58,True,True,True,True,0
top_ten,svm,occupancy_bin,full,6,unith,6,Faure,june_16_g0,0.977857142857143,0.9783333333333334,0.9547619047619047,0.8840579710144928,16,2,20,4,8,0,10,1,5,1,2,0,5S,2H,0.8175342916978628,51,5,True,True,True,False,0
top_ten,svm,occupancy_bin,full,6,unith,6,Faure,june_16_g0,0.977857142857143,0.9783333333333334,0.9547619047619047,0.8840579710144928,16,16,20,4,8,0,10,2,5,1,3,0,5S,3H,0.8758106552559329,51,40,True,True,True,True,0
top_ten,svm,occupancy_bin,full,6,unith,6,Faure,june_16_g0,0.977857142857143,0.9783333333333334,0.9547619047619047,0.8840579710144928,16,3,20,4,8,0,10,3,5,1,4,0,5S,4H,0.7832091517052966,51,7,True,True,True,False,0
top_ten,svm,occupancy_bin,full,6,unith,6,Faure,june_16_g0,0.977857142857143,0.9783333333333334,0.9547619047619047,0.8840579710144928,16,2,20,4,8,0,10,4,5,1,5,0,5S,5H,0.7828627754828931,51,4,True,True,True,False,0
top_ten,svm,occupancy_bin,full,6,unith,6,Faure,june_16_g0,0.977857142857143,0.9783333333333334,0.9547619047619047,0.8840579710144928,16,,20,4,8,0,10,5,5,1,6,0,5S,6H,,51,0,True,False,True,False,0
top_ten,svm,occupancy_bin,full,6,unith,6,Faure,june_16_g0,0.977857142857143,0.9783333333333334,0.9547619047619047,0.8840579710144928,16,,20,4,8,0,10,6,5,1,1,1,5S,1S,,51,0,True,False,True,False,0
top_ten,svm,occupancy_bin,full,6,unith,6,Faure,june_16_g0,0.977857142857143,0.9783333333333334,0.9547619047619047,0.8840579710144928,16,16,20,4,8,0,10,7,5,1,2,1,5S,2S,0.942966906156346,51,32,True,True,True,True,0
top_ten,svm,occupancy_bin,full,6,unith,6,Faure,june_16_g0,0.977857142857143,0.9783333333333334,0.9547619047619047,0.8840579710144928,16,3,20,4,8,0,10,8,5,1,3,1,5S,3S,0.5695962883124375,51,6,True,True,True,False,0
top_ten,svm,occupancy_bin,full,6,unith,6,Faure,june_16_g0,0.977857142857143,0.9783333333333334,0.9547619047619047,0.8840579710144928,16,16,20,4,8,0,10,9,5,1,4,1,5S,4S,0.8938925671694944,51,51,True,True,True,True,0
top_ten,svm,occupancy_bin,full,6,unith,6,Faure,june_16_g0,0.977857142857143,0.9783333333333334,0.9547619047619047,0.8840579710144928,16,16,20,4,8,0,10,10,5,1,5,1,5S,5S,0.957060491078719,51,51,True,True,True,True,0
top_ten,svm,occupancy_bin,full,6,unith,6,Faure,june_16_g0,0.977857142857143,0.9783333333333334,0.9547619047619047,0.8840579710144928,16,16,20,4,8,0,10,11,5,1,6,1,5S,6S,0.9293442857560612,51,66,True,True,True,True,0
top_ten,svm,occupancy_bin,full,6,unith,6,Faure,june_16_g0,0.977857142857143,0.9783333333333334,0.9547619047619047,0.8840579710144928,16,16,20,4,8,0,11,0,6,1,1,0,6S,1H,0.8975088410439476,66,58,True,True,True,True,0
top_ten,svm,occupancy_bin,full,6,unith,6,Faure,june_16_g0,0.977857142857143,0.9783333333333334,0.9547619047619047,0.8840579710144928,16,2,20,4,8,0,11,1,6,1,2,0,6S,2H,0.7962175538910922,66,5,True,True,True,False,0
top_ten,svm,occupancy_bin,full,6,unith,6,Faure,june_16_g0,0.977857142857143,0.9783333333333334,0.9547619047619047,0.8840579710144928,16,16,20,4,8,0,11,2,6,1,3,0,6S,3H,0.910657671845469,66,40,True,True,True,True,0
top_ten,svm,occupancy_bin,full,6,unith,6,Faure,june_16_g0,0.977857142857143,0.9783333333333334,0.9547619047619047,0.8840579710144928,16,3,20,4,8,0,11,3,6,1,4,0,6S,4H,0.755484208398838,66,7,True,True,True,False,0
top_ten,svm,occupancy_bin,full,6,unith,6,Faure,june_16_g0,0.977857142857143,0.9783333333333334,0.9547619047619047,0.8840579710144928,16,2,20,4,8,0,11,4,6,1,5,0,6S,5H,0.8241063659426583,66,4,True,True,True,False,0
top_ten,svm,occupancy_bin,full,6,unith,6,Faure,june_16_g0,0.977857142857143,0.9783333333333334,0.9547619047619047,0.8840579710144928,16,,20,4,8,0,11,5,6,1,6,0,6S,6H,,66,0,True,False,True,False,0
top_ten,svm,occupancy_bin,full,6,unith,6,Faure,june_16_g0,0.977857142857143,0.9783333333333334,0.9547619047619047,0.8840579710144928,16,,20,4,8,0,11,6,6,1,1,1,6S,1S,,66,0,True,False,True,False,0
top_ten,svm,occupancy_bin,full,6,unith,6,Faure,june_16_g0,0.977857142857143,0.9783333333333334,0.9547619047619047,0.8840579710144928,16,16,20,4,8,0,11,7,6,1,2,1,6S,2S,0.9083592682076373,66,32,True,True,True,True,0
top_ten,svm,occupancy_bin,full,6,unith,6,Faure,june_16_g0,0.977857142857143,0.9783333333333334,0.9547619047619047,0.8840579710144928,16,3,20,4,8,0,11,8,6,1,3,1,6S,3S,0.656715195480315,66,6,True,True,True,False,0
top_ten,svm,occupancy_bin,full,6,unith,6,Faure,june_16_g0,0.977857142857143,0.9783333333333334,0.9547619047619047,0.8840579710144928,16,16,20,4,8,0,11,9,6,1,4,1,6S,4S,0.878180771408258,66,51,True,True,True,True,0
top_ten,svm,occupancy_bin,full,6,unith,6,Faure,june_16_g0,0.977857142857143,0.9783333333333334,0.9547619047619047,0.8840579710144928,16,16,20,4,8,0,11,10,6,1,5,1,6S,5S,0.9293442857560612,66,51,True,True,True,True,0
top_ten,svm,occupancy_bin,full,6,unith,6,Faure,june_16_g0,0.977857142857143,0.9783333333333334,0.9547619047619047,0.8840579710144928,16,16,20,4,8,0,11,11,6,1,6,1,6S,6S,0.9497037671612146,66,66,True,True,True,True,0
top_ten,svm,occupancy_bin,full,6,unith,6,Faure,june_18_g0,0.976758663623158,0.9755135920315418,0.9754098360655737,0.5518867924528302,7,7,20,4,8,0,0,0,1,0,1,0,1H,1H,0.8490944118044881,58,58,True,True,True,True,0
top_ten,svm,occupancy_bin,full,6,unith,6,Faure,june_18_g0,0.976758663623158,0.9755135920315418,0.9754098360655737,0.5518867924528302,7,7,20,4,8,0,0,1,1,0,2,0,1H,2H,0.884979241539684,58,14,True,True,True,True,0
top_ten,svm,occupancy_bin,full,6,unith,6,Faure,june_18_g0,0.976758663623158,0.9755135920315418,0.9754098360655737,0.5518867924528302,7,7,20,4,8,0,0,2,1,0,3,0,1H,3H,0.8218066807744314,58,60,True,True,True,True,0
top_ten,svm,occupancy_bin,full,6,unith,6,Faure,june_18_g0,0.976758663623158,0.9755135920315418,0.9754098360655737,0.5518867924528302,7,,20,4,8,0,0,3,1,0,4,0,1H,4H,,58,0,True,False,True,False,0
top_ten,svm,occupancy_bin,full,6,unith,6,Faure,june_18_g0,0.976758663623158,0.9755135920315418,0.9754098360655737,0.5518867924528302,7,3,20,4,8,0,0,4,1,0,5,0,1H,5H,0.8873529394871229,58,6,True,True,True,False,0
top_ten,svm,occupancy_bin,full,6,unith,6,Faure,june_18_g0,0.976758663623158,0.9755135920315418,0.9754098360655737,0.5518867924528302,7,,20,4,8,0,0,5,1,0,6,0,1H,6H,,58,0,True,False,True,False,0
top_ten,svm,occupancy_bin,full,6,unith,6,Faure,june_18_g0,0.976758663623158,0.9755135920315418,0.9754098360655737,0.5518867924528302,7,,20,4,8,0,0,6,1,0,1,1,1H,1S,,58,0,True,False,True,False,0
top_ten,svm,occupancy_bin,full,6,unith,6,Faure,june_18_g0,0.976758663623158,0.9755135920315418,0.9754098360655737,0.5518867924528302,7,7,20,4,8,0,0,7,1,0,2,1,1H,2S,0.8767464552667988,58,49,True,True,True,True,0
top_ten,svm,occupancy_bin,full,6,unith,6,Faure,june_18_g0,0.976758663623158,0.9755135920315418,0.9754098360655737,0.5518867924528302,7,2,20,4,8,0,0,8,1,0,3,1,1H,3S,0.7893050141346698,58,5,True,True,True,False,0
top_ten,svm,occupancy_bin,full,6,unith,6,Faure,june_18_g0,0.976758663623158,0.9755135920315418,0.9754098360655737,0.5518867924528302,7,7,20,4,8,0,0,9,1,0,4,1,1H,4S,0.8878985883366883,58,68,True,True,True,True,0
top_ten,svm,occupancy_bin,full,6,unith,6,Faure,june_18_g0,0.976758663623158,0.9755135920315418,0.9754098360655737,0.5518867924528302,7,7,20,4,8,0,0,10,1,0,5,1,1H,5S,0.8439052719444398,58,78,True,True,True,True,0
top_ten,svm,occupancy_bin,full,6,unith,6,Faure,june_18_g0,0.976758663623158,0.9755135920315418,0.9754098360655737,0.5518867924528302,7,7,20,4,8,0,0,11,1,0,6,1,1H,6S,0.8424537630457914,58,79,True,True,True,True,0
top_ten,svm,occupancy_bin,full,6,unith,6,Faure,june_18_g0,0.976758663623158,0.9755135920315418,0.9754098360655737,0.5518867924528302,7,7,20,4,8,0,1,0,2,0,1,0,2H,1H,0.884979241539684,14,58,True,True,True,True,0
top_ten,svm,occupancy_bin,full,6,unith,6,Faure,june_18_g0,0.976758663623158,0.9755135920315418,0.9754098360655737,0.5518867924528302,7,7,20,4,8,0,1,1,2,0,2,0,2H,2H,0.9592653936307872,14,14,True,True,True,True,0
top_ten,svm,occupancy_bin,full,6,unith,6,Faure,june_18_g0,0.976758663623158,0.9755135920315418,0.9754098360655737,0.5518867924528302,7,7,20,4,8,0,1,2,2,0,3,0,2H,3H,0.730974430027304,14,60,True,True,True,True,0
top_ten,svm,occupancy_bin,full,6,unith,6,Faure,june_18_g0,0.976758663623158,0.9755135920315418,0.9754098360655737,0.5518867924528302,7,,20,4,8,0,1,3,2,0,4,0,2H,4H,,14,0,True,False,True,False,0
top_ten,svm,occupancy_bin,full,6,unith,6,Faure,june_18_g0,0.976758663623158,0.9755135920315418,0.9754098360655737,0.5518867924528302,7,3,20,4,8,0,1,4,2,0,5,0,2H,5H,0.9272475420828149,14,6,True,True,True,False,0
top_ten,svm,occupancy_bin,full,6,unith,6,Faure,june_18_g0,0.976758663623158,0.9755135920315418,0.9754098360655737,0.5518867924528302,7,,20,4,8,0,1,5,2,0,6,0,2H,6H,,14,0,True,False,True,False,0
top_ten,svm,occupancy_bin,full,6,unith,6,Faure,june_18_g0,0.976758663623158,0.9755135920315418,0.9754098360655737,0.5518867924528302,7,,20,4,8,0,1,6,2,0,1,1,2H,1S,,14,0,True,False,True,False,0
top_ten,svm,occupancy_bin,full,6,unith,6,Faure,june_18_g0,0.976758663623158,0.9755135920315418,0.9754098360655737,0.5518867924528302,7,7,20,4,8,0,1,7,2,0,2,1,2H,2S,0.9368534874079046,14,49,True,True,True,True,0
top_ten,svm,occupancy_bin,full,6,unith,6,Faure,june_18_g0,0.976758663623158,0.9755135920315418,0.9754098360655737,0.5518867924528302,7,2,20,4,8,0,1,8,2,0,3,1,2H,3S,0.796480729430787,14,5,True,True,True,False,0
top_ten,svm,occupancy_bin,full,6,unith,6,Faure,june_18_g0,0.976758663623158,0.9755135920315418,0.9754098360655737,0.5518867924528302,7,7,20,4,8,0,1,9,2,0,4,1,2H,4S,0.890755633334711,14,68,True,True,True,True,0
top_ten,svm,occupancy_bin,full,6,unith,6,Faure,june_18_g0,0.976758663623158,0.9755135920315418,0.9754098360655737,0.5518867924528302,7,7,20,4,8,0,1,10,2,0,5,1,2H,5S,0.8175470520448791,14,78,True,True,True,True,0
top_ten,svm,occupancy_bin,full,6,unith,6,Faure,june_18_g0,0.976758663623158,0.9755135920315418,0.9754098360655737,0.5518867924528302,7,7,20,4,8,0,1,11,2,0,6,1,2H,6S,0.829412037303522,14,79,True,True,True,True,0
top_ten,svm,occupancy_bin,full,6,unith,6,Faure,june_18_g0,0.976758663623158,0.9755135920315418,0.9754098360655737,0.5518867924528302,7,7,20,4,8,0,2,0,3,0,1,0,3H,1H,0.8218066807744314,60,58,True,True,True,True,0
top_ten,svm,occupancy_bin,full,6,unith,6,Faure,june_18_g0,0.976758663623158,0.9755135920315418,0.9754098360655737,0.5518867924528302,7,7,20,4,8,0,2,1,3,0,2,0,3H,2H,0.730974430027304,60,14,True,True,True,True,0
top_ten,svm,occupancy_bin,full,6,unith,6,Faure,june_18_g0,0.976758663623158,0.9755135920315418,0.9754098360655737,0.5518867924528302,7,7,20,4,8,0,2,2,3,0,3,0,3H,3H,0.8311949588041463,60,60,True,True,True,True,0
top_ten,svm,occupancy_bin,full,6,unith,6,Faure,june_18_g0,0.976758663623158,0.9755135920315418,0.9754098360655737,0.5518867924528302,7,,20,4,8,0,2,3,3,0,4,0,3H,4H,,60,0,True,False,True,False,0
top_ten,svm,occupancy_bin,full,6,unith,6,Faure,june_18_g0,0.976758663623158,0.9755135920315418,0.9754098360655737,0.5518867924528302,7,3,20,4,8,0,2,4,3,0,5,0,3H,5H,0.8162875535807002,60,6,True,True,True,False,0
top_ten,svm,occupancy_bin,full,6,unith,6,Faure,june_18_g0,0.976758663623158,0.9755135920315418,0.9754098360655737,0.5518867924528302,7,,20,4,8,0,2,5,3,0,6,0,3H,6H,,60,0,True,False,True,False,0
top_ten,svm,occupancy_bin,full,6,unith,6,Faure,june_18_g0,0.976758663623158,0.9755135920315418,0.9754098360655737,0.5518867924528302,7,,20,4,8,0,2,6,3,0,1,1,3H,1S,,60,0,True,False,True,False,0
top_ten,svm,occupancy_bin,full,6,unith,6,Faure,june_18_g0,0.976758663623158,0.9755135920315418,0.9754098360655737,0.5518867924528302,7,7,20,4,8,0,2,7,3,0,2,1,3H,2S,0.7901780115788339,60,49,True,True,True,True,0
top_ten,svm,occupancy_bin,full,6,unith,6,Faure,june_18_g0,0.976758663623158,0.9755135920315418,0.9754098360655737,0.5518867924528302,7,2,20,4,8,0,2,8,3,0,3,1,3H,3S,0.708384727167283,60,5,True,True,True,False,0
top_ten,svm,occupancy_bin,full,6,unith,6,Faure,june_18_g0,0.976758663623158,0.9755135920315418,0.9754098360655737,0.5518867924528302,7,7,20,4,8,0,2,9,3,0,4,1,3H,4S,0.8137437848940332,60,68,True,True,True,True,0
top_ten,svm,occupancy_bin,full,6,unith,6,Faure,june_18_g0,0.976758663623158,0.9755135920315418,0.9754098360655737,0.5518867924528302,7,7,20,4,8,0,2,10,3,0,5,1,3H,5S,0.8062408467279416,60,78,True,True,True,True,0
top_ten,svm,occupancy_bin,full,6,unith,6,Faure,june_18_g0,0.976758663623158,0.9755135920315418,0.9754098360655737,0.5518867924528302,7,7,20,4,8,0,2,11,3,0,6,1,3H,6S,0.7527414640829683,60,79,True,True,True,True,0
top_ten,svm,occupancy_bin,full,6,unith,6,Faure,june_18_g0,0.976758663623158,0.9755135920315418,0.9754098360655737,0.5518867924528302,,7,20,4,8,0,3,0,4,0,1,0,4H,1H,,0,58,False,True,False,True,0
top_ten,svm,occupancy_bin,full,6,unith,6,Faure,june_18_g0,0.976758663623158,0.9755135920315418,0.9754098360655737,0.5518867924528302,,7,20,4,8,0,3,1,4,0,2,0,4H,2H,,0,14,False,True,False,True,0
top_ten,svm,occupancy_bin,full,6,unith,6,Faure,june_18_g0,0.976758663623158,0.9755135920315418,0.9754098360655737,0.5518867924528302,,7,20,4,8,0,3,2,4,0,3,0,4H,3H,,0,60,False,True,False,True,0
top_ten,svm,occupancy_bin,full,6,unith,6,Faure,june_18_g0,0.976758663623158,0.9755135920315418,0.9754098360655737,0.5518867924528302,,,20,4,8,0,3,3,4,0,4,0,4H,4H,,0,0,False,False,False,False,0
top_ten,svm,occupancy_bin,full,6,unith,6,Faure,june_18_g0,0.976758663623158,0.9755135920315418,0.9754098360655737,0.5518867924528302,,3,20,4,8,0,3,4,4,0,5,0,4H,5H,,0,6,False,True,False,False,0
top_ten,svm,occupancy_bin,full,6,unith,6,Faure,june_18_g0,0.976758663623158,0.9755135920315418,0.9754098360655737,0.5518867924528302,,,20,4,8,0,3,5,4,0,6,0,4H,6H,,0,0,False,False,False,False,0
top_ten,svm,occupancy_bin,full,6,unith,6,Faure,june_18_g0,0.976758663623158,0.9755135920315418,0.9754098360655737,0.5518867924528302,,,20,4,8,0,3,6,4,0,1,1,4H,1S,,0,0,False,False,False,False,0
top_ten,svm,occupancy_bin,full,6,unith,6,Faure,june_18_g0,0.976758663623158,0.9755135920315418,0.9754098360655737,0.5518867924528302,,7,20,4,8,0,3,7,4,0,2,1,4H,2S,,0,49,False,True,False,True,0
top_ten,svm,occupancy_bin,full,6,unith,6,Faure,june_18_g0,0.976758663623158,0.9755135920315418,0.9754098360655737,0.5518867924528302,,2,20,4,8,0,3,8,4,0,3,1,4H,3S,,0,5,False,True,False,False,0
top_ten,svm,occupancy_bin,full,6,unith,6,Faure,june_18_g0,0.976758663623158,0.9755135920315418,0.9754098360655737,0.5518867924528302,,7,20,4,8,0,3,9,4,0,4,1,4H,4S,,0,68,False,True,False,True,0
top_ten,svm,occupancy_bin,full,6,unith,6,Faure,june_18_g0,0.976758663623158,0.9755135920315418,0.9754098360655737,0.5518867924528302,,7,20,4,8,0,3,10,4,0,5,1,4H,5S,,0,78,False,True,False,True,0
top_ten,svm,occupancy_bin,full,6,unith,6,Faure,june_18_g0,0.976758663623158,0.9755135920315418,0.9754098360655737,0.5518867924528302,,7,20,4,8,0,3,11,4,0,6,1,4H,6S,,0,79,False,True,False,True,0
top_ten,svm,occupancy_bin,full,6,unith,6,Faure,june_18_g0,0.976758663623158,0.9755135920315418,0.9754098360655737,0.5518867924528302,3,7,20,4,8,0,4,0,5,0,1,0,5H,1H,0.8873529394871229,6,58,True,True,False,True,0
top_ten,svm,occupancy_bin,full,6,unith,6,Faure,june_18_g0,0.976758663623158,0.9755135920315418,0.9754098360655737,0.5518867924528302,3,7,20,4,8,0,4,1,5,0,2,0,5H,2H,0.9272475420828149,6,14,True,True,False,True,0
top_ten,svm,occupancy_bin,full,6,unith,6,Faure,june_18_g0,0.976758663623158,0.9755135920315418,0.9754098360655737,0.5518867924528302,3,7,20,4,8,0,4,2,5,0,3,0,5H,3H,0.8162875535807002,6,60,True,True,False,True,0
top_ten,svm,occupancy_bin,full,6,unith,6,Faure,june_18_g0,0.976758663623158,0.9755135920315418,0.9754098360655737,0.5518867924528302,3,,20,4,8,0,4,3,5,0,4,0,5H,4H,,6,0,True,False,False,False,0
top_ten,svm,occupancy_bin,full,6,unith,6,Faure,june_18_g0,0.976758663623158,0.9755135920315418,0.9754098360655737,0.5518867924528302,3,3,20,4,8,0,4,4,5,0,5,0,5H,5H,0.8380491920379451,6,6,True,True,False,False,0
top_ten,svm,occupancy_bin,full,6,unith,6,Faure,june_18_g0,0.976758663623158,0.9755135920315418,0.9754098360655737,0.5518867924528302,3,,20,4,8,0,4,5,5,0,6,0,5H,6H,,6,0,True,False,False,False,0
top_ten,svm,occupancy_bin,full,6,unith,6,Faure,june_18_g0,0.976758663623158,0.9755135920315418,0.9754098360655737,0.5518867924528302,3,,20,4,8,0,4,6,5,0,1,1,5H,1S,,6,0,True,False,False,False,0
top_ten,svm,occupancy_bin,full,6,unith,6,Faure,june_18_g0,0.976758663623158,0.9755135920315418,0.9754098360655737,0.5518867924528302,3,7,20,4,8,0,4,7,5,0,2,1,5H,2S,0.8942095770857617,6,49,True,True,False,True,0
top_ten,svm,occupancy_bin,full,6,unith,6,Faure,june_18_g0,0.976758663623158,0.9755135920315418,0.9754098360655737,0.5518867924528302,3,2,20,4,8,0,4,8,5,0,3,1,5H,3S,0.8138290762836851,6,5,True,True,False,False,0
top_ten,svm,occupancy_bin,full,6,unith,6,Faure,june_18_g0,0.976758663623158,0.9755135920315418,0.9754098360655737,0.5518867924528302,3,7,20,4,8,0,4,9,5,0,4,1,5H,4S,0.8839773199680101,6,68,True,True,False,True,0
top_ten,svm,occupancy_bin,full,6,unith,6,Faure,june_18_g0,0.976758663623158,0.9755135920315418,0.9754098360655737,0.5518867924528302,3,7,20,4,8,0,4,10,5,0,5,1,5H,5S,0.834217036745722,6,78,True,True,False,True,0
top_ten,svm,occupancy_bin,full,6,unith,6,Faure,june_18_g0,0.976758663623158,0.9755135920315418,0.9754098360655737,0.5518867924528302,3,7,20,4,8,0,4,11,5,0,6,1,5H,6S,0.8277631506330287,6,79,True,True,False,True,0
top_ten,svm,occupancy_bin,full,6,unith,6,Faure,june_18_g0,0.976758663623158,0.9755135920315418,0.9754098360655737,0.5518867924528302,,7,20,4,8,0,5,0,6,0,1,0,6H,1H,,0,58,False,True,False,True,0
top_ten,svm,occupancy_bin,full,6,unith,6,Faure,june_18_g0,0.976758663623158,0.9755135920315418,0.9754098360655737,0.5518867924528302,,7,20,4,8,0,5,1,6,0,2,0,6H,2H,,0,14,False,True,False,True,0
top_ten,svm,occupancy_bin,full,6,unith,6,Faure,june_18_g0,0.976758663623158,0.9755135920315418,0.9754098360655737,0.5518867924528302,,7,20,4,8,0,5,2,6,0,3,0,6H,3H,,0,60,False,True,False,True,0
top_ten,svm,occupancy_bin,full,6,unith,6,Faure,june_18_g0,0.976758663623158,0.9755135920315418,0.9754098360655737,0.5518867924528302,,,20,4,8,0,5,3,6,0,4,0,6H,4H,,0,0,False,False,False,False,0
top_ten,svm,occupancy_bin,full,6,unith,6,Faure,june_18_g0,0.976758663623158,0.9755135920315418,0.9754098360655737,0.5518867924528302,,3,20,4,8,0,5,4,6,0,5,0,6H,5H,,0,6,False,True,False,False,0
top_ten,svm,occupancy_bin,full,6,unith,6,Faure,june_18_g0,0.976758663623158,0.9755135920315418,0.9754098360655737,0.5518867924528302,,,20,4,8,0,5,5,6,0,6,0,6H,6H,,0,0,False,False,False,False,0
top_ten,svm,occupancy_bin,full,6,unith,6,Faure,june_18_g0,0.976758663623158,0.9755135920315418,0.9754098360655737,0.5518867924528302,,,20,4,8,0,5,6,6,0,1,1,6H,1S,,0,0,False,False,False,False,0
top_ten,svm,occupancy_bin,full,6,unith,6,Faure,june_18_g0,0.976758663623158,0.9755135920315418,0.9754098360655737,0.5518867924528302,,7,20,4,8,0,5,7,6,0,2,1,6H,2S,,0,49,False,True,False,True,0
top_ten,svm,occupancy_bin,full,6,unith,6,Faure,june_18_g0,0.976758663623158,0.9755135920315418,0.9754098360655737,0.5518867924528302,,2,20,4,8,0,5,8,6,0,3,1,6H,3S,,0,5,False,True,False,False,0
top_ten,svm,occupancy_bin,full,6,unith,6,Faure,june_18_g0,0.976758663623158,0.9755135920315418,0.9754098360655737,0.5518867924528302,,7,20,4,8,0,5,9,6,0,4,1,6H,4S,,0,68,False,True,False,True,0
top_ten,svm,occupancy_bin,full,6,unith,6,Faure,june_18_g0,0.976758663623158,0.9755135920315418,0.9754098360655737,0.5518867924528302,,7,20,4,8,0,5,10,6,0,5,1,6H,5S,,0,78,False,True,False,True,0
top_ten,svm,occupancy_bin,full,6,unith,6,Faure,june_18_g0,0.976758663623158,0.9755135920315418,0.9754098360655737,0.5518867924528302,,7,20,4,8,0,5,11,6,0,6,1,6H,6S,,0,79,False,True,False,True,0
top_ten,svm,occupancy_bin,full,6,unith,6,Faure,june_18_g0,0.976758663623158,0.9755135920315418,0.9754098360655737,0.5518867924528302,,7,20,4,8,0,6,0,1,1,1,0,1S,1H,,0,58,False,True,False,True,0
top_ten,svm,occupancy_bin,full,6,unith,6,Faure,june_18_g0,0.976758663623158,0.9755135920315418,0.9754098360655737,0.5518867924528302,,7,20,4,8,0,6,1,1,1,2,0,1S,2H,,0,14,False,True,False,True,0
top_ten,svm,occupancy_bin,full,6,unith,6,Faure,june_18_g0,0.976758663623158,0.9755135920315418,0.9754098360655737,0.5518867924528302,,7,20,4,8,0,6,2,1,1,3,0,1S,3H,,0,60,False,True,False,True,0
top_ten,svm,occupancy_bin,full,6,unith,6,Faure,june_18_g0,0.976758663623158,0.9755135920315418,0.9754098360655737,0.5518867924528302,,,20,4,8,0,6,3,1,1,4,0,1S,4H,,0,0,False,False,False,False,0
top_ten,svm,occupancy_bin,full,6,unith,6,Faure,june_18_g0,0.976758663623158,0.9755135920315418,0.9754098360655737,0.5518867924528302,,3,20,4,8,0,6,4,1,1,5,0,1S,5H,,0,6,False,True,False,False,0
top_ten,svm,occupancy_bin,full,6,unith,6,Faure,june_18_g0,0.976758663623158,0.9755135920315418,0.9754098360655737,0.5518867924528302,,,20,4,8,0,6,5,1,1,6,0,1S,6H,,0,0,False,False,False,False,0
top_ten,svm,occupancy_bin,full,6,unith,6,Faure,june_18_g0,0.976758663623158,0.9755135920315418,0.9754098360655737,0.5518867924528302,,,20,4,8,0,6,6,1,1,1,1,1S,1S,,0,0,False,False,False,False,0
top_ten,svm,occupancy_bin,full,6,unith,6,Faure,june_18_g0,0.976758663623158,0.9755135920315418,0.9754098360655737,0.5518867924528302,,7,20,4,8,0,6,7,1,1,2,1,1S,2S,,0,49,False,True,False,True,0
top_ten,svm,occupancy_bin,full,6,unith,6,Faure,june_18_g0,0.976758663623158,0.9755135920315418,0.9754098360655737,0.5518867924528302,,2,20,4,8,0,6,8,1,1,3,1,1S,3S,,0,5,False,True,False,False,0
top_ten,svm,occupancy_bin,full,6,unith,6,Faure,june_18_g0,0.976758663623158,0.9755135920315418,0.9754098360655737,0.5518867924528302,,7,20,4,8,0,6,9,1,1,4,1,1S,4S,,0,68,False,True,False,True,0
top_ten,svm,occupancy_bin,full,6,unith,6,Faure,june_18_g0,0.976758663623158,0.9755135920315418,0.9754098360655737,0.5518867924528302,,7,20,4,8,0,6,10,1,1,5,1,1S,5S,,0,78,False,True,False,True,0
top_ten,svm,occupancy_bin,full,6,unith,6,Faure,june_18_g0,0.976758663623158,0.9755135920315418,0.9754098360655737,0.5518867924528302,,7,20,4,8,0,6,11,1,1,6,1,1S,6S,,0,79,False,True,False,True,0
top_ten,svm,occupancy_bin,full,6,unith,6,Faure,june_18_g0,0.976758663623158,0.9755135920315418,0.9754098360655737,0.5518867924528302,7,7,20,4,8,0,7,0,2,1,1,0,2S,1H,0.8767464552667988,49,58,True,True,True,True,0
top_ten,svm,occupancy_bin,full,6,unith,6,Faure,june_18_g0,0.976758663623158,0.9755135920315418,0.9754098360655737,0.5518867924528302,7,7,20,4,8,0,7,1,2,1,2,0,2S,2H,0.9368534874079046,49,14,True,True,True,True,0
top_ten,svm,occupancy_bin,full,6,unith,6,Faure,june_18_g0,0.976758663623158,0.9755135920315418,0.9754098360655737,0.5518867924528302,7,7,20,4,8,0,7,2,2,1,3,0,2S,3H,0.7901780115788339,49,60,True,True,True,True,0
top_ten,svm,occupancy_bin,full,6,unith,6,Faure,june_18_g0,0.976758663623158,0.9755135920315418,0.9754098360655737,0.5518867924528302,7,,20,4,8,0,7,3,2,1,4,0,2S,4H,,49,0,True,False,True,False,0
top_ten,svm,occupancy_bin,full,6,unith,6,Faure,june_18_g0,0.976758663623158,0.9755135920315418,0.9754098360655737,0.5518867924528302,7,3,20,4,8,0,7,4,2,1,5,0,2S,5H,0.8942095770857617,49,6,True,True,True,False,0
top_ten,svm,occupancy_bin,full,6,unith,6,Faure,june_18_g0,0.976758663623158,0.9755135920315418,0.9754098360655737,0.5518867924528302,7,,20,4,8,0,7,5,2,1,6,0,2S,6H,,49,0,True,False,True,False,0
top_ten,svm,occupancy_bin,full,6,unith,6,Faure,june_18_g0,0.976758663623158,0.9755135920315418,0.9754098360655737,0.5518867924528302,7,,20,4,8,0,7,6,2,1,1,1,2S,1S,,49,0,True,False,True,False,0
top_ten,svm,occupancy_bin,full,6,unith,6,Faure,june_18_g0,0.976758663623158,0.9755135920315418,0.9754098360655737,0.5518867924528302,7,7,20,4,8,0,7,7,2,1,2,1,2S,2S,0.8826049962683401,49,49,True,True,True,True,0
top_ten,svm,occupancy_bin,full,6,unith,6,Faure,june_18_g0,0.976758663623158,0.9755135920315418,0.9754098360655737,0.5518867924528302,7,2,20,4,8,0,7,8,2,1,3,1,2S,3S,0.7771648546510893,49,5,True,True,True,False,0
top_ten,svm,occupancy_bin,full,6,unith,6,Faure,june_18_g0,0.976758663623158,0.9755135920315418,0.9754098360655737,0.5518867924528302,7,7,20,4,8,0,7,9,2,1,4,1,2S,4S,0.9086883071113906,49,68,True,True,True,True,0
top_ten,svm,occupancy_bin,full,6,unith,6,Faure,june_18_g0,0.976758663623158,0.9755135920315418,0.9754098360655737,0.5518867924528302,7,7,20,4,8,0,7,10,2,1,5,1,2S,5S,0.8253844706787505,49,78,True,True,True,True,0
top_ten,svm,occupancy_bin,full,6,unith,6,Faure,june_18_g0,0.976758663623158,0.9755135920315418,0.9754098360655737,0.5518867924528302,7,7,20,4,8,0,7,11,2,1,6,1,2S,6S,0.8556672186214292,49,79,True,True,True,True,0
top_ten,svm,occupancy_bin,full,6,unith,6,Faure,june_18_g0,0.976758663623158,0.9755135920315418,0.9754098360655737,0.5518867924528302,2,7,20,4,8,0,8,0,3,1,1,0,3S,1H,0.7893050141346698,5,58,True,True,False,True,0
top_ten,svm,occupancy_bin,full,6,unith,6,Faure,june_18_g0,0.976758663623158,0.9755135920315418,0.9754098360655737,0.5518867924528302,2,7,20,4,8,0,8,1,3,1,2,0,3S,2H,0.796480729430787,5,14,True,True,False,True,0
top_ten,svm,occupancy_bin,full,6,unith,6,Faure,june_18_g0,0.976758663623158,0.9755135920315418,0.9754098360655737,0.5518867924528302,2,7,20,4,8,0,8,2,3,1,3,0,3S,3H,0.708384727167283,5,60,True,True,False,True,0
top_ten,svm,occupancy_bin,full,6,unith,6,Faure,june_18_g0,0.976758663623158,0.9755135920315418,0.9754098360655737,0.5518867924528302,2,,20,4,8,0,8,3,3,1,4,0,3S,4H,,5,0,True,False,False,False,0
top_ten,svm,occupancy_bin,full,6,unith,6,Faure,june_18_g0,0.976758663623158,0.9755135920315418,0.9754098360655737,0.5518867924528302,2,3,20,4,8,0,8,4,3,1,5,0,3S,5H,0.8138290762836851,5,6,True,True,False,False,0
top_ten,svm,occupancy_bin,full,6,unith,6,Faure,june_18_g0,0.976758663623158,0.9755135920315418,0.9754098360655737,0.5518867924528302,2,,20,4,8,0,8,5,3,1,6,0,3S,6H,,5,0,True,False,False,False,0
top_ten,svm,occupancy_bin,full,6,unith,6,Faure,june_18_g0,0.976758663623158,0.9755135920315418,0.9754098360655737,0.5518867924528302,2,,20,4,8,0,8,6,3,1,1,1,3S,1S,,5,0,True,False,False,False,0
top_ten,svm,occupancy_bin,full,6,unith,6,Faure,june_18_g0,0.976758663623158,0.9755135920315418,0.9754098360655737,0.5518867924528302,2,7,20,4,8,0,8,7,3,1,2,1,3S,2S,0.7771648546510893,5,49,True,True,False,True,0
top_ten,svm,occupancy_bin,full,6,unith,6,Faure,june_18_g0,0.976758663623158,0.9755135920315418,0.9754098360655737,0.5518867924528302,2,2,20,4,8,0,8,8,3,1,3,1,3S,3S,0.6673611122351686,5,5,True,True,False,False,0
top_ten,svm,occupancy_bin,full,6,unith,6,Faure,june_18_g0,0.976758663623158,0.9755135920315418,0.9754098360655737,0.5518867924528302,2,7,20,4,8,0,8,9,3,1,4,1,3S,4S,0.7540854630580064,5,68,True,True,False,True,0
top_ten,svm,occupancy_bin,full,6,unith,6,Faure,june_18_g0,0.976758663623158,0.9755135920315418,0.9754098360655737,0.5518867924528302,2,7,20,4,8,0,8,10,3,1,5,1,3S,5S,0.6941688893224544,5,78,True,True,False,True,0
top_ten,svm,occupancy_bin,full,6,unith,6,Faure,june_18_g0,0.976758663623158,0.9755135920315418,0.9754098360655737,0.5518867924528302,2,7,20,4,8,0,8,11,3,1,6,1,3S,6S,0.7932863318693597,5,79,True,True,False,True,0
top_ten,svm,occupancy_bin,full,6,unith,6,Faure,june_18_g0,0.976758663623158,0.9755135920315418,0.9754098360655737,0.5518867924528302,7,7,20,4,8,0,9,0,4,1,1,0,4S,1H,0.8878985883366883,68,58,True,True,True,True,0
top_ten,svm,occupancy_bin,full,6,unith,6,Faure,june_18_g0,0.976758663623158,0.9755135920315418,0.9754098360655737,0.5518867924528302,7,7,20,4,8,0,9,1,4,1,2,0,4S,2H,0.890755633334711,68,14,True,True,True,True,0
top_ten,svm,occupancy_bin,full,6,unith,6,Faure,june_18_g0,0.976758663623158,0.9755135920315418,0.9754098360655737,0.5518867924528302,7,7,20,4,8,0,9,2,4,1,3,0,4S,3H,0.8137437848940332,68,60,True,True,True,True,0
top_ten,svm,occupancy_bin,full,6,unith,6,Faure,june_18_g0,0.976758663623158,0.9755135920315418,0.9754098360655737,0.5518867924528302,7,,20,4,8,0,9,3,4,1,4,0,4S,4H,,68,0,True,False,True,False,0
top_ten,svm,occupancy_bin,full,6,unith,6,Faure,june_18_g0,0.976758663623158,0.9755135920315418,0.9754098360655737,0.5518867924528302,7,3,20,4,8,0,9,4,4,1,5,0,4S,5H,0.8839773199680101,68,6,True,True,True,False,0
top_ten,svm,occupancy_bin,full,6,unith,6,Faure,june_18_g0,0.976758663623158,0.9755135920315418,0.9754098360655737,0.5518867924528302,7,,20,4,8,0,9,5,4,1,6,0,4S,6H,,68,0,True,False,True,False,0
top_ten,svm,occupancy_bin,full,6,unith,6,Faure,june_18_g0,0.976758663623158,0.9755135920315418,0.9754098360655737,0.5518867924528302,7,,20,4,8,0,9,6,4,1,1,1,4S,1S,,68,0,True,False,True,False,0
top_ten,svm,occupancy_bin,full,6,unith,6,Faure,june_18_g0,0.976758663623158,0.9755135920315418,0.9754098360655737,0.5518867924528302,7,7,20,4,8,0,9,7,4,1,2,1,4S,2S,0.9086883071113906,68,49,True,True,True,True,0
top_ten,svm,occupancy_bin,full,6,unith,6,Faure,june_18_g0,0.976758663623158,0.9755135920315418,0.9754098360655737,0.5518867924528302,7,2,20,4,8,0,9,8,4,1,3,1,4S,3S,0.7540854630580064,68,5,True,True,True,False,0
top_ten,svm,occupancy_bin,full,6,unith,6,Faure,june_18_g0,0.976758663623158,0.9755135920315418,0.9754098360655737,0.5518867924528302,7,7,20,4,8,0,9,9,4,1,4,1,4S,4S,0.8828527071023906,68,68,True,True,True,True,0
top_ten,svm,occupancy_bin,full,6,unith,6,Faure,june_18_g0,0.976758663623158,0.9755135920315418,0.9754098360655737,0.5518867924528302,7,7,20,4,8,0,9,10,4,1,5,1,4S,5S,0.8501773940030379,68,78,True,True,True,True,0
top_ten,svm,occupancy_bin,full,6,unith,6,Faure,june_18_g0,0.976758663623158,0.9755135920315418,0.9754098360655737,0.5518867924528302,7,7,20,4,8,0,9,11,4,1,6,1,4S,6S,0.8573665111525799,68,79,True,True,True,True,0
top_ten,svm,occupancy_bin,full,6,unith,6,Faure,june_18_g0,0.976758663623158,0.9755135920315418,0.9754098360655737,0.5518867924528302,7,7,20,4,8,0,10,0,5,1,1,0,5S,1H,0.8439052719444398,78,58,True,True,True,True,0
top_ten,svm,occupancy_bin,full,6,unith,6,Faure,june_18_g0,0.976758663623158,0.9755135920315418,0.9754098360655737,0.5518867924528302,7,7,20,4,8,0,10,1,5,1,2,0,5S,2H,0.8175470520448791,78,14,True,True,True,True,0
top_ten,svm,occupancy_bin,full,6,unith,6,Faure,june_18_g0,0.976758663623158,0.9755135920315418,0.9754098360655737,0.5518867924528302,7,7,20,4,8,0,10,2,5,1,3,0,5S,3H,0.8062408467279416,78,60,True,True,True,True,0
top_ten,svm,occupancy_bin,full,6,unith,6,Faure,june_18_g0,0.976758663623158,0.9755135920315418,0.9754098360655737,0.5518867924528302,7,,20,4,8,0,10,3,5,1,4,0,5S,4H,,78,0,True,False,True,False,0
top_ten,svm,occupancy_bin,full,6,unith,6,Faure,june_18_g0,0.976758663623158,0.9755135920315418,0.9754098360655737,0.5518867924528302,7,3,20,4,8,0,10,4,5,1,5,0,5S,5H,0.834217036745722,78,6,True,True,True,False,0
top_ten,svm,occupancy_bin,full,6,unith,6,Faure,june_18_g0,0.976758663623158,0.9755135920315418,0.9754098360655737,0.5518867924528302,7,,20,4,8,0,10,5,5,1,6,0,5S,6H,,78,0,True,False,True,False,0
top_ten,svm,occupancy_bin,full,6,unith,6,Faure,june_18_g0,0.976758663623158,0.9755135920315418,0.9754098360655737,0.5518867924528302,7,,20,4,8,0,10,6,5,1,1,1,5S,1S,,78,0,True,False,True,False,0
top_ten,svm,occupancy_bin,full,6,unith,6,Faure,june_18_g0,0.976758663623158,0.9755135920315418,0.9754098360655737,0.5518867924528302,7,7,20,4,8,0,10,7,5,1,2,1,5S,2S,0.8253844706787505,78,49,True,True,True,True,0
top_ten,svm,occupancy_bin,full,6,unith,6,Faure,june_18_g0,0.976758663623158,0.9755135920315418,0.9754098360655737,0.5518867924528302,7,2,20,4,8,0,10,8,5,1,3,1,5S,3S,0.6941688893224544,78,5,True,True,True,False,0
top_ten,svm,occupancy_bin,full,6,unith,6,Faure,june_18_g0,0.976758663623158,0.9755135920315418,0.9754098360655737,0.5518867924528302,7,7,20,4,8,0,10,9,5,1,4,1,5S,4S,0.8501773940030379,78,68,True,True,True,True,0
top_ten,svm,occupancy_bin,full,6,unith,6,Faure,june_18_g0,0.976758663623158,0.9755135920315418,0.9754098360655737,0.5518867924528302,7,7,20,4,8,0,10,10,5,1,5,1,5S,5S,0.8444404034902506,78,78,True,True,True,True,0
top_ten,svm,occupancy_bin,full,6,unith,6,Faure,june_18_g0,0.976758663623158,0.9755135920315418,0.9754098360655737,0.5518867924528302,7,7,20,4,8,0,10,11,5,1,6,1,5S,6S,0.8519767600170722,78,79,True,True,True,True,0
top_ten,svm,occupancy_bin,full,6,unith,6,Faure,june_18_g0,0.976758663623158,0.9755135920315418,0.9754098360655737,0.5518867924528302,7,7,20,4,8,0,11,0,6,1,1,0,6S,1H,0.8424537630457914,79,58,True,True,True,True,0
top_ten,svm,occupancy_bin,full,6,unith,6,Faure,june_18_g0,0.976758663623158,0.9755135920315418,0.9754098360655737,0.5518867924528302,7,7,20,4,8,0,11,1,6,1,2,0,6S,2H,0.829412037303522,79,14,True,True,True,True,0
top_ten,svm,occupancy_bin,full,6,unith,6,Faure,june_18_g0,0.976758663623158,0.9755135920315418,0.9754098360655737,0.5518867924528302,7,7,20,4,8,0,11,2,6,1,3,0,6S,3H,0.7527414640829683,79,60,True,True,True,True,0
top_ten,svm,occupancy_bin,full,6,unith,6,Faure,june_18_g0,0.976758663623158,0.9755135920315418,0.9754098360655737,0.5518867924528302,7,,20,4,8,0,11,3,6,1,4,0,6S,4H,,79,0,True,False,True,False,0
top_ten,svm,occupancy_bin,full,6,unith,6,Faure,june_18_g0,0.976758663623158,0.9755135920315418,0.9754098360655737,0.5518867924528302,7,3,20,4,8,0,11,4,6,1,5,0,6S,5H,0.8277631506330287,79,6,True,True,True,False,0
top_ten,svm,occupancy_bin,full,6,unith,6,Faure,june_18_g0,0.976758663623158,0.9755135920315418,0.9754098360655737,0.5518867924528302,7,,20,4,8,0,11,5,6,1,6,0,6S,6H,,79,0,True,False,True,False,0
top_ten,svm,occupancy_bin,full,6,unith,6,Faure,june_18_g0,0.976758663623158,0.9755135920315418,0.9754098360655737,0.5518867924528302,7,,20,4,8,0,11,6,6,1,1,1,6S,1S,,79,0,True,False,True,False,0
top_ten,svm,occupancy_bin,full,6,unith,6,Faure,june_18_g0,0.976758663623158,0.9755135920315418,0.9754098360655737,0.5518867924528302,7,7,20,4,8,0,11,7,6,1,2,1,6S,2S,0.8556672186214292,79,49,True,True,True,True,0
top_ten,svm,occupancy_bin,full,6,unith,6,Faure,june_18_g0,0.976758663623158,0.9755135920315418,0.9754098360655737,0.5518867924528302,7,2,20,4,8,0,11,8,6,1,3,1,6S,3S,0.7932863318693597,79,5,True,True,True,False,0
top_ten,svm,occupancy_bin,full,6,unith,6,Faure,june_18_g0,0.976758663623158,0.9755135920315418,0.9754098360655737,0.5518867924528302,7,7,20,4,8,0,11,9,6,1,4,1,6S,4S,0.8573665111525799,79,68,True,True,True,True,0
top_ten,svm,occupancy_bin,full,6,unith,6,Faure,june_18_g0,0.976758663623158,0.9755135920315418,0.9754098360655737,0.5518867924528302,7,7,20,4,8,0,11,10,6,1,5,1,6S,5S,0.8519767600170722,79,78,True,True,True,True,0
top_ten,svm,occupancy_bin,full,6,unith,6,Faure,june_18_g0,0.976758663623158,0.9755135920315418,0.9754098360655737,0.5518867924528302,7,7,20,4,8,0,11,11,6,1,6,1,6S,6S,0.818612196712458,79,79,True,True,True,True,0
top_ten,svm,occupancy_bin,full,6,unith,6,Faure,june_22_g0,0.97123745819398,0.9765886287625418,0.907190635451505,0.922077922077922,4,4,20,4,8,0,0,0,1,0,1,0,1H,1H,0.8709365728490532,40,40,True,True,True,True,0
top_ten,svm,occupancy_bin,full,6,unith,6,Faure,june_22_g0,0.97123745819398,0.9765886287625418,0.907190635451505,0.922077922077922,4,4,20,4,8,0,0,1,1,0,2,0,1H,2H,0.8718440674661897,40,41,True,True,True,True,0
top_ten,svm,occupancy_bin,full,6,unith,6,Faure,june_22_g0,0.97123745819398,0.9765886287625418,0.907190635451505,0.922077922077922,4,4,20,4,8,0,0,2,1,0,3,0,1H,3H,0.8430183529539876,40,46,True,True,True,True,0
top_ten,svm,occupancy_bin,full,6,unith,6,Faure,june_22_g0,0.97123745819398,0.9765886287625418,0.907190635451505,0.922077922077922,4,,20,4,8,0,0,3,1,0,4,0,1H,4H,,40,0,True,False,True,False,0
top_ten,svm,occupancy_bin,full,6,unith,6,Faure,june_22_g0,0.97123745819398,0.9765886287625418,0.907190635451505,0.922077922077922,4,4,20,4,8,0,0,4,1,0,5,0,1H,5H,0.6889066088473649,40,16,True,True,True,True,0
top_ten,svm,occupancy_bin,full,6,unith,6,Faure,june_22_g0,0.97123745819398,0.9765886287625418,0.907190635451505,0.922077922077922,4,,20,4,8,0,0,5,1,0,6,0,1H,6H,,40,0,True,False,True,False,0
top_ten,svm,occupancy_bin,full,6,unith,6,Faure,june_22_g0,0.97123745819398,0.9765886287625418,0.907190635451505,0.922077922077922,4,,20,4,8,0,0,6,1,0,1,1,1H,1S,,40,0,True,False,True,False,0
top_ten,svm,occupancy_bin,full,6,unith,6,Faure,june_22_g0,0.97123745819398,0.9765886287625418,0.907190635451505,0.922077922077922,4,4,20,4,8,0,0,7,1,0,2,1,1H,2S,0.8202292475480245,40,8,True,True,True,True,0
top_ten,svm,occupancy_bin,full,6,unith,6,Faure,june_22_g0,0.97123745819398,0.9765886287625418,0.907190635451505,0.922077922077922,4,3,20,4,8,0,0,8,1,0,3,1,1H,3S,0.7900163841696274,40,7,True,True,True,False,0
top_ten,svm,occupancy_bin,full,6,unith,6,Faure,june_22_g0,0.97123745819398,0.9765886287625418,0.907190635451505,0.922077922077922,4,4,20,4,8,0,0,9,1,0,4,1,1H,4S,0.8441383323901368,40,41,True,True,True,True,0
top_ten,svm,occupancy_bin,full,6,unith,6,Faure,june_22_g0,0.97123745819398,0.9765886287625418,0.907190635451505,0.922077922077922,4,4,20,4,8,0,0,10,1,0,5,1,1H,5S,0.6818367742760059,40,36,True,True,True,True,0
top_ten,svm,occupancy_bin,full,6,unith,6,Faure,june_22_g0,0.97123745819398,0.9765886287625418,0.907190635451505,0.922077922077922,4,4,20,4,8,0,0,11,1,0,6,1,1H,6S,0.7930058919071654,40,60,True,True,True,True,0
top_ten,svm,occupancy_bin,full,6,unith,6,Faure,june_22_g0,0.97123745819398,0.9765886287625418,0.907190635451505,0.922077922077922,4,4,20,4,8,0,1,0,2,0,1,0,2H,1H,0.8718440674661897,41,40,True,True,True,True,0
top_ten,svm,occupancy_bin,full,6,unith,6,Faure,june_22_g0,0.97123745819398,0.9765886287625418,0.907190635451505,0.922077922077922,4,4,20,4,8,0,1,1,2,0,2,0,2H,2H,0.8531829491155873,41,41,True,True,True,True,0
top_ten,svm,occupancy_bin,full,6,unith,6,Faure,june_22_g0,0.97123745819398,0.9765886287625418,0.907190635451505,0.922077922077922,4,4,20,4,8,0,1,2,2,0,3,0,2H,3H,0.8361400697285044,41,46,True,True,True,True,0
top_ten,svm,occupancy_bin,full,6,unith,6,Faure,june_22_g0,0.97123745819398,0.9765886287625418,0.907190635451505,0.922077922077922,4,,20,4,8,0,1,3,2,0,4,0,2H,4H,,41,0,True,False,True,False,0
top_ten,svm,occupancy_bin,full,6,unith,6,Faure,june_22_g0,0.97123745819398,0.9765886287625418,0.907190635451505,0.922077922077922,4,4,20,4,8,0,1,4,2,0,5,0,2H,5H,0.6716043811770445,41,16,True,True,True,True,0
top_ten,svm,occupancy_bin,full,6,unith,6,Faure,june_22_g0,0.97123745819398,0.9765886287625418,0.907190635451505,0.922077922077922,4,,20,4,8,0,1,5,2,0,6,0,2H,6H,,41,0,True,False,True,False,0
top_ten,svm,occupancy_bin,full,6,unith,6,Faure,june_22_g0,0.97123745819398,0.9765886287625418,0.907190635451505,0.922077922077922,4,,20,4,8,0,1,6,2,0,1,1,2H,1S,,41,0,True,False,True,False,0
top_ten,svm,occupancy_bin,full,6,unith,6,Faure,june_22_g0,0.97123745819398,0.9765886287625418,0.907190635451505,0.922077922077922,4,4,20,4,8,0,1,7,2,0,2,1,2H,2S,0.8215340693753419,41,8,True,True,True,True,0
top_ten,svm,occupancy_bin,full,6,unith,6,Faure,june_22_g0,0.97123745819398,0.9765886287625418,0.907190635451505,0.922077922077922,4,3,20,4,8,0,1,8,2,0,3,1,2H,3S,0.7840500906737464,41,7,True,True,True,False,0
top_ten,svm,occupancy_bin,full,6,unith,6,Faure,june_22_g0,0.97123745819398,0.9765886287625418,0.907190635451505,0.922077922077922,4,4,20,4,8,0,1,9,2,0,4,1,2H,4S,0.8075346195990736,41,41,True,True,True,True,0
top_ten,svm,occupancy_bin,full,6,unith,6,Faure,june_22_g0,0.97123745819398,0.9765886287625418,0.907190635451505,0.922077922077922,4,4,20,4,8,0,1,10,2,0,5,1,2H,5S,0.7102909874140756,41,36,True,True,True,True,0
top_ten,svm,occupancy_bin,full,6,unith,6,Faure,june_22_g0,0.97123745819398,0.9765886287625418,0.907190635451505,0.922077922077922,4,4,20,4,8,0,1,11,2,0,6,1,2H,6S,0.8089881020359941,41,60,True,True,True,True,0
top_ten,svm,occupancy_bin,full,6,unith,6,Faure,june_22_g0,0.97123745819398,0.9765886287625418,0.907190635451505,0.922077922077922,4,4,20,4,8,0,2,0,3,0,1,0,3H,1H,0.8430183529539876,46,40,True,True,True,True,0
top_ten,svm,occupancy_bin,full,6,unith,6,Faure,june_22_g0,0.97123745819398,0.9765886287625418,0.907190635451505,0.922077922077922,4,4,20,4,8,0,2,1,3,0,2,0,3H,2H,0.8361400697285044,46,41,True,True,True,True,0
top_ten,svm,occupancy_bin,full,6,unith,6,Faure,june_22_g0,0.97123745819398,0.9765886287625418,0.907190635451505,0.922077922077922,4,4,20,4,8,0,2,2,3,0,3,0,3H,3H,0.807093100827186,46,46,True,True,True,True,0
top_ten,svm,occupancy_bin,full,6,unith,6,Faure,june_22_g0,0.97123745819398,0.9765886287625418,0.907190635451505,0.922077922077922,4,,20,4,8,0,2,3,3,0,4,0,3H,4H,,46,0,True,False,True,False,0
top_ten,svm,occupancy_bin,full,6,unith,6,Faure,june_22_g0,0.97123745819398,0.9765886287625418,0.907190635451505,0.922077922077922,4,4,20,4,8,0,2,4,3,0,5,0,3H,5H,0.7232642437676942,46,16,True,True,True,True,0
top_ten,svm,occupancy_bin,full,6,unith,6,Faure,june_22_g0,0.97123745819398,0.9765886287625418,0.907190635451505,0.922077922077922,4,,20,4,8,0,2,5,3,0,6,0,3H,6H,,46,0,True,False,True,False,0
top_ten,svm,occupancy_bin,full,6,unith,6,Faure,june_22_g0,0.97123745819398,0.9765886287625418,0.907190635451505,0.922077922077922,4,,20,4,8,0,2,6,3,0,1,1,3H,1S,,46,0,True,False,True,False,0
top_ten,svm,occupancy_bin,full,6,unith,6,Faure,june_22_g0,0.97123745819398,0.9765886287625418,0.907190635451505,0.922077922077922,4,4,20,4,8,0,2,7,3,0,2,1,3H,2S,0.8282744147636159,46,8,True,True,True,True,0
top_ten,svm,occupancy_bin,full,6,unith,6,Faure,june_22_g0,0.97123745819398,0.9765886287625418,0.907190635451505,0.922077922077922,4,3,20,4,8,0,2,8,3,0,3,1,3H,3S,0.7394104423088322,46,7,True,True,True,False,0
top_ten,svm,occupancy_bin,full,6,unith,6,Faure,june_22_g0,0.97123745819398,0.9765886287625418,0.907190635451505,0.922077922077922,4,4,20,4,8,0,2,9,3,0,4,1,3H,4S,0.8020972525825565,46,41,True,True,True,True,0
top_ten,svm,occupancy_bin,full,6,unith,6,Faure,june_22_g0,0.97123745819398,0.9765886287625418,0.907190635451505,0.922077922077922,4,4,20,4,8,0,2,10,3,0,5,1,3H,5S,0.7617598356652521,46,36,True,True,True,True,0
top_ten,svm,occupancy_bin,full,6,unith,6,Faure,june_22_g0,0.97123745819398,0.9765886287625418,0.907190635451505,0.922077922077922,4,4,20,4,8,0,2,11,3,0,6,1,3H,6S,0.8127602665461009,46,60,True,True,True,True,0
top_ten,svm,occupancy_bin,full,6,unith,6,Faure,june_22_g0,0.97123745819398,0.9765886287625418,0.907190635451505,0.922077922077922,,4,20,4,8,0,3,0,4,0,1,0,4H,1H,,0,40,False,True,False,True,0
top_ten,svm,occupancy_bin,full,6,unith,6,Faure,june_22_g0,0.97123745819398,0.9765886287625418,0.907190635451505,0.922077922077922,,4,20,4,8,0,3,1,4,0,2,0,4H,2H,,0,41,False,True,False,True,0
top_ten,svm,occupancy_bin,full,6,unith,6,Faure,june_22_g0,0.97123745819398,0.9765886287625418,0.907190635451505,0.922077922077922,,4,20,4,8,0,3,2,4,0,3,0,4H,3H,,0,46,False,True,False,True,0
top_ten,svm,occupancy_bin,full,6,unith,6,Faure,june_22_g0,0.97123745819398,0.9765886287625418,0.907190635451505,0.922077922077922,,,20,4,8,0,3,3,4,0,4,0,4H,4H,,0,0,False,False,False,False,0
top_ten,svm,occupancy_bin,full,6,unith,6,Faure,june_22_g0,0.97123745819398,0.9765886287625418,0.907190635451505,0.922077922077922,,4,20,4,8,0,3,4,4,0,5,0,4H,5H,,0,16,False,True,False,True,0
top_ten,svm,occupancy_bin,full,6,unith,6,Faure,june_22_g0,0.97123745819398,0.9765886287625418,0.907190635451505,0.922077922077922,,,20,4,8,0,3,5,4,0,6,0,4H,6H,,0,0,False,False,False,False,0
top_ten,svm,occupancy_bin,full,6,unith,6,Faure,june_22_g0,0.97123745819398,0.9765886287625418,0.907190635451505,0.922077922077922,,,20,4,8,0,3,6,4,0,1,1,4H,1S,,0,0,False,False,False,False,0
top_ten,svm,occupancy_bin,full,6,unith,6,Faure,june_22_g0,0.97123745819398,0.9765886287625418,0.907190635451505,0.922077922077922,,4,20,4,8,0,3,7,4,0,2,1,4H,2S,,0,8,False,True,False,True,0
top_ten,svm,occupancy_bin,full,6,unith,6,Faure,june_22_g0,0.97123745819398,0.9765886287625418,0.907190635451505,0.922077922077922,,3,20,4,8,0,3,8,4,0,3,1,4H,3S,,0,7,False,True,False,False,0
top_ten,svm,occupancy_bin,full,6,unith,6,Faure,june_22_g0,0.97123745819398,0.9765886287625418,0.907190635451505,0.922077922077922,,4,20,4,8,0,3,9,4,0,4,1,4H,4S,,0,41,False,True,False,True,0
top_ten,svm,occupancy_bin,full,6,unith,6,Faure,june_22_g0,0.97123745819398,0.9765886287625418,0.907190635451505,0.922077922077922,,4,20,4,8,0,3,10,4,0,5,1,4H,5S,,0,36,False,True,False,True,0
top_ten,svm,occupancy_bin,full,6,unith,6,Faure,june_22_g0,0.97123745819398,0.9765886287625418,0.907190635451505,0.922077922077922,,4,20,4,8,0,3,11,4,0,6,1,4H,6S,,0,60,False,True,False,True,0
top_ten,svm,occupancy_bin,full,6,unith,6,Faure,june_22_g0,0.97123745819398,0.9765886287625418,0.907190635451505,0.922077922077922,4,4,20,4,8,0,4,0,5,0,1,0,5H,1H,0.6889066088473649,16,40,True,True,True,True,0
top_ten,svm,occupancy_bin,full,6,unith,6,Faure,june_22_g0,0.97123745819398,0.9765886287625418,0.907190635451505,0.922077922077922,4,4,20,4,8,0,4,1,5,0,2,0,5H,2H,0.6716043811770445,16,41,True,True,True,True,0
top_ten,svm,occupancy_bin,full,6,unith,6,Faure,june_22_g0,0.97123745819398,0.9765886287625418,0.907190635451505,0.922077922077922,4,4,20,4,8,0,4,2,5,0,3,0,5H,3H,0.7232642437676942,16,46,True,True,True,True,0
top_ten,svm,occupancy_bin,full,6,unith,6,Faure,june_22_g0,0.97123745819398,0.9765886287625418,0.907190635451505,0.922077922077922,4,,20,4,8,0,4,3,5,0,4,0,5H,4H,,16,0,True,False,True,False,0
top_ten,svm,occupancy_bin,full,6,unith,6,Faure,june_22_g0,0.97123745819398,0.9765886287625418,0.907190635451505,0.922077922077922,4,4,20,4,8,0,4,4,5,0,5,0,5H,5H,0.683867678046665,16,16,True,True,True,True,0
top_ten,svm,occupancy_bin,full,6,unith,6,Faure,june_22_g0,0.97123745819398,0.9765886287625418,0.907190635451505,0.922077922077922,4,,20,4,8,0,4,5,5,0,6,0,5H,6H,,16,0,True,False,True,False,0
top_ten,svm,occupancy_bin,full,6,unith,6,Faure,june_22_g0,0.97123745819398,0.9765886287625418,0.907190635451505,0.922077922077922,4,,20,4,8,0,4,6,5,0,1,1,5H,1S,,16,0,True,False,True,False,0
top_ten,svm,occupancy_bin,full,6,unith,6,Faure,june_22_g0,0.97123745819398,0.9765886287625418,0.907190635451505,0.922077922077922,4,4,20,4,8,0,4,7,5,0,2,1,5H,2S,0.685635065445715,16,8,True,True,True,True,0
top_ten,svm,occupancy_bin,full,6,unith,6,Faure,june_22_g0,0.97123745819398,0.9765886287625418,0.907190635451505,0.922077922077922,4,3,20,4,8,0,4,8,5,0,3,1,5H,3S,0.670434763825473,16,7,True,True,True,False,0
top_ten,svm,occupancy_bin,full,6,unith,6,Faure,june_22_g0,0.97123745819398,0.9765886287625418,0.907190635451505,0.922077922077922,4,4,20,4,8,0,4,9,5,0,4,1,5H,4S,0.6813022841614188,16,41,True,True,True,True,0
top_ten,svm,occupancy_bin,full,6,unith,6,Faure,june_22_g0,0.97123745819398,0.9765886287625418,0.907190635451505,0.922077922077922,4,4,20,4,8,0,4,10,5,0,5,1,5H,5S,0.7805389979960385,16,36,True,True,True,True,0
top_ten,svm,occupancy_bin,full,6,unith,6,Faure,june_22_g0,0.97123745819398,0.9765886287625418,0.907190635451505,0.922077922077922,4,4,20,4,8,0,4,11,5,0,6,1,5H,6S,0.7414609315878693,16,60,True,True,True,True,0
top_ten,svm,occupancy_bin,full,6,unith,6,Faure,june_22_g0,0.97123745819398,0.9765886287625418,0.907190635451505,0.922077922077922,,4,20,4,8,0,5,0,6,0,1,0,6H,1H,,0,40,False,True,False,True,0
top_ten,svm,occupancy_bin,full,6,unith,6,Faure,june_22_g0,0.97123745819398,0.9765886287625418,0.907190635451505,0.922077922077922,,4,20,4,8,0,5,1,6,0,2,0,6H,2H,,0,41,False,True,False,True,0
top_ten,svm,occupancy_bin,full,6,unith,6,Faure,june_22_g0,0.97123745819398,0.9765886287625418,0.907190635451505,0.922077922077922,,4,20,4,8,0,5,2,6,0,3,0,6H,3H,,0,46,False,True,False,True,0
top_ten,svm,occupancy_bin,full,6,unith,6,Faure,june_22_g0,0.97123745819398,0.9765886287625418,0.907190635451505,0.922077922077922,,,20,4,8,0,5,3,6,0,4,0,6H,4H,,0,0,False,False,False,False,0
top_ten,svm,occupancy_bin,full,6,unith,6,Faure,june_22_g0,0.97123745819398,0.9765886287625418,0.907190635451505,0.922077922077922,,4,20,4,8,0,5,4,6,0,5,0,6H,5H,,0,16,False,True,False,True,0
top_ten,svm,occupancy_bin,full,6,unith,6,Faure,june_22_g0,0.97123745819398,0.9765886287625418,0.907190635451505,0.922077922077922,,,20,4,8,0,5,5,6,0,6,0,6H,6H,,0,0,False,False,False,False,0
top_ten,svm,occupancy_bin,full,6,unith,6,Faure,june_22_g0,0.97123745819398,0.9765886287625418,0.907190635451505,0.922077922077922,,,20,4,8,0,5,6,6,0,1,1,6H,1S,,0,0,False,False,False,False,0
top_ten,svm,occupancy_bin,full,6,unith,6,Faure,june_22_g0,0.97123745819398,0.9765886287625418,0.907190635451505,0.922077922077922,,4,20,4,8,0,5,7,6,0,2,1,6H,2S,,0,8,False,True,False,True,0
top_ten,svm,occupancy_bin,full,6,unith,6,Faure,june_22_g0,0.97123745819398,0.9765886287625418,0.907190635451505,0.922077922077922,,3,20,4,8,0,5,8,6,0,3,1,6H,3S,,0,7,False,True,False,False,0
top_ten,svm,occupancy_bin,full,6,unith,6,Faure,june_22_g0,0.97123745819398,0.9765886287625418,0.907190635451505,0.922077922077922,,4,20,4,8,0,5,9,6,0,4,1,6H,4S,,0,41,False,True,False,True,0
top_ten,svm,occupancy_bin,full,6,unith,6,Faure,june_22_g0,0.97123745819398,0.9765886287625418,0.907190635451505,0.922077922077922,,4,20,4,8,0,5,10,6,0,5,1,6H,5S,,0,36,False,True,False,True,0
top_ten,svm,occupancy_bin,full,6,unith,6,Faure,june_22_g0,0.97123745819398,0.9765886287625418,0.907190635451505,0.922077922077922,,4,20,4,8,0,5,11,6,0,6,1,6H,6S,,0,60,False,True,False,True,0
top_ten,svm,occupancy_bin,full,6,unith,6,Faure,june_22_g0,0.97123745819398,0.9765886287625418,0.907190635451505,0.922077922077922,,4,20,4,8,0,6,0,1,1,1,0,1S,1H,,0,40,False,True,False,True,0
top_ten,svm,occupancy_bin,full,6,unith,6,Faure,june_22_g0,0.97123745819398,0.9765886287625418,0.907190635451505,0.922077922077922,,4,20,4,8,0,6,1,1,1,2,0,1S,2H,,0,41,False,True,False,True,0
top_ten,svm,occupancy_bin,full,6,unith,6,Faure,june_22_g0,0.97123745819398,0.9765886287625418,0.907190635451505,0.922077922077922,,4,20,4,8,0,6,2,1,1,3,0,1S,3H,,0,46,False,True,False,True,0
top_ten,svm,occupancy_bin,full,6,unith,6,Faure,june_22_g0,0.97123745819398,0.9765886287625418,0.907190635451505,0.922077922077922,,,20,4,8,0,6,3,1,1,4,0,1S,4H,,0,0,False,False,False,False,0
top_ten,svm,occupancy_bin,full,6,unith,6,Faure,june_22_g0,0.97123745819398,0.9765886287625418,0.907190635451505,0.922077922077922,,4,20,4,8,0,6,4,1,1,5,0,1S,5H,,0,16,False,True,False,True,0
top_ten,svm,occupancy_bin,full,6,unith,6,Faure,june_22_g0,0.97123745819398,0.9765886287625418,0.907190635451505,0.922077922077922,,,20,4,8,0,6,5,1,1,6,0,1S,6H,,0,0,False,False,False,False,0
top_ten,svm,occupancy_bin,full,6,unith,6,Faure,june_22_g0,0.97123745819398,0.9765886287625418,0.907190635451505,0.922077922077922,,,20,4,8,0,6,6,1,1,1,1,1S,1S,,0,0,False,False,False,False,0
top_ten,svm,occupancy_bin,full,6,unith,6,Faure,june_22_g0,0.97123745819398,0.9765886287625418,0.907190635451505,0.922077922077922,,4,20,4,8,0,6,7,1,1,2,1,1S,2S,,0,8,False,True,False,True,0
top_ten,svm,occupancy_bin,full,6,unith,6,Faure,june_22_g0,0.97123745819398,0.9765886287625418,0.907190635451505,0.922077922077922,,3,20,4,8,0,6,8,1,1,3,1,1S,3S,,0,7,False,True,False,False,0
top_ten,svm,occupancy_bin,full,6,unith,6,Faure,june_22_g0,0.97123745819398,0.9765886287625418,0.907190635451505,0.922077922077922,,4,20,4,8,0,6,9,1,1,4,1,1S,4S,,0,41,False,True,False,True,0
top_ten,svm,occupancy_bin,full,6,unith,6,Faure,june_22_g0,0.97123745819398,0.9765886287625418,0.907190635451505,0.922077922077922,,4,20,4,8,0,6,10,1,1,5,1,1S,5S,,0,36,False,True,False,True,0
top_ten,svm,occupancy_bin,full,6,unith,6,Faure,june_22_g0,0.97123745819398,0.9765886287625418,0.907190635451505,0.922077922077922,,4,20,4,8,0,6,11,1,1,6,1,1S,6S,,0,60,False,True,False,True,0
top_ten,svm,occupancy_bin,full,6,unith,6,Faure,june_22_g0,0.97123745819398,0.9765886287625418,0.907190635451505,0.922077922077922,4,4,20,4,8,0,7,0,2,1,1,0,2S,1H,0.8202292475480245,8,40,True,True,True,True,0
top_ten,svm,occupancy_bin,full,6,unith,6,Faure,june_22_g0,0.97123745819398,0.9765886287625418,0.907190635451505,0.922077922077922,4,4,20,4,8,0,7,1,2,1,2,0,2S,2H,0.8215340693753419,8,41,True,True,True,True,0
top_ten,svm,occupancy_bin,full,6,unith,6,Faure,june_22_g0,0.97123745819398,0.9765886287625418,0.907190635451505,0.922077922077922,4,4,20,4,8,0,7,2,2,1,3,0,2S,3H,0.8282744147636159,8,46,True,True,True,True,0
top_ten,svm,occupancy_bin,full,6,unith,6,Faure,june_22_g0,0.97123745819398,0.9765886287625418,0.907190635451505,0.922077922077922,4,,20,4,8,0,7,3,2,1,4,0,2S,4H,,8,0,True,False,True,False,0
top_ten,svm,occupancy_bin,full,6,unith,6,Faure,june_22_g0,0.97123745819398,0.9765886287625418,0.907190635451505,0.922077922077922,4,4,20,4,8,0,7,4,2,1,5,0,2S,5H,0.685635065445715,8,16,True,True,True,True,0
top_ten,svm,occupancy_bin,full,6,unith,6,Faure,june_22_g0,0.97123745819398,0.9765886287625418,0.907190635451505,0.922077922077922,4,,20,4,8,0,7,5,2,1,6,0,2S,6H,,8,0,True,False,True,False,0
top_ten,svm,occupancy_bin,full,6,unith,6,Faure,june_22_g0,0.97123745819398,0.9765886287625418,0.907190635451505,0.922077922077922,4,,20,4,8,0,7,6,2,1,1,1,2S,1S,,8,0,True,False,True,False,0
top_ten,svm,occupancy_bin,full,6,unith,6,Faure,june_22_g0,0.97123745819398,0.9765886287625418,0.907190635451505,0.922077922077922,4,4,20,4,8,0,7,7,2,1,2,1,2S,2S,0.7999687182494722,8,8,True,True,True,True,0
top_ten,svm,occupancy_bin,full,6,unith,6,Faure,june_22_g0,0.97123745819398,0.9765886287625418,0.907190635451505,0.922077922077922,4,3,20,4,8,0,7,8,2,1,3,1,2S,3S,0.7196763196393245,8,7,True,True,True,False,0
top_ten,svm,occupancy_bin,full,6,unith,6,Faure,june_22_g0,0.97123745819398,0.9765886287625418,0.907190635451505,0.922077922077922,4,4,20,4,8,0,7,9,2,1,4,1,2S,4S,0.7900876993669315,8,41,True,True,True,True,0
top_ten,svm,occupancy_bin,full,6,unith,6,Faure,june_22_g0,0.97123745819398,0.9765886287625418,0.907190635451505,0.922077922077922,4,4,20,4,8,0,7,10,2,1,5,1,2S,5S,0.6960185500767889,8,36,True,True,True,True,0
top_ten,svm,occupancy_bin,full,6,unith,6,Faure,june_22_g0,0.97123745819398,0.9765886287625418,0.907190635451505,0.922077922077922,4,4,20,4,8,0,7,11,2,1,6,1,2S,6S,0.8042190045800528,8,60,True,True,True,True,0
top_ten,svm,occupancy_bin,full,6,unith,6,Faure,june_22_g0,0.97123745819398,0.9765886287625418,0.907190635451505,0.922077922077922,3,4,20,4,8,0,8,0,3,1,1,0,3S,1H,0.7900163841696274,7,40,True,True,False,True,0
top_ten,svm,occupancy_bin,full,6,unith,6,Faure,june_22_g0,0.97123745819398,0.9765886287625418,0.907190635451505,0.922077922077922,3,4,20,4,8,0,8,1,3,1,2,0,3S,2H,0.7840500906737464,7,41,True,True,False,True,0
top_ten,svm,occupancy_bin,full,6,unith,6,Faure,june_22_g0,0.97123745819398,0.9765886287625418,0.907190635451505,0.922077922077922,3,4,20,4,8,0,8,2,3,1,3,0,3S,3H,0.7394104423088322,7,46,True,True,False,True,0
top_ten,svm,occupancy_bin,full,6,unith,6,Faure,june_22_g0,0.97123745819398,0.9765886287625418,0.907190635451505,0.922077922077922,3,,20,4,8,0,8,3,3,1,4,0,3S,4H,,7,0,True,False,False,False,0
top_ten,svm,occupancy_bin,full,6,unith,6,Faure,june_22_g0,0.97123745819398,0.9765886287625418,0.907190635451505,0.922077922077922,3,4,20,4,8,0,8,4,3,1,5,0,3S,5H,0.670434763825473,7,16,True,True,False,True,0
top_ten,svm,occupancy_bin,full,6,unith,6,Faure,june_22_g0,0.97123745819398,0.9765886287625418,0.907190635451505,0.922077922077922,3,,20,4,8,0,8,5,3,1,6,0,3S,6H,,7,0,True,False,False,False,0
top_ten,svm,occupancy_bin,full,6,unith,6,Faure,june_22_g0,0.97123745819398,0.9765886287625418,0.907190635451505,0.922077922077922,3,,20,4,8,0,8,6,3,1,1,1,3S,1S,,7,0,True,False,False,False,0
top_ten,svm,occupancy_bin,full,6,unith,6,Faure,june_22_g0,0.97123745819398,0.9765886287625418,0.907190635451505,0.922077922077922,3,4,20,4,8,0,8,7,3,1,2,1,3S,2S,0.7196763196393245,7,8,True,True,False,True,0
top_ten,svm,occupancy_bin,full,6,unith,6,Faure,june_22_g0,0.97123745819398,0.9765886287625418,0.907190635451505,0.922077922077922,3,3,20,4,8,0,8,8,3,1,3,1,3S,3S,0.7388459208304213,7,7,True,True,False,False,0
top_ten,svm,occupancy_bin,full,6,unith,6,Faure,june_22_g0,0.97123745819398,0.9765886287625418,0.907190635451505,0.922077922077922,3,4,20,4,8,0,8,9,3,1,4,1,3S,4S,0.750296505824984,7,41,True,True,False,True,0
top_ten,svm,occupancy_bin,full,6,unith,6,Faure,june_22_g0,0.97123745819398,0.9765886287625418,0.907190635451505,0.922077922077922,3,4,20,4,8,0,8,10,3,1,5,1,3S,5S,0.6994631561991588,7,36,True,True,False,True,0
top_ten,svm,occupancy_bin,full,6,unith,6,Faure,june_22_g0,0.97123745819398,0.9765886287625418,0.907190635451505,0.922077922077922,3,4,20,4,8,0,8,11,3,1,6,1,3S,6S,0.7684411316169293,7,60,True,True,False,True,0
top_ten,svm,occupancy_bin,full,6,unith,6,Faure,june_22_g0,0.97123745819398,0.9765886287625418,0.907190635451505,0.922077922077922,4,4,20,4,8,0,9,0,4,1,1,0,4S,1H,0.8441383323901368,41,40,True,True,True,True,0
top_ten,svm,occupancy_bin,full,6,unith,6,Faure,june_22_g0,0.97123745819398,0.9765886287625418,0.907190635451505,0.922077922077922,4,4,20,4,8,0,9,1,4,1,2,0,4S,2H,0.8075346195990736,41,41,True,True,True,True,0
top_ten,svm,occupancy_bin,full,6,unith,6,Faure,june_22_g0,0.97123745819398,0.9765886287625418,0.907190635451505,0.922077922077922,4,4,20,4,8,0,9,2,4,1,3,0,4S,3H,0.8020972525825565,41,46,True,True,True,True,0
top_ten,svm,occupancy_bin,full,6,unith,6,Faure,june_22_g0,0.97123745819398,0.9765886287625418,0.907190635451505,0.922077922077922,4,,20,4,8,0,9,3,4,1,4,0,4S,4H,,41,0,True,False,True,False,0
top_ten,svm,occupancy_bin,full,6,unith,6,Faure,june_22_g0,0.97123745819398,0.9765886287625418,0.907190635451505,0.922077922077922,4,4,20,4,8,0,9,4,4,1,5,0,4S,5H,0.6813022841614188,41,16,True,True,True,True,0
top_ten,svm,occupancy_bin,full,6,unith,6,Faure,june_22_g0,0.97123745819398,0.9765886287625418,0.907190635451505,0.922077922077922,4,,20,4,8,0,9,5,4,1,6,0,4S,6H,,41,0,True,False,True,False,0
top_ten,svm,occupancy_bin,full,6,unith,6,Faure,june_22_g0,0.97123745819398,0.9765886287625418,0.907190635451505,0.922077922077922,4,,20,4,8,0,9,6,4,1,1,1,4S,1S,,41,0,True,False,True,False,0
top_ten,svm,occupancy_bin,full,6,unith,6,Faure,june_22_g0,0.97123745819398,0.9765886287625418,0.907190635451505,0.922077922077922,4,4,20,4,8,0,9,7,4,1,2,1,4S,2S,0.7900876993669315,41,8,True,True,True,True,0
top_ten,svm,occupancy_bin,full,6,unith,6,Faure,june_22_g0,0.97123745819398,0.9765886287625418,0.907190635451505,0.922077922077922,4,3,20,4,8,0,9,8,4,1,3,1,4S,3S,0.750296505824984,41,7,True,True,True,False,0
top_ten,svm,occupancy_bin,full,6,unith,6,Faure,june_22_g0,0.97123745819398,0.9765886287625418,0.907190635451505,0.922077922077922,4,4,20,4,8,0,9,9,4,1,4,1,4S,4S,0.8344438744991898,41,41,True,True,True,True,0
top_ten,svm,occupancy_bin,full,6,unith,6,Faure,june_22_g0,0.97123745819398,0.9765886287625418,0.907190635451505,0.922077922077922,4,4,20,4,8,0,9,10,4,1,5,1,4S,5S,0.7395023175080951,41,36,True,True,True,True,0
top_ten,svm,occupancy_bin,full,6,unith,6,Faure,june_22_g0,0.97123745819398,0.9765886287625418,0.907190635451505,0.922077922077922,4,4,20,4,8,0,9,11,4,1,6,1,4S,6S,0.7857208726603332,41,60,True,True,True,True,0
top_ten,svm,occupancy_bin,full,6,unith,6,Faure,june_22_g0,0.97123745819398,0.9765886287625418,0.907190635451505,0.922077922077922,4,4,20,4,8,0,10,0,5,1,1,0,5S,1H,0.6818367742760059,36,40,True,True,True,True,0
top_ten,svm,occupancy_bin,full,6,unith,6,Faure,june_22_g0,0.97123745819398,0.9765886287625418,0.907190635451505,0.922077922077922,4,4,20,4,8,0,10,1,5,1,2,0,5S,2H,0.7102909874140756,36,41,True,True,True,True,0
top_ten,svm,occupancy_bin,full,6,unith,6,Faure,june_22_g0,0.97123745819398,0.9765886287625418,0.907190635451505,0.922077922077922,4,4,20,4,8,0,10,2,5,1,3,0,5S,3H,0.7617598356652521,36,46,True,True,True,True,0
top_ten,svm,occupancy_bin,full,6,unith,6,Faure,june_22_g0,0.97123745819398,0.9765886287625418,0.907190635451505,0.922077922077922,4,,20,4,8,0,10,3,5,1,4,0,5S,4H,,36,0,True,False,True,False,0
top_ten,svm,occupancy_bin,full,6,unith,6,Faure,june_22_g0,0.97123745819398,0.9765886287625418,0.907190635451505,0.922077922077922,4,4,20,4,8,0,10,4,5,1,5,0,5S,5H,0.7805389979960385,36,16,True,True,True,True,0
top_ten,svm,occupancy_bin,full,6,unith,6,Faure,june_22_g0,0.97123745819398,0.9765886287625418,0.907190635451505,0.922077922077922,4,,20,4,8,0,10,5,5,1,6,0,5S,6H,,36,0,True,False,True,False,0
top_ten,svm,occupancy_bin,full,6,unith,6,Faure,june_22_g0,0.97123745819398,0.9765886287625418,0.907190635451505,0.922077922077922,4,,20,4,8,0,10,6,5,1,1,1,5S,1S,,36,0,True,False,True,False,0
top_ten,svm,occupancy_bin,full,6,unith,6,Faure,june_22_g0,0.97123745819398,0.9765886287625418,0.907190635451505,0.922077922077922,4,4,20,4,8,0,10,7,5,1,2,1,5S,2S,0.6960185500767889,36,8,True,True,True,True,0
top_ten,svm,occupancy_bin,full,6,unith,6,Faure,june_22_g0,0.97123745819398,0.9765886287625418,0.907190635451505,0.922077922077922,4,3,20,4,8,0,10,8,5,1,3,1,5S,3S,0.6994631561991588,36,7,True,True,True,False,0
top_ten,svm,occupancy_bin,full,6,unith,6,Faure,june_22_g0,0.97123745819398,0.9765886287625418,0.907190635451505,0.922077922077922,4,4,20,4,8,0,10,9,5,1,4,1,5S,4S,0.7395023175080951,36,41,True,True,True,True,0
top_ten,svm,occupancy_bin,full,6,unith,6,Faure,june_22_g0,0.97123745819398,0.9765886287625418,0.907190635451505,0.922077922077922,4,4,20,4,8,0,10,10,5,1,5,1,5S,5S,0.8328664340471791,36,36,True,True,True,True,0
top_ten,svm,occupancy_bin,full,6,unith,6,Faure,june_22_g0,0.97123745819398,0.9765886287625418,0.907190635451505,0.922077922077922,4,4,20,4,8,0,10,11,5,1,6,1,5S,6S,0.7661316641452074,36,60,True,True,True,True,0
top_ten,svm,occupancy_bin,full,6,unith,6,Faure,june_22_g0,0.97123745819398,0.9765886287625418,0.907190635451505,0.922077922077922,4,4,20,4,8,0,11,0,6,1,1,0,6S,1H,0.7930058919071654,60,40,True,True,True,True,0
top_ten,svm,occupancy_bin,full,6,unith,6,Faure,june_22_g0,0.97123745819398,0.9765886287625418,0.907190635451505,0.922077922077922,4,4,20,4,8,0,11,1,6,1,2,0,6S,2H,0.8089881020359941,60,41,True,True,True,True,0
top_ten,svm,occupancy_bin,full,6,unith,6,Faure,june_22_g0,0.97123745819398,0.9765886287625418,0.907190635451505,0.922077922077922,4,4,20,4,8,0,11,2,6,1,3,0,6S,3H,0.8127602665461009,60,46,True,True,True,True,0
top_ten,svm,occupancy_bin,full,6,unith,6,Faure,june_22_g0,0.97123745819398,0.9765886287625418,0.907190635451505,0.922077922077922,4,,20,4,8,0,11,3,6,1,4,0,6S,4H,,60,0,True,False,True,False,0
top_ten,svm,occupancy_bin,full,6,unith,6,Faure,june_22_g0,0.97123745819398,0.9765886287625418,0.907190635451505,0.922077922077922,4,4,20,4,8,0,11,4,6,1,5,0,6S,5H,0.7414609315878693,60,16,True,True,True,True,0
top_ten,svm,occupancy_bin,full,6,unith,6,Faure,june_22_g0,0.97123745819398,0.9765886287625418,0.907190635451505,0.922077922077922,4,,20,4,8,0,11,5,6,1,6,0,6S,6H,,60,0,True,False,True,False,0
top_ten,svm,occupancy_bin,full,6,unith,6,Faure,june_22_g0,0.97123745819398,0.9765886287625418,0.907190635451505,0.922077922077922,4,,20,4,8,0,11,6,6,1,1,1,6S,1S,,60,0,True,False,True,False,0
top_ten,svm,occupancy_bin,full,6,unith,6,Faure,june_22_g0,0.97123745819398,0.9765886287625418,0.907190635451505,0.922077922077922,4,4,20,4,8,0,11,7,6,1,2,1,6S,2S,0.8042190045800528,60,8,True,True,True,True,0
top_ten,svm,occupancy_bin,full,6,unith,6,Faure,june_22_g0,0.97123745819398,0.9765886287625418,0.907190635451505,0.922077922077922,4,3,20,4,8,0,11,8,6,1,3,1,6S,3S,0.7684411316169293,60,7,True,True,True,False,0
top_ten,svm,occupancy_bin,full,6,unith,6,Faure,june_22_g0,0.97123745819398,0.9765886287625418,0.907190635451505,0.922077922077922,4,4,20,4,8,0,11,9,6,1,4,1,6S,4S,0.7857208726603332,60,41,True,True,True,True,0
top_ten,svm,occupancy_bin,full,6,unith,6,Faure,june_22_g0,0.97123745819398,0.9765886287625418,0.907190635451505,0.922077922077922,4,4,20,4,8,0,11,10,6,1,5,1,6S,5S,0.7661316641452074,60,36,True,True,True,True,0
top_ten,svm,occupancy_bin,full,6,unith,6,Faure,june_22_g0,0.97123745819398,0.9765886287625418,0.907190635451505,0.922077922077922,4,4,20,4,8,0,11,11,6,1,6,1,6S,6S,0.8048397744971613,60,60,True,True,True,True,0
top_ten,svm,occupancy_bin,full,6,unith,6,Faure,june_24_g0,0.999341238471673,1.0,1.0,0.8697916666666666,5,5,20,4,8,0,0,0,1,0,1,0,1H,1H,0.846692062073614,44,44,True,True,True,True,0
top_ten,svm,occupancy_bin,full,6,unith,6,Faure,june_24_g0,0.999341238471673,1.0,1.0,0.8697916666666666,5,5,20,4,8,0,0,1,1,0,2,0,1H,2H,0.8704084274299377,44,28,True,True,True,True,0
top_ten,svm,occupancy_bin,full,6,unith,6,Faure,june_24_g0,0.999341238471673,1.0,1.0,0.8697916666666666,5,5,20,4,8,0,0,2,1,0,3,0,1H,3H,0.8031456636189576,44,50,True,True,True,True,0
top_ten,svm,occupancy_bin,full,6,unith,6,Faure,june_24_g0,0.999341238471673,1.0,1.0,0.8697916666666666,5,,20,4,8,0,0,3,1,0,4,0,1H,4H,,44,0,True,False,True,False,0
top_ten,svm,occupancy_bin,full,6,unith,6,Faure,june_24_g0,0.999341238471673,1.0,1.0,0.8697916666666666,5,5,20,4,8,0,0,4,1,0,5,0,1H,5H,0.8472332677437059,44,10,True,True,True,True,0
top_ten,svm,occupancy_bin,full,6,unith,6,Faure,june_24_g0,0.999341238471673,1.0,1.0,0.8697916666666666,5,,20,4,8,0,0,5,1,0,6,0,1H,6H,,44,0,True,False,True,False,0
top_ten,svm,occupancy_bin,full,6,unith,6,Faure,june_24_g0,0.999341238471673,1.0,1.0,0.8697916666666666,5,,20,4,8,0,0,6,1,0,1,1,1H,1S,,44,0,True,False,True,False,0
top_ten,svm,occupancy_bin,full,6,unith,6,Faure,june_24_g0,0.999341238471673,1.0,1.0,0.8697916666666666,5,5,20,4,8,0,0,7,1,0,2,1,1H,2S,0.893907249723442,44,22,True,True,True,True,0
top_ten,svm,occupancy_bin,full,6,unith,6,Faure,june_24_g0,0.999341238471673,1.0,1.0,0.8697916666666666,5,,20,4,8,0,0,8,1,0,3,1,1H,3S,,44,0,True,False,True,False,0
top_ten,svm,occupancy_bin,full,6,unith,6,Faure,june_24_g0,0.999341238471673,1.0,1.0,0.8697916666666666,5,5,20,4,8,0,0,9,1,0,4,1,1H,4S,0.8350101189436593,44,62,True,True,True,True,0
top_ten,svm,occupancy_bin,full,6,unith,6,Faure,june_24_g0,0.999341238471673,1.0,1.0,0.8697916666666666,5,5,20,4,8,0,0,10,1,0,5,1,1H,5S,0.8412754317172597,44,80,True,True,True,True,0
top_ten,svm,occupancy_bin,full,6,unith,6,Faure,june_24_g0,0.999341238471673,1.0,1.0,0.8697916666666666,5,5,20,4,8,0,0,11,1,0,6,1,1H,6S,0.7932134787179503,44,69,True,True,True,True,0
top_ten,svm,occupancy_bin,full,6,unith,6,Faure,june_24_g0,0.999341238471673,1.0,1.0,0.8697916666666666,5,5,20,4,8,0,1,0,2,0,1,0,2H,1H,0.8704084274299377,28,44,True,True,True,True,0
top_ten,svm,occupancy_bin,full,6,unith,6,Faure,june_24_g0,0.999341238471673,1.0,1.0,0.8697916666666666,5,5,20,4,8,0,1,1,2,0,2,0,2H,2H,0.8543663191115554,28,28,True,True,True,True,0
top_ten,svm,occupancy_bin,full,6,unith,6,Faure,june_24_g0,0.999341238471673,1.0,1.0,0.8697916666666666,5,5,20,4,8,0,1,2,2,0,3,0,2H,3H,0.8317616981387366,28,50,True,True,True,True,0
top_ten,svm,occupancy_bin,full,6,unith,6,Faure,june_24_g0,0.999341238471673,1.0,1.0,0.8697916666666666,5,,20,4,8,0,1,3,2,0,4,0,2H,4H,,28,0,True,False,True,False,0
top_ten,svm,occupancy_bin,full,6,unith,6,Faure,june_24_g0,0.999341238471673,1.0,1.0,0.8697916666666666,5,5,20,4,8,0,1,4,2,0,5,0,2H,5H,0.7832002541916088,28,10,True,True,True,True,0
top_ten,svm,occupancy_bin,full,6,unith,6,Faure,june_24_g0,0.999341238471673,1.0,1.0,0.8697916666666666,5,,20,4,8,0,1,5,2,0,6,0,2H,6H,,28,0,True,False,True,False,0
top_ten,svm,occupancy_bin,full,6,unith,6,Faure,june_24_g0,0.999341238471673,1.0,1.0,0.8697916666666666,5,,20,4,8,0,1,6,2,0,1,1,2H,1S,,28,0,True,False,True,False,0
top_ten,svm,occupancy_bin,full,6,unith,6,Faure,june_24_g0,0.999341238471673,1.0,1.0,0.8697916666666666,5,5,20,4,8,0,1,7,2,0,2,1,2H,2S,0.8675267796708542,28,22,True,True,True,True,0
top_ten,svm,occupancy_bin,full,6,unith,6,Faure,june_24_g0,0.999341238471673,1.0,1.0,0.8697916666666666,5,,20,4,8,0,1,8,2,0,3,1,2H,3S,,28,0,True,False,True,False,0
top_ten,svm,occupancy_bin,full,6,unith,6,Faure,june_24_g0,0.999341238471673,1.0,1.0,0.8697916666666666,5,5,20,4,8,0,1,9,2,0,4,1,2H,4S,0.8218126500977613,28,62,True,True,True,True,0
top_ten,svm,occupancy_bin,full,6,unith,6,Faure,june_24_g0,0.999341238471673,1.0,1.0,0.8697916666666666,5,5,20,4,8,0,1,10,2,0,5,1,2H,5S,0.8232639708624522,28,80,True,True,True,True,0
top_ten,svm,occupancy_bin,full,6,unith,6,Faure,june_24_g0,0.999341238471673,1.0,1.0,0.8697916666666666,5,5,20,4,8,0,1,11,2,0,6,1,2H,6S,0.8617903947094903,28,69,True,True,True,True,0
top_ten,svm,occupancy_bin,full,6,unith,6,Faure,june_24_g0,0.999341238471673,1.0,1.0,0.8697916666666666,5,5,20,4,8,0,2,0,3,0,1,0,3H,1H,0.8031456636189576,50,44,True,True,True,True,0
top_ten,svm,occupancy_bin,full,6,unith,6,Faure,june_24_g0,0.999341238471673,1.0,1.0,0.8697916666666666,5,5,20,4,8,0,2,1,3,0,2,0,3H,2H,0.8317616981387366,50,28,True,True,True,True,0
top_ten,svm,occupancy_bin,full,6,unith,6,Faure,june_24_g0,0.999341238471673,1.0,1.0,0.8697916666666666,5,5,20,4,8,0,2,2,3,0,3,0,3H,3H,0.7901567551914297,50,50,True,True,True,True,0
top_ten,svm,occupancy_bin,full,6,unith,6,Faure,june_24_g0,0.999341238471673,1.0,1.0,0.8697916666666666,5,,20,4,8,0,2,3,3,0,4,0,3H,4H,,50,0,True,False,True,False,0
top_ten,svm,occupancy_bin,full,6,unith,6,Faure,june_24_g0,0.999341238471673,1.0,1.0,0.8697916666666666,5,5,20,4,8,0,2,4,3,0,5,0,3H,5H,0.6578138024651354,50,10,True,True,True,True,0
top_ten,svm,occupancy_bin,full,6,unith,6,Faure,june_24_g0,0.999341238471673,1.0,1.0,0.8697916666666666,5,,20,4,8,0,2,5,3,0,6,0,3H,6H,,50,0,True,False,True,False,0
top_ten,svm,occupancy_bin,full,6,unith,6,Faure,june_24_g0,0.999341238471673,1.0,1.0,0.8697916666666666,5,,20,4,8,0,2,6,3,0,1,1,3H,1S,,50,0,True,False,True,False,0
top_ten,svm,occupancy_bin,full,6,unith,6,Faure,june_24_g0,0.999341238471673,1.0,1.0,0.8697916666666666,5,5,20,4,8,0,2,7,3,0,2,1,3H,2S,0.7833638205031855,50,22,True,True,True,True,0
top_ten,svm,occupancy_bin,full,6,unith,6,Faure,june_24_g0,0.999341238471673,1.0,1.0,0.8697916666666666,5,,20,4,8,0,2,8,3,0,3,1,3H,3S,,50,0,True,False,True,False,0
top_ten,svm,occupancy_bin,full,6,unith,6,Faure,june_24_g0,0.999341238471673,1.0,1.0,0.8697916666666666,5,5,20,4,8,0,2,9,3,0,4,1,3H,4S,0.8200470642983928,50,62,True,True,True,True,0
top_ten,svm,occupancy_bin,full,6,unith,6,Faure,june_24_g0,0.999341238471673,1.0,1.0,0.8697916666666666,5,5,20,4,8,0,2,10,3,0,5,1,3H,5S,0.8141754326257222,50,80,True,True,True,True,0
top_ten,svm,occupancy_bin,full,6,unith,6,Faure,june_24_g0,0.999341238471673,1.0,1.0,0.8697916666666666,5,5,20,4,8,0,2,11,3,0,6,1,3H,6S,0.842378307315965,50,69,True,True,True,True,0
top_ten,svm,occupancy_bin,full,6,unith,6,Faure,june_24_g0,0.999341238471673,1.0,1.0,0.8697916666666666,,5,20,4,8,0,3,0,4,0,1,0,4H,1H,,0,44,False,True,False,True,0
top_ten,svm,occupancy_bin,full,6,unith,6,Faure,june_24_g0,0.999341238471673,1.0,1.0,0.8697916666666666,,5,20,4,8,0,3,1,4,0,2,0,4H,2H,,0,28,False,True,False,True,0
top_ten,svm,occupancy_bin,full,6,unith,6,Faure,june_24_g0,0.999341238471673,1.0,1.0,0.8697916666666666,,5,20,4,8,0,3,2,4,0,3,0,4H,3H,,0,50,False,True,False,True,0
top_ten,svm,occupancy_bin,full,6,unith,6,Faure,june_24_g0,0.999341238471673,1.0,1.0,0.8697916666666666,,,20,4,8,0,3,3,4,0,4,0,4H,4H,,0,0,False,False,False,False,0
top_ten,svm,occupancy_bin,full,6,unith,6,Faure,june_24_g0,0.999341238471673,1.0,1.0,0.8697916666666666,,5,20,4,8,0,3,4,4,0,5,0,4H,5H,,0,10,False,True,False,True,0
top_ten,svm,occupancy_bin,full,6,unith,6,Faure,june_24_g0,0.999341238471673,1.0,1.0,0.8697916666666666,,,20,4,8,0,3,5,4,0,6,0,4H,6H,,0,0,False,False,False,False,0
top_ten,svm,occupancy_bin,full,6,unith,6,Faure,june_24_g0,0.999341238471673,1.0,1.0,0.8697916666666666,,,20,4,8,0,3,6,4,0,1,1,4H,1S,,0,0,False,False,False,False,0
top_ten,svm,occupancy_bin,full,6,unith,6,Faure,june_24_g0,0.999341238471673,1.0,1.0,0.8697916666666666,,5,20,4,8,0,3,7,4,0,2,1,4H,2S,,0,22,False,True,False,True,0
top_ten,svm,occupancy_bin,full,6,unith,6,Faure,june_24_g0,0.999341238471673,1.0,1.0,0.8697916666666666,,,20,4,8,0,3,8,4,0,3,1,4H,3S,,0,0,False,False,False,False,0
top_ten,svm,occupancy_bin,full,6,unith,6,Faure,june_24_g0,0.999341238471673,1.0,1.0,0.8697916666666666,,5,20,4,8,0,3,9,4,0,4,1,4H,4S,,0,62,False,True,False,True,0
top_ten,svm,occupancy_bin,full,6,unith,6,Faure,june_24_g0,0.999341238471673,1.0,1.0,0.8697916666666666,,5,20,4,8,0,3,10,4,0,5,1,4H,5S,,0,80,False,True,False,True,0
top_ten,svm,occupancy_bin,full,6,unith,6,Faure,june_24_g0,0.999341238471673,1.0,1.0,0.8697916666666666,,5,20,4,8,0,3,11,4,0,6,1,4H,6S,,0,69,False,True,False,True,0
top_ten,svm,occupancy_bin,full,6,unith,6,Faure,june_24_g0,0.999341238471673,1.0,1.0,0.8697916666666666,5,5,20,4,8,0,4,0,5,0,1,0,5H,1H,0.8472332677437059,10,44,True,True,True,True,0
top_ten,svm,occupancy_bin,full,6,unith,6,Faure,june_24_g0,0.999341238471673,1.0,1.0,0.8697916666666666,5,5,20,4,8,0,4,1,5,0,2,0,5H,2H,0.7832002541916088,10,28,True,True,True,True,0
top_ten,svm,occupancy_bin,full,6,unith,6,Faure,june_24_g0,0.999341238471673,1.0,1.0,0.8697916666666666,5,5,20,4,8,0,4,2,5,0,3,0,5H,3H,0.6578138024651354,10,50,True,True,True,True,0
top_ten,svm,occupancy_bin,full,6,unith,6,Faure,june_24_g0,0.999341238471673,1.0,1.0,0.8697916666666666,5,,20,4,8,0,4,3,5,0,4,0,5H,4H,,10,0,True,False,True,False,0
top_ten,svm,occupancy_bin,full,6,unith,6,Faure,june_24_g0,0.999341238471673,1.0,1.0,0.8697916666666666,5,5,20,4,8,0,4,4,5,0,5,0,5H,5H,0.9275377715736564,10,10,True,True,True,True,0
top_ten,svm,occupancy_bin,full,6,unith,6,Faure,june_24_g0,0.999341238471673,1.0,1.0,0.8697916666666666,5,,20,4,8,0,4,5,5,0,6,0,5H,6H,,10,0,True,False,True,False,0
top_ten,svm,occupancy_bin,full,6,unith,6,Faure,june_24_g0,0.999341238471673,1.0,1.0,0.8697916666666666,5,,20,4,8,0,4,6,5,0,1,1,5H,1S,,10,0,True,False,True,False,0
top_ten,svm,occupancy_bin,full,6,unith,6,Faure,june_24_g0,0.999341238471673,1.0,1.0,0.8697916666666666,5,5,20,4,8,0,4,7,5,0,2,1,5H,2S,0.8863429026399092,10,22,True,True,True,True,0
top_ten,svm,occupancy_bin,full,6,unith,6,Faure,june_24_g0,0.999341238471673,1.0,1.0,0.8697916666666666,5,,20,4,8,0,4,8,5,0,3,1,5H,3S,,10,0,True,False,True,False,0
top_ten,svm,occupancy_bin,full,6,unith,6,Faure,june_24_g0,0.999341238471673,1.0,1.0,0.8697916666666666,5,5,20,4,8,0,4,9,5,0,4,1,5H,4S,0.7367186054302206,10,62,True,True,True,True,0
top_ten,svm,occupancy_bin,full,6,unith,6,Faure,june_24_g0,0.999341238471673,1.0,1.0,0.8697916666666666,5,5,20,4,8,0,4,10,5,0,5,1,5H,5S,0.7454974017335684,10,80,True,True,True,True,0
top_ten,svm,occupancy_bin,full,6,unith,6,Faure,june_24_g0,0.999341238471673,1.0,1.0,0.8697916666666666,5,5,20,4,8,0,4,11,5,0,6,1,5H,6S,0.6982359271093465,10,69,True,True,True,True,0
top_ten,svm,occupancy_bin,full,6,unith,6,Faure,june_24_g0,0.999341238471673,1.0,1.0,0.8697916666666666,,5,20,4,8,0,5,0,6,0,1,0,6H,1H,,0,44,False,True,False,True,0
top_ten,svm,occupancy_bin,full,6,unith,6,Faure,june_24_g0,0.999341238471673,1.0,1.0,0.8697916666666666,,5,20,4,8,0,5,1,6,0,2,0,6H,2H,,0,28,False,True,False,True,0
top_ten,svm,occupancy_bin,full,6,unith,6,Faure,june_24_g0,0.999341238471673,1.0,1.0,0.8697916666666666,,5,20,4,8,0,5,2,6,0,3,0,6H,3H,,0,50,False,True,False,True,0
top_ten,svm,occupancy_bin,full,6,unith,6,Faure,june_24_g0,0.999341238471673,1.0,1.0,0.8697916666666666,,,20,4,8,0,5,3,6,0,4,0,6H,4H,,0,0,False,False,False,False,0
top_ten,svm,occupancy_bin,full,6,unith,6,Faure,june_24_g0,0.999341238471673,1.0,1.0,0.8697916666666666,,5,20,4,8,0,5,4,6,0,5,0,6H,5H,,0,10,False,True,False,True,0
top_ten,svm,occupancy_bin,full,6,unith,6,Faure,june_24_g0,0.999341238471673,1.0,1.0,0.8697916666666666,,,20,4,8,0,5,5,6,0,6,0,6H,6H,,0,0,False,False,False,False,0
top_ten,svm,occupancy_bin,full,6,unith,6,Faure,june_24_g0,0.999341238471673,1.0,1.0,0.8697916666666666,,,20,4,8,0,5,6,6,0,1,1,6H,1S,,0,0,False,False,False,False,0
top_ten,svm,occupancy_bin,full,6,unith,6,Faure,june_24_g0,0.999341238471673,1.0,1.0,0.8697916666666666,,5,20,4,8,0,5,7,6,0,2,1,6H,2S,,0,22,False,True,False,True,0
top_ten,svm,occupancy_bin,full,6,unith,6,Faure,june_24_g0,0.999341238471673,1.0,1.0,0.8697916666666666,,,20,4,8,0,5,8,6,0,3,1,6H,3S,,0,0,False,False,False,False,0
top_ten,svm,occupancy_bin,full,6,unith,6,Faure,june_24_g0,0.999341238471673,1.0,1.0,0.8697916666666666,,5,20,4,8,0,5,9,6,0,4,1,6H,4S,,0,62,False,True,False,True,0
top_ten,svm,occupancy_bin,full,6,unith,6,Faure,june_24_g0,0.999341238471673,1.0,1.0,0.8697916666666666,,5,20,4,8,0,5,10,6,0,5,1,6H,5S,,0,80,False,True,False,True,0
top_ten,svm,occupancy_bin,full,6,unith,6,Faure,june_24_g0,0.999341238471673,1.0,1.0,0.8697916666666666,,5,20,4,8,0,5,11,6,0,6,1,6H,6S,,0,69,False,True,False,True,0
top_ten,svm,occupancy_bin,full,6,unith,6,Faure,june_24_g0,0.999341238471673,1.0,1.0,0.8697916666666666,,5,20,4,8,0,6,0,1,1,1,0,1S,1H,,0,44,False,True,False,True,0
top_ten,svm,occupancy_bin,full,6,unith,6,Faure,june_24_g0,0.999341238471673,1.0,1.0,0.8697916666666666,,5,20,4,8,0,6,1,1,1,2,0,1S,2H,,0,28,False,True,False,True,0
top_ten,svm,occupancy_bin,full,6,unith,6,Faure,june_24_g0,0.999341238471673,1.0,1.0,0.8697916666666666,,5,20,4,8,0,6,2,1,1,3,0,1S,3H,,0,50,False,True,False,True,0
top_ten,svm,occupancy_bin,full,6,unith,6,Faure,june_24_g0,0.999341238471673,1.0,1.0,0.8697916666666666,,,20,4,8,0,6,3,1,1,4,0,1S,4H,,0,0,False,False,False,False,0
top_ten,svm,occupancy_bin,full,6,unith,6,Faure,june_24_g0,0.999341238471673,1.0,1.0,0.8697916666666666,,5,20,4,8,0,6,4,1,1,5,0,1S,5H,,0,10,False,True,False,True,0
top_ten,svm,occupancy_bin,full,6,unith,6,Faure,june_24_g0,0.999341238471673,1.0,1.0,0.8697916666666666,,,20,4,8,0,6,5,1,1,6,0,1S,6H,,0,0,False,False,False,False,0
top_ten,svm,occupancy_bin,full,6,unith,6,Faure,june_24_g0,0.999341238471673,1.0,1.0,0.8697916666666666,,,20,4,8,0,6,6,1,1,1,1,1S,1S,,0,0,False,False,False,False,0
top_ten,svm,occupancy_bin,full,6,unith,6,Faure,june_24_g0,0.999341238471673,1.0,1.0,0.8697916666666666,,5,20,4,8,0,6,7,1,1,2,1,1S,2S,,0,22,False,True,False,True,0
top_ten,svm,occupancy_bin,full,6,unith,6,Faure,june_24_g0,0.999341238471673,1.0,1.0,0.8697916666666666,,,20,4,8,0,6,8,1,1,3,1,1S,3S,,0,0,False,False,False,False,0
top_ten,svm,occupancy_bin,full,6,unith,6,Faure,june_24_g0,0.999341238471673,1.0,1.0,0.8697916666666666,,5,20,4,8,0,6,9,1,1,4,1,1S,4S,,0,62,False,True,False,True,0
top_ten,svm,occupancy_bin,full,6,unith,6,Faure,june_24_g0,0.999341238471673,1.0,1.0,0.8697916666666666,,5,20,4,8,0,6,10,1,1,5,1,1S,5S,,0,80,False,True,False,True,0
top_ten,svm,occupancy_bin,full,6,unith,6,Faure,june_24_g0,0.999341238471673,1.0,1.0,0.8697916666666666,,5,20,4,8,0,6,11,1,1,6,1,1S,6S,,0,69,False,True,False,True,0
top_ten,svm,occupancy_bin,full,6,unith,6,Faure,june_24_g0,0.999341238471673,1.0,1.0,0.8697916666666666,5,5,20,4,8,0,7,0,2,1,1,0,2S,1H,0.893907249723442,22,44,True,True,True,True,0
top_ten,svm,occupancy_bin,full,6,unith,6,Faure,june_24_g0,0.999341238471673,1.0,1.0,0.8697916666666666,5,5,20,4,8,0,7,1,2,1,2,0,2S,2H,0.8675267796708542,22,28,True,True,True,True,0
top_ten,svm,occupancy_bin,full,6,unith,6,Faure,june_24_g0,0.999341238471673,1.0,1.0,0.8697916666666666,5,5,20,4,8,0,7,2,2,1,3,0,2S,3H,0.7833638205031855,22,50,True,True,True,True,0
top_ten,svm,occupancy_bin,full,6,unith,6,Faure,june_24_g0,0.999341238471673,1.0,1.0,0.8697916666666666,5,,20,4,8,0,7,3,2,1,4,0,2S,4H,,22,0,True,False,True,False,0
top_ten,svm,occupancy_bin,full,6,unith,6,Faure,june_24_g0,0.999341238471673,1.0,1.0,0.8697916666666666,5,5,20,4,8,0,7,4,2,1,5,0,2S,5H,0.8863429026399092,22,10,True,True,True,True,0
top_ten,svm,occupancy_bin,full,6,unith,6,Faure,june_24_g0,0.999341238471673,1.0,1.0,0.8697916666666666,5,,20,4,8,0,7,5,2,1,6,0,2S,6H,,22,0,True,False,True,False,0
top_ten,svm,occupancy_bin,full,6,unith,6,Faure,june_24_g0,0.999341238471673,1.0,1.0,0.8697916666666666,5,,20,4,8,0,7,6,2,1,1,1,2S,1S,,22,0,True,False,True,False,0
top_ten,svm,occupancy_bin,full,6,unith,6,Faure,june_24_g0,0.999341238471673,1.0,1.0,0.8697916666666666,5,5,20,4,8,0,7,7,2,1,2,1,2S,2S,0.9043383842042825,22,22,True,True,True,True,0
top_ten,svm,occupancy_bin,full,6,unith,6,Faure,june_24_g0,0.999341238471673,1.0,1.0,0.8697916666666666,5,,20,4,8,0,7,8,2,1,3,1,2S,3S,,22,0,True,False,True,False,0
top_ten,svm,occupancy_bin,full,6,unith,6,Faure,june_24_g0,0.999341238471673,1.0,1.0,0.8697916666666666,5,5,20,4,8,0,7,9,2,1,4,1,2S,4S,0.8357649497759997,22,62,True,True,True,True,0
top_ten,svm,occupancy_bin,full,6,unith,6,Faure,june_24_g0,0.999341238471673,1.0,1.0,0.8697916666666666,5,5,20,4,8,0,7,10,2,1,5,1,2S,5S,0.8125832572490422,22,80,True,True,True,True,0
top_ten,svm,occupancy_bin,full,6,unith,6,Faure,june_24_g0,0.999341238471673,1.0,1.0,0.8697916666666666,5,5,20,4,8,0,7,11,2,1,6,1,2S,6S,0.799889359044337,22,69,True,True,True,True,0
top_ten,svm,occupancy_bin,full,6,unith,6,Faure,june_24_g0,0.999341238471673,1.0,1.0,0.8697916666666666,,5,20,4,8,0,8,0,3,1,1,0,3S,1H,,0,44,False,True,False,True,0
top_ten,svm,occupancy_bin,full,6,unith,6,Faure,june_24_g0,0.999341238471673,1.0,1.0,0.8697916666666666,,5,20,4,8,0,8,1,3,1,2,0,3S,2H,,0,28,False,True,False,True,0
top_ten,svm,occupancy_bin,full,6,unith,6,Faure,june_24_g0,0.999341238471673,1.0,1.0,0.8697916666666666,,5,20,4,8,0,8,2,3,1,3,0,3S,3H,,0,50,False,True,False,True,0
top_ten,svm,occupancy_bin,full,6,unith,6,Faure,june_24_g0,0.999341238471673,1.0,1.0,0.8697916666666666,,,20,4,8,0,8,3,3,1,4,0,3S,4H,,0,0,False,False,False,False,0
top_ten,svm,occupancy_bin,full,6,unith,6,Faure,june_24_g0,0.999341238471673,1.0,1.0,0.8697916666666666,,5,20,4,8,0,8,4,3,1,5,0,3S,5H,,0,10,False,True,False,True,0
top_ten,svm,occupancy_bin,full,6,unith,6,Faure,june_24_g0,0.999341238471673,1.0,1.0,0.8697916666666666,,,20,4,8,0,8,5,3,1,6,0,3S,6H,,0,0,False,False,False,False,0
top_ten,svm,occupancy_bin,full,6,unith,6,Faure,june_24_g0,0.999341238471673,1.0,1.0,0.8697916666666666,,,20,4,8,0,8,6,3,1,1,1,3S,1S,,0,0,False,False,False,False,0
top_ten,svm,occupancy_bin,full,6,unith,6,Faure,june_24_g0,0.999341238471673,1.0,1.0,0.8697916666666666,,5,20,4,8,0,8,7,3,1,2,1,3S,2S,,0,22,False,True,False,True,0
top_ten,svm,occupancy_bin,full,6,unith,6,Faure,june_24_g0,0.999341238471673,1.0,1.0,0.8697916666666666,,,20,4,8,0,8,8,3,1,3,1,3S,3S,,0,0,False,False,False,False,0
top_ten,svm,occupancy_bin,full,6,unith,6,Faure,june_24_g0,0.999341238471673,1.0,1.0,0.8697916666666666,,5,20,4,8,0,8,9,3,1,4,1,3S,4S,,0,62,False,True,False,True,0
top_ten,svm,occupancy_bin,full,6,unith,6,Faure,june_24_g0,0.999341238471673,1.0,1.0,0.8697916666666666,,5,20,4,8,0,8,10,3,1,5,1,3S,5S,,0,80,False,True,False,True,0
top_ten,svm,occupancy_bin,full,6,unith,6,Faure,june_24_g0,0.999341238471673,1.0,1.0,0.8697916666666666,,5,20,4,8,0,8,11,3,1,6,1,3S,6S,,0,69,False,True,False,True,0
top_ten,svm,occupancy_bin,full,6,unith,6,Faure,june_24_g0,0.999341238471673,1.0,1.0,0.8697916666666666,5,5,20,4,8,0,9,0,4,1,1,0,4S,1H,0.8350101189436593,62,44,True,True,True,True,0
top_ten,svm,occupancy_bin,full,6,unith,6,Faure,june_24_g0,0.999341238471673,1.0,1.0,0.8697916666666666,5,5,20,4,8,0,9,1,4,1,2,0,4S,2H,0.8218126500977613,62,28,True,True,True,True,0
top_ten,svm,occupancy_bin,full,6,unith,6,Faure,june_24_g0,0.999341238471673,1.0,1.0,0.8697916666666666,5,5,20,4,8,0,9,2,4,1,3,0,4S,3H,0.8200470642983928,62,50,True,True,True,True,0
top_ten,svm,occupancy_bin,full,6,unith,6,Faure,june_24_g0,0.999341238471673,1.0,1.0,0.8697916666666666,5,,20,4,8,0,9,3,4,1,4,0,4S,4H,,62,0,True,False,True,False,0
top_ten,svm,occupancy_bin,full,6,unith,6,Faure,june_24_g0,0.999341238471673,1.0,1.0,0.8697916666666666,5,5,20,4,8,0,9,4,4,1,5,0,4S,5H,0.7367186054302206,62,10,True,True,True,True,0
top_ten,svm,occupancy_bin,full,6,unith,6,Faure,june_24_g0,0.999341238471673,1.0,1.0,0.8697916666666666,5,,20,4,8,0,9,5,4,1,6,0,4S,6H,,62,0,True,False,True,False,0
top_ten,svm,occupancy_bin,full,6,unith,6,Faure,june_24_g0,0.999341238471673,1.0,1.0,0.8697916666666666,5,,20,4,8,0,9,6,4,1,1,1,4S,1S,,62,0,True,False,True,False,0
top_ten,svm,occupancy_bin,full,6,unith,6,Faure,june_24_g0,0.999341238471673,1.0,1.0,0.8697916666666666,5,5,20,4,8,0,9,7,4,1,2,1,4S,2S,0.8357649497759997,62,22,True,True,True,True,0
top_ten,svm,occupancy_bin,full,6,unith,6,Faure,june_24_g0,0.999341238471673,1.0,1.0,0.8697916666666666,5,,20,4,8,0,9,8,4,1,3,1,4S,3S,,62,0,True,False,True,False,0
top_ten,svm,occupancy_bin,full,6,unith,6,Faure,june_24_g0,0.999341238471673,1.0,1.0,0.8697916666666666,5,5,20,4,8,0,9,9,4,1,4,1,4S,4S,0.8038902642268015,62,62,True,True,True,True,0
top_ten,svm,occupancy_bin,full,6,unith,6,Faure,june_24_g0,0.999341238471673,1.0,1.0,0.8697916666666666,5,5,20,4,8,0,9,10,4,1,5,1,4S,5S,0.7917965191877514,62,80,True,True,True,True,0
top_ten,svm,occupancy_bin,full,6,unith,6,Faure,june_24_g0,0.999341238471673,1.0,1.0,0.8697916666666666,5,5,20,4,8,0,9,11,4,1,6,1,4S,6S,0.8091618859532943,62,69,True,True,True,True,0
top_ten,svm,occupancy_bin,full,6,unith,6,Faure,june_24_g0,0.999341238471673,1.0,1.0,0.8697916666666666,5,5,20,4,8,0,10,0,5,1,1,0,5S,1H,0.8412754317172597,80,44,True,True,True,True,0
top_ten,svm,occupancy_bin,full,6,unith,6,Faure,june_24_g0,0.999341238471673,1.0,1.0,0.8697916666666666,5,5,20,4,8,0,10,1,5,1,2,0,5S,2H,0.8232639708624522,80,28,True,True,True,True,0
top_ten,svm,occupancy_bin,full,6,unith,6,Faure,june_24_g0,0.999341238471673,1.0,1.0,0.8697916666666666,5,5,20,4,8,0,10,2,5,1,3,0,5S,3H,0.8141754326257222,80,50,True,True,True,True,0
top_ten,svm,occupancy_bin,full,6,unith,6,Faure,june_24_g0,0.999341238471673,1.0,1.0,0.8697916666666666,5,,20,4,8,0,10,3,5,1,4,0,5S,4H,,80,0,True,False,True,False,0
top_ten,svm,occupancy_bin,full,6,unith,6,Faure,june_24_g0,0.999341238471673,1.0,1.0,0.8697916666666666,5,5,20,4,8,0,10,4,5,1,5,0,5S,5H,0.7454974017335684,80,10,True,True,True,True,0
top_ten,svm,occupancy_bin,full,6,unith,6,Faure,june_24_g0,0.999341238471673,1.0,1.0,0.8697916666666666,5,,20,4,8,0,10,5,5,1,6,0,5S,6H,,80,0,True,False,True,False,0
top_ten,svm,occupancy_bin,full,6,unith,6,Faure,june_24_g0,0.999341238471673,1.0,1.0,0.8697916666666666,5,,20,4,8,0,10,6,5,1,1,1,5S,1S,,80,0,True,False,True,False,0
top_ten,svm,occupancy_bin,full,6,unith,6,Faure,june_24_g0,0.999341238471673,1.0,1.0,0.8697916666666666,5,5,20,4,8,0,10,7,5,1,2,1,5S,2S,0.8125832572490422,80,22,True,True,True,True,0
top_ten,svm,occupancy_bin,full,6,unith,6,Faure,june_24_g0,0.999341238471673,1.0,1.0,0.8697916666666666,5,,20,4,8,0,10,8,5,1,3,1,5S,3S,,80,0,True,False,True,False,0
top_ten,svm,occupancy_bin,full,6,unith,6,Faure,june_24_g0,0.999341238471673,1.0,1.0,0.8697916666666666,5,5,20,4,8,0,10,9,5,1,4,1,5S,4S,0.7917965191877514,80,62,True,True,True,True,0
top_ten,svm,occupancy_bin,full,6,unith,6,Faure,june_24_g0,0.999341238471673,1.0,1.0,0.8697916666666666,5,5,20,4,8,0,10,10,5,1,5,1,5S,5S,0.8012230465633363,80,80,True,True,True,True,0
top_ten,svm,occupancy_bin,full,6,unith,6,Faure,june_24_g0,0.999341238471673,1.0,1.0,0.8697916666666666,5,5,20,4,8,0,10,11,5,1,6,1,5S,6S,0.8021941070164587,80,69,True,True,True,True,0
top_ten,svm,occupancy_bin,full,6,unith,6,Faure,june_24_g0,0.999341238471673,1.0,1.0,0.8697916666666666,5,5,20,4,8,0,11,0,6,1,1,0,6S,1H,0.7932134787179503,69,44,True,True,True,True,0
top_ten,svm,occupancy_bin,full,6,unith,6,Faure,june_24_g0,0.999341238471673,1.0,1.0,0.8697916666666666,5,5,20,4,8,0,11,1,6,1,2,0,6S,2H,0.8617903947094903,69,28,True,True,True,True,0
top_ten,svm,occupancy_bin,full,6,unith,6,Faure,june_24_g0,0.999341238471673,1.0,1.0,0.8697916666666666,5,5,20,4,8,0,11,2,6,1,3,0,6S,3H,0.842378307315965,69,50,True,True,True,True,0
top_ten,svm,occupancy_bin,full,6,unith,6,Faure,june_24_g0,0.999341238471673,1.0,1.0,0.8697916666666666,5,,20,4,8,0,11,3,6,1,4,0,6S,4H,,69,0,True,False,True,False,0
top_ten,svm,occupancy_bin,full,6,unith,6,Faure,june_24_g0,0.999341238471673,1.0,1.0,0.8697916666666666,5,5,20,4,8,0,11,4,6,1,5,0,6S,5H,0.6982359271093465,69,10,True,True,True,True,0
top_ten,svm,occupancy_bin,full,6,unith,6,Faure,june_24_g0,0.999341238471673,1.0,1.0,0.8697916666666666,5,,20,4,8,0,11,5,6,1,6,0,6S,6H,,69,0,True,False,True,False,0
top_ten,svm,occupancy_bin,full,6,unith,6,Faure,june_24_g0,0.999341238471673,1.0,1.0,0.8697916666666666,5,,20,4,8,0,11,6,6,1,1,1,6S,1S,,69,0,True,False,True,False,0
top_ten,svm,occupancy_bin,full,6,unith,6,Faure,june_24_g0,0.999341238471673,1.0,1.0,0.8697916666666666,5,5,20,4,8,0,11,7,6,1,2,1,6S,2S,0.799889359044337,69,22,True,True,True,True,0
top_ten,svm,occupancy_bin,full,6,unith,6,Faure,june_24_g0,0.999341238471673,1.0,1.0,0.8697916666666666,5,,20,4,8,0,11,8,6,1,3,1,6S,3S,,69,0,True,False,True,False,0
top_ten,svm,occupancy_bin,full,6,unith,6,Faure,june_24_g0,0.999341238471673,1.0,1.0,0.8697916666666666,5,5,20,4,8,0,11,9,6,1,4,1,6S,4S,0.8091618859532943,69,62,True,True,True,True,0
top_ten,svm,occupancy_bin,full,6,unith,6,Faure,june_24_g0,0.999341238471673,1.0,1.0,0.8697916666666666,5,5,20,4,8,0,11,10,6,1,5,1,6S,5S,0.8021941070164587,69,80,True,True,True,True,0
top_ten,svm,occupancy_bin,full,6,unith,6,Faure,june_24_g0,0.999341238471673,1.0,1.0,0.8697916666666666,5,5,20,4,8,0,11,11,6,1,6,1,6S,6S,0.8031950126082101,69,69,True,True,True,True,0
top_ten,svm,occupancy_bin,full,6,unith,6,Faure,june_28_g0,0.993063812921126,0.9944510503369005,0.9511494252873562,0.5545023696682464,4,4,20,4,8,0,0,0,1,0,1,0,1H,1H,0.817384982726219,57,57,True,True,True,True,0
top_ten,svm,occupancy_bin,full,6,unith,6,Faure,june_28_g0,0.993063812921126,0.9944510503369005,0.9511494252873562,0.5545023696682464,4,4,20,4,8,0,0,1,1,0,2,0,1H,2H,0.8417858405743767,57,51,True,True,True,True,0
top_ten,svm,occupancy_bin,full,6,unith,6,Faure,june_28_g0,0.993063812921126,0.9944510503369005,0.9511494252873562,0.5545023696682464,4,4,20,4,8,0,0,2,1,0,3,0,1H,3H,0.7845090092566775,57,64,True,True,True,True,0
top_ten,svm,occupancy_bin,full,6,unith,6,Faure,june_28_g0,0.993063812921126,0.9944510503369005,0.9511494252873562,0.5545023696682464,4,4,20,4,8,0,0,3,1,0,4,0,1H,4H,0.8197369887431194,57,9,True,True,True,True,0
top_ten,svm,occupancy_bin,full,6,unith,6,Faure,june_28_g0,0.993063812921126,0.9944510503369005,0.9511494252873562,0.5545023696682464,4,4,20,4,8,0,0,4,1,0,5,0,1H,5H,0.818426070007819,57,25,True,True,True,True,0
top_ten,svm,occupancy_bin,full,6,unith,6,Faure,june_28_g0,0.993063812921126,0.9944510503369005,0.9511494252873562,0.5545023696682464,4,,20,4,8,0,0,5,1,0,6,0,1H,6H,,57,0,True,False,True,False,0
top_ten,svm,occupancy_bin,full,6,unith,6,Faure,june_28_g0,0.993063812921126,0.9944510503369005,0.9511494252873562,0.5545023696682464,4,,20,4,8,0,0,6,1,0,1,1,1H,1S,,57,0,True,False,True,False,0
top_ten,svm,occupancy_bin,full,6,unith,6,Faure,june_28_g0,0.993063812921126,0.9944510503369005,0.9511494252873562,0.5545023696682464,4,4,20,4,8,0,0,7,1,0,2,1,1H,2S,0.8605541860328583,57,12,True,True,True,True,0
top_ten,svm,occupancy_bin,full,6,unith,6,Faure,june_28_g0,0.993063812921126,0.9944510503369005,0.9511494252873562,0.5545023696682464,4,,20,4,8,0,0,8,1,0,3,1,1H,3S,,57,0,True,False,True,False,0
top_ten,svm,occupancy_bin,full,6,unith,6,Faure,june_28_g0,0.993063812921126,0.9944510503369005,0.9511494252873562,0.5545023696682464,4,4,20,4,8,0,0,9,1,0,4,1,1H,4S,0.8485665171362111,57,52,True,True,True,True,0
top_ten,svm,occupancy_bin,full,6,unith,6,Faure,june_28_g0,0.993063812921126,0.9944510503369005,0.9511494252873562,0.5545023696682464,4,4,20,4,8,0,0,10,1,0,5,1,1H,5S,0.7860007130656145,57,59,True,True,True,True,0
top_ten,svm,occupancy_bin,full,6,unith,6,Faure,june_28_g0,0.993063812921126,0.9944510503369005,0.9511494252873562,0.5545023696682464,4,4,20,4,8,0,0,11,1,0,6,1,1H,6S,0.8403203149443149,57,80,True,True,True,True,0
top_ten,svm,occupancy_bin,full,6,unith,6,Faure,june_28_g0,0.993063812921126,0.9944510503369005,0.9511494252873562,0.5545023696682464,4,4,20,4,8,0,1,0,2,0,1,0,2H,1H,0.8417858405743767,51,57,True,True,True,True,0
top_ten,svm,occupancy_bin,full,6,unith,6,Faure,june_28_g0,0.993063812921126,0.9944510503369005,0.9511494252873562,0.5545023696682464,4,4,20,4,8,0,1,1,2,0,2,0,2H,2H,0.8949107651684793,51,51,True,True,True,True,0
top_ten,svm,occupancy_bin,full,6,unith,6,Faure,june_28_g0,0.993063812921126,0.9944510503369005,0.9511494252873562,0.5545023696682464,4,4,20,4,8,0,1,2,2,0,3,0,2H,3H,0.772985400305389,51,64,True,True,True,True,0
top_ten,svm,occupancy_bin,full,6,unith,6,Faure,june_28_g0,0.993063812921126,0.9944510503369005,0.9511494252873562,0.5545023696682464,4,4,20,4,8,0,1,3,2,0,4,0,2H,4H,0.858990175100736,51,9,True,True,True,True,0
top_ten,svm,occupancy_bin,full,6,unith,6,Faure,june_28_g0,0.993063812921126,0.9944510503369005,0.9511494252873562,0.5545023696682464,4,4,20,4,8,0,1,4,2,0,5,0,2H,5H,0.8391076010668528,51,25,True,True,True,True,0
top_ten,svm,occupancy_bin,full,6,unith,6,Faure,june_28_g0,0.993063812921126,0.9944510503369005,0.9511494252873562,0.5545023696682464,4,,20,4,8,0,1,5,2,0,6,0,2H,6H,,51,0,True,False,True,False,0
top_ten,svm,occupancy_bin,full,6,unith,6,Faure,june_28_g0,0.993063812921126,0.9944510503369005,0.9511494252873562,0.5545023696682464,4,,20,4,8,0,1,6,2,0,1,1,2H,1S,,51,0,True,False,True,False,0
top_ten,svm,occupancy_bin,full,6,unith,6,Faure,june_28_g0,0.993063812921126,0.9944510503369005,0.9511494252873562,0.5545023696682464,4,4,20,4,8,0,1,7,2,0,2,1,2H,2S,0.8709269819308277,51,12,True,True,True,True,0
top_ten,svm,occupancy_bin,full,6,unith,6,Faure,june_28_g0,0.993063812921126,0.9944510503369005,0.9511494252873562,0.5545023696682464,4,,20,4,8,0,1,8,2,0,3,1,2H,3S,,51,0,True,False,True,False,0
top_ten,svm,occupancy_bin,full,6,unith,6,Faure,june_28_g0,0.993063812921126,0.9944510503369005,0.9511494252873562,0.5545023696682464,4,4,20,4,8,0,1,9,2,0,4,1,2H,4S,0.8905282217494896,51,52,True,True,True,True,0
top_ten,svm,occupancy_bin,full,6,unith,6,Faure,june_28_g0,0.993063812921126,0.9944510503369005,0.9511494252873562,0.5545023696682464,4,4,20,4,8,0,1,10,2,0,5,1,2H,5S,0.7466889813577481,51,59,True,True,True,True,0
top_ten,svm,occupancy_bin,full,6,unith,6,Faure,june_28_g0,0.993063812921126,0.9944510503369005,0.9511494252873562,0.5545023696682464,4,4,20,4,8,0,1,11,2,0,6,1,2H,6S,0.8414046759542352,51,80,True,True,True,True,0
top_ten,svm,occupancy_bin,full,6,unith,6,Faure,june_28_g0,0.993063812921126,0.9944510503369005,0.9511494252873562,0.5545023696682464,4,4,20,4,8,0,2,0,3,0,1,0,3H,1H,0.7845090092566775,64,57,True,True,True,True,0
top_ten,svm,occupancy_bin,full,6,unith,6,Faure,june_28_g0,0.993063812921126,0.9944510503369005,0.9511494252873562,0.5545023696682464,4,4,20,4,8,0,2,1,3,0,2,0,3H,2H,0.772985400305389,64,51,True,True,True,True,0
top_ten,svm,occupancy_bin,full,6,unith,6,Faure,june_28_g0,0.993063812921126,0.9944510503369005,0.9511494252873562,0.5545023696682464,4,4,20,4,8,0,2,2,3,0,3,0,3H,3H,0.7524670777027731,64,64,True,True,True,True,0
top_ten,svm,occupancy_bin,full,6,unith,6,Faure,june_28_g0,0.993063812921126,0.9944510503369005,0.9511494252873562,0.5545023696682464,4,4,20,4,8,0,2,3,3,0,4,0,3H,4H,0.7979297395955873,64,9,True,True,True,True,0
top_ten,svm,occupancy_bin,full,6,unith,6,Faure,june_28_g0,0.993063812921126,0.9944510503369005,0.9511494252873562,0.5545023696682464,4,4,20,4,8,0,2,4,3,0,5,0,3H,5H,0.7833998066657134,64,25,True,True,True,True,0
top_ten,svm,occupancy_bin,full,6,unith,6,Faure,june_28_g0,0.993063812921126,0.9944510503369005,0.9511494252873562,0.5545023696682464,4,,20,4,8,0,2,5,3,0,6,0,3H,6H,,64,0,True,False,True,False,0
top_ten,svm,occupancy_bin,full,6,unith,6,Faure,june_28_g0,0.993063812921126,0.9944510503369005,0.9511494252873562,0.5545023696682464,4,,20,4,8,0,2,6,3,0,1,1,3H,1S,,64,0,True,False,True,False,0
top_ten,svm,occupancy_bin,full,6,unith,6,Faure,june_28_g0,0.993063812921126,0.9944510503369005,0.9511494252873562,0.5545023696682464,4,4,20,4,8,0,2,7,3,0,2,1,3H,2S,0.8047377259069972,64,12,True,True,True,True,0
top_ten,svm,occupancy_bin,full,6,unith,6,Faure,june_28_g0,0.993063812921126,0.9944510503369005,0.9511494252873562,0.5545023696682464,4,,20,4,8,0,2,8,3,0,3,1,3H,3S,,64,0,True,False,True,False,0
top_ten,svm,occupancy_bin,full,6,unith,6,Faure,june_28_g0,0.993063812921126,0.9944510503369005,0.9511494252873562,0.5545023696682464,4,4,20,4,8,0,2,9,3,0,4,1,3H,4S,0.8120249032667293,64,52,True,True,True,True,0
top_ten,svm,occupancy_bin,full,6,unith,6,Faure,june_28_g0,0.993063812921126,0.9944510503369005,0.9511494252873562,0.5545023696682464,4,4,20,4,8,0,2,10,3,0,5,1,3H,5S,0.8247168453725455,64,59,True,True,True,True,0
top_ten,svm,occupancy_bin,full,6,unith,6,Faure,june_28_g0,0.993063812921126,0.9944510503369005,0.9511494252873562,0.5545023696682464,4,4,20,4,8,0,2,11,3,0,6,1,3H,6S,0.7845778114153377,64,80,True,True,True,True,0
top_ten,svm,occupancy_bin,full,6,unith,6,Faure,june_28_g0,0.993063812921126,0.9944510503369005,0.9511494252873562,0.5545023696682464,4,4,20,4,8,0,3,0,4,0,1,0,4H,1H,0.8197369887431194,9,57,True,True,True,True,0
top_ten,svm,occupancy_bin,full,6,unith,6,Faure,june_28_g0,0.993063812921126,0.9944510503369005,0.9511494252873562,0.5545023696682464,4,4,20,4,8,0,3,1,4,0,2,0,4H,2H,0.858990175100736,9,51,True,True,True,True,0
top_ten,svm,occupancy_bin,full,6,unith,6,Faure,june_28_g0,0.993063812921126,0.9944510503369005,0.9511494252873562,0.5545023696682464,4,4,20,4,8,0,3,2,4,0,3,0,4H,3H,0.7979297395955873,9,64,True,True,True,True,0
top_ten,svm,occupancy_bin,full,6,unith,6,Faure,june_28_g0,0.993063812921126,0.9944510503369005,0.9511494252873562,0.5545023696682464,4,4,20,4,8,0,3,3,4,0,4,0,4H,4H,0.8347255050369593,9,9,True,True,True,True,0
top_ten,svm,occupancy_bin,full,6,unith,6,Faure,june_28_g0,0.993063812921126,0.9944510503369005,0.9511494252873562,0.5545023696682464,4,4,20,4,8,0,3,4,4,0,5,0,4H,5H,0.7983753651768175,9,25,True,True,True,True,0
top_ten,svm,occupancy_bin,full,6,unith,6,Faure,june_28_g0,0.993063812921126,0.9944510503369005,0.9511494252873562,0.5545023696682464,4,,20,4,8,0,3,5,4,0,6,0,4H,6H,,9,0,True,False,True,False,0
top_ten,svm,occupancy_bin,full,6,unith,6,Faure,june_28_g0,0.993063812921126,0.9944510503369005,0.9511494252873562,0.5545023696682464,4,,20,4,8,0,3,6,4,0,1,1,4H,1S,,9,0,True,False,True,False,0
top_ten,svm,occupancy_bin,full,6,unith,6,Faure,june_28_g0,0.993063812921126,0.9944510503369005,0.9511494252873562,0.5545023696682464,4,4,20,4,8,0,3,7,4,0,2,1,4H,2S,0.8712265342968804,9,12,True,True,True,True,0
top_ten,svm,occupancy_bin,full,6,unith,6,Faure,june_28_g0,0.993063812921126,0.9944510503369005,0.9511494252873562,0.5545023696682464,4,,20,4,8,0,3,8,4,0,3,1,4H,3S,,9,0,True,False,True,False,0
top_ten,svm,occupancy_bin,full,6,unith,6,Faure,june_28_g0,0.993063812921126,0.9944510503369005,0.9511494252873562,0.5545023696682464,4,4,20,4,8,0,3,9,4,0,4,1,4H,4S,0.8528259668610353,9,52,True,True,True,True,0
top_ten,svm,occupancy_bin,full,6,unith,6,Faure,june_28_g0,0.993063812921126,0.9944510503369005,0.9511494252873562,0.5545023696682464,4,4,20,4,8,0,3,10,4,0,5,1,4H,5S,0.7758606163107263,9,59,True,True,True,True,0
top_ten,svm,occupancy_bin,full,6,unith,6,Faure,june_28_g0,0.993063812921126,0.9944510503369005,0.9511494252873562,0.5545023696682464,4,4,20,4,8,0,3,11,4,0,6,1,4H,6S,0.8463150821612571,9,80,True,True,True,True,0
top_ten,svm,occupancy_bin,full,6,unith,6,Faure,june_28_g0,0.993063812921126,0.9944510503369005,0.9511494252873562,0.5545023696682464,4,4,20,4,8,0,4,0,5,0,1,0,5H,1H,0.818426070007819,25,57,True,True,True,True,0
top_ten,svm,occupancy_bin,full,6,unith,6,Faure,june_28_g0,0.993063812921126,0.9944510503369005,0.9511494252873562,0.5545023696682464,4,4,20,4,8,0,4,1,5,0,2,0,5H,2H,0.8391076010668528,25,51,True,True,True,True,0
top_ten,svm,occupancy_bin,full,6,unith,6,Faure,june_28_g0,0.993063812921126,0.9944510503369005,0.9511494252873562,0.5545023696682464,4,4,20,4,8,0,4,2,5,0,3,0,5H,3H,0.7833998066657134,25,64,True,True,True,True,0
top_ten,svm,occupancy_bin,full,6,unith,6,Faure,june_28_g0,0.993063812921126,0.9944510503369005,0.9511494252873562,0.5545023696682464,4,4,20,4,8,0,4,3,5,0,4,0,5H,4H,0.7983753651768175,25,9,True,True,True,True,0
top_ten,svm,occupancy_bin,full,6,unith,6,Faure,june_28_g0,0.993063812921126,0.9944510503369005,0.9511494252873562,0.5545023696682464,4,4,20,4,8,0,4,4,5,0,5,0,5H,5H,0.8199240647077983,25,25,True,True,True,True,0
top_ten,svm,occupancy_bin,full,6,unith,6,Faure,june_28_g0,0.993063812921126,0.9944510503369005,0.9511494252873562,0.5545023696682464,4,,20,4,8,0,4,5,5,0,6,0,5H,6H,,25,0,True,False,True,False,0
top_ten,svm,occupancy_bin,full,6,unith,6,Faure,june_28_g0,0.993063812921126,0.9944510503369005,0.9511494252873562,0.5545023696682464,4,,20,4,8,0,4,6,5,0,1,1,5H,1S,,25,0,True,False,True,False,0
top_ten,svm,occupancy_bin,full,6,unith,6,Faure,june_28_g0,0.993063812921126,0.9944510503369005,0.9511494252873562,0.5545023696682464,4,4,20,4,8,0,4,7,5,0,2,1,5H,2S,0.8331575925111074,25,12,True,True,True,True,0
top_ten,svm,occupancy_bin,full,6,unith,6,Faure,june_28_g0,0.993063812921126,0.9944510503369005,0.9511494252873562,0.5545023696682464,4,,20,4,8,0,4,8,5,0,3,1,5H,3S,,25,0,True,False,True,False,0
top_ten,svm,occupancy_bin,full,6,unith,6,Faure,june_28_g0,0.993063812921126,0.9944510503369005,0.9511494252873562,0.5545023696682464,4,4,20,4,8,0,4,9,5,0,4,1,5H,4S,0.84051010804872,25,52,True,True,True,True,0
top_ten,svm,occupancy_bin,full,6,unith,6,Faure,june_28_g0,0.993063812921126,0.9944510503369005,0.9511494252873562,0.5545023696682464,4,4,20,4,8,0,4,10,5,0,5,1,5H,5S,0.7804294912470051,25,59,True,True,True,True,0
top_ten,svm,occupancy_bin,full,6,unith,6,Faure,june_28_g0,0.993063812921126,0.9944510503369005,0.9511494252873562,0.5545023696682464,4,4,20,4,8,0,4,11,5,0,6,1,5H,6S,0.8106371334623491,25,80,True,True,True,True,0
top_ten,svm,occupancy_bin,full,6,unith,6,Faure,june_28_g0,0.993063812921126,0.9944510503369005,0.9511494252873562,0.5545023696682464,,4,20,4,8,0,5,0,6,0,1,0,6H,1H,,0,57,False,True,False,True,0
top_ten,svm,occupancy_bin,full,6,unith,6,Faure,june_28_g0,0.993063812921126,0.9944510503369005,0.9511494252873562,0.5545023696682464,,4,20,4,8,0,5,1,6,0,2,0,6H,2H,,0,51,False,True,False,True,0
top_ten,svm,occupancy_bin,full,6,unith,6,Faure,june_28_g0,0.993063812921126,0.9944510503369005,0.9511494252873562,0.5545023696682464,,4,20,4,8,0,5,2,6,0,3,0,6H,3H,,0,64,False,True,False,True,0
top_ten,svm,occupancy_bin,full,6,unith,6,Faure,june_28_g0,0.993063812921126,0.9944510503369005,0.9511494252873562,0.5545023696682464,,4,20,4,8,0,5,3,6,0,4,0,6H,4H,,0,9,False,True,False,True,0
top_ten,svm,occupancy_bin,full,6,unith,6,Faure,june_28_g0,0.993063812921126,0.9944510503369005,0.9511494252873562,0.5545023696682464,,4,20,4,8,0,5,4,6,0,5,0,6H,5H,,0,25,False,True,False,True,0
top_ten,svm,occupancy_bin,full,6,unith,6,Faure,june_28_g0,0.993063812921126,0.9944510503369005,0.9511494252873562,0.5545023696682464,,,20,4,8,0,5,5,6,0,6,0,6H,6H,,0,0,False,False,False,False,0
top_ten,svm,occupancy_bin,full,6,unith,6,Faure,june_28_g0,0.993063812921126,0.9944510503369005,0.9511494252873562,0.5545023696682464,,,20,4,8,0,5,6,6,0,1,1,6H,1S,,0,0,False,False,False,False,0
top_ten,svm,occupancy_bin,full,6,unith,6,Faure,june_28_g0,0.993063812921126,0.9944510503369005,0.9511494252873562,0.5545023696682464,,4,20,4,8,0,5,7,6,0,2,1,6H,2S,,0,12,False,True,False,True,0
top_ten,svm,occupancy_bin,full,6,unith,6,Faure,june_28_g0,0.993063812921126,0.9944510503369005,0.9511494252873562,0.5545023696682464,,,20,4,8,0,5,8,6,0,3,1,6H,3S,,0,0,False,False,False,False,0
top_ten,svm,occupancy_bin,full,6,unith,6,Faure,june_28_g0,0.993063812921126,0.9944510503369005,0.9511494252873562,0.5545023696682464,,4,20,4,8,0,5,9,6,0,4,1,6H,4S,,0,52,False,True,False,True,0
top_ten,svm,occupancy_bin,full,6,unith,6,Faure,june_28_g0,0.993063812921126,0.9944510503369005,0.9511494252873562,0.5545023696682464,,4,20,4,8,0,5,10,6,0,5,1,6H,5S,,0,59,False,True,False,True,0
top_ten,svm,occupancy_bin,full,6,unith,6,Faure,june_28_g0,0.993063812921126,0.9944510503369005,0.9511494252873562,0.5545023696682464,,4,20,4,8,0,5,11,6,0,6,1,6H,6S,,0,80,False,True,False,True,0
top_ten,svm,occupancy_bin,full,6,unith,6,Faure,june_28_g0,0.993063812921126,0.9944510503369005,0.9511494252873562,0.5545023696682464,,4,20,4,8,0,6,0,1,1,1,0,1S,1H,,0,57,False,True,False,True,0
top_ten,svm,occupancy_bin,full,6,unith,6,Faure,june_28_g0,0.993063812921126,0.9944510503369005,0.9511494252873562,0.5545023696682464,,4,20,4,8,0,6,1,1,1,2,0,1S,2H,,0,51,False,True,False,True,0
top_ten,svm,occupancy_bin,full,6,unith,6,Faure,june_28_g0,0.993063812921126,0.9944510503369005,0.9511494252873562,0.5545023696682464,,4,20,4,8,0,6,2,1,1,3,0,1S,3H,,0,64,False,True,False,True,0
top_ten,svm,occupancy_bin,full,6,unith,6,Faure,june_28_g0,0.993063812921126,0.9944510503369005,0.9511494252873562,0.5545023696682464,,4,20,4,8,0,6,3,1,1,4,0,1S,4H,,0,9,False,True,False,True,0
top_ten,svm,occupancy_bin,full,6,unith,6,Faure,june_28_g0,0.993063812921126,0.9944510503369005,0.9511494252873562,0.5545023696682464,,4,20,4,8,0,6,4,1,1,5,0,1S,5H,,0,25,False,True,False,True,0
top_ten,svm,occupancy_bin,full,6,unith,6,Faure,june_28_g0,0.993063812921126,0.9944510503369005,0.9511494252873562,0.5545023696682464,,,20,4,8,0,6,5,1,1,6,0,1S,6H,,0,0,False,False,False,False,0
top_ten,svm,occupancy_bin,full,6,unith,6,Faure,june_28_g0,0.993063812921126,0.9944510503369005,0.9511494252873562,0.5545023696682464,,,20,4,8,0,6,6,1,1,1,1,1S,1S,,0,0,False,False,False,False,0
top_ten,svm,occupancy_bin,full,6,unith,6,Faure,june_28_g0,0.993063812921126,0.9944510503369005,0.9511494252873562,0.5545023696682464,,4,20,4,8,0,6,7,1,1,2,1,1S,2S,,0,12,False,True,False,True,0
top_ten,svm,occupancy_bin,full,6,unith,6,Faure,june_28_g0,0.993063812921126,0.9944510503369005,0.9511494252873562,0.5545023696682464,,,20,4,8,0,6,8,1,1,3,1,1S,3S,,0,0,False,False,False,False,0
top_ten,svm,occupancy_bin,full,6,unith,6,Faure,june_28_g0,0.993063812921126,0.9944510503369005,0.9511494252873562,0.5545023696682464,,4,20,4,8,0,6,9,1,1,4,1,1S,4S,,0,52,False,True,False,True,0
top_ten,svm,occupancy_bin,full,6,unith,6,Faure,june_28_g0,0.993063812921126,0.9944510503369005,0.9511494252873562,0.5545023696682464,,4,20,4,8,0,6,10,1,1,5,1,1S,5S,,0,59,False,True,False,True,0
top_ten,svm,occupancy_bin,full,6,unith,6,Faure,june_28_g0,0.993063812921126,0.9944510503369005,0.9511494252873562,0.5545023696682464,,4,20,4,8,0,6,11,1,1,6,1,1S,6S,,0,80,False,True,False,True,0
top_ten,svm,occupancy_bin,full,6,unith,6,Faure,june_28_g0,0.993063812921126,0.9944510503369005,0.9511494252873562,0.5545023696682464,4,4,20,4,8,0,7,0,2,1,1,0,2S,1H,0.8605541860328583,12,57,True,True,True,True,0
top_ten,svm,occupancy_bin,full,6,unith,6,Faure,june_28_g0,0.993063812921126,0.9944510503369005,0.9511494252873562,0.5545023696682464,4,4,20,4,8,0,7,1,2,1,2,0,2S,2H,0.8709269819308277,12,51,True,True,True,True,0
top_ten,svm,occupancy_bin,full,6,unith,6,Faure,june_28_g0,0.993063812921126,0.9944510503369005,0.9511494252873562,0.5545023696682464,4,4,20,4,8,0,7,2,2,1,3,0,2S,3H,0.8047377259069972,12,64,True,True,True,True,0
top_ten,svm,occupancy_bin,full,6,unith,6,Faure,june_28_g0,0.993063812921126,0.9944510503369005,0.9511494252873562,0.5545023696682464,4,4,20,4,8,0,7,3,2,1,4,0,2S,4H,0.8712265342968804,12,9,True,True,True,True,0
top_ten,svm,occupancy_bin,full,6,unith,6,Faure,june_28_g0,0.993063812921126,0.9944510503369005,0.9511494252873562,0.5545023696682464,4,4,20,4,8,0,7,4,2,1,5,0,2S,5H,0.8331575925111074,12,25,True,True,True,True,0
top_ten,svm,occupancy_bin,full,6,unith,6,Faure,june_28_g0,0.993063812921126,0.9944510503369005,0.9511494252873562,0.5545023696682464,4,,20,4,8,0,7,5,2,1,6,0,2S,6H,,12,0,True,False,True,False,0
top_ten,svm,occupancy_bin,full,6,unith,6,Faure,june_28_g0,0.993063812921126,0.9944510503369005,0.9511494252873562,0.5545023696682464,4,,20,4,8,0,7,6,2,1,1,1,2S,1S,,12,0,True,False,True,False,0
top_ten,svm,occupancy_bin,full,6,unith,6,Faure,june_28_g0,0.993063812921126,0.9944510503369005,0.9511494252873562,0.5545023696682464,4,4,20,4,8,0,7,7,2,1,2,1,2S,2S,0.793266463737871,12,12,True,True,True,True,0
top_ten,svm,occupancy_bin,full,6,unith,6,Faure,june_28_g0,0.993063812921126,0.9944510503369005,0.9511494252873562,0.5545023696682464,4,,20,4,8,0,7,8,2,1,3,1,2S,3S,,12,0,True,False,True,False,0
top_ten,svm,occupancy_bin,full,6,unith,6,Faure,june_28_g0,0.993063812921126,0.9944510503369005,0.9511494252873562,0.5545023696682464,4,4,20,4,8,0,7,9,2,1,4,1,2S,4S,0.8552470114431054,12,52,True,True,True,True,0
top_ten,svm,occupancy_bin,full,6,unith,6,Faure,june_28_g0,0.993063812921126,0.9944510503369005,0.9511494252873562,0.5545023696682464,4,4,20,4,8,0,7,10,2,1,5,1,2S,5S,0.7882399502042042,12,59,True,True,True,True,0
top_ten,svm,occupancy_bin,full,6,unith,6,Faure,june_28_g0,0.993063812921126,0.9944510503369005,0.9511494252873562,0.5545023696682464,4,4,20,4,8,0,7,11,2,1,6,1,2S,6S,0.8531933094738312,12,80,True,True,True,True,0
top_ten,svm,occupancy_bin,full,6,unith,6,Faure,june_28_g0,0.993063812921126,0.9944510503369005,0.9511494252873562,0.5545023696682464,,4,20,4,8,0,8,0,3,1,1,0,3S,1H,,0,57,False,True,False,True,0
top_ten,svm,occupancy_bin,full,6,unith,6,Faure,june_28_g0,0.993063812921126,0.9944510503369005,0.9511494252873562,0.5545023696682464,,4,20,4,8,0,8,1,3,1,2,0,3S,2H,,0,51,False,True,False,True,0
top_ten,svm,occupancy_bin,full,6,unith,6,Faure,june_28_g0,0.993063812921126,0.9944510503369005,0.9511494252873562,0.5545023696682464,,4,20,4,8,0,8,2,3,1,3,0,3S,3H,,0,64,False,True,False,True,0
top_ten,svm,occupancy_bin,full,6,unith,6,Faure,june_28_g0,0.993063812921126,0.9944510503369005,0.9511494252873562,0.5545023696682464,,4,20,4,8,0,8,3,3,1,4,0,3S,4H,,0,9,False,True,False,True,0
top_ten,svm,occupancy_bin,full,6,unith,6,Faure,june_28_g0,0.993063812921126,0.9944510503369005,0.9511494252873562,0.5545023696682464,,4,20,4,8,0,8,4,3,1,5,0,3S,5H,,0,25,False,True,False,True,0
top_ten,svm,occupancy_bin,full,6,unith,6,Faure,june_28_g0,0.993063812921126,0.9944510503369005,0.9511494252873562,0.5545023696682464,,,20,4,8,0,8,5,3,1,6,0,3S,6H,,0,0,False,False,False,False,0
top_ten,svm,occupancy_bin,full,6,unith,6,Faure,june_28_g0,0.993063812921126,0.9944510503369005,0.9511494252873562,0.5545023696682464,,,20,4,8,0,8,6,3,1,1,1,3S,1S,,0,0,False,False,False,False,0
top_ten,svm,occupancy_bin,full,6,unith,6,Faure,june_28_g0,0.993063812921126,0.9944510503369005,0.9511494252873562,0.5545023696682464,,4,20,4,8,0,8,7,3,1,2,1,3S,2S,,0,12,False,True,False,True,0
top_ten,svm,occupancy_bin,full,6,unith,6,Faure,june_28_g0,0.993063812921126,0.9944510503369005,0.9511494252873562,0.5545023696682464,,,20,4,8,0,8,8,3,1,3,1,3S,3S,,0,0,False,False,False,False,0
top_ten,svm,occupancy_bin,full,6,unith,6,Faure,june_28_g0,0.993063812921126,0.9944510503369005,0.9511494252873562,0.5545023696682464,,4,20,4,8,0,8,9,3,1,4,1,3S,4S,,0,52,False,True,False,True,0
top_ten,svm,occupancy_bin,full,6,unith,6,Faure,june_28_g0,0.993063812921126,0.9944510503369005,0.9511494252873562,0.5545023696682464,,4,20,4,8,0,8,10,3,1,5,1,3S,5S,,0,59,False,True,False,True,0
top_ten,svm,occupancy_bin,full,6,unith,6,Faure,june_28_g0,0.993063812921126,0.9944510503369005,0.9511494252873562,0.5545023696682464,,4,20,4,8,0,8,11,3,1,6,1,3S,6S,,0,80,False,True,False,True,0
top_ten,svm,occupancy_bin,full,6,unith,6,Faure,june_28_g0,0.993063812921126,0.9944510503369005,0.9511494252873562,0.5545023696682464,4,4,20,4,8,0,9,0,4,1,1,0,4S,1H,0.8485665171362111,52,57,True,True,True,True,0
top_ten,svm,occupancy_bin,full,6,unith,6,Faure,june_28_g0,0.993063812921126,0.9944510503369005,0.9511494252873562,0.5545023696682464,4,4,20,4,8,0,9,1,4,1,2,0,4S,2H,0.8905282217494896,52,51,True,True,True,True,0
top_ten,svm,occupancy_bin,full,6,unith,6,Faure,june_28_g0,0.993063812921126,0.9944510503369005,0.9511494252873562,0.5545023696682464,4,4,20,4,8,0,9,2,4,1,3,0,4S,3H,0.8120249032667293,52,64,True,True,True,True,0
top_ten,svm,occupancy_bin,full,6,unith,6,Faure,june_28_g0,0.993063812921126,0.9944510503369005,0.9511494252873562,0.5545023696682464,4,4,20,4,8,0,9,3,4,1,4,0,4S,4H,0.8528259668610353,52,9,True,True,True,True,0
top_ten,svm,occupancy_bin,full,6,unith,6,Faure,june_28_g0,0.993063812921126,0.9944510503369005,0.9511494252873562,0.5545023696682464,4,4,20,4,8,0,9,4,4,1,5,0,4S,5H,0.84051010804872,52,25,True,True,True,True,0
top_ten,svm,occupancy_bin,full,6,unith,6,Faure,june_28_g0,0.993063812921126,0.9944510503369005,0.9511494252873562,0.5545023696682464,4,,20,4,8,0,9,5,4,1,6,0,4S,6H,,52,0,True,False,True,False,0
top_ten,svm,occupancy_bin,full,6,unith,6,Faure,june_28_g0,0.993063812921126,0.9944510503369005,0.9511494252873562,0.5545023696682464,4,,20,4,8,0,9,6,4,1,1,1,4S,1S,,52,0,True,False,True,False,0
top_ten,svm,occupancy_bin,full,6,unith,6,Faure,june_28_g0,0.993063812921126,0.9944510503369005,0.9511494252873562,0.5545023696682464,4,4,20,4,8,0,9,7,4,1,2,1,4S,2S,0.8552470114431054,52,12,True,True,True,True,0
top_ten,svm,occupancy_bin,full,6,unith,6,Faure,june_28_g0,0.993063812921126,0.9944510503369005,0.9511494252873562,0.5545023696682464,4,,20,4,8,0,9,8,4,1,3,1,4S,3S,,52,0,True,False,True,False,0
top_ten,svm,occupancy_bin,full,6,unith,6,Faure,june_28_g0,0.993063812921126,0.9944510503369005,0.9511494252873562,0.5545023696682464,4,4,20,4,8,0,9,9,4,1,4,1,4S,4S,0.8706434890250737,52,52,True,True,True,True,0
top_ten,svm,occupancy_bin,full,6,unith,6,Faure,june_28_g0,0.993063812921126,0.9944510503369005,0.9511494252873562,0.5545023696682464,4,4,20,4,8,0,9,10,4,1,5,1,4S,5S,0.7951724284438484,52,59,True,True,True,True,0
top_ten,svm,occupancy_bin,full,6,unith,6,Faure,june_28_g0,0.993063812921126,0.9944510503369005,0.9511494252873562,0.5545023696682464,4,4,20,4,8,0,9,11,4,1,6,1,4S,6S,0.8353061084151907,52,80,True,True,True,True,0
top_ten,svm,occupancy_bin,full,6,unith,6,Faure,june_28_g0,0.993063812921126,0.9944510503369005,0.9511494252873562,0.5545023696682464,4,4,20,4,8,0,10,0,5,1,1,0,5S,1H,0.7860007130656145,59,57,True,True,True,True,0
top_ten,svm,occupancy_bin,full,6,unith,6,Faure,june_28_g0,0.993063812921126,0.9944510503369005,0.9511494252873562,0.5545023696682464,4,4,20,4,8,0,10,1,5,1,2,0,5S,2H,0.7466889813577481,59,51,True,True,True,True,0
top_ten,svm,occupancy_bin,full,6,unith,6,Faure,june_28_g0,0.993063812921126,0.9944510503369005,0.9511494252873562,0.5545023696682464,4,4,20,4,8,0,10,2,5,1,3,0,5S,3H,0.8247168453725455,59,64,True,True,True,True,0
top_ten,svm,occupancy_bin,full,6,unith,6,Faure,june_28_g0,0.993063812921126,0.9944510503369005,0.9511494252873562,0.5545023696682464,4,4,20,4,8,0,10,3,5,1,4,0,5S,4H,0.7758606163107263,59,9,True,True,True,True,0
top_ten,svm,occupancy_bin,full,6,unith,6,Faure,june_28_g0,0.993063812921126,0.9944510503369005,0.9511494252873562,0.5545023696682464,4,4,20,4,8,0,10,4,5,1,5,0,5S,5H,0.7804294912470051,59,25,True,True,True,True,0
top_ten,svm,occupancy_bin,full,6,unith,6,Faure,june_28_g0,0.993063812921126,0.9944510503369005,0.9511494252873562,0.5545023696682464,4,,20,4,8,0,10,5,5,1,6,0,5S,6H,,59,0,True,False,True,False,0
top_ten,svm,occupancy_bin,full,6,unith,6,Faure,june_28_g0,0.993063812921126,0.9944510503369005,0.9511494252873562,0.5545023696682464,4,,20,4,8,0,10,6,5,1,1,1,5S,1S,,59,0,True,False,True,False,0
top_ten,svm,occupancy_bin,full,6,unith,6,Faure,june_28_g0,0.993063812921126,0.9944510503369005,0.9511494252873562,0.5545023696682464,4,4,20,4,8,0,10,7,5,1,2,1,5S,2S,0.7882399502042042,59,12,True,True,True,True,0
top_ten,svm,occupancy_bin,full,6,unith,6,Faure,june_28_g0,0.993063812921126,0.9944510503369005,0.9511494252873562,0.5545023696682464,4,,20,4,8,0,10,8,5,1,3,1,5S,3S,,59,0,True,False,True,False,0
top_ten,svm,occupancy_bin,full,6,unith,6,Faure,june_28_g0,0.993063812921126,0.9944510503369005,0.9511494252873562,0.5545023696682464,4,4,20,4,8,0,10,9,5,1,4,1,5S,4S,0.7951724284438484,59,52,True,True,True,True,0
top_ten,svm,occupancy_bin,full,6,unith,6,Faure,june_28_g0,0.993063812921126,0.9944510503369005,0.9511494252873562,0.5545023696682464,4,4,20,4,8,0,10,10,5,1,5,1,5S,5S,0.8031231764639404,59,59,True,True,True,True,0
top_ten,svm,occupancy_bin,full,6,unith,6,Faure,june_28_g0,0.993063812921126,0.9944510503369005,0.9511494252873562,0.5545023696682464,4,4,20,4,8,0,10,11,5,1,6,1,5S,6S,0.7991797747519873,59,80,True,True,True,True,0
top_ten,svm,occupancy_bin,full,6,unith,6,Faure,june_28_g0,0.993063812921126,0.9944510503369005,0.9511494252873562,0.5545023696682464,4,4,20,4,8,0,11,0,6,1,1,0,6S,1H,0.8403203149443149,80,57,True,True,True,True,0
top_ten,svm,occupancy_bin,full,6,unith,6,Faure,june_28_g0,0.993063812921126,0.9944510503369005,0.9511494252873562,0.5545023696682464,4,4,20,4,8,0,11,1,6,1,2,0,6S,2H,0.8414046759542352,80,51,True,True,True,True,0
top_ten,svm,occupancy_bin,full,6,unith,6,Faure,june_28_g0,0.993063812921126,0.9944510503369005,0.9511494252873562,0.5545023696682464,4,4,20,4,8,0,11,2,6,1,3,0,6S,3H,0.7845778114153377,80,64,True,True,True,True,0
top_ten,svm,occupancy_bin,full,6,unith,6,Faure,june_28_g0,0.993063812921126,0.9944510503369005,0.9511494252873562,0.5545023696682464,4,4,20,4,8,0,11,3,6,1,4,0,6S,4H,0.8463150821612571,80,9,True,True,True,True,0
top_ten,svm,occupancy_bin,full,6,unith,6,Faure,june_28_g0,0.993063812921126,0.9944510503369005,0.9511494252873562,0.5545023696682464,4,4,20,4,8,0,11,4,6,1,5,0,6S,5H,0.8106371334623491,80,25,True,True,True,True,0
top_ten,svm,occupancy_bin,full,6,unith,6,Faure,june_28_g0,0.993063812921126,0.9944510503369005,0.9511494252873562,0.5545023696682464,4,,20,4,8,0,11,5,6,1,6,0,6S,6H,,80,0,True,False,True,False,0
top_ten,svm,occupancy_bin,full,6,unith,6,Faure,june_28_g0,0.993063812921126,0.9944510503369005,0.9511494252873562,0.5545023696682464,4,,20,4,8,0,11,6,6,1,1,1,6S,1S,,80,0,True,False,True,False,0
top_ten,svm,occupancy_bin,full,6,unith,6,Faure,june_28_g0,0.993063812921126,0.9944510503369005,0.9511494252873562,0.5545023696682464,4,4,20,4,8,0,11,7,6,1,2,1,6S,2S,0.8531933094738312,80,12,True,True,True,True,0
top_ten,svm,occupancy_bin,full,6,unith,6,Faure,june_28_g0,0.993063812921126,0.9944510503369005,0.9511494252873562,0.5545023696682464,4,,20,4,8,0,11,8,6,1,3,1,6S,3S,,80,0,True,False,True,False,0
top_ten,svm,occupancy_bin,full,6,unith,6,Faure,june_28_g0,0.993063812921126,0.9944510503369005,0.9511494252873562,0.5545023696682464,4,4,20,4,8,0,11,9,6,1,4,1,6S,4S,0.8353061084151907,80,52,True,True,True,True,0
top_ten,svm,occupancy_bin,full,6,unith,6,Faure,june_28_g0,0.993063812921126,0.9944510503369005,0.9511494252873562,0.5545023696682464,4,4,20,4,8,0,11,10,6,1,5,1,6S,5S,0.7991797747519873,80,59,True,True,True,True,0
top_ten,svm,occupancy_bin,full,6,unith,6,Faure,june_28_g0,0.993063812921126,0.9944510503369005,0.9511494252873562,0.5545023696682464,4,4,20,4,8,0,11,11,6,1,6,1,6S,6S,0.8397980482110509,80,80,True,True,True,True,0
top_ten,svm,occupancy_bin,full,6,unith,6,Faure,june_29_g0,0.983380681818182,0.9982954545454545,0.975284090909091,0.40654205607476634,8,8,20,4,8,0,0,0,1,0,1,0,1H,1H,0.9185360149383482,54,54,True,True,True,True,0
top_ten,svm,occupancy_bin,full,6,unith,6,Faure,june_29_g0,0.983380681818182,0.9982954545454545,0.975284090909091,0.40654205607476634,8,8,20,4,8,0,0,1,1,0,2,0,1H,2H,0.8766150338908998,54,29,True,True,True,True,0
top_ten,svm,occupancy_bin,full,6,unith,6,Faure,june_29_g0,0.983380681818182,0.9982954545454545,0.975284090909091,0.40654205607476634,8,8,20,4,8,0,0,2,1,0,3,0,1H,3H,0.8780455929888872,54,61,True,True,True,True,0
top_ten,svm,occupancy_bin,full,6,unith,6,Faure,june_29_g0,0.983380681818182,0.9982954545454545,0.975284090909091,0.40654205607476634,8,,20,4,8,0,0,3,1,0,4,0,1H,4H,,54,0,True,False,True,False,0
top_ten,svm,occupancy_bin,full,6,unith,6,Faure,june_29_g0,0.983380681818182,0.9982954545454545,0.975284090909091,0.40654205607476634,8,8,20,4,8,0,0,4,1,0,5,0,1H,5H,0.842068446875021,54,16,True,True,True,True,0
top_ten,svm,occupancy_bin,full,6,unith,6,Faure,june_29_g0,0.983380681818182,0.9982954545454545,0.975284090909091,0.40654205607476634,8,,20,4,8,0,0,5,1,0,6,0,1H,6H,,54,0,True,False,True,False,0
top_ten,svm,occupancy_bin,full,6,unith,6,Faure,june_29_g0,0.983380681818182,0.9982954545454545,0.975284090909091,0.40654205607476634,8,,20,4,8,0,0,6,1,0,1,1,1H,1S,,54,0,True,False,True,False,0
top_ten,svm,occupancy_bin,full,6,unith,6,Faure,june_29_g0,0.983380681818182,0.9982954545454545,0.975284090909091,0.40654205607476634,8,8,20,4,8,0,0,7,1,0,2,1,1H,2S,0.8434190864926425,54,29,True,True,True,True,0
top_ten,svm,occupancy_bin,full,6,unith,6,Faure,june_29_g0,0.983380681818182,0.9982954545454545,0.975284090909091,0.40654205607476634,8,,20,4,8,0,0,8,1,0,3,1,1H,3S,,54,0,True,False,True,False,0
top_ten,svm,occupancy_bin,full,6,unith,6,Faure,june_29_g0,0.983380681818182,0.9982954545454545,0.975284090909091,0.40654205607476634,8,8,20,4,8,0,0,9,1,0,4,1,1H,4S,0.9068316019903095,54,70,True,True,True,True,0
top_ten,svm,occupancy_bin,full,6,unith,6,Faure,june_29_g0,0.983380681818182,0.9982954545454545,0.975284090909091,0.40654205607476634,8,8,20,4,8,0,0,10,1,0,5,1,1H,5S,0.8781805678172955,54,78,True,True,True,True,0
top_ten,svm,occupancy_bin,full,6,unith,6,Faure,june_29_g0,0.983380681818182,0.9982954545454545,0.975284090909091,0.40654205607476634,8,8,20,4,8,0,0,11,1,0,6,1,1H,6S,0.8585137592731927,54,62,True,True,True,True,0
top_ten,svm,occupancy_bin,full,6,unith,6,Faure,june_29_g0,0.983380681818182,0.9982954545454545,0.975284090909091,0.40654205607476634,8,8,20,4,8,0,1,0,2,0,1,0,2H,1H,0.8766150338908998,29,54,True,True,True,True,0
top_ten,svm,occupancy_bin,full,6,unith,6,Faure,june_29_g0,0.983380681818182,0.9982954545454545,0.975284090909091,0.40654205607476634,8,8,20,4,8,0,1,1,2,0,2,0,2H,2H,0.9333276781572973,29,29,True,True,True,True,0
top_ten,svm,occupancy_bin,full,6,unith,6,Faure,june_29_g0,0.983380681818182,0.9982954545454545,0.975284090909091,0.40654205607476634,8,8,20,4,8,0,1,2,2,0,3,0,2H,3H,0.8218610626123798,29,61,True,True,True,True,0
top_ten,svm,occupancy_bin,full,6,unith,6,Faure,june_29_g0,0.983380681818182,0.9982954545454545,0.975284090909091,0.40654205607476634,8,,20,4,8,0,1,3,2,0,4,0,2H,4H,,29,0,True,False,True,False,0
top_ten,svm,occupancy_bin,full,6,unith,6,Faure,june_29_g0,0.983380681818182,0.9982954545454545,0.975284090909091,0.40654205607476634,8,8,20,4,8,0,1,4,2,0,5,0,2H,5H,0.9256443465403331,29,16,True,True,True,True,0
top_ten,svm,occupancy_bin,full,6,unith,6,Faure,june_29_g0,0.983380681818182,0.9982954545454545,0.975284090909091,0.40654205607476634,8,,20,4,8,0,1,5,2,0,6,0,2H,6H,,29,0,True,False,True,False,0
top_ten,svm,occupancy_bin,full,6,unith,6,Faure,june_29_g0,0.983380681818182,0.9982954545454545,0.975284090909091,0.40654205607476634,8,,20,4,8,0,1,6,2,0,1,1,2H,1S,,29,0,True,False,True,False,0
top_ten,svm,occupancy_bin,full,6,unith,6,Faure,june_29_g0,0.983380681818182,0.9982954545454545,0.975284090909091,0.40654205607476634,8,8,20,4,8,0,1,7,2,0,2,1,2H,2S,0.9004442729300578,29,29,True,True,True,True,0
top_ten,svm,occupancy_bin,full,6,unith,6,Faure,june_29_g0,0.983380681818182,0.9982954545454545,0.975284090909091,0.40654205607476634,8,,20,4,8,0,1,8,2,0,3,1,2H,3S,,29,0,True,False,True,False,0
top_ten,svm,occupancy_bin,full,6,unith,6,Faure,june_29_g0,0.983380681818182,0.9982954545454545,0.975284090909091,0.40654205607476634,8,8,20,4,8,0,1,9,2,0,4,1,2H,4S,0.9229240685241681,29,70,True,True,True,True,0
top_ten,svm,occupancy_bin,full,6,unith,6,Faure,june_29_g0,0.983380681818182,0.9982954545454545,0.975284090909091,0.40654205607476634,8,8,20,4,8,0,1,10,2,0,5,1,2H,5S,0.8737611047227551,29,78,True,True,True,True,0
top_ten,svm,occupancy_bin,full,6,unith,6,Faure,june_29_g0,0.983380681818182,0.9982954545454545,0.975284090909091,0.40654205607476634,8,8,20,4,8,0,1,11,2,0,6,1,2H,6S,0.9123507052762145,29,62,True,True,True,True,0
top_ten,svm,occupancy_bin,full,6,unith,6,Faure,june_29_g0,0.983380681818182,0.9982954545454545,0.975284090909091,0.40654205607476634,8,8,20,4,8,0,2,0,3,0,1,0,3H,1H,0.8780455929888872,61,54,True,True,True,True,0
top_ten,svm,occupancy_bin,full,6,unith,6,Faure,june_29_g0,0.983380681818182,0.9982954545454545,0.975284090909091,0.40654205607476634,8,8,20,4,8,0,2,1,3,0,2,0,3H,2H,0.8218610626123798,61,29,True,True,True,True,0
top_ten,svm,occupancy_bin,full,6,unith,6,Faure,june_29_g0,0.983380681818182,0.9982954545454545,0.975284090909091,0.40654205607476634,8,8,20,4,8,0,2,2,3,0,3,0,3H,3H,0.8661412161385155,61,61,True,True,True,True,0
top_ten,svm,occupancy_bin,full,6,unith,6,Faure,june_29_g0,0.983380681818182,0.9982954545454545,0.975284090909091,0.40654205607476634,8,,20,4,8,0,2,3,3,0,4,0,3H,4H,,61,0,True,False,True,False,0
top_ten,svm,occupancy_bin,full,6,unith,6,Faure,june_29_g0,0.983380681818182,0.9982954545454545,0.975284090909091,0.40654205607476634,8,8,20,4,8,0,2,4,3,0,5,0,3H,5H,0.8141154982899697,61,16,True,True,True,True,0
top_ten,svm,occupancy_bin,full,6,unith,6,Faure,june_29_g0,0.983380681818182,0.9982954545454545,0.975284090909091,0.40654205607476634,8,,20,4,8,0,2,5,3,0,6,0,3H,6H,,61,0,True,False,True,False,0
top_ten,svm,occupancy_bin,full,6,unith,6,Faure,june_29_g0,0.983380681818182,0.9982954545454545,0.975284090909091,0.40654205607476634,8,,20,4,8,0,2,6,3,0,1,1,3H,1S,,61,0,True,False,True,False,0
top_ten,svm,occupancy_bin,full,6,unith,6,Faure,june_29_g0,0.983380681818182,0.9982954545454545,0.975284090909091,0.40654205607476634,8,8,20,4,8,0,2,7,3,0,2,1,3H,2S,0.8132937226458324,61,29,True,True,True,True,0
top_ten,svm,occupancy_bin,full,6,unith,6,Faure,june_29_g0,0.983380681818182,0.9982954545454545,0.975284090909091,0.40654205607476634,8,,20,4,8,0,2,8,3,0,3,1,3H,3S,,61,0,True,False,True,False,0
top_ten,svm,occupancy_bin,full,6,unith,6,Faure,june_29_g0,0.983380681818182,0.9982954545454545,0.975284090909091,0.40654205607476634,8,8,20,4,8,0,2,9,3,0,4,1,3H,4S,0.8491631986806698,61,70,True,True,True,True,0
top_ten,svm,occupancy_bin,full,6,unith,6,Faure,june_29_g0,0.983380681818182,0.9982954545454545,0.975284090909091,0.40654205607476634,8,8,20,4,8,0,2,10,3,0,5,1,3H,5S,0.874304156452277,61,78,True,True,True,True,0
top_ten,svm,occupancy_bin,full,6,unith,6,Faure,june_29_g0,0.983380681818182,0.9982954545454545,0.975284090909091,0.40654205607476634,8,8,20,4,8,0,2,11,3,0,6,1,3H,6S,0.8669035236300635,61,62,True,True,True,True,0
top_ten,svm,occupancy_bin,full,6,unith,6,Faure,june_29_g0,0.983380681818182,0.9982954545454545,0.975284090909091,0.40654205607476634,,8,20,4,8,0,3,0,4,0,1,0,4H,1H,,0,54,False,True,False,True,0
top_ten,svm,occupancy_bin,full,6,unith,6,Faure,june_29_g0,0.983380681818182,0.9982954545454545,0.975284090909091,0.40654205607476634,,8,20,4,8,0,3,1,4,0,2,0,4H,2H,,0,29,False,True,False,True,0
top_ten,svm,occupancy_bin,full,6,unith,6,Faure,june_29_g0,0.983380681818182,0.9982954545454545,0.975284090909091,0.40654205607476634,,8,20,4,8,0,3,2,4,0,3,0,4H,3H,,0,61,False,True,False,True,0
top_ten,svm,occupancy_bin,full,6,unith,6,Faure,june_29_g0,0.983380681818182,0.9982954545454545,0.975284090909091,0.40654205607476634,,,20,4,8,0,3,3,4,0,4,0,4H,4H,,0,0,False,False,False,False,0
top_ten,svm,occupancy_bin,full,6,unith,6,Faure,june_29_g0,0.983380681818182,0.9982954545454545,0.975284090909091,0.40654205607476634,,8,20,4,8,0,3,4,4,0,5,0,4H,5H,,0,16,False,True,False,True,0
top_ten,svm,occupancy_bin,full,6,unith,6,Faure,june_29_g0,0.983380681818182,0.9982954545454545,0.975284090909091,0.40654205607476634,,,20,4,8,0,3,5,4,0,6,0,4H,6H,,0,0,False,False,False,False,0
top_ten,svm,occupancy_bin,full,6,unith,6,Faure,june_29_g0,0.983380681818182,0.9982954545454545,0.975284090909091,0.40654205607476634,,,20,4,8,0,3,6,4,0,1,1,4H,1S,,0,0,False,False,False,False,0
top_ten,svm,occupancy_bin,full,6,unith,6,Faure,june_29_g0,0.983380681818182,0.9982954545454545,0.975284090909091,0.40654205607476634,,8,20,4,8,0,3,7,4,0,2,1,4H,2S,,0,29,False,True,False,True,0
top_ten,svm,occupancy_bin,full,6,unith,6,Faure,june_29_g0,0.983380681818182,0.9982954545454545,0.975284090909091,0.40654205607476634,,,20,4,8,0,3,8,4,0,3,1,4H,3S,,0,0,False,False,False,False,0
top_ten,svm,occupancy_bin,full,6,unith,6,Faure,june_29_g0,0.983380681818182,0.9982954545454545,0.975284090909091,0.40654205607476634,,8,20,4,8,0,3,9,4,0,4,1,4H,4S,,0,70,False,True,False,True,0
top_ten,svm,occupancy_bin,full,6,unith,6,Faure,june_29_g0,0.983380681818182,0.9982954545454545,0.975284090909091,0.40654205607476634,,8,20,4,8,0,3,10,4,0,5,1,4H,5S,,0,78,False,True,False,True,0
top_ten,svm,occupancy_bin,full,6,unith,6,Faure,june_29_g0,0.983380681818182,0.9982954545454545,0.975284090909091,0.40654205607476634,,8,20,4,8,0,3,11,4,0,6,1,4H,6S,,0,62,False,True,False,True,0
top_ten,svm,occupancy_bin,full,6,unith,6,Faure,june_29_g0,0.983380681818182,0.9982954545454545,0.975284090909091,0.40654205607476634,8,8,20,4,8,0,4,0,5,0,1,0,5H,1H,0.842068446875021,16,54,True,True,True,True,0
top_ten,svm,occupancy_bin,full,6,unith,6,Faure,june_29_g0,0.983380681818182,0.9982954545454545,0.975284090909091,0.40654205607476634,8,8,20,4,8,0,4,1,5,0,2,0,5H,2H,0.9256443465403331,16,29,True,True,True,True,0
top_ten,svm,occupancy_bin,full,6,unith,6,Faure,june_29_g0,0.983380681818182,0.9982954545454545,0.975284090909091,0.40654205607476634,8,8,20,4,8,0,4,2,5,0,3,0,5H,3H,0.8141154982899697,16,61,True,True,True,True,0
top_ten,svm,occupancy_bin,full,6,unith,6,Faure,june_29_g0,0.983380681818182,0.9982954545454545,0.975284090909091,0.40654205607476634,8,,20,4,8,0,4,3,5,0,4,0,5H,4H,,16,0,True,False,True,False,0
top_ten,svm,occupancy_bin,full,6,unith,6,Faure,june_29_g0,0.983380681818182,0.9982954545454545,0.975284090909091,0.40654205607476634,8,8,20,4,8,0,4,4,5,0,5,0,5H,5H,0.8953967794758115,16,16,True,True,True,True,0
top_ten,svm,occupancy_bin,full,6,unith,6,Faure,june_29_g0,0.983380681818182,0.9982954545454545,0.975284090909091,0.40654205607476634,8,,20,4,8,0,4,5,5,0,6,0,5H,6H,,16,0,True,False,True,False,0
top_ten,svm,occupancy_bin,full,6,unith,6,Faure,june_29_g0,0.983380681818182,0.9982954545454545,0.975284090909091,0.40654205607476634,8,,20,4,8,0,4,6,5,0,1,1,5H,1S,,16,0,True,False,True,False,0
top_ten,svm,occupancy_bin,full,6,unith,6,Faure,june_29_g0,0.983380681818182,0.9982954545454545,0.975284090909091,0.40654205607476634,8,8,20,4,8,0,4,7,5,0,2,1,5H,2S,0.9449436282111984,16,29,True,True,True,True,0
top_ten,svm,occupancy_bin,full,6,unith,6,Faure,june_29_g0,0.983380681818182,0.9982954545454545,0.975284090909091,0.40654205607476634,8,,20,4,8,0,4,8,5,0,3,1,5H,3S,,16,0,True,False,True,False,0
top_ten,svm,occupancy_bin,full,6,unith,6,Faure,june_29_g0,0.983380681818182,0.9982954545454545,0.975284090909091,0.40654205607476634,8,8,20,4,8,0,4,9,5,0,4,1,5H,4S,0.9262699593149464,16,70,True,True,True,True,0
top_ten,svm,occupancy_bin,full,6,unith,6,Faure,june_29_g0,0.983380681818182,0.9982954545454545,0.975284090909091,0.40654205607476634,8,8,20,4,8,0,4,10,5,0,5,1,5H,5S,0.8770620079356364,16,78,True,True,True,True,0
top_ten,svm,occupancy_bin,full,6,unith,6,Faure,june_29_g0,0.983380681818182,0.9982954545454545,0.975284090909091,0.40654205607476634,8,8,20,4,8,0,4,11,5,0,6,1,5H,6S,0.8990080772140384,16,62,True,True,True,True,0
top_ten,svm,occupancy_bin,full,6,unith,6,Faure,june_29_g0,0.983380681818182,0.9982954545454545,0.975284090909091,0.40654205607476634,,8,20,4,8,0,5,0,6,0,1,0,6H,1H,,0,54,False,True,False,True,0
top_ten,svm,occupancy_bin,full,6,unith,6,Faure,june_29_g0,0.983380681818182,0.9982954545454545,0.975284090909091,0.40654205607476634,,8,20,4,8,0,5,1,6,0,2,0,6H,2H,,0,29,False,True,False,True,0
top_ten,svm,occupancy_bin,full,6,unith,6,Faure,june_29_g0,0.983380681818182,0.9982954545454545,0.975284090909091,0.40654205607476634,,8,20,4,8,0,5,2,6,0,3,0,6H,3H,,0,61,False,True,False,True,0
top_ten,svm,occupancy_bin,full,6,unith,6,Faure,june_29_g0,0.983380681818182,0.9982954545454545,0.975284090909091,0.40654205607476634,,,20,4,8,0,5,3,6,0,4,0,6H,4H,,0,0,False,False,False,False,0
top_ten,svm,occupancy_bin,full,6,unith,6,Faure,june_29_g0,0.983380681818182,0.9982954545454545,0.975284090909091,0.40654205607476634,,8,20,4,8,0,5,4,6,0,5,0,6H,5H,,0,16,False,True,False,True,0
top_ten,svm,occupancy_bin,full,6,unith,6,Faure,june_29_g0,0.983380681818182,0.9982954545454545,0.975284090909091,0.40654205607476634,,,20,4,8,0,5,5,6,0,6,0,6H,6H,,0,0,False,False,False,False,0
top_ten,svm,occupancy_bin,full,6,unith,6,Faure,june_29_g0,0.983380681818182,0.9982954545454545,0.975284090909091,0.40654205607476634,,,20,4,8,0,5,6,6,0,1,1,6H,1S,,0,0,False,False,False,False,0
top_ten,svm,occupancy_bin,full,6,unith,6,Faure,june_29_g0,0.983380681818182,0.9982954545454545,0.975284090909091,0.40654205607476634,,8,20,4,8,0,5,7,6,0,2,1,6H,2S,,0,29,False,True,False,True,0
top_ten,svm,occupancy_bin,full,6,unith,6,Faure,june_29_g0,0.983380681818182,0.9982954545454545,0.975284090909091,0.40654205607476634,,,20,4,8,0,5,8,6,0,3,1,6H,3S,,0,0,False,False,False,False,0
top_ten,svm,occupancy_bin,full,6,unith,6,Faure,june_29_g0,0.983380681818182,0.9982954545454545,0.975284090909091,0.40654205607476634,,8,20,4,8,0,5,9,6,0,4,1,6H,4S,,0,70,False,True,False,True,0
top_ten,svm,occupancy_bin,full,6,unith,6,Faure,june_29_g0,0.983380681818182,0.9982954545454545,0.975284090909091,0.40654205607476634,,8,20,4,8,0,5,10,6,0,5,1,6H,5S,,0,78,False,True,False,True,0
top_ten,svm,occupancy_bin,full,6,unith,6,Faure,june_29_g0,0.983380681818182,0.9982954545454545,0.975284090909091,0.40654205607476634,,8,20,4,8,0,5,11,6,0,6,1,6H,6S,,0,62,False,True,False,True,0
top_ten,svm,occupancy_bin,full,6,unith,6,Faure,june_29_g0,0.983380681818182,0.9982954545454545,0.975284090909091,0.40654205607476634,,8,20,4,8,0,6,0,1,1,1,0,1S,1H,,0,54,False,True,False,True,0
top_ten,svm,occupancy_bin,full,6,unith,6,Faure,june_29_g0,0.983380681818182,0.9982954545454545,0.975284090909091,0.40654205607476634,,8,20,4,8,0,6,1,1,1,2,0,1S,2H,,0,29,False,True,False,True,0
top_ten,svm,occupancy_bin,full,6,unith,6,Faure,june_29_g0,0.983380681818182,0.9982954545454545,0.975284090909091,0.40654205607476634,,8,20,4,8,0,6,2,1,1,3,0,1S,3H,,0,61,False,True,False,True,0
top_ten,svm,occupancy_bin,full,6,unith,6,Faure,june_29_g0,0.983380681818182,0.9982954545454545,0.975284090909091,0.40654205607476634,,,20,4,8,0,6,3,1,1,4,0,1S,4H,,0,0,False,False,False,False,0
top_ten,svm,occupancy_bin,full,6,unith,6,Faure,june_29_g0,0.983380681818182,0.9982954545454545,0.975284090909091,0.40654205607476634,,8,20,4,8,0,6,4,1,1,5,0,1S,5H,,0,16,False,True,False,True,0
top_ten,svm,occupancy_bin,full,6,unith,6,Faure,june_29_g0,0.983380681818182,0.9982954545454545,0.975284090909091,0.40654205607476634,,,20,4,8,0,6,5,1,1,6,0,1S,6H,,0,0,False,False,False,False,0
top_ten,svm,occupancy_bin,full,6,unith,6,Faure,june_29_g0,0.983380681818182,0.9982954545454545,0.975284090909091,0.40654205607476634,,,20,4,8,0,6,6,1,1,1,1,1S,1S,,0,0,False,False,False,False,0
top_ten,svm,occupancy_bin,full,6,unith,6,Faure,june_29_g0,0.983380681818182,0.9982954545454545,0.975284090909091,0.40654205607476634,,8,20,4,8,0,6,7,1,1,2,1,1S,2S,,0,29,False,True,False,True,0
top_ten,svm,occupancy_bin,full,6,unith,6,Faure,june_29_g0,0.983380681818182,0.9982954545454545,0.975284090909091,0.40654205607476634,,,20,4,8,0,6,8,1,1,3,1,1S,3S,,0,0,False,False,False,False,0
top_ten,svm,occupancy_bin,full,6,unith,6,Faure,june_29_g0,0.983380681818182,0.9982954545454545,0.975284090909091,0.40654205607476634,,8,20,4,8,0,6,9,1,1,4,1,1S,4S,,0,70,False,True,False,True,0
top_ten,svm,occupancy_bin,full,6,unith,6,Faure,june_29_g0,0.983380681818182,0.9982954545454545,0.975284090909091,0.40654205607476634,,8,20,4,8,0,6,10,1,1,5,1,1S,5S,,0,78,False,True,False,True,0
top_ten,svm,occupancy_bin,full,6,unith,6,Faure,june_29_g0,0.983380681818182,0.9982954545454545,0.975284090909091,0.40654205607476634,,8,20,4,8,0,6,11,1,1,6,1,1S,6S,,0,62,False,True,False,True,0
top_ten,svm,occupancy_bin,full,6,unith,6,Faure,june_29_g0,0.983380681818182,0.9982954545454545,0.975284090909091,0.40654205607476634,8,8,20,4,8,0,7,0,2,1,1,0,2S,1H,0.8434190864926425,29,54,True,True,True,True,0
top_ten,svm,occupancy_bin,full,6,unith,6,Faure,june_29_g0,0.983380681818182,0.9982954545454545,0.975284090909091,0.40654205607476634,8,8,20,4,8,0,7,1,2,1,2,0,2S,2H,0.9004442729300578,29,29,True,True,True,True,0
top_ten,svm,occupancy_bin,full,6,unith,6,Faure,june_29_g0,0.983380681818182,0.9982954545454545,0.975284090909091,0.40654205607476634,8,8,20,4,8,0,7,2,2,1,3,0,2S,3H,0.8132937226458324,29,61,True,True,True,True,0
top_ten,svm,occupancy_bin,full,6,unith,6,Faure,june_29_g0,0.983380681818182,0.9982954545454545,0.975284090909091,0.40654205607476634,8,,20,4,8,0,7,3,2,1,4,0,2S,4H,,29,0,True,False,True,False,0
top_ten,svm,occupancy_bin,full,6,unith,6,Faure,june_29_g0,0.983380681818182,0.9982954545454545,0.975284090909091,0.40654205607476634,8,8,20,4,8,0,7,4,2,1,5,0,2S,5H,0.9449436282111984,29,16,True,True,True,True,0
top_ten,svm,occupancy_bin,full,6,unith,6,Faure,june_29_g0,0.983380681818182,0.9982954545454545,0.975284090909091,0.40654205607476634,8,,20,4,8,0,7,5,2,1,6,0,2S,6H,,29,0,True,False,True,False,0
top_ten,svm,occupancy_bin,full,6,unith,6,Faure,june_29_g0,0.983380681818182,0.9982954545454545,0.975284090909091,0.40654205607476634,8,,20,4,8,0,7,6,2,1,1,1,2S,1S,,29,0,True,False,True,False,0
top_ten,svm,occupancy_bin,full,6,unith,6,Faure,june_29_g0,0.983380681818182,0.9982954545454545,0.975284090909091,0.40654205607476634,8,8,20,4,8,0,7,7,2,1,2,1,2S,2S,0.8893682032927954,29,29,True,True,True,True,0
top_ten,svm,occupancy_bin,full,6,unith,6,Faure,june_29_g0,0.983380681818182,0.9982954545454545,0.975284090909091,0.40654205607476634,8,,20,4,8,0,7,8,2,1,3,1,2S,3S,,29,0,True,False,True,False,0
top_ten,svm,occupancy_bin,full,6,unith,6,Faure,june_29_g0,0.983380681818182,0.9982954545454545,0.975284090909091,0.40654205607476634,8,8,20,4,8,0,7,9,2,1,4,1,2S,4S,0.9084005568472598,29,70,True,True,True,True,0
top_ten,svm,occupancy_bin,full,6,unith,6,Faure,june_29_g0,0.983380681818182,0.9982954545454545,0.975284090909091,0.40654205607476634,8,8,20,4,8,0,7,10,2,1,5,1,2S,5S,0.8703867976829738,29,78,True,True,True,True,0
top_ten,svm,occupancy_bin,full,6,unith,6,Faure,june_29_g0,0.983380681818182,0.9982954545454545,0.975284090909091,0.40654205607476634,8,8,20,4,8,0,7,11,2,1,6,1,2S,6S,0.8919651030509662,29,62,True,True,True,True,0
top_ten,svm,occupancy_bin,full,6,unith,6,Faure,june_29_g0,0.983380681818182,0.9982954545454545,0.975284090909091,0.40654205607476634,,8,20,4,8,0,8,0,3,1,1,0,3S,1H,,0,54,False,True,False,True,0
top_ten,svm,occupancy_bin,full,6,unith,6,Faure,june_29_g0,0.983380681818182,0.9982954545454545,0.975284090909091,0.40654205607476634,,8,20,4,8,0,8,1,3,1,2,0,3S,2H,,0,29,False,True,False,True,0
top_ten,svm,occupancy_bin,full,6,unith,6,Faure,june_29_g0,0.983380681818182,0.9982954545454545,0.975284090909091,0.40654205607476634,,8,20,4,8,0,8,2,3,1,3,0,3S,3H,,0,61,False,True,False,True,0
top_ten,svm,occupancy_bin,full,6,unith,6,Faure,june_29_g0,0.983380681818182,0.9982954545454545,0.975284090909091,0.40654205607476634,,,20,4,8,0,8,3,3,1,4,0,3S,4H,,0,0,False,False,False,False,0
top_ten,svm,occupancy_bin,full,6,unith,6,Faure,june_29_g0,0.983380681818182,0.9982954545454545,0.975284090909091,0.40654205607476634,,8,20,4,8,0,8,4,3,1,5,0,3S,5H,,0,16,False,True,False,True,0
top_ten,svm,occupancy_bin,full,6,unith,6,Faure,june_29_g0,0.983380681818182,0.9982954545454545,0.975284090909091,0.40654205607476634,,,20,4,8,0,8,5,3,1,6,0,3S,6H,,0,0,False,False,False,False,0
top_ten,svm,occupancy_bin,full,6,unith,6,Faure,june_29_g0,0.983380681818182,0.9982954545454545,0.975284090909091,0.40654205607476634,,,20,4,8,0,8,6,3,1,1,1,3S,1S,,0,0,False,False,False,False,0
top_ten,svm,occupancy_bin,full,6,unith,6,Faure,june_29_g0,0.983380681818182,0.9982954545454545,0.975284090909091,0.40654205607476634,,8,20,4,8,0,8,7,3,1,2,1,3S,2S,,0,29,False,True,False,True,0
top_ten,svm,occupancy_bin,full,6,unith,6,Faure,june_29_g0,0.983380681818182,0.9982954545454545,0.975284090909091,0.40654205607476634,,,20,4,8,0,8,8,3,1,3,1,3S,3S,,0,0,False,False,False,False,0
top_ten,svm,occupancy_bin,full,6,unith,6,Faure,june_29_g0,0.983380681818182,0.9982954545454545,0.975284090909091,0.40654205607476634,,8,20,4,8,0,8,9,3,1,4,1,3S,4S,,0,70,False,True,False,True,0
top_ten,svm,occupancy_bin,full,6,unith,6,Faure,june_29_g0,0.983380681818182,0.9982954545454545,0.975284090909091,0.40654205607476634,,8,20,4,8,0,8,10,3,1,5,1,3S,5S,,0,78,False,True,False,True,0
top_ten,svm,occupancy_bin,full,6,unith,6,Faure,june_29_g0,0.983380681818182,0.9982954545454545,0.975284090909091,0.40654205607476634,,8,20,4,8,0,8,11,3,1,6,1,3S,6S,,0,62,False,True,False,True,0
top_ten,svm,occupancy_bin,full,6,unith,6,Faure,june_29_g0,0.983380681818182,0.9982954545454545,0.975284090909091,0.40654205607476634,8,8,20,4,8,0,9,0,4,1,1,0,4S,1H,0.9068316019903095,70,54,True,True,True,True,0
top_ten,svm,occupancy_bin,full,6,unith,6,Faure,june_29_g0,0.983380681818182,0.9982954545454545,0.975284090909091,0.40654205607476634,8,8,20,4,8,0,9,1,4,1,2,0,4S,2H,0.9229240685241681,70,29,True,True,True,True,0
top_ten,svm,occupancy_bin,full,6,unith,6,Faure,june_29_g0,0.983380681818182,0.9982954545454545,0.975284090909091,0.40654205607476634,8,8,20,4,8,0,9,2,4,1,3,0,4S,3H,0.8491631986806698,70,61,True,True,True,True,0
top_ten,svm,occupancy_bin,full,6,unith,6,Faure,june_29_g0,0.983380681818182,0.9982954545454545,0.975284090909091,0.40654205607476634,8,,20,4,8,0,9,3,4,1,4,0,4S,4H,,70,0,True,False,True,False,0
top_ten,svm,occupancy_bin,full,6,unith,6,Faure,june_29_g0,0.983380681818182,0.9982954545454545,0.975284090909091,0.40654205607476634,8,8,20,4,8,0,9,4,4,1,5,0,4S,5H,0.9262699593149464,70,16,True,True,True,True,0
top_ten,svm,occupancy_bin,full,6,unith,6,Faure,june_29_g0,0.983380681818182,0.9982954545454545,0.975284090909091,0.40654205607476634,8,,20,4,8,0,9,5,4,1,6,0,4S,6H,,70,0,True,False,True,False,0
top_ten,svm,occupancy_bin,full,6,unith,6,Faure,june_29_g0,0.983380681818182,0.9982954545454545,0.975284090909091,0.40654205607476634,8,,20,4,8,0,9,6,4,1,1,1,4S,1S,,70,0,True,False,True,False,0
top_ten,svm,occupancy_bin,full,6,unith,6,Faure,june_29_g0,0.983380681818182,0.9982954545454545,0.975284090909091,0.40654205607476634,8,8,20,4,8,0,9,7,4,1,2,1,4S,2S,0.9084005568472598,70,29,True,True,True,True,0
top_ten,svm,occupancy_bin,full,6,unith,6,Faure,june_29_g0,0.983380681818182,0.9982954545454545,0.975284090909091,0.40654205607476634,8,,20,4,8,0,9,8,4,1,3,1,4S,3S,,70,0,True,False,True,False,0
top_ten,svm,occupancy_bin,full,6,unith,6,Faure,june_29_g0,0.983380681818182,0.9982954545454545,0.975284090909091,0.40654205607476634,8,8,20,4,8,0,9,9,4,1,4,1,4S,4S,0.9399652247071005,70,70,True,True,True,True,0
top_ten,svm,occupancy_bin,full,6,unith,6,Faure,june_29_g0,0.983380681818182,0.9982954545454545,0.975284090909091,0.40654205607476634,8,8,20,4,8,0,9,10,4,1,5,1,4S,5S,0.8894324791775221,70,78,True,True,True,True,0
top_ten,svm,occupancy_bin,full,6,unith,6,Faure,june_29_g0,0.983380681818182,0.9982954545454545,0.975284090909091,0.40654205607476634,8,8,20,4,8,0,9,11,4,1,6,1,4S,6S,0.8857968031701977,70,62,True,True,True,True,0
top_ten,svm,occupancy_bin,full,6,unith,6,Faure,june_29_g0,0.983380681818182,0.9982954545454545,0.975284090909091,0.40654205607476634,8,8,20,4,8,0,10,0,5,1,1,0,5S,1H,0.8781805678172955,78,54,True,True,True,True,0
top_ten,svm,occupancy_bin,full,6,unith,6,Faure,june_29_g0,0.983380681818182,0.9982954545454545,0.975284090909091,0.40654205607476634,8,8,20,4,8,0,10,1,5,1,2,0,5S,2H,0.8737611047227551,78,29,True,True,True,True,0
top_ten,svm,occupancy_bin,full,6,unith,6,Faure,june_29_g0,0.983380681818182,0.9982954545454545,0.975284090909091,0.40654205607476634,8,8,20,4,8,0,10,2,5,1,3,0,5S,3H,0.874304156452277,78,61,True,True,True,True,0
top_ten,svm,occupancy_bin,full,6,unith,6,Faure,june_29_g0,0.983380681818182,0.9982954545454545,0.975284090909091,0.40654205607476634,8,,20,4,8,0,10,3,5,1,4,0,5S,4H,,78,0,True,False,True,False,0
top_ten,svm,occupancy_bin,full,6,unith,6,Faure,june_29_g0,0.983380681818182,0.9982954545454545,0.975284090909091,0.40654205607476634,8,8,20,4,8,0,10,4,5,1,5,0,5S,5H,0.8770620079356364,78,16,True,True,True,True,0
top_ten,svm,occupancy_bin,full,6,unith,6,Faure,june_29_g0,0.983380681818182,0.9982954545454545,0.975284090909091,0.40654205607476634,8,,20,4,8,0,10,5,5,1,6,0,5S,6H,,78,0,True,False,True,False,0
top_ten,svm,occupancy_bin,full,6,unith,6,Faure,june_29_g0,0.983380681818182,0.9982954545454545,0.975284090909091,0.40654205607476634,8,,20,4,8,0,10,6,5,1,1,1,5S,1S,,78,0,True,False,True,False,0
top_ten,svm,occupancy_bin,full,6,unith,6,Faure,june_29_g0,0.983380681818182,0.9982954545454545,0.975284090909091,0.40654205607476634,8,8,20,4,8,0,10,7,5,1,2,1,5S,2S,0.8703867976829738,78,29,True,True,True,True,0
top_ten,svm,occupancy_bin,full,6,unith,6,Faure,june_29_g0,0.983380681818182,0.9982954545454545,0.975284090909091,0.40654205607476634,8,,20,4,8,0,10,8,5,1,3,1,5S,3S,,78,0,True,False,True,False,0
top_ten,svm,occupancy_bin,full,6,unith,6,Faure,june_29_g0,0.983380681818182,0.9982954545454545,0.975284090909091,0.40654205607476634,8,8,20,4,8,0,10,9,5,1,4,1,5S,4S,0.8894324791775221,78,70,True,True,True,True,0
top_ten,svm,occupancy_bin,full,6,unith,6,Faure,june_29_g0,0.983380681818182,0.9982954545454545,0.975284090909091,0.40654205607476634,8,8,20,4,8,0,10,10,5,1,5,1,5S,5S,0.8812183477080481,78,78,True,True,True,True,0
top_ten,svm,occupancy_bin,full,6,unith,6,Faure,june_29_g0,0.983380681818182,0.9982954545454545,0.975284090909091,0.40654205607476634,8,8,20,4,8,0,10,11,5,1,6,1,5S,6S,0.8878533448279275,78,62,True,True,True,True,0
top_ten,svm,occupancy_bin,full,6,unith,6,Faure,june_29_g0,0.983380681818182,0.9982954545454545,0.975284090909091,0.40654205607476634,8,8,20,4,8,0,11,0,6,1,1,0,6S,1H,0.8585137592731927,62,54,True,True,True,True,0
top_ten,svm,occupancy_bin,full,6,unith,6,Faure,june_29_g0,0.983380681818182,0.9982954545454545,0.975284090909091,0.40654205607476634,8,8,20,4,8,0,11,1,6,1,2,0,6S,2H,0.9123507052762145,62,29,True,True,True,True,0
top_ten,svm,occupancy_bin,full,6,unith,6,Faure,june_29_g0,0.983380681818182,0.9982954545454545,0.975284090909091,0.40654205607476634,8,8,20,4,8,0,11,2,6,1,3,0,6S,3H,0.8669035236300635,62,61,True,True,True,True,0
top_ten,svm,occupancy_bin,full,6,unith,6,Faure,june_29_g0,0.983380681818182,0.9982954545454545,0.975284090909091,0.40654205607476634,8,,20,4,8,0,11,3,6,1,4,0,6S,4H,,62,0,True,False,True,False,0
top_ten,svm,occupancy_bin,full,6,unith,6,Faure,june_29_g0,0.983380681818182,0.9982954545454545,0.975284090909091,0.40654205607476634,8,8,20,4,8,0,11,4,6,1,5,0,6S,5H,0.8990080772140384,62,16,True,True,True,True,0
top_ten,svm,occupancy_bin,full,6,unith,6,Faure,june_29_g0,0.983380681818182,0.9982954545454545,0.975284090909091,0.40654205607476634,8,,20,4,8,0,11,5,6,1,6,0,6S,6H,,62,0,True,False,True,False,0
top_ten,svm,occupancy_bin,full,6,unith,6,Faure,june_29_g0,0.983380681818182,0.9982954545454545,0.975284090909091,0.40654205607476634,8,,20,4,8,0,11,6,6,1,1,1,6S,1S,,62,0,True,False,True,False,0
top_ten,svm,occupancy_bin,full,6,unith,6,Faure,june_29_g0,0.983380681818182,0.9982954545454545,0.975284090909091,0.40654205607476634,8,8,20,4,8,0,11,7,6,1,2,1,6S,2S,0.8919651030509662,62,29,True,True,True,True,0
top_ten,svm,occupancy_bin,full,6,unith,6,Faure,june_29_g0,0.983380681818182,0.9982954545454545,0.975284090909091,0.40654205607476634,8,,20,4,8,0,11,8,6,1,3,1,6S,3S,,62,0,True,False,True,False,0
top_ten,svm,occupancy_bin,full,6,unith,6,Faure,june_29_g0,0.983380681818182,0.9982954545454545,0.975284090909091,0.40654205607476634,8,8,20,4,8,0,11,9,6,1,4,1,6S,4S,0.8857968031701977,62,70,True,True,True,True,0
top_ten,svm,occupancy_bin,full,6,unith,6,Faure,june_29_g0,0.983380681818182,0.9982954545454545,0.975284090909091,0.40654205607476634,8,8,20,4,8,0,11,10,6,1,5,1,6S,5S,0.8878533448279275,62,78,True,True,True,True,0
top_ten,svm,occupancy_bin,full,6,unith,6,Faure,june_29_g0,0.983380681818182,0.9982954545454545,0.975284090909091,0.40654205607476634,8,8,20,4,8,0,11,11,6,1,6,1,6S,6S,0.896810089948555,62,62,True,True,True,True,0
top_ten,svm,occupancy_bin,full,6,unith,6,Faure,june_8_g0,0.998737373737374,1.0,1.0,0.9794520547945206,4,4,20,4,8,0,0,0,1,0,1,0,1H,1H,0.8660449266931888,44,44,True,True,True,True,0
top_ten,svm,occupancy_bin,full,6,unith,6,Faure,june_8_g0,0.998737373737374,1.0,1.0,0.9794520547945206,4,4,20,4,8,0,0,1,1,0,2,0,1H,2H,0.8352856840622496,44,33,True,True,True,True,0
top_ten,svm,occupancy_bin,full,6,unith,6,Faure,june_8_g0,0.998737373737374,1.0,1.0,0.9794520547945206,4,4,20,4,8,0,0,2,1,0,3,0,1H,3H,0.8537777583861642,44,43,True,True,True,True,0
top_ten,svm,occupancy_bin,full,6,unith,6,Faure,june_8_g0,0.998737373737374,1.0,1.0,0.9794520547945206,4,,20,4,8,0,0,3,1,0,4,0,1H,4H,,44,0,True,False,True,False,0
top_ten,svm,occupancy_bin,full,6,unith,6,Faure,june_8_g0,0.998737373737374,1.0,1.0,0.9794520547945206,4,,20,4,8,0,0,4,1,0,5,0,1H,5H,,44,0,True,False,True,False,0
top_ten,svm,occupancy_bin,full,6,unith,6,Faure,june_8_g0,0.998737373737374,1.0,1.0,0.9794520547945206,4,,20,4,8,0,0,5,1,0,6,0,1H,6H,,44,0,True,False,True,False,0
top_ten,svm,occupancy_bin,full,6,unith,6,Faure,june_8_g0,0.998737373737374,1.0,1.0,0.9794520547945206,4,,20,4,8,0,0,6,1,0,1,1,1H,1S,,44,0,True,False,True,False,0
top_ten,svm,occupancy_bin,full,6,unith,6,Faure,june_8_g0,0.998737373737374,1.0,1.0,0.9794520547945206,4,4,20,4,8,0,0,7,1,0,2,1,1H,2S,0.7854501245712566,44,8,True,True,True,True,0
top_ten,svm,occupancy_bin,full,6,unith,6,Faure,june_8_g0,0.998737373737374,1.0,1.0,0.9794520547945206,4,,20,4,8,0,0,8,1,0,3,1,1H,3S,,44,0,True,False,True,False,0
top_ten,svm,occupancy_bin,full,6,unith,6,Faure,june_8_g0,0.998737373737374,1.0,1.0,0.9794520547945206,4,4,20,4,8,0,0,9,1,0,4,1,1H,4S,0.8312465260713185,44,49,True,True,True,True,0
top_ten,svm,occupancy_bin,full,6,unith,6,Faure,june_8_g0,0.998737373737374,1.0,1.0,0.9794520547945206,4,4,20,4,8,0,0,10,1,0,5,1,1H,5S,0.801095854730858,44,60,True,True,True,True,0
top_ten,svm,occupancy_bin,full,6,unith,6,Faure,june_8_g0,0.998737373737374,1.0,1.0,0.9794520547945206,4,4,20,4,8,0,0,11,1,0,6,1,1H,6S,0.8090749204806403,44,54,True,True,True,True,0
top_ten,svm,occupancy_bin,full,6,unith,6,Faure,june_8_g0,0.998737373737374,1.0,1.0,0.9794520547945206,4,4,20,4,8,0,1,0,2,0,1,0,2H,1H,0.8352856840622496,33,44,True,True,True,True,0
top_ten,svm,occupancy_bin,full,6,unith,6,Faure,june_8_g0,0.998737373737374,1.0,1.0,0.9794520547945206,4,4,20,4,8,0,1,1,2,0,2,0,2H,2H,0.9068561196061712,33,33,True,True,True,True,0
top_ten,svm,occupancy_bin,full,6,unith,6,Faure,june_8_g0,0.998737373737374,1.0,1.0,0.9794520547945206,4,4,20,4,8,0,1,2,2,0,3,0,2H,3H,0.8377063223722733,33,43,True,True,True,True,0
top_ten,svm,occupancy_bin,full,6,unith,6,Faure,june_8_g0,0.998737373737374,1.0,1.0,0.9794520547945206,4,,20,4,8,0,1,3,2,0,4,0,2H,4H,,33,0,True,False,True,False,0
top_ten,svm,occupancy_bin,full,6,unith,6,Faure,june_8_g0,0.998737373737374,1.0,1.0,0.9794520547945206,4,,20,4,8,0,1,4,2,0,5,0,2H,5H,,33,0,True,False,True,False,0
top_ten,svm,occupancy_bin,full,6,unith,6,Faure,june_8_g0,0.998737373737374,1.0,1.0,0.9794520547945206,4,,20,4,8,0,1,5,2,0,6,0,2H,6H,,33,0,True,False,True,False,0
top_ten,svm,occupancy_bin,full,6,unith,6,Faure,june_8_g0,0.998737373737374,1.0,1.0,0.9794520547945206,4,,20,4,8,0,1,6,2,0,1,1,2H,1S,,33,0,True,False,True,False,0
top_ten,svm,occupancy_bin,full,6,unith,6,Faure,june_8_g0,0.998737373737374,1.0,1.0,0.9794520547945206,4,4,20,4,8,0,1,7,2,0,2,1,2H,2S,0.8964332160478852,33,8,True,True,True,True,0
top_ten,svm,occupancy_bin,full,6,unith,6,Faure,june_8_g0,0.998737373737374,1.0,1.0,0.9794520547945206,4,,20,4,8,0,1,8,2,0,3,1,2H,3S,,33,0,True,False,True,False,0
top_ten,svm,occupancy_bin,full,6,unith,6,Faure,june_8_g0,0.998737373737374,1.0,1.0,0.9794520547945206,4,4,20,4,8,0,1,9,2,0,4,1,2H,4S,0.8913302673761079,33,49,True,True,True,True,0
top_ten,svm,occupancy_bin,full,6,unith,6,Faure,june_8_g0,0.998737373737374,1.0,1.0,0.9794520547945206,4,4,20,4,8,0,1,10,2,0,5,1,2H,5S,0.7032791988995424,33,60,True,True,True,True,0
top_ten,svm,occupancy_bin,full,6,unith,6,Faure,june_8_g0,0.998737373737374,1.0,1.0,0.9794520547945206,4,4,20,4,8,0,1,11,2,0,6,1,2H,6S,0.8388247352818452,33,54,True,True,True,True,0
top_ten,svm,occupancy_bin,full,6,unith,6,Faure,june_8_g0,0.998737373737374,1.0,1.0,0.9794520547945206,4,4,20,4,8,0,2,0,3,0,1,0,3H,1H,0.8537777583861642,43,44,True,True,True,True,0
top_ten,svm,occupancy_bin,full,6,unith,6,Faure,june_8_g0,0.998737373737374,1.0,1.0,0.9794520547945206,4,4,20,4,8,0,2,1,3,0,2,0,3H,2H,0.8377063223722733,43,33,True,True,True,True,0
top_ten,svm,occupancy_bin,full,6,unith,6,Faure,june_8_g0,0.998737373737374,1.0,1.0,0.9794520547945206,4,4,20,4,8,0,2,2,3,0,3,0,3H,3H,0.8482479511960991,43,43,True,True,True,True,0
top_ten,svm,occupancy_bin,full,6,unith,6,Faure,june_8_g0,0.998737373737374,1.0,1.0,0.9794520547945206,4,,20,4,8,0,2,3,3,0,4,0,3H,4H,,43,0,True,False,True,False,0
top_ten,svm,occupancy_bin,full,6,unith,6,Faure,june_8_g0,0.998737373737374,1.0,1.0,0.9794520547945206,4,,20,4,8,0,2,4,3,0,5,0,3H,5H,,43,0,True,False,True,False,0
top_ten,svm,occupancy_bin,full,6,unith,6,Faure,june_8_g0,0.998737373737374,1.0,1.0,0.9794520547945206,4,,20,4,8,0,2,5,3,0,6,0,3H,6H,,43,0,True,False,True,False,0
top_ten,svm,occupancy_bin,full,6,unith,6,Faure,june_8_g0,0.998737373737374,1.0,1.0,0.9794520547945206,4,,20,4,8,0,2,6,3,0,1,1,3H,1S,,43,0,True,False,True,False,0
top_ten,svm,occupancy_bin,full,6,unith,6,Faure,june_8_g0,0.998737373737374,1.0,1.0,0.9794520547945206,4,4,20,4,8,0,2,7,3,0,2,1,3H,2S,0.8250218387291763,43,8,True,True,True,True,0
top_ten,svm,occupancy_bin,full,6,unith,6,Faure,june_8_g0,0.998737373737374,1.0,1.0,0.9794520547945206,4,,20,4,8,0,2,8,3,0,3,1,3H,3S,,43,0,True,False,True,False,0
top_ten,svm,occupancy_bin,full,6,unith,6,Faure,june_8_g0,0.998737373737374,1.0,1.0,0.9794520547945206,4,4,20,4,8,0,2,9,3,0,4,1,3H,4S,0.87268146752229,43,49,True,True,True,True,0
top_ten,svm,occupancy_bin,full,6,unith,6,Faure,june_8_g0,0.998737373737374,1.0,1.0,0.9794520547945206,4,4,20,4,8,0,2,10,3,0,5,1,3H,5S,0.7627681422507167,43,60,True,True,True,True,0
top_ten,svm,occupancy_bin,full,6,unith,6,Faure,june_8_g0,0.998737373737374,1.0,1.0,0.9794520547945206,4,4,20,4,8,0,2,11,3,0,6,1,3H,6S,0.8001790487135153,43,54,True,True,True,True,0
top_ten,svm,occupancy_bin,full,6,unith,6,Faure,june_8_g0,0.998737373737374,1.0,1.0,0.9794520547945206,,4,20,4,8,0,3,0,4,0,1,0,4H,1H,,0,44,False,True,False,True,0
top_ten,svm,occupancy_bin,full,6,unith,6,Faure,june_8_g0,0.998737373737374,1.0,1.0,0.9794520547945206,,4,20,4,8,0,3,1,4,0,2,0,4H,2H,,0,33,False,True,False,True,0
top_ten,svm,occupancy_bin,full,6,unith,6,Faure,june_8_g0,0.998737373737374,1.0,1.0,0.9794520547945206,,4,20,4,8,0,3,2,4,0,3,0,4H,3H,,0,43,False,True,False,True,0
top_ten,svm,occupancy_bin,full,6,unith,6,Faure,june_8_g0,0.998737373737374,1.0,1.0,0.9794520547945206,,,20,4,8,0,3,3,4,0,4,0,4H,4H,,0,0,False,False,False,False,0
top_ten,svm,occupancy_bin,full,6,unith,6,Faure,june_8_g0,0.998737373737374,1.0,1.0,0.9794520547945206,,,20,4,8,0,3,4,4,0,5,0,4H,5H,,0,0,False,False,False,False,0
top_ten,svm,occupancy_bin,full,6,unith,6,Faure,june_8_g0,0.998737373737374,1.0,1.0,0.9794520547945206,,,20,4,8,0,3,5,4,0,6,0,4H,6H,,0,0,False,False,False,False,0
top_ten,svm,occupancy_bin,full,6,unith,6,Faure,june_8_g0,0.998737373737374,1.0,1.0,0.9794520547945206,,,20,4,8,0,3,6,4,0,1,1,4H,1S,,0,0,False,False,False,False,0
top_ten,svm,occupancy_bin,full,6,unith,6,Faure,june_8_g0,0.998737373737374,1.0,1.0,0.9794520547945206,,4,20,4,8,0,3,7,4,0,2,1,4H,2S,,0,8,False,True,False,True,0
top_ten,svm,occupancy_bin,full,6,unith,6,Faure,june_8_g0,0.998737373737374,1.0,1.0,0.9794520547945206,,,20,4,8,0,3,8,4,0,3,1,4H,3S,,0,0,False,False,False,False,0
top_ten,svm,occupancy_bin,full,6,unith,6,Faure,june_8_g0,0.998737373737374,1.0,1.0,0.9794520547945206,,4,20,4,8,0,3,9,4,0,4,1,4H,4S,,0,49,False,True,False,True,0
top_ten,svm,occupancy_bin,full,6,unith,6,Faure,june_8_g0,0.998737373737374,1.0,1.0,0.9794520547945206,,4,20,4,8,0,3,10,4,0,5,1,4H,5S,,0,60,False,True,False,True,0
top_ten,svm,occupancy_bin,full,6,unith,6,Faure,june_8_g0,0.998737373737374,1.0,1.0,0.9794520547945206,,4,20,4,8,0,3,11,4,0,6,1,4H,6S,,0,54,False,True,False,True,0
top_ten,svm,occupancy_bin,full,6,unith,6,Faure,june_8_g0,0.998737373737374,1.0,1.0,0.9794520547945206,,4,20,4,8,0,4,0,5,0,1,0,5H,1H,,0,44,False,True,False,True,0
top_ten,svm,occupancy_bin,full,6,unith,6,Faure,june_8_g0,0.998737373737374,1.0,1.0,0.9794520547945206,,4,20,4,8,0,4,1,5,0,2,0,5H,2H,,0,33,False,True,False,True,0
top_ten,svm,occupancy_bin,full,6,unith,6,Faure,june_8_g0,0.998737373737374,1.0,1.0,0.9794520547945206,,4,20,4,8,0,4,2,5,0,3,0,5H,3H,,0,43,False,True,False,True,0
top_ten,svm,occupancy_bin,full,6,unith,6,Faure,june_8_g0,0.998737373737374,1.0,1.0,0.9794520547945206,,,20,4,8,0,4,3,5,0,4,0,5H,4H,,0,0,False,False,False,False,0
top_ten,svm,occupancy_bin,full,6,unith,6,Faure,june_8_g0,0.998737373737374,1.0,1.0,0.9794520547945206,,,20,4,8,0,4,4,5,0,5,0,5H,5H,,0,0,False,False,False,False,0
top_ten,svm,occupancy_bin,full,6,unith,6,Faure,june_8_g0,0.998737373737374,1.0,1.0,0.9794520547945206,,,20,4,8,0,4,5,5,0,6,0,5H,6H,,0,0,False,False,False,False,0
top_ten,svm,occupancy_bin,full,6,unith,6,Faure,june_8_g0,0.998737373737374,1.0,1.0,0.9794520547945206,,,20,4,8,0,4,6,5,0,1,1,5H,1S,,0,0,False,False,False,False,0
top_ten,svm,occupancy_bin,full,6,unith,6,Faure,june_8_g0,0.998737373737374,1.0,1.0,0.9794520547945206,,4,20,4,8,0,4,7,5,0,2,1,5H,2S,,0,8,False,True,False,True,0
top_ten,svm,occupancy_bin,full,6,unith,6,Faure,june_8_g0,0.998737373737374,1.0,1.0,0.9794520547945206,,,20,4,8,0,4,8,5,0,3,1,5H,3S,,0,0,False,False,False,False,0
top_ten,svm,occupancy_bin,full,6,unith,6,Faure,june_8_g0,0.998737373737374,1.0,1.0,0.9794520547945206,,4,20,4,8,0,4,9,5,0,4,1,5H,4S,,0,49,False,True,False,True,0
top_ten,svm,occupancy_bin,full,6,unith,6,Faure,june_8_g0,0.998737373737374,1.0,1.0,0.9794520547945206,,4,20,4,8,0,4,10,5,0,5,1,5H,5S,,0,60,False,True,False,True,0
top_ten,svm,occupancy_bin,full,6,unith,6,Faure,june_8_g0,0.998737373737374,1.0,1.0,0.9794520547945206,,4,20,4,8,0,4,11,5,0,6,1,5H,6S,,0,54,False,True,False,True,0
top_ten,svm,occupancy_bin,full,6,unith,6,Faure,june_8_g0,0.998737373737374,1.0,1.0,0.9794520547945206,,4,20,4,8,0,5,0,6,0,1,0,6H,1H,,0,44,False,True,False,True,0
top_ten,svm,occupancy_bin,full,6,unith,6,Faure,june_8_g0,0.998737373737374,1.0,1.0,0.9794520547945206,,4,20,4,8,0,5,1,6,0,2,0,6H,2H,,0,33,False,True,False,True,0
top_ten,svm,occupancy_bin,full,6,unith,6,Faure,june_8_g0,0.998737373737374,1.0,1.0,0.9794520547945206,,4,20,4,8,0,5,2,6,0,3,0,6H,3H,,0,43,False,True,False,True,0
top_ten,svm,occupancy_bin,full,6,unith,6,Faure,june_8_g0,0.998737373737374,1.0,1.0,0.9794520547945206,,,20,4,8,0,5,3,6,0,4,0,6H,4H,,0,0,False,False,False,False,0
top_ten,svm,occupancy_bin,full,6,unith,6,Faure,june_8_g0,0.998737373737374,1.0,1.0,0.9794520547945206,,,20,4,8,0,5,4,6,0,5,0,6H,5H,,0,0,False,False,False,False,0
top_ten,svm,occupancy_bin,full,6,unith,6,Faure,june_8_g0,0.998737373737374,1.0,1.0,0.9794520547945206,,,20,4,8,0,5,5,6,0,6,0,6H,6H,,0,0,False,False,False,False,0
top_ten,svm,occupancy_bin,full,6,unith,6,Faure,june_8_g0,0.998737373737374,1.0,1.0,0.9794520547945206,,,20,4,8,0,5,6,6,0,1,1,6H,1S,,0,0,False,False,False,False,0
top_ten,svm,occupancy_bin,full,6,unith,6,Faure,june_8_g0,0.998737373737374,1.0,1.0,0.9794520547945206,,4,20,4,8,0,5,7,6,0,2,1,6H,2S,,0,8,False,True,False,True,0
top_ten,svm,occupancy_bin,full,6,unith,6,Faure,june_8_g0,0.998737373737374,1.0,1.0,0.9794520547945206,,,20,4,8,0,5,8,6,0,3,1,6H,3S,,0,0,False,False,False,False,0
top_ten,svm,occupancy_bin,full,6,unith,6,Faure,june_8_g0,0.998737373737374,1.0,1.0,0.9794520547945206,,4,20,4,8,0,5,9,6,0,4,1,6H,4S,,0,49,False,True,False,True,0
top_ten,svm,occupancy_bin,full,6,unith,6,Faure,june_8_g0,0.998737373737374,1.0,1.0,0.9794520547945206,,4,20,4,8,0,5,10,6,0,5,1,6H,5S,,0,60,False,True,False,True,0
top_ten,svm,occupancy_bin,full,6,unith,6,Faure,june_8_g0,0.998737373737374,1.0,1.0,0.9794520547945206,,4,20,4,8,0,5,11,6,0,6,1,6H,6S,,0,54,False,True,False,True,0
top_ten,svm,occupancy_bin,full,6,unith,6,Faure,june_8_g0,0.998737373737374,1.0,1.0,0.9794520547945206,,4,20,4,8,0,6,0,1,1,1,0,1S,1H,,0,44,False,True,False,True,0
top_ten,svm,occupancy_bin,full,6,unith,6,Faure,june_8_g0,0.998737373737374,1.0,1.0,0.9794520547945206,,4,20,4,8,0,6,1,1,1,2,0,1S,2H,,0,33,False,True,False,True,0
top_ten,svm,occupancy_bin,full,6,unith,6,Faure,june_8_g0,0.998737373737374,1.0,1.0,0.9794520547945206,,4,20,4,8,0,6,2,1,1,3,0,1S,3H,,0,43,False,True,False,True,0
top_ten,svm,occupancy_bin,full,6,unith,6,Faure,june_8_g0,0.998737373737374,1.0,1.0,0.9794520547945206,,,20,4,8,0,6,3,1,1,4,0,1S,4H,,0,0,False,False,False,False,0
top_ten,svm,occupancy_bin,full,6,unith,6,Faure,june_8_g0,0.998737373737374,1.0,1.0,0.9794520547945206,,,20,4,8,0,6,4,1,1,5,0,1S,5H,,0,0,False,False,False,False,0
top_ten,svm,occupancy_bin,full,6,unith,6,Faure,june_8_g0,0.998737373737374,1.0,1.0,0.9794520547945206,,,20,4,8,0,6,5,1,1,6,0,1S,6H,,0,0,False,False,False,False,0
top_ten,svm,occupancy_bin,full,6,unith,6,Faure,june_8_g0,0.998737373737374,1.0,1.0,0.9794520547945206,,,20,4,8,0,6,6,1,1,1,1,1S,1S,,0,0,False,False,False,False,0
top_ten,svm,occupancy_bin,full,6,unith,6,Faure,june_8_g0,0.998737373737374,1.0,1.0,0.9794520547945206,,4,20,4,8,0,6,7,1,1,2,1,1S,2S,,0,8,False,True,False,True,0
top_ten,svm,occupancy_bin,full,6,unith,6,Faure,june_8_g0,0.998737373737374,1.0,1.0,0.9794520547945206,,,20,4,8,0,6,8,1,1,3,1,1S,3S,,0,0,False,False,False,False,0
top_ten,svm,occupancy_bin,full,6,unith,6,Faure,june_8_g0,0.998737373737374,1.0,1.0,0.9794520547945206,,4,20,4,8,0,6,9,1,1,4,1,1S,4S,,0,49,False,True,False,True,0
top_ten,svm,occupancy_bin,full,6,unith,6,Faure,june_8_g0,0.998737373737374,1.0,1.0,0.9794520547945206,,4,20,4,8,0,6,10,1,1,5,1,1S,5S,,0,60,False,True,False,True,0
top_ten,svm,occupancy_bin,full,6,unith,6,Faure,june_8_g0,0.998737373737374,1.0,1.0,0.9794520547945206,,4,20,4,8,0,6,11,1,1,6,1,1S,6S,,0,54,False,True,False,True,0
top_ten,svm,occupancy_bin,full,6,unith,6,Faure,june_8_g0,0.998737373737374,1.0,1.0,0.9794520547945206,4,4,20,4,8,0,7,0,2,1,1,0,2S,1H,0.7854501245712566,8,44,True,True,True,True,0
top_ten,svm,occupancy_bin,full,6,unith,6,Faure,june_8_g0,0.998737373737374,1.0,1.0,0.9794520547945206,4,4,20,4,8,0,7,1,2,1,2,0,2S,2H,0.8964332160478852,8,33,True,True,True,True,0
top_ten,svm,occupancy_bin,full,6,unith,6,Faure,june_8_g0,0.998737373737374,1.0,1.0,0.9794520547945206,4,4,20,4,8,0,7,2,2,1,3,0,2S,3H,0.8250218387291763,8,43,True,True,True,True,0
top_ten,svm,occupancy_bin,full,6,unith,6,Faure,june_8_g0,0.998737373737374,1.0,1.0,0.9794520547945206,4,,20,4,8,0,7,3,2,1,4,0,2S,4H,,8,0,True,False,True,False,0
top_ten,svm,occupancy_bin,full,6,unith,6,Faure,june_8_g0,0.998737373737374,1.0,1.0,0.9794520547945206,4,,20,4,8,0,7,4,2,1,5,0,2S,5H,,8,0,True,False,True,False,0
top_ten,svm,occupancy_bin,full,6,unith,6,Faure,june_8_g0,0.998737373737374,1.0,1.0,0.9794520547945206,4,,20,4,8,0,7,5,2,1,6,0,2S,6H,,8,0,True,False,True,False,0
top_ten,svm,occupancy_bin,full,6,unith,6,Faure,june_8_g0,0.998737373737374,1.0,1.0,0.9794520547945206,4,,20,4,8,0,7,6,2,1,1,1,2S,1S,,8,0,True,False,True,False,0
top_ten,svm,occupancy_bin,full,6,unith,6,Faure,june_8_g0,0.998737373737374,1.0,1.0,0.9794520547945206,4,4,20,4,8,0,7,7,2,1,2,1,2S,2S,0.8739519682976871,8,8,True,True,True,True,0
top_ten,svm,occupancy_bin,full,6,unith,6,Faure,june_8_g0,0.998737373737374,1.0,1.0,0.9794520547945206,4,,20,4,8,0,7,8,2,1,3,1,2S,3S,,8,0,True,False,True,False,0
top_ten,svm,occupancy_bin,full,6,unith,6,Faure,june_8_g0,0.998737373737374,1.0,1.0,0.9794520547945206,4,4,20,4,8,0,7,9,2,1,4,1,2S,4S,0.8682082942717738,8,49,True,True,True,True,0
top_ten,svm,occupancy_bin,full,6,unith,6,Faure,june_8_g0,0.998737373737374,1.0,1.0,0.9794520547945206,4,4,20,4,8,0,7,10,2,1,5,1,2S,5S,0.6883730471777175,8,60,True,True,True,True,0
top_ten,svm,occupancy_bin,full,6,unith,6,Faure,june_8_g0,0.998737373737374,1.0,1.0,0.9794520547945206,4,4,20,4,8,0,7,11,2,1,6,1,2S,6S,0.8521275968975074,8,54,True,True,True,True,0
top_ten,svm,occupancy_bin,full,6,unith,6,Faure,june_8_g0,0.998737373737374,1.0,1.0,0.9794520547945206,,4,20,4,8,0,8,0,3,1,1,0,3S,1H,,0,44,False,True,False,True,0
top_ten,svm,occupancy_bin,full,6,unith,6,Faure,june_8_g0,0.998737373737374,1.0,1.0,0.9794520547945206,,4,20,4,8,0,8,1,3,1,2,0,3S,2H,,0,33,False,True,False,True,0
top_ten,svm,occupancy_bin,full,6,unith,6,Faure,june_8_g0,0.998737373737374,1.0,1.0,0.9794520547945206,,4,20,4,8,0,8,2,3,1,3,0,3S,3H,,0,43,False,True,False,True,0
top_ten,svm,occupancy_bin,full,6,unith,6,Faure,june_8_g0,0.998737373737374,1.0,1.0,0.9794520547945206,,,20,4,8,0,8,3,3,1,4,0,3S,4H,,0,0,False,False,False,False,0
top_ten,svm,occupancy_bin,full,6,unith,6,Faure,june_8_g0,0.998737373737374,1.0,1.0,0.9794520547945206,,,20,4,8,0,8,4,3,1,5,0,3S,5H,,0,0,False,False,False,False,0
top_ten,svm,occupancy_bin,full,6,unith,6,Faure,june_8_g0,0.998737373737374,1.0,1.0,0.9794520547945206,,,20,4,8,0,8,5,3,1,6,0,3S,6H,,0,0,False,False,False,False,0
top_ten,svm,occupancy_bin,full,6,unith,6,Faure,june_8_g0,0.998737373737374,1.0,1.0,0.9794520547945206,,,20,4,8,0,8,6,3,1,1,1,3S,1S,,0,0,False,False,False,False,0
top_ten,svm,occupancy_bin,full,6,unith,6,Faure,june_8_g0,0.998737373737374,1.0,1.0,0.9794520547945206,,4,20,4,8,0,8,7,3,1,2,1,3S,2S,,0,8,False,True,False,True,0
top_ten,svm,occupancy_bin,full,6,unith,6,Faure,june_8_g0,0.998737373737374,1.0,1.0,0.9794520547945206,,,20,4,8,0,8,8,3,1,3,1,3S,3S,,0,0,False,False,False,False,0
top_ten,svm,occupancy_bin,full,6,unith,6,Faure,june_8_g0,0.998737373737374,1.0,1.0,0.9794520547945206,,4,20,4,8,0,8,9,3,1,4,1,3S,4S,,0,49,False,True,False,True,0
top_ten,svm,occupancy_bin,full,6,unith,6,Faure,june_8_g0,0.998737373737374,1.0,1.0,0.9794520547945206,,4,20,4,8,0,8,10,3,1,5,1,3S,5S,,0,60,False,True,False,True,0
top_ten,svm,occupancy_bin,full,6,unith,6,Faure,june_8_g0,0.998737373737374,1.0,1.0,0.9794520547945206,,4,20,4,8,0,8,11,3,1,6,1,3S,6S,,0,54,False,True,False,True,0
top_ten,svm,occupancy_bin,full,6,unith,6,Faure,june_8_g0,0.998737373737374,1.0,1.0,0.9794520547945206,4,4,20,4,8,0,9,0,4,1,1,0,4S,1H,0.8312465260713185,49,44,True,True,True,True,0
top_ten,svm,occupancy_bin,full,6,unith,6,Faure,june_8_g0,0.998737373737374,1.0,1.0,0.9794520547945206,4,4,20,4,8,0,9,1,4,1,2,0,4S,2H,0.8913302673761079,49,33,True,True,True,True,0
top_ten,svm,occupancy_bin,full,6,unith,6,Faure,june_8_g0,0.998737373737374,1.0,1.0,0.9794520547945206,4,4,20,4,8,0,9,2,4,1,3,0,4S,3H,0.87268146752229,49,43,True,True,True,True,0
top_ten,svm,occupancy_bin,full,6,unith,6,Faure,june_8_g0,0.998737373737374,1.0,1.0,0.9794520547945206,4,,20,4,8,0,9,3,4,1,4,0,4S,4H,,49,0,True,False,True,False,0
top_ten,svm,occupancy_bin,full,6,unith,6,Faure,june_8_g0,0.998737373737374,1.0,1.0,0.9794520547945206,4,,20,4,8,0,9,4,4,1,5,0,4S,5H,,49,0,True,False,True,False,0
top_ten,svm,occupancy_bin,full,6,unith,6,Faure,june_8_g0,0.998737373737374,1.0,1.0,0.9794520547945206,4,,20,4,8,0,9,5,4,1,6,0,4S,6H,,49,0,True,False,True,False,0
top_ten,svm,occupancy_bin,full,6,unith,6,Faure,june_8_g0,0.998737373737374,1.0,1.0,0.9794520547945206,4,,20,4,8,0,9,6,4,1,1,1,4S,1S,,49,0,True,False,True,False,0
top_ten,svm,occupancy_bin,full,6,unith,6,Faure,june_8_g0,0.998737373737374,1.0,1.0,0.9794520547945206,4,4,20,4,8,0,9,7,4,1,2,1,4S,2S,0.8682082942717738,49,8,True,True,True,True,0
top_ten,svm,occupancy_bin,full,6,unith,6,Faure,june_8_g0,0.998737373737374,1.0,1.0,0.9794520547945206,4,,20,4,8,0,9,8,4,1,3,1,4S,3S,,49,0,True,False,True,False,0
top_ten,svm,occupancy_bin,full,6,unith,6,Faure,june_8_g0,0.998737373737374,1.0,1.0,0.9794520547945206,4,4,20,4,8,0,9,9,4,1,4,1,4S,4S,0.9124962678394397,49,49,True,True,True,True,0
top_ten,svm,occupancy_bin,full,6,unith,6,Faure,june_8_g0,0.998737373737374,1.0,1.0,0.9794520547945206,4,4,20,4,8,0,9,10,4,1,5,1,4S,5S,0.7350327990277841,49,60,True,True,True,True,0
top_ten,svm,occupancy_bin,full,6,unith,6,Faure,june_8_g0,0.998737373737374,1.0,1.0,0.9794520547945206,4,4,20,4,8,0,9,11,4,1,6,1,4S,6S,0.8057465555099685,49,54,True,True,True,True,0
top_ten,svm,occupancy_bin,full,6,unith,6,Faure,june_8_g0,0.998737373737374,1.0,1.0,0.9794520547945206,4,4,20,4,8,0,10,0,5,1,1,0,5S,1H,0.801095854730858,60,44,True,True,True,True,0
top_ten,svm,occupancy_bin,full,6,unith,6,Faure,june_8_g0,0.998737373737374,1.0,1.0,0.9794520547945206,4,4,20,4,8,0,10,1,5,1,2,0,5S,2H,0.7032791988995424,60,33,True,True,True,True,0
top_ten,svm,occupancy_bin,full,6,unith,6,Faure,june_8_g0,0.998737373737374,1.0,1.0,0.9794520547945206,4,4,20,4,8,0,10,2,5,1,3,0,5S,3H,0.7627681422507167,60,43,True,True,True,True,0
top_ten,svm,occupancy_bin,full,6,unith,6,Faure,june_8_g0,0.998737373737374,1.0,1.0,0.9794520547945206,4,,20,4,8,0,10,3,5,1,4,0,5S,4H,,60,0,True,False,True,False,0
top_ten,svm,occupancy_bin,full,6,unith,6,Faure,june_8_g0,0.998737373737374,1.0,1.0,0.9794520547945206,4,,20,4,8,0,10,4,5,1,5,0,5S,5H,,60,0,True,False,True,False,0
top_ten,svm,occupancy_bin,full,6,unith,6,Faure,june_8_g0,0.998737373737374,1.0,1.0,0.9794520547945206,4,,20,4,8,0,10,5,5,1,6,0,5S,6H,,60,0,True,False,True,False,0
top_ten,svm,occupancy_bin,full,6,unith,6,Faure,june_8_g0,0.998737373737374,1.0,1.0,0.9794520547945206,4,,20,4,8,0,10,6,5,1,1,1,5S,1S,,60,0,True,False,True,False,0
top_ten,svm,occupancy_bin,full,6,unith,6,Faure,june_8_g0,0.998737373737374,1.0,1.0,0.9794520547945206,4,4,20,4,8,0,10,7,5,1,2,1,5S,2S,0.6883730471777175,60,8,True,True,True,True,0
top_ten,svm,occupancy_bin,full,6,unith,6,Faure,june_8_g0,0.998737373737374,1.0,1.0,0.9794520547945206,4,,20,4,8,0,10,8,5,1,3,1,5S,3S,,60,0,True,False,True,False,0
top_ten,svm,occupancy_bin,full,6,unith,6,Faure,june_8_g0,0.998737373737374,1.0,1.0,0.9794520547945206,4,4,20,4,8,0,10,9,5,1,4,1,5S,4S,0.7350327990277841,60,49,True,True,True,True,0
top_ten,svm,occupancy_bin,full,6,unith,6,Faure,june_8_g0,0.998737373737374,1.0,1.0,0.9794520547945206,4,4,20,4,8,0,10,10,5,1,5,1,5S,5S,0.7457569922109583,60,60,True,True,True,True,0
top_ten,svm,occupancy_bin,full,6,unith,6,Faure,june_8_g0,0.998737373737374,1.0,1.0,0.9794520547945206,4,4,20,4,8,0,10,11,5,1,6,1,5S,6S,0.7553245216524618,60,54,True,True,True,True,0
top_ten,svm,occupancy_bin,full,6,unith,6,Faure,june_8_g0,0.998737373737374,1.0,1.0,0.9794520547945206,4,4,20,4,8,0,11,0,6,1,1,0,6S,1H,0.8090749204806403,54,44,True,True,True,True,0
top_ten,svm,occupancy_bin,full,6,unith,6,Faure,june_8_g0,0.998737373737374,1.0,1.0,0.9794520547945206,4,4,20,4,8,0,11,1,6,1,2,0,6S,2H,0.8388247352818452,54,33,True,True,True,True,0
top_ten,svm,occupancy_bin,full,6,unith,6,Faure,june_8_g0,0.998737373737374,1.0,1.0,0.9794520547945206,4,4,20,4,8,0,11,2,6,1,3,0,6S,3H,0.8001790487135153,54,43,True,True,True,True,0
top_ten,svm,occupancy_bin,full,6,unith,6,Faure,june_8_g0,0.998737373737374,1.0,1.0,0.9794520547945206,4,,20,4,8,0,11,3,6,1,4,0,6S,4H,,54,0,True,False,True,False,0
top_ten,svm,occupancy_bin,full,6,unith,6,Faure,june_8_g0,0.998737373737374,1.0,1.0,0.9794520547945206,4,,20,4,8,0,11,4,6,1,5,0,6S,5H,,54,0,True,False,True,False,0
top_ten,svm,occupancy_bin,full,6,unith,6,Faure,june_8_g0,0.998737373737374,1.0,1.0,0.9794520547945206,4,,20,4,8,0,11,5,6,1,6,0,6S,6H,,54,0,True,False,True,False,0
top_ten,svm,occupancy_bin,full,6,unith,6,Faure,june_8_g0,0.998737373737374,1.0,1.0,0.9794520547945206,4,,20,4,8,0,11,6,6,1,1,1,6S,1S,,54,0,True,False,True,False,0
top_ten,svm,occupancy_bin,full,6,unith,6,Faure,june_8_g0,0.998737373737374,1.0,1.0,0.9794520547945206,4,4,20,4,8,0,11,7,6,1,2,1,6S,2S,0.8521275968975074,54,8,True,True,True,True,0
top_ten,svm,occupancy_bin,full,6,unith,6,Faure,june_8_g0,0.998737373737374,1.0,1.0,0.9794520547945206,4,,20,4,8,0,11,8,6,1,3,1,6S,3S,,54,0,True,False,True,False,0
top_ten,svm,occupancy_bin,full,6,unith,6,Faure,june_8_g0,0.998737373737374,1.0,1.0,0.9794520547945206,4,4,20,4,8,0,11,9,6,1,4,1,6S,4S,0.8057465555099685,54,49,True,True,True,True,0
top_ten,svm,occupancy_bin,full,6,unith,6,Faure,june_8_g0,0.998737373737374,1.0,1.0,0.9794520547945206,4,4,20,4,8,0,11,10,6,1,5,1,6S,5S,0.7553245216524618,54,60,True,True,True,True,0
top_ten,svm,occupancy_bin,full,6,unith,6,Faure,june_8_g0,0.998737373737374,1.0,1.0,0.9794520547945206,4,4,20,4,8,0,11,11,6,1,6,1,6S,6S,0.8193963021265798,54,54,True,True,True,True,0
top_ten,svm,occupancy_bin,full,6,unith,6,Nielsen,Nov_18_g0,0.990064289888954,0.9955191895577635,0.9658094681472823,0.46511627906976744,13,13,20,4,8,0,0,0,1,0,1,0,1H,1H,0.8875501873188016,57,57,True,True,True,True,0
top_ten,svm,occupancy_bin,full,6,unith,6,Nielsen,Nov_18_g0,0.990064289888954,0.9955191895577635,0.9658094681472823,0.46511627906976744,13,13,20,4,8,0,0,1,1,0,2,0,1H,2H,0.848345447083782,57,63,True,True,True,True,0
top_ten,svm,occupancy_bin,full,6,unith,6,Nielsen,Nov_18_g0,0.990064289888954,0.9955191895577635,0.9658094681472823,0.46511627906976744,13,13,20,4,8,0,0,2,1,0,3,0,1H,3H,0.8997811456709478,57,67,True,True,True,True,0
top_ten,svm,occupancy_bin,full,6,unith,6,Nielsen,Nov_18_g0,0.990064289888954,0.9955191895577635,0.9658094681472823,0.46511627906976744,13,13,20,4,8,0,0,3,1,0,4,0,1H,4H,0.8740139696718288,57,43,True,True,True,True,0
top_ten,svm,occupancy_bin,full,6,unith,6,Nielsen,Nov_18_g0,0.990064289888954,0.9955191895577635,0.9658094681472823,0.46511627906976744,13,2,20,4,8,0,0,4,1,0,5,0,1H,5H,0.5527197265423033,57,5,True,True,True,False,0
top_ten,svm,occupancy_bin,full,6,unith,6,Nielsen,Nov_18_g0,0.990064289888954,0.9955191895577635,0.9658094681472823,0.46511627906976744,13,,20,4,8,0,0,5,1,0,6,0,1H,6H,,57,0,True,False,True,False,0
top_ten,svm,occupancy_bin,full,6,unith,6,Nielsen,Nov_18_g0,0.990064289888954,0.9955191895577635,0.9658094681472823,0.46511627906976744,13,,20,4,8,0,0,6,1,0,1,1,1H,1S,,57,0,True,False,True,False,0
top_ten,svm,occupancy_bin,full,6,unith,6,Nielsen,Nov_18_g0,0.990064289888954,0.9955191895577635,0.9658094681472823,0.46511627906976744,13,,20,4,8,0,0,7,1,0,2,1,1H,2S,,57,0,True,False,True,False,0
top_ten,svm,occupancy_bin,full,6,unith,6,Nielsen,Nov_18_g0,0.990064289888954,0.9955191895577635,0.9658094681472823,0.46511627906976744,13,,20,4,8,0,0,8,1,0,3,1,1H,3S,,57,0,True,False,True,False,0
top_ten,svm,occupancy_bin,full,6,unith,6,Nielsen,Nov_18_g0,0.990064289888954,0.9955191895577635,0.9658094681472823,0.46511627906976744,13,13,20,4,8,0,0,9,1,0,4,1,1H,4S,0.6991743870099005,57,27,True,True,True,True,0
top_ten,svm,occupancy_bin,full,6,unith,6,Nielsen,Nov_18_g0,0.990064289888954,0.9955191895577635,0.9658094681472823,0.46511627906976744,13,13,20,4,8,0,0,10,1,0,5,1,1H,5S,0.7921047976166532,57,76,True,True,True,True,0
top_ten,svm,occupancy_bin,full,6,unith,6,Nielsen,Nov_18_g0,0.990064289888954,0.9955191895577635,0.9658094681472823,0.46511627906976744,13,13,20,4,8,0,0,11,1,0,6,1,1H,6S,0.7365397038910145,57,84,True,True,True,True,0
top_ten,svm,occupancy_bin,full,6,unith,6,Nielsen,Nov_18_g0,0.990064289888954,0.9955191895577635,0.9658094681472823,0.46511627906976744,13,13,20,4,8,0,1,0,2,0,1,0,2H,1H,0.848345447083782,63,57,True,True,True,True,0
top_ten,svm,occupancy_bin,full,6,unith,6,Nielsen,Nov_18_g0,0.990064289888954,0.9955191895577635,0.9658094681472823,0.46511627906976744,13,13,20,4,8,0,1,1,2,0,2,0,2H,2H,0.8829861815605282,63,63,True,True,True,True,0
top_ten,svm,occupancy_bin,full,6,unith,6,Nielsen,Nov_18_g0,0.990064289888954,0.9955191895577635,0.9658094681472823,0.46511627906976744,13,13,20,4,8,0,1,2,2,0,3,0,2H,3H,0.8462524816152881,63,67,True,True,True,True,0
top_ten,svm,occupancy_bin,full,6,unith,6,Nielsen,Nov_18_g0,0.990064289888954,0.9955191895577635,0.9658094681472823,0.46511627906976744,13,13,20,4,8,0,1,3,2,0,4,0,2H,4H,0.8474338723626673,63,43,True,True,True,True,0
top_ten,svm,occupancy_bin,full,6,unith,6,Nielsen,Nov_18_g0,0.990064289888954,0.9955191895577635,0.9658094681472823,0.46511627906976744,13,2,20,4,8,0,1,4,2,0,5,0,2H,5H,0.45885046868124946,63,5,True,True,True,False,0
top_ten,svm,occupancy_bin,full,6,unith,6,Nielsen,Nov_18_g0,0.990064289888954,0.9955191895577635,0.9658094681472823,0.46511627906976744,13,,20,4,8,0,1,5,2,0,6,0,2H,6H,,63,0,True,False,True,False,0
top_ten,svm,occupancy_bin,full,6,unith,6,Nielsen,Nov_18_g0,0.990064289888954,0.9955191895577635,0.9658094681472823,0.46511627906976744,13,,20,4,8,0,1,6,2,0,1,1,2H,1S,,63,0,True,False,True,False,0
top_ten,svm,occupancy_bin,full,6,unith,6,Nielsen,Nov_18_g0,0.990064289888954,0.9955191895577635,0.9658094681472823,0.46511627906976744,13,,20,4,8,0,1,7,2,0,2,1,2H,2S,,63,0,True,False,True,False,0
top_ten,svm,occupancy_bin,full,6,unith,6,Nielsen,Nov_18_g0,0.990064289888954,0.9955191895577635,0.9658094681472823,0.46511627906976744,13,,20,4,8,0,1,8,2,0,3,1,2H,3S,,63,0,True,False,True,False,0
top_ten,svm,occupancy_bin,full,6,unith,6,Nielsen,Nov_18_g0,0.990064289888954,0.9955191895577635,0.9658094681472823,0.46511627906976744,13,13,20,4,8,0,1,9,2,0,4,1,2H,4S,0.8072593181238945,63,27,True,True,True,True,0
top_ten,svm,occupancy_bin,full,6,unith,6,Nielsen,Nov_18_g0,0.990064289888954,0.9955191895577635,0.9658094681472823,0.46511627906976744,13,13,20,4,8,0,1,10,2,0,5,1,2H,5S,0.7498799361738514,63,76,True,True,True,True,0
top_ten,svm,occupancy_bin,full,6,unith,6,Nielsen,Nov_18_g0,0.990064289888954,0.9955191895577635,0.9658094681472823,0.46511627906976744,13,13,20,4,8,0,1,11,2,0,6,1,2H,6S,0.798277300392513,63,84,True,True,True,True,0
top_ten,svm,occupancy_bin,full,6,unith,6,Nielsen,Nov_18_g0,0.990064289888954,0.9955191895577635,0.9658094681472823,0.46511627906976744,13,13,20,4,8,0,2,0,3,0,1,0,3H,1H,0.8997811456709478,67,57,True,True,True,True,0
top_ten,svm,occupancy_bin,full,6,unith,6,Nielsen,Nov_18_g0,0.990064289888954,0.9955191895577635,0.9658094681472823,0.46511627906976744,13,13,20,4,8,0,2,1,3,0,2,0,3H,2H,0.8462524816152881,67,63,True,True,True,True,0
top_ten,svm,occupancy_bin,full,6,unith,6,Nielsen,Nov_18_g0,0.990064289888954,0.9955191895577635,0.9658094681472823,0.46511627906976744,13,13,20,4,8,0,2,2,3,0,3,0,3H,3H,0.877272509274895,67,67,True,True,True,True,0
top_ten,svm,occupancy_bin,full,6,unith,6,Nielsen,Nov_18_g0,0.990064289888954,0.9955191895577635,0.9658094681472823,0.46511627906976744,13,13,20,4,8,0,2,3,3,0,4,0,3H,4H,0.869857072065388,67,43,True,True,True,True,0
top_ten,svm,occupancy_bin,full,6,unith,6,Nielsen,Nov_18_g0,0.990064289888954,0.9955191895577635,0.9658094681472823,0.46511627906976744,13,2,20,4,8,0,2,4,3,0,5,0,3H,5H,0.6105848444782456,67,5,True,True,True,False,0
top_ten,svm,occupancy_bin,full,6,unith,6,Nielsen,Nov_18_g0,0.990064289888954,0.9955191895577635,0.9658094681472823,0.46511627906976744,13,,20,4,8,0,2,5,3,0,6,0,3H,6H,,67,0,True,False,True,False,0
top_ten,svm,occupancy_bin,full,6,unith,6,Nielsen,Nov_18_g0,0.990064289888954,0.9955191895577635,0.9658094681472823,0.46511627906976744,13,,20,4,8,0,2,6,3,0,1,1,3H,1S,,67,0,True,False,True,False,0
top_ten,svm,occupancy_bin,full,6,unith,6,Nielsen,Nov_18_g0,0.990064289888954,0.9955191895577635,0.9658094681472823,0.46511627906976744,13,,20,4,8,0,2,7,3,0,2,1,3H,2S,,67,0,True,False,True,False,0
top_ten,svm,occupancy_bin,full,6,unith,6,Nielsen,Nov_18_g0,0.990064289888954,0.9955191895577635,0.9658094681472823,0.46511627906976744,13,,20,4,8,0,2,8,3,0,3,1,3H,3S,,67,0,True,False,True,False,0
top_ten,svm,occupancy_bin,full,6,unith,6,Nielsen,Nov_18_g0,0.990064289888954,0.9955191895577635,0.9658094681472823,0.46511627906976744,13,13,20,4,8,0,2,9,3,0,4,1,3H,4S,0.6536394084769208,67,27,True,True,True,True,0
top_ten,svm,occupancy_bin,full,6,unith,6,Nielsen,Nov_18_g0,0.990064289888954,0.9955191895577635,0.9658094681472823,0.46511627906976744,13,13,20,4,8,0,2,10,3,0,5,1,3H,5S,0.7966087567694442,67,76,True,True,True,True,0
top_ten,svm,occupancy_bin,full,6,unith,6,Nielsen,Nov_18_g0,0.990064289888954,0.9955191895577635,0.9658094681472823,0.46511627906976744,13,13,20,4,8,0,2,11,3,0,6,1,3H,6S,0.6722517214587598,67,84,True,True,True,True,0
top_ten,svm,occupancy_bin,full,6,unith,6,Nielsen,Nov_18_g0,0.990064289888954,0.9955191895577635,0.9658094681472823,0.46511627906976744,13,13,20,4,8,0,3,0,4,0,1,0,4H,1H,0.8740139696718288,43,57,True,True,True,True,0
top_ten,svm,occupancy_bin,full,6,unith,6,Nielsen,Nov_18_g0,0.990064289888954,0.9955191895577635,0.9658094681472823,0.46511627906976744,13,13,20,4,8,0,3,1,4,0,2,0,4H,2H,0.8474338723626673,43,63,True,True,True,True,0
top_ten,svm,occupancy_bin,full,6,unith,6,Nielsen,Nov_18_g0,0.990064289888954,0.9955191895577635,0.9658094681472823,0.46511627906976744,13,13,20,4,8,0,3,2,4,0,3,0,4H,3H,0.869857072065388,43,67,True,True,True,True,0
top_ten,svm,occupancy_bin,full,6,unith,6,Nielsen,Nov_18_g0,0.990064289888954,0.9955191895577635,0.9658094681472823,0.46511627906976744,13,13,20,4,8,0,3,3,4,0,4,0,4H,4H,0.8940415180654316,43,43,True,True,True,True,0
top_ten,svm,occupancy_bin,full,6,unith,6,Nielsen,Nov_18_g0,0.990064289888954,0.9955191895577635,0.9658094681472823,0.46511627906976744,13,2,20,4,8,0,3,4,4,0,5,0,4H,5H,0.6594435246875767,43,5,True,True,True,False,0
top_ten,svm,occupancy_bin,full,6,unith,6,Nielsen,Nov_18_g0,0.990064289888954,0.9955191895577635,0.9658094681472823,0.46511627906976744,13,,20,4,8,0,3,5,4,0,6,0,4H,6H,,43,0,True,False,True,False,0
top_ten,svm,occupancy_bin,full,6,unith,6,Nielsen,Nov_18_g0,0.990064289888954,0.9955191895577635,0.9658094681472823,0.46511627906976744,13,,20,4,8,0,3,6,4,0,1,1,4H,1S,,43,0,True,False,True,False,0
top_ten,svm,occupancy_bin,full,6,unith,6,Nielsen,Nov_18_g0,0.990064289888954,0.9955191895577635,0.9658094681472823,0.46511627906976744,13,,20,4,8,0,3,7,4,0,2,1,4H,2S,,43,0,True,False,True,False,0
top_ten,svm,occupancy_bin,full,6,unith,6,Nielsen,Nov_18_g0,0.990064289888954,0.9955191895577635,0.9658094681472823,0.46511627906976744,13,,20,4,8,0,3,8,4,0,3,1,4H,3S,,43,0,True,False,True,False,0
top_ten,svm,occupancy_bin,full,6,unith,6,Nielsen,Nov_18_g0,0.990064289888954,0.9955191895577635,0.9658094681472823,0.46511627906976744,13,13,20,4,8,0,3,9,4,0,4,1,4H,4S,0.8220144544249333,43,27,True,True,True,True,0
top_ten,svm,occupancy_bin,full,6,unith,6,Nielsen,Nov_18_g0,0.990064289888954,0.9955191895577635,0.9658094681472823,0.46511627906976744,13,13,20,4,8,0,3,10,4,0,5,1,4H,5S,0.8787642201260834,43,76,True,True,True,True,0
top_ten,svm,occupancy_bin,full,6,unith,6,Nielsen,Nov_18_g0,0.990064289888954,0.9955191895577635,0.9658094681472823,0.46511627906976744,13,13,20,4,8,0,3,11,4,0,6,1,4H,6S,0.849310628186583,43,84,True,True,True,True,0
top_ten,svm,occupancy_bin,full,6,unith,6,Nielsen,Nov_18_g0,0.990064289888954,0.9955191895577635,0.9658094681472823,0.46511627906976744,2,13,20,4,8,0,4,0,5,0,1,0,5H,1H,0.5527197265423033,5,57,True,True,False,True,0
top_ten,svm,occupancy_bin,full,6,unith,6,Nielsen,Nov_18_g0,0.990064289888954,0.9955191895577635,0.9658094681472823,0.46511627906976744,2,13,20,4,8,0,4,1,5,0,2,0,5H,2H,0.45885046868124946,5,63,True,True,False,True,0
top_ten,svm,occupancy_bin,full,6,unith,6,Nielsen,Nov_18_g0,0.990064289888954,0.9955191895577635,0.9658094681472823,0.46511627906976744,2,13,20,4,8,0,4,2,5,0,3,0,5H,3H,0.6105848444782456,5,67,True,True,False,True,0
top_ten,svm,occupancy_bin,full,6,unith,6,Nielsen,Nov_18_g0,0.990064289888954,0.9955191895577635,0.9658094681472823,0.46511627906976744,2,13,20,4,8,0,4,3,5,0,4,0,5H,4H,0.6594435246875767,5,43,True,True,False,True,0
top_ten,svm,occupancy_bin,full,6,unith,6,Nielsen,Nov_18_g0,0.990064289888954,0.9955191895577635,0.9658094681472823,0.46511627906976744,2,2,20,4,8,0,4,4,5,0,5,0,5H,5H,0.7851824998504806,5,5,True,True,False,False,0
top_ten,svm,occupancy_bin,full,6,unith,6,Nielsen,Nov_18_g0,0.990064289888954,0.9955191895577635,0.9658094681472823,0.46511627906976744,2,,20,4,8,0,4,5,5,0,6,0,5H,6H,,5,0,True,False,False,False,0
top_ten,svm,occupancy_bin,full,6,unith,6,Nielsen,Nov_18_g0,0.990064289888954,0.9955191895577635,0.9658094681472823,0.46511627906976744,2,,20,4,8,0,4,6,5,0,1,1,5H,1S,,5,0,True,False,False,False,0
top_ten,svm,occupancy_bin,full,6,unith,6,Nielsen,Nov_18_g0,0.990064289888954,0.9955191895577635,0.9658094681472823,0.46511627906976744,2,,20,4,8,0,4,7,5,0,2,1,5H,2S,,5,0,True,False,False,False,0
top_ten,svm,occupancy_bin,full,6,unith,6,Nielsen,Nov_18_g0,0.990064289888954,0.9955191895577635,0.9658094681472823,0.46511627906976744,2,,20,4,8,0,4,8,5,0,3,1,5H,3S,,5,0,True,False,False,False,0
top_ten,svm,occupancy_bin,full,6,unith,6,Nielsen,Nov_18_g0,0.990064289888954,0.9955191895577635,0.9658094681472823,0.46511627906976744,2,13,20,4,8,0,4,9,5,0,4,1,5H,4S,0.4573057196506748,5,27,True,True,False,True,0
top_ten,svm,occupancy_bin,full,6,unith,6,Nielsen,Nov_18_g0,0.990064289888954,0.9955191895577635,0.9658094681472823,0.46511627906976744,2,13,20,4,8,0,4,10,5,0,5,1,5H,5S,0.823009249457842,5,76,True,True,False,True,0
top_ten,svm,occupancy_bin,full,6,unith,6,Nielsen,Nov_18_g0,0.990064289888954,0.9955191895577635,0.9658094681472823,0.46511627906976744,2,13,20,4,8,0,4,11,5,0,6,1,5H,6S,0.49114097554791886,5,84,True,True,False,True,0
top_ten,svm,occupancy_bin,full,6,unith,6,Nielsen,Nov_18_g0,0.990064289888954,0.9955191895577635,0.9658094681472823,0.46511627906976744,,13,20,4,8,0,5,0,6,0,1,0,6H,1H,,0,57,False,True,False,True,0
top_ten,svm,occupancy_bin,full,6,unith,6,Nielsen,Nov_18_g0,0.990064289888954,0.9955191895577635,0.9658094681472823,0.46511627906976744,,13,20,4,8,0,5,1,6,0,2,0,6H,2H,,0,63,False,True,False,True,0
top_ten,svm,occupancy_bin,full,6,unith,6,Nielsen,Nov_18_g0,0.990064289888954,0.9955191895577635,0.9658094681472823,0.46511627906976744,,13,20,4,8,0,5,2,6,0,3,0,6H,3H,,0,67,False,True,False,True,0
top_ten,svm,occupancy_bin,full,6,unith,6,Nielsen,Nov_18_g0,0.990064289888954,0.9955191895577635,0.9658094681472823,0.46511627906976744,,13,20,4,8,0,5,3,6,0,4,0,6H,4H,,0,43,False,True,False,True,0
top_ten,svm,occupancy_bin,full,6,unith,6,Nielsen,Nov_18_g0,0.990064289888954,0.9955191895577635,0.9658094681472823,0.46511627906976744,,2,20,4,8,0,5,4,6,0,5,0,6H,5H,,0,5,False,True,False,False,0
top_ten,svm,occupancy_bin,full,6,unith,6,Nielsen,Nov_18_g0,0.990064289888954,0.9955191895577635,0.9658094681472823,0.46511627906976744,,,20,4,8,0,5,5,6,0,6,0,6H,6H,,0,0,False,False,False,False,0
top_ten,svm,occupancy_bin,full,6,unith,6,Nielsen,Nov_18_g0,0.990064289888954,0.9955191895577635,0.9658094681472823,0.46511627906976744,,,20,4,8,0,5,6,6,0,1,1,6H,1S,,0,0,False,False,False,False,0
top_ten,svm,occupancy_bin,full,6,unith,6,Nielsen,Nov_18_g0,0.990064289888954,0.9955191895577635,0.9658094681472823,0.46511627906976744,,,20,4,8,0,5,7,6,0,2,1,6H,2S,,0,0,False,False,False,False,0
top_ten,svm,occupancy_bin,full,6,unith,6,Nielsen,Nov_18_g0,0.990064289888954,0.9955191895577635,0.9658094681472823,0.46511627906976744,,,20,4,8,0,5,8,6,0,3,1,6H,3S,,0,0,False,False,False,False,0
top_ten,svm,occupancy_bin,full,6,unith,6,Nielsen,Nov_18_g0,0.990064289888954,0.9955191895577635,0.9658094681472823,0.46511627906976744,,13,20,4,8,0,5,9,6,0,4,1,6H,4S,,0,27,False,True,False,True,0
top_ten,svm,occupancy_bin,full,6,unith,6,Nielsen,Nov_18_g0,0.990064289888954,0.9955191895577635,0.9658094681472823,0.46511627906976744,,13,20,4,8,0,5,10,6,0,5,1,6H,5S,,0,76,False,True,False,True,0
top_ten,svm,occupancy_bin,full,6,unith,6,Nielsen,Nov_18_g0,0.990064289888954,0.9955191895577635,0.9658094681472823,0.46511627906976744,,13,20,4,8,0,5,11,6,0,6,1,6H,6S,,0,84,False,True,False,True,0
top_ten,svm,occupancy_bin,full,6,unith,6,Nielsen,Nov_18_g0,0.990064289888954,0.9955191895577635,0.9658094681472823,0.46511627906976744,,13,20,4,8,0,6,0,1,1,1,0,1S,1H,,0,57,False,True,False,True,0
top_ten,svm,occupancy_bin,full,6,unith,6,Nielsen,Nov_18_g0,0.990064289888954,0.9955191895577635,0.9658094681472823,0.46511627906976744,,13,20,4,8,0,6,1,1,1,2,0,1S,2H,,0,63,False,True,False,True,0
top_ten,svm,occupancy_bin,full,6,unith,6,Nielsen,Nov_18_g0,0.990064289888954,0.9955191895577635,0.9658094681472823,0.46511627906976744,,13,20,4,8,0,6,2,1,1,3,0,1S,3H,,0,67,False,True,False,True,0
top_ten,svm,occupancy_bin,full,6,unith,6,Nielsen,Nov_18_g0,0.990064289888954,0.9955191895577635,0.9658094681472823,0.46511627906976744,,13,20,4,8,0,6,3,1,1,4,0,1S,4H,,0,43,False,True,False,True,0
top_ten,svm,occupancy_bin,full,6,unith,6,Nielsen,Nov_18_g0,0.990064289888954,0.9955191895577635,0.9658094681472823,0.46511627906976744,,2,20,4,8,0,6,4,1,1,5,0,1S,5H,,0,5,False,True,False,False,0
top_ten,svm,occupancy_bin,full,6,unith,6,Nielsen,Nov_18_g0,0.990064289888954,0.9955191895577635,0.9658094681472823,0.46511627906976744,,,20,4,8,0,6,5,1,1,6,0,1S,6H,,0,0,False,False,False,False,0
top_ten,svm,occupancy_bin,full,6,unith,6,Nielsen,Nov_18_g0,0.990064289888954,0.9955191895577635,0.9658094681472823,0.46511627906976744,,,20,4,8,0,6,6,1,1,1,1,1S,1S,,0,0,False,False,False,False,0
top_ten,svm,occupancy_bin,full,6,unith,6,Nielsen,Nov_18_g0,0.990064289888954,0.9955191895577635,0.9658094681472823,0.46511627906976744,,,20,4,8,0,6,7,1,1,2,1,1S,2S,,0,0,False,False,False,False,0
top_ten,svm,occupancy_bin,full,6,unith,6,Nielsen,Nov_18_g0,0.990064289888954,0.9955191895577635,0.9658094681472823,0.46511627906976744,,,20,4,8,0,6,8,1,1,3,1,1S,3S,,0,0,False,False,False,False,0
top_ten,svm,occupancy_bin,full,6,unith,6,Nielsen,Nov_18_g0,0.990064289888954,0.9955191895577635,0.9658094681472823,0.46511627906976744,,13,20,4,8,0,6,9,1,1,4,1,1S,4S,,0,27,False,True,False,True,0
top_ten,svm,occupancy_bin,full,6,unith,6,Nielsen,Nov_18_g0,0.990064289888954,0.9955191895577635,0.9658094681472823,0.46511627906976744,,13,20,4,8,0,6,10,1,1,5,1,1S,5S,,0,76,False,True,False,True,0
top_ten,svm,occupancy_bin,full,6,unith,6,Nielsen,Nov_18_g0,0.990064289888954,0.9955191895577635,0.9658094681472823,0.46511627906976744,,13,20,4,8,0,6,11,1,1,6,1,1S,6S,,0,84,False,True,False,True,0
top_ten,svm,occupancy_bin,full,6,unith,6,Nielsen,Nov_18_g0,0.990064289888954,0.9955191895577635,0.9658094681472823,0.46511627906976744,,13,20,4,8,0,7,0,2,1,1,0,2S,1H,,0,57,False,True,False,True,0
top_ten,svm,occupancy_bin,full,6,unith,6,Nielsen,Nov_18_g0,0.990064289888954,0.9955191895577635,0.9658094681472823,0.46511627906976744,,13,20,4,8,0,7,1,2,1,2,0,2S,2H,,0,63,False,True,False,True,0
top_ten,svm,occupancy_bin,full,6,unith,6,Nielsen,Nov_18_g0,0.990064289888954,0.9955191895577635,0.9658094681472823,0.46511627906976744,,13,20,4,8,0,7,2,2,1,3,0,2S,3H,,0,67,False,True,False,True,0
top_ten,svm,occupancy_bin,full,6,unith,6,Nielsen,Nov_18_g0,0.990064289888954,0.9955191895577635,0.9658094681472823,0.46511627906976744,,13,20,4,8,0,7,3,2,1,4,0,2S,4H,,0,43,False,True,False,True,0
top_ten,svm,occupancy_bin,full,6,unith,6,Nielsen,Nov_18_g0,0.990064289888954,0.9955191895577635,0.9658094681472823,0.46511627906976744,,2,20,4,8,0,7,4,2,1,5,0,2S,5H,,0,5,False,True,False,False,0
top_ten,svm,occupancy_bin,full,6,unith,6,Nielsen,Nov_18_g0,0.990064289888954,0.9955191895577635,0.9658094681472823,0.46511627906976744,,,20,4,8,0,7,5,2,1,6,0,2S,6H,,0,0,False,False,False,False,0
top_ten,svm,occupancy_bin,full,6,unith,6,Nielsen,Nov_18_g0,0.990064289888954,0.9955191895577635,0.9658094681472823,0.46511627906976744,,,20,4,8,0,7,6,2,1,1,1,2S,1S,,0,0,False,False,False,False,0
top_ten,svm,occupancy_bin,full,6,unith,6,Nielsen,Nov_18_g0,0.990064289888954,0.9955191895577635,0.9658094681472823,0.46511627906976744,,,20,4,8,0,7,7,2,1,2,1,2S,2S,,0,0,False,False,False,False,0
top_ten,svm,occupancy_bin,full,6,unith,6,Nielsen,Nov_18_g0,0.990064289888954,0.9955191895577635,0.9658094681472823,0.46511627906976744,,,20,4,8,0,7,8,2,1,3,1,2S,3S,,0,0,False,False,False,False,0
top_ten,svm,occupancy_bin,full,6,unith,6,Nielsen,Nov_18_g0,0.990064289888954,0.9955191895577635,0.9658094681472823,0.46511627906976744,,13,20,4,8,0,7,9,2,1,4,1,2S,4S,,0,27,False,True,False,True,0
top_ten,svm,occupancy_bin,full,6,unith,6,Nielsen,Nov_18_g0,0.990064289888954,0.9955191895577635,0.9658094681472823,0.46511627906976744,,13,20,4,8,0,7,10,2,1,5,1,2S,5S,,0,76,False,True,False,True,0
top_ten,svm,occupancy_bin,full,6,unith,6,Nielsen,Nov_18_g0,0.990064289888954,0.9955191895577635,0.9658094681472823,0.46511627906976744,,13,20,4,8,0,7,11,2,1,6,1,2S,6S,,0,84,False,True,False,True,0
top_ten,svm,occupancy_bin,full,6,unith,6,Nielsen,Nov_18_g0,0.990064289888954,0.9955191895577635,0.9658094681472823,0.46511627906976744,,13,20,4,8,0,8,0,3,1,1,0,3S,1H,,0,57,False,True,False,True,0
top_ten,svm,occupancy_bin,full,6,unith,6,Nielsen,Nov_18_g0,0.990064289888954,0.9955191895577635,0.9658094681472823,0.46511627906976744,,13,20,4,8,0,8,1,3,1,2,0,3S,2H,,0,63,False,True,False,True,0
top_ten,svm,occupancy_bin,full,6,unith,6,Nielsen,Nov_18_g0,0.990064289888954,0.9955191895577635,0.9658094681472823,0.46511627906976744,,13,20,4,8,0,8,2,3,1,3,0,3S,3H,,0,67,False,True,False,True,0
top_ten,svm,occupancy_bin,full,6,unith,6,Nielsen,Nov_18_g0,0.990064289888954,0.9955191895577635,0.9658094681472823,0.46511627906976744,,13,20,4,8,0,8,3,3,1,4,0,3S,4H,,0,43,False,True,False,True,0
top_ten,svm,occupancy_bin,full,6,unith,6,Nielsen,Nov_18_g0,0.990064289888954,0.9955191895577635,0.9658094681472823,0.46511627906976744,,2,20,4,8,0,8,4,3,1,5,0,3S,5H,,0,5,False,True,False,False,0
top_ten,svm,occupancy_bin,full,6,unith,6,Nielsen,Nov_18_g0,0.990064289888954,0.9955191895577635,0.9658094681472823,0.46511627906976744,,,20,4,8,0,8,5,3,1,6,0,3S,6H,,0,0,False,False,False,False,0
top_ten,svm,occupancy_bin,full,6,unith,6,Nielsen,Nov_18_g0,0.990064289888954,0.9955191895577635,0.9658094681472823,0.46511627906976744,,,20,4,8,0,8,6,3,1,1,1,3S,1S,,0,0,False,False,False,False,0
top_ten,svm,occupancy_bin,full,6,unith,6,Nielsen,Nov_18_g0,0.990064289888954,0.9955191895577635,0.9658094681472823,0.46511627906976744,,,20,4,8,0,8,7,3,1,2,1,3S,2S,,0,0,False,False,False,False,0
top_ten,svm,occupancy_bin,full,6,unith,6,Nielsen,Nov_18_g0,0.990064289888954,0.9955191895577635,0.9658094681472823,0.46511627906976744,,,20,4,8,0,8,8,3,1,3,1,3S,3S,,0,0,False,False,False,False,0
top_ten,svm,occupancy_bin,full,6,unith,6,Nielsen,Nov_18_g0,0.990064289888954,0.9955191895577635,0.9658094681472823,0.46511627906976744,,13,20,4,8,0,8,9,3,1,4,1,3S,4S,,0,27,False,True,False,True,0
top_ten,svm,occupancy_bin,full,6,unith,6,Nielsen,Nov_18_g0,0.990064289888954,0.9955191895577635,0.9658094681472823,0.46511627906976744,,13,20,4,8,0,8,10,3,1,5,1,3S,5S,,0,76,False,True,False,True,0
top_ten,svm,occupancy_bin,full,6,unith,6,Nielsen,Nov_18_g0,0.990064289888954,0.9955191895577635,0.9658094681472823,0.46511627906976744,,13,20,4,8,0,8,11,3,1,6,1,3S,6S,,0,84,False,True,False,True,0
top_ten,svm,occupancy_bin,full,6,unith,6,Nielsen,Nov_18_g0,0.990064289888954,0.9955191895577635,0.9658094681472823,0.46511627906976744,13,13,20,4,8,0,9,0,4,1,1,0,4S,1H,0.6991743870099005,27,57,True,True,True,True,0
top_ten,svm,occupancy_bin,full,6,unith,6,Nielsen,Nov_18_g0,0.990064289888954,0.9955191895577635,0.9658094681472823,0.46511627906976744,13,13,20,4,8,0,9,1,4,1,2,0,4S,2H,0.8072593181238945,27,63,True,True,True,True,0
top_ten,svm,occupancy_bin,full,6,unith,6,Nielsen,Nov_18_g0,0.990064289888954,0.9955191895577635,0.9658094681472823,0.46511627906976744,13,13,20,4,8,0,9,2,4,1,3,0,4S,3H,0.6536394084769208,27,67,True,True,True,True,0
top_ten,svm,occupancy_bin,full,6,unith,6,Nielsen,Nov_18_g0,0.990064289888954,0.9955191895577635,0.9658094681472823,0.46511627906976744,13,13,20,4,8,0,9,3,4,1,4,0,4S,4H,0.8220144544249333,27,43,True,True,True,True,0
top_ten,svm,occupancy_bin,full,6,unith,6,Nielsen,Nov_18_g0,0.990064289888954,0.9955191895577635,0.9658094681472823,0.46511627906976744,13,2,20,4,8,0,9,4,4,1,5,0,4S,5H,0.4573057196506748,27,5,True,True,True,False,0
top_ten,svm,occupancy_bin,full,6,unith,6,Nielsen,Nov_18_g0,0.990064289888954,0.9955191895577635,0.9658094681472823,0.46511627906976744,13,,20,4,8,0,9,5,4,1,6,0,4S,6H,,27,0,True,False,True,False,0
top_ten,svm,occupancy_bin,full,6,unith,6,Nielsen,Nov_18_g0,0.990064289888954,0.9955191895577635,0.9658094681472823,0.46511627906976744,13,,20,4,8,0,9,6,4,1,1,1,4S,1S,,27,0,True,False,True,False,0
top_ten,svm,occupancy_bin,full,6,unith,6,Nielsen,Nov_18_g0,0.990064289888954,0.9955191895577635,0.9658094681472823,0.46511627906976744,13,,20,4,8,0,9,7,4,1,2,1,4S,2S,,27,0,True,False,True,False,0
top_ten,svm,occupancy_bin,full,6,unith,6,Nielsen,Nov_18_g0,0.990064289888954,0.9955191895577635,0.9658094681472823,0.46511627906976744,13,,20,4,8,0,9,8,4,1,3,1,4S,3S,,27,0,True,False,True,False,0
top_ten,svm,occupancy_bin,full,6,unith,6,Nielsen,Nov_18_g0,0.990064289888954,0.9955191895577635,0.9658094681472823,0.46511627906976744,13,13,20,4,8,0,9,9,4,1,4,1,4S,4S,0.9182121242042525,27,27,True,True,True,True,0
top_ten,svm,occupancy_bin,full,6,unith,6,Nielsen,Nov_18_g0,0.990064289888954,0.9955191895577635,0.9658094681472823,0.46511627906976744,13,13,20,4,8,0,9,10,4,1,5,1,4S,5S,0.7295444819148628,27,76,True,True,True,True,0
top_ten,svm,occupancy_bin,full,6,unith,6,Nielsen,Nov_18_g0,0.990064289888954,0.9955191895577635,0.9658094681472823,0.46511627906976744,13,13,20,4,8,0,9,11,4,1,6,1,4S,6S,0.9405310362962439,27,84,True,True,True,True,0
top_ten,svm,occupancy_bin,full,6,unith,6,Nielsen,Nov_18_g0,0.990064289888954,0.9955191895577635,0.9658094681472823,0.46511627906976744,13,13,20,4,8,0,10,0,5,1,1,0,5S,1H,0.7921047976166532,76,57,True,True,True,True,0
top_ten,svm,occupancy_bin,full,6,unith,6,Nielsen,Nov_18_g0,0.990064289888954,0.9955191895577635,0.9658094681472823,0.46511627906976744,13,13,20,4,8,0,10,1,5,1,2,0,5S,2H,0.7498799361738514,76,63,True,True,True,True,0
top_ten,svm,occupancy_bin,full,6,unith,6,Nielsen,Nov_18_g0,0.990064289888954,0.9955191895577635,0.9658094681472823,0.46511627906976744,13,13,20,4,8,0,10,2,5,1,3,0,5S,3H,0.7966087567694442,76,67,True,True,True,True,0
top_ten,svm,occupancy_bin,full,6,unith,6,Nielsen,Nov_18_g0,0.990064289888954,0.9955191895577635,0.9658094681472823,0.46511627906976744,13,13,20,4,8,0,10,3,5,1,4,0,5S,4H,0.8787642201260834,76,43,True,True,True,True,0
top_ten,svm,occupancy_bin,full,6,unith,6,Nielsen,Nov_18_g0,0.990064289888954,0.9955191895577635,0.9658094681472823,0.46511627906976744,13,2,20,4,8,0,10,4,5,1,5,0,5S,5H,0.823009249457842,76,5,True,True,True,False,0
top_ten,svm,occupancy_bin,full,6,unith,6,Nielsen,Nov_18_g0,0.990064289888954,0.9955191895577635,0.9658094681472823,0.46511627906976744,13,,20,4,8,0,10,5,5,1,6,0,5S,6H,,76,0,True,False,True,False,0
top_ten,svm,occupancy_bin,full,6,unith,6,Nielsen,Nov_18_g0,0.990064289888954,0.9955191895577635,0.9658094681472823,0.46511627906976744,13,,20,4,8,0,10,6,5,1,1,1,5S,1S,,76,0,True,False,True,False,0
top_ten,svm,occupancy_bin,full,6,unith,6,Nielsen,Nov_18_g0,0.990064289888954,0.9955191895577635,0.9658094681472823,0.46511627906976744,13,,20,4,8,0,10,7,5,1,2,1,5S,2S,,76,0,True,False,True,False,0
top_ten,svm,occupancy_bin,full,6,unith,6,Nielsen,Nov_18_g0,0.990064289888954,0.9955191895577635,0.9658094681472823,0.46511627906976744,13,,20,4,8,0,10,8,5,1,3,1,5S,3S,,76,0,True,False,True,False,0
top_ten,svm,occupancy_bin,full,6,unith,6,Nielsen,Nov_18_g0,0.990064289888954,0.9955191895577635,0.9658094681472823,0.46511627906976744,13,13,20,4,8,0,10,9,5,1,4,1,5S,4S,0.7295444819148628,76,27,True,True,True,True,0
top_ten,svm,occupancy_bin,full,6,unith,6,Nielsen,Nov_18_g0,0.990064289888954,0.9955191895577635,0.9658094681472823,0.46511627906976744,13,13,20,4,8,0,10,10,5,1,5,1,5S,5S,0.931409703913733,76,76,True,True,True,True,0
top_ten,svm,occupancy_bin,full,6,unith,6,Nielsen,Nov_18_g0,0.990064289888954,0.9955191895577635,0.9658094681472823,0.46511627906976744,13,13,20,4,8,0,10,11,5,1,6,1,5S,6S,0.750405624401649,76,84,True,True,True,True,0
top_ten,svm,occupancy_bin,full,6,unith,6,Nielsen,Nov_18_g0,0.990064289888954,0.9955191895577635,0.9658094681472823,0.46511627906976744,13,13,20,4,8,0,11,0,6,1,1,0,6S,1H,0.7365397038910145,84,57,True,True,True,True,0
top_ten,svm,occupancy_bin,full,6,unith,6,Nielsen,Nov_18_g0,0.990064289888954,0.9955191895577635,0.9658094681472823,0.46511627906976744,13,13,20,4,8,0,11,1,6,1,2,0,6S,2H,0.798277300392513,84,63,True,True,True,True,0
top_ten,svm,occupancy_bin,full,6,unith,6,Nielsen,Nov_18_g0,0.990064289888954,0.9955191895577635,0.9658094681472823,0.46511627906976744,13,13,20,4,8,0,11,2,6,1,3,0,6S,3H,0.6722517214587598,84,67,True,True,True,True,0
top_ten,svm,occupancy_bin,full,6,unith,6,Nielsen,Nov_18_g0,0.990064289888954,0.9955191895577635,0.9658094681472823,0.46511627906976744,13,13,20,4,8,0,11,3,6,1,4,0,6S,4H,0.849310628186583,84,43,True,True,True,True,0
top_ten,svm,occupancy_bin,full,6,unith,6,Nielsen,Nov_18_g0,0.990064289888954,0.9955191895577635,0.9658094681472823,0.46511627906976744,13,2,20,4,8,0,11,4,6,1,5,0,6S,5H,0.49114097554791886,84,5,True,True,True,False,0
top_ten,svm,occupancy_bin,full,6,unith,6,Nielsen,Nov_18_g0,0.990064289888954,0.9955191895577635,0.9658094681472823,0.46511627906976744,13,,20,4,8,0,11,5,6,1,6,0,6S,6H,,84,0,True,False,True,False,0
top_ten,svm,occupancy_bin,full,6,unith,6,Nielsen,Nov_18_g0,0.990064289888954,0.9955191895577635,0.9658094681472823,0.46511627906976744,13,,20,4,8,0,11,6,6,1,1,1,6S,1S,,84,0,True,False,True,False,0
top_ten,svm,occupancy_bin,full,6,unith,6,Nielsen,Nov_18_g0,0.990064289888954,0.9955191895577635,0.9658094681472823,0.46511627906976744,13,,20,4,8,0,11,7,6,1,2,1,6S,2S,,84,0,True,False,True,False,0
top_ten,svm,occupancy_bin,full,6,unith,6,Nielsen,Nov_18_g0,0.990064289888954,0.9955191895577635,0.9658094681472823,0.46511627906976744,13,,20,4,8,0,11,8,6,1,3,1,6S,3S,,84,0,True,False,True,False,0
top_ten,svm,occupancy_bin,full,6,unith,6,Nielsen,Nov_18_g0,0.990064289888954,0.9955191895577635,0.9658094681472823,0.46511627906976744,13,13,20,4,8,0,11,9,6,1,4,1,6S,4S,0.9405310362962439,84,27,True,True,True,True,0
top_ten,svm,occupancy_bin,full,6,unith,6,Nielsen,Nov_18_g0,0.990064289888954,0.9955191895577635,0.9658094681472823,0.46511627906976744,13,13,20,4,8,0,11,10,6,1,5,1,6S,5S,0.750405624401649,84,76,True,True,True,True,0
top_ten,svm,occupancy_bin,full,6,unith,6,Nielsen,Nov_18_g0,0.990064289888954,0.9955191895577635,0.9658094681472823,0.46511627906976744,13,13,20,4,8,0,11,11,6,1,6,1,6S,6S,0.9427680485826759,84,84,True,True,True,True,0
top_ten,svm,occupancy_bin,full,6,unith,6,Nielsen,Nov_1_g0,0.96875,0.9744318181818181,0.9217657342657343,0.9030612244897959,4,4,20,4,8,0,0,0,1,0,1,0,1H,1H,0.8112451050922054,48,48,True,True,True,True,0
top_ten,svm,occupancy_bin,full,6,unith,6,Nielsen,Nov_1_g0,0.96875,0.9744318181818181,0.9217657342657343,0.9030612244897959,4,4,20,4,8,0,0,1,1,0,2,0,1H,2H,0.8039232123702791,48,42,True,True,True,True,0
top_ten,svm,occupancy_bin,full,6,unith,6,Nielsen,Nov_1_g0,0.96875,0.9744318181818181,0.9217657342657343,0.9030612244897959,4,4,20,4,8,0,0,2,1,0,3,0,1H,3H,0.7832678252890999,48,54,True,True,True,True,0
top_ten,svm,occupancy_bin,full,6,unith,6,Nielsen,Nov_1_g0,0.96875,0.9744318181818181,0.9217657342657343,0.9030612244897959,4,4,20,4,8,0,0,3,1,0,4,0,1H,4H,0.8095903382172678,48,54,True,True,True,True,0
top_ten,svm,occupancy_bin,full,6,unith,6,Nielsen,Nov_1_g0,0.96875,0.9744318181818181,0.9217657342657343,0.9030612244897959,4,4,20,4,8,0,0,4,1,0,5,0,1H,5H,0.7941614936109215,48,14,True,True,True,True,0
top_ten,svm,occupancy_bin,full,6,unith,6,Nielsen,Nov_1_g0,0.96875,0.9744318181818181,0.9217657342657343,0.9030612244897959,4,,20,4,8,0,0,5,1,0,6,0,1H,6H,,48,0,True,False,True,False,0
top_ten,svm,occupancy_bin,full,6,unith,6,Nielsen,Nov_1_g0,0.96875,0.9744318181818181,0.9217657342657343,0.9030612244897959,4,,20,4,8,0,0,6,1,0,1,1,1H,1S,,48,0,True,False,True,False,0
top_ten,svm,occupancy_bin,full,6,unith,6,Nielsen,Nov_1_g0,0.96875,0.9744318181818181,0.9217657342657343,0.9030612244897959,4,4,20,4,8,0,0,7,1,0,2,1,1H,2S,0.7978032449805565,48,12,True,True,True,True,0
top_ten,svm,occupancy_bin,full,6,unith,6,Nielsen,Nov_1_g0,0.96875,0.9744318181818181,0.9217657342657343,0.9030612244897959,4,4,20,4,8,0,0,8,1,0,3,1,1H,3S,0.7400189478220238,48,9,True,True,True,True,0
top_ten,svm,occupancy_bin,full,6,unith,6,Nielsen,Nov_1_g0,0.96875,0.9744318181818181,0.9217657342657343,0.9030612244897959,4,4,20,4,8,0,0,9,1,0,4,1,1H,4S,0.7817894224943239,48,27,True,True,True,True,0
top_ten,svm,occupancy_bin,full,6,unith,6,Nielsen,Nov_1_g0,0.96875,0.9744318181818181,0.9217657342657343,0.9030612244897959,4,4,20,4,8,0,0,10,1,0,5,1,1H,5S,0.7805755034191054,48,65,True,True,True,True,0
top_ten,svm,occupancy_bin,full,6,unith,6,Nielsen,Nov_1_g0,0.96875,0.9744318181818181,0.9217657342657343,0.9030612244897959,4,4,20,4,8,0,0,11,1,0,6,1,1H,6S,0.724120593198568,48,81,True,True,True,True,0
top_ten,svm,occupancy_bin,full,6,unith,6,Nielsen,Nov_1_g0,0.96875,0.9744318181818181,0.9217657342657343,0.9030612244897959,4,4,20,4,8,0,1,0,2,0,1,0,2H,1H,0.8039232123702791,42,48,True,True,True,True,0
top_ten,svm,occupancy_bin,full,6,unith,6,Nielsen,Nov_1_g0,0.96875,0.9744318181818181,0.9217657342657343,0.9030612244897959,4,4,20,4,8,0,1,1,2,0,2,0,2H,2H,0.7998219360806581,42,42,True,True,True,True,0
top_ten,svm,occupancy_bin,full,6,unith,6,Nielsen,Nov_1_g0,0.96875,0.9744318181818181,0.9217657342657343,0.9030612244897959,4,4,20,4,8,0,1,2,2,0,3,0,2H,3H,0.831987922533799,42,54,True,True,True,True,0
top_ten,svm,occupancy_bin,full,6,unith,6,Nielsen,Nov_1_g0,0.96875,0.9744318181818181,0.9217657342657343,0.9030612244897959,4,4,20,4,8,0,1,3,2,0,4,0,2H,4H,0.8416219450377811,42,54,True,True,True,True,0
top_ten,svm,occupancy_bin,full,6,unith,6,Nielsen,Nov_1_g0,0.96875,0.9744318181818181,0.9217657342657343,0.9030612244897959,4,4,20,4,8,0,1,4,2,0,5,0,2H,5H,0.8560821726878608,42,14,True,True,True,True,0
top_ten,svm,occupancy_bin,full,6,unith,6,Nielsen,Nov_1_g0,0.96875,0.9744318181818181,0.9217657342657343,0.9030612244897959,4,,20,4,8,0,1,5,2,0,6,0,2H,6H,,42,0,True,False,True,False,0
top_ten,svm,occupancy_bin,full,6,unith,6,Nielsen,Nov_1_g0,0.96875,0.9744318181818181,0.9217657342657343,0.9030612244897959,4,,20,4,8,0,1,6,2,0,1,1,2H,1S,,42,0,True,False,True,False,0
top_ten,svm,occupancy_bin,full,6,unith,6,Nielsen,Nov_1_g0,0.96875,0.9744318181818181,0.9217657342657343,0.9030612244897959,4,4,20,4,8,0,1,7,2,0,2,1,2H,2S,0.8386953575909649,42,12,True,True,True,True,0
top_ten,svm,occupancy_bin,full,6,unith,6,Nielsen,Nov_1_g0,0.96875,0.9744318181818181,0.9217657342657343,0.9030612244897959,4,4,20,4,8,0,1,8,2,0,3,1,2H,3S,0.8113194627809506,42,9,True,True,True,True,0
top_ten,svm,occupancy_bin,full,6,unith,6,Nielsen,Nov_1_g0,0.96875,0.9744318181818181,0.9217657342657343,0.9030612244897959,4,4,20,4,8,0,1,9,2,0,4,1,2H,4S,0.8222220513429972,42,27,True,True,True,True,0
top_ten,svm,occupancy_bin,full,6,unith,6,Nielsen,Nov_1_g0,0.96875,0.9744318181818181,0.9217657342657343,0.9030612244897959,4,4,20,4,8,0,1,10,2,0,5,1,2H,5S,0.830337356057673,42,65,True,True,True,True,0
top_ten,svm,occupancy_bin,full,6,unith,6,Nielsen,Nov_1_g0,0.96875,0.9744318181818181,0.9217657342657343,0.9030612244897959,4,4,20,4,8,0,1,11,2,0,6,1,2H,6S,0.813083626636504,42,81,True,True,True,True,0
top_ten,svm,occupancy_bin,full,6,unith,6,Nielsen,Nov_1_g0,0.96875,0.9744318181818181,0.9217657342657343,0.9030612244897959,4,4,20,4,8,0,2,0,3,0,1,0,3H,1H,0.7832678252890999,54,48,True,True,True,True,0
top_ten,svm,occupancy_bin,full,6,unith,6,Nielsen,Nov_1_g0,0.96875,0.9744318181818181,0.9217657342657343,0.9030612244897959,4,4,20,4,8,0,2,1,3,0,2,0,3H,2H,0.831987922533799,54,42,True,True,True,True,0
top_ten,svm,occupancy_bin,full,6,unith,6,Nielsen,Nov_1_g0,0.96875,0.9744318181818181,0.9217657342657343,0.9030612244897959,4,4,20,4,8,0,2,2,3,0,3,0,3H,3H,0.8663861454123165,54,54,True,True,True,True,0
top_ten,svm,occupancy_bin,full,6,unith,6,Nielsen,Nov_1_g0,0.96875,0.9744318181818181,0.9217657342657343,0.9030612244897959,4,4,20,4,8,0,2,3,3,0,4,0,3H,4H,0.840928860366352,54,54,True,True,True,True,0
top_ten,svm,occupancy_bin,full,6,unith,6,Nielsen,Nov_1_g0,0.96875,0.9744318181818181,0.9217657342657343,0.9030612244897959,4,4,20,4,8,0,2,4,3,0,5,0,3H,5H,0.8659056459655939,54,14,True,True,True,True,0
top_ten,svm,occupancy_bin,full,6,unith,6,Nielsen,Nov_1_g0,0.96875,0.9744318181818181,0.9217657342657343,0.9030612244897959,4,,20,4,8,0,2,5,3,0,6,0,3H,6H,,54,0,True,False,True,False,0
top_ten,svm,occupancy_bin,full,6,unith,6,Nielsen,Nov_1_g0,0.96875,0.9744318181818181,0.9217657342657343,0.9030612244897959,4,,20,4,8,0,2,6,3,0,1,1,3H,1S,,54,0,True,False,True,False,0
top_ten,svm,occupancy_bin,full,6,unith,6,Nielsen,Nov_1_g0,0.96875,0.9744318181818181,0.9217657342657343,0.9030612244897959,4,4,20,4,8,0,2,7,3,0,2,1,3H,2S,0.8823141572253537,54,12,True,True,True,True,0
top_ten,svm,occupancy_bin,full,6,unith,6,Nielsen,Nov_1_g0,0.96875,0.9744318181818181,0.9217657342657343,0.9030612244897959,4,4,20,4,8,0,2,8,3,0,3,1,3H,3S,0.8551832938346011,54,9,True,True,True,True,0
top_ten,svm,occupancy_bin,full,6,unith,6,Nielsen,Nov_1_g0,0.96875,0.9744318181818181,0.9217657342657343,0.9030612244897959,4,4,20,4,8,0,2,9,3,0,4,1,3H,4S,0.8139299519603105,54,27,True,True,True,True,0
top_ten,svm,occupancy_bin,full,6,unith,6,Nielsen,Nov_1_g0,0.96875,0.9744318181818181,0.9217657342657343,0.9030612244897959,4,4,20,4,8,0,2,10,3,0,5,1,3H,5S,0.817312045340303,54,65,True,True,True,True,0
top_ten,svm,occupancy_bin,full,6,unith,6,Nielsen,Nov_1_g0,0.96875,0.9744318181818181,0.9217657342657343,0.9030612244897959,4,4,20,4,8,0,2,11,3,0,6,1,3H,6S,0.7907345031499957,54,81,True,True,True,True,0
top_ten,svm,occupancy_bin,full,6,unith,6,Nielsen,Nov_1_g0,0.96875,0.9744318181818181,0.9217657342657343,0.9030612244897959,4,4,20,4,8,0,3,0,4,0,1,0,4H,1H,0.8095903382172678,54,48,True,True,True,True,0
top_ten,svm,occupancy_bin,full,6,unith,6,Nielsen,Nov_1_g0,0.96875,0.9744318181818181,0.9217657342657343,0.9030612244897959,4,4,20,4,8,0,3,1,4,0,2,0,4H,2H,0.8416219450377811,54,42,True,True,True,True,0
top_ten,svm,occupancy_bin,full,6,unith,6,Nielsen,Nov_1_g0,0.96875,0.9744318181818181,0.9217657342657343,0.9030612244897959,4,4,20,4,8,0,3,2,4,0,3,0,4H,3H,0.840928860366352,54,54,True,True,True,True,0
top_ten,svm,occupancy_bin,full,6,unith,6,Nielsen,Nov_1_g0,0.96875,0.9744318181818181,0.9217657342657343,0.9030612244897959,4,4,20,4,8,0,3,3,4,0,4,0,4H,4H,0.8252725055481376,54,54,True,True,True,True,0
top_ten,svm,occupancy_bin,full,6,unith,6,Nielsen,Nov_1_g0,0.96875,0.9744318181818181,0.9217657342657343,0.9030612244897959,4,4,20,4,8,0,3,4,4,0,5,0,4H,5H,0.8540852364802799,54,14,True,True,True,True,0
top_ten,svm,occupancy_bin,full,6,unith,6,Nielsen,Nov_1_g0,0.96875,0.9744318181818181,0.9217657342657343,0.9030612244897959,4,,20,4,8,0,3,5,4,0,6,0,4H,6H,,54,0,True,False,True,False,0
top_ten,svm,occupancy_bin,full,6,unith,6,Nielsen,Nov_1_g0,0.96875,0.9744318181818181,0.9217657342657343,0.9030612244897959,4,,20,4,8,0,3,6,4,0,1,1,4H,1S,,54,0,True,False,True,False,0
top_ten,svm,occupancy_bin,full,6,unith,6,Nielsen,Nov_1_g0,0.96875,0.9744318181818181,0.9217657342657343,0.9030612244897959,4,4,20,4,8,0,3,7,4,0,2,1,4H,2S,0.8612751111326551,54,12,True,True,True,True,0
top_ten,svm,occupancy_bin,full,6,unith,6,Nielsen,Nov_1_g0,0.96875,0.9744318181818181,0.9217657342657343,0.9030612244897959,4,4,20,4,8,0,3,8,4,0,3,1,4H,3S,0.8286756028246188,54,9,True,True,True,True,0
top_ten,svm,occupancy_bin,full,6,unith,6,Nielsen,Nov_1_g0,0.96875,0.9744318181818181,0.9217657342657343,0.9030612244897959,4,4,20,4,8,0,3,9,4,0,4,1,4H,4S,0.817777354167115,54,27,True,True,True,True,0
top_ten,svm,occupancy_bin,full,6,unith,6,Nielsen,Nov_1_g0,0.96875,0.9744318181818181,0.9217657342657343,0.9030612244897959,4,4,20,4,8,0,3,10,4,0,5,1,4H,5S,0.8330933736856683,54,65,True,True,True,True,0
top_ten,svm,occupancy_bin,full,6,unith,6,Nielsen,Nov_1_g0,0.96875,0.9744318181818181,0.9217657342657343,0.9030612244897959,4,4,20,4,8,0,3,11,4,0,6,1,4H,6S,0.7883359149078546,54,81,True,True,True,True,0
top_ten,svm,occupancy_bin,full,6,unith,6,Nielsen,Nov_1_g0,0.96875,0.9744318181818181,0.9217657342657343,0.9030612244897959,4,4,20,4,8,0,4,0,5,0,1,0,5H,1H,0.7941614936109215,14,48,True,True,True,True,0
top_ten,svm,occupancy_bin,full,6,unith,6,Nielsen,Nov_1_g0,0.96875,0.9744318181818181,0.9217657342657343,0.9030612244897959,4,4,20,4,8,0,4,1,5,0,2,0,5H,2H,0.8560821726878608,14,42,True,True,True,True,0
top_ten,svm,occupancy_bin,full,6,unith,6,Nielsen,Nov_1_g0,0.96875,0.9744318181818181,0.9217657342657343,0.9030612244897959,4,4,20,4,8,0,4,2,5,0,3,0,5H,3H,0.8659056459655939,14,54,True,True,True,True,0
top_ten,svm,occupancy_bin,full,6,unith,6,Nielsen,Nov_1_g0,0.96875,0.9744318181818181,0.9217657342657343,0.9030612244897959,4,4,20,4,8,0,4,3,5,0,4,0,5H,4H,0.8540852364802799,14,54,True,True,True,True,0
top_ten,svm,occupancy_bin,full,6,unith,6,Nielsen,Nov_1_g0,0.96875,0.9744318181818181,0.9217657342657343,0.9030612244897959,4,4,20,4,8,0,4,4,5,0,5,0,5H,5H,0.8080198843155815,14,14,True,True,True,True,0
top_ten,svm,occupancy_bin,full,6,unith,6,Nielsen,Nov_1_g0,0.96875,0.9744318181818181,0.9217657342657343,0.9030612244897959,4,,20,4,8,0,4,5,5,0,6,0,5H,6H,,14,0,True,False,True,False,0
top_ten,svm,occupancy_bin,full,6,unith,6,Nielsen,Nov_1_g0,0.96875,0.9744318181818181,0.9217657342657343,0.9030612244897959,4,,20,4,8,0,4,6,5,0,1,1,5H,1S,,14,0,True,False,True,False,0
top_ten,svm,occupancy_bin,full,6,unith,6,Nielsen,Nov_1_g0,0.96875,0.9744318181818181,0.9217657342657343,0.9030612244897959,4,4,20,4,8,0,4,7,5,0,2,1,5H,2S,0.8409949047596676,14,12,True,True,True,True,0
top_ten,svm,occupancy_bin,full,6,unith,6,Nielsen,Nov_1_g0,0.96875,0.9744318181818181,0.9217657342657343,0.9030612244897959,4,4,20,4,8,0,4,8,5,0,3,1,5H,3S,0.7983711733092653,14,9,True,True,True,True,0
top_ten,svm,occupancy_bin,full,6,unith,6,Nielsen,Nov_1_g0,0.96875,0.9744318181818181,0.9217657342657343,0.9030612244897959,4,4,20,4,8,0,4,9,5,0,4,1,5H,4S,0.7846615595678749,14,27,True,True,True,True,0
top_ten,svm,occupancy_bin,full,6,unith,6,Nielsen,Nov_1_g0,0.96875,0.9744318181818181,0.9217657342657343,0.9030612244897959,4,4,20,4,8,0,4,10,5,0,5,1,5H,5S,0.8368516782134432,14,65,True,True,True,True,0
top_ten,svm,occupancy_bin,full,6,unith,6,Nielsen,Nov_1_g0,0.96875,0.9744318181818181,0.9217657342657343,0.9030612244897959,4,4,20,4,8,0,4,11,5,0,6,1,5H,6S,0.7397836065369853,14,81,True,True,True,True,0
top_ten,svm,occupancy_bin,full,6,unith,6,Nielsen,Nov_1_g0,0.96875,0.9744318181818181,0.9217657342657343,0.9030612244897959,,4,20,4,8,0,5,0,6,0,1,0,6H,1H,,0,48,False,True,False,True,0
top_ten,svm,occupancy_bin,full,6,unith,6,Nielsen,Nov_1_g0,0.96875,0.9744318181818181,0.9217657342657343,0.9030612244897959,,4,20,4,8,0,5,1,6,0,2,0,6H,2H,,0,42,False,True,False,True,0
top_ten,svm,occupancy_bin,full,6,unith,6,Nielsen,Nov_1_g0,0.96875,0.9744318181818181,0.9217657342657343,0.9030612244897959,,4,20,4,8,0,5,2,6,0,3,0,6H,3H,,0,54,False,True,False,True,0
top_ten,svm,occupancy_bin,full,6,unith,6,Nielsen,Nov_1_g0,0.96875,0.9744318181818181,0.9217657342657343,0.9030612244897959,,4,20,4,8,0,5,3,6,0,4,0,6H,4H,,0,54,False,True,False,True,0
top_ten,svm,occupancy_bin,full,6,unith,6,Nielsen,Nov_1_g0,0.96875,0.9744318181818181,0.9217657342657343,0.9030612244897959,,4,20,4,8,0,5,4,6,0,5,0,6H,5H,,0,14,False,True,False,True,0
top_ten,svm,occupancy_bin,full,6,unith,6,Nielsen,Nov_1_g0,0.96875,0.9744318181818181,0.9217657342657343,0.9030612244897959,,,20,4,8,0,5,5,6,0,6,0,6H,6H,,0,0,False,False,False,False,0
top_ten,svm,occupancy_bin,full,6,unith,6,Nielsen,Nov_1_g0,0.96875,0.9744318181818181,0.9217657342657343,0.9030612244897959,,,20,4,8,0,5,6,6,0,1,1,6H,1S,,0,0,False,False,False,False,0
top_ten,svm,occupancy_bin,full,6,unith,6,Nielsen,Nov_1_g0,0.96875,0.9744318181818181,0.9217657342657343,0.9030612244897959,,4,20,4,8,0,5,7,6,0,2,1,6H,2S,,0,12,False,True,False,True,0
top_ten,svm,occupancy_bin,full,6,unith,6,Nielsen,Nov_1_g0,0.96875,0.9744318181818181,0.9217657342657343,0.9030612244897959,,4,20,4,8,0,5,8,6,0,3,1,6H,3S,,0,9,False,True,False,True,0
top_ten,svm,occupancy_bin,full,6,unith,6,Nielsen,Nov_1_g0,0.96875,0.9744318181818181,0.9217657342657343,0.9030612244897959,,4,20,4,8,0,5,9,6,0,4,1,6H,4S,,0,27,False,True,False,True,0
top_ten,svm,occupancy_bin,full,6,unith,6,Nielsen,Nov_1_g0,0.96875,0.9744318181818181,0.9217657342657343,0.9030612244897959,,4,20,4,8,0,5,10,6,0,5,1,6H,5S,,0,65,False,True,False,True,0
top_ten,svm,occupancy_bin,full,6,unith,6,Nielsen,Nov_1_g0,0.96875,0.9744318181818181,0.9217657342657343,0.9030612244897959,,4,20,4,8,0,5,11,6,0,6,1,6H,6S,,0,81,False,True,False,True,0
top_ten,svm,occupancy_bin,full,6,unith,6,Nielsen,Nov_1_g0,0.96875,0.9744318181818181,0.9217657342657343,0.9030612244897959,,4,20,4,8,0,6,0,1,1,1,0,1S,1H,,0,48,False,True,False,True,0
top_ten,svm,occupancy_bin,full,6,unith,6,Nielsen,Nov_1_g0,0.96875,0.9744318181818181,0.9217657342657343,0.9030612244897959,,4,20,4,8,0,6,1,1,1,2,0,1S,2H,,0,42,False,True,False,True,0
top_ten,svm,occupancy_bin,full,6,unith,6,Nielsen,Nov_1_g0,0.96875,0.9744318181818181,0.9217657342657343,0.9030612244897959,,4,20,4,8,0,6,2,1,1,3,0,1S,3H,,0,54,False,True,False,True,0
top_ten,svm,occupancy_bin,full,6,unith,6,Nielsen,Nov_1_g0,0.96875,0.9744318181818181,0.9217657342657343,0.9030612244897959,,4,20,4,8,0,6,3,1,1,4,0,1S,4H,,0,54,False,True,False,True,0
top_ten,svm,occupancy_bin,full,6,unith,6,Nielsen,Nov_1_g0,0.96875,0.9744318181818181,0.9217657342657343,0.9030612244897959,,4,20,4,8,0,6,4,1,1,5,0,1S,5H,,0,14,False,True,False,True,0
top_ten,svm,occupancy_bin,full,6,unith,6,Nielsen,Nov_1_g0,0.96875,0.9744318181818181,0.9217657342657343,0.9030612244897959,,,20,4,8,0,6,5,1,1,6,0,1S,6H,,0,0,False,False,False,False,0
top_ten,svm,occupancy_bin,full,6,unith,6,Nielsen,Nov_1_g0,0.96875,0.9744318181818181,0.9217657342657343,0.9030612244897959,,,20,4,8,0,6,6,1,1,1,1,1S,1S,,0,0,False,False,False,False,0
top_ten,svm,occupancy_bin,full,6,unith,6,Nielsen,Nov_1_g0,0.96875,0.9744318181818181,0.9217657342657343,0.9030612244897959,,4,20,4,8,0,6,7,1,1,2,1,1S,2S,,0,12,False,True,False,True,0
top_ten,svm,occupancy_bin,full,6,unith,6,Nielsen,Nov_1_g0,0.96875,0.9744318181818181,0.9217657342657343,0.9030612244897959,,4,20,4,8,0,6,8,1,1,3,1,1S,3S,,0,9,False,True,False,True,0
top_ten,svm,occupancy_bin,full,6,unith,6,Nielsen,Nov_1_g0,0.96875,0.9744318181818181,0.9217657342657343,0.9030612244897959,,4,20,4,8,0,6,9,1,1,4,1,1S,4S,,0,27,False,True,False,True,0
top_ten,svm,occupancy_bin,full,6,unith,6,Nielsen,Nov_1_g0,0.96875,0.9744318181818181,0.9217657342657343,0.9030612244897959,,4,20,4,8,0,6,10,1,1,5,1,1S,5S,,0,65,False,True,False,True,0
top_ten,svm,occupancy_bin,full,6,unith,6,Nielsen,Nov_1_g0,0.96875,0.9744318181818181,0.9217657342657343,0.9030612244897959,,4,20,4,8,0,6,11,1,1,6,1,1S,6S,,0,81,False,True,False,True,0
top_ten,svm,occupancy_bin,full,6,unith,6,Nielsen,Nov_1_g0,0.96875,0.9744318181818181,0.9217657342657343,0.9030612244897959,4,4,20,4,8,0,7,0,2,1,1,0,2S,1H,0.7978032449805565,12,48,True,True,True,True,0
top_ten,svm,occupancy_bin,full,6,unith,6,Nielsen,Nov_1_g0,0.96875,0.9744318181818181,0.9217657342657343,0.9030612244897959,4,4,20,4,8,0,7,1,2,1,2,0,2S,2H,0.8386953575909649,12,42,True,True,True,True,0
top_ten,svm,occupancy_bin,full,6,unith,6,Nielsen,Nov_1_g0,0.96875,0.9744318181818181,0.9217657342657343,0.9030612244897959,4,4,20,4,8,0,7,2,2,1,3,0,2S,3H,0.8823141572253537,12,54,True,True,True,True,0
top_ten,svm,occupancy_bin,full,6,unith,6,Nielsen,Nov_1_g0,0.96875,0.9744318181818181,0.9217657342657343,0.9030612244897959,4,4,20,4,8,0,7,3,2,1,4,0,2S,4H,0.8612751111326551,12,54,True,True,True,True,0
top_ten,svm,occupancy_bin,full,6,unith,6,Nielsen,Nov_1_g0,0.96875,0.9744318181818181,0.9217657342657343,0.9030612244897959,4,4,20,4,8,0,7,4,2,1,5,0,2S,5H,0.8409949047596676,12,14,True,True,True,True,0
top_ten,svm,occupancy_bin,full,6,unith,6,Nielsen,Nov_1_g0,0.96875,0.9744318181818181,0.9217657342657343,0.9030612244897959,4,,20,4,8,0,7,5,2,1,6,0,2S,6H,,12,0,True,False,True,False,0
top_ten,svm,occupancy_bin,full,6,unith,6,Nielsen,Nov_1_g0,0.96875,0.9744318181818181,0.9217657342657343,0.9030612244897959,4,,20,4,8,0,7,6,2,1,1,1,2S,1S,,12,0,True,False,True,False,0
top_ten,svm,occupancy_bin,full,6,unith,6,Nielsen,Nov_1_g0,0.96875,0.9744318181818181,0.9217657342657343,0.9030612244897959,4,4,20,4,8,0,7,7,2,1,2,1,2S,2S,0.8141350302675981,12,12,True,True,True,True,0
top_ten,svm,occupancy_bin,full,6,unith,6,Nielsen,Nov_1_g0,0.96875,0.9744318181818181,0.9217657342657343,0.9030612244897959,4,4,20,4,8,0,7,8,2,1,3,1,2S,3S,0.8456850771809818,12,9,True,True,True,True,0
top_ten,svm,occupancy_bin,full,6,unith,6,Nielsen,Nov_1_g0,0.96875,0.9744318181818181,0.9217657342657343,0.9030612244897959,4,4,20,4,8,0,7,9,2,1,4,1,2S,4S,0.8388446139889604,12,27,True,True,True,True,0
top_ten,svm,occupancy_bin,full,6,unith,6,Nielsen,Nov_1_g0,0.96875,0.9744318181818181,0.9217657342657343,0.9030612244897959,4,4,20,4,8,0,7,10,2,1,5,1,2S,5S,0.8175340710004029,12,65,True,True,True,True,0
top_ten,svm,occupancy_bin,full,6,unith,6,Nielsen,Nov_1_g0,0.96875,0.9744318181818181,0.9217657342657343,0.9030612244897959,4,4,20,4,8,0,7,11,2,1,6,1,2S,6S,0.8143200363660288,12,81,True,True,True,True,0
top_ten,svm,occupancy_bin,full,6,unith,6,Nielsen,Nov_1_g0,0.96875,0.9744318181818181,0.9217657342657343,0.9030612244897959,4,4,20,4,8,0,8,0,3,1,1,0,3S,1H,0.7400189478220238,9,48,True,True,True,True,0
top_ten,svm,occupancy_bin,full,6,unith,6,Nielsen,Nov_1_g0,0.96875,0.9744318181818181,0.9217657342657343,0.9030612244897959,4,4,20,4,8,0,8,1,3,1,2,0,3S,2H,0.8113194627809506,9,42,True,True,True,True,0
top_ten,svm,occupancy_bin,full,6,unith,6,Nielsen,Nov_1_g0,0.96875,0.9744318181818181,0.9217657342657343,0.9030612244897959,4,4,20,4,8,0,8,2,3,1,3,0,3S,3H,0.8551832938346011,9,54,True,True,True,True,0
top_ten,svm,occupancy_bin,full,6,unith,6,Nielsen,Nov_1_g0,0.96875,0.9744318181818181,0.9217657342657343,0.9030612244897959,4,4,20,4,8,0,8,3,3,1,4,0,3S,4H,0.8286756028246188,9,54,True,True,True,True,0
top_ten,svm,occupancy_bin,full,6,unith,6,Nielsen,Nov_1_g0,0.96875,0.9744318181818181,0.9217657342657343,0.9030612244897959,4,4,20,4,8,0,8,4,3,1,5,0,3S,5H,0.7983711733092653,9,14,True,True,True,True,0
top_ten,svm,occupancy_bin,full,6,unith,6,Nielsen,Nov_1_g0,0.96875,0.9744318181818181,0.9217657342657343,0.9030612244897959,4,,20,4,8,0,8,5,3,1,6,0,3S,6H,,9,0,True,False,True,False,0
top_ten,svm,occupancy_bin,full,6,unith,6,Nielsen,Nov_1_g0,0.96875,0.9744318181818181,0.9217657342657343,0.9030612244897959,4,,20,4,8,0,8,6,3,1,1,1,3S,1S,,9,0,True,False,True,False,0
top_ten,svm,occupancy_bin,full,6,unith,6,Nielsen,Nov_1_g0,0.96875,0.9744318181818181,0.9217657342657343,0.9030612244897959,4,4,20,4,8,0,8,7,3,1,2,1,3S,2S,0.8456850771809818,9,12,True,True,True,True,0
top_ten,svm,occupancy_bin,full,6,unith,6,Nielsen,Nov_1_g0,0.96875,0.9744318181818181,0.9217657342657343,0.9030612244897959,4,4,20,4,8,0,8,8,3,1,3,1,3S,3S,0.7923446261183869,9,9,True,True,True,True,0
top_ten,svm,occupancy_bin,full,6,unith,6,Nielsen,Nov_1_g0,0.96875,0.9744318181818181,0.9217657342657343,0.9030612244897959,4,4,20,4,8,0,8,9,3,1,4,1,3S,4S,0.8453631105498707,9,27,True,True,True,True,0
top_ten,svm,occupancy_bin,full,6,unith,6,Nielsen,Nov_1_g0,0.96875,0.9744318181818181,0.9217657342657343,0.9030612244897959,4,4,20,4,8,0,8,10,3,1,5,1,3S,5S,0.8122325718758866,9,65,True,True,True,True,0
top_ten,svm,occupancy_bin,full,6,unith,6,Nielsen,Nov_1_g0,0.96875,0.9744318181818181,0.9217657342657343,0.9030612244897959,4,4,20,4,8,0,8,11,3,1,6,1,3S,6S,0.8547705692319069,9,81,True,True,True,True,0
top_ten,svm,occupancy_bin,full,6,unith,6,Nielsen,Nov_1_g0,0.96875,0.9744318181818181,0.9217657342657343,0.9030612244897959,4,4,20,4,8,0,9,0,4,1,1,0,4S,1H,0.7817894224943239,27,48,True,True,True,True,0
top_ten,svm,occupancy_bin,full,6,unith,6,Nielsen,Nov_1_g0,0.96875,0.9744318181818181,0.9217657342657343,0.9030612244897959,4,4,20,4,8,0,9,1,4,1,2,0,4S,2H,0.8222220513429972,27,42,True,True,True,True,0
top_ten,svm,occupancy_bin,full,6,unith,6,Nielsen,Nov_1_g0,0.96875,0.9744318181818181,0.9217657342657343,0.9030612244897959,4,4,20,4,8,0,9,2,4,1,3,0,4S,3H,0.8139299519603105,27,54,True,True,True,True,0
top_ten,svm,occupancy_bin,full,6,unith,6,Nielsen,Nov_1_g0,0.96875,0.9744318181818181,0.9217657342657343,0.9030612244897959,4,4,20,4,8,0,9,3,4,1,4,0,4S,4H,0.817777354167115,27,54,True,True,True,True,0
top_ten,svm,occupancy_bin,full,6,unith,6,Nielsen,Nov_1_g0,0.96875,0.9744318181818181,0.9217657342657343,0.9030612244897959,4,4,20,4,8,0,9,4,4,1,5,0,4S,5H,0.7846615595678749,27,14,True,True,True,True,0
top_ten,svm,occupancy_bin,full,6,unith,6,Nielsen,Nov_1_g0,0.96875,0.9744318181818181,0.9217657342657343,0.9030612244897959,4,,20,4,8,0,9,5,4,1,6,0,4S,6H,,27,0,True,False,True,False,0
top_ten,svm,occupancy_bin,full,6,unith,6,Nielsen,Nov_1_g0,0.96875,0.9744318181818181,0.9217657342657343,0.9030612244897959,4,,20,4,8,0,9,6,4,1,1,1,4S,1S,,27,0,True,False,True,False,0
top_ten,svm,occupancy_bin,full,6,unith,6,Nielsen,Nov_1_g0,0.96875,0.9744318181818181,0.9217657342657343,0.9030612244897959,4,4,20,4,8,0,9,7,4,1,2,1,4S,2S,0.8388446139889604,27,12,True,True,True,True,0
top_ten,svm,occupancy_bin,full,6,unith,6,Nielsen,Nov_1_g0,0.96875,0.9744318181818181,0.9217657342657343,0.9030612244897959,4,4,20,4,8,0,9,8,4,1,3,1,4S,3S,0.8453631105498707,27,9,True,True,True,True,0
top_ten,svm,occupancy_bin,full,6,unith,6,Nielsen,Nov_1_g0,0.96875,0.9744318181818181,0.9217657342657343,0.9030612244897959,4,4,20,4,8,0,9,9,4,1,4,1,4S,4S,0.8087636467496578,27,27,True,True,True,True,0
top_ten,svm,occupancy_bin,full,6,unith,6,Nielsen,Nov_1_g0,0.96875,0.9744318181818181,0.9217657342657343,0.9030612244897959,4,4,20,4,8,0,9,10,4,1,5,1,4S,5S,0.7848189424997968,27,65,True,True,True,True,0
top_ten,svm,occupancy_bin,full,6,unith,6,Nielsen,Nov_1_g0,0.96875,0.9744318181818181,0.9217657342657343,0.9030612244897959,4,4,20,4,8,0,9,11,4,1,6,1,4S,6S,0.794766582446261,27,81,True,True,True,True,0
top_ten,svm,occupancy_bin,full,6,unith,6,Nielsen,Nov_1_g0,0.96875,0.9744318181818181,0.9217657342657343,0.9030612244897959,4,4,20,4,8,0,10,0,5,1,1,0,5S,1H,0.7805755034191054,65,48,True,True,True,True,0
top_ten,svm,occupancy_bin,full,6,unith,6,Nielsen,Nov_1_g0,0.96875,0.9744318181818181,0.9217657342657343,0.9030612244897959,4,4,20,4,8,0,10,1,5,1,2,0,5S,2H,0.830337356057673,65,42,True,True,True,True,0
top_ten,svm,occupancy_bin,full,6,unith,6,Nielsen,Nov_1_g0,0.96875,0.9744318181818181,0.9217657342657343,0.9030612244897959,4,4,20,4,8,0,10,2,5,1,3,0,5S,3H,0.817312045340303,65,54,True,True,True,True,0
top_ten,svm,occupancy_bin,full,6,unith,6,Nielsen,Nov_1_g0,0.96875,0.9744318181818181,0.9217657342657343,0.9030612244897959,4,4,20,4,8,0,10,3,5,1,4,0,5S,4H,0.8330933736856683,65,54,True,True,True,True,0
top_ten,svm,occupancy_bin,full,6,unith,6,Nielsen,Nov_1_g0,0.96875,0.9744318181818181,0.9217657342657343,0.9030612244897959,4,4,20,4,8,0,10,4,5,1,5,0,5S,5H,0.8368516782134432,65,14,True,True,True,True,0
top_ten,svm,occupancy_bin,full,6,unith,6,Nielsen,Nov_1_g0,0.96875,0.9744318181818181,0.9217657342657343,0.9030612244897959,4,,20,4,8,0,10,5,5,1,6,0,5S,6H,,65,0,True,False,True,False,0
top_ten,svm,occupancy_bin,full,6,unith,6,Nielsen,Nov_1_g0,0.96875,0.9744318181818181,0.9217657342657343,0.9030612244897959,4,,20,4,8,0,10,6,5,1,1,1,5S,1S,,65,0,True,False,True,False,0
top_ten,svm,occupancy_bin,full,6,unith,6,Nielsen,Nov_1_g0,0.96875,0.9744318181818181,0.9217657342657343,0.9030612244897959,4,4,20,4,8,0,10,7,5,1,2,1,5S,2S,0.8175340710004029,65,12,True,True,True,True,0
top_ten,svm,occupancy_bin,full,6,unith,6,Nielsen,Nov_1_g0,0.96875,0.9744318181818181,0.9217657342657343,0.9030612244897959,4,4,20,4,8,0,10,8,5,1,3,1,5S,3S,0.8122325718758866,65,9,True,True,True,True,0
top_ten,svm,occupancy_bin,full,6,unith,6,Nielsen,Nov_1_g0,0.96875,0.9744318181818181,0.9217657342657343,0.9030612244897959,4,4,20,4,8,0,10,9,5,1,4,1,5S,4S,0.7848189424997968,65,27,True,True,True,True,0
top_ten,svm,occupancy_bin,full,6,unith,6,Nielsen,Nov_1_g0,0.96875,0.9744318181818181,0.9217657342657343,0.9030612244897959,4,4,20,4,8,0,10,10,5,1,5,1,5S,5S,0.8113381344249169,65,65,True,True,True,True,0
top_ten,svm,occupancy_bin,full,6,unith,6,Nielsen,Nov_1_g0,0.96875,0.9744318181818181,0.9217657342657343,0.9030612244897959,4,4,20,4,8,0,10,11,5,1,6,1,5S,6S,0.7723802141334356,65,81,True,True,True,True,0
top_ten,svm,occupancy_bin,full,6,unith,6,Nielsen,Nov_1_g0,0.96875,0.9744318181818181,0.9217657342657343,0.9030612244897959,4,4,20,4,8,0,11,0,6,1,1,0,6S,1H,0.724120593198568,81,48,True,True,True,True,0
top_ten,svm,occupancy_bin,full,6,unith,6,Nielsen,Nov_1_g0,0.96875,0.9744318181818181,0.9217657342657343,0.9030612244897959,4,4,20,4,8,0,11,1,6,1,2,0,6S,2H,0.813083626636504,81,42,True,True,True,True,0
top_ten,svm,occupancy_bin,full,6,unith,6,Nielsen,Nov_1_g0,0.96875,0.9744318181818181,0.9217657342657343,0.9030612244897959,4,4,20,4,8,0,11,2,6,1,3,0,6S,3H,0.7907345031499957,81,54,True,True,True,True,0
top_ten,svm,occupancy_bin,full,6,unith,6,Nielsen,Nov_1_g0,0.96875,0.9744318181818181,0.9217657342657343,0.9030612244897959,4,4,20,4,8,0,11,3,6,1,4,0,6S,4H,0.7883359149078546,81,54,True,True,True,True,0
top_ten,svm,occupancy_bin,full,6,unith,6,Nielsen,Nov_1_g0,0.96875,0.9744318181818181,0.9217657342657343,0.9030612244897959,4,4,20,4,8,0,11,4,6,1,5,0,6S,5H,0.7397836065369853,81,14,True,True,True,True,0
top_ten,svm,occupancy_bin,full,6,unith,6,Nielsen,Nov_1_g0,0.96875,0.9744318181818181,0.9217657342657343,0.9030612244897959,4,,20,4,8,0,11,5,6,1,6,0,6S,6H,,81,0,True,False,True,False,0
top_ten,svm,occupancy_bin,full,6,unith,6,Nielsen,Nov_1_g0,0.96875,0.9744318181818181,0.9217657342657343,0.9030612244897959,4,,20,4,8,0,11,6,6,1,1,1,6S,1S,,81,0,True,False,True,False,0
top_ten,svm,occupancy_bin,full,6,unith,6,Nielsen,Nov_1_g0,0.96875,0.9744318181818181,0.9217657342657343,0.9030612244897959,4,4,20,4,8,0,11,7,6,1,2,1,6S,2S,0.8143200363660288,81,12,True,True,True,True,0
top_ten,svm,occupancy_bin,full,6,unith,6,Nielsen,Nov_1_g0,0.96875,0.9744318181818181,0.9217657342657343,0.9030612244897959,4,4,20,4,8,0,11,8,6,1,3,1,6S,3S,0.8547705692319069,81,9,True,True,True,True,0
top_ten,svm,occupancy_bin,full,6,unith,6,Nielsen,Nov_1_g0,0.96875,0.9744318181818181,0.9217657342657343,0.9030612244897959,4,4,20,4,8,0,11,9,6,1,4,1,6S,4S,0.794766582446261,81,27,True,True,True,True,0
top_ten,svm,occupancy_bin,full,6,unith,6,Nielsen,Nov_1_g0,0.96875,0.9744318181818181,0.9217657342657343,0.9030612244897959,4,4,20,4,8,0,11,10,6,1,5,1,6S,5S,0.7723802141334356,81,65,True,True,True,True,0
top_ten,svm,occupancy_bin,full,6,unith,6,Nielsen,Nov_1_g0,0.96875,0.9744318181818181,0.9217657342657343,0.9030612244897959,4,4,20,4,8,0,11,11,6,1,6,1,6S,6S,0.8470850760159031,81,81,True,True,True,True,0
top_ten,svm,occupancy_bin,full,6,unith,6,Nielsen,Nov_3_g0,0.999725274725275,1.0,1.0,0.9810606060606061,20,20,20,4,8,0,0,0,1,0,1,0,1H,1H,0.9286007612196652,65,65,True,True,True,True,0
top_ten,svm,occupancy_bin,full,6,unith,6,Nielsen,Nov_3_g0,0.999725274725275,1.0,1.0,0.9810606060606061,20,20,20,4,8,0,0,1,1,0,2,0,1H,2H,0.8687786943957914,65,82,True,True,True,True,0
top_ten,svm,occupancy_bin,full,6,unith,6,Nielsen,Nov_3_g0,0.999725274725275,1.0,1.0,0.9810606060606061,20,20,20,4,8,0,0,2,1,0,3,0,1H,3H,0.9422136366649413,65,80,True,True,True,True,0
top_ten,svm,occupancy_bin,full,6,unith,6,Nielsen,Nov_3_g0,0.999725274725275,1.0,1.0,0.9810606060606061,20,20,20,4,8,0,0,3,1,0,4,0,1H,4H,0.9011888991871493,65,40,True,True,True,True,0
top_ten,svm,occupancy_bin,full,6,unith,6,Nielsen,Nov_3_g0,0.999725274725275,1.0,1.0,0.9810606060606061,20,,20,4,8,0,0,4,1,0,5,0,1H,5H,,65,0,True,False,True,False,0
top_ten,svm,occupancy_bin,full,6,unith,6,Nielsen,Nov_3_g0,0.999725274725275,1.0,1.0,0.9810606060606061,20,,20,4,8,0,0,5,1,0,6,0,1H,6H,,65,0,True,False,True,False,0
top_ten,svm,occupancy_bin,full,6,unith,6,Nielsen,Nov_3_g0,0.999725274725275,1.0,1.0,0.9810606060606061,20,,20,4,8,0,0,6,1,0,1,1,1H,1S,,65,0,True,False,True,False,0
top_ten,svm,occupancy_bin,full,6,unith,6,Nielsen,Nov_3_g0,0.999725274725275,1.0,1.0,0.9810606060606061,20,2,20,4,8,0,0,7,1,0,2,1,1H,2S,0.5471751155453187,65,4,True,True,True,False,0
top_ten,svm,occupancy_bin,full,6,unith,6,Nielsen,Nov_3_g0,0.999725274725275,1.0,1.0,0.9810606060606061,20,,20,4,8,0,0,8,1,0,3,1,1H,3S,,65,0,True,False,True,False,0
top_ten,svm,occupancy_bin,full,6,unith,6,Nielsen,Nov_3_g0,0.999725274725275,1.0,1.0,0.9810606060606061,20,20,20,4,8,0,0,9,1,0,4,1,1H,4S,0.8208076748439183,65,45,True,True,True,True,0
top_ten,svm,occupancy_bin,full,6,unith,6,Nielsen,Nov_3_g0,0.999725274725275,1.0,1.0,0.9810606060606061,20,20,20,4,8,0,0,10,1,0,5,1,1H,5S,0.88360840034448,65,95,True,True,True,True,0
top_ten,svm,occupancy_bin,full,6,unith,6,Nielsen,Nov_3_g0,0.999725274725275,1.0,1.0,0.9810606060606061,20,20,20,4,8,0,0,11,1,0,6,1,1H,6S,0.7746377184086198,65,84,True,True,True,True,0
top_ten,svm,occupancy_bin,full,6,unith,6,Nielsen,Nov_3_g0,0.999725274725275,1.0,1.0,0.9810606060606061,20,20,20,4,8,0,1,0,2,0,1,0,2H,1H,0.8687786943957914,82,65,True,True,True,True,0
top_ten,svm,occupancy_bin,full,6,unith,6,Nielsen,Nov_3_g0,0.999725274725275,1.0,1.0,0.9810606060606061,20,20,20,4,8,0,1,1,2,0,2,0,2H,2H,0.9436944840996299,82,82,True,True,True,True,0
top_ten,svm,occupancy_bin,full,6,unith,6,Nielsen,Nov_3_g0,0.999725274725275,1.0,1.0,0.9810606060606061,20,20,20,4,8,0,1,2,2,0,3,0,2H,3H,0.8846729205283685,82,80,True,True,True,True,0
top_ten,svm,occupancy_bin,full,6,unith,6,Nielsen,Nov_3_g0,0.999725274725275,1.0,1.0,0.9810606060606061,20,20,20,4,8,0,1,3,2,0,4,0,2H,4H,0.8860300939584291,82,40,True,True,True,True,0
top_ten,svm,occupancy_bin,full,6,unith,6,Nielsen,Nov_3_g0,0.999725274725275,1.0,1.0,0.9810606060606061,20,,20,4,8,0,1,4,2,0,5,0,2H,5H,,82,0,True,False,True,False,0
top_ten,svm,occupancy_bin,full,6,unith,6,Nielsen,Nov_3_g0,0.999725274725275,1.0,1.0,0.9810606060606061,20,,20,4,8,0,1,5,2,0,6,0,2H,6H,,82,0,True,False,True,False,0
top_ten,svm,occupancy_bin,full,6,unith,6,Nielsen,Nov_3_g0,0.999725274725275,1.0,1.0,0.9810606060606061,20,,20,4,8,0,1,6,2,0,1,1,2H,1S,,82,0,True,False,True,False,0
top_ten,svm,occupancy_bin,full,6,unith,6,Nielsen,Nov_3_g0,0.999725274725275,1.0,1.0,0.9810606060606061,20,2,20,4,8,0,1,7,2,0,2,1,2H,2S,0.5664599723664767,82,4,True,True,True,False,0
top_ten,svm,occupancy_bin,full,6,unith,6,Nielsen,Nov_3_g0,0.999725274725275,1.0,1.0,0.9810606060606061,20,,20,4,8,0,1,8,2,0,3,1,2H,3S,,82,0,True,False,True,False,0
top_ten,svm,occupancy_bin,full,6,unith,6,Nielsen,Nov_3_g0,0.999725274725275,1.0,1.0,0.9810606060606061,20,20,20,4,8,0,1,9,2,0,4,1,2H,4S,0.8660556568910524,82,45,True,True,True,True,0
top_ten,svm,occupancy_bin,full,6,unith,6,Nielsen,Nov_3_g0,0.999725274725275,1.0,1.0,0.9810606060606061,20,20,20,4,8,0,1,10,2,0,5,1,2H,5S,0.7775943704041435,82,95,True,True,True,True,0
top_ten,svm,occupancy_bin,full,6,unith,6,Nielsen,Nov_3_g0,0.999725274725275,1.0,1.0,0.9810606060606061,20,20,20,4,8,0,1,11,2,0,6,1,2H,6S,0.8428614413076889,82,84,True,True,True,True,0
top_ten,svm,occupancy_bin,full,6,unith,6,Nielsen,Nov_3_g0,0.999725274725275,1.0,1.0,0.9810606060606061,20,20,20,4,8,0,2,0,3,0,1,0,3H,1H,0.9422136366649413,80,65,True,True,True,True,0
top_ten,svm,occupancy_bin,full,6,unith,6,Nielsen,Nov_3_g0,0.999725274725275,1.0,1.0,0.9810606060606061,20,20,20,4,8,0,2,1,3,0,2,0,3H,2H,0.8846729205283685,80,82,True,True,True,True,0
top_ten,svm,occupancy_bin,full,6,unith,6,Nielsen,Nov_3_g0,0.999725274725275,1.0,1.0,0.9810606060606061,20,20,20,4,8,0,2,2,3,0,3,0,3H,3H,0.9465896449383819,80,80,True,True,True,True,0
top_ten,svm,occupancy_bin,full,6,unith,6,Nielsen,Nov_3_g0,0.999725274725275,1.0,1.0,0.9810606060606061,20,20,20,4,8,0,2,3,3,0,4,0,3H,4H,0.9317135146841483,80,40,True,True,True,True,0
top_ten,svm,occupancy_bin,full,6,unith,6,Nielsen,Nov_3_g0,0.999725274725275,1.0,1.0,0.9810606060606061,20,,20,4,8,0,2,4,3,0,5,0,3H,5H,,80,0,True,False,True,False,0
top_ten,svm,occupancy_bin,full,6,unith,6,Nielsen,Nov_3_g0,0.999725274725275,1.0,1.0,0.9810606060606061,20,,20,4,8,0,2,5,3,0,6,0,3H,6H,,80,0,True,False,True,False,0
top_ten,svm,occupancy_bin,full,6,unith,6,Nielsen,Nov_3_g0,0.999725274725275,1.0,1.0,0.9810606060606061,20,,20,4,8,0,2,6,3,0,1,1,3H,1S,,80,0,True,False,True,False,0
top_ten,svm,occupancy_bin,full,6,unith,6,Nielsen,Nov_3_g0,0.999725274725275,1.0,1.0,0.9810606060606061,20,2,20,4,8,0,2,7,3,0,2,1,3H,2S,0.6419389878332373,80,4,True,True,True,False,0
top_ten,svm,occupancy_bin,full,6,unith,6,Nielsen,Nov_3_g0,0.999725274725275,1.0,1.0,0.9810606060606061,20,,20,4,8,0,2,8,3,0,3,1,3H,3S,,80,0,True,False,True,False,0
top_ten,svm,occupancy_bin,full,6,unith,6,Nielsen,Nov_3_g0,0.999725274725275,1.0,1.0,0.9810606060606061,20,20,20,4,8,0,2,9,3,0,4,1,3H,4S,0.8445266827850899,80,45,True,True,True,True,0
top_ten,svm,occupancy_bin,full,6,unith,6,Nielsen,Nov_3_g0,0.999725274725275,1.0,1.0,0.9810606060606061,20,20,20,4,8,0,2,10,3,0,5,1,3H,5S,0.9142888684845465,80,95,True,True,True,True,0
top_ten,svm,occupancy_bin,full,6,unith,6,Nielsen,Nov_3_g0,0.999725274725275,1.0,1.0,0.9810606060606061,20,20,20,4,8,0,2,11,3,0,6,1,3H,6S,0.8036094647512761,80,84,True,True,True,True,0
top_ten,svm,occupancy_bin,full,6,unith,6,Nielsen,Nov_3_g0,0.999725274725275,1.0,1.0,0.9810606060606061,20,20,20,4,8,0,3,0,4,0,1,0,4H,1H,0.9011888991871493,40,65,True,True,True,True,0
top_ten,svm,occupancy_bin,full,6,unith,6,Nielsen,Nov_3_g0,0.999725274725275,1.0,1.0,0.9810606060606061,20,20,20,4,8,0,3,1,4,0,2,0,4H,2H,0.8860300939584291,40,82,True,True,True,True,0
top_ten,svm,occupancy_bin,full,6,unith,6,Nielsen,Nov_3_g0,0.999725274725275,1.0,1.0,0.9810606060606061,20,20,20,4,8,0,3,2,4,0,3,0,4H,3H,0.9317135146841483,40,80,True,True,True,True,0
top_ten,svm,occupancy_bin,full,6,unith,6,Nielsen,Nov_3_g0,0.999725274725275,1.0,1.0,0.9810606060606061,20,20,20,4,8,0,3,3,4,0,4,0,4H,4H,0.9543429268202279,40,40,True,True,True,True,0
top_ten,svm,occupancy_bin,full,6,unith,6,Nielsen,Nov_3_g0,0.999725274725275,1.0,1.0,0.9810606060606061,20,,20,4,8,0,3,4,4,0,5,0,4H,5H,,40,0,True,False,True,False,0
top_ten,svm,occupancy_bin,full,6,unith,6,Nielsen,Nov_3_g0,0.999725274725275,1.0,1.0,0.9810606060606061,20,,20,4,8,0,3,5,4,0,6,0,4H,6H,,40,0,True,False,True,False,0
top_ten,svm,occupancy_bin,full,6,unith,6,Nielsen,Nov_3_g0,0.999725274725275,1.0,1.0,0.9810606060606061,20,,20,4,8,0,3,6,4,0,1,1,4H,1S,,40,0,True,False,True,False,0
top_ten,svm,occupancy_bin,full,6,unith,6,Nielsen,Nov_3_g0,0.999725274725275,1.0,1.0,0.9810606060606061,20,2,20,4,8,0,3,7,4,0,2,1,4H,2S,0.6807387730519359,40,4,True,True,True,False,0
top_ten,svm,occupancy_bin,full,6,unith,6,Nielsen,Nov_3_g0,0.999725274725275,1.0,1.0,0.9810606060606061,20,,20,4,8,0,3,8,4,0,3,1,4H,3S,,40,0,True,False,True,False,0
top_ten,svm,occupancy_bin,full,6,unith,6,Nielsen,Nov_3_g0,0.999725274725275,1.0,1.0,0.9810606060606061,20,20,20,4,8,0,3,9,4,0,4,1,4H,4S,0.9500049761883481,40,45,True,True,True,True,0
top_ten,svm,occupancy_bin,full,6,unith,6,Nielsen,Nov_3_g0,0.999725274725275,1.0,1.0,0.9810606060606061,20,20,20,4,8,0,3,10,4,0,5,1,4H,5S,0.9224613804210025,40,95,True,True,True,True,0
top_ten,svm,occupancy_bin,full,6,unith,6,Nielsen,Nov_3_g0,0.999725274725275,1.0,1.0,0.9810606060606061,20,20,20,4,8,0,3,11,4,0,6,1,4H,6S,0.9253126839960666,40,84,True,True,True,True,0
top_ten,svm,occupancy_bin,full,6,unith,6,Nielsen,Nov_3_g0,0.999725274725275,1.0,1.0,0.9810606060606061,,20,20,4,8,0,4,0,5,0,1,0,5H,1H,,0,65,False,True,False,True,0
top_ten,svm,occupancy_bin,full,6,unith,6,Nielsen,Nov_3_g0,0.999725274725275,1.0,1.0,0.9810606060606061,,20,20,4,8,0,4,1,5,0,2,0,5H,2H,,0,82,False,True,False,True,0
top_ten,svm,occupancy_bin,full,6,unith,6,Nielsen,Nov_3_g0,0.999725274725275,1.0,1.0,0.9810606060606061,,20,20,4,8,0,4,2,5,0,3,0,5H,3H,,0,80,False,True,False,True,0
top_ten,svm,occupancy_bin,full,6,unith,6,Nielsen,Nov_3_g0,0.999725274725275,1.0,1.0,0.9810606060606061,,20,20,4,8,0,4,3,5,0,4,0,5H,4H,,0,40,False,True,False,True,0
top_ten,svm,occupancy_bin,full,6,unith,6,Nielsen,Nov_3_g0,0.999725274725275,1.0,1.0,0.9810606060606061,,,20,4,8,0,4,4,5,0,5,0,5H,5H,,0,0,False,False,False,False,0
top_ten,svm,occupancy_bin,full,6,unith,6,Nielsen,Nov_3_g0,0.999725274725275,1.0,1.0,0.9810606060606061,,,20,4,8,0,4,5,5,0,6,0,5H,6H,,0,0,False,False,False,False,0
top_ten,svm,occupancy_bin,full,6,unith,6,Nielsen,Nov_3_g0,0.999725274725275,1.0,1.0,0.9810606060606061,,,20,4,8,0,4,6,5,0,1,1,5H,1S,,0,0,False,False,False,False,0
top_ten,svm,occupancy_bin,full,6,unith,6,Nielsen,Nov_3_g0,0.999725274725275,1.0,1.0,0.9810606060606061,,2,20,4,8,0,4,7,5,0,2,1,5H,2S,,0,4,False,True,False,False,0
top_ten,svm,occupancy_bin,full,6,unith,6,Nielsen,Nov_3_g0,0.999725274725275,1.0,1.0,0.9810606060606061,,,20,4,8,0,4,8,5,0,3,1,5H,3S,,0,0,False,False,False,False,0
top_ten,svm,occupancy_bin,full,6,unith,6,Nielsen,Nov_3_g0,0.999725274725275,1.0,1.0,0.9810606060606061,,20,20,4,8,0,4,9,5,0,4,1,5H,4S,,0,45,False,True,False,True,0
top_ten,svm,occupancy_bin,full,6,unith,6,Nielsen,Nov_3_g0,0.999725274725275,1.0,1.0,0.9810606060606061,,20,20,4,8,0,4,10,5,0,5,1,5H,5S,,0,95,False,True,False,True,0
top_ten,svm,occupancy_bin,full,6,unith,6,Nielsen,Nov_3_g0,0.999725274725275,1.0,1.0,0.9810606060606061,,20,20,4,8,0,4,11,5,0,6,1,5H,6S,,0,84,False,True,False,True,0
top_ten,svm,occupancy_bin,full,6,unith,6,Nielsen,Nov_3_g0,0.999725274725275,1.0,1.0,0.9810606060606061,,20,20,4,8,0,5,0,6,0,1,0,6H,1H,,0,65,False,True,False,True,0
top_ten,svm,occupancy_bin,full,6,unith,6,Nielsen,Nov_3_g0,0.999725274725275,1.0,1.0,0.9810606060606061,,20,20,4,8,0,5,1,6,0,2,0,6H,2H,,0,82,False,True,False,True,0
top_ten,svm,occupancy_bin,full,6,unith,6,Nielsen,Nov_3_g0,0.999725274725275,1.0,1.0,0.9810606060606061,,20,20,4,8,0,5,2,6,0,3,0,6H,3H,,0,80,False,True,False,True,0
top_ten,svm,occupancy_bin,full,6,unith,6,Nielsen,Nov_3_g0,0.999725274725275,1.0,1.0,0.9810606060606061,,20,20,4,8,0,5,3,6,0,4,0,6H,4H,,0,40,False,True,False,True,0
top_ten,svm,occupancy_bin,full,6,unith,6,Nielsen,Nov_3_g0,0.999725274725275,1.0,1.0,0.9810606060606061,,,20,4,8,0,5,4,6,0,5,0,6H,5H,,0,0,False,False,False,False,0
top_ten,svm,occupancy_bin,full,6,unith,6,Nielsen,Nov_3_g0,0.999725274725275,1.0,1.0,0.9810606060606061,,,20,4,8,0,5,5,6,0,6,0,6H,6H,,0,0,False,False,False,False,0
top_ten,svm,occupancy_bin,full,6,unith,6,Nielsen,Nov_3_g0,0.999725274725275,1.0,1.0,0.9810606060606061,,,20,4,8,0,5,6,6,0,1,1,6H,1S,,0,0,False,False,False,False,0
top_ten,svm,occupancy_bin,full,6,unith,6,Nielsen,Nov_3_g0,0.999725274725275,1.0,1.0,0.9810606060606061,,2,20,4,8,0,5,7,6,0,2,1,6H,2S,,0,4,False,True,False,False,0
top_ten,svm,occupancy_bin,full,6,unith,6,Nielsen,Nov_3_g0,0.999725274725275,1.0,1.0,0.9810606060606061,,,20,4,8,0,5,8,6,0,3,1,6H,3S,,0,0,False,False,False,False,0
top_ten,svm,occupancy_bin,full,6,unith,6,Nielsen,Nov_3_g0,0.999725274725275,1.0,1.0,0.9810606060606061,,20,20,4,8,0,5,9,6,0,4,1,6H,4S,,0,45,False,True,False,True,0
top_ten,svm,occupancy_bin,full,6,unith,6,Nielsen,Nov_3_g0,0.999725274725275,1.0,1.0,0.9810606060606061,,20,20,4,8,0,5,10,6,0,5,1,6H,5S,,0,95,False,True,False,True,0
top_ten,svm,occupancy_bin,full,6,unith,6,Nielsen,Nov_3_g0,0.999725274725275,1.0,1.0,0.9810606060606061,,20,20,4,8,0,5,11,6,0,6,1,6H,6S,,0,84,False,True,False,True,0
top_ten,svm,occupancy_bin,full,6,unith,6,Nielsen,Nov_3_g0,0.999725274725275,1.0,1.0,0.9810606060606061,,20,20,4,8,0,6,0,1,1,1,0,1S,1H,,0,65,False,True,False,True,0
top_ten,svm,occupancy_bin,full,6,unith,6,Nielsen,Nov_3_g0,0.999725274725275,1.0,1.0,0.9810606060606061,,20,20,4,8,0,6,1,1,1,2,0,1S,2H,,0,82,False,True,False,True,0
top_ten,svm,occupancy_bin,full,6,unith,6,Nielsen,Nov_3_g0,0.999725274725275,1.0,1.0,0.9810606060606061,,20,20,4,8,0,6,2,1,1,3,0,1S,3H,,0,80,False,True,False,True,0
top_ten,svm,occupancy_bin,full,6,unith,6,Nielsen,Nov_3_g0,0.999725274725275,1.0,1.0,0.9810606060606061,,20,20,4,8,0,6,3,1,1,4,0,1S,4H,,0,40,False,True,False,True,0
top_ten,svm,occupancy_bin,full,6,unith,6,Nielsen,Nov_3_g0,0.999725274725275,1.0,1.0,0.9810606060606061,,,20,4,8,0,6,4,1,1,5,0,1S,5H,,0,0,False,False,False,False,0
top_ten,svm,occupancy_bin,full,6,unith,6,Nielsen,Nov_3_g0,0.999725274725275,1.0,1.0,0.9810606060606061,,,20,4,8,0,6,5,1,1,6,0,1S,6H,,0,0,False,False,False,False,0
top_ten,svm,occupancy_bin,full,6,unith,6,Nielsen,Nov_3_g0,0.999725274725275,1.0,1.0,0.9810606060606061,,,20,4,8,0,6,6,1,1,1,1,1S,1S,,0,0,False,False,False,False,0
top_ten,svm,occupancy_bin,full,6,unith,6,Nielsen,Nov_3_g0,0.999725274725275,1.0,1.0,0.9810606060606061,,2,20,4,8,0,6,7,1,1,2,1,1S,2S,,0,4,False,True,False,False,0
top_ten,svm,occupancy_bin,full,6,unith,6,Nielsen,Nov_3_g0,0.999725274725275,1.0,1.0,0.9810606060606061,,,20,4,8,0,6,8,1,1,3,1,1S,3S,,0,0,False,False,False,False,0
top_ten,svm,occupancy_bin,full,6,unith,6,Nielsen,Nov_3_g0,0.999725274725275,1.0,1.0,0.9810606060606061,,20,20,4,8,0,6,9,1,1,4,1,1S,4S,,0,45,False,True,False,True,0
top_ten,svm,occupancy_bin,full,6,unith,6,Nielsen,Nov_3_g0,0.999725274725275,1.0,1.0,0.9810606060606061,,20,20,4,8,0,6,10,1,1,5,1,1S,5S,,0,95,False,True,False,True,0
top_ten,svm,occupancy_bin,full,6,unith,6,Nielsen,Nov_3_g0,0.999725274725275,1.0,1.0,0.9810606060606061,,20,20,4,8,0,6,11,1,1,6,1,1S,6S,,0,84,False,True,False,True,0
top_ten,svm,occupancy_bin,full,6,unith,6,Nielsen,Nov_3_g0,0.999725274725275,1.0,1.0,0.9810606060606061,2,20,20,4,8,0,7,0,2,1,1,0,2S,1H,0.5471751155453187,4,65,True,True,False,True,0
top_ten,svm,occupancy_bin,full,6,unith,6,Nielsen,Nov_3_g0,0.999725274725275,1.0,1.0,0.9810606060606061,2,20,20,4,8,0,7,1,2,1,2,0,2S,2H,0.5664599723664767,4,82,True,True,False,True,0
top_ten,svm,occupancy_bin,full,6,unith,6,Nielsen,Nov_3_g0,0.999725274725275,1.0,1.0,0.9810606060606061,2,20,20,4,8,0,7,2,2,1,3,0,2S,3H,0.6419389878332373,4,80,True,True,False,True,0
top_ten,svm,occupancy_bin,full,6,unith,6,Nielsen,Nov_3_g0,0.999725274725275,1.0,1.0,0.9810606060606061,2,20,20,4,8,0,7,3,2,1,4,0,2S,4H,0.6807387730519359,4,40,True,True,False,True,0
top_ten,svm,occupancy_bin,full,6,unith,6,Nielsen,Nov_3_g0,0.999725274725275,1.0,1.0,0.9810606060606061,2,,20,4,8,0,7,4,2,1,5,0,2S,5H,,4,0,True,False,False,False,0
top_ten,svm,occupancy_bin,full,6,unith,6,Nielsen,Nov_3_g0,0.999725274725275,1.0,1.0,0.9810606060606061,2,,20,4,8,0,7,5,2,1,6,0,2S,6H,,4,0,True,False,False,False,0
top_ten,svm,occupancy_bin,full,6,unith,6,Nielsen,Nov_3_g0,0.999725274725275,1.0,1.0,0.9810606060606061,2,,20,4,8,0,7,6,2,1,1,1,2S,1S,,4,0,True,False,False,False,0
top_ten,svm,occupancy_bin,full,6,unith,6,Nielsen,Nov_3_g0,0.999725274725275,1.0,1.0,0.9810606060606061,2,2,20,4,8,0,7,7,2,1,2,1,2S,2S,0.4867020106360207,4,4,True,True,False,False,0
top_ten,svm,occupancy_bin,full,6,unith,6,Nielsen,Nov_3_g0,0.999725274725275,1.0,1.0,0.9810606060606061,2,,20,4,8,0,7,8,2,1,3,1,2S,3S,,4,0,True,False,False,False,0
top_ten,svm,occupancy_bin,full,6,unith,6,Nielsen,Nov_3_g0,0.999725274725275,1.0,1.0,0.9810606060606061,2,20,20,4,8,0,7,9,2,1,4,1,2S,4S,0.6366089545693778,4,45,True,True,False,True,0
top_ten,svm,occupancy_bin,full,6,unith,6,Nielsen,Nov_3_g0,0.999725274725275,1.0,1.0,0.9810606060606061,2,20,20,4,8,0,7,10,2,1,5,1,2S,5S,0.6262040743263786,4,95,True,True,False,True,0
top_ten,svm,occupancy_bin,full,6,unith,6,Nielsen,Nov_3_g0,0.999725274725275,1.0,1.0,0.9810606060606061,2,20,20,4,8,0,7,11,2,1,6,1,2S,6S,0.6606642055218501,4,84,True,True,False,True,0
top_ten,svm,occupancy_bin,full,6,unith,6,Nielsen,Nov_3_g0,0.999725274725275,1.0,1.0,0.9810606060606061,,20,20,4,8,0,8,0,3,1,1,0,3S,1H,,0,65,False,True,False,True,0
top_ten,svm,occupancy_bin,full,6,unith,6,Nielsen,Nov_3_g0,0.999725274725275,1.0,1.0,0.9810606060606061,,20,20,4,8,0,8,1,3,1,2,0,3S,2H,,0,82,False,True,False,True,0
top_ten,svm,occupancy_bin,full,6,unith,6,Nielsen,Nov_3_g0,0.999725274725275,1.0,1.0,0.9810606060606061,,20,20,4,8,0,8,2,3,1,3,0,3S,3H,,0,80,False,True,False,True,0
top_ten,svm,occupancy_bin,full,6,unith,6,Nielsen,Nov_3_g0,0.999725274725275,1.0,1.0,0.9810606060606061,,20,20,4,8,0,8,3,3,1,4,0,3S,4H,,0,40,False,True,False,True,0
top_ten,svm,occupancy_bin,full,6,unith,6,Nielsen,Nov_3_g0,0.999725274725275,1.0,1.0,0.9810606060606061,,,20,4,8,0,8,4,3,1,5,0,3S,5H,,0,0,False,False,False,False,0
top_ten,svm,occupancy_bin,full,6,unith,6,Nielsen,Nov_3_g0,0.999725274725275,1.0,1.0,0.9810606060606061,,,20,4,8,0,8,5,3,1,6,0,3S,6H,,0,0,False,False,False,False,0
top_ten,svm,occupancy_bin,full,6,unith,6,Nielsen,Nov_3_g0,0.999725274725275,1.0,1.0,0.9810606060606061,,,20,4,8,0,8,6,3,1,1,1,3S,1S,,0,0,False,False,False,False,0
top_ten,svm,occupancy_bin,full,6,unith,6,Nielsen,Nov_3_g0,0.999725274725275,1.0,1.0,0.9810606060606061,,2,20,4,8,0,8,7,3,1,2,1,3S,2S,,0,4,False,True,False,False,0
top_ten,svm,occupancy_bin,full,6,unith,6,Nielsen,Nov_3_g0,0.999725274725275,1.0,1.0,0.9810606060606061,,,20,4,8,0,8,8,3,1,3,1,3S,3S,,0,0,False,False,False,False,0
top_ten,svm,occupancy_bin,full,6,unith,6,Nielsen,Nov_3_g0,0.999725274725275,1.0,1.0,0.9810606060606061,,20,20,4,8,0,8,9,3,1,4,1,3S,4S,,0,45,False,True,False,True,0
top_ten,svm,occupancy_bin,full,6,unith,6,Nielsen,Nov_3_g0,0.999725274725275,1.0,1.0,0.9810606060606061,,20,20,4,8,0,8,10,3,1,5,1,3S,5S,,0,95,False,True,False,True,0
top_ten,svm,occupancy_bin,full,6,unith,6,Nielsen,Nov_3_g0,0.999725274725275,1.0,1.0,0.9810606060606061,,20,20,4,8,0,8,11,3,1,6,1,3S,6S,,0,84,False,True,False,True,0
top_ten,svm,occupancy_bin,full,6,unith,6,Nielsen,Nov_3_g0,0.999725274725275,1.0,1.0,0.9810606060606061,20,20,20,4,8,0,9,0,4,1,1,0,4S,1H,0.8208076748439183,45,65,True,True,True,True,0
top_ten,svm,occupancy_bin,full,6,unith,6,Nielsen,Nov_3_g0,0.999725274725275,1.0,1.0,0.9810606060606061,20,20,20,4,8,0,9,1,4,1,2,0,4S,2H,0.8660556568910524,45,82,True,True,True,True,0
top_ten,svm,occupancy_bin,full,6,unith,6,Nielsen,Nov_3_g0,0.999725274725275,1.0,1.0,0.9810606060606061,20,20,20,4,8,0,9,2,4,1,3,0,4S,3H,0.8445266827850899,45,80,True,True,True,True,0
top_ten,svm,occupancy_bin,full,6,unith,6,Nielsen,Nov_3_g0,0.999725274725275,1.0,1.0,0.9810606060606061,20,20,20,4,8,0,9,3,4,1,4,0,4S,4H,0.9500049761883481,45,40,True,True,True,True,0
top_ten,svm,occupancy_bin,full,6,unith,6,Nielsen,Nov_3_g0,0.999725274725275,1.0,1.0,0.9810606060606061,20,,20,4,8,0,9,4,4,1,5,0,4S,5H,,45,0,True,False,True,False,0
top_ten,svm,occupancy_bin,full,6,unith,6,Nielsen,Nov_3_g0,0.999725274725275,1.0,1.0,0.9810606060606061,20,,20,4,8,0,9,5,4,1,6,0,4S,6H,,45,0,True,False,True,False,0
top_ten,svm,occupancy_bin,full,6,unith,6,Nielsen,Nov_3_g0,0.999725274725275,1.0,1.0,0.9810606060606061,20,,20,4,8,0,9,6,4,1,1,1,4S,1S,,45,0,True,False,True,False,0
top_ten,svm,occupancy_bin,full,6,unith,6,Nielsen,Nov_3_g0,0.999725274725275,1.0,1.0,0.9810606060606061,20,2,20,4,8,0,9,7,4,1,2,1,4S,2S,0.6366089545693778,45,4,True,True,True,False,0
top_ten,svm,occupancy_bin,full,6,unith,6,Nielsen,Nov_3_g0,0.999725274725275,1.0,1.0,0.9810606060606061,20,,20,4,8,0,9,8,4,1,3,1,4S,3S,,45,0,True,False,True,False,0
top_ten,svm,occupancy_bin,full,6,unith,6,Nielsen,Nov_3_g0,0.999725274725275,1.0,1.0,0.9810606060606061,20,20,20,4,8,0,9,9,4,1,4,1,4S,4S,0.942319992183586,45,45,True,True,True,True,0
top_ten,svm,occupancy_bin,full,6,unith,6,Nielsen,Nov_3_g0,0.999725274725275,1.0,1.0,0.9810606060606061,20,20,20,4,8,0,9,10,4,1,5,1,4S,5S,0.8260069082936378,45,95,True,True,True,True,0
top_ten,svm,occupancy_bin,full,6,unith,6,Nielsen,Nov_3_g0,0.999725274725275,1.0,1.0,0.9810606060606061,20,20,20,4,8,0,9,11,4,1,6,1,4S,6S,0.9640846257592024,45,84,True,True,True,True,0
top_ten,svm,occupancy_bin,full,6,unith,6,Nielsen,Nov_3_g0,0.999725274725275,1.0,1.0,0.9810606060606061,20,20,20,4,8,0,10,0,5,1,1,0,5S,1H,0.88360840034448,95,65,True,True,True,True,0
top_ten,svm,occupancy_bin,full,6,unith,6,Nielsen,Nov_3_g0,0.999725274725275,1.0,1.0,0.9810606060606061,20,20,20,4,8,0,10,1,5,1,2,0,5S,2H,0.7775943704041435,95,82,True,True,True,True,0
top_ten,svm,occupancy_bin,full,6,unith,6,Nielsen,Nov_3_g0,0.999725274725275,1.0,1.0,0.9810606060606061,20,20,20,4,8,0,10,2,5,1,3,0,5S,3H,0.9142888684845465,95,80,True,True,True,True,0
top_ten,svm,occupancy_bin,full,6,unith,6,Nielsen,Nov_3_g0,0.999725274725275,1.0,1.0,0.9810606060606061,20,20,20,4,8,0,10,3,5,1,4,0,5S,4H,0.9224613804210025,95,40,True,True,True,True,0
top_ten,svm,occupancy_bin,full,6,unith,6,Nielsen,Nov_3_g0,0.999725274725275,1.0,1.0,0.9810606060606061,20,,20,4,8,0,10,4,5,1,5,0,5S,5H,,95,0,True,False,True,False,0
top_ten,svm,occupancy_bin,full,6,unith,6,Nielsen,Nov_3_g0,0.999725274725275,1.0,1.0,0.9810606060606061,20,,20,4,8,0,10,5,5,1,6,0,5S,6H,,95,0,True,False,True,False,0
top_ten,svm,occupancy_bin,full,6,unith,6,Nielsen,Nov_3_g0,0.999725274725275,1.0,1.0,0.9810606060606061,20,,20,4,8,0,10,6,5,1,1,1,5S,1S,,95,0,True,False,True,False,0
top_ten,svm,occupancy_bin,full,6,unith,6,Nielsen,Nov_3_g0,0.999725274725275,1.0,1.0,0.9810606060606061,20,2,20,4,8,0,10,7,5,1,2,1,5S,2S,0.6262040743263786,95,4,True,True,True,False,0
top_ten,svm,occupancy_bin,full,6,unith,6,Nielsen,Nov_3_g0,0.999725274725275,1.0,1.0,0.9810606060606061,20,,20,4,8,0,10,8,5,1,3,1,5S,3S,,95,0,True,False,True,False,0
top_ten,svm,occupancy_bin,full,6,unith,6,Nielsen,Nov_3_g0,0.999725274725275,1.0,1.0,0.9810606060606061,20,20,20,4,8,0,10,9,5,1,4,1,5S,4S,0.8260069082936378,95,45,True,True,True,True,0
top_ten,svm,occupancy_bin,full,6,unith,6,Nielsen,Nov_3_g0,0.999725274725275,1.0,1.0,0.9810606060606061,20,20,20,4,8,0,10,10,5,1,5,1,5S,5S,0.9522062445504378,95,95,True,True,True,True,0
top_ten,svm,occupancy_bin,full,6,unith,6,Nielsen,Nov_3_g0,0.999725274725275,1.0,1.0,0.9810606060606061,20,20,20,4,8,0,10,11,5,1,6,1,5S,6S,0.7846476854459704,95,84,True,True,True,True,0
top_ten,svm,occupancy_bin,full,6,unith,6,Nielsen,Nov_3_g0,0.999725274725275,1.0,1.0,0.9810606060606061,20,20,20,4,8,0,11,0,6,1,1,0,6S,1H,0.7746377184086198,84,65,True,True,True,True,0
top_ten,svm,occupancy_bin,full,6,unith,6,Nielsen,Nov_3_g0,0.999725274725275,1.0,1.0,0.9810606060606061,20,20,20,4,8,0,11,1,6,1,2,0,6S,2H,0.8428614413076889,84,82,True,True,True,True,0
top_ten,svm,occupancy_bin,full,6,unith,6,Nielsen,Nov_3_g0,0.999725274725275,1.0,1.0,0.9810606060606061,20,20,20,4,8,0,11,2,6,1,3,0,6S,3H,0.8036094647512761,84,80,True,True,True,True,0
top_ten,svm,occupancy_bin,full,6,unith,6,Nielsen,Nov_3_g0,0.999725274725275,1.0,1.0,0.9810606060606061,20,20,20,4,8,0,11,3,6,1,4,0,6S,4H,0.9253126839960666,84,40,True,True,True,True,0
top_ten,svm,occupancy_bin,full,6,unith,6,Nielsen,Nov_3_g0,0.999725274725275,1.0,1.0,0.9810606060606061,20,,20,4,8,0,11,4,6,1,5,0,6S,5H,,84,0,True,False,True,False,0
top_ten,svm,occupancy_bin,full,6,unith,6,Nielsen,Nov_3_g0,0.999725274725275,1.0,1.0,0.9810606060606061,20,,20,4,8,0,11,5,6,1,6,0,6S,6H,,84,0,True,False,True,False,0
top_ten,svm,occupancy_bin,full,6,unith,6,Nielsen,Nov_3_g0,0.999725274725275,1.0,1.0,0.9810606060606061,20,,20,4,8,0,11,6,6,1,1,1,6S,1S,,84,0,True,False,True,False,0
top_ten,svm,occupancy_bin,full,6,unith,6,Nielsen,Nov_3_g0,0.999725274725275,1.0,1.0,0.9810606060606061,20,2,20,4,8,0,11,7,6,1,2,1,6S,2S,0.6606642055218501,84,4,True,True,True,False,0
top_ten,svm,occupancy_bin,full,6,unith,6,Nielsen,Nov_3_g0,0.999725274725275,1.0,1.0,0.9810606060606061,20,,20,4,8,0,11,8,6,1,3,1,6S,3S,,84,0,True,False,True,False,0
top_ten,svm,occupancy_bin,full,6,unith,6,Nielsen,Nov_3_g0,0.999725274725275,1.0,1.0,0.9810606060606061,20,20,20,4,8,0,11,9,6,1,4,1,6S,4S,0.9640846257592024,84,45,True,True,True,True,0
top_ten,svm,occupancy_bin,full,6,unith,6,Nielsen,Nov_3_g0,0.999725274725275,1.0,1.0,0.9810606060606061,20,20,20,4,8,0,11,10,6,1,5,1,6S,5S,0.7846476854459704,84,95,True,True,True,True,0
top_ten,svm,occupancy_bin,full,6,unith,6,Nielsen,Nov_3_g0,0.999725274725275,1.0,1.0,0.9810606060606061,20,20,20,4,8,0,11,11,6,1,6,1,6S,6S,0.9697454529736959,84,84,True,True,True,True,0
top_ten,svm,occupancy_bin,full,6,unith,6,Nielsen,Nov_4_g0,0.965494505494505,0.9621978021978022,0.9335164835164835,0.6478260869565218,5,5,20,4,8,0,0,0,1,0,1,0,1H,1H,0.8016434895802605,61,61,True,True,True,True,0
top_ten,svm,occupancy_bin,full,6,unith,6,Nielsen,Nov_4_g0,0.965494505494505,0.9621978021978022,0.9335164835164835,0.6478260869565218,5,5,20,4,8,0,0,1,1,0,2,0,1H,2H,0.7646117085004417,61,54,True,True,True,True,0
top_ten,svm,occupancy_bin,full,6,unith,6,Nielsen,Nov_4_g0,0.965494505494505,0.9621978021978022,0.9335164835164835,0.6478260869565218,5,5,20,4,8,0,0,2,1,0,3,0,1H,3H,0.8235409353041598,61,56,True,True,True,True,0
top_ten,svm,occupancy_bin,full,6,unith,6,Nielsen,Nov_4_g0,0.965494505494505,0.9621978021978022,0.9335164835164835,0.6478260869565218,5,5,20,4,8,0,0,3,1,0,4,0,1H,4H,0.7855825169862479,61,24,True,True,True,True,0
top_ten,svm,occupancy_bin,full,6,unith,6,Nielsen,Nov_4_g0,0.965494505494505,0.9621978021978022,0.9335164835164835,0.6478260869565218,5,5,20,4,8,0,0,4,1,0,5,0,1H,5H,0.7212633378965909,61,13,True,True,True,True,0
top_ten,svm,occupancy_bin,full,6,unith,6,Nielsen,Nov_4_g0,0.965494505494505,0.9621978021978022,0.9335164835164835,0.6478260869565218,5,,20,4,8,0,0,5,1,0,6,0,1H,6H,,61,0,True,False,True,False,0
top_ten,svm,occupancy_bin,full,6,unith,6,Nielsen,Nov_4_g0,0.965494505494505,0.9621978021978022,0.9335164835164835,0.6478260869565218,5,,20,4,8,0,0,6,1,0,1,1,1H,1S,,61,0,True,False,True,False,0
top_ten,svm,occupancy_bin,full,6,unith,6,Nielsen,Nov_4_g0,0.965494505494505,0.9621978021978022,0.9335164835164835,0.6478260869565218,5,5,20,4,8,0,0,7,1,0,2,1,1H,2S,0.6818101262888563,61,11,True,True,True,True,0
top_ten,svm,occupancy_bin,full,6,unith,6,Nielsen,Nov_4_g0,0.965494505494505,0.9621978021978022,0.9335164835164835,0.6478260869565218,5,5,20,4,8,0,0,8,1,0,3,1,1H,3S,0.8441721543422537,61,19,True,True,True,True,0
top_ten,svm,occupancy_bin,full,6,unith,6,Nielsen,Nov_4_g0,0.965494505494505,0.9621978021978022,0.9335164835164835,0.6478260869565218,5,5,20,4,8,0,0,9,1,0,4,1,1H,4S,0.739744202389476,61,33,True,True,True,True,0
top_ten,svm,occupancy_bin,full,6,unith,6,Nielsen,Nov_4_g0,0.965494505494505,0.9621978021978022,0.9335164835164835,0.6478260869565218,5,5,20,4,8,0,0,10,1,0,5,1,1H,5S,0.7267780223169441,61,77,True,True,True,True,0
top_ten,svm,occupancy_bin,full,6,unith,6,Nielsen,Nov_4_g0,0.965494505494505,0.9621978021978022,0.9335164835164835,0.6478260869565218,5,5,20,4,8,0,0,11,1,0,6,1,1H,6S,0.6537015280829103,61,65,True,True,True,True,0
top_ten,svm,occupancy_bin,full,6,unith,6,Nielsen,Nov_4_g0,0.965494505494505,0.9621978021978022,0.9335164835164835,0.6478260869565218,5,5,20,4,8,0,1,0,2,0,1,0,2H,1H,0.7646117085004417,54,61,True,True,True,True,0
top_ten,svm,occupancy_bin,full,6,unith,6,Nielsen,Nov_4_g0,0.965494505494505,0.9621978021978022,0.9335164835164835,0.6478260869565218,5,5,20,4,8,0,1,1,2,0,2,0,2H,2H,0.7628201209541671,54,54,True,True,True,True,0
top_ten,svm,occupancy_bin,full,6,unith,6,Nielsen,Nov_4_g0,0.965494505494505,0.9621978021978022,0.9335164835164835,0.6478260869565218,5,5,20,4,8,0,1,2,2,0,3,0,2H,3H,0.791956274384644,54,56,True,True,True,True,0
top_ten,svm,occupancy_bin,full,6,unith,6,Nielsen,Nov_4_g0,0.965494505494505,0.9621978021978022,0.9335164835164835,0.6478260869565218,5,5,20,4,8,0,1,3,2,0,4,0,2H,4H,0.8306960329979851,54,24,True,True,True,True,0
top_ten,svm,occupancy_bin,full,6,unith,6,Nielsen,Nov_4_g0,0.965494505494505,0.9621978021978022,0.9335164835164835,0.6478260869565218,5,5,20,4,8,0,1,4,2,0,5,0,2H,5H,0.7890198231261623,54,13,True,True,True,True,0
top_ten,svm,occupancy_bin,full,6,unith,6,Nielsen,Nov_4_g0,0.965494505494505,0.9621978021978022,0.9335164835164835,0.6478260869565218,5,,20,4,8,0,1,5,2,0,6,0,2H,6H,,54,0,True,False,True,False,0
top_ten,svm,occupancy_bin,full,6,unith,6,Nielsen,Nov_4_g0,0.965494505494505,0.9621978021978022,0.9335164835164835,0.6478260869565218,5,,20,4,8,0,1,6,2,0,1,1,2H,1S,,54,0,True,False,True,False,0
top_ten,svm,occupancy_bin,full,6,unith,6,Nielsen,Nov_4_g0,0.965494505494505,0.9621978021978022,0.9335164835164835,0.6478260869565218,5,5,20,4,8,0,1,7,2,0,2,1,2H,2S,0.7765336087570557,54,11,True,True,True,True,0
top_ten,svm,occupancy_bin,full,6,unith,6,Nielsen,Nov_4_g0,0.965494505494505,0.9621978021978022,0.9335164835164835,0.6478260869565218,5,5,20,4,8,0,1,8,2,0,3,1,2H,3S,0.7908852947166916,54,19,True,True,True,True,0
top_ten,svm,occupancy_bin,full,6,unith,6,Nielsen,Nov_4_g0,0.965494505494505,0.9621978021978022,0.9335164835164835,0.6478260869565218,5,5,20,4,8,0,1,9,2,0,4,1,2H,4S,0.7671661635764933,54,33,True,True,True,True,0
top_ten,svm,occupancy_bin,full,6,unith,6,Nielsen,Nov_4_g0,0.965494505494505,0.9621978021978022,0.9335164835164835,0.6478260869565218,5,5,20,4,8,0,1,10,2,0,5,1,2H,5S,0.7760708206707057,54,77,True,True,True,True,0
top_ten,svm,occupancy_bin,full,6,unith,6,Nielsen,Nov_4_g0,0.965494505494505,0.9621978021978022,0.9335164835164835,0.6478260869565218,5,5,20,4,8,0,1,11,2,0,6,1,2H,6S,0.7413397449371523,54,65,True,True,True,True,0
top_ten,svm,occupancy_bin,full,6,unith,6,Nielsen,Nov_4_g0,0.965494505494505,0.9621978021978022,0.9335164835164835,0.6478260869565218,5,5,20,4,8,0,2,0,3,0,1,0,3H,1H,0.8235409353041598,56,61,True,True,True,True,0
top_ten,svm,occupancy_bin,full,6,unith,6,Nielsen,Nov_4_g0,0.965494505494505,0.9621978021978022,0.9335164835164835,0.6478260869565218,5,5,20,4,8,0,2,1,3,0,2,0,3H,2H,0.791956274384644,56,54,True,True,True,True,0
top_ten,svm,occupancy_bin,full,6,unith,6,Nielsen,Nov_4_g0,0.965494505494505,0.9621978021978022,0.9335164835164835,0.6478260869565218,5,5,20,4,8,0,2,2,3,0,3,0,3H,3H,0.8555776318597987,56,56,True,True,True,True,0
top_ten,svm,occupancy_bin,full,6,unith,6,Nielsen,Nov_4_g0,0.965494505494505,0.9621978021978022,0.9335164835164835,0.6478260869565218,5,5,20,4,8,0,2,3,3,0,4,0,3H,4H,0.8339008167686371,56,24,True,True,True,True,0
top_ten,svm,occupancy_bin,full,6,unith,6,Nielsen,Nov_4_g0,0.965494505494505,0.9621978021978022,0.9335164835164835,0.6478260869565218,5,5,20,4,8,0,2,4,3,0,5,0,3H,5H,0.7969220496805833,56,13,True,True,True,True,0
top_ten,svm,occupancy_bin,full,6,unith,6,Nielsen,Nov_4_g0,0.965494505494505,0.9621978021978022,0.9335164835164835,0.6478260869565218,5,,20,4,8,0,2,5,3,0,6,0,3H,6H,,56,0,True,False,True,False,0
top_ten,svm,occupancy_bin,full,6,unith,6,Nielsen,Nov_4_g0,0.965494505494505,0.9621978021978022,0.9335164835164835,0.6478260869565218,5,,20,4,8,0,2,6,3,0,1,1,3H,1S,,56,0,True,False,True,False,0
top_ten,svm,occupancy_bin,full,6,unith,6,Nielsen,Nov_4_g0,0.965494505494505,0.9621978021978022,0.9335164835164835,0.6478260869565218,5,5,20,4,8,0,2,7,3,0,2,1,3H,2S,0.7333684495068782,56,11,True,True,True,True,0
top_ten,svm,occupancy_bin,full,6,unith,6,Nielsen,Nov_4_g0,0.965494505494505,0.9621978021978022,0.9335164835164835,0.6478260869565218,5,5,20,4,8,0,2,8,3,0,3,1,3H,3S,0.8612037395441305,56,19,True,True,True,True,0
top_ten,svm,occupancy_bin,full,6,unith,6,Nielsen,Nov_4_g0,0.965494505494505,0.9621978021978022,0.9335164835164835,0.6478260869565218,5,5,20,4,8,0,2,9,3,0,4,1,3H,4S,0.7788718747548179,56,33,True,True,True,True,0
top_ten,svm,occupancy_bin,full,6,unith,6,Nielsen,Nov_4_g0,0.965494505494505,0.9621978021978022,0.9335164835164835,0.6478260869565218,5,5,20,4,8,0,2,10,3,0,5,1,3H,5S,0.7874737680092655,56,77,True,True,True,True,0
top_ten,svm,occupancy_bin,full,6,unith,6,Nielsen,Nov_4_g0,0.965494505494505,0.9621978021978022,0.9335164835164835,0.6478260869565218,5,5,20,4,8,0,2,11,3,0,6,1,3H,6S,0.6549312023475902,56,65,True,True,True,True,0
top_ten,svm,occupancy_bin,full,6,unith,6,Nielsen,Nov_4_g0,0.965494505494505,0.9621978021978022,0.9335164835164835,0.6478260869565218,5,5,20,4,8,0,3,0,4,0,1,0,4H,1H,0.7855825169862479,24,61,True,True,True,True,0
top_ten,svm,occupancy_bin,full,6,unith,6,Nielsen,Nov_4_g0,0.965494505494505,0.9621978021978022,0.9335164835164835,0.6478260869565218,5,5,20,4,8,0,3,1,4,0,2,0,4H,2H,0.8306960329979851,24,54,True,True,True,True,0
top_ten,svm,occupancy_bin,full,6,unith,6,Nielsen,Nov_4_g0,0.965494505494505,0.9621978021978022,0.9335164835164835,0.6478260869565218,5,5,20,4,8,0,3,2,4,0,3,0,4H,3H,0.8339008167686371,24,56,True,True,True,True,0
top_ten,svm,occupancy_bin,full,6,unith,6,Nielsen,Nov_4_g0,0.965494505494505,0.9621978021978022,0.9335164835164835,0.6478260869565218,5,5,20,4,8,0,3,3,4,0,4,0,4H,4H,0.7767934299126256,24,24,True,True,True,True,0
top_ten,svm,occupancy_bin,full,6,unith,6,Nielsen,Nov_4_g0,0.965494505494505,0.9621978021978022,0.9335164835164835,0.6478260869565218,5,5,20,4,8,0,3,4,4,0,5,0,4H,5H,0.8280801922914509,24,13,True,True,True,True,0
top_ten,svm,occupancy_bin,full,6,unith,6,Nielsen,Nov_4_g0,0.965494505494505,0.9621978021978022,0.9335164835164835,0.6478260869565218,5,,20,4,8,0,3,5,4,0,6,0,4H,6H,,24,0,True,False,True,False,0
top_ten,svm,occupancy_bin,full,6,unith,6,Nielsen,Nov_4_g0,0.965494505494505,0.9621978021978022,0.9335164835164835,0.6478260869565218,5,,20,4,8,0,3,6,4,0,1,1,4H,1S,,24,0,True,False,True,False,0
top_ten,svm,occupancy_bin,full,6,unith,6,Nielsen,Nov_4_g0,0.965494505494505,0.9621978021978022,0.9335164835164835,0.6478260869565218,5,5,20,4,8,0,3,7,4,0,2,1,4H,2S,0.7805830062340874,24,11,True,True,True,True,0
top_ten,svm,occupancy_bin,full,6,unith,6,Nielsen,Nov_4_g0,0.965494505494505,0.9621978021978022,0.9335164835164835,0.6478260869565218,5,5,20,4,8,0,3,8,4,0,3,1,4H,3S,0.814580782768512,24,19,True,True,True,True,0
top_ten,svm,occupancy_bin,full,6,unith,6,Nielsen,Nov_4_g0,0.965494505494505,0.9621978021978022,0.9335164835164835,0.6478260869565218,5,5,20,4,8,0,3,9,4,0,4,1,4H,4S,0.8015241965753084,24,33,True,True,True,True,0
top_ten,svm,occupancy_bin,full,6,unith,6,Nielsen,Nov_4_g0,0.965494505494505,0.9621978021978022,0.9335164835164835,0.6478260869565218,5,5,20,4,8,0,3,10,4,0,5,1,4H,5S,0.7956629468617061,24,77,True,True,True,True,0
top_ten,svm,occupancy_bin,full,6,unith,6,Nielsen,Nov_4_g0,0.965494505494505,0.9621978021978022,0.9335164835164835,0.6478260869565218,5,5,20,4,8,0,3,11,4,0,6,1,4H,6S,0.7583556283121715,24,65,True,True,True,True,0
top_ten,svm,occupancy_bin,full,6,unith,6,Nielsen,Nov_4_g0,0.965494505494505,0.9621978021978022,0.9335164835164835,0.6478260869565218,5,5,20,4,8,0,4,0,5,0,1,0,5H,1H,0.7212633378965909,13,61,True,True,True,True,0
top_ten,svm,occupancy_bin,full,6,unith,6,Nielsen,Nov_4_g0,0.965494505494505,0.9621978021978022,0.9335164835164835,0.6478260869565218,5,5,20,4,8,0,4,1,5,0,2,0,5H,2H,0.7890198231261623,13,54,True,True,True,True,0
top_ten,svm,occupancy_bin,full,6,unith,6,Nielsen,Nov_4_g0,0.965494505494505,0.9621978021978022,0.9335164835164835,0.6478260869565218,5,5,20,4,8,0,4,2,5,0,3,0,5H,3H,0.7969220496805833,13,56,True,True,True,True,0
top_ten,svm,occupancy_bin,full,6,unith,6,Nielsen,Nov_4_g0,0.965494505494505,0.9621978021978022,0.9335164835164835,0.6478260869565218,5,5,20,4,8,0,4,3,5,0,4,0,5H,4H,0.8280801922914509,13,24,True,True,True,True,0
top_ten,svm,occupancy_bin,full,6,unith,6,Nielsen,Nov_4_g0,0.965494505494505,0.9621978021978022,0.9335164835164835,0.6478260869565218,5,5,20,4,8,0,4,4,5,0,5,0,5H,5H,0.9073853263582417,13,13,True,True,True,True,0
top_ten,svm,occupancy_bin,full,6,unith,6,Nielsen,Nov_4_g0,0.965494505494505,0.9621978021978022,0.9335164835164835,0.6478260869565218,5,,20,4,8,0,4,5,5,0,6,0,5H,6H,,13,0,True,False,True,False,0
top_ten,svm,occupancy_bin,full,6,unith,6,Nielsen,Nov_4_g0,0.965494505494505,0.9621978021978022,0.9335164835164835,0.6478260869565218,5,,20,4,8,0,4,6,5,0,1,1,5H,1S,,13,0,True,False,True,False,0
top_ten,svm,occupancy_bin,full,6,unith,6,Nielsen,Nov_4_g0,0.965494505494505,0.9621978021978022,0.9335164835164835,0.6478260869565218,5,5,20,4,8,0,4,7,5,0,2,1,5H,2S,0.8714746232418747,13,11,True,True,True,True,0
top_ten,svm,occupancy_bin,full,6,unith,6,Nielsen,Nov_4_g0,0.965494505494505,0.9621978021978022,0.9335164835164835,0.6478260869565218,5,5,20,4,8,0,4,8,5,0,3,1,5H,3S,0.8195829405999329,13,19,True,True,True,True,0
top_ten,svm,occupancy_bin,full,6,unith,6,Nielsen,Nov_4_g0,0.965494505494505,0.9621978021978022,0.9335164835164835,0.6478260869565218,5,5,20,4,8,0,4,9,5,0,4,1,5H,4S,0.8569262608625511,13,33,True,True,True,True,0
top_ten,svm,occupancy_bin,full,6,unith,6,Nielsen,Nov_4_g0,0.965494505494505,0.9621978021978022,0.9335164835164835,0.6478260869565218,5,5,20,4,8,0,4,10,5,0,5,1,5H,5S,0.8460840733492085,13,77,True,True,True,True,0
top_ten,svm,occupancy_bin,full,6,unith,6,Nielsen,Nov_4_g0,0.965494505494505,0.9621978021978022,0.9335164835164835,0.6478260869565218,5,5,20,4,8,0,4,11,5,0,6,1,5H,6S,0.7959282064022661,13,65,True,True,True,True,0
top_ten,svm,occupancy_bin,full,6,unith,6,Nielsen,Nov_4_g0,0.965494505494505,0.9621978021978022,0.9335164835164835,0.6478260869565218,,5,20,4,8,0,5,0,6,0,1,0,6H,1H,,0,61,False,True,False,True,0
top_ten,svm,occupancy_bin,full,6,unith,6,Nielsen,Nov_4_g0,0.965494505494505,0.9621978021978022,0.9335164835164835,0.6478260869565218,,5,20,4,8,0,5,1,6,0,2,0,6H,2H,,0,54,False,True,False,True,0
top_ten,svm,occupancy_bin,full,6,unith,6,Nielsen,Nov_4_g0,0.965494505494505,0.9621978021978022,0.9335164835164835,0.6478260869565218,,5,20,4,8,0,5,2,6,0,3,0,6H,3H,,0,56,False,True,False,True,0
top_ten,svm,occupancy_bin,full,6,unith,6,Nielsen,Nov_4_g0,0.965494505494505,0.9621978021978022,0.9335164835164835,0.6478260869565218,,5,20,4,8,0,5,3,6,0,4,0,6H,4H,,0,24,False,True,False,True,0
top_ten,svm,occupancy_bin,full,6,unith,6,Nielsen,Nov_4_g0,0.965494505494505,0.9621978021978022,0.9335164835164835,0.6478260869565218,,5,20,4,8,0,5,4,6,0,5,0,6H,5H,,0,13,False,True,False,True,0
top_ten,svm,occupancy_bin,full,6,unith,6,Nielsen,Nov_4_g0,0.965494505494505,0.9621978021978022,0.9335164835164835,0.6478260869565218,,,20,4,8,0,5,5,6,0,6,0,6H,6H,,0,0,False,False,False,False,0
top_ten,svm,occupancy_bin,full,6,unith,6,Nielsen,Nov_4_g0,0.965494505494505,0.9621978021978022,0.9335164835164835,0.6478260869565218,,,20,4,8,0,5,6,6,0,1,1,6H,1S,,0,0,False,False,False,False,0
top_ten,svm,occupancy_bin,full,6,unith,6,Nielsen,Nov_4_g0,0.965494505494505,0.9621978021978022,0.9335164835164835,0.6478260869565218,,5,20,4,8,0,5,7,6,0,2,1,6H,2S,,0,11,False,True,False,True,0
top_ten,svm,occupancy_bin,full,6,unith,6,Nielsen,Nov_4_g0,0.965494505494505,0.9621978021978022,0.9335164835164835,0.6478260869565218,,5,20,4,8,0,5,8,6,0,3,1,6H,3S,,0,19,False,True,False,True,0
top_ten,svm,occupancy_bin,full,6,unith,6,Nielsen,Nov_4_g0,0.965494505494505,0.9621978021978022,0.9335164835164835,0.6478260869565218,,5,20,4,8,0,5,9,6,0,4,1,6H,4S,,0,33,False,True,False,True,0
top_ten,svm,occupancy_bin,full,6,unith,6,Nielsen,Nov_4_g0,0.965494505494505,0.9621978021978022,0.9335164835164835,0.6478260869565218,,5,20,4,8,0,5,10,6,0,5,1,6H,5S,,0,77,False,True,False,True,0
top_ten,svm,occupancy_bin,full,6,unith,6,Nielsen,Nov_4_g0,0.965494505494505,0.9621978021978022,0.9335164835164835,0.6478260869565218,,5,20,4,8,0,5,11,6,0,6,1,6H,6S,,0,65,False,True,False,True,0
top_ten,svm,occupancy_bin,full,6,unith,6,Nielsen,Nov_4_g0,0.965494505494505,0.9621978021978022,0.9335164835164835,0.6478260869565218,,5,20,4,8,0,6,0,1,1,1,0,1S,1H,,0,61,False,True,False,True,0
top_ten,svm,occupancy_bin,full,6,unith,6,Nielsen,Nov_4_g0,0.965494505494505,0.9621978021978022,0.9335164835164835,0.6478260869565218,,5,20,4,8,0,6,1,1,1,2,0,1S,2H,,0,54,False,True,False,True,0
top_ten,svm,occupancy_bin,full,6,unith,6,Nielsen,Nov_4_g0,0.965494505494505,0.9621978021978022,0.9335164835164835,0.6478260869565218,,5,20,4,8,0,6,2,1,1,3,0,1S,3H,,0,56,False,True,False,True,0
top_ten,svm,occupancy_bin,full,6,unith,6,Nielsen,Nov_4_g0,0.965494505494505,0.9621978021978022,0.9335164835164835,0.6478260869565218,,5,20,4,8,0,6,3,1,1,4,0,1S,4H,,0,24,False,True,False,True,0
top_ten,svm,occupancy_bin,full,6,unith,6,Nielsen,Nov_4_g0,0.965494505494505,0.9621978021978022,0.9335164835164835,0.6478260869565218,,5,20,4,8,0,6,4,1,1,5,0,1S,5H,,0,13,False,True,False,True,0
top_ten,svm,occupancy_bin,full,6,unith,6,Nielsen,Nov_4_g0,0.965494505494505,0.9621978021978022,0.9335164835164835,0.6478260869565218,,,20,4,8,0,6,5,1,1,6,0,1S,6H,,0,0,False,False,False,False,0
top_ten,svm,occupancy_bin,full,6,unith,6,Nielsen,Nov_4_g0,0.965494505494505,0.9621978021978022,0.9335164835164835,0.6478260869565218,,,20,4,8,0,6,6,1,1,1,1,1S,1S,,0,0,False,False,False,False,0
top_ten,svm,occupancy_bin,full,6,unith,6,Nielsen,Nov_4_g0,0.965494505494505,0.9621978021978022,0.9335164835164835,0.6478260869565218,,5,20,4,8,0,6,7,1,1,2,1,1S,2S,,0,11,False,True,False,True,0
top_ten,svm,occupancy_bin,full,6,unith,6,Nielsen,Nov_4_g0,0.965494505494505,0.9621978021978022,0.9335164835164835,0.6478260869565218,,5,20,4,8,0,6,8,1,1,3,1,1S,3S,,0,19,False,True,False,True,0
top_ten,svm,occupancy_bin,full,6,unith,6,Nielsen,Nov_4_g0,0.965494505494505,0.9621978021978022,0.9335164835164835,0.6478260869565218,,5,20,4,8,0,6,9,1,1,4,1,1S,4S,,0,33,False,True,False,True,0
top_ten,svm,occupancy_bin,full,6,unith,6,Nielsen,Nov_4_g0,0.965494505494505,0.9621978021978022,0.9335164835164835,0.6478260869565218,,5,20,4,8,0,6,10,1,1,5,1,1S,5S,,0,77,False,True,False,True,0
top_ten,svm,occupancy_bin,full,6,unith,6,Nielsen,Nov_4_g0,0.965494505494505,0.9621978021978022,0.9335164835164835,0.6478260869565218,,5,20,4,8,0,6,11,1,1,6,1,1S,6S,,0,65,False,True,False,True,0
top_ten,svm,occupancy_bin,full,6,unith,6,Nielsen,Nov_4_g0,0.965494505494505,0.9621978021978022,0.9335164835164835,0.6478260869565218,5,5,20,4,8,0,7,0,2,1,1,0,2S,1H,0.6818101262888563,11,61,True,True,True,True,0
top_ten,svm,occupancy_bin,full,6,unith,6,Nielsen,Nov_4_g0,0.965494505494505,0.9621978021978022,0.9335164835164835,0.6478260869565218,5,5,20,4,8,0,7,1,2,1,2,0,2S,2H,0.7765336087570557,11,54,True,True,True,True,0
top_ten,svm,occupancy_bin,full,6,unith,6,Nielsen,Nov_4_g0,0.965494505494505,0.9621978021978022,0.9335164835164835,0.6478260869565218,5,5,20,4,8,0,7,2,2,1,3,0,2S,3H,0.7333684495068782,11,56,True,True,True,True,0
top_ten,svm,occupancy_bin,full,6,unith,6,Nielsen,Nov_4_g0,0.965494505494505,0.9621978021978022,0.9335164835164835,0.6478260869565218,5,5,20,4,8,0,7,3,2,1,4,0,2S,4H,0.7805830062340874,11,24,True,True,True,True,0
top_ten,svm,occupancy_bin,full,6,unith,6,Nielsen,Nov_4_g0,0.965494505494505,0.9621978021978022,0.9335164835164835,0.6478260869565218,5,5,20,4,8,0,7,4,2,1,5,0,2S,5H,0.8714746232418747,11,13,True,True,True,True,0
top_ten,svm,occupancy_bin,full,6,unith,6,Nielsen,Nov_4_g0,0.965494505494505,0.9621978021978022,0.9335164835164835,0.6478260869565218,5,,20,4,8,0,7,5,2,1,6,0,2S,6H,,11,0,True,False,True,False,0
top_ten,svm,occupancy_bin,full,6,unith,6,Nielsen,Nov_4_g0,0.965494505494505,0.9621978021978022,0.9335164835164835,0.6478260869565218,5,,20,4,8,0,7,6,2,1,1,1,2S,1S,,11,0,True,False,True,False,0
top_ten,svm,occupancy_bin,full,6,unith,6,Nielsen,Nov_4_g0,0.965494505494505,0.9621978021978022,0.9335164835164835,0.6478260869565218,5,5,20,4,8,0,7,7,2,1,2,1,2S,2S,0.8085382433406864,11,11,True,True,True,True,0
top_ten,svm,occupancy_bin,full,6,unith,6,Nielsen,Nov_4_g0,0.965494505494505,0.9621978021978022,0.9335164835164835,0.6478260869565218,5,5,20,4,8,0,7,8,2,1,3,1,2S,3S,0.7195476346271391,11,19,True,True,True,True,0
top_ten,svm,occupancy_bin,full,6,unith,6,Nielsen,Nov_4_g0,0.965494505494505,0.9621978021978022,0.9335164835164835,0.6478260869565218,5,5,20,4,8,0,7,9,2,1,4,1,2S,4S,0.8302670201717286,11,33,True,True,True,True,0
top_ten,svm,occupancy_bin,full,6,unith,6,Nielsen,Nov_4_g0,0.965494505494505,0.9621978021978022,0.9335164835164835,0.6478260869565218,5,5,20,4,8,0,7,10,2,1,5,1,2S,5S,0.7535319002407733,11,77,True,True,True,True,0
top_ten,svm,occupancy_bin,full,6,unith,6,Nielsen,Nov_4_g0,0.965494505494505,0.9621978021978022,0.9335164835164835,0.6478260869565218,5,5,20,4,8,0,7,11,2,1,6,1,2S,6S,0.8295505596258869,11,65,True,True,True,True,0
top_ten,svm,occupancy_bin,full,6,unith,6,Nielsen,Nov_4_g0,0.965494505494505,0.9621978021978022,0.9335164835164835,0.6478260869565218,5,5,20,4,8,0,8,0,3,1,1,0,3S,1H,0.8441721543422537,19,61,True,True,True,True,0
top_ten,svm,occupancy_bin,full,6,unith,6,Nielsen,Nov_4_g0,0.965494505494505,0.9621978021978022,0.9335164835164835,0.6478260869565218,5,5,20,4,8,0,8,1,3,1,2,0,3S,2H,0.7908852947166916,19,54,True,True,True,True,0
top_ten,svm,occupancy_bin,full,6,unith,6,Nielsen,Nov_4_g0,0.965494505494505,0.9621978021978022,0.9335164835164835,0.6478260869565218,5,5,20,4,8,0,8,2,3,1,3,0,3S,3H,0.8612037395441305,19,56,True,True,True,True,0
top_ten,svm,occupancy_bin,full,6,unith,6,Nielsen,Nov_4_g0,0.965494505494505,0.9621978021978022,0.9335164835164835,0.6478260869565218,5,5,20,4,8,0,8,3,3,1,4,0,3S,4H,0.814580782768512,19,24,True,True,True,True,0
top_ten,svm,occupancy_bin,full,6,unith,6,Nielsen,Nov_4_g0,0.965494505494505,0.9621978021978022,0.9335164835164835,0.6478260869565218,5,5,20,4,8,0,8,4,3,1,5,0,3S,5H,0.8195829405999329,19,13,True,True,True,True,0
top_ten,svm,occupancy_bin,full,6,unith,6,Nielsen,Nov_4_g0,0.965494505494505,0.9621978021978022,0.9335164835164835,0.6478260869565218,5,,20,4,8,0,8,5,3,1,6,0,3S,6H,,19,0,True,False,True,False,0
top_ten,svm,occupancy_bin,full,6,unith,6,Nielsen,Nov_4_g0,0.965494505494505,0.9621978021978022,0.9335164835164835,0.6478260869565218,5,,20,4,8,0,8,6,3,1,1,1,3S,1S,,19,0,True,False,True,False,0
top_ten,svm,occupancy_bin,full,6,unith,6,Nielsen,Nov_4_g0,0.965494505494505,0.9621978021978022,0.9335164835164835,0.6478260869565218,5,5,20,4,8,0,8,7,3,1,2,1,3S,2S,0.7195476346271391,19,11,True,True,True,True,0
top_ten,svm,occupancy_bin,full,6,unith,6,Nielsen,Nov_4_g0,0.965494505494505,0.9621978021978022,0.9335164835164835,0.6478260869565218,5,5,20,4,8,0,8,8,3,1,3,1,3S,3S,0.843828558462822,19,19,True,True,True,True,0
top_ten,svm,occupancy_bin,full,6,unith,6,Nielsen,Nov_4_g0,0.965494505494505,0.9621978021978022,0.9335164835164835,0.6478260869565218,5,5,20,4,8,0,8,9,3,1,4,1,3S,4S,0.7686872422111327,19,33,True,True,True,True,0
top_ten,svm,occupancy_bin,full,6,unith,6,Nielsen,Nov_4_g0,0.965494505494505,0.9621978021978022,0.9335164835164835,0.6478260869565218,5,5,20,4,8,0,8,10,3,1,5,1,3S,5S,0.8039215857725474,19,77,True,True,True,True,0
top_ten,svm,occupancy_bin,full,6,unith,6,Nielsen,Nov_4_g0,0.965494505494505,0.9621978021978022,0.9335164835164835,0.6478260869565218,5,5,20,4,8,0,8,11,3,1,6,1,3S,6S,0.6258774910841235,19,65,True,True,True,True,0
top_ten,svm,occupancy_bin,full,6,unith,6,Nielsen,Nov_4_g0,0.965494505494505,0.9621978021978022,0.9335164835164835,0.6478260869565218,5,5,20,4,8,0,9,0,4,1,1,0,4S,1H,0.739744202389476,33,61,True,True,True,True,0
top_ten,svm,occupancy_bin,full,6,unith,6,Nielsen,Nov_4_g0,0.965494505494505,0.9621978021978022,0.9335164835164835,0.6478260869565218,5,5,20,4,8,0,9,1,4,1,2,0,4S,2H,0.7671661635764933,33,54,True,True,True,True,0
top_ten,svm,occupancy_bin,full,6,unith,6,Nielsen,Nov_4_g0,0.965494505494505,0.9621978021978022,0.9335164835164835,0.6478260869565218,5,5,20,4,8,0,9,2,4,1,3,0,4S,3H,0.7788718747548179,33,56,True,True,True,True,0
top_ten,svm,occupancy_bin,full,6,unith,6,Nielsen,Nov_4_g0,0.965494505494505,0.9621978021978022,0.9335164835164835,0.6478260869565218,5,5,20,4,8,0,9,3,4,1,4,0,4S,4H,0.8015241965753084,33,24,True,True,True,True,0
top_ten,svm,occupancy_bin,full,6,unith,6,Nielsen,Nov_4_g0,0.965494505494505,0.9621978021978022,0.9335164835164835,0.6478260869565218,5,5,20,4,8,0,9,4,4,1,5,0,4S,5H,0.8569262608625511,33,13,True,True,True,True,0
top_ten,svm,occupancy_bin,full,6,unith,6,Nielsen,Nov_4_g0,0.965494505494505,0.9621978021978022,0.9335164835164835,0.6478260869565218,5,,20,4,8,0,9,5,4,1,6,0,4S,6H,,33,0,True,False,True,False,0
top_ten,svm,occupancy_bin,full,6,unith,6,Nielsen,Nov_4_g0,0.965494505494505,0.9621978021978022,0.9335164835164835,0.6478260869565218,5,,20,4,8,0,9,6,4,1,1,1,4S,1S,,33,0,True,False,True,False,0
top_ten,svm,occupancy_bin,full,6,unith,6,Nielsen,Nov_4_g0,0.965494505494505,0.9621978021978022,0.9335164835164835,0.6478260869565218,5,5,20,4,8,0,9,7,4,1,2,1,4S,2S,0.8302670201717286,33,11,True,True,True,True,0
top_ten,svm,occupancy_bin,full,6,unith,6,Nielsen,Nov_4_g0,0.965494505494505,0.9621978021978022,0.9335164835164835,0.6478260869565218,5,5,20,4,8,0,9,8,4,1,3,1,4S,3S,0.7686872422111327,33,19,True,True,True,True,0
top_ten,svm,occupancy_bin,full,6,unith,6,Nielsen,Nov_4_g0,0.965494505494505,0.9621978021978022,0.9335164835164835,0.6478260869565218,5,5,20,4,8,0,9,9,4,1,4,1,4S,4S,0.8293956920149418,33,33,True,True,True,True,0
top_ten,svm,occupancy_bin,full,6,unith,6,Nielsen,Nov_4_g0,0.965494505494505,0.9621978021978022,0.9335164835164835,0.6478260869565218,5,5,20,4,8,0,9,10,4,1,5,1,4S,5S,0.8053302451527461,33,77,True,True,True,True,0
top_ten,svm,occupancy_bin,full,6,unith,6,Nielsen,Nov_4_g0,0.965494505494505,0.9621978021978022,0.9335164835164835,0.6478260869565218,5,5,20,4,8,0,9,11,4,1,6,1,4S,6S,0.8083842490300597,33,65,True,True,True,True,0
top_ten,svm,occupancy_bin,full,6,unith,6,Nielsen,Nov_4_g0,0.965494505494505,0.9621978021978022,0.9335164835164835,0.6478260869565218,5,5,20,4,8,0,10,0,5,1,1,0,5S,1H,0.7267780223169441,77,61,True,True,True,True,0
top_ten,svm,occupancy_bin,full,6,unith,6,Nielsen,Nov_4_g0,0.965494505494505,0.9621978021978022,0.9335164835164835,0.6478260869565218,5,5,20,4,8,0,10,1,5,1,2,0,5S,2H,0.7760708206707057,77,54,True,True,True,True,0
top_ten,svm,occupancy_bin,full,6,unith,6,Nielsen,Nov_4_g0,0.965494505494505,0.9621978021978022,0.9335164835164835,0.6478260869565218,5,5,20,4,8,0,10,2,5,1,3,0,5S,3H,0.7874737680092655,77,56,True,True,True,True,0
top_ten,svm,occupancy_bin,full,6,unith,6,Nielsen,Nov_4_g0,0.965494505494505,0.9621978021978022,0.9335164835164835,0.6478260869565218,5,5,20,4,8,0,10,3,5,1,4,0,5S,4H,0.7956629468617061,77,24,True,True,True,True,0
top_ten,svm,occupancy_bin,full,6,unith,6,Nielsen,Nov_4_g0,0.965494505494505,0.9621978021978022,0.9335164835164835,0.6478260869565218,5,5,20,4,8,0,10,4,5,1,5,0,5S,5H,0.8460840733492085,77,13,True,True,True,True,0
top_ten,svm,occupancy_bin,full,6,unith,6,Nielsen,Nov_4_g0,0.965494505494505,0.9621978021978022,0.9335164835164835,0.6478260869565218,5,,20,4,8,0,10,5,5,1,6,0,5S,6H,,77,0,True,False,True,False,0
top_ten,svm,occupancy_bin,full,6,unith,6,Nielsen,Nov_4_g0,0.965494505494505,0.9621978021978022,0.9335164835164835,0.6478260869565218,5,,20,4,8,0,10,6,5,1,1,1,5S,1S,,77,0,True,False,True,False,0
top_ten,svm,occupancy_bin,full,6,unith,6,Nielsen,Nov_4_g0,0.965494505494505,0.9621978021978022,0.9335164835164835,0.6478260869565218,5,5,20,4,8,0,10,7,5,1,2,1,5S,2S,0.7535319002407733,77,11,True,True,True,True,0
top_ten,svm,occupancy_bin,full,6,unith,6,Nielsen,Nov_4_g0,0.965494505494505,0.9621978021978022,0.9335164835164835,0.6478260869565218,5,5,20,4,8,0,10,8,5,1,3,1,5S,3S,0.8039215857725474,77,19,True,True,True,True,0
top_ten,svm,occupancy_bin,full,6,unith,6,Nielsen,Nov_4_g0,0.965494505494505,0.9621978021978022,0.9335164835164835,0.6478260869565218,5,5,20,4,8,0,10,9,5,1,4,1,5S,4S,0.8053302451527461,77,33,True,True,True,True,0
top_ten,svm,occupancy_bin,full,6,unith,6,Nielsen,Nov_4_g0,0.965494505494505,0.9621978021978022,0.9335164835164835,0.6478260869565218,5,5,20,4,8,0,10,10,5,1,5,1,5S,5S,0.7852284978551771,77,77,True,True,True,True,0
top_ten,svm,occupancy_bin,full,6,unith,6,Nielsen,Nov_4_g0,0.965494505494505,0.9621978021978022,0.9335164835164835,0.6478260869565218,5,5,20,4,8,0,10,11,5,1,6,1,5S,6S,0.7264365945036266,77,65,True,True,True,True,0
top_ten,svm,occupancy_bin,full,6,unith,6,Nielsen,Nov_4_g0,0.965494505494505,0.9621978021978022,0.9335164835164835,0.6478260869565218,5,5,20,4,8,0,11,0,6,1,1,0,6S,1H,0.6537015280829103,65,61,True,True,True,True,0
top_ten,svm,occupancy_bin,full,6,unith,6,Nielsen,Nov_4_g0,0.965494505494505,0.9621978021978022,0.9335164835164835,0.6478260869565218,5,5,20,4,8,0,11,1,6,1,2,0,6S,2H,0.7413397449371523,65,54,True,True,True,True,0
top_ten,svm,occupancy_bin,full,6,unith,6,Nielsen,Nov_4_g0,0.965494505494505,0.9621978021978022,0.9335164835164835,0.6478260869565218,5,5,20,4,8,0,11,2,6,1,3,0,6S,3H,0.6549312023475902,65,56,True,True,True,True,0
top_ten,svm,occupancy_bin,full,6,unith,6,Nielsen,Nov_4_g0,0.965494505494505,0.9621978021978022,0.9335164835164835,0.6478260869565218,5,5,20,4,8,0,11,3,6,1,4,0,6S,4H,0.7583556283121715,65,24,True,True,True,True,0
top_ten,svm,occupancy_bin,full,6,unith,6,Nielsen,Nov_4_g0,0.965494505494505,0.9621978021978022,0.9335164835164835,0.6478260869565218,5,5,20,4,8,0,11,4,6,1,5,0,6S,5H,0.7959282064022661,65,13,True,True,True,True,0
top_ten,svm,occupancy_bin,full,6,unith,6,Nielsen,Nov_4_g0,0.965494505494505,0.9621978021978022,0.9335164835164835,0.6478260869565218,5,,20,4,8,0,11,5,6,1,6,0,6S,6H,,65,0,True,False,True,False,0
top_ten,svm,occupancy_bin,full,6,unith,6,Nielsen,Nov_4_g0,0.965494505494505,0.9621978021978022,0.9335164835164835,0.6478260869565218,5,,20,4,8,0,11,6,6,1,1,1,6S,1S,,65,0,True,False,True,False,0
top_ten,svm,occupancy_bin,full,6,unith,6,Nielsen,Nov_4_g0,0.965494505494505,0.9621978021978022,0.9335164835164835,0.6478260869565218,5,5,20,4,8,0,11,7,6,1,2,1,6S,2S,0.8295505596258869,65,11,True,True,True,True,0
top_ten,svm,occupancy_bin,full,6,unith,6,Nielsen,Nov_4_g0,0.965494505494505,0.9621978021978022,0.9335164835164835,0.6478260869565218,5,5,20,4,8,0,11,8,6,1,3,1,6S,3S,0.6258774910841235,65,19,True,True,True,True,0
top_ten,svm,occupancy_bin,full,6,unith,6,Nielsen,Nov_4_g0,0.965494505494505,0.9621978021978022,0.9335164835164835,0.6478260869565218,5,5,20,4,8,0,11,9,6,1,4,1,6S,4S,0.8083842490300597,65,33,True,True,True,True,0
top_ten,svm,occupancy_bin,full,6,unith,6,Nielsen,Nov_4_g0,0.965494505494505,0.9621978021978022,0.9335164835164835,0.6478260869565218,5,5,20,4,8,0,11,10,6,1,5,1,6S,5S,0.7264365945036266,65,77,True,True,True,True,0
top_ten,svm,occupancy_bin,full,6,unith,6,Nielsen,Nov_4_g0,0.965494505494505,0.9621978021978022,0.9335164835164835,0.6478260869565218,5,5,20,4,8,0,11,11,6,1,6,1,6S,6S,0.8293985936903729,65,65,True,True,True,True,0
top_ten,svm,occupancy_bin,full,6,unith,6,Nielsen,Nov_6_g0,1.0,1.0,0.9814814814814814,0.9037433155080213,8,8,20,4,8,0,0,0,1,0,1,0,1H,1H,0.8894301932829505,52,52,True,True,True,True,0
top_ten,svm,occupancy_bin,full,6,unith,6,Nielsen,Nov_6_g0,1.0,1.0,0.9814814814814814,0.9037433155080213,8,8,20,4,8,0,0,1,1,0,2,0,1H,2H,0.8666788244682551,52,51,True,True,True,True,0
top_ten,svm,occupancy_bin,full,6,unith,6,Nielsen,Nov_6_g0,1.0,1.0,0.9814814814814814,0.9037433155080213,8,8,20,4,8,0,0,2,1,0,3,0,1H,3H,0.9120030340047137,52,66,True,True,True,True,0
top_ten,svm,occupancy_bin,full,6,unith,6,Nielsen,Nov_6_g0,1.0,1.0,0.9814814814814814,0.9037433155080213,8,8,20,4,8,0,0,3,1,0,4,0,1H,4H,0.8751426094351814,52,16,True,True,True,True,0
top_ten,svm,occupancy_bin,full,6,unith,6,Nielsen,Nov_6_g0,1.0,1.0,0.9814814814814814,0.9037433155080213,8,,20,4,8,0,0,4,1,0,5,0,1H,5H,,52,0,True,False,True,False,0
top_ten,svm,occupancy_bin,full,6,unith,6,Nielsen,Nov_6_g0,1.0,1.0,0.9814814814814814,0.9037433155080213,8,,20,4,8,0,0,5,1,0,6,0,1H,6H,,52,0,True,False,True,False,0
top_ten,svm,occupancy_bin,full,6,unith,6,Nielsen,Nov_6_g0,1.0,1.0,0.9814814814814814,0.9037433155080213,8,,20,4,8,0,0,6,1,0,1,1,1H,1S,,52,0,True,False,True,False,0
top_ten,svm,occupancy_bin,full,6,unith,6,Nielsen,Nov_6_g0,1.0,1.0,0.9814814814814814,0.9037433155080213,8,2,20,4,8,0,0,7,1,0,2,1,1H,2S,0.45768554545627327,52,5,True,True,True,False,0
top_ten,svm,occupancy_bin,full,6,unith,6,Nielsen,Nov_6_g0,1.0,1.0,0.9814814814814814,0.9037433155080213,8,,20,4,8,0,0,8,1,0,3,1,1H,3S,,52,0,True,False,True,False,0
top_ten,svm,occupancy_bin,full,6,unith,6,Nielsen,Nov_6_g0,1.0,1.0,0.9814814814814814,0.9037433155080213,8,8,20,4,8,0,0,9,1,0,4,1,1H,4S,0.8867169654814993,52,36,True,True,True,True,0
top_ten,svm,occupancy_bin,full,6,unith,6,Nielsen,Nov_6_g0,1.0,1.0,0.9814814814814814,0.9037433155080213,8,8,20,4,8,0,0,10,1,0,5,1,1H,5S,0.8925587569127676,52,62,True,True,True,True,0
top_ten,svm,occupancy_bin,full,6,unith,6,Nielsen,Nov_6_g0,1.0,1.0,0.9814814814814814,0.9037433155080213,8,8,20,4,8,0,0,11,1,0,6,1,1H,6S,0.7312931903609083,52,79,True,True,True,True,0
top_ten,svm,occupancy_bin,full,6,unith,6,Nielsen,Nov_6_g0,1.0,1.0,0.9814814814814814,0.9037433155080213,8,8,20,4,8,0,1,0,2,0,1,0,2H,1H,0.8666788244682551,51,52,True,True,True,True,0
top_ten,svm,occupancy_bin,full,6,unith,6,Nielsen,Nov_6_g0,1.0,1.0,0.9814814814814814,0.9037433155080213,8,8,20,4,8,0,1,1,2,0,2,0,2H,2H,0.8769706632949562,51,51,True,True,True,True,0
top_ten,svm,occupancy_bin,full,6,unith,6,Nielsen,Nov_6_g0,1.0,1.0,0.9814814814814814,0.9037433155080213,8,8,20,4,8,0,1,2,2,0,3,0,2H,3H,0.882358267574471,51,66,True,True,True,True,0
top_ten,svm,occupancy_bin,full,6,unith,6,Nielsen,Nov_6_g0,1.0,1.0,0.9814814814814814,0.9037433155080213,8,8,20,4,8,0,1,3,2,0,4,0,2H,4H,0.8594948833489088,51,16,True,True,True,True,0
top_ten,svm,occupancy_bin,full,6,unith,6,Nielsen,Nov_6_g0,1.0,1.0,0.9814814814814814,0.9037433155080213,8,,20,4,8,0,1,4,2,0,5,0,2H,5H,,51,0,True,False,True,False,0
top_ten,svm,occupancy_bin,full,6,unith,6,Nielsen,Nov_6_g0,1.0,1.0,0.9814814814814814,0.9037433155080213,8,,20,4,8,0,1,5,2,0,6,0,2H,6H,,51,0,True,False,True,False,0
top_ten,svm,occupancy_bin,full,6,unith,6,Nielsen,Nov_6_g0,1.0,1.0,0.9814814814814814,0.9037433155080213,8,,20,4,8,0,1,6,2,0,1,1,2H,1S,,51,0,True,False,True,False,0
top_ten,svm,occupancy_bin,full,6,unith,6,Nielsen,Nov_6_g0,1.0,1.0,0.9814814814814814,0.9037433155080213,8,2,20,4,8,0,1,7,2,0,2,1,2H,2S,0.5846902810848059,51,5,True,True,True,False,0
top_ten,svm,occupancy_bin,full,6,unith,6,Nielsen,Nov_6_g0,1.0,1.0,0.9814814814814814,0.9037433155080213,8,,20,4,8,0,1,8,2,0,3,1,2H,3S,,51,0,True,False,True,False,0
top_ten,svm,occupancy_bin,full,6,unith,6,Nielsen,Nov_6_g0,1.0,1.0,0.9814814814814814,0.9037433155080213,8,8,20,4,8,0,1,9,2,0,4,1,2H,4S,0.8746868534394764,51,36,True,True,True,True,0
top_ten,svm,occupancy_bin,full,6,unith,6,Nielsen,Nov_6_g0,1.0,1.0,0.9814814814814814,0.9037433155080213,8,8,20,4,8,0,1,10,2,0,5,1,2H,5S,0.8493758205646211,51,62,True,True,True,True,0
top_ten,svm,occupancy_bin,full,6,unith,6,Nielsen,Nov_6_g0,1.0,1.0,0.9814814814814814,0.9037433155080213,8,8,20,4,8,0,1,11,2,0,6,1,2H,6S,0.8308188954017564,51,79,True,True,True,True,0
top_ten,svm,occupancy_bin,full,6,unith,6,Nielsen,Nov_6_g0,1.0,1.0,0.9814814814814814,0.9037433155080213,8,8,20,4,8,0,2,0,3,0,1,0,3H,1H,0.9120030340047137,66,52,True,True,True,True,0
top_ten,svm,occupancy_bin,full,6,unith,6,Nielsen,Nov_6_g0,1.0,1.0,0.9814814814814814,0.9037433155080213,8,8,20,4,8,0,2,1,3,0,2,0,3H,2H,0.882358267574471,66,51,True,True,True,True,0
top_ten,svm,occupancy_bin,full,6,unith,6,Nielsen,Nov_6_g0,1.0,1.0,0.9814814814814814,0.9037433155080213,8,8,20,4,8,0,2,2,3,0,3,0,3H,3H,0.8652884449645029,66,66,True,True,True,True,0
top_ten,svm,occupancy_bin,full,6,unith,6,Nielsen,Nov_6_g0,1.0,1.0,0.9814814814814814,0.9037433155080213,8,8,20,4,8,0,2,3,3,0,4,0,3H,4H,0.908137579446089,66,16,True,True,True,True,0
top_ten,svm,occupancy_bin,full,6,unith,6,Nielsen,Nov_6_g0,1.0,1.0,0.9814814814814814,0.9037433155080213,8,,20,4,8,0,2,4,3,0,5,0,3H,5H,,66,0,True,False,True,False,0
top_ten,svm,occupancy_bin,full,6,unith,6,Nielsen,Nov_6_g0,1.0,1.0,0.9814814814814814,0.9037433155080213,8,,20,4,8,0,2,5,3,0,6,0,3H,6H,,66,0,True,False,True,False,0
top_ten,svm,occupancy_bin,full,6,unith,6,Nielsen,Nov_6_g0,1.0,1.0,0.9814814814814814,0.9037433155080213,8,,20,4,8,0,2,6,3,0,1,1,3H,1S,,66,0,True,False,True,False,0
top_ten,svm,occupancy_bin,full,6,unith,6,Nielsen,Nov_6_g0,1.0,1.0,0.9814814814814814,0.9037433155080213,8,2,20,4,8,0,2,7,3,0,2,1,3H,2S,0.5192909106726653,66,5,True,True,True,False,0
top_ten,svm,occupancy_bin,full,6,unith,6,Nielsen,Nov_6_g0,1.0,1.0,0.9814814814814814,0.9037433155080213,8,,20,4,8,0,2,8,3,0,3,1,3H,3S,,66,0,True,False,True,False,0
top_ten,svm,occupancy_bin,full,6,unith,6,Nielsen,Nov_6_g0,1.0,1.0,0.9814814814814814,0.9037433155080213,8,8,20,4,8,0,2,9,3,0,4,1,3H,4S,0.910920572650269,66,36,True,True,True,True,0
top_ten,svm,occupancy_bin,full,6,unith,6,Nielsen,Nov_6_g0,1.0,1.0,0.9814814814814814,0.9037433155080213,8,8,20,4,8,0,2,10,3,0,5,1,3H,5S,0.9025526390924913,66,62,True,True,True,True,0
top_ten,svm,occupancy_bin,full,6,unith,6,Nielsen,Nov_6_g0,1.0,1.0,0.9814814814814814,0.9037433155080213,8,8,20,4,8,0,2,11,3,0,6,1,3H,6S,0.7783781947233579,66,79,True,True,True,True,0
top_ten,svm,occupancy_bin,full,6,unith,6,Nielsen,Nov_6_g0,1.0,1.0,0.9814814814814814,0.9037433155080213,8,8,20,4,8,0,3,0,4,0,1,0,4H,1H,0.8751426094351814,16,52,True,True,True,True,0
top_ten,svm,occupancy_bin,full,6,unith,6,Nielsen,Nov_6_g0,1.0,1.0,0.9814814814814814,0.9037433155080213,8,8,20,4,8,0,3,1,4,0,2,0,4H,2H,0.8594948833489088,16,51,True,True,True,True,0
top_ten,svm,occupancy_bin,full,6,unith,6,Nielsen,Nov_6_g0,1.0,1.0,0.9814814814814814,0.9037433155080213,8,8,20,4,8,0,3,2,4,0,3,0,4H,3H,0.908137579446089,16,66,True,True,True,True,0
top_ten,svm,occupancy_bin,full,6,unith,6,Nielsen,Nov_6_g0,1.0,1.0,0.9814814814814814,0.9037433155080213,8,8,20,4,8,0,3,3,4,0,4,0,4H,4H,0.9107873367045276,16,16,True,True,True,True,0
top_ten,svm,occupancy_bin,full,6,unith,6,Nielsen,Nov_6_g0,1.0,1.0,0.9814814814814814,0.9037433155080213,8,,20,4,8,0,3,4,4,0,5,0,4H,5H,,16,0,True,False,True,False,0
top_ten,svm,occupancy_bin,full,6,unith,6,Nielsen,Nov_6_g0,1.0,1.0,0.9814814814814814,0.9037433155080213,8,,20,4,8,0,3,5,4,0,6,0,4H,6H,,16,0,True,False,True,False,0
top_ten,svm,occupancy_bin,full,6,unith,6,Nielsen,Nov_6_g0,1.0,1.0,0.9814814814814814,0.9037433155080213,8,,20,4,8,0,3,6,4,0,1,1,4H,1S,,16,0,True,False,True,False,0
top_ten,svm,occupancy_bin,full,6,unith,6,Nielsen,Nov_6_g0,1.0,1.0,0.9814814814814814,0.9037433155080213,8,2,20,4,8,0,3,7,4,0,2,1,4H,2S,0.559035688370159,16,5,True,True,True,False,0
top_ten,svm,occupancy_bin,full,6,unith,6,Nielsen,Nov_6_g0,1.0,1.0,0.9814814814814814,0.9037433155080213,8,,20,4,8,0,3,8,4,0,3,1,4H,3S,,16,0,True,False,True,False,0
top_ten,svm,occupancy_bin,full,6,unith,6,Nielsen,Nov_6_g0,1.0,1.0,0.9814814814814814,0.9037433155080213,8,8,20,4,8,0,3,9,4,0,4,1,4H,4S,0.8945011028123696,16,36,True,True,True,True,0
top_ten,svm,occupancy_bin,full,6,unith,6,Nielsen,Nov_6_g0,1.0,1.0,0.9814814814814814,0.9037433155080213,8,8,20,4,8,0,3,10,4,0,5,1,4H,5S,0.9179721649469075,16,62,True,True,True,True,0
top_ten,svm,occupancy_bin,full,6,unith,6,Nielsen,Nov_6_g0,1.0,1.0,0.9814814814814814,0.9037433155080213,8,8,20,4,8,0,3,11,4,0,6,1,4H,6S,0.793516141987024,16,79,True,True,True,True,0
top_ten,svm,occupancy_bin,full,6,unith,6,Nielsen,Nov_6_g0,1.0,1.0,0.9814814814814814,0.9037433155080213,,8,20,4,8,0,4,0,5,0,1,0,5H,1H,,0,52,False,True,False,True,0
top_ten,svm,occupancy_bin,full,6,unith,6,Nielsen,Nov_6_g0,1.0,1.0,0.9814814814814814,0.9037433155080213,,8,20,4,8,0,4,1,5,0,2,0,5H,2H,,0,51,False,True,False,True,0
top_ten,svm,occupancy_bin,full,6,unith,6,Nielsen,Nov_6_g0,1.0,1.0,0.9814814814814814,0.9037433155080213,,8,20,4,8,0,4,2,5,0,3,0,5H,3H,,0,66,False,True,False,True,0
top_ten,svm,occupancy_bin,full,6,unith,6,Nielsen,Nov_6_g0,1.0,1.0,0.9814814814814814,0.9037433155080213,,8,20,4,8,0,4,3,5,0,4,0,5H,4H,,0,16,False,True,False,True,0
top_ten,svm,occupancy_bin,full,6,unith,6,Nielsen,Nov_6_g0,1.0,1.0,0.9814814814814814,0.9037433155080213,,,20,4,8,0,4,4,5,0,5,0,5H,5H,,0,0,False,False,False,False,0
top_ten,svm,occupancy_bin,full,6,unith,6,Nielsen,Nov_6_g0,1.0,1.0,0.9814814814814814,0.9037433155080213,,,20,4,8,0,4,5,5,0,6,0,5H,6H,,0,0,False,False,False,False,0
top_ten,svm,occupancy_bin,full,6,unith,6,Nielsen,Nov_6_g0,1.0,1.0,0.9814814814814814,0.9037433155080213,,,20,4,8,0,4,6,5,0,1,1,5H,1S,,0,0,False,False,False,False,0
top_ten,svm,occupancy_bin,full,6,unith,6,Nielsen,Nov_6_g0,1.0,1.0,0.9814814814814814,0.9037433155080213,,2,20,4,8,0,4,7,5,0,2,1,5H,2S,,0,5,False,True,False,False,0
top_ten,svm,occupancy_bin,full,6,unith,6,Nielsen,Nov_6_g0,1.0,1.0,0.9814814814814814,0.9037433155080213,,,20,4,8,0,4,8,5,0,3,1,5H,3S,,0,0,False,False,False,False,0
top_ten,svm,occupancy_bin,full,6,unith,6,Nielsen,Nov_6_g0,1.0,1.0,0.9814814814814814,0.9037433155080213,,8,20,4,8,0,4,9,5,0,4,1,5H,4S,,0,36,False,True,False,True,0
top_ten,svm,occupancy_bin,full,6,unith,6,Nielsen,Nov_6_g0,1.0,1.0,0.9814814814814814,0.9037433155080213,,8,20,4,8,0,4,10,5,0,5,1,5H,5S,,0,62,False,True,False,True,0
top_ten,svm,occupancy_bin,full,6,unith,6,Nielsen,Nov_6_g0,1.0,1.0,0.9814814814814814,0.9037433155080213,,8,20,4,8,0,4,11,5,0,6,1,5H,6S,,0,79,False,True,False,True,0
top_ten,svm,occupancy_bin,full,6,unith,6,Nielsen,Nov_6_g0,1.0,1.0,0.9814814814814814,0.9037433155080213,,8,20,4,8,0,5,0,6,0,1,0,6H,1H,,0,52,False,True,False,True,0
top_ten,svm,occupancy_bin,full,6,unith,6,Nielsen,Nov_6_g0,1.0,1.0,0.9814814814814814,0.9037433155080213,,8,20,4,8,0,5,1,6,0,2,0,6H,2H,,0,51,False,True,False,True,0
top_ten,svm,occupancy_bin,full,6,unith,6,Nielsen,Nov_6_g0,1.0,1.0,0.9814814814814814,0.9037433155080213,,8,20,4,8,0,5,2,6,0,3,0,6H,3H,,0,66,False,True,False,True,0
top_ten,svm,occupancy_bin,full,6,unith,6,Nielsen,Nov_6_g0,1.0,1.0,0.9814814814814814,0.9037433155080213,,8,20,4,8,0,5,3,6,0,4,0,6H,4H,,0,16,False,True,False,True,0
top_ten,svm,occupancy_bin,full,6,unith,6,Nielsen,Nov_6_g0,1.0,1.0,0.9814814814814814,0.9037433155080213,,,20,4,8,0,5,4,6,0,5,0,6H,5H,,0,0,False,False,False,False,0
top_ten,svm,occupancy_bin,full,6,unith,6,Nielsen,Nov_6_g0,1.0,1.0,0.9814814814814814,0.9037433155080213,,,20,4,8,0,5,5,6,0,6,0,6H,6H,,0,0,False,False,False,False,0
top_ten,svm,occupancy_bin,full,6,unith,6,Nielsen,Nov_6_g0,1.0,1.0,0.9814814814814814,0.9037433155080213,,,20,4,8,0,5,6,6,0,1,1,6H,1S,,0,0,False,False,False,False,0
top_ten,svm,occupancy_bin,full,6,unith,6,Nielsen,Nov_6_g0,1.0,1.0,0.9814814814814814,0.9037433155080213,,2,20,4,8,0,5,7,6,0,2,1,6H,2S,,0,5,False,True,False,False,0
top_ten,svm,occupancy_bin,full,6,unith,6,Nielsen,Nov_6_g0,1.0,1.0,0.9814814814814814,0.9037433155080213,,,20,4,8,0,5,8,6,0,3,1,6H,3S,,0,0,False,False,False,False,0
top_ten,svm,occupancy_bin,full,6,unith,6,Nielsen,Nov_6_g0,1.0,1.0,0.9814814814814814,0.9037433155080213,,8,20,4,8,0,5,9,6,0,4,1,6H,4S,,0,36,False,True,False,True,0
top_ten,svm,occupancy_bin,full,6,unith,6,Nielsen,Nov_6_g0,1.0,1.0,0.9814814814814814,0.9037433155080213,,8,20,4,8,0,5,10,6,0,5,1,6H,5S,,0,62,False,True,False,True,0
top_ten,svm,occupancy_bin,full,6,unith,6,Nielsen,Nov_6_g0,1.0,1.0,0.9814814814814814,0.9037433155080213,,8,20,4,8,0,5,11,6,0,6,1,6H,6S,,0,79,False,True,False,True,0
top_ten,svm,occupancy_bin,full,6,unith,6,Nielsen,Nov_6_g0,1.0,1.0,0.9814814814814814,0.9037433155080213,,8,20,4,8,0,6,0,1,1,1,0,1S,1H,,0,52,False,True,False,True,0
top_ten,svm,occupancy_bin,full,6,unith,6,Nielsen,Nov_6_g0,1.0,1.0,0.9814814814814814,0.9037433155080213,,8,20,4,8,0,6,1,1,1,2,0,1S,2H,,0,51,False,True,False,True,0
top_ten,svm,occupancy_bin,full,6,unith,6,Nielsen,Nov_6_g0,1.0,1.0,0.9814814814814814,0.9037433155080213,,8,20,4,8,0,6,2,1,1,3,0,1S,3H,,0,66,False,True,False,True,0
top_ten,svm,occupancy_bin,full,6,unith,6,Nielsen,Nov_6_g0,1.0,1.0,0.9814814814814814,0.9037433155080213,,8,20,4,8,0,6,3,1,1,4,0,1S,4H,,0,16,False,True,False,True,0
top_ten,svm,occupancy_bin,full,6,unith,6,Nielsen,Nov_6_g0,1.0,1.0,0.9814814814814814,0.9037433155080213,,,20,4,8,0,6,4,1,1,5,0,1S,5H,,0,0,False,False,False,False,0
top_ten,svm,occupancy_bin,full,6,unith,6,Nielsen,Nov_6_g0,1.0,1.0,0.9814814814814814,0.9037433155080213,,,20,4,8,0,6,5,1,1,6,0,1S,6H,,0,0,False,False,False,False,0
top_ten,svm,occupancy_bin,full,6,unith,6,Nielsen,Nov_6_g0,1.0,1.0,0.9814814814814814,0.9037433155080213,,,20,4,8,0,6,6,1,1,1,1,1S,1S,,0,0,False,False,False,False,0
top_ten,svm,occupancy_bin,full,6,unith,6,Nielsen,Nov_6_g0,1.0,1.0,0.9814814814814814,0.9037433155080213,,2,20,4,8,0,6,7,1,1,2,1,1S,2S,,0,5,False,True,False,False,0
top_ten,svm,occupancy_bin,full,6,unith,6,Nielsen,Nov_6_g0,1.0,1.0,0.9814814814814814,0.9037433155080213,,,20,4,8,0,6,8,1,1,3,1,1S,3S,,0,0,False,False,False,False,0
top_ten,svm,occupancy_bin,full,6,unith,6,Nielsen,Nov_6_g0,1.0,1.0,0.9814814814814814,0.9037433155080213,,8,20,4,8,0,6,9,1,1,4,1,1S,4S,,0,36,False,True,False,True,0
top_ten,svm,occupancy_bin,full,6,unith,6,Nielsen,Nov_6_g0,1.0,1.0,0.9814814814814814,0.9037433155080213,,8,20,4,8,0,6,10,1,1,5,1,1S,5S,,0,62,False,True,False,True,0
top_ten,svm,occupancy_bin,full,6,unith,6,Nielsen,Nov_6_g0,1.0,1.0,0.9814814814814814,0.9037433155080213,,8,20,4,8,0,6,11,1,1,6,1,1S,6S,,0,79,False,True,False,True,0
top_ten,svm,occupancy_bin,full,6,unith,6,Nielsen,Nov_6_g0,1.0,1.0,0.9814814814814814,0.9037433155080213,2,8,20,4,8,0,7,0,2,1,1,0,2S,1H,0.45768554545627327,5,52,True,True,False,True,0
top_ten,svm,occupancy_bin,full,6,unith,6,Nielsen,Nov_6_g0,1.0,1.0,0.9814814814814814,0.9037433155080213,2,8,20,4,8,0,7,1,2,1,2,0,2S,2H,0.5846902810848059,5,51,True,True,False,True,0
top_ten,svm,occupancy_bin,full,6,unith,6,Nielsen,Nov_6_g0,1.0,1.0,0.9814814814814814,0.9037433155080213,2,8,20,4,8,0,7,2,2,1,3,0,2S,3H,0.5192909106726653,5,66,True,True,False,True,0
top_ten,svm,occupancy_bin,full,6,unith,6,Nielsen,Nov_6_g0,1.0,1.0,0.9814814814814814,0.9037433155080213,2,8,20,4,8,0,7,3,2,1,4,0,2S,4H,0.559035688370159,5,16,True,True,False,True,0
top_ten,svm,occupancy_bin,full,6,unith,6,Nielsen,Nov_6_g0,1.0,1.0,0.9814814814814814,0.9037433155080213,2,,20,4,8,0,7,4,2,1,5,0,2S,5H,,5,0,True,False,False,False,0
top_ten,svm,occupancy_bin,full,6,unith,6,Nielsen,Nov_6_g0,1.0,1.0,0.9814814814814814,0.9037433155080213,2,,20,4,8,0,7,5,2,1,6,0,2S,6H,,5,0,True,False,False,False,0
top_ten,svm,occupancy_bin,full,6,unith,6,Nielsen,Nov_6_g0,1.0,1.0,0.9814814814814814,0.9037433155080213,2,,20,4,8,0,7,6,2,1,1,1,2S,1S,,5,0,True,False,False,False,0
top_ten,svm,occupancy_bin,full,6,unith,6,Nielsen,Nov_6_g0,1.0,1.0,0.9814814814814814,0.9037433155080213,2,2,20,4,8,0,7,7,2,1,2,1,2S,2S,0.382323931561812,5,5,True,True,False,False,0
top_ten,svm,occupancy_bin,full,6,unith,6,Nielsen,Nov_6_g0,1.0,1.0,0.9814814814814814,0.9037433155080213,2,,20,4,8,0,7,8,2,1,3,1,2S,3S,,5,0,True,False,False,False,0
top_ten,svm,occupancy_bin,full,6,unith,6,Nielsen,Nov_6_g0,1.0,1.0,0.9814814814814814,0.9037433155080213,2,8,20,4,8,0,7,9,2,1,4,1,2S,4S,0.5105995819339413,5,36,True,True,False,True,0
top_ten,svm,occupancy_bin,full,6,unith,6,Nielsen,Nov_6_g0,1.0,1.0,0.9814814814814814,0.9037433155080213,2,8,20,4,8,0,7,10,2,1,5,1,2S,5S,0.47253297070267647,5,62,True,True,False,True,0
top_ten,svm,occupancy_bin,full,6,unith,6,Nielsen,Nov_6_g0,1.0,1.0,0.9814814814814814,0.9037433155080213,2,8,20,4,8,0,7,11,2,1,6,1,2S,6S,0.5941696527309539,5,79,True,True,False,True,0
top_ten,svm,occupancy_bin,full,6,unith,6,Nielsen,Nov_6_g0,1.0,1.0,0.9814814814814814,0.9037433155080213,,8,20,4,8,0,8,0,3,1,1,0,3S,1H,,0,52,False,True,False,True,0
top_ten,svm,occupancy_bin,full,6,unith,6,Nielsen,Nov_6_g0,1.0,1.0,0.9814814814814814,0.9037433155080213,,8,20,4,8,0,8,1,3,1,2,0,3S,2H,,0,51,False,True,False,True,0
top_ten,svm,occupancy_bin,full,6,unith,6,Nielsen,Nov_6_g0,1.0,1.0,0.9814814814814814,0.9037433155080213,,8,20,4,8,0,8,2,3,1,3,0,3S,3H,,0,66,False,True,False,True,0
top_ten,svm,occupancy_bin,full,6,unith,6,Nielsen,Nov_6_g0,1.0,1.0,0.9814814814814814,0.9037433155080213,,8,20,4,8,0,8,3,3,1,4,0,3S,4H,,0,16,False,True,False,True,0
top_ten,svm,occupancy_bin,full,6,unith,6,Nielsen,Nov_6_g0,1.0,1.0,0.9814814814814814,0.9037433155080213,,,20,4,8,0,8,4,3,1,5,0,3S,5H,,0,0,False,False,False,False,0
top_ten,svm,occupancy_bin,full,6,unith,6,Nielsen,Nov_6_g0,1.0,1.0,0.9814814814814814,0.9037433155080213,,,20,4,8,0,8,5,3,1,6,0,3S,6H,,0,0,False,False,False,False,0
top_ten,svm,occupancy_bin,full,6,unith,6,Nielsen,Nov_6_g0,1.0,1.0,0.9814814814814814,0.9037433155080213,,,20,4,8,0,8,6,3,1,1,1,3S,1S,,0,0,False,False,False,False,0
top_ten,svm,occupancy_bin,full,6,unith,6,Nielsen,Nov_6_g0,1.0,1.0,0.9814814814814814,0.9037433155080213,,2,20,4,8,0,8,7,3,1,2,1,3S,2S,,0,5,False,True,False,False,0
top_ten,svm,occupancy_bin,full,6,unith,6,Nielsen,Nov_6_g0,1.0,1.0,0.9814814814814814,0.9037433155080213,,,20,4,8,0,8,8,3,1,3,1,3S,3S,,0,0,False,False,False,False,0
top_ten,svm,occupancy_bin,full,6,unith,6,Nielsen,Nov_6_g0,1.0,1.0,0.9814814814814814,0.9037433155080213,,8,20,4,8,0,8,9,3,1,4,1,3S,4S,,0,36,False,True,False,True,0
top_ten,svm,occupancy_bin,full,6,unith,6,Nielsen,Nov_6_g0,1.0,1.0,0.9814814814814814,0.9037433155080213,,8,20,4,8,0,8,10,3,1,5,1,3S,5S,,0,62,False,True,False,True,0
top_ten,svm,occupancy_bin,full,6,unith,6,Nielsen,Nov_6_g0,1.0,1.0,0.9814814814814814,0.9037433155080213,,8,20,4,8,0,8,11,3,1,6,1,3S,6S,,0,79,False,True,False,True,0
top_ten,svm,occupancy_bin,full,6,unith,6,Nielsen,Nov_6_g0,1.0,1.0,0.9814814814814814,0.9037433155080213,8,8,20,4,8,0,9,0,4,1,1,0,4S,1H,0.8867169654814993,36,52,True,True,True,True,0
top_ten,svm,occupancy_bin,full,6,unith,6,Nielsen,Nov_6_g0,1.0,1.0,0.9814814814814814,0.9037433155080213,8,8,20,4,8,0,9,1,4,1,2,0,4S,2H,0.8746868534394764,36,51,True,True,True,True,0
top_ten,svm,occupancy_bin,full,6,unith,6,Nielsen,Nov_6_g0,1.0,1.0,0.9814814814814814,0.9037433155080213,8,8,20,4,8,0,9,2,4,1,3,0,4S,3H,0.910920572650269,36,66,True,True,True,True,0
top_ten,svm,occupancy_bin,full,6,unith,6,Nielsen,Nov_6_g0,1.0,1.0,0.9814814814814814,0.9037433155080213,8,8,20,4,8,0,9,3,4,1,4,0,4S,4H,0.8945011028123696,36,16,True,True,True,True,0
top_ten,svm,occupancy_bin,full,6,unith,6,Nielsen,Nov_6_g0,1.0,1.0,0.9814814814814814,0.9037433155080213,8,,20,4,8,0,9,4,4,1,5,0,4S,5H,,36,0,True,False,True,False,0
top_ten,svm,occupancy_bin,full,6,unith,6,Nielsen,Nov_6_g0,1.0,1.0,0.9814814814814814,0.9037433155080213,8,,20,4,8,0,9,5,4,1,6,0,4S,6H,,36,0,True,False,True,False,0
top_ten,svm,occupancy_bin,full,6,unith,6,Nielsen,Nov_6_g0,1.0,1.0,0.9814814814814814,0.9037433155080213,8,,20,4,8,0,9,6,4,1,1,1,4S,1S,,36,0,True,False,True,False,0
top_ten,svm,occupancy_bin,full,6,unith,6,Nielsen,Nov_6_g0,1.0,1.0,0.9814814814814814,0.9037433155080213,8,2,20,4,8,0,9,7,4,1,2,1,4S,2S,0.5105995819339413,36,5,True,True,True,False,0
top_ten,svm,occupancy_bin,full,6,unith,6,Nielsen,Nov_6_g0,1.0,1.0,0.9814814814814814,0.9037433155080213,8,,20,4,8,0,9,8,4,1,3,1,4S,3S,,36,0,True,False,True,False,0
top_ten,svm,occupancy_bin,full,6,unith,6,Nielsen,Nov_6_g0,1.0,1.0,0.9814814814814814,0.9037433155080213,8,8,20,4,8,0,9,9,4,1,4,1,4S,4S,0.9048217424903566,36,36,True,True,True,True,0
top_ten,svm,occupancy_bin,full,6,unith,6,Nielsen,Nov_6_g0,1.0,1.0,0.9814814814814814,0.9037433155080213,8,8,20,4,8,0,9,10,4,1,5,1,4S,5S,0.9102373748376269,36,62,True,True,True,True,0
top_ten,svm,occupancy_bin,full,6,unith,6,Nielsen,Nov_6_g0,1.0,1.0,0.9814814814814814,0.9037433155080213,8,8,20,4,8,0,9,11,4,1,6,1,4S,6S,0.8170631208096657,36,79,True,True,True,True,0
top_ten,svm,occupancy_bin,full,6,unith,6,Nielsen,Nov_6_g0,1.0,1.0,0.9814814814814814,0.9037433155080213,8,8,20,4,8,0,10,0,5,1,1,0,5S,1H,0.8925587569127676,62,52,True,True,True,True,0
top_ten,svm,occupancy_bin,full,6,unith,6,Nielsen,Nov_6_g0,1.0,1.0,0.9814814814814814,0.9037433155080213,8,8,20,4,8,0,10,1,5,1,2,0,5S,2H,0.8493758205646211,62,51,True,True,True,True,0
top_ten,svm,occupancy_bin,full,6,unith,6,Nielsen,Nov_6_g0,1.0,1.0,0.9814814814814814,0.9037433155080213,8,8,20,4,8,0,10,2,5,1,3,0,5S,3H,0.9025526390924913,62,66,True,True,True,True,0
top_ten,svm,occupancy_bin,full,6,unith,6,Nielsen,Nov_6_g0,1.0,1.0,0.9814814814814814,0.9037433155080213,8,8,20,4,8,0,10,3,5,1,4,0,5S,4H,0.9179721649469075,62,16,True,True,True,True,0
top_ten,svm,occupancy_bin,full,6,unith,6,Nielsen,Nov_6_g0,1.0,1.0,0.9814814814814814,0.9037433155080213,8,,20,4,8,0,10,4,5,1,5,0,5S,5H,,62,0,True,False,True,False,0
top_ten,svm,occupancy_bin,full,6,unith,6,Nielsen,Nov_6_g0,1.0,1.0,0.9814814814814814,0.9037433155080213,8,,20,4,8,0,10,5,5,1,6,0,5S,6H,,62,0,True,False,True,False,0
top_ten,svm,occupancy_bin,full,6,unith,6,Nielsen,Nov_6_g0,1.0,1.0,0.9814814814814814,0.9037433155080213,8,,20,4,8,0,10,6,5,1,1,1,5S,1S,,62,0,True,False,True,False,0
top_ten,svm,occupancy_bin,full,6,unith,6,Nielsen,Nov_6_g0,1.0,1.0,0.9814814814814814,0.9037433155080213,8,2,20,4,8,0,10,7,5,1,2,1,5S,2S,0.47253297070267647,62,5,True,True,True,False,0
top_ten,svm,occupancy_bin,full,6,unith,6,Nielsen,Nov_6_g0,1.0,1.0,0.9814814814814814,0.9037433155080213,8,,20,4,8,0,10,8,5,1,3,1,5S,3S,,62,0,True,False,True,False,0
top_ten,svm,occupancy_bin,full,6,unith,6,Nielsen,Nov_6_g0,1.0,1.0,0.9814814814814814,0.9037433155080213,8,8,20,4,8,0,10,9,5,1,4,1,5S,4S,0.9102373748376269,62,36,True,True,True,True,0
top_ten,svm,occupancy_bin,full,6,unith,6,Nielsen,Nov_6_g0,1.0,1.0,0.9814814814814814,0.9037433155080213,8,8,20,4,8,0,10,10,5,1,5,1,5S,5S,0.9074682355385363,62,62,True,True,True,True,0
top_ten,svm,occupancy_bin,full,6,unith,6,Nielsen,Nov_6_g0,1.0,1.0,0.9814814814814814,0.9037433155080213,8,8,20,4,8,0,10,11,5,1,6,1,5S,6S,0.7866995030361528,62,79,True,True,True,True,0
top_ten,svm,occupancy_bin,full,6,unith,6,Nielsen,Nov_6_g0,1.0,1.0,0.9814814814814814,0.9037433155080213,8,8,20,4,8,0,11,0,6,1,1,0,6S,1H,0.7312931903609083,79,52,True,True,True,True,0
top_ten,svm,occupancy_bin,full,6,unith,6,Nielsen,Nov_6_g0,1.0,1.0,0.9814814814814814,0.9037433155080213,8,8,20,4,8,0,11,1,6,1,2,0,6S,2H,0.8308188954017564,79,51,True,True,True,True,0
top_ten,svm,occupancy_bin,full,6,unith,6,Nielsen,Nov_6_g0,1.0,1.0,0.9814814814814814,0.9037433155080213,8,8,20,4,8,0,11,2,6,1,3,0,6S,3H,0.7783781947233579,79,66,True,True,True,True,0
top_ten,svm,occupancy_bin,full,6,unith,6,Nielsen,Nov_6_g0,1.0,1.0,0.9814814814814814,0.9037433155080213,8,8,20,4,8,0,11,3,6,1,4,0,6S,4H,0.793516141987024,79,16,True,True,True,True,0
top_ten,svm,occupancy_bin,full,6,unith,6,Nielsen,Nov_6_g0,1.0,1.0,0.9814814814814814,0.9037433155080213,8,,20,4,8,0,11,4,6,1,5,0,6S,5H,,79,0,True,False,True,False,0
top_ten,svm,occupancy_bin,full,6,unith,6,Nielsen,Nov_6_g0,1.0,1.0,0.9814814814814814,0.9037433155080213,8,,20,4,8,0,11,5,6,1,6,0,6S,6H,,79,0,True,False,True,False,0
top_ten,svm,occupancy_bin,full,6,unith,6,Nielsen,Nov_6_g0,1.0,1.0,0.9814814814814814,0.9037433155080213,8,,20,4,8,0,11,6,6,1,1,1,6S,1S,,79,0,True,False,True,False,0
top_ten,svm,occupancy_bin,full,6,unith,6,Nielsen,Nov_6_g0,1.0,1.0,0.9814814814814814,0.9037433155080213,8,2,20,4,8,0,11,7,6,1,2,1,6S,2S,0.5941696527309539,79,5,True,True,True,False,0
top_ten,svm,occupancy_bin,full,6,unith,6,Nielsen,Nov_6_g0,1.0,1.0,0.9814814814814814,0.9037433155080213,8,,20,4,8,0,11,8,6,1,3,1,6S,3S,,79,0,True,False,True,False,0
top_ten,svm,occupancy_bin,full,6,unith,6,Nielsen,Nov_6_g0,1.0,1.0,0.9814814814814814,0.9037433155080213,8,8,20,4,8,0,11,9,6,1,4,1,6S,4S,0.8170631208096657,79,36,True,True,True,True,0
top_ten,svm,occupancy_bin,full,6,unith,6,Nielsen,Nov_6_g0,1.0,1.0,0.9814814814814814,0.9037433155080213,8,8,20,4,8,0,11,10,6,1,5,1,6S,5S,0.7866995030361528,79,62,True,True,True,True,0
top_ten,svm,occupancy_bin,full,6,unith,6,Nielsen,Nov_6_g0,1.0,1.0,0.9814814814814814,0.9037433155080213,8,8,20,4,8,0,11,11,6,1,6,1,6S,6S,0.8860751350500508,79,79,True,True,True,True,0
top_ten,svm,occupancy_bin,full,6,unith,6,Nielsen,Nov_7_g0,0.973597359735974,0.9867986798679867,0.9692754989784693,0.5299145299145299,8,8,20,4,8,0,0,0,1,0,1,0,1H,1H,0.8635017524820807,61,61,True,True,True,True,0
top_ten,svm,occupancy_bin,full,6,unith,6,Nielsen,Nov_7_g0,0.973597359735974,0.9867986798679867,0.9692754989784693,0.5299145299145299,8,8,20,4,8,0,0,1,1,0,2,0,1H,2H,0.8825742168386922,61,54,True,True,True,True,0
top_ten,svm,occupancy_bin,full,6,unith,6,Nielsen,Nov_7_g0,0.973597359735974,0.9867986798679867,0.9692754989784693,0.5299145299145299,8,8,20,4,8,0,0,2,1,0,3,0,1H,3H,0.836966544674155,61,60,True,True,True,True,0
top_ten,svm,occupancy_bin,full,6,unith,6,Nielsen,Nov_7_g0,0.973597359735974,0.9867986798679867,0.9692754989784693,0.5299145299145299,8,8,20,4,8,0,0,3,1,0,4,0,1H,4H,0.8197093045766872,61,19,True,True,True,True,0
top_ten,svm,occupancy_bin,full,6,unith,6,Nielsen,Nov_7_g0,0.973597359735974,0.9867986798679867,0.9692754989784693,0.5299145299145299,8,2,20,4,8,0,0,4,1,0,5,0,1H,5H,0.5699867819483678,61,4,True,True,True,False,0
top_ten,svm,occupancy_bin,full,6,unith,6,Nielsen,Nov_7_g0,0.973597359735974,0.9867986798679867,0.9692754989784693,0.5299145299145299,8,,20,4,8,0,0,5,1,0,6,0,1H,6H,,61,0,True,False,True,False,0
top_ten,svm,occupancy_bin,full,6,unith,6,Nielsen,Nov_7_g0,0.973597359735974,0.9867986798679867,0.9692754989784693,0.5299145299145299,8,,20,4,8,0,0,6,1,0,1,1,1H,1S,,61,0,True,False,True,False,0
top_ten,svm,occupancy_bin,full,6,unith,6,Nielsen,Nov_7_g0,0.973597359735974,0.9867986798679867,0.9692754989784693,0.5299145299145299,8,8,20,4,8,0,0,7,1,0,2,1,1H,2S,0.8331458054637173,61,20,True,True,True,True,0
top_ten,svm,occupancy_bin,full,6,unith,6,Nielsen,Nov_7_g0,0.973597359735974,0.9867986798679867,0.9692754989784693,0.5299145299145299,8,8,20,4,8,0,0,8,1,0,3,1,1H,3S,0.8400541783067148,61,16,True,True,True,True,0
top_ten,svm,occupancy_bin,full,6,unith,6,Nielsen,Nov_7_g0,0.973597359735974,0.9867986798679867,0.9692754989784693,0.5299145299145299,8,8,20,4,8,0,0,9,1,0,4,1,1H,4S,0.8097681623028758,61,49,True,True,True,True,0
top_ten,svm,occupancy_bin,full,6,unith,6,Nielsen,Nov_7_g0,0.973597359735974,0.9867986798679867,0.9692754989784693,0.5299145299145299,8,8,20,4,8,0,0,10,1,0,5,1,1H,5S,0.7974125093625267,61,80,True,True,True,True,0
top_ten,svm,occupancy_bin,full,6,unith,6,Nielsen,Nov_7_g0,0.973597359735974,0.9867986798679867,0.9692754989784693,0.5299145299145299,8,8,20,4,8,0,0,11,1,0,6,1,1H,6S,0.7542565018107433,61,98,True,True,True,True,0
top_ten,svm,occupancy_bin,full,6,unith,6,Nielsen,Nov_7_g0,0.973597359735974,0.9867986798679867,0.9692754989784693,0.5299145299145299,8,8,20,4,8,0,1,0,2,0,1,0,2H,1H,0.8825742168386922,54,61,True,True,True,True,0
top_ten,svm,occupancy_bin,full,6,unith,6,Nielsen,Nov_7_g0,0.973597359735974,0.9867986798679867,0.9692754989784693,0.5299145299145299,8,8,20,4,8,0,1,1,2,0,2,0,2H,2H,0.8673958994920119,54,54,True,True,True,True,0
top_ten,svm,occupancy_bin,full,6,unith,6,Nielsen,Nov_7_g0,0.973597359735974,0.9867986798679867,0.9692754989784693,0.5299145299145299,8,8,20,4,8,0,1,2,2,0,3,0,2H,3H,0.8532600806780488,54,60,True,True,True,True,0
top_ten,svm,occupancy_bin,full,6,unith,6,Nielsen,Nov_7_g0,0.973597359735974,0.9867986798679867,0.9692754989784693,0.5299145299145299,8,8,20,4,8,0,1,3,2,0,4,0,2H,4H,0.8653031620588809,54,19,True,True,True,True,0
top_ten,svm,occupancy_bin,full,6,unith,6,Nielsen,Nov_7_g0,0.973597359735974,0.9867986798679867,0.9692754989784693,0.5299145299145299,8,2,20,4,8,0,1,4,2,0,5,0,2H,5H,0.65819747654009,54,4,True,True,True,False,0
top_ten,svm,occupancy_bin,full,6,unith,6,Nielsen,Nov_7_g0,0.973597359735974,0.9867986798679867,0.9692754989784693,0.5299145299145299,8,,20,4,8,0,1,5,2,0,6,0,2H,6H,,54,0,True,False,True,False,0
top_ten,svm,occupancy_bin,full,6,unith,6,Nielsen,Nov_7_g0,0.973597359735974,0.9867986798679867,0.9692754989784693,0.5299145299145299,8,,20,4,8,0,1,6,2,0,1,1,2H,1S,,54,0,True,False,True,False,0
top_ten,svm,occupancy_bin,full,6,unith,6,Nielsen,Nov_7_g0,0.973597359735974,0.9867986798679867,0.9692754989784693,0.5299145299145299,8,8,20,4,8,0,1,7,2,0,2,1,2H,2S,0.8643471234282931,54,20,True,True,True,True,0
top_ten,svm,occupancy_bin,full,6,unith,6,Nielsen,Nov_7_g0,0.973597359735974,0.9867986798679867,0.9692754989784693,0.5299145299145299,8,8,20,4,8,0,1,8,2,0,3,1,2H,3S,0.8370509343024933,54,16,True,True,True,True,0
top_ten,svm,occupancy_bin,full,6,unith,6,Nielsen,Nov_7_g0,0.973597359735974,0.9867986798679867,0.9692754989784693,0.5299145299145299,8,8,20,4,8,0,1,9,2,0,4,1,2H,4S,0.8529336831038371,54,49,True,True,True,True,0
top_ten,svm,occupancy_bin,full,6,unith,6,Nielsen,Nov_7_g0,0.973597359735974,0.9867986798679867,0.9692754989784693,0.5299145299145299,8,8,20,4,8,0,1,10,2,0,5,1,2H,5S,0.826146945457813,54,80,True,True,True,True,0
top_ten,svm,occupancy_bin,full,6,unith,6,Nielsen,Nov_7_g0,0.973597359735974,0.9867986798679867,0.9692754989784693,0.5299145299145299,8,8,20,4,8,0,1,11,2,0,6,1,2H,6S,0.7781309083049863,54,98,True,True,True,True,0
top_ten,svm,occupancy_bin,full,6,unith,6,Nielsen,Nov_7_g0,0.973597359735974,0.9867986798679867,0.9692754989784693,0.5299145299145299,8,8,20,4,8,0,2,0,3,0,1,0,3H,1H,0.836966544674155,60,61,True,True,True,True,0
top_ten,svm,occupancy_bin,full,6,unith,6,Nielsen,Nov_7_g0,0.973597359735974,0.9867986798679867,0.9692754989784693,0.5299145299145299,8,8,20,4,8,0,2,1,3,0,2,0,3H,2H,0.8532600806780488,60,54,True,True,True,True,0
top_ten,svm,occupancy_bin,full,6,unith,6,Nielsen,Nov_7_g0,0.973597359735974,0.9867986798679867,0.9692754989784693,0.5299145299145299,8,8,20,4,8,0,2,2,3,0,3,0,3H,3H,0.8371232172217098,60,60,True,True,True,True,0
top_ten,svm,occupancy_bin,full,6,unith,6,Nielsen,Nov_7_g0,0.973597359735974,0.9867986798679867,0.9692754989784693,0.5299145299145299,8,8,20,4,8,0,2,3,3,0,4,0,3H,4H,0.8499402757453793,60,19,True,True,True,True,0
top_ten,svm,occupancy_bin,full,6,unith,6,Nielsen,Nov_7_g0,0.973597359735974,0.9867986798679867,0.9692754989784693,0.5299145299145299,8,2,20,4,8,0,2,4,3,0,5,0,3H,5H,0.6777285624534953,60,4,True,True,True,False,0
top_ten,svm,occupancy_bin,full,6,unith,6,Nielsen,Nov_7_g0,0.973597359735974,0.9867986798679867,0.9692754989784693,0.5299145299145299,8,,20,4,8,0,2,5,3,0,6,0,3H,6H,,60,0,True,False,True,False,0
top_ten,svm,occupancy_bin,full,6,unith,6,Nielsen,Nov_7_g0,0.973597359735974,0.9867986798679867,0.9692754989784693,0.5299145299145299,8,,20,4,8,0,2,6,3,0,1,1,3H,1S,,60,0,True,False,True,False,0
top_ten,svm,occupancy_bin,full,6,unith,6,Nielsen,Nov_7_g0,0.973597359735974,0.9867986798679867,0.9692754989784693,0.5299145299145299,8,8,20,4,8,0,2,7,3,0,2,1,3H,2S,0.8699373604700747,60,20,True,True,True,True,0
top_ten,svm,occupancy_bin,full,6,unith,6,Nielsen,Nov_7_g0,0.973597359735974,0.9867986798679867,0.9692754989784693,0.5299145299145299,8,8,20,4,8,0,2,8,3,0,3,1,3H,3S,0.8266128399831171,60,16,True,True,True,True,0
top_ten,svm,occupancy_bin,full,6,unith,6,Nielsen,Nov_7_g0,0.973597359735974,0.9867986798679867,0.9692754989784693,0.5299145299145299,8,8,20,4,8,0,2,9,3,0,4,1,3H,4S,0.8396157584767471,60,49,True,True,True,True,0
top_ten,svm,occupancy_bin,full,6,unith,6,Nielsen,Nov_7_g0,0.973597359735974,0.9867986798679867,0.9692754989784693,0.5299145299145299,8,8,20,4,8,0,2,10,3,0,5,1,3H,5S,0.8279791944185039,60,80,True,True,True,True,0
top_ten,svm,occupancy_bin,full,6,unith,6,Nielsen,Nov_7_g0,0.973597359735974,0.9867986798679867,0.9692754989784693,0.5299145299145299,8,8,20,4,8,0,2,11,3,0,6,1,3H,6S,0.7595205601374218,60,98,True,True,True,True,0
top_ten,svm,occupancy_bin,full,6,unith,6,Nielsen,Nov_7_g0,0.973597359735974,0.9867986798679867,0.9692754989784693,0.5299145299145299,8,8,20,4,8,0,3,0,4,0,1,0,4H,1H,0.8197093045766872,19,61,True,True,True,True,0
top_ten,svm,occupancy_bin,full,6,unith,6,Nielsen,Nov_7_g0,0.973597359735974,0.9867986798679867,0.9692754989784693,0.5299145299145299,8,8,20,4,8,0,3,1,4,0,2,0,4H,2H,0.8653031620588809,19,54,True,True,True,True,0
top_ten,svm,occupancy_bin,full,6,unith,6,Nielsen,Nov_7_g0,0.973597359735974,0.9867986798679867,0.9692754989784693,0.5299145299145299,8,8,20,4,8,0,3,2,4,0,3,0,4H,3H,0.8499402757453793,19,60,True,True,True,True,0
top_ten,svm,occupancy_bin,full,6,unith,6,Nielsen,Nov_7_g0,0.973597359735974,0.9867986798679867,0.9692754989784693,0.5299145299145299,8,8,20,4,8,0,3,3,4,0,4,0,4H,4H,0.9202450096688253,19,19,True,True,True,True,0
top_ten,svm,occupancy_bin,full,6,unith,6,Nielsen,Nov_7_g0,0.973597359735974,0.9867986798679867,0.9692754989784693,0.5299145299145299,8,2,20,4,8,0,3,4,4,0,5,0,4H,5H,0.7431051611083537,19,4,True,True,True,False,0
top_ten,svm,occupancy_bin,full,6,unith,6,Nielsen,Nov_7_g0,0.973597359735974,0.9867986798679867,0.9692754989784693,0.5299145299145299,8,,20,4,8,0,3,5,4,0,6,0,4H,6H,,19,0,True,False,True,False,0
top_ten,svm,occupancy_bin,full,6,unith,6,Nielsen,Nov_7_g0,0.973597359735974,0.9867986798679867,0.9692754989784693,0.5299145299145299,8,,20,4,8,0,3,6,4,0,1,1,4H,1S,,19,0,True,False,True,False,0
top_ten,svm,occupancy_bin,full,6,unith,6,Nielsen,Nov_7_g0,0.973597359735974,0.9867986798679867,0.9692754989784693,0.5299145299145299,8,8,20,4,8,0,3,7,4,0,2,1,4H,2S,0.8634576685267412,19,20,True,True,True,True,0
top_ten,svm,occupancy_bin,full,6,unith,6,Nielsen,Nov_7_g0,0.973597359735974,0.9867986798679867,0.9692754989784693,0.5299145299145299,8,8,20,4,8,0,3,8,4,0,3,1,4H,3S,0.8297521170704721,19,16,True,True,True,True,0
top_ten,svm,occupancy_bin,full,6,unith,6,Nielsen,Nov_7_g0,0.973597359735974,0.9867986798679867,0.9692754989784693,0.5299145299145299,8,8,20,4,8,0,3,9,4,0,4,1,4H,4S,0.9223201069919413,19,49,True,True,True,True,0
top_ten,svm,occupancy_bin,full,6,unith,6,Nielsen,Nov_7_g0,0.973597359735974,0.9867986798679867,0.9692754989784693,0.5299145299145299,8,8,20,4,8,0,3,10,4,0,5,1,4H,5S,0.8365018131791796,19,80,True,True,True,True,0
top_ten,svm,occupancy_bin,full,6,unith,6,Nielsen,Nov_7_g0,0.973597359735974,0.9867986798679867,0.9692754989784693,0.5299145299145299,8,8,20,4,8,0,3,11,4,0,6,1,4H,6S,0.9005695759442952,19,98,True,True,True,True,0
top_ten,svm,occupancy_bin,full,6,unith,6,Nielsen,Nov_7_g0,0.973597359735974,0.9867986798679867,0.9692754989784693,0.5299145299145299,2,8,20,4,8,0,4,0,5,0,1,0,5H,1H,0.5699867819483678,4,61,True,True,False,True,0
top_ten,svm,occupancy_bin,full,6,unith,6,Nielsen,Nov_7_g0,0.973597359735974,0.9867986798679867,0.9692754989784693,0.5299145299145299,2,8,20,4,8,0,4,1,5,0,2,0,5H,2H,0.65819747654009,4,54,True,True,False,True,0
top_ten,svm,occupancy_bin,full,6,unith,6,Nielsen,Nov_7_g0,0.973597359735974,0.9867986798679867,0.9692754989784693,0.5299145299145299,2,8,20,4,8,0,4,2,5,0,3,0,5H,3H,0.6777285624534953,4,60,True,True,False,True,0
top_ten,svm,occupancy_bin,full,6,unith,6,Nielsen,Nov_7_g0,0.973597359735974,0.9867986798679867,0.9692754989784693,0.5299145299145299,2,8,20,4,8,0,4,3,5,0,4,0,5H,4H,0.7431051611083537,4,19,True,True,False,True,0
top_ten,svm,occupancy_bin,full,6,unith,6,Nielsen,Nov_7_g0,0.973597359735974,0.9867986798679867,0.9692754989784693,0.5299145299145299,2,2,20,4,8,0,4,4,5,0,5,0,5H,5H,0.5376407593296306,4,4,True,True,False,False,0
top_ten,svm,occupancy_bin,full,6,unith,6,Nielsen,Nov_7_g0,0.973597359735974,0.9867986798679867,0.9692754989784693,0.5299145299145299,2,,20,4,8,0,4,5,5,0,6,0,5H,6H,,4,0,True,False,False,False,0
top_ten,svm,occupancy_bin,full,6,unith,6,Nielsen,Nov_7_g0,0.973597359735974,0.9867986798679867,0.9692754989784693,0.5299145299145299,2,,20,4,8,0,4,6,5,0,1,1,5H,1S,,4,0,True,False,False,False,0
top_ten,svm,occupancy_bin,full,6,unith,6,Nielsen,Nov_7_g0,0.973597359735974,0.9867986798679867,0.9692754989784693,0.5299145299145299,2,8,20,4,8,0,4,7,5,0,2,1,5H,2S,0.6999336269239858,4,20,True,True,False,True,0
top_ten,svm,occupancy_bin,full,6,unith,6,Nielsen,Nov_7_g0,0.973597359735974,0.9867986798679867,0.9692754989784693,0.5299145299145299,2,8,20,4,8,0,4,8,5,0,3,1,5H,3S,0.5314663317484434,4,16,True,True,False,True,0
top_ten,svm,occupancy_bin,full,6,unith,6,Nielsen,Nov_7_g0,0.973597359735974,0.9867986798679867,0.9692754989784693,0.5299145299145299,2,8,20,4,8,0,4,9,5,0,4,1,5H,4S,0.7298345193713264,4,49,True,True,False,True,0
top_ten,svm,occupancy_bin,full,6,unith,6,Nielsen,Nov_7_g0,0.973597359735974,0.9867986798679867,0.9692754989784693,0.5299145299145299,2,8,20,4,8,0,4,10,5,0,5,1,5H,5S,0.7137820230263865,4,80,True,True,False,True,0
top_ten,svm,occupancy_bin,full,6,unith,6,Nielsen,Nov_7_g0,0.973597359735974,0.9867986798679867,0.9692754989784693,0.5299145299145299,2,8,20,4,8,0,4,11,5,0,6,1,5H,6S,0.771394020253892,4,98,True,True,False,True,0
top_ten,svm,occupancy_bin,full,6,unith,6,Nielsen,Nov_7_g0,0.973597359735974,0.9867986798679867,0.9692754989784693,0.5299145299145299,,8,20,4,8,0,5,0,6,0,1,0,6H,1H,,0,61,False,True,False,True,0
top_ten,svm,occupancy_bin,full,6,unith,6,Nielsen,Nov_7_g0,0.973597359735974,0.9867986798679867,0.9692754989784693,0.5299145299145299,,8,20,4,8,0,5,1,6,0,2,0,6H,2H,,0,54,False,True,False,True,0
top_ten,svm,occupancy_bin,full,6,unith,6,Nielsen,Nov_7_g0,0.973597359735974,0.9867986798679867,0.9692754989784693,0.5299145299145299,,8,20,4,8,0,5,2,6,0,3,0,6H,3H,,0,60,False,True,False,True,0
top_ten,svm,occupancy_bin,full,6,unith,6,Nielsen,Nov_7_g0,0.973597359735974,0.9867986798679867,0.9692754989784693,0.5299145299145299,,8,20,4,8,0,5,3,6,0,4,0,6H,4H,,0,19,False,True,False,True,0
top_ten,svm,occupancy_bin,full,6,unith,6,Nielsen,Nov_7_g0,0.973597359735974,0.9867986798679867,0.9692754989784693,0.5299145299145299,,2,20,4,8,0,5,4,6,0,5,0,6H,5H,,0,4,False,True,False,False,0
top_ten,svm,occupancy_bin,full,6,unith,6,Nielsen,Nov_7_g0,0.973597359735974,0.9867986798679867,0.9692754989784693,0.5299145299145299,,,20,4,8,0,5,5,6,0,6,0,6H,6H,,0,0,False,False,False,False,0
top_ten,svm,occupancy_bin,full,6,unith,6,Nielsen,Nov_7_g0,0.973597359735974,0.9867986798679867,0.9692754989784693,0.5299145299145299,,,20,4,8,0,5,6,6,0,1,1,6H,1S,,0,0,False,False,False,False,0
top_ten,svm,occupancy_bin,full,6,unith,6,Nielsen,Nov_7_g0,0.973597359735974,0.9867986798679867,0.9692754989784693,0.5299145299145299,,8,20,4,8,0,5,7,6,0,2,1,6H,2S,,0,20,False,True,False,True,0
top_ten,svm,occupancy_bin,full,6,unith,6,Nielsen,Nov_7_g0,0.973597359735974,0.9867986798679867,0.9692754989784693,0.5299145299145299,,8,20,4,8,0,5,8,6,0,3,1,6H,3S,,0,16,False,True,False,True,0
top_ten,svm,occupancy_bin,full,6,unith,6,Nielsen,Nov_7_g0,0.973597359735974,0.9867986798679867,0.9692754989784693,0.5299145299145299,,8,20,4,8,0,5,9,6,0,4,1,6H,4S,,0,49,False,True,False,True,0
top_ten,svm,occupancy_bin,full,6,unith,6,Nielsen,Nov_7_g0,0.973597359735974,0.9867986798679867,0.9692754989784693,0.5299145299145299,,8,20,4,8,0,5,10,6,0,5,1,6H,5S,,0,80,False,True,False,True,0
top_ten,svm,occupancy_bin,full,6,unith,6,Nielsen,Nov_7_g0,0.973597359735974,0.9867986798679867,0.9692754989784693,0.5299145299145299,,8,20,4,8,0,5,11,6,0,6,1,6H,6S,,0,98,False,True,False,True,0
top_ten,svm,occupancy_bin,full,6,unith,6,Nielsen,Nov_7_g0,0.973597359735974,0.9867986798679867,0.9692754989784693,0.5299145299145299,,8,20,4,8,0,6,0,1,1,1,0,1S,1H,,0,61,False,True,False,True,0
top_ten,svm,occupancy_bin,full,6,unith,6,Nielsen,Nov_7_g0,0.973597359735974,0.9867986798679867,0.9692754989784693,0.5299145299145299,,8,20,4,8,0,6,1,1,1,2,0,1S,2H,,0,54,False,True,False,True,0
top_ten,svm,occupancy_bin,full,6,unith,6,Nielsen,Nov_7_g0,0.973597359735974,0.9867986798679867,0.9692754989784693,0.5299145299145299,,8,20,4,8,0,6,2,1,1,3,0,1S,3H,,0,60,False,True,False,True,0
top_ten,svm,occupancy_bin,full,6,unith,6,Nielsen,Nov_7_g0,0.973597359735974,0.9867986798679867,0.9692754989784693,0.5299145299145299,,8,20,4,8,0,6,3,1,1,4,0,1S,4H,,0,19,False,True,False,True,0
top_ten,svm,occupancy_bin,full,6,unith,6,Nielsen,Nov_7_g0,0.973597359735974,0.9867986798679867,0.9692754989784693,0.5299145299145299,,2,20,4,8,0,6,4,1,1,5,0,1S,5H,,0,4,False,True,False,False,0
top_ten,svm,occupancy_bin,full,6,unith,6,Nielsen,Nov_7_g0,0.973597359735974,0.9867986798679867,0.9692754989784693,0.5299145299145299,,,20,4,8,0,6,5,1,1,6,0,1S,6H,,0,0,False,False,False,False,0
top_ten,svm,occupancy_bin,full,6,unith,6,Nielsen,Nov_7_g0,0.973597359735974,0.9867986798679867,0.9692754989784693,0.5299145299145299,,,20,4,8,0,6,6,1,1,1,1,1S,1S,,0,0,False,False,False,False,0
top_ten,svm,occupancy_bin,full,6,unith,6,Nielsen,Nov_7_g0,0.973597359735974,0.9867986798679867,0.9692754989784693,0.5299145299145299,,8,20,4,8,0,6,7,1,1,2,1,1S,2S,,0,20,False,True,False,True,0
top_ten,svm,occupancy_bin,full,6,unith,6,Nielsen,Nov_7_g0,0.973597359735974,0.9867986798679867,0.9692754989784693,0.5299145299145299,,8,20,4,8,0,6,8,1,1,3,1,1S,3S,,0,16,False,True,False,True,0
top_ten,svm,occupancy_bin,full,6,unith,6,Nielsen,Nov_7_g0,0.973597359735974,0.9867986798679867,0.9692754989784693,0.5299145299145299,,8,20,4,8,0,6,9,1,1,4,1,1S,4S,,0,49,False,True,False,True,0
top_ten,svm,occupancy_bin,full,6,unith,6,Nielsen,Nov_7_g0,0.973597359735974,0.9867986798679867,0.9692754989784693,0.5299145299145299,,8,20,4,8,0,6,10,1,1,5,1,1S,5S,,0,80,False,True,False,True,0
top_ten,svm,occupancy_bin,full,6,unith,6,Nielsen,Nov_7_g0,0.973597359735974,0.9867986798679867,0.9692754989784693,0.5299145299145299,,8,20,4,8,0,6,11,1,1,6,1,1S,6S,,0,98,False,True,False,True,0
top_ten,svm,occupancy_bin,full,6,unith,6,Nielsen,Nov_7_g0,0.973597359735974,0.9867986798679867,0.9692754989784693,0.5299145299145299,8,8,20,4,8,0,7,0,2,1,1,0,2S,1H,0.8331458054637173,20,61,True,True,True,True,0
top_ten,svm,occupancy_bin,full,6,unith,6,Nielsen,Nov_7_g0,0.973597359735974,0.9867986798679867,0.9692754989784693,0.5299145299145299,8,8,20,4,8,0,7,1,2,1,2,0,2S,2H,0.8643471234282931,20,54,True,True,True,True,0
top_ten,svm,occupancy_bin,full,6,unith,6,Nielsen,Nov_7_g0,0.973597359735974,0.9867986798679867,0.9692754989784693,0.5299145299145299,8,8,20,4,8,0,7,2,2,1,3,0,2S,3H,0.8699373604700747,20,60,True,True,True,True,0
top_ten,svm,occupancy_bin,full,6,unith,6,Nielsen,Nov_7_g0,0.973597359735974,0.9867986798679867,0.9692754989784693,0.5299145299145299,8,8,20,4,8,0,7,3,2,1,4,0,2S,4H,0.8634576685267412,20,19,True,True,True,True,0
top_ten,svm,occupancy_bin,full,6,unith,6,Nielsen,Nov_7_g0,0.973597359735974,0.9867986798679867,0.9692754989784693,0.5299145299145299,8,2,20,4,8,0,7,4,2,1,5,0,2S,5H,0.6999336269239858,20,4,True,True,True,False,0
top_ten,svm,occupancy_bin,full,6,unith,6,Nielsen,Nov_7_g0,0.973597359735974,0.9867986798679867,0.9692754989784693,0.5299145299145299,8,,20,4,8,0,7,5,2,1,6,0,2S,6H,,20,0,True,False,True,False,0
top_ten,svm,occupancy_bin,full,6,unith,6,Nielsen,Nov_7_g0,0.973597359735974,0.9867986798679867,0.9692754989784693,0.5299145299145299,8,,20,4,8,0,7,6,2,1,1,1,2S,1S,,20,0,True,False,True,False,0
top_ten,svm,occupancy_bin,full,6,unith,6,Nielsen,Nov_7_g0,0.973597359735974,0.9867986798679867,0.9692754989784693,0.5299145299145299,8,8,20,4,8,0,7,7,2,1,2,1,2S,2S,0.7964209527480324,20,20,True,True,True,True,0
top_ten,svm,occupancy_bin,full,6,unith,6,Nielsen,Nov_7_g0,0.973597359735974,0.9867986798679867,0.9692754989784693,0.5299145299145299,8,8,20,4,8,0,7,8,2,1,3,1,2S,3S,0.8825611160588747,20,16,True,True,True,True,0
top_ten,svm,occupancy_bin,full,6,unith,6,Nielsen,Nov_7_g0,0.973597359735974,0.9867986798679867,0.9692754989784693,0.5299145299145299,8,8,20,4,8,0,7,9,2,1,4,1,2S,4S,0.8287497535152116,20,49,True,True,True,True,0
top_ten,svm,occupancy_bin,full,6,unith,6,Nielsen,Nov_7_g0,0.973597359735974,0.9867986798679867,0.9692754989784693,0.5299145299145299,8,8,20,4,8,0,7,10,2,1,5,1,2S,5S,0.8070777322195866,20,80,True,True,True,True,0
top_ten,svm,occupancy_bin,full,6,unith,6,Nielsen,Nov_7_g0,0.973597359735974,0.9867986798679867,0.9692754989784693,0.5299145299145299,8,8,20,4,8,0,7,11,2,1,6,1,2S,6S,0.7588574356412472,20,98,True,True,True,True,0
top_ten,svm,occupancy_bin,full,6,unith,6,Nielsen,Nov_7_g0,0.973597359735974,0.9867986798679867,0.9692754989784693,0.5299145299145299,8,8,20,4,8,0,8,0,3,1,1,0,3S,1H,0.8400541783067148,16,61,True,True,True,True,0
top_ten,svm,occupancy_bin,full,6,unith,6,Nielsen,Nov_7_g0,0.973597359735974,0.9867986798679867,0.9692754989784693,0.5299145299145299,8,8,20,4,8,0,8,1,3,1,2,0,3S,2H,0.8370509343024933,16,54,True,True,True,True,0
top_ten,svm,occupancy_bin,full,6,unith,6,Nielsen,Nov_7_g0,0.973597359735974,0.9867986798679867,0.9692754989784693,0.5299145299145299,8,8,20,4,8,0,8,2,3,1,3,0,3S,3H,0.8266128399831171,16,60,True,True,True,True,0
top_ten,svm,occupancy_bin,full,6,unith,6,Nielsen,Nov_7_g0,0.973597359735974,0.9867986798679867,0.9692754989784693,0.5299145299145299,8,8,20,4,8,0,8,3,3,1,4,0,3S,4H,0.8297521170704721,16,19,True,True,True,True,0
top_ten,svm,occupancy_bin,full,6,unith,6,Nielsen,Nov_7_g0,0.973597359735974,0.9867986798679867,0.9692754989784693,0.5299145299145299,8,2,20,4,8,0,8,4,3,1,5,0,3S,5H,0.5314663317484434,16,4,True,True,True,False,0
top_ten,svm,occupancy_bin,full,6,unith,6,Nielsen,Nov_7_g0,0.973597359735974,0.9867986798679867,0.9692754989784693,0.5299145299145299,8,,20,4,8,0,8,5,3,1,6,0,3S,6H,,16,0,True,False,True,False,0
top_ten,svm,occupancy_bin,full,6,unith,6,Nielsen,Nov_7_g0,0.973597359735974,0.9867986798679867,0.9692754989784693,0.5299145299145299,8,,20,4,8,0,8,6,3,1,1,1,3S,1S,,16,0,True,False,True,False,0
top_ten,svm,occupancy_bin,full,6,unith,6,Nielsen,Nov_7_g0,0.973597359735974,0.9867986798679867,0.9692754989784693,0.5299145299145299,8,8,20,4,8,0,8,7,3,1,2,1,3S,2S,0.8825611160588747,16,20,True,True,True,True,0
top_ten,svm,occupancy_bin,full,6,unith,6,Nielsen,Nov_7_g0,0.973597359735974,0.9867986798679867,0.9692754989784693,0.5299145299145299,8,8,20,4,8,0,8,8,3,1,3,1,3S,3S,0.8781726148480955,16,16,True,True,True,True,0
top_ten,svm,occupancy_bin,full,6,unith,6,Nielsen,Nov_7_g0,0.973597359735974,0.9867986798679867,0.9692754989784693,0.5299145299145299,8,8,20,4,8,0,8,9,3,1,4,1,3S,4S,0.796137123170379,16,49,True,True,True,True,0
top_ten,svm,occupancy_bin,full,6,unith,6,Nielsen,Nov_7_g0,0.973597359735974,0.9867986798679867,0.9692754989784693,0.5299145299145299,8,8,20,4,8,0,8,10,3,1,5,1,3S,5S,0.72175715020092,16,80,True,True,True,True,0
top_ten,svm,occupancy_bin,full,6,unith,6,Nielsen,Nov_7_g0,0.973597359735974,0.9867986798679867,0.9692754989784693,0.5299145299145299,8,8,20,4,8,0,8,11,3,1,6,1,3S,6S,0.687718245506558,16,98,True,True,True,True,0
top_ten,svm,occupancy_bin,full,6,unith,6,Nielsen,Nov_7_g0,0.973597359735974,0.9867986798679867,0.9692754989784693,0.5299145299145299,8,8,20,4,8,0,9,0,4,1,1,0,4S,1H,0.8097681623028758,49,61,True,True,True,True,0
top_ten,svm,occupancy_bin,full,6,unith,6,Nielsen,Nov_7_g0,0.973597359735974,0.9867986798679867,0.9692754989784693,0.5299145299145299,8,8,20,4,8,0,9,1,4,1,2,0,4S,2H,0.8529336831038371,49,54,True,True,True,True,0
top_ten,svm,occupancy_bin,full,6,unith,6,Nielsen,Nov_7_g0,0.973597359735974,0.9867986798679867,0.9692754989784693,0.5299145299145299,8,8,20,4,8,0,9,2,4,1,3,0,4S,3H,0.8396157584767471,49,60,True,True,True,True,0
top_ten,svm,occupancy_bin,full,6,unith,6,Nielsen,Nov_7_g0,0.973597359735974,0.9867986798679867,0.9692754989784693,0.5299145299145299,8,8,20,4,8,0,9,3,4,1,4,0,4S,4H,0.9223201069919413,49,19,True,True,True,True,0
top_ten,svm,occupancy_bin,full,6,unith,6,Nielsen,Nov_7_g0,0.973597359735974,0.9867986798679867,0.9692754989784693,0.5299145299145299,8,2,20,4,8,0,9,4,4,1,5,0,4S,5H,0.7298345193713264,49,4,True,True,True,False,0
top_ten,svm,occupancy_bin,full,6,unith,6,Nielsen,Nov_7_g0,0.973597359735974,0.9867986798679867,0.9692754989784693,0.5299145299145299,8,,20,4,8,0,9,5,4,1,6,0,4S,6H,,49,0,True,False,True,False,0
top_ten,svm,occupancy_bin,full,6,unith,6,Nielsen,Nov_7_g0,0.973597359735974,0.9867986798679867,0.9692754989784693,0.5299145299145299,8,,20,4,8,0,9,6,4,1,1,1,4S,1S,,49,0,True,False,True,False,0
top_ten,svm,occupancy_bin,full,6,unith,6,Nielsen,Nov_7_g0,0.973597359735974,0.9867986798679867,0.9692754989784693,0.5299145299145299,8,8,20,4,8,0,9,7,4,1,2,1,4S,2S,0.8287497535152116,49,20,True,True,True,True,0
top_ten,svm,occupancy_bin,full,6,unith,6,Nielsen,Nov_7_g0,0.973597359735974,0.9867986798679867,0.9692754989784693,0.5299145299145299,8,8,20,4,8,0,9,8,4,1,3,1,4S,3S,0.796137123170379,49,16,True,True,True,True,0
top_ten,svm,occupancy_bin,full,6,unith,6,Nielsen,Nov_7_g0,0.973597359735974,0.9867986798679867,0.9692754989784693,0.5299145299145299,8,8,20,4,8,0,9,9,4,1,4,1,4S,4S,0.9098934700228096,49,49,True,True,True,True,0
top_ten,svm,occupancy_bin,full,6,unith,6,Nielsen,Nov_7_g0,0.973597359735974,0.9867986798679867,0.9692754989784693,0.5299145299145299,8,8,20,4,8,0,9,10,4,1,5,1,4S,5S,0.8321277806285619,49,80,True,True,True,True,0
top_ten,svm,occupancy_bin,full,6,unith,6,Nielsen,Nov_7_g0,0.973597359735974,0.9867986798679867,0.9692754989784693,0.5299145299145299,8,8,20,4,8,0,9,11,4,1,6,1,4S,6S,0.9048878897702843,49,98,True,True,True,True,0
top_ten,svm,occupancy_bin,full,6,unith,6,Nielsen,Nov_7_g0,0.973597359735974,0.9867986798679867,0.9692754989784693,0.5299145299145299,8,8,20,4,8,0,10,0,5,1,1,0,5S,1H,0.7974125093625267,80,61,True,True,True,True,0
top_ten,svm,occupancy_bin,full,6,unith,6,Nielsen,Nov_7_g0,0.973597359735974,0.9867986798679867,0.9692754989784693,0.5299145299145299,8,8,20,4,8,0,10,1,5,1,2,0,5S,2H,0.826146945457813,80,54,True,True,True,True,0
top_ten,svm,occupancy_bin,full,6,unith,6,Nielsen,Nov_7_g0,0.973597359735974,0.9867986798679867,0.9692754989784693,0.5299145299145299,8,8,20,4,8,0,10,2,5,1,3,0,5S,3H,0.8279791944185039,80,60,True,True,True,True,0
top_ten,svm,occupancy_bin,full,6,unith,6,Nielsen,Nov_7_g0,0.973597359735974,0.9867986798679867,0.9692754989784693,0.5299145299145299,8,8,20,4,8,0,10,3,5,1,4,0,5S,4H,0.8365018131791796,80,19,True,True,True,True,0
top_ten,svm,occupancy_bin,full,6,unith,6,Nielsen,Nov_7_g0,0.973597359735974,0.9867986798679867,0.9692754989784693,0.5299145299145299,8,2,20,4,8,0,10,4,5,1,5,0,5S,5H,0.7137820230263865,80,4,True,True,True,False,0
top_ten,svm,occupancy_bin,full,6,unith,6,Nielsen,Nov_7_g0,0.973597359735974,0.9867986798679867,0.9692754989784693,0.5299145299145299,8,,20,4,8,0,10,5,5,1,6,0,5S,6H,,80,0,True,False,True,False,0
top_ten,svm,occupancy_bin,full,6,unith,6,Nielsen,Nov_7_g0,0.973597359735974,0.9867986798679867,0.9692754989784693,0.5299145299145299,8,,20,4,8,0,10,6,5,1,1,1,5S,1S,,80,0,True,False,True,False,0
top_ten,svm,occupancy_bin,full,6,unith,6,Nielsen,Nov_7_g0,0.973597359735974,0.9867986798679867,0.9692754989784693,0.5299145299145299,8,8,20,4,8,0,10,7,5,1,2,1,5S,2S,0.8070777322195866,80,20,True,True,True,True,0
top_ten,svm,occupancy_bin,full,6,unith,6,Nielsen,Nov_7_g0,0.973597359735974,0.9867986798679867,0.9692754989784693,0.5299145299145299,8,8,20,4,8,0,10,8,5,1,3,1,5S,3S,0.72175715020092,80,16,True,True,True,True,0
top_ten,svm,occupancy_bin,full,6,unith,6,Nielsen,Nov_7_g0,0.973597359735974,0.9867986798679867,0.9692754989784693,0.5299145299145299,8,8,20,4,8,0,10,9,5,1,4,1,5S,4S,0.8321277806285619,80,49,True,True,True,True,0
top_ten,svm,occupancy_bin,full,6,unith,6,Nielsen,Nov_7_g0,0.973597359735974,0.9867986798679867,0.9692754989784693,0.5299145299145299,8,8,20,4,8,0,10,10,5,1,5,1,5S,5S,0.8644388415768798,80,80,True,True,True,True,0
top_ten,svm,occupancy_bin,full,6,unith,6,Nielsen,Nov_7_g0,0.973597359735974,0.9867986798679867,0.9692754989784693,0.5299145299145299,8,8,20,4,8,0,10,11,5,1,6,1,5S,6S,0.7958856836281568,80,98,True,True,True,True,0
top_ten,svm,occupancy_bin,full,6,unith,6,Nielsen,Nov_7_g0,0.973597359735974,0.9867986798679867,0.9692754989784693,0.5299145299145299,8,8,20,4,8,0,11,0,6,1,1,0,6S,1H,0.7542565018107433,98,61,True,True,True,True,0
top_ten,svm,occupancy_bin,full,6,unith,6,Nielsen,Nov_7_g0,0.973597359735974,0.9867986798679867,0.9692754989784693,0.5299145299145299,8,8,20,4,8,0,11,1,6,1,2,0,6S,2H,0.7781309083049863,98,54,True,True,True,True,0
top_ten,svm,occupancy_bin,full,6,unith,6,Nielsen,Nov_7_g0,0.973597359735974,0.9867986798679867,0.9692754989784693,0.5299145299145299,8,8,20,4,8,0,11,2,6,1,3,0,6S,3H,0.7595205601374218,98,60,True,True,True,True,0
top_ten,svm,occupancy_bin,full,6,unith,6,Nielsen,Nov_7_g0,0.973597359735974,0.9867986798679867,0.9692754989784693,0.5299145299145299,8,8,20,4,8,0,11,3,6,1,4,0,6S,4H,0.9005695759442952,98,19,True,True,True,True,0
top_ten,svm,occupancy_bin,full,6,unith,6,Nielsen,Nov_7_g0,0.973597359735974,0.9867986798679867,0.9692754989784693,0.5299145299145299,8,2,20,4,8,0,11,4,6,1,5,0,6S,5H,0.771394020253892,98,4,True,True,True,False,0
top_ten,svm,occupancy_bin,full,6,unith,6,Nielsen,Nov_7_g0,0.973597359735974,0.9867986798679867,0.9692754989784693,0.5299145299145299,8,,20,4,8,0,11,5,6,1,6,0,6S,6H,,98,0,True,False,True,False,0
top_ten,svm,occupancy_bin,full,6,unith,6,Nielsen,Nov_7_g0,0.973597359735974,0.9867986798679867,0.9692754989784693,0.5299145299145299,8,,20,4,8,0,11,6,6,1,1,1,6S,1S,,98,0,True,False,True,False,0
top_ten,svm,occupancy_bin,full,6,unith,6,Nielsen,Nov_7_g0,0.973597359735974,0.9867986798679867,0.9692754989784693,0.5299145299145299,8,8,20,4,8,0,11,7,6,1,2,1,6S,2S,0.7588574356412472,98,20,True,True,True,True,0
top_ten,svm,occupancy_bin,full,6,unith,6,Nielsen,Nov_7_g0,0.973597359735974,0.9867986798679867,0.9692754989784693,0.5299145299145299,8,8,20,4,8,0,11,8,6,1,3,1,6S,3S,0.687718245506558,98,16,True,True,True,True,0
top_ten,svm,occupancy_bin,full,6,unith,6,Nielsen,Nov_7_g0,0.973597359735974,0.9867986798679867,0.9692754989784693,0.5299145299145299,8,8,20,4,8,0,11,9,6,1,4,1,6S,4S,0.9048878897702843,98,49,True,True,True,True,0
top_ten,svm,occupancy_bin,full,6,unith,6,Nielsen,Nov_7_g0,0.973597359735974,0.9867986798679867,0.9692754989784693,0.5299145299145299,8,8,20,4,8,0,11,10,6,1,5,1,6S,5S,0.7958856836281568,98,80,True,True,True,True,0
top_ten,svm,occupancy_bin,full,6,unith,6,Nielsen,Nov_7_g0,0.973597359735974,0.9867986798679867,0.9692754989784693,0.5299145299145299,8,8,20,4,8,0,11,11,6,1,6,1,6S,6S,0.9114771636086934,98,98,True,True,True,True,0
top_ten,svm,occupancy_bin,full,6,unith,6,Nielsen,Nov_9_g0,0.957720588235294,0.9620655080213905,0.9217914438502673,0.593607305936073,9,9,20,4,8,0,0,0,1,0,1,0,1H,1H,0.8580328494402718,62,62,True,True,True,True,0
top_ten,svm,occupancy_bin,full,6,unith,6,Nielsen,Nov_9_g0,0.957720588235294,0.9620655080213905,0.9217914438502673,0.593607305936073,9,9,20,4,8,0,0,1,1,0,2,0,1H,2H,0.7891216918841925,62,38,True,True,True,True,0
top_ten,svm,occupancy_bin,full,6,unith,6,Nielsen,Nov_9_g0,0.957720588235294,0.9620655080213905,0.9217914438502673,0.593607305936073,9,9,20,4,8,0,0,2,1,0,3,0,1H,3H,0.8450008160194115,62,72,True,True,True,True,0
top_ten,svm,occupancy_bin,full,6,unith,6,Nielsen,Nov_9_g0,0.957720588235294,0.9620655080213905,0.9217914438502673,0.593607305936073,9,9,20,4,8,0,0,3,1,0,4,0,1H,4H,0.7855754564285532,62,34,True,True,True,True,0
top_ten,svm,occupancy_bin,full,6,unith,6,Nielsen,Nov_9_g0,0.957720588235294,0.9620655080213905,0.9217914438502673,0.593607305936073,9,9,20,4,8,0,0,4,1,0,5,0,1H,5H,0.7670105969193017,62,19,True,True,True,True,0
top_ten,svm,occupancy_bin,full,6,unith,6,Nielsen,Nov_9_g0,0.957720588235294,0.9620655080213905,0.9217914438502673,0.593607305936073,9,,20,4,8,0,0,5,1,0,6,0,1H,6H,,62,0,True,False,True,False,0
top_ten,svm,occupancy_bin,full,6,unith,6,Nielsen,Nov_9_g0,0.957720588235294,0.9620655080213905,0.9217914438502673,0.593607305936073,9,,20,4,8,0,0,6,1,0,1,1,1H,1S,,62,0,True,False,True,False,0
top_ten,svm,occupancy_bin,full,6,unith,6,Nielsen,Nov_9_g0,0.957720588235294,0.9620655080213905,0.9217914438502673,0.593607305936073,9,9,20,4,8,0,0,7,1,0,2,1,1H,2S,0.7540979779048546,62,20,True,True,True,True,0
top_ten,svm,occupancy_bin,full,6,unith,6,Nielsen,Nov_9_g0,0.957720588235294,0.9620655080213905,0.9217914438502673,0.593607305936073,9,3,20,4,8,0,0,8,1,0,3,1,1H,3S,0.8309433695617944,62,6,True,True,True,False,0
top_ten,svm,occupancy_bin,full,6,unith,6,Nielsen,Nov_9_g0,0.957720588235294,0.9620655080213905,0.9217914438502673,0.593607305936073,9,9,20,4,8,0,0,9,1,0,4,1,1H,4S,0.7429961761876578,62,39,True,True,True,True,0
top_ten,svm,occupancy_bin,full,6,unith,6,Nielsen,Nov_9_g0,0.957720588235294,0.9620655080213905,0.9217914438502673,0.593607305936073,9,9,20,4,8,0,0,10,1,0,5,1,1H,5S,0.8472842829293035,62,64,True,True,True,True,0
top_ten,svm,occupancy_bin,full,6,unith,6,Nielsen,Nov_9_g0,0.957720588235294,0.9620655080213905,0.9217914438502673,0.593607305936073,9,9,20,4,8,0,0,11,1,0,6,1,1H,6S,0.708303748509941,62,82,True,True,True,True,0
top_ten,svm,occupancy_bin,full,6,unith,6,Nielsen,Nov_9_g0,0.957720588235294,0.9620655080213905,0.9217914438502673,0.593607305936073,9,9,20,4,8,0,1,0,2,0,1,0,2H,1H,0.7891216918841925,38,62,True,True,True,True,0
top_ten,svm,occupancy_bin,full,6,unith,6,Nielsen,Nov_9_g0,0.957720588235294,0.9620655080213905,0.9217914438502673,0.593607305936073,9,9,20,4,8,0,1,1,2,0,2,0,2H,2H,0.9086632735203057,38,38,True,True,True,True,0
top_ten,svm,occupancy_bin,full,6,unith,6,Nielsen,Nov_9_g0,0.957720588235294,0.9620655080213905,0.9217914438502673,0.593607305936073,9,9,20,4,8,0,1,2,2,0,3,0,2H,3H,0.7239980272989379,38,72,True,True,True,True,0
top_ten,svm,occupancy_bin,full,6,unith,6,Nielsen,Nov_9_g0,0.957720588235294,0.9620655080213905,0.9217914438502673,0.593607305936073,9,9,20,4,8,0,1,3,2,0,4,0,2H,4H,0.9082155112576882,38,34,True,True,True,True,0
top_ten,svm,occupancy_bin,full,6,unith,6,Nielsen,Nov_9_g0,0.957720588235294,0.9620655080213905,0.9217914438502673,0.593607305936073,9,9,20,4,8,0,1,4,2,0,5,0,2H,5H,0.7752872855274742,38,19,True,True,True,True,0
top_ten,svm,occupancy_bin,full,6,unith,6,Nielsen,Nov_9_g0,0.957720588235294,0.9620655080213905,0.9217914438502673,0.593607305936073,9,,20,4,8,0,1,5,2,0,6,0,2H,6H,,38,0,True,False,True,False,0
top_ten,svm,occupancy_bin,full,6,unith,6,Nielsen,Nov_9_g0,0.957720588235294,0.9620655080213905,0.9217914438502673,0.593607305936073,9,,20,4,8,0,1,6,2,0,1,1,2H,1S,,38,0,True,False,True,False,0
top_ten,svm,occupancy_bin,full,6,unith,6,Nielsen,Nov_9_g0,0.957720588235294,0.9620655080213905,0.9217914438502673,0.593607305936073,9,9,20,4,8,0,1,7,2,0,2,1,2H,2S,0.9233123936662773,38,20,True,True,True,True,0
top_ten,svm,occupancy_bin,full,6,unith,6,Nielsen,Nov_9_g0,0.957720588235294,0.9620655080213905,0.9217914438502673,0.593607305936073,9,3,20,4,8,0,1,8,2,0,3,1,2H,3S,0.6752314408313702,38,6,True,True,True,False,0
top_ten,svm,occupancy_bin,full,6,unith,6,Nielsen,Nov_9_g0,0.957720588235294,0.9620655080213905,0.9217914438502673,0.593607305936073,9,9,20,4,8,0,1,9,2,0,4,1,2H,4S,0.8676248432903074,38,39,True,True,True,True,0
top_ten,svm,occupancy_bin,full,6,unith,6,Nielsen,Nov_9_g0,0.957720588235294,0.9620655080213905,0.9217914438502673,0.593607305936073,9,9,20,4,8,0,1,10,2,0,5,1,2H,5S,0.8561042217185145,38,64,True,True,True,True,0
top_ten,svm,occupancy_bin,full,6,unith,6,Nielsen,Nov_9_g0,0.957720588235294,0.9620655080213905,0.9217914438502673,0.593607305936073,9,9,20,4,8,0,1,11,2,0,6,1,2H,6S,0.882791070073005,38,82,True,True,True,True,0
top_ten,svm,occupancy_bin,full,6,unith,6,Nielsen,Nov_9_g0,0.957720588235294,0.9620655080213905,0.9217914438502673,0.593607305936073,9,9,20,4,8,0,2,0,3,0,1,0,3H,1H,0.8450008160194115,72,62,True,True,True,True,0
top_ten,svm,occupancy_bin,full,6,unith,6,Nielsen,Nov_9_g0,0.957720588235294,0.9620655080213905,0.9217914438502673,0.593607305936073,9,9,20,4,8,0,2,1,3,0,2,0,3H,2H,0.7239980272989379,72,38,True,True,True,True,0
top_ten,svm,occupancy_bin,full,6,unith,6,Nielsen,Nov_9_g0,0.957720588235294,0.9620655080213905,0.9217914438502673,0.593607305936073,9,9,20,4,8,0,2,2,3,0,3,0,3H,3H,0.8788842708480515,72,72,True,True,True,True,0
top_ten,svm,occupancy_bin,full,6,unith,6,Nielsen,Nov_9_g0,0.957720588235294,0.9620655080213905,0.9217914438502673,0.593607305936073,9,9,20,4,8,0,2,3,3,0,4,0,3H,4H,0.7861748143239369,72,34,True,True,True,True,0
top_ten,svm,occupancy_bin,full,6,unith,6,Nielsen,Nov_9_g0,0.957720588235294,0.9620655080213905,0.9217914438502673,0.593607305936073,9,9,20,4,8,0,2,4,3,0,5,0,3H,5H,0.8534015546394084,72,19,True,True,True,True,0
top_ten,svm,occupancy_bin,full,6,unith,6,Nielsen,Nov_9_g0,0.957720588235294,0.9620655080213905,0.9217914438502673,0.593607305936073,9,,20,4,8,0,2,5,3,0,6,0,3H,6H,,72,0,True,False,True,False,0
top_ten,svm,occupancy_bin,full,6,unith,6,Nielsen,Nov_9_g0,0.957720588235294,0.9620655080213905,0.9217914438502673,0.593607305936073,9,,20,4,8,0,2,6,3,0,1,1,3H,1S,,72,0,True,False,True,False,0
top_ten,svm,occupancy_bin,full,6,unith,6,Nielsen,Nov_9_g0,0.957720588235294,0.9620655080213905,0.9217914438502673,0.593607305936073,9,9,20,4,8,0,2,7,3,0,2,1,3H,2S,0.6446386621236144,72,20,True,True,True,True,0
top_ten,svm,occupancy_bin,full,6,unith,6,Nielsen,Nov_9_g0,0.957720588235294,0.9620655080213905,0.9217914438502673,0.593607305936073,9,3,20,4,8,0,2,8,3,0,3,1,3H,3S,0.7362502881094425,72,6,True,True,True,False,0
top_ten,svm,occupancy_bin,full,6,unith,6,Nielsen,Nov_9_g0,0.957720588235294,0.9620655080213905,0.9217914438502673,0.593607305936073,9,9,20,4,8,0,2,9,3,0,4,1,3H,4S,0.7739114005249077,72,39,True,True,True,True,0
top_ten,svm,occupancy_bin,full,6,unith,6,Nielsen,Nov_9_g0,0.957720588235294,0.9620655080213905,0.9217914438502673,0.593607305936073,9,9,20,4,8,0,2,10,3,0,5,1,3H,5S,0.8331953986228132,72,64,True,True,True,True,0
top_ten,svm,occupancy_bin,full,6,unith,6,Nielsen,Nov_9_g0,0.957720588235294,0.9620655080213905,0.9217914438502673,0.593607305936073,9,9,20,4,8,0,2,11,3,0,6,1,3H,6S,0.6968109794285878,72,82,True,True,True,True,0
top_ten,svm,occupancy_bin,full,6,unith,6,Nielsen,Nov_9_g0,0.957720588235294,0.9620655080213905,0.9217914438502673,0.593607305936073,9,9,20,4,8,0,3,0,4,0,1,0,4H,1H,0.7855754564285532,34,62,True,True,True,True,0
top_ten,svm,occupancy_bin,full,6,unith,6,Nielsen,Nov_9_g0,0.957720588235294,0.9620655080213905,0.9217914438502673,0.593607305936073,9,9,20,4,8,0,3,1,4,0,2,0,4H,2H,0.9082155112576882,34,38,True,True,True,True,0
top_ten,svm,occupancy_bin,full,6,unith,6,Nielsen,Nov_9_g0,0.957720588235294,0.9620655080213905,0.9217914438502673,0.593607305936073,9,9,20,4,8,0,3,2,4,0,3,0,4H,3H,0.7861748143239369,34,72,True,True,True,True,0
top_ten,svm,occupancy_bin,full,6,unith,6,Nielsen,Nov_9_g0,0.957720588235294,0.9620655080213905,0.9217914438502673,0.593607305936073,9,9,20,4,8,0,3,3,4,0,4,0,4H,4H,0.9030058647380665,34,34,True,True,True,True,0
top_ten,svm,occupancy_bin,full,6,unith,6,Nielsen,Nov_9_g0,0.957720588235294,0.9620655080213905,0.9217914438502673,0.593607305936073,9,9,20,4,8,0,3,4,4,0,5,0,4H,5H,0.8315870344516737,34,19,True,True,True,True,0
top_ten,svm,occupancy_bin,full,6,unith,6,Nielsen,Nov_9_g0,0.957720588235294,0.9620655080213905,0.9217914438502673,0.593607305936073,9,,20,4,8,0,3,5,4,0,6,0,4H,6H,,34,0,True,False,True,False,0
top_ten,svm,occupancy_bin,full,6,unith,6,Nielsen,Nov_9_g0,0.957720588235294,0.9620655080213905,0.9217914438502673,0.593607305936073,9,,20,4,8,0,3,6,4,0,1,1,4H,1S,,34,0,True,False,True,False,0
top_ten,svm,occupancy_bin,full,6,unith,6,Nielsen,Nov_9_g0,0.957720588235294,0.9620655080213905,0.9217914438502673,0.593607305936073,9,9,20,4,8,0,3,7,4,0,2,1,4H,2S,0.882539480992698,34,20,True,True,True,True,0
top_ten,svm,occupancy_bin,full,6,unith,6,Nielsen,Nov_9_g0,0.957720588235294,0.9620655080213905,0.9217914438502673,0.593607305936073,9,3,20,4,8,0,3,8,4,0,3,1,4H,3S,0.6304427827807654,34,6,True,True,True,False,0
top_ten,svm,occupancy_bin,full,6,unith,6,Nielsen,Nov_9_g0,0.957720588235294,0.9620655080213905,0.9217914438502673,0.593607305936073,9,9,20,4,8,0,3,9,4,0,4,1,4H,4S,0.9080509146864865,34,39,True,True,True,True,0
top_ten,svm,occupancy_bin,full,6,unith,6,Nielsen,Nov_9_g0,0.957720588235294,0.9620655080213905,0.9217914438502673,0.593607305936073,9,9,20,4,8,0,3,10,4,0,5,1,4H,5S,0.8474377916021849,34,64,True,True,True,True,0
top_ten,svm,occupancy_bin,full,6,unith,6,Nielsen,Nov_9_g0,0.957720588235294,0.9620655080213905,0.9217914438502673,0.593607305936073,9,9,20,4,8,0,3,11,4,0,6,1,4H,6S,0.8994289961311412,34,82,True,True,True,True,0
top_ten,svm,occupancy_bin,full,6,unith,6,Nielsen,Nov_9_g0,0.957720588235294,0.9620655080213905,0.9217914438502673,0.593607305936073,9,9,20,4,8,0,4,0,5,0,1,0,5H,1H,0.7670105969193017,19,62,True,True,True,True,0
top_ten,svm,occupancy_bin,full,6,unith,6,Nielsen,Nov_9_g0,0.957720588235294,0.9620655080213905,0.9217914438502673,0.593607305936073,9,9,20,4,8,0,4,1,5,0,2,0,5H,2H,0.7752872855274742,19,38,True,True,True,True,0
top_ten,svm,occupancy_bin,full,6,unith,6,Nielsen,Nov_9_g0,0.957720588235294,0.9620655080213905,0.9217914438502673,0.593607305936073,9,9,20,4,8,0,4,2,5,0,3,0,5H,3H,0.8534015546394084,19,72,True,True,True,True,0
top_ten,svm,occupancy_bin,full,6,unith,6,Nielsen,Nov_9_g0,0.957720588235294,0.9620655080213905,0.9217914438502673,0.593607305936073,9,9,20,4,8,0,4,3,5,0,4,0,5H,4H,0.8315870344516737,19,34,True,True,True,True,0
top_ten,svm,occupancy_bin,full,6,unith,6,Nielsen,Nov_9_g0,0.957720588235294,0.9620655080213905,0.9217914438502673,0.593607305936073,9,9,20,4,8,0,4,4,5,0,5,0,5H,5H,0.8834747103224272,19,19,True,True,True,True,0
top_ten,svm,occupancy_bin,full,6,unith,6,Nielsen,Nov_9_g0,0.957720588235294,0.9620655080213905,0.9217914438502673,0.593607305936073,9,,20,4,8,0,4,5,5,0,6,0,5H,6H,,19,0,True,False,True,False,0
top_ten,svm,occupancy_bin,full,6,unith,6,Nielsen,Nov_9_g0,0.957720588235294,0.9620655080213905,0.9217914438502673,0.593607305936073,9,,20,4,8,0,4,6,5,0,1,1,5H,1S,,19,0,True,False,True,False,0
top_ten,svm,occupancy_bin,full,6,unith,6,Nielsen,Nov_9_g0,0.957720588235294,0.9620655080213905,0.9217914438502673,0.593607305936073,9,9,20,4,8,0,4,7,5,0,2,1,5H,2S,0.6912369488489394,19,20,True,True,True,True,0
top_ten,svm,occupancy_bin,full,6,unith,6,Nielsen,Nov_9_g0,0.957720588235294,0.9620655080213905,0.9217914438502673,0.593607305936073,9,3,20,4,8,0,4,8,5,0,3,1,5H,3S,0.6465041869397598,19,6,True,True,True,False,0
top_ten,svm,occupancy_bin,full,6,unith,6,Nielsen,Nov_9_g0,0.957720588235294,0.9620655080213905,0.9217914438502673,0.593607305936073,9,9,20,4,8,0,4,9,5,0,4,1,5H,4S,0.8870688232073247,19,39,True,True,True,True,0
top_ten,svm,occupancy_bin,full,6,unith,6,Nielsen,Nov_9_g0,0.957720588235294,0.9620655080213905,0.9217914438502673,0.593607305936073,9,9,20,4,8,0,4,10,5,0,5,1,5H,5S,0.8365012879146694,19,64,True,True,True,True,0
top_ten,svm,occupancy_bin,full,6,unith,6,Nielsen,Nov_9_g0,0.957720588235294,0.9620655080213905,0.9217914438502673,0.593607305936073,9,9,20,4,8,0,4,11,5,0,6,1,5H,6S,0.8098101657389295,19,82,True,True,True,True,0
top_ten,svm,occupancy_bin,full,6,unith,6,Nielsen,Nov_9_g0,0.957720588235294,0.9620655080213905,0.9217914438502673,0.593607305936073,,9,20,4,8,0,5,0,6,0,1,0,6H,1H,,0,62,False,True,False,True,0
top_ten,svm,occupancy_bin,full,6,unith,6,Nielsen,Nov_9_g0,0.957720588235294,0.9620655080213905,0.9217914438502673,0.593607305936073,,9,20,4,8,0,5,1,6,0,2,0,6H,2H,,0,38,False,True,False,True,0
top_ten,svm,occupancy_bin,full,6,unith,6,Nielsen,Nov_9_g0,0.957720588235294,0.9620655080213905,0.9217914438502673,0.593607305936073,,9,20,4,8,0,5,2,6,0,3,0,6H,3H,,0,72,False,True,False,True,0
top_ten,svm,occupancy_bin,full,6,unith,6,Nielsen,Nov_9_g0,0.957720588235294,0.9620655080213905,0.9217914438502673,0.593607305936073,,9,20,4,8,0,5,3,6,0,4,0,6H,4H,,0,34,False,True,False,True,0
top_ten,svm,occupancy_bin,full,6,unith,6,Nielsen,Nov_9_g0,0.957720588235294,0.9620655080213905,0.9217914438502673,0.593607305936073,,9,20,4,8,0,5,4,6,0,5,0,6H,5H,,0,19,False,True,False,True,0
top_ten,svm,occupancy_bin,full,6,unith,6,Nielsen,Nov_9_g0,0.957720588235294,0.9620655080213905,0.9217914438502673,0.593607305936073,,,20,4,8,0,5,5,6,0,6,0,6H,6H,,0,0,False,False,False,False,0
top_ten,svm,occupancy_bin,full,6,unith,6,Nielsen,Nov_9_g0,0.957720588235294,0.9620655080213905,0.9217914438502673,0.593607305936073,,,20,4,8,0,5,6,6,0,1,1,6H,1S,,0,0,False,False,False,False,0
top_ten,svm,occupancy_bin,full,6,unith,6,Nielsen,Nov_9_g0,0.957720588235294,0.9620655080213905,0.9217914438502673,0.593607305936073,,9,20,4,8,0,5,7,6,0,2,1,6H,2S,,0,20,False,True,False,True,0
top_ten,svm,occupancy_bin,full,6,unith,6,Nielsen,Nov_9_g0,0.957720588235294,0.9620655080213905,0.9217914438502673,0.593607305936073,,3,20,4,8,0,5,8,6,0,3,1,6H,3S,,0,6,False,True,False,False,0
top_ten,svm,occupancy_bin,full,6,unith,6,Nielsen,Nov_9_g0,0.957720588235294,0.9620655080213905,0.9217914438502673,0.593607305936073,,9,20,4,8,0,5,9,6,0,4,1,6H,4S,,0,39,False,True,False,True,0
top_ten,svm,occupancy_bin,full,6,unith,6,Nielsen,Nov_9_g0,0.957720588235294,0.9620655080213905,0.9217914438502673,0.593607305936073,,9,20,4,8,0,5,10,6,0,5,1,6H,5S,,0,64,False,True,False,True,0
top_ten,svm,occupancy_bin,full,6,unith,6,Nielsen,Nov_9_g0,0.957720588235294,0.9620655080213905,0.9217914438502673,0.593607305936073,,9,20,4,8,0,5,11,6,0,6,1,6H,6S,,0,82,False,True,False,True,0
top_ten,svm,occupancy_bin,full,6,unith,6,Nielsen,Nov_9_g0,0.957720588235294,0.9620655080213905,0.9217914438502673,0.593607305936073,,9,20,4,8,0,6,0,1,1,1,0,1S,1H,,0,62,False,True,False,True,0
top_ten,svm,occupancy_bin,full,6,unith,6,Nielsen,Nov_9_g0,0.957720588235294,0.9620655080213905,0.9217914438502673,0.593607305936073,,9,20,4,8,0,6,1,1,1,2,0,1S,2H,,0,38,False,True,False,True,0
top_ten,svm,occupancy_bin,full,6,unith,6,Nielsen,Nov_9_g0,0.957720588235294,0.9620655080213905,0.9217914438502673,0.593607305936073,,9,20,4,8,0,6,2,1,1,3,0,1S,3H,,0,72,False,True,False,True,0
top_ten,svm,occupancy_bin,full,6,unith,6,Nielsen,Nov_9_g0,0.957720588235294,0.9620655080213905,0.9217914438502673,0.593607305936073,,9,20,4,8,0,6,3,1,1,4,0,1S,4H,,0,34,False,True,False,True,0
top_ten,svm,occupancy_bin,full,6,unith,6,Nielsen,Nov_9_g0,0.957720588235294,0.9620655080213905,0.9217914438502673,0.593607305936073,,9,20,4,8,0,6,4,1,1,5,0,1S,5H,,0,19,False,True,False,True,0
top_ten,svm,occupancy_bin,full,6,unith,6,Nielsen,Nov_9_g0,0.957720588235294,0.9620655080213905,0.9217914438502673,0.593607305936073,,,20,4,8,0,6,5,1,1,6,0,1S,6H,,0,0,False,False,False,False,0
top_ten,svm,occupancy_bin,full,6,unith,6,Nielsen,Nov_9_g0,0.957720588235294,0.9620655080213905,0.9217914438502673,0.593607305936073,,,20,4,8,0,6,6,1,1,1,1,1S,1S,,0,0,False,False,False,False,0
top_ten,svm,occupancy_bin,full,6,unith,6,Nielsen,Nov_9_g0,0.957720588235294,0.9620655080213905,0.9217914438502673,0.593607305936073,,9,20,4,8,0,6,7,1,1,2,1,1S,2S,,0,20,False,True,False,True,0
top_ten,svm,occupancy_bin,full,6,unith,6,Nielsen,Nov_9_g0,0.957720588235294,0.9620655080213905,0.9217914438502673,0.593607305936073,,3,20,4,8,0,6,8,1,1,3,1,1S,3S,,0,6,False,True,False,False,0
top_ten,svm,occupancy_bin,full,6,unith,6,Nielsen,Nov_9_g0,0.957720588235294,0.9620655080213905,0.9217914438502673,0.593607305936073,,9,20,4,8,0,6,9,1,1,4,1,1S,4S,,0,39,False,True,False,True,0
top_ten,svm,occupancy_bin,full,6,unith,6,Nielsen,Nov_9_g0,0.957720588235294,0.9620655080213905,0.9217914438502673,0.593607305936073,,9,20,4,8,0,6,10,1,1,5,1,1S,5S,,0,64,False,True,False,True,0
top_ten,svm,occupancy_bin,full,6,unith,6,Nielsen,Nov_9_g0,0.957720588235294,0.9620655080213905,0.9217914438502673,0.593607305936073,,9,20,4,8,0,6,11,1,1,6,1,1S,6S,,0,82,False,True,False,True,0
top_ten,svm,occupancy_bin,full,6,unith,6,Nielsen,Nov_9_g0,0.957720588235294,0.9620655080213905,0.9217914438502673,0.593607305936073,9,9,20,4,8,0,7,0,2,1,1,0,2S,1H,0.7540979779048546,20,62,True,True,True,True,0
top_ten,svm,occupancy_bin,full,6,unith,6,Nielsen,Nov_9_g0,0.957720588235294,0.9620655080213905,0.9217914438502673,0.593607305936073,9,9,20,4,8,0,7,1,2,1,2,0,2S,2H,0.9233123936662773,20,38,True,True,True,True,0
top_ten,svm,occupancy_bin,full,6,unith,6,Nielsen,Nov_9_g0,0.957720588235294,0.9620655080213905,0.9217914438502673,0.593607305936073,9,9,20,4,8,0,7,2,2,1,3,0,2S,3H,0.6446386621236144,20,72,True,True,True,True,0
top_ten,svm,occupancy_bin,full,6,unith,6,Nielsen,Nov_9_g0,0.957720588235294,0.9620655080213905,0.9217914438502673,0.593607305936073,9,9,20,4,8,0,7,3,2,1,4,0,2S,4H,0.882539480992698,20,34,True,True,True,True,0
top_ten,svm,occupancy_bin,full,6,unith,6,Nielsen,Nov_9_g0,0.957720588235294,0.9620655080213905,0.9217914438502673,0.593607305936073,9,9,20,4,8,0,7,4,2,1,5,0,2S,5H,0.6912369488489394,20,19,True,True,True,True,0
top_ten,svm,occupancy_bin,full,6,unith,6,Nielsen,Nov_9_g0,0.957720588235294,0.9620655080213905,0.9217914438502673,0.593607305936073,9,,20,4,8,0,7,5,2,1,6,0,2S,6H,,20,0,True,False,True,False,0
top_ten,svm,occupancy_bin,full,6,unith,6,Nielsen,Nov_9_g0,0.957720588235294,0.9620655080213905,0.9217914438502673,0.593607305936073,9,,20,4,8,0,7,6,2,1,1,1,2S,1S,,20,0,True,False,True,False,0
top_ten,svm,occupancy_bin,full,6,unith,6,Nielsen,Nov_9_g0,0.957720588235294,0.9620655080213905,0.9217914438502673,0.593607305936073,9,9,20,4,8,0,7,7,2,1,2,1,2S,2S,0.9114213673069884,20,20,True,True,True,True,0
top_ten,svm,occupancy_bin,full,6,unith,6,Nielsen,Nov_9_g0,0.957720588235294,0.9620655080213905,0.9217914438502673,0.593607305936073,9,3,20,4,8,0,7,8,2,1,3,1,2S,3S,0.6665107569335986,20,6,True,True,True,False,0
top_ten,svm,occupancy_bin,full,6,unith,6,Nielsen,Nov_9_g0,0.957720588235294,0.9620655080213905,0.9217914438502673,0.593607305936073,9,9,20,4,8,0,7,9,2,1,4,1,2S,4S,0.832613806997168,20,39,True,True,True,True,0
top_ten,svm,occupancy_bin,full,6,unith,6,Nielsen,Nov_9_g0,0.957720588235294,0.9620655080213905,0.9217914438502673,0.593607305936073,9,9,20,4,8,0,7,10,2,1,5,1,2S,5S,0.8239735184282585,20,64,True,True,True,True,0
top_ten,svm,occupancy_bin,full,6,unith,6,Nielsen,Nov_9_g0,0.957720588235294,0.9620655080213905,0.9217914438502673,0.593607305936073,9,9,20,4,8,0,7,11,2,1,6,1,2S,6S,0.8858161150793504,20,82,True,True,True,True,0
top_ten,svm,occupancy_bin,full,6,unith,6,Nielsen,Nov_9_g0,0.957720588235294,0.9620655080213905,0.9217914438502673,0.593607305936073,3,9,20,4,8,0,8,0,3,1,1,0,3S,1H,0.8309433695617944,6,62,True,True,False,True,0
top_ten,svm,occupancy_bin,full,6,unith,6,Nielsen,Nov_9_g0,0.957720588235294,0.9620655080213905,0.9217914438502673,0.593607305936073,3,9,20,4,8,0,8,1,3,1,2,0,3S,2H,0.6752314408313702,6,38,True,True,False,True,0
top_ten,svm,occupancy_bin,full,6,unith,6,Nielsen,Nov_9_g0,0.957720588235294,0.9620655080213905,0.9217914438502673,0.593607305936073,3,9,20,4,8,0,8,2,3,1,3,0,3S,3H,0.7362502881094425,6,72,True,True,False,True,0
top_ten,svm,occupancy_bin,full,6,unith,6,Nielsen,Nov_9_g0,0.957720588235294,0.9620655080213905,0.9217914438502673,0.593607305936073,3,9,20,4,8,0,8,3,3,1,4,0,3S,4H,0.6304427827807654,6,34,True,True,False,True,0
top_ten,svm,occupancy_bin,full,6,unith,6,Nielsen,Nov_9_g0,0.957720588235294,0.9620655080213905,0.9217914438502673,0.593607305936073,3,9,20,4,8,0,8,4,3,1,5,0,3S,5H,0.6465041869397598,6,19,True,True,False,True,0
top_ten,svm,occupancy_bin,full,6,unith,6,Nielsen,Nov_9_g0,0.957720588235294,0.9620655080213905,0.9217914438502673,0.593607305936073,3,,20,4,8,0,8,5,3,1,6,0,3S,6H,,6,0,True,False,False,False,0
top_ten,svm,occupancy_bin,full,6,unith,6,Nielsen,Nov_9_g0,0.957720588235294,0.9620655080213905,0.9217914438502673,0.593607305936073,3,,20,4,8,0,8,6,3,1,1,1,3S,1S,,6,0,True,False,False,False,0
top_ten,svm,occupancy_bin,full,6,unith,6,Nielsen,Nov_9_g0,0.957720588235294,0.9620655080213905,0.9217914438502673,0.593607305936073,3,9,20,4,8,0,8,7,3,1,2,1,3S,2S,0.6665107569335986,6,20,True,True,False,True,0
top_ten,svm,occupancy_bin,full,6,unith,6,Nielsen,Nov_9_g0,0.957720588235294,0.9620655080213905,0.9217914438502673,0.593607305936073,3,3,20,4,8,0,8,8,3,1,3,1,3S,3S,0.895125215331689,6,6,True,True,False,False,0
top_ten,svm,occupancy_bin,full,6,unith,6,Nielsen,Nov_9_g0,0.957720588235294,0.9620655080213905,0.9217914438502673,0.593607305936073,3,9,20,4,8,0,8,9,3,1,4,1,3S,4S,0.6073450085955063,6,39,True,True,False,True,0
top_ten,svm,occupancy_bin,full,6,unith,6,Nielsen,Nov_9_g0,0.957720588235294,0.9620655080213905,0.9217914438502673,0.593607305936073,3,9,20,4,8,0,8,10,3,1,5,1,3S,5S,0.7875604130344891,6,64,True,True,False,True,0
top_ten,svm,occupancy_bin,full,6,unith,6,Nielsen,Nov_9_g0,0.957720588235294,0.9620655080213905,0.9217914438502673,0.593607305936073,3,9,20,4,8,0,8,11,3,1,6,1,3S,6S,0.565395557305344,6,82,True,True,False,True,0
top_ten,svm,occupancy_bin,full,6,unith,6,Nielsen,Nov_9_g0,0.957720588235294,0.9620655080213905,0.9217914438502673,0.593607305936073,9,9,20,4,8,0,9,0,4,1,1,0,4S,1H,0.7429961761876578,39,62,True,True,True,True,0
top_ten,svm,occupancy_bin,full,6,unith,6,Nielsen,Nov_9_g0,0.957720588235294,0.9620655080213905,0.9217914438502673,0.593607305936073,9,9,20,4,8,0,9,1,4,1,2,0,4S,2H,0.8676248432903074,39,38,True,True,True,True,0
top_ten,svm,occupancy_bin,full,6,unith,6,Nielsen,Nov_9_g0,0.957720588235294,0.9620655080213905,0.9217914438502673,0.593607305936073,9,9,20,4,8,0,9,2,4,1,3,0,4S,3H,0.7739114005249077,39,72,True,True,True,True,0
top_ten,svm,occupancy_bin,full,6,unith,6,Nielsen,Nov_9_g0,0.957720588235294,0.9620655080213905,0.9217914438502673,0.593607305936073,9,9,20,4,8,0,9,3,4,1,4,0,4S,4H,0.9080509146864865,39,34,True,True,True,True,0
top_ten,svm,occupancy_bin,full,6,unith,6,Nielsen,Nov_9_g0,0.957720588235294,0.9620655080213905,0.9217914438502673,0.593607305936073,9,9,20,4,8,0,9,4,4,1,5,0,4S,5H,0.8870688232073247,39,19,True,True,True,True,0
top_ten,svm,occupancy_bin,full,6,unith,6,Nielsen,Nov_9_g0,0.957720588235294,0.9620655080213905,0.9217914438502673,0.593607305936073,9,,20,4,8,0,9,5,4,1,6,0,4S,6H,,39,0,True,False,True,False,0
top_ten,svm,occupancy_bin,full,6,unith,6,Nielsen,Nov_9_g0,0.957720588235294,0.9620655080213905,0.9217914438502673,0.593607305936073,9,,20,4,8,0,9,6,4,1,1,1,4S,1S,,39,0,True,False,True,False,0
top_ten,svm,occupancy_bin,full,6,unith,6,Nielsen,Nov_9_g0,0.957720588235294,0.9620655080213905,0.9217914438502673,0.593607305936073,9,9,20,4,8,0,9,7,4,1,2,1,4S,2S,0.832613806997168,39,20,True,True,True,True,0
top_ten,svm,occupancy_bin,full,6,unith,6,Nielsen,Nov_9_g0,0.957720588235294,0.9620655080213905,0.9217914438502673,0.593607305936073,9,3,20,4,8,0,9,8,4,1,3,1,4S,3S,0.6073450085955063,39,6,True,True,True,False,0
top_ten,svm,occupancy_bin,full,6,unith,6,Nielsen,Nov_9_g0,0.957720588235294,0.9620655080213905,0.9217914438502673,0.593607305936073,9,9,20,4,8,0,9,9,4,1,4,1,4S,4S,0.9224532968875139,39,39,True,True,True,True,0
top_ten,svm,occupancy_bin,full,6,unith,6,Nielsen,Nov_9_g0,0.957720588235294,0.9620655080213905,0.9217914438502673,0.593607305936073,9,9,20,4,8,0,9,10,4,1,5,1,4S,5S,0.8528880376295438,39,64,True,True,True,True,0
top_ten,svm,occupancy_bin,full,6,unith,6,Nielsen,Nov_9_g0,0.957720588235294,0.9620655080213905,0.9217914438502673,0.593607305936073,9,9,20,4,8,0,9,11,4,1,6,1,4S,6S,0.9131463147301387,39,82,True,True,True,True,0
top_ten,svm,occupancy_bin,full,6,unith,6,Nielsen,Nov_9_g0,0.957720588235294,0.9620655080213905,0.9217914438502673,0.593607305936073,9,9,20,4,8,0,10,0,5,1,1,0,5S,1H,0.8472842829293035,64,62,True,True,True,True,0
top_ten,svm,occupancy_bin,full,6,unith,6,Nielsen,Nov_9_g0,0.957720588235294,0.9620655080213905,0.9217914438502673,0.593607305936073,9,9,20,4,8,0,10,1,5,1,2,0,5S,2H,0.8561042217185145,64,38,True,True,True,True,0
top_ten,svm,occupancy_bin,full,6,unith,6,Nielsen,Nov_9_g0,0.957720588235294,0.9620655080213905,0.9217914438502673,0.593607305936073,9,9,20,4,8,0,10,2,5,1,3,0,5S,3H,0.8331953986228132,64,72,True,True,True,True,0
top_ten,svm,occupancy_bin,full,6,unith,6,Nielsen,Nov_9_g0,0.957720588235294,0.9620655080213905,0.9217914438502673,0.593607305936073,9,9,20,4,8,0,10,3,5,1,4,0,5S,4H,0.8474377916021849,64,34,True,True,True,True,0
top_ten,svm,occupancy_bin,full,6,unith,6,Nielsen,Nov_9_g0,0.957720588235294,0.9620655080213905,0.9217914438502673,0.593607305936073,9,9,20,4,8,0,10,4,5,1,5,0,5S,5H,0.8365012879146694,64,19,True,True,True,True,0
top_ten,svm,occupancy_bin,full,6,unith,6,Nielsen,Nov_9_g0,0.957720588235294,0.9620655080213905,0.9217914438502673,0.593607305936073,9,,20,4,8,0,10,5,5,1,6,0,5S,6H,,64,0,True,False,True,False,0
top_ten,svm,occupancy_bin,full,6,unith,6,Nielsen,Nov_9_g0,0.957720588235294,0.9620655080213905,0.9217914438502673,0.593607305936073,9,,20,4,8,0,10,6,5,1,1,1,5S,1S,,64,0,True,False,True,False,0
top_ten,svm,occupancy_bin,full,6,unith,6,Nielsen,Nov_9_g0,0.957720588235294,0.9620655080213905,0.9217914438502673,0.593607305936073,9,9,20,4,8,0,10,7,5,1,2,1,5S,2S,0.8239735184282585,64,20,True,True,True,True,0
top_ten,svm,occupancy_bin,full,6,unith,6,Nielsen,Nov_9_g0,0.957720588235294,0.9620655080213905,0.9217914438502673,0.593607305936073,9,3,20,4,8,0,10,8,5,1,3,1,5S,3S,0.7875604130344891,64,6,True,True,True,False,0
top_ten,svm,occupancy_bin,full,6,unith,6,Nielsen,Nov_9_g0,0.957720588235294,0.9620655080213905,0.9217914438502673,0.593607305936073,9,9,20,4,8,0,10,9,5,1,4,1,5S,4S,0.8528880376295438,64,39,True,True,True,True,0
top_ten,svm,occupancy_bin,full,6,unith,6,Nielsen,Nov_9_g0,0.957720588235294,0.9620655080213905,0.9217914438502673,0.593607305936073,9,9,20,4,8,0,10,10,5,1,5,1,5S,5S,0.830466407140109,64,64,True,True,True,True,0
top_ten,svm,occupancy_bin,full,6,unith,6,Nielsen,Nov_9_g0,0.957720588235294,0.9620655080213905,0.9217914438502673,0.593607305936073,9,9,20,4,8,0,10,11,5,1,6,1,5S,6S,0.8071631273188922,64,82,True,True,True,True,0
top_ten,svm,occupancy_bin,full,6,unith,6,Nielsen,Nov_9_g0,0.957720588235294,0.9620655080213905,0.9217914438502673,0.593607305936073,9,9,20,4,8,0,11,0,6,1,1,0,6S,1H,0.708303748509941,82,62,True,True,True,True,0
top_ten,svm,occupancy_bin,full,6,unith,6,Nielsen,Nov_9_g0,0.957720588235294,0.9620655080213905,0.9217914438502673,0.593607305936073,9,9,20,4,8,0,11,1,6,1,2,0,6S,2H,0.882791070073005,82,38,True,True,True,True,0
top_ten,svm,occupancy_bin,full,6,unith,6,Nielsen,Nov_9_g0,0.957720588235294,0.9620655080213905,0.9217914438502673,0.593607305936073,9,9,20,4,8,0,11,2,6,1,3,0,6S,3H,0.6968109794285878,82,72,True,True,True,True,0
top_ten,svm,occupancy_bin,full,6,unith,6,Nielsen,Nov_9_g0,0.957720588235294,0.9620655080213905,0.9217914438502673,0.593607305936073,9,9,20,4,8,0,11,3,6,1,4,0,6S,4H,0.8994289961311412,82,34,True,True,True,True,0
top_ten,svm,occupancy_bin,full,6,unith,6,Nielsen,Nov_9_g0,0.957720588235294,0.9620655080213905,0.9217914438502673,0.593607305936073,9,9,20,4,8,0,11,4,6,1,5,0,6S,5H,0.8098101657389295,82,19,True,True,True,True,0
top_ten,svm,occupancy_bin,full,6,unith,6,Nielsen,Nov_9_g0,0.957720588235294,0.9620655080213905,0.9217914438502673,0.593607305936073,9,,20,4,8,0,11,5,6,1,6,0,6S,6H,,82,0,True,False,True,False,0
top_ten,svm,occupancy_bin,full,6,unith,6,Nielsen,Nov_9_g0,0.957720588235294,0.9620655080213905,0.9217914438502673,0.593607305936073,9,,20,4,8,0,11,6,6,1,1,1,6S,1S,,82,0,True,False,True,False,0
top_ten,svm,occupancy_bin,full,6,unith,6,Nielsen,Nov_9_g0,0.957720588235294,0.9620655080213905,0.9217914438502673,0.593607305936073,9,9,20,4,8,0,11,7,6,1,2,1,6S,2S,0.8858161150793504,82,20,True,True,True,True,0
top_ten,svm,occupancy_bin,full,6,unith,6,Nielsen,Nov_9_g0,0.957720588235294,0.9620655080213905,0.9217914438502673,0.593607305936073,9,3,20,4,8,0,11,8,6,1,3,1,6S,3S,0.565395557305344,82,6,True,True,True,False,0
top_ten,svm,occupancy_bin,full,6,unith,6,Nielsen,Nov_9_g0,0.957720588235294,0.9620655080213905,0.9217914438502673,0.593607305936073,9,9,20,4,8,0,11,9,6,1,4,1,6S,4S,0.9131463147301387,82,39,True,True,True,True,0
top_ten,svm,occupancy_bin,full,6,unith,6,Nielsen,Nov_9_g0,0.957720588235294,0.9620655080213905,0.9217914438502673,0.593607305936073,9,9,20,4,8,0,11,10,6,1,5,1,6S,5S,0.8071631273188922,82,64,True,True,True,True,0
top_ten,svm,occupancy_bin,full,6,unith,6,Nielsen,Nov_9_g0,0.957720588235294,0.9620655080213905,0.9217914438502673,0.593607305936073,9,9,20,4,8,0,11,11,6,1,6,1,6S,6S,0.9147621822712644,82,82,True,True,True,True,0
top_ten,svm,occupancy_bin,full,6,unith,6,Nielsen,Oct_21_g0,0.990039008080245,0.9988854834215659,0.976177208135971,0.6844106463878327,4,4,20,4,8,0,0,0,1,0,1,0,1H,1H,0.7520782715192541,72,72,True,True,True,True,0
top_ten,svm,occupancy_bin,full,6,unith,6,Nielsen,Oct_21_g0,0.990039008080245,0.9988854834215659,0.976177208135971,0.6844106463878327,4,4,20,4,8,0,0,1,1,0,2,0,1H,2H,0.7363442560342088,72,55,True,True,True,True,0
top_ten,svm,occupancy_bin,full,6,unith,6,Nielsen,Oct_21_g0,0.990039008080245,0.9988854834215659,0.976177208135971,0.6844106463878327,4,4,20,4,8,0,0,2,1,0,3,0,1H,3H,0.780696838314866,72,86,True,True,True,True,0
top_ten,svm,occupancy_bin,full,6,unith,6,Nielsen,Oct_21_g0,0.990039008080245,0.9988854834215659,0.976177208135971,0.6844106463878327,4,4,20,4,8,0,0,3,1,0,4,0,1H,4H,0.7801797394102647,72,28,True,True,True,True,0
top_ten,svm,occupancy_bin,full,6,unith,6,Nielsen,Oct_21_g0,0.990039008080245,0.9988854834215659,0.976177208135971,0.6844106463878327,4,4,20,4,8,0,0,4,1,0,5,0,1H,5H,0.7588485924646236,72,16,True,True,True,True,0
top_ten,svm,occupancy_bin,full,6,unith,6,Nielsen,Oct_21_g0,0.990039008080245,0.9988854834215659,0.976177208135971,0.6844106463878327,4,,20,4,8,0,0,5,1,0,6,0,1H,6H,,72,0,True,False,True,False,0
top_ten,svm,occupancy_bin,full,6,unith,6,Nielsen,Oct_21_g0,0.990039008080245,0.9988854834215659,0.976177208135971,0.6844106463878327,4,,20,4,8,0,0,6,1,0,1,1,1H,1S,,72,0,True,False,True,False,0
top_ten,svm,occupancy_bin,full,6,unith,6,Nielsen,Oct_21_g0,0.990039008080245,0.9988854834215659,0.976177208135971,0.6844106463878327,4,4,20,4,8,0,0,7,1,0,2,1,1H,2S,0.6451204398149694,72,11,True,True,True,True,0
top_ten,svm,occupancy_bin,full,6,unith,6,Nielsen,Oct_21_g0,0.990039008080245,0.9988854834215659,0.976177208135971,0.6844106463878327,4,4,20,4,8,0,0,8,1,0,3,1,1H,3S,0.5098679735644479,72,8,True,True,True,True,0
top_ten,svm,occupancy_bin,full,6,unith,6,Nielsen,Oct_21_g0,0.990039008080245,0.9988854834215659,0.976177208135971,0.6844106463878327,4,4,20,4,8,0,0,9,1,0,4,1,1H,4S,0.7097218872027329,72,59,True,True,True,True,0
top_ten,svm,occupancy_bin,full,6,unith,6,Nielsen,Oct_21_g0,0.990039008080245,0.9988854834215659,0.976177208135971,0.6844106463878327,4,4,20,4,8,0,0,10,1,0,5,1,1H,5S,0.6258029172704477,72,87,True,True,True,True,0
top_ten,svm,occupancy_bin,full,6,unith,6,Nielsen,Oct_21_g0,0.990039008080245,0.9988854834215659,0.976177208135971,0.6844106463878327,4,4,20,4,8,0,0,11,1,0,6,1,1H,6S,0.6557378960163036,72,95,True,True,True,True,0
top_ten,svm,occupancy_bin,full,6,unith,6,Nielsen,Oct_21_g0,0.990039008080245,0.9988854834215659,0.976177208135971,0.6844106463878327,4,4,20,4,8,0,1,0,2,0,1,0,2H,1H,0.7363442560342088,55,72,True,True,True,True,0
top_ten,svm,occupancy_bin,full,6,unith,6,Nielsen,Oct_21_g0,0.990039008080245,0.9988854834215659,0.976177208135971,0.6844106463878327,4,4,20,4,8,0,1,1,2,0,2,0,2H,2H,0.8195529904295837,55,55,True,True,True,True,0
top_ten,svm,occupancy_bin,full,6,unith,6,Nielsen,Oct_21_g0,0.990039008080245,0.9988854834215659,0.976177208135971,0.6844106463878327,4,4,20,4,8,0,1,2,2,0,3,0,2H,3H,0.7169091922908957,55,86,True,True,True,True,0
top_ten,svm,occupancy_bin,full,6,unith,6,Nielsen,Oct_21_g0,0.990039008080245,0.9988854834215659,0.976177208135971,0.6844106463878327,4,4,20,4,8,0,1,3,2,0,4,0,2H,4H,0.8261838026409528,55,28,True,True,True,True,0
top_ten,svm,occupancy_bin,full,6,unith,6,Nielsen,Oct_21_g0,0.990039008080245,0.9988854834215659,0.976177208135971,0.6844106463878327,4,4,20,4,8,0,1,4,2,0,5,0,2H,5H,0.7914504950742479,55,16,True,True,True,True,0
top_ten,svm,occupancy_bin,full,6,unith,6,Nielsen,Oct_21_g0,0.990039008080245,0.9988854834215659,0.976177208135971,0.6844106463878327,4,,20,4,8,0,1,5,2,0,6,0,2H,6H,,55,0,True,False,True,False,0
top_ten,svm,occupancy_bin,full,6,unith,6,Nielsen,Oct_21_g0,0.990039008080245,0.9988854834215659,0.976177208135971,0.6844106463878327,4,,20,4,8,0,1,6,2,0,1,1,2H,1S,,55,0,True,False,True,False,0
top_ten,svm,occupancy_bin,full,6,unith,6,Nielsen,Oct_21_g0,0.990039008080245,0.9988854834215659,0.976177208135971,0.6844106463878327,4,4,20,4,8,0,1,7,2,0,2,1,2H,2S,0.6855822992550322,55,11,True,True,True,True,0
top_ten,svm,occupancy_bin,full,6,unith,6,Nielsen,Oct_21_g0,0.990039008080245,0.9988854834215659,0.976177208135971,0.6844106463878327,4,4,20,4,8,0,1,8,2,0,3,1,2H,3S,0.6774950654622848,55,8,True,True,True,True,0
top_ten,svm,occupancy_bin,full,6,unith,6,Nielsen,Oct_21_g0,0.990039008080245,0.9988854834215659,0.976177208135971,0.6844106463878327,4,4,20,4,8,0,1,9,2,0,4,1,2H,4S,0.8170942103688612,55,59,True,True,True,True,0
top_ten,svm,occupancy_bin,full,6,unith,6,Nielsen,Oct_21_g0,0.990039008080245,0.9988854834215659,0.976177208135971,0.6844106463878327,4,4,20,4,8,0,1,10,2,0,5,1,2H,5S,0.7266763934628664,55,87,True,True,True,True,0
top_ten,svm,occupancy_bin,full,6,unith,6,Nielsen,Oct_21_g0,0.990039008080245,0.9988854834215659,0.976177208135971,0.6844106463878327,4,4,20,4,8,0,1,11,2,0,6,1,2H,6S,0.78163775746365,55,95,True,True,True,True,0
top_ten,svm,occupancy_bin,full,6,unith,6,Nielsen,Oct_21_g0,0.990039008080245,0.9988854834215659,0.976177208135971,0.6844106463878327,4,4,20,4,8,0,2,0,3,0,1,0,3H,1H,0.780696838314866,86,72,True,True,True,True,0
top_ten,svm,occupancy_bin,full,6,unith,6,Nielsen,Oct_21_g0,0.990039008080245,0.9988854834215659,0.976177208135971,0.6844106463878327,4,4,20,4,8,0,2,1,3,0,2,0,3H,2H,0.7169091922908957,86,55,True,True,True,True,0
top_ten,svm,occupancy_bin,full,6,unith,6,Nielsen,Oct_21_g0,0.990039008080245,0.9988854834215659,0.976177208135971,0.6844106463878327,4,4,20,4,8,0,2,2,3,0,3,0,3H,3H,0.8118384269671942,86,86,True,True,True,True,0
top_ten,svm,occupancy_bin,full,6,unith,6,Nielsen,Oct_21_g0,0.990039008080245,0.9988854834215659,0.976177208135971,0.6844106463878327,4,4,20,4,8,0,2,3,3,0,4,0,3H,4H,0.8062481641038127,86,28,True,True,True,True,0
top_ten,svm,occupancy_bin,full,6,unith,6,Nielsen,Oct_21_g0,0.990039008080245,0.9988854834215659,0.976177208135971,0.6844106463878327,4,4,20,4,8,0,2,4,3,0,5,0,3H,5H,0.7923243593157643,86,16,True,True,True,True,0
top_ten,svm,occupancy_bin,full,6,unith,6,Nielsen,Oct_21_g0,0.990039008080245,0.9988854834215659,0.976177208135971,0.6844106463878327,4,,20,4,8,0,2,5,3,0,6,0,3H,6H,,86,0,True,False,True,False,0
top_ten,svm,occupancy_bin,full,6,unith,6,Nielsen,Oct_21_g0,0.990039008080245,0.9988854834215659,0.976177208135971,0.6844106463878327,4,,20,4,8,0,2,6,3,0,1,1,3H,1S,,86,0,True,False,True,False,0
top_ten,svm,occupancy_bin,full,6,unith,6,Nielsen,Oct_21_g0,0.990039008080245,0.9988854834215659,0.976177208135971,0.6844106463878327,4,4,20,4,8,0,2,7,3,0,2,1,3H,2S,0.7228660317658571,86,11,True,True,True,True,0
top_ten,svm,occupancy_bin,full,6,unith,6,Nielsen,Oct_21_g0,0.990039008080245,0.9988854834215659,0.976177208135971,0.6844106463878327,4,4,20,4,8,0,2,8,3,0,3,1,3H,3S,0.6527057605728519,86,8,True,True,True,True,0
top_ten,svm,occupancy_bin,full,6,unith,6,Nielsen,Oct_21_g0,0.990039008080245,0.9988854834215659,0.976177208135971,0.6844106463878327,4,4,20,4,8,0,2,9,3,0,4,1,3H,4S,0.7732001776379692,86,59,True,True,True,True,0
top_ten,svm,occupancy_bin,full,6,unith,6,Nielsen,Oct_21_g0,0.990039008080245,0.9988854834215659,0.976177208135971,0.6844106463878327,4,4,20,4,8,0,2,10,3,0,5,1,3H,5S,0.7432682476145859,86,87,True,True,True,True,0
top_ten,svm,occupancy_bin,full,6,unith,6,Nielsen,Oct_21_g0,0.990039008080245,0.9988854834215659,0.976177208135971,0.6844106463878327,4,4,20,4,8,0,2,11,3,0,6,1,3H,6S,0.7336946716371442,86,95,True,True,True,True,0
top_ten,svm,occupancy_bin,full,6,unith,6,Nielsen,Oct_21_g0,0.990039008080245,0.9988854834215659,0.976177208135971,0.6844106463878327,4,4,20,4,8,0,3,0,4,0,1,0,4H,1H,0.7801797394102647,28,72,True,True,True,True,0
top_ten,svm,occupancy_bin,full,6,unith,6,Nielsen,Oct_21_g0,0.990039008080245,0.9988854834215659,0.976177208135971,0.6844106463878327,4,4,20,4,8,0,3,1,4,0,2,0,4H,2H,0.8261838026409528,28,55,True,True,True,True,0
top_ten,svm,occupancy_bin,full,6,unith,6,Nielsen,Oct_21_g0,0.990039008080245,0.9988854834215659,0.976177208135971,0.6844106463878327,4,4,20,4,8,0,3,2,4,0,3,0,4H,3H,0.8062481641038127,28,86,True,True,True,True,0
top_ten,svm,occupancy_bin,full,6,unith,6,Nielsen,Oct_21_g0,0.990039008080245,0.9988854834215659,0.976177208135971,0.6844106463878327,4,4,20,4,8,0,3,3,4,0,4,0,4H,4H,0.866846771235679,28,28,True,True,True,True,0
top_ten,svm,occupancy_bin,full,6,unith,6,Nielsen,Oct_21_g0,0.990039008080245,0.9988854834215659,0.976177208135971,0.6844106463878327,4,4,20,4,8,0,3,4,4,0,5,0,4H,5H,0.83672814027938,28,16,True,True,True,True,0
top_ten,svm,occupancy_bin,full,6,unith,6,Nielsen,Oct_21_g0,0.990039008080245,0.9988854834215659,0.976177208135971,0.6844106463878327,4,,20,4,8,0,3,5,4,0,6,0,4H,6H,,28,0,True,False,True,False,0
top_ten,svm,occupancy_bin,full,6,unith,6,Nielsen,Oct_21_g0,0.990039008080245,0.9988854834215659,0.976177208135971,0.6844106463878327,4,,20,4,8,0,3,6,4,0,1,1,4H,1S,,28,0,True,False,True,False,0
top_ten,svm,occupancy_bin,full,6,unith,6,Nielsen,Oct_21_g0,0.990039008080245,0.9988854834215659,0.976177208135971,0.6844106463878327,4,4,20,4,8,0,3,7,4,0,2,1,4H,2S,0.7714143441200768,28,11,True,True,True,True,0
top_ten,svm,occupancy_bin,full,6,unith,6,Nielsen,Oct_21_g0,0.990039008080245,0.9988854834215659,0.976177208135971,0.6844106463878327,4,4,20,4,8,0,3,8,4,0,3,1,4H,3S,0.6922597206868852,28,8,True,True,True,True,0
top_ten,svm,occupancy_bin,full,6,unith,6,Nielsen,Oct_21_g0,0.990039008080245,0.9988854834215659,0.976177208135971,0.6844106463878327,4,4,20,4,8,0,3,9,4,0,4,1,4H,4S,0.8626814930333143,28,59,True,True,True,True,0
top_ten,svm,occupancy_bin,full,6,unith,6,Nielsen,Oct_21_g0,0.990039008080245,0.9988854834215659,0.976177208135971,0.6844106463878327,4,4,20,4,8,0,3,10,4,0,5,1,4H,5S,0.7517611175941245,28,87,True,True,True,True,0
top_ten,svm,occupancy_bin,full,6,unith,6,Nielsen,Oct_21_g0,0.990039008080245,0.9988854834215659,0.976177208135971,0.6844106463878327,4,4,20,4,8,0,3,11,4,0,6,1,4H,6S,0.8096924306554758,28,95,True,True,True,True,0
top_ten,svm,occupancy_bin,full,6,unith,6,Nielsen,Oct_21_g0,0.990039008080245,0.9988854834215659,0.976177208135971,0.6844106463878327,4,4,20,4,8,0,4,0,5,0,1,0,5H,1H,0.7588485924646236,16,72,True,True,True,True,0
top_ten,svm,occupancy_bin,full,6,unith,6,Nielsen,Oct_21_g0,0.990039008080245,0.9988854834215659,0.976177208135971,0.6844106463878327,4,4,20,4,8,0,4,1,5,0,2,0,5H,2H,0.7914504950742479,16,55,True,True,True,True,0
top_ten,svm,occupancy_bin,full,6,unith,6,Nielsen,Oct_21_g0,0.990039008080245,0.9988854834215659,0.976177208135971,0.6844106463878327,4,4,20,4,8,0,4,2,5,0,3,0,5H,3H,0.7923243593157643,16,86,True,True,True,True,0
top_ten,svm,occupancy_bin,full,6,unith,6,Nielsen,Oct_21_g0,0.990039008080245,0.9988854834215659,0.976177208135971,0.6844106463878327,4,4,20,4,8,0,4,3,5,0,4,0,5H,4H,0.83672814027938,16,28,True,True,True,True,0
top_ten,svm,occupancy_bin,full,6,unith,6,Nielsen,Oct_21_g0,0.990039008080245,0.9988854834215659,0.976177208135971,0.6844106463878327,4,4,20,4,8,0,4,4,5,0,5,0,5H,5H,0.7844921907296056,16,16,True,True,True,True,0
top_ten,svm,occupancy_bin,full,6,unith,6,Nielsen,Oct_21_g0,0.990039008080245,0.9988854834215659,0.976177208135971,0.6844106463878327,4,,20,4,8,0,4,5,5,0,6,0,5H,6H,,16,0,True,False,True,False,0
top_ten,svm,occupancy_bin,full,6,unith,6,Nielsen,Oct_21_g0,0.990039008080245,0.9988854834215659,0.976177208135971,0.6844106463878327,4,,20,4,8,0,4,6,5,0,1,1,5H,1S,,16,0,True,False,True,False,0
top_ten,svm,occupancy_bin,full,6,unith,6,Nielsen,Oct_21_g0,0.990039008080245,0.9988854834215659,0.976177208135971,0.6844106463878327,4,4,20,4,8,0,4,7,5,0,2,1,5H,2S,0.6330664874968489,16,11,True,True,True,True,0
top_ten,svm,occupancy_bin,full,6,unith,6,Nielsen,Oct_21_g0,0.990039008080245,0.9988854834215659,0.976177208135971,0.6844106463878327,4,4,20,4,8,0,4,8,5,0,3,1,5H,3S,0.6328494211771329,16,8,True,True,True,True,0
top_ten,svm,occupancy_bin,full,6,unith,6,Nielsen,Oct_21_g0,0.990039008080245,0.9988854834215659,0.976177208135971,0.6844106463878327,4,4,20,4,8,0,4,9,5,0,4,1,5H,4S,0.78193959447428,16,59,True,True,True,True,0
top_ten,svm,occupancy_bin,full,6,unith,6,Nielsen,Oct_21_g0,0.990039008080245,0.9988854834215659,0.976177208135971,0.6844106463878327,4,4,20,4,8,0,4,10,5,0,5,1,5H,5S,0.7297277096180145,16,87,True,True,True,True,0
top_ten,svm,occupancy_bin,full,6,unith,6,Nielsen,Oct_21_g0,0.990039008080245,0.9988854834215659,0.976177208135971,0.6844106463878327,4,4,20,4,8,0,4,11,5,0,6,1,5H,6S,0.7522629578593325,16,95,True,True,True,True,0
top_ten,svm,occupancy_bin,full,6,unith,6,Nielsen,Oct_21_g0,0.990039008080245,0.9988854834215659,0.976177208135971,0.6844106463878327,,4,20,4,8,0,5,0,6,0,1,0,6H,1H,,0,72,False,True,False,True,0
top_ten,svm,occupancy_bin,full,6,unith,6,Nielsen,Oct_21_g0,0.990039008080245,0.9988854834215659,0.976177208135971,0.6844106463878327,,4,20,4,8,0,5,1,6,0,2,0,6H,2H,,0,55,False,True,False,True,0
top_ten,svm,occupancy_bin,full,6,unith,6,Nielsen,Oct_21_g0,0.990039008080245,0.9988854834215659,0.976177208135971,0.6844106463878327,,4,20,4,8,0,5,2,6,0,3,0,6H,3H,,0,86,False,True,False,True,0
top_ten,svm,occupancy_bin,full,6,unith,6,Nielsen,Oct_21_g0,0.990039008080245,0.9988854834215659,0.976177208135971,0.6844106463878327,,4,20,4,8,0,5,3,6,0,4,0,6H,4H,,0,28,False,True,False,True,0
top_ten,svm,occupancy_bin,full,6,unith,6,Nielsen,Oct_21_g0,0.990039008080245,0.9988854834215659,0.976177208135971,0.6844106463878327,,4,20,4,8,0,5,4,6,0,5,0,6H,5H,,0,16,False,True,False,True,0
top_ten,svm,occupancy_bin,full,6,unith,6,Nielsen,Oct_21_g0,0.990039008080245,0.9988854834215659,0.976177208135971,0.6844106463878327,,,20,4,8,0,5,5,6,0,6,0,6H,6H,,0,0,False,False,False,False,0
top_ten,svm,occupancy_bin,full,6,unith,6,Nielsen,Oct_21_g0,0.990039008080245,0.9988854834215659,0.976177208135971,0.6844106463878327,,,20,4,8,0,5,6,6,0,1,1,6H,1S,,0,0,False,False,False,False,0
top_ten,svm,occupancy_bin,full,6,unith,6,Nielsen,Oct_21_g0,0.990039008080245,0.9988854834215659,0.976177208135971,0.6844106463878327,,4,20,4,8,0,5,7,6,0,2,1,6H,2S,,0,11,False,True,False,True,0
top_ten,svm,occupancy_bin,full,6,unith,6,Nielsen,Oct_21_g0,0.990039008080245,0.9988854834215659,0.976177208135971,0.6844106463878327,,4,20,4,8,0,5,8,6,0,3,1,6H,3S,,0,8,False,True,False,True,0
top_ten,svm,occupancy_bin,full,6,unith,6,Nielsen,Oct_21_g0,0.990039008080245,0.9988854834215659,0.976177208135971,0.6844106463878327,,4,20,4,8,0,5,9,6,0,4,1,6H,4S,,0,59,False,True,False,True,0
top_ten,svm,occupancy_bin,full,6,unith,6,Nielsen,Oct_21_g0,0.990039008080245,0.9988854834215659,0.976177208135971,0.6844106463878327,,4,20,4,8,0,5,10,6,0,5,1,6H,5S,,0,87,False,True,False,True,0
top_ten,svm,occupancy_bin,full,6,unith,6,Nielsen,Oct_21_g0,0.990039008080245,0.9988854834215659,0.976177208135971,0.6844106463878327,,4,20,4,8,0,5,11,6,0,6,1,6H,6S,,0,95,False,True,False,True,0
top_ten,svm,occupancy_bin,full,6,unith,6,Nielsen,Oct_21_g0,0.990039008080245,0.9988854834215659,0.976177208135971,0.6844106463878327,,4,20,4,8,0,6,0,1,1,1,0,1S,1H,,0,72,False,True,False,True,0
top_ten,svm,occupancy_bin,full,6,unith,6,Nielsen,Oct_21_g0,0.990039008080245,0.9988854834215659,0.976177208135971,0.6844106463878327,,4,20,4,8,0,6,1,1,1,2,0,1S,2H,,0,55,False,True,False,True,0
top_ten,svm,occupancy_bin,full,6,unith,6,Nielsen,Oct_21_g0,0.990039008080245,0.9988854834215659,0.976177208135971,0.6844106463878327,,4,20,4,8,0,6,2,1,1,3,0,1S,3H,,0,86,False,True,False,True,0
top_ten,svm,occupancy_bin,full,6,unith,6,Nielsen,Oct_21_g0,0.990039008080245,0.9988854834215659,0.976177208135971,0.6844106463878327,,4,20,4,8,0,6,3,1,1,4,0,1S,4H,,0,28,False,True,False,True,0
top_ten,svm,occupancy_bin,full,6,unith,6,Nielsen,Oct_21_g0,0.990039008080245,0.9988854834215659,0.976177208135971,0.6844106463878327,,4,20,4,8,0,6,4,1,1,5,0,1S,5H,,0,16,False,True,False,True,0
top_ten,svm,occupancy_bin,full,6,unith,6,Nielsen,Oct_21_g0,0.990039008080245,0.9988854834215659,0.976177208135971,0.6844106463878327,,,20,4,8,0,6,5,1,1,6,0,1S,6H,,0,0,False,False,False,False,0
top_ten,svm,occupancy_bin,full,6,unith,6,Nielsen,Oct_21_g0,0.990039008080245,0.9988854834215659,0.976177208135971,0.6844106463878327,,,20,4,8,0,6,6,1,1,1,1,1S,1S,,0,0,False,False,False,False,0
top_ten,svm,occupancy_bin,full,6,unith,6,Nielsen,Oct_21_g0,0.990039008080245,0.9988854834215659,0.976177208135971,0.6844106463878327,,4,20,4,8,0,6,7,1,1,2,1,1S,2S,,0,11,False,True,False,True,0
top_ten,svm,occupancy_bin,full,6,unith,6,Nielsen,Oct_21_g0,0.990039008080245,0.9988854834215659,0.976177208135971,0.6844106463878327,,4,20,4,8,0,6,8,1,1,3,1,1S,3S,,0,8,False,True,False,True,0
top_ten,svm,occupancy_bin,full,6,unith,6,Nielsen,Oct_21_g0,0.990039008080245,0.9988854834215659,0.976177208135971,0.6844106463878327,,4,20,4,8,0,6,9,1,1,4,1,1S,4S,,0,59,False,True,False,True,0
top_ten,svm,occupancy_bin,full,6,unith,6,Nielsen,Oct_21_g0,0.990039008080245,0.9988854834215659,0.976177208135971,0.6844106463878327,,4,20,4,8,0,6,10,1,1,5,1,1S,5S,,0,87,False,True,False,True,0
top_ten,svm,occupancy_bin,full,6,unith,6,Nielsen,Oct_21_g0,0.990039008080245,0.9988854834215659,0.976177208135971,0.6844106463878327,,4,20,4,8,0,6,11,1,1,6,1,1S,6S,,0,95,False,True,False,True,0
top_ten,svm,occupancy_bin,full,6,unith,6,Nielsen,Oct_21_g0,0.990039008080245,0.9988854834215659,0.976177208135971,0.6844106463878327,4,4,20,4,8,0,7,0,2,1,1,0,2S,1H,0.6451204398149694,11,72,True,True,True,True,0
top_ten,svm,occupancy_bin,full,6,unith,6,Nielsen,Oct_21_g0,0.990039008080245,0.9988854834215659,0.976177208135971,0.6844106463878327,4,4,20,4,8,0,7,1,2,1,2,0,2S,2H,0.6855822992550322,11,55,True,True,True,True,0
top_ten,svm,occupancy_bin,full,6,unith,6,Nielsen,Oct_21_g0,0.990039008080245,0.9988854834215659,0.976177208135971,0.6844106463878327,4,4,20,4,8,0,7,2,2,1,3,0,2S,3H,0.7228660317658571,11,86,True,True,True,True,0
top_ten,svm,occupancy_bin,full,6,unith,6,Nielsen,Oct_21_g0,0.990039008080245,0.9988854834215659,0.976177208135971,0.6844106463878327,4,4,20,4,8,0,7,3,2,1,4,0,2S,4H,0.7714143441200768,11,28,True,True,True,True,0
top_ten,svm,occupancy_bin,full,6,unith,6,Nielsen,Oct_21_g0,0.990039008080245,0.9988854834215659,0.976177208135971,0.6844106463878327,4,4,20,4,8,0,7,4,2,1,5,0,2S,5H,0.6330664874968489,11,16,True,True,True,True,0
top_ten,svm,occupancy_bin,full,6,unith,6,Nielsen,Oct_21_g0,0.990039008080245,0.9988854834215659,0.976177208135971,0.6844106463878327,4,,20,4,8,0,7,5,2,1,6,0,2S,6H,,11,0,True,False,True,False,0
top_ten,svm,occupancy_bin,full,6,unith,6,Nielsen,Oct_21_g0,0.990039008080245,0.9988854834215659,0.976177208135971,0.6844106463878327,4,,20,4,8,0,7,6,2,1,1,1,2S,1S,,11,0,True,False,True,False,0
top_ten,svm,occupancy_bin,full,6,unith,6,Nielsen,Oct_21_g0,0.990039008080245,0.9988854834215659,0.976177208135971,0.6844106463878327,4,4,20,4,8,0,7,7,2,1,2,1,2S,2S,0.6753633329931811,11,11,True,True,True,True,0
top_ten,svm,occupancy_bin,full,6,unith,6,Nielsen,Oct_21_g0,0.990039008080245,0.9988854834215659,0.976177208135971,0.6844106463878327,4,4,20,4,8,0,7,8,2,1,3,1,2S,3S,0.7052382477470485,11,8,True,True,True,True,0
top_ten,svm,occupancy_bin,full,6,unith,6,Nielsen,Oct_21_g0,0.990039008080245,0.9988854834215659,0.976177208135971,0.6844106463878327,4,4,20,4,8,0,7,9,2,1,4,1,2S,4S,0.7716772615970686,11,59,True,True,True,True,0
top_ten,svm,occupancy_bin,full,6,unith,6,Nielsen,Oct_21_g0,0.990039008080245,0.9988854834215659,0.976177208135971,0.6844106463878327,4,4,20,4,8,0,7,10,2,1,5,1,2S,5S,0.755928950182701,11,87,True,True,True,True,0
top_ten,svm,occupancy_bin,full,6,unith,6,Nielsen,Oct_21_g0,0.990039008080245,0.9988854834215659,0.976177208135971,0.6844106463878327,4,4,20,4,8,0,7,11,2,1,6,1,2S,6S,0.7899868998131361,11,95,True,True,True,True,0
top_ten,svm,occupancy_bin,full,6,unith,6,Nielsen,Oct_21_g0,0.990039008080245,0.9988854834215659,0.976177208135971,0.6844106463878327,4,4,20,4,8,0,8,0,3,1,1,0,3S,1H,0.5098679735644479,8,72,True,True,True,True,0
top_ten,svm,occupancy_bin,full,6,unith,6,Nielsen,Oct_21_g0,0.990039008080245,0.9988854834215659,0.976177208135971,0.6844106463878327,4,4,20,4,8,0,8,1,3,1,2,0,3S,2H,0.6774950654622848,8,55,True,True,True,True,0
top_ten,svm,occupancy_bin,full,6,unith,6,Nielsen,Oct_21_g0,0.990039008080245,0.9988854834215659,0.976177208135971,0.6844106463878327,4,4,20,4,8,0,8,2,3,1,3,0,3S,3H,0.6527057605728519,8,86,True,True,True,True,0
top_ten,svm,occupancy_bin,full,6,unith,6,Nielsen,Oct_21_g0,0.990039008080245,0.9988854834215659,0.976177208135971,0.6844106463878327,4,4,20,4,8,0,8,3,3,1,4,0,3S,4H,0.6922597206868852,8,28,True,True,True,True,0
top_ten,svm,occupancy_bin,full,6,unith,6,Nielsen,Oct_21_g0,0.990039008080245,0.9988854834215659,0.976177208135971,0.6844106463878327,4,4,20,4,8,0,8,4,3,1,5,0,3S,5H,0.6328494211771329,8,16,True,True,True,True,0
top_ten,svm,occupancy_bin,full,6,unith,6,Nielsen,Oct_21_g0,0.990039008080245,0.9988854834215659,0.976177208135971,0.6844106463878327,4,,20,4,8,0,8,5,3,1,6,0,3S,6H,,8,0,True,False,True,False,0
top_ten,svm,occupancy_bin,full,6,unith,6,Nielsen,Oct_21_g0,0.990039008080245,0.9988854834215659,0.976177208135971,0.6844106463878327,4,,20,4,8,0,8,6,3,1,1,1,3S,1S,,8,0,True,False,True,False,0
top_ten,svm,occupancy_bin,full,6,unith,6,Nielsen,Oct_21_g0,0.990039008080245,0.9988854834215659,0.976177208135971,0.6844106463878327,4,4,20,4,8,0,8,7,3,1,2,1,3S,2S,0.7052382477470485,8,11,True,True,True,True,0
top_ten,svm,occupancy_bin,full,6,unith,6,Nielsen,Oct_21_g0,0.990039008080245,0.9988854834215659,0.976177208135971,0.6844106463878327,4,4,20,4,8,0,8,8,3,1,3,1,3S,3S,0.8378319350623741,8,8,True,True,True,True,0
top_ten,svm,occupancy_bin,full,6,unith,6,Nielsen,Oct_21_g0,0.990039008080245,0.9988854834215659,0.976177208135971,0.6844106463878327,4,4,20,4,8,0,8,9,3,1,4,1,3S,4S,0.6836567764590777,8,59,True,True,True,True,0
top_ten,svm,occupancy_bin,full,6,unith,6,Nielsen,Oct_21_g0,0.990039008080245,0.9988854834215659,0.976177208135971,0.6844106463878327,4,4,20,4,8,0,8,10,3,1,5,1,3S,5S,0.8449795805836325,8,87,True,True,True,True,0
top_ten,svm,occupancy_bin,full,6,unith,6,Nielsen,Oct_21_g0,0.990039008080245,0.9988854834215659,0.976177208135971,0.6844106463878327,4,4,20,4,8,0,8,11,3,1,6,1,3S,6S,0.7892384293726205,8,95,True,True,True,True,0
top_ten,svm,occupancy_bin,full,6,unith,6,Nielsen,Oct_21_g0,0.990039008080245,0.9988854834215659,0.976177208135971,0.6844106463878327,4,4,20,4,8,0,9,0,4,1,1,0,4S,1H,0.7097218872027329,59,72,True,True,True,True,0
top_ten,svm,occupancy_bin,full,6,unith,6,Nielsen,Oct_21_g0,0.990039008080245,0.9988854834215659,0.976177208135971,0.6844106463878327,4,4,20,4,8,0,9,1,4,1,2,0,4S,2H,0.8170942103688612,59,55,True,True,True,True,0
top_ten,svm,occupancy_bin,full,6,unith,6,Nielsen,Oct_21_g0,0.990039008080245,0.9988854834215659,0.976177208135971,0.6844106463878327,4,4,20,4,8,0,9,2,4,1,3,0,4S,3H,0.7732001776379692,59,86,True,True,True,True,0
top_ten,svm,occupancy_bin,full,6,unith,6,Nielsen,Oct_21_g0,0.990039008080245,0.9988854834215659,0.976177208135971,0.6844106463878327,4,4,20,4,8,0,9,3,4,1,4,0,4S,4H,0.8626814930333143,59,28,True,True,True,True,0
top_ten,svm,occupancy_bin,full,6,unith,6,Nielsen,Oct_21_g0,0.990039008080245,0.9988854834215659,0.976177208135971,0.6844106463878327,4,4,20,4,8,0,9,4,4,1,5,0,4S,5H,0.78193959447428,59,16,True,True,True,True,0
top_ten,svm,occupancy_bin,full,6,unith,6,Nielsen,Oct_21_g0,0.990039008080245,0.9988854834215659,0.976177208135971,0.6844106463878327,4,,20,4,8,0,9,5,4,1,6,0,4S,6H,,59,0,True,False,True,False,0
top_ten,svm,occupancy_bin,full,6,unith,6,Nielsen,Oct_21_g0,0.990039008080245,0.9988854834215659,0.976177208135971,0.6844106463878327,4,,20,4,8,0,9,6,4,1,1,1,4S,1S,,59,0,True,False,True,False,0
top_ten,svm,occupancy_bin,full,6,unith,6,Nielsen,Oct_21_g0,0.990039008080245,0.9988854834215659,0.976177208135971,0.6844106463878327,4,4,20,4,8,0,9,7,4,1,2,1,4S,2S,0.7716772615970686,59,11,True,True,True,True,0
top_ten,svm,occupancy_bin,full,6,unith,6,Nielsen,Oct_21_g0,0.990039008080245,0.9988854834215659,0.976177208135971,0.6844106463878327,4,4,20,4,8,0,9,8,4,1,3,1,4S,3S,0.6836567764590777,59,8,True,True,True,True,0
top_ten,svm,occupancy_bin,full,6,unith,6,Nielsen,Oct_21_g0,0.990039008080245,0.9988854834215659,0.976177208135971,0.6844106463878327,4,4,20,4,8,0,9,9,4,1,4,1,4S,4S,0.8315312613165144,59,59,True,True,True,True,0
top_ten,svm,occupancy_bin,full,6,unith,6,Nielsen,Oct_21_g0,0.990039008080245,0.9988854834215659,0.976177208135971,0.6844106463878327,4,4,20,4,8,0,9,10,4,1,5,1,4S,5S,0.7474438008874428,59,87,True,True,True,True,0
top_ten,svm,occupancy_bin,full,6,unith,6,Nielsen,Oct_21_g0,0.990039008080245,0.9988854834215659,0.976177208135971,0.6844106463878327,4,4,20,4,8,0,9,11,4,1,6,1,4S,6S,0.8146587402474104,59,95,True,True,True,True,0
top_ten,svm,occupancy_bin,full,6,unith,6,Nielsen,Oct_21_g0,0.990039008080245,0.9988854834215659,0.976177208135971,0.6844106463878327,4,4,20,4,8,0,10,0,5,1,1,0,5S,1H,0.6258029172704477,87,72,True,True,True,True,0
top_ten,svm,occupancy_bin,full,6,unith,6,Nielsen,Oct_21_g0,0.990039008080245,0.9988854834215659,0.976177208135971,0.6844106463878327,4,4,20,4,8,0,10,1,5,1,2,0,5S,2H,0.7266763934628664,87,55,True,True,True,True,0
top_ten,svm,occupancy_bin,full,6,unith,6,Nielsen,Oct_21_g0,0.990039008080245,0.9988854834215659,0.976177208135971,0.6844106463878327,4,4,20,4,8,0,10,2,5,1,3,0,5S,3H,0.7432682476145859,87,86,True,True,True,True,0
top_ten,svm,occupancy_bin,full,6,unith,6,Nielsen,Oct_21_g0,0.990039008080245,0.9988854834215659,0.976177208135971,0.6844106463878327,4,4,20,4,8,0,10,3,5,1,4,0,5S,4H,0.7517611175941245,87,28,True,True,True,True,0
top_ten,svm,occupancy_bin,full,6,unith,6,Nielsen,Oct_21_g0,0.990039008080245,0.9988854834215659,0.976177208135971,0.6844106463878327,4,4,20,4,8,0,10,4,5,1,5,0,5S,5H,0.7297277096180145,87,16,True,True,True,True,0
top_ten,svm,occupancy_bin,full,6,unith,6,Nielsen,Oct_21_g0,0.990039008080245,0.9988854834215659,0.976177208135971,0.6844106463878327,4,,20,4,8,0,10,5,5,1,6,0,5S,6H,,87,0,True,False,True,False,0
top_ten,svm,occupancy_bin,full,6,unith,6,Nielsen,Oct_21_g0,0.990039008080245,0.9988854834215659,0.976177208135971,0.6844106463878327,4,,20,4,8,0,10,6,5,1,1,1,5S,1S,,87,0,True,False,True,False,0
top_ten,svm,occupancy_bin,full,6,unith,6,Nielsen,Oct_21_g0,0.990039008080245,0.9988854834215659,0.976177208135971,0.6844106463878327,4,4,20,4,8,0,10,7,5,1,2,1,5S,2S,0.755928950182701,87,11,True,True,True,True,0
top_ten,svm,occupancy_bin,full,6,unith,6,Nielsen,Oct_21_g0,0.990039008080245,0.9988854834215659,0.976177208135971,0.6844106463878327,4,4,20,4,8,0,10,8,5,1,3,1,5S,3S,0.8449795805836325,87,8,True,True,True,True,0
top_ten,svm,occupancy_bin,full,6,unith,6,Nielsen,Oct_21_g0,0.990039008080245,0.9988854834215659,0.976177208135971,0.6844106463878327,4,4,20,4,8,0,10,9,5,1,4,1,5S,4S,0.7474438008874428,87,59,True,True,True,True,0
top_ten,svm,occupancy_bin,full,6,unith,6,Nielsen,Oct_21_g0,0.990039008080245,0.9988854834215659,0.976177208135971,0.6844106463878327,4,4,20,4,8,0,10,10,5,1,5,1,5S,5S,0.7734497943693486,87,87,True,True,True,True,0
top_ten,svm,occupancy_bin,full,6,unith,6,Nielsen,Oct_21_g0,0.990039008080245,0.9988854834215659,0.976177208135971,0.6844106463878327,4,4,20,4,8,0,10,11,5,1,6,1,5S,6S,0.8062193850847033,87,95,True,True,True,True,0
top_ten,svm,occupancy_bin,full,6,unith,6,Nielsen,Oct_21_g0,0.990039008080245,0.9988854834215659,0.976177208135971,0.6844106463878327,4,4,20,4,8,0,11,0,6,1,1,0,6S,1H,0.6557378960163036,95,72,True,True,True,True,0
top_ten,svm,occupancy_bin,full,6,unith,6,Nielsen,Oct_21_g0,0.990039008080245,0.9988854834215659,0.976177208135971,0.6844106463878327,4,4,20,4,8,0,11,1,6,1,2,0,6S,2H,0.78163775746365,95,55,True,True,True,True,0
top_ten,svm,occupancy_bin,full,6,unith,6,Nielsen,Oct_21_g0,0.990039008080245,0.9988854834215659,0.976177208135971,0.6844106463878327,4,4,20,4,8,0,11,2,6,1,3,0,6S,3H,0.7336946716371442,95,86,True,True,True,True,0
top_ten,svm,occupancy_bin,full,6,unith,6,Nielsen,Oct_21_g0,0.990039008080245,0.9988854834215659,0.976177208135971,0.6844106463878327,4,4,20,4,8,0,11,3,6,1,4,0,6S,4H,0.8096924306554758,95,28,True,True,True,True,0
top_ten,svm,occupancy_bin,full,6,unith,6,Nielsen,Oct_21_g0,0.990039008080245,0.9988854834215659,0.976177208135971,0.6844106463878327,4,4,20,4,8,0,11,4,6,1,5,0,6S,5H,0.7522629578593325,95,16,True,True,True,True,0
top_ten,svm,occupancy_bin,full,6,unith,6,Nielsen,Oct_21_g0,0.990039008080245,0.9988854834215659,0.976177208135971,0.6844106463878327,4,,20,4,8,0,11,5,6,1,6,0,6S,6H,,95,0,True,False,True,False,0
top_ten,svm,occupancy_bin,full,6,unith,6,Nielsen,Oct_21_g0,0.990039008080245,0.9988854834215659,0.976177208135971,0.6844106463878327,4,,20,4,8,0,11,6,6,1,1,1,6S,1S,,95,0,True,False,True,False,0
top_ten,svm,occupancy_bin,full,6,unith,6,Nielsen,Oct_21_g0,0.990039008080245,0.9988854834215659,0.976177208135971,0.6844106463878327,4,4,20,4,8,0,11,7,6,1,2,1,6S,2S,0.7899868998131361,95,11,True,True,True,True,0
top_ten,svm,occupancy_bin,full,6,unith,6,Nielsen,Oct_21_g0,0.990039008080245,0.9988854834215659,0.976177208135971,0.6844106463878327,4,4,20,4,8,0,11,8,6,1,3,1,6S,3S,0.7892384293726205,95,8,True,True,True,True,0
top_ten,svm,occupancy_bin,full,6,unith,6,Nielsen,Oct_21_g0,0.990039008080245,0.9988854834215659,0.976177208135971,0.6844106463878327,4,4,20,4,8,0,11,9,6,1,4,1,6S,4S,0.8146587402474104,95,59,True,True,True,True,0
top_ten,svm,occupancy_bin,full,6,unith,6,Nielsen,Oct_21_g0,0.990039008080245,0.9988854834215659,0.976177208135971,0.6844106463878327,4,4,20,4,8,0,11,10,6,1,5,1,6S,5S,0.8062193850847033,95,87,True,True,True,True,0
top_ten,svm,occupancy_bin,full,6,unith,6,Nielsen,Oct_21_g0,0.990039008080245,0.9988854834215659,0.976177208135971,0.6844106463878327,4,4,20,4,8,0,11,11,6,1,6,1,6S,6S,0.8336731902791911,95,95,True,True,True,True,0
top_ten,svm,occupancy_bin,full,6,unith,6,Nielsen,Oct_22_g0,0.999896608767576,1.0,1.0,0.8143459915611815,9,9,20,4,8,0,0,0,1,0,1,0,1H,1H,0.8064105557725029,62,62,True,True,True,True,0
top_ten,svm,occupancy_bin,full,6,unith,6,Nielsen,Oct_22_g0,0.999896608767576,1.0,1.0,0.8143459915611815,9,9,20,4,8,0,0,1,1,0,2,0,1H,2H,0.8353014284384173,62,46,True,True,True,True,0
top_ten,svm,occupancy_bin,full,6,unith,6,Nielsen,Oct_22_g0,0.999896608767576,1.0,1.0,0.8143459915611815,9,9,20,4,8,0,0,2,1,0,3,0,1H,3H,0.846810777099274,62,71,True,True,True,True,0
top_ten,svm,occupancy_bin,full,6,unith,6,Nielsen,Oct_22_g0,0.999896608767576,1.0,1.0,0.8143459915611815,9,9,20,4,8,0,0,3,1,0,4,0,1H,4H,0.8434159102140791,62,18,True,True,True,True,0
top_ten,svm,occupancy_bin,full,6,unith,6,Nielsen,Oct_22_g0,0.999896608767576,1.0,1.0,0.8143459915611815,9,,20,4,8,0,0,4,1,0,5,0,1H,5H,,62,0,True,False,True,False,0
top_ten,svm,occupancy_bin,full,6,unith,6,Nielsen,Oct_22_g0,0.999896608767576,1.0,1.0,0.8143459915611815,9,,20,4,8,0,0,5,1,0,6,0,1H,6H,,62,0,True,False,True,False,0
top_ten,svm,occupancy_bin,full,6,unith,6,Nielsen,Oct_22_g0,0.999896608767576,1.0,1.0,0.8143459915611815,9,,20,4,8,0,0,6,1,0,1,1,1H,1S,,62,0,True,False,True,False,0
top_ten,svm,occupancy_bin,full,6,unith,6,Nielsen,Oct_22_g0,0.999896608767576,1.0,1.0,0.8143459915611815,9,9,20,4,8,0,0,7,1,0,2,1,1H,2S,0.8411959975421128,62,23,True,True,True,True,0
top_ten,svm,occupancy_bin,full,6,unith,6,Nielsen,Oct_22_g0,0.999896608767576,1.0,1.0,0.8143459915611815,9,3,20,4,8,0,0,8,1,0,3,1,1H,3S,0.5174687329458122,62,6,True,True,True,False,0
top_ten,svm,occupancy_bin,full,6,unith,6,Nielsen,Oct_22_g0,0.999896608767576,1.0,1.0,0.8143459915611815,9,9,20,4,8,0,0,9,1,0,4,1,1H,4S,0.8166025591495378,62,64,True,True,True,True,0
top_ten,svm,occupancy_bin,full,6,unith,6,Nielsen,Oct_22_g0,0.999896608767576,1.0,1.0,0.8143459915611815,9,9,20,4,8,0,0,10,1,0,5,1,1H,5S,0.7800768149030596,62,90,True,True,True,True,0
top_ten,svm,occupancy_bin,full,6,unith,6,Nielsen,Oct_22_g0,0.999896608767576,1.0,1.0,0.8143459915611815,9,9,20,4,8,0,0,11,1,0,6,1,1H,6S,0.7220162476825756,62,78,True,True,True,True,0
top_ten,svm,occupancy_bin,full,6,unith,6,Nielsen,Oct_22_g0,0.999896608767576,1.0,1.0,0.8143459915611815,9,9,20,4,8,0,1,0,2,0,1,0,2H,1H,0.8353014284384173,46,62,True,True,True,True,0
top_ten,svm,occupancy_bin,full,6,unith,6,Nielsen,Oct_22_g0,0.999896608767576,1.0,1.0,0.8143459915611815,9,9,20,4,8,0,1,1,2,0,2,0,2H,2H,0.8623958231919386,46,46,True,True,True,True,0
top_ten,svm,occupancy_bin,full,6,unith,6,Nielsen,Oct_22_g0,0.999896608767576,1.0,1.0,0.8143459915611815,9,9,20,4,8,0,1,2,2,0,3,0,2H,3H,0.794054906634258,46,71,True,True,True,True,0
top_ten,svm,occupancy_bin,full,6,unith,6,Nielsen,Oct_22_g0,0.999896608767576,1.0,1.0,0.8143459915611815,9,9,20,4,8,0,1,3,2,0,4,0,2H,4H,0.8815455835519602,46,18,True,True,True,True,0
top_ten,svm,occupancy_bin,full,6,unith,6,Nielsen,Oct_22_g0,0.999896608767576,1.0,1.0,0.8143459915611815,9,,20,4,8,0,1,4,2,0,5,0,2H,5H,,46,0,True,False,True,False,0
top_ten,svm,occupancy_bin,full,6,unith,6,Nielsen,Oct_22_g0,0.999896608767576,1.0,1.0,0.8143459915611815,9,,20,4,8,0,1,5,2,0,6,0,2H,6H,,46,0,True,False,True,False,0
top_ten,svm,occupancy_bin,full,6,unith,6,Nielsen,Oct_22_g0,0.999896608767576,1.0,1.0,0.8143459915611815,9,,20,4,8,0,1,6,2,0,1,1,2H,1S,,46,0,True,False,True,False,0
top_ten,svm,occupancy_bin,full,6,unith,6,Nielsen,Oct_22_g0,0.999896608767576,1.0,1.0,0.8143459915611815,9,9,20,4,8,0,1,7,2,0,2,1,2H,2S,0.8866714318949057,46,23,True,True,True,True,0
top_ten,svm,occupancy_bin,full,6,unith,6,Nielsen,Oct_22_g0,0.999896608767576,1.0,1.0,0.8143459915611815,9,3,20,4,8,0,1,8,2,0,3,1,2H,3S,0.4309198288567623,46,6,True,True,True,False,0
top_ten,svm,occupancy_bin,full,6,unith,6,Nielsen,Oct_22_g0,0.999896608767576,1.0,1.0,0.8143459915611815,9,9,20,4,8,0,1,9,2,0,4,1,2H,4S,0.871157119579213,46,64,True,True,True,True,0
top_ten,svm,occupancy_bin,full,6,unith,6,Nielsen,Oct_22_g0,0.999896608767576,1.0,1.0,0.8143459915611815,9,9,20,4,8,0,1,10,2,0,5,1,2H,5S,0.7645150183762979,46,90,True,True,True,True,0
top_ten,svm,occupancy_bin,full,6,unith,6,Nielsen,Oct_22_g0,0.999896608767576,1.0,1.0,0.8143459915611815,9,9,20,4,8,0,1,11,2,0,6,1,2H,6S,0.7789068608377322,46,78,True,True,True,True,0
top_ten,svm,occupancy_bin,full,6,unith,6,Nielsen,Oct_22_g0,0.999896608767576,1.0,1.0,0.8143459915611815,9,9,20,4,8,0,2,0,3,0,1,0,3H,1H,0.846810777099274,71,62,True,True,True,True,0
top_ten,svm,occupancy_bin,full,6,unith,6,Nielsen,Oct_22_g0,0.999896608767576,1.0,1.0,0.8143459915611815,9,9,20,4,8,0,2,1,3,0,2,0,3H,2H,0.794054906634258,71,46,True,True,True,True,0
top_ten,svm,occupancy_bin,full,6,unith,6,Nielsen,Oct_22_g0,0.999896608767576,1.0,1.0,0.8143459915611815,9,9,20,4,8,0,2,2,3,0,3,0,3H,3H,0.8924938904999156,71,71,True,True,True,True,0
top_ten,svm,occupancy_bin,full,6,unith,6,Nielsen,Oct_22_g0,0.999896608767576,1.0,1.0,0.8143459915611815,9,9,20,4,8,0,2,3,3,0,4,0,3H,4H,0.8562502094287765,71,18,True,True,True,True,0
top_ten,svm,occupancy_bin,full,6,unith,6,Nielsen,Oct_22_g0,0.999896608767576,1.0,1.0,0.8143459915611815,9,,20,4,8,0,2,4,3,0,5,0,3H,5H,,71,0,True,False,True,False,0
top_ten,svm,occupancy_bin,full,6,unith,6,Nielsen,Oct_22_g0,0.999896608767576,1.0,1.0,0.8143459915611815,9,,20,4,8,0,2,5,3,0,6,0,3H,6H,,71,0,True,False,True,False,0
top_ten,svm,occupancy_bin,full,6,unith,6,Nielsen,Oct_22_g0,0.999896608767576,1.0,1.0,0.8143459915611815,9,,20,4,8,0,2,6,3,0,1,1,3H,1S,,71,0,True,False,True,False,0
top_ten,svm,occupancy_bin,full,6,unith,6,Nielsen,Oct_22_g0,0.999896608767576,1.0,1.0,0.8143459915611815,9,9,20,4,8,0,2,7,3,0,2,1,3H,2S,0.7903526100726601,71,23,True,True,True,True,0
top_ten,svm,occupancy_bin,full,6,unith,6,Nielsen,Oct_22_g0,0.999896608767576,1.0,1.0,0.8143459915611815,9,3,20,4,8,0,2,8,3,0,3,1,3H,3S,0.6197579798689331,71,6,True,True,True,False,0
top_ten,svm,occupancy_bin,full,6,unith,6,Nielsen,Oct_22_g0,0.999896608767576,1.0,1.0,0.8143459915611815,9,9,20,4,8,0,2,9,3,0,4,1,3H,4S,0.8488765855953033,71,64,True,True,True,True,0
top_ten,svm,occupancy_bin,full,6,unith,6,Nielsen,Oct_22_g0,0.999896608767576,1.0,1.0,0.8143459915611815,9,9,20,4,8,0,2,10,3,0,5,1,3H,5S,0.8670369876579322,71,90,True,True,True,True,0
top_ten,svm,occupancy_bin,full,6,unith,6,Nielsen,Oct_22_g0,0.999896608767576,1.0,1.0,0.8143459915611815,9,9,20,4,8,0,2,11,3,0,6,1,3H,6S,0.7720176940249431,71,78,True,True,True,True,0
top_ten,svm,occupancy_bin,full,6,unith,6,Nielsen,Oct_22_g0,0.999896608767576,1.0,1.0,0.8143459915611815,9,9,20,4,8,0,3,0,4,0,1,0,4H,1H,0.8434159102140791,18,62,True,True,True,True,0
top_ten,svm,occupancy_bin,full,6,unith,6,Nielsen,Oct_22_g0,0.999896608767576,1.0,1.0,0.8143459915611815,9,9,20,4,8,0,3,1,4,0,2,0,4H,2H,0.8815455835519602,18,46,True,True,True,True,0
top_ten,svm,occupancy_bin,full,6,unith,6,Nielsen,Oct_22_g0,0.999896608767576,1.0,1.0,0.8143459915611815,9,9,20,4,8,0,3,2,4,0,3,0,4H,3H,0.8562502094287765,18,71,True,True,True,True,0
top_ten,svm,occupancy_bin,full,6,unith,6,Nielsen,Oct_22_g0,0.999896608767576,1.0,1.0,0.8143459915611815,9,9,20,4,8,0,3,3,4,0,4,0,4H,4H,0.9090116913662374,18,18,True,True,True,True,0
top_ten,svm,occupancy_bin,full,6,unith,6,Nielsen,Oct_22_g0,0.999896608767576,1.0,1.0,0.8143459915611815,9,,20,4,8,0,3,4,4,0,5,0,4H,5H,,18,0,True,False,True,False,0
top_ten,svm,occupancy_bin,full,6,unith,6,Nielsen,Oct_22_g0,0.999896608767576,1.0,1.0,0.8143459915611815,9,,20,4,8,0,3,5,4,0,6,0,4H,6H,,18,0,True,False,True,False,0
top_ten,svm,occupancy_bin,full,6,unith,6,Nielsen,Oct_22_g0,0.999896608767576,1.0,1.0,0.8143459915611815,9,,20,4,8,0,3,6,4,0,1,1,4H,1S,,18,0,True,False,True,False,0
top_ten,svm,occupancy_bin,full,6,unith,6,Nielsen,Oct_22_g0,0.999896608767576,1.0,1.0,0.8143459915611815,9,9,20,4,8,0,3,7,4,0,2,1,4H,2S,0.9077360040742427,18,23,True,True,True,True,0
top_ten,svm,occupancy_bin,full,6,unith,6,Nielsen,Oct_22_g0,0.999896608767576,1.0,1.0,0.8143459915611815,9,3,20,4,8,0,3,8,4,0,3,1,4H,3S,0.4591807548820771,18,6,True,True,True,False,0
top_ten,svm,occupancy_bin,full,6,unith,6,Nielsen,Oct_22_g0,0.999896608767576,1.0,1.0,0.8143459915611815,9,9,20,4,8,0,3,9,4,0,4,1,4H,4S,0.9238240793698551,18,64,True,True,True,True,0
top_ten,svm,occupancy_bin,full,6,unith,6,Nielsen,Oct_22_g0,0.999896608767576,1.0,1.0,0.8143459915611815,9,9,20,4,8,0,3,10,4,0,5,1,4H,5S,0.8502410806832904,18,90,True,True,True,True,0
top_ten,svm,occupancy_bin,full,6,unith,6,Nielsen,Oct_22_g0,0.999896608767576,1.0,1.0,0.8143459915611815,9,9,20,4,8,0,3,11,4,0,6,1,4H,6S,0.89054182484152,18,78,True,True,True,True,0
top_ten,svm,occupancy_bin,full,6,unith,6,Nielsen,Oct_22_g0,0.999896608767576,1.0,1.0,0.8143459915611815,,9,20,4,8,0,4,0,5,0,1,0,5H,1H,,0,62,False,True,False,True,0
top_ten,svm,occupancy_bin,full,6,unith,6,Nielsen,Oct_22_g0,0.999896608767576,1.0,1.0,0.8143459915611815,,9,20,4,8,0,4,1,5,0,2,0,5H,2H,,0,46,False,True,False,True,0
top_ten,svm,occupancy_bin,full,6,unith,6,Nielsen,Oct_22_g0,0.999896608767576,1.0,1.0,0.8143459915611815,,9,20,4,8,0,4,2,5,0,3,0,5H,3H,,0,71,False,True,False,True,0
top_ten,svm,occupancy_bin,full,6,unith,6,Nielsen,Oct_22_g0,0.999896608767576,1.0,1.0,0.8143459915611815,,9,20,4,8,0,4,3,5,0,4,0,5H,4H,,0,18,False,True,False,True,0
top_ten,svm,occupancy_bin,full,6,unith,6,Nielsen,Oct_22_g0,0.999896608767576,1.0,1.0,0.8143459915611815,,,20,4,8,0,4,4,5,0,5,0,5H,5H,,0,0,False,False,False,False,0
top_ten,svm,occupancy_bin,full,6,unith,6,Nielsen,Oct_22_g0,0.999896608767576,1.0,1.0,0.8143459915611815,,,20,4,8,0,4,5,5,0,6,0,5H,6H,,0,0,False,False,False,False,0
top_ten,svm,occupancy_bin,full,6,unith,6,Nielsen,Oct_22_g0,0.999896608767576,1.0,1.0,0.8143459915611815,,,20,4,8,0,4,6,5,0,1,1,5H,1S,,0,0,False,False,False,False,0
top_ten,svm,occupancy_bin,full,6,unith,6,Nielsen,Oct_22_g0,0.999896608767576,1.0,1.0,0.8143459915611815,,9,20,4,8,0,4,7,5,0,2,1,5H,2S,,0,23,False,True,False,True,0
top_ten,svm,occupancy_bin,full,6,unith,6,Nielsen,Oct_22_g0,0.999896608767576,1.0,1.0,0.8143459915611815,,3,20,4,8,0,4,8,5,0,3,1,5H,3S,,0,6,False,True,False,False,0
top_ten,svm,occupancy_bin,full,6,unith,6,Nielsen,Oct_22_g0,0.999896608767576,1.0,1.0,0.8143459915611815,,9,20,4,8,0,4,9,5,0,4,1,5H,4S,,0,64,False,True,False,True,0
top_ten,svm,occupancy_bin,full,6,unith,6,Nielsen,Oct_22_g0,0.999896608767576,1.0,1.0,0.8143459915611815,,9,20,4,8,0,4,10,5,0,5,1,5H,5S,,0,90,False,True,False,True,0
top_ten,svm,occupancy_bin,full,6,unith,6,Nielsen,Oct_22_g0,0.999896608767576,1.0,1.0,0.8143459915611815,,9,20,4,8,0,4,11,5,0,6,1,5H,6S,,0,78,False,True,False,True,0
top_ten,svm,occupancy_bin,full,6,unith,6,Nielsen,Oct_22_g0,0.999896608767576,1.0,1.0,0.8143459915611815,,9,20,4,8,0,5,0,6,0,1,0,6H,1H,,0,62,False,True,False,True,0
top_ten,svm,occupancy_bin,full,6,unith,6,Nielsen,Oct_22_g0,0.999896608767576,1.0,1.0,0.8143459915611815,,9,20,4,8,0,5,1,6,0,2,0,6H,2H,,0,46,False,True,False,True,0
top_ten,svm,occupancy_bin,full,6,unith,6,Nielsen,Oct_22_g0,0.999896608767576,1.0,1.0,0.8143459915611815,,9,20,4,8,0,5,2,6,0,3,0,6H,3H,,0,71,False,True,False,True,0
top_ten,svm,occupancy_bin,full,6,unith,6,Nielsen,Oct_22_g0,0.999896608767576,1.0,1.0,0.8143459915611815,,9,20,4,8,0,5,3,6,0,4,0,6H,4H,,0,18,False,True,False,True,0
top_ten,svm,occupancy_bin,full,6,unith,6,Nielsen,Oct_22_g0,0.999896608767576,1.0,1.0,0.8143459915611815,,,20,4,8,0,5,4,6,0,5,0,6H,5H,,0,0,False,False,False,False,0
top_ten,svm,occupancy_bin,full,6,unith,6,Nielsen,Oct_22_g0,0.999896608767576,1.0,1.0,0.8143459915611815,,,20,4,8,0,5,5,6,0,6,0,6H,6H,,0,0,False,False,False,False,0
top_ten,svm,occupancy_bin,full,6,unith,6,Nielsen,Oct_22_g0,0.999896608767576,1.0,1.0,0.8143459915611815,,,20,4,8,0,5,6,6,0,1,1,6H,1S,,0,0,False,False,False,False,0
top_ten,svm,occupancy_bin,full,6,unith,6,Nielsen,Oct_22_g0,0.999896608767576,1.0,1.0,0.8143459915611815,,9,20,4,8,0,5,7,6,0,2,1,6H,2S,,0,23,False,True,False,True,0
top_ten,svm,occupancy_bin,full,6,unith,6,Nielsen,Oct_22_g0,0.999896608767576,1.0,1.0,0.8143459915611815,,3,20,4,8,0,5,8,6,0,3,1,6H,3S,,0,6,False,True,False,False,0
top_ten,svm,occupancy_bin,full,6,unith,6,Nielsen,Oct_22_g0,0.999896608767576,1.0,1.0,0.8143459915611815,,9,20,4,8,0,5,9,6,0,4,1,6H,4S,,0,64,False,True,False,True,0
top_ten,svm,occupancy_bin,full,6,unith,6,Nielsen,Oct_22_g0,0.999896608767576,1.0,1.0,0.8143459915611815,,9,20,4,8,0,5,10,6,0,5,1,6H,5S,,0,90,False,True,False,True,0
top_ten,svm,occupancy_bin,full,6,unith,6,Nielsen,Oct_22_g0,0.999896608767576,1.0,1.0,0.8143459915611815,,9,20,4,8,0,5,11,6,0,6,1,6H,6S,,0,78,False,True,False,True,0
top_ten,svm,occupancy_bin,full,6,unith,6,Nielsen,Oct_22_g0,0.999896608767576,1.0,1.0,0.8143459915611815,,9,20,4,8,0,6,0,1,1,1,0,1S,1H,,0,62,False,True,False,True,0
top_ten,svm,occupancy_bin,full,6,unith,6,Nielsen,Oct_22_g0,0.999896608767576,1.0,1.0,0.8143459915611815,,9,20,4,8,0,6,1,1,1,2,0,1S,2H,,0,46,False,True,False,True,0
top_ten,svm,occupancy_bin,full,6,unith,6,Nielsen,Oct_22_g0,0.999896608767576,1.0,1.0,0.8143459915611815,,9,20,4,8,0,6,2,1,1,3,0,1S,3H,,0,71,False,True,False,True,0
top_ten,svm,occupancy_bin,full,6,unith,6,Nielsen,Oct_22_g0,0.999896608767576,1.0,1.0,0.8143459915611815,,9,20,4,8,0,6,3,1,1,4,0,1S,4H,,0,18,False,True,False,True,0
top_ten,svm,occupancy_bin,full,6,unith,6,Nielsen,Oct_22_g0,0.999896608767576,1.0,1.0,0.8143459915611815,,,20,4,8,0,6,4,1,1,5,0,1S,5H,,0,0,False,False,False,False,0
top_ten,svm,occupancy_bin,full,6,unith,6,Nielsen,Oct_22_g0,0.999896608767576,1.0,1.0,0.8143459915611815,,,20,4,8,0,6,5,1,1,6,0,1S,6H,,0,0,False,False,False,False,0
top_ten,svm,occupancy_bin,full,6,unith,6,Nielsen,Oct_22_g0,0.999896608767576,1.0,1.0,0.8143459915611815,,,20,4,8,0,6,6,1,1,1,1,1S,1S,,0,0,False,False,False,False,0
top_ten,svm,occupancy_bin,full,6,unith,6,Nielsen,Oct_22_g0,0.999896608767576,1.0,1.0,0.8143459915611815,,9,20,4,8,0,6,7,1,1,2,1,1S,2S,,0,23,False,True,False,True,0
top_ten,svm,occupancy_bin,full,6,unith,6,Nielsen,Oct_22_g0,0.999896608767576,1.0,1.0,0.8143459915611815,,3,20,4,8,0,6,8,1,1,3,1,1S,3S,,0,6,False,True,False,False,0
top_ten,svm,occupancy_bin,full,6,unith,6,Nielsen,Oct_22_g0,0.999896608767576,1.0,1.0,0.8143459915611815,,9,20,4,8,0,6,9,1,1,4,1,1S,4S,,0,64,False,True,False,True,0
top_ten,svm,occupancy_bin,full,6,unith,6,Nielsen,Oct_22_g0,0.999896608767576,1.0,1.0,0.8143459915611815,,9,20,4,8,0,6,10,1,1,5,1,1S,5S,,0,90,False,True,False,True,0
top_ten,svm,occupancy_bin,full,6,unith,6,Nielsen,Oct_22_g0,0.999896608767576,1.0,1.0,0.8143459915611815,,9,20,4,8,0,6,11,1,1,6,1,1S,6S,,0,78,False,True,False,True,0
top_ten,svm,occupancy_bin,full,6,unith,6,Nielsen,Oct_22_g0,0.999896608767576,1.0,1.0,0.8143459915611815,9,9,20,4,8,0,7,0,2,1,1,0,2S,1H,0.8411959975421128,23,62,True,True,True,True,0
top_ten,svm,occupancy_bin,full,6,unith,6,Nielsen,Oct_22_g0,0.999896608767576,1.0,1.0,0.8143459915611815,9,9,20,4,8,0,7,1,2,1,2,0,2S,2H,0.8866714318949057,23,46,True,True,True,True,0
top_ten,svm,occupancy_bin,full,6,unith,6,Nielsen,Oct_22_g0,0.999896608767576,1.0,1.0,0.8143459915611815,9,9,20,4,8,0,7,2,2,1,3,0,2S,3H,0.7903526100726601,23,71,True,True,True,True,0
top_ten,svm,occupancy_bin,full,6,unith,6,Nielsen,Oct_22_g0,0.999896608767576,1.0,1.0,0.8143459915611815,9,9,20,4,8,0,7,3,2,1,4,0,2S,4H,0.9077360040742427,23,18,True,True,True,True,0
top_ten,svm,occupancy_bin,full,6,unith,6,Nielsen,Oct_22_g0,0.999896608767576,1.0,1.0,0.8143459915611815,9,,20,4,8,0,7,4,2,1,5,0,2S,5H,,23,0,True,False,True,False,0
top_ten,svm,occupancy_bin,full,6,unith,6,Nielsen,Oct_22_g0,0.999896608767576,1.0,1.0,0.8143459915611815,9,,20,4,8,0,7,5,2,1,6,0,2S,6H,,23,0,True,False,True,False,0
top_ten,svm,occupancy_bin,full,6,unith,6,Nielsen,Oct_22_g0,0.999896608767576,1.0,1.0,0.8143459915611815,9,,20,4,8,0,7,6,2,1,1,1,2S,1S,,23,0,True,False,True,False,0
top_ten,svm,occupancy_bin,full,6,unith,6,Nielsen,Oct_22_g0,0.999896608767576,1.0,1.0,0.8143459915611815,9,9,20,4,8,0,7,7,2,1,2,1,2S,2S,0.8267811818187379,23,23,True,True,True,True,0
top_ten,svm,occupancy_bin,full,6,unith,6,Nielsen,Oct_22_g0,0.999896608767576,1.0,1.0,0.8143459915611815,9,3,20,4,8,0,7,8,2,1,3,1,2S,3S,0.38822408660209123,23,6,True,True,True,False,0
top_ten,svm,occupancy_bin,full,6,unith,6,Nielsen,Oct_22_g0,0.999896608767576,1.0,1.0,0.8143459915611815,9,9,20,4,8,0,7,9,2,1,4,1,2S,4S,0.8649885269924296,23,64,True,True,True,True,0
top_ten,svm,occupancy_bin,full,6,unith,6,Nielsen,Oct_22_g0,0.999896608767576,1.0,1.0,0.8143459915611815,9,9,20,4,8,0,7,10,2,1,5,1,2S,5S,0.7410618019736149,23,90,True,True,True,True,0
top_ten,svm,occupancy_bin,full,6,unith,6,Nielsen,Oct_22_g0,0.999896608767576,1.0,1.0,0.8143459915611815,9,9,20,4,8,0,7,11,2,1,6,1,2S,6S,0.7969287007516986,23,78,True,True,True,True,0
top_ten,svm,occupancy_bin,full,6,unith,6,Nielsen,Oct_22_g0,0.999896608767576,1.0,1.0,0.8143459915611815,3,9,20,4,8,0,8,0,3,1,1,0,3S,1H,0.5174687329458122,6,62,True,True,False,True,0
top_ten,svm,occupancy_bin,full,6,unith,6,Nielsen,Oct_22_g0,0.999896608767576,1.0,1.0,0.8143459915611815,3,9,20,4,8,0,8,1,3,1,2,0,3S,2H,0.4309198288567623,6,46,True,True,False,True,0
top_ten,svm,occupancy_bin,full,6,unith,6,Nielsen,Oct_22_g0,0.999896608767576,1.0,1.0,0.8143459915611815,3,9,20,4,8,0,8,2,3,1,3,0,3S,3H,0.6197579798689331,6,71,True,True,False,True,0
top_ten,svm,occupancy_bin,full,6,unith,6,Nielsen,Oct_22_g0,0.999896608767576,1.0,1.0,0.8143459915611815,3,9,20,4,8,0,8,3,3,1,4,0,3S,4H,0.4591807548820771,6,18,True,True,False,True,0
top_ten,svm,occupancy_bin,full,6,unith,6,Nielsen,Oct_22_g0,0.999896608767576,1.0,1.0,0.8143459915611815,3,,20,4,8,0,8,4,3,1,5,0,3S,5H,,6,0,True,False,False,False,0
top_ten,svm,occupancy_bin,full,6,unith,6,Nielsen,Oct_22_g0,0.999896608767576,1.0,1.0,0.8143459915611815,3,,20,4,8,0,8,5,3,1,6,0,3S,6H,,6,0,True,False,False,False,0
top_ten,svm,occupancy_bin,full,6,unith,6,Nielsen,Oct_22_g0,0.999896608767576,1.0,1.0,0.8143459915611815,3,,20,4,8,0,8,6,3,1,1,1,3S,1S,,6,0,True,False,False,False,0
top_ten,svm,occupancy_bin,full,6,unith,6,Nielsen,Oct_22_g0,0.999896608767576,1.0,1.0,0.8143459915611815,3,9,20,4,8,0,8,7,3,1,2,1,3S,2S,0.38822408660209123,6,23,True,True,False,True,0
top_ten,svm,occupancy_bin,full,6,unith,6,Nielsen,Oct_22_g0,0.999896608767576,1.0,1.0,0.8143459915611815,3,3,20,4,8,0,8,8,3,1,3,1,3S,3S,0.5980608650436633,6,6,True,True,False,False,0
top_ten,svm,occupancy_bin,full,6,unith,6,Nielsen,Oct_22_g0,0.999896608767576,1.0,1.0,0.8143459915611815,3,9,20,4,8,0,8,9,3,1,4,1,3S,4S,0.4603500206440526,6,64,True,True,False,True,0
top_ten,svm,occupancy_bin,full,6,unith,6,Nielsen,Oct_22_g0,0.999896608767576,1.0,1.0,0.8143459915611815,3,9,20,4,8,0,8,10,3,1,5,1,3S,5S,0.6924968061468217,6,90,True,True,False,True,0
top_ten,svm,occupancy_bin,full,6,unith,6,Nielsen,Oct_22_g0,0.999896608767576,1.0,1.0,0.8143459915611815,3,9,20,4,8,0,8,11,3,1,6,1,3S,6S,0.4294220514174329,6,78,True,True,False,True,0
top_ten,svm,occupancy_bin,full,6,unith,6,Nielsen,Oct_22_g0,0.999896608767576,1.0,1.0,0.8143459915611815,9,9,20,4,8,0,9,0,4,1,1,0,4S,1H,0.8166025591495378,64,62,True,True,True,True,0
top_ten,svm,occupancy_bin,full,6,unith,6,Nielsen,Oct_22_g0,0.999896608767576,1.0,1.0,0.8143459915611815,9,9,20,4,8,0,9,1,4,1,2,0,4S,2H,0.871157119579213,64,46,True,True,True,True,0
top_ten,svm,occupancy_bin,full,6,unith,6,Nielsen,Oct_22_g0,0.999896608767576,1.0,1.0,0.8143459915611815,9,9,20,4,8,0,9,2,4,1,3,0,4S,3H,0.8488765855953033,64,71,True,True,True,True,0
top_ten,svm,occupancy_bin,full,6,unith,6,Nielsen,Oct_22_g0,0.999896608767576,1.0,1.0,0.8143459915611815,9,9,20,4,8,0,9,3,4,1,4,0,4S,4H,0.9238240793698551,64,18,True,True,True,True,0
top_ten,svm,occupancy_bin,full,6,unith,6,Nielsen,Oct_22_g0,0.999896608767576,1.0,1.0,0.8143459915611815,9,,20,4,8,0,9,4,4,1,5,0,4S,5H,,64,0,True,False,True,False,0
top_ten,svm,occupancy_bin,full,6,unith,6,Nielsen,Oct_22_g0,0.999896608767576,1.0,1.0,0.8143459915611815,9,,20,4,8,0,9,5,4,1,6,0,4S,6H,,64,0,True,False,True,False,0
top_ten,svm,occupancy_bin,full,6,unith,6,Nielsen,Oct_22_g0,0.999896608767576,1.0,1.0,0.8143459915611815,9,,20,4,8,0,9,6,4,1,1,1,4S,1S,,64,0,True,False,True,False,0
top_ten,svm,occupancy_bin,full,6,unith,6,Nielsen,Oct_22_g0,0.999896608767576,1.0,1.0,0.8143459915611815,9,9,20,4,8,0,9,7,4,1,2,1,4S,2S,0.8649885269924296,64,23,True,True,True,True,0
top_ten,svm,occupancy_bin,full,6,unith,6,Nielsen,Oct_22_g0,0.999896608767576,1.0,1.0,0.8143459915611815,9,3,20,4,8,0,9,8,4,1,3,1,4S,3S,0.4603500206440526,64,6,True,True,True,False,0
top_ten,svm,occupancy_bin,full,6,unith,6,Nielsen,Oct_22_g0,0.999896608767576,1.0,1.0,0.8143459915611815,9,9,20,4,8,0,9,9,4,1,4,1,4S,4S,0.9011050374959246,64,64,True,True,True,True,0
top_ten,svm,occupancy_bin,full,6,unith,6,Nielsen,Oct_22_g0,0.999896608767576,1.0,1.0,0.8143459915611815,9,9,20,4,8,0,9,10,4,1,5,1,4S,5S,0.8443774299791846,64,90,True,True,True,True,0
top_ten,svm,occupancy_bin,full,6,unith,6,Nielsen,Oct_22_g0,0.999896608767576,1.0,1.0,0.8143459915611815,9,9,20,4,8,0,9,11,4,1,6,1,4S,6S,0.8787768484324225,64,78,True,True,True,True,0
top_ten,svm,occupancy_bin,full,6,unith,6,Nielsen,Oct_22_g0,0.999896608767576,1.0,1.0,0.8143459915611815,9,9,20,4,8,0,10,0,5,1,1,0,5S,1H,0.7800768149030596,90,62,True,True,True,True,0
top_ten,svm,occupancy_bin,full,6,unith,6,Nielsen,Oct_22_g0,0.999896608767576,1.0,1.0,0.8143459915611815,9,9,20,4,8,0,10,1,5,1,2,0,5S,2H,0.7645150183762979,90,46,True,True,True,True,0
top_ten,svm,occupancy_bin,full,6,unith,6,Nielsen,Oct_22_g0,0.999896608767576,1.0,1.0,0.8143459915611815,9,9,20,4,8,0,10,2,5,1,3,0,5S,3H,0.8670369876579322,90,71,True,True,True,True,0
top_ten,svm,occupancy_bin,full,6,unith,6,Nielsen,Oct_22_g0,0.999896608767576,1.0,1.0,0.8143459915611815,9,9,20,4,8,0,10,3,5,1,4,0,5S,4H,0.8502410806832904,90,18,True,True,True,True,0
top_ten,svm,occupancy_bin,full,6,unith,6,Nielsen,Oct_22_g0,0.999896608767576,1.0,1.0,0.8143459915611815,9,,20,4,8,0,10,4,5,1,5,0,5S,5H,,90,0,True,False,True,False,0
top_ten,svm,occupancy_bin,full,6,unith,6,Nielsen,Oct_22_g0,0.999896608767576,1.0,1.0,0.8143459915611815,9,,20,4,8,0,10,5,5,1,6,0,5S,6H,,90,0,True,False,True,False,0
top_ten,svm,occupancy_bin,full,6,unith,6,Nielsen,Oct_22_g0,0.999896608767576,1.0,1.0,0.8143459915611815,9,,20,4,8,0,10,6,5,1,1,1,5S,1S,,90,0,True,False,True,False,0
top_ten,svm,occupancy_bin,full,6,unith,6,Nielsen,Oct_22_g0,0.999896608767576,1.0,1.0,0.8143459915611815,9,9,20,4,8,0,10,7,5,1,2,1,5S,2S,0.7410618019736149,90,23,True,True,True,True,0
top_ten,svm,occupancy_bin,full,6,unith,6,Nielsen,Oct_22_g0,0.999896608767576,1.0,1.0,0.8143459915611815,9,3,20,4,8,0,10,8,5,1,3,1,5S,3S,0.6924968061468217,90,6,True,True,True,False,0
top_ten,svm,occupancy_bin,full,6,unith,6,Nielsen,Oct_22_g0,0.999896608767576,1.0,1.0,0.8143459915611815,9,9,20,4,8,0,10,9,5,1,4,1,5S,4S,0.8443774299791846,90,64,True,True,True,True,0
top_ten,svm,occupancy_bin,full,6,unith,6,Nielsen,Oct_22_g0,0.999896608767576,1.0,1.0,0.8143459915611815,9,9,20,4,8,0,10,10,5,1,5,1,5S,5S,0.8960178939709463,90,90,True,True,True,True,0
top_ten,svm,occupancy_bin,full,6,unith,6,Nielsen,Oct_22_g0,0.999896608767576,1.0,1.0,0.8143459915611815,9,9,20,4,8,0,10,11,5,1,6,1,5S,6S,0.8147296959243764,90,78,True,True,True,True,0
top_ten,svm,occupancy_bin,full,6,unith,6,Nielsen,Oct_22_g0,0.999896608767576,1.0,1.0,0.8143459915611815,9,9,20,4,8,0,11,0,6,1,1,0,6S,1H,0.7220162476825756,78,62,True,True,True,True,0
top_ten,svm,occupancy_bin,full,6,unith,6,Nielsen,Oct_22_g0,0.999896608767576,1.0,1.0,0.8143459915611815,9,9,20,4,8,0,11,1,6,1,2,0,6S,2H,0.7789068608377322,78,46,True,True,True,True,0
top_ten,svm,occupancy_bin,full,6,unith,6,Nielsen,Oct_22_g0,0.999896608767576,1.0,1.0,0.8143459915611815,9,9,20,4,8,0,11,2,6,1,3,0,6S,3H,0.7720176940249431,78,71,True,True,True,True,0
top_ten,svm,occupancy_bin,full,6,unith,6,Nielsen,Oct_22_g0,0.999896608767576,1.0,1.0,0.8143459915611815,9,9,20,4,8,0,11,3,6,1,4,0,6S,4H,0.89054182484152,78,18,True,True,True,True,0
top_ten,svm,occupancy_bin,full,6,unith,6,Nielsen,Oct_22_g0,0.999896608767576,1.0,1.0,0.8143459915611815,9,,20,4,8,0,11,4,6,1,5,0,6S,5H,,78,0,True,False,True,False,0
top_ten,svm,occupancy_bin,full,6,unith,6,Nielsen,Oct_22_g0,0.999896608767576,1.0,1.0,0.8143459915611815,9,,20,4,8,0,11,5,6,1,6,0,6S,6H,,78,0,True,False,True,False,0
top_ten,svm,occupancy_bin,full,6,unith,6,Nielsen,Oct_22_g0,0.999896608767576,1.0,1.0,0.8143459915611815,9,,20,4,8,0,11,6,6,1,1,1,6S,1S,,78,0,True,False,True,False,0
top_ten,svm,occupancy_bin,full,6,unith,6,Nielsen,Oct_22_g0,0.999896608767576,1.0,1.0,0.8143459915611815,9,9,20,4,8,0,11,7,6,1,2,1,6S,2S,0.7969287007516986,78,23,True,True,True,True,0
top_ten,svm,occupancy_bin,full,6,unith,6,Nielsen,Oct_22_g0,0.999896608767576,1.0,1.0,0.8143459915611815,9,3,20,4,8,0,11,8,6,1,3,1,6S,3S,0.4294220514174329,78,6,True,True,True,False,0
top_ten,svm,occupancy_bin,full,6,unith,6,Nielsen,Oct_22_g0,0.999896608767576,1.0,1.0,0.8143459915611815,9,9,20,4,8,0,11,9,6,1,4,1,6S,4S,0.8787768484324225,78,64,True,True,True,True,0
top_ten,svm,occupancy_bin,full,6,unith,6,Nielsen,Oct_22_g0,0.999896608767576,1.0,1.0,0.8143459915611815,9,9,20,4,8,0,11,10,6,1,5,1,6S,5S,0.8147296959243764,78,90,True,True,True,True,0
top_ten,svm,occupancy_bin,full,6,unith,6,Nielsen,Oct_22_g0,0.999896608767576,1.0,1.0,0.8143459915611815,9,9,20,4,8,0,11,11,6,1,6,1,6S,6S,0.911658980990372,78,78,True,True,True,True,0
top_ten,svm,occupancy_bin,full,6,unith,6,Nielsen,Oct_25_g0,0.969401041666667,0.97021484375,0.921875,0.5207547169811321,4,4,20,4,8,0,0,0,1,0,1,0,1H,1H,0.7539737748521645,60,60,True,True,True,True,0
top_ten,svm,occupancy_bin,full,6,unith,6,Nielsen,Oct_25_g0,0.969401041666667,0.97021484375,0.921875,0.5207547169811321,4,4,20,4,8,0,0,1,1,0,2,0,1H,2H,0.7104941867968504,60,69,True,True,True,True,0
top_ten,svm,occupancy_bin,full,6,unith,6,Nielsen,Oct_25_g0,0.969401041666667,0.97021484375,0.921875,0.5207547169811321,4,4,20,4,8,0,0,2,1,0,3,0,1H,3H,0.7313227959610319,60,77,True,True,True,True,0
top_ten,svm,occupancy_bin,full,6,unith,6,Nielsen,Oct_25_g0,0.969401041666667,0.97021484375,0.921875,0.5207547169811321,4,4,20,4,8,0,0,3,1,0,4,0,1H,4H,0.751652280101718,60,76,True,True,True,True,0
top_ten,svm,occupancy_bin,full,6,unith,6,Nielsen,Oct_25_g0,0.969401041666667,0.97021484375,0.921875,0.5207547169811321,4,4,20,4,8,0,0,4,1,0,5,0,1H,5H,0.7414811734645959,60,9,True,True,True,True,0
top_ten,svm,occupancy_bin,full,6,unith,6,Nielsen,Oct_25_g0,0.969401041666667,0.97021484375,0.921875,0.5207547169811321,4,,20,4,8,0,0,5,1,0,6,0,1H,6H,,60,0,True,False,True,False,0
top_ten,svm,occupancy_bin,full,6,unith,6,Nielsen,Oct_25_g0,0.969401041666667,0.97021484375,0.921875,0.5207547169811321,4,,20,4,8,0,0,6,1,0,1,1,1H,1S,,60,0,True,False,True,False,0
top_ten,svm,occupancy_bin,full,6,unith,6,Nielsen,Oct_25_g0,0.969401041666667,0.97021484375,0.921875,0.5207547169811321,4,,20,4,8,0,0,7,1,0,2,1,1H,2S,,60,0,True,False,True,False,0
top_ten,svm,occupancy_bin,full,6,unith,6,Nielsen,Oct_25_g0,0.969401041666667,0.97021484375,0.921875,0.5207547169811321,4,2,20,4,8,0,0,8,1,0,3,1,1H,3S,0.6698874420286447,60,4,True,True,True,False,0
top_ten,svm,occupancy_bin,full,6,unith,6,Nielsen,Oct_25_g0,0.969401041666667,0.97021484375,0.921875,0.5207547169811321,4,4,20,4,8,0,0,9,1,0,4,1,1H,4S,0.6792837240528902,60,11,True,True,True,True,0
top_ten,svm,occupancy_bin,full,6,unith,6,Nielsen,Oct_25_g0,0.969401041666667,0.97021484375,0.921875,0.5207547169811321,4,4,20,4,8,0,0,10,1,0,5,1,1H,5S,0.6756518387082546,60,104,True,True,True,True,0
top_ten,svm,occupancy_bin,full,6,unith,6,Nielsen,Oct_25_g0,0.969401041666667,0.97021484375,0.921875,0.5207547169811321,4,4,20,4,8,0,0,11,1,0,6,1,1H,6S,0.6715233547840247,60,87,True,True,True,True,0
top_ten,svm,occupancy_bin,full,6,unith,6,Nielsen,Oct_25_g0,0.969401041666667,0.97021484375,0.921875,0.5207547169811321,4,4,20,4,8,0,1,0,2,0,1,0,2H,1H,0.7104941867968504,69,60,True,True,True,True,0
top_ten,svm,occupancy_bin,full,6,unith,6,Nielsen,Oct_25_g0,0.969401041666667,0.97021484375,0.921875,0.5207547169811321,4,4,20,4,8,0,1,1,2,0,2,0,2H,2H,0.8041777020603188,69,69,True,True,True,True,0
top_ten,svm,occupancy_bin,full,6,unith,6,Nielsen,Oct_25_g0,0.969401041666667,0.97021484375,0.921875,0.5207547169811321,4,4,20,4,8,0,1,2,2,0,3,0,2H,3H,0.6379692100415586,69,77,True,True,True,True,0
top_ten,svm,occupancy_bin,full,6,unith,6,Nielsen,Oct_25_g0,0.969401041666667,0.97021484375,0.921875,0.5207547169811321,4,4,20,4,8,0,1,3,2,0,4,0,2H,4H,0.7455559743107825,69,76,True,True,True,True,0
top_ten,svm,occupancy_bin,full,6,unith,6,Nielsen,Oct_25_g0,0.969401041666667,0.97021484375,0.921875,0.5207547169811321,4,4,20,4,8,0,1,4,2,0,5,0,2H,5H,0.5877060959963691,69,9,True,True,True,True,0
top_ten,svm,occupancy_bin,full,6,unith,6,Nielsen,Oct_25_g0,0.969401041666667,0.97021484375,0.921875,0.5207547169811321,4,,20,4,8,0,1,5,2,0,6,0,2H,6H,,69,0,True,False,True,False,0
top_ten,svm,occupancy_bin,full,6,unith,6,Nielsen,Oct_25_g0,0.969401041666667,0.97021484375,0.921875,0.5207547169811321,4,,20,4,8,0,1,6,2,0,1,1,2H,1S,,69,0,True,False,True,False,0
top_ten,svm,occupancy_bin,full,6,unith,6,Nielsen,Oct_25_g0,0.969401041666667,0.97021484375,0.921875,0.5207547169811321,4,,20,4,8,0,1,7,2,0,2,1,2H,2S,,69,0,True,False,True,False,0
top_ten,svm,occupancy_bin,full,6,unith,6,Nielsen,Oct_25_g0,0.969401041666667,0.97021484375,0.921875,0.5207547169811321,4,2,20,4,8,0,1,8,2,0,3,1,2H,3S,0.7995660250500309,69,4,True,True,True,False,0
top_ten,svm,occupancy_bin,full,6,unith,6,Nielsen,Oct_25_g0,0.969401041666667,0.97021484375,0.921875,0.5207547169811321,4,4,20,4,8,0,1,9,2,0,4,1,2H,4S,0.7261765085903819,69,11,True,True,True,True,0
top_ten,svm,occupancy_bin,full,6,unith,6,Nielsen,Oct_25_g0,0.969401041666667,0.97021484375,0.921875,0.5207547169811321,4,4,20,4,8,0,1,10,2,0,5,1,2H,5S,0.698015696022188,69,104,True,True,True,True,0
top_ten,svm,occupancy_bin,full,6,unith,6,Nielsen,Oct_25_g0,0.969401041666667,0.97021484375,0.921875,0.5207547169811321,4,4,20,4,8,0,1,11,2,0,6,1,2H,6S,0.7758563501539228,69,87,True,True,True,True,0
top_ten,svm,occupancy_bin,full,6,unith,6,Nielsen,Oct_25_g0,0.969401041666667,0.97021484375,0.921875,0.5207547169811321,4,4,20,4,8,0,2,0,3,0,1,0,3H,1H,0.7313227959610319,77,60,True,True,True,True,0
top_ten,svm,occupancy_bin,full,6,unith,6,Nielsen,Oct_25_g0,0.969401041666667,0.97021484375,0.921875,0.5207547169811321,4,4,20,4,8,0,2,1,3,0,2,0,3H,2H,0.6379692100415586,77,69,True,True,True,True,0
top_ten,svm,occupancy_bin,full,6,unith,6,Nielsen,Oct_25_g0,0.969401041666667,0.97021484375,0.921875,0.5207547169811321,4,4,20,4,8,0,2,2,3,0,3,0,3H,3H,0.7604747744540697,77,77,True,True,True,True,0
top_ten,svm,occupancy_bin,full,6,unith,6,Nielsen,Oct_25_g0,0.969401041666667,0.97021484375,0.921875,0.5207547169811321,4,4,20,4,8,0,2,3,3,0,4,0,3H,4H,0.7539873830195447,77,76,True,True,True,True,0
top_ten,svm,occupancy_bin,full,6,unith,6,Nielsen,Oct_25_g0,0.969401041666667,0.97021484375,0.921875,0.5207547169811321,4,4,20,4,8,0,2,4,3,0,5,0,3H,5H,0.7692546191909589,77,9,True,True,True,True,0
top_ten,svm,occupancy_bin,full,6,unith,6,Nielsen,Oct_25_g0,0.969401041666667,0.97021484375,0.921875,0.5207547169811321,4,,20,4,8,0,2,5,3,0,6,0,3H,6H,,77,0,True,False,True,False,0
top_ten,svm,occupancy_bin,full,6,unith,6,Nielsen,Oct_25_g0,0.969401041666667,0.97021484375,0.921875,0.5207547169811321,4,,20,4,8,0,2,6,3,0,1,1,3H,1S,,77,0,True,False,True,False,0
top_ten,svm,occupancy_bin,full,6,unith,6,Nielsen,Oct_25_g0,0.969401041666667,0.97021484375,0.921875,0.5207547169811321,4,,20,4,8,0,2,7,3,0,2,1,3H,2S,,77,0,True,False,True,False,0
top_ten,svm,occupancy_bin,full,6,unith,6,Nielsen,Oct_25_g0,0.969401041666667,0.97021484375,0.921875,0.5207547169811321,4,2,20,4,8,0,2,8,3,0,3,1,3H,3S,0.6617907686301246,77,4,True,True,True,False,0
top_ten,svm,occupancy_bin,full,6,unith,6,Nielsen,Oct_25_g0,0.969401041666667,0.97021484375,0.921875,0.5207547169811321,4,4,20,4,8,0,2,9,3,0,4,1,3H,4S,0.7459775990373713,77,11,True,True,True,True,0
top_ten,svm,occupancy_bin,full,6,unith,6,Nielsen,Oct_25_g0,0.969401041666667,0.97021484375,0.921875,0.5207547169811321,4,4,20,4,8,0,2,10,3,0,5,1,3H,5S,0.782431645513933,77,104,True,True,True,True,0
top_ten,svm,occupancy_bin,full,6,unith,6,Nielsen,Oct_25_g0,0.969401041666667,0.97021484375,0.921875,0.5207547169811321,4,4,20,4,8,0,2,11,3,0,6,1,3H,6S,0.6725123482593134,77,87,True,True,True,True,0
top_ten,svm,occupancy_bin,full,6,unith,6,Nielsen,Oct_25_g0,0.969401041666667,0.97021484375,0.921875,0.5207547169811321,4,4,20,4,8,0,3,0,4,0,1,0,4H,1H,0.751652280101718,76,60,True,True,True,True,0
top_ten,svm,occupancy_bin,full,6,unith,6,Nielsen,Oct_25_g0,0.969401041666667,0.97021484375,0.921875,0.5207547169811321,4,4,20,4,8,0,3,1,4,0,2,0,4H,2H,0.7455559743107825,76,69,True,True,True,True,0
top_ten,svm,occupancy_bin,full,6,unith,6,Nielsen,Oct_25_g0,0.969401041666667,0.97021484375,0.921875,0.5207547169811321,4,4,20,4,8,0,3,2,4,0,3,0,4H,3H,0.7539873830195447,76,77,True,True,True,True,0
top_ten,svm,occupancy_bin,full,6,unith,6,Nielsen,Oct_25_g0,0.969401041666667,0.97021484375,0.921875,0.5207547169811321,4,4,20,4,8,0,3,3,4,0,4,0,4H,4H,0.806847522407427,76,76,True,True,True,True,0
top_ten,svm,occupancy_bin,full,6,unith,6,Nielsen,Oct_25_g0,0.969401041666667,0.97021484375,0.921875,0.5207547169811321,4,4,20,4,8,0,3,4,4,0,5,0,4H,5H,0.7327384431200086,76,9,True,True,True,True,0
top_ten,svm,occupancy_bin,full,6,unith,6,Nielsen,Oct_25_g0,0.969401041666667,0.97021484375,0.921875,0.5207547169811321,4,,20,4,8,0,3,5,4,0,6,0,4H,6H,,76,0,True,False,True,False,0
top_ten,svm,occupancy_bin,full,6,unith,6,Nielsen,Oct_25_g0,0.969401041666667,0.97021484375,0.921875,0.5207547169811321,4,,20,4,8,0,3,6,4,0,1,1,4H,1S,,76,0,True,False,True,False,0
top_ten,svm,occupancy_bin,full,6,unith,6,Nielsen,Oct_25_g0,0.969401041666667,0.97021484375,0.921875,0.5207547169811321,4,,20,4,8,0,3,7,4,0,2,1,4H,2S,,76,0,True,False,True,False,0
top_ten,svm,occupancy_bin,full,6,unith,6,Nielsen,Oct_25_g0,0.969401041666667,0.97021484375,0.921875,0.5207547169811321,4,2,20,4,8,0,3,8,4,0,3,1,4H,3S,0.7825459753128444,76,4,True,True,True,False,0
top_ten,svm,occupancy_bin,full,6,unith,6,Nielsen,Oct_25_g0,0.969401041666667,0.97021484375,0.921875,0.5207547169811321,4,4,20,4,8,0,3,9,4,0,4,1,4H,4S,0.8219544415124526,76,11,True,True,True,True,0
top_ten,svm,occupancy_bin,full,6,unith,6,Nielsen,Oct_25_g0,0.969401041666667,0.97021484375,0.921875,0.5207547169811321,4,4,20,4,8,0,3,10,4,0,5,1,4H,5S,0.7909690178517452,76,104,True,True,True,True,0
top_ten,svm,occupancy_bin,full,6,unith,6,Nielsen,Oct_25_g0,0.969401041666667,0.97021484375,0.921875,0.5207547169811321,4,4,20,4,8,0,3,11,4,0,6,1,4H,6S,0.8226541793436859,76,87,True,True,True,True,0
top_ten,svm,occupancy_bin,full,6,unith,6,Nielsen,Oct_25_g0,0.969401041666667,0.97021484375,0.921875,0.5207547169811321,4,4,20,4,8,0,4,0,5,0,1,0,5H,1H,0.7414811734645959,9,60,True,True,True,True,0
top_ten,svm,occupancy_bin,full,6,unith,6,Nielsen,Oct_25_g0,0.969401041666667,0.97021484375,0.921875,0.5207547169811321,4,4,20,4,8,0,4,1,5,0,2,0,5H,2H,0.5877060959963691,9,69,True,True,True,True,0
top_ten,svm,occupancy_bin,full,6,unith,6,Nielsen,Oct_25_g0,0.969401041666667,0.97021484375,0.921875,0.5207547169811321,4,4,20,4,8,0,4,2,5,0,3,0,5H,3H,0.7692546191909589,9,77,True,True,True,True,0
top_ten,svm,occupancy_bin,full,6,unith,6,Nielsen,Oct_25_g0,0.969401041666667,0.97021484375,0.921875,0.5207547169811321,4,4,20,4,8,0,4,3,5,0,4,0,5H,4H,0.7327384431200086,9,76,True,True,True,True,0
top_ten,svm,occupancy_bin,full,6,unith,6,Nielsen,Oct_25_g0,0.969401041666667,0.97021484375,0.921875,0.5207547169811321,4,4,20,4,8,0,4,4,5,0,5,0,5H,5H,0.6880014500700464,9,9,True,True,True,True,0
top_ten,svm,occupancy_bin,full,6,unith,6,Nielsen,Oct_25_g0,0.969401041666667,0.97021484375,0.921875,0.5207547169811321,4,,20,4,8,0,4,5,5,0,6,0,5H,6H,,9,0,True,False,True,False,0
top_ten,svm,occupancy_bin,full,6,unith,6,Nielsen,Oct_25_g0,0.969401041666667,0.97021484375,0.921875,0.5207547169811321,4,,20,4,8,0,4,6,5,0,1,1,5H,1S,,9,0,True,False,True,False,0
top_ten,svm,occupancy_bin,full,6,unith,6,Nielsen,Oct_25_g0,0.969401041666667,0.97021484375,0.921875,0.5207547169811321,4,,20,4,8,0,4,7,5,0,2,1,5H,2S,,9,0,True,False,True,False,0
top_ten,svm,occupancy_bin,full,6,unith,6,Nielsen,Oct_25_g0,0.969401041666667,0.97021484375,0.921875,0.5207547169811321,4,2,20,4,8,0,4,8,5,0,3,1,5H,3S,0.6480792595968896,9,4,True,True,True,False,0
top_ten,svm,occupancy_bin,full,6,unith,6,Nielsen,Oct_25_g0,0.969401041666667,0.97021484375,0.921875,0.5207547169811321,4,4,20,4,8,0,4,9,5,0,4,1,5H,4S,0.7939642678074641,9,11,True,True,True,True,0
top_ten,svm,occupancy_bin,full,6,unith,6,Nielsen,Oct_25_g0,0.969401041666667,0.97021484375,0.921875,0.5207547169811321,4,4,20,4,8,0,4,10,5,0,5,1,5H,5S,0.7536436711772107,9,104,True,True,True,True,0
top_ten,svm,occupancy_bin,full,6,unith,6,Nielsen,Oct_25_g0,0.969401041666667,0.97021484375,0.921875,0.5207547169811321,4,4,20,4,8,0,4,11,5,0,6,1,5H,6S,0.6805269035149938,9,87,True,True,True,True,0
top_ten,svm,occupancy_bin,full,6,unith,6,Nielsen,Oct_25_g0,0.969401041666667,0.97021484375,0.921875,0.5207547169811321,,4,20,4,8,0,5,0,6,0,1,0,6H,1H,,0,60,False,True,False,True,0
top_ten,svm,occupancy_bin,full,6,unith,6,Nielsen,Oct_25_g0,0.969401041666667,0.97021484375,0.921875,0.5207547169811321,,4,20,4,8,0,5,1,6,0,2,0,6H,2H,,0,69,False,True,False,True,0
top_ten,svm,occupancy_bin,full,6,unith,6,Nielsen,Oct_25_g0,0.969401041666667,0.97021484375,0.921875,0.5207547169811321,,4,20,4,8,0,5,2,6,0,3,0,6H,3H,,0,77,False,True,False,True,0
top_ten,svm,occupancy_bin,full,6,unith,6,Nielsen,Oct_25_g0,0.969401041666667,0.97021484375,0.921875,0.5207547169811321,,4,20,4,8,0,5,3,6,0,4,0,6H,4H,,0,76,False,True,False,True,0
top_ten,svm,occupancy_bin,full,6,unith,6,Nielsen,Oct_25_g0,0.969401041666667,0.97021484375,0.921875,0.5207547169811321,,4,20,4,8,0,5,4,6,0,5,0,6H,5H,,0,9,False,True,False,True,0
top_ten,svm,occupancy_bin,full,6,unith,6,Nielsen,Oct_25_g0,0.969401041666667,0.97021484375,0.921875,0.5207547169811321,,,20,4,8,0,5,5,6,0,6,0,6H,6H,,0,0,False,False,False,False,0
top_ten,svm,occupancy_bin,full,6,unith,6,Nielsen,Oct_25_g0,0.969401041666667,0.97021484375,0.921875,0.5207547169811321,,,20,4,8,0,5,6,6,0,1,1,6H,1S,,0,0,False,False,False,False,0
top_ten,svm,occupancy_bin,full,6,unith,6,Nielsen,Oct_25_g0,0.969401041666667,0.97021484375,0.921875,0.5207547169811321,,,20,4,8,0,5,7,6,0,2,1,6H,2S,,0,0,False,False,False,False,0
top_ten,svm,occupancy_bin,full,6,unith,6,Nielsen,Oct_25_g0,0.969401041666667,0.97021484375,0.921875,0.5207547169811321,,2,20,4,8,0,5,8,6,0,3,1,6H,3S,,0,4,False,True,False,False,0
top_ten,svm,occupancy_bin,full,6,unith,6,Nielsen,Oct_25_g0,0.969401041666667,0.97021484375,0.921875,0.5207547169811321,,4,20,4,8,0,5,9,6,0,4,1,6H,4S,,0,11,False,True,False,True,0
top_ten,svm,occupancy_bin,full,6,unith,6,Nielsen,Oct_25_g0,0.969401041666667,0.97021484375,0.921875,0.5207547169811321,,4,20,4,8,0,5,10,6,0,5,1,6H,5S,,0,104,False,True,False,True,0
top_ten,svm,occupancy_bin,full,6,unith,6,Nielsen,Oct_25_g0,0.969401041666667,0.97021484375,0.921875,0.5207547169811321,,4,20,4,8,0,5,11,6,0,6,1,6H,6S,,0,87,False,True,False,True,0
top_ten,svm,occupancy_bin,full,6,unith,6,Nielsen,Oct_25_g0,0.969401041666667,0.97021484375,0.921875,0.5207547169811321,,4,20,4,8,0,6,0,1,1,1,0,1S,1H,,0,60,False,True,False,True,0
top_ten,svm,occupancy_bin,full,6,unith,6,Nielsen,Oct_25_g0,0.969401041666667,0.97021484375,0.921875,0.5207547169811321,,4,20,4,8,0,6,1,1,1,2,0,1S,2H,,0,69,False,True,False,True,0
top_ten,svm,occupancy_bin,full,6,unith,6,Nielsen,Oct_25_g0,0.969401041666667,0.97021484375,0.921875,0.5207547169811321,,4,20,4,8,0,6,2,1,1,3,0,1S,3H,,0,77,False,True,False,True,0
top_ten,svm,occupancy_bin,full,6,unith,6,Nielsen,Oct_25_g0,0.969401041666667,0.97021484375,0.921875,0.5207547169811321,,4,20,4,8,0,6,3,1,1,4,0,1S,4H,,0,76,False,True,False,True,0
top_ten,svm,occupancy_bin,full,6,unith,6,Nielsen,Oct_25_g0,0.969401041666667,0.97021484375,0.921875,0.5207547169811321,,4,20,4,8,0,6,4,1,1,5,0,1S,5H,,0,9,False,True,False,True,0
top_ten,svm,occupancy_bin,full,6,unith,6,Nielsen,Oct_25_g0,0.969401041666667,0.97021484375,0.921875,0.5207547169811321,,,20,4,8,0,6,5,1,1,6,0,1S,6H,,0,0,False,False,False,False,0
top_ten,svm,occupancy_bin,full,6,unith,6,Nielsen,Oct_25_g0,0.969401041666667,0.97021484375,0.921875,0.5207547169811321,,,20,4,8,0,6,6,1,1,1,1,1S,1S,,0,0,False,False,False,False,0
top_ten,svm,occupancy_bin,full,6,unith,6,Nielsen,Oct_25_g0,0.969401041666667,0.97021484375,0.921875,0.5207547169811321,,,20,4,8,0,6,7,1,1,2,1,1S,2S,,0,0,False,False,False,False,0
top_ten,svm,occupancy_bin,full,6,unith,6,Nielsen,Oct_25_g0,0.969401041666667,0.97021484375,0.921875,0.5207547169811321,,2,20,4,8,0,6,8,1,1,3,1,1S,3S,,0,4,False,True,False,False,0
top_ten,svm,occupancy_bin,full,6,unith,6,Nielsen,Oct_25_g0,0.969401041666667,0.97021484375,0.921875,0.5207547169811321,,4,20,4,8,0,6,9,1,1,4,1,1S,4S,,0,11,False,True,False,True,0
top_ten,svm,occupancy_bin,full,6,unith,6,Nielsen,Oct_25_g0,0.969401041666667,0.97021484375,0.921875,0.5207547169811321,,4,20,4,8,0,6,10,1,1,5,1,1S,5S,,0,104,False,True,False,True,0
top_ten,svm,occupancy_bin,full,6,unith,6,Nielsen,Oct_25_g0,0.969401041666667,0.97021484375,0.921875,0.5207547169811321,,4,20,4,8,0,6,11,1,1,6,1,1S,6S,,0,87,False,True,False,True,0
top_ten,svm,occupancy_bin,full,6,unith,6,Nielsen,Oct_25_g0,0.969401041666667,0.97021484375,0.921875,0.5207547169811321,,4,20,4,8,0,7,0,2,1,1,0,2S,1H,,0,60,False,True,False,True,0
top_ten,svm,occupancy_bin,full,6,unith,6,Nielsen,Oct_25_g0,0.969401041666667,0.97021484375,0.921875,0.5207547169811321,,4,20,4,8,0,7,1,2,1,2,0,2S,2H,,0,69,False,True,False,True,0
top_ten,svm,occupancy_bin,full,6,unith,6,Nielsen,Oct_25_g0,0.969401041666667,0.97021484375,0.921875,0.5207547169811321,,4,20,4,8,0,7,2,2,1,3,0,2S,3H,,0,77,False,True,False,True,0
top_ten,svm,occupancy_bin,full,6,unith,6,Nielsen,Oct_25_g0,0.969401041666667,0.97021484375,0.921875,0.5207547169811321,,4,20,4,8,0,7,3,2,1,4,0,2S,4H,,0,76,False,True,False,True,0
top_ten,svm,occupancy_bin,full,6,unith,6,Nielsen,Oct_25_g0,0.969401041666667,0.97021484375,0.921875,0.5207547169811321,,4,20,4,8,0,7,4,2,1,5,0,2S,5H,,0,9,False,True,False,True,0
top_ten,svm,occupancy_bin,full,6,unith,6,Nielsen,Oct_25_g0,0.969401041666667,0.97021484375,0.921875,0.5207547169811321,,,20,4,8,0,7,5,2,1,6,0,2S,6H,,0,0,False,False,False,False,0
top_ten,svm,occupancy_bin,full,6,unith,6,Nielsen,Oct_25_g0,0.969401041666667,0.97021484375,0.921875,0.5207547169811321,,,20,4,8,0,7,6,2,1,1,1,2S,1S,,0,0,False,False,False,False,0
top_ten,svm,occupancy_bin,full,6,unith,6,Nielsen,Oct_25_g0,0.969401041666667,0.97021484375,0.921875,0.5207547169811321,,,20,4,8,0,7,7,2,1,2,1,2S,2S,,0,0,False,False,False,False,0
top_ten,svm,occupancy_bin,full,6,unith,6,Nielsen,Oct_25_g0,0.969401041666667,0.97021484375,0.921875,0.5207547169811321,,2,20,4,8,0,7,8,2,1,3,1,2S,3S,,0,4,False,True,False,False,0
top_ten,svm,occupancy_bin,full,6,unith,6,Nielsen,Oct_25_g0,0.969401041666667,0.97021484375,0.921875,0.5207547169811321,,4,20,4,8,0,7,9,2,1,4,1,2S,4S,,0,11,False,True,False,True,0
top_ten,svm,occupancy_bin,full,6,unith,6,Nielsen,Oct_25_g0,0.969401041666667,0.97021484375,0.921875,0.5207547169811321,,4,20,4,8,0,7,10,2,1,5,1,2S,5S,,0,104,False,True,False,True,0
top_ten,svm,occupancy_bin,full,6,unith,6,Nielsen,Oct_25_g0,0.969401041666667,0.97021484375,0.921875,0.5207547169811321,,4,20,4,8,0,7,11,2,1,6,1,2S,6S,,0,87,False,True,False,True,0
top_ten,svm,occupancy_bin,full,6,unith,6,Nielsen,Oct_25_g0,0.969401041666667,0.97021484375,0.921875,0.5207547169811321,2,4,20,4,8,0,8,0,3,1,1,0,3S,1H,0.6698874420286447,4,60,True,True,False,True,0
top_ten,svm,occupancy_bin,full,6,unith,6,Nielsen,Oct_25_g0,0.969401041666667,0.97021484375,0.921875,0.5207547169811321,2,4,20,4,8,0,8,1,3,1,2,0,3S,2H,0.7995660250500309,4,69,True,True,False,True,0
top_ten,svm,occupancy_bin,full,6,unith,6,Nielsen,Oct_25_g0,0.969401041666667,0.97021484375,0.921875,0.5207547169811321,2,4,20,4,8,0,8,2,3,1,3,0,3S,3H,0.6617907686301246,4,77,True,True,False,True,0
top_ten,svm,occupancy_bin,full,6,unith,6,Nielsen,Oct_25_g0,0.969401041666667,0.97021484375,0.921875,0.5207547169811321,2,4,20,4,8,0,8,3,3,1,4,0,3S,4H,0.7825459753128444,4,76,True,True,False,True,0
top_ten,svm,occupancy_bin,full,6,unith,6,Nielsen,Oct_25_g0,0.969401041666667,0.97021484375,0.921875,0.5207547169811321,2,4,20,4,8,0,8,4,3,1,5,0,3S,5H,0.6480792595968896,4,9,True,True,False,True,0
top_ten,svm,occupancy_bin,full,6,unith,6,Nielsen,Oct_25_g0,0.969401041666667,0.97021484375,0.921875,0.5207547169811321,2,,20,4,8,0,8,5,3,1,6,0,3S,6H,,4,0,True,False,False,False,0
top_ten,svm,occupancy_bin,full,6,unith,6,Nielsen,Oct_25_g0,0.969401041666667,0.97021484375,0.921875,0.5207547169811321,2,,20,4,8,0,8,6,3,1,1,1,3S,1S,,4,0,True,False,False,False,0
top_ten,svm,occupancy_bin,full,6,unith,6,Nielsen,Oct_25_g0,0.969401041666667,0.97021484375,0.921875,0.5207547169811321,2,,20,4,8,0,8,7,3,1,2,1,3S,2S,,4,0,True,False,False,False,0
top_ten,svm,occupancy_bin,full,6,unith,6,Nielsen,Oct_25_g0,0.969401041666667,0.97021484375,0.921875,0.5207547169811321,2,2,20,4,8,0,8,8,3,1,3,1,3S,3S,0.7399999999999998,4,4,True,True,False,False,0
top_ten,svm,occupancy_bin,full,6,unith,6,Nielsen,Oct_25_g0,0.969401041666667,0.97021484375,0.921875,0.5207547169811321,2,4,20,4,8,0,8,9,3,1,4,1,3S,4S,0.7141859027265294,4,11,True,True,False,True,0
top_ten,svm,occupancy_bin,full,6,unith,6,Nielsen,Oct_25_g0,0.969401041666667,0.97021484375,0.921875,0.5207547169811321,2,4,20,4,8,0,8,10,3,1,5,1,3S,5S,0.7174049122534683,4,104,True,True,False,True,0
top_ten,svm,occupancy_bin,full,6,unith,6,Nielsen,Oct_25_g0,0.969401041666667,0.97021484375,0.921875,0.5207547169811321,2,4,20,4,8,0,8,11,3,1,6,1,3S,6S,0.8041893231255172,4,87,True,True,False,True,0
top_ten,svm,occupancy_bin,full,6,unith,6,Nielsen,Oct_25_g0,0.969401041666667,0.97021484375,0.921875,0.5207547169811321,4,4,20,4,8,0,9,0,4,1,1,0,4S,1H,0.6792837240528902,11,60,True,True,True,True,0
top_ten,svm,occupancy_bin,full,6,unith,6,Nielsen,Oct_25_g0,0.969401041666667,0.97021484375,0.921875,0.5207547169811321,4,4,20,4,8,0,9,1,4,1,2,0,4S,2H,0.7261765085903819,11,69,True,True,True,True,0
top_ten,svm,occupancy_bin,full,6,unith,6,Nielsen,Oct_25_g0,0.969401041666667,0.97021484375,0.921875,0.5207547169811321,4,4,20,4,8,0,9,2,4,1,3,0,4S,3H,0.7459775990373713,11,77,True,True,True,True,0
top_ten,svm,occupancy_bin,full,6,unith,6,Nielsen,Oct_25_g0,0.969401041666667,0.97021484375,0.921875,0.5207547169811321,4,4,20,4,8,0,9,3,4,1,4,0,4S,4H,0.8219544415124526,11,76,True,True,True,True,0
top_ten,svm,occupancy_bin,full,6,unith,6,Nielsen,Oct_25_g0,0.969401041666667,0.97021484375,0.921875,0.5207547169811321,4,4,20,4,8,0,9,4,4,1,5,0,4S,5H,0.7939642678074641,11,9,True,True,True,True,0
top_ten,svm,occupancy_bin,full,6,unith,6,Nielsen,Oct_25_g0,0.969401041666667,0.97021484375,0.921875,0.5207547169811321,4,,20,4,8,0,9,5,4,1,6,0,4S,6H,,11,0,True,False,True,False,0
top_ten,svm,occupancy_bin,full,6,unith,6,Nielsen,Oct_25_g0,0.969401041666667,0.97021484375,0.921875,0.5207547169811321,4,,20,4,8,0,9,6,4,1,1,1,4S,1S,,11,0,True,False,True,False,0
top_ten,svm,occupancy_bin,full,6,unith,6,Nielsen,Oct_25_g0,0.969401041666667,0.97021484375,0.921875,0.5207547169811321,4,,20,4,8,0,9,7,4,1,2,1,4S,2S,,11,0,True,False,True,False,0
top_ten,svm,occupancy_bin,full,6,unith,6,Nielsen,Oct_25_g0,0.969401041666667,0.97021484375,0.921875,0.5207547169811321,4,2,20,4,8,0,9,8,4,1,3,1,4S,3S,0.7141859027265294,11,4,True,True,True,False,0
top_ten,svm,occupancy_bin,full,6,unith,6,Nielsen,Oct_25_g0,0.969401041666667,0.97021484375,0.921875,0.5207547169811321,4,4,20,4,8,0,9,9,4,1,4,1,4S,4S,0.8145803437159266,11,11,True,True,True,True,0
top_ten,svm,occupancy_bin,full,6,unith,6,Nielsen,Oct_25_g0,0.969401041666667,0.97021484375,0.921875,0.5207547169811321,4,4,20,4,8,0,9,10,4,1,5,1,4S,5S,0.8113178133860593,11,104,True,True,True,True,0
top_ten,svm,occupancy_bin,full,6,unith,6,Nielsen,Oct_25_g0,0.969401041666667,0.97021484375,0.921875,0.5207547169811321,4,4,20,4,8,0,9,11,4,1,6,1,4S,6S,0.8145575768667174,11,87,True,True,True,True,0
top_ten,svm,occupancy_bin,full,6,unith,6,Nielsen,Oct_25_g0,0.969401041666667,0.97021484375,0.921875,0.5207547169811321,4,4,20,4,8,0,10,0,5,1,1,0,5S,1H,0.6756518387082546,104,60,True,True,True,True,0
top_ten,svm,occupancy_bin,full,6,unith,6,Nielsen,Oct_25_g0,0.969401041666667,0.97021484375,0.921875,0.5207547169811321,4,4,20,4,8,0,10,1,5,1,2,0,5S,2H,0.698015696022188,104,69,True,True,True,True,0
top_ten,svm,occupancy_bin,full,6,unith,6,Nielsen,Oct_25_g0,0.969401041666667,0.97021484375,0.921875,0.5207547169811321,4,4,20,4,8,0,10,2,5,1,3,0,5S,3H,0.782431645513933,104,77,True,True,True,True,0
top_ten,svm,occupancy_bin,full,6,unith,6,Nielsen,Oct_25_g0,0.969401041666667,0.97021484375,0.921875,0.5207547169811321,4,4,20,4,8,0,10,3,5,1,4,0,5S,4H,0.7909690178517452,104,76,True,True,True,True,0
top_ten,svm,occupancy_bin,full,6,unith,6,Nielsen,Oct_25_g0,0.969401041666667,0.97021484375,0.921875,0.5207547169811321,4,4,20,4,8,0,10,4,5,1,5,0,5S,5H,0.7536436711772107,104,9,True,True,True,True,0
top_ten,svm,occupancy_bin,full,6,unith,6,Nielsen,Oct_25_g0,0.969401041666667,0.97021484375,0.921875,0.5207547169811321,4,,20,4,8,0,10,5,5,1,6,0,5S,6H,,104,0,True,False,True,False,0
top_ten,svm,occupancy_bin,full,6,unith,6,Nielsen,Oct_25_g0,0.969401041666667,0.97021484375,0.921875,0.5207547169811321,4,,20,4,8,0,10,6,5,1,1,1,5S,1S,,104,0,True,False,True,False,0
top_ten,svm,occupancy_bin,full,6,unith,6,Nielsen,Oct_25_g0,0.969401041666667,0.97021484375,0.921875,0.5207547169811321,4,,20,4,8,0,10,7,5,1,2,1,5S,2S,,104,0,True,False,True,False,0
top_ten,svm,occupancy_bin,full,6,unith,6,Nielsen,Oct_25_g0,0.969401041666667,0.97021484375,0.921875,0.5207547169811321,4,2,20,4,8,0,10,8,5,1,3,1,5S,3S,0.7174049122534683,104,4,True,True,True,False,0
top_ten,svm,occupancy_bin,full,6,unith,6,Nielsen,Oct_25_g0,0.969401041666667,0.97021484375,0.921875,0.5207547169811321,4,4,20,4,8,0,10,9,5,1,4,1,5S,4S,0.8113178133860593,104,11,True,True,True,True,0
top_ten,svm,occupancy_bin,full,6,unith,6,Nielsen,Oct_25_g0,0.969401041666667,0.97021484375,0.921875,0.5207547169811321,4,4,20,4,8,0,10,10,5,1,5,1,5S,5S,0.8537957935491438,104,104,True,True,True,True,0
top_ten,svm,occupancy_bin,full,6,unith,6,Nielsen,Oct_25_g0,0.969401041666667,0.97021484375,0.921875,0.5207547169811321,4,4,20,4,8,0,10,11,5,1,6,1,5S,6S,0.770306838666618,104,87,True,True,True,True,0
top_ten,svm,occupancy_bin,full,6,unith,6,Nielsen,Oct_25_g0,0.969401041666667,0.97021484375,0.921875,0.5207547169811321,4,4,20,4,8,0,11,0,6,1,1,0,6S,1H,0.6715233547840247,87,60,True,True,True,True,0
top_ten,svm,occupancy_bin,full,6,unith,6,Nielsen,Oct_25_g0,0.969401041666667,0.97021484375,0.921875,0.5207547169811321,4,4,20,4,8,0,11,1,6,1,2,0,6S,2H,0.7758563501539228,87,69,True,True,True,True,0
top_ten,svm,occupancy_bin,full,6,unith,6,Nielsen,Oct_25_g0,0.969401041666667,0.97021484375,0.921875,0.5207547169811321,4,4,20,4,8,0,11,2,6,1,3,0,6S,3H,0.6725123482593134,87,77,True,True,True,True,0
top_ten,svm,occupancy_bin,full,6,unith,6,Nielsen,Oct_25_g0,0.969401041666667,0.97021484375,0.921875,0.5207547169811321,4,4,20,4,8,0,11,3,6,1,4,0,6S,4H,0.8226541793436859,87,76,True,True,True,True,0
top_ten,svm,occupancy_bin,full,6,unith,6,Nielsen,Oct_25_g0,0.969401041666667,0.97021484375,0.921875,0.5207547169811321,4,4,20,4,8,0,11,4,6,1,5,0,6S,5H,0.6805269035149938,87,9,True,True,True,True,0
top_ten,svm,occupancy_bin,full,6,unith,6,Nielsen,Oct_25_g0,0.969401041666667,0.97021484375,0.921875,0.5207547169811321,4,,20,4,8,0,11,5,6,1,6,0,6S,6H,,87,0,True,False,True,False,0
top_ten,svm,occupancy_bin,full,6,unith,6,Nielsen,Oct_25_g0,0.969401041666667,0.97021484375,0.921875,0.5207547169811321,4,,20,4,8,0,11,6,6,1,1,1,6S,1S,,87,0,True,False,True,False,0
top_ten,svm,occupancy_bin,full,6,unith,6,Nielsen,Oct_25_g0,0.969401041666667,0.97021484375,0.921875,0.5207547169811321,4,,20,4,8,0,11,7,6,1,2,1,6S,2S,,87,0,True,False,True,False,0
top_ten,svm,occupancy_bin,full,6,unith,6,Nielsen,Oct_25_g0,0.969401041666667,0.97021484375,0.921875,0.5207547169811321,4,2,20,4,8,0,11,8,6,1,3,1,6S,3S,0.8041893231255172,87,4,True,True,True,False,0
top_ten,svm,occupancy_bin,full,6,unith,6,Nielsen,Oct_25_g0,0.969401041666667,0.97021484375,0.921875,0.5207547169811321,4,4,20,4,8,0,11,9,6,1,4,1,6S,4S,0.8145575768667174,87,11,True,True,True,True,0
top_ten,svm,occupancy_bin,full,6,unith,6,Nielsen,Oct_25_g0,0.969401041666667,0.97021484375,0.921875,0.5207547169811321,4,4,20,4,8,0,11,10,6,1,5,1,6S,5S,0.770306838666618,87,104,True,True,True,True,0
top_ten,svm,occupancy_bin,full,6,unith,6,Nielsen,Oct_25_g0,0.969401041666667,0.97021484375,0.921875,0.5207547169811321,4,4,20,4,8,0,11,11,6,1,6,1,6S,6S,0.8237418781492808,87,87,True,True,True,True,0
