scope,label_source,feature,variant,k,space,dim,monkey,session,snr_auc,svm_auc,oof_balanced_acc,dendro_agreement_2345,half_i,half_j,n_splits,min_trials,min_stable,seed,cell_i,cell_j,maze_i,strategy_i,maze_j,strategy_j,name_i,name_j,r,n_trials_i,n_trials_j,present_i,present_j,stable_i,stable_j,n_degenerate
top_four,dendro,bigram,no_origin,6,unith,25,Faure,june_16_g0,0.977857142857143,,,,4,4,20,4,8,0,0,0,1,0,1,0,1H,1H,0.8580991545065235,51,51,True,True,True,True,2500
top_four,dendro,bigram,no_origin,6,unith,25,Faure,june_16_g0,0.977857142857143,,,,4,,20,4,8,0,0,1,1,0,2,0,1H,2H,,51,0,True,False,True,False,2500
top_four,dendro,bigram,no_origin,6,unith,25,Faure,june_16_g0,0.977857142857143,,,,4,4,20,4,8,0,0,2,1,0,3,0,1H,3H,0.7031987182837848,51,34,True,True,True,True,2500
top_four,dendro,bigram,no_origin,6,unith,25,Faure,june_16_g0,0.977857142857143,,,,4,,20,4,8,0,0,3,1,0,4,0,1H,4H,,51,0,True,False,True,False,2500
top_four,dendro,bigram,no_origin,6,unith,25,Faure,june_16_g0,0.977857142857143,,,,4,2,20,4,8,0,0,4,1,0,5,0,1H,5H,0.3739720389832302,51,5,True,True,True,False,2500
top_four,dendro,bigram,no_origin,6,unith,25,Faure,june_16_g0,0.977857142857143,,,,4,,20,4,8,0,0,5,1,0,6,0,1H,6H,,51,0,True,False,True,False,2500
top_four,dendro,bigram,no_origin,6,unith,25,Faure,june_16_g0,0.977857142857143,,,,4,4,20,4,8,0,0,6,1,0,1,1,1H,1S,0.7431963487867902,51,9,True,True,True,True,2500
top_four,dendro,bigram,no_origin,6,unith,25,Faure,june_16_g0,0.977857142857143,,,,4,4,20,4,8,0,0,7,1,0,2,1,1H,2S,0.7032850587518277,51,35,True,True,True,True,2500
top_four,dendro,bigram,no_origin,6,unith,25,Faure,june_16_g0,0.977857142857143,,,,4,4,20,4,8,0,0,8,1,0,3,1,1H,3S,0.4864571810581809,51,12,True,True,True,True,2500
top_four,dendro,bigram,no_origin,6,unith,25,Faure,june_16_g0,0.977857142857143,,,,4,4,20,4,8,0,0,9,1,0,4,1,1H,4S,0.696446987835704,51,56,True,True,True,True,2500
top_four,dendro,bigram,no_origin,6,unith,25,Faure,june_16_g0,0.977857142857143,,,,4,4,20,4,8,0,0,10,1,0,5,1,1H,5S,0.6179179753429435,51,50,True,True,True,True,2500
top_four,dendro,bigram,no_origin,6,unith,25,Faure,june_16_g0,0.977857142857143,,,,4,4,20,4,8,0,0,11,1,0,6,1,1H,6S,0.4094587772296676,51,67,True,True,True,True,2500
top_four,dendro,bigram,no_origin,6,unith,25,Faure,june_16_g0,0.977857142857143,,,,,4,20,4,8,0,1,0,2,0,1,0,2H,1H,,0,51,False,True,False,True,2500
top_four,dendro,bigram,no_origin,6,unith,25,Faure,june_16_g0,0.977857142857143,,,,,,20,4,8,0,1,1,2,0,2,0,2H,2H,,0,0,False,False,False,False,2500
top_four,dendro,bigram,no_origin,6,unith,25,Faure,june_16_g0,0.977857142857143,,,,,4,20,4,8,0,1,2,2,0,3,0,2H,3H,,0,34,False,True,False,True,2500
top_four,dendro,bigram,no_origin,6,unith,25,Faure,june_16_g0,0.977857142857143,,,,,,20,4,8,0,1,3,2,0,4,0,2H,4H,,0,0,False,False,False,False,2500
top_four,dendro,bigram,no_origin,6,unith,25,Faure,june_16_g0,0.977857142857143,,,,,2,20,4,8,0,1,4,2,0,5,0,2H,5H,,0,5,False,True,False,False,2500
top_four,dendro,bigram,no_origin,6,unith,25,Faure,june_16_g0,0.977857142857143,,,,,,20,4,8,0,1,5,2,0,6,0,2H,6H,,0,0,False,False,False,False,2500
top_four,dendro,bigram,no_origin,6,unith,25,Faure,june_16_g0,0.977857142857143,,,,,4,20,4,8,0,1,6,2,0,1,1,2H,1S,,0,9,False,True,False,True,2500
top_four,dendro,bigram,no_origin,6,unith,25,Faure,june_16_g0,0.977857142857143,,,,,4,20,4,8,0,1,7,2,0,2,1,2H,2S,,0,35,False,True,False,True,2500
top_four,dendro,bigram,no_origin,6,unith,25,Faure,june_16_g0,0.977857142857143,,,,,4,20,4,8,0,1,8,2,0,3,1,2H,3S,,0,12,False,True,False,True,2500
top_four,dendro,bigram,no_origin,6,unith,25,Faure,june_16_g0,0.977857142857143,,,,,4,20,4,8,0,1,9,2,0,4,1,2H,4S,,0,56,False,True,False,True,2500
top_four,dendro,bigram,no_origin,6,unith,25,Faure,june_16_g0,0.977857142857143,,,,,4,20,4,8,0,1,10,2,0,5,1,2H,5S,,0,50,False,True,False,True,2500
top_four,dendro,bigram,no_origin,6,unith,25,Faure,june_16_g0,0.977857142857143,,,,,4,20,4,8,0,1,11,2,0,6,1,2H,6S,,0,67,False,True,False,True,2500
top_four,dendro,bigram,no_origin,6,unith,25,Faure,june_16_g0,0.977857142857143,,,,4,4,20,4,8,0,2,0,3,0,1,0,3H,1H,0.7031987182837848,34,51,True,True,True,True,2500
top_four,dendro,bigram,no_origin,6,unith,25,Faure,june_16_g0,0.977857142857143,,,,4,,20,4,8,0,2,1,3,0,2,0,3H,2H,,34,0,True,False,True,False,2500
top_four,dendro,bigram,no_origin,6,unith,25,Faure,june_16_g0,0.977857142857143,,,,4,4,20,4,8,0,2,2,3,0,3,0,3H,3H,0.5078725472035017,34,34,True,True,True,True,2500
top_four,dendro,bigram,no_origin,6,unith,25,Faure,june_16_g0,0.977857142857143,,,,4,,20,4,8,0,2,3,3,0,4,0,3H,4H,,34,0,True,False,True,False,2500
top_four,dendro,bigram,no_origin,6,unith,25,Faure,june_16_g0,0.977857142857143,,,,4,2,20,4,8,0,2,4,3,0,5,0,3H,5H,0.26944985931931964,34,5,True,True,True,False,2500
top_four,dendro,bigram,no_origin,6,unith,25,Faure,june_16_g0,0.977857142857143,,,,4,,20,4,8,0,2,5,3,0,6,0,3H,6H,,34,0,True,False,True,False,2500
top_four,dendro,bigram,no_origin,6,unith,25,Faure,june_16_g0,0.977857142857143,,,,4,4,20,4,8,0,2,6,3,0,1,1,3H,1S,0.5374789906395735,34,9,True,True,True,True,2500
top_four,dendro,bigram,no_origin,6,unith,25,Faure,june_16_g0,0.977857142857143,,,,4,4,20,4,8,0,2,7,3,0,2,1,3H,2S,0.5331676395865723,34,35,True,True,True,True,2500
top_four,dendro,bigram,no_origin,6,unith,25,Faure,june_16_g0,0.977857142857143,,,,4,4,20,4,8,0,2,8,3,0,3,1,3H,3S,0.3837085998556053,34,12,True,True,True,True,2500
top_four,dendro,bigram,no_origin,6,unith,25,Faure,june_16_g0,0.977857142857143,,,,4,4,20,4,8,0,2,9,3,0,4,1,3H,4S,0.543088921252715,34,56,True,True,True,True,2500
top_four,dendro,bigram,no_origin,6,unith,25,Faure,june_16_g0,0.977857142857143,,,,4,4,20,4,8,0,2,10,3,0,5,1,3H,5S,0.5150232663608205,34,50,True,True,True,True,2500
top_four,dendro,bigram,no_origin,6,unith,25,Faure,june_16_g0,0.977857142857143,,,,4,4,20,4,8,0,2,11,3,0,6,1,3H,6S,0.5050847196144866,34,67,True,True,True,True,2500
top_four,dendro,bigram,no_origin,6,unith,25,Faure,june_16_g0,0.977857142857143,,,,,4,20,4,8,0,3,0,4,0,1,0,4H,1H,,0,51,False,True,False,True,2500
top_four,dendro,bigram,no_origin,6,unith,25,Faure,june_16_g0,0.977857142857143,,,,,,20,4,8,0,3,1,4,0,2,0,4H,2H,,0,0,False,False,False,False,2500
top_four,dendro,bigram,no_origin,6,unith,25,Faure,june_16_g0,0.977857142857143,,,,,4,20,4,8,0,3,2,4,0,3,0,4H,3H,,0,34,False,True,False,True,2500
top_four,dendro,bigram,no_origin,6,unith,25,Faure,june_16_g0,0.977857142857143,,,,,,20,4,8,0,3,3,4,0,4,0,4H,4H,,0,0,False,False,False,False,2500
top_four,dendro,bigram,no_origin,6,unith,25,Faure,june_16_g0,0.977857142857143,,,,,2,20,4,8,0,3,4,4,0,5,0,4H,5H,,0,5,False,True,False,False,2500
top_four,dendro,bigram,no_origin,6,unith,25,Faure,june_16_g0,0.977857142857143,,,,,,20,4,8,0,3,5,4,0,6,0,4H,6H,,0,0,False,False,False,False,2500
top_four,dendro,bigram,no_origin,6,unith,25,Faure,june_16_g0,0.977857142857143,,,,,4,20,4,8,0,3,6,4,0,1,1,4H,1S,,0,9,False,True,False,True,2500
top_four,dendro,bigram,no_origin,6,unith,25,Faure,june_16_g0,0.977857142857143,,,,,4,20,4,8,0,3,7,4,0,2,1,4H,2S,,0,35,False,True,False,True,2500
top_four,dendro,bigram,no_origin,6,unith,25,Faure,june_16_g0,0.977857142857143,,,,,4,20,4,8,0,3,8,4,0,3,1,4H,3S,,0,12,False,True,False,True,2500
top_four,dendro,bigram,no_origin,6,unith,25,Faure,june_16_g0,0.977857142857143,,,,,4,20,4,8,0,3,9,4,0,4,1,4H,4S,,0,56,False,True,False,True,2500
top_four,dendro,bigram,no_origin,6,unith,25,Faure,june_16_g0,0.977857142857143,,,,,4,20,4,8,0,3,10,4,0,5,1,4H,5S,,0,50,False,True,False,True,2500
top_four,dendro,bigram,no_origin,6,unith,25,Faure,june_16_g0,0.977857142857143,,,,,4,20,4,8,0,3,11,4,0,6,1,4H,6S,,0,67,False,True,False,True,2500
top_four,dendro,bigram,no_origin,6,unith,25,Faure,june_16_g0,0.977857142857143,,,,2,4,20,4,8,0,4,0,5,0,1,0,5H,1H,0.3739720389832302,5,51,True,True,False,True,2500
top_four,dendro,bigram,no_origin,6,unith,25,Faure,june_16_g0,0.977857142857143,,,,2,,20,4,8,0,4,1,5,0,2,0,5H,2H,,5,0,True,False,False,False,2500
top_four,dendro,bigram,no_origin,6,unith,25,Faure,june_16_g0,0.977857142857143,,,,2,4,20,4,8,0,4,2,5,0,3,0,5H,3H,0.26944985931931964,5,34,True,True,False,True,2500
top_four,dendro,bigram,no_origin,6,unith,25,Faure,june_16_g0,0.977857142857143,,,,2,,20,4,8,0,4,3,5,0,4,0,5H,4H,,5,0,True,False,False,False,2500
top_four,dendro,bigram,no_origin,6,unith,25,Faure,june_16_g0,0.977857142857143,,,,2,2,20,4,8,0,4,4,5,0,5,0,5H,5H,-0.047981694634438805,5,5,True,True,False,False,2500
top_four,dendro,bigram,no_origin,6,unith,25,Faure,june_16_g0,0.977857142857143,,,,2,,20,4,8,0,4,5,5,0,6,0,5H,6H,,5,0,True,False,False,False,2500
top_four,dendro,bigram,no_origin,6,unith,25,Faure,june_16_g0,0.977857142857143,,,,2,4,20,4,8,0,4,6,5,0,1,1,5H,1S,0.2384064706728644,5,9,True,True,False,True,2500
top_four,dendro,bigram,no_origin,6,unith,25,Faure,june_16_g0,0.977857142857143,,,,2,4,20,4,8,0,4,7,5,0,2,1,5H,2S,0.39556861228718304,5,35,True,True,False,True,2500
top_four,dendro,bigram,no_origin,6,unith,25,Faure,june_16_g0,0.977857142857143,,,,2,4,20,4,8,0,4,8,5,0,3,1,5H,3S,0.3258617833740898,5,12,True,True,False,True,2500
top_four,dendro,bigram,no_origin,6,unith,25,Faure,june_16_g0,0.977857142857143,,,,2,4,20,4,8,0,4,9,5,0,4,1,5H,4S,0.2998565697839092,5,56,True,True,False,True,2500
top_four,dendro,bigram,no_origin,6,unith,25,Faure,june_16_g0,0.977857142857143,,,,2,4,20,4,8,0,4,10,5,0,5,1,5H,5S,0.3163889076555836,5,50,True,True,False,True,2500
top_four,dendro,bigram,no_origin,6,unith,25,Faure,june_16_g0,0.977857142857143,,,,2,4,20,4,8,0,4,11,5,0,6,1,5H,6S,0.25252766363447304,5,67,True,True,False,True,2500
top_four,dendro,bigram,no_origin,6,unith,25,Faure,june_16_g0,0.977857142857143,,,,,4,20,4,8,0,5,0,6,0,1,0,6H,1H,,0,51,False,True,False,True,2500
top_four,dendro,bigram,no_origin,6,unith,25,Faure,june_16_g0,0.977857142857143,,,,,,20,4,8,0,5,1,6,0,2,0,6H,2H,,0,0,False,False,False,False,2500
top_four,dendro,bigram,no_origin,6,unith,25,Faure,june_16_g0,0.977857142857143,,,,,4,20,4,8,0,5,2,6,0,3,0,6H,3H,,0,34,False,True,False,True,2500
top_four,dendro,bigram,no_origin,6,unith,25,Faure,june_16_g0,0.977857142857143,,,,,,20,4,8,0,5,3,6,0,4,0,6H,4H,,0,0,False,False,False,False,2500
top_four,dendro,bigram,no_origin,6,unith,25,Faure,june_16_g0,0.977857142857143,,,,,2,20,4,8,0,5,4,6,0,5,0,6H,5H,,0,5,False,True,False,False,2500
top_four,dendro,bigram,no_origin,6,unith,25,Faure,june_16_g0,0.977857142857143,,,,,,20,4,8,0,5,5,6,0,6,0,6H,6H,,0,0,False,False,False,False,2500
top_four,dendro,bigram,no_origin,6,unith,25,Faure,june_16_g0,0.977857142857143,,,,,4,20,4,8,0,5,6,6,0,1,1,6H,1S,,0,9,False,True,False,True,2500
top_four,dendro,bigram,no_origin,6,unith,25,Faure,june_16_g0,0.977857142857143,,,,,4,20,4,8,0,5,7,6,0,2,1,6H,2S,,0,35,False,True,False,True,2500
top_four,dendro,bigram,no_origin,6,unith,25,Faure,june_16_g0,0.977857142857143,,,,,4,20,4,8,0,5,8,6,0,3,1,6H,3S,,0,12,False,True,False,True,2500
top_four,dendro,bigram,no_origin,6,unith,25,Faure,june_16_g0,0.977857142857143,,,,,4,20,4,8,0,5,9,6,0,4,1,6H,4S,,0,56,False,True,False,True,2500
top_four,dendro,bigram,no_origin,6,unith,25,Faure,june_16_g0,0.977857142857143,,,,,4,20,4,8,0,5,10,6,0,5,1,6H,5S,,0,50,False,True,False,True,2500
top_four,dendro,bigram,no_origin,6,unith,25,Faure,june_16_g0,0.977857142857143,,,,,4,20,4,8,0,5,11,6,0,6,1,6H,6S,,0,67,False,True,False,True,2500
top_four,dendro,bigram,no_origin,6,unith,25,Faure,june_16_g0,0.977857142857143,,,,4,4,20,4,8,0,6,0,1,1,1,0,1S,1H,0.7431963487867902,9,51,True,True,True,True,2500
top_four,dendro,bigram,no_origin,6,unith,25,Faure,june_16_g0,0.977857142857143,,,,4,,20,4,8,0,6,1,1,1,2,0,1S,2H,,9,0,True,False,True,False,2500
top_four,dendro,bigram,no_origin,6,unith,25,Faure,june_16_g0,0.977857142857143,,,,4,4,20,4,8,0,6,2,1,1,3,0,1S,3H,0.5374789906395735,9,34,True,True,True,True,2500
top_four,dendro,bigram,no_origin,6,unith,25,Faure,june_16_g0,0.977857142857143,,,,4,,20,4,8,0,6,3,1,1,4,0,1S,4H,,9,0,True,False,True,False,2500
top_four,dendro,bigram,no_origin,6,unith,25,Faure,june_16_g0,0.977857142857143,,,,4,2,20,4,8,0,6,4,1,1,5,0,1S,5H,0.2384064706728644,9,5,True,True,True,False,2500
top_four,dendro,bigram,no_origin,6,unith,25,Faure,june_16_g0,0.977857142857143,,,,4,,20,4,8,0,6,5,1,1,6,0,1S,6H,,9,0,True,False,True,False,2500
top_four,dendro,bigram,no_origin,6,unith,25,Faure,june_16_g0,0.977857142857143,,,,4,4,20,4,8,0,6,6,1,1,1,1,1S,1S,0.5692944209809778,9,9,True,True,True,True,2500
top_four,dendro,bigram,no_origin,6,unith,25,Faure,june_16_g0,0.977857142857143,,,,4,4,20,4,8,0,6,7,1,1,2,1,1S,2S,0.5747266890724516,9,35,True,True,True,True,2500
top_four,dendro,bigram,no_origin,6,unith,25,Faure,june_16_g0,0.977857142857143,,,,4,4,20,4,8,0,6,8,1,1,3,1,1S,3S,0.5332963540928135,9,12,True,True,True,True,2500
top_four,dendro,bigram,no_origin,6,unith,25,Faure,june_16_g0,0.977857142857143,,,,4,4,20,4,8,0,6,9,1,1,4,1,1S,4S,0.5613214361131511,9,56,True,True,True,True,2500
top_four,dendro,bigram,no_origin,6,unith,25,Faure,june_16_g0,0.977857142857143,,,,4,4,20,4,8,0,6,10,1,1,5,1,1S,5S,0.579209614731911,9,50,True,True,True,True,2500
top_four,dendro,bigram,no_origin,6,unith,25,Faure,june_16_g0,0.977857142857143,,,,4,4,20,4,8,0,6,11,1,1,6,1,1S,6S,0.46531432916621646,9,67,True,True,True,True,2500
top_four,dendro,bigram,no_origin,6,unith,25,Faure,june_16_g0,0.977857142857143,,,,4,4,20,4,8,0,7,0,2,1,1,0,2S,1H,0.7032850587518277,35,51,True,True,True,True,2500
top_four,dendro,bigram,no_origin,6,unith,25,Faure,june_16_g0,0.977857142857143,,,,4,,20,4,8,0,7,1,2,1,2,0,2S,2H,,35,0,True,False,True,False,2500
top_four,dendro,bigram,no_origin,6,unith,25,Faure,june_16_g0,0.977857142857143,,,,4,4,20,4,8,0,7,2,2,1,3,0,2S,3H,0.5331676395865723,35,34,True,True,True,True,2500
top_four,dendro,bigram,no_origin,6,unith,25,Faure,june_16_g0,0.977857142857143,,,,4,,20,4,8,0,7,3,2,1,4,0,2S,4H,,35,0,True,False,True,False,2500
top_four,dendro,bigram,no_origin,6,unith,25,Faure,june_16_g0,0.977857142857143,,,,4,2,20,4,8,0,7,4,2,1,5,0,2S,5H,0.39556861228718304,35,5,True,True,True,False,2500
top_four,dendro,bigram,no_origin,6,unith,25,Faure,june_16_g0,0.977857142857143,,,,4,,20,4,8,0,7,5,2,1,6,0,2S,6H,,35,0,True,False,True,False,2500
top_four,dendro,bigram,no_origin,6,unith,25,Faure,june_16_g0,0.977857142857143,,,,4,4,20,4,8,0,7,6,2,1,1,1,2S,1S,0.5747266890724516,35,9,True,True,True,True,2500
top_four,dendro,bigram,no_origin,6,unith,25,Faure,june_16_g0,0.977857142857143,,,,4,4,20,4,8,0,7,7,2,1,2,1,2S,2S,0.550993791164344,35,35,True,True,True,True,2500
top_four,dendro,bigram,no_origin,6,unith,25,Faure,june_16_g0,0.977857142857143,,,,4,4,20,4,8,0,7,8,2,1,3,1,2S,3S,0.31012887722669324,35,12,True,True,True,True,2500
top_four,dendro,bigram,no_origin,6,unith,25,Faure,june_16_g0,0.977857142857143,,,,4,4,20,4,8,0,7,9,2,1,4,1,2S,4S,0.600713662431465,35,56,True,True,True,True,2500
top_four,dendro,bigram,no_origin,6,unith,25,Faure,june_16_g0,0.977857142857143,,,,4,4,20,4,8,0,7,10,2,1,5,1,2S,5S,0.6243259230747177,35,50,True,True,True,True,2500
top_four,dendro,bigram,no_origin,6,unith,25,Faure,june_16_g0,0.977857142857143,,,,4,4,20,4,8,0,7,11,2,1,6,1,2S,6S,0.2727296517255836,35,67,True,True,True,True,2500
top_four,dendro,bigram,no_origin,6,unith,25,Faure,june_16_g0,0.977857142857143,,,,4,4,20,4,8,0,8,0,3,1,1,0,3S,1H,0.4864571810581809,12,51,True,True,True,True,2500
top_four,dendro,bigram,no_origin,6,unith,25,Faure,june_16_g0,0.977857142857143,,,,4,,20,4,8,0,8,1,3,1,2,0,3S,2H,,12,0,True,False,True,False,2500
top_four,dendro,bigram,no_origin,6,unith,25,Faure,june_16_g0,0.977857142857143,,,,4,4,20,4,8,0,8,2,3,1,3,0,3S,3H,0.3837085998556053,12,34,True,True,True,True,2500
top_four,dendro,bigram,no_origin,6,unith,25,Faure,june_16_g0,0.977857142857143,,,,4,,20,4,8,0,8,3,3,1,4,0,3S,4H,,12,0,True,False,True,False,2500
top_four,dendro,bigram,no_origin,6,unith,25,Faure,june_16_g0,0.977857142857143,,,,4,2,20,4,8,0,8,4,3,1,5,0,3S,5H,0.3258617833740898,12,5,True,True,True,False,2500
top_four,dendro,bigram,no_origin,6,unith,25,Faure,june_16_g0,0.977857142857143,,,,4,,20,4,8,0,8,5,3,1,6,0,3S,6H,,12,0,True,False,True,False,2500
top_four,dendro,bigram,no_origin,6,unith,25,Faure,june_16_g0,0.977857142857143,,,,4,4,20,4,8,0,8,6,3,1,1,1,3S,1S,0.5332963540928135,12,9,True,True,True,True,2500
top_four,dendro,bigram,no_origin,6,unith,25,Faure,june_16_g0,0.977857142857143,,,,4,4,20,4,8,0,8,7,3,1,2,1,3S,2S,0.31012887722669324,12,35,True,True,True,True,2500
top_four,dendro,bigram,no_origin,6,unith,25,Faure,june_16_g0,0.977857142857143,,,,4,4,20,4,8,0,8,8,3,1,3,1,3S,3S,0.3756308714269895,12,12,True,True,True,True,2500
top_four,dendro,bigram,no_origin,6,unith,25,Faure,june_16_g0,0.977857142857143,,,,4,4,20,4,8,0,8,9,3,1,4,1,3S,4S,0.3625444067497155,12,56,True,True,True,True,2500
top_four,dendro,bigram,no_origin,6,unith,25,Faure,june_16_g0,0.977857142857143,,,,4,4,20,4,8,0,8,10,3,1,5,1,3S,5S,0.5100769617185615,12,50,True,True,True,True,2500
top_four,dendro,bigram,no_origin,6,unith,25,Faure,june_16_g0,0.977857142857143,,,,4,4,20,4,8,0,8,11,3,1,6,1,3S,6S,0.4887171315131841,12,67,True,True,True,True,2500
top_four,dendro,bigram,no_origin,6,unith,25,Faure,june_16_g0,0.977857142857143,,,,4,4,20,4,8,0,9,0,4,1,1,0,4S,1H,0.696446987835704,56,51,True,True,True,True,2500
top_four,dendro,bigram,no_origin,6,unith,25,Faure,june_16_g0,0.977857142857143,,,,4,,20,4,8,0,9,1,4,1,2,0,4S,2H,,56,0,True,False,True,False,2500
top_four,dendro,bigram,no_origin,6,unith,25,Faure,june_16_g0,0.977857142857143,,,,4,4,20,4,8,0,9,2,4,1,3,0,4S,3H,0.543088921252715,56,34,True,True,True,True,2500
top_four,dendro,bigram,no_origin,6,unith,25,Faure,june_16_g0,0.977857142857143,,,,4,,20,4,8,0,9,3,4,1,4,0,4S,4H,,56,0,True,False,True,False,2500
top_four,dendro,bigram,no_origin,6,unith,25,Faure,june_16_g0,0.977857142857143,,,,4,2,20,4,8,0,9,4,4,1,5,0,4S,5H,0.2998565697839092,56,5,True,True,True,False,2500
top_four,dendro,bigram,no_origin,6,unith,25,Faure,june_16_g0,0.977857142857143,,,,4,,20,4,8,0,9,5,4,1,6,0,4S,6H,,56,0,True,False,True,False,2500
top_four,dendro,bigram,no_origin,6,unith,25,Faure,june_16_g0,0.977857142857143,,,,4,4,20,4,8,0,9,6,4,1,1,1,4S,1S,0.5613214361131511,56,9,True,True,True,True,2500
top_four,dendro,bigram,no_origin,6,unith,25,Faure,june_16_g0,0.977857142857143,,,,4,4,20,4,8,0,9,7,4,1,2,1,4S,2S,0.600713662431465,56,35,True,True,True,True,2500
top_four,dendro,bigram,no_origin,6,unith,25,Faure,june_16_g0,0.977857142857143,,,,4,4,20,4,8,0,9,8,4,1,3,1,4S,3S,0.3625444067497155,56,12,True,True,True,True,2500
top_four,dendro,bigram,no_origin,6,unith,25,Faure,june_16_g0,0.977857142857143,,,,4,4,20,4,8,0,9,9,4,1,4,1,4S,4S,0.48528051071101497,56,56,True,True,True,True,2500
top_four,dendro,bigram,no_origin,6,unith,25,Faure,june_16_g0,0.977857142857143,,,,4,4,20,4,8,0,9,10,4,1,5,1,4S,5S,0.5240914817697072,56,50,True,True,True,True,2500
top_four,dendro,bigram,no_origin,6,unith,25,Faure,june_16_g0,0.977857142857143,,,,4,4,20,4,8,0,9,11,4,1,6,1,4S,6S,0.3869980792122067,56,67,True,True,True,True,2500
top_four,dendro,bigram,no_origin,6,unith,25,Faure,june_16_g0,0.977857142857143,,,,4,4,20,4,8,0,10,0,5,1,1,0,5S,1H,0.6179179753429435,50,51,True,True,True,True,2500
top_four,dendro,bigram,no_origin,6,unith,25,Faure,june_16_g0,0.977857142857143,,,,4,,20,4,8,0,10,1,5,1,2,0,5S,2H,,50,0,True,False,True,False,2500
top_four,dendro,bigram,no_origin,6,unith,25,Faure,june_16_g0,0.977857142857143,,,,4,4,20,4,8,0,10,2,5,1,3,0,5S,3H,0.5150232663608205,50,34,True,True,True,True,2500
top_four,dendro,bigram,no_origin,6,unith,25,Faure,june_16_g0,0.977857142857143,,,,4,,20,4,8,0,10,3,5,1,4,0,5S,4H,,50,0,True,False,True,False,2500
top_four,dendro,bigram,no_origin,6,unith,25,Faure,june_16_g0,0.977857142857143,,,,4,2,20,4,8,0,10,4,5,1,5,0,5S,5H,0.3163889076555836,50,5,True,True,True,False,2500
top_four,dendro,bigram,no_origin,6,unith,25,Faure,june_16_g0,0.977857142857143,,,,4,,20,4,8,0,10,5,5,1,6,0,5S,6H,,50,0,True,False,True,False,2500
top_four,dendro,bigram,no_origin,6,unith,25,Faure,june_16_g0,0.977857142857143,,,,4,4,20,4,8,0,10,6,5,1,1,1,5S,1S,0.579209614731911,50,9,True,True,True,True,2500
top_four,dendro,bigram,no_origin,6,unith,25,Faure,june_16_g0,0.977857142857143,,,,4,4,20,4,8,0,10,7,5,1,2,1,5S,2S,0.6243259230747177,50,35,True,True,True,True,2500
top_four,dendro,bigram,no_origin,6,unith,25,Faure,june_16_g0,0.977857142857143,,,,4,4,20,4,8,0,10,8,5,1,3,1,5S,3S,0.5100769617185615,50,12,True,True,True,True,2500
top_four,dendro,bigram,no_origin,6,unith,25,Faure,june_16_g0,0.977857142857143,,,,4,4,20,4,8,0,10,9,5,1,4,1,5S,4S,0.5240914817697072,50,56,True,True,True,True,2500
top_four,dendro,bigram,no_origin,6,unith,25,Faure,june_16_g0,0.977857142857143,,,,4,4,20,4,8,0,10,10,5,1,5,1,5S,5S,0.5296457725134734,50,50,True,True,True,True,2500
top_four,dendro,bigram,no_origin,6,unith,25,Faure,june_16_g0,0.977857142857143,,,,4,4,20,4,8,0,10,11,5,1,6,1,5S,6S,0.39077768334088814,50,67,True,True,True,True,2500
top_four,dendro,bigram,no_origin,6,unith,25,Faure,june_16_g0,0.977857142857143,,,,4,4,20,4,8,0,11,0,6,1,1,0,6S,1H,0.4094587772296676,67,51,True,True,True,True,2500
top_four,dendro,bigram,no_origin,6,unith,25,Faure,june_16_g0,0.977857142857143,,,,4,,20,4,8,0,11,1,6,1,2,0,6S,2H,,67,0,True,False,True,False,2500
top_four,dendro,bigram,no_origin,6,unith,25,Faure,june_16_g0,0.977857142857143,,,,4,4,20,4,8,0,11,2,6,1,3,0,6S,3H,0.5050847196144866,67,34,True,True,True,True,2500
top_four,dendro,bigram,no_origin,6,unith,25,Faure,june_16_g0,0.977857142857143,,,,4,,20,4,8,0,11,3,6,1,4,0,6S,4H,,67,0,True,False,True,False,2500
top_four,dendro,bigram,no_origin,6,unith,25,Faure,june_16_g0,0.977857142857143,,,,4,2,20,4,8,0,11,4,6,1,5,0,6S,5H,0.25252766363447304,67,5,True,True,True,False,2500
top_four,dendro,bigram,no_origin,6,unith,25,Faure,june_16_g0,0.977857142857143,,,,4,,20,4,8,0,11,5,6,1,6,0,6S,6H,,67,0,True,False,True,False,2500
top_four,dendro,bigram,no_origin,6,unith,25,Faure,june_16_g0,0.977857142857143,,,,4,4,20,4,8,0,11,6,6,1,1,1,6S,1S,0.46531432916621646,67,9,True,True,True,True,2500
top_four,dendro,bigram,no_origin,6,unith,25,Faure,june_16_g0,0.977857142857143,,,,4,4,20,4,8,0,11,7,6,1,2,1,6S,2S,0.2727296517255836,67,35,True,True,True,True,2500
top_four,dendro,bigram,no_origin,6,unith,25,Faure,june_16_g0,0.977857142857143,,,,4,4,20,4,8,0,11,8,6,1,3,1,6S,3S,0.4887171315131841,67,12,True,True,True,True,2500
top_four,dendro,bigram,no_origin,6,unith,25,Faure,june_16_g0,0.977857142857143,,,,4,4,20,4,8,0,11,9,6,1,4,1,6S,4S,0.3869980792122067,67,56,True,True,True,True,2500
top_four,dendro,bigram,no_origin,6,unith,25,Faure,june_16_g0,0.977857142857143,,,,4,4,20,4,8,0,11,10,6,1,5,1,6S,5S,0.39077768334088814,67,50,True,True,True,True,2500
top_four,dendro,bigram,no_origin,6,unith,25,Faure,june_16_g0,0.977857142857143,,,,4,4,20,4,8,0,11,11,6,1,6,1,6S,6S,0.47775597606765036,67,67,True,True,True,True,2500
top_four,dendro,bigram,no_origin,6,unith,25,Faure,june_22_g0,0.97123745819398,,,,5,5,20,4,8,0,0,0,1,0,1,0,1H,1H,0.5029378449449304,42,42,True,True,True,True,2500
top_four,dendro,bigram,no_origin,6,unith,25,Faure,june_22_g0,0.97123745819398,,,,5,5,20,4,8,0,0,1,1,0,2,0,1H,2H,0.6215800689168974,42,39,True,True,True,True,2500
top_four,dendro,bigram,no_origin,6,unith,25,Faure,june_22_g0,0.97123745819398,,,,5,5,20,4,8,0,0,2,1,0,3,0,1H,3H,0.5068521494142977,42,47,True,True,True,True,2500
top_four,dendro,bigram,no_origin,6,unith,25,Faure,june_22_g0,0.97123745819398,,,,5,5,20,4,8,0,0,3,1,0,4,0,1H,4H,0.4670389983276606,42,15,True,True,True,True,2500
top_four,dendro,bigram,no_origin,6,unith,25,Faure,june_22_g0,0.97123745819398,,,,5,5,20,4,8,0,0,4,1,0,5,0,1H,5H,0.15767601351348534,42,21,True,True,True,True,2500
top_four,dendro,bigram,no_origin,6,unith,25,Faure,june_22_g0,0.97123745819398,,,,5,5,20,4,8,0,0,5,1,0,6,0,1H,6H,0.6096377050579292,42,11,True,True,True,True,2500
top_four,dendro,bigram,no_origin,6,unith,25,Faure,june_22_g0,0.97123745819398,,,,5,,20,4,8,0,0,6,1,0,1,1,1H,1S,,42,0,True,False,True,False,2500
top_four,dendro,bigram,no_origin,6,unith,25,Faure,june_22_g0,0.97123745819398,,,,5,5,20,4,8,0,0,7,1,0,2,1,1H,2S,0.6252012618990149,42,10,True,True,True,True,2500
top_four,dendro,bigram,no_origin,6,unith,25,Faure,june_22_g0,0.97123745819398,,,,5,3,20,4,8,0,0,8,1,0,3,1,1H,3S,0.8111349037784192,42,6,True,True,True,False,2500
top_four,dendro,bigram,no_origin,6,unith,25,Faure,june_22_g0,0.97123745819398,,,,5,5,20,4,8,0,0,9,1,0,4,1,1H,4S,0.6359478554803295,42,29,True,True,True,True,2500
top_four,dendro,bigram,no_origin,6,unith,25,Faure,june_22_g0,0.97123745819398,,,,5,5,20,4,8,0,0,10,1,0,5,1,1H,5S,0.428451935903942,42,31,True,True,True,True,2500
top_four,dendro,bigram,no_origin,6,unith,25,Faure,june_22_g0,0.97123745819398,,,,5,5,20,4,8,0,0,11,1,0,6,1,1H,6S,0.3943122520792144,42,54,True,True,True,True,2500
top_four,dendro,bigram,no_origin,6,unith,25,Faure,june_22_g0,0.97123745819398,,,,5,5,20,4,8,0,1,0,2,0,1,0,2H,1H,0.6215800689168974,39,42,True,True,True,True,2500
top_four,dendro,bigram,no_origin,6,unith,25,Faure,june_22_g0,0.97123745819398,,,,5,5,20,4,8,0,1,1,2,0,2,0,2H,2H,0.5229371965567596,39,39,True,True,True,True,2500
top_four,dendro,bigram,no_origin,6,unith,25,Faure,june_22_g0,0.97123745819398,,,,5,5,20,4,8,0,1,2,2,0,3,0,2H,3H,0.4034841149601559,39,47,True,True,True,True,2500
top_four,dendro,bigram,no_origin,6,unith,25,Faure,june_22_g0,0.97123745819398,,,,5,5,20,4,8,0,1,3,2,0,4,0,2H,4H,0.5340652555430264,39,15,True,True,True,True,2500
top_four,dendro,bigram,no_origin,6,unith,25,Faure,june_22_g0,0.97123745819398,,,,5,5,20,4,8,0,1,4,2,0,5,0,2H,5H,0.19355455532858082,39,21,True,True,True,True,2500
top_four,dendro,bigram,no_origin,6,unith,25,Faure,june_22_g0,0.97123745819398,,,,5,5,20,4,8,0,1,5,2,0,6,0,2H,6H,0.5851546479315458,39,11,True,True,True,True,2500
top_four,dendro,bigram,no_origin,6,unith,25,Faure,june_22_g0,0.97123745819398,,,,5,,20,4,8,0,1,6,2,0,1,1,2H,1S,,39,0,True,False,True,False,2500
top_four,dendro,bigram,no_origin,6,unith,25,Faure,june_22_g0,0.97123745819398,,,,5,5,20,4,8,0,1,7,2,0,2,1,2H,2S,0.5850413825771436,39,10,True,True,True,True,2500
top_four,dendro,bigram,no_origin,6,unith,25,Faure,june_22_g0,0.97123745819398,,,,5,3,20,4,8,0,1,8,2,0,3,1,2H,3S,0.7015010945282426,39,6,True,True,True,False,2500
top_four,dendro,bigram,no_origin,6,unith,25,Faure,june_22_g0,0.97123745819398,,,,5,5,20,4,8,0,1,9,2,0,4,1,2H,4S,0.6247771540383017,39,29,True,True,True,True,2500
top_four,dendro,bigram,no_origin,6,unith,25,Faure,june_22_g0,0.97123745819398,,,,5,5,20,4,8,0,1,10,2,0,5,1,2H,5S,0.41268732628281946,39,31,True,True,True,True,2500
top_four,dendro,bigram,no_origin,6,unith,25,Faure,june_22_g0,0.97123745819398,,,,5,5,20,4,8,0,1,11,2,0,6,1,2H,6S,0.48788505648671504,39,54,True,True,True,True,2500
top_four,dendro,bigram,no_origin,6,unith,25,Faure,june_22_g0,0.97123745819398,,,,5,5,20,4,8,0,2,0,3,0,1,0,3H,1H,0.5068521494142977,47,42,True,True,True,True,2500
top_four,dendro,bigram,no_origin,6,unith,25,Faure,june_22_g0,0.97123745819398,,,,5,5,20,4,8,0,2,1,3,0,2,0,3H,2H,0.4034841149601559,47,39,True,True,True,True,2500
top_four,dendro,bigram,no_origin,6,unith,25,Faure,june_22_g0,0.97123745819398,,,,5,5,20,4,8,0,2,2,3,0,3,0,3H,3H,0.308761906255966,47,47,True,True,True,True,2500
top_four,dendro,bigram,no_origin,6,unith,25,Faure,june_22_g0,0.97123745819398,,,,5,5,20,4,8,0,2,3,3,0,4,0,3H,4H,0.35330904171261746,47,15,True,True,True,True,2500
top_four,dendro,bigram,no_origin,6,unith,25,Faure,june_22_g0,0.97123745819398,,,,5,5,20,4,8,0,2,4,3,0,5,0,3H,5H,0.3050772390493009,47,21,True,True,True,True,2500
top_four,dendro,bigram,no_origin,6,unith,25,Faure,june_22_g0,0.97123745819398,,,,5,5,20,4,8,0,2,5,3,0,6,0,3H,6H,0.4625990745619109,47,11,True,True,True,True,2500
top_four,dendro,bigram,no_origin,6,unith,25,Faure,june_22_g0,0.97123745819398,,,,5,,20,4,8,0,2,6,3,0,1,1,3H,1S,,47,0,True,False,True,False,2500
top_four,dendro,bigram,no_origin,6,unith,25,Faure,june_22_g0,0.97123745819398,,,,5,5,20,4,8,0,2,7,3,0,2,1,3H,2S,0.4291002467289879,47,10,True,True,True,True,2500
top_four,dendro,bigram,no_origin,6,unith,25,Faure,june_22_g0,0.97123745819398,,,,5,3,20,4,8,0,2,8,3,0,3,1,3H,3S,0.44686444506746376,47,6,True,True,True,False,2500
top_four,dendro,bigram,no_origin,6,unith,25,Faure,june_22_g0,0.97123745819398,,,,5,5,20,4,8,0,2,9,3,0,4,1,3H,4S,0.4681396760372125,47,29,True,True,True,True,2500
top_four,dendro,bigram,no_origin,6,unith,25,Faure,june_22_g0,0.97123745819398,,,,5,5,20,4,8,0,2,10,3,0,5,1,3H,5S,0.28483972733247204,47,31,True,True,True,True,2500
top_four,dendro,bigram,no_origin,6,unith,25,Faure,june_22_g0,0.97123745819398,,,,5,5,20,4,8,0,2,11,3,0,6,1,3H,6S,0.2413809467278158,47,54,True,True,True,True,2500
top_four,dendro,bigram,no_origin,6,unith,25,Faure,june_22_g0,0.97123745819398,,,,5,5,20,4,8,0,3,0,4,0,1,0,4H,1H,0.4670389983276606,15,42,True,True,True,True,2500
top_four,dendro,bigram,no_origin,6,unith,25,Faure,june_22_g0,0.97123745819398,,,,5,5,20,4,8,0,3,1,4,0,2,0,4H,2H,0.5340652555430264,15,39,True,True,True,True,2500
top_four,dendro,bigram,no_origin,6,unith,25,Faure,june_22_g0,0.97123745819398,,,,5,5,20,4,8,0,3,2,4,0,3,0,4H,3H,0.35330904171261746,15,47,True,True,True,True,2500
top_four,dendro,bigram,no_origin,6,unith,25,Faure,june_22_g0,0.97123745819398,,,,5,5,20,4,8,0,3,3,4,0,4,0,4H,4H,0.4829164212309409,15,15,True,True,True,True,2500
top_four,dendro,bigram,no_origin,6,unith,25,Faure,june_22_g0,0.97123745819398,,,,5,5,20,4,8,0,3,4,4,0,5,0,4H,5H,0.24494243037201352,15,21,True,True,True,True,2500
top_four,dendro,bigram,no_origin,6,unith,25,Faure,june_22_g0,0.97123745819398,,,,5,5,20,4,8,0,3,5,4,0,6,0,4H,6H,0.5729220086660183,15,11,True,True,True,True,2500
top_four,dendro,bigram,no_origin,6,unith,25,Faure,june_22_g0,0.97123745819398,,,,5,,20,4,8,0,3,6,4,0,1,1,4H,1S,,15,0,True,False,True,False,2500
top_four,dendro,bigram,no_origin,6,unith,25,Faure,june_22_g0,0.97123745819398,,,,5,5,20,4,8,0,3,7,4,0,2,1,4H,2S,0.5549883986041135,15,10,True,True,True,True,2500
top_four,dendro,bigram,no_origin,6,unith,25,Faure,june_22_g0,0.97123745819398,,,,5,3,20,4,8,0,3,8,4,0,3,1,4H,3S,0.7019787598296386,15,6,True,True,True,False,2500
top_four,dendro,bigram,no_origin,6,unith,25,Faure,june_22_g0,0.97123745819398,,,,5,5,20,4,8,0,3,9,4,0,4,1,4H,4S,0.6293546024220255,15,29,True,True,True,True,2500
top_four,dendro,bigram,no_origin,6,unith,25,Faure,june_22_g0,0.97123745819398,,,,5,5,20,4,8,0,3,10,4,0,5,1,4H,5S,0.547212824647734,15,31,True,True,True,True,2500
top_four,dendro,bigram,no_origin,6,unith,25,Faure,june_22_g0,0.97123745819398,,,,5,5,20,4,8,0,3,11,4,0,6,1,4H,6S,0.31932722755669163,15,54,True,True,True,True,2500
top_four,dendro,bigram,no_origin,6,unith,25,Faure,june_22_g0,0.97123745819398,,,,5,5,20,4,8,0,4,0,5,0,1,0,5H,1H,0.15767601351348534,21,42,True,True,True,True,2500
top_four,dendro,bigram,no_origin,6,unith,25,Faure,june_22_g0,0.97123745819398,,,,5,5,20,4,8,0,4,1,5,0,2,0,5H,2H,0.19355455532858082,21,39,True,True,True,True,2500
top_four,dendro,bigram,no_origin,6,unith,25,Faure,june_22_g0,0.97123745819398,,,,5,5,20,4,8,0,4,2,5,0,3,0,5H,3H,0.3050772390493009,21,47,True,True,True,True,2500
top_four,dendro,bigram,no_origin,6,unith,25,Faure,june_22_g0,0.97123745819398,,,,5,5,20,4,8,0,4,3,5,0,4,0,5H,4H,0.24494243037201352,21,15,True,True,True,True,2500
top_four,dendro,bigram,no_origin,6,unith,25,Faure,june_22_g0,0.97123745819398,,,,5,5,20,4,8,0,4,4,5,0,5,0,5H,5H,-0.05271134245633824,21,21,True,True,True,True,2500
top_four,dendro,bigram,no_origin,6,unith,25,Faure,june_22_g0,0.97123745819398,,,,5,5,20,4,8,0,4,5,5,0,6,0,5H,6H,0.21941348932796712,21,11,True,True,True,True,2500
top_four,dendro,bigram,no_origin,6,unith,25,Faure,june_22_g0,0.97123745819398,,,,5,,20,4,8,0,4,6,5,0,1,1,5H,1S,,21,0,True,False,True,False,2500
top_four,dendro,bigram,no_origin,6,unith,25,Faure,june_22_g0,0.97123745819398,,,,5,5,20,4,8,0,4,7,5,0,2,1,5H,2S,0.17090839967786953,21,10,True,True,True,True,2500
top_four,dendro,bigram,no_origin,6,unith,25,Faure,june_22_g0,0.97123745819398,,,,5,3,20,4,8,0,4,8,5,0,3,1,5H,3S,0.1827164521132192,21,6,True,True,True,False,2500
top_four,dendro,bigram,no_origin,6,unith,25,Faure,june_22_g0,0.97123745819398,,,,5,5,20,4,8,0,4,9,5,0,4,1,5H,4S,0.13761971670355885,21,29,True,True,True,True,2500
top_four,dendro,bigram,no_origin,6,unith,25,Faure,june_22_g0,0.97123745819398,,,,5,5,20,4,8,0,4,10,5,0,5,1,5H,5S,0.11850396093964366,21,31,True,True,True,True,2500
top_four,dendro,bigram,no_origin,6,unith,25,Faure,june_22_g0,0.97123745819398,,,,5,5,20,4,8,0,4,11,5,0,6,1,5H,6S,0.19005614306635696,21,54,True,True,True,True,2500
top_four,dendro,bigram,no_origin,6,unith,25,Faure,june_22_g0,0.97123745819398,,,,5,5,20,4,8,0,5,0,6,0,1,0,6H,1H,0.6096377050579292,11,42,True,True,True,True,2500
top_four,dendro,bigram,no_origin,6,unith,25,Faure,june_22_g0,0.97123745819398,,,,5,5,20,4,8,0,5,1,6,0,2,0,6H,2H,0.5851546479315458,11,39,True,True,True,True,2500
top_four,dendro,bigram,no_origin,6,unith,25,Faure,june_22_g0,0.97123745819398,,,,5,5,20,4,8,0,5,2,6,0,3,0,6H,3H,0.4625990745619109,11,47,True,True,True,True,2500
top_four,dendro,bigram,no_origin,6,unith,25,Faure,june_22_g0,0.97123745819398,,,,5,5,20,4,8,0,5,3,6,0,4,0,6H,4H,0.5729220086660183,11,15,True,True,True,True,2500
top_four,dendro,bigram,no_origin,6,unith,25,Faure,june_22_g0,0.97123745819398,,,,5,5,20,4,8,0,5,4,6,0,5,0,6H,5H,0.21941348932796712,11,21,True,True,True,True,2500
top_four,dendro,bigram,no_origin,6,unith,25,Faure,june_22_g0,0.97123745819398,,,,5,5,20,4,8,0,5,5,6,0,6,0,6H,6H,0.6483021945443435,11,11,True,True,True,True,2500
top_four,dendro,bigram,no_origin,6,unith,25,Faure,june_22_g0,0.97123745819398,,,,5,,20,4,8,0,5,6,6,0,1,1,6H,1S,,11,0,True,False,True,False,2500
top_four,dendro,bigram,no_origin,6,unith,25,Faure,june_22_g0,0.97123745819398,,,,5,5,20,4,8,0,5,7,6,0,2,1,6H,2S,0.6752506138963492,11,10,True,True,True,True,2500
top_four,dendro,bigram,no_origin,6,unith,25,Faure,june_22_g0,0.97123745819398,,,,5,3,20,4,8,0,5,8,6,0,3,1,6H,3S,0.8601826236772939,11,6,True,True,True,False,2500
top_four,dendro,bigram,no_origin,6,unith,25,Faure,june_22_g0,0.97123745819398,,,,5,5,20,4,8,0,5,9,6,0,4,1,6H,4S,0.7226045139809439,11,29,True,True,True,True,2500
top_four,dendro,bigram,no_origin,6,unith,25,Faure,june_22_g0,0.97123745819398,,,,5,5,20,4,8,0,5,10,6,0,5,1,6H,5S,0.47580109338368276,11,31,True,True,True,True,2500
top_four,dendro,bigram,no_origin,6,unith,25,Faure,june_22_g0,0.97123745819398,,,,5,5,20,4,8,0,5,11,6,0,6,1,6H,6S,0.45297008191563193,11,54,True,True,True,True,2500
top_four,dendro,bigram,no_origin,6,unith,25,Faure,june_22_g0,0.97123745819398,,,,,5,20,4,8,0,6,0,1,1,1,0,1S,1H,,0,42,False,True,False,True,2500
top_four,dendro,bigram,no_origin,6,unith,25,Faure,june_22_g0,0.97123745819398,,,,,5,20,4,8,0,6,1,1,1,2,0,1S,2H,,0,39,False,True,False,True,2500
top_four,dendro,bigram,no_origin,6,unith,25,Faure,june_22_g0,0.97123745819398,,,,,5,20,4,8,0,6,2,1,1,3,0,1S,3H,,0,47,False,True,False,True,2500
top_four,dendro,bigram,no_origin,6,unith,25,Faure,june_22_g0,0.97123745819398,,,,,5,20,4,8,0,6,3,1,1,4,0,1S,4H,,0,15,False,True,False,True,2500
top_four,dendro,bigram,no_origin,6,unith,25,Faure,june_22_g0,0.97123745819398,,,,,5,20,4,8,0,6,4,1,1,5,0,1S,5H,,0,21,False,True,False,True,2500
top_four,dendro,bigram,no_origin,6,unith,25,Faure,june_22_g0,0.97123745819398,,,,,5,20,4,8,0,6,5,1,1,6,0,1S,6H,,0,11,False,True,False,True,2500
top_four,dendro,bigram,no_origin,6,unith,25,Faure,june_22_g0,0.97123745819398,,,,,,20,4,8,0,6,6,1,1,1,1,1S,1S,,0,0,False,False,False,False,2500
top_four,dendro,bigram,no_origin,6,unith,25,Faure,june_22_g0,0.97123745819398,,,,,5,20,4,8,0,6,7,1,1,2,1,1S,2S,,0,10,False,True,False,True,2500
top_four,dendro,bigram,no_origin,6,unith,25,Faure,june_22_g0,0.97123745819398,,,,,3,20,4,8,0,6,8,1,1,3,1,1S,3S,,0,6,False,True,False,False,2500
top_four,dendro,bigram,no_origin,6,unith,25,Faure,june_22_g0,0.97123745819398,,,,,5,20,4,8,0,6,9,1,1,4,1,1S,4S,,0,29,False,True,False,True,2500
top_four,dendro,bigram,no_origin,6,unith,25,Faure,june_22_g0,0.97123745819398,,,,,5,20,4,8,0,6,10,1,1,5,1,1S,5S,,0,31,False,True,False,True,2500
top_four,dendro,bigram,no_origin,6,unith,25,Faure,june_22_g0,0.97123745819398,,,,,5,20,4,8,0,6,11,1,1,6,1,1S,6S,,0,54,False,True,False,True,2500
top_four,dendro,bigram,no_origin,6,unith,25,Faure,june_22_g0,0.97123745819398,,,,5,5,20,4,8,0,7,0,2,1,1,0,2S,1H,0.6252012618990149,10,42,True,True,True,True,2500
top_four,dendro,bigram,no_origin,6,unith,25,Faure,june_22_g0,0.97123745819398,,,,5,5,20,4,8,0,7,1,2,1,2,0,2S,2H,0.5850413825771436,10,39,True,True,True,True,2500
top_four,dendro,bigram,no_origin,6,unith,25,Faure,june_22_g0,0.97123745819398,,,,5,5,20,4,8,0,7,2,2,1,3,0,2S,3H,0.4291002467289879,10,47,True,True,True,True,2500
top_four,dendro,bigram,no_origin,6,unith,25,Faure,june_22_g0,0.97123745819398,,,,5,5,20,4,8,0,7,3,2,1,4,0,2S,4H,0.5549883986041135,10,15,True,True,True,True,2500
top_four,dendro,bigram,no_origin,6,unith,25,Faure,june_22_g0,0.97123745819398,,,,5,5,20,4,8,0,7,4,2,1,5,0,2S,5H,0.17090839967786953,10,21,True,True,True,True,2500
top_four,dendro,bigram,no_origin,6,unith,25,Faure,june_22_g0,0.97123745819398,,,,5,5,20,4,8,0,7,5,2,1,6,0,2S,6H,0.6752506138963492,10,11,True,True,True,True,2500
top_four,dendro,bigram,no_origin,6,unith,25,Faure,june_22_g0,0.97123745819398,,,,5,,20,4,8,0,7,6,2,1,1,1,2S,1S,,10,0,True,False,True,False,2500
top_four,dendro,bigram,no_origin,6,unith,25,Faure,june_22_g0,0.97123745819398,,,,5,5,20,4,8,0,7,7,2,1,2,1,2S,2S,0.6683643191355084,10,10,True,True,True,True,2500
top_four,dendro,bigram,no_origin,6,unith,25,Faure,june_22_g0,0.97123745819398,,,,5,3,20,4,8,0,7,8,2,1,3,1,2S,3S,0.8300187809681857,10,6,True,True,True,False,2500
top_four,dendro,bigram,no_origin,6,unith,25,Faure,june_22_g0,0.97123745819398,,,,5,5,20,4,8,0,7,9,2,1,4,1,2S,4S,0.7402573677175359,10,29,True,True,True,True,2500
top_four,dendro,bigram,no_origin,6,unith,25,Faure,june_22_g0,0.97123745819398,,,,5,5,20,4,8,0,7,10,2,1,5,1,2S,5S,0.4352710529278156,10,31,True,True,True,True,2500
top_four,dendro,bigram,no_origin,6,unith,25,Faure,june_22_g0,0.97123745819398,,,,5,5,20,4,8,0,7,11,2,1,6,1,2S,6S,0.36729742214516475,10,54,True,True,True,True,2500
top_four,dendro,bigram,no_origin,6,unith,25,Faure,june_22_g0,0.97123745819398,,,,3,5,20,4,8,0,8,0,3,1,1,0,3S,1H,0.8111349037784192,6,42,True,True,False,True,2500
top_four,dendro,bigram,no_origin,6,unith,25,Faure,june_22_g0,0.97123745819398,,,,3,5,20,4,8,0,8,1,3,1,2,0,3S,2H,0.7015010945282426,6,39,True,True,False,True,2500
top_four,dendro,bigram,no_origin,6,unith,25,Faure,june_22_g0,0.97123745819398,,,,3,5,20,4,8,0,8,2,3,1,3,0,3S,3H,0.44686444506746376,6,47,True,True,False,True,2500
top_four,dendro,bigram,no_origin,6,unith,25,Faure,june_22_g0,0.97123745819398,,,,3,5,20,4,8,0,8,3,3,1,4,0,3S,4H,0.7019787598296386,6,15,True,True,False,True,2500
top_four,dendro,bigram,no_origin,6,unith,25,Faure,june_22_g0,0.97123745819398,,,,3,5,20,4,8,0,8,4,3,1,5,0,3S,5H,0.1827164521132192,6,21,True,True,False,True,2500
top_four,dendro,bigram,no_origin,6,unith,25,Faure,june_22_g0,0.97123745819398,,,,3,5,20,4,8,0,8,5,3,1,6,0,3S,6H,0.8601826236772939,6,11,True,True,False,True,2500
top_four,dendro,bigram,no_origin,6,unith,25,Faure,june_22_g0,0.97123745819398,,,,3,,20,4,8,0,8,6,3,1,1,1,3S,1S,,6,0,True,False,False,False,2500
top_four,dendro,bigram,no_origin,6,unith,25,Faure,june_22_g0,0.97123745819398,,,,3,5,20,4,8,0,8,7,3,1,2,1,3S,2S,0.8300187809681857,6,10,True,True,False,True,2500
top_four,dendro,bigram,no_origin,6,unith,25,Faure,june_22_g0,0.97123745819398,,,,3,3,20,4,8,0,8,8,3,1,3,1,3S,3S,0.9999999999999999,6,6,True,True,False,False,2500
top_four,dendro,bigram,no_origin,6,unith,25,Faure,june_22_g0,0.97123745819398,,,,3,5,20,4,8,0,8,9,3,1,4,1,3S,4S,0.8839118884689156,6,29,True,True,False,True,2500
top_four,dendro,bigram,no_origin,6,unith,25,Faure,june_22_g0,0.97123745819398,,,,3,5,20,4,8,0,8,10,3,1,5,1,3S,5S,0.5624065081889302,6,31,True,True,False,True,2500
top_four,dendro,bigram,no_origin,6,unith,25,Faure,june_22_g0,0.97123745819398,,,,3,5,20,4,8,0,8,11,3,1,6,1,3S,6S,0.38444719618629764,6,54,True,True,False,True,2500
top_four,dendro,bigram,no_origin,6,unith,25,Faure,june_22_g0,0.97123745819398,,,,5,5,20,4,8,0,9,0,4,1,1,0,4S,1H,0.6359478554803295,29,42,True,True,True,True,2500
top_four,dendro,bigram,no_origin,6,unith,25,Faure,june_22_g0,0.97123745819398,,,,5,5,20,4,8,0,9,1,4,1,2,0,4S,2H,0.6247771540383017,29,39,True,True,True,True,2500
top_four,dendro,bigram,no_origin,6,unith,25,Faure,june_22_g0,0.97123745819398,,,,5,5,20,4,8,0,9,2,4,1,3,0,4S,3H,0.4681396760372125,29,47,True,True,True,True,2500
top_four,dendro,bigram,no_origin,6,unith,25,Faure,june_22_g0,0.97123745819398,,,,5,5,20,4,8,0,9,3,4,1,4,0,4S,4H,0.6293546024220255,29,15,True,True,True,True,2500
top_four,dendro,bigram,no_origin,6,unith,25,Faure,june_22_g0,0.97123745819398,,,,5,5,20,4,8,0,9,4,4,1,5,0,4S,5H,0.13761971670355885,29,21,True,True,True,True,2500
top_four,dendro,bigram,no_origin,6,unith,25,Faure,june_22_g0,0.97123745819398,,,,5,5,20,4,8,0,9,5,4,1,6,0,4S,6H,0.7226045139809439,29,11,True,True,True,True,2500
top_four,dendro,bigram,no_origin,6,unith,25,Faure,june_22_g0,0.97123745819398,,,,5,,20,4,8,0,9,6,4,1,1,1,4S,1S,,29,0,True,False,True,False,2500
top_four,dendro,bigram,no_origin,6,unith,25,Faure,june_22_g0,0.97123745819398,,,,5,5,20,4,8,0,9,7,4,1,2,1,4S,2S,0.7402573677175359,29,10,True,True,True,True,2500
top_four,dendro,bigram,no_origin,6,unith,25,Faure,june_22_g0,0.97123745819398,,,,5,3,20,4,8,0,9,8,4,1,3,1,4S,3S,0.8839118884689156,29,6,True,True,True,False,2500
top_four,dendro,bigram,no_origin,6,unith,25,Faure,june_22_g0,0.97123745819398,,,,5,5,20,4,8,0,9,9,4,1,4,1,4S,4S,0.7868510064165924,29,29,True,True,True,True,2500
top_four,dendro,bigram,no_origin,6,unith,25,Faure,june_22_g0,0.97123745819398,,,,5,5,20,4,8,0,9,10,4,1,5,1,4S,5S,0.4951679185683168,29,31,True,True,True,True,2500
top_four,dendro,bigram,no_origin,6,unith,25,Faure,june_22_g0,0.97123745819398,,,,5,5,20,4,8,0,9,11,4,1,6,1,4S,6S,0.3957396720726078,29,54,True,True,True,True,2500
top_four,dendro,bigram,no_origin,6,unith,25,Faure,june_22_g0,0.97123745819398,,,,5,5,20,4,8,0,10,0,5,1,1,0,5S,1H,0.428451935903942,31,42,True,True,True,True,2500
top_four,dendro,bigram,no_origin,6,unith,25,Faure,june_22_g0,0.97123745819398,,,,5,5,20,4,8,0,10,1,5,1,2,0,5S,2H,0.41268732628281946,31,39,True,True,True,True,2500
top_four,dendro,bigram,no_origin,6,unith,25,Faure,june_22_g0,0.97123745819398,,,,5,5,20,4,8,0,10,2,5,1,3,0,5S,3H,0.28483972733247204,31,47,True,True,True,True,2500
top_four,dendro,bigram,no_origin,6,unith,25,Faure,june_22_g0,0.97123745819398,,,,5,5,20,4,8,0,10,3,5,1,4,0,5S,4H,0.547212824647734,31,15,True,True,True,True,2500
top_four,dendro,bigram,no_origin,6,unith,25,Faure,june_22_g0,0.97123745819398,,,,5,5,20,4,8,0,10,4,5,1,5,0,5S,5H,0.11850396093964366,31,21,True,True,True,True,2500
top_four,dendro,bigram,no_origin,6,unith,25,Faure,june_22_g0,0.97123745819398,,,,5,5,20,4,8,0,10,5,5,1,6,0,5S,6H,0.47580109338368276,31,11,True,True,True,True,2500
top_four,dendro,bigram,no_origin,6,unith,25,Faure,june_22_g0,0.97123745819398,,,,5,,20,4,8,0,10,6,5,1,1,1,5S,1S,,31,0,True,False,True,False,2500
top_four,dendro,bigram,no_origin,6,unith,25,Faure,june_22_g0,0.97123745819398,,,,5,5,20,4,8,0,10,7,5,1,2,1,5S,2S,0.4352710529278156,31,10,True,True,True,True,2500
top_four,dendro,bigram,no_origin,6,unith,25,Faure,june_22_g0,0.97123745819398,,,,5,3,20,4,8,0,10,8,5,1,3,1,5S,3S,0.5624065081889302,31,6,True,True,True,False,2500
top_four,dendro,bigram,no_origin,6,unith,25,Faure,june_22_g0,0.97123745819398,,,,5,5,20,4,8,0,10,9,5,1,4,1,5S,4S,0.4951679185683168,31,29,True,True,True,True,2500
top_four,dendro,bigram,no_origin,6,unith,25,Faure,june_22_g0,0.97123745819398,,,,5,5,20,4,8,0,10,10,5,1,5,1,5S,5S,0.32626568019634256,31,31,True,True,True,True,2500
top_four,dendro,bigram,no_origin,6,unith,25,Faure,june_22_g0,0.97123745819398,,,,5,5,20,4,8,0,10,11,5,1,6,1,5S,6S,0.42296499434534757,31,54,True,True,True,True,2500
top_four,dendro,bigram,no_origin,6,unith,25,Faure,june_22_g0,0.97123745819398,,,,5,5,20,4,8,0,11,0,6,1,1,0,6S,1H,0.3943122520792144,54,42,True,True,True,True,2500
top_four,dendro,bigram,no_origin,6,unith,25,Faure,june_22_g0,0.97123745819398,,,,5,5,20,4,8,0,11,1,6,1,2,0,6S,2H,0.48788505648671504,54,39,True,True,True,True,2500
top_four,dendro,bigram,no_origin,6,unith,25,Faure,june_22_g0,0.97123745819398,,,,5,5,20,4,8,0,11,2,6,1,3,0,6S,3H,0.2413809467278158,54,47,True,True,True,True,2500
top_four,dendro,bigram,no_origin,6,unith,25,Faure,june_22_g0,0.97123745819398,,,,5,5,20,4,8,0,11,3,6,1,4,0,6S,4H,0.31932722755669163,54,15,True,True,True,True,2500
top_four,dendro,bigram,no_origin,6,unith,25,Faure,june_22_g0,0.97123745819398,,,,5,5,20,4,8,0,11,4,6,1,5,0,6S,5H,0.19005614306635696,54,21,True,True,True,True,2500
top_four,dendro,bigram,no_origin,6,unith,25,Faure,june_22_g0,0.97123745819398,,,,5,5,20,4,8,0,11,5,6,1,6,0,6S,6H,0.45297008191563193,54,11,True,True,True,True,2500
top_four,dendro,bigram,no_origin,6,unith,25,Faure,june_22_g0,0.97123745819398,,,,5,,20,4,8,0,11,6,6,1,1,1,6S,1S,,54,0,True,False,True,False,2500
top_four,dendro,bigram,no_origin,6,unith,25,Faure,june_22_g0,0.97123745819398,,,,5,5,20,4,8,0,11,7,6,1,2,1,6S,2S,0.36729742214516475,54,10,True,True,True,True,2500
top_four,dendro,bigram,no_origin,6,unith,25,Faure,june_22_g0,0.97123745819398,,,,5,3,20,4,8,0,11,8,6,1,3,1,6S,3S,0.38444719618629764,54,6,True,True,True,False,2500
top_four,dendro,bigram,no_origin,6,unith,25,Faure,june_22_g0,0.97123745819398,,,,5,5,20,4,8,0,11,9,6,1,4,1,6S,4S,0.3957396720726078,54,29,True,True,True,True,2500
top_four,dendro,bigram,no_origin,6,unith,25,Faure,june_22_g0,0.97123745819398,,,,5,5,20,4,8,0,11,10,6,1,5,1,6S,5S,0.42296499434534757,54,31,True,True,True,True,2500
top_four,dendro,bigram,no_origin,6,unith,25,Faure,june_22_g0,0.97123745819398,,,,5,5,20,4,8,0,11,11,6,1,6,1,6S,6S,0.2819421362477353,54,54,True,True,True,True,2500
top_four,dendro,bigram,no_origin,6,unith,25,Faure,june_24_g0,0.999341238471673,,,,5,5,20,4,8,0,0,0,1,0,1,0,1H,1H,0.38538785957426125,43,43,True,True,True,True,2500
top_four,dendro,bigram,no_origin,6,unith,25,Faure,june_24_g0,0.999341238471673,,,,5,5,20,4,8,0,0,1,1,0,2,0,1H,2H,0.23753481376800914,43,35,True,True,True,True,2500
top_four,dendro,bigram,no_origin,6,unith,25,Faure,june_24_g0,0.999341238471673,,,,5,5,20,4,8,0,0,2,1,0,3,0,1H,3H,0.39585267489879716,43,48,True,True,True,True,2500
top_four,dendro,bigram,no_origin,6,unith,25,Faure,june_24_g0,0.999341238471673,,,,5,5,20,4,8,0,0,3,1,0,4,0,1H,4H,0.7072036322208679,43,12,True,True,True,True,2500
top_four,dendro,bigram,no_origin,6,unith,25,Faure,june_24_g0,0.999341238471673,,,,5,5,20,4,8,0,0,4,1,0,5,0,1H,5H,0.5167564366870109,43,18,True,True,True,True,2500
top_four,dendro,bigram,no_origin,6,unith,25,Faure,june_24_g0,0.999341238471673,,,,5,5,20,4,8,0,0,5,1,0,6,0,1H,6H,0.6012139616825836,43,11,True,True,True,True,2500
top_four,dendro,bigram,no_origin,6,unith,25,Faure,june_24_g0,0.999341238471673,,,,5,,20,4,8,0,0,6,1,0,1,1,1H,1S,,43,0,True,False,True,False,2500
top_four,dendro,bigram,no_origin,6,unith,25,Faure,june_24_g0,0.999341238471673,,,,5,5,20,4,8,0,0,7,1,0,2,1,1H,2S,0.26804011116616927,43,15,True,True,True,True,2500
top_four,dendro,bigram,no_origin,6,unith,25,Faure,june_24_g0,0.999341238471673,,,,5,2,20,4,8,0,0,8,1,0,3,1,1H,3S,0.04378894113390999,43,4,True,True,True,False,2500
top_four,dendro,bigram,no_origin,6,unith,25,Faure,june_24_g0,0.999341238471673,,,,5,5,20,4,8,0,0,9,1,0,4,1,1H,4S,0.4541378413959158,43,50,True,True,True,True,2500
top_four,dendro,bigram,no_origin,6,unith,25,Faure,june_24_g0,0.999341238471673,,,,5,5,20,4,8,0,0,10,1,0,5,1,1H,5S,0.2655502791058559,43,72,True,True,True,True,2500
top_four,dendro,bigram,no_origin,6,unith,25,Faure,june_24_g0,0.999341238471673,,,,5,5,20,4,8,0,0,11,1,0,6,1,1H,6S,0.4200344457705523,43,58,True,True,True,True,2500
top_four,dendro,bigram,no_origin,6,unith,25,Faure,june_24_g0,0.999341238471673,,,,5,5,20,4,8,0,1,0,2,0,1,0,2H,1H,0.23753481376800914,35,43,True,True,True,True,2500
top_four,dendro,bigram,no_origin,6,unith,25,Faure,june_24_g0,0.999341238471673,,,,5,5,20,4,8,0,1,1,2,0,2,0,2H,2H,0.25479454179392774,35,35,True,True,True,True,2500
top_four,dendro,bigram,no_origin,6,unith,25,Faure,june_24_g0,0.999341238471673,,,,5,5,20,4,8,0,1,2,2,0,3,0,2H,3H,0.34997630694755194,35,48,True,True,True,True,2500
top_four,dendro,bigram,no_origin,6,unith,25,Faure,june_24_g0,0.999341238471673,,,,5,5,20,4,8,0,1,3,2,0,4,0,2H,4H,0.42273142537584857,35,12,True,True,True,True,2500
top_four,dendro,bigram,no_origin,6,unith,25,Faure,june_24_g0,0.999341238471673,,,,5,5,20,4,8,0,1,4,2,0,5,0,2H,5H,0.259654205332976,35,18,True,True,True,True,2500
top_four,dendro,bigram,no_origin,6,unith,25,Faure,june_24_g0,0.999341238471673,,,,5,5,20,4,8,0,1,5,2,0,6,0,2H,6H,0.48052644860421884,35,11,True,True,True,True,2500
top_four,dendro,bigram,no_origin,6,unith,25,Faure,june_24_g0,0.999341238471673,,,,5,,20,4,8,0,1,6,2,0,1,1,2H,1S,,35,0,True,False,True,False,2500
top_four,dendro,bigram,no_origin,6,unith,25,Faure,june_24_g0,0.999341238471673,,,,5,5,20,4,8,0,1,7,2,0,2,1,2H,2S,0.2564721861469462,35,15,True,True,True,True,2500
top_four,dendro,bigram,no_origin,6,unith,25,Faure,june_24_g0,0.999341238471673,,,,5,2,20,4,8,0,1,8,2,0,3,1,2H,3S,0.44080676325438234,35,4,True,True,True,False,2500
top_four,dendro,bigram,no_origin,6,unith,25,Faure,june_24_g0,0.999341238471673,,,,5,5,20,4,8,0,1,9,2,0,4,1,2H,4S,0.492221458065429,35,50,True,True,True,True,2500
top_four,dendro,bigram,no_origin,6,unith,25,Faure,june_24_g0,0.999341238471673,,,,5,5,20,4,8,0,1,10,2,0,5,1,2H,5S,0.30896917192192414,35,72,True,True,True,True,2500
top_four,dendro,bigram,no_origin,6,unith,25,Faure,june_24_g0,0.999341238471673,,,,5,5,20,4,8,0,1,11,2,0,6,1,2H,6S,0.34563315891028273,35,58,True,True,True,True,2500
top_four,dendro,bigram,no_origin,6,unith,25,Faure,june_24_g0,0.999341238471673,,,,5,5,20,4,8,0,2,0,3,0,1,0,3H,1H,0.39585267489879716,48,43,True,True,True,True,2500
top_four,dendro,bigram,no_origin,6,unith,25,Faure,june_24_g0,0.999341238471673,,,,5,5,20,4,8,0,2,1,3,0,2,0,3H,2H,0.34997630694755194,48,35,True,True,True,True,2500
top_four,dendro,bigram,no_origin,6,unith,25,Faure,june_24_g0,0.999341238471673,,,,5,5,20,4,8,0,2,2,3,0,3,0,3H,3H,0.4910874873826989,48,48,True,True,True,True,2500
top_four,dendro,bigram,no_origin,6,unith,25,Faure,june_24_g0,0.999341238471673,,,,5,5,20,4,8,0,2,3,3,0,4,0,3H,4H,0.5975395492693049,48,12,True,True,True,True,2500
top_four,dendro,bigram,no_origin,6,unith,25,Faure,june_24_g0,0.999341238471673,,,,5,5,20,4,8,0,2,4,3,0,5,0,3H,5H,0.37075346519691516,48,18,True,True,True,True,2500
top_four,dendro,bigram,no_origin,6,unith,25,Faure,june_24_g0,0.999341238471673,,,,5,5,20,4,8,0,2,5,3,0,6,0,3H,6H,0.4950925738685095,48,11,True,True,True,True,2500
top_four,dendro,bigram,no_origin,6,unith,25,Faure,june_24_g0,0.999341238471673,,,,5,,20,4,8,0,2,6,3,0,1,1,3H,1S,,48,0,True,False,True,False,2500
top_four,dendro,bigram,no_origin,6,unith,25,Faure,june_24_g0,0.999341238471673,,,,5,5,20,4,8,0,2,7,3,0,2,1,3H,2S,0.24648653508807974,48,15,True,True,True,True,2500
top_four,dendro,bigram,no_origin,6,unith,25,Faure,june_24_g0,0.999341238471673,,,,5,2,20,4,8,0,2,8,3,0,3,1,3H,3S,0.17267655273526014,48,4,True,True,True,False,2500
top_four,dendro,bigram,no_origin,6,unith,25,Faure,june_24_g0,0.999341238471673,,,,5,5,20,4,8,0,2,9,3,0,4,1,3H,4S,0.4214155493681585,48,50,True,True,True,True,2500
top_four,dendro,bigram,no_origin,6,unith,25,Faure,june_24_g0,0.999341238471673,,,,5,5,20,4,8,0,2,10,3,0,5,1,3H,5S,0.3212844907356928,48,72,True,True,True,True,2500
top_four,dendro,bigram,no_origin,6,unith,25,Faure,june_24_g0,0.999341238471673,,,,5,5,20,4,8,0,2,11,3,0,6,1,3H,6S,0.36943845137003367,48,58,True,True,True,True,2500
top_four,dendro,bigram,no_origin,6,unith,25,Faure,june_24_g0,0.999341238471673,,,,5,5,20,4,8,0,3,0,4,0,1,0,4H,1H,0.7072036322208679,12,43,True,True,True,True,2500
top_four,dendro,bigram,no_origin,6,unith,25,Faure,june_24_g0,0.999341238471673,,,,5,5,20,4,8,0,3,1,4,0,2,0,4H,2H,0.42273142537584857,12,35,True,True,True,True,2500
top_four,dendro,bigram,no_origin,6,unith,25,Faure,june_24_g0,0.999341238471673,,,,5,5,20,4,8,0,3,2,4,0,3,0,4H,3H,0.5975395492693049,12,48,True,True,True,True,2500
top_four,dendro,bigram,no_origin,6,unith,25,Faure,june_24_g0,0.999341238471673,,,,5,5,20,4,8,0,3,3,4,0,4,0,4H,4H,0.8043529946614925,12,12,True,True,True,True,2500
top_four,dendro,bigram,no_origin,6,unith,25,Faure,june_24_g0,0.999341238471673,,,,5,5,20,4,8,0,3,4,4,0,5,0,4H,5H,0.6116064800949949,12,18,True,True,True,True,2500
top_four,dendro,bigram,no_origin,6,unith,25,Faure,june_24_g0,0.999341238471673,,,,5,5,20,4,8,0,3,5,4,0,6,0,4H,6H,0.7392627536244847,12,11,True,True,True,True,2500
top_four,dendro,bigram,no_origin,6,unith,25,Faure,june_24_g0,0.999341238471673,,,,5,,20,4,8,0,3,6,4,0,1,1,4H,1S,,12,0,True,False,True,False,2500
top_four,dendro,bigram,no_origin,6,unith,25,Faure,june_24_g0,0.999341238471673,,,,5,5,20,4,8,0,3,7,4,0,2,1,4H,2S,0.27703088330404024,12,15,True,True,True,True,2500
top_four,dendro,bigram,no_origin,6,unith,25,Faure,june_24_g0,0.999341238471673,,,,5,2,20,4,8,0,3,8,4,0,3,1,4H,3S,0.06167807346821845,12,4,True,True,True,False,2500
top_four,dendro,bigram,no_origin,6,unith,25,Faure,june_24_g0,0.999341238471673,,,,5,5,20,4,8,0,3,9,4,0,4,1,4H,4S,0.45093299715507157,12,50,True,True,True,True,2500
top_four,dendro,bigram,no_origin,6,unith,25,Faure,june_24_g0,0.999341238471673,,,,5,5,20,4,8,0,3,10,4,0,5,1,4H,5S,0.3929845120884082,12,72,True,True,True,True,2500
top_four,dendro,bigram,no_origin,6,unith,25,Faure,june_24_g0,0.999341238471673,,,,5,5,20,4,8,0,3,11,4,0,6,1,4H,6S,0.45045240507276524,12,58,True,True,True,True,2500
top_four,dendro,bigram,no_origin,6,unith,25,Faure,june_24_g0,0.999341238471673,,,,5,5,20,4,8,0,4,0,5,0,1,0,5H,1H,0.5167564366870109,18,43,True,True,True,True,2500
top_four,dendro,bigram,no_origin,6,unith,25,Faure,june_24_g0,0.999341238471673,,,,5,5,20,4,8,0,4,1,5,0,2,0,5H,2H,0.259654205332976,18,35,True,True,True,True,2500
top_four,dendro,bigram,no_origin,6,unith,25,Faure,june_24_g0,0.999341238471673,,,,5,5,20,4,8,0,4,2,5,0,3,0,5H,3H,0.37075346519691516,18,48,True,True,True,True,2500
top_four,dendro,bigram,no_origin,6,unith,25,Faure,june_24_g0,0.999341238471673,,,,5,5,20,4,8,0,4,3,5,0,4,0,5H,4H,0.6116064800949949,18,12,True,True,True,True,2500
top_four,dendro,bigram,no_origin,6,unith,25,Faure,june_24_g0,0.999341238471673,,,,5,5,20,4,8,0,4,4,5,0,5,0,5H,5H,0.48918336021313286,18,18,True,True,True,True,2500
top_four,dendro,bigram,no_origin,6,unith,25,Faure,june_24_g0,0.999341238471673,,,,5,5,20,4,8,0,4,5,5,0,6,0,5H,6H,0.5616548769539501,18,11,True,True,True,True,2500
top_four,dendro,bigram,no_origin,6,unith,25,Faure,june_24_g0,0.999341238471673,,,,5,,20,4,8,0,4,6,5,0,1,1,5H,1S,,18,0,True,False,True,False,2500
top_four,dendro,bigram,no_origin,6,unith,25,Faure,june_24_g0,0.999341238471673,,,,5,5,20,4,8,0,4,7,5,0,2,1,5H,2S,0.2614243809829493,18,15,True,True,True,True,2500
top_four,dendro,bigram,no_origin,6,unith,25,Faure,june_24_g0,0.999341238471673,,,,5,2,20,4,8,0,4,8,5,0,3,1,5H,3S,-0.0616956024616757,18,4,True,True,True,False,2500
top_four,dendro,bigram,no_origin,6,unith,25,Faure,june_24_g0,0.999341238471673,,,,5,5,20,4,8,0,4,9,5,0,4,1,5H,4S,0.3009500111595475,18,50,True,True,True,True,2500
top_four,dendro,bigram,no_origin,6,unith,25,Faure,june_24_g0,0.999341238471673,,,,5,5,20,4,8,0,4,10,5,0,5,1,5H,5S,0.2187949368980002,18,72,True,True,True,True,2500
top_four,dendro,bigram,no_origin,6,unith,25,Faure,june_24_g0,0.999341238471673,,,,5,5,20,4,8,0,4,11,5,0,6,1,5H,6S,0.2782809504929153,18,58,True,True,True,True,2500
top_four,dendro,bigram,no_origin,6,unith,25,Faure,june_24_g0,0.999341238471673,,,,5,5,20,4,8,0,5,0,6,0,1,0,6H,1H,0.6012139616825836,11,43,True,True,True,True,2500
top_four,dendro,bigram,no_origin,6,unith,25,Faure,june_24_g0,0.999341238471673,,,,5,5,20,4,8,0,5,1,6,0,2,0,6H,2H,0.48052644860421884,11,35,True,True,True,True,2500
top_four,dendro,bigram,no_origin,6,unith,25,Faure,june_24_g0,0.999341238471673,,,,5,5,20,4,8,0,5,2,6,0,3,0,6H,3H,0.4950925738685095,11,48,True,True,True,True,2500
top_four,dendro,bigram,no_origin,6,unith,25,Faure,june_24_g0,0.999341238471673,,,,5,5,20,4,8,0,5,3,6,0,4,0,6H,4H,0.7392627536244847,11,12,True,True,True,True,2500
top_four,dendro,bigram,no_origin,6,unith,25,Faure,june_24_g0,0.999341238471673,,,,5,5,20,4,8,0,5,4,6,0,5,0,6H,5H,0.5616548769539501,11,18,True,True,True,True,2500
top_four,dendro,bigram,no_origin,6,unith,25,Faure,june_24_g0,0.999341238471673,,,,5,5,20,4,8,0,5,5,6,0,6,0,6H,6H,0.5243317283920573,11,11,True,True,True,True,2500
top_four,dendro,bigram,no_origin,6,unith,25,Faure,june_24_g0,0.999341238471673,,,,5,,20,4,8,0,5,6,6,0,1,1,6H,1S,,11,0,True,False,True,False,2500
top_four,dendro,bigram,no_origin,6,unith,25,Faure,june_24_g0,0.999341238471673,,,,5,5,20,4,8,0,5,7,6,0,2,1,6H,2S,0.332923882364035,11,15,True,True,True,True,2500
top_four,dendro,bigram,no_origin,6,unith,25,Faure,june_24_g0,0.999341238471673,,,,5,2,20,4,8,0,5,8,6,0,3,1,6H,3S,0.23092957871495814,11,4,True,True,True,False,2500
top_four,dendro,bigram,no_origin,6,unith,25,Faure,june_24_g0,0.999341238471673,,,,5,5,20,4,8,0,5,9,6,0,4,1,6H,4S,0.4683798281211825,11,50,True,True,True,True,2500
top_four,dendro,bigram,no_origin,6,unith,25,Faure,june_24_g0,0.999341238471673,,,,5,5,20,4,8,0,5,10,6,0,5,1,6H,5S,0.39509719917022434,11,72,True,True,True,True,2500
top_four,dendro,bigram,no_origin,6,unith,25,Faure,june_24_g0,0.999341238471673,,,,5,5,20,4,8,0,5,11,6,0,6,1,6H,6S,0.3646953452989317,11,58,True,True,True,True,2500
top_four,dendro,bigram,no_origin,6,unith,25,Faure,june_24_g0,0.999341238471673,,,,,5,20,4,8,0,6,0,1,1,1,0,1S,1H,,0,43,False,True,False,True,2500
top_four,dendro,bigram,no_origin,6,unith,25,Faure,june_24_g0,0.999341238471673,,,,,5,20,4,8,0,6,1,1,1,2,0,1S,2H,,0,35,False,True,False,True,2500
top_four,dendro,bigram,no_origin,6,unith,25,Faure,june_24_g0,0.999341238471673,,,,,5,20,4,8,0,6,2,1,1,3,0,1S,3H,,0,48,False,True,False,True,2500
top_four,dendro,bigram,no_origin,6,unith,25,Faure,june_24_g0,0.999341238471673,,,,,5,20,4,8,0,6,3,1,1,4,0,1S,4H,,0,12,False,True,False,True,2500
top_four,dendro,bigram,no_origin,6,unith,25,Faure,june_24_g0,0.999341238471673,,,,,5,20,4,8,0,6,4,1,1,5,0,1S,5H,,0,18,False,True,False,True,2500
top_four,dendro,bigram,no_origin,6,unith,25,Faure,june_24_g0,0.999341238471673,,,,,5,20,4,8,0,6,5,1,1,6,0,1S,6H,,0,11,False,True,False,True,2500
top_four,dendro,bigram,no_origin,6,unith,25,Faure,june_24_g0,0.999341238471673,,,,,,20,4,8,0,6,6,1,1,1,1,1S,1S,,0,0,False,False,False,False,2500
top_four,dendro,bigram,no_origin,6,unith,25,Faure,june_24_g0,0.999341238471673,,,,,5,20,4,8,0,6,7,1,1,2,1,1S,2S,,0,15,False,True,False,True,2500
top_four,dendro,bigram,no_origin,6,unith,25,Faure,june_24_g0,0.999341238471673,,,,,2,20,4,8,0,6,8,1,1,3,1,1S,3S,,0,4,False,True,False,False,2500
top_four,dendro,bigram,no_origin,6,unith,25,Faure,june_24_g0,0.999341238471673,,,,,5,20,4,8,0,6,9,1,1,4,1,1S,4S,,0,50,False,True,False,True,2500
top_four,dendro,bigram,no_origin,6,unith,25,Faure,june_24_g0,0.999341238471673,,,,,5,20,4,8,0,6,10,1,1,5,1,1S,5S,,0,72,False,True,False,True,2500
top_four,dendro,bigram,no_origin,6,unith,25,Faure,june_24_g0,0.999341238471673,,,,,5,20,4,8,0,6,11,1,1,6,1,1S,6S,,0,58,False,True,False,True,2500
top_four,dendro,bigram,no_origin,6,unith,25,Faure,june_24_g0,0.999341238471673,,,,5,5,20,4,8,0,7,0,2,1,1,0,2S,1H,0.26804011116616927,15,43,True,True,True,True,2500
top_four,dendro,bigram,no_origin,6,unith,25,Faure,june_24_g0,0.999341238471673,,,,5,5,20,4,8,0,7,1,2,1,2,0,2S,2H,0.2564721861469462,15,35,True,True,True,True,2500
top_four,dendro,bigram,no_origin,6,unith,25,Faure,june_24_g0,0.999341238471673,,,,5,5,20,4,8,0,7,2,2,1,3,0,2S,3H,0.24648653508807974,15,48,True,True,True,True,2500
top_four,dendro,bigram,no_origin,6,unith,25,Faure,june_24_g0,0.999341238471673,,,,5,5,20,4,8,0,7,3,2,1,4,0,2S,4H,0.27703088330404024,15,12,True,True,True,True,2500
top_four,dendro,bigram,no_origin,6,unith,25,Faure,june_24_g0,0.999341238471673,,,,5,5,20,4,8,0,7,4,2,1,5,0,2S,5H,0.2614243809829493,15,18,True,True,True,True,2500
top_four,dendro,bigram,no_origin,6,unith,25,Faure,june_24_g0,0.999341238471673,,,,5,5,20,4,8,0,7,5,2,1,6,0,2S,6H,0.332923882364035,15,11,True,True,True,True,2500
top_four,dendro,bigram,no_origin,6,unith,25,Faure,june_24_g0,0.999341238471673,,,,5,,20,4,8,0,7,6,2,1,1,1,2S,1S,,15,0,True,False,True,False,2500
top_four,dendro,bigram,no_origin,6,unith,25,Faure,june_24_g0,0.999341238471673,,,,5,5,20,4,8,0,7,7,2,1,2,1,2S,2S,-0.07041081285661707,15,15,True,True,True,True,2500
top_four,dendro,bigram,no_origin,6,unith,25,Faure,june_24_g0,0.999341238471673,,,,5,2,20,4,8,0,7,8,2,1,3,1,2S,3S,0.07780197191313064,15,4,True,True,True,False,2500
top_four,dendro,bigram,no_origin,6,unith,25,Faure,june_24_g0,0.999341238471673,,,,5,5,20,4,8,0,7,9,2,1,4,1,2S,4S,0.2990865908352212,15,50,True,True,True,True,2500
top_four,dendro,bigram,no_origin,6,unith,25,Faure,june_24_g0,0.999341238471673,,,,5,5,20,4,8,0,7,10,2,1,5,1,2S,5S,0.2940501541097495,15,72,True,True,True,True,2500
top_four,dendro,bigram,no_origin,6,unith,25,Faure,june_24_g0,0.999341238471673,,,,5,5,20,4,8,0,7,11,2,1,6,1,2S,6S,0.25221993202290577,15,58,True,True,True,True,2500
top_four,dendro,bigram,no_origin,6,unith,25,Faure,june_24_g0,0.999341238471673,,,,2,5,20,4,8,0,8,0,3,1,1,0,3S,1H,0.04378894113390999,4,43,True,True,False,True,2500
top_four,dendro,bigram,no_origin,6,unith,25,Faure,june_24_g0,0.999341238471673,,,,2,5,20,4,8,0,8,1,3,1,2,0,3S,2H,0.44080676325438234,4,35,True,True,False,True,2500
top_four,dendro,bigram,no_origin,6,unith,25,Faure,june_24_g0,0.999341238471673,,,,2,5,20,4,8,0,8,2,3,1,3,0,3S,3H,0.17267655273526014,4,48,True,True,False,True,2500
top_four,dendro,bigram,no_origin,6,unith,25,Faure,june_24_g0,0.999341238471673,,,,2,5,20,4,8,0,8,3,3,1,4,0,3S,4H,0.06167807346821845,4,12,True,True,False,True,2500
top_four,dendro,bigram,no_origin,6,unith,25,Faure,june_24_g0,0.999341238471673,,,,2,5,20,4,8,0,8,4,3,1,5,0,3S,5H,-0.0616956024616757,4,18,True,True,False,True,2500
top_four,dendro,bigram,no_origin,6,unith,25,Faure,june_24_g0,0.999341238471673,,,,2,5,20,4,8,0,8,5,3,1,6,0,3S,6H,0.23092957871495814,4,11,True,True,False,True,2500
top_four,dendro,bigram,no_origin,6,unith,25,Faure,june_24_g0,0.999341238471673,,,,2,,20,4,8,0,8,6,3,1,1,1,3S,1S,,4,0,True,False,False,False,2500
top_four,dendro,bigram,no_origin,6,unith,25,Faure,june_24_g0,0.999341238471673,,,,2,5,20,4,8,0,8,7,3,1,2,1,3S,2S,0.07780197191313064,4,15,True,True,False,True,2500
top_four,dendro,bigram,no_origin,6,unith,25,Faure,june_24_g0,0.999341238471673,,,,2,2,20,4,8,0,8,8,3,1,3,1,3S,3S,0.5297914165723647,4,4,True,True,False,False,2500
top_four,dendro,bigram,no_origin,6,unith,25,Faure,june_24_g0,0.999341238471673,,,,2,5,20,4,8,0,8,9,3,1,4,1,3S,4S,0.5498395470893807,4,50,True,True,False,True,2500
top_four,dendro,bigram,no_origin,6,unith,25,Faure,june_24_g0,0.999341238471673,,,,2,5,20,4,8,0,8,10,3,1,5,1,3S,5S,0.1455685547378662,4,72,True,True,False,True,2500
top_four,dendro,bigram,no_origin,6,unith,25,Faure,june_24_g0,0.999341238471673,,,,2,5,20,4,8,0,8,11,3,1,6,1,3S,6S,0.12646990255727653,4,58,True,True,False,True,2500
top_four,dendro,bigram,no_origin,6,unith,25,Faure,june_24_g0,0.999341238471673,,,,5,5,20,4,8,0,9,0,4,1,1,0,4S,1H,0.4541378413959158,50,43,True,True,True,True,2500
top_four,dendro,bigram,no_origin,6,unith,25,Faure,june_24_g0,0.999341238471673,,,,5,5,20,4,8,0,9,1,4,1,2,0,4S,2H,0.492221458065429,50,35,True,True,True,True,2500
top_four,dendro,bigram,no_origin,6,unith,25,Faure,june_24_g0,0.999341238471673,,,,5,5,20,4,8,0,9,2,4,1,3,0,4S,3H,0.4214155493681585,50,48,True,True,True,True,2500
top_four,dendro,bigram,no_origin,6,unith,25,Faure,june_24_g0,0.999341238471673,,,,5,5,20,4,8,0,9,3,4,1,4,0,4S,4H,0.45093299715507157,50,12,True,True,True,True,2500
top_four,dendro,bigram,no_origin,6,unith,25,Faure,june_24_g0,0.999341238471673,,,,5,5,20,4,8,0,9,4,4,1,5,0,4S,5H,0.3009500111595475,50,18,True,True,True,True,2500
top_four,dendro,bigram,no_origin,6,unith,25,Faure,june_24_g0,0.999341238471673,,,,5,5,20,4,8,0,9,5,4,1,6,0,4S,6H,0.4683798281211825,50,11,True,True,True,True,2500
top_four,dendro,bigram,no_origin,6,unith,25,Faure,june_24_g0,0.999341238471673,,,,5,,20,4,8,0,9,6,4,1,1,1,4S,1S,,50,0,True,False,True,False,2500
top_four,dendro,bigram,no_origin,6,unith,25,Faure,june_24_g0,0.999341238471673,,,,5,5,20,4,8,0,9,7,4,1,2,1,4S,2S,0.2990865908352212,50,15,True,True,True,True,2500
top_four,dendro,bigram,no_origin,6,unith,25,Faure,june_24_g0,0.999341238471673,,,,5,2,20,4,8,0,9,8,4,1,3,1,4S,3S,0.5498395470893807,50,4,True,True,True,False,2500
top_four,dendro,bigram,no_origin,6,unith,25,Faure,june_24_g0,0.999341238471673,,,,5,5,20,4,8,0,9,9,4,1,4,1,4S,4S,0.48713507365416486,50,50,True,True,True,True,2500
top_four,dendro,bigram,no_origin,6,unith,25,Faure,june_24_g0,0.999341238471673,,,,5,5,20,4,8,0,9,10,4,1,5,1,4S,5S,0.27429517277301996,50,72,True,True,True,True,2500
top_four,dendro,bigram,no_origin,6,unith,25,Faure,june_24_g0,0.999341238471673,,,,5,5,20,4,8,0,9,11,4,1,6,1,4S,6S,0.27817543157499164,50,58,True,True,True,True,2500
top_four,dendro,bigram,no_origin,6,unith,25,Faure,june_24_g0,0.999341238471673,,,,5,5,20,4,8,0,10,0,5,1,1,0,5S,1H,0.2655502791058559,72,43,True,True,True,True,2500
top_four,dendro,bigram,no_origin,6,unith,25,Faure,june_24_g0,0.999341238471673,,,,5,5,20,4,8,0,10,1,5,1,2,0,5S,2H,0.30896917192192414,72,35,True,True,True,True,2500
top_four,dendro,bigram,no_origin,6,unith,25,Faure,june_24_g0,0.999341238471673,,,,5,5,20,4,8,0,10,2,5,1,3,0,5S,3H,0.3212844907356928,72,48,True,True,True,True,2500
top_four,dendro,bigram,no_origin,6,unith,25,Faure,june_24_g0,0.999341238471673,,,,5,5,20,4,8,0,10,3,5,1,4,0,5S,4H,0.3929845120884082,72,12,True,True,True,True,2500
top_four,dendro,bigram,no_origin,6,unith,25,Faure,june_24_g0,0.999341238471673,,,,5,5,20,4,8,0,10,4,5,1,5,0,5S,5H,0.2187949368980002,72,18,True,True,True,True,2500
top_four,dendro,bigram,no_origin,6,unith,25,Faure,june_24_g0,0.999341238471673,,,,5,5,20,4,8,0,10,5,5,1,6,0,5S,6H,0.39509719917022434,72,11,True,True,True,True,2500
top_four,dendro,bigram,no_origin,6,unith,25,Faure,june_24_g0,0.999341238471673,,,,5,,20,4,8,0,10,6,5,1,1,1,5S,1S,,72,0,True,False,True,False,2500
top_four,dendro,bigram,no_origin,6,unith,25,Faure,june_24_g0,0.999341238471673,,,,5,5,20,4,8,0,10,7,5,1,2,1,5S,2S,0.2940501541097495,72,15,True,True,True,True,2500
top_four,dendro,bigram,no_origin,6,unith,25,Faure,june_24_g0,0.999341238471673,,,,5,2,20,4,8,0,10,8,5,1,3,1,5S,3S,0.1455685547378662,72,4,True,True,True,False,2500
top_four,dendro,bigram,no_origin,6,unith,25,Faure,june_24_g0,0.999341238471673,,,,5,5,20,4,8,0,10,9,5,1,4,1,5S,4S,0.27429517277301996,72,50,True,True,True,True,2500
top_four,dendro,bigram,no_origin,6,unith,25,Faure,june_24_g0,0.999341238471673,,,,5,5,20,4,8,0,10,10,5,1,5,1,5S,5S,0.13568353598568914,72,72,True,True,True,True,2500
top_four,dendro,bigram,no_origin,6,unith,25,Faure,june_24_g0,0.999341238471673,,,,5,5,20,4,8,0,10,11,5,1,6,1,5S,6S,0.28361610831459444,72,58,True,True,True,True,2500
top_four,dendro,bigram,no_origin,6,unith,25,Faure,june_24_g0,0.999341238471673,,,,5,5,20,4,8,0,11,0,6,1,1,0,6S,1H,0.4200344457705523,58,43,True,True,True,True,2500
top_four,dendro,bigram,no_origin,6,unith,25,Faure,june_24_g0,0.999341238471673,,,,5,5,20,4,8,0,11,1,6,1,2,0,6S,2H,0.34563315891028273,58,35,True,True,True,True,2500
top_four,dendro,bigram,no_origin,6,unith,25,Faure,june_24_g0,0.999341238471673,,,,5,5,20,4,8,0,11,2,6,1,3,0,6S,3H,0.36943845137003367,58,48,True,True,True,True,2500
top_four,dendro,bigram,no_origin,6,unith,25,Faure,june_24_g0,0.999341238471673,,,,5,5,20,4,8,0,11,3,6,1,4,0,6S,4H,0.45045240507276524,58,12,True,True,True,True,2500
top_four,dendro,bigram,no_origin,6,unith,25,Faure,june_24_g0,0.999341238471673,,,,5,5,20,4,8,0,11,4,6,1,5,0,6S,5H,0.2782809504929153,58,18,True,True,True,True,2500
top_four,dendro,bigram,no_origin,6,unith,25,Faure,june_24_g0,0.999341238471673,,,,5,5,20,4,8,0,11,5,6,1,6,0,6S,6H,0.3646953452989317,58,11,True,True,True,True,2500
top_four,dendro,bigram,no_origin,6,unith,25,Faure,june_24_g0,0.999341238471673,,,,5,,20,4,8,0,11,6,6,1,1,1,6S,1S,,58,0,True,False,True,False,2500
top_four,dendro,bigram,no_origin,6,unith,25,Faure,june_24_g0,0.999341238471673,,,,5,5,20,4,8,0,11,7,6,1,2,1,6S,2S,0.25221993202290577,58,15,True,True,True,True,2500
top_four,dendro,bigram,no_origin,6,unith,25,Faure,june_24_g0,0.999341238471673,,,,5,2,20,4,8,0,11,8,6,1,3,1,6S,3S,0.12646990255727653,58,4,True,True,True,False,2500
top_four,dendro,bigram,no_origin,6,unith,25,Faure,june_24_g0,0.999341238471673,,,,5,5,20,4,8,0,11,9,6,1,4,1,6S,4S,0.27817543157499164,58,50,True,True,True,True,2500
top_four,dendro,bigram,no_origin,6,unith,25,Faure,june_24_g0,0.999341238471673,,,,5,5,20,4,8,0,11,10,6,1,5,1,6S,5S,0.28361610831459444,58,72,True,True,True,True,2500
top_four,dendro,bigram,no_origin,6,unith,25,Faure,june_24_g0,0.999341238471673,,,,5,5,20,4,8,0,11,11,6,1,6,1,6S,6S,0.2562552873354763,58,58,True,True,True,True,2500
top_four,dendro,bigram,no_origin,6,unith,25,Faure,june_8_g0,0.998737373737374,,,,17,17,20,4,8,0,0,0,1,0,1,0,1H,1H,0.8944146416832585,44,44,True,True,True,True,2500
top_four,dendro,bigram,no_origin,6,unith,25,Faure,june_8_g0,0.998737373737374,,,,17,17,20,4,8,0,0,1,1,0,2,0,1H,2H,0.9475992155740471,44,34,True,True,True,True,2500
top_four,dendro,bigram,no_origin,6,unith,25,Faure,june_8_g0,0.998737373737374,,,,17,17,20,4,8,0,0,2,1,0,3,0,1H,3H,0.9179442490760807,44,43,True,True,True,True,2500
top_four,dendro,bigram,no_origin,6,unith,25,Faure,june_8_g0,0.998737373737374,,,,17,,20,4,8,0,0,3,1,0,4,0,1H,4H,,44,0,True,False,True,False,2500
top_four,dendro,bigram,no_origin,6,unith,25,Faure,june_8_g0,0.998737373737374,,,,17,,20,4,8,0,0,4,1,0,5,0,1H,5H,,44,0,True,False,True,False,2500
top_four,dendro,bigram,no_origin,6,unith,25,Faure,june_8_g0,0.998737373737374,,,,17,,20,4,8,0,0,5,1,0,6,0,1H,6H,,44,0,True,False,True,False,2500
top_four,dendro,bigram,no_origin,6,unith,25,Faure,june_8_g0,0.998737373737374,,,,17,,20,4,8,0,0,6,1,0,1,1,1H,1S,,44,0,True,False,True,False,2500
top_four,dendro,bigram,no_origin,6,unith,25,Faure,june_8_g0,0.998737373737374,,,,17,3,20,4,8,0,0,7,1,0,2,1,1H,2S,0.8385953722249109,44,7,True,True,True,False,2500
top_four,dendro,bigram,no_origin,6,unith,25,Faure,june_8_g0,0.998737373737374,,,,17,,20,4,8,0,0,8,1,0,3,1,1H,3S,,44,0,True,False,True,False,2500
top_four,dendro,bigram,no_origin,6,unith,25,Faure,june_8_g0,0.998737373737374,,,,17,17,20,4,8,0,0,9,1,0,4,1,1H,4S,0.9368232437522721,44,48,True,True,True,True,2500
top_four,dendro,bigram,no_origin,6,unith,25,Faure,june_8_g0,0.998737373737374,,,,17,17,20,4,8,0,0,10,1,0,5,1,1H,5S,0.7400233942452574,44,60,True,True,True,True,2500
top_four,dendro,bigram,no_origin,6,unith,25,Faure,june_8_g0,0.998737373737374,,,,17,17,20,4,8,0,0,11,1,0,6,1,1H,6S,0.7938839051542569,44,54,True,True,True,True,2500
top_four,dendro,bigram,no_origin,6,unith,25,Faure,june_8_g0,0.998737373737374,,,,17,17,20,4,8,0,1,0,2,0,1,0,2H,1H,0.9475992155740471,34,44,True,True,True,True,2500
top_four,dendro,bigram,no_origin,6,unith,25,Faure,june_8_g0,0.998737373737374,,,,17,17,20,4,8,0,1,1,2,0,2,0,2H,2H,0.9616581404880431,34,34,True,True,True,True,2500
top_four,dendro,bigram,no_origin,6,unith,25,Faure,june_8_g0,0.998737373737374,,,,17,17,20,4,8,0,1,2,2,0,3,0,2H,3H,0.9507743813392,34,43,True,True,True,True,2500
top_four,dendro,bigram,no_origin,6,unith,25,Faure,june_8_g0,0.998737373737374,,,,17,,20,4,8,0,1,3,2,0,4,0,2H,4H,,34,0,True,False,True,False,2500
top_four,dendro,bigram,no_origin,6,unith,25,Faure,june_8_g0,0.998737373737374,,,,17,,20,4,8,0,1,4,2,0,5,0,2H,5H,,34,0,True,False,True,False,2500
top_four,dendro,bigram,no_origin,6,unith,25,Faure,june_8_g0,0.998737373737374,,,,17,,20,4,8,0,1,5,2,0,6,0,2H,6H,,34,0,True,False,True,False,2500
top_four,dendro,bigram,no_origin,6,unith,25,Faure,june_8_g0,0.998737373737374,,,,17,,20,4,8,0,1,6,2,0,1,1,2H,1S,,34,0,True,False,True,False,2500
top_four,dendro,bigram,no_origin,6,unith,25,Faure,june_8_g0,0.998737373737374,,,,17,3,20,4,8,0,1,7,2,0,2,1,2H,2S,0.8788836769309099,34,7,True,True,True,False,2500
top_four,dendro,bigram,no_origin,6,unith,25,Faure,june_8_g0,0.998737373737374,,,,17,,20,4,8,0,1,8,2,0,3,1,2H,3S,,34,0,True,False,True,False,2500
top_four,dendro,bigram,no_origin,6,unith,25,Faure,june_8_g0,0.998737373737374,,,,17,17,20,4,8,0,1,9,2,0,4,1,2H,4S,0.9715028756228413,34,48,True,True,True,True,2500
top_four,dendro,bigram,no_origin,6,unith,25,Faure,june_8_g0,0.998737373737374,,,,17,17,20,4,8,0,1,10,2,0,5,1,2H,5S,0.7632053115345272,34,60,True,True,True,True,2500
top_four,dendro,bigram,no_origin,6,unith,25,Faure,june_8_g0,0.998737373737374,,,,17,17,20,4,8,0,1,11,2,0,6,1,2H,6S,0.8118068905919025,34,54,True,True,True,True,2500
top_four,dendro,bigram,no_origin,6,unith,25,Faure,june_8_g0,0.998737373737374,,,,17,17,20,4,8,0,2,0,3,0,1,0,3H,1H,0.9179442490760807,43,44,True,True,True,True,2500
top_four,dendro,bigram,no_origin,6,unith,25,Faure,june_8_g0,0.998737373737374,,,,17,17,20,4,8,0,2,1,3,0,2,0,3H,2H,0.9507743813392,43,34,True,True,True,True,2500
top_four,dendro,bigram,no_origin,6,unith,25,Faure,june_8_g0,0.998737373737374,,,,17,17,20,4,8,0,2,2,3,0,3,0,3H,3H,0.9399683576980348,43,43,True,True,True,True,2500
top_four,dendro,bigram,no_origin,6,unith,25,Faure,june_8_g0,0.998737373737374,,,,17,,20,4,8,0,2,3,3,0,4,0,3H,4H,,43,0,True,False,True,False,2500
top_four,dendro,bigram,no_origin,6,unith,25,Faure,june_8_g0,0.998737373737374,,,,17,,20,4,8,0,2,4,3,0,5,0,3H,5H,,43,0,True,False,True,False,2500
top_four,dendro,bigram,no_origin,6,unith,25,Faure,june_8_g0,0.998737373737374,,,,17,,20,4,8,0,2,5,3,0,6,0,3H,6H,,43,0,True,False,True,False,2500
top_four,dendro,bigram,no_origin,6,unith,25,Faure,june_8_g0,0.998737373737374,,,,17,,20,4,8,0,2,6,3,0,1,1,3H,1S,,43,0,True,False,True,False,2500
top_four,dendro,bigram,no_origin,6,unith,25,Faure,june_8_g0,0.998737373737374,,,,17,3,20,4,8,0,2,7,3,0,2,1,3H,2S,0.8644966271762906,43,7,True,True,True,False,2500
top_four,dendro,bigram,no_origin,6,unith,25,Faure,june_8_g0,0.998737373737374,,,,17,,20,4,8,0,2,8,3,0,3,1,3H,3S,,43,0,True,False,True,False,2500
top_four,dendro,bigram,no_origin,6,unith,25,Faure,june_8_g0,0.998737373737374,,,,17,17,20,4,8,0,2,9,3,0,4,1,3H,4S,0.9588544869186153,43,48,True,True,True,True,2500
top_four,dendro,bigram,no_origin,6,unith,25,Faure,june_8_g0,0.998737373737374,,,,17,17,20,4,8,0,2,10,3,0,5,1,3H,5S,0.7528634403067834,43,60,True,True,True,True,2500
top_four,dendro,bigram,no_origin,6,unith,25,Faure,june_8_g0,0.998737373737374,,,,17,17,20,4,8,0,2,11,3,0,6,1,3H,6S,0.8286032510167958,43,54,True,True,True,True,2500
top_four,dendro,bigram,no_origin,6,unith,25,Faure,june_8_g0,0.998737373737374,,,,,17,20,4,8,0,3,0,4,0,1,0,4H,1H,,0,44,False,True,False,True,2500
top_four,dendro,bigram,no_origin,6,unith,25,Faure,june_8_g0,0.998737373737374,,,,,17,20,4,8,0,3,1,4,0,2,0,4H,2H,,0,34,False,True,False,True,2500
top_four,dendro,bigram,no_origin,6,unith,25,Faure,june_8_g0,0.998737373737374,,,,,17,20,4,8,0,3,2,4,0,3,0,4H,3H,,0,43,False,True,False,True,2500
top_four,dendro,bigram,no_origin,6,unith,25,Faure,june_8_g0,0.998737373737374,,,,,,20,4,8,0,3,3,4,0,4,0,4H,4H,,0,0,False,False,False,False,2500
top_four,dendro,bigram,no_origin,6,unith,25,Faure,june_8_g0,0.998737373737374,,,,,,20,4,8,0,3,4,4,0,5,0,4H,5H,,0,0,False,False,False,False,2500
top_four,dendro,bigram,no_origin,6,unith,25,Faure,june_8_g0,0.998737373737374,,,,,,20,4,8,0,3,5,4,0,6,0,4H,6H,,0,0,False,False,False,False,2500
top_four,dendro,bigram,no_origin,6,unith,25,Faure,june_8_g0,0.998737373737374,,,,,,20,4,8,0,3,6,4,0,1,1,4H,1S,,0,0,False,False,False,False,2500
top_four,dendro,bigram,no_origin,6,unith,25,Faure,june_8_g0,0.998737373737374,,,,,3,20,4,8,0,3,7,4,0,2,1,4H,2S,,0,7,False,True,False,False,2500
top_four,dendro,bigram,no_origin,6,unith,25,Faure,june_8_g0,0.998737373737374,,,,,,20,4,8,0,3,8,4,0,3,1,4H,3S,,0,0,False,False,False,False,2500
top_four,dendro,bigram,no_origin,6,unith,25,Faure,june_8_g0,0.998737373737374,,,,,17,20,4,8,0,3,9,4,0,4,1,4H,4S,,0,48,False,True,False,True,2500
top_four,dendro,bigram,no_origin,6,unith,25,Faure,june_8_g0,0.998737373737374,,,,,17,20,4,8,0,3,10,4,0,5,1,4H,5S,,0,60,False,True,False,True,2500
top_four,dendro,bigram,no_origin,6,unith,25,Faure,june_8_g0,0.998737373737374,,,,,17,20,4,8,0,3,11,4,0,6,1,4H,6S,,0,54,False,True,False,True,2500
top_four,dendro,bigram,no_origin,6,unith,25,Faure,june_8_g0,0.998737373737374,,,,,17,20,4,8,0,4,0,5,0,1,0,5H,1H,,0,44,False,True,False,True,2500
top_four,dendro,bigram,no_origin,6,unith,25,Faure,june_8_g0,0.998737373737374,,,,,17,20,4,8,0,4,1,5,0,2,0,5H,2H,,0,34,False,True,False,True,2500
top_four,dendro,bigram,no_origin,6,unith,25,Faure,june_8_g0,0.998737373737374,,,,,17,20,4,8,0,4,2,5,0,3,0,5H,3H,,0,43,False,True,False,True,2500
top_four,dendro,bigram,no_origin,6,unith,25,Faure,june_8_g0,0.998737373737374,,,,,,20,4,8,0,4,3,5,0,4,0,5H,4H,,0,0,False,False,False,False,2500
top_four,dendro,bigram,no_origin,6,unith,25,Faure,june_8_g0,0.998737373737374,,,,,,20,4,8,0,4,4,5,0,5,0,5H,5H,,0,0,False,False,False,False,2500
top_four,dendro,bigram,no_origin,6,unith,25,Faure,june_8_g0,0.998737373737374,,,,,,20,4,8,0,4,5,5,0,6,0,5H,6H,,0,0,False,False,False,False,2500
top_four,dendro,bigram,no_origin,6,unith,25,Faure,june_8_g0,0.998737373737374,,,,,,20,4,8,0,4,6,5,0,1,1,5H,1S,,0,0,False,False,False,False,2500
top_four,dendro,bigram,no_origin,6,unith,25,Faure,june_8_g0,0.998737373737374,,,,,3,20,4,8,0,4,7,5,0,2,1,5H,2S,,0,7,False,True,False,False,2500
top_four,dendro,bigram,no_origin,6,unith,25,Faure,june_8_g0,0.998737373737374,,,,,,20,4,8,0,4,8,5,0,3,1,5H,3S,,0,0,False,False,False,False,2500
top_four,dendro,bigram,no_origin,6,unith,25,Faure,june_8_g0,0.998737373737374,,,,,17,20,4,8,0,4,9,5,0,4,1,5H,4S,,0,48,False,True,False,True,2500
top_four,dendro,bigram,no_origin,6,unith,25,Faure,june_8_g0,0.998737373737374,,,,,17,20,4,8,0,4,10,5,0,5,1,5H,5S,,0,60,False,True,False,True,2500
top_four,dendro,bigram,no_origin,6,unith,25,Faure,june_8_g0,0.998737373737374,,,,,17,20,4,8,0,4,11,5,0,6,1,5H,6S,,0,54,False,True,False,True,2500
top_four,dendro,bigram,no_origin,6,unith,25,Faure,june_8_g0,0.998737373737374,,,,,17,20,4,8,0,5,0,6,0,1,0,6H,1H,,0,44,False,True,False,True,2500
top_four,dendro,bigram,no_origin,6,unith,25,Faure,june_8_g0,0.998737373737374,,,,,17,20,4,8,0,5,1,6,0,2,0,6H,2H,,0,34,False,True,False,True,2500
top_four,dendro,bigram,no_origin,6,unith,25,Faure,june_8_g0,0.998737373737374,,,,,17,20,4,8,0,5,2,6,0,3,0,6H,3H,,0,43,False,True,False,True,2500
top_four,dendro,bigram,no_origin,6,unith,25,Faure,june_8_g0,0.998737373737374,,,,,,20,4,8,0,5,3,6,0,4,0,6H,4H,,0,0,False,False,False,False,2500
top_four,dendro,bigram,no_origin,6,unith,25,Faure,june_8_g0,0.998737373737374,,,,,,20,4,8,0,5,4,6,0,5,0,6H,5H,,0,0,False,False,False,False,2500
top_four,dendro,bigram,no_origin,6,unith,25,Faure,june_8_g0,0.998737373737374,,,,,,20,4,8,0,5,5,6,0,6,0,6H,6H,,0,0,False,False,False,False,2500
top_four,dendro,bigram,no_origin,6,unith,25,Faure,june_8_g0,0.998737373737374,,,,,,20,4,8,0,5,6,6,0,1,1,6H,1S,,0,0,False,False,False,False,2500
top_four,dendro,bigram,no_origin,6,unith,25,Faure,june_8_g0,0.998737373737374,,,,,3,20,4,8,0,5,7,6,0,2,1,6H,2S,,0,7,False,True,False,False,2500
top_four,dendro,bigram,no_origin,6,unith,25,Faure,june_8_g0,0.998737373737374,,,,,,20,4,8,0,5,8,6,0,3,1,6H,3S,,0,0,False,False,False,False,2500
top_four,dendro,bigram,no_origin,6,unith,25,Faure,june_8_g0,0.998737373737374,,,,,17,20,4,8,0,5,9,6,0,4,1,6H,4S,,0,48,False,True,False,True,2500
top_four,dendro,bigram,no_origin,6,unith,25,Faure,june_8_g0,0.998737373737374,,,,,17,20,4,8,0,5,10,6,0,5,1,6H,5S,,0,60,False,True,False,True,2500
top_four,dendro,bigram,no_origin,6,unith,25,Faure,june_8_g0,0.998737373737374,,,,,17,20,4,8,0,5,11,6,0,6,1,6H,6S,,0,54,False,True,False,True,2500
top_four,dendro,bigram,no_origin,6,unith,25,Faure,june_8_g0,0.998737373737374,,,,,17,20,4,8,0,6,0,1,1,1,0,1S,1H,,0,44,False,True,False,True,2500
top_four,dendro,bigram,no_origin,6,unith,25,Faure,june_8_g0,0.998737373737374,,,,,17,20,4,8,0,6,1,1,1,2,0,1S,2H,,0,34,False,True,False,True,2500
top_four,dendro,bigram,no_origin,6,unith,25,Faure,june_8_g0,0.998737373737374,,,,,17,20,4,8,0,6,2,1,1,3,0,1S,3H,,0,43,False,True,False,True,2500
top_four,dendro,bigram,no_origin,6,unith,25,Faure,june_8_g0,0.998737373737374,,,,,,20,4,8,0,6,3,1,1,4,0,1S,4H,,0,0,False,False,False,False,2500
top_four,dendro,bigram,no_origin,6,unith,25,Faure,june_8_g0,0.998737373737374,,,,,,20,4,8,0,6,4,1,1,5,0,1S,5H,,0,0,False,False,False,False,2500
top_four,dendro,bigram,no_origin,6,unith,25,Faure,june_8_g0,0.998737373737374,,,,,,20,4,8,0,6,5,1,1,6,0,1S,6H,,0,0,False,False,False,False,2500
top_four,dendro,bigram,no_origin,6,unith,25,Faure,june_8_g0,0.998737373737374,,,,,,20,4,8,0,6,6,1,1,1,1,1S,1S,,0,0,False,False,False,False,2500
top_four,dendro,bigram,no_origin,6,unith,25,Faure,june_8_g0,0.998737373737374,,,,,3,20,4,8,0,6,7,1,1,2,1,1S,2S,,0,7,False,True,False,False,2500
top_four,dendro,bigram,no_origin,6,unith,25,Faure,june_8_g0,0.998737373737374,,,,,,20,4,8,0,6,8,1,1,3,1,1S,3S,,0,0,False,False,False,False,2500
top_four,dendro,bigram,no_origin,6,unith,25,Faure,june_8_g0,0.998737373737374,,,,,17,20,4,8,0,6,9,1,1,4,1,1S,4S,,0,48,False,True,False,True,2500
top_four,dendro,bigram,no_origin,6,unith,25,Faure,june_8_g0,0.998737373737374,,,,,17,20,4,8,0,6,10,1,1,5,1,1S,5S,,0,60,False,True,False,True,2500
top_four,dendro,bigram,no_origin,6,unith,25,Faure,june_8_g0,0.998737373737374,,,,,17,20,4,8,0,6,11,1,1,6,1,1S,6S,,0,54,False,True,False,True,2500
top_four,dendro,bigram,no_origin,6,unith,25,Faure,june_8_g0,0.998737373737374,,,,3,17,20,4,8,0,7,0,2,1,1,0,2S,1H,0.8385953722249109,7,44,True,True,False,True,2500
top_four,dendro,bigram,no_origin,6,unith,25,Faure,june_8_g0,0.998737373737374,,,,3,17,20,4,8,0,7,1,2,1,2,0,2S,2H,0.8788836769309099,7,34,True,True,False,True,2500
top_four,dendro,bigram,no_origin,6,unith,25,Faure,june_8_g0,0.998737373737374,,,,3,17,20,4,8,0,7,2,2,1,3,0,2S,3H,0.8644966271762906,7,43,True,True,False,True,2500
top_four,dendro,bigram,no_origin,6,unith,25,Faure,june_8_g0,0.998737373737374,,,,3,,20,4,8,0,7,3,2,1,4,0,2S,4H,,7,0,True,False,False,False,2500
top_four,dendro,bigram,no_origin,6,unith,25,Faure,june_8_g0,0.998737373737374,,,,3,,20,4,8,0,7,4,2,1,5,0,2S,5H,,7,0,True,False,False,False,2500
top_four,dendro,bigram,no_origin,6,unith,25,Faure,june_8_g0,0.998737373737374,,,,3,,20,4,8,0,7,5,2,1,6,0,2S,6H,,7,0,True,False,False,False,2500
top_four,dendro,bigram,no_origin,6,unith,25,Faure,june_8_g0,0.998737373737374,,,,3,,20,4,8,0,7,6,2,1,1,1,2S,1S,,7,0,True,False,False,False,2500
top_four,dendro,bigram,no_origin,6,unith,25,Faure,june_8_g0,0.998737373737374,,,,3,3,20,4,8,0,7,7,2,1,2,1,2S,2S,0.7560372272696102,7,7,True,True,False,False,2500
top_four,dendro,bigram,no_origin,6,unith,25,Faure,june_8_g0,0.998737373737374,,,,3,,20,4,8,0,7,8,2,1,3,1,2S,3S,,7,0,True,False,False,False,2500
top_four,dendro,bigram,no_origin,6,unith,25,Faure,june_8_g0,0.998737373737374,,,,3,17,20,4,8,0,7,9,2,1,4,1,2S,4S,0.8675921160175728,7,48,True,True,False,True,2500
top_four,dendro,bigram,no_origin,6,unith,25,Faure,june_8_g0,0.998737373737374,,,,3,17,20,4,8,0,7,10,2,1,5,1,2S,5S,0.6985916129490977,7,60,True,True,False,True,2500
top_four,dendro,bigram,no_origin,6,unith,25,Faure,june_8_g0,0.998737373737374,,,,3,17,20,4,8,0,7,11,2,1,6,1,2S,6S,0.74564287213691,7,54,True,True,False,True,2500
top_four,dendro,bigram,no_origin,6,unith,25,Faure,june_8_g0,0.998737373737374,,,,,17,20,4,8,0,8,0,3,1,1,0,3S,1H,,0,44,False,True,False,True,2500
top_four,dendro,bigram,no_origin,6,unith,25,Faure,june_8_g0,0.998737373737374,,,,,17,20,4,8,0,8,1,3,1,2,0,3S,2H,,0,34,False,True,False,True,2500
top_four,dendro,bigram,no_origin,6,unith,25,Faure,june_8_g0,0.998737373737374,,,,,17,20,4,8,0,8,2,3,1,3,0,3S,3H,,0,43,False,True,False,True,2500
top_four,dendro,bigram,no_origin,6,unith,25,Faure,june_8_g0,0.998737373737374,,,,,,20,4,8,0,8,3,3,1,4,0,3S,4H,,0,0,False,False,False,False,2500
top_four,dendro,bigram,no_origin,6,unith,25,Faure,june_8_g0,0.998737373737374,,,,,,20,4,8,0,8,4,3,1,5,0,3S,5H,,0,0,False,False,False,False,2500
top_four,dendro,bigram,no_origin,6,unith,25,Faure,june_8_g0,0.998737373737374,,,,,,20,4,8,0,8,5,3,1,6,0,3S,6H,,0,0,False,False,False,False,2500
top_four,dendro,bigram,no_origin,6,unith,25,Faure,june_8_g0,0.998737373737374,,,,,,20,4,8,0,8,6,3,1,1,1,3S,1S,,0,0,False,False,False,False,2500
top_four,dendro,bigram,no_origin,6,unith,25,Faure,june_8_g0,0.998737373737374,,,,,3,20,4,8,0,8,7,3,1,2,1,3S,2S,,0,7,False,True,False,False,2500
top_four,dendro,bigram,no_origin,6,unith,25,Faure,june_8_g0,0.998737373737374,,,,,,20,4,8,0,8,8,3,1,3,1,3S,3S,,0,0,False,False,False,False,2500
top_four,dendro,bigram,no_origin,6,unith,25,Faure,june_8_g0,0.998737373737374,,,,,17,20,4,8,0,8,9,3,1,4,1,3S,4S,,0,48,False,True,False,True,2500
top_four,dendro,bigram,no_origin,6,unith,25,Faure,june_8_g0,0.998737373737374,,,,,17,20,4,8,0,8,10,3,1,5,1,3S,5S,,0,60,False,True,False,True,2500
top_four,dendro,bigram,no_origin,6,unith,25,Faure,june_8_g0,0.998737373737374,,,,,17,20,4,8,0,8,11,3,1,6,1,3S,6S,,0,54,False,True,False,True,2500
top_four,dendro,bigram,no_origin,6,unith,25,Faure,june_8_g0,0.998737373737374,,,,17,17,20,4,8,0,9,0,4,1,1,0,4S,1H,0.9368232437522721,48,44,True,True,True,True,2500
top_four,dendro,bigram,no_origin,6,unith,25,Faure,june_8_g0,0.998737373737374,,,,17,17,20,4,8,0,9,1,4,1,2,0,4S,2H,0.9715028756228413,48,34,True,True,True,True,2500
top_four,dendro,bigram,no_origin,6,unith,25,Faure,june_8_g0,0.998737373737374,,,,17,17,20,4,8,0,9,2,4,1,3,0,4S,3H,0.9588544869186153,48,43,True,True,True,True,2500
top_four,dendro,bigram,no_origin,6,unith,25,Faure,june_8_g0,0.998737373737374,,,,17,,20,4,8,0,9,3,4,1,4,0,4S,4H,,48,0,True,False,True,False,2500
top_four,dendro,bigram,no_origin,6,unith,25,Faure,june_8_g0,0.998737373737374,,,,17,,20,4,8,0,9,4,4,1,5,0,4S,5H,,48,0,True,False,True,False,2500
top_four,dendro,bigram,no_origin,6,unith,25,Faure,june_8_g0,0.998737373737374,,,,17,,20,4,8,0,9,5,4,1,6,0,4S,6H,,48,0,True,False,True,False,2500
top_four,dendro,bigram,no_origin,6,unith,25,Faure,june_8_g0,0.998737373737374,,,,17,,20,4,8,0,9,6,4,1,1,1,4S,1S,,48,0,True,False,True,False,2500
top_four,dendro,bigram,no_origin,6,unith,25,Faure,june_8_g0,0.998737373737374,,,,17,3,20,4,8,0,9,7,4,1,2,1,4S,2S,0.8675921160175728,48,7,True,True,True,False,2500
top_four,dendro,bigram,no_origin,6,unith,25,Faure,june_8_g0,0.998737373737374,,,,17,,20,4,8,0,9,8,4,1,3,1,4S,3S,,48,0,True,False,True,False,2500
top_four,dendro,bigram,no_origin,6,unith,25,Faure,june_8_g0,0.998737373737374,,,,17,17,20,4,8,0,9,9,4,1,4,1,4S,4S,0.9731334807340017,48,48,True,True,True,True,2500
top_four,dendro,bigram,no_origin,6,unith,25,Faure,june_8_g0,0.998737373737374,,,,17,17,20,4,8,0,9,10,4,1,5,1,4S,5S,0.7505033934996936,48,60,True,True,True,True,2500
top_four,dendro,bigram,no_origin,6,unith,25,Faure,june_8_g0,0.998737373737374,,,,17,17,20,4,8,0,9,11,4,1,6,1,4S,6S,0.8113958495193142,48,54,True,True,True,True,2500
top_four,dendro,bigram,no_origin,6,unith,25,Faure,june_8_g0,0.998737373737374,,,,17,17,20,4,8,0,10,0,5,1,1,0,5S,1H,0.7400233942452574,60,44,True,True,True,True,2500
top_four,dendro,bigram,no_origin,6,unith,25,Faure,june_8_g0,0.998737373737374,,,,17,17,20,4,8,0,10,1,5,1,2,0,5S,2H,0.7632053115345272,60,34,True,True,True,True,2500
top_four,dendro,bigram,no_origin,6,unith,25,Faure,june_8_g0,0.998737373737374,,,,17,17,20,4,8,0,10,2,5,1,3,0,5S,3H,0.7528634403067834,60,43,True,True,True,True,2500
top_four,dendro,bigram,no_origin,6,unith,25,Faure,june_8_g0,0.998737373737374,,,,17,,20,4,8,0,10,3,5,1,4,0,5S,4H,,60,0,True,False,True,False,2500
top_four,dendro,bigram,no_origin,6,unith,25,Faure,june_8_g0,0.998737373737374,,,,17,,20,4,8,0,10,4,5,1,5,0,5S,5H,,60,0,True,False,True,False,2500
top_four,dendro,bigram,no_origin,6,unith,25,Faure,june_8_g0,0.998737373737374,,,,17,,20,4,8,0,10,5,5,1,6,0,5S,6H,,60,0,True,False,True,False,2500
top_four,dendro,bigram,no_origin,6,unith,25,Faure,june_8_g0,0.998737373737374,,,,17,,20,4,8,0,10,6,5,1,1,1,5S,1S,,60,0,True,False,True,False,2500
top_four,dendro,bigram,no_origin,6,unith,25,Faure,june_8_g0,0.998737373737374,,,,17,3,20,4,8,0,10,7,5,1,2,1,5S,2S,0.6985916129490977,60,7,True,True,True,False,2500
top_four,dendro,bigram,no_origin,6,unith,25,Faure,june_8_g0,0.998737373737374,,,,17,,20,4,8,0,10,8,5,1,3,1,5S,3S,,60,0,True,False,True,False,2500
top_four,dendro,bigram,no_origin,6,unith,25,Faure,june_8_g0,0.998737373737374,,,,17,17,20,4,8,0,10,9,5,1,4,1,5S,4S,0.7505033934996936,60,48,True,True,True,True,2500
top_four,dendro,bigram,no_origin,6,unith,25,Faure,june_8_g0,0.998737373737374,,,,17,17,20,4,8,0,10,10,5,1,5,1,5S,5S,0.5359269894361542,60,60,True,True,True,True,2500
top_four,dendro,bigram,no_origin,6,unith,25,Faure,june_8_g0,0.998737373737374,,,,17,17,20,4,8,0,10,11,5,1,6,1,5S,6S,0.6528440564331548,60,54,True,True,True,True,2500
top_four,dendro,bigram,no_origin,6,unith,25,Faure,june_8_g0,0.998737373737374,,,,17,17,20,4,8,0,11,0,6,1,1,0,6S,1H,0.7938839051542569,54,44,True,True,True,True,2500
top_four,dendro,bigram,no_origin,6,unith,25,Faure,june_8_g0,0.998737373737374,,,,17,17,20,4,8,0,11,1,6,1,2,0,6S,2H,0.8118068905919025,54,34,True,True,True,True,2500
top_four,dendro,bigram,no_origin,6,unith,25,Faure,june_8_g0,0.998737373737374,,,,17,17,20,4,8,0,11,2,6,1,3,0,6S,3H,0.8286032510167958,54,43,True,True,True,True,2500
top_four,dendro,bigram,no_origin,6,unith,25,Faure,june_8_g0,0.998737373737374,,,,17,,20,4,8,0,11,3,6,1,4,0,6S,4H,,54,0,True,False,True,False,2500
top_four,dendro,bigram,no_origin,6,unith,25,Faure,june_8_g0,0.998737373737374,,,,17,,20,4,8,0,11,4,6,1,5,0,6S,5H,,54,0,True,False,True,False,2500
top_four,dendro,bigram,no_origin,6,unith,25,Faure,june_8_g0,0.998737373737374,,,,17,,20,4,8,0,11,5,6,1,6,0,6S,6H,,54,0,True,False,True,False,2500
top_four,dendro,bigram,no_origin,6,unith,25,Faure,june_8_g0,0.998737373737374,,,,17,,20,4,8,0,11,6,6,1,1,1,6S,1S,,54,0,True,False,True,False,2500
top_four,dendro,bigram,no_origin,6,unith,25,Faure,june_8_g0,0.998737373737374,,,,17,3,20,4,8,0,11,7,6,1,2,1,6S,2S,0.74564287213691,54,7,True,True,True,False,2500
top_four,dendro,bigram,no_origin,6,unith,25,Faure,june_8_g0,0.998737373737374,,,,17,,20,4,8,0,11,8,6,1,3,1,6S,3S,,54,0,True,False,True,False,2500
top_four,dendro,bigram,no_origin,6,unith,25,Faure,june_8_g0,0.998737373737374,,,,17,17,20,4,8,0,11,9,6,1,4,1,6S,4S,0.8113958495193142,54,48,True,True,True,True,2500
top_four,dendro,bigram,no_origin,6,unith,25,Faure,june_8_g0,0.998737373737374,,,,17,17,20,4,8,0,11,10,6,1,5,1,6S,5S,0.6528440564331548,54,60,True,True,True,True,2500
top_four,dendro,bigram,no_origin,6,unith,25,Faure,june_8_g0,0.998737373737374,,,,17,17,20,4,8,0,11,11,6,1,6,1,6S,6S,0.6710718698918041,54,54,True,True,True,True,2500
top_four,dendro,bigram,no_origin,6,unith,25,Nielsen,Nov_1_g0,0.96875,,,,5,5,20,4,8,0,0,0,1,0,1,0,1H,1H,0.22970677443041623,46,46,True,True,True,True,4052
top_four,dendro,bigram,no_origin,6,unith,25,Nielsen,Nov_1_g0,0.96875,,,,5,5,20,4,8,0,0,1,1,0,2,0,1H,2H,0.2102219753354929,46,43,True,True,True,True,4052
top_four,dendro,bigram,no_origin,6,unith,25,Nielsen,Nov_1_g0,0.96875,,,,5,5,20,4,8,0,0,2,1,0,3,0,1H,3H,0.06803632723096657,46,48,True,True,True,True,4052
top_four,dendro,bigram,no_origin,6,unith,25,Nielsen,Nov_1_g0,0.96875,,,,5,5,20,4,8,0,0,3,1,0,4,0,1H,4H,0.3989957437652881,46,45,True,True,True,True,4052
top_four,dendro,bigram,no_origin,6,unith,25,Nielsen,Nov_1_g0,0.96875,,,,5,5,20,4,8,0,0,4,1,0,5,0,1H,5H,0.3457900174947799,46,14,True,True,True,True,4052
top_four,dendro,bigram,no_origin,6,unith,25,Nielsen,Nov_1_g0,0.96875,,,,5,2,20,4,8,0,0,5,1,0,6,0,1H,6H,0.23101735528765,46,5,True,True,True,False,4052
top_four,dendro,bigram,no_origin,6,unith,25,Nielsen,Nov_1_g0,0.96875,,,,5,3,20,4,8,0,0,6,1,0,1,1,1H,1S,,46,6,True,True,True,False,4052
top_four,dendro,bigram,no_origin,6,unith,25,Nielsen,Nov_1_g0,0.96875,,,,5,5,20,4,8,0,0,7,1,0,2,1,1H,2S,0.5311493921999876,46,11,True,True,True,True,4052
top_four,dendro,bigram,no_origin,6,unith,25,Nielsen,Nov_1_g0,0.96875,,,,5,5,20,4,8,0,0,8,1,0,3,1,1H,3S,0.32366249326888996,46,15,True,True,True,True,4052
top_four,dendro,bigram,no_origin,6,unith,25,Nielsen,Nov_1_g0,0.96875,,,,5,5,20,4,8,0,0,9,1,0,4,1,1H,4S,0.33258348141253674,46,36,True,True,True,True,4052
top_four,dendro,bigram,no_origin,6,unith,25,Nielsen,Nov_1_g0,0.96875,,,,5,5,20,4,8,0,0,10,1,0,5,1,1H,5S,0.30032608002766664,46,65,True,True,True,True,4052
top_four,dendro,bigram,no_origin,6,unith,25,Nielsen,Nov_1_g0,0.96875,,,,5,5,20,4,8,0,0,11,1,0,6,1,1H,6S,0.30217475422993406,46,83,True,True,True,True,4052
top_four,dendro,bigram,no_origin,6,unith,25,Nielsen,Nov_1_g0,0.96875,,,,5,5,20,4,8,0,1,0,2,0,1,0,2H,1H,0.2102219753354929,43,46,True,True,True,True,4052
top_four,dendro,bigram,no_origin,6,unith,25,Nielsen,Nov_1_g0,0.96875,,,,5,5,20,4,8,0,1,1,2,0,2,0,2H,2H,0.018877371402273486,43,43,True,True,True,True,4052
top_four,dendro,bigram,no_origin,6,unith,25,Nielsen,Nov_1_g0,0.96875,,,,5,5,20,4,8,0,1,2,2,0,3,0,2H,3H,0.04444703944995572,43,48,True,True,True,True,4052
top_four,dendro,bigram,no_origin,6,unith,25,Nielsen,Nov_1_g0,0.96875,,,,5,5,20,4,8,0,1,3,2,0,4,0,2H,4H,0.21278977096153814,43,45,True,True,True,True,4052
top_four,dendro,bigram,no_origin,6,unith,25,Nielsen,Nov_1_g0,0.96875,,,,5,5,20,4,8,0,1,4,2,0,5,0,2H,5H,0.09684960604997606,43,14,True,True,True,True,4052
top_four,dendro,bigram,no_origin,6,unith,25,Nielsen,Nov_1_g0,0.96875,,,,5,2,20,4,8,0,1,5,2,0,6,0,2H,6H,-0.0486140141202484,43,5,True,True,True,False,4052
top_four,dendro,bigram,no_origin,6,unith,25,Nielsen,Nov_1_g0,0.96875,,,,5,3,20,4,8,0,1,6,2,0,1,1,2H,1S,,43,6,True,True,True,False,4052
top_four,dendro,bigram,no_origin,6,unith,25,Nielsen,Nov_1_g0,0.96875,,,,5,5,20,4,8,0,1,7,2,0,2,1,2H,2S,0.2142005247370608,43,11,True,True,True,True,4052
top_four,dendro,bigram,no_origin,6,unith,25,Nielsen,Nov_1_g0,0.96875,,,,5,5,20,4,8,0,1,8,2,0,3,1,2H,3S,0.12365435153248315,43,15,True,True,True,True,4052
top_four,dendro,bigram,no_origin,6,unith,25,Nielsen,Nov_1_g0,0.96875,,,,5,5,20,4,8,0,1,9,2,0,4,1,2H,4S,-0.04198979458279782,43,36,True,True,True,True,4052
top_four,dendro,bigram,no_origin,6,unith,25,Nielsen,Nov_1_g0,0.96875,,,,5,5,20,4,8,0,1,10,2,0,5,1,2H,5S,0.04313670652379806,43,65,True,True,True,True,4052
top_four,dendro,bigram,no_origin,6,unith,25,Nielsen,Nov_1_g0,0.96875,,,,5,5,20,4,8,0,1,11,2,0,6,1,2H,6S,0.14753534717453665,43,83,True,True,True,True,4052
top_four,dendro,bigram,no_origin,6,unith,25,Nielsen,Nov_1_g0,0.96875,,,,5,5,20,4,8,0,2,0,3,0,1,0,3H,1H,0.06803632723096657,48,46,True,True,True,True,4052
top_four,dendro,bigram,no_origin,6,unith,25,Nielsen,Nov_1_g0,0.96875,,,,5,5,20,4,8,0,2,1,3,0,2,0,3H,2H,0.04444703944995572,48,43,True,True,True,True,4052
top_four,dendro,bigram,no_origin,6,unith,25,Nielsen,Nov_1_g0,0.96875,,,,5,5,20,4,8,0,2,2,3,0,3,0,3H,3H,0.06920221809400723,48,48,True,True,True,True,4052
top_four,dendro,bigram,no_origin,6,unith,25,Nielsen,Nov_1_g0,0.96875,,,,5,5,20,4,8,0,2,3,3,0,4,0,3H,4H,0.7211093276215869,48,45,True,True,True,True,4052
top_four,dendro,bigram,no_origin,6,unith,25,Nielsen,Nov_1_g0,0.96875,,,,5,5,20,4,8,0,2,4,3,0,5,0,3H,5H,0.11549478998700181,48,14,True,True,True,True,4052
top_four,dendro,bigram,no_origin,6,unith,25,Nielsen,Nov_1_g0,0.96875,,,,5,2,20,4,8,0,2,5,3,0,6,0,3H,6H,,48,5,True,True,True,False,4052
top_four,dendro,bigram,no_origin,6,unith,25,Nielsen,Nov_1_g0,0.96875,,,,5,3,20,4,8,0,2,6,3,0,1,1,3H,1S,,48,6,True,True,True,False,4052
top_four,dendro,bigram,no_origin,6,unith,25,Nielsen,Nov_1_g0,0.96875,,,,5,5,20,4,8,0,2,7,3,0,2,1,3H,2S,0.17434668581842028,48,11,True,True,True,True,4052
top_four,dendro,bigram,no_origin,6,unith,25,Nielsen,Nov_1_g0,0.96875,,,,5,5,20,4,8,0,2,8,3,0,3,1,3H,3S,0.3423346016708761,48,15,True,True,True,True,4052
top_four,dendro,bigram,no_origin,6,unith,25,Nielsen,Nov_1_g0,0.96875,,,,5,5,20,4,8,0,2,9,3,0,4,1,3H,4S,-0.06516716846978012,48,36,True,True,True,True,4052
top_four,dendro,bigram,no_origin,6,unith,25,Nielsen,Nov_1_g0,0.96875,,,,5,5,20,4,8,0,2,10,3,0,5,1,3H,5S,0.2219999963832141,48,65,True,True,True,True,4052
top_four,dendro,bigram,no_origin,6,unith,25,Nielsen,Nov_1_g0,0.96875,,,,5,5,20,4,8,0,2,11,3,0,6,1,3H,6S,0.48029558560781394,48,83,True,True,True,True,4052
top_four,dendro,bigram,no_origin,6,unith,25,Nielsen,Nov_1_g0,0.96875,,,,5,5,20,4,8,0,3,0,4,0,1,0,4H,1H,0.3989957437652881,45,46,True,True,True,True,4052
top_four,dendro,bigram,no_origin,6,unith,25,Nielsen,Nov_1_g0,0.96875,,,,5,5,20,4,8,0,3,1,4,0,2,0,4H,2H,0.21278977096153814,45,43,True,True,True,True,4052
top_four,dendro,bigram,no_origin,6,unith,25,Nielsen,Nov_1_g0,0.96875,,,,5,5,20,4,8,0,3,2,4,0,3,0,4H,3H,0.7211093276215869,45,48,True,True,True,True,4052
top_four,dendro,bigram,no_origin,6,unith,25,Nielsen,Nov_1_g0,0.96875,,,,5,5,20,4,8,0,3,3,4,0,4,0,4H,4H,0.4828482398905417,45,45,True,True,True,True,4052
top_four,dendro,bigram,no_origin,6,unith,25,Nielsen,Nov_1_g0,0.96875,,,,5,5,20,4,8,0,3,4,4,0,5,0,4H,5H,0.48141768596468776,45,14,True,True,True,True,4052
top_four,dendro,bigram,no_origin,6,unith,25,Nielsen,Nov_1_g0,0.96875,,,,5,2,20,4,8,0,3,5,4,0,6,0,4H,6H,0.3093717426087378,45,5,True,True,True,False,4052
top_four,dendro,bigram,no_origin,6,unith,25,Nielsen,Nov_1_g0,0.96875,,,,5,3,20,4,8,0,3,6,4,0,1,1,4H,1S,,45,6,True,True,True,False,4052
top_four,dendro,bigram,no_origin,6,unith,25,Nielsen,Nov_1_g0,0.96875,,,,5,5,20,4,8,0,3,7,4,0,2,1,4H,2S,0.5482837918606466,45,11,True,True,True,True,4052
top_four,dendro,bigram,no_origin,6,unith,25,Nielsen,Nov_1_g0,0.96875,,,,5,5,20,4,8,0,3,8,4,0,3,1,4H,3S,0.42006495737946214,45,15,True,True,True,True,4052
top_four,dendro,bigram,no_origin,6,unith,25,Nielsen,Nov_1_g0,0.96875,,,,5,5,20,4,8,0,3,9,4,0,4,1,4H,4S,0.4896166159690076,45,36,True,True,True,True,4052
top_four,dendro,bigram,no_origin,6,unith,25,Nielsen,Nov_1_g0,0.96875,,,,5,5,20,4,8,0,3,10,4,0,5,1,4H,5S,0.37114877383492395,45,65,True,True,True,True,4052
top_four,dendro,bigram,no_origin,6,unith,25,Nielsen,Nov_1_g0,0.96875,,,,5,5,20,4,8,0,3,11,4,0,6,1,4H,6S,0.2534768887999761,45,83,True,True,True,True,4052
top_four,dendro,bigram,no_origin,6,unith,25,Nielsen,Nov_1_g0,0.96875,,,,5,5,20,4,8,0,4,0,5,0,1,0,5H,1H,0.3457900174947799,14,46,True,True,True,True,4052
top_four,dendro,bigram,no_origin,6,unith,25,Nielsen,Nov_1_g0,0.96875,,,,5,5,20,4,8,0,4,1,5,0,2,0,5H,2H,0.09684960604997606,14,43,True,True,True,True,4052
top_four,dendro,bigram,no_origin,6,unith,25,Nielsen,Nov_1_g0,0.96875,,,,5,5,20,4,8,0,4,2,5,0,3,0,5H,3H,0.11549478998700181,14,48,True,True,True,True,4052
top_four,dendro,bigram,no_origin,6,unith,25,Nielsen,Nov_1_g0,0.96875,,,,5,5,20,4,8,0,4,3,5,0,4,0,5H,4H,0.48141768596468776,14,45,True,True,True,True,4052
top_four,dendro,bigram,no_origin,6,unith,25,Nielsen,Nov_1_g0,0.96875,,,,5,5,20,4,8,0,4,4,5,0,5,0,5H,5H,0.16725606972620005,14,14,True,True,True,True,4052
top_four,dendro,bigram,no_origin,6,unith,25,Nielsen,Nov_1_g0,0.96875,,,,5,2,20,4,8,0,4,5,5,0,6,0,5H,6H,0.16487971244393715,14,5,True,True,True,False,4052
top_four,dendro,bigram,no_origin,6,unith,25,Nielsen,Nov_1_g0,0.96875,,,,5,3,20,4,8,0,4,6,5,0,1,1,5H,1S,,14,6,True,True,True,False,4052
top_four,dendro,bigram,no_origin,6,unith,25,Nielsen,Nov_1_g0,0.96875,,,,5,5,20,4,8,0,4,7,5,0,2,1,5H,2S,0.411297783655675,14,11,True,True,True,True,4052
top_four,dendro,bigram,no_origin,6,unith,25,Nielsen,Nov_1_g0,0.96875,,,,5,5,20,4,8,0,4,8,5,0,3,1,5H,3S,0.27694000214638004,14,15,True,True,True,True,4052
top_four,dendro,bigram,no_origin,6,unith,25,Nielsen,Nov_1_g0,0.96875,,,,5,5,20,4,8,0,4,9,5,0,4,1,5H,4S,0.20064627696837103,14,36,True,True,True,True,4052
top_four,dendro,bigram,no_origin,6,unith,25,Nielsen,Nov_1_g0,0.96875,,,,5,5,20,4,8,0,4,10,5,0,5,1,5H,5S,0.3156135671766326,14,65,True,True,True,True,4052
top_four,dendro,bigram,no_origin,6,unith,25,Nielsen,Nov_1_g0,0.96875,,,,5,5,20,4,8,0,4,11,5,0,6,1,5H,6S,0.19830693636017344,14,83,True,True,True,True,4052
top_four,dendro,bigram,no_origin,6,unith,25,Nielsen,Nov_1_g0,0.96875,,,,2,5,20,4,8,0,5,0,6,0,1,0,6H,1H,0.23101735528765,5,46,True,True,False,True,4052
top_four,dendro,bigram,no_origin,6,unith,25,Nielsen,Nov_1_g0,0.96875,,,,2,5,20,4,8,0,5,1,6,0,2,0,6H,2H,-0.0486140141202484,5,43,True,True,False,True,4052
top_four,dendro,bigram,no_origin,6,unith,25,Nielsen,Nov_1_g0,0.96875,,,,2,5,20,4,8,0,5,2,6,0,3,0,6H,3H,,5,48,True,True,False,True,4052
top_four,dendro,bigram,no_origin,6,unith,25,Nielsen,Nov_1_g0,0.96875,,,,2,5,20,4,8,0,5,3,6,0,4,0,6H,4H,0.3093717426087378,5,45,True,True,False,True,4052
top_four,dendro,bigram,no_origin,6,unith,25,Nielsen,Nov_1_g0,0.96875,,,,2,5,20,4,8,0,5,4,6,0,5,0,6H,5H,0.16487971244393715,5,14,True,True,False,True,4052
top_four,dendro,bigram,no_origin,6,unith,25,Nielsen,Nov_1_g0,0.96875,,,,2,2,20,4,8,0,5,5,6,0,6,0,6H,6H,-0.041666666666666664,5,5,True,True,False,False,4052
top_four,dendro,bigram,no_origin,6,unith,25,Nielsen,Nov_1_g0,0.96875,,,,2,3,20,4,8,0,5,6,6,0,1,1,6H,1S,,5,6,True,True,False,False,4052
top_four,dendro,bigram,no_origin,6,unith,25,Nielsen,Nov_1_g0,0.96875,,,,2,5,20,4,8,0,5,7,6,0,2,1,6H,2S,0.4791666666666668,5,11,True,True,False,True,4052
top_four,dendro,bigram,no_origin,6,unith,25,Nielsen,Nov_1_g0,0.96875,,,,2,5,20,4,8,0,5,8,6,0,3,1,6H,3S,0.20983848773468544,5,15,True,True,False,True,4052
top_four,dendro,bigram,no_origin,6,unith,25,Nielsen,Nov_1_g0,0.96875,,,,2,5,20,4,8,0,5,9,6,0,4,1,6H,4S,0.1288567344650748,5,36,True,True,False,True,4052
top_four,dendro,bigram,no_origin,6,unith,25,Nielsen,Nov_1_g0,0.96875,,,,2,5,20,4,8,0,5,10,6,0,5,1,6H,5S,0.3848212595815709,5,65,True,True,False,True,4052
top_four,dendro,bigram,no_origin,6,unith,25,Nielsen,Nov_1_g0,0.96875,,,,2,5,20,4,8,0,5,11,6,0,6,1,6H,6S,0.22505316220697638,5,83,True,True,False,True,4052
top_four,dendro,bigram,no_origin,6,unith,25,Nielsen,Nov_1_g0,0.96875,,,,3,5,20,4,8,0,6,0,1,1,1,0,1S,1H,,6,46,True,True,False,True,4052
top_four,dendro,bigram,no_origin,6,unith,25,Nielsen,Nov_1_g0,0.96875,,,,3,5,20,4,8,0,6,1,1,1,2,0,1S,2H,,6,43,True,True,False,True,4052
top_four,dendro,bigram,no_origin,6,unith,25,Nielsen,Nov_1_g0,0.96875,,,,3,5,20,4,8,0,6,2,1,1,3,0,1S,3H,,6,48,True,True,False,True,4052
top_four,dendro,bigram,no_origin,6,unith,25,Nielsen,Nov_1_g0,0.96875,,,,3,5,20,4,8,0,6,3,1,1,4,0,1S,4H,,6,45,True,True,False,True,4052
top_four,dendro,bigram,no_origin,6,unith,25,Nielsen,Nov_1_g0,0.96875,,,,3,5,20,4,8,0,6,4,1,1,5,0,1S,5H,,6,14,True,True,False,True,4052
top_four,dendro,bigram,no_origin,6,unith,25,Nielsen,Nov_1_g0,0.96875,,,,3,2,20,4,8,0,6,5,1,1,6,0,1S,6H,,6,5,True,True,False,False,4052
top_four,dendro,bigram,no_origin,6,unith,25,Nielsen,Nov_1_g0,0.96875,,,,3,3,20,4,8,0,6,6,1,1,1,1,1S,1S,,6,6,True,True,False,False,4052
top_four,dendro,bigram,no_origin,6,unith,25,Nielsen,Nov_1_g0,0.96875,,,,3,5,20,4,8,0,6,7,1,1,2,1,1S,2S,,6,11,True,True,False,True,4052
top_four,dendro,bigram,no_origin,6,unith,25,Nielsen,Nov_1_g0,0.96875,,,,3,5,20,4,8,0,6,8,1,1,3,1,1S,3S,,6,15,True,True,False,True,4052
top_four,dendro,bigram,no_origin,6,unith,25,Nielsen,Nov_1_g0,0.96875,,,,3,5,20,4,8,0,6,9,1,1,4,1,1S,4S,,6,36,True,True,False,True,4052
top_four,dendro,bigram,no_origin,6,unith,25,Nielsen,Nov_1_g0,0.96875,,,,3,5,20,4,8,0,6,10,1,1,5,1,1S,5S,,6,65,True,True,False,True,4052
top_four,dendro,bigram,no_origin,6,unith,25,Nielsen,Nov_1_g0,0.96875,,,,3,5,20,4,8,0,6,11,1,1,6,1,1S,6S,,6,83,True,True,False,True,4052
top_four,dendro,bigram,no_origin,6,unith,25,Nielsen,Nov_1_g0,0.96875,,,,5,5,20,4,8,0,7,0,2,1,1,0,2S,1H,0.5311493921999876,11,46,True,True,True,True,4052
top_four,dendro,bigram,no_origin,6,unith,25,Nielsen,Nov_1_g0,0.96875,,,,5,5,20,4,8,0,7,1,2,1,2,0,2S,2H,0.2142005247370608,11,43,True,True,True,True,4052
top_four,dendro,bigram,no_origin,6,unith,25,Nielsen,Nov_1_g0,0.96875,,,,5,5,20,4,8,0,7,2,2,1,3,0,2S,3H,0.17434668581842028,11,48,True,True,True,True,4052
top_four,dendro,bigram,no_origin,6,unith,25,Nielsen,Nov_1_g0,0.96875,,,,5,5,20,4,8,0,7,3,2,1,4,0,2S,4H,0.5482837918606466,11,45,True,True,True,True,4052
top_four,dendro,bigram,no_origin,6,unith,25,Nielsen,Nov_1_g0,0.96875,,,,5,5,20,4,8,0,7,4,2,1,5,0,2S,5H,0.411297783655675,11,14,True,True,True,True,4052
top_four,dendro,bigram,no_origin,6,unith,25,Nielsen,Nov_1_g0,0.96875,,,,5,2,20,4,8,0,7,5,2,1,6,0,2S,6H,0.4791666666666668,11,5,True,True,True,False,4052
top_four,dendro,bigram,no_origin,6,unith,25,Nielsen,Nov_1_g0,0.96875,,,,5,3,20,4,8,0,7,6,2,1,1,1,2S,1S,,11,6,True,True,True,False,4052
top_four,dendro,bigram,no_origin,6,unith,25,Nielsen,Nov_1_g0,0.96875,,,,5,5,20,4,8,0,7,7,2,1,2,1,2S,2S,1.0000000000000002,11,11,True,True,True,True,4052
top_four,dendro,bigram,no_origin,6,unith,25,Nielsen,Nov_1_g0,0.96875,,,,5,5,20,4,8,0,7,8,2,1,3,1,2S,3S,0.5511409216772798,11,15,True,True,True,True,4052
top_four,dendro,bigram,no_origin,6,unith,25,Nielsen,Nov_1_g0,0.96875,,,,5,5,20,4,8,0,7,9,2,1,4,1,2S,4S,0.07728260148934393,11,36,True,True,True,True,4052
top_four,dendro,bigram,no_origin,6,unith,25,Nielsen,Nov_1_g0,0.96875,,,,5,5,20,4,8,0,7,10,2,1,5,1,2S,5S,0.5631842426252626,11,65,True,True,True,True,4052
top_four,dendro,bigram,no_origin,6,unith,25,Nielsen,Nov_1_g0,0.96875,,,,5,5,20,4,8,0,7,11,2,1,6,1,2S,6S,0.2985625331961252,11,83,True,True,True,True,4052
top_four,dendro,bigram,no_origin,6,unith,25,Nielsen,Nov_1_g0,0.96875,,,,5,5,20,4,8,0,8,0,3,1,1,0,3S,1H,0.32366249326888996,15,46,True,True,True,True,4052
top_four,dendro,bigram,no_origin,6,unith,25,Nielsen,Nov_1_g0,0.96875,,,,5,5,20,4,8,0,8,1,3,1,2,0,3S,2H,0.12365435153248315,15,43,True,True,True,True,4052
top_four,dendro,bigram,no_origin,6,unith,25,Nielsen,Nov_1_g0,0.96875,,,,5,5,20,4,8,0,8,2,3,1,3,0,3S,3H,0.3423346016708761,15,48,True,True,True,True,4052
top_four,dendro,bigram,no_origin,6,unith,25,Nielsen,Nov_1_g0,0.96875,,,,5,5,20,4,8,0,8,3,3,1,4,0,3S,4H,0.42006495737946214,15,45,True,True,True,True,4052
top_four,dendro,bigram,no_origin,6,unith,25,Nielsen,Nov_1_g0,0.96875,,,,5,5,20,4,8,0,8,4,3,1,5,0,3S,5H,0.27694000214638004,15,14,True,True,True,True,4052
top_four,dendro,bigram,no_origin,6,unith,25,Nielsen,Nov_1_g0,0.96875,,,,5,2,20,4,8,0,8,5,3,1,6,0,3S,6H,0.20983848773468544,15,5,True,True,True,False,4052
top_four,dendro,bigram,no_origin,6,unith,25,Nielsen,Nov_1_g0,0.96875,,,,5,3,20,4,8,0,8,6,3,1,1,1,3S,1S,,15,6,True,True,True,False,4052
top_four,dendro,bigram,no_origin,6,unith,25,Nielsen,Nov_1_g0,0.96875,,,,5,5,20,4,8,0,8,7,3,1,2,1,3S,2S,0.5511409216772798,15,11,True,True,True,True,4052
top_four,dendro,bigram,no_origin,6,unith,25,Nielsen,Nov_1_g0,0.96875,,,,5,5,20,4,8,0,8,8,3,1,3,1,3S,3S,0.26286513531215294,15,15,True,True,True,True,4052
top_four,dendro,bigram,no_origin,6,unith,25,Nielsen,Nov_1_g0,0.96875,,,,5,5,20,4,8,0,8,9,3,1,4,1,3S,4S,0.4176617114903542,15,36,True,True,True,True,4052
top_four,dendro,bigram,no_origin,6,unith,25,Nielsen,Nov_1_g0,0.96875,,,,5,5,20,4,8,0,8,10,3,1,5,1,3S,5S,0.3456507726299177,15,65,True,True,True,True,4052
top_four,dendro,bigram,no_origin,6,unith,25,Nielsen,Nov_1_g0,0.96875,,,,5,5,20,4,8,0,8,11,3,1,6,1,3S,6S,0.22133820269022197,15,83,True,True,True,True,4052
top_four,dendro,bigram,no_origin,6,unith,25,Nielsen,Nov_1_g0,0.96875,,,,5,5,20,4,8,0,9,0,4,1,1,0,4S,1H,0.33258348141253674,36,46,True,True,True,True,4052
top_four,dendro,bigram,no_origin,6,unith,25,Nielsen,Nov_1_g0,0.96875,,,,5,5,20,4,8,0,9,1,4,1,2,0,4S,2H,-0.04198979458279782,36,43,True,True,True,True,4052
top_four,dendro,bigram,no_origin,6,unith,25,Nielsen,Nov_1_g0,0.96875,,,,5,5,20,4,8,0,9,2,4,1,3,0,4S,3H,-0.06516716846978012,36,48,True,True,True,True,4052
top_four,dendro,bigram,no_origin,6,unith,25,Nielsen,Nov_1_g0,0.96875,,,,5,5,20,4,8,0,9,3,4,1,4,0,4S,4H,0.4896166159690076,36,45,True,True,True,True,4052
top_four,dendro,bigram,no_origin,6,unith,25,Nielsen,Nov_1_g0,0.96875,,,,5,5,20,4,8,0,9,4,4,1,5,0,4S,5H,0.20064627696837103,36,14,True,True,True,True,4052
top_four,dendro,bigram,no_origin,6,unith,25,Nielsen,Nov_1_g0,0.96875,,,,5,2,20,4,8,0,9,5,4,1,6,0,4S,6H,0.1288567344650748,36,5,True,True,True,False,4052
top_four,dendro,bigram,no_origin,6,unith,25,Nielsen,Nov_1_g0,0.96875,,,,5,3,20,4,8,0,9,6,4,1,1,1,4S,1S,,36,6,True,True,True,False,4052
top_four,dendro,bigram,no_origin,6,unith,25,Nielsen,Nov_1_g0,0.96875,,,,5,5,20,4,8,0,9,7,4,1,2,1,4S,2S,0.07728260148934393,36,11,True,True,True,True,4052
top_four,dendro,bigram,no_origin,6,unith,25,Nielsen,Nov_1_g0,0.96875,,,,5,5,20,4,8,0,9,8,4,1,3,1,4S,3S,0.4176617114903542,36,15,True,True,True,True,4052
top_four,dendro,bigram,no_origin,6,unith,25,Nielsen,Nov_1_g0,0.96875,,,,5,5,20,4,8,0,9,9,4,1,4,1,4S,4S,0.5698653789572613,36,36,True,True,True,True,4052
top_four,dendro,bigram,no_origin,6,unith,25,Nielsen,Nov_1_g0,0.96875,,,,5,5,20,4,8,0,9,10,4,1,5,1,4S,5S,0.24841424116392075,36,65,True,True,True,True,4052
top_four,dendro,bigram,no_origin,6,unith,25,Nielsen,Nov_1_g0,0.96875,,,,5,5,20,4,8,0,9,11,4,1,6,1,4S,6S,0.11409353274887372,36,83,True,True,True,True,4052
top_four,dendro,bigram,no_origin,6,unith,25,Nielsen,Nov_1_g0,0.96875,,,,5,5,20,4,8,0,10,0,5,1,1,0,5S,1H,0.30032608002766664,65,46,True,True,True,True,4052
top_four,dendro,bigram,no_origin,6,unith,25,Nielsen,Nov_1_g0,0.96875,,,,5,5,20,4,8,0,10,1,5,1,2,0,5S,2H,0.04313670652379806,65,43,True,True,True,True,4052
top_four,dendro,bigram,no_origin,6,unith,25,Nielsen,Nov_1_g0,0.96875,,,,5,5,20,4,8,0,10,2,5,1,3,0,5S,3H,0.2219999963832141,65,48,True,True,True,True,4052
top_four,dendro,bigram,no_origin,6,unith,25,Nielsen,Nov_1_g0,0.96875,,,,5,5,20,4,8,0,10,3,5,1,4,0,5S,4H,0.37114877383492395,65,45,True,True,True,True,4052
top_four,dendro,bigram,no_origin,6,unith,25,Nielsen,Nov_1_g0,0.96875,,,,5,5,20,4,8,0,10,4,5,1,5,0,5S,5H,0.3156135671766326,65,14,True,True,True,True,4052
top_four,dendro,bigram,no_origin,6,unith,25,Nielsen,Nov_1_g0,0.96875,,,,5,2,20,4,8,0,10,5,5,1,6,0,5S,6H,0.3848212595815709,65,5,True,True,True,False,4052
top_four,dendro,bigram,no_origin,6,unith,25,Nielsen,Nov_1_g0,0.96875,,,,5,3,20,4,8,0,10,6,5,1,1,1,5S,1S,,65,6,True,True,True,False,4052
top_four,dendro,bigram,no_origin,6,unith,25,Nielsen,Nov_1_g0,0.96875,,,,5,5,20,4,8,0,10,7,5,1,2,1,5S,2S,0.5631842426252626,65,11,True,True,True,True,4052
top_four,dendro,bigram,no_origin,6,unith,25,Nielsen,Nov_1_g0,0.96875,,,,5,5,20,4,8,0,10,8,5,1,3,1,5S,3S,0.3456507726299177,65,15,True,True,True,True,4052
top_four,dendro,bigram,no_origin,6,unith,25,Nielsen,Nov_1_g0,0.96875,,,,5,5,20,4,8,0,10,9,5,1,4,1,5S,4S,0.24841424116392075,65,36,True,True,True,True,4052
top_four,dendro,bigram,no_origin,6,unith,25,Nielsen,Nov_1_g0,0.96875,,,,5,5,20,4,8,0,10,10,5,1,5,1,5S,5S,0.40113144522167,65,65,True,True,True,True,4052
top_four,dendro,bigram,no_origin,6,unith,25,Nielsen,Nov_1_g0,0.96875,,,,5,5,20,4,8,0,10,11,5,1,6,1,5S,6S,0.14966940709928508,65,83,True,True,True,True,4052
top_four,dendro,bigram,no_origin,6,unith,25,Nielsen,Nov_1_g0,0.96875,,,,5,5,20,4,8,0,11,0,6,1,1,0,6S,1H,0.30217475422993406,83,46,True,True,True,True,4052
top_four,dendro,bigram,no_origin,6,unith,25,Nielsen,Nov_1_g0,0.96875,,,,5,5,20,4,8,0,11,1,6,1,2,0,6S,2H,0.14753534717453665,83,43,True,True,True,True,4052
top_four,dendro,bigram,no_origin,6,unith,25,Nielsen,Nov_1_g0,0.96875,,,,5,5,20,4,8,0,11,2,6,1,3,0,6S,3H,0.48029558560781394,83,48,True,True,True,True,4052
top_four,dendro,bigram,no_origin,6,unith,25,Nielsen,Nov_1_g0,0.96875,,,,5,5,20,4,8,0,11,3,6,1,4,0,6S,4H,0.2534768887999761,83,45,True,True,True,True,4052
top_four,dendro,bigram,no_origin,6,unith,25,Nielsen,Nov_1_g0,0.96875,,,,5,5,20,4,8,0,11,4,6,1,5,0,6S,5H,0.19830693636017344,83,14,True,True,True,True,4052
top_four,dendro,bigram,no_origin,6,unith,25,Nielsen,Nov_1_g0,0.96875,,,,5,2,20,4,8,0,11,5,6,1,6,0,6S,6H,0.22505316220697638,83,5,True,True,True,False,4052
top_four,dendro,bigram,no_origin,6,unith,25,Nielsen,Nov_1_g0,0.96875,,,,5,3,20,4,8,0,11,6,6,1,1,1,6S,1S,,83,6,True,True,True,False,4052
top_four,dendro,bigram,no_origin,6,unith,25,Nielsen,Nov_1_g0,0.96875,,,,5,5,20,4,8,0,11,7,6,1,2,1,6S,2S,0.2985625331961252,83,11,True,True,True,True,4052
top_four,dendro,bigram,no_origin,6,unith,25,Nielsen,Nov_1_g0,0.96875,,,,5,5,20,4,8,0,11,8,6,1,3,1,6S,3S,0.22133820269022197,83,15,True,True,True,True,4052
top_four,dendro,bigram,no_origin,6,unith,25,Nielsen,Nov_1_g0,0.96875,,,,5,5,20,4,8,0,11,9,6,1,4,1,6S,4S,0.11409353274887372,83,36,True,True,True,True,4052
top_four,dendro,bigram,no_origin,6,unith,25,Nielsen,Nov_1_g0,0.96875,,,,5,5,20,4,8,0,11,10,6,1,5,1,6S,5S,0.14966940709928508,83,65,True,True,True,True,4052
top_four,dendro,bigram,no_origin,6,unith,25,Nielsen,Nov_1_g0,0.96875,,,,5,5,20,4,8,0,11,11,6,1,6,1,6S,6S,0.07756637133061486,83,83,True,True,True,True,4052
top_four,dendro,bigram,no_origin,6,unith,25,Nielsen,Nov_3_g0,0.999725274725275,,,,20,20,20,4,8,0,0,0,1,0,1,0,1H,1H,0.7321489467649365,65,65,True,True,True,True,4052
top_four,dendro,bigram,no_origin,6,unith,25,Nielsen,Nov_3_g0,0.999725274725275,,,,20,20,20,4,8,0,0,1,1,0,2,0,1H,2H,0.41333883260623877,65,85,True,True,True,True,4052
top_four,dendro,bigram,no_origin,6,unith,25,Nielsen,Nov_3_g0,0.999725274725275,,,,20,20,20,4,8,0,0,2,1,0,3,0,1H,3H,0.5537838664398234,65,82,True,True,True,True,4052
top_four,dendro,bigram,no_origin,6,unith,25,Nielsen,Nov_3_g0,0.999725274725275,,,,20,20,20,4,8,0,0,3,1,0,4,0,1H,4H,0.6343945609398614,65,44,True,True,True,True,4052
top_four,dendro,bigram,no_origin,6,unith,25,Nielsen,Nov_3_g0,0.999725274725275,,,,20,,20,4,8,0,0,4,1,0,5,0,1H,5H,,65,0,True,False,True,False,4052
top_four,dendro,bigram,no_origin,6,unith,25,Nielsen,Nov_3_g0,0.999725274725275,,,,20,,20,4,8,0,0,5,1,0,6,0,1H,6H,,65,0,True,False,True,False,4052
top_four,dendro,bigram,no_origin,6,unith,25,Nielsen,Nov_3_g0,0.999725274725275,,,,20,,20,4,8,0,0,6,1,0,1,1,1H,1S,,65,0,True,False,True,False,4052
top_four,dendro,bigram,no_origin,6,unith,25,Nielsen,Nov_3_g0,0.999725274725275,,,,20,,20,4,8,0,0,7,1,0,2,1,1H,2S,,65,0,True,False,True,False,4052
top_four,dendro,bigram,no_origin,6,unith,25,Nielsen,Nov_3_g0,0.999725274725275,,,,20,,20,4,8,0,0,8,1,0,3,1,1H,3S,,65,0,True,False,True,False,4052
top_four,dendro,bigram,no_origin,6,unith,25,Nielsen,Nov_3_g0,0.999725274725275,,,,20,20,20,4,8,0,0,9,1,0,4,1,1H,4S,0.4800380624780544,65,41,True,True,True,True,4052
top_four,dendro,bigram,no_origin,6,unith,25,Nielsen,Nov_3_g0,0.999725274725275,,,,20,20,20,4,8,0,0,10,1,0,5,1,1H,5S,0.3867407298015954,65,95,True,True,True,True,4052
top_four,dendro,bigram,no_origin,6,unith,25,Nielsen,Nov_3_g0,0.999725274725275,,,,20,20,20,4,8,0,0,11,1,0,6,1,1H,6S,0.5206215277204489,65,84,True,True,True,True,4052
top_four,dendro,bigram,no_origin,6,unith,25,Nielsen,Nov_3_g0,0.999725274725275,,,,20,20,20,4,8,0,1,0,2,0,1,0,2H,1H,0.41333883260623877,85,65,True,True,True,True,4052
top_four,dendro,bigram,no_origin,6,unith,25,Nielsen,Nov_3_g0,0.999725274725275,,,,20,20,20,4,8,0,1,1,2,0,2,0,2H,2H,0.7117060544288343,85,85,True,True,True,True,4052
top_four,dendro,bigram,no_origin,6,unith,25,Nielsen,Nov_3_g0,0.999725274725275,,,,20,20,20,4,8,0,1,2,2,0,3,0,2H,3H,0.4284872660677414,85,82,True,True,True,True,4052
top_four,dendro,bigram,no_origin,6,unith,25,Nielsen,Nov_3_g0,0.999725274725275,,,,20,20,20,4,8,0,1,3,2,0,4,0,2H,4H,0.35235001008771183,85,44,True,True,True,True,4052
top_four,dendro,bigram,no_origin,6,unith,25,Nielsen,Nov_3_g0,0.999725274725275,,,,20,,20,4,8,0,1,4,2,0,5,0,2H,5H,,85,0,True,False,True,False,4052
top_four,dendro,bigram,no_origin,6,unith,25,Nielsen,Nov_3_g0,0.999725274725275,,,,20,,20,4,8,0,1,5,2,0,6,0,2H,6H,,85,0,True,False,True,False,4052
top_four,dendro,bigram,no_origin,6,unith,25,Nielsen,Nov_3_g0,0.999725274725275,,,,20,,20,4,8,0,1,6,2,0,1,1,2H,1S,,85,0,True,False,True,False,4052
top_four,dendro,bigram,no_origin,6,unith,25,Nielsen,Nov_3_g0,0.999725274725275,,,,20,,20,4,8,0,1,7,2,0,2,1,2H,2S,,85,0,True,False,True,False,4052
top_four,dendro,bigram,no_origin,6,unith,25,Nielsen,Nov_3_g0,0.999725274725275,,,,20,,20,4,8,0,1,8,2,0,3,1,2H,3S,,85,0,True,False,True,False,4052
top_four,dendro,bigram,no_origin,6,unith,25,Nielsen,Nov_3_g0,0.999725274725275,,,,20,20,20,4,8,0,1,9,2,0,4,1,2H,4S,0.36600052980703207,85,41,True,True,True,True,4052
top_four,dendro,bigram,no_origin,6,unith,25,Nielsen,Nov_3_g0,0.999725274725275,,,,20,20,20,4,8,0,1,10,2,0,5,1,2H,5S,0.07102885466063384,85,95,True,True,True,True,4052
top_four,dendro,bigram,no_origin,6,unith,25,Nielsen,Nov_3_g0,0.999725274725275,,,,20,20,20,4,8,0,1,11,2,0,6,1,2H,6S,0.20528271898024758,85,84,True,True,True,True,4052
top_four,dendro,bigram,no_origin,6,unith,25,Nielsen,Nov_3_g0,0.999725274725275,,,,20,20,20,4,8,0,2,0,3,0,1,0,3H,1H,0.5537838664398234,82,65,True,True,True,True,4052
top_four,dendro,bigram,no_origin,6,unith,25,Nielsen,Nov_3_g0,0.999725274725275,,,,20,20,20,4,8,0,2,1,3,0,2,0,3H,2H,0.4284872660677414,82,85,True,True,True,True,4052
top_four,dendro,bigram,no_origin,6,unith,25,Nielsen,Nov_3_g0,0.999725274725275,,,,20,20,20,4,8,0,2,2,3,0,3,0,3H,3H,0.548230765896989,82,82,True,True,True,True,4052
top_four,dendro,bigram,no_origin,6,unith,25,Nielsen,Nov_3_g0,0.999725274725275,,,,20,20,20,4,8,0,2,3,3,0,4,0,3H,4H,0.4306843072419045,82,44,True,True,True,True,4052
top_four,dendro,bigram,no_origin,6,unith,25,Nielsen,Nov_3_g0,0.999725274725275,,,,20,,20,4,8,0,2,4,3,0,5,0,3H,5H,,82,0,True,False,True,False,4052
top_four,dendro,bigram,no_origin,6,unith,25,Nielsen,Nov_3_g0,0.999725274725275,,,,20,,20,4,8,0,2,5,3,0,6,0,3H,6H,,82,0,True,False,True,False,4052
top_four,dendro,bigram,no_origin,6,unith,25,Nielsen,Nov_3_g0,0.999725274725275,,,,20,,20,4,8,0,2,6,3,0,1,1,3H,1S,,82,0,True,False,True,False,4052
top_four,dendro,bigram,no_origin,6,unith,25,Nielsen,Nov_3_g0,0.999725274725275,,,,20,,20,4,8,0,2,7,3,0,2,1,3H,2S,,82,0,True,False,True,False,4052
top_four,dendro,bigram,no_origin,6,unith,25,Nielsen,Nov_3_g0,0.999725274725275,,,,20,,20,4,8,0,2,8,3,0,3,1,3H,3S,,82,0,True,False,True,False,4052
top_four,dendro,bigram,no_origin,6,unith,25,Nielsen,Nov_3_g0,0.999725274725275,,,,20,20,20,4,8,0,2,9,3,0,4,1,3H,4S,0.40494271327584064,82,41,True,True,True,True,4052
top_four,dendro,bigram,no_origin,6,unith,25,Nielsen,Nov_3_g0,0.999725274725275,,,,20,20,20,4,8,0,2,10,3,0,5,1,3H,5S,0.2591526503991034,82,95,True,True,True,True,4052
top_four,dendro,bigram,no_origin,6,unith,25,Nielsen,Nov_3_g0,0.999725274725275,,,,20,20,20,4,8,0,2,11,3,0,6,1,3H,6S,0.24257748617951727,82,84,True,True,True,True,4052
top_four,dendro,bigram,no_origin,6,unith,25,Nielsen,Nov_3_g0,0.999725274725275,,,,20,20,20,4,8,0,3,0,4,0,1,0,4H,1H,0.6343945609398614,44,65,True,True,True,True,4052
top_four,dendro,bigram,no_origin,6,unith,25,Nielsen,Nov_3_g0,0.999725274725275,,,,20,20,20,4,8,0,3,1,4,0,2,0,4H,2H,0.35235001008771183,44,85,True,True,True,True,4052
top_four,dendro,bigram,no_origin,6,unith,25,Nielsen,Nov_3_g0,0.999725274725275,,,,20,20,20,4,8,0,3,2,4,0,3,0,4H,3H,0.4306843072419045,44,82,True,True,True,True,4052
top_four,dendro,bigram,no_origin,6,unith,25,Nielsen,Nov_3_g0,0.999725274725275,,,,20,20,20,4,8,0,3,3,4,0,4,0,4H,4H,0.39005633880483886,44,44,True,True,True,True,4052
top_four,dendro,bigram,no_origin,6,unith,25,Nielsen,Nov_3_g0,0.999725274725275,,,,20,,20,4,8,0,3,4,4,0,5,0,4H,5H,,44,0,True,False,True,False,4052
top_four,dendro,bigram,no_origin,6,unith,25,Nielsen,Nov_3_g0,0.999725274725275,,,,20,,20,4,8,0,3,5,4,0,6,0,4H,6H,,44,0,True,False,True,False,4052
top_four,dendro,bigram,no_origin,6,unith,25,Nielsen,Nov_3_g0,0.999725274725275,,,,20,,20,4,8,0,3,6,4,0,1,1,4H,1S,,44,0,True,False,True,False,4052
top_four,dendro,bigram,no_origin,6,unith,25,Nielsen,Nov_3_g0,0.999725274725275,,,,20,,20,4,8,0,3,7,4,0,2,1,4H,2S,,44,0,True,False,True,False,4052
top_four,dendro,bigram,no_origin,6,unith,25,Nielsen,Nov_3_g0,0.999725274725275,,,,20,,20,4,8,0,3,8,4,0,3,1,4H,3S,,44,0,True,False,True,False,4052
top_four,dendro,bigram,no_origin,6,unith,25,Nielsen,Nov_3_g0,0.999725274725275,,,,20,20,20,4,8,0,3,9,4,0,4,1,4H,4S,0.5014439549762209,44,41,True,True,True,True,4052
top_four,dendro,bigram,no_origin,6,unith,25,Nielsen,Nov_3_g0,0.999725274725275,,,,20,20,20,4,8,0,3,10,4,0,5,1,4H,5S,0.371681107493882,44,95,True,True,True,True,4052
top_four,dendro,bigram,no_origin,6,unith,25,Nielsen,Nov_3_g0,0.999725274725275,,,,20,20,20,4,8,0,3,11,4,0,6,1,4H,6S,0.47942980532078644,44,84,True,True,True,True,4052
top_four,dendro,bigram,no_origin,6,unith,25,Nielsen,Nov_3_g0,0.999725274725275,,,,,20,20,4,8,0,4,0,5,0,1,0,5H,1H,,0,65,False,True,False,True,4052
top_four,dendro,bigram,no_origin,6,unith,25,Nielsen,Nov_3_g0,0.999725274725275,,,,,20,20,4,8,0,4,1,5,0,2,0,5H,2H,,0,85,False,True,False,True,4052
top_four,dendro,bigram,no_origin,6,unith,25,Nielsen,Nov_3_g0,0.999725274725275,,,,,20,20,4,8,0,4,2,5,0,3,0,5H,3H,,0,82,False,True,False,True,4052
top_four,dendro,bigram,no_origin,6,unith,25,Nielsen,Nov_3_g0,0.999725274725275,,,,,20,20,4,8,0,4,3,5,0,4,0,5H,4H,,0,44,False,True,False,True,4052
top_four,dendro,bigram,no_origin,6,unith,25,Nielsen,Nov_3_g0,0.999725274725275,,,,,,20,4,8,0,4,4,5,0,5,0,5H,5H,,0,0,False,False,False,False,4052
top_four,dendro,bigram,no_origin,6,unith,25,Nielsen,Nov_3_g0,0.999725274725275,,,,,,20,4,8,0,4,5,5,0,6,0,5H,6H,,0,0,False,False,False,False,4052
top_four,dendro,bigram,no_origin,6,unith,25,Nielsen,Nov_3_g0,0.999725274725275,,,,,,20,4,8,0,4,6,5,0,1,1,5H,1S,,0,0,False,False,False,False,4052
top_four,dendro,bigram,no_origin,6,unith,25,Nielsen,Nov_3_g0,0.999725274725275,,,,,,20,4,8,0,4,7,5,0,2,1,5H,2S,,0,0,False,False,False,False,4052
top_four,dendro,bigram,no_origin,6,unith,25,Nielsen,Nov_3_g0,0.999725274725275,,,,,,20,4,8,0,4,8,5,0,3,1,5H,3S,,0,0,False,False,False,False,4052
top_four,dendro,bigram,no_origin,6,unith,25,Nielsen,Nov_3_g0,0.999725274725275,,,,,20,20,4,8,0,4,9,5,0,4,1,5H,4S,,0,41,False,True,False,True,4052
top_four,dendro,bigram,no_origin,6,unith,25,Nielsen,Nov_3_g0,0.999725274725275,,,,,20,20,4,8,0,4,10,5,0,5,1,5H,5S,,0,95,False,True,False,True,4052
top_four,dendro,bigram,no_origin,6,unith,25,Nielsen,Nov_3_g0,0.999725274725275,,,,,20,20,4,8,0,4,11,5,0,6,1,5H,6S,,0,84,False,True,False,True,4052
top_four,dendro,bigram,no_origin,6,unith,25,Nielsen,Nov_3_g0,0.999725274725275,,,,,20,20,4,8,0,5,0,6,0,1,0,6H,1H,,0,65,False,True,False,True,4052
top_four,dendro,bigram,no_origin,6,unith,25,Nielsen,Nov_3_g0,0.999725274725275,,,,,20,20,4,8,0,5,1,6,0,2,0,6H,2H,,0,85,False,True,False,True,4052
top_four,dendro,bigram,no_origin,6,unith,25,Nielsen,Nov_3_g0,0.999725274725275,,,,,20,20,4,8,0,5,2,6,0,3,0,6H,3H,,0,82,False,True,False,True,4052
top_four,dendro,bigram,no_origin,6,unith,25,Nielsen,Nov_3_g0,0.999725274725275,,,,,20,20,4,8,0,5,3,6,0,4,0,6H,4H,,0,44,False,True,False,True,4052
top_four,dendro,bigram,no_origin,6,unith,25,Nielsen,Nov_3_g0,0.999725274725275,,,,,,20,4,8,0,5,4,6,0,5,0,6H,5H,,0,0,False,False,False,False,4052
top_four,dendro,bigram,no_origin,6,unith,25,Nielsen,Nov_3_g0,0.999725274725275,,,,,,20,4,8,0,5,5,6,0,6,0,6H,6H,,0,0,False,False,False,False,4052
top_four,dendro,bigram,no_origin,6,unith,25,Nielsen,Nov_3_g0,0.999725274725275,,,,,,20,4,8,0,5,6,6,0,1,1,6H,1S,,0,0,False,False,False,False,4052
top_four,dendro,bigram,no_origin,6,unith,25,Nielsen,Nov_3_g0,0.999725274725275,,,,,,20,4,8,0,5,7,6,0,2,1,6H,2S,,0,0,False,False,False,False,4052
top_four,dendro,bigram,no_origin,6,unith,25,Nielsen,Nov_3_g0,0.999725274725275,,,,,,20,4,8,0,5,8,6,0,3,1,6H,3S,,0,0,False,False,False,False,4052
top_four,dendro,bigram,no_origin,6,unith,25,Nielsen,Nov_3_g0,0.999725274725275,,,,,20,20,4,8,0,5,9,6,0,4,1,6H,4S,,0,41,False,True,False,True,4052
top_four,dendro,bigram,no_origin,6,unith,25,Nielsen,Nov_3_g0,0.999725274725275,,,,,20,20,4,8,0,5,10,6,0,5,1,6H,5S,,0,95,False,True,False,True,4052
top_four,dendro,bigram,no_origin,6,unith,25,Nielsen,Nov_3_g0,0.999725274725275,,,,,20,20,4,8,0,5,11,6,0,6,1,6H,6S,,0,84,False,True,False,True,4052
top_four,dendro,bigram,no_origin,6,unith,25,Nielsen,Nov_3_g0,0.999725274725275,,,,,20,20,4,8,0,6,0,1,1,1,0,1S,1H,,0,65,False,True,False,True,4052
top_four,dendro,bigram,no_origin,6,unith,25,Nielsen,Nov_3_g0,0.999725274725275,,,,,20,20,4,8,0,6,1,1,1,2,0,1S,2H,,0,85,False,True,False,True,4052
top_four,dendro,bigram,no_origin,6,unith,25,Nielsen,Nov_3_g0,0.999725274725275,,,,,20,20,4,8,0,6,2,1,1,3,0,1S,3H,,0,82,False,True,False,True,4052
top_four,dendro,bigram,no_origin,6,unith,25,Nielsen,Nov_3_g0,0.999725274725275,,,,,20,20,4,8,0,6,3,1,1,4,0,1S,4H,,0,44,False,True,False,True,4052
top_four,dendro,bigram,no_origin,6,unith,25,Nielsen,Nov_3_g0,0.999725274725275,,,,,,20,4,8,0,6,4,1,1,5,0,1S,5H,,0,0,False,False,False,False,4052
top_four,dendro,bigram,no_origin,6,unith,25,Nielsen,Nov_3_g0,0.999725274725275,,,,,,20,4,8,0,6,5,1,1,6,0,1S,6H,,0,0,False,False,False,False,4052
top_four,dendro,bigram,no_origin,6,unith,25,Nielsen,Nov_3_g0,0.999725274725275,,,,,,20,4,8,0,6,6,1,1,1,1,1S,1S,,0,0,False,False,False,False,4052
top_four,dendro,bigram,no_origin,6,unith,25,Nielsen,Nov_3_g0,0.999725274725275,,,,,,20,4,8,0,6,7,1,1,2,1,1S,2S,,0,0,False,False,False,False,4052
top_four,dendro,bigram,no_origin,6,unith,25,Nielsen,Nov_3_g0,0.999725274725275,,,,,,20,4,8,0,6,8,1,1,3,1,1S,3S,,0,0,False,False,False,False,4052
top_four,dendro,bigram,no_origin,6,unith,25,Nielsen,Nov_3_g0,0.999725274725275,,,,,20,20,4,8,0,6,9,1,1,4,1,1S,4S,,0,41,False,True,False,True,4052
top_four,dendro,bigram,no_origin,6,unith,25,Nielsen,Nov_3_g0,0.999725274725275,,,,,20,20,4,8,0,6,10,1,1,5,1,1S,5S,,0,95,False,True,False,True,4052
top_four,dendro,bigram,no_origin,6,unith,25,Nielsen,Nov_3_g0,0.999725274725275,,,,,20,20,4,8,0,6,11,1,1,6,1,1S,6S,,0,84,False,True,False,True,4052
top_four,dendro,bigram,no_origin,6,unith,25,Nielsen,Nov_3_g0,0.999725274725275,,,,,20,20,4,8,0,7,0,2,1,1,0,2S,1H,,0,65,False,True,False,True,4052
top_four,dendro,bigram,no_origin,6,unith,25,Nielsen,Nov_3_g0,0.999725274725275,,,,,20,20,4,8,0,7,1,2,1,2,0,2S,2H,,0,85,False,True,False,True,4052
top_four,dendro,bigram,no_origin,6,unith,25,Nielsen,Nov_3_g0,0.999725274725275,,,,,20,20,4,8,0,7,2,2,1,3,0,2S,3H,,0,82,False,True,False,True,4052
top_four,dendro,bigram,no_origin,6,unith,25,Nielsen,Nov_3_g0,0.999725274725275,,,,,20,20,4,8,0,7,3,2,1,4,0,2S,4H,,0,44,False,True,False,True,4052
top_four,dendro,bigram,no_origin,6,unith,25,Nielsen,Nov_3_g0,0.999725274725275,,,,,,20,4,8,0,7,4,2,1,5,0,2S,5H,,0,0,False,False,False,False,4052
top_four,dendro,bigram,no_origin,6,unith,25,Nielsen,Nov_3_g0,0.999725274725275,,,,,,20,4,8,0,7,5,2,1,6,0,2S,6H,,0,0,False,False,False,False,4052
top_four,dendro,bigram,no_origin,6,unith,25,Nielsen,Nov_3_g0,0.999725274725275,,,,,,20,4,8,0,7,6,2,1,1,1,2S,1S,,0,0,False,False,False,False,4052
top_four,dendro,bigram,no_origin,6,unith,25,Nielsen,Nov_3_g0,0.999725274725275,,,,,,20,4,8,0,7,7,2,1,2,1,2S,2S,,0,0,False,False,False,False,4052
top_four,dendro,bigram,no_origin,6,unith,25,Nielsen,Nov_3_g0,0.999725274725275,,,,,,20,4,8,0,7,8,2,1,3,1,2S,3S,,0,0,False,False,False,False,4052
top_four,dendro,bigram,no_origin,6,unith,25,Nielsen,Nov_3_g0,0.999725274725275,,,,,20,20,4,8,0,7,9,2,1,4,1,2S,4S,,0,41,False,True,False,True,4052
top_four,dendro,bigram,no_origin,6,unith,25,Nielsen,Nov_3_g0,0.999725274725275,,,,,20,20,4,8,0,7,10,2,1,5,1,2S,5S,,0,95,False,True,False,True,4052
top_four,dendro,bigram,no_origin,6,unith,25,Nielsen,Nov_3_g0,0.999725274725275,,,,,20,20,4,8,0,7,11,2,1,6,1,2S,6S,,0,84,False,True,False,True,4052
top_four,dendro,bigram,no_origin,6,unith,25,Nielsen,Nov_3_g0,0.999725274725275,,,,,20,20,4,8,0,8,0,3,1,1,0,3S,1H,,0,65,False,True,False,True,4052
top_four,dendro,bigram,no_origin,6,unith,25,Nielsen,Nov_3_g0,0.999725274725275,,,,,20,20,4,8,0,8,1,3,1,2,0,3S,2H,,0,85,False,True,False,True,4052
top_four,dendro,bigram,no_origin,6,unith,25,Nielsen,Nov_3_g0,0.999725274725275,,,,,20,20,4,8,0,8,2,3,1,3,0,3S,3H,,0,82,False,True,False,True,4052
top_four,dendro,bigram,no_origin,6,unith,25,Nielsen,Nov_3_g0,0.999725274725275,,,,,20,20,4,8,0,8,3,3,1,4,0,3S,4H,,0,44,False,True,False,True,4052
top_four,dendro,bigram,no_origin,6,unith,25,Nielsen,Nov_3_g0,0.999725274725275,,,,,,20,4,8,0,8,4,3,1,5,0,3S,5H,,0,0,False,False,False,False,4052
top_four,dendro,bigram,no_origin,6,unith,25,Nielsen,Nov_3_g0,0.999725274725275,,,,,,20,4,8,0,8,5,3,1,6,0,3S,6H,,0,0,False,False,False,False,4052
top_four,dendro,bigram,no_origin,6,unith,25,Nielsen,Nov_3_g0,0.999725274725275,,,,,,20,4,8,0,8,6,3,1,1,1,3S,1S,,0,0,False,False,False,False,4052
top_four,dendro,bigram,no_origin,6,unith,25,Nielsen,Nov_3_g0,0.999725274725275,,,,,,20,4,8,0,8,7,3,1,2,1,3S,2S,,0,0,False,False,False,False,4052
top_four,dendro,bigram,no_origin,6,unith,25,Nielsen,Nov_3_g0,0.999725274725275,,,,,,20,4,8,0,8,8,3,1,3,1,3S,3S,,0,0,False,False,False,False,4052
top_four,dendro,bigram,no_origin,6,unith,25,Nielsen,Nov_3_g0,0.999725274725275,,,,,20,20,4,8,0,8,9,3,1,4,1,3S,4S,,0,41,False,True,False,True,4052
top_four,dendro,bigram,no_origin,6,unith,25,Nielsen,Nov_3_g0,0.999725274725275,,,,,20,20,4,8,0,8,10,3,1,5,1,3S,5S,,0,95,False,True,False,True,4052
top_four,dendro,bigram,no_origin,6,unith,25,Nielsen,Nov_3_g0,0.999725274725275,,,,,20,20,4,8,0,8,11,3,1,6,1,3S,6S,,0,84,False,True,False,True,4052
top_four,dendro,bigram,no_origin,6,unith,25,Nielsen,Nov_3_g0,0.999725274725275,,,,20,20,20,4,8,0,9,0,4,1,1,0,4S,1H,0.4800380624780544,41,65,True,True,True,True,4052
top_four,dendro,bigram,no_origin,6,unith,25,Nielsen,Nov_3_g0,0.999725274725275,,,,20,20,20,4,8,0,9,1,4,1,2,0,4S,2H,0.36600052980703207,41,85,True,True,True,True,4052
top_four,dendro,bigram,no_origin,6,unith,25,Nielsen,Nov_3_g0,0.999725274725275,,,,20,20,20,4,8,0,9,2,4,1,3,0,4S,3H,0.40494271327584064,41,82,True,True,True,True,4052
top_four,dendro,bigram,no_origin,6,unith,25,Nielsen,Nov_3_g0,0.999725274725275,,,,20,20,20,4,8,0,9,3,4,1,4,0,4S,4H,0.5014439549762209,41,44,True,True,True,True,4052
top_four,dendro,bigram,no_origin,6,unith,25,Nielsen,Nov_3_g0,0.999725274725275,,,,20,,20,4,8,0,9,4,4,1,5,0,4S,5H,,41,0,True,False,True,False,4052
top_four,dendro,bigram,no_origin,6,unith,25,Nielsen,Nov_3_g0,0.999725274725275,,,,20,,20,4,8,0,9,5,4,1,6,0,4S,6H,,41,0,True,False,True,False,4052
top_four,dendro,bigram,no_origin,6,unith,25,Nielsen,Nov_3_g0,0.999725274725275,,,,20,,20,4,8,0,9,6,4,1,1,1,4S,1S,,41,0,True,False,True,False,4052
top_four,dendro,bigram,no_origin,6,unith,25,Nielsen,Nov_3_g0,0.999725274725275,,,,20,,20,4,8,0,9,7,4,1,2,1,4S,2S,,41,0,True,False,True,False,4052
top_four,dendro,bigram,no_origin,6,unith,25,Nielsen,Nov_3_g0,0.999725274725275,,,,20,,20,4,8,0,9,8,4,1,3,1,4S,3S,,41,0,True,False,True,False,4052
top_four,dendro,bigram,no_origin,6,unith,25,Nielsen,Nov_3_g0,0.999725274725275,,,,20,20,20,4,8,0,9,9,4,1,4,1,4S,4S,0.26916140094788854,41,41,True,True,True,True,4052
top_four,dendro,bigram,no_origin,6,unith,25,Nielsen,Nov_3_g0,0.999725274725275,,,,20,20,20,4,8,0,9,10,4,1,5,1,4S,5S,0.29517215989895684,41,95,True,True,True,True,4052
top_four,dendro,bigram,no_origin,6,unith,25,Nielsen,Nov_3_g0,0.999725274725275,,,,20,20,20,4,8,0,9,11,4,1,6,1,4S,6S,0.48735918762855235,41,84,True,True,True,True,4052
top_four,dendro,bigram,no_origin,6,unith,25,Nielsen,Nov_3_g0,0.999725274725275,,,,20,20,20,4,8,0,10,0,5,1,1,0,5S,1H,0.3867407298015954,95,65,True,True,True,True,4052
top_four,dendro,bigram,no_origin,6,unith,25,Nielsen,Nov_3_g0,0.999725274725275,,,,20,20,20,4,8,0,10,1,5,1,2,0,5S,2H,0.07102885466063384,95,85,True,True,True,True,4052
top_four,dendro,bigram,no_origin,6,unith,25,Nielsen,Nov_3_g0,0.999725274725275,,,,20,20,20,4,8,0,10,2,5,1,3,0,5S,3H,0.2591526503991034,95,82,True,True,True,True,4052
top_four,dendro,bigram,no_origin,6,unith,25,Nielsen,Nov_3_g0,0.999725274725275,,,,20,20,20,4,8,0,10,3,5,1,4,0,5S,4H,0.371681107493882,95,44,True,True,True,True,4052
top_four,dendro,bigram,no_origin,6,unith,25,Nielsen,Nov_3_g0,0.999725274725275,,,,20,,20,4,8,0,10,4,5,1,5,0,5S,5H,,95,0,True,False,True,False,4052
top_four,dendro,bigram,no_origin,6,unith,25,Nielsen,Nov_3_g0,0.999725274725275,,,,20,,20,4,8,0,10,5,5,1,6,0,5S,6H,,95,0,True,False,True,False,4052
top_four,dendro,bigram,no_origin,6,unith,25,Nielsen,Nov_3_g0,0.999725274725275,,,,20,,20,4,8,0,10,6,5,1,1,1,5S,1S,,95,0,True,False,True,False,4052
top_four,dendro,bigram,no_origin,6,unith,25,Nielsen,Nov_3_g0,0.999725274725275,,,,20,,20,4,8,0,10,7,5,1,2,1,5S,2S,,95,0,True,False,True,False,4052
top_four,dendro,bigram,no_origin,6,unith,25,Nielsen,Nov_3_g0,0.999725274725275,,,,20,,20,4,8,0,10,8,5,1,3,1,5S,3S,,95,0,True,False,True,False,4052
top_four,dendro,bigram,no_origin,6,unith,25,Nielsen,Nov_3_g0,0.999725274725275,,,,20,20,20,4,8,0,10,9,5,1,4,1,5S,4S,0.29517215989895684,95,41,True,True,True,True,4052
top_four,dendro,bigram,no_origin,6,unith,25,Nielsen,Nov_3_g0,0.999725274725275,,,,20,20,20,4,8,0,10,10,5,1,5,1,5S,5S,0.40573312545110324,95,95,True,True,True,True,4052
top_four,dendro,bigram,no_origin,6,unith,25,Nielsen,Nov_3_g0,0.999725274725275,,,,20,20,20,4,8,0,10,11,5,1,6,1,5S,6S,0.32439860140005683,95,84,True,True,True,True,4052
top_four,dendro,bigram,no_origin,6,unith,25,Nielsen,Nov_3_g0,0.999725274725275,,,,20,20,20,4,8,0,11,0,6,1,1,0,6S,1H,0.5206215277204489,84,65,True,True,True,True,4052
top_four,dendro,bigram,no_origin,6,unith,25,Nielsen,Nov_3_g0,0.999725274725275,,,,20,20,20,4,8,0,11,1,6,1,2,0,6S,2H,0.20528271898024758,84,85,True,True,True,True,4052
top_four,dendro,bigram,no_origin,6,unith,25,Nielsen,Nov_3_g0,0.999725274725275,,,,20,20,20,4,8,0,11,2,6,1,3,0,6S,3H,0.24257748617951727,84,82,True,True,True,True,4052
top_four,dendro,bigram,no_origin,6,unith,25,Nielsen,Nov_3_g0,0.999725274725275,,,,20,20,20,4,8,0,11,3,6,1,4,0,6S,4H,0.47942980532078644,84,44,True,True,True,True,4052
top_four,dendro,bigram,no_origin,6,unith,25,Nielsen,Nov_3_g0,0.999725274725275,,,,20,,20,4,8,0,11,4,6,1,5,0,6S,5H,,84,0,True,False,True,False,4052
top_four,dendro,bigram,no_origin,6,unith,25,Nielsen,Nov_3_g0,0.999725274725275,,,,20,,20,4,8,0,11,5,6,1,6,0,6S,6H,,84,0,True,False,True,False,4052
top_four,dendro,bigram,no_origin,6,unith,25,Nielsen,Nov_3_g0,0.999725274725275,,,,20,,20,4,8,0,11,6,6,1,1,1,6S,1S,,84,0,True,False,True,False,4052
top_four,dendro,bigram,no_origin,6,unith,25,Nielsen,Nov_3_g0,0.999725274725275,,,,20,,20,4,8,0,11,7,6,1,2,1,6S,2S,,84,0,True,False,True,False,4052
top_four,dendro,bigram,no_origin,6,unith,25,Nielsen,Nov_3_g0,0.999725274725275,,,,20,,20,4,8,0,11,8,6,1,3,1,6S,3S,,84,0,True,False,True,False,4052
top_four,dendro,bigram,no_origin,6,unith,25,Nielsen,Nov_3_g0,0.999725274725275,,,,20,20,20,4,8,0,11,9,6,1,4,1,6S,4S,0.48735918762855235,84,41,True,True,True,True,4052
top_four,dendro,bigram,no_origin,6,unith,25,Nielsen,Nov_3_g0,0.999725274725275,,,,20,20,20,4,8,0,11,10,6,1,5,1,6S,5S,0.32439860140005683,84,95,True,True,True,True,4052
top_four,dendro,bigram,no_origin,6,unith,25,Nielsen,Nov_3_g0,0.999725274725275,,,,20,20,20,4,8,0,11,11,6,1,6,1,6S,6S,0.4624782370363199,84,84,True,True,True,True,4052
top_four,dendro,bigram,no_origin,6,unith,25,Nielsen,Nov_6_g0,1.0,,,,5,5,20,4,8,0,0,0,1,0,1,0,1H,1H,0.12427003571443287,51,51,True,True,True,True,4052
top_four,dendro,bigram,no_origin,6,unith,25,Nielsen,Nov_6_g0,1.0,,,,5,5,20,4,8,0,0,1,1,0,2,0,1H,2H,0.14222065270423337,51,42,True,True,True,True,4052
top_four,dendro,bigram,no_origin,6,unith,25,Nielsen,Nov_6_g0,1.0,,,,5,5,20,4,8,0,0,2,1,0,3,0,1H,3H,0.09188970821697955,51,59,True,True,True,True,4052
top_four,dendro,bigram,no_origin,6,unith,25,Nielsen,Nov_6_g0,1.0,,,,5,5,20,4,8,0,0,3,1,0,4,0,1H,4H,0.17923915977179442,51,22,True,True,True,True,4052
top_four,dendro,bigram,no_origin,6,unith,25,Nielsen,Nov_6_g0,1.0,,,,5,,20,4,8,0,0,4,1,0,5,0,1H,5H,,51,0,True,False,True,False,4052
top_four,dendro,bigram,no_origin,6,unith,25,Nielsen,Nov_6_g0,1.0,,,,5,,20,4,8,0,0,5,1,0,6,0,1H,6H,,51,0,True,False,True,False,4052
top_four,dendro,bigram,no_origin,6,unith,25,Nielsen,Nov_6_g0,1.0,,,,5,,20,4,8,0,0,6,1,0,1,1,1H,1S,,51,0,True,False,True,False,4052
top_four,dendro,bigram,no_origin,6,unith,25,Nielsen,Nov_6_g0,1.0,,,,5,5,20,4,8,0,0,7,1,0,2,1,1H,2S,0.19589958451261696,51,14,True,True,True,True,4052
top_four,dendro,bigram,no_origin,6,unith,25,Nielsen,Nov_6_g0,1.0,,,,5,5,20,4,8,0,0,8,1,0,3,1,1H,3S,0.04409430172475758,51,10,True,True,True,True,4052
top_four,dendro,bigram,no_origin,6,unith,25,Nielsen,Nov_6_g0,1.0,,,,5,5,20,4,8,0,0,9,1,0,4,1,1H,4S,0.07663520834405642,51,30,True,True,True,True,4052
top_four,dendro,bigram,no_origin,6,unith,25,Nielsen,Nov_6_g0,1.0,,,,5,5,20,4,8,0,0,10,1,0,5,1,1H,5S,0.18600116437938255,51,60,True,True,True,True,4052
top_four,dendro,bigram,no_origin,6,unith,25,Nielsen,Nov_6_g0,1.0,,,,5,5,20,4,8,0,0,11,1,0,6,1,1H,6S,0.11212692597532266,51,79,True,True,True,True,4052
top_four,dendro,bigram,no_origin,6,unith,25,Nielsen,Nov_6_g0,1.0,,,,5,5,20,4,8,0,1,0,2,0,1,0,2H,1H,0.14222065270423337,42,51,True,True,True,True,4052
top_four,dendro,bigram,no_origin,6,unith,25,Nielsen,Nov_6_g0,1.0,,,,5,5,20,4,8,0,1,1,2,0,2,0,2H,2H,0.22360452035446932,42,42,True,True,True,True,4052
top_four,dendro,bigram,no_origin,6,unith,25,Nielsen,Nov_6_g0,1.0,,,,5,5,20,4,8,0,1,2,2,0,3,0,2H,3H,0.3936433268649862,42,59,True,True,True,True,4052
top_four,dendro,bigram,no_origin,6,unith,25,Nielsen,Nov_6_g0,1.0,,,,5,5,20,4,8,0,1,3,2,0,4,0,2H,4H,0.3735494957337785,42,22,True,True,True,True,4052
top_four,dendro,bigram,no_origin,6,unith,25,Nielsen,Nov_6_g0,1.0,,,,5,,20,4,8,0,1,4,2,0,5,0,2H,5H,,42,0,True,False,True,False,4052
top_four,dendro,bigram,no_origin,6,unith,25,Nielsen,Nov_6_g0,1.0,,,,5,,20,4,8,0,1,5,2,0,6,0,2H,6H,,42,0,True,False,True,False,4052
top_four,dendro,bigram,no_origin,6,unith,25,Nielsen,Nov_6_g0,1.0,,,,5,,20,4,8,0,1,6,2,0,1,1,2H,1S,,42,0,True,False,True,False,4052
top_four,dendro,bigram,no_origin,6,unith,25,Nielsen,Nov_6_g0,1.0,,,,5,5,20,4,8,0,1,7,2,0,2,1,2H,2S,0.30808028893977035,42,14,True,True,True,True,4052
top_four,dendro,bigram,no_origin,6,unith,25,Nielsen,Nov_6_g0,1.0,,,,5,5,20,4,8,0,1,8,2,0,3,1,2H,3S,0.21464548762835572,42,10,True,True,True,True,4052
top_four,dendro,bigram,no_origin,6,unith,25,Nielsen,Nov_6_g0,1.0,,,,5,5,20,4,8,0,1,9,2,0,4,1,2H,4S,0.0874063316011857,42,30,True,True,True,True,4052
top_four,dendro,bigram,no_origin,6,unith,25,Nielsen,Nov_6_g0,1.0,,,,5,5,20,4,8,0,1,10,2,0,5,1,2H,5S,0.3607475798271421,42,60,True,True,True,True,4052
top_four,dendro,bigram,no_origin,6,unith,25,Nielsen,Nov_6_g0,1.0,,,,5,5,20,4,8,0,1,11,2,0,6,1,2H,6S,0.1564364296417822,42,79,True,True,True,True,4052
top_four,dendro,bigram,no_origin,6,unith,25,Nielsen,Nov_6_g0,1.0,,,,5,5,20,4,8,0,2,0,3,0,1,0,3H,1H,0.09188970821697955,59,51,True,True,True,True,4052
top_four,dendro,bigram,no_origin,6,unith,25,Nielsen,Nov_6_g0,1.0,,,,5,5,20,4,8,0,2,1,3,0,2,0,3H,2H,0.3936433268649862,59,42,True,True,True,True,4052
top_four,dendro,bigram,no_origin,6,unith,25,Nielsen,Nov_6_g0,1.0,,,,5,5,20,4,8,0,2,2,3,0,3,0,3H,3H,0.3614492795777165,59,59,True,True,True,True,4052
top_four,dendro,bigram,no_origin,6,unith,25,Nielsen,Nov_6_g0,1.0,,,,5,5,20,4,8,0,2,3,3,0,4,0,3H,4H,-0.05092979660477564,59,22,True,True,True,True,4052
top_four,dendro,bigram,no_origin,6,unith,25,Nielsen,Nov_6_g0,1.0,,,,5,,20,4,8,0,2,4,3,0,5,0,3H,5H,,59,0,True,False,True,False,4052
top_four,dendro,bigram,no_origin,6,unith,25,Nielsen,Nov_6_g0,1.0,,,,5,,20,4,8,0,2,5,3,0,6,0,3H,6H,,59,0,True,False,True,False,4052
top_four,dendro,bigram,no_origin,6,unith,25,Nielsen,Nov_6_g0,1.0,,,,5,,20,4,8,0,2,6,3,0,1,1,3H,1S,,59,0,True,False,True,False,4052
top_four,dendro,bigram,no_origin,6,unith,25,Nielsen,Nov_6_g0,1.0,,,,5,5,20,4,8,0,2,7,3,0,2,1,3H,2S,0.34016538198944135,59,14,True,True,True,True,4052
top_four,dendro,bigram,no_origin,6,unith,25,Nielsen,Nov_6_g0,1.0,,,,5,5,20,4,8,0,2,8,3,0,3,1,3H,3S,0.1766451536104358,59,10,True,True,True,True,4052
top_four,dendro,bigram,no_origin,6,unith,25,Nielsen,Nov_6_g0,1.0,,,,5,5,20,4,8,0,2,9,3,0,4,1,3H,4S,0.20613511563102593,59,30,True,True,True,True,4052
top_four,dendro,bigram,no_origin,6,unith,25,Nielsen,Nov_6_g0,1.0,,,,5,5,20,4,8,0,2,10,3,0,5,1,3H,5S,0.34864978149425496,59,60,True,True,True,True,4052
top_four,dendro,bigram,no_origin,6,unith,25,Nielsen,Nov_6_g0,1.0,,,,5,5,20,4,8,0,2,11,3,0,6,1,3H,6S,0.11679983641794028,59,79,True,True,True,True,4052
top_four,dendro,bigram,no_origin,6,unith,25,Nielsen,Nov_6_g0,1.0,,,,5,5,20,4,8,0,3,0,4,0,1,0,4H,1H,0.17923915977179442,22,51,True,True,True,True,4052
top_four,dendro,bigram,no_origin,6,unith,25,Nielsen,Nov_6_g0,1.0,,,,5,5,20,4,8,0,3,1,4,0,2,0,4H,2H,0.3735494957337785,22,42,True,True,True,True,4052
top_four,dendro,bigram,no_origin,6,unith,25,Nielsen,Nov_6_g0,1.0,,,,5,5,20,4,8,0,3,2,4,0,3,0,4H,3H,-0.05092979660477564,22,59,True,True,True,True,4052
top_four,dendro,bigram,no_origin,6,unith,25,Nielsen,Nov_6_g0,1.0,,,,5,5,20,4,8,0,3,3,4,0,4,0,4H,4H,1.0000000000000002,22,22,True,True,True,True,4052
top_four,dendro,bigram,no_origin,6,unith,25,Nielsen,Nov_6_g0,1.0,,,,5,,20,4,8,0,3,4,4,0,5,0,4H,5H,,22,0,True,False,True,False,4052
top_four,dendro,bigram,no_origin,6,unith,25,Nielsen,Nov_6_g0,1.0,,,,5,,20,4,8,0,3,5,4,0,6,0,4H,6H,,22,0,True,False,True,False,4052
top_four,dendro,bigram,no_origin,6,unith,25,Nielsen,Nov_6_g0,1.0,,,,5,,20,4,8,0,3,6,4,0,1,1,4H,1S,,22,0,True,False,True,False,4052
top_four,dendro,bigram,no_origin,6,unith,25,Nielsen,Nov_6_g0,1.0,,,,5,5,20,4,8,0,3,7,4,0,2,1,4H,2S,0.5474562692595898,22,14,True,True,True,True,4052
top_four,dendro,bigram,no_origin,6,unith,25,Nielsen,Nov_6_g0,1.0,,,,5,5,20,4,8,0,3,8,4,0,3,1,4H,3S,0.3252759942882532,22,10,True,True,True,True,4052
top_four,dendro,bigram,no_origin,6,unith,25,Nielsen,Nov_6_g0,1.0,,,,5,5,20,4,8,0,3,9,4,0,4,1,4H,4S,0.4791666666666668,22,30,True,True,True,True,4052
top_four,dendro,bigram,no_origin,6,unith,25,Nielsen,Nov_6_g0,1.0,,,,5,5,20,4,8,0,3,10,4,0,5,1,4H,5S,0.6383459009974564,22,60,True,True,True,True,4052
top_four,dendro,bigram,no_origin,6,unith,25,Nielsen,Nov_6_g0,1.0,,,,5,5,20,4,8,0,3,11,4,0,6,1,4H,6S,0.3673507762647084,22,79,True,True,True,True,4052
top_four,dendro,bigram,no_origin,6,unith,25,Nielsen,Nov_6_g0,1.0,,,,,5,20,4,8,0,4,0,5,0,1,0,5H,1H,,0,51,False,True,False,True,4052
top_four,dendro,bigram,no_origin,6,unith,25,Nielsen,Nov_6_g0,1.0,,,,,5,20,4,8,0,4,1,5,0,2,0,5H,2H,,0,42,False,True,False,True,4052
top_four,dendro,bigram,no_origin,6,unith,25,Nielsen,Nov_6_g0,1.0,,,,,5,20,4,8,0,4,2,5,0,3,0,5H,3H,,0,59,False,True,False,True,4052
top_four,dendro,bigram,no_origin,6,unith,25,Nielsen,Nov_6_g0,1.0,,,,,5,20,4,8,0,4,3,5,0,4,0,5H,4H,,0,22,False,True,False,True,4052
top_four,dendro,bigram,no_origin,6,unith,25,Nielsen,Nov_6_g0,1.0,,,,,,20,4,8,0,4,4,5,0,5,0,5H,5H,,0,0,False,False,False,False,4052
top_four,dendro,bigram,no_origin,6,unith,25,Nielsen,Nov_6_g0,1.0,,,,,,20,4,8,0,4,5,5,0,6,0,5H,6H,,0,0,False,False,False,False,4052
top_four,dendro,bigram,no_origin,6,unith,25,Nielsen,Nov_6_g0,1.0,,,,,,20,4,8,0,4,6,5,0,1,1,5H,1S,,0,0,False,False,False,False,4052
top_four,dendro,bigram,no_origin,6,unith,25,Nielsen,Nov_6_g0,1.0,,,,,5,20,4,8,0,4,7,5,0,2,1,5H,2S,,0,14,False,True,False,True,4052
top_four,dendro,bigram,no_origin,6,unith,25,Nielsen,Nov_6_g0,1.0,,,,,5,20,4,8,0,4,8,5,0,3,1,5H,3S,,0,10,False,True,False,True,4052
top_four,dendro,bigram,no_origin,6,unith,25,Nielsen,Nov_6_g0,1.0,,,,,5,20,4,8,0,4,9,5,0,4,1,5H,4S,,0,30,False,True,False,True,4052
top_four,dendro,bigram,no_origin,6,unith,25,Nielsen,Nov_6_g0,1.0,,,,,5,20,4,8,0,4,10,5,0,5,1,5H,5S,,0,60,False,True,False,True,4052
top_four,dendro,bigram,no_origin,6,unith,25,Nielsen,Nov_6_g0,1.0,,,,,5,20,4,8,0,4,11,5,0,6,1,5H,6S,,0,79,False,True,False,True,4052
top_four,dendro,bigram,no_origin,6,unith,25,Nielsen,Nov_6_g0,1.0,,,,,5,20,4,8,0,5,0,6,0,1,0,6H,1H,,0,51,False,True,False,True,4052
top_four,dendro,bigram,no_origin,6,unith,25,Nielsen,Nov_6_g0,1.0,,,,,5,20,4,8,0,5,1,6,0,2,0,6H,2H,,0,42,False,True,False,True,4052
top_four,dendro,bigram,no_origin,6,unith,25,Nielsen,Nov_6_g0,1.0,,,,,5,20,4,8,0,5,2,6,0,3,0,6H,3H,,0,59,False,True,False,True,4052
top_four,dendro,bigram,no_origin,6,unith,25,Nielsen,Nov_6_g0,1.0,,,,,5,20,4,8,0,5,3,6,0,4,0,6H,4H,,0,22,False,True,False,True,4052
top_four,dendro,bigram,no_origin,6,unith,25,Nielsen,Nov_6_g0,1.0,,,,,,20,4,8,0,5,4,6,0,5,0,6H,5H,,0,0,False,False,False,False,4052
top_four,dendro,bigram,no_origin,6,unith,25,Nielsen,Nov_6_g0,1.0,,,,,,20,4,8,0,5,5,6,0,6,0,6H,6H,,0,0,False,False,False,False,4052
top_four,dendro,bigram,no_origin,6,unith,25,Nielsen,Nov_6_g0,1.0,,,,,,20,4,8,0,5,6,6,0,1,1,6H,1S,,0,0,False,False,False,False,4052
top_four,dendro,bigram,no_origin,6,unith,25,Nielsen,Nov_6_g0,1.0,,,,,5,20,4,8,0,5,7,6,0,2,1,6H,2S,,0,14,False,True,False,True,4052
top_four,dendro,bigram,no_origin,6,unith,25,Nielsen,Nov_6_g0,1.0,,,,,5,20,4,8,0,5,8,6,0,3,1,6H,3S,,0,10,False,True,False,True,4052
top_four,dendro,bigram,no_origin,6,unith,25,Nielsen,Nov_6_g0,1.0,,,,,5,20,4,8,0,5,9,6,0,4,1,6H,4S,,0,30,False,True,False,True,4052
top_four,dendro,bigram,no_origin,6,unith,25,Nielsen,Nov_6_g0,1.0,,,,,5,20,4,8,0,5,10,6,0,5,1,6H,5S,,0,60,False,True,False,True,4052
top_four,dendro,bigram,no_origin,6,unith,25,Nielsen,Nov_6_g0,1.0,,,,,5,20,4,8,0,5,11,6,0,6,1,6H,6S,,0,79,False,True,False,True,4052
top_four,dendro,bigram,no_origin,6,unith,25,Nielsen,Nov_6_g0,1.0,,,,,5,20,4,8,0,6,0,1,1,1,0,1S,1H,,0,51,False,True,False,True,4052
top_four,dendro,bigram,no_origin,6,unith,25,Nielsen,Nov_6_g0,1.0,,,,,5,20,4,8,0,6,1,1,1,2,0,1S,2H,,0,42,False,True,False,True,4052
top_four,dendro,bigram,no_origin,6,unith,25,Nielsen,Nov_6_g0,1.0,,,,,5,20,4,8,0,6,2,1,1,3,0,1S,3H,,0,59,False,True,False,True,4052
top_four,dendro,bigram,no_origin,6,unith,25,Nielsen,Nov_6_g0,1.0,,,,,5,20,4,8,0,6,3,1,1,4,0,1S,4H,,0,22,False,True,False,True,4052
top_four,dendro,bigram,no_origin,6,unith,25,Nielsen,Nov_6_g0,1.0,,,,,,20,4,8,0,6,4,1,1,5,0,1S,5H,,0,0,False,False,False,False,4052
top_four,dendro,bigram,no_origin,6,unith,25,Nielsen,Nov_6_g0,1.0,,,,,,20,4,8,0,6,5,1,1,6,0,1S,6H,,0,0,False,False,False,False,4052
top_four,dendro,bigram,no_origin,6,unith,25,Nielsen,Nov_6_g0,1.0,,,,,,20,4,8,0,6,6,1,1,1,1,1S,1S,,0,0,False,False,False,False,4052
top_four,dendro,bigram,no_origin,6,unith,25,Nielsen,Nov_6_g0,1.0,,,,,5,20,4,8,0,6,7,1,1,2,1,1S,2S,,0,14,False,True,False,True,4052
top_four,dendro,bigram,no_origin,6,unith,25,Nielsen,Nov_6_g0,1.0,,,,,5,20,4,8,0,6,8,1,1,3,1,1S,3S,,0,10,False,True,False,True,4052
top_four,dendro,bigram,no_origin,6,unith,25,Nielsen,Nov_6_g0,1.0,,,,,5,20,4,8,0,6,9,1,1,4,1,1S,4S,,0,30,False,True,False,True,4052
top_four,dendro,bigram,no_origin,6,unith,25,Nielsen,Nov_6_g0,1.0,,,,,5,20,4,8,0,6,10,1,1,5,1,1S,5S,,0,60,False,True,False,True,4052
top_four,dendro,bigram,no_origin,6,unith,25,Nielsen,Nov_6_g0,1.0,,,,,5,20,4,8,0,6,11,1,1,6,1,1S,6S,,0,79,False,True,False,True,4052
top_four,dendro,bigram,no_origin,6,unith,25,Nielsen,Nov_6_g0,1.0,,,,5,5,20,4,8,0,7,0,2,1,1,0,2S,1H,0.19589958451261696,14,51,True,True,True,True,4052
top_four,dendro,bigram,no_origin,6,unith,25,Nielsen,Nov_6_g0,1.0,,,,5,5,20,4,8,0,7,1,2,1,2,0,2S,2H,0.30808028893977035,14,42,True,True,True,True,4052
top_four,dendro,bigram,no_origin,6,unith,25,Nielsen,Nov_6_g0,1.0,,,,5,5,20,4,8,0,7,2,2,1,3,0,2S,3H,0.34016538198944135,14,59,True,True,True,True,4052
top_four,dendro,bigram,no_origin,6,unith,25,Nielsen,Nov_6_g0,1.0,,,,5,5,20,4,8,0,7,3,2,1,4,0,2S,4H,0.5474562692595898,14,22,True,True,True,True,4052
top_four,dendro,bigram,no_origin,6,unith,25,Nielsen,Nov_6_g0,1.0,,,,5,,20,4,8,0,7,4,2,1,5,0,2S,5H,,14,0,True,False,True,False,4052
top_four,dendro,bigram,no_origin,6,unith,25,Nielsen,Nov_6_g0,1.0,,,,5,,20,4,8,0,7,5,2,1,6,0,2S,6H,,14,0,True,False,True,False,4052
top_four,dendro,bigram,no_origin,6,unith,25,Nielsen,Nov_6_g0,1.0,,,,5,,20,4,8,0,7,6,2,1,1,1,2S,1S,,14,0,True,False,True,False,4052
top_four,dendro,bigram,no_origin,6,unith,25,Nielsen,Nov_6_g0,1.0,,,,5,5,20,4,8,0,7,7,2,1,2,1,2S,2S,0.3688957950379533,14,14,True,True,True,True,4052
top_four,dendro,bigram,no_origin,6,unith,25,Nielsen,Nov_6_g0,1.0,,,,5,5,20,4,8,0,7,8,2,1,3,1,2S,3S,0.33403946668244006,14,10,True,True,True,True,4052
top_four,dendro,bigram,no_origin,6,unith,25,Nielsen,Nov_6_g0,1.0,,,,5,5,20,4,8,0,7,9,2,1,4,1,2S,4S,0.37044425611306275,14,30,True,True,True,True,4052
top_four,dendro,bigram,no_origin,6,unith,25,Nielsen,Nov_6_g0,1.0,,,,5,5,20,4,8,0,7,10,2,1,5,1,2S,5S,0.3950997851395383,14,60,True,True,True,True,4052
top_four,dendro,bigram,no_origin,6,unith,25,Nielsen,Nov_6_g0,1.0,,,,5,5,20,4,8,0,7,11,2,1,6,1,2S,6S,0.27438248909008195,14,79,True,True,True,True,4052
top_four,dendro,bigram,no_origin,6,unith,25,Nielsen,Nov_6_g0,1.0,,,,5,5,20,4,8,0,8,0,3,1,1,0,3S,1H,0.04409430172475758,10,51,True,True,True,True,4052
top_four,dendro,bigram,no_origin,6,unith,25,Nielsen,Nov_6_g0,1.0,,,,5,5,20,4,8,0,8,1,3,1,2,0,3S,2H,0.21464548762835572,10,42,True,True,True,True,4052
top_four,dendro,bigram,no_origin,6,unith,25,Nielsen,Nov_6_g0,1.0,,,,5,5,20,4,8,0,8,2,3,1,3,0,3S,3H,0.1766451536104358,10,59,True,True,True,True,4052
top_four,dendro,bigram,no_origin,6,unith,25,Nielsen,Nov_6_g0,1.0,,,,5,5,20,4,8,0,8,3,3,1,4,0,3S,4H,0.3252759942882532,10,22,True,True,True,True,4052
top_four,dendro,bigram,no_origin,6,unith,25,Nielsen,Nov_6_g0,1.0,,,,5,,20,4,8,0,8,4,3,1,5,0,3S,5H,,10,0,True,False,True,False,4052
top_four,dendro,bigram,no_origin,6,unith,25,Nielsen,Nov_6_g0,1.0,,,,5,,20,4,8,0,8,5,3,1,6,0,3S,6H,,10,0,True,False,True,False,4052
top_four,dendro,bigram,no_origin,6,unith,25,Nielsen,Nov_6_g0,1.0,,,,5,,20,4,8,0,8,6,3,1,1,1,3S,1S,,10,0,True,False,True,False,4052
top_four,dendro,bigram,no_origin,6,unith,25,Nielsen,Nov_6_g0,1.0,,,,5,5,20,4,8,0,8,7,3,1,2,1,3S,2S,0.33403946668244006,10,14,True,True,True,True,4052
top_four,dendro,bigram,no_origin,6,unith,25,Nielsen,Nov_6_g0,1.0,,,,5,5,20,4,8,0,8,8,3,1,3,1,3S,3S,-0.06019292654288458,10,10,True,True,True,True,4052
top_four,dendro,bigram,no_origin,6,unith,25,Nielsen,Nov_6_g0,1.0,,,,5,5,20,4,8,0,8,9,3,1,4,1,3S,4S,0.08896830327878373,10,30,True,True,True,True,4052
top_four,dendro,bigram,no_origin,6,unith,25,Nielsen,Nov_6_g0,1.0,,,,5,5,20,4,8,0,8,10,3,1,5,1,3S,5S,0.23523129940195778,10,60,True,True,True,True,4052
top_four,dendro,bigram,no_origin,6,unith,25,Nielsen,Nov_6_g0,1.0,,,,5,5,20,4,8,0,8,11,3,1,6,1,3S,6S,0.10434950118831543,10,79,True,True,True,True,4052
top_four,dendro,bigram,no_origin,6,unith,25,Nielsen,Nov_6_g0,1.0,,,,5,5,20,4,8,0,9,0,4,1,1,0,4S,1H,0.07663520834405642,30,51,True,True,True,True,4052
top_four,dendro,bigram,no_origin,6,unith,25,Nielsen,Nov_6_g0,1.0,,,,5,5,20,4,8,0,9,1,4,1,2,0,4S,2H,0.0874063316011857,30,42,True,True,True,True,4052
top_four,dendro,bigram,no_origin,6,unith,25,Nielsen,Nov_6_g0,1.0,,,,5,5,20,4,8,0,9,2,4,1,3,0,4S,3H,0.20613511563102593,30,59,True,True,True,True,4052
top_four,dendro,bigram,no_origin,6,unith,25,Nielsen,Nov_6_g0,1.0,,,,5,5,20,4,8,0,9,3,4,1,4,0,4S,4H,0.4791666666666668,30,22,True,True,True,True,4052
top_four,dendro,bigram,no_origin,6,unith,25,Nielsen,Nov_6_g0,1.0,,,,5,,20,4,8,0,9,4,4,1,5,0,4S,5H,,30,0,True,False,True,False,4052
top_four,dendro,bigram,no_origin,6,unith,25,Nielsen,Nov_6_g0,1.0,,,,5,,20,4,8,0,9,5,4,1,6,0,4S,6H,,30,0,True,False,True,False,4052
top_four,dendro,bigram,no_origin,6,unith,25,Nielsen,Nov_6_g0,1.0,,,,5,,20,4,8,0,9,6,4,1,1,1,4S,1S,,30,0,True,False,True,False,4052
top_four,dendro,bigram,no_origin,6,unith,25,Nielsen,Nov_6_g0,1.0,,,,5,5,20,4,8,0,9,7,4,1,2,1,4S,2S,0.37044425611306275,30,14,True,True,True,True,4052
top_four,dendro,bigram,no_origin,6,unith,25,Nielsen,Nov_6_g0,1.0,,,,5,5,20,4,8,0,9,8,4,1,3,1,4S,3S,0.08896830327878373,30,10,True,True,True,True,4052
top_four,dendro,bigram,no_origin,6,unith,25,Nielsen,Nov_6_g0,1.0,,,,5,5,20,4,8,0,9,9,4,1,4,1,4S,4S,0.4756098685297226,30,30,True,True,True,True,4052
top_four,dendro,bigram,no_origin,6,unith,25,Nielsen,Nov_6_g0,1.0,,,,5,5,20,4,8,0,9,10,4,1,5,1,4S,5S,0.16811103705115257,30,60,True,True,True,True,4052
top_four,dendro,bigram,no_origin,6,unith,25,Nielsen,Nov_6_g0,1.0,,,,5,5,20,4,8,0,9,11,4,1,6,1,4S,6S,0.3218056345305896,30,79,True,True,True,True,4052
top_four,dendro,bigram,no_origin,6,unith,25,Nielsen,Nov_6_g0,1.0,,,,5,5,20,4,8,0,10,0,5,1,1,0,5S,1H,0.18600116437938255,60,51,True,True,True,True,4052
top_four,dendro,bigram,no_origin,6,unith,25,Nielsen,Nov_6_g0,1.0,,,,5,5,20,4,8,0,10,1,5,1,2,0,5S,2H,0.3607475798271421,60,42,True,True,True,True,4052
top_four,dendro,bigram,no_origin,6,unith,25,Nielsen,Nov_6_g0,1.0,,,,5,5,20,4,8,0,10,2,5,1,3,0,5S,3H,0.34864978149425496,60,59,True,True,True,True,4052
top_four,dendro,bigram,no_origin,6,unith,25,Nielsen,Nov_6_g0,1.0,,,,5,5,20,4,8,0,10,3,5,1,4,0,5S,4H,0.6383459009974564,60,22,True,True,True,True,4052
top_four,dendro,bigram,no_origin,6,unith,25,Nielsen,Nov_6_g0,1.0,,,,5,,20,4,8,0,10,4,5,1,5,0,5S,5H,,60,0,True,False,True,False,4052
top_four,dendro,bigram,no_origin,6,unith,25,Nielsen,Nov_6_g0,1.0,,,,5,,20,4,8,0,10,5,5,1,6,0,5S,6H,,60,0,True,False,True,False,4052
top_four,dendro,bigram,no_origin,6,unith,25,Nielsen,Nov_6_g0,1.0,,,,5,,20,4,8,0,10,6,5,1,1,1,5S,1S,,60,0,True,False,True,False,4052
top_four,dendro,bigram,no_origin,6,unith,25,Nielsen,Nov_6_g0,1.0,,,,5,5,20,4,8,0,10,7,5,1,2,1,5S,2S,0.3950997851395383,60,14,True,True,True,True,4052
top_four,dendro,bigram,no_origin,6,unith,25,Nielsen,Nov_6_g0,1.0,,,,5,5,20,4,8,0,10,8,5,1,3,1,5S,3S,0.23523129940195778,60,10,True,True,True,True,4052
top_four,dendro,bigram,no_origin,6,unith,25,Nielsen,Nov_6_g0,1.0,,,,5,5,20,4,8,0,10,9,5,1,4,1,5S,4S,0.16811103705115257,60,30,True,True,True,True,4052
top_four,dendro,bigram,no_origin,6,unith,25,Nielsen,Nov_6_g0,1.0,,,,5,5,20,4,8,0,10,10,5,1,5,1,5S,5S,0.30779141150547595,60,60,True,True,True,True,4052
top_four,dendro,bigram,no_origin,6,unith,25,Nielsen,Nov_6_g0,1.0,,,,5,5,20,4,8,0,10,11,5,1,6,1,5S,6S,0.18258017709321223,60,79,True,True,True,True,4052
top_four,dendro,bigram,no_origin,6,unith,25,Nielsen,Nov_6_g0,1.0,,,,5,5,20,4,8,0,11,0,6,1,1,0,6S,1H,0.11212692597532266,79,51,True,True,True,True,4052
top_four,dendro,bigram,no_origin,6,unith,25,Nielsen,Nov_6_g0,1.0,,,,5,5,20,4,8,0,11,1,6,1,2,0,6S,2H,0.1564364296417822,79,42,True,True,True,True,4052
top_four,dendro,bigram,no_origin,6,unith,25,Nielsen,Nov_6_g0,1.0,,,,5,5,20,4,8,0,11,2,6,1,3,0,6S,3H,0.11679983641794028,79,59,True,True,True,True,4052
top_four,dendro,bigram,no_origin,6,unith,25,Nielsen,Nov_6_g0,1.0,,,,5,5,20,4,8,0,11,3,6,1,4,0,6S,4H,0.3673507762647084,79,22,True,True,True,True,4052
top_four,dendro,bigram,no_origin,6,unith,25,Nielsen,Nov_6_g0,1.0,,,,5,,20,4,8,0,11,4,6,1,5,0,6S,5H,,79,0,True,False,True,False,4052
top_four,dendro,bigram,no_origin,6,unith,25,Nielsen,Nov_6_g0,1.0,,,,5,,20,4,8,0,11,5,6,1,6,0,6S,6H,,79,0,True,False,True,False,4052
top_four,dendro,bigram,no_origin,6,unith,25,Nielsen,Nov_6_g0,1.0,,,,5,,20,4,8,0,11,6,6,1,1,1,6S,1S,,79,0,True,False,True,False,4052
top_four,dendro,bigram,no_origin,6,unith,25,Nielsen,Nov_6_g0,1.0,,,,5,5,20,4,8,0,11,7,6,1,2,1,6S,2S,0.27438248909008195,79,14,True,True,True,True,4052
top_four,dendro,bigram,no_origin,6,unith,25,Nielsen,Nov_6_g0,1.0,,,,5,5,20,4,8,0,11,8,6,1,3,1,6S,3S,0.10434950118831543,79,10,True,True,True,True,4052
top_four,dendro,bigram,no_origin,6,unith,25,Nielsen,Nov_6_g0,1.0,,,,5,5,20,4,8,0,11,9,6,1,4,1,6S,4S,0.3218056345305896,79,30,True,True,True,True,4052
top_four,dendro,bigram,no_origin,6,unith,25,Nielsen,Nov_6_g0,1.0,,,,5,5,20,4,8,0,11,10,6,1,5,1,6S,5S,0.18258017709321223,79,60,True,True,True,True,4052
top_four,dendro,bigram,no_origin,6,unith,25,Nielsen,Nov_6_g0,1.0,,,,5,5,20,4,8,0,11,11,6,1,6,1,6S,6S,0.04686250896278588,79,79,True,True,True,True,4052
top_four,dendro,bigram,no_origin,6,unith,25,Nielsen,Oct_22_g0,0.999896608767576,,,,9,9,20,4,8,0,0,0,1,0,1,0,1H,1H,0.4855336365478366,44,44,True,True,True,True,4052
top_four,dendro,bigram,no_origin,6,unith,25,Nielsen,Oct_22_g0,0.999896608767576,,,,9,9,20,4,8,0,0,1,1,0,2,0,1H,2H,0.29134278909034644,44,44,True,True,True,True,4052
top_four,dendro,bigram,no_origin,6,unith,25,Nielsen,Oct_22_g0,0.999896608767576,,,,9,9,20,4,8,0,0,2,1,0,3,0,1H,3H,0.2763464462429084,44,57,True,True,True,True,4052
top_four,dendro,bigram,no_origin,6,unith,25,Nielsen,Oct_22_g0,0.999896608767576,,,,9,9,20,4,8,0,0,3,1,0,4,0,1H,4H,0.16677606943016482,44,21,True,True,True,True,4052
top_four,dendro,bigram,no_origin,6,unith,25,Nielsen,Oct_22_g0,0.999896608767576,,,,9,,20,4,8,0,0,4,1,0,5,0,1H,5H,,44,0,True,False,True,False,4052
top_four,dendro,bigram,no_origin,6,unith,25,Nielsen,Oct_22_g0,0.999896608767576,,,,9,,20,4,8,0,0,5,1,0,6,0,1H,6H,,44,0,True,False,True,False,4052
top_four,dendro,bigram,no_origin,6,unith,25,Nielsen,Oct_22_g0,0.999896608767576,,,,9,9,20,4,8,0,0,6,1,0,1,1,1H,1S,0.2900691835689962,44,18,True,True,True,True,4052
top_four,dendro,bigram,no_origin,6,unith,25,Nielsen,Oct_22_g0,0.999896608767576,,,,9,9,20,4,8,0,0,7,1,0,2,1,1H,2S,0.23404913903339514,44,25,True,True,True,True,4052
top_four,dendro,bigram,no_origin,6,unith,25,Nielsen,Oct_22_g0,0.999896608767576,,,,9,9,20,4,8,0,0,8,1,0,3,1,1H,3S,0.06436481315282169,44,20,True,True,True,True,4052
top_four,dendro,bigram,no_origin,6,unith,25,Nielsen,Oct_22_g0,0.999896608767576,,,,9,9,20,4,8,0,0,9,1,0,4,1,1H,4S,0.16972645367806896,44,61,True,True,True,True,4052
top_four,dendro,bigram,no_origin,6,unith,25,Nielsen,Oct_22_g0,0.999896608767576,,,,9,9,20,4,8,0,0,10,1,0,5,1,1H,5S,0.0804925361771084,44,88,True,True,True,True,4052
top_four,dendro,bigram,no_origin,6,unith,25,Nielsen,Oct_22_g0,0.999896608767576,,,,9,9,20,4,8,0,0,11,1,0,6,1,1H,6S,0.030621223786173882,44,77,True,True,True,True,4052
top_four,dendro,bigram,no_origin,6,unith,25,Nielsen,Oct_22_g0,0.999896608767576,,,,9,9,20,4,8,0,1,0,2,0,1,0,2H,1H,0.29134278909034644,44,44,True,True,True,True,4052
top_four,dendro,bigram,no_origin,6,unith,25,Nielsen,Oct_22_g0,0.999896608767576,,,,9,9,20,4,8,0,1,1,2,0,2,0,2H,2H,0.34126576076283566,44,44,True,True,True,True,4052
top_four,dendro,bigram,no_origin,6,unith,25,Nielsen,Oct_22_g0,0.999896608767576,,,,9,9,20,4,8,0,1,2,2,0,3,0,2H,3H,0.22922845436749303,44,57,True,True,True,True,4052
top_four,dendro,bigram,no_origin,6,unith,25,Nielsen,Oct_22_g0,0.999896608767576,,,,9,9,20,4,8,0,1,3,2,0,4,0,2H,4H,0.3021832224919756,44,21,True,True,True,True,4052
top_four,dendro,bigram,no_origin,6,unith,25,Nielsen,Oct_22_g0,0.999896608767576,,,,9,,20,4,8,0,1,4,2,0,5,0,2H,5H,,44,0,True,False,True,False,4052
top_four,dendro,bigram,no_origin,6,unith,25,Nielsen,Oct_22_g0,0.999896608767576,,,,9,,20,4,8,0,1,5,2,0,6,0,2H,6H,,44,0,True,False,True,False,4052
top_four,dendro,bigram,no_origin,6,unith,25,Nielsen,Oct_22_g0,0.999896608767576,,,,9,9,20,4,8,0,1,6,2,0,1,1,2H,1S,0.5667519925764399,44,18,True,True,True,True,4052
top_four,dendro,bigram,no_origin,6,unith,25,Nielsen,Oct_22_g0,0.999896608767576,,,,9,9,20,4,8,0,1,7,2,0,2,1,2H,2S,0.41768797479411235,44,25,True,True,True,True,4052
top_four,dendro,bigram,no_origin,6,unith,25,Nielsen,Oct_22_g0,0.999896608767576,,,,9,9,20,4,8,0,1,8,2,0,3,1,2H,3S,0.15310438280691657,44,20,True,True,True,True,4052
top_four,dendro,bigram,no_origin,6,unith,25,Nielsen,Oct_22_g0,0.999896608767576,,,,9,9,20,4,8,0,1,9,2,0,4,1,2H,4S,0.2367605051101805,44,61,True,True,True,True,4052
top_four,dendro,bigram,no_origin,6,unith,25,Nielsen,Oct_22_g0,0.999896608767576,,,,9,9,20,4,8,0,1,10,2,0,5,1,2H,5S,-0.006271640947537236,44,88,True,True,True,True,4052
top_four,dendro,bigram,no_origin,6,unith,25,Nielsen,Oct_22_g0,0.999896608767576,,,,9,9,20,4,8,0,1,11,2,0,6,1,2H,6S,0.12708312756538212,44,77,True,True,True,True,4052
top_four,dendro,bigram,no_origin,6,unith,25,Nielsen,Oct_22_g0,0.999896608767576,,,,9,9,20,4,8,0,2,0,3,0,1,0,3H,1H,0.2763464462429084,57,44,True,True,True,True,4052
top_four,dendro,bigram,no_origin,6,unith,25,Nielsen,Oct_22_g0,0.999896608767576,,,,9,9,20,4,8,0,2,1,3,0,2,0,3H,2H,0.22922845436749303,57,44,True,True,True,True,4052
top_four,dendro,bigram,no_origin,6,unith,25,Nielsen,Oct_22_g0,0.999896608767576,,,,9,9,20,4,8,0,2,2,3,0,3,0,3H,3H,0.13442874806795316,57,57,True,True,True,True,4052
top_four,dendro,bigram,no_origin,6,unith,25,Nielsen,Oct_22_g0,0.999896608767576,,,,9,9,20,4,8,0,2,3,3,0,4,0,3H,4H,0.2602781849103152,57,21,True,True,True,True,4052
top_four,dendro,bigram,no_origin,6,unith,25,Nielsen,Oct_22_g0,0.999896608767576,,,,9,,20,4,8,0,2,4,3,0,5,0,3H,5H,,57,0,True,False,True,False,4052
top_four,dendro,bigram,no_origin,6,unith,25,Nielsen,Oct_22_g0,0.999896608767576,,,,9,,20,4,8,0,2,5,3,0,6,0,3H,6H,,57,0,True,False,True,False,4052
top_four,dendro,bigram,no_origin,6,unith,25,Nielsen,Oct_22_g0,0.999896608767576,,,,9,9,20,4,8,0,2,6,3,0,1,1,3H,1S,0.3883665733189352,57,18,True,True,True,True,4052
top_four,dendro,bigram,no_origin,6,unith,25,Nielsen,Oct_22_g0,0.999896608767576,,,,9,9,20,4,8,0,2,7,3,0,2,1,3H,2S,0.25600825958179724,57,25,True,True,True,True,4052
top_four,dendro,bigram,no_origin,6,unith,25,Nielsen,Oct_22_g0,0.999896608767576,,,,9,9,20,4,8,0,2,8,3,0,3,1,3H,3S,0.13645556544590137,57,20,True,True,True,True,4052
top_four,dendro,bigram,no_origin,6,unith,25,Nielsen,Oct_22_g0,0.999896608767576,,,,9,9,20,4,8,0,2,9,3,0,4,1,3H,4S,0.12951692077145582,57,61,True,True,True,True,4052
top_four,dendro,bigram,no_origin,6,unith,25,Nielsen,Oct_22_g0,0.999896608767576,,,,9,9,20,4,8,0,2,10,3,0,5,1,3H,5S,0.03251098451870703,57,88,True,True,True,True,4052
top_four,dendro,bigram,no_origin,6,unith,25,Nielsen,Oct_22_g0,0.999896608767576,,,,9,9,20,4,8,0,2,11,3,0,6,1,3H,6S,0.03206199285766926,57,77,True,True,True,True,4052
top_four,dendro,bigram,no_origin,6,unith,25,Nielsen,Oct_22_g0,0.999896608767576,,,,9,9,20,4,8,0,3,0,4,0,1,0,4H,1H,0.16677606943016482,21,44,True,True,True,True,4052
top_four,dendro,bigram,no_origin,6,unith,25,Nielsen,Oct_22_g0,0.999896608767576,,,,9,9,20,4,8,0,3,1,4,0,2,0,4H,2H,0.3021832224919756,21,44,True,True,True,True,4052
top_four,dendro,bigram,no_origin,6,unith,25,Nielsen,Oct_22_g0,0.999896608767576,,,,9,9,20,4,8,0,3,2,4,0,3,0,4H,3H,0.2602781849103152,21,57,True,True,True,True,4052
top_four,dendro,bigram,no_origin,6,unith,25,Nielsen,Oct_22_g0,0.999896608767576,,,,9,9,20,4,8,0,3,3,4,0,4,0,4H,4H,-0.09035817343809681,21,21,True,True,True,True,4052
top_four,dendro,bigram,no_origin,6,unith,25,Nielsen,Oct_22_g0,0.999896608767576,,,,9,,20,4,8,0,3,4,4,0,5,0,4H,5H,,21,0,True,False,True,False,4052
top_four,dendro,bigram,no_origin,6,unith,25,Nielsen,Oct_22_g0,0.999896608767576,,,,9,,20,4,8,0,3,5,4,0,6,0,4H,6H,,21,0,True,False,True,False,4052
top_four,dendro,bigram,no_origin,6,unith,25,Nielsen,Oct_22_g0,0.999896608767576,,,,9,9,20,4,8,0,3,6,4,0,1,1,4H,1S,0.4276416493993242,21,18,True,True,True,True,4052
top_four,dendro,bigram,no_origin,6,unith,25,Nielsen,Oct_22_g0,0.999896608767576,,,,9,9,20,4,8,0,3,7,4,0,2,1,4H,2S,0.2615637656678139,21,25,True,True,True,True,4052
top_four,dendro,bigram,no_origin,6,unith,25,Nielsen,Oct_22_g0,0.999896608767576,,,,9,9,20,4,8,0,3,8,4,0,3,1,4H,3S,0.15397425693967742,21,20,True,True,True,True,4052
top_four,dendro,bigram,no_origin,6,unith,25,Nielsen,Oct_22_g0,0.999896608767576,,,,9,9,20,4,8,0,3,9,4,0,4,1,4H,4S,0.11123574868659261,21,61,True,True,True,True,4052
top_four,dendro,bigram,no_origin,6,unith,25,Nielsen,Oct_22_g0,0.999896608767576,,,,9,9,20,4,8,0,3,10,4,0,5,1,4H,5S,-0.026715037329224253,21,88,True,True,True,True,4052
top_four,dendro,bigram,no_origin,6,unith,25,Nielsen,Oct_22_g0,0.999896608767576,,,,9,9,20,4,8,0,3,11,4,0,6,1,4H,6S,0.15432750648243687,21,77,True,True,True,True,4052
top_four,dendro,bigram,no_origin,6,unith,25,Nielsen,Oct_22_g0,0.999896608767576,,,,,9,20,4,8,0,4,0,5,0,1,0,5H,1H,,0,44,False,True,False,True,4052
top_four,dendro,bigram,no_origin,6,unith,25,Nielsen,Oct_22_g0,0.999896608767576,,,,,9,20,4,8,0,4,1,5,0,2,0,5H,2H,,0,44,False,True,False,True,4052
top_four,dendro,bigram,no_origin,6,unith,25,Nielsen,Oct_22_g0,0.999896608767576,,,,,9,20,4,8,0,4,2,5,0,3,0,5H,3H,,0,57,False,True,False,True,4052
top_four,dendro,bigram,no_origin,6,unith,25,Nielsen,Oct_22_g0,0.999896608767576,,,,,9,20,4,8,0,4,3,5,0,4,0,5H,4H,,0,21,False,True,False,True,4052
top_four,dendro,bigram,no_origin,6,unith,25,Nielsen,Oct_22_g0,0.999896608767576,,,,,,20,4,8,0,4,4,5,0,5,0,5H,5H,,0,0,False,False,False,False,4052
top_four,dendro,bigram,no_origin,6,unith,25,Nielsen,Oct_22_g0,0.999896608767576,,,,,,20,4,8,0,4,5,5,0,6,0,5H,6H,,0,0,False,False,False,False,4052
top_four,dendro,bigram,no_origin,6,unith,25,Nielsen,Oct_22_g0,0.999896608767576,,,,,9,20,4,8,0,4,6,5,0,1,1,5H,1S,,0,18,False,True,False,True,4052
top_four,dendro,bigram,no_origin,6,unith,25,Nielsen,Oct_22_g0,0.999896608767576,,,,,9,20,4,8,0,4,7,5,0,2,1,5H,2S,,0,25,False,True,False,True,4052
top_four,dendro,bigram,no_origin,6,unith,25,Nielsen,Oct_22_g0,0.999896608767576,,,,,9,20,4,8,0,4,8,5,0,3,1,5H,3S,,0,20,False,True,False,True,4052
top_four,dendro,bigram,no_origin,6,unith,25,Nielsen,Oct_22_g0,0.999896608767576,,,,,9,20,4,8,0,4,9,5,0,4,1,5H,4S,,0,61,False,True,False,True,4052
top_four,dendro,bigram,no_origin,6,unith,25,Nielsen,Oct_22_g0,0.999896608767576,,,,,9,20,4,8,0,4,10,5,0,5,1,5H,5S,,0,88,False,True,False,True,4052
top_four,dendro,bigram,no_origin,6,unith,25,Nielsen,Oct_22_g0,0.999896608767576,,,,,9,20,4,8,0,4,11,5,0,6,1,5H,6S,,0,77,False,True,False,True,4052
top_four,dendro,bigram,no_origin,6,unith,25,Nielsen,Oct_22_g0,0.999896608767576,,,,,9,20,4,8,0,5,0,6,0,1,0,6H,1H,,0,44,False,True,False,True,4052
top_four,dendro,bigram,no_origin,6,unith,25,Nielsen,Oct_22_g0,0.999896608767576,,,,,9,20,4,8,0,5,1,6,0,2,0,6H,2H,,0,44,False,True,False,True,4052
top_four,dendro,bigram,no_origin,6,unith,25,Nielsen,Oct_22_g0,0.999896608767576,,,,,9,20,4,8,0,5,2,6,0,3,0,6H,3H,,0,57,False,True,False,True,4052
top_four,dendro,bigram,no_origin,6,unith,25,Nielsen,Oct_22_g0,0.999896608767576,,,,,9,20,4,8,0,5,3,6,0,4,0,6H,4H,,0,21,False,True,False,True,4052
top_four,dendro,bigram,no_origin,6,unith,25,Nielsen,Oct_22_g0,0.999896608767576,,,,,,20,4,8,0,5,4,6,0,5,0,6H,5H,,0,0,False,False,False,False,4052
top_four,dendro,bigram,no_origin,6,unith,25,Nielsen,Oct_22_g0,0.999896608767576,,,,,,20,4,8,0,5,5,6,0,6,0,6H,6H,,0,0,False,False,False,False,4052
top_four,dendro,bigram,no_origin,6,unith,25,Nielsen,Oct_22_g0,0.999896608767576,,,,,9,20,4,8,0,5,6,6,0,1,1,6H,1S,,0,18,False,True,False,True,4052
top_four,dendro,bigram,no_origin,6,unith,25,Nielsen,Oct_22_g0,0.999896608767576,,,,,9,20,4,8,0,5,7,6,0,2,1,6H,2S,,0,25,False,True,False,True,4052
top_four,dendro,bigram,no_origin,6,unith,25,Nielsen,Oct_22_g0,0.999896608767576,,,,,9,20,4,8,0,5,8,6,0,3,1,6H,3S,,0,20,False,True,False,True,4052
top_four,dendro,bigram,no_origin,6,unith,25,Nielsen,Oct_22_g0,0.999896608767576,,,,,9,20,4,8,0,5,9,6,0,4,1,6H,4S,,0,61,False,True,False,True,4052
top_four,dendro,bigram,no_origin,6,unith,25,Nielsen,Oct_22_g0,0.999896608767576,,,,,9,20,4,8,0,5,10,6,0,5,1,6H,5S,,0,88,False,True,False,True,4052
top_four,dendro,bigram,no_origin,6,unith,25,Nielsen,Oct_22_g0,0.999896608767576,,,,,9,20,4,8,0,5,11,6,0,6,1,6H,6S,,0,77,False,True,False,True,4052
top_four,dendro,bigram,no_origin,6,unith,25,Nielsen,Oct_22_g0,0.999896608767576,,,,9,9,20,4,8,0,6,0,1,1,1,0,1S,1H,0.2900691835689962,18,44,True,True,True,True,4052
top_four,dendro,bigram,no_origin,6,unith,25,Nielsen,Oct_22_g0,0.999896608767576,,,,9,9,20,4,8,0,6,1,1,1,2,0,1S,2H,0.5667519925764399,18,44,True,True,True,True,4052
top_four,dendro,bigram,no_origin,6,unith,25,Nielsen,Oct_22_g0,0.999896608767576,,,,9,9,20,4,8,0,6,2,1,1,3,0,1S,3H,0.3883665733189352,18,57,True,True,True,True,4052
top_four,dendro,bigram,no_origin,6,unith,25,Nielsen,Oct_22_g0,0.999896608767576,,,,9,9,20,4,8,0,6,3,1,1,4,0,1S,4H,0.4276416493993242,18,21,True,True,True,True,4052
top_four,dendro,bigram,no_origin,6,unith,25,Nielsen,Oct_22_g0,0.999896608767576,,,,9,,20,4,8,0,6,4,1,1,5,0,1S,5H,,18,0,True,False,True,False,4052
top_four,dendro,bigram,no_origin,6,unith,25,Nielsen,Oct_22_g0,0.999896608767576,,,,9,,20,4,8,0,6,5,1,1,6,0,1S,6H,,18,0,True,False,True,False,4052
top_four,dendro,bigram,no_origin,6,unith,25,Nielsen,Oct_22_g0,0.999896608767576,,,,9,9,20,4,8,0,6,6,1,1,1,1,1S,1S,0.47559492555512284,18,18,True,True,True,True,4052
top_four,dendro,bigram,no_origin,6,unith,25,Nielsen,Oct_22_g0,0.999896608767576,,,,9,9,20,4,8,0,6,7,1,1,2,1,1S,2S,0.3854409333475459,18,25,True,True,True,True,4052
top_four,dendro,bigram,no_origin,6,unith,25,Nielsen,Oct_22_g0,0.999896608767576,,,,9,9,20,4,8,0,6,8,1,1,3,1,1S,3S,0.19764307522635005,18,20,True,True,True,True,4052
top_four,dendro,bigram,no_origin,6,unith,25,Nielsen,Oct_22_g0,0.999896608767576,,,,9,9,20,4,8,0,6,9,1,1,4,1,1S,4S,0.28465988101827916,18,61,True,True,True,True,4052
top_four,dendro,bigram,no_origin,6,unith,25,Nielsen,Oct_22_g0,0.999896608767576,,,,9,9,20,4,8,0,6,10,1,1,5,1,1S,5S,-0.04041154616793878,18,88,True,True,True,True,4052
top_four,dendro,bigram,no_origin,6,unith,25,Nielsen,Oct_22_g0,0.999896608767576,,,,9,9,20,4,8,0,6,11,1,1,6,1,1S,6S,0.051099622406739285,18,77,True,True,True,True,4052
top_four,dendro,bigram,no_origin,6,unith,25,Nielsen,Oct_22_g0,0.999896608767576,,,,9,9,20,4,8,0,7,0,2,1,1,0,2S,1H,0.23404913903339514,25,44,True,True,True,True,4052
top_four,dendro,bigram,no_origin,6,unith,25,Nielsen,Oct_22_g0,0.999896608767576,,,,9,9,20,4,8,0,7,1,2,1,2,0,2S,2H,0.41768797479411235,25,44,True,True,True,True,4052
top_four,dendro,bigram,no_origin,6,unith,25,Nielsen,Oct_22_g0,0.999896608767576,,,,9,9,20,4,8,0,7,2,2,1,3,0,2S,3H,0.25600825958179724,25,57,True,True,True,True,4052
top_four,dendro,bigram,no_origin,6,unith,25,Nielsen,Oct_22_g0,0.999896608767576,,,,9,9,20,4,8,0,7,3,2,1,4,0,2S,4H,0.2615637656678139,25,21,True,True,True,True,4052
top_four,dendro,bigram,no_origin,6,unith,25,Nielsen,Oct_22_g0,0.999896608767576,,,,9,,20,4,8,0,7,4,2,1,5,0,2S,5H,,25,0,True,False,True,False,4052
top_four,dendro,bigram,no_origin,6,unith,25,Nielsen,Oct_22_g0,0.999896608767576,,,,9,,20,4,8,0,7,5,2,1,6,0,2S,6H,,25,0,True,False,True,False,4052
top_four,dendro,bigram,no_origin,6,unith,25,Nielsen,Oct_22_g0,0.999896608767576,,,,9,9,20,4,8,0,7,6,2,1,1,1,2S,1S,0.3854409333475459,25,18,True,True,True,True,4052
top_four,dendro,bigram,no_origin,6,unith,25,Nielsen,Oct_22_g0,0.999896608767576,,,,9,9,20,4,8,0,7,7,2,1,2,1,2S,2S,0.37536294914093854,25,25,True,True,True,True,4052
top_four,dendro,bigram,no_origin,6,unith,25,Nielsen,Oct_22_g0,0.999896608767576,,,,9,9,20,4,8,0,7,8,2,1,3,1,2S,3S,0.10406511039671351,25,20,True,True,True,True,4052
top_four,dendro,bigram,no_origin,6,unith,25,Nielsen,Oct_22_g0,0.999896608767576,,,,9,9,20,4,8,0,7,9,2,1,4,1,2S,4S,0.34818180005651905,25,61,True,True,True,True,4052
top_four,dendro,bigram,no_origin,6,unith,25,Nielsen,Oct_22_g0,0.999896608767576,,,,9,9,20,4,8,0,7,10,2,1,5,1,2S,5S,0.03692429654717271,25,88,True,True,True,True,4052
top_four,dendro,bigram,no_origin,6,unith,25,Nielsen,Oct_22_g0,0.999896608767576,,,,9,9,20,4,8,0,7,11,2,1,6,1,2S,6S,0.2760445734484504,25,77,True,True,True,True,4052
top_four,dendro,bigram,no_origin,6,unith,25,Nielsen,Oct_22_g0,0.999896608767576,,,,9,9,20,4,8,0,8,0,3,1,1,0,3S,1H,0.06436481315282169,20,44,True,True,True,True,4052
top_four,dendro,bigram,no_origin,6,unith,25,Nielsen,Oct_22_g0,0.999896608767576,,,,9,9,20,4,8,0,8,1,3,1,2,0,3S,2H,0.15310438280691657,20,44,True,True,True,True,4052
top_four,dendro,bigram,no_origin,6,unith,25,Nielsen,Oct_22_g0,0.999896608767576,,,,9,9,20,4,8,0,8,2,3,1,3,0,3S,3H,0.13645556544590137,20,57,True,True,True,True,4052
top_four,dendro,bigram,no_origin,6,unith,25,Nielsen,Oct_22_g0,0.999896608767576,,,,9,9,20,4,8,0,8,3,3,1,4,0,3S,4H,0.15397425693967742,20,21,True,True,True,True,4052
top_four,dendro,bigram,no_origin,6,unith,25,Nielsen,Oct_22_g0,0.999896608767576,,,,9,,20,4,8,0,8,4,3,1,5,0,3S,5H,,20,0,True,False,True,False,4052
top_four,dendro,bigram,no_origin,6,unith,25,Nielsen,Oct_22_g0,0.999896608767576,,,,9,,20,4,8,0,8,5,3,1,6,0,3S,6H,,20,0,True,False,True,False,4052
top_four,dendro,bigram,no_origin,6,unith,25,Nielsen,Oct_22_g0,0.999896608767576,,,,9,9,20,4,8,0,8,6,3,1,1,1,3S,1S,0.19764307522635005,20,18,True,True,True,True,4052
top_four,dendro,bigram,no_origin,6,unith,25,Nielsen,Oct_22_g0,0.999896608767576,,,,9,9,20,4,8,0,8,7,3,1,2,1,3S,2S,0.10406511039671351,20,25,True,True,True,True,4052
top_four,dendro,bigram,no_origin,6,unith,25,Nielsen,Oct_22_g0,0.999896608767576,,,,9,9,20,4,8,0,8,8,3,1,3,1,3S,3S,0.12192684677253594,20,20,True,True,True,True,4052
top_four,dendro,bigram,no_origin,6,unith,25,Nielsen,Oct_22_g0,0.999896608767576,,,,9,9,20,4,8,0,8,9,3,1,4,1,3S,4S,0.12637896038764776,20,61,True,True,True,True,4052
top_four,dendro,bigram,no_origin,6,unith,25,Nielsen,Oct_22_g0,0.999896608767576,,,,9,9,20,4,8,0,8,10,3,1,5,1,3S,5S,0.37655897637236807,20,88,True,True,True,True,4052
top_four,dendro,bigram,no_origin,6,unith,25,Nielsen,Oct_22_g0,0.999896608767576,,,,9,9,20,4,8,0,8,11,3,1,6,1,3S,6S,-0.052144795963777524,20,77,True,True,True,True,4052
top_four,dendro,bigram,no_origin,6,unith,25,Nielsen,Oct_22_g0,0.999896608767576,,,,9,9,20,4,8,0,9,0,4,1,1,0,4S,1H,0.16972645367806896,61,44,True,True,True,True,4052
top_four,dendro,bigram,no_origin,6,unith,25,Nielsen,Oct_22_g0,0.999896608767576,,,,9,9,20,4,8,0,9,1,4,1,2,0,4S,2H,0.2367605051101805,61,44,True,True,True,True,4052
top_four,dendro,bigram,no_origin,6,unith,25,Nielsen,Oct_22_g0,0.999896608767576,,,,9,9,20,4,8,0,9,2,4,1,3,0,4S,3H,0.12951692077145582,61,57,True,True,True,True,4052
top_four,dendro,bigram,no_origin,6,unith,25,Nielsen,Oct_22_g0,0.999896608767576,,,,9,9,20,4,8,0,9,3,4,1,4,0,4S,4H,0.11123574868659261,61,21,True,True,True,True,4052
top_four,dendro,bigram,no_origin,6,unith,25,Nielsen,Oct_22_g0,0.999896608767576,,,,9,,20,4,8,0,9,4,4,1,5,0,4S,5H,,61,0,True,False,True,False,4052
top_four,dendro,bigram,no_origin,6,unith,25,Nielsen,Oct_22_g0,0.999896608767576,,,,9,,20,4,8,0,9,5,4,1,6,0,4S,6H,,61,0,True,False,True,False,4052
top_four,dendro,bigram,no_origin,6,unith,25,Nielsen,Oct_22_g0,0.999896608767576,,,,9,9,20,4,8,0,9,6,4,1,1,1,4S,1S,0.28465988101827916,61,18,True,True,True,True,4052
top_four,dendro,bigram,no_origin,6,unith,25,Nielsen,Oct_22_g0,0.999896608767576,,,,9,9,20,4,8,0,9,7,4,1,2,1,4S,2S,0.34818180005651905,61,25,True,True,True,True,4052
top_four,dendro,bigram,no_origin,6,unith,25,Nielsen,Oct_22_g0,0.999896608767576,,,,9,9,20,4,8,0,9,8,4,1,3,1,4S,3S,0.12637896038764776,61,20,True,True,True,True,4052
top_four,dendro,bigram,no_origin,6,unith,25,Nielsen,Oct_22_g0,0.999896608767576,,,,9,9,20,4,8,0,9,9,4,1,4,1,4S,4S,0.11130796994170343,61,61,True,True,True,True,4052
top_four,dendro,bigram,no_origin,6,unith,25,Nielsen,Oct_22_g0,0.999896608767576,,,,9,9,20,4,8,0,9,10,4,1,5,1,4S,5S,0.07894878737403953,61,88,True,True,True,True,4052
top_four,dendro,bigram,no_origin,6,unith,25,Nielsen,Oct_22_g0,0.999896608767576,,,,9,9,20,4,8,0,9,11,4,1,6,1,4S,6S,0.2485578115541174,61,77,True,True,True,True,4052
top_four,dendro,bigram,no_origin,6,unith,25,Nielsen,Oct_22_g0,0.999896608767576,,,,9,9,20,4,8,0,10,0,5,1,1,0,5S,1H,0.0804925361771084,88,44,True,True,True,True,4052
top_four,dendro,bigram,no_origin,6,unith,25,Nielsen,Oct_22_g0,0.999896608767576,,,,9,9,20,4,8,0,10,1,5,1,2,0,5S,2H,-0.006271640947537236,88,44,True,True,True,True,4052
top_four,dendro,bigram,no_origin,6,unith,25,Nielsen,Oct_22_g0,0.999896608767576,,,,9,9,20,4,8,0,10,2,5,1,3,0,5S,3H,0.03251098451870703,88,57,True,True,True,True,4052
top_four,dendro,bigram,no_origin,6,unith,25,Nielsen,Oct_22_g0,0.999896608767576,,,,9,9,20,4,8,0,10,3,5,1,4,0,5S,4H,-0.026715037329224253,88,21,True,True,True,True,4052
top_four,dendro,bigram,no_origin,6,unith,25,Nielsen,Oct_22_g0,0.999896608767576,,,,9,,20,4,8,0,10,4,5,1,5,0,5S,5H,,88,0,True,False,True,False,4052
top_four,dendro,bigram,no_origin,6,unith,25,Nielsen,Oct_22_g0,0.999896608767576,,,,9,,20,4,8,0,10,5,5,1,6,0,5S,6H,,88,0,True,False,True,False,4052
top_four,dendro,bigram,no_origin,6,unith,25,Nielsen,Oct_22_g0,0.999896608767576,,,,9,9,20,4,8,0,10,6,5,1,1,1,5S,1S,-0.04041154616793878,88,18,True,True,True,True,4052
top_four,dendro,bigram,no_origin,6,unith,25,Nielsen,Oct_22_g0,0.999896608767576,,,,9,9,20,4,8,0,10,7,5,1,2,1,5S,2S,0.03692429654717271,88,25,True,True,True,True,4052
top_four,dendro,bigram,no_origin,6,unith,25,Nielsen,Oct_22_g0,0.999896608767576,,,,9,9,20,4,8,0,10,8,5,1,3,1,5S,3S,0.37655897637236807,88,20,True,True,True,True,4052
top_four,dendro,bigram,no_origin,6,unith,25,Nielsen,Oct_22_g0,0.999896608767576,,,,9,9,20,4,8,0,10,9,5,1,4,1,5S,4S,0.07894878737403953,88,61,True,True,True,True,4052
top_four,dendro,bigram,no_origin,6,unith,25,Nielsen,Oct_22_g0,0.999896608767576,,,,9,9,20,4,8,0,10,10,5,1,5,1,5S,5S,0.28605812023273713,88,88,True,True,True,True,4052
top_four,dendro,bigram,no_origin,6,unith,25,Nielsen,Oct_22_g0,0.999896608767576,,,,9,9,20,4,8,0,10,11,5,1,6,1,5S,6S,-0.03417578254524158,88,77,True,True,True,True,4052
top_four,dendro,bigram,no_origin,6,unith,25,Nielsen,Oct_22_g0,0.999896608767576,,,,9,9,20,4,8,0,11,0,6,1,1,0,6S,1H,0.030621223786173882,77,44,True,True,True,True,4052
top_four,dendro,bigram,no_origin,6,unith,25,Nielsen,Oct_22_g0,0.999896608767576,,,,9,9,20,4,8,0,11,1,6,1,2,0,6S,2H,0.12708312756538212,77,44,True,True,True,True,4052
top_four,dendro,bigram,no_origin,6,unith,25,Nielsen,Oct_22_g0,0.999896608767576,,,,9,9,20,4,8,0,11,2,6,1,3,0,6S,3H,0.03206199285766926,77,57,True,True,True,True,4052
top_four,dendro,bigram,no_origin,6,unith,25,Nielsen,Oct_22_g0,0.999896608767576,,,,9,9,20,4,8,0,11,3,6,1,4,0,6S,4H,0.15432750648243687,77,21,True,True,True,True,4052
top_four,dendro,bigram,no_origin,6,unith,25,Nielsen,Oct_22_g0,0.999896608767576,,,,9,,20,4,8,0,11,4,6,1,5,0,6S,5H,,77,0,True,False,True,False,4052
top_four,dendro,bigram,no_origin,6,unith,25,Nielsen,Oct_22_g0,0.999896608767576,,,,9,,20,4,8,0,11,5,6,1,6,0,6S,6H,,77,0,True,False,True,False,4052
top_four,dendro,bigram,no_origin,6,unith,25,Nielsen,Oct_22_g0,0.999896608767576,,,,9,9,20,4,8,0,11,6,6,1,1,1,6S,1S,0.051099622406739285,77,18,True,True,True,True,4052
top_four,dendro,bigram,no_origin,6,unith,25,Nielsen,Oct_22_g0,0.999896608767576,,,,9,9,20,4,8,0,11,7,6,1,2,1,6S,2S,0.2760445734484504,77,25,True,True,True,True,4052
top_four,dendro,bigram,no_origin,6,unith,25,Nielsen,Oct_22_g0,0.999896608767576,,,,9,9,20,4,8,0,11,8,6,1,3,1,6S,3S,-0.052144795963777524,77,20,True,True,True,True,4052
top_four,dendro,bigram,no_origin,6,unith,25,Nielsen,Oct_22_g0,0.999896608767576,,,,9,9,20,4,8,0,11,9,6,1,4,1,6S,4S,0.2485578115541174,77,61,True,True,True,True,4052
top_four,dendro,bigram,no_origin,6,unith,25,Nielsen,Oct_22_g0,0.999896608767576,,,,9,9,20,4,8,0,11,10,6,1,5,1,6S,5S,-0.03417578254524158,77,88,True,True,True,True,4052
top_four,dendro,bigram,no_origin,6,unith,25,Nielsen,Oct_22_g0,0.999896608767576,,,,9,9,20,4,8,0,11,11,6,1,6,1,6S,6S,0.39185569089709305,77,77,True,True,True,True,4052
