scope,label_source,feature,variant,k,space,dim,monkey,session,snr_auc,svm_auc,oof_balanced_acc,dendro_agreement_2345,half_i,half_j,n_splits,min_trials,min_stable,seed,cell_i,cell_j,maze_i,strategy_i,maze_j,strategy_j,name_i,name_j,r,n_trials_i,n_trials_j,present_i,present_j,stable_i,stable_j,n_degenerate
top_ten,svm,bigram,no_origin,12,unith,121,Faure,june_09_09_g0,0.977531857813548,0.9802146210596914,0.9290744466800804,0.6304347826086957,4,4,20,4,8,0,0,0,1,0,1,0,1H,1H,0.3281538297236618,39,39,True,True,True,True,80
top_ten,svm,bigram,no_origin,12,unith,121,Faure,june_09_09_g0,0.977531857813548,0.9802146210596914,0.9290744466800804,0.6304347826086957,4,4,20,4,8,0,0,1,1,0,2,0,1H,2H,0.21813848612893447,39,37,True,True,True,True,80
top_ten,svm,bigram,no_origin,12,unith,121,Faure,june_09_09_g0,0.977531857813548,0.9802146210596914,0.9290744466800804,0.6304347826086957,4,4,20,4,8,0,0,2,1,0,3,0,1H,3H,0.19153112411556789,39,53,True,True,True,True,80
top_ten,svm,bigram,no_origin,12,unith,121,Faure,june_09_09_g0,0.977531857813548,0.9802146210596914,0.9290744466800804,0.6304347826086957,4,4,20,4,8,0,0,3,1,0,4,0,1H,4H,0.23806760553613504,39,8,True,True,True,True,80
top_ten,svm,bigram,no_origin,12,unith,121,Faure,june_09_09_g0,0.977531857813548,0.9802146210596914,0.9290744466800804,0.6304347826086957,4,,20,4,8,0,0,4,1,0,5,0,1H,5H,,39,0,True,False,True,False,80
top_ten,svm,bigram,no_origin,12,unith,121,Faure,june_09_09_g0,0.977531857813548,0.9802146210596914,0.9290744466800804,0.6304347826086957,4,,20,4,8,0,0,5,1,0,6,0,1H,6H,,39,0,True,False,True,False,80
top_ten,svm,bigram,no_origin,12,unith,121,Faure,june_09_09_g0,0.977531857813548,0.9802146210596914,0.9290744466800804,0.6304347826086957,4,,20,4,8,0,0,6,1,0,1,1,1H,1S,,39,0,True,False,True,False,80
top_ten,svm,bigram,no_origin,12,unith,121,Faure,june_09_09_g0,0.977531857813548,0.9802146210596914,0.9290744466800804,0.6304347826086957,4,4,20,4,8,0,0,7,1,0,2,1,1H,2S,0.13740198563488465,39,25,True,True,True,True,80
top_ten,svm,bigram,no_origin,12,unith,121,Faure,june_09_09_g0,0.977531857813548,0.9802146210596914,0.9290744466800804,0.6304347826086957,4,4,20,4,8,0,0,8,1,0,3,1,1H,3S,0.34301737475183847,39,11,True,True,True,True,80
top_ten,svm,bigram,no_origin,12,unith,121,Faure,june_09_09_g0,0.977531857813548,0.9802146210596914,0.9290744466800804,0.6304347826086957,4,4,20,4,8,0,0,9,1,0,4,1,1H,4S,0.2843058716502689,39,65,True,True,True,True,80
top_ten,svm,bigram,no_origin,12,unith,121,Faure,june_09_09_g0,0.977531857813548,0.9802146210596914,0.9290744466800804,0.6304347826086957,4,4,20,4,8,0,0,10,1,0,5,1,1H,5S,0.19030257512991086,39,56,True,True,True,True,80
top_ten,svm,bigram,no_origin,12,unith,121,Faure,june_09_09_g0,0.977531857813548,0.9802146210596914,0.9290744466800804,0.6304347826086957,4,4,20,4,8,0,0,11,1,0,6,1,1H,6S,0.14779645724545384,39,66,True,True,True,True,80
top_ten,svm,bigram,no_origin,12,unith,121,Faure,june_09_09_g0,0.977531857813548,0.9802146210596914,0.9290744466800804,0.6304347826086957,4,4,20,4,8,0,1,0,2,0,1,0,2H,1H,0.21813848612893447,37,39,True,True,True,True,80
top_ten,svm,bigram,no_origin,12,unith,121,Faure,june_09_09_g0,0.977531857813548,0.9802146210596914,0.9290744466800804,0.6304347826086957,4,4,20,4,8,0,1,1,2,0,2,0,2H,2H,0.1883134818171278,37,37,True,True,True,True,80
top_ten,svm,bigram,no_origin,12,unith,121,Faure,june_09_09_g0,0.977531857813548,0.9802146210596914,0.9290744466800804,0.6304347826086957,4,4,20,4,8,0,1,2,2,0,3,0,2H,3H,0.16421869639275805,37,53,True,True,True,True,80
top_ten,svm,bigram,no_origin,12,unith,121,Faure,june_09_09_g0,0.977531857813548,0.9802146210596914,0.9290744466800804,0.6304347826086957,4,4,20,4,8,0,1,3,2,0,4,0,2H,4H,0.2092401472212498,37,8,True,True,True,True,80
top_ten,svm,bigram,no_origin,12,unith,121,Faure,june_09_09_g0,0.977531857813548,0.9802146210596914,0.9290744466800804,0.6304347826086957,4,,20,4,8,0,1,4,2,0,5,0,2H,5H,,37,0,True,False,True,False,80
top_ten,svm,bigram,no_origin,12,unith,121,Faure,june_09_09_g0,0.977531857813548,0.9802146210596914,0.9290744466800804,0.6304347826086957,4,,20,4,8,0,1,5,2,0,6,0,2H,6H,,37,0,True,False,True,False,80
top_ten,svm,bigram,no_origin,12,unith,121,Faure,june_09_09_g0,0.977531857813548,0.9802146210596914,0.9290744466800804,0.6304347826086957,4,,20,4,8,0,1,6,2,0,1,1,2H,1S,,37,0,True,False,True,False,80
top_ten,svm,bigram,no_origin,12,unith,121,Faure,june_09_09_g0,0.977531857813548,0.9802146210596914,0.9290744466800804,0.6304347826086957,4,4,20,4,8,0,1,7,2,0,2,1,2H,2S,0.15847454420142432,37,25,True,True,True,True,80
top_ten,svm,bigram,no_origin,12,unith,121,Faure,june_09_09_g0,0.977531857813548,0.9802146210596914,0.9290744466800804,0.6304347826086957,4,4,20,4,8,0,1,8,2,0,3,1,2H,3S,0.1831718602021907,37,11,True,True,True,True,80
top_ten,svm,bigram,no_origin,12,unith,121,Faure,june_09_09_g0,0.977531857813548,0.9802146210596914,0.9290744466800804,0.6304347826086957,4,4,20,4,8,0,1,9,2,0,4,1,2H,4S,0.18319538918550907,37,65,True,True,True,True,80
top_ten,svm,bigram,no_origin,12,unith,121,Faure,june_09_09_g0,0.977531857813548,0.9802146210596914,0.9290744466800804,0.6304347826086957,4,4,20,4,8,0,1,10,2,0,5,1,2H,5S,0.16290149436775717,37,56,True,True,True,True,80
top_ten,svm,bigram,no_origin,12,unith,121,Faure,june_09_09_g0,0.977531857813548,0.9802146210596914,0.9290744466800804,0.6304347826086957,4,4,20,4,8,0,1,11,2,0,6,1,2H,6S,0.12873634913725965,37,66,True,True,True,True,80
top_ten,svm,bigram,no_origin,12,unith,121,Faure,june_09_09_g0,0.977531857813548,0.9802146210596914,0.9290744466800804,0.6304347826086957,4,4,20,4,8,0,2,0,3,0,1,0,3H,1H,0.19153112411556789,53,39,True,True,True,True,80
top_ten,svm,bigram,no_origin,12,unith,121,Faure,june_09_09_g0,0.977531857813548,0.9802146210596914,0.9290744466800804,0.6304347826086957,4,4,20,4,8,0,2,1,3,0,2,0,3H,2H,0.16421869639275805,53,37,True,True,True,True,80
top_ten,svm,bigram,no_origin,12,unith,121,Faure,june_09_09_g0,0.977531857813548,0.9802146210596914,0.9290744466800804,0.6304347826086957,4,4,20,4,8,0,2,2,3,0,3,0,3H,3H,0.18311662896958292,53,53,True,True,True,True,80
top_ten,svm,bigram,no_origin,12,unith,121,Faure,june_09_09_g0,0.977531857813548,0.9802146210596914,0.9290744466800804,0.6304347826086957,4,4,20,4,8,0,2,3,3,0,4,0,3H,4H,0.1751678255385157,53,8,True,True,True,True,80
top_ten,svm,bigram,no_origin,12,unith,121,Faure,june_09_09_g0,0.977531857813548,0.9802146210596914,0.9290744466800804,0.6304347826086957,4,,20,4,8,0,2,4,3,0,5,0,3H,5H,,53,0,True,False,True,False,80
top_ten,svm,bigram,no_origin,12,unith,121,Faure,june_09_09_g0,0.977531857813548,0.9802146210596914,0.9290744466800804,0.6304347826086957,4,,20,4,8,0,2,5,3,0,6,0,3H,6H,,53,0,True,False,True,False,80
top_ten,svm,bigram,no_origin,12,unith,121,Faure,june_09_09_g0,0.977531857813548,0.9802146210596914,0.9290744466800804,0.6304347826086957,4,,20,4,8,0,2,6,3,0,1,1,3H,1S,,53,0,True,False,True,False,80
top_ten,svm,bigram,no_origin,12,unith,121,Faure,june_09_09_g0,0.977531857813548,0.9802146210596914,0.9290744466800804,0.6304347826086957,4,4,20,4,8,0,2,7,3,0,2,1,3H,2S,0.17301096610553346,53,25,True,True,True,True,80
top_ten,svm,bigram,no_origin,12,unith,121,Faure,june_09_09_g0,0.977531857813548,0.9802146210596914,0.9290744466800804,0.6304347826086957,4,4,20,4,8,0,2,8,3,0,3,1,3H,3S,0.27704924299989736,53,11,True,True,True,True,80
top_ten,svm,bigram,no_origin,12,unith,121,Faure,june_09_09_g0,0.977531857813548,0.9802146210596914,0.9290744466800804,0.6304347826086957,4,4,20,4,8,0,2,9,3,0,4,1,3H,4S,0.2382895481658432,53,65,True,True,True,True,80
top_ten,svm,bigram,no_origin,12,unith,121,Faure,june_09_09_g0,0.977531857813548,0.9802146210596914,0.9290744466800804,0.6304347826086957,4,4,20,4,8,0,2,10,3,0,5,1,3H,5S,0.12928636655067244,53,56,True,True,True,True,80
top_ten,svm,bigram,no_origin,12,unith,121,Faure,june_09_09_g0,0.977531857813548,0.9802146210596914,0.9290744466800804,0.6304347826086957,4,4,20,4,8,0,2,11,3,0,6,1,3H,6S,0.11449780522931663,53,66,True,True,True,True,80
top_ten,svm,bigram,no_origin,12,unith,121,Faure,june_09_09_g0,0.977531857813548,0.9802146210596914,0.9290744466800804,0.6304347826086957,4,4,20,4,8,0,3,0,4,0,1,0,4H,1H,0.23806760553613504,8,39,True,True,True,True,80
top_ten,svm,bigram,no_origin,12,unith,121,Faure,june_09_09_g0,0.977531857813548,0.9802146210596914,0.9290744466800804,0.6304347826086957,4,4,20,4,8,0,3,1,4,0,2,0,4H,2H,0.2092401472212498,8,37,True,True,True,True,80
top_ten,svm,bigram,no_origin,12,unith,121,Faure,june_09_09_g0,0.977531857813548,0.9802146210596914,0.9290744466800804,0.6304347826086957,4,4,20,4,8,0,3,2,4,0,3,0,4H,3H,0.1751678255385157,8,53,True,True,True,True,80
top_ten,svm,bigram,no_origin,12,unith,121,Faure,june_09_09_g0,0.977531857813548,0.9802146210596914,0.9290744466800804,0.6304347826086957,4,4,20,4,8,0,3,3,4,0,4,0,4H,4H,0.14031143197565693,8,8,True,True,True,True,80
top_ten,svm,bigram,no_origin,12,unith,121,Faure,june_09_09_g0,0.977531857813548,0.9802146210596914,0.9290744466800804,0.6304347826086957,4,,20,4,8,0,3,4,4,0,5,0,4H,5H,,8,0,True,False,True,False,80
top_ten,svm,bigram,no_origin,12,unith,121,Faure,june_09_09_g0,0.977531857813548,0.9802146210596914,0.9290744466800804,0.6304347826086957,4,,20,4,8,0,3,5,4,0,6,0,4H,6H,,8,0,True,False,True,False,80
top_ten,svm,bigram,no_origin,12,unith,121,Faure,june_09_09_g0,0.977531857813548,0.9802146210596914,0.9290744466800804,0.6304347826086957,4,,20,4,8,0,3,6,4,0,1,1,4H,1S,,8,0,True,False,True,False,80
top_ten,svm,bigram,no_origin,12,unith,121,Faure,june_09_09_g0,0.977531857813548,0.9802146210596914,0.9290744466800804,0.6304347826086957,4,4,20,4,8,0,3,7,4,0,2,1,4H,2S,0.0958358992482812,8,25,True,True,True,True,80
top_ten,svm,bigram,no_origin,12,unith,121,Faure,june_09_09_g0,0.977531857813548,0.9802146210596914,0.9290744466800804,0.6304347826086957,4,4,20,4,8,0,3,8,4,0,3,1,4H,3S,0.20617145008884652,8,11,True,True,True,True,80
top_ten,svm,bigram,no_origin,12,unith,121,Faure,june_09_09_g0,0.977531857813548,0.9802146210596914,0.9290744466800804,0.6304347826086957,4,4,20,4,8,0,3,9,4,0,4,1,4H,4S,0.2207443340319457,8,65,True,True,True,True,80
top_ten,svm,bigram,no_origin,12,unith,121,Faure,june_09_09_g0,0.977531857813548,0.9802146210596914,0.9290744466800804,0.6304347826086957,4,4,20,4,8,0,3,10,4,0,5,1,4H,5S,0.15158304810228446,8,56,True,True,True,True,80
top_ten,svm,bigram,no_origin,12,unith,121,Faure,june_09_09_g0,0.977531857813548,0.9802146210596914,0.9290744466800804,0.6304347826086957,4,4,20,4,8,0,3,11,4,0,6,1,4H,6S,0.08729854518890558,8,66,True,True,True,True,80
top_ten,svm,bigram,no_origin,12,unith,121,Faure,june_09_09_g0,0.977531857813548,0.9802146210596914,0.9290744466800804,0.6304347826086957,,4,20,4,8,0,4,0,5,0,1,0,5H,1H,,0,39,False,True,False,True,80
top_ten,svm,bigram,no_origin,12,unith,121,Faure,june_09_09_g0,0.977531857813548,0.9802146210596914,0.9290744466800804,0.6304347826086957,,4,20,4,8,0,4,1,5,0,2,0,5H,2H,,0,37,False,True,False,True,80
top_ten,svm,bigram,no_origin,12,unith,121,Faure,june_09_09_g0,0.977531857813548,0.9802146210596914,0.9290744466800804,0.6304347826086957,,4,20,4,8,0,4,2,5,0,3,0,5H,3H,,0,53,False,True,False,True,80
top_ten,svm,bigram,no_origin,12,unith,121,Faure,june_09_09_g0,0.977531857813548,0.9802146210596914,0.9290744466800804,0.6304347826086957,,4,20,4,8,0,4,3,5,0,4,0,5H,4H,,0,8,False,True,False,True,80
top_ten,svm,bigram,no_origin,12,unith,121,Faure,june_09_09_g0,0.977531857813548,0.9802146210596914,0.9290744466800804,0.6304347826086957,,,20,4,8,0,4,4,5,0,5,0,5H,5H,,0,0,False,False,False,False,80
top_ten,svm,bigram,no_origin,12,unith,121,Faure,june_09_09_g0,0.977531857813548,0.9802146210596914,0.9290744466800804,0.6304347826086957,,,20,4,8,0,4,5,5,0,6,0,5H,6H,,0,0,False,False,False,False,80
top_ten,svm,bigram,no_origin,12,unith,121,Faure,june_09_09_g0,0.977531857813548,0.9802146210596914,0.9290744466800804,0.6304347826086957,,,20,4,8,0,4,6,5,0,1,1,5H,1S,,0,0,False,False,False,False,80
top_ten,svm,bigram,no_origin,12,unith,121,Faure,june_09_09_g0,0.977531857813548,0.9802146210596914,0.9290744466800804,0.6304347826086957,,4,20,4,8,0,4,7,5,0,2,1,5H,2S,,0,25,False,True,False,True,80
top_ten,svm,bigram,no_origin,12,unith,121,Faure,june_09_09_g0,0.977531857813548,0.9802146210596914,0.9290744466800804,0.6304347826086957,,4,20,4,8,0,4,8,5,0,3,1,5H,3S,,0,11,False,True,False,True,80
top_ten,svm,bigram,no_origin,12,unith,121,Faure,june_09_09_g0,0.977531857813548,0.9802146210596914,0.9290744466800804,0.6304347826086957,,4,20,4,8,0,4,9,5,0,4,1,5H,4S,,0,65,False,True,False,True,80
top_ten,svm,bigram,no_origin,12,unith,121,Faure,june_09_09_g0,0.977531857813548,0.9802146210596914,0.9290744466800804,0.6304347826086957,,4,20,4,8,0,4,10,5,0,5,1,5H,5S,,0,56,False,True,False,True,80
top_ten,svm,bigram,no_origin,12,unith,121,Faure,june_09_09_g0,0.977531857813548,0.9802146210596914,0.9290744466800804,0.6304347826086957,,4,20,4,8,0,4,11,5,0,6,1,5H,6S,,0,66,False,True,False,True,80
top_ten,svm,bigram,no_origin,12,unith,121,Faure,june_09_09_g0,0.977531857813548,0.9802146210596914,0.9290744466800804,0.6304347826086957,,4,20,4,8,0,5,0,6,0,1,0,6H,1H,,0,39,False,True,False,True,80
top_ten,svm,bigram,no_origin,12,unith,121,Faure,june_09_09_g0,0.977531857813548,0.9802146210596914,0.9290744466800804,0.6304347826086957,,4,20,4,8,0,5,1,6,0,2,0,6H,2H,,0,37,False,True,False,True,80
top_ten,svm,bigram,no_origin,12,unith,121,Faure,june_09_09_g0,0.977531857813548,0.9802146210596914,0.9290744466800804,0.6304347826086957,,4,20,4,8,0,5,2,6,0,3,0,6H,3H,,0,53,False,True,False,True,80
top_ten,svm,bigram,no_origin,12,unith,121,Faure,june_09_09_g0,0.977531857813548,0.9802146210596914,0.9290744466800804,0.6304347826086957,,4,20,4,8,0,5,3,6,0,4,0,6H,4H,,0,8,False,True,False,True,80
top_ten,svm,bigram,no_origin,12,unith,121,Faure,june_09_09_g0,0.977531857813548,0.9802146210596914,0.9290744466800804,0.6304347826086957,,,20,4,8,0,5,4,6,0,5,0,6H,5H,,0,0,False,False,False,False,80
top_ten,svm,bigram,no_origin,12,unith,121,Faure,june_09_09_g0,0.977531857813548,0.9802146210596914,0.9290744466800804,0.6304347826086957,,,20,4,8,0,5,5,6,0,6,0,6H,6H,,0,0,False,False,False,False,80
top_ten,svm,bigram,no_origin,12,unith,121,Faure,june_09_09_g0,0.977531857813548,0.9802146210596914,0.9290744466800804,0.6304347826086957,,,20,4,8,0,5,6,6,0,1,1,6H,1S,,0,0,False,False,False,False,80
top_ten,svm,bigram,no_origin,12,unith,121,Faure,june_09_09_g0,0.977531857813548,0.9802146210596914,0.9290744466800804,0.6304347826086957,,4,20,4,8,0,5,7,6,0,2,1,6H,2S,,0,25,False,True,False,True,80
top_ten,svm,bigram,no_origin,12,unith,121,Faure,june_09_09_g0,0.977531857813548,0.9802146210596914,0.9290744466800804,0.6304347826086957,,4,20,4,8,0,5,8,6,0,3,1,6H,3S,,0,11,False,True,False,True,80
top_ten,svm,bigram,no_origin,12,unith,121,Faure,june_09_09_g0,0.977531857813548,0.9802146210596914,0.9290744466800804,0.6304347826086957,,4,20,4,8,0,5,9,6,0,4,1,6H,4S,,0,65,False,True,False,True,80
top_ten,svm,bigram,no_origin,12,unith,121,Faure,june_09_09_g0,0.977531857813548,0.9802146210596914,0.9290744466800804,0.6304347826086957,,4,20,4,8,0,5,10,6,0,5,1,6H,5S,,0,56,False,True,False,True,80
top_ten,svm,bigram,no_origin,12,unith,121,Faure,june_09_09_g0,0.977531857813548,0.9802146210596914,0.9290744466800804,0.6304347826086957,,4,20,4,8,0,5,11,6,0,6,1,6H,6S,,0,66,False,True,False,True,80
top_ten,svm,bigram,no_origin,12,unith,121,Faure,june_09_09_g0,0.977531857813548,0.9802146210596914,0.9290744466800804,0.6304347826086957,,4,20,4,8,0,6,0,1,1,1,0,1S,1H,,0,39,False,True,False,True,80
top_ten,svm,bigram,no_origin,12,unith,121,Faure,june_09_09_g0,0.977531857813548,0.9802146210596914,0.9290744466800804,0.6304347826086957,,4,20,4,8,0,6,1,1,1,2,0,1S,2H,,0,37,False,True,False,True,80
top_ten,svm,bigram,no_origin,12,unith,121,Faure,june_09_09_g0,0.977531857813548,0.9802146210596914,0.9290744466800804,0.6304347826086957,,4,20,4,8,0,6,2,1,1,3,0,1S,3H,,0,53,False,True,False,True,80
top_ten,svm,bigram,no_origin,12,unith,121,Faure,june_09_09_g0,0.977531857813548,0.9802146210596914,0.9290744466800804,0.6304347826086957,,4,20,4,8,0,6,3,1,1,4,0,1S,4H,,0,8,False,True,False,True,80
top_ten,svm,bigram,no_origin,12,unith,121,Faure,june_09_09_g0,0.977531857813548,0.9802146210596914,0.9290744466800804,0.6304347826086957,,,20,4,8,0,6,4,1,1,5,0,1S,5H,,0,0,False,False,False,False,80
top_ten,svm,bigram,no_origin,12,unith,121,Faure,june_09_09_g0,0.977531857813548,0.9802146210596914,0.9290744466800804,0.6304347826086957,,,20,4,8,0,6,5,1,1,6,0,1S,6H,,0,0,False,False,False,False,80
top_ten,svm,bigram,no_origin,12,unith,121,Faure,june_09_09_g0,0.977531857813548,0.9802146210596914,0.9290744466800804,0.6304347826086957,,,20,4,8,0,6,6,1,1,1,1,1S,1S,,0,0,False,False,False,False,80
top_ten,svm,bigram,no_origin,12,unith,121,Faure,june_09_09_g0,0.977531857813548,0.9802146210596914,0.9290744466800804,0.6304347826086957,,4,20,4,8,0,6,7,1,1,2,1,1S,2S,,0,25,False,True,False,True,80
top_ten,svm,bigram,no_origin,12,unith,121,Faure,june_09_09_g0,0.977531857813548,0.9802146210596914,0.9290744466800804,0.6304347826086957,,4,20,4,8,0,6,8,1,1,3,1,1S,3S,,0,11,False,True,False,True,80
top_ten,svm,bigram,no_origin,12,unith,121,Faure,june_09_09_g0,0.977531857813548,0.9802146210596914,0.9290744466800804,0.6304347826086957,,4,20,4,8,0,6,9,1,1,4,1,1S,4S,,0,65,False,True,False,True,80
top_ten,svm,bigram,no_origin,12,unith,121,Faure,june_09_09_g0,0.977531857813548,0.9802146210596914,0.9290744466800804,0.6304347826086957,,4,20,4,8,0,6,10,1,1,5,1,1S,5S,,0,56,False,True,False,True,80
top_ten,svm,bigram,no_origin,12,unith,121,Faure,june_09_09_g0,0.977531857813548,0.9802146210596914,0.9290744466800804,0.6304347826086957,,4,20,4,8,0,6,11,1,1,6,1,1S,6S,,0,66,False,True,False,True,80
top_ten,svm,bigram,no_origin,12,unith,121,Faure,june_09_09_g0,0.977531857813548,0.9802146210596914,0.9290744466800804,0.6304347826086957,4,4,20,4,8,0,7,0,2,1,1,0,2S,1H,0.13740198563488465,25,39,True,True,True,True,80
top_ten,svm,bigram,no_origin,12,unith,121,Faure,june_09_09_g0,0.977531857813548,0.9802146210596914,0.9290744466800804,0.6304347826086957,4,4,20,4,8,0,7,1,2,1,2,0,2S,2H,0.15847454420142432,25,37,True,True,True,True,80
top_ten,svm,bigram,no_origin,12,unith,121,Faure,june_09_09_g0,0.977531857813548,0.9802146210596914,0.9290744466800804,0.6304347826086957,4,4,20,4,8,0,7,2,2,1,3,0,2S,3H,0.17301096610553346,25,53,True,True,True,True,80
top_ten,svm,bigram,no_origin,12,unith,121,Faure,june_09_09_g0,0.977531857813548,0.9802146210596914,0.9290744466800804,0.6304347826086957,4,4,20,4,8,0,7,3,2,1,4,0,2S,4H,0.0958358992482812,25,8,True,True,True,True,80
top_ten,svm,bigram,no_origin,12,unith,121,Faure,june_09_09_g0,0.977531857813548,0.9802146210596914,0.9290744466800804,0.6304347826086957,4,,20,4,8,0,7,4,2,1,5,0,2S,5H,,25,0,True,False,True,False,80
top_ten,svm,bigram,no_origin,12,unith,121,Faure,june_09_09_g0,0.977531857813548,0.9802146210596914,0.9290744466800804,0.6304347826086957,4,,20,4,8,0,7,5,2,1,6,0,2S,6H,,25,0,True,False,True,False,80
top_ten,svm,bigram,no_origin,12,unith,121,Faure,june_09_09_g0,0.977531857813548,0.9802146210596914,0.9290744466800804,0.6304347826086957,4,,20,4,8,0,7,6,2,1,1,1,2S,1S,,25,0,True,False,True,False,80
top_ten,svm,bigram,no_origin,12,unith,121,Faure,june_09_09_g0,0.977531857813548,0.9802146210596914,0.9290744466800804,0.6304347826086957,4,4,20,4,8,0,7,7,2,1,2,1,2S,2S,0.07183878589820888,25,25,True,True,True,True,80
top_ten,svm,bigram,no_origin,12,unith,121,Faure,june_09_09_g0,0.977531857813548,0.9802146210596914,0.9290744466800804,0.6304347826086957,4,4,20,4,8,0,7,8,2,1,3,1,2S,3S,0.18300139067550514,25,11,True,True,True,True,80
top_ten,svm,bigram,no_origin,12,unith,121,Faure,june_09_09_g0,0.977531857813548,0.9802146210596914,0.9290744466800804,0.6304347826086957,4,4,20,4,8,0,7,9,2,1,4,1,2S,4S,0.14994326294540736,25,65,True,True,True,True,80
top_ten,svm,bigram,no_origin,12,unith,121,Faure,june_09_09_g0,0.977531857813548,0.9802146210596914,0.9290744466800804,0.6304347826086957,4,4,20,4,8,0,7,10,2,1,5,1,2S,5S,0.13988623183575416,25,56,True,True,True,True,80
top_ten,svm,bigram,no_origin,12,unith,121,Faure,june_09_09_g0,0.977531857813548,0.9802146210596914,0.9290744466800804,0.6304347826086957,4,4,20,4,8,0,7,11,2,1,6,1,2S,6S,0.11830950042851487,25,66,True,True,True,True,80
top_ten,svm,bigram,no_origin,12,unith,121,Faure,june_09_09_g0,0.977531857813548,0.9802146210596914,0.9290744466800804,0.6304347826086957,4,4,20,4,8,0,8,0,3,1,1,0,3S,1H,0.34301737475183847,11,39,True,True,True,True,80
top_ten,svm,bigram,no_origin,12,unith,121,Faure,june_09_09_g0,0.977531857813548,0.9802146210596914,0.9290744466800804,0.6304347826086957,4,4,20,4,8,0,8,1,3,1,2,0,3S,2H,0.1831718602021907,11,37,True,True,True,True,80
top_ten,svm,bigram,no_origin,12,unith,121,Faure,june_09_09_g0,0.977531857813548,0.9802146210596914,0.9290744466800804,0.6304347826086957,4,4,20,4,8,0,8,2,3,1,3,0,3S,3H,0.27704924299989736,11,53,True,True,True,True,80
top_ten,svm,bigram,no_origin,12,unith,121,Faure,june_09_09_g0,0.977531857813548,0.9802146210596914,0.9290744466800804,0.6304347826086957,4,4,20,4,8,0,8,3,3,1,4,0,3S,4H,0.20617145008884652,11,8,True,True,True,True,80
top_ten,svm,bigram,no_origin,12,unith,121,Faure,june_09_09_g0,0.977531857813548,0.9802146210596914,0.9290744466800804,0.6304347826086957,4,,20,4,8,0,8,4,3,1,5,0,3S,5H,,11,0,True,False,True,False,80
top_ten,svm,bigram,no_origin,12,unith,121,Faure,june_09_09_g0,0.977531857813548,0.9802146210596914,0.9290744466800804,0.6304347826086957,4,,20,4,8,0,8,5,3,1,6,0,3S,6H,,11,0,True,False,True,False,80
top_ten,svm,bigram,no_origin,12,unith,121,Faure,june_09_09_g0,0.977531857813548,0.9802146210596914,0.9290744466800804,0.6304347826086957,4,,20,4,8,0,8,6,3,1,1,1,3S,1S,,11,0,True,False,True,False,80
top_ten,svm,bigram,no_origin,12,unith,121,Faure,june_09_09_g0,0.977531857813548,0.9802146210596914,0.9290744466800804,0.6304347826086957,4,4,20,4,8,0,8,7,3,1,2,1,3S,2S,0.18300139067550514,11,25,True,True,True,True,80
top_ten,svm,bigram,no_origin,12,unith,121,Faure,june_09_09_g0,0.977531857813548,0.9802146210596914,0.9290744466800804,0.6304347826086957,4,4,20,4,8,0,8,8,3,1,3,1,3S,3S,0.5494653295368718,11,11,True,True,True,True,80
top_ten,svm,bigram,no_origin,12,unith,121,Faure,june_09_09_g0,0.977531857813548,0.9802146210596914,0.9290744466800804,0.6304347826086957,4,4,20,4,8,0,8,9,3,1,4,1,3S,4S,0.3941525531409031,11,65,True,True,True,True,80
top_ten,svm,bigram,no_origin,12,unith,121,Faure,june_09_09_g0,0.977531857813548,0.9802146210596914,0.9290744466800804,0.6304347826086957,4,4,20,4,8,0,8,10,3,1,5,1,3S,5S,0.16747456753674292,11,56,True,True,True,True,80
top_ten,svm,bigram,no_origin,12,unith,121,Faure,june_09_09_g0,0.977531857813548,0.9802146210596914,0.9290744466800804,0.6304347826086957,4,4,20,4,8,0,8,11,3,1,6,1,3S,6S,0.24179641757315545,11,66,True,True,True,True,80
top_ten,svm,bigram,no_origin,12,unith,121,Faure,june_09_09_g0,0.977531857813548,0.9802146210596914,0.9290744466800804,0.6304347826086957,4,4,20,4,8,0,9,0,4,1,1,0,4S,1H,0.2843058716502689,65,39,True,True,True,True,80
top_ten,svm,bigram,no_origin,12,unith,121,Faure,june_09_09_g0,0.977531857813548,0.9802146210596914,0.9290744466800804,0.6304347826086957,4,4,20,4,8,0,9,1,4,1,2,0,4S,2H,0.18319538918550907,65,37,True,True,True,True,80
top_ten,svm,bigram,no_origin,12,unith,121,Faure,june_09_09_g0,0.977531857813548,0.9802146210596914,0.9290744466800804,0.6304347826086957,4,4,20,4,8,0,9,2,4,1,3,0,4S,3H,0.2382895481658432,65,53,True,True,True,True,80
top_ten,svm,bigram,no_origin,12,unith,121,Faure,june_09_09_g0,0.977531857813548,0.9802146210596914,0.9290744466800804,0.6304347826086957,4,4,20,4,8,0,9,3,4,1,4,0,4S,4H,0.2207443340319457,65,8,True,True,True,True,80
top_ten,svm,bigram,no_origin,12,unith,121,Faure,june_09_09_g0,0.977531857813548,0.9802146210596914,0.9290744466800804,0.6304347826086957,4,,20,4,8,0,9,4,4,1,5,0,4S,5H,,65,0,True,False,True,False,80
top_ten,svm,bigram,no_origin,12,unith,121,Faure,june_09_09_g0,0.977531857813548,0.9802146210596914,0.9290744466800804,0.6304347826086957,4,,20,4,8,0,9,5,4,1,6,0,4S,6H,,65,0,True,False,True,False,80
top_ten,svm,bigram,no_origin,12,unith,121,Faure,june_09_09_g0,0.977531857813548,0.9802146210596914,0.9290744466800804,0.6304347826086957,4,,20,4,8,0,9,6,4,1,1,1,4S,1S,,65,0,True,False,True,False,80
top_ten,svm,bigram,no_origin,12,unith,121,Faure,june_09_09_g0,0.977531857813548,0.9802146210596914,0.9290744466800804,0.6304347826086957,4,4,20,4,8,0,9,7,4,1,2,1,4S,2S,0.14994326294540736,65,25,True,True,True,True,80
top_ten,svm,bigram,no_origin,12,unith,121,Faure,june_09_09_g0,0.977531857813548,0.9802146210596914,0.9290744466800804,0.6304347826086957,4,4,20,4,8,0,9,8,4,1,3,1,4S,3S,0.3941525531409031,65,11,True,True,True,True,80
top_ten,svm,bigram,no_origin,12,unith,121,Faure,june_09_09_g0,0.977531857813548,0.9802146210596914,0.9290744466800804,0.6304347826086957,4,4,20,4,8,0,9,9,4,1,4,1,4S,4S,0.27034036453625665,65,65,True,True,True,True,80
top_ten,svm,bigram,no_origin,12,unith,121,Faure,june_09_09_g0,0.977531857813548,0.9802146210596914,0.9290744466800804,0.6304347826086957,4,4,20,4,8,0,9,10,4,1,5,1,4S,5S,0.16839495756104958,65,56,True,True,True,True,80
top_ten,svm,bigram,no_origin,12,unith,121,Faure,june_09_09_g0,0.977531857813548,0.9802146210596914,0.9290744466800804,0.6304347826086957,4,4,20,4,8,0,9,11,4,1,6,1,4S,6S,0.18917505431272913,65,66,True,True,True,True,80
top_ten,svm,bigram,no_origin,12,unith,121,Faure,june_09_09_g0,0.977531857813548,0.9802146210596914,0.9290744466800804,0.6304347826086957,4,4,20,4,8,0,10,0,5,1,1,0,5S,1H,0.19030257512991086,56,39,True,True,True,True,80
top_ten,svm,bigram,no_origin,12,unith,121,Faure,june_09_09_g0,0.977531857813548,0.9802146210596914,0.9290744466800804,0.6304347826086957,4,4,20,4,8,0,10,1,5,1,2,0,5S,2H,0.16290149436775717,56,37,True,True,True,True,80
top_ten,svm,bigram,no_origin,12,unith,121,Faure,june_09_09_g0,0.977531857813548,0.9802146210596914,0.9290744466800804,0.6304347826086957,4,4,20,4,8,0,10,2,5,1,3,0,5S,3H,0.12928636655067244,56,53,True,True,True,True,80
top_ten,svm,bigram,no_origin,12,unith,121,Faure,june_09_09_g0,0.977531857813548,0.9802146210596914,0.9290744466800804,0.6304347826086957,4,4,20,4,8,0,10,3,5,1,4,0,5S,4H,0.15158304810228446,56,8,True,True,True,True,80
top_ten,svm,bigram,no_origin,12,unith,121,Faure,june_09_09_g0,0.977531857813548,0.9802146210596914,0.9290744466800804,0.6304347826086957,4,,20,4,8,0,10,4,5,1,5,0,5S,5H,,56,0,True,False,True,False,80
top_ten,svm,bigram,no_origin,12,unith,121,Faure,june_09_09_g0,0.977531857813548,0.9802146210596914,0.9290744466800804,0.6304347826086957,4,,20,4,8,0,10,5,5,1,6,0,5S,6H,,56,0,True,False,True,False,80
top_ten,svm,bigram,no_origin,12,unith,121,Faure,june_09_09_g0,0.977531857813548,0.9802146210596914,0.9290744466800804,0.6304347826086957,4,,20,4,8,0,10,6,5,1,1,1,5S,1S,,56,0,True,False,True,False,80
top_ten,svm,bigram,no_origin,12,unith,121,Faure,june_09_09_g0,0.977531857813548,0.9802146210596914,0.9290744466800804,0.6304347826086957,4,4,20,4,8,0,10,7,5,1,2,1,5S,2S,0.13988623183575416,56,25,True,True,True,True,80
top_ten,svm,bigram,no_origin,12,unith,121,Faure,june_09_09_g0,0.977531857813548,0.9802146210596914,0.9290744466800804,0.6304347826086957,4,4,20,4,8,0,10,8,5,1,3,1,5S,3S,0.16747456753674292,56,11,True,True,True,True,80
top_ten,svm,bigram,no_origin,12,unith,121,Faure,june_09_09_g0,0.977531857813548,0.9802146210596914,0.9290744466800804,0.6304347826086957,4,4,20,4,8,0,10,9,5,1,4,1,5S,4S,0.16839495756104958,56,65,True,True,True,True,80
top_ten,svm,bigram,no_origin,12,unith,121,Faure,june_09_09_g0,0.977531857813548,0.9802146210596914,0.9290744466800804,0.6304347826086957,4,4,20,4,8,0,10,10,5,1,5,1,5S,5S,0.07796395974391787,56,56,True,True,True,True,80
top_ten,svm,bigram,no_origin,12,unith,121,Faure,june_09_09_g0,0.977531857813548,0.9802146210596914,0.9290744466800804,0.6304347826086957,4,4,20,4,8,0,10,11,5,1,6,1,5S,6S,0.07786540664384602,56,66,True,True,True,True,80
top_ten,svm,bigram,no_origin,12,unith,121,Faure,june_09_09_g0,0.977531857813548,0.9802146210596914,0.9290744466800804,0.6304347826086957,4,4,20,4,8,0,11,0,6,1,1,0,6S,1H,0.14779645724545384,66,39,True,True,True,True,80
top_ten,svm,bigram,no_origin,12,unith,121,Faure,june_09_09_g0,0.977531857813548,0.9802146210596914,0.9290744466800804,0.6304347826086957,4,4,20,4,8,0,11,1,6,1,2,0,6S,2H,0.12873634913725965,66,37,True,True,True,True,80
top_ten,svm,bigram,no_origin,12,unith,121,Faure,june_09_09_g0,0.977531857813548,0.9802146210596914,0.9290744466800804,0.6304347826086957,4,4,20,4,8,0,11,2,6,1,3,0,6S,3H,0.11449780522931663,66,53,True,True,True,True,80
top_ten,svm,bigram,no_origin,12,unith,121,Faure,june_09_09_g0,0.977531857813548,0.9802146210596914,0.9290744466800804,0.6304347826086957,4,4,20,4,8,0,11,3,6,1,4,0,6S,4H,0.08729854518890558,66,8,True,True,True,True,80
top_ten,svm,bigram,no_origin,12,unith,121,Faure,june_09_09_g0,0.977531857813548,0.9802146210596914,0.9290744466800804,0.6304347826086957,4,,20,4,8,0,11,4,6,1,5,0,6S,5H,,66,0,True,False,True,False,80
top_ten,svm,bigram,no_origin,12,unith,121,Faure,june_09_09_g0,0.977531857813548,0.9802146210596914,0.9290744466800804,0.6304347826086957,4,,20,4,8,0,11,5,6,1,6,0,6S,6H,,66,0,True,False,True,False,80
top_ten,svm,bigram,no_origin,12,unith,121,Faure,june_09_09_g0,0.977531857813548,0.9802146210596914,0.9290744466800804,0.6304347826086957,4,,20,4,8,0,11,6,6,1,1,1,6S,1S,,66,0,True,False,True,False,80
top_ten,svm,bigram,no_origin,12,unith,121,Faure,june_09_09_g0,0.977531857813548,0.9802146210596914,0.9290744466800804,0.6304347826086957,4,4,20,4,8,0,11,7,6,1,2,1,6S,2S,0.11830950042851487,66,25,True,True,True,True,80
top_ten,svm,bigram,no_origin,12,unith,121,Faure,june_09_09_g0,0.977531857813548,0.9802146210596914,0.9290744466800804,0.6304347826086957,4,4,20,4,8,0,11,8,6,1,3,1,6S,3S,0.24179641757315545,66,11,True,True,True,True,80
top_ten,svm,bigram,no_origin,12,unith,121,Faure,june_09_09_g0,0.977531857813548,0.9802146210596914,0.9290744466800804,0.6304347826086957,4,4,20,4,8,0,11,9,6,1,4,1,6S,4S,0.18917505431272913,66,65,True,True,True,True,80
top_ten,svm,bigram,no_origin,12,unith,121,Faure,june_09_09_g0,0.977531857813548,0.9802146210596914,0.9290744466800804,0.6304347826086957,4,4,20,4,8,0,11,10,6,1,5,1,6S,5S,0.07786540664384602,66,56,True,True,True,True,80
top_ten,svm,bigram,no_origin,12,unith,121,Faure,june_09_09_g0,0.977531857813548,0.9802146210596914,0.9290744466800804,0.6304347826086957,4,4,20,4,8,0,11,11,6,1,6,1,6S,6S,0.17282631376744767,66,66,True,True,True,True,80
top_ten,svm,bigram,no_origin,12,unith,121,Faure,june_10_g0,0.972524154589372,0.9797705314009663,0.9405193236714976,0.6142857142857143,6,6,20,4,8,0,0,0,1,0,1,0,1H,1H,0.438286836794963,45,45,True,True,True,True,80
top_ten,svm,bigram,no_origin,12,unith,121,Faure,june_10_g0,0.972524154589372,0.9797705314009663,0.9405193236714976,0.6142857142857143,6,6,20,4,8,0,0,1,1,0,2,0,1H,2H,0.5491661330803367,45,49,True,True,True,True,80
top_ten,svm,bigram,no_origin,12,unith,121,Faure,june_10_g0,0.972524154589372,0.9797705314009663,0.9405193236714976,0.6142857142857143,6,6,20,4,8,0,0,2,1,0,3,0,1H,3H,0.4293795991407411,45,52,True,True,True,True,80
top_ten,svm,bigram,no_origin,12,unith,121,Faure,june_10_g0,0.972524154589372,0.9797705314009663,0.9405193236714976,0.6142857142857143,6,6,20,4,8,0,0,3,1,0,4,0,1H,4H,0.44839552499420277,45,15,True,True,True,True,80
top_ten,svm,bigram,no_origin,12,unith,121,Faure,june_10_g0,0.972524154589372,0.9797705314009663,0.9405193236714976,0.6142857142857143,6,6,20,4,8,0,0,4,1,0,5,0,1H,5H,0.30455535394453886,45,12,True,True,True,True,80
top_ten,svm,bigram,no_origin,12,unith,121,Faure,june_10_g0,0.972524154589372,0.9797705314009663,0.9405193236714976,0.6142857142857143,6,,20,4,8,0,0,5,1,0,6,0,1H,6H,,45,0,True,False,True,False,80
top_ten,svm,bigram,no_origin,12,unith,121,Faure,june_10_g0,0.972524154589372,0.9797705314009663,0.9405193236714976,0.6142857142857143,6,,20,4,8,0,0,6,1,0,1,1,1H,1S,,45,0,True,False,True,False,80
top_ten,svm,bigram,no_origin,12,unith,121,Faure,june_10_g0,0.972524154589372,0.9797705314009663,0.9405193236714976,0.6142857142857143,6,6,20,4,8,0,0,7,1,0,2,1,1H,2S,0.43703473432452633,45,16,True,True,True,True,80
top_ten,svm,bigram,no_origin,12,unith,121,Faure,june_10_g0,0.972524154589372,0.9797705314009663,0.9405193236714976,0.6142857142857143,6,,20,4,8,0,0,8,1,0,3,1,1H,3S,,45,0,True,False,True,False,80
top_ten,svm,bigram,no_origin,12,unith,121,Faure,june_10_g0,0.972524154589372,0.9797705314009663,0.9405193236714976,0.6142857142857143,6,6,20,4,8,0,0,9,1,0,4,1,1H,4S,0.45031495082176276,45,63,True,True,True,True,80
top_ten,svm,bigram,no_origin,12,unith,121,Faure,june_10_g0,0.972524154589372,0.9797705314009663,0.9405193236714976,0.6142857142857143,6,6,20,4,8,0,0,10,1,0,5,1,1H,5S,0.3500158617889507,45,78,True,True,True,True,80
top_ten,svm,bigram,no_origin,12,unith,121,Faure,june_10_g0,0.972524154589372,0.9797705314009663,0.9405193236714976,0.6142857142857143,6,6,20,4,8,0,0,11,1,0,6,1,1H,6S,0.3316523260469942,45,65,True,True,True,True,80
top_ten,svm,bigram,no_origin,12,unith,121,Faure,june_10_g0,0.972524154589372,0.9797705314009663,0.9405193236714976,0.6142857142857143,6,6,20,4,8,0,1,0,2,0,1,0,2H,1H,0.5491661330803367,49,45,True,True,True,True,80
top_ten,svm,bigram,no_origin,12,unith,121,Faure,june_10_g0,0.972524154589372,0.9797705314009663,0.9405193236714976,0.6142857142857143,6,6,20,4,8,0,1,1,2,0,2,0,2H,2H,0.6810051466622682,49,49,True,True,True,True,80
top_ten,svm,bigram,no_origin,12,unith,121,Faure,june_10_g0,0.972524154589372,0.9797705314009663,0.9405193236714976,0.6142857142857143,6,6,20,4,8,0,1,2,2,0,3,0,2H,3H,0.436546253128816,49,52,True,True,True,True,80
top_ten,svm,bigram,no_origin,12,unith,121,Faure,june_10_g0,0.972524154589372,0.9797705314009663,0.9405193236714976,0.6142857142857143,6,6,20,4,8,0,1,3,2,0,4,0,2H,4H,0.6082320654912239,49,15,True,True,True,True,80
top_ten,svm,bigram,no_origin,12,unith,121,Faure,june_10_g0,0.972524154589372,0.9797705314009663,0.9405193236714976,0.6142857142857143,6,6,20,4,8,0,1,4,2,0,5,0,2H,5H,0.40211462229037725,49,12,True,True,True,True,80
top_ten,svm,bigram,no_origin,12,unith,121,Faure,june_10_g0,0.972524154589372,0.9797705314009663,0.9405193236714976,0.6142857142857143,6,,20,4,8,0,1,5,2,0,6,0,2H,6H,,49,0,True,False,True,False,80
top_ten,svm,bigram,no_origin,12,unith,121,Faure,june_10_g0,0.972524154589372,0.9797705314009663,0.9405193236714976,0.6142857142857143,6,,20,4,8,0,1,6,2,0,1,1,2H,1S,,49,0,True,False,True,False,80
top_ten,svm,bigram,no_origin,12,unith,121,Faure,june_10_g0,0.972524154589372,0.9797705314009663,0.9405193236714976,0.6142857142857143,6,6,20,4,8,0,1,7,2,0,2,1,2H,2S,0.5281976479153905,49,16,True,True,True,True,80
top_ten,svm,bigram,no_origin,12,unith,121,Faure,june_10_g0,0.972524154589372,0.9797705314009663,0.9405193236714976,0.6142857142857143,6,,20,4,8,0,1,8,2,0,3,1,2H,3S,,49,0,True,False,True,False,80
top_ten,svm,bigram,no_origin,12,unith,121,Faure,june_10_g0,0.972524154589372,0.9797705314009663,0.9405193236714976,0.6142857142857143,6,6,20,4,8,0,1,9,2,0,4,1,2H,4S,0.5186245257313999,49,63,True,True,True,True,80
top_ten,svm,bigram,no_origin,12,unith,121,Faure,june_10_g0,0.972524154589372,0.9797705314009663,0.9405193236714976,0.6142857142857143,6,6,20,4,8,0,1,10,2,0,5,1,2H,5S,0.4534011918345812,49,78,True,True,True,True,80
top_ten,svm,bigram,no_origin,12,unith,121,Faure,june_10_g0,0.972524154589372,0.9797705314009663,0.9405193236714976,0.6142857142857143,6,6,20,4,8,0,1,11,2,0,6,1,2H,6S,0.37318912915734115,49,65,True,True,True,True,80
top_ten,svm,bigram,no_origin,12,unith,121,Faure,june_10_g0,0.972524154589372,0.9797705314009663,0.9405193236714976,0.6142857142857143,6,6,20,4,8,0,2,0,3,0,1,0,3H,1H,0.4293795991407411,52,45,True,True,True,True,80
top_ten,svm,bigram,no_origin,12,unith,121,Faure,june_10_g0,0.972524154589372,0.9797705314009663,0.9405193236714976,0.6142857142857143,6,6,20,4,8,0,2,1,3,0,2,0,3H,2H,0.436546253128816,52,49,True,True,True,True,80
top_ten,svm,bigram,no_origin,12,unith,121,Faure,june_10_g0,0.972524154589372,0.9797705314009663,0.9405193236714976,0.6142857142857143,6,6,20,4,8,0,2,2,3,0,3,0,3H,3H,0.29510910466025997,52,52,True,True,True,True,80
top_ten,svm,bigram,no_origin,12,unith,121,Faure,june_10_g0,0.972524154589372,0.9797705314009663,0.9405193236714976,0.6142857142857143,6,6,20,4,8,0,2,3,3,0,4,0,3H,4H,0.37383618029875715,52,15,True,True,True,True,80
top_ten,svm,bigram,no_origin,12,unith,121,Faure,june_10_g0,0.972524154589372,0.9797705314009663,0.9405193236714976,0.6142857142857143,6,6,20,4,8,0,2,4,3,0,5,0,3H,5H,0.24215991043406843,52,12,True,True,True,True,80
top_ten,svm,bigram,no_origin,12,unith,121,Faure,june_10_g0,0.972524154589372,0.9797705314009663,0.9405193236714976,0.6142857142857143,6,,20,4,8,0,2,5,3,0,6,0,3H,6H,,52,0,True,False,True,False,80
top_ten,svm,bigram,no_origin,12,unith,121,Faure,june_10_g0,0.972524154589372,0.9797705314009663,0.9405193236714976,0.6142857142857143,6,,20,4,8,0,2,6,3,0,1,1,3H,1S,,52,0,True,False,True,False,80
top_ten,svm,bigram,no_origin,12,unith,121,Faure,june_10_g0,0.972524154589372,0.9797705314009663,0.9405193236714976,0.6142857142857143,6,6,20,4,8,0,2,7,3,0,2,1,3H,2S,0.32671581683268125,52,16,True,True,True,True,80
top_ten,svm,bigram,no_origin,12,unith,121,Faure,june_10_g0,0.972524154589372,0.9797705314009663,0.9405193236714976,0.6142857142857143,6,,20,4,8,0,2,8,3,0,3,1,3H,3S,,52,0,True,False,True,False,80
top_ten,svm,bigram,no_origin,12,unith,121,Faure,june_10_g0,0.972524154589372,0.9797705314009663,0.9405193236714976,0.6142857142857143,6,6,20,4,8,0,2,9,3,0,4,1,3H,4S,0.3855064794804326,52,63,True,True,True,True,80
top_ten,svm,bigram,no_origin,12,unith,121,Faure,june_10_g0,0.972524154589372,0.9797705314009663,0.9405193236714976,0.6142857142857143,6,6,20,4,8,0,2,10,3,0,5,1,3H,5S,0.32920251696312075,52,78,True,True,True,True,80
top_ten,svm,bigram,no_origin,12,unith,121,Faure,june_10_g0,0.972524154589372,0.9797705314009663,0.9405193236714976,0.6142857142857143,6,6,20,4,8,0,2,11,3,0,6,1,3H,6S,0.2525672172318749,52,65,True,True,True,True,80
top_ten,svm,bigram,no_origin,12,unith,121,Faure,june_10_g0,0.972524154589372,0.9797705314009663,0.9405193236714976,0.6142857142857143,6,6,20,4,8,0,3,0,4,0,1,0,4H,1H,0.44839552499420277,15,45,True,True,True,True,80
top_ten,svm,bigram,no_origin,12,unith,121,Faure,june_10_g0,0.972524154589372,0.9797705314009663,0.9405193236714976,0.6142857142857143,6,6,20,4,8,0,3,1,4,0,2,0,4H,2H,0.6082320654912239,15,49,True,True,True,True,80
top_ten,svm,bigram,no_origin,12,unith,121,Faure,june_10_g0,0.972524154589372,0.9797705314009663,0.9405193236714976,0.6142857142857143,6,6,20,4,8,0,3,2,4,0,3,0,4H,3H,0.37383618029875715,15,52,True,True,True,True,80
top_ten,svm,bigram,no_origin,12,unith,121,Faure,june_10_g0,0.972524154589372,0.9797705314009663,0.9405193236714976,0.6142857142857143,6,6,20,4,8,0,3,3,4,0,4,0,4H,4H,0.4213576572971828,15,15,True,True,True,True,80
top_ten,svm,bigram,no_origin,12,unith,121,Faure,june_10_g0,0.972524154589372,0.9797705314009663,0.9405193236714976,0.6142857142857143,6,6,20,4,8,0,3,4,4,0,5,0,4H,5H,0.3887218399270519,15,12,True,True,True,True,80
top_ten,svm,bigram,no_origin,12,unith,121,Faure,june_10_g0,0.972524154589372,0.9797705314009663,0.9405193236714976,0.6142857142857143,6,,20,4,8,0,3,5,4,0,6,0,4H,6H,,15,0,True,False,True,False,80
top_ten,svm,bigram,no_origin,12,unith,121,Faure,june_10_g0,0.972524154589372,0.9797705314009663,0.9405193236714976,0.6142857142857143,6,,20,4,8,0,3,6,4,0,1,1,4H,1S,,15,0,True,False,True,False,80
top_ten,svm,bigram,no_origin,12,unith,121,Faure,june_10_g0,0.972524154589372,0.9797705314009663,0.9405193236714976,0.6142857142857143,6,6,20,4,8,0,3,7,4,0,2,1,4H,2S,0.4737564333901469,15,16,True,True,True,True,80
top_ten,svm,bigram,no_origin,12,unith,121,Faure,june_10_g0,0.972524154589372,0.9797705314009663,0.9405193236714976,0.6142857142857143,6,,20,4,8,0,3,8,4,0,3,1,4H,3S,,15,0,True,False,True,False,80
top_ten,svm,bigram,no_origin,12,unith,121,Faure,june_10_g0,0.972524154589372,0.9797705314009663,0.9405193236714976,0.6142857142857143,6,6,20,4,8,0,3,9,4,0,4,1,4H,4S,0.5178807800230094,15,63,True,True,True,True,80
top_ten,svm,bigram,no_origin,12,unith,121,Faure,june_10_g0,0.972524154589372,0.9797705314009663,0.9405193236714976,0.6142857142857143,6,6,20,4,8,0,3,10,4,0,5,1,4H,5S,0.3930510285583459,15,78,True,True,True,True,80
top_ten,svm,bigram,no_origin,12,unith,121,Faure,june_10_g0,0.972524154589372,0.9797705314009663,0.9405193236714976,0.6142857142857143,6,6,20,4,8,0,3,11,4,0,6,1,4H,6S,0.30294398304184117,15,65,True,True,True,True,80
top_ten,svm,bigram,no_origin,12,unith,121,Faure,june_10_g0,0.972524154589372,0.9797705314009663,0.9405193236714976,0.6142857142857143,6,6,20,4,8,0,4,0,5,0,1,0,5H,1H,0.30455535394453886,12,45,True,True,True,True,80
top_ten,svm,bigram,no_origin,12,unith,121,Faure,june_10_g0,0.972524154589372,0.9797705314009663,0.9405193236714976,0.6142857142857143,6,6,20,4,8,0,4,1,5,0,2,0,5H,2H,0.40211462229037725,12,49,True,True,True,True,80
top_ten,svm,bigram,no_origin,12,unith,121,Faure,june_10_g0,0.972524154589372,0.9797705314009663,0.9405193236714976,0.6142857142857143,6,6,20,4,8,0,4,2,5,0,3,0,5H,3H,0.24215991043406843,12,52,True,True,True,True,80
top_ten,svm,bigram,no_origin,12,unith,121,Faure,june_10_g0,0.972524154589372,0.9797705314009663,0.9405193236714976,0.6142857142857143,6,6,20,4,8,0,4,3,5,0,4,0,5H,4H,0.3887218399270519,12,15,True,True,True,True,80
top_ten,svm,bigram,no_origin,12,unith,121,Faure,june_10_g0,0.972524154589372,0.9797705314009663,0.9405193236714976,0.6142857142857143,6,6,20,4,8,0,4,4,5,0,5,0,5H,5H,0.19014580628909264,12,12,True,True,True,True,80
top_ten,svm,bigram,no_origin,12,unith,121,Faure,june_10_g0,0.972524154589372,0.9797705314009663,0.9405193236714976,0.6142857142857143,6,,20,4,8,0,4,5,5,0,6,0,5H,6H,,12,0,True,False,True,False,80
top_ten,svm,bigram,no_origin,12,unith,121,Faure,june_10_g0,0.972524154589372,0.9797705314009663,0.9405193236714976,0.6142857142857143,6,,20,4,8,0,4,6,5,0,1,1,5H,1S,,12,0,True,False,True,False,80
top_ten,svm,bigram,no_origin,12,unith,121,Faure,june_10_g0,0.972524154589372,0.9797705314009663,0.9405193236714976,0.6142857142857143,6,6,20,4,8,0,4,7,5,0,2,1,5H,2S,0.2829383307752006,12,16,True,True,True,True,80
top_ten,svm,bigram,no_origin,12,unith,121,Faure,june_10_g0,0.972524154589372,0.9797705314009663,0.9405193236714976,0.6142857142857143,6,,20,4,8,0,4,8,5,0,3,1,5H,3S,,12,0,True,False,True,False,80
top_ten,svm,bigram,no_origin,12,unith,121,Faure,june_10_g0,0.972524154589372,0.9797705314009663,0.9405193236714976,0.6142857142857143,6,6,20,4,8,0,4,9,5,0,4,1,5H,4S,0.31975283707079394,12,63,True,True,True,True,80
top_ten,svm,bigram,no_origin,12,unith,121,Faure,june_10_g0,0.972524154589372,0.9797705314009663,0.9405193236714976,0.6142857142857143,6,6,20,4,8,0,4,10,5,0,5,1,5H,5S,0.27601048524923777,12,78,True,True,True,True,80
top_ten,svm,bigram,no_origin,12,unith,121,Faure,june_10_g0,0.972524154589372,0.9797705314009663,0.9405193236714976,0.6142857142857143,6,6,20,4,8,0,4,11,5,0,6,1,5H,6S,0.2218976312027198,12,65,True,True,True,True,80
top_ten,svm,bigram,no_origin,12,unith,121,Faure,june_10_g0,0.972524154589372,0.9797705314009663,0.9405193236714976,0.6142857142857143,,6,20,4,8,0,5,0,6,0,1,0,6H,1H,,0,45,False,True,False,True,80
top_ten,svm,bigram,no_origin,12,unith,121,Faure,june_10_g0,0.972524154589372,0.9797705314009663,0.9405193236714976,0.6142857142857143,,6,20,4,8,0,5,1,6,0,2,0,6H,2H,,0,49,False,True,False,True,80
top_ten,svm,bigram,no_origin,12,unith,121,Faure,june_10_g0,0.972524154589372,0.9797705314009663,0.9405193236714976,0.6142857142857143,,6,20,4,8,0,5,2,6,0,3,0,6H,3H,,0,52,False,True,False,True,80
top_ten,svm,bigram,no_origin,12,unith,121,Faure,june_10_g0,0.972524154589372,0.9797705314009663,0.9405193236714976,0.6142857142857143,,6,20,4,8,0,5,3,6,0,4,0,6H,4H,,0,15,False,True,False,True,80
top_ten,svm,bigram,no_origin,12,unith,121,Faure,june_10_g0,0.972524154589372,0.9797705314009663,0.9405193236714976,0.6142857142857143,,6,20,4,8,0,5,4,6,0,5,0,6H,5H,,0,12,False,True,False,True,80
top_ten,svm,bigram,no_origin,12,unith,121,Faure,june_10_g0,0.972524154589372,0.9797705314009663,0.9405193236714976,0.6142857142857143,,,20,4,8,0,5,5,6,0,6,0,6H,6H,,0,0,False,False,False,False,80
top_ten,svm,bigram,no_origin,12,unith,121,Faure,june_10_g0,0.972524154589372,0.9797705314009663,0.9405193236714976,0.6142857142857143,,,20,4,8,0,5,6,6,0,1,1,6H,1S,,0,0,False,False,False,False,80
top_ten,svm,bigram,no_origin,12,unith,121,Faure,june_10_g0,0.972524154589372,0.9797705314009663,0.9405193236714976,0.6142857142857143,,6,20,4,8,0,5,7,6,0,2,1,6H,2S,,0,16,False,True,False,True,80
top_ten,svm,bigram,no_origin,12,unith,121,Faure,june_10_g0,0.972524154589372,0.9797705314009663,0.9405193236714976,0.6142857142857143,,,20,4,8,0,5,8,6,0,3,1,6H,3S,,0,0,False,False,False,False,80
top_ten,svm,bigram,no_origin,12,unith,121,Faure,june_10_g0,0.972524154589372,0.9797705314009663,0.9405193236714976,0.6142857142857143,,6,20,4,8,0,5,9,6,0,4,1,6H,4S,,0,63,False,True,False,True,80
top_ten,svm,bigram,no_origin,12,unith,121,Faure,june_10_g0,0.972524154589372,0.9797705314009663,0.9405193236714976,0.6142857142857143,,6,20,4,8,0,5,10,6,0,5,1,6H,5S,,0,78,False,True,False,True,80
top_ten,svm,bigram,no_origin,12,unith,121,Faure,june_10_g0,0.972524154589372,0.9797705314009663,0.9405193236714976,0.6142857142857143,,6,20,4,8,0,5,11,6,0,6,1,6H,6S,,0,65,False,True,False,True,80
top_ten,svm,bigram,no_origin,12,unith,121,Faure,june_10_g0,0.972524154589372,0.9797705314009663,0.9405193236714976,0.6142857142857143,,6,20,4,8,0,6,0,1,1,1,0,1S,1H,,0,45,False,True,False,True,80
top_ten,svm,bigram,no_origin,12,unith,121,Faure,june_10_g0,0.972524154589372,0.9797705314009663,0.9405193236714976,0.6142857142857143,,6,20,4,8,0,6,1,1,1,2,0,1S,2H,,0,49,False,True,False,True,80
top_ten,svm,bigram,no_origin,12,unith,121,Faure,june_10_g0,0.972524154589372,0.9797705314009663,0.9405193236714976,0.6142857142857143,,6,20,4,8,0,6,2,1,1,3,0,1S,3H,,0,52,False,True,False,True,80
top_ten,svm,bigram,no_origin,12,unith,121,Faure,june_10_g0,0.972524154589372,0.9797705314009663,0.9405193236714976,0.6142857142857143,,6,20,4,8,0,6,3,1,1,4,0,1S,4H,,0,15,False,True,False,True,80
top_ten,svm,bigram,no_origin,12,unith,121,Faure,june_10_g0,0.972524154589372,0.9797705314009663,0.9405193236714976,0.6142857142857143,,6,20,4,8,0,6,4,1,1,5,0,1S,5H,,0,12,False,True,False,True,80
top_ten,svm,bigram,no_origin,12,unith,121,Faure,june_10_g0,0.972524154589372,0.9797705314009663,0.9405193236714976,0.6142857142857143,,,20,4,8,0,6,5,1,1,6,0,1S,6H,,0,0,False,False,False,False,80
top_ten,svm,bigram,no_origin,12,unith,121,Faure,june_10_g0,0.972524154589372,0.9797705314009663,0.9405193236714976,0.6142857142857143,,,20,4,8,0,6,6,1,1,1,1,1S,1S,,0,0,False,False,False,False,80
top_ten,svm,bigram,no_origin,12,unith,121,Faure,june_10_g0,0.972524154589372,0.9797705314009663,0.9405193236714976,0.6142857142857143,,6,20,4,8,0,6,7,1,1,2,1,1S,2S,,0,16,False,True,False,True,80
top_ten,svm,bigram,no_origin,12,unith,121,Faure,june_10_g0,0.972524154589372,0.9797705314009663,0.9405193236714976,0.6142857142857143,,,20,4,8,0,6,8,1,1,3,1,1S,3S,,0,0,False,False,False,False,80
top_ten,svm,bigram,no_origin,12,unith,121,Faure,june_10_g0,0.972524154589372,0.9797705314009663,0.9405193236714976,0.6142857142857143,,6,20,4,8,0,6,9,1,1,4,1,1S,4S,,0,63,False,True,False,True,80
top_ten,svm,bigram,no_origin,12,unith,121,Faure,june_10_g0,0.972524154589372,0.9797705314009663,0.9405193236714976,0.6142857142857143,,6,20,4,8,0,6,10,1,1,5,1,1S,5S,,0,78,False,True,False,True,80
top_ten,svm,bigram,no_origin,12,unith,121,Faure,june_10_g0,0.972524154589372,0.9797705314009663,0.9405193236714976,0.6142857142857143,,6,20,4,8,0,6,11,1,1,6,1,1S,6S,,0,65,False,True,False,True,80
top_ten,svm,bigram,no_origin,12,unith,121,Faure,june_10_g0,0.972524154589372,0.9797705314009663,0.9405193236714976,0.6142857142857143,6,6,20,4,8,0,7,0,2,1,1,0,2S,1H,0.43703473432452633,16,45,True,True,True,True,80
top_ten,svm,bigram,no_origin,12,unith,121,Faure,june_10_g0,0.972524154589372,0.9797705314009663,0.9405193236714976,0.6142857142857143,6,6,20,4,8,0,7,1,2,1,2,0,2S,2H,0.5281976479153905,16,49,True,True,True,True,80
top_ten,svm,bigram,no_origin,12,unith,121,Faure,june_10_g0,0.972524154589372,0.9797705314009663,0.9405193236714976,0.6142857142857143,6,6,20,4,8,0,7,2,2,1,3,0,2S,3H,0.32671581683268125,16,52,True,True,True,True,80
top_ten,svm,bigram,no_origin,12,unith,121,Faure,june_10_g0,0.972524154589372,0.9797705314009663,0.9405193236714976,0.6142857142857143,6,6,20,4,8,0,7,3,2,1,4,0,2S,4H,0.4737564333901469,16,15,True,True,True,True,80
top_ten,svm,bigram,no_origin,12,unith,121,Faure,june_10_g0,0.972524154589372,0.9797705314009663,0.9405193236714976,0.6142857142857143,6,6,20,4,8,0,7,4,2,1,5,0,2S,5H,0.2829383307752006,16,12,True,True,True,True,80
top_ten,svm,bigram,no_origin,12,unith,121,Faure,june_10_g0,0.972524154589372,0.9797705314009663,0.9405193236714976,0.6142857142857143,6,,20,4,8,0,7,5,2,1,6,0,2S,6H,,16,0,True,False,True,False,80
top_ten,svm,bigram,no_origin,12,unith,121,Faure,june_10_g0,0.972524154589372,0.9797705314009663,0.9405193236714976,0.6142857142857143,6,,20,4,8,0,7,6,2,1,1,1,2S,1S,,16,0,True,False,True,False,80
top_ten,svm,bigram,no_origin,12,unith,121,Faure,june_10_g0,0.972524154589372,0.9797705314009663,0.9405193236714976,0.6142857142857143,6,6,20,4,8,0,7,7,2,1,2,1,2S,2S,0.6497745067975202,16,16,True,True,True,True,80
top_ten,svm,bigram,no_origin,12,unith,121,Faure,june_10_g0,0.972524154589372,0.9797705314009663,0.9405193236714976,0.6142857142857143,6,,20,4,8,0,7,8,2,1,3,1,2S,3S,,16,0,True,False,True,False,80
top_ten,svm,bigram,no_origin,12,unith,121,Faure,june_10_g0,0.972524154589372,0.9797705314009663,0.9405193236714976,0.6142857142857143,6,6,20,4,8,0,7,9,2,1,4,1,2S,4S,0.5035116913297077,16,63,True,True,True,True,80
top_ten,svm,bigram,no_origin,12,unith,121,Faure,june_10_g0,0.972524154589372,0.9797705314009663,0.9405193236714976,0.6142857142857143,6,6,20,4,8,0,7,10,2,1,5,1,2S,5S,0.40693381715661137,16,78,True,True,True,True,80
top_ten,svm,bigram,no_origin,12,unith,121,Faure,june_10_g0,0.972524154589372,0.9797705314009663,0.9405193236714976,0.6142857142857143,6,6,20,4,8,0,7,11,2,1,6,1,2S,6S,0.3947771349113415,16,65,True,True,True,True,80
top_ten,svm,bigram,no_origin,12,unith,121,Faure,june_10_g0,0.972524154589372,0.9797705314009663,0.9405193236714976,0.6142857142857143,,6,20,4,8,0,8,0,3,1,1,0,3S,1H,,0,45,False,True,False,True,80
top_ten,svm,bigram,no_origin,12,unith,121,Faure,june_10_g0,0.972524154589372,0.9797705314009663,0.9405193236714976,0.6142857142857143,,6,20,4,8,0,8,1,3,1,2,0,3S,2H,,0,49,False,True,False,True,80
top_ten,svm,bigram,no_origin,12,unith,121,Faure,june_10_g0,0.972524154589372,0.9797705314009663,0.9405193236714976,0.6142857142857143,,6,20,4,8,0,8,2,3,1,3,0,3S,3H,,0,52,False,True,False,True,80
top_ten,svm,bigram,no_origin,12,unith,121,Faure,june_10_g0,0.972524154589372,0.9797705314009663,0.9405193236714976,0.6142857142857143,,6,20,4,8,0,8,3,3,1,4,0,3S,4H,,0,15,False,True,False,True,80
top_ten,svm,bigram,no_origin,12,unith,121,Faure,june_10_g0,0.972524154589372,0.9797705314009663,0.9405193236714976,0.6142857142857143,,6,20,4,8,0,8,4,3,1,5,0,3S,5H,,0,12,False,True,False,True,80
top_ten,svm,bigram,no_origin,12,unith,121,Faure,june_10_g0,0.972524154589372,0.9797705314009663,0.9405193236714976,0.6142857142857143,,,20,4,8,0,8,5,3,1,6,0,3S,6H,,0,0,False,False,False,False,80
top_ten,svm,bigram,no_origin,12,unith,121,Faure,june_10_g0,0.972524154589372,0.9797705314009663,0.9405193236714976,0.6142857142857143,,,20,4,8,0,8,6,3,1,1,1,3S,1S,,0,0,False,False,False,False,80
top_ten,svm,bigram,no_origin,12,unith,121,Faure,june_10_g0,0.972524154589372,0.9797705314009663,0.9405193236714976,0.6142857142857143,,6,20,4,8,0,8,7,3,1,2,1,3S,2S,,0,16,False,True,False,True,80
top_ten,svm,bigram,no_origin,12,unith,121,Faure,june_10_g0,0.972524154589372,0.9797705314009663,0.9405193236714976,0.6142857142857143,,,20,4,8,0,8,8,3,1,3,1,3S,3S,,0,0,False,False,False,False,80
top_ten,svm,bigram,no_origin,12,unith,121,Faure,june_10_g0,0.972524154589372,0.9797705314009663,0.9405193236714976,0.6142857142857143,,6,20,4,8,0,8,9,3,1,4,1,3S,4S,,0,63,False,True,False,True,80
top_ten,svm,bigram,no_origin,12,unith,121,Faure,june_10_g0,0.972524154589372,0.9797705314009663,0.9405193236714976,0.6142857142857143,,6,20,4,8,0,8,10,3,1,5,1,3S,5S,,0,78,False,True,False,True,80
top_ten,svm,bigram,no_origin,12,unith,121,Faure,june_10_g0,0.972524154589372,0.9797705314009663,0.9405193236714976,0.6142857142857143,,6,20,4,8,0,8,11,3,1,6,1,3S,6S,,0,65,False,True,False,True,80
top_ten,svm,bigram,no_origin,12,unith,121,Faure,june_10_g0,0.972524154589372,0.9797705314009663,0.9405193236714976,0.6142857142857143,6,6,20,4,8,0,9,0,4,1,1,0,4S,1H,0.45031495082176276,63,45,True,True,True,True,80
top_ten,svm,bigram,no_origin,12,unith,121,Faure,june_10_g0,0.972524154589372,0.9797705314009663,0.9405193236714976,0.6142857142857143,6,6,20,4,8,0,9,1,4,1,2,0,4S,2H,0.5186245257313999,63,49,True,True,True,True,80
top_ten,svm,bigram,no_origin,12,unith,121,Faure,june_10_g0,0.972524154589372,0.9797705314009663,0.9405193236714976,0.6142857142857143,6,6,20,4,8,0,9,2,4,1,3,0,4S,3H,0.3855064794804326,63,52,True,True,True,True,80
top_ten,svm,bigram,no_origin,12,unith,121,Faure,june_10_g0,0.972524154589372,0.9797705314009663,0.9405193236714976,0.6142857142857143,6,6,20,4,8,0,9,3,4,1,4,0,4S,4H,0.5178807800230094,63,15,True,True,True,True,80
top_ten,svm,bigram,no_origin,12,unith,121,Faure,june_10_g0,0.972524154589372,0.9797705314009663,0.9405193236714976,0.6142857142857143,6,6,20,4,8,0,9,4,4,1,5,0,4S,5H,0.31975283707079394,63,12,True,True,True,True,80
top_ten,svm,bigram,no_origin,12,unith,121,Faure,june_10_g0,0.972524154589372,0.9797705314009663,0.9405193236714976,0.6142857142857143,6,,20,4,8,0,9,5,4,1,6,0,4S,6H,,63,0,True,False,True,False,80
top_ten,svm,bigram,no_origin,12,unith,121,Faure,june_10_g0,0.972524154589372,0.9797705314009663,0.9405193236714976,0.6142857142857143,6,,20,4,8,0,9,6,4,1,1,1,4S,1S,,63,0,True,False,True,False,80
top_ten,svm,bigram,no_origin,12,unith,121,Faure,june_10_g0,0.972524154589372,0.9797705314009663,0.9405193236714976,0.6142857142857143,6,6,20,4,8,0,9,7,4,1,2,1,4S,2S,0.5035116913297077,63,16,True,True,True,True,80
top_ten,svm,bigram,no_origin,12,unith,121,Faure,june_10_g0,0.972524154589372,0.9797705314009663,0.9405193236714976,0.6142857142857143,6,,20,4,8,0,9,8,4,1,3,1,4S,3S,,63,0,True,False,True,False,80
top_ten,svm,bigram,no_origin,12,unith,121,Faure,june_10_g0,0.972524154589372,0.9797705314009663,0.9405193236714976,0.6142857142857143,6,6,20,4,8,0,9,9,4,1,4,1,4S,4S,0.43208221658685914,63,63,True,True,True,True,80
top_ten,svm,bigram,no_origin,12,unith,121,Faure,june_10_g0,0.972524154589372,0.9797705314009663,0.9405193236714976,0.6142857142857143,6,6,20,4,8,0,9,10,4,1,5,1,4S,5S,0.3734545180485386,63,78,True,True,True,True,80
top_ten,svm,bigram,no_origin,12,unith,121,Faure,june_10_g0,0.972524154589372,0.9797705314009663,0.9405193236714976,0.6142857142857143,6,6,20,4,8,0,9,11,4,1,6,1,4S,6S,0.3220173268101549,63,65,True,True,True,True,80
top_ten,svm,bigram,no_origin,12,unith,121,Faure,june_10_g0,0.972524154589372,0.9797705314009663,0.9405193236714976,0.6142857142857143,6,6,20,4,8,0,10,0,5,1,1,0,5S,1H,0.3500158617889507,78,45,True,True,True,True,80
top_ten,svm,bigram,no_origin,12,unith,121,Faure,june_10_g0,0.972524154589372,0.9797705314009663,0.9405193236714976,0.6142857142857143,6,6,20,4,8,0,10,1,5,1,2,0,5S,2H,0.4534011918345812,78,49,True,True,True,True,80
top_ten,svm,bigram,no_origin,12,unith,121,Faure,june_10_g0,0.972524154589372,0.9797705314009663,0.9405193236714976,0.6142857142857143,6,6,20,4,8,0,10,2,5,1,3,0,5S,3H,0.32920251696312075,78,52,True,True,True,True,80
top_ten,svm,bigram,no_origin,12,unith,121,Faure,june_10_g0,0.972524154589372,0.9797705314009663,0.9405193236714976,0.6142857142857143,6,6,20,4,8,0,10,3,5,1,4,0,5S,4H,0.3930510285583459,78,15,True,True,True,True,80
top_ten,svm,bigram,no_origin,12,unith,121,Faure,june_10_g0,0.972524154589372,0.9797705314009663,0.9405193236714976,0.6142857142857143,6,6,20,4,8,0,10,4,5,1,5,0,5S,5H,0.27601048524923777,78,12,True,True,True,True,80
top_ten,svm,bigram,no_origin,12,unith,121,Faure,june_10_g0,0.972524154589372,0.9797705314009663,0.9405193236714976,0.6142857142857143,6,,20,4,8,0,10,5,5,1,6,0,5S,6H,,78,0,True,False,True,False,80
top_ten,svm,bigram,no_origin,12,unith,121,Faure,june_10_g0,0.972524154589372,0.9797705314009663,0.9405193236714976,0.6142857142857143,6,,20,4,8,0,10,6,5,1,1,1,5S,1S,,78,0,True,False,True,False,80
top_ten,svm,bigram,no_origin,12,unith,121,Faure,june_10_g0,0.972524154589372,0.9797705314009663,0.9405193236714976,0.6142857142857143,6,6,20,4,8,0,10,7,5,1,2,1,5S,2S,0.40693381715661137,78,16,True,True,True,True,80
top_ten,svm,bigram,no_origin,12,unith,121,Faure,june_10_g0,0.972524154589372,0.9797705314009663,0.9405193236714976,0.6142857142857143,6,,20,4,8,0,10,8,5,1,3,1,5S,3S,,78,0,True,False,True,False,80
top_ten,svm,bigram,no_origin,12,unith,121,Faure,june_10_g0,0.972524154589372,0.9797705314009663,0.9405193236714976,0.6142857142857143,6,6,20,4,8,0,10,9,5,1,4,1,5S,4S,0.3734545180485386,78,63,True,True,True,True,80
top_ten,svm,bigram,no_origin,12,unith,121,Faure,june_10_g0,0.972524154589372,0.9797705314009663,0.9405193236714976,0.6142857142857143,6,6,20,4,8,0,10,10,5,1,5,1,5S,5S,0.2834584431378268,78,78,True,True,True,True,80
top_ten,svm,bigram,no_origin,12,unith,121,Faure,june_10_g0,0.972524154589372,0.9797705314009663,0.9405193236714976,0.6142857142857143,6,6,20,4,8,0,10,11,5,1,6,1,5S,6S,0.2819155043754198,78,65,True,True,True,True,80
top_ten,svm,bigram,no_origin,12,unith,121,Faure,june_10_g0,0.972524154589372,0.9797705314009663,0.9405193236714976,0.6142857142857143,6,6,20,4,8,0,11,0,6,1,1,0,6S,1H,0.3316523260469942,65,45,True,True,True,True,80
top_ten,svm,bigram,no_origin,12,unith,121,Faure,june_10_g0,0.972524154589372,0.9797705314009663,0.9405193236714976,0.6142857142857143,6,6,20,4,8,0,11,1,6,1,2,0,6S,2H,0.37318912915734115,65,49,True,True,True,True,80
top_ten,svm,bigram,no_origin,12,unith,121,Faure,june_10_g0,0.972524154589372,0.9797705314009663,0.9405193236714976,0.6142857142857143,6,6,20,4,8,0,11,2,6,1,3,0,6S,3H,0.2525672172318749,65,52,True,True,True,True,80
top_ten,svm,bigram,no_origin,12,unith,121,Faure,june_10_g0,0.972524154589372,0.9797705314009663,0.9405193236714976,0.6142857142857143,6,6,20,4,8,0,11,3,6,1,4,0,6S,4H,0.30294398304184117,65,15,True,True,True,True,80
top_ten,svm,bigram,no_origin,12,unith,121,Faure,june_10_g0,0.972524154589372,0.9797705314009663,0.9405193236714976,0.6142857142857143,6,6,20,4,8,0,11,4,6,1,5,0,6S,5H,0.2218976312027198,65,12,True,True,True,True,80
top_ten,svm,bigram,no_origin,12,unith,121,Faure,june_10_g0,0.972524154589372,0.9797705314009663,0.9405193236714976,0.6142857142857143,6,,20,4,8,0,11,5,6,1,6,0,6S,6H,,65,0,True,False,True,False,80
top_ten,svm,bigram,no_origin,12,unith,121,Faure,june_10_g0,0.972524154589372,0.9797705314009663,0.9405193236714976,0.6142857142857143,6,,20,4,8,0,11,6,6,1,1,1,6S,1S,,65,0,True,False,True,False,80
top_ten,svm,bigram,no_origin,12,unith,121,Faure,june_10_g0,0.972524154589372,0.9797705314009663,0.9405193236714976,0.6142857142857143,6,6,20,4,8,0,11,7,6,1,2,1,6S,2S,0.3947771349113415,65,16,True,True,True,True,80
top_ten,svm,bigram,no_origin,12,unith,121,Faure,june_10_g0,0.972524154589372,0.9797705314009663,0.9405193236714976,0.6142857142857143,6,,20,4,8,0,11,8,6,1,3,1,6S,3S,,65,0,True,False,True,False,80
top_ten,svm,bigram,no_origin,12,unith,121,Faure,june_10_g0,0.972524154589372,0.9797705314009663,0.9405193236714976,0.6142857142857143,6,6,20,4,8,0,11,9,6,1,4,1,6S,4S,0.3220173268101549,65,63,True,True,True,True,80
top_ten,svm,bigram,no_origin,12,unith,121,Faure,june_10_g0,0.972524154589372,0.9797705314009663,0.9405193236714976,0.6142857142857143,6,6,20,4,8,0,11,10,6,1,5,1,6S,5S,0.2819155043754198,65,78,True,True,True,True,80
top_ten,svm,bigram,no_origin,12,unith,121,Faure,june_10_g0,0.972524154589372,0.9797705314009663,0.9405193236714976,0.6142857142857143,6,6,20,4,8,0,11,11,6,1,6,1,6S,6S,0.21605388948638043,65,65,True,True,True,True,80
top_ten,svm,bigram,no_origin,12,unith,121,Faure,june_12_g0,0.970520799213888,0.9911562397641663,0.9556174254831313,0.61875,5,5,20,4,8,0,0,0,1,0,1,0,1H,1H,0.26651398872434867,41,41,True,True,True,True,80
top_ten,svm,bigram,no_origin,12,unith,121,Faure,june_12_g0,0.970520799213888,0.9911562397641663,0.9556174254831313,0.61875,5,5,20,4,8,0,0,1,1,0,2,0,1H,2H,0.37362935367209965,41,36,True,True,True,True,80
top_ten,svm,bigram,no_origin,12,unith,121,Faure,june_12_g0,0.970520799213888,0.9911562397641663,0.9556174254831313,0.61875,5,5,20,4,8,0,0,2,1,0,3,0,1H,3H,0.2842128906350425,41,53,True,True,True,True,80
top_ten,svm,bigram,no_origin,12,unith,121,Faure,june_12_g0,0.970520799213888,0.9911562397641663,0.9556174254831313,0.61875,5,2,20,4,8,0,0,3,1,0,4,0,1H,4H,0.37902055020212655,41,4,True,True,True,False,80
top_ten,svm,bigram,no_origin,12,unith,121,Faure,june_12_g0,0.970520799213888,0.9911562397641663,0.9556174254831313,0.61875,5,2,20,4,8,0,0,4,1,0,5,0,1H,5H,0.060596571610263515,41,4,True,True,True,False,80
top_ten,svm,bigram,no_origin,12,unith,121,Faure,june_12_g0,0.970520799213888,0.9911562397641663,0.9556174254831313,0.61875,5,,20,4,8,0,0,5,1,0,6,0,1H,6H,,41,0,True,False,True,False,80
top_ten,svm,bigram,no_origin,12,unith,121,Faure,june_12_g0,0.970520799213888,0.9911562397641663,0.9556174254831313,0.61875,5,,20,4,8,0,0,6,1,0,1,1,1H,1S,,41,0,True,False,True,False,80
top_ten,svm,bigram,no_origin,12,unith,121,Faure,june_12_g0,0.970520799213888,0.9911562397641663,0.9556174254831313,0.61875,5,5,20,4,8,0,0,7,1,0,2,1,1H,2S,0.21718374900085058,41,10,True,True,True,True,80
top_ten,svm,bigram,no_origin,12,unith,121,Faure,june_12_g0,0.970520799213888,0.9911562397641663,0.9556174254831313,0.61875,5,,20,4,8,0,0,8,1,0,3,1,1H,3S,,41,0,True,False,True,False,80
top_ten,svm,bigram,no_origin,12,unith,121,Faure,june_12_g0,0.970520799213888,0.9911562397641663,0.9556174254831313,0.61875,5,5,20,4,8,0,0,9,1,0,4,1,1H,4S,0.30440381459983173,41,61,True,True,True,True,80
top_ten,svm,bigram,no_origin,12,unith,121,Faure,june_12_g0,0.970520799213888,0.9911562397641663,0.9556174254831313,0.61875,5,5,20,4,8,0,0,10,1,0,5,1,1H,5S,0.2333502789473127,41,56,True,True,True,True,80
top_ten,svm,bigram,no_origin,12,unith,121,Faure,june_12_g0,0.970520799213888,0.9911562397641663,0.9556174254831313,0.61875,5,5,20,4,8,0,0,11,1,0,6,1,1H,6S,0.16907611244990792,41,67,True,True,True,True,80
top_ten,svm,bigram,no_origin,12,unith,121,Faure,june_12_g0,0.970520799213888,0.9911562397641663,0.9556174254831313,0.61875,5,5,20,4,8,0,1,0,2,0,1,0,2H,1H,0.37362935367209965,36,41,True,True,True,True,80
top_ten,svm,bigram,no_origin,12,unith,121,Faure,june_12_g0,0.970520799213888,0.9911562397641663,0.9556174254831313,0.61875,5,5,20,4,8,0,1,1,2,0,2,0,2H,2H,0.5079256480809234,36,36,True,True,True,True,80
top_ten,svm,bigram,no_origin,12,unith,121,Faure,june_12_g0,0.970520799213888,0.9911562397641663,0.9556174254831313,0.61875,5,5,20,4,8,0,1,2,2,0,3,0,2H,3H,0.4175542153686259,36,53,True,True,True,True,80
top_ten,svm,bigram,no_origin,12,unith,121,Faure,june_12_g0,0.970520799213888,0.9911562397641663,0.9556174254831313,0.61875,5,2,20,4,8,0,1,3,2,0,4,0,2H,4H,0.48627253430470035,36,4,True,True,True,False,80
top_ten,svm,bigram,no_origin,12,unith,121,Faure,june_12_g0,0.970520799213888,0.9911562397641663,0.9556174254831313,0.61875,5,2,20,4,8,0,1,4,2,0,5,0,2H,5H,0.16127485701798067,36,4,True,True,True,False,80
top_ten,svm,bigram,no_origin,12,unith,121,Faure,june_12_g0,0.970520799213888,0.9911562397641663,0.9556174254831313,0.61875,5,,20,4,8,0,1,5,2,0,6,0,2H,6H,,36,0,True,False,True,False,80
top_ten,svm,bigram,no_origin,12,unith,121,Faure,june_12_g0,0.970520799213888,0.9911562397641663,0.9556174254831313,0.61875,5,,20,4,8,0,1,6,2,0,1,1,2H,1S,,36,0,True,False,True,False,80
top_ten,svm,bigram,no_origin,12,unith,121,Faure,june_12_g0,0.970520799213888,0.9911562397641663,0.9556174254831313,0.61875,5,5,20,4,8,0,1,7,2,0,2,1,2H,2S,0.3883892202242726,36,10,True,True,True,True,80
top_ten,svm,bigram,no_origin,12,unith,121,Faure,june_12_g0,0.970520799213888,0.9911562397641663,0.9556174254831313,0.61875,5,,20,4,8,0,1,8,2,0,3,1,2H,3S,,36,0,True,False,True,False,80
top_ten,svm,bigram,no_origin,12,unith,121,Faure,june_12_g0,0.970520799213888,0.9911562397641663,0.9556174254831313,0.61875,5,5,20,4,8,0,1,9,2,0,4,1,2H,4S,0.5273457507621899,36,61,True,True,True,True,80
top_ten,svm,bigram,no_origin,12,unith,121,Faure,june_12_g0,0.970520799213888,0.9911562397641663,0.9556174254831313,0.61875,5,5,20,4,8,0,1,10,2,0,5,1,2H,5S,0.3537203686053005,36,56,True,True,True,True,80
top_ten,svm,bigram,no_origin,12,unith,121,Faure,june_12_g0,0.970520799213888,0.9911562397641663,0.9556174254831313,0.61875,5,5,20,4,8,0,1,11,2,0,6,1,2H,6S,0.3193587131339978,36,67,True,True,True,True,80
top_ten,svm,bigram,no_origin,12,unith,121,Faure,june_12_g0,0.970520799213888,0.9911562397641663,0.9556174254831313,0.61875,5,5,20,4,8,0,2,0,3,0,1,0,3H,1H,0.2842128906350425,53,41,True,True,True,True,80
top_ten,svm,bigram,no_origin,12,unith,121,Faure,june_12_g0,0.970520799213888,0.9911562397641663,0.9556174254831313,0.61875,5,5,20,4,8,0,2,1,3,0,2,0,3H,2H,0.4175542153686259,53,36,True,True,True,True,80
top_ten,svm,bigram,no_origin,12,unith,121,Faure,june_12_g0,0.970520799213888,0.9911562397641663,0.9556174254831313,0.61875,5,5,20,4,8,0,2,2,3,0,3,0,3H,3H,0.43086095711400496,53,53,True,True,True,True,80
top_ten,svm,bigram,no_origin,12,unith,121,Faure,june_12_g0,0.970520799213888,0.9911562397641663,0.9556174254831313,0.61875,5,2,20,4,8,0,2,3,3,0,4,0,3H,4H,0.4452514969555591,53,4,True,True,True,False,80
top_ten,svm,bigram,no_origin,12,unith,121,Faure,june_12_g0,0.970520799213888,0.9911562397641663,0.9556174254831313,0.61875,5,2,20,4,8,0,2,4,3,0,5,0,3H,5H,0.12941524406747468,53,4,True,True,True,False,80
top_ten,svm,bigram,no_origin,12,unith,121,Faure,june_12_g0,0.970520799213888,0.9911562397641663,0.9556174254831313,0.61875,5,,20,4,8,0,2,5,3,0,6,0,3H,6H,,53,0,True,False,True,False,80
top_ten,svm,bigram,no_origin,12,unith,121,Faure,june_12_g0,0.970520799213888,0.9911562397641663,0.9556174254831313,0.61875,5,,20,4,8,0,2,6,3,0,1,1,3H,1S,,53,0,True,False,True,False,80
top_ten,svm,bigram,no_origin,12,unith,121,Faure,june_12_g0,0.970520799213888,0.9911562397641663,0.9556174254831313,0.61875,5,5,20,4,8,0,2,7,3,0,2,1,3H,2S,0.22878968354416304,53,10,True,True,True,True,80
top_ten,svm,bigram,no_origin,12,unith,121,Faure,june_12_g0,0.970520799213888,0.9911562397641663,0.9556174254831313,0.61875,5,,20,4,8,0,2,8,3,0,3,1,3H,3S,,53,0,True,False,True,False,80
top_ten,svm,bigram,no_origin,12,unith,121,Faure,june_12_g0,0.970520799213888,0.9911562397641663,0.9556174254831313,0.61875,5,5,20,4,8,0,2,9,3,0,4,1,3H,4S,0.4512247195844653,53,61,True,True,True,True,80
top_ten,svm,bigram,no_origin,12,unith,121,Faure,june_12_g0,0.970520799213888,0.9911562397641663,0.9556174254831313,0.61875,5,5,20,4,8,0,2,10,3,0,5,1,3H,5S,0.29308137924590016,53,56,True,True,True,True,80
top_ten,svm,bigram,no_origin,12,unith,121,Faure,june_12_g0,0.970520799213888,0.9911562397641663,0.9556174254831313,0.61875,5,5,20,4,8,0,2,11,3,0,6,1,3H,6S,0.24202835065547174,53,67,True,True,True,True,80
top_ten,svm,bigram,no_origin,12,unith,121,Faure,june_12_g0,0.970520799213888,0.9911562397641663,0.9556174254831313,0.61875,2,5,20,4,8,0,3,0,4,0,1,0,4H,1H,0.37902055020212655,4,41,True,True,False,True,80
top_ten,svm,bigram,no_origin,12,unith,121,Faure,june_12_g0,0.970520799213888,0.9911562397641663,0.9556174254831313,0.61875,2,5,20,4,8,0,3,1,4,0,2,0,4H,2H,0.48627253430470035,4,36,True,True,False,True,80
top_ten,svm,bigram,no_origin,12,unith,121,Faure,june_12_g0,0.970520799213888,0.9911562397641663,0.9556174254831313,0.61875,2,5,20,4,8,0,3,2,4,0,3,0,4H,3H,0.4452514969555591,4,53,True,True,False,True,80
top_ten,svm,bigram,no_origin,12,unith,121,Faure,june_12_g0,0.970520799213888,0.9911562397641663,0.9556174254831313,0.61875,2,2,20,4,8,0,3,3,4,0,4,0,4H,4H,0.30787556190805276,4,4,True,True,False,False,80
top_ten,svm,bigram,no_origin,12,unith,121,Faure,june_12_g0,0.970520799213888,0.9911562397641663,0.9556174254831313,0.61875,2,2,20,4,8,0,3,4,4,0,5,0,4H,5H,0.12808797077699077,4,4,True,True,False,False,80
top_ten,svm,bigram,no_origin,12,unith,121,Faure,june_12_g0,0.970520799213888,0.9911562397641663,0.9556174254831313,0.61875,2,,20,4,8,0,3,5,4,0,6,0,4H,6H,,4,0,True,False,False,False,80
top_ten,svm,bigram,no_origin,12,unith,121,Faure,june_12_g0,0.970520799213888,0.9911562397641663,0.9556174254831313,0.61875,2,,20,4,8,0,3,6,4,0,1,1,4H,1S,,4,0,True,False,False,False,80
top_ten,svm,bigram,no_origin,12,unith,121,Faure,june_12_g0,0.970520799213888,0.9911562397641663,0.9556174254831313,0.61875,2,5,20,4,8,0,3,7,4,0,2,1,4H,2S,0.40564702081415216,4,10,True,True,False,True,80
top_ten,svm,bigram,no_origin,12,unith,121,Faure,june_12_g0,0.970520799213888,0.9911562397641663,0.9556174254831313,0.61875,2,,20,4,8,0,3,8,4,0,3,1,4H,3S,,4,0,True,False,False,False,80
top_ten,svm,bigram,no_origin,12,unith,121,Faure,june_12_g0,0.970520799213888,0.9911562397641663,0.9556174254831313,0.61875,2,5,20,4,8,0,3,9,4,0,4,1,4H,4S,0.4315890290605585,4,61,True,True,False,True,80
top_ten,svm,bigram,no_origin,12,unith,121,Faure,june_12_g0,0.970520799213888,0.9911562397641663,0.9556174254831313,0.61875,2,5,20,4,8,0,3,10,4,0,5,1,4H,5S,0.27170497644178065,4,56,True,True,False,True,80
top_ten,svm,bigram,no_origin,12,unith,121,Faure,june_12_g0,0.970520799213888,0.9911562397641663,0.9556174254831313,0.61875,2,5,20,4,8,0,3,11,4,0,6,1,4H,6S,0.24312702685919207,4,67,True,True,False,True,80
top_ten,svm,bigram,no_origin,12,unith,121,Faure,june_12_g0,0.970520799213888,0.9911562397641663,0.9556174254831313,0.61875,2,5,20,4,8,0,4,0,5,0,1,0,5H,1H,0.060596571610263515,4,41,True,True,False,True,80
top_ten,svm,bigram,no_origin,12,unith,121,Faure,june_12_g0,0.970520799213888,0.9911562397641663,0.9556174254831313,0.61875,2,5,20,4,8,0,4,1,5,0,2,0,5H,2H,0.16127485701798067,4,36,True,True,False,True,80
top_ten,svm,bigram,no_origin,12,unith,121,Faure,june_12_g0,0.970520799213888,0.9911562397641663,0.9556174254831313,0.61875,2,5,20,4,8,0,4,2,5,0,3,0,5H,3H,0.12941524406747468,4,53,True,True,False,True,80
top_ten,svm,bigram,no_origin,12,unith,121,Faure,june_12_g0,0.970520799213888,0.9911562397641663,0.9556174254831313,0.61875,2,2,20,4,8,0,4,3,5,0,4,0,5H,4H,0.12808797077699077,4,4,True,True,False,False,80
top_ten,svm,bigram,no_origin,12,unith,121,Faure,june_12_g0,0.970520799213888,0.9911562397641663,0.9556174254831313,0.61875,2,2,20,4,8,0,4,4,5,0,5,0,5H,5H,-0.024588232821854163,4,4,True,True,False,False,80
top_ten,svm,bigram,no_origin,12,unith,121,Faure,june_12_g0,0.970520799213888,0.9911562397641663,0.9556174254831313,0.61875,2,,20,4,8,0,4,5,5,0,6,0,5H,6H,,4,0,True,False,False,False,80
top_ten,svm,bigram,no_origin,12,unith,121,Faure,june_12_g0,0.970520799213888,0.9911562397641663,0.9556174254831313,0.61875,2,,20,4,8,0,4,6,5,0,1,1,5H,1S,,4,0,True,False,False,False,80
top_ten,svm,bigram,no_origin,12,unith,121,Faure,june_12_g0,0.970520799213888,0.9911562397641663,0.9556174254831313,0.61875,2,5,20,4,8,0,4,7,5,0,2,1,5H,2S,0.10074474109774008,4,10,True,True,False,True,80
top_ten,svm,bigram,no_origin,12,unith,121,Faure,june_12_g0,0.970520799213888,0.9911562397641663,0.9556174254831313,0.61875,2,,20,4,8,0,4,8,5,0,3,1,5H,3S,,4,0,True,False,False,False,80
top_ten,svm,bigram,no_origin,12,unith,121,Faure,june_12_g0,0.970520799213888,0.9911562397641663,0.9556174254831313,0.61875,2,5,20,4,8,0,4,9,5,0,4,1,5H,4S,0.14550383066407996,4,61,True,True,False,True,80
top_ten,svm,bigram,no_origin,12,unith,121,Faure,june_12_g0,0.970520799213888,0.9911562397641663,0.9556174254831313,0.61875,2,5,20,4,8,0,4,10,5,0,5,1,5H,5S,0.13490700601460237,4,56,True,True,False,True,80
top_ten,svm,bigram,no_origin,12,unith,121,Faure,june_12_g0,0.970520799213888,0.9911562397641663,0.9556174254831313,0.61875,2,5,20,4,8,0,4,11,5,0,6,1,5H,6S,0.121471497116637,4,67,True,True,False,True,80
top_ten,svm,bigram,no_origin,12,unith,121,Faure,june_12_g0,0.970520799213888,0.9911562397641663,0.9556174254831313,0.61875,,5,20,4,8,0,5,0,6,0,1,0,6H,1H,,0,41,False,True,False,True,80
top_ten,svm,bigram,no_origin,12,unith,121,Faure,june_12_g0,0.970520799213888,0.9911562397641663,0.9556174254831313,0.61875,,5,20,4,8,0,5,1,6,0,2,0,6H,2H,,0,36,False,True,False,True,80
top_ten,svm,bigram,no_origin,12,unith,121,Faure,june_12_g0,0.970520799213888,0.9911562397641663,0.9556174254831313,0.61875,,5,20,4,8,0,5,2,6,0,3,0,6H,3H,,0,53,False,True,False,True,80
top_ten,svm,bigram,no_origin,12,unith,121,Faure,june_12_g0,0.970520799213888,0.9911562397641663,0.9556174254831313,0.61875,,2,20,4,8,0,5,3,6,0,4,0,6H,4H,,0,4,False,True,False,False,80
top_ten,svm,bigram,no_origin,12,unith,121,Faure,june_12_g0,0.970520799213888,0.9911562397641663,0.9556174254831313,0.61875,,2,20,4,8,0,5,4,6,0,5,0,6H,5H,,0,4,False,True,False,False,80
top_ten,svm,bigram,no_origin,12,unith,121,Faure,june_12_g0,0.970520799213888,0.9911562397641663,0.9556174254831313,0.61875,,,20,4,8,0,5,5,6,0,6,0,6H,6H,,0,0,False,False,False,False,80
top_ten,svm,bigram,no_origin,12,unith,121,Faure,june_12_g0,0.970520799213888,0.9911562397641663,0.9556174254831313,0.61875,,,20,4,8,0,5,6,6,0,1,1,6H,1S,,0,0,False,False,False,False,80
top_ten,svm,bigram,no_origin,12,unith,121,Faure,june_12_g0,0.970520799213888,0.9911562397641663,0.9556174254831313,0.61875,,5,20,4,8,0,5,7,6,0,2,1,6H,2S,,0,10,False,True,False,True,80
top_ten,svm,bigram,no_origin,12,unith,121,Faure,june_12_g0,0.970520799213888,0.9911562397641663,0.9556174254831313,0.61875,,,20,4,8,0,5,8,6,0,3,1,6H,3S,,0,0,False,False,False,False,80
top_ten,svm,bigram,no_origin,12,unith,121,Faure,june_12_g0,0.970520799213888,0.9911562397641663,0.9556174254831313,0.61875,,5,20,4,8,0,5,9,6,0,4,1,6H,4S,,0,61,False,True,False,True,80
top_ten,svm,bigram,no_origin,12,unith,121,Faure,june_12_g0,0.970520799213888,0.9911562397641663,0.9556174254831313,0.61875,,5,20,4,8,0,5,10,6,0,5,1,6H,5S,,0,56,False,True,False,True,80
top_ten,svm,bigram,no_origin,12,unith,121,Faure,june_12_g0,0.970520799213888,0.9911562397641663,0.9556174254831313,0.61875,,5,20,4,8,0,5,11,6,0,6,1,6H,6S,,0,67,False,True,False,True,80
top_ten,svm,bigram,no_origin,12,unith,121,Faure,june_12_g0,0.970520799213888,0.9911562397641663,0.9556174254831313,0.61875,,5,20,4,8,0,6,0,1,1,1,0,1S,1H,,0,41,False,True,False,True,80
top_ten,svm,bigram,no_origin,12,unith,121,Faure,june_12_g0,0.970520799213888,0.9911562397641663,0.9556174254831313,0.61875,,5,20,4,8,0,6,1,1,1,2,0,1S,2H,,0,36,False,True,False,True,80
top_ten,svm,bigram,no_origin,12,unith,121,Faure,june_12_g0,0.970520799213888,0.9911562397641663,0.9556174254831313,0.61875,,5,20,4,8,0,6,2,1,1,3,0,1S,3H,,0,53,False,True,False,True,80
top_ten,svm,bigram,no_origin,12,unith,121,Faure,june_12_g0,0.970520799213888,0.9911562397641663,0.9556174254831313,0.61875,,2,20,4,8,0,6,3,1,1,4,0,1S,4H,,0,4,False,True,False,False,80
top_ten,svm,bigram,no_origin,12,unith,121,Faure,june_12_g0,0.970520799213888,0.9911562397641663,0.9556174254831313,0.61875,,2,20,4,8,0,6,4,1,1,5,0,1S,5H,,0,4,False,True,False,False,80
top_ten,svm,bigram,no_origin,12,unith,121,Faure,june_12_g0,0.970520799213888,0.9911562397641663,0.9556174254831313,0.61875,,,20,4,8,0,6,5,1,1,6,0,1S,6H,,0,0,False,False,False,False,80
top_ten,svm,bigram,no_origin,12,unith,121,Faure,june_12_g0,0.970520799213888,0.9911562397641663,0.9556174254831313,0.61875,,,20,4,8,0,6,6,1,1,1,1,1S,1S,,0,0,False,False,False,False,80
top_ten,svm,bigram,no_origin,12,unith,121,Faure,june_12_g0,0.970520799213888,0.9911562397641663,0.9556174254831313,0.61875,,5,20,4,8,0,6,7,1,1,2,1,1S,2S,,0,10,False,True,False,True,80
top_ten,svm,bigram,no_origin,12,unith,121,Faure,june_12_g0,0.970520799213888,0.9911562397641663,0.9556174254831313,0.61875,,,20,4,8,0,6,8,1,1,3,1,1S,3S,,0,0,False,False,False,False,80
top_ten,svm,bigram,no_origin,12,unith,121,Faure,june_12_g0,0.970520799213888,0.9911562397641663,0.9556174254831313,0.61875,,5,20,4,8,0,6,9,1,1,4,1,1S,4S,,0,61,False,True,False,True,80
top_ten,svm,bigram,no_origin,12,unith,121,Faure,june_12_g0,0.970520799213888,0.9911562397641663,0.9556174254831313,0.61875,,5,20,4,8,0,6,10,1,1,5,1,1S,5S,,0,56,False,True,False,True,80
top_ten,svm,bigram,no_origin,12,unith,121,Faure,june_12_g0,0.970520799213888,0.9911562397641663,0.9556174254831313,0.61875,,5,20,4,8,0,6,11,1,1,6,1,1S,6S,,0,67,False,True,False,True,80
top_ten,svm,bigram,no_origin,12,unith,121,Faure,june_12_g0,0.970520799213888,0.9911562397641663,0.9556174254831313,0.61875,5,5,20,4,8,0,7,0,2,1,1,0,2S,1H,0.21718374900085058,10,41,True,True,True,True,80
top_ten,svm,bigram,no_origin,12,unith,121,Faure,june_12_g0,0.970520799213888,0.9911562397641663,0.9556174254831313,0.61875,5,5,20,4,8,0,7,1,2,1,2,0,2S,2H,0.3883892202242726,10,36,True,True,True,True,80
top_ten,svm,bigram,no_origin,12,unith,121,Faure,june_12_g0,0.970520799213888,0.9911562397641663,0.9556174254831313,0.61875,5,5,20,4,8,0,7,2,2,1,3,0,2S,3H,0.22878968354416304,10,53,True,True,True,True,80
top_ten,svm,bigram,no_origin,12,unith,121,Faure,june_12_g0,0.970520799213888,0.9911562397641663,0.9556174254831313,0.61875,5,2,20,4,8,0,7,3,2,1,4,0,2S,4H,0.40564702081415216,10,4,True,True,True,False,80
top_ten,svm,bigram,no_origin,12,unith,121,Faure,june_12_g0,0.970520799213888,0.9911562397641663,0.9556174254831313,0.61875,5,2,20,4,8,0,7,4,2,1,5,0,2S,5H,0.10074474109774008,10,4,True,True,True,False,80
top_ten,svm,bigram,no_origin,12,unith,121,Faure,june_12_g0,0.970520799213888,0.9911562397641663,0.9556174254831313,0.61875,5,,20,4,8,0,7,5,2,1,6,0,2S,6H,,10,0,True,False,True,False,80
top_ten,svm,bigram,no_origin,12,unith,121,Faure,june_12_g0,0.970520799213888,0.9911562397641663,0.9556174254831313,0.61875,5,,20,4,8,0,7,6,2,1,1,1,2S,1S,,10,0,True,False,True,False,80
top_ten,svm,bigram,no_origin,12,unith,121,Faure,june_12_g0,0.970520799213888,0.9911562397641663,0.9556174254831313,0.61875,5,5,20,4,8,0,7,7,2,1,2,1,2S,2S,0.31307650232888645,10,10,True,True,True,True,80
top_ten,svm,bigram,no_origin,12,unith,121,Faure,june_12_g0,0.970520799213888,0.9911562397641663,0.9556174254831313,0.61875,5,,20,4,8,0,7,8,2,1,3,1,2S,3S,,10,0,True,False,True,False,80
top_ten,svm,bigram,no_origin,12,unith,121,Faure,june_12_g0,0.970520799213888,0.9911562397641663,0.9556174254831313,0.61875,5,5,20,4,8,0,7,9,2,1,4,1,2S,4S,0.2908445125860969,10,61,True,True,True,True,80
top_ten,svm,bigram,no_origin,12,unith,121,Faure,june_12_g0,0.970520799213888,0.9911562397641663,0.9556174254831313,0.61875,5,5,20,4,8,0,7,10,2,1,5,1,2S,5S,0.16864303429334532,10,56,True,True,True,True,80
top_ten,svm,bigram,no_origin,12,unith,121,Faure,june_12_g0,0.970520799213888,0.9911562397641663,0.9556174254831313,0.61875,5,5,20,4,8,0,7,11,2,1,6,1,2S,6S,0.21769717598604607,10,67,True,True,True,True,80
top_ten,svm,bigram,no_origin,12,unith,121,Faure,june_12_g0,0.970520799213888,0.9911562397641663,0.9556174254831313,0.61875,,5,20,4,8,0,8,0,3,1,1,0,3S,1H,,0,41,False,True,False,True,80
top_ten,svm,bigram,no_origin,12,unith,121,Faure,june_12_g0,0.970520799213888,0.9911562397641663,0.9556174254831313,0.61875,,5,20,4,8,0,8,1,3,1,2,0,3S,2H,,0,36,False,True,False,True,80
top_ten,svm,bigram,no_origin,12,unith,121,Faure,june_12_g0,0.970520799213888,0.9911562397641663,0.9556174254831313,0.61875,,5,20,4,8,0,8,2,3,1,3,0,3S,3H,,0,53,False,True,False,True,80
top_ten,svm,bigram,no_origin,12,unith,121,Faure,june_12_g0,0.970520799213888,0.9911562397641663,0.9556174254831313,0.61875,,2,20,4,8,0,8,3,3,1,4,0,3S,4H,,0,4,False,True,False,False,80
top_ten,svm,bigram,no_origin,12,unith,121,Faure,june_12_g0,0.970520799213888,0.9911562397641663,0.9556174254831313,0.61875,,2,20,4,8,0,8,4,3,1,5,0,3S,5H,,0,4,False,True,False,False,80
top_ten,svm,bigram,no_origin,12,unith,121,Faure,june_12_g0,0.970520799213888,0.9911562397641663,0.9556174254831313,0.61875,,,20,4,8,0,8,5,3,1,6,0,3S,6H,,0,0,False,False,False,False,80
top_ten,svm,bigram,no_origin,12,unith,121,Faure,june_12_g0,0.970520799213888,0.9911562397641663,0.9556174254831313,0.61875,,,20,4,8,0,8,6,3,1,1,1,3S,1S,,0,0,False,False,False,False,80
top_ten,svm,bigram,no_origin,12,unith,121,Faure,june_12_g0,0.970520799213888,0.9911562397641663,0.9556174254831313,0.61875,,5,20,4,8,0,8,7,3,1,2,1,3S,2S,,0,10,False,True,False,True,80
top_ten,svm,bigram,no_origin,12,unith,121,Faure,june_12_g0,0.970520799213888,0.9911562397641663,0.9556174254831313,0.61875,,,20,4,8,0,8,8,3,1,3,1,3S,3S,,0,0,False,False,False,False,80
top_ten,svm,bigram,no_origin,12,unith,121,Faure,june_12_g0,0.970520799213888,0.9911562397641663,0.9556174254831313,0.61875,,5,20,4,8,0,8,9,3,1,4,1,3S,4S,,0,61,False,True,False,True,80
top_ten,svm,bigram,no_origin,12,unith,121,Faure,june_12_g0,0.970520799213888,0.9911562397641663,0.9556174254831313,0.61875,,5,20,4,8,0,8,10,3,1,5,1,3S,5S,,0,56,False,True,False,True,80
top_ten,svm,bigram,no_origin,12,unith,121,Faure,june_12_g0,0.970520799213888,0.9911562397641663,0.9556174254831313,0.61875,,5,20,4,8,0,8,11,3,1,6,1,3S,6S,,0,67,False,True,False,True,80
top_ten,svm,bigram,no_origin,12,unith,121,Faure,june_12_g0,0.970520799213888,0.9911562397641663,0.9556174254831313,0.61875,5,5,20,4,8,0,9,0,4,1,1,0,4S,1H,0.30440381459983173,61,41,True,True,True,True,80
top_ten,svm,bigram,no_origin,12,unith,121,Faure,june_12_g0,0.970520799213888,0.9911562397641663,0.9556174254831313,0.61875,5,5,20,4,8,0,9,1,4,1,2,0,4S,2H,0.5273457507621899,61,36,True,True,True,True,80
top_ten,svm,bigram,no_origin,12,unith,121,Faure,june_12_g0,0.970520799213888,0.9911562397641663,0.9556174254831313,0.61875,5,5,20,4,8,0,9,2,4,1,3,0,4S,3H,0.4512247195844653,61,53,True,True,True,True,80
top_ten,svm,bigram,no_origin,12,unith,121,Faure,june_12_g0,0.970520799213888,0.9911562397641663,0.9556174254831313,0.61875,5,2,20,4,8,0,9,3,4,1,4,0,4S,4H,0.4315890290605585,61,4,True,True,True,False,80
top_ten,svm,bigram,no_origin,12,unith,121,Faure,june_12_g0,0.970520799213888,0.9911562397641663,0.9556174254831313,0.61875,5,2,20,4,8,0,9,4,4,1,5,0,4S,5H,0.14550383066407996,61,4,True,True,True,False,80
top_ten,svm,bigram,no_origin,12,unith,121,Faure,june_12_g0,0.970520799213888,0.9911562397641663,0.9556174254831313,0.61875,5,,20,4,8,0,9,5,4,1,6,0,4S,6H,,61,0,True,False,True,False,80
top_ten,svm,bigram,no_origin,12,unith,121,Faure,june_12_g0,0.970520799213888,0.9911562397641663,0.9556174254831313,0.61875,5,,20,4,8,0,9,6,4,1,1,1,4S,1S,,61,0,True,False,True,False,80
top_ten,svm,bigram,no_origin,12,unith,121,Faure,june_12_g0,0.970520799213888,0.9911562397641663,0.9556174254831313,0.61875,5,5,20,4,8,0,9,7,4,1,2,1,4S,2S,0.2908445125860969,61,10,True,True,True,True,80
top_ten,svm,bigram,no_origin,12,unith,121,Faure,june_12_g0,0.970520799213888,0.9911562397641663,0.9556174254831313,0.61875,5,,20,4,8,0,9,8,4,1,3,1,4S,3S,,61,0,True,False,True,False,80
top_ten,svm,bigram,no_origin,12,unith,121,Faure,june_12_g0,0.970520799213888,0.9911562397641663,0.9556174254831313,0.61875,5,5,20,4,8,0,9,9,4,1,4,1,4S,4S,0.5118447111082569,61,61,True,True,True,True,80
top_ten,svm,bigram,no_origin,12,unith,121,Faure,june_12_g0,0.970520799213888,0.9911562397641663,0.9556174254831313,0.61875,5,5,20,4,8,0,9,10,4,1,5,1,4S,5S,0.3330603650656127,61,56,True,True,True,True,80
top_ten,svm,bigram,no_origin,12,unith,121,Faure,june_12_g0,0.970520799213888,0.9911562397641663,0.9556174254831313,0.61875,5,5,20,4,8,0,9,11,4,1,6,1,4S,6S,0.2754711632378262,61,67,True,True,True,True,80
top_ten,svm,bigram,no_origin,12,unith,121,Faure,june_12_g0,0.970520799213888,0.9911562397641663,0.9556174254831313,0.61875,5,5,20,4,8,0,10,0,5,1,1,0,5S,1H,0.2333502789473127,56,41,True,True,True,True,80
top_ten,svm,bigram,no_origin,12,unith,121,Faure,june_12_g0,0.970520799213888,0.9911562397641663,0.9556174254831313,0.61875,5,5,20,4,8,0,10,1,5,1,2,0,5S,2H,0.3537203686053005,56,36,True,True,True,True,80
top_ten,svm,bigram,no_origin,12,unith,121,Faure,june_12_g0,0.970520799213888,0.9911562397641663,0.9556174254831313,0.61875,5,5,20,4,8,0,10,2,5,1,3,0,5S,3H,0.29308137924590016,56,53,True,True,True,True,80
top_ten,svm,bigram,no_origin,12,unith,121,Faure,june_12_g0,0.970520799213888,0.9911562397641663,0.9556174254831313,0.61875,5,2,20,4,8,0,10,3,5,1,4,0,5S,4H,0.27170497644178065,56,4,True,True,True,False,80
top_ten,svm,bigram,no_origin,12,unith,121,Faure,june_12_g0,0.970520799213888,0.9911562397641663,0.9556174254831313,0.61875,5,2,20,4,8,0,10,4,5,1,5,0,5S,5H,0.13490700601460237,56,4,True,True,True,False,80
top_ten,svm,bigram,no_origin,12,unith,121,Faure,june_12_g0,0.970520799213888,0.9911562397641663,0.9556174254831313,0.61875,5,,20,4,8,0,10,5,5,1,6,0,5S,6H,,56,0,True,False,True,False,80
top_ten,svm,bigram,no_origin,12,unith,121,Faure,june_12_g0,0.970520799213888,0.9911562397641663,0.9556174254831313,0.61875,5,,20,4,8,0,10,6,5,1,1,1,5S,1S,,56,0,True,False,True,False,80
top_ten,svm,bigram,no_origin,12,unith,121,Faure,june_12_g0,0.970520799213888,0.9911562397641663,0.9556174254831313,0.61875,5,5,20,4,8,0,10,7,5,1,2,1,5S,2S,0.16864303429334532,56,10,True,True,True,True,80
top_ten,svm,bigram,no_origin,12,unith,121,Faure,june_12_g0,0.970520799213888,0.9911562397641663,0.9556174254831313,0.61875,5,,20,4,8,0,10,8,5,1,3,1,5S,3S,,56,0,True,False,True,False,80
top_ten,svm,bigram,no_origin,12,unith,121,Faure,june_12_g0,0.970520799213888,0.9911562397641663,0.9556174254831313,0.61875,5,5,20,4,8,0,10,9,5,1,4,1,5S,4S,0.3330603650656127,56,61,True,True,True,True,80
top_ten,svm,bigram,no_origin,12,unith,121,Faure,june_12_g0,0.970520799213888,0.9911562397641663,0.9556174254831313,0.61875,5,5,20,4,8,0,10,10,5,1,5,1,5S,5S,0.2046519821780901,56,56,True,True,True,True,80
top_ten,svm,bigram,no_origin,12,unith,121,Faure,june_12_g0,0.970520799213888,0.9911562397641663,0.9556174254831313,0.61875,5,5,20,4,8,0,10,11,5,1,6,1,5S,6S,0.2030036610013873,56,67,True,True,True,True,80
top_ten,svm,bigram,no_origin,12,unith,121,Faure,june_12_g0,0.970520799213888,0.9911562397641663,0.9556174254831313,0.61875,5,5,20,4,8,0,11,0,6,1,1,0,6S,1H,0.16907611244990792,67,41,True,True,True,True,80
top_ten,svm,bigram,no_origin,12,unith,121,Faure,june_12_g0,0.970520799213888,0.9911562397641663,0.9556174254831313,0.61875,5,5,20,4,8,0,11,1,6,1,2,0,6S,2H,0.3193587131339978,67,36,True,True,True,True,80
top_ten,svm,bigram,no_origin,12,unith,121,Faure,june_12_g0,0.970520799213888,0.9911562397641663,0.9556174254831313,0.61875,5,5,20,4,8,0,11,2,6,1,3,0,6S,3H,0.24202835065547174,67,53,True,True,True,True,80
top_ten,svm,bigram,no_origin,12,unith,121,Faure,june_12_g0,0.970520799213888,0.9911562397641663,0.9556174254831313,0.61875,5,2,20,4,8,0,11,3,6,1,4,0,6S,4H,0.24312702685919207,67,4,True,True,True,False,80
top_ten,svm,bigram,no_origin,12,unith,121,Faure,june_12_g0,0.970520799213888,0.9911562397641663,0.9556174254831313,0.61875,5,2,20,4,8,0,11,4,6,1,5,0,6S,5H,0.121471497116637,67,4,True,True,True,False,80
top_ten,svm,bigram,no_origin,12,unith,121,Faure,june_12_g0,0.970520799213888,0.9911562397641663,0.9556174254831313,0.61875,5,,20,4,8,0,11,5,6,1,6,0,6S,6H,,67,0,True,False,True,False,80
top_ten,svm,bigram,no_origin,12,unith,121,Faure,june_12_g0,0.970520799213888,0.9911562397641663,0.9556174254831313,0.61875,5,,20,4,8,0,11,6,6,1,1,1,6S,1S,,67,0,True,False,True,False,80
top_ten,svm,bigram,no_origin,12,unith,121,Faure,june_12_g0,0.970520799213888,0.9911562397641663,0.9556174254831313,0.61875,5,5,20,4,8,0,11,7,6,1,2,1,6S,2S,0.21769717598604607,67,10,True,True,True,True,80
top_ten,svm,bigram,no_origin,12,unith,121,Faure,june_12_g0,0.970520799213888,0.9911562397641663,0.9556174254831313,0.61875,5,,20,4,8,0,11,8,6,1,3,1,6S,3S,,67,0,True,False,True,False,80
top_ten,svm,bigram,no_origin,12,unith,121,Faure,june_12_g0,0.970520799213888,0.9911562397641663,0.9556174254831313,0.61875,5,5,20,4,8,0,11,9,6,1,4,1,6S,4S,0.2754711632378262,67,61,True,True,True,True,80
top_ten,svm,bigram,no_origin,12,unith,121,Faure,june_12_g0,0.970520799213888,0.9911562397641663,0.9556174254831313,0.61875,5,5,20,4,8,0,11,10,6,1,5,1,6S,5S,0.2030036610013873,67,56,True,True,True,True,80
top_ten,svm,bigram,no_origin,12,unith,121,Faure,june_12_g0,0.970520799213888,0.9911562397641663,0.9556174254831313,0.61875,5,5,20,4,8,0,11,11,6,1,6,1,6S,6S,0.23984421550092855,67,67,True,True,True,True,80
top_ten,svm,bigram,no_origin,12,unith,121,Faure,june_16_g0,0.977857142857143,0.9783333333333334,0.9547619047619047,0.8840579710144928,16,16,20,4,8,0,0,0,1,0,1,0,1H,1H,0.6974633770234118,58,58,True,True,True,True,80
top_ten,svm,bigram,no_origin,12,unith,121,Faure,june_16_g0,0.977857142857143,0.9783333333333334,0.9547619047619047,0.8840579710144928,16,2,20,4,8,0,0,1,1,0,2,0,1H,2H,0.5024814204201714,58,5,True,True,True,False,80
top_ten,svm,bigram,no_origin,12,unith,121,Faure,june_16_g0,0.977857142857143,0.9783333333333334,0.9547619047619047,0.8840579710144928,16,16,20,4,8,0,0,2,1,0,3,0,1H,3H,0.5801323511638481,58,40,True,True,True,True,80
top_ten,svm,bigram,no_origin,12,unith,121,Faure,june_16_g0,0.977857142857143,0.9783333333333334,0.9547619047619047,0.8840579710144928,16,3,20,4,8,0,0,3,1,0,4,0,1H,4H,0.514180995912637,58,7,True,True,True,False,80
top_ten,svm,bigram,no_origin,12,unith,121,Faure,june_16_g0,0.977857142857143,0.9783333333333334,0.9547619047619047,0.8840579710144928,16,2,20,4,8,0,0,4,1,0,5,0,1H,5H,0.3622585515994695,58,4,True,True,True,False,80
top_ten,svm,bigram,no_origin,12,unith,121,Faure,june_16_g0,0.977857142857143,0.9783333333333334,0.9547619047619047,0.8840579710144928,16,,20,4,8,0,0,5,1,0,6,0,1H,6H,,58,0,True,False,True,False,80
top_ten,svm,bigram,no_origin,12,unith,121,Faure,june_16_g0,0.977857142857143,0.9783333333333334,0.9547619047619047,0.8840579710144928,16,,20,4,8,0,0,6,1,0,1,1,1H,1S,,58,0,True,False,True,False,80
top_ten,svm,bigram,no_origin,12,unith,121,Faure,june_16_g0,0.977857142857143,0.9783333333333334,0.9547619047619047,0.8840579710144928,16,16,20,4,8,0,0,7,1,0,2,1,1H,2S,0.6992213748266003,58,32,True,True,True,True,80
top_ten,svm,bigram,no_origin,12,unith,121,Faure,june_16_g0,0.977857142857143,0.9783333333333334,0.9547619047619047,0.8840579710144928,16,3,20,4,8,0,0,8,1,0,3,1,1H,3S,0.37396779004451264,58,6,True,True,True,False,80
top_ten,svm,bigram,no_origin,12,unith,121,Faure,june_16_g0,0.977857142857143,0.9783333333333334,0.9547619047619047,0.8840579710144928,16,16,20,4,8,0,0,9,1,0,4,1,1H,4S,0.7007887275990374,58,51,True,True,True,True,80
top_ten,svm,bigram,no_origin,12,unith,121,Faure,june_16_g0,0.977857142857143,0.9783333333333334,0.9547619047619047,0.8840579710144928,16,16,20,4,8,0,0,10,1,0,5,1,1H,5S,0.5229110990680694,58,51,True,True,True,True,80
top_ten,svm,bigram,no_origin,12,unith,121,Faure,june_16_g0,0.977857142857143,0.9783333333333334,0.9547619047619047,0.8840579710144928,16,16,20,4,8,0,0,11,1,0,6,1,1H,6S,0.5211517237558756,58,66,True,True,True,True,80
top_ten,svm,bigram,no_origin,12,unith,121,Faure,june_16_g0,0.977857142857143,0.9783333333333334,0.9547619047619047,0.8840579710144928,2,16,20,4,8,0,1,0,2,0,1,0,2H,1H,0.5024814204201714,5,58,True,True,False,True,80
top_ten,svm,bigram,no_origin,12,unith,121,Faure,june_16_g0,0.977857142857143,0.9783333333333334,0.9547619047619047,0.8840579710144928,2,2,20,4,8,0,1,1,2,0,2,0,2H,2H,0.6426670461076585,5,5,True,True,False,False,80
top_ten,svm,bigram,no_origin,12,unith,121,Faure,june_16_g0,0.977857142857143,0.9783333333333334,0.9547619047619047,0.8840579710144928,2,16,20,4,8,0,1,2,2,0,3,0,2H,3H,0.3634105224644294,5,40,True,True,False,True,80
top_ten,svm,bigram,no_origin,12,unith,121,Faure,june_16_g0,0.977857142857143,0.9783333333333334,0.9547619047619047,0.8840579710144928,2,3,20,4,8,0,1,3,2,0,4,0,2H,4H,0.26818626840747184,5,7,True,True,False,False,80
top_ten,svm,bigram,no_origin,12,unith,121,Faure,june_16_g0,0.977857142857143,0.9783333333333334,0.9547619047619047,0.8840579710144928,2,2,20,4,8,0,1,4,2,0,5,0,2H,5H,0.43532438068709767,5,4,True,True,False,False,80
top_ten,svm,bigram,no_origin,12,unith,121,Faure,june_16_g0,0.977857142857143,0.9783333333333334,0.9547619047619047,0.8840579710144928,2,,20,4,8,0,1,5,2,0,6,0,2H,6H,,5,0,True,False,False,False,80
top_ten,svm,bigram,no_origin,12,unith,121,Faure,june_16_g0,0.977857142857143,0.9783333333333334,0.9547619047619047,0.8840579710144928,2,,20,4,8,0,1,6,2,0,1,1,2H,1S,,5,0,True,False,False,False,80
top_ten,svm,bigram,no_origin,12,unith,121,Faure,june_16_g0,0.977857142857143,0.9783333333333334,0.9547619047619047,0.8840579710144928,2,16,20,4,8,0,1,7,2,0,2,1,2H,2S,0.3660566777905009,5,32,True,True,False,True,80
top_ten,svm,bigram,no_origin,12,unith,121,Faure,june_16_g0,0.977857142857143,0.9783333333333334,0.9547619047619047,0.8840579710144928,2,3,20,4,8,0,1,8,2,0,3,1,2H,3S,0.2197311838857619,5,6,True,True,False,False,80
top_ten,svm,bigram,no_origin,12,unith,121,Faure,june_16_g0,0.977857142857143,0.9783333333333334,0.9547619047619047,0.8840579710144928,2,16,20,4,8,0,1,9,2,0,4,1,2H,4S,0.5005006298751398,5,51,True,True,False,True,80
top_ten,svm,bigram,no_origin,12,unith,121,Faure,june_16_g0,0.977857142857143,0.9783333333333334,0.9547619047619047,0.8840579710144928,2,16,20,4,8,0,1,10,2,0,5,1,2H,5S,0.28770006897798206,5,51,True,True,False,True,80
top_ten,svm,bigram,no_origin,12,unith,121,Faure,june_16_g0,0.977857142857143,0.9783333333333334,0.9547619047619047,0.8840579710144928,2,16,20,4,8,0,1,11,2,0,6,1,2H,6S,0.27077309202062594,5,66,True,True,False,True,80
top_ten,svm,bigram,no_origin,12,unith,121,Faure,june_16_g0,0.977857142857143,0.9783333333333334,0.9547619047619047,0.8840579710144928,16,16,20,4,8,0,2,0,3,0,1,0,3H,1H,0.5801323511638481,40,58,True,True,True,True,80
top_ten,svm,bigram,no_origin,12,unith,121,Faure,june_16_g0,0.977857142857143,0.9783333333333334,0.9547619047619047,0.8840579710144928,16,2,20,4,8,0,2,1,3,0,2,0,3H,2H,0.3634105224644294,40,5,True,True,True,False,80
top_ten,svm,bigram,no_origin,12,unith,121,Faure,june_16_g0,0.977857142857143,0.9783333333333334,0.9547619047619047,0.8840579710144928,16,16,20,4,8,0,2,2,3,0,3,0,3H,3H,0.5731659487628129,40,40,True,True,True,True,80
top_ten,svm,bigram,no_origin,12,unith,121,Faure,june_16_g0,0.977857142857143,0.9783333333333334,0.9547619047619047,0.8840579710144928,16,3,20,4,8,0,2,3,3,0,4,0,3H,4H,0.5133917585917822,40,7,True,True,True,False,80
top_ten,svm,bigram,no_origin,12,unith,121,Faure,june_16_g0,0.977857142857143,0.9783333333333334,0.9547619047619047,0.8840579710144928,16,2,20,4,8,0,2,4,3,0,5,0,3H,5H,0.3363278942226342,40,4,True,True,True,False,80
top_ten,svm,bigram,no_origin,12,unith,121,Faure,june_16_g0,0.977857142857143,0.9783333333333334,0.9547619047619047,0.8840579710144928,16,,20,4,8,0,2,5,3,0,6,0,3H,6H,,40,0,True,False,True,False,80
top_ten,svm,bigram,no_origin,12,unith,121,Faure,june_16_g0,0.977857142857143,0.9783333333333334,0.9547619047619047,0.8840579710144928,16,,20,4,8,0,2,6,3,0,1,1,3H,1S,,40,0,True,False,True,False,80
top_ten,svm,bigram,no_origin,12,unith,121,Faure,june_16_g0,0.977857142857143,0.9783333333333334,0.9547619047619047,0.8840579710144928,16,16,20,4,8,0,2,7,3,0,2,1,3H,2S,0.5603544957258484,40,32,True,True,True,True,80
top_ten,svm,bigram,no_origin,12,unith,121,Faure,june_16_g0,0.977857142857143,0.9783333333333334,0.9547619047619047,0.8840579710144928,16,3,20,4,8,0,2,8,3,0,3,1,3H,3S,0.34212596980866533,40,6,True,True,True,False,80
top_ten,svm,bigram,no_origin,12,unith,121,Faure,june_16_g0,0.977857142857143,0.9783333333333334,0.9547619047619047,0.8840579710144928,16,16,20,4,8,0,2,9,3,0,4,1,3H,4S,0.5327586339599775,40,51,True,True,True,True,80
top_ten,svm,bigram,no_origin,12,unith,121,Faure,june_16_g0,0.977857142857143,0.9783333333333334,0.9547619047619047,0.8840579710144928,16,16,20,4,8,0,2,10,3,0,5,1,3H,5S,0.4699399091135524,40,51,True,True,True,True,80
top_ten,svm,bigram,no_origin,12,unith,121,Faure,june_16_g0,0.977857142857143,0.9783333333333334,0.9547619047619047,0.8840579710144928,16,16,20,4,8,0,2,11,3,0,6,1,3H,6S,0.4984279047611979,40,66,True,True,True,True,80
top_ten,svm,bigram,no_origin,12,unith,121,Faure,june_16_g0,0.977857142857143,0.9783333333333334,0.9547619047619047,0.8840579710144928,3,16,20,4,8,0,3,0,4,0,1,0,4H,1H,0.514180995912637,7,58,True,True,False,True,80
top_ten,svm,bigram,no_origin,12,unith,121,Faure,june_16_g0,0.977857142857143,0.9783333333333334,0.9547619047619047,0.8840579710144928,3,2,20,4,8,0,3,1,4,0,2,0,4H,2H,0.26818626840747184,7,5,True,True,False,False,80
top_ten,svm,bigram,no_origin,12,unith,121,Faure,june_16_g0,0.977857142857143,0.9783333333333334,0.9547619047619047,0.8840579710144928,3,16,20,4,8,0,3,2,4,0,3,0,4H,3H,0.5133917585917822,7,40,True,True,False,True,80
top_ten,svm,bigram,no_origin,12,unith,121,Faure,june_16_g0,0.977857142857143,0.9783333333333334,0.9547619047619047,0.8840579710144928,3,3,20,4,8,0,3,3,4,0,4,0,4H,4H,0.27156963591636163,7,7,True,True,False,False,80
top_ten,svm,bigram,no_origin,12,unith,121,Faure,june_16_g0,0.977857142857143,0.9783333333333334,0.9547619047619047,0.8840579710144928,3,2,20,4,8,0,3,4,4,0,5,0,4H,5H,0.421820578439402,7,4,True,True,False,False,80
top_ten,svm,bigram,no_origin,12,unith,121,Faure,june_16_g0,0.977857142857143,0.9783333333333334,0.9547619047619047,0.8840579710144928,3,,20,4,8,0,3,5,4,0,6,0,4H,6H,,7,0,True,False,False,False,80
top_ten,svm,bigram,no_origin,12,unith,121,Faure,june_16_g0,0.977857142857143,0.9783333333333334,0.9547619047619047,0.8840579710144928,3,,20,4,8,0,3,6,4,0,1,1,4H,1S,,7,0,True,False,False,False,80
top_ten,svm,bigram,no_origin,12,unith,121,Faure,june_16_g0,0.977857142857143,0.9783333333333334,0.9547619047619047,0.8840579710144928,3,16,20,4,8,0,3,7,4,0,2,1,4H,2S,0.44209835113851553,7,32,True,True,False,True,80
top_ten,svm,bigram,no_origin,12,unith,121,Faure,june_16_g0,0.977857142857143,0.9783333333333334,0.9547619047619047,0.8840579710144928,3,3,20,4,8,0,3,8,4,0,3,1,4H,3S,0.3046104688785284,7,6,True,True,False,False,80
top_ten,svm,bigram,no_origin,12,unith,121,Faure,june_16_g0,0.977857142857143,0.9783333333333334,0.9547619047619047,0.8840579710144928,3,16,20,4,8,0,3,9,4,0,4,1,4H,4S,0.5297528733187182,7,51,True,True,False,True,80
top_ten,svm,bigram,no_origin,12,unith,121,Faure,june_16_g0,0.977857142857143,0.9783333333333334,0.9547619047619047,0.8840579710144928,3,16,20,4,8,0,3,10,4,0,5,1,4H,5S,0.3303444294636063,7,51,True,True,False,True,80
top_ten,svm,bigram,no_origin,12,unith,121,Faure,june_16_g0,0.977857142857143,0.9783333333333334,0.9547619047619047,0.8840579710144928,3,16,20,4,8,0,3,11,4,0,6,1,4H,6S,0.3591566694854305,7,66,True,True,False,True,80
top_ten,svm,bigram,no_origin,12,unith,121,Faure,june_16_g0,0.977857142857143,0.9783333333333334,0.9547619047619047,0.8840579710144928,2,16,20,4,8,0,4,0,5,0,1,0,5H,1H,0.3622585515994695,4,58,True,True,False,True,80
top_ten,svm,bigram,no_origin,12,unith,121,Faure,june_16_g0,0.977857142857143,0.9783333333333334,0.9547619047619047,0.8840579710144928,2,2,20,4,8,0,4,1,5,0,2,0,5H,2H,0.43532438068709767,4,5,True,True,False,False,80
top_ten,svm,bigram,no_origin,12,unith,121,Faure,june_16_g0,0.977857142857143,0.9783333333333334,0.9547619047619047,0.8840579710144928,2,16,20,4,8,0,4,2,5,0,3,0,5H,3H,0.3363278942226342,4,40,True,True,False,True,80
top_ten,svm,bigram,no_origin,12,unith,121,Faure,june_16_g0,0.977857142857143,0.9783333333333334,0.9547619047619047,0.8840579710144928,2,3,20,4,8,0,4,3,5,0,4,0,5H,4H,0.421820578439402,4,7,True,True,False,False,80
top_ten,svm,bigram,no_origin,12,unith,121,Faure,june_16_g0,0.977857142857143,0.9783333333333334,0.9547619047619047,0.8840579710144928,2,2,20,4,8,0,4,4,5,0,5,0,5H,5H,0.39619385089626563,4,4,True,True,False,False,80
top_ten,svm,bigram,no_origin,12,unith,121,Faure,june_16_g0,0.977857142857143,0.9783333333333334,0.9547619047619047,0.8840579710144928,2,,20,4,8,0,4,5,5,0,6,0,5H,6H,,4,0,True,False,False,False,80
top_ten,svm,bigram,no_origin,12,unith,121,Faure,june_16_g0,0.977857142857143,0.9783333333333334,0.9547619047619047,0.8840579710144928,2,,20,4,8,0,4,6,5,0,1,1,5H,1S,,4,0,True,False,False,False,80
top_ten,svm,bigram,no_origin,12,unith,121,Faure,june_16_g0,0.977857142857143,0.9783333333333334,0.9547619047619047,0.8840579710144928,2,16,20,4,8,0,4,7,5,0,2,1,5H,2S,0.176843799959548,4,32,True,True,False,True,80
top_ten,svm,bigram,no_origin,12,unith,121,Faure,june_16_g0,0.977857142857143,0.9783333333333334,0.9547619047619047,0.8840579710144928,2,3,20,4,8,0,4,8,5,0,3,1,5H,3S,0.3464034834255423,4,6,True,True,False,False,80
top_ten,svm,bigram,no_origin,12,unith,121,Faure,june_16_g0,0.977857142857143,0.9783333333333334,0.9547619047619047,0.8840579710144928,2,16,20,4,8,0,4,9,5,0,4,1,5H,4S,0.3993327434103033,4,51,True,True,False,True,80
top_ten,svm,bigram,no_origin,12,unith,121,Faure,june_16_g0,0.977857142857143,0.9783333333333334,0.9547619047619047,0.8840579710144928,2,16,20,4,8,0,4,10,5,0,5,1,5H,5S,0.1797774023648073,4,51,True,True,False,True,80
top_ten,svm,bigram,no_origin,12,unith,121,Faure,june_16_g0,0.977857142857143,0.9783333333333334,0.9547619047619047,0.8840579710144928,2,16,20,4,8,0,4,11,5,0,6,1,5H,6S,0.15177601411899022,4,66,True,True,False,True,80
top_ten,svm,bigram,no_origin,12,unith,121,Faure,june_16_g0,0.977857142857143,0.9783333333333334,0.9547619047619047,0.8840579710144928,,16,20,4,8,0,5,0,6,0,1,0,6H,1H,,0,58,False,True,False,True,80
top_ten,svm,bigram,no_origin,12,unith,121,Faure,june_16_g0,0.977857142857143,0.9783333333333334,0.9547619047619047,0.8840579710144928,,2,20,4,8,0,5,1,6,0,2,0,6H,2H,,0,5,False,True,False,False,80
top_ten,svm,bigram,no_origin,12,unith,121,Faure,june_16_g0,0.977857142857143,0.9783333333333334,0.9547619047619047,0.8840579710144928,,16,20,4,8,0,5,2,6,0,3,0,6H,3H,,0,40,False,True,False,True,80
top_ten,svm,bigram,no_origin,12,unith,121,Faure,june_16_g0,0.977857142857143,0.9783333333333334,0.9547619047619047,0.8840579710144928,,3,20,4,8,0,5,3,6,0,4,0,6H,4H,,0,7,False,True,False,False,80
top_ten,svm,bigram,no_origin,12,unith,121,Faure,june_16_g0,0.977857142857143,0.9783333333333334,0.9547619047619047,0.8840579710144928,,2,20,4,8,0,5,4,6,0,5,0,6H,5H,,0,4,False,True,False,False,80
top_ten,svm,bigram,no_origin,12,unith,121,Faure,june_16_g0,0.977857142857143,0.9783333333333334,0.9547619047619047,0.8840579710144928,,,20,4,8,0,5,5,6,0,6,0,6H,6H,,0,0,False,False,False,False,80
top_ten,svm,bigram,no_origin,12,unith,121,Faure,june_16_g0,0.977857142857143,0.9783333333333334,0.9547619047619047,0.8840579710144928,,,20,4,8,0,5,6,6,0,1,1,6H,1S,,0,0,False,False,False,False,80
top_ten,svm,bigram,no_origin,12,unith,121,Faure,june_16_g0,0.977857142857143,0.9783333333333334,0.9547619047619047,0.8840579710144928,,16,20,4,8,0,5,7,6,0,2,1,6H,2S,,0,32,False,True,False,True,80
top_ten,svm,bigram,no_origin,12,unith,121,Faure,june_16_g0,0.977857142857143,0.9783333333333334,0.9547619047619047,0.8840579710144928,,3,20,4,8,0,5,8,6,0,3,1,6H,3S,,0,6,False,True,False,False,80
top_ten,svm,bigram,no_origin,12,unith,121,Faure,june_16_g0,0.977857142857143,0.9783333333333334,0.9547619047619047,0.8840579710144928,,16,20,4,8,0,5,9,6,0,4,1,6H,4S,,0,51,False,True,False,True,80
top_ten,svm,bigram,no_origin,12,unith,121,Faure,june_16_g0,0.977857142857143,0.9783333333333334,0.9547619047619047,0.8840579710144928,,16,20,4,8,0,5,10,6,0,5,1,6H,5S,,0,51,False,True,False,True,80
top_ten,svm,bigram,no_origin,12,unith,121,Faure,june_16_g0,0.977857142857143,0.9783333333333334,0.9547619047619047,0.8840579710144928,,16,20,4,8,0,5,11,6,0,6,1,6H,6S,,0,66,False,True,False,True,80
top_ten,svm,bigram,no_origin,12,unith,121,Faure,june_16_g0,0.977857142857143,0.9783333333333334,0.9547619047619047,0.8840579710144928,,16,20,4,8,0,6,0,1,1,1,0,1S,1H,,0,58,False,True,False,True,80
top_ten,svm,bigram,no_origin,12,unith,121,Faure,june_16_g0,0.977857142857143,0.9783333333333334,0.9547619047619047,0.8840579710144928,,2,20,4,8,0,6,1,1,1,2,0,1S,2H,,0,5,False,True,False,False,80
top_ten,svm,bigram,no_origin,12,unith,121,Faure,june_16_g0,0.977857142857143,0.9783333333333334,0.9547619047619047,0.8840579710144928,,16,20,4,8,0,6,2,1,1,3,0,1S,3H,,0,40,False,True,False,True,80
top_ten,svm,bigram,no_origin,12,unith,121,Faure,june_16_g0,0.977857142857143,0.9783333333333334,0.9547619047619047,0.8840579710144928,,3,20,4,8,0,6,3,1,1,4,0,1S,4H,,0,7,False,True,False,False,80
top_ten,svm,bigram,no_origin,12,unith,121,Faure,june_16_g0,0.977857142857143,0.9783333333333334,0.9547619047619047,0.8840579710144928,,2,20,4,8,0,6,4,1,1,5,0,1S,5H,,0,4,False,True,False,False,80
top_ten,svm,bigram,no_origin,12,unith,121,Faure,june_16_g0,0.977857142857143,0.9783333333333334,0.9547619047619047,0.8840579710144928,,,20,4,8,0,6,5,1,1,6,0,1S,6H,,0,0,False,False,False,False,80
top_ten,svm,bigram,no_origin,12,unith,121,Faure,june_16_g0,0.977857142857143,0.9783333333333334,0.9547619047619047,0.8840579710144928,,,20,4,8,0,6,6,1,1,1,1,1S,1S,,0,0,False,False,False,False,80
top_ten,svm,bigram,no_origin,12,unith,121,Faure,june_16_g0,0.977857142857143,0.9783333333333334,0.9547619047619047,0.8840579710144928,,16,20,4,8,0,6,7,1,1,2,1,1S,2S,,0,32,False,True,False,True,80
top_ten,svm,bigram,no_origin,12,unith,121,Faure,june_16_g0,0.977857142857143,0.9783333333333334,0.9547619047619047,0.8840579710144928,,3,20,4,8,0,6,8,1,1,3,1,1S,3S,,0,6,False,True,False,False,80
top_ten,svm,bigram,no_origin,12,unith,121,Faure,june_16_g0,0.977857142857143,0.9783333333333334,0.9547619047619047,0.8840579710144928,,16,20,4,8,0,6,9,1,1,4,1,1S,4S,,0,51,False,True,False,True,80
top_ten,svm,bigram,no_origin,12,unith,121,Faure,june_16_g0,0.977857142857143,0.9783333333333334,0.9547619047619047,0.8840579710144928,,16,20,4,8,0,6,10,1,1,5,1,1S,5S,,0,51,False,True,False,True,80
top_ten,svm,bigram,no_origin,12,unith,121,Faure,june_16_g0,0.977857142857143,0.9783333333333334,0.9547619047619047,0.8840579710144928,,16,20,4,8,0,6,11,1,1,6,1,1S,6S,,0,66,False,True,False,True,80
top_ten,svm,bigram,no_origin,12,unith,121,Faure,june_16_g0,0.977857142857143,0.9783333333333334,0.9547619047619047,0.8840579710144928,16,16,20,4,8,0,7,0,2,1,1,0,2S,1H,0.6992213748266003,32,58,True,True,True,True,80
top_ten,svm,bigram,no_origin,12,unith,121,Faure,june_16_g0,0.977857142857143,0.9783333333333334,0.9547619047619047,0.8840579710144928,16,2,20,4,8,0,7,1,2,1,2,0,2S,2H,0.3660566777905009,32,5,True,True,True,False,80
top_ten,svm,bigram,no_origin,12,unith,121,Faure,june_16_g0,0.977857142857143,0.9783333333333334,0.9547619047619047,0.8840579710144928,16,16,20,4,8,0,7,2,2,1,3,0,2S,3H,0.5603544957258484,32,40,True,True,True,True,80
top_ten,svm,bigram,no_origin,12,unith,121,Faure,june_16_g0,0.977857142857143,0.9783333333333334,0.9547619047619047,0.8840579710144928,16,3,20,4,8,0,7,3,2,1,4,0,2S,4H,0.44209835113851553,32,7,True,True,True,False,80
top_ten,svm,bigram,no_origin,12,unith,121,Faure,june_16_g0,0.977857142857143,0.9783333333333334,0.9547619047619047,0.8840579710144928,16,2,20,4,8,0,7,4,2,1,5,0,2S,5H,0.176843799959548,32,4,True,True,True,False,80
top_ten,svm,bigram,no_origin,12,unith,121,Faure,june_16_g0,0.977857142857143,0.9783333333333334,0.9547619047619047,0.8840579710144928,16,,20,4,8,0,7,5,2,1,6,0,2S,6H,,32,0,True,False,True,False,80
top_ten,svm,bigram,no_origin,12,unith,121,Faure,june_16_g0,0.977857142857143,0.9783333333333334,0.9547619047619047,0.8840579710144928,16,,20,4,8,0,7,6,2,1,1,1,2S,1S,,32,0,True,False,True,False,80
top_ten,svm,bigram,no_origin,12,unith,121,Faure,june_16_g0,0.977857142857143,0.9783333333333334,0.9547619047619047,0.8840579710144928,16,16,20,4,8,0,7,7,2,1,2,1,2S,2S,0.6226516454210749,32,32,True,True,True,True,80
top_ten,svm,bigram,no_origin,12,unith,121,Faure,june_16_g0,0.977857142857143,0.9783333333333334,0.9547619047619047,0.8840579710144928,16,3,20,4,8,0,7,8,2,1,3,1,2S,3S,0.2985689111192515,32,6,True,True,True,False,80
top_ten,svm,bigram,no_origin,12,unith,121,Faure,june_16_g0,0.977857142857143,0.9783333333333334,0.9547619047619047,0.8840579710144928,16,16,20,4,8,0,7,9,2,1,4,1,2S,4S,0.6378016715558127,32,51,True,True,True,True,80
top_ten,svm,bigram,no_origin,12,unith,121,Faure,june_16_g0,0.977857142857143,0.9783333333333334,0.9547619047619047,0.8840579710144928,16,16,20,4,8,0,7,10,2,1,5,1,2S,5S,0.5703658015160331,32,51,True,True,True,True,80
top_ten,svm,bigram,no_origin,12,unith,121,Faure,june_16_g0,0.977857142857143,0.9783333333333334,0.9547619047619047,0.8840579710144928,16,16,20,4,8,0,7,11,2,1,6,1,2S,6S,0.5431029034766128,32,66,True,True,True,True,80
top_ten,svm,bigram,no_origin,12,unith,121,Faure,june_16_g0,0.977857142857143,0.9783333333333334,0.9547619047619047,0.8840579710144928,3,16,20,4,8,0,8,0,3,1,1,0,3S,1H,0.37396779004451264,6,58,True,True,False,True,80
top_ten,svm,bigram,no_origin,12,unith,121,Faure,june_16_g0,0.977857142857143,0.9783333333333334,0.9547619047619047,0.8840579710144928,3,2,20,4,8,0,8,1,3,1,2,0,3S,2H,0.2197311838857619,6,5,True,True,False,False,80
top_ten,svm,bigram,no_origin,12,unith,121,Faure,june_16_g0,0.977857142857143,0.9783333333333334,0.9547619047619047,0.8840579710144928,3,16,20,4,8,0,8,2,3,1,3,0,3S,3H,0.34212596980866533,6,40,True,True,False,True,80
top_ten,svm,bigram,no_origin,12,unith,121,Faure,june_16_g0,0.977857142857143,0.9783333333333334,0.9547619047619047,0.8840579710144928,3,3,20,4,8,0,8,3,3,1,4,0,3S,4H,0.3046104688785284,6,7,True,True,False,False,80
top_ten,svm,bigram,no_origin,12,unith,121,Faure,june_16_g0,0.977857142857143,0.9783333333333334,0.9547619047619047,0.8840579710144928,3,2,20,4,8,0,8,4,3,1,5,0,3S,5H,0.3464034834255423,6,4,True,True,False,False,80
top_ten,svm,bigram,no_origin,12,unith,121,Faure,june_16_g0,0.977857142857143,0.9783333333333334,0.9547619047619047,0.8840579710144928,3,,20,4,8,0,8,5,3,1,6,0,3S,6H,,6,0,True,False,False,False,80
top_ten,svm,bigram,no_origin,12,unith,121,Faure,june_16_g0,0.977857142857143,0.9783333333333334,0.9547619047619047,0.8840579710144928,3,,20,4,8,0,8,6,3,1,1,1,3S,1S,,6,0,True,False,False,False,80
top_ten,svm,bigram,no_origin,12,unith,121,Faure,june_16_g0,0.977857142857143,0.9783333333333334,0.9547619047619047,0.8840579710144928,3,16,20,4,8,0,8,7,3,1,2,1,3S,2S,0.2985689111192515,6,32,True,True,False,True,80
top_ten,svm,bigram,no_origin,12,unith,121,Faure,june_16_g0,0.977857142857143,0.9783333333333334,0.9547619047619047,0.8840579710144928,3,3,20,4,8,0,8,8,3,1,3,1,3S,3S,0.21698553514368218,6,6,True,True,False,False,80
top_ten,svm,bigram,no_origin,12,unith,121,Faure,june_16_g0,0.977857142857143,0.9783333333333334,0.9547619047619047,0.8840579710144928,3,16,20,4,8,0,8,9,3,1,4,1,3S,4S,0.37503712883160534,6,51,True,True,False,True,80
top_ten,svm,bigram,no_origin,12,unith,121,Faure,june_16_g0,0.977857142857143,0.9783333333333334,0.9547619047619047,0.8840579710144928,3,16,20,4,8,0,8,10,3,1,5,1,3S,5S,0.30948932935937257,6,51,True,True,False,True,80
top_ten,svm,bigram,no_origin,12,unith,121,Faure,june_16_g0,0.977857142857143,0.9783333333333334,0.9547619047619047,0.8840579710144928,3,16,20,4,8,0,8,11,3,1,6,1,3S,6S,0.26442059321995826,6,66,True,True,False,True,80
top_ten,svm,bigram,no_origin,12,unith,121,Faure,june_16_g0,0.977857142857143,0.9783333333333334,0.9547619047619047,0.8840579710144928,16,16,20,4,8,0,9,0,4,1,1,0,4S,1H,0.7007887275990374,51,58,True,True,True,True,80
top_ten,svm,bigram,no_origin,12,unith,121,Faure,june_16_g0,0.977857142857143,0.9783333333333334,0.9547619047619047,0.8840579710144928,16,2,20,4,8,0,9,1,4,1,2,0,4S,2H,0.5005006298751398,51,5,True,True,True,False,80
top_ten,svm,bigram,no_origin,12,unith,121,Faure,june_16_g0,0.977857142857143,0.9783333333333334,0.9547619047619047,0.8840579710144928,16,16,20,4,8,0,9,2,4,1,3,0,4S,3H,0.5327586339599775,51,40,True,True,True,True,80
top_ten,svm,bigram,no_origin,12,unith,121,Faure,june_16_g0,0.977857142857143,0.9783333333333334,0.9547619047619047,0.8840579710144928,16,3,20,4,8,0,9,3,4,1,4,0,4S,4H,0.5297528733187182,51,7,True,True,True,False,80
top_ten,svm,bigram,no_origin,12,unith,121,Faure,june_16_g0,0.977857142857143,0.9783333333333334,0.9547619047619047,0.8840579710144928,16,2,20,4,8,0,9,4,4,1,5,0,4S,5H,0.3993327434103033,51,4,True,True,True,False,80
top_ten,svm,bigram,no_origin,12,unith,121,Faure,june_16_g0,0.977857142857143,0.9783333333333334,0.9547619047619047,0.8840579710144928,16,,20,4,8,0,9,5,4,1,6,0,4S,6H,,51,0,True,False,True,False,80
top_ten,svm,bigram,no_origin,12,unith,121,Faure,june_16_g0,0.977857142857143,0.9783333333333334,0.9547619047619047,0.8840579710144928,16,,20,4,8,0,9,6,4,1,1,1,4S,1S,,51,0,True,False,True,False,80
top_ten,svm,bigram,no_origin,12,unith,121,Faure,june_16_g0,0.977857142857143,0.9783333333333334,0.9547619047619047,0.8840579710144928,16,16,20,4,8,0,9,7,4,1,2,1,4S,2S,0.6378016715558127,51,32,True,True,True,True,80
top_ten,svm,bigram,no_origin,12,unith,121,Faure,june_16_g0,0.977857142857143,0.9783333333333334,0.9547619047619047,0.8840579710144928,16,3,20,4,8,0,9,8,4,1,3,1,4S,3S,0.37503712883160534,51,6,True,True,True,False,80
top_ten,svm,bigram,no_origin,12,unith,121,Faure,june_16_g0,0.977857142857143,0.9783333333333334,0.9547619047619047,0.8840579710144928,16,16,20,4,8,0,9,9,4,1,4,1,4S,4S,0.6574612855195416,51,51,True,True,True,True,80
top_ten,svm,bigram,no_origin,12,unith,121,Faure,june_16_g0,0.977857142857143,0.9783333333333334,0.9547619047619047,0.8840579710144928,16,16,20,4,8,0,9,10,4,1,5,1,4S,5S,0.5077448155393525,51,51,True,True,True,True,80
top_ten,svm,bigram,no_origin,12,unith,121,Faure,june_16_g0,0.977857142857143,0.9783333333333334,0.9547619047619047,0.8840579710144928,16,16,20,4,8,0,9,11,4,1,6,1,4S,6S,0.48444969265340576,51,66,True,True,True,True,80
top_ten,svm,bigram,no_origin,12,unith,121,Faure,june_16_g0,0.977857142857143,0.9783333333333334,0.9547619047619047,0.8840579710144928,16,16,20,4,8,0,10,0,5,1,1,0,5S,1H,0.5229110990680694,51,58,True,True,True,True,80
top_ten,svm,bigram,no_origin,12,unith,121,Faure,june_16_g0,0.977857142857143,0.9783333333333334,0.9547619047619047,0.8840579710144928,16,2,20,4,8,0,10,1,5,1,2,0,5S,2H,0.28770006897798206,51,5,True,True,True,False,80
top_ten,svm,bigram,no_origin,12,unith,121,Faure,june_16_g0,0.977857142857143,0.9783333333333334,0.9547619047619047,0.8840579710144928,16,16,20,4,8,0,10,2,5,1,3,0,5S,3H,0.4699399091135524,51,40,True,True,True,True,80
top_ten,svm,bigram,no_origin,12,unith,121,Faure,june_16_g0,0.977857142857143,0.9783333333333334,0.9547619047619047,0.8840579710144928,16,3,20,4,8,0,10,3,5,1,4,0,5S,4H,0.3303444294636063,51,7,True,True,True,False,80
top_ten,svm,bigram,no_origin,12,unith,121,Faure,june_16_g0,0.977857142857143,0.9783333333333334,0.9547619047619047,0.8840579710144928,16,2,20,4,8,0,10,4,5,1,5,0,5S,5H,0.1797774023648073,51,4,True,True,True,False,80
top_ten,svm,bigram,no_origin,12,unith,121,Faure,june_16_g0,0.977857142857143,0.9783333333333334,0.9547619047619047,0.8840579710144928,16,,20,4,8,0,10,5,5,1,6,0,5S,6H,,51,0,True,False,True,False,80
top_ten,svm,bigram,no_origin,12,unith,121,Faure,june_16_g0,0.977857142857143,0.9783333333333334,0.9547619047619047,0.8840579710144928,16,,20,4,8,0,10,6,5,1,1,1,5S,1S,,51,0,True,False,True,False,80
top_ten,svm,bigram,no_origin,12,unith,121,Faure,june_16_g0,0.977857142857143,0.9783333333333334,0.9547619047619047,0.8840579710144928,16,16,20,4,8,0,10,7,5,1,2,1,5S,2S,0.5703658015160331,51,32,True,True,True,True,80
top_ten,svm,bigram,no_origin,12,unith,121,Faure,june_16_g0,0.977857142857143,0.9783333333333334,0.9547619047619047,0.8840579710144928,16,3,20,4,8,0,10,8,5,1,3,1,5S,3S,0.30948932935937257,51,6,True,True,True,False,80
top_ten,svm,bigram,no_origin,12,unith,121,Faure,june_16_g0,0.977857142857143,0.9783333333333334,0.9547619047619047,0.8840579710144928,16,16,20,4,8,0,10,9,5,1,4,1,5S,4S,0.5077448155393525,51,51,True,True,True,True,80
top_ten,svm,bigram,no_origin,12,unith,121,Faure,june_16_g0,0.977857142857143,0.9783333333333334,0.9547619047619047,0.8840579710144928,16,16,20,4,8,0,10,10,5,1,5,1,5S,5S,0.42508698389468424,51,51,True,True,True,True,80
top_ten,svm,bigram,no_origin,12,unith,121,Faure,june_16_g0,0.977857142857143,0.9783333333333334,0.9547619047619047,0.8840579710144928,16,16,20,4,8,0,10,11,5,1,6,1,5S,6S,0.48226511161079716,51,66,True,True,True,True,80
top_ten,svm,bigram,no_origin,12,unith,121,Faure,june_16_g0,0.977857142857143,0.9783333333333334,0.9547619047619047,0.8840579710144928,16,16,20,4,8,0,11,0,6,1,1,0,6S,1H,0.5211517237558756,66,58,True,True,True,True,80
top_ten,svm,bigram,no_origin,12,unith,121,Faure,june_16_g0,0.977857142857143,0.9783333333333334,0.9547619047619047,0.8840579710144928,16,2,20,4,8,0,11,1,6,1,2,0,6S,2H,0.27077309202062594,66,5,True,True,True,False,80
top_ten,svm,bigram,no_origin,12,unith,121,Faure,june_16_g0,0.977857142857143,0.9783333333333334,0.9547619047619047,0.8840579710144928,16,16,20,4,8,0,11,2,6,1,3,0,6S,3H,0.4984279047611979,66,40,True,True,True,True,80
top_ten,svm,bigram,no_origin,12,unith,121,Faure,june_16_g0,0.977857142857143,0.9783333333333334,0.9547619047619047,0.8840579710144928,16,3,20,4,8,0,11,3,6,1,4,0,6S,4H,0.3591566694854305,66,7,True,True,True,False,80
top_ten,svm,bigram,no_origin,12,unith,121,Faure,june_16_g0,0.977857142857143,0.9783333333333334,0.9547619047619047,0.8840579710144928,16,2,20,4,8,0,11,4,6,1,5,0,6S,5H,0.15177601411899022,66,4,True,True,True,False,80
top_ten,svm,bigram,no_origin,12,unith,121,Faure,june_16_g0,0.977857142857143,0.9783333333333334,0.9547619047619047,0.8840579710144928,16,,20,4,8,0,11,5,6,1,6,0,6S,6H,,66,0,True,False,True,False,80
top_ten,svm,bigram,no_origin,12,unith,121,Faure,june_16_g0,0.977857142857143,0.9783333333333334,0.9547619047619047,0.8840579710144928,16,,20,4,8,0,11,6,6,1,1,1,6S,1S,,66,0,True,False,True,False,80
top_ten,svm,bigram,no_origin,12,unith,121,Faure,june_16_g0,0.977857142857143,0.9783333333333334,0.9547619047619047,0.8840579710144928,16,16,20,4,8,0,11,7,6,1,2,1,6S,2S,0.5431029034766128,66,32,True,True,True,True,80
top_ten,svm,bigram,no_origin,12,unith,121,Faure,june_16_g0,0.977857142857143,0.9783333333333334,0.9547619047619047,0.8840579710144928,16,3,20,4,8,0,11,8,6,1,3,1,6S,3S,0.26442059321995826,66,6,True,True,True,False,80
top_ten,svm,bigram,no_origin,12,unith,121,Faure,june_16_g0,0.977857142857143,0.9783333333333334,0.9547619047619047,0.8840579710144928,16,16,20,4,8,0,11,9,6,1,4,1,6S,4S,0.48444969265340576,66,51,True,True,True,True,80
top_ten,svm,bigram,no_origin,12,unith,121,Faure,june_16_g0,0.977857142857143,0.9783333333333334,0.9547619047619047,0.8840579710144928,16,16,20,4,8,0,11,10,6,1,5,1,6S,5S,0.48226511161079716,66,51,True,True,True,True,80
top_ten,svm,bigram,no_origin,12,unith,121,Faure,june_16_g0,0.977857142857143,0.9783333333333334,0.9547619047619047,0.8840579710144928,16,16,20,4,8,0,11,11,6,1,6,1,6S,6S,0.4718235254540053,66,66,True,True,True,True,80
top_ten,svm,bigram,no_origin,12,unith,121,Faure,june_18_g0,0.976758663623158,0.9755135920315418,0.9754098360655737,0.5518867924528302,7,7,20,4,8,0,0,0,1,0,1,0,1H,1H,0.23457440984900768,58,58,True,True,True,True,80
top_ten,svm,bigram,no_origin,12,unith,121,Faure,june_18_g0,0.976758663623158,0.9755135920315418,0.9754098360655737,0.5518867924528302,7,7,20,4,8,0,0,1,1,0,2,0,1H,2H,0.3352934436153393,58,14,True,True,True,True,80
top_ten,svm,bigram,no_origin,12,unith,121,Faure,june_18_g0,0.976758663623158,0.9755135920315418,0.9754098360655737,0.5518867924528302,7,7,20,4,8,0,0,2,1,0,3,0,1H,3H,0.2657223918847849,58,60,True,True,True,True,80
top_ten,svm,bigram,no_origin,12,unith,121,Faure,june_18_g0,0.976758663623158,0.9755135920315418,0.9754098360655737,0.5518867924528302,7,,20,4,8,0,0,3,1,0,4,0,1H,4H,,58,0,True,False,True,False,80
top_ten,svm,bigram,no_origin,12,unith,121,Faure,june_18_g0,0.976758663623158,0.9755135920315418,0.9754098360655737,0.5518867924528302,7,3,20,4,8,0,0,4,1,0,5,0,1H,5H,0.1108397893839745,58,6,True,True,True,False,80
top_ten,svm,bigram,no_origin,12,unith,121,Faure,june_18_g0,0.976758663623158,0.9755135920315418,0.9754098360655737,0.5518867924528302,7,,20,4,8,0,0,5,1,0,6,0,1H,6H,,58,0,True,False,True,False,80
top_ten,svm,bigram,no_origin,12,unith,121,Faure,june_18_g0,0.976758663623158,0.9755135920315418,0.9754098360655737,0.5518867924528302,7,,20,4,8,0,0,6,1,0,1,1,1H,1S,,58,0,True,False,True,False,80
top_ten,svm,bigram,no_origin,12,unith,121,Faure,june_18_g0,0.976758663623158,0.9755135920315418,0.9754098360655737,0.5518867924528302,7,7,20,4,8,0,0,7,1,0,2,1,1H,2S,0.2984649073713004,58,49,True,True,True,True,80
top_ten,svm,bigram,no_origin,12,unith,121,Faure,june_18_g0,0.976758663623158,0.9755135920315418,0.9754098360655737,0.5518867924528302,7,2,20,4,8,0,0,8,1,0,3,1,1H,3S,0.1460056860874702,58,5,True,True,True,False,80
top_ten,svm,bigram,no_origin,12,unith,121,Faure,june_18_g0,0.976758663623158,0.9755135920315418,0.9754098360655737,0.5518867924528302,7,7,20,4,8,0,0,9,1,0,4,1,1H,4S,0.29529916380299637,58,68,True,True,True,True,80
top_ten,svm,bigram,no_origin,12,unith,121,Faure,june_18_g0,0.976758663623158,0.9755135920315418,0.9754098360655737,0.5518867924528302,7,7,20,4,8,0,0,10,1,0,5,1,1H,5S,0.21880209369137732,58,78,True,True,True,True,80
top_ten,svm,bigram,no_origin,12,unith,121,Faure,june_18_g0,0.976758663623158,0.9755135920315418,0.9754098360655737,0.5518867924528302,7,7,20,4,8,0,0,11,1,0,6,1,1H,6S,0.19403221669273027,58,79,True,True,True,True,80
top_ten,svm,bigram,no_origin,12,unith,121,Faure,june_18_g0,0.976758663623158,0.9755135920315418,0.9754098360655737,0.5518867924528302,7,7,20,4,8,0,1,0,2,0,1,0,2H,1H,0.3352934436153393,14,58,True,True,True,True,80
top_ten,svm,bigram,no_origin,12,unith,121,Faure,june_18_g0,0.976758663623158,0.9755135920315418,0.9754098360655737,0.5518867924528302,7,7,20,4,8,0,1,1,2,0,2,0,2H,2H,0.4126638567404862,14,14,True,True,True,True,80
top_ten,svm,bigram,no_origin,12,unith,121,Faure,june_18_g0,0.976758663623158,0.9755135920315418,0.9754098360655737,0.5518867924528302,7,7,20,4,8,0,1,2,2,0,3,0,2H,3H,0.27981772131948124,14,60,True,True,True,True,80
top_ten,svm,bigram,no_origin,12,unith,121,Faure,june_18_g0,0.976758663623158,0.9755135920315418,0.9754098360655737,0.5518867924528302,7,,20,4,8,0,1,3,2,0,4,0,2H,4H,,14,0,True,False,True,False,80
top_ten,svm,bigram,no_origin,12,unith,121,Faure,june_18_g0,0.976758663623158,0.9755135920315418,0.9754098360655737,0.5518867924528302,7,3,20,4,8,0,1,4,2,0,5,0,2H,5H,0.2920898422109892,14,6,True,True,True,False,80
top_ten,svm,bigram,no_origin,12,unith,121,Faure,june_18_g0,0.976758663623158,0.9755135920315418,0.9754098360655737,0.5518867924528302,7,,20,4,8,0,1,5,2,0,6,0,2H,6H,,14,0,True,False,True,False,80
top_ten,svm,bigram,no_origin,12,unith,121,Faure,june_18_g0,0.976758663623158,0.9755135920315418,0.9754098360655737,0.5518867924528302,7,,20,4,8,0,1,6,2,0,1,1,2H,1S,,14,0,True,False,True,False,80
top_ten,svm,bigram,no_origin,12,unith,121,Faure,june_18_g0,0.976758663623158,0.9755135920315418,0.9754098360655737,0.5518867924528302,7,7,20,4,8,0,1,7,2,0,2,1,2H,2S,0.4960771644810749,14,49,True,True,True,True,80
top_ten,svm,bigram,no_origin,12,unith,121,Faure,june_18_g0,0.976758663623158,0.9755135920315418,0.9754098360655737,0.5518867924528302,7,2,20,4,8,0,1,8,2,0,3,1,2H,3S,0.31623560745596724,14,5,True,True,True,False,80
top_ten,svm,bigram,no_origin,12,unith,121,Faure,june_18_g0,0.976758663623158,0.9755135920315418,0.9754098360655737,0.5518867924528302,7,7,20,4,8,0,1,9,2,0,4,1,2H,4S,0.4172488991231115,14,68,True,True,True,True,80
top_ten,svm,bigram,no_origin,12,unith,121,Faure,june_18_g0,0.976758663623158,0.9755135920315418,0.9754098360655737,0.5518867924528302,7,7,20,4,8,0,1,10,2,0,5,1,2H,5S,0.2817296730121873,14,78,True,True,True,True,80
top_ten,svm,bigram,no_origin,12,unith,121,Faure,june_18_g0,0.976758663623158,0.9755135920315418,0.9754098360655737,0.5518867924528302,7,7,20,4,8,0,1,11,2,0,6,1,2H,6S,0.3221986573041232,14,79,True,True,True,True,80
top_ten,svm,bigram,no_origin,12,unith,121,Faure,june_18_g0,0.976758663623158,0.9755135920315418,0.9754098360655737,0.5518867924528302,7,7,20,4,8,0,2,0,3,0,1,0,3H,1H,0.2657223918847849,60,58,True,True,True,True,80
top_ten,svm,bigram,no_origin,12,unith,121,Faure,june_18_g0,0.976758663623158,0.9755135920315418,0.9754098360655737,0.5518867924528302,7,7,20,4,8,0,2,1,3,0,2,0,3H,2H,0.27981772131948124,60,14,True,True,True,True,80
top_ten,svm,bigram,no_origin,12,unith,121,Faure,june_18_g0,0.976758663623158,0.9755135920315418,0.9754098360655737,0.5518867924528302,7,7,20,4,8,0,2,2,3,0,3,0,3H,3H,0.3011494954003643,60,60,True,True,True,True,80
top_ten,svm,bigram,no_origin,12,unith,121,Faure,june_18_g0,0.976758663623158,0.9755135920315418,0.9754098360655737,0.5518867924528302,7,,20,4,8,0,2,3,3,0,4,0,3H,4H,,60,0,True,False,True,False,80
top_ten,svm,bigram,no_origin,12,unith,121,Faure,june_18_g0,0.976758663623158,0.9755135920315418,0.9754098360655737,0.5518867924528302,7,3,20,4,8,0,2,4,3,0,5,0,3H,5H,0.15632064798627082,60,6,True,True,True,False,80
top_ten,svm,bigram,no_origin,12,unith,121,Faure,june_18_g0,0.976758663623158,0.9755135920315418,0.9754098360655737,0.5518867924528302,7,,20,4,8,0,2,5,3,0,6,0,3H,6H,,60,0,True,False,True,False,80
top_ten,svm,bigram,no_origin,12,unith,121,Faure,june_18_g0,0.976758663623158,0.9755135920315418,0.9754098360655737,0.5518867924528302,7,,20,4,8,0,2,6,3,0,1,1,3H,1S,,60,0,True,False,True,False,80
top_ten,svm,bigram,no_origin,12,unith,121,Faure,june_18_g0,0.976758663623158,0.9755135920315418,0.9754098360655737,0.5518867924528302,7,7,20,4,8,0,2,7,3,0,2,1,3H,2S,0.25479881733760606,60,49,True,True,True,True,80
top_ten,svm,bigram,no_origin,12,unith,121,Faure,june_18_g0,0.976758663623158,0.9755135920315418,0.9754098360655737,0.5518867924528302,7,2,20,4,8,0,2,8,3,0,3,1,3H,3S,0.22317666812261105,60,5,True,True,True,False,80
top_ten,svm,bigram,no_origin,12,unith,121,Faure,june_18_g0,0.976758663623158,0.9755135920315418,0.9754098360655737,0.5518867924528302,7,7,20,4,8,0,2,9,3,0,4,1,3H,4S,0.294795657541966,60,68,True,True,True,True,80
top_ten,svm,bigram,no_origin,12,unith,121,Faure,june_18_g0,0.976758663623158,0.9755135920315418,0.9754098360655737,0.5518867924528302,7,7,20,4,8,0,2,10,3,0,5,1,3H,5S,0.2208358897882967,60,78,True,True,True,True,80
top_ten,svm,bigram,no_origin,12,unith,121,Faure,june_18_g0,0.976758663623158,0.9755135920315418,0.9754098360655737,0.5518867924528302,7,7,20,4,8,0,2,11,3,0,6,1,3H,6S,0.20849678779161734,60,79,True,True,True,True,80
top_ten,svm,bigram,no_origin,12,unith,121,Faure,june_18_g0,0.976758663623158,0.9755135920315418,0.9754098360655737,0.5518867924528302,,7,20,4,8,0,3,0,4,0,1,0,4H,1H,,0,58,False,True,False,True,80
top_ten,svm,bigram,no_origin,12,unith,121,Faure,june_18_g0,0.976758663623158,0.9755135920315418,0.9754098360655737,0.5518867924528302,,7,20,4,8,0,3,1,4,0,2,0,4H,2H,,0,14,False,True,False,True,80
top_ten,svm,bigram,no_origin,12,unith,121,Faure,june_18_g0,0.976758663623158,0.9755135920315418,0.9754098360655737,0.5518867924528302,,7,20,4,8,0,3,2,4,0,3,0,4H,3H,,0,60,False,True,False,True,80
top_ten,svm,bigram,no_origin,12,unith,121,Faure,june_18_g0,0.976758663623158,0.9755135920315418,0.9754098360655737,0.5518867924528302,,,20,4,8,0,3,3,4,0,4,0,4H,4H,,0,0,False,False,False,False,80
top_ten,svm,bigram,no_origin,12,unith,121,Faure,june_18_g0,0.976758663623158,0.9755135920315418,0.9754098360655737,0.5518867924528302,,3,20,4,8,0,3,4,4,0,5,0,4H,5H,,0,6,False,True,False,False,80
top_ten,svm,bigram,no_origin,12,unith,121,Faure,june_18_g0,0.976758663623158,0.9755135920315418,0.9754098360655737,0.5518867924528302,,,20,4,8,0,3,5,4,0,6,0,4H,6H,,0,0,False,False,False,False,80
top_ten,svm,bigram,no_origin,12,unith,121,Faure,june_18_g0,0.976758663623158,0.9755135920315418,0.9754098360655737,0.5518867924528302,,,20,4,8,0,3,6,4,0,1,1,4H,1S,,0,0,False,False,False,False,80
top_ten,svm,bigram,no_origin,12,unith,121,Faure,june_18_g0,0.976758663623158,0.9755135920315418,0.9754098360655737,0.5518867924528302,,7,20,4,8,0,3,7,4,0,2,1,4H,2S,,0,49,False,True,False,True,80
top_ten,svm,bigram,no_origin,12,unith,121,Faure,june_18_g0,0.976758663623158,0.9755135920315418,0.9754098360655737,0.5518867924528302,,2,20,4,8,0,3,8,4,0,3,1,4H,3S,,0,5,False,True,False,False,80
top_ten,svm,bigram,no_origin,12,unith,121,Faure,june_18_g0,0.976758663623158,0.9755135920315418,0.9754098360655737,0.5518867924528302,,7,20,4,8,0,3,9,4,0,4,1,4H,4S,,0,68,False,True,False,True,80
top_ten,svm,bigram,no_origin,12,unith,121,Faure,june_18_g0,0.976758663623158,0.9755135920315418,0.9754098360655737,0.5518867924528302,,7,20,4,8,0,3,10,4,0,5,1,4H,5S,,0,78,False,True,False,True,80
top_ten,svm,bigram,no_origin,12,unith,121,Faure,june_18_g0,0.976758663623158,0.9755135920315418,0.9754098360655737,0.5518867924528302,,7,20,4,8,0,3,11,4,0,6,1,4H,6S,,0,79,False,True,False,True,80
top_ten,svm,bigram,no_origin,12,unith,121,Faure,june_18_g0,0.976758663623158,0.9755135920315418,0.9754098360655737,0.5518867924528302,3,7,20,4,8,0,4,0,5,0,1,0,5H,1H,0.1108397893839745,6,58,True,True,False,True,80
top_ten,svm,bigram,no_origin,12,unith,121,Faure,june_18_g0,0.976758663623158,0.9755135920315418,0.9754098360655737,0.5518867924528302,3,7,20,4,8,0,4,1,5,0,2,0,5H,2H,0.2920898422109892,6,14,True,True,False,True,80
top_ten,svm,bigram,no_origin,12,unith,121,Faure,june_18_g0,0.976758663623158,0.9755135920315418,0.9754098360655737,0.5518867924528302,3,7,20,4,8,0,4,2,5,0,3,0,5H,3H,0.15632064798627082,6,60,True,True,False,True,80
top_ten,svm,bigram,no_origin,12,unith,121,Faure,june_18_g0,0.976758663623158,0.9755135920315418,0.9754098360655737,0.5518867924528302,3,,20,4,8,0,4,3,5,0,4,0,5H,4H,,6,0,True,False,False,False,80
top_ten,svm,bigram,no_origin,12,unith,121,Faure,june_18_g0,0.976758663623158,0.9755135920315418,0.9754098360655737,0.5518867924528302,3,3,20,4,8,0,4,4,5,0,5,0,5H,5H,-0.022898892180725532,6,6,True,True,False,False,80
top_ten,svm,bigram,no_origin,12,unith,121,Faure,june_18_g0,0.976758663623158,0.9755135920315418,0.9754098360655737,0.5518867924528302,3,,20,4,8,0,4,5,5,0,6,0,5H,6H,,6,0,True,False,False,False,80
top_ten,svm,bigram,no_origin,12,unith,121,Faure,june_18_g0,0.976758663623158,0.9755135920315418,0.9754098360655737,0.5518867924528302,3,,20,4,8,0,4,6,5,0,1,1,5H,1S,,6,0,True,False,False,False,80
top_ten,svm,bigram,no_origin,12,unith,121,Faure,june_18_g0,0.976758663623158,0.9755135920315418,0.9754098360655737,0.5518867924528302,3,7,20,4,8,0,4,7,5,0,2,1,5H,2S,0.16917968279226908,6,49,True,True,False,True,80
top_ten,svm,bigram,no_origin,12,unith,121,Faure,june_18_g0,0.976758663623158,0.9755135920315418,0.9754098360655737,0.5518867924528302,3,2,20,4,8,0,4,8,5,0,3,1,5H,3S,0.08279891461395786,6,5,True,True,False,False,80
top_ten,svm,bigram,no_origin,12,unith,121,Faure,june_18_g0,0.976758663623158,0.9755135920315418,0.9754098360655737,0.5518867924528302,3,7,20,4,8,0,4,9,5,0,4,1,5H,4S,0.12881078247067917,6,68,True,True,False,True,80
top_ten,svm,bigram,no_origin,12,unith,121,Faure,june_18_g0,0.976758663623158,0.9755135920315418,0.9754098360655737,0.5518867924528302,3,7,20,4,8,0,4,10,5,0,5,1,5H,5S,0.13167056321765833,6,78,True,True,False,True,80
top_ten,svm,bigram,no_origin,12,unith,121,Faure,june_18_g0,0.976758663623158,0.9755135920315418,0.9754098360655737,0.5518867924528302,3,7,20,4,8,0,4,11,5,0,6,1,5H,6S,0.11769251494828156,6,79,True,True,False,True,80
top_ten,svm,bigram,no_origin,12,unith,121,Faure,june_18_g0,0.976758663623158,0.9755135920315418,0.9754098360655737,0.5518867924528302,,7,20,4,8,0,5,0,6,0,1,0,6H,1H,,0,58,False,True,False,True,80
top_ten,svm,bigram,no_origin,12,unith,121,Faure,june_18_g0,0.976758663623158,0.9755135920315418,0.9754098360655737,0.5518867924528302,,7,20,4,8,0,5,1,6,0,2,0,6H,2H,,0,14,False,True,False,True,80
top_ten,svm,bigram,no_origin,12,unith,121,Faure,june_18_g0,0.976758663623158,0.9755135920315418,0.9754098360655737,0.5518867924528302,,7,20,4,8,0,5,2,6,0,3,0,6H,3H,,0,60,False,True,False,True,80
top_ten,svm,bigram,no_origin,12,unith,121,Faure,june_18_g0,0.976758663623158,0.9755135920315418,0.9754098360655737,0.5518867924528302,,,20,4,8,0,5,3,6,0,4,0,6H,4H,,0,0,False,False,False,False,80
top_ten,svm,bigram,no_origin,12,unith,121,Faure,june_18_g0,0.976758663623158,0.9755135920315418,0.9754098360655737,0.5518867924528302,,3,20,4,8,0,5,4,6,0,5,0,6H,5H,,0,6,False,True,False,False,80
top_ten,svm,bigram,no_origin,12,unith,121,Faure,june_18_g0,0.976758663623158,0.9755135920315418,0.9754098360655737,0.5518867924528302,,,20,4,8,0,5,5,6,0,6,0,6H,6H,,0,0,False,False,False,False,80
top_ten,svm,bigram,no_origin,12,unith,121,Faure,june_18_g0,0.976758663623158,0.9755135920315418,0.9754098360655737,0.5518867924528302,,,20,4,8,0,5,6,6,0,1,1,6H,1S,,0,0,False,False,False,False,80
top_ten,svm,bigram,no_origin,12,unith,121,Faure,june_18_g0,0.976758663623158,0.9755135920315418,0.9754098360655737,0.5518867924528302,,7,20,4,8,0,5,7,6,0,2,1,6H,2S,,0,49,False,True,False,True,80
top_ten,svm,bigram,no_origin,12,unith,121,Faure,june_18_g0,0.976758663623158,0.9755135920315418,0.9754098360655737,0.5518867924528302,,2,20,4,8,0,5,8,6,0,3,1,6H,3S,,0,5,False,True,False,False,80
top_ten,svm,bigram,no_origin,12,unith,121,Faure,june_18_g0,0.976758663623158,0.9755135920315418,0.9754098360655737,0.5518867924528302,,7,20,4,8,0,5,9,6,0,4,1,6H,4S,,0,68,False,True,False,True,80
top_ten,svm,bigram,no_origin,12,unith,121,Faure,june_18_g0,0.976758663623158,0.9755135920315418,0.9754098360655737,0.5518867924528302,,7,20,4,8,0,5,10,6,0,5,1,6H,5S,,0,78,False,True,False,True,80
top_ten,svm,bigram,no_origin,12,unith,121,Faure,june_18_g0,0.976758663623158,0.9755135920315418,0.9754098360655737,0.5518867924528302,,7,20,4,8,0,5,11,6,0,6,1,6H,6S,,0,79,False,True,False,True,80
top_ten,svm,bigram,no_origin,12,unith,121,Faure,june_18_g0,0.976758663623158,0.9755135920315418,0.9754098360655737,0.5518867924528302,,7,20,4,8,0,6,0,1,1,1,0,1S,1H,,0,58,False,True,False,True,80
top_ten,svm,bigram,no_origin,12,unith,121,Faure,june_18_g0,0.976758663623158,0.9755135920315418,0.9754098360655737,0.5518867924528302,,7,20,4,8,0,6,1,1,1,2,0,1S,2H,,0,14,False,True,False,True,80
top_ten,svm,bigram,no_origin,12,unith,121,Faure,june_18_g0,0.976758663623158,0.9755135920315418,0.9754098360655737,0.5518867924528302,,7,20,4,8,0,6,2,1,1,3,0,1S,3H,,0,60,False,True,False,True,80
top_ten,svm,bigram,no_origin,12,unith,121,Faure,june_18_g0,0.976758663623158,0.9755135920315418,0.9754098360655737,0.5518867924528302,,,20,4,8,0,6,3,1,1,4,0,1S,4H,,0,0,False,False,False,False,80
top_ten,svm,bigram,no_origin,12,unith,121,Faure,june_18_g0,0.976758663623158,0.9755135920315418,0.9754098360655737,0.5518867924528302,,3,20,4,8,0,6,4,1,1,5,0,1S,5H,,0,6,False,True,False,False,80
top_ten,svm,bigram,no_origin,12,unith,121,Faure,june_18_g0,0.976758663623158,0.9755135920315418,0.9754098360655737,0.5518867924528302,,,20,4,8,0,6,5,1,1,6,0,1S,6H,,0,0,False,False,False,False,80
top_ten,svm,bigram,no_origin,12,unith,121,Faure,june_18_g0,0.976758663623158,0.9755135920315418,0.9754098360655737,0.5518867924528302,,,20,4,8,0,6,6,1,1,1,1,1S,1S,,0,0,False,False,False,False,80
top_ten,svm,bigram,no_origin,12,unith,121,Faure,june_18_g0,0.976758663623158,0.9755135920315418,0.9754098360655737,0.5518867924528302,,7,20,4,8,0,6,7,1,1,2,1,1S,2S,,0,49,False,True,False,True,80
top_ten,svm,bigram,no_origin,12,unith,121,Faure,june_18_g0,0.976758663623158,0.9755135920315418,0.9754098360655737,0.5518867924528302,,2,20,4,8,0,6,8,1,1,3,1,1S,3S,,0,5,False,True,False,False,80
top_ten,svm,bigram,no_origin,12,unith,121,Faure,june_18_g0,0.976758663623158,0.9755135920315418,0.9754098360655737,0.5518867924528302,,7,20,4,8,0,6,9,1,1,4,1,1S,4S,,0,68,False,True,False,True,80
top_ten,svm,bigram,no_origin,12,unith,121,Faure,june_18_g0,0.976758663623158,0.9755135920315418,0.9754098360655737,0.5518867924528302,,7,20,4,8,0,6,10,1,1,5,1,1S,5S,,0,78,False,True,False,True,80
top_ten,svm,bigram,no_origin,12,unith,121,Faure,june_18_g0,0.976758663623158,0.9755135920315418,0.9754098360655737,0.5518867924528302,,7,20,4,8,0,6,11,1,1,6,1,1S,6S,,0,79,False,True,False,True,80
top_ten,svm,bigram,no_origin,12,unith,121,Faure,june_18_g0,0.976758663623158,0.9755135920315418,0.9754098360655737,0.5518867924528302,7,7,20,4,8,0,7,0,2,1,1,0,2S,1H,0.2984649073713004,49,58,True,True,True,True,80
top_ten,svm,bigram,no_origin,12,unith,121,Faure,june_18_g0,0.976758663623158,0.9755135920315418,0.9754098360655737,0.5518867924528302,7,7,20,4,8,0,7,1,2,1,2,0,2S,2H,0.4960771644810749,49,14,True,True,True,True,80
top_ten,svm,bigram,no_origin,12,unith,121,Faure,june_18_g0,0.976758663623158,0.9755135920315418,0.9754098360655737,0.5518867924528302,7,7,20,4,8,0,7,2,2,1,3,0,2S,3H,0.25479881733760606,49,60,True,True,True,True,80
top_ten,svm,bigram,no_origin,12,unith,121,Faure,june_18_g0,0.976758663623158,0.9755135920315418,0.9754098360655737,0.5518867924528302,7,,20,4,8,0,7,3,2,1,4,0,2S,4H,,49,0,True,False,True,False,80
top_ten,svm,bigram,no_origin,12,unith,121,Faure,june_18_g0,0.976758663623158,0.9755135920315418,0.9754098360655737,0.5518867924528302,7,3,20,4,8,0,7,4,2,1,5,0,2S,5H,0.16917968279226908,49,6,True,True,True,False,80
top_ten,svm,bigram,no_origin,12,unith,121,Faure,june_18_g0,0.976758663623158,0.9755135920315418,0.9754098360655737,0.5518867924528302,7,,20,4,8,0,7,5,2,1,6,0,2S,6H,,49,0,True,False,True,False,80
top_ten,svm,bigram,no_origin,12,unith,121,Faure,june_18_g0,0.976758663623158,0.9755135920315418,0.9754098360655737,0.5518867924528302,7,,20,4,8,0,7,6,2,1,1,1,2S,1S,,49,0,True,False,True,False,80
top_ten,svm,bigram,no_origin,12,unith,121,Faure,june_18_g0,0.976758663623158,0.9755135920315418,0.9754098360655737,0.5518867924528302,7,7,20,4,8,0,7,7,2,1,2,1,2S,2S,0.3657306657446009,49,49,True,True,True,True,80
top_ten,svm,bigram,no_origin,12,unith,121,Faure,june_18_g0,0.976758663623158,0.9755135920315418,0.9754098360655737,0.5518867924528302,7,2,20,4,8,0,7,8,2,1,3,1,2S,3S,0.25644391896948704,49,5,True,True,True,False,80
top_ten,svm,bigram,no_origin,12,unith,121,Faure,june_18_g0,0.976758663623158,0.9755135920315418,0.9754098360655737,0.5518867924528302,7,7,20,4,8,0,7,9,2,1,4,1,2S,4S,0.37232082724550214,49,68,True,True,True,True,80
top_ten,svm,bigram,no_origin,12,unith,121,Faure,june_18_g0,0.976758663623158,0.9755135920315418,0.9754098360655737,0.5518867924528302,7,7,20,4,8,0,7,10,2,1,5,1,2S,5S,0.24761041886191562,49,78,True,True,True,True,80
top_ten,svm,bigram,no_origin,12,unith,121,Faure,june_18_g0,0.976758663623158,0.9755135920315418,0.9754098360655737,0.5518867924528302,7,7,20,4,8,0,7,11,2,1,6,1,2S,6S,0.23530259980720375,49,79,True,True,True,True,80
top_ten,svm,bigram,no_origin,12,unith,121,Faure,june_18_g0,0.976758663623158,0.9755135920315418,0.9754098360655737,0.5518867924528302,2,7,20,4,8,0,8,0,3,1,1,0,3S,1H,0.1460056860874702,5,58,True,True,False,True,80
top_ten,svm,bigram,no_origin,12,unith,121,Faure,june_18_g0,0.976758663623158,0.9755135920315418,0.9754098360655737,0.5518867924528302,2,7,20,4,8,0,8,1,3,1,2,0,3S,2H,0.31623560745596724,5,14,True,True,False,True,80
top_ten,svm,bigram,no_origin,12,unith,121,Faure,june_18_g0,0.976758663623158,0.9755135920315418,0.9754098360655737,0.5518867924528302,2,7,20,4,8,0,8,2,3,1,3,0,3S,3H,0.22317666812261105,5,60,True,True,False,True,80
top_ten,svm,bigram,no_origin,12,unith,121,Faure,june_18_g0,0.976758663623158,0.9755135920315418,0.9754098360655737,0.5518867924528302,2,,20,4,8,0,8,3,3,1,4,0,3S,4H,,5,0,True,False,False,False,80
top_ten,svm,bigram,no_origin,12,unith,121,Faure,june_18_g0,0.976758663623158,0.9755135920315418,0.9754098360655737,0.5518867924528302,2,3,20,4,8,0,8,4,3,1,5,0,3S,5H,0.08279891461395786,5,6,True,True,False,False,80
top_ten,svm,bigram,no_origin,12,unith,121,Faure,june_18_g0,0.976758663623158,0.9755135920315418,0.9754098360655737,0.5518867924528302,2,,20,4,8,0,8,5,3,1,6,0,3S,6H,,5,0,True,False,False,False,80
top_ten,svm,bigram,no_origin,12,unith,121,Faure,june_18_g0,0.976758663623158,0.9755135920315418,0.9754098360655737,0.5518867924528302,2,,20,4,8,0,8,6,3,1,1,1,3S,1S,,5,0,True,False,False,False,80
top_ten,svm,bigram,no_origin,12,unith,121,Faure,june_18_g0,0.976758663623158,0.9755135920315418,0.9754098360655737,0.5518867924528302,2,7,20,4,8,0,8,7,3,1,2,1,3S,2S,0.25644391896948704,5,49,True,True,False,True,80
top_ten,svm,bigram,no_origin,12,unith,121,Faure,june_18_g0,0.976758663623158,0.9755135920315418,0.9754098360655737,0.5518867924528302,2,2,20,4,8,0,8,8,3,1,3,1,3S,3S,0.12161772463335238,5,5,True,True,False,False,80
top_ten,svm,bigram,no_origin,12,unith,121,Faure,june_18_g0,0.976758663623158,0.9755135920315418,0.9754098360655737,0.5518867924528302,2,7,20,4,8,0,8,9,3,1,4,1,3S,4S,0.2415839894654491,5,68,True,True,False,True,80
top_ten,svm,bigram,no_origin,12,unith,121,Faure,june_18_g0,0.976758663623158,0.9755135920315418,0.9754098360655737,0.5518867924528302,2,7,20,4,8,0,8,10,3,1,5,1,3S,5S,0.11537921948056476,5,78,True,True,False,True,80
top_ten,svm,bigram,no_origin,12,unith,121,Faure,june_18_g0,0.976758663623158,0.9755135920315418,0.9754098360655737,0.5518867924528302,2,7,20,4,8,0,8,11,3,1,6,1,3S,6S,0.14628918214073555,5,79,True,True,False,True,80
top_ten,svm,bigram,no_origin,12,unith,121,Faure,june_18_g0,0.976758663623158,0.9755135920315418,0.9754098360655737,0.5518867924528302,7,7,20,4,8,0,9,0,4,1,1,0,4S,1H,0.29529916380299637,68,58,True,True,True,True,80
top_ten,svm,bigram,no_origin,12,unith,121,Faure,june_18_g0,0.976758663623158,0.9755135920315418,0.9754098360655737,0.5518867924528302,7,7,20,4,8,0,9,1,4,1,2,0,4S,2H,0.4172488991231115,68,14,True,True,True,True,80
top_ten,svm,bigram,no_origin,12,unith,121,Faure,june_18_g0,0.976758663623158,0.9755135920315418,0.9754098360655737,0.5518867924528302,7,7,20,4,8,0,9,2,4,1,3,0,4S,3H,0.294795657541966,68,60,True,True,True,True,80
top_ten,svm,bigram,no_origin,12,unith,121,Faure,june_18_g0,0.976758663623158,0.9755135920315418,0.9754098360655737,0.5518867924528302,7,,20,4,8,0,9,3,4,1,4,0,4S,4H,,68,0,True,False,True,False,80
top_ten,svm,bigram,no_origin,12,unith,121,Faure,june_18_g0,0.976758663623158,0.9755135920315418,0.9754098360655737,0.5518867924528302,7,3,20,4,8,0,9,4,4,1,5,0,4S,5H,0.12881078247067917,68,6,True,True,True,False,80
top_ten,svm,bigram,no_origin,12,unith,121,Faure,june_18_g0,0.976758663623158,0.9755135920315418,0.9754098360655737,0.5518867924528302,7,,20,4,8,0,9,5,4,1,6,0,4S,6H,,68,0,True,False,True,False,80
top_ten,svm,bigram,no_origin,12,unith,121,Faure,june_18_g0,0.976758663623158,0.9755135920315418,0.9754098360655737,0.5518867924528302,7,,20,4,8,0,9,6,4,1,1,1,4S,1S,,68,0,True,False,True,False,80
top_ten,svm,bigram,no_origin,12,unith,121,Faure,june_18_g0,0.976758663623158,0.9755135920315418,0.9754098360655737,0.5518867924528302,7,7,20,4,8,0,9,7,4,1,2,1,4S,2S,0.37232082724550214,68,49,True,True,True,True,80
top_ten,svm,bigram,no_origin,12,unith,121,Faure,june_18_g0,0.976758663623158,0.9755135920315418,0.9754098360655737,0.5518867924528302,7,2,20,4,8,0,9,8,4,1,3,1,4S,3S,0.2415839894654491,68,5,True,True,True,False,80
top_ten,svm,bigram,no_origin,12,unith,121,Faure,june_18_g0,0.976758663623158,0.9755135920315418,0.9754098360655737,0.5518867924528302,7,7,20,4,8,0,9,9,4,1,4,1,4S,4S,0.3317435739979606,68,68,True,True,True,True,80
top_ten,svm,bigram,no_origin,12,unith,121,Faure,june_18_g0,0.976758663623158,0.9755135920315418,0.9754098360655737,0.5518867924528302,7,7,20,4,8,0,9,10,4,1,5,1,4S,5S,0.2551753510260661,68,78,True,True,True,True,80
top_ten,svm,bigram,no_origin,12,unith,121,Faure,june_18_g0,0.976758663623158,0.9755135920315418,0.9754098360655737,0.5518867924528302,7,7,20,4,8,0,9,11,4,1,6,1,4S,6S,0.2387165650177455,68,79,True,True,True,True,80
top_ten,svm,bigram,no_origin,12,unith,121,Faure,june_18_g0,0.976758663623158,0.9755135920315418,0.9754098360655737,0.5518867924528302,7,7,20,4,8,0,10,0,5,1,1,0,5S,1H,0.21880209369137732,78,58,True,True,True,True,80
top_ten,svm,bigram,no_origin,12,unith,121,Faure,june_18_g0,0.976758663623158,0.9755135920315418,0.9754098360655737,0.5518867924528302,7,7,20,4,8,0,10,1,5,1,2,0,5S,2H,0.2817296730121873,78,14,True,True,True,True,80
top_ten,svm,bigram,no_origin,12,unith,121,Faure,june_18_g0,0.976758663623158,0.9755135920315418,0.9754098360655737,0.5518867924528302,7,7,20,4,8,0,10,2,5,1,3,0,5S,3H,0.2208358897882967,78,60,True,True,True,True,80
top_ten,svm,bigram,no_origin,12,unith,121,Faure,june_18_g0,0.976758663623158,0.9755135920315418,0.9754098360655737,0.5518867924528302,7,,20,4,8,0,10,3,5,1,4,0,5S,4H,,78,0,True,False,True,False,80
top_ten,svm,bigram,no_origin,12,unith,121,Faure,june_18_g0,0.976758663623158,0.9755135920315418,0.9754098360655737,0.5518867924528302,7,3,20,4,8,0,10,4,5,1,5,0,5S,5H,0.13167056321765833,78,6,True,True,True,False,80
top_ten,svm,bigram,no_origin,12,unith,121,Faure,june_18_g0,0.976758663623158,0.9755135920315418,0.9754098360655737,0.5518867924528302,7,,20,4,8,0,10,5,5,1,6,0,5S,6H,,78,0,True,False,True,False,80
top_ten,svm,bigram,no_origin,12,unith,121,Faure,june_18_g0,0.976758663623158,0.9755135920315418,0.9754098360655737,0.5518867924528302,7,,20,4,8,0,10,6,5,1,1,1,5S,1S,,78,0,True,False,True,False,80
top_ten,svm,bigram,no_origin,12,unith,121,Faure,june_18_g0,0.976758663623158,0.9755135920315418,0.9754098360655737,0.5518867924528302,7,7,20,4,8,0,10,7,5,1,2,1,5S,2S,0.24761041886191562,78,49,True,True,True,True,80
top_ten,svm,bigram,no_origin,12,unith,121,Faure,june_18_g0,0.976758663623158,0.9755135920315418,0.9754098360655737,0.5518867924528302,7,2,20,4,8,0,10,8,5,1,3,1,5S,3S,0.11537921948056476,78,5,True,True,True,False,80
top_ten,svm,bigram,no_origin,12,unith,121,Faure,june_18_g0,0.976758663623158,0.9755135920315418,0.9754098360655737,0.5518867924528302,7,7,20,4,8,0,10,9,5,1,4,1,5S,4S,0.2551753510260661,78,68,True,True,True,True,80
top_ten,svm,bigram,no_origin,12,unith,121,Faure,june_18_g0,0.976758663623158,0.9755135920315418,0.9754098360655737,0.5518867924528302,7,7,20,4,8,0,10,10,5,1,5,1,5S,5S,0.23561248958250566,78,78,True,True,True,True,80
top_ten,svm,bigram,no_origin,12,unith,121,Faure,june_18_g0,0.976758663623158,0.9755135920315418,0.9754098360655737,0.5518867924528302,7,7,20,4,8,0,10,11,5,1,6,1,5S,6S,0.14375376068317938,78,79,True,True,True,True,80
top_ten,svm,bigram,no_origin,12,unith,121,Faure,june_18_g0,0.976758663623158,0.9755135920315418,0.9754098360655737,0.5518867924528302,7,7,20,4,8,0,11,0,6,1,1,0,6S,1H,0.19403221669273027,79,58,True,True,True,True,80
top_ten,svm,bigram,no_origin,12,unith,121,Faure,june_18_g0,0.976758663623158,0.9755135920315418,0.9754098360655737,0.5518867924528302,7,7,20,4,8,0,11,1,6,1,2,0,6S,2H,0.3221986573041232,79,14,True,True,True,True,80
top_ten,svm,bigram,no_origin,12,unith,121,Faure,june_18_g0,0.976758663623158,0.9755135920315418,0.9754098360655737,0.5518867924528302,7,7,20,4,8,0,11,2,6,1,3,0,6S,3H,0.20849678779161734,79,60,True,True,True,True,80
top_ten,svm,bigram,no_origin,12,unith,121,Faure,june_18_g0,0.976758663623158,0.9755135920315418,0.9754098360655737,0.5518867924528302,7,,20,4,8,0,11,3,6,1,4,0,6S,4H,,79,0,True,False,True,False,80
top_ten,svm,bigram,no_origin,12,unith,121,Faure,june_18_g0,0.976758663623158,0.9755135920315418,0.9754098360655737,0.5518867924528302,7,3,20,4,8,0,11,4,6,1,5,0,6S,5H,0.11769251494828156,79,6,True,True,True,False,80
top_ten,svm,bigram,no_origin,12,unith,121,Faure,june_18_g0,0.976758663623158,0.9755135920315418,0.9754098360655737,0.5518867924528302,7,,20,4,8,0,11,5,6,1,6,0,6S,6H,,79,0,True,False,True,False,80
top_ten,svm,bigram,no_origin,12,unith,121,Faure,june_18_g0,0.976758663623158,0.9755135920315418,0.9754098360655737,0.5518867924528302,7,,20,4,8,0,11,6,6,1,1,1,6S,1S,,79,0,True,False,True,False,80
top_ten,svm,bigram,no_origin,12,unith,121,Faure,june_18_g0,0.976758663623158,0.9755135920315418,0.9754098360655737,0.5518867924528302,7,7,20,4,8,0,11,7,6,1,2,1,6S,2S,0.23530259980720375,79,49,True,True,True,True,80
top_ten,svm,bigram,no_origin,12,unith,121,Faure,june_18_g0,0.976758663623158,0.9755135920315418,0.9754098360655737,0.5518867924528302,7,2,20,4,8,0,11,8,6,1,3,1,6S,3S,0.14628918214073555,79,5,True,True,True,False,80
top_ten,svm,bigram,no_origin,12,unith,121,Faure,june_18_g0,0.976758663623158,0.9755135920315418,0.9754098360655737,0.5518867924528302,7,7,20,4,8,0,11,9,6,1,4,1,6S,4S,0.2387165650177455,79,68,True,True,True,True,80
top_ten,svm,bigram,no_origin,12,unith,121,Faure,june_18_g0,0.976758663623158,0.9755135920315418,0.9754098360655737,0.5518867924528302,7,7,20,4,8,0,11,10,6,1,5,1,6S,5S,0.14375376068317938,79,78,True,True,True,True,80
top_ten,svm,bigram,no_origin,12,unith,121,Faure,june_18_g0,0.976758663623158,0.9755135920315418,0.9754098360655737,0.5518867924528302,7,7,20,4,8,0,11,11,6,1,6,1,6S,6S,0.17278192795359074,79,79,True,True,True,True,80
top_ten,svm,bigram,no_origin,12,unith,121,Faure,june_22_g0,0.97123745819398,0.9765886287625418,0.907190635451505,0.922077922077922,4,4,20,4,8,0,0,0,1,0,1,0,1H,1H,0.4453193117543811,40,40,True,True,True,True,80
top_ten,svm,bigram,no_origin,12,unith,121,Faure,june_22_g0,0.97123745819398,0.9765886287625418,0.907190635451505,0.922077922077922,4,4,20,4,8,0,0,1,1,0,2,0,1H,2H,0.39349628609925497,40,41,True,True,True,True,80
top_ten,svm,bigram,no_origin,12,unith,121,Faure,june_22_g0,0.97123745819398,0.9765886287625418,0.907190635451505,0.922077922077922,4,4,20,4,8,0,0,2,1,0,3,0,1H,3H,0.32927970770314674,40,46,True,True,True,True,80
top_ten,svm,bigram,no_origin,12,unith,121,Faure,june_22_g0,0.97123745819398,0.9765886287625418,0.907190635451505,0.922077922077922,4,,20,4,8,0,0,3,1,0,4,0,1H,4H,,40,0,True,False,True,False,80
top_ten,svm,bigram,no_origin,12,unith,121,Faure,june_22_g0,0.97123745819398,0.9765886287625418,0.907190635451505,0.922077922077922,4,4,20,4,8,0,0,4,1,0,5,0,1H,5H,0.11470579868168566,40,16,True,True,True,True,80
top_ten,svm,bigram,no_origin,12,unith,121,Faure,june_22_g0,0.97123745819398,0.9765886287625418,0.907190635451505,0.922077922077922,4,,20,4,8,0,0,5,1,0,6,0,1H,6H,,40,0,True,False,True,False,80
top_ten,svm,bigram,no_origin,12,unith,121,Faure,june_22_g0,0.97123745819398,0.9765886287625418,0.907190635451505,0.922077922077922,4,,20,4,8,0,0,6,1,0,1,1,1H,1S,,40,0,True,False,True,False,80
top_ten,svm,bigram,no_origin,12,unith,121,Faure,june_22_g0,0.97123745819398,0.9765886287625418,0.907190635451505,0.922077922077922,4,4,20,4,8,0,0,7,1,0,2,1,1H,2S,0.3182707004800881,40,8,True,True,True,True,80
top_ten,svm,bigram,no_origin,12,unith,121,Faure,june_22_g0,0.97123745819398,0.9765886287625418,0.907190635451505,0.922077922077922,4,3,20,4,8,0,0,8,1,0,3,1,1H,3S,0.40124969324195553,40,7,True,True,True,False,80
top_ten,svm,bigram,no_origin,12,unith,121,Faure,june_22_g0,0.97123745819398,0.9765886287625418,0.907190635451505,0.922077922077922,4,4,20,4,8,0,0,9,1,0,4,1,1H,4S,0.3628027822694217,40,41,True,True,True,True,80
top_ten,svm,bigram,no_origin,12,unith,121,Faure,june_22_g0,0.97123745819398,0.9765886287625418,0.907190635451505,0.922077922077922,4,4,20,4,8,0,0,10,1,0,5,1,1H,5S,0.17869029437005174,40,36,True,True,True,True,80
top_ten,svm,bigram,no_origin,12,unith,121,Faure,june_22_g0,0.97123745819398,0.9765886287625418,0.907190635451505,0.922077922077922,4,4,20,4,8,0,0,11,1,0,6,1,1H,6S,0.14470401900956245,40,60,True,True,True,True,80
top_ten,svm,bigram,no_origin,12,unith,121,Faure,june_22_g0,0.97123745819398,0.9765886287625418,0.907190635451505,0.922077922077922,4,4,20,4,8,0,1,0,2,0,1,0,2H,1H,0.39349628609925497,41,40,True,True,True,True,80
top_ten,svm,bigram,no_origin,12,unith,121,Faure,june_22_g0,0.97123745819398,0.9765886287625418,0.907190635451505,0.922077922077922,4,4,20,4,8,0,1,1,2,0,2,0,2H,2H,0.36253736561988287,41,41,True,True,True,True,80
top_ten,svm,bigram,no_origin,12,unith,121,Faure,june_22_g0,0.97123745819398,0.9765886287625418,0.907190635451505,0.922077922077922,4,4,20,4,8,0,1,2,2,0,3,0,2H,3H,0.26973627610527895,41,46,True,True,True,True,80
top_ten,svm,bigram,no_origin,12,unith,121,Faure,june_22_g0,0.97123745819398,0.9765886287625418,0.907190635451505,0.922077922077922,4,,20,4,8,0,1,3,2,0,4,0,2H,4H,,41,0,True,False,True,False,80
top_ten,svm,bigram,no_origin,12,unith,121,Faure,june_22_g0,0.97123745819398,0.9765886287625418,0.907190635451505,0.922077922077922,4,4,20,4,8,0,1,4,2,0,5,0,2H,5H,0.15919657068970597,41,16,True,True,True,True,80
top_ten,svm,bigram,no_origin,12,unith,121,Faure,june_22_g0,0.97123745819398,0.9765886287625418,0.907190635451505,0.922077922077922,4,,20,4,8,0,1,5,2,0,6,0,2H,6H,,41,0,True,False,True,False,80
top_ten,svm,bigram,no_origin,12,unith,121,Faure,june_22_g0,0.97123745819398,0.9765886287625418,0.907190635451505,0.922077922077922,4,,20,4,8,0,1,6,2,0,1,1,2H,1S,,41,0,True,False,True,False,80
top_ten,svm,bigram,no_origin,12,unith,121,Faure,june_22_g0,0.97123745819398,0.9765886287625418,0.907190635451505,0.922077922077922,4,4,20,4,8,0,1,7,2,0,2,1,2H,2S,0.34120845042633585,41,8,True,True,True,True,80
top_ten,svm,bigram,no_origin,12,unith,121,Faure,june_22_g0,0.97123745819398,0.9765886287625418,0.907190635451505,0.922077922077922,4,3,20,4,8,0,1,8,2,0,3,1,2H,3S,0.3277672039766303,41,7,True,True,True,False,80
top_ten,svm,bigram,no_origin,12,unith,121,Faure,june_22_g0,0.97123745819398,0.9765886287625418,0.907190635451505,0.922077922077922,4,4,20,4,8,0,1,9,2,0,4,1,2H,4S,0.25480620235128765,41,41,True,True,True,True,80
top_ten,svm,bigram,no_origin,12,unith,121,Faure,june_22_g0,0.97123745819398,0.9765886287625418,0.907190635451505,0.922077922077922,4,4,20,4,8,0,1,10,2,0,5,1,2H,5S,0.1495890838702971,41,36,True,True,True,True,80
top_ten,svm,bigram,no_origin,12,unith,121,Faure,june_22_g0,0.97123745819398,0.9765886287625418,0.907190635451505,0.922077922077922,4,4,20,4,8,0,1,11,2,0,6,1,2H,6S,0.176257895546373,41,60,True,True,True,True,80
top_ten,svm,bigram,no_origin,12,unith,121,Faure,june_22_g0,0.97123745819398,0.9765886287625418,0.907190635451505,0.922077922077922,4,4,20,4,8,0,2,0,3,0,1,0,3H,1H,0.32927970770314674,46,40,True,True,True,True,80
top_ten,svm,bigram,no_origin,12,unith,121,Faure,june_22_g0,0.97123745819398,0.9765886287625418,0.907190635451505,0.922077922077922,4,4,20,4,8,0,2,1,3,0,2,0,3H,2H,0.26973627610527895,46,41,True,True,True,True,80
top_ten,svm,bigram,no_origin,12,unith,121,Faure,june_22_g0,0.97123745819398,0.9765886287625418,0.907190635451505,0.922077922077922,4,4,20,4,8,0,2,2,3,0,3,0,3H,3H,0.2218548731577948,46,46,True,True,True,True,80
top_ten,svm,bigram,no_origin,12,unith,121,Faure,june_22_g0,0.97123745819398,0.9765886287625418,0.907190635451505,0.922077922077922,4,,20,4,8,0,2,3,3,0,4,0,3H,4H,,46,0,True,False,True,False,80
top_ten,svm,bigram,no_origin,12,unith,121,Faure,june_22_g0,0.97123745819398,0.9765886287625418,0.907190635451505,0.922077922077922,4,4,20,4,8,0,2,4,3,0,5,0,3H,5H,0.15255615620758678,46,16,True,True,True,True,80
top_ten,svm,bigram,no_origin,12,unith,121,Faure,june_22_g0,0.97123745819398,0.9765886287625418,0.907190635451505,0.922077922077922,4,,20,4,8,0,2,5,3,0,6,0,3H,6H,,46,0,True,False,True,False,80
top_ten,svm,bigram,no_origin,12,unith,121,Faure,june_22_g0,0.97123745819398,0.9765886287625418,0.907190635451505,0.922077922077922,4,,20,4,8,0,2,6,3,0,1,1,3H,1S,,46,0,True,False,True,False,80
top_ten,svm,bigram,no_origin,12,unith,121,Faure,june_22_g0,0.97123745819398,0.9765886287625418,0.907190635451505,0.922077922077922,4,4,20,4,8,0,2,7,3,0,2,1,3H,2S,0.2663211112864177,46,8,True,True,True,True,80
top_ten,svm,bigram,no_origin,12,unith,121,Faure,june_22_g0,0.97123745819398,0.9765886287625418,0.907190635451505,0.922077922077922,4,3,20,4,8,0,2,8,3,0,3,1,3H,3S,0.27308576629368875,46,7,True,True,True,False,80
top_ten,svm,bigram,no_origin,12,unith,121,Faure,june_22_g0,0.97123745819398,0.9765886287625418,0.907190635451505,0.922077922077922,4,4,20,4,8,0,2,9,3,0,4,1,3H,4S,0.2352420665211425,46,41,True,True,True,True,80
top_ten,svm,bigram,no_origin,12,unith,121,Faure,june_22_g0,0.97123745819398,0.9765886287625418,0.907190635451505,0.922077922077922,4,4,20,4,8,0,2,10,3,0,5,1,3H,5S,0.2162304074424394,46,36,True,True,True,True,80
top_ten,svm,bigram,no_origin,12,unith,121,Faure,june_22_g0,0.97123745819398,0.9765886287625418,0.907190635451505,0.922077922077922,4,4,20,4,8,0,2,11,3,0,6,1,3H,6S,0.22398416361839257,46,60,True,True,True,True,80
top_ten,svm,bigram,no_origin,12,unith,121,Faure,june_22_g0,0.97123745819398,0.9765886287625418,0.907190635451505,0.922077922077922,,4,20,4,8,0,3,0,4,0,1,0,4H,1H,,0,40,False,True,False,True,80
top_ten,svm,bigram,no_origin,12,unith,121,Faure,june_22_g0,0.97123745819398,0.9765886287625418,0.907190635451505,0.922077922077922,,4,20,4,8,0,3,1,4,0,2,0,4H,2H,,0,41,False,True,False,True,80
top_ten,svm,bigram,no_origin,12,unith,121,Faure,june_22_g0,0.97123745819398,0.9765886287625418,0.907190635451505,0.922077922077922,,4,20,4,8,0,3,2,4,0,3,0,4H,3H,,0,46,False,True,False,True,80
top_ten,svm,bigram,no_origin,12,unith,121,Faure,june_22_g0,0.97123745819398,0.9765886287625418,0.907190635451505,0.922077922077922,,,20,4,8,0,3,3,4,0,4,0,4H,4H,,0,0,False,False,False,False,80
top_ten,svm,bigram,no_origin,12,unith,121,Faure,june_22_g0,0.97123745819398,0.9765886287625418,0.907190635451505,0.922077922077922,,4,20,4,8,0,3,4,4,0,5,0,4H,5H,,0,16,False,True,False,True,80
top_ten,svm,bigram,no_origin,12,unith,121,Faure,june_22_g0,0.97123745819398,0.9765886287625418,0.907190635451505,0.922077922077922,,,20,4,8,0,3,5,4,0,6,0,4H,6H,,0,0,False,False,False,False,80
top_ten,svm,bigram,no_origin,12,unith,121,Faure,june_22_g0,0.97123745819398,0.9765886287625418,0.907190635451505,0.922077922077922,,,20,4,8,0,3,6,4,0,1,1,4H,1S,,0,0,False,False,False,False,80
top_ten,svm,bigram,no_origin,12,unith,121,Faure,june_22_g0,0.97123745819398,0.9765886287625418,0.907190635451505,0.922077922077922,,4,20,4,8,0,3,7,4,0,2,1,4H,2S,,0,8,False,True,False,True,80
top_ten,svm,bigram,no_origin,12,unith,121,Faure,june_22_g0,0.97123745819398,0.9765886287625418,0.907190635451505,0.922077922077922,,3,20,4,8,0,3,8,4,0,3,1,4H,3S,,0,7,False,True,False,False,80
top_ten,svm,bigram,no_origin,12,unith,121,Faure,june_22_g0,0.97123745819398,0.9765886287625418,0.907190635451505,0.922077922077922,,4,20,4,8,0,3,9,4,0,4,1,4H,4S,,0,41,False,True,False,True,80
top_ten,svm,bigram,no_origin,12,unith,121,Faure,june_22_g0,0.97123745819398,0.9765886287625418,0.907190635451505,0.922077922077922,,4,20,4,8,0,3,10,4,0,5,1,4H,5S,,0,36,False,True,False,True,80
top_ten,svm,bigram,no_origin,12,unith,121,Faure,june_22_g0,0.97123745819398,0.9765886287625418,0.907190635451505,0.922077922077922,,4,20,4,8,0,3,11,4,0,6,1,4H,6S,,0,60,False,True,False,True,80
top_ten,svm,bigram,no_origin,12,unith,121,Faure,june_22_g0,0.97123745819398,0.9765886287625418,0.907190635451505,0.922077922077922,4,4,20,4,8,0,4,0,5,0,1,0,5H,1H,0.11470579868168566,16,40,True,True,True,True,80
top_ten,svm,bigram,no_origin,12,unith,121,Faure,june_22_g0,0.97123745819398,0.9765886287625418,0.907190635451505,0.922077922077922,4,4,20,4,8,0,4,1,5,0,2,0,5H,2H,0.15919657068970597,16,41,True,True,True,True,80
top_ten,svm,bigram,no_origin,12,unith,121,Faure,june_22_g0,0.97123745819398,0.9765886287625418,0.907190635451505,0.922077922077922,4,4,20,4,8,0,4,2,5,0,3,0,5H,3H,0.15255615620758678,16,46,True,True,True,True,80
top_ten,svm,bigram,no_origin,12,unith,121,Faure,june_22_g0,0.97123745819398,0.9765886287625418,0.907190635451505,0.922077922077922,4,,20,4,8,0,4,3,5,0,4,0,5H,4H,,16,0,True,False,True,False,80
top_ten,svm,bigram,no_origin,12,unith,121,Faure,june_22_g0,0.97123745819398,0.9765886287625418,0.907190635451505,0.922077922077922,4,4,20,4,8,0,4,4,5,0,5,0,5H,5H,0.1838849335893525,16,16,True,True,True,True,80
top_ten,svm,bigram,no_origin,12,unith,121,Faure,june_22_g0,0.97123745819398,0.9765886287625418,0.907190635451505,0.922077922077922,4,,20,4,8,0,4,5,5,0,6,0,5H,6H,,16,0,True,False,True,False,80
top_ten,svm,bigram,no_origin,12,unith,121,Faure,june_22_g0,0.97123745819398,0.9765886287625418,0.907190635451505,0.922077922077922,4,,20,4,8,0,4,6,5,0,1,1,5H,1S,,16,0,True,False,True,False,80
top_ten,svm,bigram,no_origin,12,unith,121,Faure,june_22_g0,0.97123745819398,0.9765886287625418,0.907190635451505,0.922077922077922,4,4,20,4,8,0,4,7,5,0,2,1,5H,2S,0.11813000588928649,16,8,True,True,True,True,80
top_ten,svm,bigram,no_origin,12,unith,121,Faure,june_22_g0,0.97123745819398,0.9765886287625418,0.907190635451505,0.922077922077922,4,3,20,4,8,0,4,8,5,0,3,1,5H,3S,0.09880942832699119,16,7,True,True,True,False,80
top_ten,svm,bigram,no_origin,12,unith,121,Faure,june_22_g0,0.97123745819398,0.9765886287625418,0.907190635451505,0.922077922077922,4,4,20,4,8,0,4,9,5,0,4,1,5H,4S,0.1468190771929619,16,41,True,True,True,True,80
top_ten,svm,bigram,no_origin,12,unith,121,Faure,june_22_g0,0.97123745819398,0.9765886287625418,0.907190635451505,0.922077922077922,4,4,20,4,8,0,4,10,5,0,5,1,5H,5S,0.2876772673650199,16,36,True,True,True,True,80
top_ten,svm,bigram,no_origin,12,unith,121,Faure,june_22_g0,0.97123745819398,0.9765886287625418,0.907190635451505,0.922077922077922,4,4,20,4,8,0,4,11,5,0,6,1,5H,6S,0.07205551845088462,16,60,True,True,True,True,80
top_ten,svm,bigram,no_origin,12,unith,121,Faure,june_22_g0,0.97123745819398,0.9765886287625418,0.907190635451505,0.922077922077922,,4,20,4,8,0,5,0,6,0,1,0,6H,1H,,0,40,False,True,False,True,80
top_ten,svm,bigram,no_origin,12,unith,121,Faure,june_22_g0,0.97123745819398,0.9765886287625418,0.907190635451505,0.922077922077922,,4,20,4,8,0,5,1,6,0,2,0,6H,2H,,0,41,False,True,False,True,80
top_ten,svm,bigram,no_origin,12,unith,121,Faure,june_22_g0,0.97123745819398,0.9765886287625418,0.907190635451505,0.922077922077922,,4,20,4,8,0,5,2,6,0,3,0,6H,3H,,0,46,False,True,False,True,80
top_ten,svm,bigram,no_origin,12,unith,121,Faure,june_22_g0,0.97123745819398,0.9765886287625418,0.907190635451505,0.922077922077922,,,20,4,8,0,5,3,6,0,4,0,6H,4H,,0,0,False,False,False,False,80
top_ten,svm,bigram,no_origin,12,unith,121,Faure,june_22_g0,0.97123745819398,0.9765886287625418,0.907190635451505,0.922077922077922,,4,20,4,8,0,5,4,6,0,5,0,6H,5H,,0,16,False,True,False,True,80
top_ten,svm,bigram,no_origin,12,unith,121,Faure,june_22_g0,0.97123745819398,0.9765886287625418,0.907190635451505,0.922077922077922,,,20,4,8,0,5,5,6,0,6,0,6H,6H,,0,0,False,False,False,False,80
top_ten,svm,bigram,no_origin,12,unith,121,Faure,june_22_g0,0.97123745819398,0.9765886287625418,0.907190635451505,0.922077922077922,,,20,4,8,0,5,6,6,0,1,1,6H,1S,,0,0,False,False,False,False,80
top_ten,svm,bigram,no_origin,12,unith,121,Faure,june_22_g0,0.97123745819398,0.9765886287625418,0.907190635451505,0.922077922077922,,4,20,4,8,0,5,7,6,0,2,1,6H,2S,,0,8,False,True,False,True,80
top_ten,svm,bigram,no_origin,12,unith,121,Faure,june_22_g0,0.97123745819398,0.9765886287625418,0.907190635451505,0.922077922077922,,3,20,4,8,0,5,8,6,0,3,1,6H,3S,,0,7,False,True,False,False,80
top_ten,svm,bigram,no_origin,12,unith,121,Faure,june_22_g0,0.97123745819398,0.9765886287625418,0.907190635451505,0.922077922077922,,4,20,4,8,0,5,9,6,0,4,1,6H,4S,,0,41,False,True,False,True,80
top_ten,svm,bigram,no_origin,12,unith,121,Faure,june_22_g0,0.97123745819398,0.9765886287625418,0.907190635451505,0.922077922077922,,4,20,4,8,0,5,10,6,0,5,1,6H,5S,,0,36,False,True,False,True,80
top_ten,svm,bigram,no_origin,12,unith,121,Faure,june_22_g0,0.97123745819398,0.9765886287625418,0.907190635451505,0.922077922077922,,4,20,4,8,0,5,11,6,0,6,1,6H,6S,,0,60,False,True,False,True,80
top_ten,svm,bigram,no_origin,12,unith,121,Faure,june_22_g0,0.97123745819398,0.9765886287625418,0.907190635451505,0.922077922077922,,4,20,4,8,0,6,0,1,1,1,0,1S,1H,,0,40,False,True,False,True,80
top_ten,svm,bigram,no_origin,12,unith,121,Faure,june_22_g0,0.97123745819398,0.9765886287625418,0.907190635451505,0.922077922077922,,4,20,4,8,0,6,1,1,1,2,0,1S,2H,,0,41,False,True,False,True,80
top_ten,svm,bigram,no_origin,12,unith,121,Faure,june_22_g0,0.97123745819398,0.9765886287625418,0.907190635451505,0.922077922077922,,4,20,4,8,0,6,2,1,1,3,0,1S,3H,,0,46,False,True,False,True,80
top_ten,svm,bigram,no_origin,12,unith,121,Faure,june_22_g0,0.97123745819398,0.9765886287625418,0.907190635451505,0.922077922077922,,,20,4,8,0,6,3,1,1,4,0,1S,4H,,0,0,False,False,False,False,80
top_ten,svm,bigram,no_origin,12,unith,121,Faure,june_22_g0,0.97123745819398,0.9765886287625418,0.907190635451505,0.922077922077922,,4,20,4,8,0,6,4,1,1,5,0,1S,5H,,0,16,False,True,False,True,80
top_ten,svm,bigram,no_origin,12,unith,121,Faure,june_22_g0,0.97123745819398,0.9765886287625418,0.907190635451505,0.922077922077922,,,20,4,8,0,6,5,1,1,6,0,1S,6H,,0,0,False,False,False,False,80
top_ten,svm,bigram,no_origin,12,unith,121,Faure,june_22_g0,0.97123745819398,0.9765886287625418,0.907190635451505,0.922077922077922,,,20,4,8,0,6,6,1,1,1,1,1S,1S,,0,0,False,False,False,False,80
top_ten,svm,bigram,no_origin,12,unith,121,Faure,june_22_g0,0.97123745819398,0.9765886287625418,0.907190635451505,0.922077922077922,,4,20,4,8,0,6,7,1,1,2,1,1S,2S,,0,8,False,True,False,True,80
top_ten,svm,bigram,no_origin,12,unith,121,Faure,june_22_g0,0.97123745819398,0.9765886287625418,0.907190635451505,0.922077922077922,,3,20,4,8,0,6,8,1,1,3,1,1S,3S,,0,7,False,True,False,False,80
top_ten,svm,bigram,no_origin,12,unith,121,Faure,june_22_g0,0.97123745819398,0.9765886287625418,0.907190635451505,0.922077922077922,,4,20,4,8,0,6,9,1,1,4,1,1S,4S,,0,41,False,True,False,True,80
top_ten,svm,bigram,no_origin,12,unith,121,Faure,june_22_g0,0.97123745819398,0.9765886287625418,0.907190635451505,0.922077922077922,,4,20,4,8,0,6,10,1,1,5,1,1S,5S,,0,36,False,True,False,True,80
top_ten,svm,bigram,no_origin,12,unith,121,Faure,june_22_g0,0.97123745819398,0.9765886287625418,0.907190635451505,0.922077922077922,,4,20,4,8,0,6,11,1,1,6,1,1S,6S,,0,60,False,True,False,True,80
top_ten,svm,bigram,no_origin,12,unith,121,Faure,june_22_g0,0.97123745819398,0.9765886287625418,0.907190635451505,0.922077922077922,4,4,20,4,8,0,7,0,2,1,1,0,2S,1H,0.3182707004800881,8,40,True,True,True,True,80
top_ten,svm,bigram,no_origin,12,unith,121,Faure,june_22_g0,0.97123745819398,0.9765886287625418,0.907190635451505,0.922077922077922,4,4,20,4,8,0,7,1,2,1,2,0,2S,2H,0.34120845042633585,8,41,True,True,True,True,80
top_ten,svm,bigram,no_origin,12,unith,121,Faure,june_22_g0,0.97123745819398,0.9765886287625418,0.907190635451505,0.922077922077922,4,4,20,4,8,0,7,2,2,1,3,0,2S,3H,0.2663211112864177,8,46,True,True,True,True,80
top_ten,svm,bigram,no_origin,12,unith,121,Faure,june_22_g0,0.97123745819398,0.9765886287625418,0.907190635451505,0.922077922077922,4,,20,4,8,0,7,3,2,1,4,0,2S,4H,,8,0,True,False,True,False,80
top_ten,svm,bigram,no_origin,12,unith,121,Faure,june_22_g0,0.97123745819398,0.9765886287625418,0.907190635451505,0.922077922077922,4,4,20,4,8,0,7,4,2,1,5,0,2S,5H,0.11813000588928649,8,16,True,True,True,True,80
top_ten,svm,bigram,no_origin,12,unith,121,Faure,june_22_g0,0.97123745819398,0.9765886287625418,0.907190635451505,0.922077922077922,4,,20,4,8,0,7,5,2,1,6,0,2S,6H,,8,0,True,False,True,False,80
top_ten,svm,bigram,no_origin,12,unith,121,Faure,june_22_g0,0.97123745819398,0.9765886287625418,0.907190635451505,0.922077922077922,4,,20,4,8,0,7,6,2,1,1,1,2S,1S,,8,0,True,False,True,False,80
top_ten,svm,bigram,no_origin,12,unith,121,Faure,june_22_g0,0.97123745819398,0.9765886287625418,0.907190635451505,0.922077922077922,4,4,20,4,8,0,7,7,2,1,2,1,2S,2S,0.26701687707798116,8,8,True,True,True,True,80
top_ten,svm,bigram,no_origin,12,unith,121,Faure,june_22_g0,0.97123745819398,0.9765886287625418,0.907190635451505,0.922077922077922,4,3,20,4,8,0,7,8,2,1,3,1,2S,3S,0.17111261798577415,8,7,True,True,True,False,80
top_ten,svm,bigram,no_origin,12,unith,121,Faure,june_22_g0,0.97123745819398,0.9765886287625418,0.907190635451505,0.922077922077922,4,4,20,4,8,0,7,9,2,1,4,1,2S,4S,0.24162595690182234,8,41,True,True,True,True,80
top_ten,svm,bigram,no_origin,12,unith,121,Faure,june_22_g0,0.97123745819398,0.9765886287625418,0.907190635451505,0.922077922077922,4,4,20,4,8,0,7,10,2,1,5,1,2S,5S,0.05844755703085196,8,36,True,True,True,True,80
top_ten,svm,bigram,no_origin,12,unith,121,Faure,june_22_g0,0.97123745819398,0.9765886287625418,0.907190635451505,0.922077922077922,4,4,20,4,8,0,7,11,2,1,6,1,2S,6S,0.10324642909770358,8,60,True,True,True,True,80
top_ten,svm,bigram,no_origin,12,unith,121,Faure,june_22_g0,0.97123745819398,0.9765886287625418,0.907190635451505,0.922077922077922,3,4,20,4,8,0,8,0,3,1,1,0,3S,1H,0.40124969324195553,7,40,True,True,False,True,80
top_ten,svm,bigram,no_origin,12,unith,121,Faure,june_22_g0,0.97123745819398,0.9765886287625418,0.907190635451505,0.922077922077922,3,4,20,4,8,0,8,1,3,1,2,0,3S,2H,0.3277672039766303,7,41,True,True,False,True,80
top_ten,svm,bigram,no_origin,12,unith,121,Faure,june_22_g0,0.97123745819398,0.9765886287625418,0.907190635451505,0.922077922077922,3,4,20,4,8,0,8,2,3,1,3,0,3S,3H,0.27308576629368875,7,46,True,True,False,True,80
top_ten,svm,bigram,no_origin,12,unith,121,Faure,june_22_g0,0.97123745819398,0.9765886287625418,0.907190635451505,0.922077922077922,3,,20,4,8,0,8,3,3,1,4,0,3S,4H,,7,0,True,False,False,False,80
top_ten,svm,bigram,no_origin,12,unith,121,Faure,june_22_g0,0.97123745819398,0.9765886287625418,0.907190635451505,0.922077922077922,3,4,20,4,8,0,8,4,3,1,5,0,3S,5H,0.09880942832699119,7,16,True,True,False,True,80
top_ten,svm,bigram,no_origin,12,unith,121,Faure,june_22_g0,0.97123745819398,0.9765886287625418,0.907190635451505,0.922077922077922,3,,20,4,8,0,8,5,3,1,6,0,3S,6H,,7,0,True,False,False,False,80
top_ten,svm,bigram,no_origin,12,unith,121,Faure,june_22_g0,0.97123745819398,0.9765886287625418,0.907190635451505,0.922077922077922,3,,20,4,8,0,8,6,3,1,1,1,3S,1S,,7,0,True,False,False,False,80
top_ten,svm,bigram,no_origin,12,unith,121,Faure,june_22_g0,0.97123745819398,0.9765886287625418,0.907190635451505,0.922077922077922,3,4,20,4,8,0,8,7,3,1,2,1,3S,2S,0.17111261798577415,7,8,True,True,False,True,80
top_ten,svm,bigram,no_origin,12,unith,121,Faure,june_22_g0,0.97123745819398,0.9765886287625418,0.907190635451505,0.922077922077922,3,3,20,4,8,0,8,8,3,1,3,1,3S,3S,0.37512946552146065,7,7,True,True,False,False,80
top_ten,svm,bigram,no_origin,12,unith,121,Faure,june_22_g0,0.97123745819398,0.9765886287625418,0.907190635451505,0.922077922077922,3,4,20,4,8,0,8,9,3,1,4,1,3S,4S,0.24007660403217662,7,41,True,True,False,True,80
top_ten,svm,bigram,no_origin,12,unith,121,Faure,june_22_g0,0.97123745819398,0.9765886287625418,0.907190635451505,0.922077922077922,3,4,20,4,8,0,8,10,3,1,5,1,3S,5S,0.15099093552569187,7,36,True,True,False,True,80
top_ten,svm,bigram,no_origin,12,unith,121,Faure,june_22_g0,0.97123745819398,0.9765886287625418,0.907190635451505,0.922077922077922,3,4,20,4,8,0,8,11,3,1,6,1,3S,6S,0.19304707348309003,7,60,True,True,False,True,80
top_ten,svm,bigram,no_origin,12,unith,121,Faure,june_22_g0,0.97123745819398,0.9765886287625418,0.907190635451505,0.922077922077922,4,4,20,4,8,0,9,0,4,1,1,0,4S,1H,0.3628027822694217,41,40,True,True,True,True,80
top_ten,svm,bigram,no_origin,12,unith,121,Faure,june_22_g0,0.97123745819398,0.9765886287625418,0.907190635451505,0.922077922077922,4,4,20,4,8,0,9,1,4,1,2,0,4S,2H,0.25480620235128765,41,41,True,True,True,True,80
top_ten,svm,bigram,no_origin,12,unith,121,Faure,june_22_g0,0.97123745819398,0.9765886287625418,0.907190635451505,0.922077922077922,4,4,20,4,8,0,9,2,4,1,3,0,4S,3H,0.2352420665211425,41,46,True,True,True,True,80
top_ten,svm,bigram,no_origin,12,unith,121,Faure,june_22_g0,0.97123745819398,0.9765886287625418,0.907190635451505,0.922077922077922,4,,20,4,8,0,9,3,4,1,4,0,4S,4H,,41,0,True,False,True,False,80
top_ten,svm,bigram,no_origin,12,unith,121,Faure,june_22_g0,0.97123745819398,0.9765886287625418,0.907190635451505,0.922077922077922,4,4,20,4,8,0,9,4,4,1,5,0,4S,5H,0.1468190771929619,41,16,True,True,True,True,80
top_ten,svm,bigram,no_origin,12,unith,121,Faure,june_22_g0,0.97123745819398,0.9765886287625418,0.907190635451505,0.922077922077922,4,,20,4,8,0,9,5,4,1,6,0,4S,6H,,41,0,True,False,True,False,80
top_ten,svm,bigram,no_origin,12,unith,121,Faure,june_22_g0,0.97123745819398,0.9765886287625418,0.907190635451505,0.922077922077922,4,,20,4,8,0,9,6,4,1,1,1,4S,1S,,41,0,True,False,True,False,80
top_ten,svm,bigram,no_origin,12,unith,121,Faure,june_22_g0,0.97123745819398,0.9765886287625418,0.907190635451505,0.922077922077922,4,4,20,4,8,0,9,7,4,1,2,1,4S,2S,0.24162595690182234,41,8,True,True,True,True,80
top_ten,svm,bigram,no_origin,12,unith,121,Faure,june_22_g0,0.97123745819398,0.9765886287625418,0.907190635451505,0.922077922077922,4,3,20,4,8,0,9,8,4,1,3,1,4S,3S,0.24007660403217662,41,7,True,True,True,False,80
top_ten,svm,bigram,no_origin,12,unith,121,Faure,june_22_g0,0.97123745819398,0.9765886287625418,0.907190635451505,0.922077922077922,4,4,20,4,8,0,9,9,4,1,4,1,4S,4S,0.2685636217203252,41,41,True,True,True,True,80
top_ten,svm,bigram,no_origin,12,unith,121,Faure,june_22_g0,0.97123745819398,0.9765886287625418,0.907190635451505,0.922077922077922,4,4,20,4,8,0,9,10,4,1,5,1,4S,5S,0.16055339984090136,41,36,True,True,True,True,80
top_ten,svm,bigram,no_origin,12,unith,121,Faure,june_22_g0,0.97123745819398,0.9765886287625418,0.907190635451505,0.922077922077922,4,4,20,4,8,0,9,11,4,1,6,1,4S,6S,0.14126825465411805,41,60,True,True,True,True,80
top_ten,svm,bigram,no_origin,12,unith,121,Faure,june_22_g0,0.97123745819398,0.9765886287625418,0.907190635451505,0.922077922077922,4,4,20,4,8,0,10,0,5,1,1,0,5S,1H,0.17869029437005174,36,40,True,True,True,True,80
top_ten,svm,bigram,no_origin,12,unith,121,Faure,june_22_g0,0.97123745819398,0.9765886287625418,0.907190635451505,0.922077922077922,4,4,20,4,8,0,10,1,5,1,2,0,5S,2H,0.1495890838702971,36,41,True,True,True,True,80
top_ten,svm,bigram,no_origin,12,unith,121,Faure,june_22_g0,0.97123745819398,0.9765886287625418,0.907190635451505,0.922077922077922,4,4,20,4,8,0,10,2,5,1,3,0,5S,3H,0.2162304074424394,36,46,True,True,True,True,80
top_ten,svm,bigram,no_origin,12,unith,121,Faure,june_22_g0,0.97123745819398,0.9765886287625418,0.907190635451505,0.922077922077922,4,,20,4,8,0,10,3,5,1,4,0,5S,4H,,36,0,True,False,True,False,80
top_ten,svm,bigram,no_origin,12,unith,121,Faure,june_22_g0,0.97123745819398,0.9765886287625418,0.907190635451505,0.922077922077922,4,4,20,4,8,0,10,4,5,1,5,0,5S,5H,0.2876772673650199,36,16,True,True,True,True,80
top_ten,svm,bigram,no_origin,12,unith,121,Faure,june_22_g0,0.97123745819398,0.9765886287625418,0.907190635451505,0.922077922077922,4,,20,4,8,0,10,5,5,1,6,0,5S,6H,,36,0,True,False,True,False,80
top_ten,svm,bigram,no_origin,12,unith,121,Faure,june_22_g0,0.97123745819398,0.9765886287625418,0.907190635451505,0.922077922077922,4,,20,4,8,0,10,6,5,1,1,1,5S,1S,,36,0,True,False,True,False,80
top_ten,svm,bigram,no_origin,12,unith,121,Faure,june_22_g0,0.97123745819398,0.9765886287625418,0.907190635451505,0.922077922077922,4,4,20,4,8,0,10,7,5,1,2,1,5S,2S,0.05844755703085196,36,8,True,True,True,True,80
top_ten,svm,bigram,no_origin,12,unith,121,Faure,june_22_g0,0.97123745819398,0.9765886287625418,0.907190635451505,0.922077922077922,4,3,20,4,8,0,10,8,5,1,3,1,5S,3S,0.15099093552569187,36,7,True,True,True,False,80
top_ten,svm,bigram,no_origin,12,unith,121,Faure,june_22_g0,0.97123745819398,0.9765886287625418,0.907190635451505,0.922077922077922,4,4,20,4,8,0,10,9,5,1,4,1,5S,4S,0.16055339984090136,36,41,True,True,True,True,80
top_ten,svm,bigram,no_origin,12,unith,121,Faure,june_22_g0,0.97123745819398,0.9765886287625418,0.907190635451505,0.922077922077922,4,4,20,4,8,0,10,10,5,1,5,1,5S,5S,0.21319883916202395,36,36,True,True,True,True,80
top_ten,svm,bigram,no_origin,12,unith,121,Faure,june_22_g0,0.97123745819398,0.9765886287625418,0.907190635451505,0.922077922077922,4,4,20,4,8,0,10,11,5,1,6,1,5S,6S,0.10076231919748928,36,60,True,True,True,True,80
top_ten,svm,bigram,no_origin,12,unith,121,Faure,june_22_g0,0.97123745819398,0.9765886287625418,0.907190635451505,0.922077922077922,4,4,20,4,8,0,11,0,6,1,1,0,6S,1H,0.14470401900956245,60,40,True,True,True,True,80
top_ten,svm,bigram,no_origin,12,unith,121,Faure,june_22_g0,0.97123745819398,0.9765886287625418,0.907190635451505,0.922077922077922,4,4,20,4,8,0,11,1,6,1,2,0,6S,2H,0.176257895546373,60,41,True,True,True,True,80
top_ten,svm,bigram,no_origin,12,unith,121,Faure,june_22_g0,0.97123745819398,0.9765886287625418,0.907190635451505,0.922077922077922,4,4,20,4,8,0,11,2,6,1,3,0,6S,3H,0.22398416361839257,60,46,True,True,True,True,80
top_ten,svm,bigram,no_origin,12,unith,121,Faure,june_22_g0,0.97123745819398,0.9765886287625418,0.907190635451505,0.922077922077922,4,,20,4,8,0,11,3,6,1,4,0,6S,4H,,60,0,True,False,True,False,80
top_ten,svm,bigram,no_origin,12,unith,121,Faure,june_22_g0,0.97123745819398,0.9765886287625418,0.907190635451505,0.922077922077922,4,4,20,4,8,0,11,4,6,1,5,0,6S,5H,0.07205551845088462,60,16,True,True,True,True,80
top_ten,svm,bigram,no_origin,12,unith,121,Faure,june_22_g0,0.97123745819398,0.9765886287625418,0.907190635451505,0.922077922077922,4,,20,4,8,0,11,5,6,1,6,0,6S,6H,,60,0,True,False,True,False,80
top_ten,svm,bigram,no_origin,12,unith,121,Faure,june_22_g0,0.97123745819398,0.9765886287625418,0.907190635451505,0.922077922077922,4,,20,4,8,0,11,6,6,1,1,1,6S,1S,,60,0,True,False,True,False,80
top_ten,svm,bigram,no_origin,12,unith,121,Faure,june_22_g0,0.97123745819398,0.9765886287625418,0.907190635451505,0.922077922077922,4,4,20,4,8,0,11,7,6,1,2,1,6S,2S,0.10324642909770358,60,8,True,True,True,True,80
top_ten,svm,bigram,no_origin,12,unith,121,Faure,june_22_g0,0.97123745819398,0.9765886287625418,0.907190635451505,0.922077922077922,4,3,20,4,8,0,11,8,6,1,3,1,6S,3S,0.19304707348309003,60,7,True,True,True,False,80
top_ten,svm,bigram,no_origin,12,unith,121,Faure,june_22_g0,0.97123745819398,0.9765886287625418,0.907190635451505,0.922077922077922,4,4,20,4,8,0,11,9,6,1,4,1,6S,4S,0.14126825465411805,60,41,True,True,True,True,80
top_ten,svm,bigram,no_origin,12,unith,121,Faure,june_22_g0,0.97123745819398,0.9765886287625418,0.907190635451505,0.922077922077922,4,4,20,4,8,0,11,10,6,1,5,1,6S,5S,0.10076231919748928,60,36,True,True,True,True,80
top_ten,svm,bigram,no_origin,12,unith,121,Faure,june_22_g0,0.97123745819398,0.9765886287625418,0.907190635451505,0.922077922077922,4,4,20,4,8,0,11,11,6,1,6,1,6S,6S,0.12445694455148815,60,60,True,True,True,True,80
top_ten,svm,bigram,no_origin,12,unith,121,Faure,june_24_g0,0.999341238471673,1.0,1.0,0.8697916666666666,5,5,20,4,8,0,0,0,1,0,1,0,1H,1H,0.35744778131388755,44,44,True,True,True,True,80
top_ten,svm,bigram,no_origin,12,unith,121,Faure,june_24_g0,0.999341238471673,1.0,1.0,0.8697916666666666,5,5,20,4,8,0,0,1,1,0,2,0,1H,2H,0.18618283038283462,44,28,True,True,True,True,80
top_ten,svm,bigram,no_origin,12,unith,121,Faure,june_24_g0,0.999341238471673,1.0,1.0,0.8697916666666666,5,5,20,4,8,0,0,2,1,0,3,0,1H,3H,0.2679406526891354,44,50,True,True,True,True,80
top_ten,svm,bigram,no_origin,12,unith,121,Faure,june_24_g0,0.999341238471673,1.0,1.0,0.8697916666666666,5,,20,4,8,0,0,3,1,0,4,0,1H,4H,,44,0,True,False,True,False,80
top_ten,svm,bigram,no_origin,12,unith,121,Faure,june_24_g0,0.999341238471673,1.0,1.0,0.8697916666666666,5,5,20,4,8,0,0,4,1,0,5,0,1H,5H,0.2986368135844971,44,10,True,True,True,True,80
top_ten,svm,bigram,no_origin,12,unith,121,Faure,june_24_g0,0.999341238471673,1.0,1.0,0.8697916666666666,5,,20,4,8,0,0,5,1,0,6,0,1H,6H,,44,0,True,False,True,False,80
top_ten,svm,bigram,no_origin,12,unith,121,Faure,june_24_g0,0.999341238471673,1.0,1.0,0.8697916666666666,5,,20,4,8,0,0,6,1,0,1,1,1H,1S,,44,0,True,False,True,False,80
top_ten,svm,bigram,no_origin,12,unith,121,Faure,june_24_g0,0.999341238471673,1.0,1.0,0.8697916666666666,5,5,20,4,8,0,0,7,1,0,2,1,1H,2S,0.40154829138311454,44,22,True,True,True,True,80
top_ten,svm,bigram,no_origin,12,unith,121,Faure,june_24_g0,0.999341238471673,1.0,1.0,0.8697916666666666,5,,20,4,8,0,0,8,1,0,3,1,1H,3S,,44,0,True,False,True,False,80
top_ten,svm,bigram,no_origin,12,unith,121,Faure,june_24_g0,0.999341238471673,1.0,1.0,0.8697916666666666,5,5,20,4,8,0,0,9,1,0,4,1,1H,4S,0.17684704883078722,44,62,True,True,True,True,80
top_ten,svm,bigram,no_origin,12,unith,121,Faure,june_24_g0,0.999341238471673,1.0,1.0,0.8697916666666666,5,5,20,4,8,0,0,10,1,0,5,1,1H,5S,0.1670291919455216,44,80,True,True,True,True,80
top_ten,svm,bigram,no_origin,12,unith,121,Faure,june_24_g0,0.999341238471673,1.0,1.0,0.8697916666666666,5,5,20,4,8,0,0,11,1,0,6,1,1H,6S,0.17527161432293334,44,69,True,True,True,True,80
top_ten,svm,bigram,no_origin,12,unith,121,Faure,june_24_g0,0.999341238471673,1.0,1.0,0.8697916666666666,5,5,20,4,8,0,1,0,2,0,1,0,2H,1H,0.18618283038283462,28,44,True,True,True,True,80
top_ten,svm,bigram,no_origin,12,unith,121,Faure,june_24_g0,0.999341238471673,1.0,1.0,0.8697916666666666,5,5,20,4,8,0,1,1,2,0,2,0,2H,2H,0.2172392815994249,28,28,True,True,True,True,80
top_ten,svm,bigram,no_origin,12,unith,121,Faure,june_24_g0,0.999341238471673,1.0,1.0,0.8697916666666666,5,5,20,4,8,0,1,2,2,0,3,0,2H,3H,0.21021436528307375,28,50,True,True,True,True,80
top_ten,svm,bigram,no_origin,12,unith,121,Faure,june_24_g0,0.999341238471673,1.0,1.0,0.8697916666666666,5,,20,4,8,0,1,3,2,0,4,0,2H,4H,,28,0,True,False,True,False,80
top_ten,svm,bigram,no_origin,12,unith,121,Faure,june_24_g0,0.999341238471673,1.0,1.0,0.8697916666666666,5,5,20,4,8,0,1,4,2,0,5,0,2H,5H,0.07203331776457264,28,10,True,True,True,True,80
top_ten,svm,bigram,no_origin,12,unith,121,Faure,june_24_g0,0.999341238471673,1.0,1.0,0.8697916666666666,5,,20,4,8,0,1,5,2,0,6,0,2H,6H,,28,0,True,False,True,False,80
top_ten,svm,bigram,no_origin,12,unith,121,Faure,june_24_g0,0.999341238471673,1.0,1.0,0.8697916666666666,5,,20,4,8,0,1,6,2,0,1,1,2H,1S,,28,0,True,False,True,False,80
top_ten,svm,bigram,no_origin,12,unith,121,Faure,june_24_g0,0.999341238471673,1.0,1.0,0.8697916666666666,5,5,20,4,8,0,1,7,2,0,2,1,2H,2S,0.27734008230520973,28,22,True,True,True,True,80
top_ten,svm,bigram,no_origin,12,unith,121,Faure,june_24_g0,0.999341238471673,1.0,1.0,0.8697916666666666,5,,20,4,8,0,1,8,2,0,3,1,2H,3S,,28,0,True,False,True,False,80
top_ten,svm,bigram,no_origin,12,unith,121,Faure,june_24_g0,0.999341238471673,1.0,1.0,0.8697916666666666,5,5,20,4,8,0,1,9,2,0,4,1,2H,4S,0.14661575398206336,28,62,True,True,True,True,80
top_ten,svm,bigram,no_origin,12,unith,121,Faure,june_24_g0,0.999341238471673,1.0,1.0,0.8697916666666666,5,5,20,4,8,0,1,10,2,0,5,1,2H,5S,0.1678315850987792,28,80,True,True,True,True,80
top_ten,svm,bigram,no_origin,12,unith,121,Faure,june_24_g0,0.999341238471673,1.0,1.0,0.8697916666666666,5,5,20,4,8,0,1,11,2,0,6,1,2H,6S,0.24036126557096743,28,69,True,True,True,True,80
top_ten,svm,bigram,no_origin,12,unith,121,Faure,june_24_g0,0.999341238471673,1.0,1.0,0.8697916666666666,5,5,20,4,8,0,2,0,3,0,1,0,3H,1H,0.2679406526891354,50,44,True,True,True,True,80
top_ten,svm,bigram,no_origin,12,unith,121,Faure,june_24_g0,0.999341238471673,1.0,1.0,0.8697916666666666,5,5,20,4,8,0,2,1,3,0,2,0,3H,2H,0.21021436528307375,50,28,True,True,True,True,80
top_ten,svm,bigram,no_origin,12,unith,121,Faure,june_24_g0,0.999341238471673,1.0,1.0,0.8697916666666666,5,5,20,4,8,0,2,2,3,0,3,0,3H,3H,0.22185419583898053,50,50,True,True,True,True,80
top_ten,svm,bigram,no_origin,12,unith,121,Faure,june_24_g0,0.999341238471673,1.0,1.0,0.8697916666666666,5,,20,4,8,0,2,3,3,0,4,0,3H,4H,,50,0,True,False,True,False,80
top_ten,svm,bigram,no_origin,12,unith,121,Faure,june_24_g0,0.999341238471673,1.0,1.0,0.8697916666666666,5,5,20,4,8,0,2,4,3,0,5,0,3H,5H,0.20539050400419687,50,10,True,True,True,True,80
top_ten,svm,bigram,no_origin,12,unith,121,Faure,june_24_g0,0.999341238471673,1.0,1.0,0.8697916666666666,5,,20,4,8,0,2,5,3,0,6,0,3H,6H,,50,0,True,False,True,False,80
top_ten,svm,bigram,no_origin,12,unith,121,Faure,june_24_g0,0.999341238471673,1.0,1.0,0.8697916666666666,5,,20,4,8,0,2,6,3,0,1,1,3H,1S,,50,0,True,False,True,False,80
top_ten,svm,bigram,no_origin,12,unith,121,Faure,june_24_g0,0.999341238471673,1.0,1.0,0.8697916666666666,5,5,20,4,8,0,2,7,3,0,2,1,3H,2S,0.2562331811677125,50,22,True,True,True,True,80
top_ten,svm,bigram,no_origin,12,unith,121,Faure,june_24_g0,0.999341238471673,1.0,1.0,0.8697916666666666,5,,20,4,8,0,2,8,3,0,3,1,3H,3S,,50,0,True,False,True,False,80
top_ten,svm,bigram,no_origin,12,unith,121,Faure,june_24_g0,0.999341238471673,1.0,1.0,0.8697916666666666,5,5,20,4,8,0,2,9,3,0,4,1,3H,4S,0.12286573935254257,50,62,True,True,True,True,80
top_ten,svm,bigram,no_origin,12,unith,121,Faure,june_24_g0,0.999341238471673,1.0,1.0,0.8697916666666666,5,5,20,4,8,0,2,10,3,0,5,1,3H,5S,0.15249619506038872,50,80,True,True,True,True,80
top_ten,svm,bigram,no_origin,12,unith,121,Faure,june_24_g0,0.999341238471673,1.0,1.0,0.8697916666666666,5,5,20,4,8,0,2,11,3,0,6,1,3H,6S,0.22262502790704386,50,69,True,True,True,True,80
top_ten,svm,bigram,no_origin,12,unith,121,Faure,june_24_g0,0.999341238471673,1.0,1.0,0.8697916666666666,,5,20,4,8,0,3,0,4,0,1,0,4H,1H,,0,44,False,True,False,True,80
top_ten,svm,bigram,no_origin,12,unith,121,Faure,june_24_g0,0.999341238471673,1.0,1.0,0.8697916666666666,,5,20,4,8,0,3,1,4,0,2,0,4H,2H,,0,28,False,True,False,True,80
top_ten,svm,bigram,no_origin,12,unith,121,Faure,june_24_g0,0.999341238471673,1.0,1.0,0.8697916666666666,,5,20,4,8,0,3,2,4,0,3,0,4H,3H,,0,50,False,True,False,True,80
top_ten,svm,bigram,no_origin,12,unith,121,Faure,june_24_g0,0.999341238471673,1.0,1.0,0.8697916666666666,,,20,4,8,0,3,3,4,0,4,0,4H,4H,,0,0,False,False,False,False,80
top_ten,svm,bigram,no_origin,12,unith,121,Faure,june_24_g0,0.999341238471673,1.0,1.0,0.8697916666666666,,5,20,4,8,0,3,4,4,0,5,0,4H,5H,,0,10,False,True,False,True,80
top_ten,svm,bigram,no_origin,12,unith,121,Faure,june_24_g0,0.999341238471673,1.0,1.0,0.8697916666666666,,,20,4,8,0,3,5,4,0,6,0,4H,6H,,0,0,False,False,False,False,80
top_ten,svm,bigram,no_origin,12,unith,121,Faure,june_24_g0,0.999341238471673,1.0,1.0,0.8697916666666666,,,20,4,8,0,3,6,4,0,1,1,4H,1S,,0,0,False,False,False,False,80
top_ten,svm,bigram,no_origin,12,unith,121,Faure,june_24_g0,0.999341238471673,1.0,1.0,0.8697916666666666,,5,20,4,8,0,3,7,4,0,2,1,4H,2S,,0,22,False,True,False,True,80
top_ten,svm,bigram,no_origin,12,unith,121,Faure,june_24_g0,0.999341238471673,1.0,1.0,0.8697916666666666,,,20,4,8,0,3,8,4,0,3,1,4H,3S,,0,0,False,False,False,False,80
top_ten,svm,bigram,no_origin,12,unith,121,Faure,june_24_g0,0.999341238471673,1.0,1.0,0.8697916666666666,,5,20,4,8,0,3,9,4,0,4,1,4H,4S,,0,62,False,True,False,True,80
top_ten,svm,bigram,no_origin,12,unith,121,Faure,june_24_g0,0.999341238471673,1.0,1.0,0.8697916666666666,,5,20,4,8,0,3,10,4,0,5,1,4H,5S,,0,80,False,True,False,True,80
top_ten,svm,bigram,no_origin,12,unith,121,Faure,june_24_g0,0.999341238471673,1.0,1.0,0.8697916666666666,,5,20,4,8,0,3,11,4,0,6,1,4H,6S,,0,69,False,True,False,True,80
top_ten,svm,bigram,no_origin,12,unith,121,Faure,june_24_g0,0.999341238471673,1.0,1.0,0.8697916666666666,5,5,20,4,8,0,4,0,5,0,1,0,5H,1H,0.2986368135844971,10,44,True,True,True,True,80
top_ten,svm,bigram,no_origin,12,unith,121,Faure,june_24_g0,0.999341238471673,1.0,1.0,0.8697916666666666,5,5,20,4,8,0,4,1,5,0,2,0,5H,2H,0.07203331776457264,10,28,True,True,True,True,80
top_ten,svm,bigram,no_origin,12,unith,121,Faure,june_24_g0,0.999341238471673,1.0,1.0,0.8697916666666666,5,5,20,4,8,0,4,2,5,0,3,0,5H,3H,0.20539050400419687,10,50,True,True,True,True,80
top_ten,svm,bigram,no_origin,12,unith,121,Faure,june_24_g0,0.999341238471673,1.0,1.0,0.8697916666666666,5,,20,4,8,0,4,3,5,0,4,0,5H,4H,,10,0,True,False,True,False,80
top_ten,svm,bigram,no_origin,12,unith,121,Faure,june_24_g0,0.999341238471673,1.0,1.0,0.8697916666666666,5,5,20,4,8,0,4,4,5,0,5,0,5H,5H,0.4915395417590373,10,10,True,True,True,True,80
top_ten,svm,bigram,no_origin,12,unith,121,Faure,june_24_g0,0.999341238471673,1.0,1.0,0.8697916666666666,5,,20,4,8,0,4,5,5,0,6,0,5H,6H,,10,0,True,False,True,False,80
top_ten,svm,bigram,no_origin,12,unith,121,Faure,june_24_g0,0.999341238471673,1.0,1.0,0.8697916666666666,5,,20,4,8,0,4,6,5,0,1,1,5H,1S,,10,0,True,False,True,False,80
top_ten,svm,bigram,no_origin,12,unith,121,Faure,june_24_g0,0.999341238471673,1.0,1.0,0.8697916666666666,5,5,20,4,8,0,4,7,5,0,2,1,5H,2S,0.373509991359314,10,22,True,True,True,True,80
top_ten,svm,bigram,no_origin,12,unith,121,Faure,june_24_g0,0.999341238471673,1.0,1.0,0.8697916666666666,5,,20,4,8,0,4,8,5,0,3,1,5H,3S,,10,0,True,False,True,False,80
top_ten,svm,bigram,no_origin,12,unith,121,Faure,june_24_g0,0.999341238471673,1.0,1.0,0.8697916666666666,5,5,20,4,8,0,4,9,5,0,4,1,5H,4S,0.13039607943862797,10,62,True,True,True,True,80
top_ten,svm,bigram,no_origin,12,unith,121,Faure,june_24_g0,0.999341238471673,1.0,1.0,0.8697916666666666,5,5,20,4,8,0,4,10,5,0,5,1,5H,5S,0.12996023434680126,10,80,True,True,True,True,80
top_ten,svm,bigram,no_origin,12,unith,121,Faure,june_24_g0,0.999341238471673,1.0,1.0,0.8697916666666666,5,5,20,4,8,0,4,11,5,0,6,1,5H,6S,0.11083879092517519,10,69,True,True,True,True,80
top_ten,svm,bigram,no_origin,12,unith,121,Faure,june_24_g0,0.999341238471673,1.0,1.0,0.8697916666666666,,5,20,4,8,0,5,0,6,0,1,0,6H,1H,,0,44,False,True,False,True,80
top_ten,svm,bigram,no_origin,12,unith,121,Faure,june_24_g0,0.999341238471673,1.0,1.0,0.8697916666666666,,5,20,4,8,0,5,1,6,0,2,0,6H,2H,,0,28,False,True,False,True,80
top_ten,svm,bigram,no_origin,12,unith,121,Faure,june_24_g0,0.999341238471673,1.0,1.0,0.8697916666666666,,5,20,4,8,0,5,2,6,0,3,0,6H,3H,,0,50,False,True,False,True,80
top_ten,svm,bigram,no_origin,12,unith,121,Faure,june_24_g0,0.999341238471673,1.0,1.0,0.8697916666666666,,,20,4,8,0,5,3,6,0,4,0,6H,4H,,0,0,False,False,False,False,80
top_ten,svm,bigram,no_origin,12,unith,121,Faure,june_24_g0,0.999341238471673,1.0,1.0,0.8697916666666666,,5,20,4,8,0,5,4,6,0,5,0,6H,5H,,0,10,False,True,False,True,80
top_ten,svm,bigram,no_origin,12,unith,121,Faure,june_24_g0,0.999341238471673,1.0,1.0,0.8697916666666666,,,20,4,8,0,5,5,6,0,6,0,6H,6H,,0,0,False,False,False,False,80
top_ten,svm,bigram,no_origin,12,unith,121,Faure,june_24_g0,0.999341238471673,1.0,1.0,0.8697916666666666,,,20,4,8,0,5,6,6,0,1,1,6H,1S,,0,0,False,False,False,False,80
top_ten,svm,bigram,no_origin,12,unith,121,Faure,june_24_g0,0.999341238471673,1.0,1.0,0.8697916666666666,,5,20,4,8,0,5,7,6,0,2,1,6H,2S,,0,22,False,True,False,True,80
top_ten,svm,bigram,no_origin,12,unith,121,Faure,june_24_g0,0.999341238471673,1.0,1.0,0.8697916666666666,,,20,4,8,0,5,8,6,0,3,1,6H,3S,,0,0,False,False,False,False,80
top_ten,svm,bigram,no_origin,12,unith,121,Faure,june_24_g0,0.999341238471673,1.0,1.0,0.8697916666666666,,5,20,4,8,0,5,9,6,0,4,1,6H,4S,,0,62,False,True,False,True,80
top_ten,svm,bigram,no_origin,12,unith,121,Faure,june_24_g0,0.999341238471673,1.0,1.0,0.8697916666666666,,5,20,4,8,0,5,10,6,0,5,1,6H,5S,,0,80,False,True,False,True,80
top_ten,svm,bigram,no_origin,12,unith,121,Faure,june_24_g0,0.999341238471673,1.0,1.0,0.8697916666666666,,5,20,4,8,0,5,11,6,0,6,1,6H,6S,,0,69,False,True,False,True,80
top_ten,svm,bigram,no_origin,12,unith,121,Faure,june_24_g0,0.999341238471673,1.0,1.0,0.8697916666666666,,5,20,4,8,0,6,0,1,1,1,0,1S,1H,,0,44,False,True,False,True,80
top_ten,svm,bigram,no_origin,12,unith,121,Faure,june_24_g0,0.999341238471673,1.0,1.0,0.8697916666666666,,5,20,4,8,0,6,1,1,1,2,0,1S,2H,,0,28,False,True,False,True,80
top_ten,svm,bigram,no_origin,12,unith,121,Faure,june_24_g0,0.999341238471673,1.0,1.0,0.8697916666666666,,5,20,4,8,0,6,2,1,1,3,0,1S,3H,,0,50,False,True,False,True,80
top_ten,svm,bigram,no_origin,12,unith,121,Faure,june_24_g0,0.999341238471673,1.0,1.0,0.8697916666666666,,,20,4,8,0,6,3,1,1,4,0,1S,4H,,0,0,False,False,False,False,80
top_ten,svm,bigram,no_origin,12,unith,121,Faure,june_24_g0,0.999341238471673,1.0,1.0,0.8697916666666666,,5,20,4,8,0,6,4,1,1,5,0,1S,5H,,0,10,False,True,False,True,80
top_ten,svm,bigram,no_origin,12,unith,121,Faure,june_24_g0,0.999341238471673,1.0,1.0,0.8697916666666666,,,20,4,8,0,6,5,1,1,6,0,1S,6H,,0,0,False,False,False,False,80
top_ten,svm,bigram,no_origin,12,unith,121,Faure,june_24_g0,0.999341238471673,1.0,1.0,0.8697916666666666,,,20,4,8,0,6,6,1,1,1,1,1S,1S,,0,0,False,False,False,False,80
top_ten,svm,bigram,no_origin,12,unith,121,Faure,june_24_g0,0.999341238471673,1.0,1.0,0.8697916666666666,,5,20,4,8,0,6,7,1,1,2,1,1S,2S,,0,22,False,True,False,True,80
top_ten,svm,bigram,no_origin,12,unith,121,Faure,june_24_g0,0.999341238471673,1.0,1.0,0.8697916666666666,,,20,4,8,0,6,8,1,1,3,1,1S,3S,,0,0,False,False,False,False,80
top_ten,svm,bigram,no_origin,12,unith,121,Faure,june_24_g0,0.999341238471673,1.0,1.0,0.8697916666666666,,5,20,4,8,0,6,9,1,1,4,1,1S,4S,,0,62,False,True,False,True,80
top_ten,svm,bigram,no_origin,12,unith,121,Faure,june_24_g0,0.999341238471673,1.0,1.0,0.8697916666666666,,5,20,4,8,0,6,10,1,1,5,1,1S,5S,,0,80,False,True,False,True,80
top_ten,svm,bigram,no_origin,12,unith,121,Faure,june_24_g0,0.999341238471673,1.0,1.0,0.8697916666666666,,5,20,4,8,0,6,11,1,1,6,1,1S,6S,,0,69,False,True,False,True,80
top_ten,svm,bigram,no_origin,12,unith,121,Faure,june_24_g0,0.999341238471673,1.0,1.0,0.8697916666666666,5,5,20,4,8,0,7,0,2,1,1,0,2S,1H,0.40154829138311454,22,44,True,True,True,True,80
top_ten,svm,bigram,no_origin,12,unith,121,Faure,june_24_g0,0.999341238471673,1.0,1.0,0.8697916666666666,5,5,20,4,8,0,7,1,2,1,2,0,2S,2H,0.27734008230520973,22,28,True,True,True,True,80
top_ten,svm,bigram,no_origin,12,unith,121,Faure,june_24_g0,0.999341238471673,1.0,1.0,0.8697916666666666,5,5,20,4,8,0,7,2,2,1,3,0,2S,3H,0.2562331811677125,22,50,True,True,True,True,80
top_ten,svm,bigram,no_origin,12,unith,121,Faure,june_24_g0,0.999341238471673,1.0,1.0,0.8697916666666666,5,,20,4,8,0,7,3,2,1,4,0,2S,4H,,22,0,True,False,True,False,80
top_ten,svm,bigram,no_origin,12,unith,121,Faure,june_24_g0,0.999341238471673,1.0,1.0,0.8697916666666666,5,5,20,4,8,0,7,4,2,1,5,0,2S,5H,0.373509991359314,22,10,True,True,True,True,80
top_ten,svm,bigram,no_origin,12,unith,121,Faure,june_24_g0,0.999341238471673,1.0,1.0,0.8697916666666666,5,,20,4,8,0,7,5,2,1,6,0,2S,6H,,22,0,True,False,True,False,80
top_ten,svm,bigram,no_origin,12,unith,121,Faure,june_24_g0,0.999341238471673,1.0,1.0,0.8697916666666666,5,,20,4,8,0,7,6,2,1,1,1,2S,1S,,22,0,True,False,True,False,80
top_ten,svm,bigram,no_origin,12,unith,121,Faure,june_24_g0,0.999341238471673,1.0,1.0,0.8697916666666666,5,5,20,4,8,0,7,7,2,1,2,1,2S,2S,0.384394137408118,22,22,True,True,True,True,80
top_ten,svm,bigram,no_origin,12,unith,121,Faure,june_24_g0,0.999341238471673,1.0,1.0,0.8697916666666666,5,,20,4,8,0,7,8,2,1,3,1,2S,3S,,22,0,True,False,True,False,80
top_ten,svm,bigram,no_origin,12,unith,121,Faure,june_24_g0,0.999341238471673,1.0,1.0,0.8697916666666666,5,5,20,4,8,0,7,9,2,1,4,1,2S,4S,0.16659919091059866,22,62,True,True,True,True,80
top_ten,svm,bigram,no_origin,12,unith,121,Faure,june_24_g0,0.999341238471673,1.0,1.0,0.8697916666666666,5,5,20,4,8,0,7,10,2,1,5,1,2S,5S,0.13825852811272152,22,80,True,True,True,True,80
top_ten,svm,bigram,no_origin,12,unith,121,Faure,june_24_g0,0.999341238471673,1.0,1.0,0.8697916666666666,5,5,20,4,8,0,7,11,2,1,6,1,2S,6S,0.2312900467469053,22,69,True,True,True,True,80
top_ten,svm,bigram,no_origin,12,unith,121,Faure,june_24_g0,0.999341238471673,1.0,1.0,0.8697916666666666,,5,20,4,8,0,8,0,3,1,1,0,3S,1H,,0,44,False,True,False,True,80
top_ten,svm,bigram,no_origin,12,unith,121,Faure,june_24_g0,0.999341238471673,1.0,1.0,0.8697916666666666,,5,20,4,8,0,8,1,3,1,2,0,3S,2H,,0,28,False,True,False,True,80
top_ten,svm,bigram,no_origin,12,unith,121,Faure,june_24_g0,0.999341238471673,1.0,1.0,0.8697916666666666,,5,20,4,8,0,8,2,3,1,3,0,3S,3H,,0,50,False,True,False,True,80
top_ten,svm,bigram,no_origin,12,unith,121,Faure,june_24_g0,0.999341238471673,1.0,1.0,0.8697916666666666,,,20,4,8,0,8,3,3,1,4,0,3S,4H,,0,0,False,False,False,False,80
top_ten,svm,bigram,no_origin,12,unith,121,Faure,june_24_g0,0.999341238471673,1.0,1.0,0.8697916666666666,,5,20,4,8,0,8,4,3,1,5,0,3S,5H,,0,10,False,True,False,True,80
top_ten,svm,bigram,no_origin,12,unith,121,Faure,june_24_g0,0.999341238471673,1.0,1.0,0.8697916666666666,,,20,4,8,0,8,5,3,1,6,0,3S,6H,,0,0,False,False,False,False,80
top_ten,svm,bigram,no_origin,12,unith,121,Faure,june_24_g0,0.999341238471673,1.0,1.0,0.8697916666666666,,,20,4,8,0,8,6,3,1,1,1,3S,1S,,0,0,False,False,False,False,80
top_ten,svm,bigram,no_origin,12,unith,121,Faure,june_24_g0,0.999341238471673,1.0,1.0,0.8697916666666666,,5,20,4,8,0,8,7,3,1,2,1,3S,2S,,0,22,False,True,False,True,80
top_ten,svm,bigram,no_origin,12,unith,121,Faure,june_24_g0,0.999341238471673,1.0,1.0,0.8697916666666666,,,20,4,8,0,8,8,3,1,3,1,3S,3S,,0,0,False,False,False,False,80
top_ten,svm,bigram,no_origin,12,unith,121,Faure,june_24_g0,0.999341238471673,1.0,1.0,0.8697916666666666,,5,20,4,8,0,8,9,3,1,4,1,3S,4S,,0,62,False,True,False,True,80
top_ten,svm,bigram,no_origin,12,unith,121,Faure,june_24_g0,0.999341238471673,1.0,1.0,0.8697916666666666,,5,20,4,8,0,8,10,3,1,5,1,3S,5S,,0,80,False,True,False,True,80
top_ten,svm,bigram,no_origin,12,unith,121,Faure,june_24_g0,0.999341238471673,1.0,1.0,0.8697916666666666,,5,20,4,8,0,8,11,3,1,6,1,3S,6S,,0,69,False,True,False,True,80
top_ten,svm,bigram,no_origin,12,unith,121,Faure,june_24_g0,0.999341238471673,1.0,1.0,0.8697916666666666,5,5,20,4,8,0,9,0,4,1,1,0,4S,1H,0.17684704883078722,62,44,True,True,True,True,80
top_ten,svm,bigram,no_origin,12,unith,121,Faure,june_24_g0,0.999341238471673,1.0,1.0,0.8697916666666666,5,5,20,4,8,0,9,1,4,1,2,0,4S,2H,0.14661575398206336,62,28,True,True,True,True,80
top_ten,svm,bigram,no_origin,12,unith,121,Faure,june_24_g0,0.999341238471673,1.0,1.0,0.8697916666666666,5,5,20,4,8,0,9,2,4,1,3,0,4S,3H,0.12286573935254257,62,50,True,True,True,True,80
top_ten,svm,bigram,no_origin,12,unith,121,Faure,june_24_g0,0.999341238471673,1.0,1.0,0.8697916666666666,5,,20,4,8,0,9,3,4,1,4,0,4S,4H,,62,0,True,False,True,False,80
top_ten,svm,bigram,no_origin,12,unith,121,Faure,june_24_g0,0.999341238471673,1.0,1.0,0.8697916666666666,5,5,20,4,8,0,9,4,4,1,5,0,4S,5H,0.13039607943862797,62,10,True,True,True,True,80
top_ten,svm,bigram,no_origin,12,unith,121,Faure,june_24_g0,0.999341238471673,1.0,1.0,0.8697916666666666,5,,20,4,8,0,9,5,4,1,6,0,4S,6H,,62,0,True,False,True,False,80
top_ten,svm,bigram,no_origin,12,unith,121,Faure,june_24_g0,0.999341238471673,1.0,1.0,0.8697916666666666,5,,20,4,8,0,9,6,4,1,1,1,4S,1S,,62,0,True,False,True,False,80
top_ten,svm,bigram,no_origin,12,unith,121,Faure,june_24_g0,0.999341238471673,1.0,1.0,0.8697916666666666,5,5,20,4,8,0,9,7,4,1,2,1,4S,2S,0.16659919091059866,62,22,True,True,True,True,80
top_ten,svm,bigram,no_origin,12,unith,121,Faure,june_24_g0,0.999341238471673,1.0,1.0,0.8697916666666666,5,,20,4,8,0,9,8,4,1,3,1,4S,3S,,62,0,True,False,True,False,80
top_ten,svm,bigram,no_origin,12,unith,121,Faure,june_24_g0,0.999341238471673,1.0,1.0,0.8697916666666666,5,5,20,4,8,0,9,9,4,1,4,1,4S,4S,0.10407336499434654,62,62,True,True,True,True,80
top_ten,svm,bigram,no_origin,12,unith,121,Faure,june_24_g0,0.999341238471673,1.0,1.0,0.8697916666666666,5,5,20,4,8,0,9,10,4,1,5,1,4S,5S,0.1271280843119986,62,80,True,True,True,True,80
top_ten,svm,bigram,no_origin,12,unith,121,Faure,june_24_g0,0.999341238471673,1.0,1.0,0.8697916666666666,5,5,20,4,8,0,9,11,4,1,6,1,4S,6S,0.1532009381888128,62,69,True,True,True,True,80
top_ten,svm,bigram,no_origin,12,unith,121,Faure,june_24_g0,0.999341238471673,1.0,1.0,0.8697916666666666,5,5,20,4,8,0,10,0,5,1,1,0,5S,1H,0.1670291919455216,80,44,True,True,True,True,80
top_ten,svm,bigram,no_origin,12,unith,121,Faure,june_24_g0,0.999341238471673,1.0,1.0,0.8697916666666666,5,5,20,4,8,0,10,1,5,1,2,0,5S,2H,0.1678315850987792,80,28,True,True,True,True,80
top_ten,svm,bigram,no_origin,12,unith,121,Faure,june_24_g0,0.999341238471673,1.0,1.0,0.8697916666666666,5,5,20,4,8,0,10,2,5,1,3,0,5S,3H,0.15249619506038872,80,50,True,True,True,True,80
top_ten,svm,bigram,no_origin,12,unith,121,Faure,june_24_g0,0.999341238471673,1.0,1.0,0.8697916666666666,5,,20,4,8,0,10,3,5,1,4,0,5S,4H,,80,0,True,False,True,False,80
top_ten,svm,bigram,no_origin,12,unith,121,Faure,june_24_g0,0.999341238471673,1.0,1.0,0.8697916666666666,5,5,20,4,8,0,10,4,5,1,5,0,5S,5H,0.12996023434680126,80,10,True,True,True,True,80
top_ten,svm,bigram,no_origin,12,unith,121,Faure,june_24_g0,0.999341238471673,1.0,1.0,0.8697916666666666,5,,20,4,8,0,10,5,5,1,6,0,5S,6H,,80,0,True,False,True,False,80
top_ten,svm,bigram,no_origin,12,unith,121,Faure,june_24_g0,0.999341238471673,1.0,1.0,0.8697916666666666,5,,20,4,8,0,10,6,5,1,1,1,5S,1S,,80,0,True,False,True,False,80
top_ten,svm,bigram,no_origin,12,unith,121,Faure,june_24_g0,0.999341238471673,1.0,1.0,0.8697916666666666,5,5,20,4,8,0,10,7,5,1,2,1,5S,2S,0.13825852811272152,80,22,True,True,True,True,80
top_ten,svm,bigram,no_origin,12,unith,121,Faure,june_24_g0,0.999341238471673,1.0,1.0,0.8697916666666666,5,,20,4,8,0,10,8,5,1,3,1,5S,3S,,80,0,True,False,True,False,80
top_ten,svm,bigram,no_origin,12,unith,121,Faure,june_24_g0,0.999341238471673,1.0,1.0,0.8697916666666666,5,5,20,4,8,0,10,9,5,1,4,1,5S,4S,0.1271280843119986,80,62,True,True,True,True,80
top_ten,svm,bigram,no_origin,12,unith,121,Faure,june_24_g0,0.999341238471673,1.0,1.0,0.8697916666666666,5,5,20,4,8,0,10,10,5,1,5,1,5S,5S,0.049972351142177025,80,80,True,True,True,True,80
top_ten,svm,bigram,no_origin,12,unith,121,Faure,june_24_g0,0.999341238471673,1.0,1.0,0.8697916666666666,5,5,20,4,8,0,10,11,5,1,6,1,5S,6S,0.102488553932646,80,69,True,True,True,True,80
top_ten,svm,bigram,no_origin,12,unith,121,Faure,june_24_g0,0.999341238471673,1.0,1.0,0.8697916666666666,5,5,20,4,8,0,11,0,6,1,1,0,6S,1H,0.17527161432293334,69,44,True,True,True,True,80
top_ten,svm,bigram,no_origin,12,unith,121,Faure,june_24_g0,0.999341238471673,1.0,1.0,0.8697916666666666,5,5,20,4,8,0,11,1,6,1,2,0,6S,2H,0.24036126557096743,69,28,True,True,True,True,80
top_ten,svm,bigram,no_origin,12,unith,121,Faure,june_24_g0,0.999341238471673,1.0,1.0,0.8697916666666666,5,5,20,4,8,0,11,2,6,1,3,0,6S,3H,0.22262502790704386,69,50,True,True,True,True,80
top_ten,svm,bigram,no_origin,12,unith,121,Faure,june_24_g0,0.999341238471673,1.0,1.0,0.8697916666666666,5,,20,4,8,0,11,3,6,1,4,0,6S,4H,,69,0,True,False,True,False,80
top_ten,svm,bigram,no_origin,12,unith,121,Faure,june_24_g0,0.999341238471673,1.0,1.0,0.8697916666666666,5,5,20,4,8,0,11,4,6,1,5,0,6S,5H,0.11083879092517519,69,10,True,True,True,True,80
top_ten,svm,bigram,no_origin,12,unith,121,Faure,june_24_g0,0.999341238471673,1.0,1.0,0.8697916666666666,5,,20,4,8,0,11,5,6,1,6,0,6S,6H,,69,0,True,False,True,False,80
top_ten,svm,bigram,no_origin,12,unith,121,Faure,june_24_g0,0.999341238471673,1.0,1.0,0.8697916666666666,5,,20,4,8,0,11,6,6,1,1,1,6S,1S,,69,0,True,False,True,False,80
top_ten,svm,bigram,no_origin,12,unith,121,Faure,june_24_g0,0.999341238471673,1.0,1.0,0.8697916666666666,5,5,20,4,8,0,11,7,6,1,2,1,6S,2S,0.2312900467469053,69,22,True,True,True,True,80
top_ten,svm,bigram,no_origin,12,unith,121,Faure,june_24_g0,0.999341238471673,1.0,1.0,0.8697916666666666,5,,20,4,8,0,11,8,6,1,3,1,6S,3S,,69,0,True,False,True,False,80
top_ten,svm,bigram,no_origin,12,unith,121,Faure,june_24_g0,0.999341238471673,1.0,1.0,0.8697916666666666,5,5,20,4,8,0,11,9,6,1,4,1,6S,4S,0.1532009381888128,69,62,True,True,True,True,80
top_ten,svm,bigram,no_origin,12,unith,121,Faure,june_24_g0,0.999341238471673,1.0,1.0,0.8697916666666666,5,5,20,4,8,0,11,10,6,1,5,1,6S,5S,0.102488553932646,69,80,True,True,True,True,80
top_ten,svm,bigram,no_origin,12,unith,121,Faure,june_24_g0,0.999341238471673,1.0,1.0,0.8697916666666666,5,5,20,4,8,0,11,11,6,1,6,1,6S,6S,0.19436404766447418,69,69,True,True,True,True,80
top_ten,svm,bigram,no_origin,12,unith,121,Faure,june_28_g0,0.993063812921126,0.9944510503369005,0.9511494252873562,0.5545023696682464,4,4,20,4,8,0,0,0,1,0,1,0,1H,1H,0.304786796331581,57,57,True,True,True,True,80
top_ten,svm,bigram,no_origin,12,unith,121,Faure,june_28_g0,0.993063812921126,0.9944510503369005,0.9511494252873562,0.5545023696682464,4,4,20,4,8,0,0,1,1,0,2,0,1H,2H,0.3438585996087936,57,51,True,True,True,True,80
top_ten,svm,bigram,no_origin,12,unith,121,Faure,june_28_g0,0.993063812921126,0.9944510503369005,0.9511494252873562,0.5545023696682464,4,4,20,4,8,0,0,2,1,0,3,0,1H,3H,0.24521019209726286,57,64,True,True,True,True,80
top_ten,svm,bigram,no_origin,12,unith,121,Faure,june_28_g0,0.993063812921126,0.9944510503369005,0.9511494252873562,0.5545023696682464,4,4,20,4,8,0,0,3,1,0,4,0,1H,4H,0.18046870436791343,57,9,True,True,True,True,80
top_ten,svm,bigram,no_origin,12,unith,121,Faure,june_28_g0,0.993063812921126,0.9944510503369005,0.9511494252873562,0.5545023696682464,4,4,20,4,8,0,0,4,1,0,5,0,1H,5H,0.31944272531536755,57,25,True,True,True,True,80
top_ten,svm,bigram,no_origin,12,unith,121,Faure,june_28_g0,0.993063812921126,0.9944510503369005,0.9511494252873562,0.5545023696682464,4,,20,4,8,0,0,5,1,0,6,0,1H,6H,,57,0,True,False,True,False,80
top_ten,svm,bigram,no_origin,12,unith,121,Faure,june_28_g0,0.993063812921126,0.9944510503369005,0.9511494252873562,0.5545023696682464,4,,20,4,8,0,0,6,1,0,1,1,1H,1S,,57,0,True,False,True,False,80
top_ten,svm,bigram,no_origin,12,unith,121,Faure,june_28_g0,0.993063812921126,0.9944510503369005,0.9511494252873562,0.5545023696682464,4,4,20,4,8,0,0,7,1,0,2,1,1H,2S,0.1831957159021687,57,12,True,True,True,True,80
top_ten,svm,bigram,no_origin,12,unith,121,Faure,june_28_g0,0.993063812921126,0.9944510503369005,0.9511494252873562,0.5545023696682464,4,,20,4,8,0,0,8,1,0,3,1,1H,3S,,57,0,True,False,True,False,80
top_ten,svm,bigram,no_origin,12,unith,121,Faure,june_28_g0,0.993063812921126,0.9944510503369005,0.9511494252873562,0.5545023696682464,4,4,20,4,8,0,0,9,1,0,4,1,1H,4S,0.37340203847711506,57,52,True,True,True,True,80
top_ten,svm,bigram,no_origin,12,unith,121,Faure,june_28_g0,0.993063812921126,0.9944510503369005,0.9511494252873562,0.5545023696682464,4,4,20,4,8,0,0,10,1,0,5,1,1H,5S,0.19676175229127388,57,59,True,True,True,True,80
top_ten,svm,bigram,no_origin,12,unith,121,Faure,june_28_g0,0.993063812921126,0.9944510503369005,0.9511494252873562,0.5545023696682464,4,4,20,4,8,0,0,11,1,0,6,1,1H,6S,0.24151904051510123,57,80,True,True,True,True,80
top_ten,svm,bigram,no_origin,12,unith,121,Faure,june_28_g0,0.993063812921126,0.9944510503369005,0.9511494252873562,0.5545023696682464,4,4,20,4,8,0,1,0,2,0,1,0,2H,1H,0.3438585996087936,51,57,True,True,True,True,80
top_ten,svm,bigram,no_origin,12,unith,121,Faure,june_28_g0,0.993063812921126,0.9944510503369005,0.9511494252873562,0.5545023696682464,4,4,20,4,8,0,1,1,2,0,2,0,2H,2H,0.3818823972811383,51,51,True,True,True,True,80
top_ten,svm,bigram,no_origin,12,unith,121,Faure,june_28_g0,0.993063812921126,0.9944510503369005,0.9511494252873562,0.5545023696682464,4,4,20,4,8,0,1,2,2,0,3,0,2H,3H,0.23287897243892502,51,64,True,True,True,True,80
top_ten,svm,bigram,no_origin,12,unith,121,Faure,june_28_g0,0.993063812921126,0.9944510503369005,0.9511494252873562,0.5545023696682464,4,4,20,4,8,0,1,3,2,0,4,0,2H,4H,0.2930099426039137,51,9,True,True,True,True,80
top_ten,svm,bigram,no_origin,12,unith,121,Faure,june_28_g0,0.993063812921126,0.9944510503369005,0.9511494252873562,0.5545023696682464,4,4,20,4,8,0,1,4,2,0,5,0,2H,5H,0.28265393672067674,51,25,True,True,True,True,80
top_ten,svm,bigram,no_origin,12,unith,121,Faure,june_28_g0,0.993063812921126,0.9944510503369005,0.9511494252873562,0.5545023696682464,4,,20,4,8,0,1,5,2,0,6,0,2H,6H,,51,0,True,False,True,False,80
top_ten,svm,bigram,no_origin,12,unith,121,Faure,june_28_g0,0.993063812921126,0.9944510503369005,0.9511494252873562,0.5545023696682464,4,,20,4,8,0,1,6,2,0,1,1,2H,1S,,51,0,True,False,True,False,80
top_ten,svm,bigram,no_origin,12,unith,121,Faure,june_28_g0,0.993063812921126,0.9944510503369005,0.9511494252873562,0.5545023696682464,4,4,20,4,8,0,1,7,2,0,2,1,2H,2S,0.1680676505597933,51,12,True,True,True,True,80
top_ten,svm,bigram,no_origin,12,unith,121,Faure,june_28_g0,0.993063812921126,0.9944510503369005,0.9511494252873562,0.5545023696682464,4,,20,4,8,0,1,8,2,0,3,1,2H,3S,,51,0,True,False,True,False,80
top_ten,svm,bigram,no_origin,12,unith,121,Faure,june_28_g0,0.993063812921126,0.9944510503369005,0.9511494252873562,0.5545023696682464,4,4,20,4,8,0,1,9,2,0,4,1,2H,4S,0.32558693597684096,51,52,True,True,True,True,80
top_ten,svm,bigram,no_origin,12,unith,121,Faure,june_28_g0,0.993063812921126,0.9944510503369005,0.9511494252873562,0.5545023696682464,4,4,20,4,8,0,1,10,2,0,5,1,2H,5S,0.17190055776530438,51,59,True,True,True,True,80
top_ten,svm,bigram,no_origin,12,unith,121,Faure,june_28_g0,0.993063812921126,0.9944510503369005,0.9511494252873562,0.5545023696682464,4,4,20,4,8,0,1,11,2,0,6,1,2H,6S,0.2210690796745344,51,80,True,True,True,True,80
top_ten,svm,bigram,no_origin,12,unith,121,Faure,june_28_g0,0.993063812921126,0.9944510503369005,0.9511494252873562,0.5545023696682464,4,4,20,4,8,0,2,0,3,0,1,0,3H,1H,0.24521019209726286,64,57,True,True,True,True,80
top_ten,svm,bigram,no_origin,12,unith,121,Faure,june_28_g0,0.993063812921126,0.9944510503369005,0.9511494252873562,0.5545023696682464,4,4,20,4,8,0,2,1,3,0,2,0,3H,2H,0.23287897243892502,64,51,True,True,True,True,80
top_ten,svm,bigram,no_origin,12,unith,121,Faure,june_28_g0,0.993063812921126,0.9944510503369005,0.9511494252873562,0.5545023696682464,4,4,20,4,8,0,2,2,3,0,3,0,3H,3H,0.16812411960089718,64,64,True,True,True,True,80
top_ten,svm,bigram,no_origin,12,unith,121,Faure,june_28_g0,0.993063812921126,0.9944510503369005,0.9511494252873562,0.5545023696682464,4,4,20,4,8,0,2,3,3,0,4,0,3H,4H,0.1607402526244267,64,9,True,True,True,True,80
top_ten,svm,bigram,no_origin,12,unith,121,Faure,june_28_g0,0.993063812921126,0.9944510503369005,0.9511494252873562,0.5545023696682464,4,4,20,4,8,0,2,4,3,0,5,0,3H,5H,0.18306548110783205,64,25,True,True,True,True,80
top_ten,svm,bigram,no_origin,12,unith,121,Faure,june_28_g0,0.993063812921126,0.9944510503369005,0.9511494252873562,0.5545023696682464,4,,20,4,8,0,2,5,3,0,6,0,3H,6H,,64,0,True,False,True,False,80
top_ten,svm,bigram,no_origin,12,unith,121,Faure,june_28_g0,0.993063812921126,0.9944510503369005,0.9511494252873562,0.5545023696682464,4,,20,4,8,0,2,6,3,0,1,1,3H,1S,,64,0,True,False,True,False,80
top_ten,svm,bigram,no_origin,12,unith,121,Faure,june_28_g0,0.993063812921126,0.9944510503369005,0.9511494252873562,0.5545023696682464,4,4,20,4,8,0,2,7,3,0,2,1,3H,2S,0.18236397395519593,64,12,True,True,True,True,80
top_ten,svm,bigram,no_origin,12,unith,121,Faure,june_28_g0,0.993063812921126,0.9944510503369005,0.9511494252873562,0.5545023696682464,4,,20,4,8,0,2,8,3,0,3,1,3H,3S,,64,0,True,False,True,False,80
top_ten,svm,bigram,no_origin,12,unith,121,Faure,june_28_g0,0.993063812921126,0.9944510503369005,0.9511494252873562,0.5545023696682464,4,4,20,4,8,0,2,9,3,0,4,1,3H,4S,0.272758285731895,64,52,True,True,True,True,80
top_ten,svm,bigram,no_origin,12,unith,121,Faure,june_28_g0,0.993063812921126,0.9944510503369005,0.9511494252873562,0.5545023696682464,4,4,20,4,8,0,2,10,3,0,5,1,3H,5S,0.1429037320500013,64,59,True,True,True,True,80
top_ten,svm,bigram,no_origin,12,unith,121,Faure,june_28_g0,0.993063812921126,0.9944510503369005,0.9511494252873562,0.5545023696682464,4,4,20,4,8,0,2,11,3,0,6,1,3H,6S,0.16692700083167822,64,80,True,True,True,True,80
top_ten,svm,bigram,no_origin,12,unith,121,Faure,june_28_g0,0.993063812921126,0.9944510503369005,0.9511494252873562,0.5545023696682464,4,4,20,4,8,0,3,0,4,0,1,0,4H,1H,0.18046870436791343,9,57,True,True,True,True,80
top_ten,svm,bigram,no_origin,12,unith,121,Faure,june_28_g0,0.993063812921126,0.9944510503369005,0.9511494252873562,0.5545023696682464,4,4,20,4,8,0,3,1,4,0,2,0,4H,2H,0.2930099426039137,9,51,True,True,True,True,80
top_ten,svm,bigram,no_origin,12,unith,121,Faure,june_28_g0,0.993063812921126,0.9944510503369005,0.9511494252873562,0.5545023696682464,4,4,20,4,8,0,3,2,4,0,3,0,4H,3H,0.1607402526244267,9,64,True,True,True,True,80
top_ten,svm,bigram,no_origin,12,unith,121,Faure,june_28_g0,0.993063812921126,0.9944510503369005,0.9511494252873562,0.5545023696682464,4,4,20,4,8,0,3,3,4,0,4,0,4H,4H,0.13093149539283017,9,9,True,True,True,True,80
top_ten,svm,bigram,no_origin,12,unith,121,Faure,june_28_g0,0.993063812921126,0.9944510503369005,0.9511494252873562,0.5545023696682464,4,4,20,4,8,0,3,4,4,0,5,0,4H,5H,0.18152484003148509,9,25,True,True,True,True,80
top_ten,svm,bigram,no_origin,12,unith,121,Faure,june_28_g0,0.993063812921126,0.9944510503369005,0.9511494252873562,0.5545023696682464,4,,20,4,8,0,3,5,4,0,6,0,4H,6H,,9,0,True,False,True,False,80
top_ten,svm,bigram,no_origin,12,unith,121,Faure,june_28_g0,0.993063812921126,0.9944510503369005,0.9511494252873562,0.5545023696682464,4,,20,4,8,0,3,6,4,0,1,1,4H,1S,,9,0,True,False,True,False,80
top_ten,svm,bigram,no_origin,12,unith,121,Faure,june_28_g0,0.993063812921126,0.9944510503369005,0.9511494252873562,0.5545023696682464,4,4,20,4,8,0,3,7,4,0,2,1,4H,2S,0.1840132872892637,9,12,True,True,True,True,80
top_ten,svm,bigram,no_origin,12,unith,121,Faure,june_28_g0,0.993063812921126,0.9944510503369005,0.9511494252873562,0.5545023696682464,4,,20,4,8,0,3,8,4,0,3,1,4H,3S,,9,0,True,False,True,False,80
top_ten,svm,bigram,no_origin,12,unith,121,Faure,june_28_g0,0.993063812921126,0.9944510503369005,0.9511494252873562,0.5545023696682464,4,4,20,4,8,0,3,9,4,0,4,1,4H,4S,0.2609949075516289,9,52,True,True,True,True,80
top_ten,svm,bigram,no_origin,12,unith,121,Faure,june_28_g0,0.993063812921126,0.9944510503369005,0.9511494252873562,0.5545023696682464,4,4,20,4,8,0,3,10,4,0,5,1,4H,5S,0.1300526227521474,9,59,True,True,True,True,80
top_ten,svm,bigram,no_origin,12,unith,121,Faure,june_28_g0,0.993063812921126,0.9944510503369005,0.9511494252873562,0.5545023696682464,4,4,20,4,8,0,3,11,4,0,6,1,4H,6S,0.18870846001333255,9,80,True,True,True,True,80
top_ten,svm,bigram,no_origin,12,unith,121,Faure,june_28_g0,0.993063812921126,0.9944510503369005,0.9511494252873562,0.5545023696682464,4,4,20,4,8,0,4,0,5,0,1,0,5H,1H,0.31944272531536755,25,57,True,True,True,True,80
top_ten,svm,bigram,no_origin,12,unith,121,Faure,june_28_g0,0.993063812921126,0.9944510503369005,0.9511494252873562,0.5545023696682464,4,4,20,4,8,0,4,1,5,0,2,0,5H,2H,0.28265393672067674,25,51,True,True,True,True,80
top_ten,svm,bigram,no_origin,12,unith,121,Faure,june_28_g0,0.993063812921126,0.9944510503369005,0.9511494252873562,0.5545023696682464,4,4,20,4,8,0,4,2,5,0,3,0,5H,3H,0.18306548110783205,25,64,True,True,True,True,80
top_ten,svm,bigram,no_origin,12,unith,121,Faure,june_28_g0,0.993063812921126,0.9944510503369005,0.9511494252873562,0.5545023696682464,4,4,20,4,8,0,4,3,5,0,4,0,5H,4H,0.18152484003148509,25,9,True,True,True,True,80
top_ten,svm,bigram,no_origin,12,unith,121,Faure,june_28_g0,0.993063812921126,0.9944510503369005,0.9511494252873562,0.5545023696682464,4,4,20,4,8,0,4,4,5,0,5,0,5H,5H,0.20861990913171785,25,25,True,True,True,True,80
top_ten,svm,bigram,no_origin,12,unith,121,Faure,june_28_g0,0.993063812921126,0.9944510503369005,0.9511494252873562,0.5545023696682464,4,,20,4,8,0,4,5,5,0,6,0,5H,6H,,25,0,True,False,True,False,80
top_ten,svm,bigram,no_origin,12,unith,121,Faure,june_28_g0,0.993063812921126,0.9944510503369005,0.9511494252873562,0.5545023696682464,4,,20,4,8,0,4,6,5,0,1,1,5H,1S,,25,0,True,False,True,False,80
top_ten,svm,bigram,no_origin,12,unith,121,Faure,june_28_g0,0.993063812921126,0.9944510503369005,0.9511494252873562,0.5545023696682464,4,4,20,4,8,0,4,7,5,0,2,1,5H,2S,0.12134119858068262,25,12,True,True,True,True,80
top_ten,svm,bigram,no_origin,12,unith,121,Faure,june_28_g0,0.993063812921126,0.9944510503369005,0.9511494252873562,0.5545023696682464,4,,20,4,8,0,4,8,5,0,3,1,5H,3S,,25,0,True,False,True,False,80
top_ten,svm,bigram,no_origin,12,unith,121,Faure,june_28_g0,0.993063812921126,0.9944510503369005,0.9511494252873562,0.5545023696682464,4,4,20,4,8,0,4,9,5,0,4,1,5H,4S,0.3352147297458919,25,52,True,True,True,True,80
top_ten,svm,bigram,no_origin,12,unith,121,Faure,june_28_g0,0.993063812921126,0.9944510503369005,0.9511494252873562,0.5545023696682464,4,4,20,4,8,0,4,10,5,0,5,1,5H,5S,0.2223423975814416,25,59,True,True,True,True,80
top_ten,svm,bigram,no_origin,12,unith,121,Faure,june_28_g0,0.993063812921126,0.9944510503369005,0.9511494252873562,0.5545023696682464,4,4,20,4,8,0,4,11,5,0,6,1,5H,6S,0.19836317406403403,25,80,True,True,True,True,80
top_ten,svm,bigram,no_origin,12,unith,121,Faure,june_28_g0,0.993063812921126,0.9944510503369005,0.9511494252873562,0.5545023696682464,,4,20,4,8,0,5,0,6,0,1,0,6H,1H,,0,57,False,True,False,True,80
top_ten,svm,bigram,no_origin,12,unith,121,Faure,june_28_g0,0.993063812921126,0.9944510503369005,0.9511494252873562,0.5545023696682464,,4,20,4,8,0,5,1,6,0,2,0,6H,2H,,0,51,False,True,False,True,80
top_ten,svm,bigram,no_origin,12,unith,121,Faure,june_28_g0,0.993063812921126,0.9944510503369005,0.9511494252873562,0.5545023696682464,,4,20,4,8,0,5,2,6,0,3,0,6H,3H,,0,64,False,True,False,True,80
top_ten,svm,bigram,no_origin,12,unith,121,Faure,june_28_g0,0.993063812921126,0.9944510503369005,0.9511494252873562,0.5545023696682464,,4,20,4,8,0,5,3,6,0,4,0,6H,4H,,0,9,False,True,False,True,80
top_ten,svm,bigram,no_origin,12,unith,121,Faure,june_28_g0,0.993063812921126,0.9944510503369005,0.9511494252873562,0.5545023696682464,,4,20,4,8,0,5,4,6,0,5,0,6H,5H,,0,25,False,True,False,True,80
top_ten,svm,bigram,no_origin,12,unith,121,Faure,june_28_g0,0.993063812921126,0.9944510503369005,0.9511494252873562,0.5545023696682464,,,20,4,8,0,5,5,6,0,6,0,6H,6H,,0,0,False,False,False,False,80
top_ten,svm,bigram,no_origin,12,unith,121,Faure,june_28_g0,0.993063812921126,0.9944510503369005,0.9511494252873562,0.5545023696682464,,,20,4,8,0,5,6,6,0,1,1,6H,1S,,0,0,False,False,False,False,80
top_ten,svm,bigram,no_origin,12,unith,121,Faure,june_28_g0,0.993063812921126,0.9944510503369005,0.9511494252873562,0.5545023696682464,,4,20,4,8,0,5,7,6,0,2,1,6H,2S,,0,12,False,True,False,True,80
top_ten,svm,bigram,no_origin,12,unith,121,Faure,june_28_g0,0.993063812921126,0.9944510503369005,0.9511494252873562,0.5545023696682464,,,20,4,8,0,5,8,6,0,3,1,6H,3S,,0,0,False,False,False,False,80
top_ten,svm,bigram,no_origin,12,unith,121,Faure,june_28_g0,0.993063812921126,0.9944510503369005,0.9511494252873562,0.5545023696682464,,4,20,4,8,0,5,9,6,0,4,1,6H,4S,,0,52,False,True,False,True,80
top_ten,svm,bigram,no_origin,12,unith,121,Faure,june_28_g0,0.993063812921126,0.9944510503369005,0.9511494252873562,0.5545023696682464,,4,20,4,8,0,5,10,6,0,5,1,6H,5S,,0,59,False,True,False,True,80
top_ten,svm,bigram,no_origin,12,unith,121,Faure,june_28_g0,0.993063812921126,0.9944510503369005,0.9511494252873562,0.5545023696682464,,4,20,4,8,0,5,11,6,0,6,1,6H,6S,,0,80,False,True,False,True,80
top_ten,svm,bigram,no_origin,12,unith,121,Faure,june_28_g0,0.993063812921126,0.9944510503369005,0.9511494252873562,0.5545023696682464,,4,20,4,8,0,6,0,1,1,1,0,1S,1H,,0,57,False,True,False,True,80
top_ten,svm,bigram,no_origin,12,unith,121,Faure,june_28_g0,0.993063812921126,0.9944510503369005,0.9511494252873562,0.5545023696682464,,4,20,4,8,0,6,1,1,1,2,0,1S,2H,,0,51,False,True,False,True,80
top_ten,svm,bigram,no_origin,12,unith,121,Faure,june_28_g0,0.993063812921126,0.9944510503369005,0.9511494252873562,0.5545023696682464,,4,20,4,8,0,6,2,1,1,3,0,1S,3H,,0,64,False,True,False,True,80
top_ten,svm,bigram,no_origin,12,unith,121,Faure,june_28_g0,0.993063812921126,0.9944510503369005,0.9511494252873562,0.5545023696682464,,4,20,4,8,0,6,3,1,1,4,0,1S,4H,,0,9,False,True,False,True,80
top_ten,svm,bigram,no_origin,12,unith,121,Faure,june_28_g0,0.993063812921126,0.9944510503369005,0.9511494252873562,0.5545023696682464,,4,20,4,8,0,6,4,1,1,5,0,1S,5H,,0,25,False,True,False,True,80
top_ten,svm,bigram,no_origin,12,unith,121,Faure,june_28_g0,0.993063812921126,0.9944510503369005,0.9511494252873562,0.5545023696682464,,,20,4,8,0,6,5,1,1,6,0,1S,6H,,0,0,False,False,False,False,80
top_ten,svm,bigram,no_origin,12,unith,121,Faure,june_28_g0,0.993063812921126,0.9944510503369005,0.9511494252873562,0.5545023696682464,,,20,4,8,0,6,6,1,1,1,1,1S,1S,,0,0,False,False,False,False,80
top_ten,svm,bigram,no_origin,12,unith,121,Faure,june_28_g0,0.993063812921126,0.9944510503369005,0.9511494252873562,0.5545023696682464,,4,20,4,8,0,6,7,1,1,2,1,1S,2S,,0,12,False,True,False,True,80
top_ten,svm,bigram,no_origin,12,unith,121,Faure,june_28_g0,0.993063812921126,0.9944510503369005,0.9511494252873562,0.5545023696682464,,,20,4,8,0,6,8,1,1,3,1,1S,3S,,0,0,False,False,False,False,80
top_ten,svm,bigram,no_origin,12,unith,121,Faure,june_28_g0,0.993063812921126,0.9944510503369005,0.9511494252873562,0.5545023696682464,,4,20,4,8,0,6,9,1,1,4,1,1S,4S,,0,52,False,True,False,True,80
top_ten,svm,bigram,no_origin,12,unith,121,Faure,june_28_g0,0.993063812921126,0.9944510503369005,0.9511494252873562,0.5545023696682464,,4,20,4,8,0,6,10,1,1,5,1,1S,5S,,0,59,False,True,False,True,80
top_ten,svm,bigram,no_origin,12,unith,121,Faure,june_28_g0,0.993063812921126,0.9944510503369005,0.9511494252873562,0.5545023696682464,,4,20,4,8,0,6,11,1,1,6,1,1S,6S,,0,80,False,True,False,True,80
top_ten,svm,bigram,no_origin,12,unith,121,Faure,june_28_g0,0.993063812921126,0.9944510503369005,0.9511494252873562,0.5545023696682464,4,4,20,4,8,0,7,0,2,1,1,0,2S,1H,0.1831957159021687,12,57,True,True,True,True,80
top_ten,svm,bigram,no_origin,12,unith,121,Faure,june_28_g0,0.993063812921126,0.9944510503369005,0.9511494252873562,0.5545023696682464,4,4,20,4,8,0,7,1,2,1,2,0,2S,2H,0.1680676505597933,12,51,True,True,True,True,80
top_ten,svm,bigram,no_origin,12,unith,121,Faure,june_28_g0,0.993063812921126,0.9944510503369005,0.9511494252873562,0.5545023696682464,4,4,20,4,8,0,7,2,2,1,3,0,2S,3H,0.18236397395519593,12,64,True,True,True,True,80
top_ten,svm,bigram,no_origin,12,unith,121,Faure,june_28_g0,0.993063812921126,0.9944510503369005,0.9511494252873562,0.5545023696682464,4,4,20,4,8,0,7,3,2,1,4,0,2S,4H,0.1840132872892637,12,9,True,True,True,True,80
top_ten,svm,bigram,no_origin,12,unith,121,Faure,june_28_g0,0.993063812921126,0.9944510503369005,0.9511494252873562,0.5545023696682464,4,4,20,4,8,0,7,4,2,1,5,0,2S,5H,0.12134119858068262,12,25,True,True,True,True,80
top_ten,svm,bigram,no_origin,12,unith,121,Faure,june_28_g0,0.993063812921126,0.9944510503369005,0.9511494252873562,0.5545023696682464,4,,20,4,8,0,7,5,2,1,6,0,2S,6H,,12,0,True,False,True,False,80
top_ten,svm,bigram,no_origin,12,unith,121,Faure,june_28_g0,0.993063812921126,0.9944510503369005,0.9511494252873562,0.5545023696682464,4,,20,4,8,0,7,6,2,1,1,1,2S,1S,,12,0,True,False,True,False,80
top_ten,svm,bigram,no_origin,12,unith,121,Faure,june_28_g0,0.993063812921126,0.9944510503369005,0.9511494252873562,0.5545023696682464,4,4,20,4,8,0,7,7,2,1,2,1,2S,2S,0.06814757008756248,12,12,True,True,True,True,80
top_ten,svm,bigram,no_origin,12,unith,121,Faure,june_28_g0,0.993063812921126,0.9944510503369005,0.9511494252873562,0.5545023696682464,4,,20,4,8,0,7,8,2,1,3,1,2S,3S,,12,0,True,False,True,False,80
top_ten,svm,bigram,no_origin,12,unith,121,Faure,june_28_g0,0.993063812921126,0.9944510503369005,0.9511494252873562,0.5545023696682464,4,4,20,4,8,0,7,9,2,1,4,1,2S,4S,0.19061117504749564,12,52,True,True,True,True,80
top_ten,svm,bigram,no_origin,12,unith,121,Faure,june_28_g0,0.993063812921126,0.9944510503369005,0.9511494252873562,0.5545023696682464,4,4,20,4,8,0,7,10,2,1,5,1,2S,5S,0.08497759746133013,12,59,True,True,True,True,80
top_ten,svm,bigram,no_origin,12,unith,121,Faure,june_28_g0,0.993063812921126,0.9944510503369005,0.9511494252873562,0.5545023696682464,4,4,20,4,8,0,7,11,2,1,6,1,2S,6S,0.12799122007548194,12,80,True,True,True,True,80
top_ten,svm,bigram,no_origin,12,unith,121,Faure,june_28_g0,0.993063812921126,0.9944510503369005,0.9511494252873562,0.5545023696682464,,4,20,4,8,0,8,0,3,1,1,0,3S,1H,,0,57,False,True,False,True,80
top_ten,svm,bigram,no_origin,12,unith,121,Faure,june_28_g0,0.993063812921126,0.9944510503369005,0.9511494252873562,0.5545023696682464,,4,20,4,8,0,8,1,3,1,2,0,3S,2H,,0,51,False,True,False,True,80
top_ten,svm,bigram,no_origin,12,unith,121,Faure,june_28_g0,0.993063812921126,0.9944510503369005,0.9511494252873562,0.5545023696682464,,4,20,4,8,0,8,2,3,1,3,0,3S,3H,,0,64,False,True,False,True,80
top_ten,svm,bigram,no_origin,12,unith,121,Faure,june_28_g0,0.993063812921126,0.9944510503369005,0.9511494252873562,0.5545023696682464,,4,20,4,8,0,8,3,3,1,4,0,3S,4H,,0,9,False,True,False,True,80
top_ten,svm,bigram,no_origin,12,unith,121,Faure,june_28_g0,0.993063812921126,0.9944510503369005,0.9511494252873562,0.5545023696682464,,4,20,4,8,0,8,4,3,1,5,0,3S,5H,,0,25,False,True,False,True,80
top_ten,svm,bigram,no_origin,12,unith,121,Faure,june_28_g0,0.993063812921126,0.9944510503369005,0.9511494252873562,0.5545023696682464,,,20,4,8,0,8,5,3,1,6,0,3S,6H,,0,0,False,False,False,False,80
top_ten,svm,bigram,no_origin,12,unith,121,Faure,june_28_g0,0.993063812921126,0.9944510503369005,0.9511494252873562,0.5545023696682464,,,20,4,8,0,8,6,3,1,1,1,3S,1S,,0,0,False,False,False,False,80
top_ten,svm,bigram,no_origin,12,unith,121,Faure,june_28_g0,0.993063812921126,0.9944510503369005,0.9511494252873562,0.5545023696682464,,4,20,4,8,0,8,7,3,1,2,1,3S,2S,,0,12,False,True,False,True,80
top_ten,svm,bigram,no_origin,12,unith,121,Faure,june_28_g0,0.993063812921126,0.9944510503369005,0.9511494252873562,0.5545023696682464,,,20,4,8,0,8,8,3,1,3,1,3S,3S,,0,0,False,False,False,False,80
top_ten,svm,bigram,no_origin,12,unith,121,Faure,june_28_g0,0.993063812921126,0.9944510503369005,0.9511494252873562,0.5545023696682464,,4,20,4,8,0,8,9,3,1,4,1,3S,4S,,0,52,False,True,False,True,80
top_ten,svm,bigram,no_origin,12,unith,121,Faure,june_28_g0,0.993063812921126,0.9944510503369005,0.9511494252873562,0.5545023696682464,,4,20,4,8,0,8,10,3,1,5,1,3S,5S,,0,59,False,True,False,True,80
top_ten,svm,bigram,no_origin,12,unith,121,Faure,june_28_g0,0.993063812921126,0.9944510503369005,0.9511494252873562,0.5545023696682464,,4,20,4,8,0,8,11,3,1,6,1,3S,6S,,0,80,False,True,False,True,80
top_ten,svm,bigram,no_origin,12,unith,121,Faure,june_28_g0,0.993063812921126,0.9944510503369005,0.9511494252873562,0.5545023696682464,4,4,20,4,8,0,9,0,4,1,1,0,4S,1H,0.37340203847711506,52,57,True,True,True,True,80
top_ten,svm,bigram,no_origin,12,unith,121,Faure,june_28_g0,0.993063812921126,0.9944510503369005,0.9511494252873562,0.5545023696682464,4,4,20,4,8,0,9,1,4,1,2,0,4S,2H,0.32558693597684096,52,51,True,True,True,True,80
top_ten,svm,bigram,no_origin,12,unith,121,Faure,june_28_g0,0.993063812921126,0.9944510503369005,0.9511494252873562,0.5545023696682464,4,4,20,4,8,0,9,2,4,1,3,0,4S,3H,0.272758285731895,52,64,True,True,True,True,80
top_ten,svm,bigram,no_origin,12,unith,121,Faure,june_28_g0,0.993063812921126,0.9944510503369005,0.9511494252873562,0.5545023696682464,4,4,20,4,8,0,9,3,4,1,4,0,4S,4H,0.2609949075516289,52,9,True,True,True,True,80
top_ten,svm,bigram,no_origin,12,unith,121,Faure,june_28_g0,0.993063812921126,0.9944510503369005,0.9511494252873562,0.5545023696682464,4,4,20,4,8,0,9,4,4,1,5,0,4S,5H,0.3352147297458919,52,25,True,True,True,True,80
top_ten,svm,bigram,no_origin,12,unith,121,Faure,june_28_g0,0.993063812921126,0.9944510503369005,0.9511494252873562,0.5545023696682464,4,,20,4,8,0,9,5,4,1,6,0,4S,6H,,52,0,True,False,True,False,80
top_ten,svm,bigram,no_origin,12,unith,121,Faure,june_28_g0,0.993063812921126,0.9944510503369005,0.9511494252873562,0.5545023696682464,4,,20,4,8,0,9,6,4,1,1,1,4S,1S,,52,0,True,False,True,False,80
top_ten,svm,bigram,no_origin,12,unith,121,Faure,june_28_g0,0.993063812921126,0.9944510503369005,0.9511494252873562,0.5545023696682464,4,4,20,4,8,0,9,7,4,1,2,1,4S,2S,0.19061117504749564,52,12,True,True,True,True,80
top_ten,svm,bigram,no_origin,12,unith,121,Faure,june_28_g0,0.993063812921126,0.9944510503369005,0.9511494252873562,0.5545023696682464,4,,20,4,8,0,9,8,4,1,3,1,4S,3S,,52,0,True,False,True,False,80
top_ten,svm,bigram,no_origin,12,unith,121,Faure,june_28_g0,0.993063812921126,0.9944510503369005,0.9511494252873562,0.5545023696682464,4,4,20,4,8,0,9,9,4,1,4,1,4S,4S,0.37531721185110223,52,52,True,True,True,True,80
top_ten,svm,bigram,no_origin,12,unith,121,Faure,june_28_g0,0.993063812921126,0.9944510503369005,0.9511494252873562,0.5545023696682464,4,4,20,4,8,0,9,10,4,1,5,1,4S,5S,0.2223660598079023,52,59,True,True,True,True,80
top_ten,svm,bigram,no_origin,12,unith,121,Faure,june_28_g0,0.993063812921126,0.9944510503369005,0.9511494252873562,0.5545023696682464,4,4,20,4,8,0,9,11,4,1,6,1,4S,6S,0.2569807672132306,52,80,True,True,True,True,80
top_ten,svm,bigram,no_origin,12,unith,121,Faure,june_28_g0,0.993063812921126,0.9944510503369005,0.9511494252873562,0.5545023696682464,4,4,20,4,8,0,10,0,5,1,1,0,5S,1H,0.19676175229127388,59,57,True,True,True,True,80
top_ten,svm,bigram,no_origin,12,unith,121,Faure,june_28_g0,0.993063812921126,0.9944510503369005,0.9511494252873562,0.5545023696682464,4,4,20,4,8,0,10,1,5,1,2,0,5S,2H,0.17190055776530438,59,51,True,True,True,True,80
top_ten,svm,bigram,no_origin,12,unith,121,Faure,june_28_g0,0.993063812921126,0.9944510503369005,0.9511494252873562,0.5545023696682464,4,4,20,4,8,0,10,2,5,1,3,0,5S,3H,0.1429037320500013,59,64,True,True,True,True,80
top_ten,svm,bigram,no_origin,12,unith,121,Faure,june_28_g0,0.993063812921126,0.9944510503369005,0.9511494252873562,0.5545023696682464,4,4,20,4,8,0,10,3,5,1,4,0,5S,4H,0.1300526227521474,59,9,True,True,True,True,80
top_ten,svm,bigram,no_origin,12,unith,121,Faure,june_28_g0,0.993063812921126,0.9944510503369005,0.9511494252873562,0.5545023696682464,4,4,20,4,8,0,10,4,5,1,5,0,5S,5H,0.2223423975814416,59,25,True,True,True,True,80
top_ten,svm,bigram,no_origin,12,unith,121,Faure,june_28_g0,0.993063812921126,0.9944510503369005,0.9511494252873562,0.5545023696682464,4,,20,4,8,0,10,5,5,1,6,0,5S,6H,,59,0,True,False,True,False,80
top_ten,svm,bigram,no_origin,12,unith,121,Faure,june_28_g0,0.993063812921126,0.9944510503369005,0.9511494252873562,0.5545023696682464,4,,20,4,8,0,10,6,5,1,1,1,5S,1S,,59,0,True,False,True,False,80
top_ten,svm,bigram,no_origin,12,unith,121,Faure,june_28_g0,0.993063812921126,0.9944510503369005,0.9511494252873562,0.5545023696682464,4,4,20,4,8,0,10,7,5,1,2,1,5S,2S,0.08497759746133013,59,12,True,True,True,True,80
top_ten,svm,bigram,no_origin,12,unith,121,Faure,june_28_g0,0.993063812921126,0.9944510503369005,0.9511494252873562,0.5545023696682464,4,,20,4,8,0,10,8,5,1,3,1,5S,3S,,59,0,True,False,True,False,80
top_ten,svm,bigram,no_origin,12,unith,121,Faure,june_28_g0,0.993063812921126,0.9944510503369005,0.9511494252873562,0.5545023696682464,4,4,20,4,8,0,10,9,5,1,4,1,5S,4S,0.2223660598079023,59,52,True,True,True,True,80
top_ten,svm,bigram,no_origin,12,unith,121,Faure,june_28_g0,0.993063812921126,0.9944510503369005,0.9511494252873562,0.5545023696682464,4,4,20,4,8,0,10,10,5,1,5,1,5S,5S,0.10868183590625671,59,59,True,True,True,True,80
top_ten,svm,bigram,no_origin,12,unith,121,Faure,june_28_g0,0.993063812921126,0.9944510503369005,0.9511494252873562,0.5545023696682464,4,4,20,4,8,0,10,11,5,1,6,1,5S,6S,0.15847169510157583,59,80,True,True,True,True,80
top_ten,svm,bigram,no_origin,12,unith,121,Faure,june_28_g0,0.993063812921126,0.9944510503369005,0.9511494252873562,0.5545023696682464,4,4,20,4,8,0,11,0,6,1,1,0,6S,1H,0.24151904051510123,80,57,True,True,True,True,80
top_ten,svm,bigram,no_origin,12,unith,121,Faure,june_28_g0,0.993063812921126,0.9944510503369005,0.9511494252873562,0.5545023696682464,4,4,20,4,8,0,11,1,6,1,2,0,6S,2H,0.2210690796745344,80,51,True,True,True,True,80
top_ten,svm,bigram,no_origin,12,unith,121,Faure,june_28_g0,0.993063812921126,0.9944510503369005,0.9511494252873562,0.5545023696682464,4,4,20,4,8,0,11,2,6,1,3,0,6S,3H,0.16692700083167822,80,64,True,True,True,True,80
top_ten,svm,bigram,no_origin,12,unith,121,Faure,june_28_g0,0.993063812921126,0.9944510503369005,0.9511494252873562,0.5545023696682464,4,4,20,4,8,0,11,3,6,1,4,0,6S,4H,0.18870846001333255,80,9,True,True,True,True,80
top_ten,svm,bigram,no_origin,12,unith,121,Faure,june_28_g0,0.993063812921126,0.9944510503369005,0.9511494252873562,0.5545023696682464,4,4,20,4,8,0,11,4,6,1,5,0,6S,5H,0.19836317406403403,80,25,True,True,True,True,80
top_ten,svm,bigram,no_origin,12,unith,121,Faure,june_28_g0,0.993063812921126,0.9944510503369005,0.9511494252873562,0.5545023696682464,4,,20,4,8,0,11,5,6,1,6,0,6S,6H,,80,0,True,False,True,False,80
top_ten,svm,bigram,no_origin,12,unith,121,Faure,june_28_g0,0.993063812921126,0.9944510503369005,0.9511494252873562,0.5545023696682464,4,,20,4,8,0,11,6,6,1,1,1,6S,1S,,80,0,True,False,True,False,80
top_ten,svm,bigram,no_origin,12,unith,121,Faure,june_28_g0,0.993063812921126,0.9944510503369005,0.9511494252873562,0.5545023696682464,4,4,20,4,8,0,11,7,6,1,2,1,6S,2S,0.12799122007548194,80,12,True,True,True,True,80
top_ten,svm,bigram,no_origin,12,unith,121,Faure,june_28_g0,0.993063812921126,0.9944510503369005,0.9511494252873562,0.5545023696682464,4,,20,4,8,0,11,8,6,1,3,1,6S,3S,,80,0,True,False,True,False,80
top_ten,svm,bigram,no_origin,12,unith,121,Faure,june_28_g0,0.993063812921126,0.9944510503369005,0.9511494252873562,0.5545023696682464,4,4,20,4,8,0,11,9,6,1,4,1,6S,4S,0.2569807672132306,80,52,True,True,True,True,80
top_ten,svm,bigram,no_origin,12,unith,121,Faure,june_28_g0,0.993063812921126,0.9944510503369005,0.9511494252873562,0.5545023696682464,4,4,20,4,8,0,11,10,6,1,5,1,6S,5S,0.15847169510157583,80,59,True,True,True,True,80
top_ten,svm,bigram,no_origin,12,unith,121,Faure,june_28_g0,0.993063812921126,0.9944510503369005,0.9511494252873562,0.5545023696682464,4,4,20,4,8,0,11,11,6,1,6,1,6S,6S,0.1756539475966413,80,80,True,True,True,True,80
top_ten,svm,bigram,no_origin,12,unith,121,Faure,june_29_g0,0.983380681818182,0.9982954545454545,0.975284090909091,0.40654205607476634,8,8,20,4,8,0,0,0,1,0,1,0,1H,1H,0.3757264765226298,54,54,True,True,True,True,80
top_ten,svm,bigram,no_origin,12,unith,121,Faure,june_29_g0,0.983380681818182,0.9982954545454545,0.975284090909091,0.40654205607476634,8,8,20,4,8,0,0,1,1,0,2,0,1H,2H,0.4485609702701893,54,29,True,True,True,True,80
top_ten,svm,bigram,no_origin,12,unith,121,Faure,june_29_g0,0.983380681818182,0.9982954545454545,0.975284090909091,0.40654205607476634,8,8,20,4,8,0,0,2,1,0,3,0,1H,3H,0.2991090486939033,54,61,True,True,True,True,80
top_ten,svm,bigram,no_origin,12,unith,121,Faure,june_29_g0,0.983380681818182,0.9982954545454545,0.975284090909091,0.40654205607476634,8,,20,4,8,0,0,3,1,0,4,0,1H,4H,,54,0,True,False,True,False,80
top_ten,svm,bigram,no_origin,12,unith,121,Faure,june_29_g0,0.983380681818182,0.9982954545454545,0.975284090909091,0.40654205607476634,8,8,20,4,8,0,0,4,1,0,5,0,1H,5H,0.3646802366817869,54,16,True,True,True,True,80
top_ten,svm,bigram,no_origin,12,unith,121,Faure,june_29_g0,0.983380681818182,0.9982954545454545,0.975284090909091,0.40654205607476634,8,,20,4,8,0,0,5,1,0,6,0,1H,6H,,54,0,True,False,True,False,80
top_ten,svm,bigram,no_origin,12,unith,121,Faure,june_29_g0,0.983380681818182,0.9982954545454545,0.975284090909091,0.40654205607476634,8,,20,4,8,0,0,6,1,0,1,1,1H,1S,,54,0,True,False,True,False,80
top_ten,svm,bigram,no_origin,12,unith,121,Faure,june_29_g0,0.983380681818182,0.9982954545454545,0.975284090909091,0.40654205607476634,8,8,20,4,8,0,0,7,1,0,2,1,1H,2S,0.2594488670848759,54,29,True,True,True,True,80
top_ten,svm,bigram,no_origin,12,unith,121,Faure,june_29_g0,0.983380681818182,0.9982954545454545,0.975284090909091,0.40654205607476634,8,,20,4,8,0,0,8,1,0,3,1,1H,3S,,54,0,True,False,True,False,80
top_ten,svm,bigram,no_origin,12,unith,121,Faure,june_29_g0,0.983380681818182,0.9982954545454545,0.975284090909091,0.40654205607476634,8,8,20,4,8,0,0,9,1,0,4,1,1H,4S,0.3976210030662102,54,70,True,True,True,True,80
top_ten,svm,bigram,no_origin,12,unith,121,Faure,june_29_g0,0.983380681818182,0.9982954545454545,0.975284090909091,0.40654205607476634,8,8,20,4,8,0,0,10,1,0,5,1,1H,5S,0.25504461004223156,54,78,True,True,True,True,80
top_ten,svm,bigram,no_origin,12,unith,121,Faure,june_29_g0,0.983380681818182,0.9982954545454545,0.975284090909091,0.40654205607476634,8,8,20,4,8,0,0,11,1,0,6,1,1H,6S,0.26624333202411127,54,62,True,True,True,True,80
top_ten,svm,bigram,no_origin,12,unith,121,Faure,june_29_g0,0.983380681818182,0.9982954545454545,0.975284090909091,0.40654205607476634,8,8,20,4,8,0,1,0,2,0,1,0,2H,1H,0.4485609702701893,29,54,True,True,True,True,80
top_ten,svm,bigram,no_origin,12,unith,121,Faure,june_29_g0,0.983380681818182,0.9982954545454545,0.975284090909091,0.40654205607476634,8,8,20,4,8,0,1,1,2,0,2,0,2H,2H,0.6160952056988093,29,29,True,True,True,True,80
top_ten,svm,bigram,no_origin,12,unith,121,Faure,june_29_g0,0.983380681818182,0.9982954545454545,0.975284090909091,0.40654205607476634,8,8,20,4,8,0,1,2,2,0,3,0,2H,3H,0.32105255688553025,29,61,True,True,True,True,80
top_ten,svm,bigram,no_origin,12,unith,121,Faure,june_29_g0,0.983380681818182,0.9982954545454545,0.975284090909091,0.40654205607476634,8,,20,4,8,0,1,3,2,0,4,0,2H,4H,,29,0,True,False,True,False,80
top_ten,svm,bigram,no_origin,12,unith,121,Faure,june_29_g0,0.983380681818182,0.9982954545454545,0.975284090909091,0.40654205607476634,8,8,20,4,8,0,1,4,2,0,5,0,2H,5H,0.44461019650816824,29,16,True,True,True,True,80
top_ten,svm,bigram,no_origin,12,unith,121,Faure,june_29_g0,0.983380681818182,0.9982954545454545,0.975284090909091,0.40654205607476634,8,,20,4,8,0,1,5,2,0,6,0,2H,6H,,29,0,True,False,True,False,80
top_ten,svm,bigram,no_origin,12,unith,121,Faure,june_29_g0,0.983380681818182,0.9982954545454545,0.975284090909091,0.40654205607476634,8,,20,4,8,0,1,6,2,0,1,1,2H,1S,,29,0,True,False,True,False,80
top_ten,svm,bigram,no_origin,12,unith,121,Faure,june_29_g0,0.983380681818182,0.9982954545454545,0.975284090909091,0.40654205607476634,8,8,20,4,8,0,1,7,2,0,2,1,2H,2S,0.37587208265044925,29,29,True,True,True,True,80
top_ten,svm,bigram,no_origin,12,unith,121,Faure,june_29_g0,0.983380681818182,0.9982954545454545,0.975284090909091,0.40654205607476634,8,,20,4,8,0,1,8,2,0,3,1,2H,3S,,29,0,True,False,True,False,80
top_ten,svm,bigram,no_origin,12,unith,121,Faure,june_29_g0,0.983380681818182,0.9982954545454545,0.975284090909091,0.40654205607476634,8,8,20,4,8,0,1,9,2,0,4,1,2H,4S,0.4931108915369279,29,70,True,True,True,True,80
top_ten,svm,bigram,no_origin,12,unith,121,Faure,june_29_g0,0.983380681818182,0.9982954545454545,0.975284090909091,0.40654205607476634,8,8,20,4,8,0,1,10,2,0,5,1,2H,5S,0.34128457444143984,29,78,True,True,True,True,80
top_ten,svm,bigram,no_origin,12,unith,121,Faure,june_29_g0,0.983380681818182,0.9982954545454545,0.975284090909091,0.40654205607476634,8,8,20,4,8,0,1,11,2,0,6,1,2H,6S,0.37619086256007617,29,62,True,True,True,True,80
top_ten,svm,bigram,no_origin,12,unith,121,Faure,june_29_g0,0.983380681818182,0.9982954545454545,0.975284090909091,0.40654205607476634,8,8,20,4,8,0,2,0,3,0,1,0,3H,1H,0.2991090486939033,61,54,True,True,True,True,80
top_ten,svm,bigram,no_origin,12,unith,121,Faure,june_29_g0,0.983380681818182,0.9982954545454545,0.975284090909091,0.40654205607476634,8,8,20,4,8,0,2,1,3,0,2,0,3H,2H,0.32105255688553025,61,29,True,True,True,True,80
top_ten,svm,bigram,no_origin,12,unith,121,Faure,june_29_g0,0.983380681818182,0.9982954545454545,0.975284090909091,0.40654205607476634,8,8,20,4,8,0,2,2,3,0,3,0,3H,3H,0.3032368855232937,61,61,True,True,True,True,80
top_ten,svm,bigram,no_origin,12,unith,121,Faure,june_29_g0,0.983380681818182,0.9982954545454545,0.975284090909091,0.40654205607476634,8,,20,4,8,0,2,3,3,0,4,0,3H,4H,,61,0,True,False,True,False,80
top_ten,svm,bigram,no_origin,12,unith,121,Faure,june_29_g0,0.983380681818182,0.9982954545454545,0.975284090909091,0.40654205607476634,8,8,20,4,8,0,2,4,3,0,5,0,3H,5H,0.2523618823142855,61,16,True,True,True,True,80
top_ten,svm,bigram,no_origin,12,unith,121,Faure,june_29_g0,0.983380681818182,0.9982954545454545,0.975284090909091,0.40654205607476634,8,,20,4,8,0,2,5,3,0,6,0,3H,6H,,61,0,True,False,True,False,80
top_ten,svm,bigram,no_origin,12,unith,121,Faure,june_29_g0,0.983380681818182,0.9982954545454545,0.975284090909091,0.40654205607476634,8,,20,4,8,0,2,6,3,0,1,1,3H,1S,,61,0,True,False,True,False,80
top_ten,svm,bigram,no_origin,12,unith,121,Faure,june_29_g0,0.983380681818182,0.9982954545454545,0.975284090909091,0.40654205607476634,8,8,20,4,8,0,2,7,3,0,2,1,3H,2S,0.26047157180220004,61,29,True,True,True,True,80
top_ten,svm,bigram,no_origin,12,unith,121,Faure,june_29_g0,0.983380681818182,0.9982954545454545,0.975284090909091,0.40654205607476634,8,,20,4,8,0,2,8,3,0,3,1,3H,3S,,61,0,True,False,True,False,80
top_ten,svm,bigram,no_origin,12,unith,121,Faure,june_29_g0,0.983380681818182,0.9982954545454545,0.975284090909091,0.40654205607476634,8,8,20,4,8,0,2,9,3,0,4,1,3H,4S,0.3541662990651845,61,70,True,True,True,True,80
top_ten,svm,bigram,no_origin,12,unith,121,Faure,june_29_g0,0.983380681818182,0.9982954545454545,0.975284090909091,0.40654205607476634,8,8,20,4,8,0,2,10,3,0,5,1,3H,5S,0.22548778411200104,61,78,True,True,True,True,80
top_ten,svm,bigram,no_origin,12,unith,121,Faure,june_29_g0,0.983380681818182,0.9982954545454545,0.975284090909091,0.40654205607476634,8,8,20,4,8,0,2,11,3,0,6,1,3H,6S,0.18945252666992912,61,62,True,True,True,True,80
top_ten,svm,bigram,no_origin,12,unith,121,Faure,june_29_g0,0.983380681818182,0.9982954545454545,0.975284090909091,0.40654205607476634,,8,20,4,8,0,3,0,4,0,1,0,4H,1H,,0,54,False,True,False,True,80
top_ten,svm,bigram,no_origin,12,unith,121,Faure,june_29_g0,0.983380681818182,0.9982954545454545,0.975284090909091,0.40654205607476634,,8,20,4,8,0,3,1,4,0,2,0,4H,2H,,0,29,False,True,False,True,80
top_ten,svm,bigram,no_origin,12,unith,121,Faure,june_29_g0,0.983380681818182,0.9982954545454545,0.975284090909091,0.40654205607476634,,8,20,4,8,0,3,2,4,0,3,0,4H,3H,,0,61,False,True,False,True,80
top_ten,svm,bigram,no_origin,12,unith,121,Faure,june_29_g0,0.983380681818182,0.9982954545454545,0.975284090909091,0.40654205607476634,,,20,4,8,0,3,3,4,0,4,0,4H,4H,,0,0,False,False,False,False,80
top_ten,svm,bigram,no_origin,12,unith,121,Faure,june_29_g0,0.983380681818182,0.9982954545454545,0.975284090909091,0.40654205607476634,,8,20,4,8,0,3,4,4,0,5,0,4H,5H,,0,16,False,True,False,True,80
top_ten,svm,bigram,no_origin,12,unith,121,Faure,june_29_g0,0.983380681818182,0.9982954545454545,0.975284090909091,0.40654205607476634,,,20,4,8,0,3,5,4,0,6,0,4H,6H,,0,0,False,False,False,False,80
top_ten,svm,bigram,no_origin,12,unith,121,Faure,june_29_g0,0.983380681818182,0.9982954545454545,0.975284090909091,0.40654205607476634,,,20,4,8,0,3,6,4,0,1,1,4H,1S,,0,0,False,False,False,False,80
top_ten,svm,bigram,no_origin,12,unith,121,Faure,june_29_g0,0.983380681818182,0.9982954545454545,0.975284090909091,0.40654205607476634,,8,20,4,8,0,3,7,4,0,2,1,4H,2S,,0,29,False,True,False,True,80
top_ten,svm,bigram,no_origin,12,unith,121,Faure,june_29_g0,0.983380681818182,0.9982954545454545,0.975284090909091,0.40654205607476634,,,20,4,8,0,3,8,4,0,3,1,4H,3S,,0,0,False,False,False,False,80
top_ten,svm,bigram,no_origin,12,unith,121,Faure,june_29_g0,0.983380681818182,0.9982954545454545,0.975284090909091,0.40654205607476634,,8,20,4,8,0,3,9,4,0,4,1,4H,4S,,0,70,False,True,False,True,80
top_ten,svm,bigram,no_origin,12,unith,121,Faure,june_29_g0,0.983380681818182,0.9982954545454545,0.975284090909091,0.40654205607476634,,8,20,4,8,0,3,10,4,0,5,1,4H,5S,,0,78,False,True,False,True,80
top_ten,svm,bigram,no_origin,12,unith,121,Faure,june_29_g0,0.983380681818182,0.9982954545454545,0.975284090909091,0.40654205607476634,,8,20,4,8,0,3,11,4,0,6,1,4H,6S,,0,62,False,True,False,True,80
top_ten,svm,bigram,no_origin,12,unith,121,Faure,june_29_g0,0.983380681818182,0.9982954545454545,0.975284090909091,0.40654205607476634,8,8,20,4,8,0,4,0,5,0,1,0,5H,1H,0.3646802366817869,16,54,True,True,True,True,80
top_ten,svm,bigram,no_origin,12,unith,121,Faure,june_29_g0,0.983380681818182,0.9982954545454545,0.975284090909091,0.40654205607476634,8,8,20,4,8,0,4,1,5,0,2,0,5H,2H,0.44461019650816824,16,29,True,True,True,True,80
top_ten,svm,bigram,no_origin,12,unith,121,Faure,june_29_g0,0.983380681818182,0.9982954545454545,0.975284090909091,0.40654205607476634,8,8,20,4,8,0,4,2,5,0,3,0,5H,3H,0.2523618823142855,16,61,True,True,True,True,80
top_ten,svm,bigram,no_origin,12,unith,121,Faure,june_29_g0,0.983380681818182,0.9982954545454545,0.975284090909091,0.40654205607476634,8,,20,4,8,0,4,3,5,0,4,0,5H,4H,,16,0,True,False,True,False,80
top_ten,svm,bigram,no_origin,12,unith,121,Faure,june_29_g0,0.983380681818182,0.9982954545454545,0.975284090909091,0.40654205607476634,8,8,20,4,8,0,4,4,5,0,5,0,5H,5H,0.3693012262398376,16,16,True,True,True,True,80
top_ten,svm,bigram,no_origin,12,unith,121,Faure,june_29_g0,0.983380681818182,0.9982954545454545,0.975284090909091,0.40654205607476634,8,,20,4,8,0,4,5,5,0,6,0,5H,6H,,16,0,True,False,True,False,80
top_ten,svm,bigram,no_origin,12,unith,121,Faure,june_29_g0,0.983380681818182,0.9982954545454545,0.975284090909091,0.40654205607476634,8,,20,4,8,0,4,6,5,0,1,1,5H,1S,,16,0,True,False,True,False,80
top_ten,svm,bigram,no_origin,12,unith,121,Faure,june_29_g0,0.983380681818182,0.9982954545454545,0.975284090909091,0.40654205607476634,8,8,20,4,8,0,4,7,5,0,2,1,5H,2S,0.38440876805661717,16,29,True,True,True,True,80
top_ten,svm,bigram,no_origin,12,unith,121,Faure,june_29_g0,0.983380681818182,0.9982954545454545,0.975284090909091,0.40654205607476634,8,,20,4,8,0,4,8,5,0,3,1,5H,3S,,16,0,True,False,True,False,80
top_ten,svm,bigram,no_origin,12,unith,121,Faure,june_29_g0,0.983380681818182,0.9982954545454545,0.975284090909091,0.40654205607476634,8,8,20,4,8,0,4,9,5,0,4,1,5H,4S,0.41010275953952186,16,70,True,True,True,True,80
top_ten,svm,bigram,no_origin,12,unith,121,Faure,june_29_g0,0.983380681818182,0.9982954545454545,0.975284090909091,0.40654205607476634,8,8,20,4,8,0,4,10,5,0,5,1,5H,5S,0.2750503779216603,16,78,True,True,True,True,80
top_ten,svm,bigram,no_origin,12,unith,121,Faure,june_29_g0,0.983380681818182,0.9982954545454545,0.975284090909091,0.40654205607476634,8,8,20,4,8,0,4,11,5,0,6,1,5H,6S,0.2846676265862409,16,62,True,True,True,True,80
top_ten,svm,bigram,no_origin,12,unith,121,Faure,june_29_g0,0.983380681818182,0.9982954545454545,0.975284090909091,0.40654205607476634,,8,20,4,8,0,5,0,6,0,1,0,6H,1H,,0,54,False,True,False,True,80
top_ten,svm,bigram,no_origin,12,unith,121,Faure,june_29_g0,0.983380681818182,0.9982954545454545,0.975284090909091,0.40654205607476634,,8,20,4,8,0,5,1,6,0,2,0,6H,2H,,0,29,False,True,False,True,80
top_ten,svm,bigram,no_origin,12,unith,121,Faure,june_29_g0,0.983380681818182,0.9982954545454545,0.975284090909091,0.40654205607476634,,8,20,4,8,0,5,2,6,0,3,0,6H,3H,,0,61,False,True,False,True,80
top_ten,svm,bigram,no_origin,12,unith,121,Faure,june_29_g0,0.983380681818182,0.9982954545454545,0.975284090909091,0.40654205607476634,,,20,4,8,0,5,3,6,0,4,0,6H,4H,,0,0,False,False,False,False,80
top_ten,svm,bigram,no_origin,12,unith,121,Faure,june_29_g0,0.983380681818182,0.9982954545454545,0.975284090909091,0.40654205607476634,,8,20,4,8,0,5,4,6,0,5,0,6H,5H,,0,16,False,True,False,True,80
top_ten,svm,bigram,no_origin,12,unith,121,Faure,june_29_g0,0.983380681818182,0.9982954545454545,0.975284090909091,0.40654205607476634,,,20,4,8,0,5,5,6,0,6,0,6H,6H,,0,0,False,False,False,False,80
top_ten,svm,bigram,no_origin,12,unith,121,Faure,june_29_g0,0.983380681818182,0.9982954545454545,0.975284090909091,0.40654205607476634,,,20,4,8,0,5,6,6,0,1,1,6H,1S,,0,0,False,False,False,False,80
top_ten,svm,bigram,no_origin,12,unith,121,Faure,june_29_g0,0.983380681818182,0.9982954545454545,0.975284090909091,0.40654205607476634,,8,20,4,8,0,5,7,6,0,2,1,6H,2S,,0,29,False,True,False,True,80
top_ten,svm,bigram,no_origin,12,unith,121,Faure,june_29_g0,0.983380681818182,0.9982954545454545,0.975284090909091,0.40654205607476634,,,20,4,8,0,5,8,6,0,3,1,6H,3S,,0,0,False,False,False,False,80
top_ten,svm,bigram,no_origin,12,unith,121,Faure,june_29_g0,0.983380681818182,0.9982954545454545,0.975284090909091,0.40654205607476634,,8,20,4,8,0,5,9,6,0,4,1,6H,4S,,0,70,False,True,False,True,80
top_ten,svm,bigram,no_origin,12,unith,121,Faure,june_29_g0,0.983380681818182,0.9982954545454545,0.975284090909091,0.40654205607476634,,8,20,4,8,0,5,10,6,0,5,1,6H,5S,,0,78,False,True,False,True,80
top_ten,svm,bigram,no_origin,12,unith,121,Faure,june_29_g0,0.983380681818182,0.9982954545454545,0.975284090909091,0.40654205607476634,,8,20,4,8,0,5,11,6,0,6,1,6H,6S,,0,62,False,True,False,True,80
top_ten,svm,bigram,no_origin,12,unith,121,Faure,june_29_g0,0.983380681818182,0.9982954545454545,0.975284090909091,0.40654205607476634,,8,20,4,8,0,6,0,1,1,1,0,1S,1H,,0,54,False,True,False,True,80
top_ten,svm,bigram,no_origin,12,unith,121,Faure,june_29_g0,0.983380681818182,0.9982954545454545,0.975284090909091,0.40654205607476634,,8,20,4,8,0,6,1,1,1,2,0,1S,2H,,0,29,False,True,False,True,80
top_ten,svm,bigram,no_origin,12,unith,121,Faure,june_29_g0,0.983380681818182,0.9982954545454545,0.975284090909091,0.40654205607476634,,8,20,4,8,0,6,2,1,1,3,0,1S,3H,,0,61,False,True,False,True,80
top_ten,svm,bigram,no_origin,12,unith,121,Faure,june_29_g0,0.983380681818182,0.9982954545454545,0.975284090909091,0.40654205607476634,,,20,4,8,0,6,3,1,1,4,0,1S,4H,,0,0,False,False,False,False,80
top_ten,svm,bigram,no_origin,12,unith,121,Faure,june_29_g0,0.983380681818182,0.9982954545454545,0.975284090909091,0.40654205607476634,,8,20,4,8,0,6,4,1,1,5,0,1S,5H,,0,16,False,True,False,True,80
top_ten,svm,bigram,no_origin,12,unith,121,Faure,june_29_g0,0.983380681818182,0.9982954545454545,0.975284090909091,0.40654205607476634,,,20,4,8,0,6,5,1,1,6,0,1S,6H,,0,0,False,False,False,False,80
top_ten,svm,bigram,no_origin,12,unith,121,Faure,june_29_g0,0.983380681818182,0.9982954545454545,0.975284090909091,0.40654205607476634,,,20,4,8,0,6,6,1,1,1,1,1S,1S,,0,0,False,False,False,False,80
top_ten,svm,bigram,no_origin,12,unith,121,Faure,june_29_g0,0.983380681818182,0.9982954545454545,0.975284090909091,0.40654205607476634,,8,20,4,8,0,6,7,1,1,2,1,1S,2S,,0,29,False,True,False,True,80
top_ten,svm,bigram,no_origin,12,unith,121,Faure,june_29_g0,0.983380681818182,0.9982954545454545,0.975284090909091,0.40654205607476634,,,20,4,8,0,6,8,1,1,3,1,1S,3S,,0,0,False,False,False,False,80
top_ten,svm,bigram,no_origin,12,unith,121,Faure,june_29_g0,0.983380681818182,0.9982954545454545,0.975284090909091,0.40654205607476634,,8,20,4,8,0,6,9,1,1,4,1,1S,4S,,0,70,False,True,False,True,80
top_ten,svm,bigram,no_origin,12,unith,121,Faure,june_29_g0,0.983380681818182,0.9982954545454545,0.975284090909091,0.40654205607476634,,8,20,4,8,0,6,10,1,1,5,1,1S,5S,,0,78,False,True,False,True,80
top_ten,svm,bigram,no_origin,12,unith,121,Faure,june_29_g0,0.983380681818182,0.9982954545454545,0.975284090909091,0.40654205607476634,,8,20,4,8,0,6,11,1,1,6,1,1S,6S,,0,62,False,True,False,True,80
top_ten,svm,bigram,no_origin,12,unith,121,Faure,june_29_g0,0.983380681818182,0.9982954545454545,0.975284090909091,0.40654205607476634,8,8,20,4,8,0,7,0,2,1,1,0,2S,1H,0.2594488670848759,29,54,True,True,True,True,80
top_ten,svm,bigram,no_origin,12,unith,121,Faure,june_29_g0,0.983380681818182,0.9982954545454545,0.975284090909091,0.40654205607476634,8,8,20,4,8,0,7,1,2,1,2,0,2S,2H,0.37587208265044925,29,29,True,True,True,True,80
top_ten,svm,bigram,no_origin,12,unith,121,Faure,june_29_g0,0.983380681818182,0.9982954545454545,0.975284090909091,0.40654205607476634,8,8,20,4,8,0,7,2,2,1,3,0,2S,3H,0.26047157180220004,29,61,True,True,True,True,80
top_ten,svm,bigram,no_origin,12,unith,121,Faure,june_29_g0,0.983380681818182,0.9982954545454545,0.975284090909091,0.40654205607476634,8,,20,4,8,0,7,3,2,1,4,0,2S,4H,,29,0,True,False,True,False,80
top_ten,svm,bigram,no_origin,12,unith,121,Faure,june_29_g0,0.983380681818182,0.9982954545454545,0.975284090909091,0.40654205607476634,8,8,20,4,8,0,7,4,2,1,5,0,2S,5H,0.38440876805661717,29,16,True,True,True,True,80
top_ten,svm,bigram,no_origin,12,unith,121,Faure,june_29_g0,0.983380681818182,0.9982954545454545,0.975284090909091,0.40654205607476634,8,,20,4,8,0,7,5,2,1,6,0,2S,6H,,29,0,True,False,True,False,80
top_ten,svm,bigram,no_origin,12,unith,121,Faure,june_29_g0,0.983380681818182,0.9982954545454545,0.975284090909091,0.40654205607476634,8,,20,4,8,0,7,6,2,1,1,1,2S,1S,,29,0,True,False,True,False,80
top_ten,svm,bigram,no_origin,12,unith,121,Faure,june_29_g0,0.983380681818182,0.9982954545454545,0.975284090909091,0.40654205607476634,8,8,20,4,8,0,7,7,2,1,2,1,2S,2S,0.2953508163692723,29,29,True,True,True,True,80
top_ten,svm,bigram,no_origin,12,unith,121,Faure,june_29_g0,0.983380681818182,0.9982954545454545,0.975284090909091,0.40654205607476634,8,,20,4,8,0,7,8,2,1,3,1,2S,3S,,29,0,True,False,True,False,80
top_ten,svm,bigram,no_origin,12,unith,121,Faure,june_29_g0,0.983380681818182,0.9982954545454545,0.975284090909091,0.40654205607476634,8,8,20,4,8,0,7,9,2,1,4,1,2S,4S,0.3194973942693384,29,70,True,True,True,True,80
top_ten,svm,bigram,no_origin,12,unith,121,Faure,june_29_g0,0.983380681818182,0.9982954545454545,0.975284090909091,0.40654205607476634,8,8,20,4,8,0,7,10,2,1,5,1,2S,5S,0.23127015801765638,29,78,True,True,True,True,80
top_ten,svm,bigram,no_origin,12,unith,121,Faure,june_29_g0,0.983380681818182,0.9982954545454545,0.975284090909091,0.40654205607476634,8,8,20,4,8,0,7,11,2,1,6,1,2S,6S,0.2560043928469249,29,62,True,True,True,True,80
top_ten,svm,bigram,no_origin,12,unith,121,Faure,june_29_g0,0.983380681818182,0.9982954545454545,0.975284090909091,0.40654205607476634,,8,20,4,8,0,8,0,3,1,1,0,3S,1H,,0,54,False,True,False,True,80
top_ten,svm,bigram,no_origin,12,unith,121,Faure,june_29_g0,0.983380681818182,0.9982954545454545,0.975284090909091,0.40654205607476634,,8,20,4,8,0,8,1,3,1,2,0,3S,2H,,0,29,False,True,False,True,80
top_ten,svm,bigram,no_origin,12,unith,121,Faure,june_29_g0,0.983380681818182,0.9982954545454545,0.975284090909091,0.40654205607476634,,8,20,4,8,0,8,2,3,1,3,0,3S,3H,,0,61,False,True,False,True,80
top_ten,svm,bigram,no_origin,12,unith,121,Faure,june_29_g0,0.983380681818182,0.9982954545454545,0.975284090909091,0.40654205607476634,,,20,4,8,0,8,3,3,1,4,0,3S,4H,,0,0,False,False,False,False,80
top_ten,svm,bigram,no_origin,12,unith,121,Faure,june_29_g0,0.983380681818182,0.9982954545454545,0.975284090909091,0.40654205607476634,,8,20,4,8,0,8,4,3,1,5,0,3S,5H,,0,16,False,True,False,True,80
top_ten,svm,bigram,no_origin,12,unith,121,Faure,june_29_g0,0.983380681818182,0.9982954545454545,0.975284090909091,0.40654205607476634,,,20,4,8,0,8,5,3,1,6,0,3S,6H,,0,0,False,False,False,False,80
top_ten,svm,bigram,no_origin,12,unith,121,Faure,june_29_g0,0.983380681818182,0.9982954545454545,0.975284090909091,0.40654205607476634,,,20,4,8,0,8,6,3,1,1,1,3S,1S,,0,0,False,False,False,False,80
top_ten,svm,bigram,no_origin,12,unith,121,Faure,june_29_g0,0.983380681818182,0.9982954545454545,0.975284090909091,0.40654205607476634,,8,20,4,8,0,8,7,3,1,2,1,3S,2S,,0,29,False,True,False,True,80
top_ten,svm,bigram,no_origin,12,unith,121,Faure,june_29_g0,0.983380681818182,0.9982954545454545,0.975284090909091,0.40654205607476634,,,20,4,8,0,8,8,3,1,3,1,3S,3S,,0,0,False,False,False,False,80
top_ten,svm,bigram,no_origin,12,unith,121,Faure,june_29_g0,0.983380681818182,0.9982954545454545,0.975284090909091,0.40654205607476634,,8,20,4,8,0,8,9,3,1,4,1,3S,4S,,0,70,False,True,False,True,80
top_ten,svm,bigram,no_origin,12,unith,121,Faure,june_29_g0,0.983380681818182,0.9982954545454545,0.975284090909091,0.40654205607476634,,8,20,4,8,0,8,10,3,1,5,1,3S,5S,,0,78,False,True,False,True,80
top_ten,svm,bigram,no_origin,12,unith,121,Faure,june_29_g0,0.983380681818182,0.9982954545454545,0.975284090909091,0.40654205607476634,,8,20,4,8,0,8,11,3,1,6,1,3S,6S,,0,62,False,True,False,True,80
top_ten,svm,bigram,no_origin,12,unith,121,Faure,june_29_g0,0.983380681818182,0.9982954545454545,0.975284090909091,0.40654205607476634,8,8,20,4,8,0,9,0,4,1,1,0,4S,1H,0.3976210030662102,70,54,True,True,True,True,80
top_ten,svm,bigram,no_origin,12,unith,121,Faure,june_29_g0,0.983380681818182,0.9982954545454545,0.975284090909091,0.40654205607476634,8,8,20,4,8,0,9,1,4,1,2,0,4S,2H,0.4931108915369279,70,29,True,True,True,True,80
top_ten,svm,bigram,no_origin,12,unith,121,Faure,june_29_g0,0.983380681818182,0.9982954545454545,0.975284090909091,0.40654205607476634,8,8,20,4,8,0,9,2,4,1,3,0,4S,3H,0.3541662990651845,70,61,True,True,True,True,80
top_ten,svm,bigram,no_origin,12,unith,121,Faure,june_29_g0,0.983380681818182,0.9982954545454545,0.975284090909091,0.40654205607476634,8,,20,4,8,0,9,3,4,1,4,0,4S,4H,,70,0,True,False,True,False,80
top_ten,svm,bigram,no_origin,12,unith,121,Faure,june_29_g0,0.983380681818182,0.9982954545454545,0.975284090909091,0.40654205607476634,8,8,20,4,8,0,9,4,4,1,5,0,4S,5H,0.41010275953952186,70,16,True,True,True,True,80
top_ten,svm,bigram,no_origin,12,unith,121,Faure,june_29_g0,0.983380681818182,0.9982954545454545,0.975284090909091,0.40654205607476634,8,,20,4,8,0,9,5,4,1,6,0,4S,6H,,70,0,True,False,True,False,80
top_ten,svm,bigram,no_origin,12,unith,121,Faure,june_29_g0,0.983380681818182,0.9982954545454545,0.975284090909091,0.40654205607476634,8,,20,4,8,0,9,6,4,1,1,1,4S,1S,,70,0,True,False,True,False,80
top_ten,svm,bigram,no_origin,12,unith,121,Faure,june_29_g0,0.983380681818182,0.9982954545454545,0.975284090909091,0.40654205607476634,8,8,20,4,8,0,9,7,4,1,2,1,4S,2S,0.3194973942693384,70,29,True,True,True,True,80
top_ten,svm,bigram,no_origin,12,unith,121,Faure,june_29_g0,0.983380681818182,0.9982954545454545,0.975284090909091,0.40654205607476634,8,,20,4,8,0,9,8,4,1,3,1,4S,3S,,70,0,True,False,True,False,80
top_ten,svm,bigram,no_origin,12,unith,121,Faure,june_29_g0,0.983380681818182,0.9982954545454545,0.975284090909091,0.40654205607476634,8,8,20,4,8,0,9,9,4,1,4,1,4S,4S,0.4477275597001918,70,70,True,True,True,True,80
top_ten,svm,bigram,no_origin,12,unith,121,Faure,june_29_g0,0.983380681818182,0.9982954545454545,0.975284090909091,0.40654205607476634,8,8,20,4,8,0,9,10,4,1,5,1,4S,5S,0.28121536452299994,70,78,True,True,True,True,80
top_ten,svm,bigram,no_origin,12,unith,121,Faure,june_29_g0,0.983380681818182,0.9982954545454545,0.975284090909091,0.40654205607476634,8,8,20,4,8,0,9,11,4,1,6,1,4S,6S,0.31048126729691977,70,62,True,True,True,True,80
top_ten,svm,bigram,no_origin,12,unith,121,Faure,june_29_g0,0.983380681818182,0.9982954545454545,0.975284090909091,0.40654205607476634,8,8,20,4,8,0,10,0,5,1,1,0,5S,1H,0.25504461004223156,78,54,True,True,True,True,80
top_ten,svm,bigram,no_origin,12,unith,121,Faure,june_29_g0,0.983380681818182,0.9982954545454545,0.975284090909091,0.40654205607476634,8,8,20,4,8,0,10,1,5,1,2,0,5S,2H,0.34128457444143984,78,29,True,True,True,True,80
top_ten,svm,bigram,no_origin,12,unith,121,Faure,june_29_g0,0.983380681818182,0.9982954545454545,0.975284090909091,0.40654205607476634,8,8,20,4,8,0,10,2,5,1,3,0,5S,3H,0.22548778411200104,78,61,True,True,True,True,80
top_ten,svm,bigram,no_origin,12,unith,121,Faure,june_29_g0,0.983380681818182,0.9982954545454545,0.975284090909091,0.40654205607476634,8,,20,4,8,0,10,3,5,1,4,0,5S,4H,,78,0,True,False,True,False,80
top_ten,svm,bigram,no_origin,12,unith,121,Faure,june_29_g0,0.983380681818182,0.9982954545454545,0.975284090909091,0.40654205607476634,8,8,20,4,8,0,10,4,5,1,5,0,5S,5H,0.2750503779216603,78,16,True,True,True,True,80
top_ten,svm,bigram,no_origin,12,unith,121,Faure,june_29_g0,0.983380681818182,0.9982954545454545,0.975284090909091,0.40654205607476634,8,,20,4,8,0,10,5,5,1,6,0,5S,6H,,78,0,True,False,True,False,80
top_ten,svm,bigram,no_origin,12,unith,121,Faure,june_29_g0,0.983380681818182,0.9982954545454545,0.975284090909091,0.40654205607476634,8,,20,4,8,0,10,6,5,1,1,1,5S,1S,,78,0,True,False,True,False,80
top_ten,svm,bigram,no_origin,12,unith,121,Faure,june_29_g0,0.983380681818182,0.9982954545454545,0.975284090909091,0.40654205607476634,8,8,20,4,8,0,10,7,5,1,2,1,5S,2S,0.23127015801765638,78,29,True,True,True,True,80
top_ten,svm,bigram,no_origin,12,unith,121,Faure,june_29_g0,0.983380681818182,0.9982954545454545,0.975284090909091,0.40654205607476634,8,,20,4,8,0,10,8,5,1,3,1,5S,3S,,78,0,True,False,True,False,80
top_ten,svm,bigram,no_origin,12,unith,121,Faure,june_29_g0,0.983380681818182,0.9982954545454545,0.975284090909091,0.40654205607476634,8,8,20,4,8,0,10,9,5,1,4,1,5S,4S,0.28121536452299994,78,70,True,True,True,True,80
top_ten,svm,bigram,no_origin,12,unith,121,Faure,june_29_g0,0.983380681818182,0.9982954545454545,0.975284090909091,0.40654205607476634,8,8,20,4,8,0,10,10,5,1,5,1,5S,5S,0.26133382259774984,78,78,True,True,True,True,80
top_ten,svm,bigram,no_origin,12,unith,121,Faure,june_29_g0,0.983380681818182,0.9982954545454545,0.975284090909091,0.40654205607476634,8,8,20,4,8,0,10,11,5,1,6,1,5S,6S,0.2059481710344738,78,62,True,True,True,True,80
top_ten,svm,bigram,no_origin,12,unith,121,Faure,june_29_g0,0.983380681818182,0.9982954545454545,0.975284090909091,0.40654205607476634,8,8,20,4,8,0,11,0,6,1,1,0,6S,1H,0.26624333202411127,62,54,True,True,True,True,80
top_ten,svm,bigram,no_origin,12,unith,121,Faure,june_29_g0,0.983380681818182,0.9982954545454545,0.975284090909091,0.40654205607476634,8,8,20,4,8,0,11,1,6,1,2,0,6S,2H,0.37619086256007617,62,29,True,True,True,True,80
top_ten,svm,bigram,no_origin,12,unith,121,Faure,june_29_g0,0.983380681818182,0.9982954545454545,0.975284090909091,0.40654205607476634,8,8,20,4,8,0,11,2,6,1,3,0,6S,3H,0.18945252666992912,62,61,True,True,True,True,80
top_ten,svm,bigram,no_origin,12,unith,121,Faure,june_29_g0,0.983380681818182,0.9982954545454545,0.975284090909091,0.40654205607476634,8,,20,4,8,0,11,3,6,1,4,0,6S,4H,,62,0,True,False,True,False,80
top_ten,svm,bigram,no_origin,12,unith,121,Faure,june_29_g0,0.983380681818182,0.9982954545454545,0.975284090909091,0.40654205607476634,8,8,20,4,8,0,11,4,6,1,5,0,6S,5H,0.2846676265862409,62,16,True,True,True,True,80
top_ten,svm,bigram,no_origin,12,unith,121,Faure,june_29_g0,0.983380681818182,0.9982954545454545,0.975284090909091,0.40654205607476634,8,,20,4,8,0,11,5,6,1,6,0,6S,6H,,62,0,True,False,True,False,80
top_ten,svm,bigram,no_origin,12,unith,121,Faure,june_29_g0,0.983380681818182,0.9982954545454545,0.975284090909091,0.40654205607476634,8,,20,4,8,0,11,6,6,1,1,1,6S,1S,,62,0,True,False,True,False,80
top_ten,svm,bigram,no_origin,12,unith,121,Faure,june_29_g0,0.983380681818182,0.9982954545454545,0.975284090909091,0.40654205607476634,8,8,20,4,8,0,11,7,6,1,2,1,6S,2S,0.2560043928469249,62,29,True,True,True,True,80
top_ten,svm,bigram,no_origin,12,unith,121,Faure,june_29_g0,0.983380681818182,0.9982954545454545,0.975284090909091,0.40654205607476634,8,,20,4,8,0,11,8,6,1,3,1,6S,3S,,62,0,True,False,True,False,80
top_ten,svm,bigram,no_origin,12,unith,121,Faure,june_29_g0,0.983380681818182,0.9982954545454545,0.975284090909091,0.40654205607476634,8,8,20,4,8,0,11,9,6,1,4,1,6S,4S,0.31048126729691977,62,70,True,True,True,True,80
top_ten,svm,bigram,no_origin,12,unith,121,Faure,june_29_g0,0.983380681818182,0.9982954545454545,0.975284090909091,0.40654205607476634,8,8,20,4,8,0,11,10,6,1,5,1,6S,5S,0.2059481710344738,62,78,True,True,True,True,80
top_ten,svm,bigram,no_origin,12,unith,121,Faure,june_29_g0,0.983380681818182,0.9982954545454545,0.975284090909091,0.40654205607476634,8,8,20,4,8,0,11,11,6,1,6,1,6S,6S,0.1868888539870643,62,62,True,True,True,True,80
top_ten,svm,bigram,no_origin,12,unith,121,Faure,june_8_g0,0.998737373737374,1.0,1.0,0.9794520547945206,4,4,20,4,8,0,0,0,1,0,1,0,1H,1H,0.40961822618561977,44,44,True,True,True,True,80
top_ten,svm,bigram,no_origin,12,unith,121,Faure,june_8_g0,0.998737373737374,1.0,1.0,0.9794520547945206,4,4,20,4,8,0,0,1,1,0,2,0,1H,2H,0.47795833190643255,44,33,True,True,True,True,80
top_ten,svm,bigram,no_origin,12,unith,121,Faure,june_8_g0,0.998737373737374,1.0,1.0,0.9794520547945206,4,4,20,4,8,0,0,2,1,0,3,0,1H,3H,0.43036131044175957,44,43,True,True,True,True,80
top_ten,svm,bigram,no_origin,12,unith,121,Faure,june_8_g0,0.998737373737374,1.0,1.0,0.9794520547945206,4,,20,4,8,0,0,3,1,0,4,0,1H,4H,,44,0,True,False,True,False,80
top_ten,svm,bigram,no_origin,12,unith,121,Faure,june_8_g0,0.998737373737374,1.0,1.0,0.9794520547945206,4,,20,4,8,0,0,4,1,0,5,0,1H,5H,,44,0,True,False,True,False,80
top_ten,svm,bigram,no_origin,12,unith,121,Faure,june_8_g0,0.998737373737374,1.0,1.0,0.9794520547945206,4,,20,4,8,0,0,5,1,0,6,0,1H,6H,,44,0,True,False,True,False,80
top_ten,svm,bigram,no_origin,12,unith,121,Faure,june_8_g0,0.998737373737374,1.0,1.0,0.9794520547945206,4,,20,4,8,0,0,6,1,0,1,1,1H,1S,,44,0,True,False,True,False,80
top_ten,svm,bigram,no_origin,12,unith,121,Faure,june_8_g0,0.998737373737374,1.0,1.0,0.9794520547945206,4,4,20,4,8,0,0,7,1,0,2,1,1H,2S,0.4583108260240335,44,8,True,True,True,True,80
top_ten,svm,bigram,no_origin,12,unith,121,Faure,june_8_g0,0.998737373737374,1.0,1.0,0.9794520547945206,4,,20,4,8,0,0,8,1,0,3,1,1H,3S,,44,0,True,False,True,False,80
top_ten,svm,bigram,no_origin,12,unith,121,Faure,june_8_g0,0.998737373737374,1.0,1.0,0.9794520547945206,4,4,20,4,8,0,0,9,1,0,4,1,1H,4S,0.4310553842425199,44,49,True,True,True,True,80
top_ten,svm,bigram,no_origin,12,unith,121,Faure,june_8_g0,0.998737373737374,1.0,1.0,0.9794520547945206,4,4,20,4,8,0,0,10,1,0,5,1,1H,5S,0.2874467937924479,44,60,True,True,True,True,80
top_ten,svm,bigram,no_origin,12,unith,121,Faure,june_8_g0,0.998737373737374,1.0,1.0,0.9794520547945206,4,4,20,4,8,0,0,11,1,0,6,1,1H,6S,0.2433475259936903,44,54,True,True,True,True,80
top_ten,svm,bigram,no_origin,12,unith,121,Faure,june_8_g0,0.998737373737374,1.0,1.0,0.9794520547945206,4,4,20,4,8,0,1,0,2,0,1,0,2H,1H,0.47795833190643255,33,44,True,True,True,True,80
top_ten,svm,bigram,no_origin,12,unith,121,Faure,june_8_g0,0.998737373737374,1.0,1.0,0.9794520547945206,4,4,20,4,8,0,1,1,2,0,2,0,2H,2H,0.5553189701112358,33,33,True,True,True,True,80
top_ten,svm,bigram,no_origin,12,unith,121,Faure,june_8_g0,0.998737373737374,1.0,1.0,0.9794520547945206,4,4,20,4,8,0,1,2,2,0,3,0,2H,3H,0.4663738589971924,33,43,True,True,True,True,80
top_ten,svm,bigram,no_origin,12,unith,121,Faure,june_8_g0,0.998737373737374,1.0,1.0,0.9794520547945206,4,,20,4,8,0,1,3,2,0,4,0,2H,4H,,33,0,True,False,True,False,80
top_ten,svm,bigram,no_origin,12,unith,121,Faure,june_8_g0,0.998737373737374,1.0,1.0,0.9794520547945206,4,,20,4,8,0,1,4,2,0,5,0,2H,5H,,33,0,True,False,True,False,80
top_ten,svm,bigram,no_origin,12,unith,121,Faure,june_8_g0,0.998737373737374,1.0,1.0,0.9794520547945206,4,,20,4,8,0,1,5,2,0,6,0,2H,6H,,33,0,True,False,True,False,80
top_ten,svm,bigram,no_origin,12,unith,121,Faure,june_8_g0,0.998737373737374,1.0,1.0,0.9794520547945206,4,,20,4,8,0,1,6,2,0,1,1,2H,1S,,33,0,True,False,True,False,80
top_ten,svm,bigram,no_origin,12,unith,121,Faure,june_8_g0,0.998737373737374,1.0,1.0,0.9794520547945206,4,4,20,4,8,0,1,7,2,0,2,1,2H,2S,0.49043370349409693,33,8,True,True,True,True,80
top_ten,svm,bigram,no_origin,12,unith,121,Faure,june_8_g0,0.998737373737374,1.0,1.0,0.9794520547945206,4,,20,4,8,0,1,8,2,0,3,1,2H,3S,,33,0,True,False,True,False,80
top_ten,svm,bigram,no_origin,12,unith,121,Faure,june_8_g0,0.998737373737374,1.0,1.0,0.9794520547945206,4,4,20,4,8,0,1,9,2,0,4,1,2H,4S,0.46019367252770066,33,49,True,True,True,True,80
top_ten,svm,bigram,no_origin,12,unith,121,Faure,june_8_g0,0.998737373737374,1.0,1.0,0.9794520547945206,4,4,20,4,8,0,1,10,2,0,5,1,2H,5S,0.2364229027888627,33,60,True,True,True,True,80
top_ten,svm,bigram,no_origin,12,unith,121,Faure,june_8_g0,0.998737373737374,1.0,1.0,0.9794520547945206,4,4,20,4,8,0,1,11,2,0,6,1,2H,6S,0.31590032800595413,33,54,True,True,True,True,80
top_ten,svm,bigram,no_origin,12,unith,121,Faure,june_8_g0,0.998737373737374,1.0,1.0,0.9794520547945206,4,4,20,4,8,0,2,0,3,0,1,0,3H,1H,0.43036131044175957,43,44,True,True,True,True,80
top_ten,svm,bigram,no_origin,12,unith,121,Faure,june_8_g0,0.998737373737374,1.0,1.0,0.9794520547945206,4,4,20,4,8,0,2,1,3,0,2,0,3H,2H,0.4663738589971924,43,33,True,True,True,True,80
top_ten,svm,bigram,no_origin,12,unith,121,Faure,june_8_g0,0.998737373737374,1.0,1.0,0.9794520547945206,4,4,20,4,8,0,2,2,3,0,3,0,3H,3H,0.4670574625480506,43,43,True,True,True,True,80
top_ten,svm,bigram,no_origin,12,unith,121,Faure,june_8_g0,0.998737373737374,1.0,1.0,0.9794520547945206,4,,20,4,8,0,2,3,3,0,4,0,3H,4H,,43,0,True,False,True,False,80
top_ten,svm,bigram,no_origin,12,unith,121,Faure,june_8_g0,0.998737373737374,1.0,1.0,0.9794520547945206,4,,20,4,8,0,2,4,3,0,5,0,3H,5H,,43,0,True,False,True,False,80
top_ten,svm,bigram,no_origin,12,unith,121,Faure,june_8_g0,0.998737373737374,1.0,1.0,0.9794520547945206,4,,20,4,8,0,2,5,3,0,6,0,3H,6H,,43,0,True,False,True,False,80
top_ten,svm,bigram,no_origin,12,unith,121,Faure,june_8_g0,0.998737373737374,1.0,1.0,0.9794520547945206,4,,20,4,8,0,2,6,3,0,1,1,3H,1S,,43,0,True,False,True,False,80
top_ten,svm,bigram,no_origin,12,unith,121,Faure,june_8_g0,0.998737373737374,1.0,1.0,0.9794520547945206,4,4,20,4,8,0,2,7,3,0,2,1,3H,2S,0.4456686729990766,43,8,True,True,True,True,80
top_ten,svm,bigram,no_origin,12,unith,121,Faure,june_8_g0,0.998737373737374,1.0,1.0,0.9794520547945206,4,,20,4,8,0,2,8,3,0,3,1,3H,3S,,43,0,True,False,True,False,80
top_ten,svm,bigram,no_origin,12,unith,121,Faure,june_8_g0,0.998737373737374,1.0,1.0,0.9794520547945206,4,4,20,4,8,0,2,9,3,0,4,1,3H,4S,0.32332952458594355,43,49,True,True,True,True,80
top_ten,svm,bigram,no_origin,12,unith,121,Faure,june_8_g0,0.998737373737374,1.0,1.0,0.9794520547945206,4,4,20,4,8,0,2,10,3,0,5,1,3H,5S,0.3123056137927371,43,60,True,True,True,True,80
top_ten,svm,bigram,no_origin,12,unith,121,Faure,june_8_g0,0.998737373737374,1.0,1.0,0.9794520547945206,4,4,20,4,8,0,2,11,3,0,6,1,3H,6S,0.29106343589154304,43,54,True,True,True,True,80
top_ten,svm,bigram,no_origin,12,unith,121,Faure,june_8_g0,0.998737373737374,1.0,1.0,0.9794520547945206,,4,20,4,8,0,3,0,4,0,1,0,4H,1H,,0,44,False,True,False,True,80
top_ten,svm,bigram,no_origin,12,unith,121,Faure,june_8_g0,0.998737373737374,1.0,1.0,0.9794520547945206,,4,20,4,8,0,3,1,4,0,2,0,4H,2H,,0,33,False,True,False,True,80
top_ten,svm,bigram,no_origin,12,unith,121,Faure,june_8_g0,0.998737373737374,1.0,1.0,0.9794520547945206,,4,20,4,8,0,3,2,4,0,3,0,4H,3H,,0,43,False,True,False,True,80
top_ten,svm,bigram,no_origin,12,unith,121,Faure,june_8_g0,0.998737373737374,1.0,1.0,0.9794520547945206,,,20,4,8,0,3,3,4,0,4,0,4H,4H,,0,0,False,False,False,False,80
top_ten,svm,bigram,no_origin,12,unith,121,Faure,june_8_g0,0.998737373737374,1.0,1.0,0.9794520547945206,,,20,4,8,0,3,4,4,0,5,0,4H,5H,,0,0,False,False,False,False,80
top_ten,svm,bigram,no_origin,12,unith,121,Faure,june_8_g0,0.998737373737374,1.0,1.0,0.9794520547945206,,,20,4,8,0,3,5,4,0,6,0,4H,6H,,0,0,False,False,False,False,80
top_ten,svm,bigram,no_origin,12,unith,121,Faure,june_8_g0,0.998737373737374,1.0,1.0,0.9794520547945206,,,20,4,8,0,3,6,4,0,1,1,4H,1S,,0,0,False,False,False,False,80
top_ten,svm,bigram,no_origin,12,unith,121,Faure,june_8_g0,0.998737373737374,1.0,1.0,0.9794520547945206,,4,20,4,8,0,3,7,4,0,2,1,4H,2S,,0,8,False,True,False,True,80
top_ten,svm,bigram,no_origin,12,unith,121,Faure,june_8_g0,0.998737373737374,1.0,1.0,0.9794520547945206,,,20,4,8,0,3,8,4,0,3,1,4H,3S,,0,0,False,False,False,False,80
top_ten,svm,bigram,no_origin,12,unith,121,Faure,june_8_g0,0.998737373737374,1.0,1.0,0.9794520547945206,,4,20,4,8,0,3,9,4,0,4,1,4H,4S,,0,49,False,True,False,True,80
top_ten,svm,bigram,no_origin,12,unith,121,Faure,june_8_g0,0.998737373737374,1.0,1.0,0.9794520547945206,,4,20,4,8,0,3,10,4,0,5,1,4H,5S,,0,60,False,True,False,True,80
top_ten,svm,bigram,no_origin,12,unith,121,Faure,june_8_g0,0.998737373737374,1.0,1.0,0.9794520547945206,,4,20,4,8,0,3,11,4,0,6,1,4H,6S,,0,54,False,True,False,True,80
top_ten,svm,bigram,no_origin,12,unith,121,Faure,june_8_g0,0.998737373737374,1.0,1.0,0.9794520547945206,,4,20,4,8,0,4,0,5,0,1,0,5H,1H,,0,44,False,True,False,True,80
top_ten,svm,bigram,no_origin,12,unith,121,Faure,june_8_g0,0.998737373737374,1.0,1.0,0.9794520547945206,,4,20,4,8,0,4,1,5,0,2,0,5H,2H,,0,33,False,True,False,True,80
top_ten,svm,bigram,no_origin,12,unith,121,Faure,june_8_g0,0.998737373737374,1.0,1.0,0.9794520547945206,,4,20,4,8,0,4,2,5,0,3,0,5H,3H,,0,43,False,True,False,True,80
top_ten,svm,bigram,no_origin,12,unith,121,Faure,june_8_g0,0.998737373737374,1.0,1.0,0.9794520547945206,,,20,4,8,0,4,3,5,0,4,0,5H,4H,,0,0,False,False,False,False,80
top_ten,svm,bigram,no_origin,12,unith,121,Faure,june_8_g0,0.998737373737374,1.0,1.0,0.9794520547945206,,,20,4,8,0,4,4,5,0,5,0,5H,5H,,0,0,False,False,False,False,80
top_ten,svm,bigram,no_origin,12,unith,121,Faure,june_8_g0,0.998737373737374,1.0,1.0,0.9794520547945206,,,20,4,8,0,4,5,5,0,6,0,5H,6H,,0,0,False,False,False,False,80
top_ten,svm,bigram,no_origin,12,unith,121,Faure,june_8_g0,0.998737373737374,1.0,1.0,0.9794520547945206,,,20,4,8,0,4,6,5,0,1,1,5H,1S,,0,0,False,False,False,False,80
top_ten,svm,bigram,no_origin,12,unith,121,Faure,june_8_g0,0.998737373737374,1.0,1.0,0.9794520547945206,,4,20,4,8,0,4,7,5,0,2,1,5H,2S,,0,8,False,True,False,True,80
top_ten,svm,bigram,no_origin,12,unith,121,Faure,june_8_g0,0.998737373737374,1.0,1.0,0.9794520547945206,,,20,4,8,0,4,8,5,0,3,1,5H,3S,,0,0,False,False,False,False,80
top_ten,svm,bigram,no_origin,12,unith,121,Faure,june_8_g0,0.998737373737374,1.0,1.0,0.9794520547945206,,4,20,4,8,0,4,9,5,0,4,1,5H,4S,,0,49,False,True,False,True,80
top_ten,svm,bigram,no_origin,12,unith,121,Faure,june_8_g0,0.998737373737374,1.0,1.0,0.9794520547945206,,4,20,4,8,0,4,10,5,0,5,1,5H,5S,,0,60,False,True,False,True,80
top_ten,svm,bigram,no_origin,12,unith,121,Faure,june_8_g0,0.998737373737374,1.0,1.0,0.9794520547945206,,4,20,4,8,0,4,11,5,0,6,1,5H,6S,,0,54,False,True,False,True,80
top_ten,svm,bigram,no_origin,12,unith,121,Faure,june_8_g0,0.998737373737374,1.0,1.0,0.9794520547945206,,4,20,4,8,0,5,0,6,0,1,0,6H,1H,,0,44,False,True,False,True,80
top_ten,svm,bigram,no_origin,12,unith,121,Faure,june_8_g0,0.998737373737374,1.0,1.0,0.9794520547945206,,4,20,4,8,0,5,1,6,0,2,0,6H,2H,,0,33,False,True,False,True,80
top_ten,svm,bigram,no_origin,12,unith,121,Faure,june_8_g0,0.998737373737374,1.0,1.0,0.9794520547945206,,4,20,4,8,0,5,2,6,0,3,0,6H,3H,,0,43,False,True,False,True,80
top_ten,svm,bigram,no_origin,12,unith,121,Faure,june_8_g0,0.998737373737374,1.0,1.0,0.9794520547945206,,,20,4,8,0,5,3,6,0,4,0,6H,4H,,0,0,False,False,False,False,80
top_ten,svm,bigram,no_origin,12,unith,121,Faure,june_8_g0,0.998737373737374,1.0,1.0,0.9794520547945206,,,20,4,8,0,5,4,6,0,5,0,6H,5H,,0,0,False,False,False,False,80
top_ten,svm,bigram,no_origin,12,unith,121,Faure,june_8_g0,0.998737373737374,1.0,1.0,0.9794520547945206,,,20,4,8,0,5,5,6,0,6,0,6H,6H,,0,0,False,False,False,False,80
top_ten,svm,bigram,no_origin,12,unith,121,Faure,june_8_g0,0.998737373737374,1.0,1.0,0.9794520547945206,,,20,4,8,0,5,6,6,0,1,1,6H,1S,,0,0,False,False,False,False,80
top_ten,svm,bigram,no_origin,12,unith,121,Faure,june_8_g0,0.998737373737374,1.0,1.0,0.9794520547945206,,4,20,4,8,0,5,7,6,0,2,1,6H,2S,,0,8,False,True,False,True,80
top_ten,svm,bigram,no_origin,12,unith,121,Faure,june_8_g0,0.998737373737374,1.0,1.0,0.9794520547945206,,,20,4,8,0,5,8,6,0,3,1,6H,3S,,0,0,False,False,False,False,80
top_ten,svm,bigram,no_origin,12,unith,121,Faure,june_8_g0,0.998737373737374,1.0,1.0,0.9794520547945206,,4,20,4,8,0,5,9,6,0,4,1,6H,4S,,0,49,False,True,False,True,80
top_ten,svm,bigram,no_origin,12,unith,121,Faure,june_8_g0,0.998737373737374,1.0,1.0,0.9794520547945206,,4,20,4,8,0,5,10,6,0,5,1,6H,5S,,0,60,False,True,False,True,80
top_ten,svm,bigram,no_origin,12,unith,121,Faure,june_8_g0,0.998737373737374,1.0,1.0,0.9794520547945206,,4,20,4,8,0,5,11,6,0,6,1,6H,6S,,0,54,False,True,False,True,80
top_ten,svm,bigram,no_origin,12,unith,121,Faure,june_8_g0,0.998737373737374,1.0,1.0,0.9794520547945206,,4,20,4,8,0,6,0,1,1,1,0,1S,1H,,0,44,False,True,False,True,80
top_ten,svm,bigram,no_origin,12,unith,121,Faure,june_8_g0,0.998737373737374,1.0,1.0,0.9794520547945206,,4,20,4,8,0,6,1,1,1,2,0,1S,2H,,0,33,False,True,False,True,80
top_ten,svm,bigram,no_origin,12,unith,121,Faure,june_8_g0,0.998737373737374,1.0,1.0,0.9794520547945206,,4,20,4,8,0,6,2,1,1,3,0,1S,3H,,0,43,False,True,False,True,80
top_ten,svm,bigram,no_origin,12,unith,121,Faure,june_8_g0,0.998737373737374,1.0,1.0,0.9794520547945206,,,20,4,8,0,6,3,1,1,4,0,1S,4H,,0,0,False,False,False,False,80
top_ten,svm,bigram,no_origin,12,unith,121,Faure,june_8_g0,0.998737373737374,1.0,1.0,0.9794520547945206,,,20,4,8,0,6,4,1,1,5,0,1S,5H,,0,0,False,False,False,False,80
top_ten,svm,bigram,no_origin,12,unith,121,Faure,june_8_g0,0.998737373737374,1.0,1.0,0.9794520547945206,,,20,4,8,0,6,5,1,1,6,0,1S,6H,,0,0,False,False,False,False,80
top_ten,svm,bigram,no_origin,12,unith,121,Faure,june_8_g0,0.998737373737374,1.0,1.0,0.9794520547945206,,,20,4,8,0,6,6,1,1,1,1,1S,1S,,0,0,False,False,False,False,80
top_ten,svm,bigram,no_origin,12,unith,121,Faure,june_8_g0,0.998737373737374,1.0,1.0,0.9794520547945206,,4,20,4,8,0,6,7,1,1,2,1,1S,2S,,0,8,False,True,False,True,80
top_ten,svm,bigram,no_origin,12,unith,121,Faure,june_8_g0,0.998737373737374,1.0,1.0,0.9794520547945206,,,20,4,8,0,6,8,1,1,3,1,1S,3S,,0,0,False,False,False,False,80
top_ten,svm,bigram,no_origin,12,unith,121,Faure,june_8_g0,0.998737373737374,1.0,1.0,0.9794520547945206,,4,20,4,8,0,6,9,1,1,4,1,1S,4S,,0,49,False,True,False,True,80
top_ten,svm,bigram,no_origin,12,unith,121,Faure,june_8_g0,0.998737373737374,1.0,1.0,0.9794520547945206,,4,20,4,8,0,6,10,1,1,5,1,1S,5S,,0,60,False,True,False,True,80
top_ten,svm,bigram,no_origin,12,unith,121,Faure,june_8_g0,0.998737373737374,1.0,1.0,0.9794520547945206,,4,20,4,8,0,6,11,1,1,6,1,1S,6S,,0,54,False,True,False,True,80
top_ten,svm,bigram,no_origin,12,unith,121,Faure,june_8_g0,0.998737373737374,1.0,1.0,0.9794520547945206,4,4,20,4,8,0,7,0,2,1,1,0,2S,1H,0.4583108260240335,8,44,True,True,True,True,80
top_ten,svm,bigram,no_origin,12,unith,121,Faure,june_8_g0,0.998737373737374,1.0,1.0,0.9794520547945206,4,4,20,4,8,0,7,1,2,1,2,0,2S,2H,0.49043370349409693,8,33,True,True,True,True,80
top_ten,svm,bigram,no_origin,12,unith,121,Faure,june_8_g0,0.998737373737374,1.0,1.0,0.9794520547945206,4,4,20,4,8,0,7,2,2,1,3,0,2S,3H,0.4456686729990766,8,43,True,True,True,True,80
top_ten,svm,bigram,no_origin,12,unith,121,Faure,june_8_g0,0.998737373737374,1.0,1.0,0.9794520547945206,4,,20,4,8,0,7,3,2,1,4,0,2S,4H,,8,0,True,False,True,False,80
top_ten,svm,bigram,no_origin,12,unith,121,Faure,june_8_g0,0.998737373737374,1.0,1.0,0.9794520547945206,4,,20,4,8,0,7,4,2,1,5,0,2S,5H,,8,0,True,False,True,False,80
top_ten,svm,bigram,no_origin,12,unith,121,Faure,june_8_g0,0.998737373737374,1.0,1.0,0.9794520547945206,4,,20,4,8,0,7,5,2,1,6,0,2S,6H,,8,0,True,False,True,False,80
top_ten,svm,bigram,no_origin,12,unith,121,Faure,june_8_g0,0.998737373737374,1.0,1.0,0.9794520547945206,4,,20,4,8,0,7,6,2,1,1,1,2S,1S,,8,0,True,False,True,False,80
top_ten,svm,bigram,no_origin,12,unith,121,Faure,june_8_g0,0.998737373737374,1.0,1.0,0.9794520547945206,4,4,20,4,8,0,7,7,2,1,2,1,2S,2S,0.35505895789505515,8,8,True,True,True,True,80
top_ten,svm,bigram,no_origin,12,unith,121,Faure,june_8_g0,0.998737373737374,1.0,1.0,0.9794520547945206,4,,20,4,8,0,7,8,2,1,3,1,2S,3S,,8,0,True,False,True,False,80
top_ten,svm,bigram,no_origin,12,unith,121,Faure,june_8_g0,0.998737373737374,1.0,1.0,0.9794520547945206,4,4,20,4,8,0,7,9,2,1,4,1,2S,4S,0.3865947856474856,8,49,True,True,True,True,80
top_ten,svm,bigram,no_origin,12,unith,121,Faure,june_8_g0,0.998737373737374,1.0,1.0,0.9794520547945206,4,4,20,4,8,0,7,10,2,1,5,1,2S,5S,0.24283738426973636,8,60,True,True,True,True,80
top_ten,svm,bigram,no_origin,12,unith,121,Faure,june_8_g0,0.998737373737374,1.0,1.0,0.9794520547945206,4,4,20,4,8,0,7,11,2,1,6,1,2S,6S,0.2688731438947646,8,54,True,True,True,True,80
top_ten,svm,bigram,no_origin,12,unith,121,Faure,june_8_g0,0.998737373737374,1.0,1.0,0.9794520547945206,,4,20,4,8,0,8,0,3,1,1,0,3S,1H,,0,44,False,True,False,True,80
top_ten,svm,bigram,no_origin,12,unith,121,Faure,june_8_g0,0.998737373737374,1.0,1.0,0.9794520547945206,,4,20,4,8,0,8,1,3,1,2,0,3S,2H,,0,33,False,True,False,True,80
top_ten,svm,bigram,no_origin,12,unith,121,Faure,june_8_g0,0.998737373737374,1.0,1.0,0.9794520547945206,,4,20,4,8,0,8,2,3,1,3,0,3S,3H,,0,43,False,True,False,True,80
top_ten,svm,bigram,no_origin,12,unith,121,Faure,june_8_g0,0.998737373737374,1.0,1.0,0.9794520547945206,,,20,4,8,0,8,3,3,1,4,0,3S,4H,,0,0,False,False,False,False,80
top_ten,svm,bigram,no_origin,12,unith,121,Faure,june_8_g0,0.998737373737374,1.0,1.0,0.9794520547945206,,,20,4,8,0,8,4,3,1,5,0,3S,5H,,0,0,False,False,False,False,80
top_ten,svm,bigram,no_origin,12,unith,121,Faure,june_8_g0,0.998737373737374,1.0,1.0,0.9794520547945206,,,20,4,8,0,8,5,3,1,6,0,3S,6H,,0,0,False,False,False,False,80
top_ten,svm,bigram,no_origin,12,unith,121,Faure,june_8_g0,0.998737373737374,1.0,1.0,0.9794520547945206,,,20,4,8,0,8,6,3,1,1,1,3S,1S,,0,0,False,False,False,False,80
top_ten,svm,bigram,no_origin,12,unith,121,Faure,june_8_g0,0.998737373737374,1.0,1.0,0.9794520547945206,,4,20,4,8,0,8,7,3,1,2,1,3S,2S,,0,8,False,True,False,True,80
top_ten,svm,bigram,no_origin,12,unith,121,Faure,june_8_g0,0.998737373737374,1.0,1.0,0.9794520547945206,,,20,4,8,0,8,8,3,1,3,1,3S,3S,,0,0,False,False,False,False,80
top_ten,svm,bigram,no_origin,12,unith,121,Faure,june_8_g0,0.998737373737374,1.0,1.0,0.9794520547945206,,4,20,4,8,0,8,9,3,1,4,1,3S,4S,,0,49,False,True,False,True,80
top_ten,svm,bigram,no_origin,12,unith,121,Faure,june_8_g0,0.998737373737374,1.0,1.0,0.9794520547945206,,4,20,4,8,0,8,10,3,1,5,1,3S,5S,,0,60,False,True,False,True,80
top_ten,svm,bigram,no_origin,12,unith,121,Faure,june_8_g0,0.998737373737374,1.0,1.0,0.9794520547945206,,4,20,4,8,0,8,11,3,1,6,1,3S,6S,,0,54,False,True,False,True,80
top_ten,svm,bigram,no_origin,12,unith,121,Faure,june_8_g0,0.998737373737374,1.0,1.0,0.9794520547945206,4,4,20,4,8,0,9,0,4,1,1,0,4S,1H,0.4310553842425199,49,44,True,True,True,True,80
top_ten,svm,bigram,no_origin,12,unith,121,Faure,june_8_g0,0.998737373737374,1.0,1.0,0.9794520547945206,4,4,20,4,8,0,9,1,4,1,2,0,4S,2H,0.46019367252770066,49,33,True,True,True,True,80
top_ten,svm,bigram,no_origin,12,unith,121,Faure,june_8_g0,0.998737373737374,1.0,1.0,0.9794520547945206,4,4,20,4,8,0,9,2,4,1,3,0,4S,3H,0.32332952458594355,49,43,True,True,True,True,80
top_ten,svm,bigram,no_origin,12,unith,121,Faure,june_8_g0,0.998737373737374,1.0,1.0,0.9794520547945206,4,,20,4,8,0,9,3,4,1,4,0,4S,4H,,49,0,True,False,True,False,80
top_ten,svm,bigram,no_origin,12,unith,121,Faure,june_8_g0,0.998737373737374,1.0,1.0,0.9794520547945206,4,,20,4,8,0,9,4,4,1,5,0,4S,5H,,49,0,True,False,True,False,80
top_ten,svm,bigram,no_origin,12,unith,121,Faure,june_8_g0,0.998737373737374,1.0,1.0,0.9794520547945206,4,,20,4,8,0,9,5,4,1,6,0,4S,6H,,49,0,True,False,True,False,80
top_ten,svm,bigram,no_origin,12,unith,121,Faure,june_8_g0,0.998737373737374,1.0,1.0,0.9794520547945206,4,,20,4,8,0,9,6,4,1,1,1,4S,1S,,49,0,True,False,True,False,80
top_ten,svm,bigram,no_origin,12,unith,121,Faure,june_8_g0,0.998737373737374,1.0,1.0,0.9794520547945206,4,4,20,4,8,0,9,7,4,1,2,1,4S,2S,0.3865947856474856,49,8,True,True,True,True,80
top_ten,svm,bigram,no_origin,12,unith,121,Faure,june_8_g0,0.998737373737374,1.0,1.0,0.9794520547945206,4,,20,4,8,0,9,8,4,1,3,1,4S,3S,,49,0,True,False,True,False,80
top_ten,svm,bigram,no_origin,12,unith,121,Faure,june_8_g0,0.998737373737374,1.0,1.0,0.9794520547945206,4,4,20,4,8,0,9,9,4,1,4,1,4S,4S,0.34981920914447173,49,49,True,True,True,True,80
top_ten,svm,bigram,no_origin,12,unith,121,Faure,june_8_g0,0.998737373737374,1.0,1.0,0.9794520547945206,4,4,20,4,8,0,9,10,4,1,5,1,4S,5S,0.2288678861541748,49,60,True,True,True,True,80
top_ten,svm,bigram,no_origin,12,unith,121,Faure,june_8_g0,0.998737373737374,1.0,1.0,0.9794520547945206,4,4,20,4,8,0,9,11,4,1,6,1,4S,6S,0.2055698790191844,49,54,True,True,True,True,80
top_ten,svm,bigram,no_origin,12,unith,121,Faure,june_8_g0,0.998737373737374,1.0,1.0,0.9794520547945206,4,4,20,4,8,0,10,0,5,1,1,0,5S,1H,0.2874467937924479,60,44,True,True,True,True,80
top_ten,svm,bigram,no_origin,12,unith,121,Faure,june_8_g0,0.998737373737374,1.0,1.0,0.9794520547945206,4,4,20,4,8,0,10,1,5,1,2,0,5S,2H,0.2364229027888627,60,33,True,True,True,True,80
top_ten,svm,bigram,no_origin,12,unith,121,Faure,june_8_g0,0.998737373737374,1.0,1.0,0.9794520547945206,4,4,20,4,8,0,10,2,5,1,3,0,5S,3H,0.3123056137927371,60,43,True,True,True,True,80
top_ten,svm,bigram,no_origin,12,unith,121,Faure,june_8_g0,0.998737373737374,1.0,1.0,0.9794520547945206,4,,20,4,8,0,10,3,5,1,4,0,5S,4H,,60,0,True,False,True,False,80
top_ten,svm,bigram,no_origin,12,unith,121,Faure,june_8_g0,0.998737373737374,1.0,1.0,0.9794520547945206,4,,20,4,8,0,10,4,5,1,5,0,5S,5H,,60,0,True,False,True,False,80
top_ten,svm,bigram,no_origin,12,unith,121,Faure,june_8_g0,0.998737373737374,1.0,1.0,0.9794520547945206,4,,20,4,8,0,10,5,5,1,6,0,5S,6H,,60,0,True,False,True,False,80
top_ten,svm,bigram,no_origin,12,unith,121,Faure,june_8_g0,0.998737373737374,1.0,1.0,0.9794520547945206,4,,20,4,8,0,10,6,5,1,1,1,5S,1S,,60,0,True,False,True,False,80
top_ten,svm,bigram,no_origin,12,unith,121,Faure,june_8_g0,0.998737373737374,1.0,1.0,0.9794520547945206,4,4,20,4,8,0,10,7,5,1,2,1,5S,2S,0.24283738426973636,60,8,True,True,True,True,80
top_ten,svm,bigram,no_origin,12,unith,121,Faure,june_8_g0,0.998737373737374,1.0,1.0,0.9794520547945206,4,,20,4,8,0,10,8,5,1,3,1,5S,3S,,60,0,True,False,True,False,80
top_ten,svm,bigram,no_origin,12,unith,121,Faure,june_8_g0,0.998737373737374,1.0,1.0,0.9794520547945206,4,4,20,4,8,0,10,9,5,1,4,1,5S,4S,0.2288678861541748,60,49,True,True,True,True,80
top_ten,svm,bigram,no_origin,12,unith,121,Faure,june_8_g0,0.998737373737374,1.0,1.0,0.9794520547945206,4,4,20,4,8,0,10,10,5,1,5,1,5S,5S,0.30446436024847884,60,60,True,True,True,True,80
top_ten,svm,bigram,no_origin,12,unith,121,Faure,june_8_g0,0.998737373737374,1.0,1.0,0.9794520547945206,4,4,20,4,8,0,10,11,5,1,6,1,5S,6S,0.19873552295329558,60,54,True,True,True,True,80
top_ten,svm,bigram,no_origin,12,unith,121,Faure,june_8_g0,0.998737373737374,1.0,1.0,0.9794520547945206,4,4,20,4,8,0,11,0,6,1,1,0,6S,1H,0.2433475259936903,54,44,True,True,True,True,80
top_ten,svm,bigram,no_origin,12,unith,121,Faure,june_8_g0,0.998737373737374,1.0,1.0,0.9794520547945206,4,4,20,4,8,0,11,1,6,1,2,0,6S,2H,0.31590032800595413,54,33,True,True,True,True,80
top_ten,svm,bigram,no_origin,12,unith,121,Faure,june_8_g0,0.998737373737374,1.0,1.0,0.9794520547945206,4,4,20,4,8,0,11,2,6,1,3,0,6S,3H,0.29106343589154304,54,43,True,True,True,True,80
top_ten,svm,bigram,no_origin,12,unith,121,Faure,june_8_g0,0.998737373737374,1.0,1.0,0.9794520547945206,4,,20,4,8,0,11,3,6,1,4,0,6S,4H,,54,0,True,False,True,False,80
top_ten,svm,bigram,no_origin,12,unith,121,Faure,june_8_g0,0.998737373737374,1.0,1.0,0.9794520547945206,4,,20,4,8,0,11,4,6,1,5,0,6S,5H,,54,0,True,False,True,False,80
top_ten,svm,bigram,no_origin,12,unith,121,Faure,june_8_g0,0.998737373737374,1.0,1.0,0.9794520547945206,4,,20,4,8,0,11,5,6,1,6,0,6S,6H,,54,0,True,False,True,False,80
top_ten,svm,bigram,no_origin,12,unith,121,Faure,june_8_g0,0.998737373737374,1.0,1.0,0.9794520547945206,4,,20,4,8,0,11,6,6,1,1,1,6S,1S,,54,0,True,False,True,False,80
top_ten,svm,bigram,no_origin,12,unith,121,Faure,june_8_g0,0.998737373737374,1.0,1.0,0.9794520547945206,4,4,20,4,8,0,11,7,6,1,2,1,6S,2S,0.2688731438947646,54,8,True,True,True,True,80
top_ten,svm,bigram,no_origin,12,unith,121,Faure,june_8_g0,0.998737373737374,1.0,1.0,0.9794520547945206,4,,20,4,8,0,11,8,6,1,3,1,6S,3S,,54,0,True,False,True,False,80
top_ten,svm,bigram,no_origin,12,unith,121,Faure,june_8_g0,0.998737373737374,1.0,1.0,0.9794520547945206,4,4,20,4,8,0,11,9,6,1,4,1,6S,4S,0.2055698790191844,54,49,True,True,True,True,80
top_ten,svm,bigram,no_origin,12,unith,121,Faure,june_8_g0,0.998737373737374,1.0,1.0,0.9794520547945206,4,4,20,4,8,0,11,10,6,1,5,1,6S,5S,0.19873552295329558,54,60,True,True,True,True,80
top_ten,svm,bigram,no_origin,12,unith,121,Faure,june_8_g0,0.998737373737374,1.0,1.0,0.9794520547945206,4,4,20,4,8,0,11,11,6,1,6,1,6S,6S,0.210059161981874,54,54,True,True,True,True,80
top_ten,svm,bigram,no_origin,12,unith,121,Nielsen,Nov_18_g0,0.990064289888954,0.9955191895577635,0.9658094681472823,0.46511627906976744,13,13,20,4,8,0,0,0,1,0,1,0,1H,1H,0.4371098726196008,57,57,True,True,True,True,1930
top_ten,svm,bigram,no_origin,12,unith,121,Nielsen,Nov_18_g0,0.990064289888954,0.9955191895577635,0.9658094681472823,0.46511627906976744,13,13,20,4,8,0,0,1,1,0,2,0,1H,2H,0.46371269628205214,57,63,True,True,True,True,1930
top_ten,svm,bigram,no_origin,12,unith,121,Nielsen,Nov_18_g0,0.990064289888954,0.9955191895577635,0.9658094681472823,0.46511627906976744,13,13,20,4,8,0,0,2,1,0,3,0,1H,3H,0.45550796902510554,57,67,True,True,True,True,1930
top_ten,svm,bigram,no_origin,12,unith,121,Nielsen,Nov_18_g0,0.990064289888954,0.9955191895577635,0.9658094681472823,0.46511627906976744,13,13,20,4,8,0,0,3,1,0,4,0,1H,4H,0.42468911674282783,57,43,True,True,True,True,1930
top_ten,svm,bigram,no_origin,12,unith,121,Nielsen,Nov_18_g0,0.990064289888954,0.9955191895577635,0.9658094681472823,0.46511627906976744,13,2,20,4,8,0,0,4,1,0,5,0,1H,5H,0.11495671483651748,57,5,True,True,True,False,1930
top_ten,svm,bigram,no_origin,12,unith,121,Nielsen,Nov_18_g0,0.990064289888954,0.9955191895577635,0.9658094681472823,0.46511627906976744,13,,20,4,8,0,0,5,1,0,6,0,1H,6H,,57,0,True,False,True,False,1930
top_ten,svm,bigram,no_origin,12,unith,121,Nielsen,Nov_18_g0,0.990064289888954,0.9955191895577635,0.9658094681472823,0.46511627906976744,13,,20,4,8,0,0,6,1,0,1,1,1H,1S,,57,0,True,False,True,False,1930
top_ten,svm,bigram,no_origin,12,unith,121,Nielsen,Nov_18_g0,0.990064289888954,0.9955191895577635,0.9658094681472823,0.46511627906976744,13,,20,4,8,0,0,7,1,0,2,1,1H,2S,,57,0,True,False,True,False,1930
top_ten,svm,bigram,no_origin,12,unith,121,Nielsen,Nov_18_g0,0.990064289888954,0.9955191895577635,0.9658094681472823,0.46511627906976744,13,,20,4,8,0,0,8,1,0,3,1,1H,3S,,57,0,True,False,True,False,1930
top_ten,svm,bigram,no_origin,12,unith,121,Nielsen,Nov_18_g0,0.990064289888954,0.9955191895577635,0.9658094681472823,0.46511627906976744,13,13,20,4,8,0,0,9,1,0,4,1,1H,4S,0.17789307424540388,57,27,True,True,True,True,1930
top_ten,svm,bigram,no_origin,12,unith,121,Nielsen,Nov_18_g0,0.990064289888954,0.9955191895577635,0.9658094681472823,0.46511627906976744,13,13,20,4,8,0,0,10,1,0,5,1,1H,5S,0.4067239256355963,57,76,True,True,True,True,1930
top_ten,svm,bigram,no_origin,12,unith,121,Nielsen,Nov_18_g0,0.990064289888954,0.9955191895577635,0.9658094681472823,0.46511627906976744,13,13,20,4,8,0,0,11,1,0,6,1,1H,6S,0.13182929032081941,57,84,True,True,True,True,1930
top_ten,svm,bigram,no_origin,12,unith,121,Nielsen,Nov_18_g0,0.990064289888954,0.9955191895577635,0.9658094681472823,0.46511627906976744,13,13,20,4,8,0,1,0,2,0,1,0,2H,1H,0.46371269628205214,63,57,True,True,True,True,1930
top_ten,svm,bigram,no_origin,12,unith,121,Nielsen,Nov_18_g0,0.990064289888954,0.9955191895577635,0.9658094681472823,0.46511627906976744,13,13,20,4,8,0,1,1,2,0,2,0,2H,2H,0.46556379401383835,63,63,True,True,True,True,1930
top_ten,svm,bigram,no_origin,12,unith,121,Nielsen,Nov_18_g0,0.990064289888954,0.9955191895577635,0.9658094681472823,0.46511627906976744,13,13,20,4,8,0,1,2,2,0,3,0,2H,3H,0.4130490025028114,63,67,True,True,True,True,1930
top_ten,svm,bigram,no_origin,12,unith,121,Nielsen,Nov_18_g0,0.990064289888954,0.9955191895577635,0.9658094681472823,0.46511627906976744,13,13,20,4,8,0,1,3,2,0,4,0,2H,4H,0.448207003922378,63,43,True,True,True,True,1930
top_ten,svm,bigram,no_origin,12,unith,121,Nielsen,Nov_18_g0,0.990064289888954,0.9955191895577635,0.9658094681472823,0.46511627906976744,13,2,20,4,8,0,1,4,2,0,5,0,2H,5H,0.13597561255568147,63,5,True,True,True,False,1930
top_ten,svm,bigram,no_origin,12,unith,121,Nielsen,Nov_18_g0,0.990064289888954,0.9955191895577635,0.9658094681472823,0.46511627906976744,13,,20,4,8,0,1,5,2,0,6,0,2H,6H,,63,0,True,False,True,False,1930
top_ten,svm,bigram,no_origin,12,unith,121,Nielsen,Nov_18_g0,0.990064289888954,0.9955191895577635,0.9658094681472823,0.46511627906976744,13,,20,4,8,0,1,6,2,0,1,1,2H,1S,,63,0,True,False,True,False,1930
top_ten,svm,bigram,no_origin,12,unith,121,Nielsen,Nov_18_g0,0.990064289888954,0.9955191895577635,0.9658094681472823,0.46511627906976744,13,,20,4,8,0,1,7,2,0,2,1,2H,2S,,63,0,True,False,True,False,1930
top_ten,svm,bigram,no_origin,12,unith,121,Nielsen,Nov_18_g0,0.990064289888954,0.9955191895577635,0.9658094681472823,0.46511627906976744,13,,20,4,8,0,1,8,2,0,3,1,2H,3S,,63,0,True,False,True,False,1930
top_ten,svm,bigram,no_origin,12,unith,121,Nielsen,Nov_18_g0,0.990064289888954,0.9955191895577635,0.9658094681472823,0.46511627906976744,13,13,20,4,8,0,1,9,2,0,4,1,2H,4S,0.18029095076993246,63,27,True,True,True,True,1930
top_ten,svm,bigram,no_origin,12,unith,121,Nielsen,Nov_18_g0,0.990064289888954,0.9955191895577635,0.9658094681472823,0.46511627906976744,13,13,20,4,8,0,1,10,2,0,5,1,2H,5S,0.40634321790984895,63,76,True,True,True,True,1930
top_ten,svm,bigram,no_origin,12,unith,121,Nielsen,Nov_18_g0,0.990064289888954,0.9955191895577635,0.9658094681472823,0.46511627906976744,13,13,20,4,8,0,1,11,2,0,6,1,2H,6S,0.19928032929875852,63,84,True,True,True,True,1930
top_ten,svm,bigram,no_origin,12,unith,121,Nielsen,Nov_18_g0,0.990064289888954,0.9955191895577635,0.9658094681472823,0.46511627906976744,13,13,20,4,8,0,2,0,3,0,1,0,3H,1H,0.45550796902510554,67,57,True,True,True,True,1930
top_ten,svm,bigram,no_origin,12,unith,121,Nielsen,Nov_18_g0,0.990064289888954,0.9955191895577635,0.9658094681472823,0.46511627906976744,13,13,20,4,8,0,2,1,3,0,2,0,3H,2H,0.4130490025028114,67,63,True,True,True,True,1930
top_ten,svm,bigram,no_origin,12,unith,121,Nielsen,Nov_18_g0,0.990064289888954,0.9955191895577635,0.9658094681472823,0.46511627906976744,13,13,20,4,8,0,2,2,3,0,3,0,3H,3H,0.415832598451059,67,67,True,True,True,True,1930
top_ten,svm,bigram,no_origin,12,unith,121,Nielsen,Nov_18_g0,0.990064289888954,0.9955191895577635,0.9658094681472823,0.46511627906976744,13,13,20,4,8,0,2,3,3,0,4,0,3H,4H,0.4233968519654483,67,43,True,True,True,True,1930
top_ten,svm,bigram,no_origin,12,unith,121,Nielsen,Nov_18_g0,0.990064289888954,0.9955191895577635,0.9658094681472823,0.46511627906976744,13,2,20,4,8,0,2,4,3,0,5,0,3H,5H,0.12109143268361793,67,5,True,True,True,False,1930
top_ten,svm,bigram,no_origin,12,unith,121,Nielsen,Nov_18_g0,0.990064289888954,0.9955191895577635,0.9658094681472823,0.46511627906976744,13,,20,4,8,0,2,5,3,0,6,0,3H,6H,,67,0,True,False,True,False,1930
top_ten,svm,bigram,no_origin,12,unith,121,Nielsen,Nov_18_g0,0.990064289888954,0.9955191895577635,0.9658094681472823,0.46511627906976744,13,,20,4,8,0,2,6,3,0,1,1,3H,1S,,67,0,True,False,True,False,1930
top_ten,svm,bigram,no_origin,12,unith,121,Nielsen,Nov_18_g0,0.990064289888954,0.9955191895577635,0.9658094681472823,0.46511627906976744,13,,20,4,8,0,2,7,3,0,2,1,3H,2S,,67,0,True,False,True,False,1930
top_ten,svm,bigram,no_origin,12,unith,121,Nielsen,Nov_18_g0,0.990064289888954,0.9955191895577635,0.9658094681472823,0.46511627906976744,13,,20,4,8,0,2,8,3,0,3,1,3H,3S,,67,0,True,False,True,False,1930
top_ten,svm,bigram,no_origin,12,unith,121,Nielsen,Nov_18_g0,0.990064289888954,0.9955191895577635,0.9658094681472823,0.46511627906976744,13,13,20,4,8,0,2,9,3,0,4,1,3H,4S,0.19252590593620836,67,27,True,True,True,True,1930
top_ten,svm,bigram,no_origin,12,unith,121,Nielsen,Nov_18_g0,0.990064289888954,0.9955191895577635,0.9658094681472823,0.46511627906976744,13,13,20,4,8,0,2,10,3,0,5,1,3H,5S,0.38030119086145964,67,76,True,True,True,True,1930
top_ten,svm,bigram,no_origin,12,unith,121,Nielsen,Nov_18_g0,0.990064289888954,0.9955191895577635,0.9658094681472823,0.46511627906976744,13,13,20,4,8,0,2,11,3,0,6,1,3H,6S,0.16881008742631684,67,84,True,True,True,True,1930
top_ten,svm,bigram,no_origin,12,unith,121,Nielsen,Nov_18_g0,0.990064289888954,0.9955191895577635,0.9658094681472823,0.46511627906976744,13,13,20,4,8,0,3,0,4,0,1,0,4H,1H,0.42468911674282783,43,57,True,True,True,True,1930
top_ten,svm,bigram,no_origin,12,unith,121,Nielsen,Nov_18_g0,0.990064289888954,0.9955191895577635,0.9658094681472823,0.46511627906976744,13,13,20,4,8,0,3,1,4,0,2,0,4H,2H,0.448207003922378,43,63,True,True,True,True,1930
top_ten,svm,bigram,no_origin,12,unith,121,Nielsen,Nov_18_g0,0.990064289888954,0.9955191895577635,0.9658094681472823,0.46511627906976744,13,13,20,4,8,0,3,2,4,0,3,0,4H,3H,0.4233968519654483,43,67,True,True,True,True,1930
top_ten,svm,bigram,no_origin,12,unith,121,Nielsen,Nov_18_g0,0.990064289888954,0.9955191895577635,0.9658094681472823,0.46511627906976744,13,13,20,4,8,0,3,3,4,0,4,0,4H,4H,0.42754291651360354,43,43,True,True,True,True,1930
top_ten,svm,bigram,no_origin,12,unith,121,Nielsen,Nov_18_g0,0.990064289888954,0.9955191895577635,0.9658094681472823,0.46511627906976744,13,2,20,4,8,0,3,4,4,0,5,0,4H,5H,0.16322233105021886,43,5,True,True,True,False,1930
top_ten,svm,bigram,no_origin,12,unith,121,Nielsen,Nov_18_g0,0.990064289888954,0.9955191895577635,0.9658094681472823,0.46511627906976744,13,,20,4,8,0,3,5,4,0,6,0,4H,6H,,43,0,True,False,True,False,1930
top_ten,svm,bigram,no_origin,12,unith,121,Nielsen,Nov_18_g0,0.990064289888954,0.9955191895577635,0.9658094681472823,0.46511627906976744,13,,20,4,8,0,3,6,4,0,1,1,4H,1S,,43,0,True,False,True,False,1930
top_ten,svm,bigram,no_origin,12,unith,121,Nielsen,Nov_18_g0,0.990064289888954,0.9955191895577635,0.9658094681472823,0.46511627906976744,13,,20,4,8,0,3,7,4,0,2,1,4H,2S,,43,0,True,False,True,False,1930
top_ten,svm,bigram,no_origin,12,unith,121,Nielsen,Nov_18_g0,0.990064289888954,0.9955191895577635,0.9658094681472823,0.46511627906976744,13,,20,4,8,0,3,8,4,0,3,1,4H,3S,,43,0,True,False,True,False,1930
top_ten,svm,bigram,no_origin,12,unith,121,Nielsen,Nov_18_g0,0.990064289888954,0.9955191895577635,0.9658094681472823,0.46511627906976744,13,13,20,4,8,0,3,9,4,0,4,1,4H,4S,0.0923738478229553,43,27,True,True,True,True,1930
top_ten,svm,bigram,no_origin,12,unith,121,Nielsen,Nov_18_g0,0.990064289888954,0.9955191895577635,0.9658094681472823,0.46511627906976744,13,13,20,4,8,0,3,10,4,0,5,1,4H,5S,0.4920817835175547,43,76,True,True,True,True,1930
top_ten,svm,bigram,no_origin,12,unith,121,Nielsen,Nov_18_g0,0.990064289888954,0.9955191895577635,0.9658094681472823,0.46511627906976744,13,13,20,4,8,0,3,11,4,0,6,1,4H,6S,0.2100538914509901,43,84,True,True,True,True,1930
top_ten,svm,bigram,no_origin,12,unith,121,Nielsen,Nov_18_g0,0.990064289888954,0.9955191895577635,0.9658094681472823,0.46511627906976744,2,13,20,4,8,0,4,0,5,0,1,0,5H,1H,0.11495671483651748,5,57,True,True,False,True,1930
top_ten,svm,bigram,no_origin,12,unith,121,Nielsen,Nov_18_g0,0.990064289888954,0.9955191895577635,0.9658094681472823,0.46511627906976744,2,13,20,4,8,0,4,1,5,0,2,0,5H,2H,0.13597561255568147,5,63,True,True,False,True,1930
top_ten,svm,bigram,no_origin,12,unith,121,Nielsen,Nov_18_g0,0.990064289888954,0.9955191895577635,0.9658094681472823,0.46511627906976744,2,13,20,4,8,0,4,2,5,0,3,0,5H,3H,0.12109143268361793,5,67,True,True,False,True,1930
top_ten,svm,bigram,no_origin,12,unith,121,Nielsen,Nov_18_g0,0.990064289888954,0.9955191895577635,0.9658094681472823,0.46511627906976744,2,13,20,4,8,0,4,3,5,0,4,0,5H,4H,0.16322233105021886,5,43,True,True,False,True,1930
top_ten,svm,bigram,no_origin,12,unith,121,Nielsen,Nov_18_g0,0.990064289888954,0.9955191895577635,0.9658094681472823,0.46511627906976744,2,2,20,4,8,0,4,4,5,0,5,0,5H,5H,0.4192346228704182,5,5,True,True,False,False,1930
top_ten,svm,bigram,no_origin,12,unith,121,Nielsen,Nov_18_g0,0.990064289888954,0.9955191895577635,0.9658094681472823,0.46511627906976744,2,,20,4,8,0,4,5,5,0,6,0,5H,6H,,5,0,True,False,False,False,1930
top_ten,svm,bigram,no_origin,12,unith,121,Nielsen,Nov_18_g0,0.990064289888954,0.9955191895577635,0.9658094681472823,0.46511627906976744,2,,20,4,8,0,4,6,5,0,1,1,5H,1S,,5,0,True,False,False,False,1930
top_ten,svm,bigram,no_origin,12,unith,121,Nielsen,Nov_18_g0,0.990064289888954,0.9955191895577635,0.9658094681472823,0.46511627906976744,2,,20,4,8,0,4,7,5,0,2,1,5H,2S,,5,0,True,False,False,False,1930
top_ten,svm,bigram,no_origin,12,unith,121,Nielsen,Nov_18_g0,0.990064289888954,0.9955191895577635,0.9658094681472823,0.46511627906976744,2,,20,4,8,0,4,8,5,0,3,1,5H,3S,,5,0,True,False,False,False,1930
top_ten,svm,bigram,no_origin,12,unith,121,Nielsen,Nov_18_g0,0.990064289888954,0.9955191895577635,0.9658094681472823,0.46511627906976744,2,13,20,4,8,0,4,9,5,0,4,1,5H,4S,0.016334866271470246,5,27,True,True,False,True,1930
top_ten,svm,bigram,no_origin,12,unith,121,Nielsen,Nov_18_g0,0.990064289888954,0.9955191895577635,0.9658094681472823,0.46511627906976744,2,13,20,4,8,0,4,10,5,0,5,1,5H,5S,0.32176009197862165,5,76,True,True,False,True,1930
top_ten,svm,bigram,no_origin,12,unith,121,Nielsen,Nov_18_g0,0.990064289888954,0.9955191895577635,0.9658094681472823,0.46511627906976744,2,13,20,4,8,0,4,11,5,0,6,1,5H,6S,0.16164918976222464,5,84,True,True,False,True,1930
top_ten,svm,bigram,no_origin,12,unith,121,Nielsen,Nov_18_g0,0.990064289888954,0.9955191895577635,0.9658094681472823,0.46511627906976744,,13,20,4,8,0,5,0,6,0,1,0,6H,1H,,0,57,False,True,False,True,1930
top_ten,svm,bigram,no_origin,12,unith,121,Nielsen,Nov_18_g0,0.990064289888954,0.9955191895577635,0.9658094681472823,0.46511627906976744,,13,20,4,8,0,5,1,6,0,2,0,6H,2H,,0,63,False,True,False,True,1930
top_ten,svm,bigram,no_origin,12,unith,121,Nielsen,Nov_18_g0,0.990064289888954,0.9955191895577635,0.9658094681472823,0.46511627906976744,,13,20,4,8,0,5,2,6,0,3,0,6H,3H,,0,67,False,True,False,True,1930
top_ten,svm,bigram,no_origin,12,unith,121,Nielsen,Nov_18_g0,0.990064289888954,0.9955191895577635,0.9658094681472823,0.46511627906976744,,13,20,4,8,0,5,3,6,0,4,0,6H,4H,,0,43,False,True,False,True,1930
top_ten,svm,bigram,no_origin,12,unith,121,Nielsen,Nov_18_g0,0.990064289888954,0.9955191895577635,0.9658094681472823,0.46511627906976744,,2,20,4,8,0,5,4,6,0,5,0,6H,5H,,0,5,False,True,False,False,1930
top_ten,svm,bigram,no_origin,12,unith,121,Nielsen,Nov_18_g0,0.990064289888954,0.9955191895577635,0.9658094681472823,0.46511627906976744,,,20,4,8,0,5,5,6,0,6,0,6H,6H,,0,0,False,False,False,False,1930
top_ten,svm,bigram,no_origin,12,unith,121,Nielsen,Nov_18_g0,0.990064289888954,0.9955191895577635,0.9658094681472823,0.46511627906976744,,,20,4,8,0,5,6,6,0,1,1,6H,1S,,0,0,False,False,False,False,1930
top_ten,svm,bigram,no_origin,12,unith,121,Nielsen,Nov_18_g0,0.990064289888954,0.9955191895577635,0.9658094681472823,0.46511627906976744,,,20,4,8,0,5,7,6,0,2,1,6H,2S,,0,0,False,False,False,False,1930
top_ten,svm,bigram,no_origin,12,unith,121,Nielsen,Nov_18_g0,0.990064289888954,0.9955191895577635,0.9658094681472823,0.46511627906976744,,,20,4,8,0,5,8,6,0,3,1,6H,3S,,0,0,False,False,False,False,1930
top_ten,svm,bigram,no_origin,12,unith,121,Nielsen,Nov_18_g0,0.990064289888954,0.9955191895577635,0.9658094681472823,0.46511627906976744,,13,20,4,8,0,5,9,6,0,4,1,6H,4S,,0,27,False,True,False,True,1930
top_ten,svm,bigram,no_origin,12,unith,121,Nielsen,Nov_18_g0,0.990064289888954,0.9955191895577635,0.9658094681472823,0.46511627906976744,,13,20,4,8,0,5,10,6,0,5,1,6H,5S,,0,76,False,True,False,True,1930
top_ten,svm,bigram,no_origin,12,unith,121,Nielsen,Nov_18_g0,0.990064289888954,0.9955191895577635,0.9658094681472823,0.46511627906976744,,13,20,4,8,0,5,11,6,0,6,1,6H,6S,,0,84,False,True,False,True,1930
top_ten,svm,bigram,no_origin,12,unith,121,Nielsen,Nov_18_g0,0.990064289888954,0.9955191895577635,0.9658094681472823,0.46511627906976744,,13,20,4,8,0,6,0,1,1,1,0,1S,1H,,0,57,False,True,False,True,1930
top_ten,svm,bigram,no_origin,12,unith,121,Nielsen,Nov_18_g0,0.990064289888954,0.9955191895577635,0.9658094681472823,0.46511627906976744,,13,20,4,8,0,6,1,1,1,2,0,1S,2H,,0,63,False,True,False,True,1930
top_ten,svm,bigram,no_origin,12,unith,121,Nielsen,Nov_18_g0,0.990064289888954,0.9955191895577635,0.9658094681472823,0.46511627906976744,,13,20,4,8,0,6,2,1,1,3,0,1S,3H,,0,67,False,True,False,True,1930
top_ten,svm,bigram,no_origin,12,unith,121,Nielsen,Nov_18_g0,0.990064289888954,0.9955191895577635,0.9658094681472823,0.46511627906976744,,13,20,4,8,0,6,3,1,1,4,0,1S,4H,,0,43,False,True,False,True,1930
top_ten,svm,bigram,no_origin,12,unith,121,Nielsen,Nov_18_g0,0.990064289888954,0.9955191895577635,0.9658094681472823,0.46511627906976744,,2,20,4,8,0,6,4,1,1,5,0,1S,5H,,0,5,False,True,False,False,1930
top_ten,svm,bigram,no_origin,12,unith,121,Nielsen,Nov_18_g0,0.990064289888954,0.9955191895577635,0.9658094681472823,0.46511627906976744,,,20,4,8,0,6,5,1,1,6,0,1S,6H,,0,0,False,False,False,False,1930
top_ten,svm,bigram,no_origin,12,unith,121,Nielsen,Nov_18_g0,0.990064289888954,0.9955191895577635,0.9658094681472823,0.46511627906976744,,,20,4,8,0,6,6,1,1,1,1,1S,1S,,0,0,False,False,False,False,1930
top_ten,svm,bigram,no_origin,12,unith,121,Nielsen,Nov_18_g0,0.990064289888954,0.9955191895577635,0.9658094681472823,0.46511627906976744,,,20,4,8,0,6,7,1,1,2,1,1S,2S,,0,0,False,False,False,False,1930
top_ten,svm,bigram,no_origin,12,unith,121,Nielsen,Nov_18_g0,0.990064289888954,0.9955191895577635,0.9658094681472823,0.46511627906976744,,,20,4,8,0,6,8,1,1,3,1,1S,3S,,0,0,False,False,False,False,1930
top_ten,svm,bigram,no_origin,12,unith,121,Nielsen,Nov_18_g0,0.990064289888954,0.9955191895577635,0.9658094681472823,0.46511627906976744,,13,20,4,8,0,6,9,1,1,4,1,1S,4S,,0,27,False,True,False,True,1930
top_ten,svm,bigram,no_origin,12,unith,121,Nielsen,Nov_18_g0,0.990064289888954,0.9955191895577635,0.9658094681472823,0.46511627906976744,,13,20,4,8,0,6,10,1,1,5,1,1S,5S,,0,76,False,True,False,True,1930
top_ten,svm,bigram,no_origin,12,unith,121,Nielsen,Nov_18_g0,0.990064289888954,0.9955191895577635,0.9658094681472823,0.46511627906976744,,13,20,4,8,0,6,11,1,1,6,1,1S,6S,,0,84,False,True,False,True,1930
top_ten,svm,bigram,no_origin,12,unith,121,Nielsen,Nov_18_g0,0.990064289888954,0.9955191895577635,0.9658094681472823,0.46511627906976744,,13,20,4,8,0,7,0,2,1,1,0,2S,1H,,0,57,False,True,False,True,1930
top_ten,svm,bigram,no_origin,12,unith,121,Nielsen,Nov_18_g0,0.990064289888954,0.9955191895577635,0.9658094681472823,0.46511627906976744,,13,20,4,8,0,7,1,2,1,2,0,2S,2H,,0,63,False,True,False,True,1930
top_ten,svm,bigram,no_origin,12,unith,121,Nielsen,Nov_18_g0,0.990064289888954,0.9955191895577635,0.9658094681472823,0.46511627906976744,,13,20,4,8,0,7,2,2,1,3,0,2S,3H,,0,67,False,True,False,True,1930
top_ten,svm,bigram,no_origin,12,unith,121,Nielsen,Nov_18_g0,0.990064289888954,0.9955191895577635,0.9658094681472823,0.46511627906976744,,13,20,4,8,0,7,3,2,1,4,0,2S,4H,,0,43,False,True,False,True,1930
top_ten,svm,bigram,no_origin,12,unith,121,Nielsen,Nov_18_g0,0.990064289888954,0.9955191895577635,0.9658094681472823,0.46511627906976744,,2,20,4,8,0,7,4,2,1,5,0,2S,5H,,0,5,False,True,False,False,1930
top_ten,svm,bigram,no_origin,12,unith,121,Nielsen,Nov_18_g0,0.990064289888954,0.9955191895577635,0.9658094681472823,0.46511627906976744,,,20,4,8,0,7,5,2,1,6,0,2S,6H,,0,0,False,False,False,False,1930
top_ten,svm,bigram,no_origin,12,unith,121,Nielsen,Nov_18_g0,0.990064289888954,0.9955191895577635,0.9658094681472823,0.46511627906976744,,,20,4,8,0,7,6,2,1,1,1,2S,1S,,0,0,False,False,False,False,1930
top_ten,svm,bigram,no_origin,12,unith,121,Nielsen,Nov_18_g0,0.990064289888954,0.9955191895577635,0.9658094681472823,0.46511627906976744,,,20,4,8,0,7,7,2,1,2,1,2S,2S,,0,0,False,False,False,False,1930
top_ten,svm,bigram,no_origin,12,unith,121,Nielsen,Nov_18_g0,0.990064289888954,0.9955191895577635,0.9658094681472823,0.46511627906976744,,,20,4,8,0,7,8,2,1,3,1,2S,3S,,0,0,False,False,False,False,1930
top_ten,svm,bigram,no_origin,12,unith,121,Nielsen,Nov_18_g0,0.990064289888954,0.9955191895577635,0.9658094681472823,0.46511627906976744,,13,20,4,8,0,7,9,2,1,4,1,2S,4S,,0,27,False,True,False,True,1930
top_ten,svm,bigram,no_origin,12,unith,121,Nielsen,Nov_18_g0,0.990064289888954,0.9955191895577635,0.9658094681472823,0.46511627906976744,,13,20,4,8,0,7,10,2,1,5,1,2S,5S,,0,76,False,True,False,True,1930
top_ten,svm,bigram,no_origin,12,unith,121,Nielsen,Nov_18_g0,0.990064289888954,0.9955191895577635,0.9658094681472823,0.46511627906976744,,13,20,4,8,0,7,11,2,1,6,1,2S,6S,,0,84,False,True,False,True,1930
top_ten,svm,bigram,no_origin,12,unith,121,Nielsen,Nov_18_g0,0.990064289888954,0.9955191895577635,0.9658094681472823,0.46511627906976744,,13,20,4,8,0,8,0,3,1,1,0,3S,1H,,0,57,False,True,False,True,1930
top_ten,svm,bigram,no_origin,12,unith,121,Nielsen,Nov_18_g0,0.990064289888954,0.9955191895577635,0.9658094681472823,0.46511627906976744,,13,20,4,8,0,8,1,3,1,2,0,3S,2H,,0,63,False,True,False,True,1930
top_ten,svm,bigram,no_origin,12,unith,121,Nielsen,Nov_18_g0,0.990064289888954,0.9955191895577635,0.9658094681472823,0.46511627906976744,,13,20,4,8,0,8,2,3,1,3,0,3S,3H,,0,67,False,True,False,True,1930
top_ten,svm,bigram,no_origin,12,unith,121,Nielsen,Nov_18_g0,0.990064289888954,0.9955191895577635,0.9658094681472823,0.46511627906976744,,13,20,4,8,0,8,3,3,1,4,0,3S,4H,,0,43,False,True,False,True,1930
top_ten,svm,bigram,no_origin,12,unith,121,Nielsen,Nov_18_g0,0.990064289888954,0.9955191895577635,0.9658094681472823,0.46511627906976744,,2,20,4,8,0,8,4,3,1,5,0,3S,5H,,0,5,False,True,False,False,1930
top_ten,svm,bigram,no_origin,12,unith,121,Nielsen,Nov_18_g0,0.990064289888954,0.9955191895577635,0.9658094681472823,0.46511627906976744,,,20,4,8,0,8,5,3,1,6,0,3S,6H,,0,0,False,False,False,False,1930
top_ten,svm,bigram,no_origin,12,unith,121,Nielsen,Nov_18_g0,0.990064289888954,0.9955191895577635,0.9658094681472823,0.46511627906976744,,,20,4,8,0,8,6,3,1,1,1,3S,1S,,0,0,False,False,False,False,1930
top_ten,svm,bigram,no_origin,12,unith,121,Nielsen,Nov_18_g0,0.990064289888954,0.9955191895577635,0.9658094681472823,0.46511627906976744,,,20,4,8,0,8,7,3,1,2,1,3S,2S,,0,0,False,False,False,False,1930
top_ten,svm,bigram,no_origin,12,unith,121,Nielsen,Nov_18_g0,0.990064289888954,0.9955191895577635,0.9658094681472823,0.46511627906976744,,,20,4,8,0,8,8,3,1,3,1,3S,3S,,0,0,False,False,False,False,1930
top_ten,svm,bigram,no_origin,12,unith,121,Nielsen,Nov_18_g0,0.990064289888954,0.9955191895577635,0.9658094681472823,0.46511627906976744,,13,20,4,8,0,8,9,3,1,4,1,3S,4S,,0,27,False,True,False,True,1930
top_ten,svm,bigram,no_origin,12,unith,121,Nielsen,Nov_18_g0,0.990064289888954,0.9955191895577635,0.9658094681472823,0.46511627906976744,,13,20,4,8,0,8,10,3,1,5,1,3S,5S,,0,76,False,True,False,True,1930
top_ten,svm,bigram,no_origin,12,unith,121,Nielsen,Nov_18_g0,0.990064289888954,0.9955191895577635,0.9658094681472823,0.46511627906976744,,13,20,4,8,0,8,11,3,1,6,1,3S,6S,,0,84,False,True,False,True,1930
top_ten,svm,bigram,no_origin,12,unith,121,Nielsen,Nov_18_g0,0.990064289888954,0.9955191895577635,0.9658094681472823,0.46511627906976744,13,13,20,4,8,0,9,0,4,1,1,0,4S,1H,0.17789307424540388,27,57,True,True,True,True,1930
top_ten,svm,bigram,no_origin,12,unith,121,Nielsen,Nov_18_g0,0.990064289888954,0.9955191895577635,0.9658094681472823,0.46511627906976744,13,13,20,4,8,0,9,1,4,1,2,0,4S,2H,0.18029095076993246,27,63,True,True,True,True,1930
top_ten,svm,bigram,no_origin,12,unith,121,Nielsen,Nov_18_g0,0.990064289888954,0.9955191895577635,0.9658094681472823,0.46511627906976744,13,13,20,4,8,0,9,2,4,1,3,0,4S,3H,0.19252590593620836,27,67,True,True,True,True,1930
top_ten,svm,bigram,no_origin,12,unith,121,Nielsen,Nov_18_g0,0.990064289888954,0.9955191895577635,0.9658094681472823,0.46511627906976744,13,13,20,4,8,0,9,3,4,1,4,0,4S,4H,0.0923738478229553,27,43,True,True,True,True,1930
top_ten,svm,bigram,no_origin,12,unith,121,Nielsen,Nov_18_g0,0.990064289888954,0.9955191895577635,0.9658094681472823,0.46511627906976744,13,2,20,4,8,0,9,4,4,1,5,0,4S,5H,0.016334866271470246,27,5,True,True,True,False,1930
top_ten,svm,bigram,no_origin,12,unith,121,Nielsen,Nov_18_g0,0.990064289888954,0.9955191895577635,0.9658094681472823,0.46511627906976744,13,,20,4,8,0,9,5,4,1,6,0,4S,6H,,27,0,True,False,True,False,1930
top_ten,svm,bigram,no_origin,12,unith,121,Nielsen,Nov_18_g0,0.990064289888954,0.9955191895577635,0.9658094681472823,0.46511627906976744,13,,20,4,8,0,9,6,4,1,1,1,4S,1S,,27,0,True,False,True,False,1930
top_ten,svm,bigram,no_origin,12,unith,121,Nielsen,Nov_18_g0,0.990064289888954,0.9955191895577635,0.9658094681472823,0.46511627906976744,13,,20,4,8,0,9,7,4,1,2,1,4S,2S,,27,0,True,False,True,False,1930
top_ten,svm,bigram,no_origin,12,unith,121,Nielsen,Nov_18_g0,0.990064289888954,0.9955191895577635,0.9658094681472823,0.46511627906976744,13,,20,4,8,0,9,8,4,1,3,1,4S,3S,,27,0,True,False,True,False,1930
top_ten,svm,bigram,no_origin,12,unith,121,Nielsen,Nov_18_g0,0.990064289888954,0.9955191895577635,0.9658094681472823,0.46511627906976744,13,13,20,4,8,0,9,9,4,1,4,1,4S,4S,0.44834486147439795,27,27,True,True,True,True,1930
top_ten,svm,bigram,no_origin,12,unith,121,Nielsen,Nov_18_g0,0.990064289888954,0.9955191895577635,0.9658094681472823,0.46511627906976744,13,13,20,4,8,0,9,10,4,1,5,1,4S,5S,0.08574445906214137,27,76,True,True,True,True,1930
top_ten,svm,bigram,no_origin,12,unith,121,Nielsen,Nov_18_g0,0.990064289888954,0.9955191895577635,0.9658094681472823,0.46511627906976744,13,13,20,4,8,0,9,11,4,1,6,1,4S,6S,0.28580777827328313,27,84,True,True,True,True,1930
top_ten,svm,bigram,no_origin,12,unith,121,Nielsen,Nov_18_g0,0.990064289888954,0.9955191895577635,0.9658094681472823,0.46511627906976744,13,13,20,4,8,0,10,0,5,1,1,0,5S,1H,0.4067239256355963,76,57,True,True,True,True,1930
top_ten,svm,bigram,no_origin,12,unith,121,Nielsen,Nov_18_g0,0.990064289888954,0.9955191895577635,0.9658094681472823,0.46511627906976744,13,13,20,4,8,0,10,1,5,1,2,0,5S,2H,0.40634321790984895,76,63,True,True,True,True,1930
top_ten,svm,bigram,no_origin,12,unith,121,Nielsen,Nov_18_g0,0.990064289888954,0.9955191895577635,0.9658094681472823,0.46511627906976744,13,13,20,4,8,0,10,2,5,1,3,0,5S,3H,0.38030119086145964,76,67,True,True,True,True,1930
top_ten,svm,bigram,no_origin,12,unith,121,Nielsen,Nov_18_g0,0.990064289888954,0.9955191895577635,0.9658094681472823,0.46511627906976744,13,13,20,4,8,0,10,3,5,1,4,0,5S,4H,0.4920817835175547,76,43,True,True,True,True,1930
top_ten,svm,bigram,no_origin,12,unith,121,Nielsen,Nov_18_g0,0.990064289888954,0.9955191895577635,0.9658094681472823,0.46511627906976744,13,2,20,4,8,0,10,4,5,1,5,0,5S,5H,0.32176009197862165,76,5,True,True,True,False,1930
top_ten,svm,bigram,no_origin,12,unith,121,Nielsen,Nov_18_g0,0.990064289888954,0.9955191895577635,0.9658094681472823,0.46511627906976744,13,,20,4,8,0,10,5,5,1,6,0,5S,6H,,76,0,True,False,True,False,1930
top_ten,svm,bigram,no_origin,12,unith,121,Nielsen,Nov_18_g0,0.990064289888954,0.9955191895577635,0.9658094681472823,0.46511627906976744,13,,20,4,8,0,10,6,5,1,1,1,5S,1S,,76,0,True,False,True,False,1930
top_ten,svm,bigram,no_origin,12,unith,121,Nielsen,Nov_18_g0,0.990064289888954,0.9955191895577635,0.9658094681472823,0.46511627906976744,13,,20,4,8,0,10,7,5,1,2,1,5S,2S,,76,0,True,False,True,False,1930
top_ten,svm,bigram,no_origin,12,unith,121,Nielsen,Nov_18_g0,0.990064289888954,0.9955191895577635,0.9658094681472823,0.46511627906976744,13,,20,4,8,0,10,8,5,1,3,1,5S,3S,,76,0,True,False,True,False,1930
top_ten,svm,bigram,no_origin,12,unith,121,Nielsen,Nov_18_g0,0.990064289888954,0.9955191895577635,0.9658094681472823,0.46511627906976744,13,13,20,4,8,0,10,9,5,1,4,1,5S,4S,0.08574445906214137,76,27,True,True,True,True,1930
top_ten,svm,bigram,no_origin,12,unith,121,Nielsen,Nov_18_g0,0.990064289888954,0.9955191895577635,0.9658094681472823,0.46511627906976744,13,13,20,4,8,0,10,10,5,1,5,1,5S,5S,0.527464478947605,76,76,True,True,True,True,1930
top_ten,svm,bigram,no_origin,12,unith,121,Nielsen,Nov_18_g0,0.990064289888954,0.9955191895577635,0.9658094681472823,0.46511627906976744,13,13,20,4,8,0,10,11,5,1,6,1,5S,6S,0.23248744211647399,76,84,True,True,True,True,1930
top_ten,svm,bigram,no_origin,12,unith,121,Nielsen,Nov_18_g0,0.990064289888954,0.9955191895577635,0.9658094681472823,0.46511627906976744,13,13,20,4,8,0,11,0,6,1,1,0,6S,1H,0.13182929032081941,84,57,True,True,True,True,1930
top_ten,svm,bigram,no_origin,12,unith,121,Nielsen,Nov_18_g0,0.990064289888954,0.9955191895577635,0.9658094681472823,0.46511627906976744,13,13,20,4,8,0,11,1,6,1,2,0,6S,2H,0.19928032929875852,84,63,True,True,True,True,1930
top_ten,svm,bigram,no_origin,12,unith,121,Nielsen,Nov_18_g0,0.990064289888954,0.9955191895577635,0.9658094681472823,0.46511627906976744,13,13,20,4,8,0,11,2,6,1,3,0,6S,3H,0.16881008742631684,84,67,True,True,True,True,1930
top_ten,svm,bigram,no_origin,12,unith,121,Nielsen,Nov_18_g0,0.990064289888954,0.9955191895577635,0.9658094681472823,0.46511627906976744,13,13,20,4,8,0,11,3,6,1,4,0,6S,4H,0.2100538914509901,84,43,True,True,True,True,1930
top_ten,svm,bigram,no_origin,12,unith,121,Nielsen,Nov_18_g0,0.990064289888954,0.9955191895577635,0.9658094681472823,0.46511627906976744,13,2,20,4,8,0,11,4,6,1,5,0,6S,5H,0.16164918976222464,84,5,True,True,True,False,1930
top_ten,svm,bigram,no_origin,12,unith,121,Nielsen,Nov_18_g0,0.990064289888954,0.9955191895577635,0.9658094681472823,0.46511627906976744,13,,20,4,8,0,11,5,6,1,6,0,6S,6H,,84,0,True,False,True,False,1930
top_ten,svm,bigram,no_origin,12,unith,121,Nielsen,Nov_18_g0,0.990064289888954,0.9955191895577635,0.9658094681472823,0.46511627906976744,13,,20,4,8,0,11,6,6,1,1,1,6S,1S,,84,0,True,False,True,False,1930
top_ten,svm,bigram,no_origin,12,unith,121,Nielsen,Nov_18_g0,0.990064289888954,0.9955191895577635,0.9658094681472823,0.46511627906976744,13,,20,4,8,0,11,7,6,1,2,1,6S,2S,,84,0,True,False,True,False,1930
top_ten,svm,bigram,no_origin,12,unith,121,Nielsen,Nov_18_g0,0.990064289888954,0.9955191895577635,0.9658094681472823,0.46511627906976744,13,,20,4,8,0,11,8,6,1,3,1,6S,3S,,84,0,True,False,True,False,1930
top_ten,svm,bigram,no_origin,12,unith,121,Nielsen,Nov_18_g0,0.990064289888954,0.9955191895577635,0.9658094681472823,0.46511627906976744,13,13,20,4,8,0,11,9,6,1,4,1,6S,4S,0.28580777827328313,84,27,True,True,True,True,1930
top_ten,svm,bigram,no_origin,12,unith,121,Nielsen,Nov_18_g0,0.990064289888954,0.9955191895577635,0.9658094681472823,0.46511627906976744,13,13,20,4,8,0,11,10,6,1,5,1,6S,5S,0.23248744211647399,84,76,True,True,True,True,1930
top_ten,svm,bigram,no_origin,12,unith,121,Nielsen,Nov_18_g0,0.990064289888954,0.9955191895577635,0.9658094681472823,0.46511627906976744,13,13,20,4,8,0,11,11,6,1,6,1,6S,6S,0.5920774198218557,84,84,True,True,True,True,1930
top_ten,svm,bigram,no_origin,12,unith,121,Nielsen,Nov_1_g0,0.96875,0.9744318181818181,0.9217657342657343,0.9030612244897959,4,4,20,4,8,0,0,0,1,0,1,0,1H,1H,0.1684292003926616,48,48,True,True,True,True,1930
top_ten,svm,bigram,no_origin,12,unith,121,Nielsen,Nov_1_g0,0.96875,0.9744318181818181,0.9217657342657343,0.9030612244897959,4,4,20,4,8,0,0,1,1,0,2,0,1H,2H,0.21951753666648322,48,42,True,True,True,True,1930
top_ten,svm,bigram,no_origin,12,unith,121,Nielsen,Nov_1_g0,0.96875,0.9744318181818181,0.9217657342657343,0.9030612244897959,4,4,20,4,8,0,0,2,1,0,3,0,1H,3H,0.1122160510238542,48,54,True,True,True,True,1930
top_ten,svm,bigram,no_origin,12,unith,121,Nielsen,Nov_1_g0,0.96875,0.9744318181818181,0.9217657342657343,0.9030612244897959,4,4,20,4,8,0,0,3,1,0,4,0,1H,4H,0.12660761734668552,48,54,True,True,True,True,1930
top_ten,svm,bigram,no_origin,12,unith,121,Nielsen,Nov_1_g0,0.96875,0.9744318181818181,0.9217657342657343,0.9030612244897959,4,4,20,4,8,0,0,4,1,0,5,0,1H,5H,0.23296038893079288,48,14,True,True,True,True,1930
top_ten,svm,bigram,no_origin,12,unith,121,Nielsen,Nov_1_g0,0.96875,0.9744318181818181,0.9217657342657343,0.9030612244897959,4,,20,4,8,0,0,5,1,0,6,0,1H,6H,,48,0,True,False,True,False,1930
top_ten,svm,bigram,no_origin,12,unith,121,Nielsen,Nov_1_g0,0.96875,0.9744318181818181,0.9217657342657343,0.9030612244897959,4,,20,4,8,0,0,6,1,0,1,1,1H,1S,,48,0,True,False,True,False,1930
top_ten,svm,bigram,no_origin,12,unith,121,Nielsen,Nov_1_g0,0.96875,0.9744318181818181,0.9217657342657343,0.9030612244897959,4,4,20,4,8,0,0,7,1,0,2,1,1H,2S,0.14988703704497314,48,12,True,True,True,True,1930
top_ten,svm,bigram,no_origin,12,unith,121,Nielsen,Nov_1_g0,0.96875,0.9744318181818181,0.9217657342657343,0.9030612244897959,4,4,20,4,8,0,0,8,1,0,3,1,1H,3S,0.07392403333038647,48,9,True,True,True,True,1930
top_ten,svm,bigram,no_origin,12,unith,121,Nielsen,Nov_1_g0,0.96875,0.9744318181818181,0.9217657342657343,0.9030612244897959,4,4,20,4,8,0,0,9,1,0,4,1,1H,4S,0.2824683820910391,48,27,True,True,True,True,1930
top_ten,svm,bigram,no_origin,12,unith,121,Nielsen,Nov_1_g0,0.96875,0.9744318181818181,0.9217657342657343,0.9030612244897959,4,4,20,4,8,0,0,10,1,0,5,1,1H,5S,0.16280530674198443,48,65,True,True,True,True,1930
top_ten,svm,bigram,no_origin,12,unith,121,Nielsen,Nov_1_g0,0.96875,0.9744318181818181,0.9217657342657343,0.9030612244897959,4,4,20,4,8,0,0,11,1,0,6,1,1H,6S,0.056418679205433135,48,81,True,True,True,True,1930
top_ten,svm,bigram,no_origin,12,unith,121,Nielsen,Nov_1_g0,0.96875,0.9744318181818181,0.9217657342657343,0.9030612244897959,4,4,20,4,8,0,1,0,2,0,1,0,2H,1H,0.21951753666648322,42,48,True,True,True,True,1930
top_ten,svm,bigram,no_origin,12,unith,121,Nielsen,Nov_1_g0,0.96875,0.9744318181818181,0.9217657342657343,0.9030612244897959,4,4,20,4,8,0,1,1,2,0,2,0,2H,2H,0.2153651697843321,42,42,True,True,True,True,1930
top_ten,svm,bigram,no_origin,12,unith,121,Nielsen,Nov_1_g0,0.96875,0.9744318181818181,0.9217657342657343,0.9030612244897959,4,4,20,4,8,0,1,2,2,0,3,0,2H,3H,0.12165407862408668,42,54,True,True,True,True,1930
top_ten,svm,bigram,no_origin,12,unith,121,Nielsen,Nov_1_g0,0.96875,0.9744318181818181,0.9217657342657343,0.9030612244897959,4,4,20,4,8,0,1,3,2,0,4,0,2H,4H,0.1936176001101852,42,54,True,True,True,True,1930
top_ten,svm,bigram,no_origin,12,unith,121,Nielsen,Nov_1_g0,0.96875,0.9744318181818181,0.9217657342657343,0.9030612244897959,4,4,20,4,8,0,1,4,2,0,5,0,2H,5H,0.41444001743589476,42,14,True,True,True,True,1930
top_ten,svm,bigram,no_origin,12,unith,121,Nielsen,Nov_1_g0,0.96875,0.9744318181818181,0.9217657342657343,0.9030612244897959,4,,20,4,8,0,1,5,2,0,6,0,2H,6H,,42,0,True,False,True,False,1930
top_ten,svm,bigram,no_origin,12,unith,121,Nielsen,Nov_1_g0,0.96875,0.9744318181818181,0.9217657342657343,0.9030612244897959,4,,20,4,8,0,1,6,2,0,1,1,2H,1S,,42,0,True,False,True,False,1930
top_ten,svm,bigram,no_origin,12,unith,121,Nielsen,Nov_1_g0,0.96875,0.9744318181818181,0.9217657342657343,0.9030612244897959,4,4,20,4,8,0,1,7,2,0,2,1,2H,2S,0.21072237656810947,42,12,True,True,True,True,1930
top_ten,svm,bigram,no_origin,12,unith,121,Nielsen,Nov_1_g0,0.96875,0.9744318181818181,0.9217657342657343,0.9030612244897959,4,4,20,4,8,0,1,8,2,0,3,1,2H,3S,0.15588165036412377,42,9,True,True,True,True,1930
top_ten,svm,bigram,no_origin,12,unith,121,Nielsen,Nov_1_g0,0.96875,0.9744318181818181,0.9217657342657343,0.9030612244897959,4,4,20,4,8,0,1,9,2,0,4,1,2H,4S,0.1993210927506084,42,27,True,True,True,True,1930
top_ten,svm,bigram,no_origin,12,unith,121,Nielsen,Nov_1_g0,0.96875,0.9744318181818181,0.9217657342657343,0.9030612244897959,4,4,20,4,8,0,1,10,2,0,5,1,2H,5S,0.2455503229644425,42,65,True,True,True,True,1930
top_ten,svm,bigram,no_origin,12,unith,121,Nielsen,Nov_1_g0,0.96875,0.9744318181818181,0.9217657342657343,0.9030612244897959,4,4,20,4,8,0,1,11,2,0,6,1,2H,6S,0.0699385798125213,42,81,True,True,True,True,1930
top_ten,svm,bigram,no_origin,12,unith,121,Nielsen,Nov_1_g0,0.96875,0.9744318181818181,0.9217657342657343,0.9030612244897959,4,4,20,4,8,0,2,0,3,0,1,0,3H,1H,0.1122160510238542,54,48,True,True,True,True,1930
top_ten,svm,bigram,no_origin,12,unith,121,Nielsen,Nov_1_g0,0.96875,0.9744318181818181,0.9217657342657343,0.9030612244897959,4,4,20,4,8,0,2,1,3,0,2,0,3H,2H,0.12165407862408668,54,42,True,True,True,True,1930
top_ten,svm,bigram,no_origin,12,unith,121,Nielsen,Nov_1_g0,0.96875,0.9744318181818181,0.9217657342657343,0.9030612244897959,4,4,20,4,8,0,2,2,3,0,3,0,3H,3H,0.03955727673500749,54,54,True,True,True,True,1930
top_ten,svm,bigram,no_origin,12,unith,121,Nielsen,Nov_1_g0,0.96875,0.9744318181818181,0.9217657342657343,0.9030612244897959,4,4,20,4,8,0,2,3,3,0,4,0,3H,4H,0.05323895316296502,54,54,True,True,True,True,1930
top_ten,svm,bigram,no_origin,12,unith,121,Nielsen,Nov_1_g0,0.96875,0.9744318181818181,0.9217657342657343,0.9030612244897959,4,4,20,4,8,0,2,4,3,0,5,0,3H,5H,0.18414558005007348,54,14,True,True,True,True,1930
top_ten,svm,bigram,no_origin,12,unith,121,Nielsen,Nov_1_g0,0.96875,0.9744318181818181,0.9217657342657343,0.9030612244897959,4,,20,4,8,0,2,5,3,0,6,0,3H,6H,,54,0,True,False,True,False,1930
top_ten,svm,bigram,no_origin,12,unith,121,Nielsen,Nov_1_g0,0.96875,0.9744318181818181,0.9217657342657343,0.9030612244897959,4,,20,4,8,0,2,6,3,0,1,1,3H,1S,,54,0,True,False,True,False,1930
top_ten,svm,bigram,no_origin,12,unith,121,Nielsen,Nov_1_g0,0.96875,0.9744318181818181,0.9217657342657343,0.9030612244897959,4,4,20,4,8,0,2,7,3,0,2,1,3H,2S,0.11293502164972682,54,12,True,True,True,True,1930
top_ten,svm,bigram,no_origin,12,unith,121,Nielsen,Nov_1_g0,0.96875,0.9744318181818181,0.9217657342657343,0.9030612244897959,4,4,20,4,8,0,2,8,3,0,3,1,3H,3S,0.020074004786313788,54,9,True,True,True,True,1930
top_ten,svm,bigram,no_origin,12,unith,121,Nielsen,Nov_1_g0,0.96875,0.9744318181818181,0.9217657342657343,0.9030612244897959,4,4,20,4,8,0,2,9,3,0,4,1,3H,4S,0.13334969394995244,54,27,True,True,True,True,1930
top_ten,svm,bigram,no_origin,12,unith,121,Nielsen,Nov_1_g0,0.96875,0.9744318181818181,0.9217657342657343,0.9030612244897959,4,4,20,4,8,0,2,10,3,0,5,1,3H,5S,0.08891104555909671,54,65,True,True,True,True,1930
top_ten,svm,bigram,no_origin,12,unith,121,Nielsen,Nov_1_g0,0.96875,0.9744318181818181,0.9217657342657343,0.9030612244897959,4,4,20,4,8,0,2,11,3,0,6,1,3H,6S,0.04273191048104802,54,81,True,True,True,True,1930
top_ten,svm,bigram,no_origin,12,unith,121,Nielsen,Nov_1_g0,0.96875,0.9744318181818181,0.9217657342657343,0.9030612244897959,4,4,20,4,8,0,3,0,4,0,1,0,4H,1H,0.12660761734668552,54,48,True,True,True,True,1930
top_ten,svm,bigram,no_origin,12,unith,121,Nielsen,Nov_1_g0,0.96875,0.9744318181818181,0.9217657342657343,0.9030612244897959,4,4,20,4,8,0,3,1,4,0,2,0,4H,2H,0.1936176001101852,54,42,True,True,True,True,1930
top_ten,svm,bigram,no_origin,12,unith,121,Nielsen,Nov_1_g0,0.96875,0.9744318181818181,0.9217657342657343,0.9030612244897959,4,4,20,4,8,0,3,2,4,0,3,0,4H,3H,0.05323895316296502,54,54,True,True,True,True,1930
top_ten,svm,bigram,no_origin,12,unith,121,Nielsen,Nov_1_g0,0.96875,0.9744318181818181,0.9217657342657343,0.9030612244897959,4,4,20,4,8,0,3,3,4,0,4,0,4H,4H,0.07086204758305263,54,54,True,True,True,True,1930
top_ten,svm,bigram,no_origin,12,unith,121,Nielsen,Nov_1_g0,0.96875,0.9744318181818181,0.9217657342657343,0.9030612244897959,4,4,20,4,8,0,3,4,4,0,5,0,4H,5H,0.2082472965528295,54,14,True,True,True,True,1930
top_ten,svm,bigram,no_origin,12,unith,121,Nielsen,Nov_1_g0,0.96875,0.9744318181818181,0.9217657342657343,0.9030612244897959,4,,20,4,8,0,3,5,4,0,6,0,4H,6H,,54,0,True,False,True,False,1930
top_ten,svm,bigram,no_origin,12,unith,121,Nielsen,Nov_1_g0,0.96875,0.9744318181818181,0.9217657342657343,0.9030612244897959,4,,20,4,8,0,3,6,4,0,1,1,4H,1S,,54,0,True,False,True,False,1930
top_ten,svm,bigram,no_origin,12,unith,121,Nielsen,Nov_1_g0,0.96875,0.9744318181818181,0.9217657342657343,0.9030612244897959,4,4,20,4,8,0,3,7,4,0,2,1,4H,2S,0.13323841886447693,54,12,True,True,True,True,1930
top_ten,svm,bigram,no_origin,12,unith,121,Nielsen,Nov_1_g0,0.96875,0.9744318181818181,0.9217657342657343,0.9030612244897959,4,4,20,4,8,0,3,8,4,0,3,1,4H,3S,0.056662382380863935,54,9,True,True,True,True,1930
top_ten,svm,bigram,no_origin,12,unith,121,Nielsen,Nov_1_g0,0.96875,0.9744318181818181,0.9217657342657343,0.9030612244897959,4,4,20,4,8,0,3,9,4,0,4,1,4H,4S,0.16536152532717827,54,27,True,True,True,True,1930
top_ten,svm,bigram,no_origin,12,unith,121,Nielsen,Nov_1_g0,0.96875,0.9744318181818181,0.9217657342657343,0.9030612244897959,4,4,20,4,8,0,3,10,4,0,5,1,4H,5S,0.12333162589441941,54,65,True,True,True,True,1930
top_ten,svm,bigram,no_origin,12,unith,121,Nielsen,Nov_1_g0,0.96875,0.9744318181818181,0.9217657342657343,0.9030612244897959,4,4,20,4,8,0,3,11,4,0,6,1,4H,6S,0.06892034115855411,54,81,True,True,True,True,1930
top_ten,svm,bigram,no_origin,12,unith,121,Nielsen,Nov_1_g0,0.96875,0.9744318181818181,0.9217657342657343,0.9030612244897959,4,4,20,4,8,0,4,0,5,0,1,0,5H,1H,0.23296038893079288,14,48,True,True,True,True,1930
top_ten,svm,bigram,no_origin,12,unith,121,Nielsen,Nov_1_g0,0.96875,0.9744318181818181,0.9217657342657343,0.9030612244897959,4,4,20,4,8,0,4,1,5,0,2,0,5H,2H,0.41444001743589476,14,42,True,True,True,True,1930
top_ten,svm,bigram,no_origin,12,unith,121,Nielsen,Nov_1_g0,0.96875,0.9744318181818181,0.9217657342657343,0.9030612244897959,4,4,20,4,8,0,4,2,5,0,3,0,5H,3H,0.18414558005007348,14,54,True,True,True,True,1930
top_ten,svm,bigram,no_origin,12,unith,121,Nielsen,Nov_1_g0,0.96875,0.9744318181818181,0.9217657342657343,0.9030612244897959,4,4,20,4,8,0,4,3,5,0,4,0,5H,4H,0.2082472965528295,14,54,True,True,True,True,1930
top_ten,svm,bigram,no_origin,12,unith,121,Nielsen,Nov_1_g0,0.96875,0.9744318181818181,0.9217657342657343,0.9030612244897959,4,4,20,4,8,0,4,4,5,0,5,0,5H,5H,0.40487519702277214,14,14,True,True,True,True,1930
top_ten,svm,bigram,no_origin,12,unith,121,Nielsen,Nov_1_g0,0.96875,0.9744318181818181,0.9217657342657343,0.9030612244897959,4,,20,4,8,0,4,5,5,0,6,0,5H,6H,,14,0,True,False,True,False,1930
top_ten,svm,bigram,no_origin,12,unith,121,Nielsen,Nov_1_g0,0.96875,0.9744318181818181,0.9217657342657343,0.9030612244897959,4,,20,4,8,0,4,6,5,0,1,1,5H,1S,,14,0,True,False,True,False,1930
top_ten,svm,bigram,no_origin,12,unith,121,Nielsen,Nov_1_g0,0.96875,0.9744318181818181,0.9217657342657343,0.9030612244897959,4,4,20,4,8,0,4,7,5,0,2,1,5H,2S,0.30954546070780536,14,12,True,True,True,True,1930
top_ten,svm,bigram,no_origin,12,unith,121,Nielsen,Nov_1_g0,0.96875,0.9744318181818181,0.9217657342657343,0.9030612244897959,4,4,20,4,8,0,4,8,5,0,3,1,5H,3S,0.10746663367517956,14,9,True,True,True,True,1930
top_ten,svm,bigram,no_origin,12,unith,121,Nielsen,Nov_1_g0,0.96875,0.9744318181818181,0.9217657342657343,0.9030612244897959,4,4,20,4,8,0,4,9,5,0,4,1,5H,4S,0.2618124974897492,14,27,True,True,True,True,1930
top_ten,svm,bigram,no_origin,12,unith,121,Nielsen,Nov_1_g0,0.96875,0.9744318181818181,0.9217657342657343,0.9030612244897959,4,4,20,4,8,0,4,10,5,0,5,1,5H,5S,0.2467947507567808,14,65,True,True,True,True,1930
top_ten,svm,bigram,no_origin,12,unith,121,Nielsen,Nov_1_g0,0.96875,0.9744318181818181,0.9217657342657343,0.9030612244897959,4,4,20,4,8,0,4,11,5,0,6,1,5H,6S,0.02307618307099973,14,81,True,True,True,True,1930
top_ten,svm,bigram,no_origin,12,unith,121,Nielsen,Nov_1_g0,0.96875,0.9744318181818181,0.9217657342657343,0.9030612244897959,,4,20,4,8,0,5,0,6,0,1,0,6H,1H,,0,48,False,True,False,True,1930
top_ten,svm,bigram,no_origin,12,unith,121,Nielsen,Nov_1_g0,0.96875,0.9744318181818181,0.9217657342657343,0.9030612244897959,,4,20,4,8,0,5,1,6,0,2,0,6H,2H,,0,42,False,True,False,True,1930
top_ten,svm,bigram,no_origin,12,unith,121,Nielsen,Nov_1_g0,0.96875,0.9744318181818181,0.9217657342657343,0.9030612244897959,,4,20,4,8,0,5,2,6,0,3,0,6H,3H,,0,54,False,True,False,True,1930
top_ten,svm,bigram,no_origin,12,unith,121,Nielsen,Nov_1_g0,0.96875,0.9744318181818181,0.9217657342657343,0.9030612244897959,,4,20,4,8,0,5,3,6,0,4,0,6H,4H,,0,54,False,True,False,True,1930
top_ten,svm,bigram,no_origin,12,unith,121,Nielsen,Nov_1_g0,0.96875,0.9744318181818181,0.9217657342657343,0.9030612244897959,,4,20,4,8,0,5,4,6,0,5,0,6H,5H,,0,14,False,True,False,True,1930
top_ten,svm,bigram,no_origin,12,unith,121,Nielsen,Nov_1_g0,0.96875,0.9744318181818181,0.9217657342657343,0.9030612244897959,,,20,4,8,0,5,5,6,0,6,0,6H,6H,,0,0,False,False,False,False,1930
top_ten,svm,bigram,no_origin,12,unith,121,Nielsen,Nov_1_g0,0.96875,0.9744318181818181,0.9217657342657343,0.9030612244897959,,,20,4,8,0,5,6,6,0,1,1,6H,1S,,0,0,False,False,False,False,1930
top_ten,svm,bigram,no_origin,12,unith,121,Nielsen,Nov_1_g0,0.96875,0.9744318181818181,0.9217657342657343,0.9030612244897959,,4,20,4,8,0,5,7,6,0,2,1,6H,2S,,0,12,False,True,False,True,1930
top_ten,svm,bigram,no_origin,12,unith,121,Nielsen,Nov_1_g0,0.96875,0.9744318181818181,0.9217657342657343,0.9030612244897959,,4,20,4,8,0,5,8,6,0,3,1,6H,3S,,0,9,False,True,False,True,1930
top_ten,svm,bigram,no_origin,12,unith,121,Nielsen,Nov_1_g0,0.96875,0.9744318181818181,0.9217657342657343,0.9030612244897959,,4,20,4,8,0,5,9,6,0,4,1,6H,4S,,0,27,False,True,False,True,1930
top_ten,svm,bigram,no_origin,12,unith,121,Nielsen,Nov_1_g0,0.96875,0.9744318181818181,0.9217657342657343,0.9030612244897959,,4,20,4,8,0,5,10,6,0,5,1,6H,5S,,0,65,False,True,False,True,1930
top_ten,svm,bigram,no_origin,12,unith,121,Nielsen,Nov_1_g0,0.96875,0.9744318181818181,0.9217657342657343,0.9030612244897959,,4,20,4,8,0,5,11,6,0,6,1,6H,6S,,0,81,False,True,False,True,1930
top_ten,svm,bigram,no_origin,12,unith,121,Nielsen,Nov_1_g0,0.96875,0.9744318181818181,0.9217657342657343,0.9030612244897959,,4,20,4,8,0,6,0,1,1,1,0,1S,1H,,0,48,False,True,False,True,1930
top_ten,svm,bigram,no_origin,12,unith,121,Nielsen,Nov_1_g0,0.96875,0.9744318181818181,0.9217657342657343,0.9030612244897959,,4,20,4,8,0,6,1,1,1,2,0,1S,2H,,0,42,False,True,False,True,1930
top_ten,svm,bigram,no_origin,12,unith,121,Nielsen,Nov_1_g0,0.96875,0.9744318181818181,0.9217657342657343,0.9030612244897959,,4,20,4,8,0,6,2,1,1,3,0,1S,3H,,0,54,False,True,False,True,1930
top_ten,svm,bigram,no_origin,12,unith,121,Nielsen,Nov_1_g0,0.96875,0.9744318181818181,0.9217657342657343,0.9030612244897959,,4,20,4,8,0,6,3,1,1,4,0,1S,4H,,0,54,False,True,False,True,1930
top_ten,svm,bigram,no_origin,12,unith,121,Nielsen,Nov_1_g0,0.96875,0.9744318181818181,0.9217657342657343,0.9030612244897959,,4,20,4,8,0,6,4,1,1,5,0,1S,5H,,0,14,False,True,False,True,1930
top_ten,svm,bigram,no_origin,12,unith,121,Nielsen,Nov_1_g0,0.96875,0.9744318181818181,0.9217657342657343,0.9030612244897959,,,20,4,8,0,6,5,1,1,6,0,1S,6H,,0,0,False,False,False,False,1930
top_ten,svm,bigram,no_origin,12,unith,121,Nielsen,Nov_1_g0,0.96875,0.9744318181818181,0.9217657342657343,0.9030612244897959,,,20,4,8,0,6,6,1,1,1,1,1S,1S,,0,0,False,False,False,False,1930
top_ten,svm,bigram,no_origin,12,unith,121,Nielsen,Nov_1_g0,0.96875,0.9744318181818181,0.9217657342657343,0.9030612244897959,,4,20,4,8,0,6,7,1,1,2,1,1S,2S,,0,12,False,True,False,True,1930
top_ten,svm,bigram,no_origin,12,unith,121,Nielsen,Nov_1_g0,0.96875,0.9744318181818181,0.9217657342657343,0.9030612244897959,,4,20,4,8,0,6,8,1,1,3,1,1S,3S,,0,9,False,True,False,True,1930
top_ten,svm,bigram,no_origin,12,unith,121,Nielsen,Nov_1_g0,0.96875,0.9744318181818181,0.9217657342657343,0.9030612244897959,,4,20,4,8,0,6,9,1,1,4,1,1S,4S,,0,27,False,True,False,True,1930
top_ten,svm,bigram,no_origin,12,unith,121,Nielsen,Nov_1_g0,0.96875,0.9744318181818181,0.9217657342657343,0.9030612244897959,,4,20,4,8,0,6,10,1,1,5,1,1S,5S,,0,65,False,True,False,True,1930
top_ten,svm,bigram,no_origin,12,unith,121,Nielsen,Nov_1_g0,0.96875,0.9744318181818181,0.9217657342657343,0.9030612244897959,,4,20,4,8,0,6,11,1,1,6,1,1S,6S,,0,81,False,True,False,True,1930
top_ten,svm,bigram,no_origin,12,unith,121,Nielsen,Nov_1_g0,0.96875,0.9744318181818181,0.9217657342657343,0.9030612244897959,4,4,20,4,8,0,7,0,2,1,1,0,2S,1H,0.14988703704497314,12,48,True,True,True,True,1930
top_ten,svm,bigram,no_origin,12,unith,121,Nielsen,Nov_1_g0,0.96875,0.9744318181818181,0.9217657342657343,0.9030612244897959,4,4,20,4,8,0,7,1,2,1,2,0,2S,2H,0.21072237656810947,12,42,True,True,True,True,1930
top_ten,svm,bigram,no_origin,12,unith,121,Nielsen,Nov_1_g0,0.96875,0.9744318181818181,0.9217657342657343,0.9030612244897959,4,4,20,4,8,0,7,2,2,1,3,0,2S,3H,0.11293502164972682,12,54,True,True,True,True,1930
top_ten,svm,bigram,no_origin,12,unith,121,Nielsen,Nov_1_g0,0.96875,0.9744318181818181,0.9217657342657343,0.9030612244897959,4,4,20,4,8,0,7,3,2,1,4,0,2S,4H,0.13323841886447693,12,54,True,True,True,True,1930
top_ten,svm,bigram,no_origin,12,unith,121,Nielsen,Nov_1_g0,0.96875,0.9744318181818181,0.9217657342657343,0.9030612244897959,4,4,20,4,8,0,7,4,2,1,5,0,2S,5H,0.30954546070780536,12,14,True,True,True,True,1930
top_ten,svm,bigram,no_origin,12,unith,121,Nielsen,Nov_1_g0,0.96875,0.9744318181818181,0.9217657342657343,0.9030612244897959,4,,20,4,8,0,7,5,2,1,6,0,2S,6H,,12,0,True,False,True,False,1930
top_ten,svm,bigram,no_origin,12,unith,121,Nielsen,Nov_1_g0,0.96875,0.9744318181818181,0.9217657342657343,0.9030612244897959,4,,20,4,8,0,7,6,2,1,1,1,2S,1S,,12,0,True,False,True,False,1930
top_ten,svm,bigram,no_origin,12,unith,121,Nielsen,Nov_1_g0,0.96875,0.9744318181818181,0.9217657342657343,0.9030612244897959,4,4,20,4,8,0,7,7,2,1,2,1,2S,2S,0.16148656946728707,12,12,True,True,True,True,1930
top_ten,svm,bigram,no_origin,12,unith,121,Nielsen,Nov_1_g0,0.96875,0.9744318181818181,0.9217657342657343,0.9030612244897959,4,4,20,4,8,0,7,8,2,1,3,1,2S,3S,0.09842901936660851,12,9,True,True,True,True,1930
top_ten,svm,bigram,no_origin,12,unith,121,Nielsen,Nov_1_g0,0.96875,0.9744318181818181,0.9217657342657343,0.9030612244897959,4,4,20,4,8,0,7,9,2,1,4,1,2S,4S,0.22130513934941393,12,27,True,True,True,True,1930
top_ten,svm,bigram,no_origin,12,unith,121,Nielsen,Nov_1_g0,0.96875,0.9744318181818181,0.9217657342657343,0.9030612244897959,4,4,20,4,8,0,7,10,2,1,5,1,2S,5S,0.12082801889623189,12,65,True,True,True,True,1930
top_ten,svm,bigram,no_origin,12,unith,121,Nielsen,Nov_1_g0,0.96875,0.9744318181818181,0.9217657342657343,0.9030612244897959,4,4,20,4,8,0,7,11,2,1,6,1,2S,6S,0.08322758520210478,12,81,True,True,True,True,1930
top_ten,svm,bigram,no_origin,12,unith,121,Nielsen,Nov_1_g0,0.96875,0.9744318181818181,0.9217657342657343,0.9030612244897959,4,4,20,4,8,0,8,0,3,1,1,0,3S,1H,0.07392403333038647,9,48,True,True,True,True,1930
top_ten,svm,bigram,no_origin,12,unith,121,Nielsen,Nov_1_g0,0.96875,0.9744318181818181,0.9217657342657343,0.9030612244897959,4,4,20,4,8,0,8,1,3,1,2,0,3S,2H,0.15588165036412377,9,42,True,True,True,True,1930
top_ten,svm,bigram,no_origin,12,unith,121,Nielsen,Nov_1_g0,0.96875,0.9744318181818181,0.9217657342657343,0.9030612244897959,4,4,20,4,8,0,8,2,3,1,3,0,3S,3H,0.020074004786313788,9,54,True,True,True,True,1930
top_ten,svm,bigram,no_origin,12,unith,121,Nielsen,Nov_1_g0,0.96875,0.9744318181818181,0.9217657342657343,0.9030612244897959,4,4,20,4,8,0,8,3,3,1,4,0,3S,4H,0.056662382380863935,9,54,True,True,True,True,1930
top_ten,svm,bigram,no_origin,12,unith,121,Nielsen,Nov_1_g0,0.96875,0.9744318181818181,0.9217657342657343,0.9030612244897959,4,4,20,4,8,0,8,4,3,1,5,0,3S,5H,0.10746663367517956,9,14,True,True,True,True,1930
top_ten,svm,bigram,no_origin,12,unith,121,Nielsen,Nov_1_g0,0.96875,0.9744318181818181,0.9217657342657343,0.9030612244897959,4,,20,4,8,0,8,5,3,1,6,0,3S,6H,,9,0,True,False,True,False,1930
top_ten,svm,bigram,no_origin,12,unith,121,Nielsen,Nov_1_g0,0.96875,0.9744318181818181,0.9217657342657343,0.9030612244897959,4,,20,4,8,0,8,6,3,1,1,1,3S,1S,,9,0,True,False,True,False,1930
top_ten,svm,bigram,no_origin,12,unith,121,Nielsen,Nov_1_g0,0.96875,0.9744318181818181,0.9217657342657343,0.9030612244897959,4,4,20,4,8,0,8,7,3,1,2,1,3S,2S,0.09842901936660851,9,12,True,True,True,True,1930
top_ten,svm,bigram,no_origin,12,unith,121,Nielsen,Nov_1_g0,0.96875,0.9744318181818181,0.9217657342657343,0.9030612244897959,4,4,20,4,8,0,8,8,3,1,3,1,3S,3S,-0.016318154189829143,9,9,True,True,True,True,1930
top_ten,svm,bigram,no_origin,12,unith,121,Nielsen,Nov_1_g0,0.96875,0.9744318181818181,0.9217657342657343,0.9030612244897959,4,4,20,4,8,0,8,9,3,1,4,1,3S,4S,0.058769911259179825,9,27,True,True,True,True,1930
top_ten,svm,bigram,no_origin,12,unith,121,Nielsen,Nov_1_g0,0.96875,0.9744318181818181,0.9217657342657343,0.9030612244897959,4,4,20,4,8,0,8,10,3,1,5,1,3S,5S,0.19891728990273025,9,65,True,True,True,True,1930
top_ten,svm,bigram,no_origin,12,unith,121,Nielsen,Nov_1_g0,0.96875,0.9744318181818181,0.9217657342657343,0.9030612244897959,4,4,20,4,8,0,8,11,3,1,6,1,3S,6S,-0.01873857873195132,9,81,True,True,True,True,1930
top_ten,svm,bigram,no_origin,12,unith,121,Nielsen,Nov_1_g0,0.96875,0.9744318181818181,0.9217657342657343,0.9030612244897959,4,4,20,4,8,0,9,0,4,1,1,0,4S,1H,0.2824683820910391,27,48,True,True,True,True,1930
top_ten,svm,bigram,no_origin,12,unith,121,Nielsen,Nov_1_g0,0.96875,0.9744318181818181,0.9217657342657343,0.9030612244897959,4,4,20,4,8,0,9,1,4,1,2,0,4S,2H,0.1993210927506084,27,42,True,True,True,True,1930
top_ten,svm,bigram,no_origin,12,unith,121,Nielsen,Nov_1_g0,0.96875,0.9744318181818181,0.9217657342657343,0.9030612244897959,4,4,20,4,8,0,9,2,4,1,3,0,4S,3H,0.13334969394995244,27,54,True,True,True,True,1930
top_ten,svm,bigram,no_origin,12,unith,121,Nielsen,Nov_1_g0,0.96875,0.9744318181818181,0.9217657342657343,0.9030612244897959,4,4,20,4,8,0,9,3,4,1,4,0,4S,4H,0.16536152532717827,27,54,True,True,True,True,1930
top_ten,svm,bigram,no_origin,12,unith,121,Nielsen,Nov_1_g0,0.96875,0.9744318181818181,0.9217657342657343,0.9030612244897959,4,4,20,4,8,0,9,4,4,1,5,0,4S,5H,0.2618124974897492,27,14,True,True,True,True,1930
top_ten,svm,bigram,no_origin,12,unith,121,Nielsen,Nov_1_g0,0.96875,0.9744318181818181,0.9217657342657343,0.9030612244897959,4,,20,4,8,0,9,5,4,1,6,0,4S,6H,,27,0,True,False,True,False,1930
top_ten,svm,bigram,no_origin,12,unith,121,Nielsen,Nov_1_g0,0.96875,0.9744318181818181,0.9217657342657343,0.9030612244897959,4,,20,4,8,0,9,6,4,1,1,1,4S,1S,,27,0,True,False,True,False,1930
top_ten,svm,bigram,no_origin,12,unith,121,Nielsen,Nov_1_g0,0.96875,0.9744318181818181,0.9217657342657343,0.9030612244897959,4,4,20,4,8,0,9,7,4,1,2,1,4S,2S,0.22130513934941393,27,12,True,True,True,True,1930
top_ten,svm,bigram,no_origin,12,unith,121,Nielsen,Nov_1_g0,0.96875,0.9744318181818181,0.9217657342657343,0.9030612244897959,4,4,20,4,8,0,9,8,4,1,3,1,4S,3S,0.058769911259179825,27,9,True,True,True,True,1930
top_ten,svm,bigram,no_origin,12,unith,121,Nielsen,Nov_1_g0,0.96875,0.9744318181818181,0.9217657342657343,0.9030612244897959,4,4,20,4,8,0,9,9,4,1,4,1,4S,4S,0.11334976176369756,27,27,True,True,True,True,1930
top_ten,svm,bigram,no_origin,12,unith,121,Nielsen,Nov_1_g0,0.96875,0.9744318181818181,0.9217657342657343,0.9030612244897959,4,4,20,4,8,0,9,10,4,1,5,1,4S,5S,0.16557329944644306,27,65,True,True,True,True,1930
top_ten,svm,bigram,no_origin,12,unith,121,Nielsen,Nov_1_g0,0.96875,0.9744318181818181,0.9217657342657343,0.9030612244897959,4,4,20,4,8,0,9,11,4,1,6,1,4S,6S,0.022134148955957833,27,81,True,True,True,True,1930
top_ten,svm,bigram,no_origin,12,unith,121,Nielsen,Nov_1_g0,0.96875,0.9744318181818181,0.9217657342657343,0.9030612244897959,4,4,20,4,8,0,10,0,5,1,1,0,5S,1H,0.16280530674198443,65,48,True,True,True,True,1930
top_ten,svm,bigram,no_origin,12,unith,121,Nielsen,Nov_1_g0,0.96875,0.9744318181818181,0.9217657342657343,0.9030612244897959,4,4,20,4,8,0,10,1,5,1,2,0,5S,2H,0.2455503229644425,65,42,True,True,True,True,1930
top_ten,svm,bigram,no_origin,12,unith,121,Nielsen,Nov_1_g0,0.96875,0.9744318181818181,0.9217657342657343,0.9030612244897959,4,4,20,4,8,0,10,2,5,1,3,0,5S,3H,0.08891104555909671,65,54,True,True,True,True,1930
top_ten,svm,bigram,no_origin,12,unith,121,Nielsen,Nov_1_g0,0.96875,0.9744318181818181,0.9217657342657343,0.9030612244897959,4,4,20,4,8,0,10,3,5,1,4,0,5S,4H,0.12333162589441941,65,54,True,True,True,True,1930
top_ten,svm,bigram,no_origin,12,unith,121,Nielsen,Nov_1_g0,0.96875,0.9744318181818181,0.9217657342657343,0.9030612244897959,4,4,20,4,8,0,10,4,5,1,5,0,5S,5H,0.2467947507567808,65,14,True,True,True,True,1930
top_ten,svm,bigram,no_origin,12,unith,121,Nielsen,Nov_1_g0,0.96875,0.9744318181818181,0.9217657342657343,0.9030612244897959,4,,20,4,8,0,10,5,5,1,6,0,5S,6H,,65,0,True,False,True,False,1930
top_ten,svm,bigram,no_origin,12,unith,121,Nielsen,Nov_1_g0,0.96875,0.9744318181818181,0.9217657342657343,0.9030612244897959,4,,20,4,8,0,10,6,5,1,1,1,5S,1S,,65,0,True,False,True,False,1930
top_ten,svm,bigram,no_origin,12,unith,121,Nielsen,Nov_1_g0,0.96875,0.9744318181818181,0.9217657342657343,0.9030612244897959,4,4,20,4,8,0,10,7,5,1,2,1,5S,2S,0.12082801889623189,65,12,True,True,True,True,1930
top_ten,svm,bigram,no_origin,12,unith,121,Nielsen,Nov_1_g0,0.96875,0.9744318181818181,0.9217657342657343,0.9030612244897959,4,4,20,4,8,0,10,8,5,1,3,1,5S,3S,0.19891728990273025,65,9,True,True,True,True,1930
top_ten,svm,bigram,no_origin,12,unith,121,Nielsen,Nov_1_g0,0.96875,0.9744318181818181,0.9217657342657343,0.9030612244897959,4,4,20,4,8,0,10,9,5,1,4,1,5S,4S,0.16557329944644306,65,27,True,True,True,True,1930
top_ten,svm,bigram,no_origin,12,unith,121,Nielsen,Nov_1_g0,0.96875,0.9744318181818181,0.9217657342657343,0.9030612244897959,4,4,20,4,8,0,10,10,5,1,5,1,5S,5S,0.2534772177000142,65,65,True,True,True,True,1930
top_ten,svm,bigram,no_origin,12,unith,121,Nielsen,Nov_1_g0,0.96875,0.9744318181818181,0.9217657342657343,0.9030612244897959,4,4,20,4,8,0,10,11,5,1,6,1,5S,6S,0.029679624853461893,65,81,True,True,True,True,1930
top_ten,svm,bigram,no_origin,12,unith,121,Nielsen,Nov_1_g0,0.96875,0.9744318181818181,0.9217657342657343,0.9030612244897959,4,4,20,4,8,0,11,0,6,1,1,0,6S,1H,0.056418679205433135,81,48,True,True,True,True,1930
top_ten,svm,bigram,no_origin,12,unith,121,Nielsen,Nov_1_g0,0.96875,0.9744318181818181,0.9217657342657343,0.9030612244897959,4,4,20,4,8,0,11,1,6,1,2,0,6S,2H,0.0699385798125213,81,42,True,True,True,True,1930
top_ten,svm,bigram,no_origin,12,unith,121,Nielsen,Nov_1_g0,0.96875,0.9744318181818181,0.9217657342657343,0.9030612244897959,4,4,20,4,8,0,11,2,6,1,3,0,6S,3H,0.04273191048104802,81,54,True,True,True,True,1930
top_ten,svm,bigram,no_origin,12,unith,121,Nielsen,Nov_1_g0,0.96875,0.9744318181818181,0.9217657342657343,0.9030612244897959,4,4,20,4,8,0,11,3,6,1,4,0,6S,4H,0.06892034115855411,81,54,True,True,True,True,1930
top_ten,svm,bigram,no_origin,12,unith,121,Nielsen,Nov_1_g0,0.96875,0.9744318181818181,0.9217657342657343,0.9030612244897959,4,4,20,4,8,0,11,4,6,1,5,0,6S,5H,0.02307618307099973,81,14,True,True,True,True,1930
top_ten,svm,bigram,no_origin,12,unith,121,Nielsen,Nov_1_g0,0.96875,0.9744318181818181,0.9217657342657343,0.9030612244897959,4,,20,4,8,0,11,5,6,1,6,0,6S,6H,,81,0,True,False,True,False,1930
top_ten,svm,bigram,no_origin,12,unith,121,Nielsen,Nov_1_g0,0.96875,0.9744318181818181,0.9217657342657343,0.9030612244897959,4,,20,4,8,0,11,6,6,1,1,1,6S,1S,,81,0,True,False,True,False,1930
top_ten,svm,bigram,no_origin,12,unith,121,Nielsen,Nov_1_g0,0.96875,0.9744318181818181,0.9217657342657343,0.9030612244897959,4,4,20,4,8,0,11,7,6,1,2,1,6S,2S,0.08322758520210478,81,12,True,True,True,True,1930
top_ten,svm,bigram,no_origin,12,unith,121,Nielsen,Nov_1_g0,0.96875,0.9744318181818181,0.9217657342657343,0.9030612244897959,4,4,20,4,8,0,11,8,6,1,3,1,6S,3S,-0.01873857873195132,81,9,True,True,True,True,1930
top_ten,svm,bigram,no_origin,12,unith,121,Nielsen,Nov_1_g0,0.96875,0.9744318181818181,0.9217657342657343,0.9030612244897959,4,4,20,4,8,0,11,9,6,1,4,1,6S,4S,0.022134148955957833,81,27,True,True,True,True,1930
top_ten,svm,bigram,no_origin,12,unith,121,Nielsen,Nov_1_g0,0.96875,0.9744318181818181,0.9217657342657343,0.9030612244897959,4,4,20,4,8,0,11,10,6,1,5,1,6S,5S,0.029679624853461893,81,65,True,True,True,True,1930
top_ten,svm,bigram,no_origin,12,unith,121,Nielsen,Nov_1_g0,0.96875,0.9744318181818181,0.9217657342657343,0.9030612244897959,4,4,20,4,8,0,11,11,6,1,6,1,6S,6S,0.06673302095275403,81,81,True,True,True,True,1930
top_ten,svm,bigram,no_origin,12,unith,121,Nielsen,Nov_3_g0,0.999725274725275,1.0,1.0,0.9810606060606061,20,20,20,4,8,0,0,0,1,0,1,0,1H,1H,0.6522233096030667,65,65,True,True,True,True,1930
top_ten,svm,bigram,no_origin,12,unith,121,Nielsen,Nov_3_g0,0.999725274725275,1.0,1.0,0.9810606060606061,20,20,20,4,8,0,0,1,1,0,2,0,1H,2H,0.42994583132998276,65,82,True,True,True,True,1930
top_ten,svm,bigram,no_origin,12,unith,121,Nielsen,Nov_3_g0,0.999725274725275,1.0,1.0,0.9810606060606061,20,20,20,4,8,0,0,2,1,0,3,0,1H,3H,0.48076626161121216,65,80,True,True,True,True,1930
top_ten,svm,bigram,no_origin,12,unith,121,Nielsen,Nov_3_g0,0.999725274725275,1.0,1.0,0.9810606060606061,20,20,20,4,8,0,0,3,1,0,4,0,1H,4H,0.4978369193730773,65,40,True,True,True,True,1930
top_ten,svm,bigram,no_origin,12,unith,121,Nielsen,Nov_3_g0,0.999725274725275,1.0,1.0,0.9810606060606061,20,,20,4,8,0,0,4,1,0,5,0,1H,5H,,65,0,True,False,True,False,1930
top_ten,svm,bigram,no_origin,12,unith,121,Nielsen,Nov_3_g0,0.999725274725275,1.0,1.0,0.9810606060606061,20,,20,4,8,0,0,5,1,0,6,0,1H,6H,,65,0,True,False,True,False,1930
top_ten,svm,bigram,no_origin,12,unith,121,Nielsen,Nov_3_g0,0.999725274725275,1.0,1.0,0.9810606060606061,20,,20,4,8,0,0,6,1,0,1,1,1H,1S,,65,0,True,False,True,False,1930
top_ten,svm,bigram,no_origin,12,unith,121,Nielsen,Nov_3_g0,0.999725274725275,1.0,1.0,0.9810606060606061,20,2,20,4,8,0,0,7,1,0,2,1,1H,2S,,65,4,True,True,True,False,1930
top_ten,svm,bigram,no_origin,12,unith,121,Nielsen,Nov_3_g0,0.999725274725275,1.0,1.0,0.9810606060606061,20,,20,4,8,0,0,8,1,0,3,1,1H,3S,,65,0,True,False,True,False,1930
top_ten,svm,bigram,no_origin,12,unith,121,Nielsen,Nov_3_g0,0.999725274725275,1.0,1.0,0.9810606060606061,20,20,20,4,8,0,0,9,1,0,4,1,1H,4S,0.37410094055891785,65,45,True,True,True,True,1930
top_ten,svm,bigram,no_origin,12,unith,121,Nielsen,Nov_3_g0,0.999725274725275,1.0,1.0,0.9810606060606061,20,20,20,4,8,0,0,10,1,0,5,1,1H,5S,0.5309619951579114,65,95,True,True,True,True,1930
top_ten,svm,bigram,no_origin,12,unith,121,Nielsen,Nov_3_g0,0.999725274725275,1.0,1.0,0.9810606060606061,20,20,20,4,8,0,0,11,1,0,6,1,1H,6S,0.08700139765030643,65,84,True,True,True,True,1930
top_ten,svm,bigram,no_origin,12,unith,121,Nielsen,Nov_3_g0,0.999725274725275,1.0,1.0,0.9810606060606061,20,20,20,4,8,0,1,0,2,0,1,0,2H,1H,0.42994583132998276,82,65,True,True,True,True,1930
top_ten,svm,bigram,no_origin,12,unith,121,Nielsen,Nov_3_g0,0.999725274725275,1.0,1.0,0.9810606060606061,20,20,20,4,8,0,1,1,2,0,2,0,2H,2H,0.40094453045429856,82,82,True,True,True,True,1930
top_ten,svm,bigram,no_origin,12,unith,121,Nielsen,Nov_3_g0,0.999725274725275,1.0,1.0,0.9810606060606061,20,20,20,4,8,0,1,2,2,0,3,0,2H,3H,0.37231358139416815,82,80,True,True,True,True,1930
top_ten,svm,bigram,no_origin,12,unith,121,Nielsen,Nov_3_g0,0.999725274725275,1.0,1.0,0.9810606060606061,20,20,20,4,8,0,1,3,2,0,4,0,2H,4H,0.4373604304306015,82,40,True,True,True,True,1930
top_ten,svm,bigram,no_origin,12,unith,121,Nielsen,Nov_3_g0,0.999725274725275,1.0,1.0,0.9810606060606061,20,,20,4,8,0,1,4,2,0,5,0,2H,5H,,82,0,True,False,True,False,1930
top_ten,svm,bigram,no_origin,12,unith,121,Nielsen,Nov_3_g0,0.999725274725275,1.0,1.0,0.9810606060606061,20,,20,4,8,0,1,5,2,0,6,0,2H,6H,,82,0,True,False,True,False,1930
top_ten,svm,bigram,no_origin,12,unith,121,Nielsen,Nov_3_g0,0.999725274725275,1.0,1.0,0.9810606060606061,20,,20,4,8,0,1,6,2,0,1,1,2H,1S,,82,0,True,False,True,False,1930
top_ten,svm,bigram,no_origin,12,unith,121,Nielsen,Nov_3_g0,0.999725274725275,1.0,1.0,0.9810606060606061,20,2,20,4,8,0,1,7,2,0,2,1,2H,2S,,82,4,True,True,True,False,1930
top_ten,svm,bigram,no_origin,12,unith,121,Nielsen,Nov_3_g0,0.999725274725275,1.0,1.0,0.9810606060606061,20,,20,4,8,0,1,8,2,0,3,1,2H,3S,,82,0,True,False,True,False,1930
top_ten,svm,bigram,no_origin,12,unith,121,Nielsen,Nov_3_g0,0.999725274725275,1.0,1.0,0.9810606060606061,20,20,20,4,8,0,1,9,2,0,4,1,2H,4S,0.3927686265745215,82,45,True,True,True,True,1930
top_ten,svm,bigram,no_origin,12,unith,121,Nielsen,Nov_3_g0,0.999725274725275,1.0,1.0,0.9810606060606061,20,20,20,4,8,0,1,10,2,0,5,1,2H,5S,0.3445826393947498,82,95,True,True,True,True,1930
top_ten,svm,bigram,no_origin,12,unith,121,Nielsen,Nov_3_g0,0.999725274725275,1.0,1.0,0.9810606060606061,20,20,20,4,8,0,1,11,2,0,6,1,2H,6S,0.21907891787743017,82,84,True,True,True,True,1930
top_ten,svm,bigram,no_origin,12,unith,121,Nielsen,Nov_3_g0,0.999725274725275,1.0,1.0,0.9810606060606061,20,20,20,4,8,0,2,0,3,0,1,0,3H,1H,0.48076626161121216,80,65,True,True,True,True,1930
top_ten,svm,bigram,no_origin,12,unith,121,Nielsen,Nov_3_g0,0.999725274725275,1.0,1.0,0.9810606060606061,20,20,20,4,8,0,2,1,3,0,2,0,3H,2H,0.37231358139416815,80,82,True,True,True,True,1930
top_ten,svm,bigram,no_origin,12,unith,121,Nielsen,Nov_3_g0,0.999725274725275,1.0,1.0,0.9810606060606061,20,20,20,4,8,0,2,2,3,0,3,0,3H,3H,0.4420754546905837,80,80,True,True,True,True,1930
top_ten,svm,bigram,no_origin,12,unith,121,Nielsen,Nov_3_g0,0.999725274725275,1.0,1.0,0.9810606060606061,20,20,20,4,8,0,2,3,3,0,4,0,3H,4H,0.5260351618007245,80,40,True,True,True,True,1930
top_ten,svm,bigram,no_origin,12,unith,121,Nielsen,Nov_3_g0,0.999725274725275,1.0,1.0,0.9810606060606061,20,,20,4,8,0,2,4,3,0,5,0,3H,5H,,80,0,True,False,True,False,1930
top_ten,svm,bigram,no_origin,12,unith,121,Nielsen,Nov_3_g0,0.999725274725275,1.0,1.0,0.9810606060606061,20,,20,4,8,0,2,5,3,0,6,0,3H,6H,,80,0,True,False,True,False,1930
top_ten,svm,bigram,no_origin,12,unith,121,Nielsen,Nov_3_g0,0.999725274725275,1.0,1.0,0.9810606060606061,20,,20,4,8,0,2,6,3,0,1,1,3H,1S,,80,0,True,False,True,False,1930
top_ten,svm,bigram,no_origin,12,unith,121,Nielsen,Nov_3_g0,0.999725274725275,1.0,1.0,0.9810606060606061,20,2,20,4,8,0,2,7,3,0,2,1,3H,2S,,80,4,True,True,True,False,1930
top_ten,svm,bigram,no_origin,12,unith,121,Nielsen,Nov_3_g0,0.999725274725275,1.0,1.0,0.9810606060606061,20,,20,4,8,0,2,8,3,0,3,1,3H,3S,,80,0,True,False,True,False,1930
top_ten,svm,bigram,no_origin,12,unith,121,Nielsen,Nov_3_g0,0.999725274725275,1.0,1.0,0.9810606060606061,20,20,20,4,8,0,2,9,3,0,4,1,3H,4S,0.32254448972835276,80,45,True,True,True,True,1930
top_ten,svm,bigram,no_origin,12,unith,121,Nielsen,Nov_3_g0,0.999725274725275,1.0,1.0,0.9810606060606061,20,20,20,4,8,0,2,10,3,0,5,1,3H,5S,0.4317151304183131,80,95,True,True,True,True,1930
top_ten,svm,bigram,no_origin,12,unith,121,Nielsen,Nov_3_g0,0.999725274725275,1.0,1.0,0.9810606060606061,20,20,20,4,8,0,2,11,3,0,6,1,3H,6S,0.13495347762448026,80,84,True,True,True,True,1930
top_ten,svm,bigram,no_origin,12,unith,121,Nielsen,Nov_3_g0,0.999725274725275,1.0,1.0,0.9810606060606061,20,20,20,4,8,0,3,0,4,0,1,0,4H,1H,0.4978369193730773,40,65,True,True,True,True,1930
top_ten,svm,bigram,no_origin,12,unith,121,Nielsen,Nov_3_g0,0.999725274725275,1.0,1.0,0.9810606060606061,20,20,20,4,8,0,3,1,4,0,2,0,4H,2H,0.4373604304306015,40,82,True,True,True,True,1930
top_ten,svm,bigram,no_origin,12,unith,121,Nielsen,Nov_3_g0,0.999725274725275,1.0,1.0,0.9810606060606061,20,20,20,4,8,0,3,2,4,0,3,0,4H,3H,0.5260351618007245,40,80,True,True,True,True,1930
top_ten,svm,bigram,no_origin,12,unith,121,Nielsen,Nov_3_g0,0.999725274725275,1.0,1.0,0.9810606060606061,20,20,20,4,8,0,3,3,4,0,4,0,4H,4H,0.5950918773014194,40,40,True,True,True,True,1930
top_ten,svm,bigram,no_origin,12,unith,121,Nielsen,Nov_3_g0,0.999725274725275,1.0,1.0,0.9810606060606061,20,,20,4,8,0,3,4,4,0,5,0,4H,5H,,40,0,True,False,True,False,1930
top_ten,svm,bigram,no_origin,12,unith,121,Nielsen,Nov_3_g0,0.999725274725275,1.0,1.0,0.9810606060606061,20,,20,4,8,0,3,5,4,0,6,0,4H,6H,,40,0,True,False,True,False,1930
top_ten,svm,bigram,no_origin,12,unith,121,Nielsen,Nov_3_g0,0.999725274725275,1.0,1.0,0.9810606060606061,20,,20,4,8,0,3,6,4,0,1,1,4H,1S,,40,0,True,False,True,False,1930
top_ten,svm,bigram,no_origin,12,unith,121,Nielsen,Nov_3_g0,0.999725274725275,1.0,1.0,0.9810606060606061,20,2,20,4,8,0,3,7,4,0,2,1,4H,2S,,40,4,True,True,True,False,1930
top_ten,svm,bigram,no_origin,12,unith,121,Nielsen,Nov_3_g0,0.999725274725275,1.0,1.0,0.9810606060606061,20,,20,4,8,0,3,8,4,0,3,1,4H,3S,,40,0,True,False,True,False,1930
top_ten,svm,bigram,no_origin,12,unith,121,Nielsen,Nov_3_g0,0.999725274725275,1.0,1.0,0.9810606060606061,20,20,20,4,8,0,3,9,4,0,4,1,4H,4S,0.3928111535255509,40,45,True,True,True,True,1930
top_ten,svm,bigram,no_origin,12,unith,121,Nielsen,Nov_3_g0,0.999725274725275,1.0,1.0,0.9810606060606061,20,20,20,4,8,0,3,10,4,0,5,1,4H,5S,0.5664641617641573,40,95,True,True,True,True,1930
top_ten,svm,bigram,no_origin,12,unith,121,Nielsen,Nov_3_g0,0.999725274725275,1.0,1.0,0.9810606060606061,20,20,20,4,8,0,3,11,4,0,6,1,4H,6S,0.18336145236796259,40,84,True,True,True,True,1930
top_ten,svm,bigram,no_origin,12,unith,121,Nielsen,Nov_3_g0,0.999725274725275,1.0,1.0,0.9810606060606061,,20,20,4,8,0,4,0,5,0,1,0,5H,1H,,0,65,False,True,False,True,1930
top_ten,svm,bigram,no_origin,12,unith,121,Nielsen,Nov_3_g0,0.999725274725275,1.0,1.0,0.9810606060606061,,20,20,4,8,0,4,1,5,0,2,0,5H,2H,,0,82,False,True,False,True,1930
top_ten,svm,bigram,no_origin,12,unith,121,Nielsen,Nov_3_g0,0.999725274725275,1.0,1.0,0.9810606060606061,,20,20,4,8,0,4,2,5,0,3,0,5H,3H,,0,80,False,True,False,True,1930
top_ten,svm,bigram,no_origin,12,unith,121,Nielsen,Nov_3_g0,0.999725274725275,1.0,1.0,0.9810606060606061,,20,20,4,8,0,4,3,5,0,4,0,5H,4H,,0,40,False,True,False,True,1930
top_ten,svm,bigram,no_origin,12,unith,121,Nielsen,Nov_3_g0,0.999725274725275,1.0,1.0,0.9810606060606061,,,20,4,8,0,4,4,5,0,5,0,5H,5H,,0,0,False,False,False,False,1930
top_ten,svm,bigram,no_origin,12,unith,121,Nielsen,Nov_3_g0,0.999725274725275,1.0,1.0,0.9810606060606061,,,20,4,8,0,4,5,5,0,6,0,5H,6H,,0,0,False,False,False,False,1930
top_ten,svm,bigram,no_origin,12,unith,121,Nielsen,Nov_3_g0,0.999725274725275,1.0,1.0,0.9810606060606061,,,20,4,8,0,4,6,5,0,1,1,5H,1S,,0,0,False,False,False,False,1930
top_ten,svm,bigram,no_origin,12,unith,121,Nielsen,Nov_3_g0,0.999725274725275,1.0,1.0,0.9810606060606061,,2,20,4,8,0,4,7,5,0,2,1,5H,2S,,0,4,False,True,False,False,1930
top_ten,svm,bigram,no_origin,12,unith,121,Nielsen,Nov_3_g0,0.999725274725275,1.0,1.0,0.9810606060606061,,,20,4,8,0,4,8,5,0,3,1,5H,3S,,0,0,False,False,False,False,1930
top_ten,svm,bigram,no_origin,12,unith,121,Nielsen,Nov_3_g0,0.999725274725275,1.0,1.0,0.9810606060606061,,20,20,4,8,0,4,9,5,0,4,1,5H,4S,,0,45,False,True,False,True,1930
top_ten,svm,bigram,no_origin,12,unith,121,Nielsen,Nov_3_g0,0.999725274725275,1.0,1.0,0.9810606060606061,,20,20,4,8,0,4,10,5,0,5,1,5H,5S,,0,95,False,True,False,True,1930
top_ten,svm,bigram,no_origin,12,unith,121,Nielsen,Nov_3_g0,0.999725274725275,1.0,1.0,0.9810606060606061,,20,20,4,8,0,4,11,5,0,6,1,5H,6S,,0,84,False,True,False,True,1930
top_ten,svm,bigram,no_origin,12,unith,121,Nielsen,Nov_3_g0,0.999725274725275,1.0,1.0,0.9810606060606061,,20,20,4,8,0,5,0,6,0,1,0,6H,1H,,0,65,False,True,False,True,1930
top_ten,svm,bigram,no_origin,12,unith,121,Nielsen,Nov_3_g0,0.999725274725275,1.0,1.0,0.9810606060606061,,20,20,4,8,0,5,1,6,0,2,0,6H,2H,,0,82,False,True,False,True,1930
top_ten,svm,bigram,no_origin,12,unith,121,Nielsen,Nov_3_g0,0.999725274725275,1.0,1.0,0.9810606060606061,,20,20,4,8,0,5,2,6,0,3,0,6H,3H,,0,80,False,True,False,True,1930
top_ten,svm,bigram,no_origin,12,unith,121,Nielsen,Nov_3_g0,0.999725274725275,1.0,1.0,0.9810606060606061,,20,20,4,8,0,5,3,6,0,4,0,6H,4H,,0,40,False,True,False,True,1930
top_ten,svm,bigram,no_origin,12,unith,121,Nielsen,Nov_3_g0,0.999725274725275,1.0,1.0,0.9810606060606061,,,20,4,8,0,5,4,6,0,5,0,6H,5H,,0,0,False,False,False,False,1930
top_ten,svm,bigram,no_origin,12,unith,121,Nielsen,Nov_3_g0,0.999725274725275,1.0,1.0,0.9810606060606061,,,20,4,8,0,5,5,6,0,6,0,6H,6H,,0,0,False,False,False,False,1930
top_ten,svm,bigram,no_origin,12,unith,121,Nielsen,Nov_3_g0,0.999725274725275,1.0,1.0,0.9810606060606061,,,20,4,8,0,5,6,6,0,1,1,6H,1S,,0,0,False,False,False,False,1930
top_ten,svm,bigram,no_origin,12,unith,121,Nielsen,Nov_3_g0,0.999725274725275,1.0,1.0,0.9810606060606061,,2,20,4,8,0,5,7,6,0,2,1,6H,2S,,0,4,False,True,False,False,1930
top_ten,svm,bigram,no_origin,12,unith,121,Nielsen,Nov_3_g0,0.999725274725275,1.0,1.0,0.9810606060606061,,,20,4,8,0,5,8,6,0,3,1,6H,3S,,0,0,False,False,False,False,1930
top_ten,svm,bigram,no_origin,12,unith,121,Nielsen,Nov_3_g0,0.999725274725275,1.0,1.0,0.9810606060606061,,20,20,4,8,0,5,9,6,0,4,1,6H,4S,,0,45,False,True,False,True,1930
top_ten,svm,bigram,no_origin,12,unith,121,Nielsen,Nov_3_g0,0.999725274725275,1.0,1.0,0.9810606060606061,,20,20,4,8,0,5,10,6,0,5,1,6H,5S,,0,95,False,True,False,True,1930
top_ten,svm,bigram,no_origin,12,unith,121,Nielsen,Nov_3_g0,0.999725274725275,1.0,1.0,0.9810606060606061,,20,20,4,8,0,5,11,6,0,6,1,6H,6S,,0,84,False,True,False,True,1930
top_ten,svm,bigram,no_origin,12,unith,121,Nielsen,Nov_3_g0,0.999725274725275,1.0,1.0,0.9810606060606061,,20,20,4,8,0,6,0,1,1,1,0,1S,1H,,0,65,False,True,False,True,1930
top_ten,svm,bigram,no_origin,12,unith,121,Nielsen,Nov_3_g0,0.999725274725275,1.0,1.0,0.9810606060606061,,20,20,4,8,0,6,1,1,1,2,0,1S,2H,,0,82,False,True,False,True,1930
top_ten,svm,bigram,no_origin,12,unith,121,Nielsen,Nov_3_g0,0.999725274725275,1.0,1.0,0.9810606060606061,,20,20,4,8,0,6,2,1,1,3,0,1S,3H,,0,80,False,True,False,True,1930
top_ten,svm,bigram,no_origin,12,unith,121,Nielsen,Nov_3_g0,0.999725274725275,1.0,1.0,0.9810606060606061,,20,20,4,8,0,6,3,1,1,4,0,1S,4H,,0,40,False,True,False,True,1930
top_ten,svm,bigram,no_origin,12,unith,121,Nielsen,Nov_3_g0,0.999725274725275,1.0,1.0,0.9810606060606061,,,20,4,8,0,6,4,1,1,5,0,1S,5H,,0,0,False,False,False,False,1930
top_ten,svm,bigram,no_origin,12,unith,121,Nielsen,Nov_3_g0,0.999725274725275,1.0,1.0,0.9810606060606061,,,20,4,8,0,6,5,1,1,6,0,1S,6H,,0,0,False,False,False,False,1930
top_ten,svm,bigram,no_origin,12,unith,121,Nielsen,Nov_3_g0,0.999725274725275,1.0,1.0,0.9810606060606061,,,20,4,8,0,6,6,1,1,1,1,1S,1S,,0,0,False,False,False,False,1930
top_ten,svm,bigram,no_origin,12,unith,121,Nielsen,Nov_3_g0,0.999725274725275,1.0,1.0,0.9810606060606061,,2,20,4,8,0,6,7,1,1,2,1,1S,2S,,0,4,False,True,False,False,1930
top_ten,svm,bigram,no_origin,12,unith,121,Nielsen,Nov_3_g0,0.999725274725275,1.0,1.0,0.9810606060606061,,,20,4,8,0,6,8,1,1,3,1,1S,3S,,0,0,False,False,False,False,1930
top_ten,svm,bigram,no_origin,12,unith,121,Nielsen,Nov_3_g0,0.999725274725275,1.0,1.0,0.9810606060606061,,20,20,4,8,0,6,9,1,1,4,1,1S,4S,,0,45,False,True,False,True,1930
top_ten,svm,bigram,no_origin,12,unith,121,Nielsen,Nov_3_g0,0.999725274725275,1.0,1.0,0.9810606060606061,,20,20,4,8,0,6,10,1,1,5,1,1S,5S,,0,95,False,True,False,True,1930
top_ten,svm,bigram,no_origin,12,unith,121,Nielsen,Nov_3_g0,0.999725274725275,1.0,1.0,0.9810606060606061,,20,20,4,8,0,6,11,1,1,6,1,1S,6S,,0,84,False,True,False,True,1930
top_ten,svm,bigram,no_origin,12,unith,121,Nielsen,Nov_3_g0,0.999725274725275,1.0,1.0,0.9810606060606061,2,20,20,4,8,0,7,0,2,1,1,0,2S,1H,,4,65,True,True,False,True,1930
top_ten,svm,bigram,no_origin,12,unith,121,Nielsen,Nov_3_g0,0.999725274725275,1.0,1.0,0.9810606060606061,2,20,20,4,8,0,7,1,2,1,2,0,2S,2H,,4,82,True,True,False,True,1930
top_ten,svm,bigram,no_origin,12,unith,121,Nielsen,Nov_3_g0,0.999725274725275,1.0,1.0,0.9810606060606061,2,20,20,4,8,0,7,2,2,1,3,0,2S,3H,,4,80,True,True,False,True,1930
top_ten,svm,bigram,no_origin,12,unith,121,Nielsen,Nov_3_g0,0.999725274725275,1.0,1.0,0.9810606060606061,2,20,20,4,8,0,7,3,2,1,4,0,2S,4H,,4,40,True,True,False,True,1930
top_ten,svm,bigram,no_origin,12,unith,121,Nielsen,Nov_3_g0,0.999725274725275,1.0,1.0,0.9810606060606061,2,,20,4,8,0,7,4,2,1,5,0,2S,5H,,4,0,True,False,False,False,1930
top_ten,svm,bigram,no_origin,12,unith,121,Nielsen,Nov_3_g0,0.999725274725275,1.0,1.0,0.9810606060606061,2,,20,4,8,0,7,5,2,1,6,0,2S,6H,,4,0,True,False,False,False,1930
top_ten,svm,bigram,no_origin,12,unith,121,Nielsen,Nov_3_g0,0.999725274725275,1.0,1.0,0.9810606060606061,2,,20,4,8,0,7,6,2,1,1,1,2S,1S,,4,0,True,False,False,False,1930
top_ten,svm,bigram,no_origin,12,unith,121,Nielsen,Nov_3_g0,0.999725274725275,1.0,1.0,0.9810606060606061,2,2,20,4,8,0,7,7,2,1,2,1,2S,2S,,4,4,True,True,False,False,1930
top_ten,svm,bigram,no_origin,12,unith,121,Nielsen,Nov_3_g0,0.999725274725275,1.0,1.0,0.9810606060606061,2,,20,4,8,0,7,8,2,1,3,1,2S,3S,,4,0,True,False,False,False,1930
top_ten,svm,bigram,no_origin,12,unith,121,Nielsen,Nov_3_g0,0.999725274725275,1.0,1.0,0.9810606060606061,2,20,20,4,8,0,7,9,2,1,4,1,2S,4S,,4,45,True,True,False,True,1930
top_ten,svm,bigram,no_origin,12,unith,121,Nielsen,Nov_3_g0,0.999725274725275,1.0,1.0,0.9810606060606061,2,20,20,4,8,0,7,10,2,1,5,1,2S,5S,,4,95,True,True,False,True,1930
top_ten,svm,bigram,no_origin,12,unith,121,Nielsen,Nov_3_g0,0.999725274725275,1.0,1.0,0.9810606060606061,2,20,20,4,8,0,7,11,2,1,6,1,2S,6S,,4,84,True,True,False,True,1930
top_ten,svm,bigram,no_origin,12,unith,121,Nielsen,Nov_3_g0,0.999725274725275,1.0,1.0,0.9810606060606061,,20,20,4,8,0,8,0,3,1,1,0,3S,1H,,0,65,False,True,False,True,1930
top_ten,svm,bigram,no_origin,12,unith,121,Nielsen,Nov_3_g0,0.999725274725275,1.0,1.0,0.9810606060606061,,20,20,4,8,0,8,1,3,1,2,0,3S,2H,,0,82,False,True,False,True,1930
top_ten,svm,bigram,no_origin,12,unith,121,Nielsen,Nov_3_g0,0.999725274725275,1.0,1.0,0.9810606060606061,,20,20,4,8,0,8,2,3,1,3,0,3S,3H,,0,80,False,True,False,True,1930
top_ten,svm,bigram,no_origin,12,unith,121,Nielsen,Nov_3_g0,0.999725274725275,1.0,1.0,0.9810606060606061,,20,20,4,8,0,8,3,3,1,4,0,3S,4H,,0,40,False,True,False,True,1930
top_ten,svm,bigram,no_origin,12,unith,121,Nielsen,Nov_3_g0,0.999725274725275,1.0,1.0,0.9810606060606061,,,20,4,8,0,8,4,3,1,5,0,3S,5H,,0,0,False,False,False,False,1930
top_ten,svm,bigram,no_origin,12,unith,121,Nielsen,Nov_3_g0,0.999725274725275,1.0,1.0,0.9810606060606061,,,20,4,8,0,8,5,3,1,6,0,3S,6H,,0,0,False,False,False,False,1930
top_ten,svm,bigram,no_origin,12,unith,121,Nielsen,Nov_3_g0,0.999725274725275,1.0,1.0,0.9810606060606061,,,20,4,8,0,8,6,3,1,1,1,3S,1S,,0,0,False,False,False,False,1930
top_ten,svm,bigram,no_origin,12,unith,121,Nielsen,Nov_3_g0,0.999725274725275,1.0,1.0,0.9810606060606061,,2,20,4,8,0,8,7,3,1,2,1,3S,2S,,0,4,False,True,False,False,1930
top_ten,svm,bigram,no_origin,12,unith,121,Nielsen,Nov_3_g0,0.999725274725275,1.0,1.0,0.9810606060606061,,,20,4,8,0,8,8,3,1,3,1,3S,3S,,0,0,False,False,False,False,1930
top_ten,svm,bigram,no_origin,12,unith,121,Nielsen,Nov_3_g0,0.999725274725275,1.0,1.0,0.9810606060606061,,20,20,4,8,0,8,9,3,1,4,1,3S,4S,,0,45,False,True,False,True,1930
top_ten,svm,bigram,no_origin,12,unith,121,Nielsen,Nov_3_g0,0.999725274725275,1.0,1.0,0.9810606060606061,,20,20,4,8,0,8,10,3,1,5,1,3S,5S,,0,95,False,True,False,True,1930
top_ten,svm,bigram,no_origin,12,unith,121,Nielsen,Nov_3_g0,0.999725274725275,1.0,1.0,0.9810606060606061,,20,20,4,8,0,8,11,3,1,6,1,3S,6S,,0,84,False,True,False,True,1930
top_ten,svm,bigram,no_origin,12,unith,121,Nielsen,Nov_3_g0,0.999725274725275,1.0,1.0,0.9810606060606061,20,20,20,4,8,0,9,0,4,1,1,0,4S,1H,0.37410094055891785,45,65,True,True,True,True,1930
top_ten,svm,bigram,no_origin,12,unith,121,Nielsen,Nov_3_g0,0.999725274725275,1.0,1.0,0.9810606060606061,20,20,20,4,8,0,9,1,4,1,2,0,4S,2H,0.3927686265745215,45,82,True,True,True,True,1930
top_ten,svm,bigram,no_origin,12,unith,121,Nielsen,Nov_3_g0,0.999725274725275,1.0,1.0,0.9810606060606061,20,20,20,4,8,0,9,2,4,1,3,0,4S,3H,0.32254448972835276,45,80,True,True,True,True,1930
top_ten,svm,bigram,no_origin,12,unith,121,Nielsen,Nov_3_g0,0.999725274725275,1.0,1.0,0.9810606060606061,20,20,20,4,8,0,9,3,4,1,4,0,4S,4H,0.3928111535255509,45,40,True,True,True,True,1930
top_ten,svm,bigram,no_origin,12,unith,121,Nielsen,Nov_3_g0,0.999725274725275,1.0,1.0,0.9810606060606061,20,,20,4,8,0,9,4,4,1,5,0,4S,5H,,45,0,True,False,True,False,1930
top_ten,svm,bigram,no_origin,12,unith,121,Nielsen,Nov_3_g0,0.999725274725275,1.0,1.0,0.9810606060606061,20,,20,4,8,0,9,5,4,1,6,0,4S,6H,,45,0,True,False,True,False,1930
top_ten,svm,bigram,no_origin,12,unith,121,Nielsen,Nov_3_g0,0.999725274725275,1.0,1.0,0.9810606060606061,20,,20,4,8,0,9,6,4,1,1,1,4S,1S,,45,0,True,False,True,False,1930
top_ten,svm,bigram,no_origin,12,unith,121,Nielsen,Nov_3_g0,0.999725274725275,1.0,1.0,0.9810606060606061,20,2,20,4,8,0,9,7,4,1,2,1,4S,2S,,45,4,True,True,True,False,1930
top_ten,svm,bigram,no_origin,12,unith,121,Nielsen,Nov_3_g0,0.999725274725275,1.0,1.0,0.9810606060606061,20,,20,4,8,0,9,8,4,1,3,1,4S,3S,,45,0,True,False,True,False,1930
top_ten,svm,bigram,no_origin,12,unith,121,Nielsen,Nov_3_g0,0.999725274725275,1.0,1.0,0.9810606060606061,20,20,20,4,8,0,9,9,4,1,4,1,4S,4S,0.36467289250204254,45,45,True,True,True,True,1930
top_ten,svm,bigram,no_origin,12,unith,121,Nielsen,Nov_3_g0,0.999725274725275,1.0,1.0,0.9810606060606061,20,20,20,4,8,0,9,10,4,1,5,1,4S,5S,0.35675619792808533,45,95,True,True,True,True,1930
top_ten,svm,bigram,no_origin,12,unith,121,Nielsen,Nov_3_g0,0.999725274725275,1.0,1.0,0.9810606060606061,20,20,20,4,8,0,9,11,4,1,6,1,4S,6S,0.4337076963856591,45,84,True,True,True,True,1930
top_ten,svm,bigram,no_origin,12,unith,121,Nielsen,Nov_3_g0,0.999725274725275,1.0,1.0,0.9810606060606061,20,20,20,4,8,0,10,0,5,1,1,0,5S,1H,0.5309619951579114,95,65,True,True,True,True,1930
top_ten,svm,bigram,no_origin,12,unith,121,Nielsen,Nov_3_g0,0.999725274725275,1.0,1.0,0.9810606060606061,20,20,20,4,8,0,10,1,5,1,2,0,5S,2H,0.3445826393947498,95,82,True,True,True,True,1930
top_ten,svm,bigram,no_origin,12,unith,121,Nielsen,Nov_3_g0,0.999725274725275,1.0,1.0,0.9810606060606061,20,20,20,4,8,0,10,2,5,1,3,0,5S,3H,0.4317151304183131,95,80,True,True,True,True,1930
top_ten,svm,bigram,no_origin,12,unith,121,Nielsen,Nov_3_g0,0.999725274725275,1.0,1.0,0.9810606060606061,20,20,20,4,8,0,10,3,5,1,4,0,5S,4H,0.5664641617641573,95,40,True,True,True,True,1930
top_ten,svm,bigram,no_origin,12,unith,121,Nielsen,Nov_3_g0,0.999725274725275,1.0,1.0,0.9810606060606061,20,,20,4,8,0,10,4,5,1,5,0,5S,5H,,95,0,True,False,True,False,1930
top_ten,svm,bigram,no_origin,12,unith,121,Nielsen,Nov_3_g0,0.999725274725275,1.0,1.0,0.9810606060606061,20,,20,4,8,0,10,5,5,1,6,0,5S,6H,,95,0,True,False,True,False,1930
top_ten,svm,bigram,no_origin,12,unith,121,Nielsen,Nov_3_g0,0.999725274725275,1.0,1.0,0.9810606060606061,20,,20,4,8,0,10,6,5,1,1,1,5S,1S,,95,0,True,False,True,False,1930
top_ten,svm,bigram,no_origin,12,unith,121,Nielsen,Nov_3_g0,0.999725274725275,1.0,1.0,0.9810606060606061,20,2,20,4,8,0,10,7,5,1,2,1,5S,2S,,95,4,True,True,True,False,1930
top_ten,svm,bigram,no_origin,12,unith,121,Nielsen,Nov_3_g0,0.999725274725275,1.0,1.0,0.9810606060606061,20,,20,4,8,0,10,8,5,1,3,1,5S,3S,,95,0,True,False,True,False,1930
top_ten,svm,bigram,no_origin,12,unith,121,Nielsen,Nov_3_g0,0.999725274725275,1.0,1.0,0.9810606060606061,20,20,20,4,8,0,10,9,5,1,4,1,5S,4S,0.35675619792808533,95,45,True,True,True,True,1930
top_ten,svm,bigram,no_origin,12,unith,121,Nielsen,Nov_3_g0,0.999725274725275,1.0,1.0,0.9810606060606061,20,20,20,4,8,0,10,10,5,1,5,1,5S,5S,0.5808898865165608,95,95,True,True,True,True,1930
top_ten,svm,bigram,no_origin,12,unith,121,Nielsen,Nov_3_g0,0.999725274725275,1.0,1.0,0.9810606060606061,20,20,20,4,8,0,10,11,5,1,6,1,5S,6S,0.13410561126431012,95,84,True,True,True,True,1930
top_ten,svm,bigram,no_origin,12,unith,121,Nielsen,Nov_3_g0,0.999725274725275,1.0,1.0,0.9810606060606061,20,20,20,4,8,0,11,0,6,1,1,0,6S,1H,0.08700139765030643,84,65,True,True,True,True,1930
top_ten,svm,bigram,no_origin,12,unith,121,Nielsen,Nov_3_g0,0.999725274725275,1.0,1.0,0.9810606060606061,20,20,20,4,8,0,11,1,6,1,2,0,6S,2H,0.21907891787743017,84,82,True,True,True,True,1930
top_ten,svm,bigram,no_origin,12,unith,121,Nielsen,Nov_3_g0,0.999725274725275,1.0,1.0,0.9810606060606061,20,20,20,4,8,0,11,2,6,1,3,0,6S,3H,0.13495347762448026,84,80,True,True,True,True,1930
top_ten,svm,bigram,no_origin,12,unith,121,Nielsen,Nov_3_g0,0.999725274725275,1.0,1.0,0.9810606060606061,20,20,20,4,8,0,11,3,6,1,4,0,6S,4H,0.18336145236796259,84,40,True,True,True,True,1930
top_ten,svm,bigram,no_origin,12,unith,121,Nielsen,Nov_3_g0,0.999725274725275,1.0,1.0,0.9810606060606061,20,,20,4,8,0,11,4,6,1,5,0,6S,5H,,84,0,True,False,True,False,1930
top_ten,svm,bigram,no_origin,12,unith,121,Nielsen,Nov_3_g0,0.999725274725275,1.0,1.0,0.9810606060606061,20,,20,4,8,0,11,5,6,1,6,0,6S,6H,,84,0,True,False,True,False,1930
top_ten,svm,bigram,no_origin,12,unith,121,Nielsen,Nov_3_g0,0.999725274725275,1.0,1.0,0.9810606060606061,20,,20,4,8,0,11,6,6,1,1,1,6S,1S,,84,0,True,False,True,False,1930
top_ten,svm,bigram,no_origin,12,unith,121,Nielsen,Nov_3_g0,0.999725274725275,1.0,1.0,0.9810606060606061,20,2,20,4,8,0,11,7,6,1,2,1,6S,2S,,84,4,True,True,True,False,1930
top_ten,svm,bigram,no_origin,12,unith,121,Nielsen,Nov_3_g0,0.999725274725275,1.0,1.0,0.9810606060606061,20,,20,4,8,0,11,8,6,1,3,1,6S,3S,,84,0,True,False,True,False,1930
top_ten,svm,bigram,no_origin,12,unith,121,Nielsen,Nov_3_g0,0.999725274725275,1.0,1.0,0.9810606060606061,20,20,20,4,8,0,11,9,6,1,4,1,6S,4S,0.4337076963856591,84,45,True,True,True,True,1930
top_ten,svm,bigram,no_origin,12,unith,121,Nielsen,Nov_3_g0,0.999725274725275,1.0,1.0,0.9810606060606061,20,20,20,4,8,0,11,10,6,1,5,1,6S,5S,0.13410561126431012,84,95,True,True,True,True,1930
top_ten,svm,bigram,no_origin,12,unith,121,Nielsen,Nov_3_g0,0.999725274725275,1.0,1.0,0.9810606060606061,20,20,20,4,8,0,11,11,6,1,6,1,6S,6S,0.8482843467740075,84,84,True,True,True,True,1930
top_ten,svm,bigram,no_origin,12,unith,121,Nielsen,Nov_4_g0,0.965494505494505,0.9621978021978022,0.9335164835164835,0.6478260869565218,5,5,20,4,8,0,0,0,1,0,1,0,1H,1H,0.19518914700596077,61,61,True,True,True,True,1930
top_ten,svm,bigram,no_origin,12,unith,121,Nielsen,Nov_4_g0,0.965494505494505,0.9621978021978022,0.9335164835164835,0.6478260869565218,5,5,20,4,8,0,0,1,1,0,2,0,1H,2H,0.15197118753791927,61,54,True,True,True,True,1930
top_ten,svm,bigram,no_origin,12,unith,121,Nielsen,Nov_4_g0,0.965494505494505,0.9621978021978022,0.9335164835164835,0.6478260869565218,5,5,20,4,8,0,0,2,1,0,3,0,1H,3H,0.17144629808728365,61,56,True,True,True,True,1930
top_ten,svm,bigram,no_origin,12,unith,121,Nielsen,Nov_4_g0,0.965494505494505,0.9621978021978022,0.9335164835164835,0.6478260869565218,5,5,20,4,8,0,0,3,1,0,4,0,1H,4H,0.18051302579968942,61,24,True,True,True,True,1930
top_ten,svm,bigram,no_origin,12,unith,121,Nielsen,Nov_4_g0,0.965494505494505,0.9621978021978022,0.9335164835164835,0.6478260869565218,5,5,20,4,8,0,0,4,1,0,5,0,1H,5H,0.11359859885258271,61,13,True,True,True,True,1930
top_ten,svm,bigram,no_origin,12,unith,121,Nielsen,Nov_4_g0,0.965494505494505,0.9621978021978022,0.9335164835164835,0.6478260869565218,5,,20,4,8,0,0,5,1,0,6,0,1H,6H,,61,0,True,False,True,False,1930
top_ten,svm,bigram,no_origin,12,unith,121,Nielsen,Nov_4_g0,0.965494505494505,0.9621978021978022,0.9335164835164835,0.6478260869565218,5,,20,4,8,0,0,6,1,0,1,1,1H,1S,,61,0,True,False,True,False,1930
top_ten,svm,bigram,no_origin,12,unith,121,Nielsen,Nov_4_g0,0.965494505494505,0.9621978021978022,0.9335164835164835,0.6478260869565218,5,5,20,4,8,0,0,7,1,0,2,1,1H,2S,0.1461890996042528,61,11,True,True,True,True,1930
top_ten,svm,bigram,no_origin,12,unith,121,Nielsen,Nov_4_g0,0.965494505494505,0.9621978021978022,0.9335164835164835,0.6478260869565218,5,5,20,4,8,0,0,8,1,0,3,1,1H,3S,0.24948461609970102,61,19,True,True,True,True,1930
top_ten,svm,bigram,no_origin,12,unith,121,Nielsen,Nov_4_g0,0.965494505494505,0.9621978021978022,0.9335164835164835,0.6478260869565218,5,5,20,4,8,0,0,9,1,0,4,1,1H,4S,0.13152650611243696,61,33,True,True,True,True,1930
top_ten,svm,bigram,no_origin,12,unith,121,Nielsen,Nov_4_g0,0.965494505494505,0.9621978021978022,0.9335164835164835,0.6478260869565218,5,5,20,4,8,0,0,10,1,0,5,1,1H,5S,0.12375917653045566,61,77,True,True,True,True,1930
top_ten,svm,bigram,no_origin,12,unith,121,Nielsen,Nov_4_g0,0.965494505494505,0.9621978021978022,0.9335164835164835,0.6478260869565218,5,5,20,4,8,0,0,11,1,0,6,1,1H,6S,0.10761973902642985,61,65,True,True,True,True,1930
top_ten,svm,bigram,no_origin,12,unith,121,Nielsen,Nov_4_g0,0.965494505494505,0.9621978021978022,0.9335164835164835,0.6478260869565218,5,5,20,4,8,0,1,0,2,0,1,0,2H,1H,0.15197118753791927,54,61,True,True,True,True,1930
top_ten,svm,bigram,no_origin,12,unith,121,Nielsen,Nov_4_g0,0.965494505494505,0.9621978021978022,0.9335164835164835,0.6478260869565218,5,5,20,4,8,0,1,1,2,0,2,0,2H,2H,0.07945872540096686,54,54,True,True,True,True,1930
top_ten,svm,bigram,no_origin,12,unith,121,Nielsen,Nov_4_g0,0.965494505494505,0.9621978021978022,0.9335164835164835,0.6478260869565218,5,5,20,4,8,0,1,2,2,0,3,0,2H,3H,0.11489918747494794,54,56,True,True,True,True,1930
top_ten,svm,bigram,no_origin,12,unith,121,Nielsen,Nov_4_g0,0.965494505494505,0.9621978021978022,0.9335164835164835,0.6478260869565218,5,5,20,4,8,0,1,3,2,0,4,0,2H,4H,0.18205525217504653,54,24,True,True,True,True,1930
top_ten,svm,bigram,no_origin,12,unith,121,Nielsen,Nov_4_g0,0.965494505494505,0.9621978021978022,0.9335164835164835,0.6478260869565218,5,5,20,4,8,0,1,4,2,0,5,0,2H,5H,0.09412658490686843,54,13,True,True,True,True,1930
top_ten,svm,bigram,no_origin,12,unith,121,Nielsen,Nov_4_g0,0.965494505494505,0.9621978021978022,0.9335164835164835,0.6478260869565218,5,,20,4,8,0,1,5,2,0,6,0,2H,6H,,54,0,True,False,True,False,1930
top_ten,svm,bigram,no_origin,12,unith,121,Nielsen,Nov_4_g0,0.965494505494505,0.9621978021978022,0.9335164835164835,0.6478260869565218,5,,20,4,8,0,1,6,2,0,1,1,2H,1S,,54,0,True,False,True,False,1930
top_ten,svm,bigram,no_origin,12,unith,121,Nielsen,Nov_4_g0,0.965494505494505,0.9621978021978022,0.9335164835164835,0.6478260869565218,5,5,20,4,8,0,1,7,2,0,2,1,2H,2S,0.15394956505235027,54,11,True,True,True,True,1930
top_ten,svm,bigram,no_origin,12,unith,121,Nielsen,Nov_4_g0,0.965494505494505,0.9621978021978022,0.9335164835164835,0.6478260869565218,5,5,20,4,8,0,1,8,2,0,3,1,2H,3S,0.14553216413627285,54,19,True,True,True,True,1930
top_ten,svm,bigram,no_origin,12,unith,121,Nielsen,Nov_4_g0,0.965494505494505,0.9621978021978022,0.9335164835164835,0.6478260869565218,5,5,20,4,8,0,1,9,2,0,4,1,2H,4S,0.0665451481975923,54,33,True,True,True,True,1930
top_ten,svm,bigram,no_origin,12,unith,121,Nielsen,Nov_4_g0,0.965494505494505,0.9621978021978022,0.9335164835164835,0.6478260869565218,5,5,20,4,8,0,1,10,2,0,5,1,2H,5S,0.09309963474455389,54,77,True,True,True,True,1930
top_ten,svm,bigram,no_origin,12,unith,121,Nielsen,Nov_4_g0,0.965494505494505,0.9621978021978022,0.9335164835164835,0.6478260869565218,5,5,20,4,8,0,1,11,2,0,6,1,2H,6S,0.09336476317929644,54,65,True,True,True,True,1930
top_ten,svm,bigram,no_origin,12,unith,121,Nielsen,Nov_4_g0,0.965494505494505,0.9621978021978022,0.9335164835164835,0.6478260869565218,5,5,20,4,8,0,2,0,3,0,1,0,3H,1H,0.17144629808728365,56,61,True,True,True,True,1930
top_ten,svm,bigram,no_origin,12,unith,121,Nielsen,Nov_4_g0,0.965494505494505,0.9621978021978022,0.9335164835164835,0.6478260869565218,5,5,20,4,8,0,2,1,3,0,2,0,3H,2H,0.11489918747494794,56,54,True,True,True,True,1930
top_ten,svm,bigram,no_origin,12,unith,121,Nielsen,Nov_4_g0,0.965494505494505,0.9621978021978022,0.9335164835164835,0.6478260869565218,5,5,20,4,8,0,2,2,3,0,3,0,3H,3H,0.19580695422018898,56,56,True,True,True,True,1930
top_ten,svm,bigram,no_origin,12,unith,121,Nielsen,Nov_4_g0,0.965494505494505,0.9621978021978022,0.9335164835164835,0.6478260869565218,5,5,20,4,8,0,2,3,3,0,4,0,3H,4H,0.24427075460430925,56,24,True,True,True,True,1930
top_ten,svm,bigram,no_origin,12,unith,121,Nielsen,Nov_4_g0,0.965494505494505,0.9621978021978022,0.9335164835164835,0.6478260869565218,5,5,20,4,8,0,2,4,3,0,5,0,3H,5H,0.14850291474899413,56,13,True,True,True,True,1930
top_ten,svm,bigram,no_origin,12,unith,121,Nielsen,Nov_4_g0,0.965494505494505,0.9621978021978022,0.9335164835164835,0.6478260869565218,5,,20,4,8,0,2,5,3,0,6,0,3H,6H,,56,0,True,False,True,False,1930
top_ten,svm,bigram,no_origin,12,unith,121,Nielsen,Nov_4_g0,0.965494505494505,0.9621978021978022,0.9335164835164835,0.6478260869565218,5,,20,4,8,0,2,6,3,0,1,1,3H,1S,,56,0,True,False,True,False,1930
top_ten,svm,bigram,no_origin,12,unith,121,Nielsen,Nov_4_g0,0.965494505494505,0.9621978021978022,0.9335164835164835,0.6478260869565218,5,5,20,4,8,0,2,7,3,0,2,1,3H,2S,0.12057676973948062,56,11,True,True,True,True,1930
top_ten,svm,bigram,no_origin,12,unith,121,Nielsen,Nov_4_g0,0.965494505494505,0.9621978021978022,0.9335164835164835,0.6478260869565218,5,5,20,4,8,0,2,8,3,0,3,1,3H,3S,0.30852587870282155,56,19,True,True,True,True,1930
top_ten,svm,bigram,no_origin,12,unith,121,Nielsen,Nov_4_g0,0.965494505494505,0.9621978021978022,0.9335164835164835,0.6478260869565218,5,5,20,4,8,0,2,9,3,0,4,1,3H,4S,0.1570838997037064,56,33,True,True,True,True,1930
top_ten,svm,bigram,no_origin,12,unith,121,Nielsen,Nov_4_g0,0.965494505494505,0.9621978021978022,0.9335164835164835,0.6478260869565218,5,5,20,4,8,0,2,10,3,0,5,1,3H,5S,0.16928987992881855,56,77,True,True,True,True,1930
top_ten,svm,bigram,no_origin,12,unith,121,Nielsen,Nov_4_g0,0.965494505494505,0.9621978021978022,0.9335164835164835,0.6478260869565218,5,5,20,4,8,0,2,11,3,0,6,1,3H,6S,0.06859876779968689,56,65,True,True,True,True,1930
top_ten,svm,bigram,no_origin,12,unith,121,Nielsen,Nov_4_g0,0.965494505494505,0.9621978021978022,0.9335164835164835,0.6478260869565218,5,5,20,4,8,0,3,0,4,0,1,0,4H,1H,0.18051302579968942,24,61,True,True,True,True,1930
top_ten,svm,bigram,no_origin,12,unith,121,Nielsen,Nov_4_g0,0.965494505494505,0.9621978021978022,0.9335164835164835,0.6478260869565218,5,5,20,4,8,0,3,1,4,0,2,0,4H,2H,0.18205525217504653,24,54,True,True,True,True,1930
top_ten,svm,bigram,no_origin,12,unith,121,Nielsen,Nov_4_g0,0.965494505494505,0.9621978021978022,0.9335164835164835,0.6478260869565218,5,5,20,4,8,0,3,2,4,0,3,0,4H,3H,0.24427075460430925,24,56,True,True,True,True,1930
top_ten,svm,bigram,no_origin,12,unith,121,Nielsen,Nov_4_g0,0.965494505494505,0.9621978021978022,0.9335164835164835,0.6478260869565218,5,5,20,4,8,0,3,3,4,0,4,0,4H,4H,0.17168594521605374,24,24,True,True,True,True,1930
top_ten,svm,bigram,no_origin,12,unith,121,Nielsen,Nov_4_g0,0.965494505494505,0.9621978021978022,0.9335164835164835,0.6478260869565218,5,5,20,4,8,0,3,4,4,0,5,0,4H,5H,0.15028356109501803,24,13,True,True,True,True,1930
top_ten,svm,bigram,no_origin,12,unith,121,Nielsen,Nov_4_g0,0.965494505494505,0.9621978021978022,0.9335164835164835,0.6478260869565218,5,,20,4,8,0,3,5,4,0,6,0,4H,6H,,24,0,True,False,True,False,1930
top_ten,svm,bigram,no_origin,12,unith,121,Nielsen,Nov_4_g0,0.965494505494505,0.9621978021978022,0.9335164835164835,0.6478260869565218,5,,20,4,8,0,3,6,4,0,1,1,4H,1S,,24,0,True,False,True,False,1930
top_ten,svm,bigram,no_origin,12,unith,121,Nielsen,Nov_4_g0,0.965494505494505,0.9621978021978022,0.9335164835164835,0.6478260869565218,5,5,20,4,8,0,3,7,4,0,2,1,4H,2S,0.18088566980366688,24,11,True,True,True,True,1930
top_ten,svm,bigram,no_origin,12,unith,121,Nielsen,Nov_4_g0,0.965494505494505,0.9621978021978022,0.9335164835164835,0.6478260869565218,5,5,20,4,8,0,3,8,4,0,3,1,4H,3S,0.21490250214871148,24,19,True,True,True,True,1930
top_ten,svm,bigram,no_origin,12,unith,121,Nielsen,Nov_4_g0,0.965494505494505,0.9621978021978022,0.9335164835164835,0.6478260869565218,5,5,20,4,8,0,3,9,4,0,4,1,4H,4S,0.15181143204429917,24,33,True,True,True,True,1930
top_ten,svm,bigram,no_origin,12,unith,121,Nielsen,Nov_4_g0,0.965494505494505,0.9621978021978022,0.9335164835164835,0.6478260869565218,5,5,20,4,8,0,3,10,4,0,5,1,4H,5S,0.18311188571361434,24,77,True,True,True,True,1930
top_ten,svm,bigram,no_origin,12,unith,121,Nielsen,Nov_4_g0,0.965494505494505,0.9621978021978022,0.9335164835164835,0.6478260869565218,5,5,20,4,8,0,3,11,4,0,6,1,4H,6S,0.12492095360633496,24,65,True,True,True,True,1930
top_ten,svm,bigram,no_origin,12,unith,121,Nielsen,Nov_4_g0,0.965494505494505,0.9621978021978022,0.9335164835164835,0.6478260869565218,5,5,20,4,8,0,4,0,5,0,1,0,5H,1H,0.11359859885258271,13,61,True,True,True,True,1930
top_ten,svm,bigram,no_origin,12,unith,121,Nielsen,Nov_4_g0,0.965494505494505,0.9621978021978022,0.9335164835164835,0.6478260869565218,5,5,20,4,8,0,4,1,5,0,2,0,5H,2H,0.09412658490686843,13,54,True,True,True,True,1930
top_ten,svm,bigram,no_origin,12,unith,121,Nielsen,Nov_4_g0,0.965494505494505,0.9621978021978022,0.9335164835164835,0.6478260869565218,5,5,20,4,8,0,4,2,5,0,3,0,5H,3H,0.14850291474899413,13,56,True,True,True,True,1930
top_ten,svm,bigram,no_origin,12,unith,121,Nielsen,Nov_4_g0,0.965494505494505,0.9621978021978022,0.9335164835164835,0.6478260869565218,5,5,20,4,8,0,4,3,5,0,4,0,5H,4H,0.15028356109501803,13,24,True,True,True,True,1930
top_ten,svm,bigram,no_origin,12,unith,121,Nielsen,Nov_4_g0,0.965494505494505,0.9621978021978022,0.9335164835164835,0.6478260869565218,5,5,20,4,8,0,4,4,5,0,5,0,5H,5H,-0.01953458695088373,13,13,True,True,True,True,1930
top_ten,svm,bigram,no_origin,12,unith,121,Nielsen,Nov_4_g0,0.965494505494505,0.9621978021978022,0.9335164835164835,0.6478260869565218,5,,20,4,8,0,4,5,5,0,6,0,5H,6H,,13,0,True,False,True,False,1930
top_ten,svm,bigram,no_origin,12,unith,121,Nielsen,Nov_4_g0,0.965494505494505,0.9621978021978022,0.9335164835164835,0.6478260869565218,5,,20,4,8,0,4,6,5,0,1,1,5H,1S,,13,0,True,False,True,False,1930
top_ten,svm,bigram,no_origin,12,unith,121,Nielsen,Nov_4_g0,0.965494505494505,0.9621978021978022,0.9335164835164835,0.6478260869565218,5,5,20,4,8,0,4,7,5,0,2,1,5H,2S,0.12321457980411701,13,11,True,True,True,True,1930
top_ten,svm,bigram,no_origin,12,unith,121,Nielsen,Nov_4_g0,0.965494505494505,0.9621978021978022,0.9335164835164835,0.6478260869565218,5,5,20,4,8,0,4,8,5,0,3,1,5H,3S,0.21095494558948924,13,19,True,True,True,True,1930
top_ten,svm,bigram,no_origin,12,unith,121,Nielsen,Nov_4_g0,0.965494505494505,0.9621978021978022,0.9335164835164835,0.6478260869565218,5,5,20,4,8,0,4,9,5,0,4,1,5H,4S,0.10073264990807823,13,33,True,True,True,True,1930
top_ten,svm,bigram,no_origin,12,unith,121,Nielsen,Nov_4_g0,0.965494505494505,0.9621978021978022,0.9335164835164835,0.6478260869565218,5,5,20,4,8,0,4,10,5,0,5,1,5H,5S,0.1408468267377541,13,77,True,True,True,True,1930
top_ten,svm,bigram,no_origin,12,unith,121,Nielsen,Nov_4_g0,0.965494505494505,0.9621978021978022,0.9335164835164835,0.6478260869565218,5,5,20,4,8,0,4,11,5,0,6,1,5H,6S,0.04638390299742887,13,65,True,True,True,True,1930
top_ten,svm,bigram,no_origin,12,unith,121,Nielsen,Nov_4_g0,0.965494505494505,0.9621978021978022,0.9335164835164835,0.6478260869565218,,5,20,4,8,0,5,0,6,0,1,0,6H,1H,,0,61,False,True,False,True,1930
top_ten,svm,bigram,no_origin,12,unith,121,Nielsen,Nov_4_g0,0.965494505494505,0.9621978021978022,0.9335164835164835,0.6478260869565218,,5,20,4,8,0,5,1,6,0,2,0,6H,2H,,0,54,False,True,False,True,1930
top_ten,svm,bigram,no_origin,12,unith,121,Nielsen,Nov_4_g0,0.965494505494505,0.9621978021978022,0.9335164835164835,0.6478260869565218,,5,20,4,8,0,5,2,6,0,3,0,6H,3H,,0,56,False,True,False,True,1930
top_ten,svm,bigram,no_origin,12,unith,121,Nielsen,Nov_4_g0,0.965494505494505,0.9621978021978022,0.9335164835164835,0.6478260869565218,,5,20,4,8,0,5,3,6,0,4,0,6H,4H,,0,24,False,True,False,True,1930
top_ten,svm,bigram,no_origin,12,unith,121,Nielsen,Nov_4_g0,0.965494505494505,0.9621978021978022,0.9335164835164835,0.6478260869565218,,5,20,4,8,0,5,4,6,0,5,0,6H,5H,,0,13,False,True,False,True,1930
top_ten,svm,bigram,no_origin,12,unith,121,Nielsen,Nov_4_g0,0.965494505494505,0.9621978021978022,0.9335164835164835,0.6478260869565218,,,20,4,8,0,5,5,6,0,6,0,6H,6H,,0,0,False,False,False,False,1930
top_ten,svm,bigram,no_origin,12,unith,121,Nielsen,Nov_4_g0,0.965494505494505,0.9621978021978022,0.9335164835164835,0.6478260869565218,,,20,4,8,0,5,6,6,0,1,1,6H,1S,,0,0,False,False,False,False,1930
top_ten,svm,bigram,no_origin,12,unith,121,Nielsen,Nov_4_g0,0.965494505494505,0.9621978021978022,0.9335164835164835,0.6478260869565218,,5,20,4,8,0,5,7,6,0,2,1,6H,2S,,0,11,False,True,False,True,1930
top_ten,svm,bigram,no_origin,12,unith,121,Nielsen,Nov_4_g0,0.965494505494505,0.9621978021978022,0.9335164835164835,0.6478260869565218,,5,20,4,8,0,5,8,6,0,3,1,6H,3S,,0,19,False,True,False,True,1930
top_ten,svm,bigram,no_origin,12,unith,121,Nielsen,Nov_4_g0,0.965494505494505,0.9621978021978022,0.9335164835164835,0.6478260869565218,,5,20,4,8,0,5,9,6,0,4,1,6H,4S,,0,33,False,True,False,True,1930
top_ten,svm,bigram,no_origin,12,unith,121,Nielsen,Nov_4_g0,0.965494505494505,0.9621978021978022,0.9335164835164835,0.6478260869565218,,5,20,4,8,0,5,10,6,0,5,1,6H,5S,,0,77,False,True,False,True,1930
top_ten,svm,bigram,no_origin,12,unith,121,Nielsen,Nov_4_g0,0.965494505494505,0.9621978021978022,0.9335164835164835,0.6478260869565218,,5,20,4,8,0,5,11,6,0,6,1,6H,6S,,0,65,False,True,False,True,1930
top_ten,svm,bigram,no_origin,12,unith,121,Nielsen,Nov_4_g0,0.965494505494505,0.9621978021978022,0.9335164835164835,0.6478260869565218,,5,20,4,8,0,6,0,1,1,1,0,1S,1H,,0,61,False,True,False,True,1930
top_ten,svm,bigram,no_origin,12,unith,121,Nielsen,Nov_4_g0,0.965494505494505,0.9621978021978022,0.9335164835164835,0.6478260869565218,,5,20,4,8,0,6,1,1,1,2,0,1S,2H,,0,54,False,True,False,True,1930
top_ten,svm,bigram,no_origin,12,unith,121,Nielsen,Nov_4_g0,0.965494505494505,0.9621978021978022,0.9335164835164835,0.6478260869565218,,5,20,4,8,0,6,2,1,1,3,0,1S,3H,,0,56,False,True,False,True,1930
top_ten,svm,bigram,no_origin,12,unith,121,Nielsen,Nov_4_g0,0.965494505494505,0.9621978021978022,0.9335164835164835,0.6478260869565218,,5,20,4,8,0,6,3,1,1,4,0,1S,4H,,0,24,False,True,False,True,1930
top_ten,svm,bigram,no_origin,12,unith,121,Nielsen,Nov_4_g0,0.965494505494505,0.9621978021978022,0.9335164835164835,0.6478260869565218,,5,20,4,8,0,6,4,1,1,5,0,1S,5H,,0,13,False,True,False,True,1930
top_ten,svm,bigram,no_origin,12,unith,121,Nielsen,Nov_4_g0,0.965494505494505,0.9621978021978022,0.9335164835164835,0.6478260869565218,,,20,4,8,0,6,5,1,1,6,0,1S,6H,,0,0,False,False,False,False,1930
top_ten,svm,bigram,no_origin,12,unith,121,Nielsen,Nov_4_g0,0.965494505494505,0.9621978021978022,0.9335164835164835,0.6478260869565218,,,20,4,8,0,6,6,1,1,1,1,1S,1S,,0,0,False,False,False,False,1930
top_ten,svm,bigram,no_origin,12,unith,121,Nielsen,Nov_4_g0,0.965494505494505,0.9621978021978022,0.9335164835164835,0.6478260869565218,,5,20,4,8,0,6,7,1,1,2,1,1S,2S,,0,11,False,True,False,True,1930
top_ten,svm,bigram,no_origin,12,unith,121,Nielsen,Nov_4_g0,0.965494505494505,0.9621978021978022,0.9335164835164835,0.6478260869565218,,5,20,4,8,0,6,8,1,1,3,1,1S,3S,,0,19,False,True,False,True,1930
top_ten,svm,bigram,no_origin,12,unith,121,Nielsen,Nov_4_g0,0.965494505494505,0.9621978021978022,0.9335164835164835,0.6478260869565218,,5,20,4,8,0,6,9,1,1,4,1,1S,4S,,0,33,False,True,False,True,1930
top_ten,svm,bigram,no_origin,12,unith,121,Nielsen,Nov_4_g0,0.965494505494505,0.9621978021978022,0.9335164835164835,0.6478260869565218,,5,20,4,8,0,6,10,1,1,5,1,1S,5S,,0,77,False,True,False,True,1930
top_ten,svm,bigram,no_origin,12,unith,121,Nielsen,Nov_4_g0,0.965494505494505,0.9621978021978022,0.9335164835164835,0.6478260869565218,,5,20,4,8,0,6,11,1,1,6,1,1S,6S,,0,65,False,True,False,True,1930
top_ten,svm,bigram,no_origin,12,unith,121,Nielsen,Nov_4_g0,0.965494505494505,0.9621978021978022,0.9335164835164835,0.6478260869565218,5,5,20,4,8,0,7,0,2,1,1,0,2S,1H,0.1461890996042528,11,61,True,True,True,True,1930
top_ten,svm,bigram,no_origin,12,unith,121,Nielsen,Nov_4_g0,0.965494505494505,0.9621978021978022,0.9335164835164835,0.6478260869565218,5,5,20,4,8,0,7,1,2,1,2,0,2S,2H,0.15394956505235027,11,54,True,True,True,True,1930
top_ten,svm,bigram,no_origin,12,unith,121,Nielsen,Nov_4_g0,0.965494505494505,0.9621978021978022,0.9335164835164835,0.6478260869565218,5,5,20,4,8,0,7,2,2,1,3,0,2S,3H,0.12057676973948062,11,56,True,True,True,True,1930
top_ten,svm,bigram,no_origin,12,unith,121,Nielsen,Nov_4_g0,0.965494505494505,0.9621978021978022,0.9335164835164835,0.6478260869565218,5,5,20,4,8,0,7,3,2,1,4,0,2S,4H,0.18088566980366688,11,24,True,True,True,True,1930
top_ten,svm,bigram,no_origin,12,unith,121,Nielsen,Nov_4_g0,0.965494505494505,0.9621978021978022,0.9335164835164835,0.6478260869565218,5,5,20,4,8,0,7,4,2,1,5,0,2S,5H,0.12321457980411701,11,13,True,True,True,True,1930
top_ten,svm,bigram,no_origin,12,unith,121,Nielsen,Nov_4_g0,0.965494505494505,0.9621978021978022,0.9335164835164835,0.6478260869565218,5,,20,4,8,0,7,5,2,1,6,0,2S,6H,,11,0,True,False,True,False,1930
top_ten,svm,bigram,no_origin,12,unith,121,Nielsen,Nov_4_g0,0.965494505494505,0.9621978021978022,0.9335164835164835,0.6478260869565218,5,,20,4,8,0,7,6,2,1,1,1,2S,1S,,11,0,True,False,True,False,1930
top_ten,svm,bigram,no_origin,12,unith,121,Nielsen,Nov_4_g0,0.965494505494505,0.9621978021978022,0.9335164835164835,0.6478260869565218,5,5,20,4,8,0,7,7,2,1,2,1,2S,2S,0.167807197453851,11,11,True,True,True,True,1930
top_ten,svm,bigram,no_origin,12,unith,121,Nielsen,Nov_4_g0,0.965494505494505,0.9621978021978022,0.9335164835164835,0.6478260869565218,5,5,20,4,8,0,7,8,2,1,3,1,2S,3S,0.1545670450138324,11,19,True,True,True,True,1930
top_ten,svm,bigram,no_origin,12,unith,121,Nielsen,Nov_4_g0,0.965494505494505,0.9621978021978022,0.9335164835164835,0.6478260869565218,5,5,20,4,8,0,7,9,2,1,4,1,2S,4S,0.08759103489343188,11,33,True,True,True,True,1930
top_ten,svm,bigram,no_origin,12,unith,121,Nielsen,Nov_4_g0,0.965494505494505,0.9621978021978022,0.9335164835164835,0.6478260869565218,5,5,20,4,8,0,7,10,2,1,5,1,2S,5S,0.14732493014431003,11,77,True,True,True,True,1930
top_ten,svm,bigram,no_origin,12,unith,121,Nielsen,Nov_4_g0,0.965494505494505,0.9621978021978022,0.9335164835164835,0.6478260869565218,5,5,20,4,8,0,7,11,2,1,6,1,2S,6S,0.20154347249829296,11,65,True,True,True,True,1930
top_ten,svm,bigram,no_origin,12,unith,121,Nielsen,Nov_4_g0,0.965494505494505,0.9621978021978022,0.9335164835164835,0.6478260869565218,5,5,20,4,8,0,8,0,3,1,1,0,3S,1H,0.24948461609970102,19,61,True,True,True,True,1930
top_ten,svm,bigram,no_origin,12,unith,121,Nielsen,Nov_4_g0,0.965494505494505,0.9621978021978022,0.9335164835164835,0.6478260869565218,5,5,20,4,8,0,8,1,3,1,2,0,3S,2H,0.14553216413627285,19,54,True,True,True,True,1930
top_ten,svm,bigram,no_origin,12,unith,121,Nielsen,Nov_4_g0,0.965494505494505,0.9621978021978022,0.9335164835164835,0.6478260869565218,5,5,20,4,8,0,8,2,3,1,3,0,3S,3H,0.30852587870282155,19,56,True,True,True,True,1930
top_ten,svm,bigram,no_origin,12,unith,121,Nielsen,Nov_4_g0,0.965494505494505,0.9621978021978022,0.9335164835164835,0.6478260869565218,5,5,20,4,8,0,8,3,3,1,4,0,3S,4H,0.21490250214871148,19,24,True,True,True,True,1930
top_ten,svm,bigram,no_origin,12,unith,121,Nielsen,Nov_4_g0,0.965494505494505,0.9621978021978022,0.9335164835164835,0.6478260869565218,5,5,20,4,8,0,8,4,3,1,5,0,3S,5H,0.21095494558948924,19,13,True,True,True,True,1930
top_ten,svm,bigram,no_origin,12,unith,121,Nielsen,Nov_4_g0,0.965494505494505,0.9621978021978022,0.9335164835164835,0.6478260869565218,5,,20,4,8,0,8,5,3,1,6,0,3S,6H,,19,0,True,False,True,False,1930
top_ten,svm,bigram,no_origin,12,unith,121,Nielsen,Nov_4_g0,0.965494505494505,0.9621978021978022,0.9335164835164835,0.6478260869565218,5,,20,4,8,0,8,6,3,1,1,1,3S,1S,,19,0,True,False,True,False,1930
top_ten,svm,bigram,no_origin,12,unith,121,Nielsen,Nov_4_g0,0.965494505494505,0.9621978021978022,0.9335164835164835,0.6478260869565218,5,5,20,4,8,0,8,7,3,1,2,1,3S,2S,0.1545670450138324,19,11,True,True,True,True,1930
top_ten,svm,bigram,no_origin,12,unith,121,Nielsen,Nov_4_g0,0.965494505494505,0.9621978021978022,0.9335164835164835,0.6478260869565218,5,5,20,4,8,0,8,8,3,1,3,1,3S,3S,0.23526702910794622,19,19,True,True,True,True,1930
top_ten,svm,bigram,no_origin,12,unith,121,Nielsen,Nov_4_g0,0.965494505494505,0.9621978021978022,0.9335164835164835,0.6478260869565218,5,5,20,4,8,0,8,9,3,1,4,1,3S,4S,0.173615345335142,19,33,True,True,True,True,1930
top_ten,svm,bigram,no_origin,12,unith,121,Nielsen,Nov_4_g0,0.965494505494505,0.9621978021978022,0.9335164835164835,0.6478260869565218,5,5,20,4,8,0,8,10,3,1,5,1,3S,5S,0.207467384543725,19,77,True,True,True,True,1930
top_ten,svm,bigram,no_origin,12,unith,121,Nielsen,Nov_4_g0,0.965494505494505,0.9621978021978022,0.9335164835164835,0.6478260869565218,5,5,20,4,8,0,8,11,3,1,6,1,3S,6S,0.050805736861924064,19,65,True,True,True,True,1930
top_ten,svm,bigram,no_origin,12,unith,121,Nielsen,Nov_4_g0,0.965494505494505,0.9621978021978022,0.9335164835164835,0.6478260869565218,5,5,20,4,8,0,9,0,4,1,1,0,4S,1H,0.13152650611243696,33,61,True,True,True,True,1930
top_ten,svm,bigram,no_origin,12,unith,121,Nielsen,Nov_4_g0,0.965494505494505,0.9621978021978022,0.9335164835164835,0.6478260869565218,5,5,20,4,8,0,9,1,4,1,2,0,4S,2H,0.0665451481975923,33,54,True,True,True,True,1930
top_ten,svm,bigram,no_origin,12,unith,121,Nielsen,Nov_4_g0,0.965494505494505,0.9621978021978022,0.9335164835164835,0.6478260869565218,5,5,20,4,8,0,9,2,4,1,3,0,4S,3H,0.1570838997037064,33,56,True,True,True,True,1930
top_ten,svm,bigram,no_origin,12,unith,121,Nielsen,Nov_4_g0,0.965494505494505,0.9621978021978022,0.9335164835164835,0.6478260869565218,5,5,20,4,8,0,9,3,4,1,4,0,4S,4H,0.15181143204429917,33,24,True,True,True,True,1930
top_ten,svm,bigram,no_origin,12,unith,121,Nielsen,Nov_4_g0,0.965494505494505,0.9621978021978022,0.9335164835164835,0.6478260869565218,5,5,20,4,8,0,9,4,4,1,5,0,4S,5H,0.10073264990807823,33,13,True,True,True,True,1930
top_ten,svm,bigram,no_origin,12,unith,121,Nielsen,Nov_4_g0,0.965494505494505,0.9621978021978022,0.9335164835164835,0.6478260869565218,5,,20,4,8,0,9,5,4,1,6,0,4S,6H,,33,0,True,False,True,False,1930
top_ten,svm,bigram,no_origin,12,unith,121,Nielsen,Nov_4_g0,0.965494505494505,0.9621978021978022,0.9335164835164835,0.6478260869565218,5,,20,4,8,0,9,6,4,1,1,1,4S,1S,,33,0,True,False,True,False,1930
top_ten,svm,bigram,no_origin,12,unith,121,Nielsen,Nov_4_g0,0.965494505494505,0.9621978021978022,0.9335164835164835,0.6478260869565218,5,5,20,4,8,0,9,7,4,1,2,1,4S,2S,0.08759103489343188,33,11,True,True,True,True,1930
top_ten,svm,bigram,no_origin,12,unith,121,Nielsen,Nov_4_g0,0.965494505494505,0.9621978021978022,0.9335164835164835,0.6478260869565218,5,5,20,4,8,0,9,8,4,1,3,1,4S,3S,0.173615345335142,33,19,True,True,True,True,1930
top_ten,svm,bigram,no_origin,12,unith,121,Nielsen,Nov_4_g0,0.965494505494505,0.9621978021978022,0.9335164835164835,0.6478260869565218,5,5,20,4,8,0,9,9,4,1,4,1,4S,4S,0.03566317542378113,33,33,True,True,True,True,1930
top_ten,svm,bigram,no_origin,12,unith,121,Nielsen,Nov_4_g0,0.965494505494505,0.9621978021978022,0.9335164835164835,0.6478260869565218,5,5,20,4,8,0,9,10,4,1,5,1,4S,5S,0.118921051881614,33,77,True,True,True,True,1930
top_ten,svm,bigram,no_origin,12,unith,121,Nielsen,Nov_4_g0,0.965494505494505,0.9621978021978022,0.9335164835164835,0.6478260869565218,5,5,20,4,8,0,9,11,4,1,6,1,4S,6S,0.08786571643589085,33,65,True,True,True,True,1930
top_ten,svm,bigram,no_origin,12,unith,121,Nielsen,Nov_4_g0,0.965494505494505,0.9621978021978022,0.9335164835164835,0.6478260869565218,5,5,20,4,8,0,10,0,5,1,1,0,5S,1H,0.12375917653045566,77,61,True,True,True,True,1930
top_ten,svm,bigram,no_origin,12,unith,121,Nielsen,Nov_4_g0,0.965494505494505,0.9621978021978022,0.9335164835164835,0.6478260869565218,5,5,20,4,8,0,10,1,5,1,2,0,5S,2H,0.09309963474455389,77,54,True,True,True,True,1930
top_ten,svm,bigram,no_origin,12,unith,121,Nielsen,Nov_4_g0,0.965494505494505,0.9621978021978022,0.9335164835164835,0.6478260869565218,5,5,20,4,8,0,10,2,5,1,3,0,5S,3H,0.16928987992881855,77,56,True,True,True,True,1930
top_ten,svm,bigram,no_origin,12,unith,121,Nielsen,Nov_4_g0,0.965494505494505,0.9621978021978022,0.9335164835164835,0.6478260869565218,5,5,20,4,8,0,10,3,5,1,4,0,5S,4H,0.18311188571361434,77,24,True,True,True,True,1930
top_ten,svm,bigram,no_origin,12,unith,121,Nielsen,Nov_4_g0,0.965494505494505,0.9621978021978022,0.9335164835164835,0.6478260869565218,5,5,20,4,8,0,10,4,5,1,5,0,5S,5H,0.1408468267377541,77,13,True,True,True,True,1930
top_ten,svm,bigram,no_origin,12,unith,121,Nielsen,Nov_4_g0,0.965494505494505,0.9621978021978022,0.9335164835164835,0.6478260869565218,5,,20,4,8,0,10,5,5,1,6,0,5S,6H,,77,0,True,False,True,False,1930
top_ten,svm,bigram,no_origin,12,unith,121,Nielsen,Nov_4_g0,0.965494505494505,0.9621978021978022,0.9335164835164835,0.6478260869565218,5,,20,4,8,0,10,6,5,1,1,1,5S,1S,,77,0,True,False,True,False,1930
top_ten,svm,bigram,no_origin,12,unith,121,Nielsen,Nov_4_g0,0.965494505494505,0.9621978021978022,0.9335164835164835,0.6478260869565218,5,5,20,4,8,0,10,7,5,1,2,1,5S,2S,0.14732493014431003,77,11,True,True,True,True,1930
top_ten,svm,bigram,no_origin,12,unith,121,Nielsen,Nov_4_g0,0.965494505494505,0.9621978021978022,0.9335164835164835,0.6478260869565218,5,5,20,4,8,0,10,8,5,1,3,1,5S,3S,0.207467384543725,77,19,True,True,True,True,1930
top_ten,svm,bigram,no_origin,12,unith,121,Nielsen,Nov_4_g0,0.965494505494505,0.9621978021978022,0.9335164835164835,0.6478260869565218,5,5,20,4,8,0,10,9,5,1,4,1,5S,4S,0.118921051881614,77,33,True,True,True,True,1930
top_ten,svm,bigram,no_origin,12,unith,121,Nielsen,Nov_4_g0,0.965494505494505,0.9621978021978022,0.9335164835164835,0.6478260869565218,5,5,20,4,8,0,10,10,5,1,5,1,5S,5S,0.11306113044520477,77,77,True,True,True,True,1930
top_ten,svm,bigram,no_origin,12,unith,121,Nielsen,Nov_4_g0,0.965494505494505,0.9621978021978022,0.9335164835164835,0.6478260869565218,5,5,20,4,8,0,10,11,5,1,6,1,5S,6S,0.09519547575596653,77,65,True,True,True,True,1930
top_ten,svm,bigram,no_origin,12,unith,121,Nielsen,Nov_4_g0,0.965494505494505,0.9621978021978022,0.9335164835164835,0.6478260869565218,5,5,20,4,8,0,11,0,6,1,1,0,6S,1H,0.10761973902642985,65,61,True,True,True,True,1930
top_ten,svm,bigram,no_origin,12,unith,121,Nielsen,Nov_4_g0,0.965494505494505,0.9621978021978022,0.9335164835164835,0.6478260869565218,5,5,20,4,8,0,11,1,6,1,2,0,6S,2H,0.09336476317929644,65,54,True,True,True,True,1930
top_ten,svm,bigram,no_origin,12,unith,121,Nielsen,Nov_4_g0,0.965494505494505,0.9621978021978022,0.9335164835164835,0.6478260869565218,5,5,20,4,8,0,11,2,6,1,3,0,6S,3H,0.06859876779968689,65,56,True,True,True,True,1930
top_ten,svm,bigram,no_origin,12,unith,121,Nielsen,Nov_4_g0,0.965494505494505,0.9621978021978022,0.9335164835164835,0.6478260869565218,5,5,20,4,8,0,11,3,6,1,4,0,6S,4H,0.12492095360633496,65,24,True,True,True,True,1930
top_ten,svm,bigram,no_origin,12,unith,121,Nielsen,Nov_4_g0,0.965494505494505,0.9621978021978022,0.9335164835164835,0.6478260869565218,5,5,20,4,8,0,11,4,6,1,5,0,6S,5H,0.04638390299742887,65,13,True,True,True,True,1930
top_ten,svm,bigram,no_origin,12,unith,121,Nielsen,Nov_4_g0,0.965494505494505,0.9621978021978022,0.9335164835164835,0.6478260869565218,5,,20,4,8,0,11,5,6,1,6,0,6S,6H,,65,0,True,False,True,False,1930
top_ten,svm,bigram,no_origin,12,unith,121,Nielsen,Nov_4_g0,0.965494505494505,0.9621978021978022,0.9335164835164835,0.6478260869565218,5,,20,4,8,0,11,6,6,1,1,1,6S,1S,,65,0,True,False,True,False,1930
top_ten,svm,bigram,no_origin,12,unith,121,Nielsen,Nov_4_g0,0.965494505494505,0.9621978021978022,0.9335164835164835,0.6478260869565218,5,5,20,4,8,0,11,7,6,1,2,1,6S,2S,0.20154347249829296,65,11,True,True,True,True,1930
top_ten,svm,bigram,no_origin,12,unith,121,Nielsen,Nov_4_g0,0.965494505494505,0.9621978021978022,0.9335164835164835,0.6478260869565218,5,5,20,4,8,0,11,8,6,1,3,1,6S,3S,0.050805736861924064,65,19,True,True,True,True,1930
top_ten,svm,bigram,no_origin,12,unith,121,Nielsen,Nov_4_g0,0.965494505494505,0.9621978021978022,0.9335164835164835,0.6478260869565218,5,5,20,4,8,0,11,9,6,1,4,1,6S,4S,0.08786571643589085,65,33,True,True,True,True,1930
top_ten,svm,bigram,no_origin,12,unith,121,Nielsen,Nov_4_g0,0.965494505494505,0.9621978021978022,0.9335164835164835,0.6478260869565218,5,5,20,4,8,0,11,10,6,1,5,1,6S,5S,0.09519547575596653,65,77,True,True,True,True,1930
top_ten,svm,bigram,no_origin,12,unith,121,Nielsen,Nov_4_g0,0.965494505494505,0.9621978021978022,0.9335164835164835,0.6478260869565218,5,5,20,4,8,0,11,11,6,1,6,1,6S,6S,0.25610590268111777,65,65,True,True,True,True,1930
top_ten,svm,bigram,no_origin,12,unith,121,Nielsen,Nov_6_g0,1.0,1.0,0.9814814814814814,0.9037433155080213,8,8,20,4,8,0,0,0,1,0,1,0,1H,1H,0.2330503791268106,52,52,True,True,True,True,1930
top_ten,svm,bigram,no_origin,12,unith,121,Nielsen,Nov_6_g0,1.0,1.0,0.9814814814814814,0.9037433155080213,8,8,20,4,8,0,0,1,1,0,2,0,1H,2H,0.3013812491917788,52,51,True,True,True,True,1930
top_ten,svm,bigram,no_origin,12,unith,121,Nielsen,Nov_6_g0,1.0,1.0,0.9814814814814814,0.9037433155080213,8,8,20,4,8,0,0,2,1,0,3,0,1H,3H,0.3306030929335786,52,66,True,True,True,True,1930
top_ten,svm,bigram,no_origin,12,unith,121,Nielsen,Nov_6_g0,1.0,1.0,0.9814814814814814,0.9037433155080213,8,8,20,4,8,0,0,3,1,0,4,0,1H,4H,0.34144678116204313,52,16,True,True,True,True,1930
top_ten,svm,bigram,no_origin,12,unith,121,Nielsen,Nov_6_g0,1.0,1.0,0.9814814814814814,0.9037433155080213,8,,20,4,8,0,0,4,1,0,5,0,1H,5H,,52,0,True,False,True,False,1930
top_ten,svm,bigram,no_origin,12,unith,121,Nielsen,Nov_6_g0,1.0,1.0,0.9814814814814814,0.9037433155080213,8,,20,4,8,0,0,5,1,0,6,0,1H,6H,,52,0,True,False,True,False,1930
top_ten,svm,bigram,no_origin,12,unith,121,Nielsen,Nov_6_g0,1.0,1.0,0.9814814814814814,0.9037433155080213,8,,20,4,8,0,0,6,1,0,1,1,1H,1S,,52,0,True,False,True,False,1930
top_ten,svm,bigram,no_origin,12,unith,121,Nielsen,Nov_6_g0,1.0,1.0,0.9814814814814814,0.9037433155080213,8,2,20,4,8,0,0,7,1,0,2,1,1H,2S,0.06296924633631329,52,5,True,True,True,False,1930
top_ten,svm,bigram,no_origin,12,unith,121,Nielsen,Nov_6_g0,1.0,1.0,0.9814814814814814,0.9037433155080213,8,,20,4,8,0,0,8,1,0,3,1,1H,3S,,52,0,True,False,True,False,1930
top_ten,svm,bigram,no_origin,12,unith,121,Nielsen,Nov_6_g0,1.0,1.0,0.9814814814814814,0.9037433155080213,8,8,20,4,8,0,0,9,1,0,4,1,1H,4S,0.32297821132554455,52,36,True,True,True,True,1930
top_ten,svm,bigram,no_origin,12,unith,121,Nielsen,Nov_6_g0,1.0,1.0,0.9814814814814814,0.9037433155080213,8,8,20,4,8,0,0,10,1,0,5,1,1H,5S,0.3781418818381159,52,62,True,True,True,True,1930
top_ten,svm,bigram,no_origin,12,unith,121,Nielsen,Nov_6_g0,1.0,1.0,0.9814814814814814,0.9037433155080213,8,8,20,4,8,0,0,11,1,0,6,1,1H,6S,0.1784105287389131,52,79,True,True,True,True,1930
top_ten,svm,bigram,no_origin,12,unith,121,Nielsen,Nov_6_g0,1.0,1.0,0.9814814814814814,0.9037433155080213,8,8,20,4,8,0,1,0,2,0,1,0,2H,1H,0.3013812491917788,51,52,True,True,True,True,1930
top_ten,svm,bigram,no_origin,12,unith,121,Nielsen,Nov_6_g0,1.0,1.0,0.9814814814814814,0.9037433155080213,8,8,20,4,8,0,1,1,2,0,2,0,2H,2H,0.29383771210119125,51,51,True,True,True,True,1930
top_ten,svm,bigram,no_origin,12,unith,121,Nielsen,Nov_6_g0,1.0,1.0,0.9814814814814814,0.9037433155080213,8,8,20,4,8,0,1,2,2,0,3,0,2H,3H,0.3687707358945415,51,66,True,True,True,True,1930
top_ten,svm,bigram,no_origin,12,unith,121,Nielsen,Nov_6_g0,1.0,1.0,0.9814814814814814,0.9037433155080213,8,8,20,4,8,0,1,3,2,0,4,0,2H,4H,0.4361755901893159,51,16,True,True,True,True,1930
top_ten,svm,bigram,no_origin,12,unith,121,Nielsen,Nov_6_g0,1.0,1.0,0.9814814814814814,0.9037433155080213,8,,20,4,8,0,1,4,2,0,5,0,2H,5H,,51,0,True,False,True,False,1930
top_ten,svm,bigram,no_origin,12,unith,121,Nielsen,Nov_6_g0,1.0,1.0,0.9814814814814814,0.9037433155080213,8,,20,4,8,0,1,5,2,0,6,0,2H,6H,,51,0,True,False,True,False,1930
top_ten,svm,bigram,no_origin,12,unith,121,Nielsen,Nov_6_g0,1.0,1.0,0.9814814814814814,0.9037433155080213,8,,20,4,8,0,1,6,2,0,1,1,2H,1S,,51,0,True,False,True,False,1930
top_ten,svm,bigram,no_origin,12,unith,121,Nielsen,Nov_6_g0,1.0,1.0,0.9814814814814814,0.9037433155080213,8,2,20,4,8,0,1,7,2,0,2,1,2H,2S,0.031112701457679942,51,5,True,True,True,False,1930
top_ten,svm,bigram,no_origin,12,unith,121,Nielsen,Nov_6_g0,1.0,1.0,0.9814814814814814,0.9037433155080213,8,,20,4,8,0,1,8,2,0,3,1,2H,3S,,51,0,True,False,True,False,1930
top_ten,svm,bigram,no_origin,12,unith,121,Nielsen,Nov_6_g0,1.0,1.0,0.9814814814814814,0.9037433155080213,8,8,20,4,8,0,1,9,2,0,4,1,2H,4S,0.3874363406280459,51,36,True,True,True,True,1930
top_ten,svm,bigram,no_origin,12,unith,121,Nielsen,Nov_6_g0,1.0,1.0,0.9814814814814814,0.9037433155080213,8,8,20,4,8,0,1,10,2,0,5,1,2H,5S,0.41995650207257773,51,62,True,True,True,True,1930
top_ten,svm,bigram,no_origin,12,unith,121,Nielsen,Nov_6_g0,1.0,1.0,0.9814814814814814,0.9037433155080213,8,8,20,4,8,0,1,11,2,0,6,1,2H,6S,0.26208923859544997,51,79,True,True,True,True,1930
top_ten,svm,bigram,no_origin,12,unith,121,Nielsen,Nov_6_g0,1.0,1.0,0.9814814814814814,0.9037433155080213,8,8,20,4,8,0,2,0,3,0,1,0,3H,1H,0.3306030929335786,66,52,True,True,True,True,1930
top_ten,svm,bigram,no_origin,12,unith,121,Nielsen,Nov_6_g0,1.0,1.0,0.9814814814814814,0.9037433155080213,8,8,20,4,8,0,2,1,3,0,2,0,3H,2H,0.3687707358945415,66,51,True,True,True,True,1930
top_ten,svm,bigram,no_origin,12,unith,121,Nielsen,Nov_6_g0,1.0,1.0,0.9814814814814814,0.9037433155080213,8,8,20,4,8,0,2,2,3,0,3,0,3H,3H,0.32101750922260663,66,66,True,True,True,True,1930
top_ten,svm,bigram,no_origin,12,unith,121,Nielsen,Nov_6_g0,1.0,1.0,0.9814814814814814,0.9037433155080213,8,8,20,4,8,0,2,3,3,0,4,0,3H,4H,0.4702048828576541,66,16,True,True,True,True,1930
top_ten,svm,bigram,no_origin,12,unith,121,Nielsen,Nov_6_g0,1.0,1.0,0.9814814814814814,0.9037433155080213,8,,20,4,8,0,2,4,3,0,5,0,3H,5H,,66,0,True,False,True,False,1930
top_ten,svm,bigram,no_origin,12,unith,121,Nielsen,Nov_6_g0,1.0,1.0,0.9814814814814814,0.9037433155080213,8,,20,4,8,0,2,5,3,0,6,0,3H,6H,,66,0,True,False,True,False,1930
top_ten,svm,bigram,no_origin,12,unith,121,Nielsen,Nov_6_g0,1.0,1.0,0.9814814814814814,0.9037433155080213,8,,20,4,8,0,2,6,3,0,1,1,3H,1S,,66,0,True,False,True,False,1930
top_ten,svm,bigram,no_origin,12,unith,121,Nielsen,Nov_6_g0,1.0,1.0,0.9814814814814814,0.9037433155080213,8,2,20,4,8,0,2,7,3,0,2,1,3H,2S,0.020006886261994546,66,5,True,True,True,False,1930
top_ten,svm,bigram,no_origin,12,unith,121,Nielsen,Nov_6_g0,1.0,1.0,0.9814814814814814,0.9037433155080213,8,,20,4,8,0,2,8,3,0,3,1,3H,3S,,66,0,True,False,True,False,1930
top_ten,svm,bigram,no_origin,12,unith,121,Nielsen,Nov_6_g0,1.0,1.0,0.9814814814814814,0.9037433155080213,8,8,20,4,8,0,2,9,3,0,4,1,3H,4S,0.4289139012366858,66,36,True,True,True,True,1930
top_ten,svm,bigram,no_origin,12,unith,121,Nielsen,Nov_6_g0,1.0,1.0,0.9814814814814814,0.9037433155080213,8,8,20,4,8,0,2,10,3,0,5,1,3H,5S,0.46289160991087536,66,62,True,True,True,True,1930
top_ten,svm,bigram,no_origin,12,unith,121,Nielsen,Nov_6_g0,1.0,1.0,0.9814814814814814,0.9037433155080213,8,8,20,4,8,0,2,11,3,0,6,1,3H,6S,0.19491860056535326,66,79,True,True,True,True,1930
top_ten,svm,bigram,no_origin,12,unith,121,Nielsen,Nov_6_g0,1.0,1.0,0.9814814814814814,0.9037433155080213,8,8,20,4,8,0,3,0,4,0,1,0,4H,1H,0.34144678116204313,16,52,True,True,True,True,1930
top_ten,svm,bigram,no_origin,12,unith,121,Nielsen,Nov_6_g0,1.0,1.0,0.9814814814814814,0.9037433155080213,8,8,20,4,8,0,3,1,4,0,2,0,4H,2H,0.4361755901893159,16,51,True,True,True,True,1930
top_ten,svm,bigram,no_origin,12,unith,121,Nielsen,Nov_6_g0,1.0,1.0,0.9814814814814814,0.9037433155080213,8,8,20,4,8,0,3,2,4,0,3,0,4H,3H,0.4702048828576541,16,66,True,True,True,True,1930
top_ten,svm,bigram,no_origin,12,unith,121,Nielsen,Nov_6_g0,1.0,1.0,0.9814814814814814,0.9037433155080213,8,8,20,4,8,0,3,3,4,0,4,0,4H,4H,0.44251757004356096,16,16,True,True,True,True,1930
top_ten,svm,bigram,no_origin,12,unith,121,Nielsen,Nov_6_g0,1.0,1.0,0.9814814814814814,0.9037433155080213,8,,20,4,8,0,3,4,4,0,5,0,4H,5H,,16,0,True,False,True,False,1930
top_ten,svm,bigram,no_origin,12,unith,121,Nielsen,Nov_6_g0,1.0,1.0,0.9814814814814814,0.9037433155080213,8,,20,4,8,0,3,5,4,0,6,0,4H,6H,,16,0,True,False,True,False,1930
top_ten,svm,bigram,no_origin,12,unith,121,Nielsen,Nov_6_g0,1.0,1.0,0.9814814814814814,0.9037433155080213,8,,20,4,8,0,3,6,4,0,1,1,4H,1S,,16,0,True,False,True,False,1930
top_ten,svm,bigram,no_origin,12,unith,121,Nielsen,Nov_6_g0,1.0,1.0,0.9814814814814814,0.9037433155080213,8,2,20,4,8,0,3,7,4,0,2,1,4H,2S,-0.0016461690506630697,16,5,True,True,True,False,1930
top_ten,svm,bigram,no_origin,12,unith,121,Nielsen,Nov_6_g0,1.0,1.0,0.9814814814814814,0.9037433155080213,8,,20,4,8,0,3,8,4,0,3,1,4H,3S,,16,0,True,False,True,False,1930
top_ten,svm,bigram,no_origin,12,unith,121,Nielsen,Nov_6_g0,1.0,1.0,0.9814814814814814,0.9037433155080213,8,8,20,4,8,0,3,9,4,0,4,1,4H,4S,0.4976810079018872,16,36,True,True,True,True,1930
top_ten,svm,bigram,no_origin,12,unith,121,Nielsen,Nov_6_g0,1.0,1.0,0.9814814814814814,0.9037433155080213,8,8,20,4,8,0,3,10,4,0,5,1,4H,5S,0.5338075945905874,16,62,True,True,True,True,1930
top_ten,svm,bigram,no_origin,12,unith,121,Nielsen,Nov_6_g0,1.0,1.0,0.9814814814814814,0.9037433155080213,8,8,20,4,8,0,3,11,4,0,6,1,4H,6S,0.2631756387400789,16,79,True,True,True,True,1930
top_ten,svm,bigram,no_origin,12,unith,121,Nielsen,Nov_6_g0,1.0,1.0,0.9814814814814814,0.9037433155080213,,8,20,4,8,0,4,0,5,0,1,0,5H,1H,,0,52,False,True,False,True,1930
top_ten,svm,bigram,no_origin,12,unith,121,Nielsen,Nov_6_g0,1.0,1.0,0.9814814814814814,0.9037433155080213,,8,20,4,8,0,4,1,5,0,2,0,5H,2H,,0,51,False,True,False,True,1930
top_ten,svm,bigram,no_origin,12,unith,121,Nielsen,Nov_6_g0,1.0,1.0,0.9814814814814814,0.9037433155080213,,8,20,4,8,0,4,2,5,0,3,0,5H,3H,,0,66,False,True,False,True,1930
top_ten,svm,bigram,no_origin,12,unith,121,Nielsen,Nov_6_g0,1.0,1.0,0.9814814814814814,0.9037433155080213,,8,20,4,8,0,4,3,5,0,4,0,5H,4H,,0,16,False,True,False,True,1930
top_ten,svm,bigram,no_origin,12,unith,121,Nielsen,Nov_6_g0,1.0,1.0,0.9814814814814814,0.9037433155080213,,,20,4,8,0,4,4,5,0,5,0,5H,5H,,0,0,False,False,False,False,1930
top_ten,svm,bigram,no_origin,12,unith,121,Nielsen,Nov_6_g0,1.0,1.0,0.9814814814814814,0.9037433155080213,,,20,4,8,0,4,5,5,0,6,0,5H,6H,,0,0,False,False,False,False,1930
top_ten,svm,bigram,no_origin,12,unith,121,Nielsen,Nov_6_g0,1.0,1.0,0.9814814814814814,0.9037433155080213,,,20,4,8,0,4,6,5,0,1,1,5H,1S,,0,0,False,False,False,False,1930
top_ten,svm,bigram,no_origin,12,unith,121,Nielsen,Nov_6_g0,1.0,1.0,0.9814814814814814,0.9037433155080213,,2,20,4,8,0,4,7,5,0,2,1,5H,2S,,0,5,False,True,False,False,1930
top_ten,svm,bigram,no_origin,12,unith,121,Nielsen,Nov_6_g0,1.0,1.0,0.9814814814814814,0.9037433155080213,,,20,4,8,0,4,8,5,0,3,1,5H,3S,,0,0,False,False,False,False,1930
top_ten,svm,bigram,no_origin,12,unith,121,Nielsen,Nov_6_g0,1.0,1.0,0.9814814814814814,0.9037433155080213,,8,20,4,8,0,4,9,5,0,4,1,5H,4S,,0,36,False,True,False,True,1930
top_ten,svm,bigram,no_origin,12,unith,121,Nielsen,Nov_6_g0,1.0,1.0,0.9814814814814814,0.9037433155080213,,8,20,4,8,0,4,10,5,0,5,1,5H,5S,,0,62,False,True,False,True,1930
top_ten,svm,bigram,no_origin,12,unith,121,Nielsen,Nov_6_g0,1.0,1.0,0.9814814814814814,0.9037433155080213,,8,20,4,8,0,4,11,5,0,6,1,5H,6S,,0,79,False,True,False,True,1930
top_ten,svm,bigram,no_origin,12,unith,121,Nielsen,Nov_6_g0,1.0,1.0,0.9814814814814814,0.9037433155080213,,8,20,4,8,0,5,0,6,0,1,0,6H,1H,,0,52,False,True,False,True,1930
top_ten,svm,bigram,no_origin,12,unith,121,Nielsen,Nov_6_g0,1.0,1.0,0.9814814814814814,0.9037433155080213,,8,20,4,8,0,5,1,6,0,2,0,6H,2H,,0,51,False,True,False,True,1930
top_ten,svm,bigram,no_origin,12,unith,121,Nielsen,Nov_6_g0,1.0,1.0,0.9814814814814814,0.9037433155080213,,8,20,4,8,0,5,2,6,0,3,0,6H,3H,,0,66,False,True,False,True,1930
top_ten,svm,bigram,no_origin,12,unith,121,Nielsen,Nov_6_g0,1.0,1.0,0.9814814814814814,0.9037433155080213,,8,20,4,8,0,5,3,6,0,4,0,6H,4H,,0,16,False,True,False,True,1930
top_ten,svm,bigram,no_origin,12,unith,121,Nielsen,Nov_6_g0,1.0,1.0,0.9814814814814814,0.9037433155080213,,,20,4,8,0,5,4,6,0,5,0,6H,5H,,0,0,False,False,False,False,1930
top_ten,svm,bigram,no_origin,12,unith,121,Nielsen,Nov_6_g0,1.0,1.0,0.9814814814814814,0.9037433155080213,,,20,4,8,0,5,5,6,0,6,0,6H,6H,,0,0,False,False,False,False,1930
top_ten,svm,bigram,no_origin,12,unith,121,Nielsen,Nov_6_g0,1.0,1.0,0.9814814814814814,0.9037433155080213,,,20,4,8,0,5,6,6,0,1,1,6H,1S,,0,0,False,False,False,False,1930
top_ten,svm,bigram,no_origin,12,unith,121,Nielsen,Nov_6_g0,1.0,1.0,0.9814814814814814,0.9037433155080213,,2,20,4,8,0,5,7,6,0,2,1,6H,2S,,0,5,False,True,False,False,1930
top_ten,svm,bigram,no_origin,12,unith,121,Nielsen,Nov_6_g0,1.0,1.0,0.9814814814814814,0.9037433155080213,,,20,4,8,0,5,8,6,0,3,1,6H,3S,,0,0,False,False,False,False,1930
top_ten,svm,bigram,no_origin,12,unith,121,Nielsen,Nov_6_g0,1.0,1.0,0.9814814814814814,0.9037433155080213,,8,20,4,8,0,5,9,6,0,4,1,6H,4S,,0,36,False,True,False,True,1930
top_ten,svm,bigram,no_origin,12,unith,121,Nielsen,Nov_6_g0,1.0,1.0,0.9814814814814814,0.9037433155080213,,8,20,4,8,0,5,10,6,0,5,1,6H,5S,,0,62,False,True,False,True,1930
top_ten,svm,bigram,no_origin,12,unith,121,Nielsen,Nov_6_g0,1.0,1.0,0.9814814814814814,0.9037433155080213,,8,20,4,8,0,5,11,6,0,6,1,6H,6S,,0,79,False,True,False,True,1930
top_ten,svm,bigram,no_origin,12,unith,121,Nielsen,Nov_6_g0,1.0,1.0,0.9814814814814814,0.9037433155080213,,8,20,4,8,0,6,0,1,1,1,0,1S,1H,,0,52,False,True,False,True,1930
top_ten,svm,bigram,no_origin,12,unith,121,Nielsen,Nov_6_g0,1.0,1.0,0.9814814814814814,0.9037433155080213,,8,20,4,8,0,6,1,1,1,2,0,1S,2H,,0,51,False,True,False,True,1930
top_ten,svm,bigram,no_origin,12,unith,121,Nielsen,Nov_6_g0,1.0,1.0,0.9814814814814814,0.9037433155080213,,8,20,4,8,0,6,2,1,1,3,0,1S,3H,,0,66,False,True,False,True,1930
top_ten,svm,bigram,no_origin,12,unith,121,Nielsen,Nov_6_g0,1.0,1.0,0.9814814814814814,0.9037433155080213,,8,20,4,8,0,6,3,1,1,4,0,1S,4H,,0,16,False,True,False,True,1930
top_ten,svm,bigram,no_origin,12,unith,121,Nielsen,Nov_6_g0,1.0,1.0,0.9814814814814814,0.9037433155080213,,,20,4,8,0,6,4,1,1,5,0,1S,5H,,0,0,False,False,False,False,1930
top_ten,svm,bigram,no_origin,12,unith,121,Nielsen,Nov_6_g0,1.0,1.0,0.9814814814814814,0.9037433155080213,,,20,4,8,0,6,5,1,1,6,0,1S,6H,,0,0,False,False,False,False,1930
top_ten,svm,bigram,no_origin,12,unith,121,Nielsen,Nov_6_g0,1.0,1.0,0.9814814814814814,0.9037433155080213,,,20,4,8,0,6,6,1,1,1,1,1S,1S,,0,0,False,False,False,False,1930
top_ten,svm,bigram,no_origin,12,unith,121,Nielsen,Nov_6_g0,1.0,1.0,0.9814814814814814,0.9037433155080213,,2,20,4,8,0,6,7,1,1,2,1,1S,2S,,0,5,False,True,False,False,1930
top_ten,svm,bigram,no_origin,12,unith,121,Nielsen,Nov_6_g0,1.0,1.0,0.9814814814814814,0.9037433155080213,,,20,4,8,0,6,8,1,1,3,1,1S,3S,,0,0,False,False,False,False,1930
top_ten,svm,bigram,no_origin,12,unith,121,Nielsen,Nov_6_g0,1.0,1.0,0.9814814814814814,0.9037433155080213,,8,20,4,8,0,6,9,1,1,4,1,1S,4S,,0,36,False,True,False,True,1930
top_ten,svm,bigram,no_origin,12,unith,121,Nielsen,Nov_6_g0,1.0,1.0,0.9814814814814814,0.9037433155080213,,8,20,4,8,0,6,10,1,1,5,1,1S,5S,,0,62,False,True,False,True,1930
top_ten,svm,bigram,no_origin,12,unith,121,Nielsen,Nov_6_g0,1.0,1.0,0.9814814814814814,0.9037433155080213,,8,20,4,8,0,6,11,1,1,6,1,1S,6S,,0,79,False,True,False,True,1930
top_ten,svm,bigram,no_origin,12,unith,121,Nielsen,Nov_6_g0,1.0,1.0,0.9814814814814814,0.9037433155080213,2,8,20,4,8,0,7,0,2,1,1,0,2S,1H,0.06296924633631329,5,52,True,True,False,True,1930
top_ten,svm,bigram,no_origin,12,unith,121,Nielsen,Nov_6_g0,1.0,1.0,0.9814814814814814,0.9037433155080213,2,8,20,4,8,0,7,1,2,1,2,0,2S,2H,0.031112701457679942,5,51,True,True,False,True,1930
top_ten,svm,bigram,no_origin,12,unith,121,Nielsen,Nov_6_g0,1.0,1.0,0.9814814814814814,0.9037433155080213,2,8,20,4,8,0,7,2,2,1,3,0,2S,3H,0.020006886261994546,5,66,True,True,False,True,1930
top_ten,svm,bigram,no_origin,12,unith,121,Nielsen,Nov_6_g0,1.0,1.0,0.9814814814814814,0.9037433155080213,2,8,20,4,8,0,7,3,2,1,4,0,2S,4H,-0.0016461690506630697,5,16,True,True,False,True,1930
top_ten,svm,bigram,no_origin,12,unith,121,Nielsen,Nov_6_g0,1.0,1.0,0.9814814814814814,0.9037433155080213,2,,20,4,8,0,7,4,2,1,5,0,2S,5H,,5,0,True,False,False,False,1930
top_ten,svm,bigram,no_origin,12,unith,121,Nielsen,Nov_6_g0,1.0,1.0,0.9814814814814814,0.9037433155080213,2,,20,4,8,0,7,5,2,1,6,0,2S,6H,,5,0,True,False,False,False,1930
top_ten,svm,bigram,no_origin,12,unith,121,Nielsen,Nov_6_g0,1.0,1.0,0.9814814814814814,0.9037433155080213,2,,20,4,8,0,7,6,2,1,1,1,2S,1S,,5,0,True,False,False,False,1930
top_ten,svm,bigram,no_origin,12,unith,121,Nielsen,Nov_6_g0,1.0,1.0,0.9814814814814814,0.9037433155080213,2,2,20,4,8,0,7,7,2,1,2,1,2S,2S,-0.020579737758855177,5,5,True,True,False,False,1930
top_ten,svm,bigram,no_origin,12,unith,121,Nielsen,Nov_6_g0,1.0,1.0,0.9814814814814814,0.9037433155080213,2,,20,4,8,0,7,8,2,1,3,1,2S,3S,,5,0,True,False,False,False,1930
top_ten,svm,bigram,no_origin,12,unith,121,Nielsen,Nov_6_g0,1.0,1.0,0.9814814814814814,0.9037433155080213,2,8,20,4,8,0,7,9,2,1,4,1,2S,4S,0.07946669372136614,5,36,True,True,False,True,1930
top_ten,svm,bigram,no_origin,12,unith,121,Nielsen,Nov_6_g0,1.0,1.0,0.9814814814814814,0.9037433155080213,2,8,20,4,8,0,7,10,2,1,5,1,2S,5S,0.030208149293482044,5,62,True,True,False,True,1930
top_ten,svm,bigram,no_origin,12,unith,121,Nielsen,Nov_6_g0,1.0,1.0,0.9814814814814814,0.9037433155080213,2,8,20,4,8,0,7,11,2,1,6,1,2S,6S,0.04299774883150402,5,79,True,True,False,True,1930
top_ten,svm,bigram,no_origin,12,unith,121,Nielsen,Nov_6_g0,1.0,1.0,0.9814814814814814,0.9037433155080213,,8,20,4,8,0,8,0,3,1,1,0,3S,1H,,0,52,False,True,False,True,1930
top_ten,svm,bigram,no_origin,12,unith,121,Nielsen,Nov_6_g0,1.0,1.0,0.9814814814814814,0.9037433155080213,,8,20,4,8,0,8,1,3,1,2,0,3S,2H,,0,51,False,True,False,True,1930
top_ten,svm,bigram,no_origin,12,unith,121,Nielsen,Nov_6_g0,1.0,1.0,0.9814814814814814,0.9037433155080213,,8,20,4,8,0,8,2,3,1,3,0,3S,3H,,0,66,False,True,False,True,1930
top_ten,svm,bigram,no_origin,12,unith,121,Nielsen,Nov_6_g0,1.0,1.0,0.9814814814814814,0.9037433155080213,,8,20,4,8,0,8,3,3,1,4,0,3S,4H,,0,16,False,True,False,True,1930
top_ten,svm,bigram,no_origin,12,unith,121,Nielsen,Nov_6_g0,1.0,1.0,0.9814814814814814,0.9037433155080213,,,20,4,8,0,8,4,3,1,5,0,3S,5H,,0,0,False,False,False,False,1930
top_ten,svm,bigram,no_origin,12,unith,121,Nielsen,Nov_6_g0,1.0,1.0,0.9814814814814814,0.9037433155080213,,,20,4,8,0,8,5,3,1,6,0,3S,6H,,0,0,False,False,False,False,1930
top_ten,svm,bigram,no_origin,12,unith,121,Nielsen,Nov_6_g0,1.0,1.0,0.9814814814814814,0.9037433155080213,,,20,4,8,0,8,6,3,1,1,1,3S,1S,,0,0,False,False,False,False,1930
top_ten,svm,bigram,no_origin,12,unith,121,Nielsen,Nov_6_g0,1.0,1.0,0.9814814814814814,0.9037433155080213,,2,20,4,8,0,8,7,3,1,2,1,3S,2S,,0,5,False,True,False,False,1930
top_ten,svm,bigram,no_origin,12,unith,121,Nielsen,Nov_6_g0,1.0,1.0,0.9814814814814814,0.9037433155080213,,,20,4,8,0,8,8,3,1,3,1,3S,3S,,0,0,False,False,False,False,1930
top_ten,svm,bigram,no_origin,12,unith,121,Nielsen,Nov_6_g0,1.0,1.0,0.9814814814814814,0.9037433155080213,,8,20,4,8,0,8,9,3,1,4,1,3S,4S,,0,36,False,True,False,True,1930
top_ten,svm,bigram,no_origin,12,unith,121,Nielsen,Nov_6_g0,1.0,1.0,0.9814814814814814,0.9037433155080213,,8,20,4,8,0,8,10,3,1,5,1,3S,5S,,0,62,False,True,False,True,1930
top_ten,svm,bigram,no_origin,12,unith,121,Nielsen,Nov_6_g0,1.0,1.0,0.9814814814814814,0.9037433155080213,,8,20,4,8,0,8,11,3,1,6,1,3S,6S,,0,79,False,True,False,True,1930
top_ten,svm,bigram,no_origin,12,unith,121,Nielsen,Nov_6_g0,1.0,1.0,0.9814814814814814,0.9037433155080213,8,8,20,4,8,0,9,0,4,1,1,0,4S,1H,0.32297821132554455,36,52,True,True,True,True,1930
top_ten,svm,bigram,no_origin,12,unith,121,Nielsen,Nov_6_g0,1.0,1.0,0.9814814814814814,0.9037433155080213,8,8,20,4,8,0,9,1,4,1,2,0,4S,2H,0.3874363406280459,36,51,True,True,True,True,1930
top_ten,svm,bigram,no_origin,12,unith,121,Nielsen,Nov_6_g0,1.0,1.0,0.9814814814814814,0.9037433155080213,8,8,20,4,8,0,9,2,4,1,3,0,4S,3H,0.4289139012366858,36,66,True,True,True,True,1930
top_ten,svm,bigram,no_origin,12,unith,121,Nielsen,Nov_6_g0,1.0,1.0,0.9814814814814814,0.9037433155080213,8,8,20,4,8,0,9,3,4,1,4,0,4S,4H,0.4976810079018872,36,16,True,True,True,True,1930
top_ten,svm,bigram,no_origin,12,unith,121,Nielsen,Nov_6_g0,1.0,1.0,0.9814814814814814,0.9037433155080213,8,,20,4,8,0,9,4,4,1,5,0,4S,5H,,36,0,True,False,True,False,1930
top_ten,svm,bigram,no_origin,12,unith,121,Nielsen,Nov_6_g0,1.0,1.0,0.9814814814814814,0.9037433155080213,8,,20,4,8,0,9,5,4,1,6,0,4S,6H,,36,0,True,False,True,False,1930
top_ten,svm,bigram,no_origin,12,unith,121,Nielsen,Nov_6_g0,1.0,1.0,0.9814814814814814,0.9037433155080213,8,,20,4,8,0,9,6,4,1,1,1,4S,1S,,36,0,True,False,True,False,1930
top_ten,svm,bigram,no_origin,12,unith,121,Nielsen,Nov_6_g0,1.0,1.0,0.9814814814814814,0.9037433155080213,8,2,20,4,8,0,9,7,4,1,2,1,4S,2S,0.07946669372136614,36,5,True,True,True,False,1930
top_ten,svm,bigram,no_origin,12,unith,121,Nielsen,Nov_6_g0,1.0,1.0,0.9814814814814814,0.9037433155080213,8,,20,4,8,0,9,8,4,1,3,1,4S,3S,,36,0,True,False,True,False,1930
top_ten,svm,bigram,no_origin,12,unith,121,Nielsen,Nov_6_g0,1.0,1.0,0.9814814814814814,0.9037433155080213,8,8,20,4,8,0,9,9,4,1,4,1,4S,4S,0.46723919259427465,36,36,True,True,True,True,1930
top_ten,svm,bigram,no_origin,12,unith,121,Nielsen,Nov_6_g0,1.0,1.0,0.9814814814814814,0.9037433155080213,8,8,20,4,8,0,9,10,4,1,5,1,4S,5S,0.5158976810835185,36,62,True,True,True,True,1930
top_ten,svm,bigram,no_origin,12,unith,121,Nielsen,Nov_6_g0,1.0,1.0,0.9814814814814814,0.9037433155080213,8,8,20,4,8,0,9,11,4,1,6,1,4S,6S,0.3201540870966771,36,79,True,True,True,True,1930
top_ten,svm,bigram,no_origin,12,unith,121,Nielsen,Nov_6_g0,1.0,1.0,0.9814814814814814,0.9037433155080213,8,8,20,4,8,0,10,0,5,1,1,0,5S,1H,0.3781418818381159,62,52,True,True,True,True,1930
top_ten,svm,bigram,no_origin,12,unith,121,Nielsen,Nov_6_g0,1.0,1.0,0.9814814814814814,0.9037433155080213,8,8,20,4,8,0,10,1,5,1,2,0,5S,2H,0.41995650207257773,62,51,True,True,True,True,1930
top_ten,svm,bigram,no_origin,12,unith,121,Nielsen,Nov_6_g0,1.0,1.0,0.9814814814814814,0.9037433155080213,8,8,20,4,8,0,10,2,5,1,3,0,5S,3H,0.46289160991087536,62,66,True,True,True,True,1930
top_ten,svm,bigram,no_origin,12,unith,121,Nielsen,Nov_6_g0,1.0,1.0,0.9814814814814814,0.9037433155080213,8,8,20,4,8,0,10,3,5,1,4,0,5S,4H,0.5338075945905874,62,16,True,True,True,True,1930
top_ten,svm,bigram,no_origin,12,unith,121,Nielsen,Nov_6_g0,1.0,1.0,0.9814814814814814,0.9037433155080213,8,,20,4,8,0,10,4,5,1,5,0,5S,5H,,62,0,True,False,True,False,1930
top_ten,svm,bigram,no_origin,12,unith,121,Nielsen,Nov_6_g0,1.0,1.0,0.9814814814814814,0.9037433155080213,8,,20,4,8,0,10,5,5,1,6,0,5S,6H,,62,0,True,False,True,False,1930
top_ten,svm,bigram,no_origin,12,unith,121,Nielsen,Nov_6_g0,1.0,1.0,0.9814814814814814,0.9037433155080213,8,,20,4,8,0,10,6,5,1,1,1,5S,1S,,62,0,True,False,True,False,1930
top_ten,svm,bigram,no_origin,12,unith,121,Nielsen,Nov_6_g0,1.0,1.0,0.9814814814814814,0.9037433155080213,8,2,20,4,8,0,10,7,5,1,2,1,5S,2S,0.030208149293482044,62,5,True,True,True,False,1930
top_ten,svm,bigram,no_origin,12,unith,121,Nielsen,Nov_6_g0,1.0,1.0,0.9814814814814814,0.9037433155080213,8,,20,4,8,0,10,8,5,1,3,1,5S,3S,,62,0,True,False,True,False,1930
top_ten,svm,bigram,no_origin,12,unith,121,Nielsen,Nov_6_g0,1.0,1.0,0.9814814814814814,0.9037433155080213,8,8,20,4,8,0,10,9,5,1,4,1,5S,4S,0.5158976810835185,62,36,True,True,True,True,1930
top_ten,svm,bigram,no_origin,12,unith,121,Nielsen,Nov_6_g0,1.0,1.0,0.9814814814814814,0.9037433155080213,8,8,20,4,8,0,10,10,5,1,5,1,5S,5S,0.5229809813446141,62,62,True,True,True,True,1930
top_ten,svm,bigram,no_origin,12,unith,121,Nielsen,Nov_6_g0,1.0,1.0,0.9814814814814814,0.9037433155080213,8,8,20,4,8,0,10,11,5,1,6,1,5S,6S,0.2663331293767557,62,79,True,True,True,True,1930
top_ten,svm,bigram,no_origin,12,unith,121,Nielsen,Nov_6_g0,1.0,1.0,0.9814814814814814,0.9037433155080213,8,8,20,4,8,0,11,0,6,1,1,0,6S,1H,0.1784105287389131,79,52,True,True,True,True,1930
top_ten,svm,bigram,no_origin,12,unith,121,Nielsen,Nov_6_g0,1.0,1.0,0.9814814814814814,0.9037433155080213,8,8,20,4,8,0,11,1,6,1,2,0,6S,2H,0.26208923859544997,79,51,True,True,True,True,1930
top_ten,svm,bigram,no_origin,12,unith,121,Nielsen,Nov_6_g0,1.0,1.0,0.9814814814814814,0.9037433155080213,8,8,20,4,8,0,11,2,6,1,3,0,6S,3H,0.19491860056535326,79,66,True,True,True,True,1930
top_ten,svm,bigram,no_origin,12,unith,121,Nielsen,Nov_6_g0,1.0,1.0,0.9814814814814814,0.9037433155080213,8,8,20,4,8,0,11,3,6,1,4,0,6S,4H,0.2631756387400789,79,16,True,True,True,True,1930
top_ten,svm,bigram,no_origin,12,unith,121,Nielsen,Nov_6_g0,1.0,1.0,0.9814814814814814,0.9037433155080213,8,,20,4,8,0,11,4,6,1,5,0,6S,5H,,79,0,True,False,True,False,1930
top_ten,svm,bigram,no_origin,12,unith,121,Nielsen,Nov_6_g0,1.0,1.0,0.9814814814814814,0.9037433155080213,8,,20,4,8,0,11,5,6,1,6,0,6S,6H,,79,0,True,False,True,False,1930
top_ten,svm,bigram,no_origin,12,unith,121,Nielsen,Nov_6_g0,1.0,1.0,0.9814814814814814,0.9037433155080213,8,,20,4,8,0,11,6,6,1,1,1,6S,1S,,79,0,True,False,True,False,1930
top_ten,svm,bigram,no_origin,12,unith,121,Nielsen,Nov_6_g0,1.0,1.0,0.9814814814814814,0.9037433155080213,8,2,20,4,8,0,11,7,6,1,2,1,6S,2S,0.04299774883150402,79,5,True,True,True,False,1930
top_ten,svm,bigram,no_origin,12,unith,121,Nielsen,Nov_6_g0,1.0,1.0,0.9814814814814814,0.9037433155080213,8,,20,4,8,0,11,8,6,1,3,1,6S,3S,,79,0,True,False,True,False,1930
top_ten,svm,bigram,no_origin,12,unith,121,Nielsen,Nov_6_g0,1.0,1.0,0.9814814814814814,0.9037433155080213,8,8,20,4,8,0,11,9,6,1,4,1,6S,4S,0.3201540870966771,79,36,True,True,True,True,1930
top_ten,svm,bigram,no_origin,12,unith,121,Nielsen,Nov_6_g0,1.0,1.0,0.9814814814814814,0.9037433155080213,8,8,20,4,8,0,11,10,6,1,5,1,6S,5S,0.2663331293767557,79,62,True,True,True,True,1930
top_ten,svm,bigram,no_origin,12,unith,121,Nielsen,Nov_6_g0,1.0,1.0,0.9814814814814814,0.9037433155080213,8,8,20,4,8,0,11,11,6,1,6,1,6S,6S,0.3642560980484905,79,79,True,True,True,True,1930
top_ten,svm,bigram,no_origin,12,unith,121,Nielsen,Nov_7_g0,0.973597359735974,0.9867986798679867,0.9692754989784693,0.5299145299145299,8,8,20,4,8,0,0,0,1,0,1,0,1H,1H,0.29070222502799437,61,61,True,True,True,True,1930
top_ten,svm,bigram,no_origin,12,unith,121,Nielsen,Nov_7_g0,0.973597359735974,0.9867986798679867,0.9692754989784693,0.5299145299145299,8,8,20,4,8,0,0,1,1,0,2,0,1H,2H,0.26540279755554896,61,54,True,True,True,True,1930
top_ten,svm,bigram,no_origin,12,unith,121,Nielsen,Nov_7_g0,0.973597359735974,0.9867986798679867,0.9692754989784693,0.5299145299145299,8,8,20,4,8,0,0,2,1,0,3,0,1H,3H,0.22111220533728285,61,60,True,True,True,True,1930
top_ten,svm,bigram,no_origin,12,unith,121,Nielsen,Nov_7_g0,0.973597359735974,0.9867986798679867,0.9692754989784693,0.5299145299145299,8,8,20,4,8,0,0,3,1,0,4,0,1H,4H,0.13178440180939507,61,19,True,True,True,True,1930
top_ten,svm,bigram,no_origin,12,unith,121,Nielsen,Nov_7_g0,0.973597359735974,0.9867986798679867,0.9692754989784693,0.5299145299145299,8,2,20,4,8,0,0,4,1,0,5,0,1H,5H,0.12044126874434409,61,4,True,True,True,False,1930
top_ten,svm,bigram,no_origin,12,unith,121,Nielsen,Nov_7_g0,0.973597359735974,0.9867986798679867,0.9692754989784693,0.5299145299145299,8,,20,4,8,0,0,5,1,0,6,0,1H,6H,,61,0,True,False,True,False,1930
top_ten,svm,bigram,no_origin,12,unith,121,Nielsen,Nov_7_g0,0.973597359735974,0.9867986798679867,0.9692754989784693,0.5299145299145299,8,,20,4,8,0,0,6,1,0,1,1,1H,1S,,61,0,True,False,True,False,1930
top_ten,svm,bigram,no_origin,12,unith,121,Nielsen,Nov_7_g0,0.973597359735974,0.9867986798679867,0.9692754989784693,0.5299145299145299,8,8,20,4,8,0,0,7,1,0,2,1,1H,2S,0.17688994599361202,61,20,True,True,True,True,1930
top_ten,svm,bigram,no_origin,12,unith,121,Nielsen,Nov_7_g0,0.973597359735974,0.9867986798679867,0.9692754989784693,0.5299145299145299,8,8,20,4,8,0,0,8,1,0,3,1,1H,3S,0.16386732736742324,61,16,True,True,True,True,1930
top_ten,svm,bigram,no_origin,12,unith,121,Nielsen,Nov_7_g0,0.973597359735974,0.9867986798679867,0.9692754989784693,0.5299145299145299,8,8,20,4,8,0,0,9,1,0,4,1,1H,4S,0.10509775222722073,61,49,True,True,True,True,1930
top_ten,svm,bigram,no_origin,12,unith,121,Nielsen,Nov_7_g0,0.973597359735974,0.9867986798679867,0.9692754989784693,0.5299145299145299,8,8,20,4,8,0,0,10,1,0,5,1,1H,5S,0.22156088997485401,61,80,True,True,True,True,1930
top_ten,svm,bigram,no_origin,12,unith,121,Nielsen,Nov_7_g0,0.973597359735974,0.9867986798679867,0.9692754989784693,0.5299145299145299,8,8,20,4,8,0,0,11,1,0,6,1,1H,6S,0.10296163557095736,61,98,True,True,True,True,1930
top_ten,svm,bigram,no_origin,12,unith,121,Nielsen,Nov_7_g0,0.973597359735974,0.9867986798679867,0.9692754989784693,0.5299145299145299,8,8,20,4,8,0,1,0,2,0,1,0,2H,1H,0.26540279755554896,54,61,True,True,True,True,1930
top_ten,svm,bigram,no_origin,12,unith,121,Nielsen,Nov_7_g0,0.973597359735974,0.9867986798679867,0.9692754989784693,0.5299145299145299,8,8,20,4,8,0,1,1,2,0,2,0,2H,2H,0.2549724326798159,54,54,True,True,True,True,1930
top_ten,svm,bigram,no_origin,12,unith,121,Nielsen,Nov_7_g0,0.973597359735974,0.9867986798679867,0.9692754989784693,0.5299145299145299,8,8,20,4,8,0,1,2,2,0,3,0,2H,3H,0.18937991429232515,54,60,True,True,True,True,1930
top_ten,svm,bigram,no_origin,12,unith,121,Nielsen,Nov_7_g0,0.973597359735974,0.9867986798679867,0.9692754989784693,0.5299145299145299,8,8,20,4,8,0,1,3,2,0,4,0,2H,4H,0.20804089401768175,54,19,True,True,True,True,1930
top_ten,svm,bigram,no_origin,12,unith,121,Nielsen,Nov_7_g0,0.973597359735974,0.9867986798679867,0.9692754989784693,0.5299145299145299,8,2,20,4,8,0,1,4,2,0,5,0,2H,5H,0.024417805602634325,54,4,True,True,True,False,1930
top_ten,svm,bigram,no_origin,12,unith,121,Nielsen,Nov_7_g0,0.973597359735974,0.9867986798679867,0.9692754989784693,0.5299145299145299,8,,20,4,8,0,1,5,2,0,6,0,2H,6H,,54,0,True,False,True,False,1930
top_ten,svm,bigram,no_origin,12,unith,121,Nielsen,Nov_7_g0,0.973597359735974,0.9867986798679867,0.9692754989784693,0.5299145299145299,8,,20,4,8,0,1,6,2,0,1,1,2H,1S,,54,0,True,False,True,False,1930
top_ten,svm,bigram,no_origin,12,unith,121,Nielsen,Nov_7_g0,0.973597359735974,0.9867986798679867,0.9692754989784693,0.5299145299145299,8,8,20,4,8,0,1,7,2,0,2,1,2H,2S,0.22521285268673413,54,20,True,True,True,True,1930
top_ten,svm,bigram,no_origin,12,unith,121,Nielsen,Nov_7_g0,0.973597359735974,0.9867986798679867,0.9692754989784693,0.5299145299145299,8,8,20,4,8,0,1,8,2,0,3,1,2H,3S,0.13341232301559125,54,16,True,True,True,True,1930
top_ten,svm,bigram,no_origin,12,unith,121,Nielsen,Nov_7_g0,0.973597359735974,0.9867986798679867,0.9692754989784693,0.5299145299145299,8,8,20,4,8,0,1,9,2,0,4,1,2H,4S,0.14910873989957288,54,49,True,True,True,True,1930
top_ten,svm,bigram,no_origin,12,unith,121,Nielsen,Nov_7_g0,0.973597359735974,0.9867986798679867,0.9692754989784693,0.5299145299145299,8,8,20,4,8,0,1,10,2,0,5,1,2H,5S,0.20520663196443306,54,80,True,True,True,True,1930
top_ten,svm,bigram,no_origin,12,unith,121,Nielsen,Nov_7_g0,0.973597359735974,0.9867986798679867,0.9692754989784693,0.5299145299145299,8,8,20,4,8,0,1,11,2,0,6,1,2H,6S,0.06686560437574456,54,98,True,True,True,True,1930
top_ten,svm,bigram,no_origin,12,unith,121,Nielsen,Nov_7_g0,0.973597359735974,0.9867986798679867,0.9692754989784693,0.5299145299145299,8,8,20,4,8,0,2,0,3,0,1,0,3H,1H,0.22111220533728285,60,61,True,True,True,True,1930
top_ten,svm,bigram,no_origin,12,unith,121,Nielsen,Nov_7_g0,0.973597359735974,0.9867986798679867,0.9692754989784693,0.5299145299145299,8,8,20,4,8,0,2,1,3,0,2,0,3H,2H,0.18937991429232515,60,54,True,True,True,True,1930
top_ten,svm,bigram,no_origin,12,unith,121,Nielsen,Nov_7_g0,0.973597359735974,0.9867986798679867,0.9692754989784693,0.5299145299145299,8,8,20,4,8,0,2,2,3,0,3,0,3H,3H,0.1534879834134672,60,60,True,True,True,True,1930
top_ten,svm,bigram,no_origin,12,unith,121,Nielsen,Nov_7_g0,0.973597359735974,0.9867986798679867,0.9692754989784693,0.5299145299145299,8,8,20,4,8,0,2,3,3,0,4,0,3H,4H,0.03504484777418043,60,19,True,True,True,True,1930
top_ten,svm,bigram,no_origin,12,unith,121,Nielsen,Nov_7_g0,0.973597359735974,0.9867986798679867,0.9692754989784693,0.5299145299145299,8,2,20,4,8,0,2,4,3,0,5,0,3H,5H,0.12297495349365103,60,4,True,True,True,False,1930
top_ten,svm,bigram,no_origin,12,unith,121,Nielsen,Nov_7_g0,0.973597359735974,0.9867986798679867,0.9692754989784693,0.5299145299145299,8,,20,4,8,0,2,5,3,0,6,0,3H,6H,,60,0,True,False,True,False,1930
top_ten,svm,bigram,no_origin,12,unith,121,Nielsen,Nov_7_g0,0.973597359735974,0.9867986798679867,0.9692754989784693,0.5299145299145299,8,,20,4,8,0,2,6,3,0,1,1,3H,1S,,60,0,True,False,True,False,1930
top_ten,svm,bigram,no_origin,12,unith,121,Nielsen,Nov_7_g0,0.973597359735974,0.9867986798679867,0.9692754989784693,0.5299145299145299,8,8,20,4,8,0,2,7,3,0,2,1,3H,2S,0.13906540340623122,60,20,True,True,True,True,1930
top_ten,svm,bigram,no_origin,12,unith,121,Nielsen,Nov_7_g0,0.973597359735974,0.9867986798679867,0.9692754989784693,0.5299145299145299,8,8,20,4,8,0,2,8,3,0,3,1,3H,3S,0.18575176249630543,60,16,True,True,True,True,1930
top_ten,svm,bigram,no_origin,12,unith,121,Nielsen,Nov_7_g0,0.973597359735974,0.9867986798679867,0.9692754989784693,0.5299145299145299,8,8,20,4,8,0,2,9,3,0,4,1,3H,4S,0.07113077992453226,60,49,True,True,True,True,1930
top_ten,svm,bigram,no_origin,12,unith,121,Nielsen,Nov_7_g0,0.973597359735974,0.9867986798679867,0.9692754989784693,0.5299145299145299,8,8,20,4,8,0,2,10,3,0,5,1,3H,5S,0.1531125630177786,60,80,True,True,True,True,1930
top_ten,svm,bigram,no_origin,12,unith,121,Nielsen,Nov_7_g0,0.973597359735974,0.9867986798679867,0.9692754989784693,0.5299145299145299,8,8,20,4,8,0,2,11,3,0,6,1,3H,6S,0.0414303645914698,60,98,True,True,True,True,1930
top_ten,svm,bigram,no_origin,12,unith,121,Nielsen,Nov_7_g0,0.973597359735974,0.9867986798679867,0.9692754989784693,0.5299145299145299,8,8,20,4,8,0,3,0,4,0,1,0,4H,1H,0.13178440180939507,19,61,True,True,True,True,1930
top_ten,svm,bigram,no_origin,12,unith,121,Nielsen,Nov_7_g0,0.973597359735974,0.9867986798679867,0.9692754989784693,0.5299145299145299,8,8,20,4,8,0,3,1,4,0,2,0,4H,2H,0.20804089401768175,19,54,True,True,True,True,1930
top_ten,svm,bigram,no_origin,12,unith,121,Nielsen,Nov_7_g0,0.973597359735974,0.9867986798679867,0.9692754989784693,0.5299145299145299,8,8,20,4,8,0,3,2,4,0,3,0,4H,3H,0.03504484777418043,19,60,True,True,True,True,1930
top_ten,svm,bigram,no_origin,12,unith,121,Nielsen,Nov_7_g0,0.973597359735974,0.9867986798679867,0.9692754989784693,0.5299145299145299,8,8,20,4,8,0,3,3,4,0,4,0,4H,4H,-0.01152260206985314,19,19,True,True,True,True,1930
top_ten,svm,bigram,no_origin,12,unith,121,Nielsen,Nov_7_g0,0.973597359735974,0.9867986798679867,0.9692754989784693,0.5299145299145299,8,2,20,4,8,0,3,4,4,0,5,0,4H,5H,0.04635623034960544,19,4,True,True,True,False,1930
top_ten,svm,bigram,no_origin,12,unith,121,Nielsen,Nov_7_g0,0.973597359735974,0.9867986798679867,0.9692754989784693,0.5299145299145299,8,,20,4,8,0,3,5,4,0,6,0,4H,6H,,19,0,True,False,True,False,1930
top_ten,svm,bigram,no_origin,12,unith,121,Nielsen,Nov_7_g0,0.973597359735974,0.9867986798679867,0.9692754989784693,0.5299145299145299,8,,20,4,8,0,3,6,4,0,1,1,4H,1S,,19,0,True,False,True,False,1930
top_ten,svm,bigram,no_origin,12,unith,121,Nielsen,Nov_7_g0,0.973597359735974,0.9867986798679867,0.9692754989784693,0.5299145299145299,8,8,20,4,8,0,3,7,4,0,2,1,4H,2S,0.13028676570281672,19,20,True,True,True,True,1930
top_ten,svm,bigram,no_origin,12,unith,121,Nielsen,Nov_7_g0,0.973597359735974,0.9867986798679867,0.9692754989784693,0.5299145299145299,8,8,20,4,8,0,3,8,4,0,3,1,4H,3S,0.08210350358191426,19,16,True,True,True,True,1930
top_ten,svm,bigram,no_origin,12,unith,121,Nielsen,Nov_7_g0,0.973597359735974,0.9867986798679867,0.9692754989784693,0.5299145299145299,8,8,20,4,8,0,3,9,4,0,4,1,4H,4S,0.09690611103428007,19,49,True,True,True,True,1930
top_ten,svm,bigram,no_origin,12,unith,121,Nielsen,Nov_7_g0,0.973597359735974,0.9867986798679867,0.9692754989784693,0.5299145299145299,8,8,20,4,8,0,3,10,4,0,5,1,4H,5S,0.11389480212871042,19,80,True,True,True,True,1930
top_ten,svm,bigram,no_origin,12,unith,121,Nielsen,Nov_7_g0,0.973597359735974,0.9867986798679867,0.9692754989784693,0.5299145299145299,8,8,20,4,8,0,3,11,4,0,6,1,4H,6S,0.1072009051683734,19,98,True,True,True,True,1930
top_ten,svm,bigram,no_origin,12,unith,121,Nielsen,Nov_7_g0,0.973597359735974,0.9867986798679867,0.9692754989784693,0.5299145299145299,2,8,20,4,8,0,4,0,5,0,1,0,5H,1H,0.12044126874434409,4,61,True,True,False,True,1930
top_ten,svm,bigram,no_origin,12,unith,121,Nielsen,Nov_7_g0,0.973597359735974,0.9867986798679867,0.9692754989784693,0.5299145299145299,2,8,20,4,8,0,4,1,5,0,2,0,5H,2H,0.024417805602634325,4,54,True,True,False,True,1930
top_ten,svm,bigram,no_origin,12,unith,121,Nielsen,Nov_7_g0,0.973597359735974,0.9867986798679867,0.9692754989784693,0.5299145299145299,2,8,20,4,8,0,4,2,5,0,3,0,5H,3H,0.12297495349365103,4,60,True,True,False,True,1930
top_ten,svm,bigram,no_origin,12,unith,121,Nielsen,Nov_7_g0,0.973597359735974,0.9867986798679867,0.9692754989784693,0.5299145299145299,2,8,20,4,8,0,4,3,5,0,4,0,5H,4H,0.04635623034960544,4,19,True,True,False,True,1930
top_ten,svm,bigram,no_origin,12,unith,121,Nielsen,Nov_7_g0,0.973597359735974,0.9867986798679867,0.9692754989784693,0.5299145299145299,2,2,20,4,8,0,4,4,5,0,5,0,5H,5H,-0.022333889803779452,4,4,True,True,False,False,1930
top_ten,svm,bigram,no_origin,12,unith,121,Nielsen,Nov_7_g0,0.973597359735974,0.9867986798679867,0.9692754989784693,0.5299145299145299,2,,20,4,8,0,4,5,5,0,6,0,5H,6H,,4,0,True,False,False,False,1930
top_ten,svm,bigram,no_origin,12,unith,121,Nielsen,Nov_7_g0,0.973597359735974,0.9867986798679867,0.9692754989784693,0.5299145299145299,2,,20,4,8,0,4,6,5,0,1,1,5H,1S,,4,0,True,False,False,False,1930
top_ten,svm,bigram,no_origin,12,unith,121,Nielsen,Nov_7_g0,0.973597359735974,0.9867986798679867,0.9692754989784693,0.5299145299145299,2,8,20,4,8,0,4,7,5,0,2,1,5H,2S,0.09940733829290985,4,20,True,True,False,True,1930
top_ten,svm,bigram,no_origin,12,unith,121,Nielsen,Nov_7_g0,0.973597359735974,0.9867986798679867,0.9692754989784693,0.5299145299145299,2,8,20,4,8,0,4,8,5,0,3,1,5H,3S,0.02604970396184571,4,16,True,True,False,True,1930
top_ten,svm,bigram,no_origin,12,unith,121,Nielsen,Nov_7_g0,0.973597359735974,0.9867986798679867,0.9692754989784693,0.5299145299145299,2,8,20,4,8,0,4,9,5,0,4,1,5H,4S,0.09940071792891754,4,49,True,True,False,True,1930
top_ten,svm,bigram,no_origin,12,unith,121,Nielsen,Nov_7_g0,0.973597359735974,0.9867986798679867,0.9692754989784693,0.5299145299145299,2,8,20,4,8,0,4,10,5,0,5,1,5H,5S,0.11494787935188808,4,80,True,True,False,True,1930
top_ten,svm,bigram,no_origin,12,unith,121,Nielsen,Nov_7_g0,0.973597359735974,0.9867986798679867,0.9692754989784693,0.5299145299145299,2,8,20,4,8,0,4,11,5,0,6,1,5H,6S,0.23183192154258978,4,98,True,True,False,True,1930
top_ten,svm,bigram,no_origin,12,unith,121,Nielsen,Nov_7_g0,0.973597359735974,0.9867986798679867,0.9692754989784693,0.5299145299145299,,8,20,4,8,0,5,0,6,0,1,0,6H,1H,,0,61,False,True,False,True,1930
top_ten,svm,bigram,no_origin,12,unith,121,Nielsen,Nov_7_g0,0.973597359735974,0.9867986798679867,0.9692754989784693,0.5299145299145299,,8,20,4,8,0,5,1,6,0,2,0,6H,2H,,0,54,False,True,False,True,1930
top_ten,svm,bigram,no_origin,12,unith,121,Nielsen,Nov_7_g0,0.973597359735974,0.9867986798679867,0.9692754989784693,0.5299145299145299,,8,20,4,8,0,5,2,6,0,3,0,6H,3H,,0,60,False,True,False,True,1930
top_ten,svm,bigram,no_origin,12,unith,121,Nielsen,Nov_7_g0,0.973597359735974,0.9867986798679867,0.9692754989784693,0.5299145299145299,,8,20,4,8,0,5,3,6,0,4,0,6H,4H,,0,19,False,True,False,True,1930
top_ten,svm,bigram,no_origin,12,unith,121,Nielsen,Nov_7_g0,0.973597359735974,0.9867986798679867,0.9692754989784693,0.5299145299145299,,2,20,4,8,0,5,4,6,0,5,0,6H,5H,,0,4,False,True,False,False,1930
top_ten,svm,bigram,no_origin,12,unith,121,Nielsen,Nov_7_g0,0.973597359735974,0.9867986798679867,0.9692754989784693,0.5299145299145299,,,20,4,8,0,5,5,6,0,6,0,6H,6H,,0,0,False,False,False,False,1930
top_ten,svm,bigram,no_origin,12,unith,121,Nielsen,Nov_7_g0,0.973597359735974,0.9867986798679867,0.9692754989784693,0.5299145299145299,,,20,4,8,0,5,6,6,0,1,1,6H,1S,,0,0,False,False,False,False,1930
top_ten,svm,bigram,no_origin,12,unith,121,Nielsen,Nov_7_g0,0.973597359735974,0.9867986798679867,0.9692754989784693,0.5299145299145299,,8,20,4,8,0,5,7,6,0,2,1,6H,2S,,0,20,False,True,False,True,1930
top_ten,svm,bigram,no_origin,12,unith,121,Nielsen,Nov_7_g0,0.973597359735974,0.9867986798679867,0.9692754989784693,0.5299145299145299,,8,20,4,8,0,5,8,6,0,3,1,6H,3S,,0,16,False,True,False,True,1930
top_ten,svm,bigram,no_origin,12,unith,121,Nielsen,Nov_7_g0,0.973597359735974,0.9867986798679867,0.9692754989784693,0.5299145299145299,,8,20,4,8,0,5,9,6,0,4,1,6H,4S,,0,49,False,True,False,True,1930
top_ten,svm,bigram,no_origin,12,unith,121,Nielsen,Nov_7_g0,0.973597359735974,0.9867986798679867,0.9692754989784693,0.5299145299145299,,8,20,4,8,0,5,10,6,0,5,1,6H,5S,,0,80,False,True,False,True,1930
top_ten,svm,bigram,no_origin,12,unith,121,Nielsen,Nov_7_g0,0.973597359735974,0.9867986798679867,0.9692754989784693,0.5299145299145299,,8,20,4,8,0,5,11,6,0,6,1,6H,6S,,0,98,False,True,False,True,1930
top_ten,svm,bigram,no_origin,12,unith,121,Nielsen,Nov_7_g0,0.973597359735974,0.9867986798679867,0.9692754989784693,0.5299145299145299,,8,20,4,8,0,6,0,1,1,1,0,1S,1H,,0,61,False,True,False,True,1930
top_ten,svm,bigram,no_origin,12,unith,121,Nielsen,Nov_7_g0,0.973597359735974,0.9867986798679867,0.9692754989784693,0.5299145299145299,,8,20,4,8,0,6,1,1,1,2,0,1S,2H,,0,54,False,True,False,True,1930
top_ten,svm,bigram,no_origin,12,unith,121,Nielsen,Nov_7_g0,0.973597359735974,0.9867986798679867,0.9692754989784693,0.5299145299145299,,8,20,4,8,0,6,2,1,1,3,0,1S,3H,,0,60,False,True,False,True,1930
top_ten,svm,bigram,no_origin,12,unith,121,Nielsen,Nov_7_g0,0.973597359735974,0.9867986798679867,0.9692754989784693,0.5299145299145299,,8,20,4,8,0,6,3,1,1,4,0,1S,4H,,0,19,False,True,False,True,1930
top_ten,svm,bigram,no_origin,12,unith,121,Nielsen,Nov_7_g0,0.973597359735974,0.9867986798679867,0.9692754989784693,0.5299145299145299,,2,20,4,8,0,6,4,1,1,5,0,1S,5H,,0,4,False,True,False,False,1930
top_ten,svm,bigram,no_origin,12,unith,121,Nielsen,Nov_7_g0,0.973597359735974,0.9867986798679867,0.9692754989784693,0.5299145299145299,,,20,4,8,0,6,5,1,1,6,0,1S,6H,,0,0,False,False,False,False,1930
top_ten,svm,bigram,no_origin,12,unith,121,Nielsen,Nov_7_g0,0.973597359735974,0.9867986798679867,0.9692754989784693,0.5299145299145299,,,20,4,8,0,6,6,1,1,1,1,1S,1S,,0,0,False,False,False,False,1930
top_ten,svm,bigram,no_origin,12,unith,121,Nielsen,Nov_7_g0,0.973597359735974,0.9867986798679867,0.9692754989784693,0.5299145299145299,,8,20,4,8,0,6,7,1,1,2,1,1S,2S,,0,20,False,True,False,True,1930
top_ten,svm,bigram,no_origin,12,unith,121,Nielsen,Nov_7_g0,0.973597359735974,0.9867986798679867,0.9692754989784693,0.5299145299145299,,8,20,4,8,0,6,8,1,1,3,1,1S,3S,,0,16,False,True,False,True,1930
top_ten,svm,bigram,no_origin,12,unith,121,Nielsen,Nov_7_g0,0.973597359735974,0.9867986798679867,0.9692754989784693,0.5299145299145299,,8,20,4,8,0,6,9,1,1,4,1,1S,4S,,0,49,False,True,False,True,1930
top_ten,svm,bigram,no_origin,12,unith,121,Nielsen,Nov_7_g0,0.973597359735974,0.9867986798679867,0.9692754989784693,0.5299145299145299,,8,20,4,8,0,6,10,1,1,5,1,1S,5S,,0,80,False,True,False,True,1930
top_ten,svm,bigram,no_origin,12,unith,121,Nielsen,Nov_7_g0,0.973597359735974,0.9867986798679867,0.9692754989784693,0.5299145299145299,,8,20,4,8,0,6,11,1,1,6,1,1S,6S,,0,98,False,True,False,True,1930
top_ten,svm,bigram,no_origin,12,unith,121,Nielsen,Nov_7_g0,0.973597359735974,0.9867986798679867,0.9692754989784693,0.5299145299145299,8,8,20,4,8,0,7,0,2,1,1,0,2S,1H,0.17688994599361202,20,61,True,True,True,True,1930
top_ten,svm,bigram,no_origin,12,unith,121,Nielsen,Nov_7_g0,0.973597359735974,0.9867986798679867,0.9692754989784693,0.5299145299145299,8,8,20,4,8,0,7,1,2,1,2,0,2S,2H,0.22521285268673413,20,54,True,True,True,True,1930
top_ten,svm,bigram,no_origin,12,unith,121,Nielsen,Nov_7_g0,0.973597359735974,0.9867986798679867,0.9692754989784693,0.5299145299145299,8,8,20,4,8,0,7,2,2,1,3,0,2S,3H,0.13906540340623122,20,60,True,True,True,True,1930
top_ten,svm,bigram,no_origin,12,unith,121,Nielsen,Nov_7_g0,0.973597359735974,0.9867986798679867,0.9692754989784693,0.5299145299145299,8,8,20,4,8,0,7,3,2,1,4,0,2S,4H,0.13028676570281672,20,19,True,True,True,True,1930
top_ten,svm,bigram,no_origin,12,unith,121,Nielsen,Nov_7_g0,0.973597359735974,0.9867986798679867,0.9692754989784693,0.5299145299145299,8,2,20,4,8,0,7,4,2,1,5,0,2S,5H,0.09940733829290985,20,4,True,True,True,False,1930
top_ten,svm,bigram,no_origin,12,unith,121,Nielsen,Nov_7_g0,0.973597359735974,0.9867986798679867,0.9692754989784693,0.5299145299145299,8,,20,4,8,0,7,5,2,1,6,0,2S,6H,,20,0,True,False,True,False,1930
top_ten,svm,bigram,no_origin,12,unith,121,Nielsen,Nov_7_g0,0.973597359735974,0.9867986798679867,0.9692754989784693,0.5299145299145299,8,,20,4,8,0,7,6,2,1,1,1,2S,1S,,20,0,True,False,True,False,1930
top_ten,svm,bigram,no_origin,12,unith,121,Nielsen,Nov_7_g0,0.973597359735974,0.9867986798679867,0.9692754989784693,0.5299145299145299,8,8,20,4,8,0,7,7,2,1,2,1,2S,2S,0.12654930508214468,20,20,True,True,True,True,1930
top_ten,svm,bigram,no_origin,12,unith,121,Nielsen,Nov_7_g0,0.973597359735974,0.9867986798679867,0.9692754989784693,0.5299145299145299,8,8,20,4,8,0,7,8,2,1,3,1,2S,3S,0.06908046711285859,20,16,True,True,True,True,1930
top_ten,svm,bigram,no_origin,12,unith,121,Nielsen,Nov_7_g0,0.973597359735974,0.9867986798679867,0.9692754989784693,0.5299145299145299,8,8,20,4,8,0,7,9,2,1,4,1,2S,4S,0.22974742003139337,20,49,True,True,True,True,1930
top_ten,svm,bigram,no_origin,12,unith,121,Nielsen,Nov_7_g0,0.973597359735974,0.9867986798679867,0.9692754989784693,0.5299145299145299,8,8,20,4,8,0,7,10,2,1,5,1,2S,5S,0.20675958522221763,20,80,True,True,True,True,1930
top_ten,svm,bigram,no_origin,12,unith,121,Nielsen,Nov_7_g0,0.973597359735974,0.9867986798679867,0.9692754989784693,0.5299145299145299,8,8,20,4,8,0,7,11,2,1,6,1,2S,6S,0.10215758655213744,20,98,True,True,True,True,1930
top_ten,svm,bigram,no_origin,12,unith,121,Nielsen,Nov_7_g0,0.973597359735974,0.9867986798679867,0.9692754989784693,0.5299145299145299,8,8,20,4,8,0,8,0,3,1,1,0,3S,1H,0.16386732736742324,16,61,True,True,True,True,1930
top_ten,svm,bigram,no_origin,12,unith,121,Nielsen,Nov_7_g0,0.973597359735974,0.9867986798679867,0.9692754989784693,0.5299145299145299,8,8,20,4,8,0,8,1,3,1,2,0,3S,2H,0.13341232301559125,16,54,True,True,True,True,1930
top_ten,svm,bigram,no_origin,12,unith,121,Nielsen,Nov_7_g0,0.973597359735974,0.9867986798679867,0.9692754989784693,0.5299145299145299,8,8,20,4,8,0,8,2,3,1,3,0,3S,3H,0.18575176249630543,16,60,True,True,True,True,1930
top_ten,svm,bigram,no_origin,12,unith,121,Nielsen,Nov_7_g0,0.973597359735974,0.9867986798679867,0.9692754989784693,0.5299145299145299,8,8,20,4,8,0,8,3,3,1,4,0,3S,4H,0.08210350358191426,16,19,True,True,True,True,1930
top_ten,svm,bigram,no_origin,12,unith,121,Nielsen,Nov_7_g0,0.973597359735974,0.9867986798679867,0.9692754989784693,0.5299145299145299,8,2,20,4,8,0,8,4,3,1,5,0,3S,5H,0.02604970396184571,16,4,True,True,True,False,1930
top_ten,svm,bigram,no_origin,12,unith,121,Nielsen,Nov_7_g0,0.973597359735974,0.9867986798679867,0.9692754989784693,0.5299145299145299,8,,20,4,8,0,8,5,3,1,6,0,3S,6H,,16,0,True,False,True,False,1930
top_ten,svm,bigram,no_origin,12,unith,121,Nielsen,Nov_7_g0,0.973597359735974,0.9867986798679867,0.9692754989784693,0.5299145299145299,8,,20,4,8,0,8,6,3,1,1,1,3S,1S,,16,0,True,False,True,False,1930
top_ten,svm,bigram,no_origin,12,unith,121,Nielsen,Nov_7_g0,0.973597359735974,0.9867986798679867,0.9692754989784693,0.5299145299145299,8,8,20,4,8,0,8,7,3,1,2,1,3S,2S,0.06908046711285859,16,20,True,True,True,True,1930
top_ten,svm,bigram,no_origin,12,unith,121,Nielsen,Nov_7_g0,0.973597359735974,0.9867986798679867,0.9692754989784693,0.5299145299145299,8,8,20,4,8,0,8,8,3,1,3,1,3S,3S,0.1179472765844936,16,16,True,True,True,True,1930
top_ten,svm,bigram,no_origin,12,unith,121,Nielsen,Nov_7_g0,0.973597359735974,0.9867986798679867,0.9692754989784693,0.5299145299145299,8,8,20,4,8,0,8,9,3,1,4,1,3S,4S,0.013327475285934592,16,49,True,True,True,True,1930
top_ten,svm,bigram,no_origin,12,unith,121,Nielsen,Nov_7_g0,0.973597359735974,0.9867986798679867,0.9692754989784693,0.5299145299145299,8,8,20,4,8,0,8,10,3,1,5,1,3S,5S,0.07784607989686627,16,80,True,True,True,True,1930
top_ten,svm,bigram,no_origin,12,unith,121,Nielsen,Nov_7_g0,0.973597359735974,0.9867986798679867,0.9692754989784693,0.5299145299145299,8,8,20,4,8,0,8,11,3,1,6,1,3S,6S,0.011215292260059745,16,98,True,True,True,True,1930
top_ten,svm,bigram,no_origin,12,unith,121,Nielsen,Nov_7_g0,0.973597359735974,0.9867986798679867,0.9692754989784693,0.5299145299145299,8,8,20,4,8,0,9,0,4,1,1,0,4S,1H,0.10509775222722073,49,61,True,True,True,True,1930
top_ten,svm,bigram,no_origin,12,unith,121,Nielsen,Nov_7_g0,0.973597359735974,0.9867986798679867,0.9692754989784693,0.5299145299145299,8,8,20,4,8,0,9,1,4,1,2,0,4S,2H,0.14910873989957288,49,54,True,True,True,True,1930
top_ten,svm,bigram,no_origin,12,unith,121,Nielsen,Nov_7_g0,0.973597359735974,0.9867986798679867,0.9692754989784693,0.5299145299145299,8,8,20,4,8,0,9,2,4,1,3,0,4S,3H,0.07113077992453226,49,60,True,True,True,True,1930
top_ten,svm,bigram,no_origin,12,unith,121,Nielsen,Nov_7_g0,0.973597359735974,0.9867986798679867,0.9692754989784693,0.5299145299145299,8,8,20,4,8,0,9,3,4,1,4,0,4S,4H,0.09690611103428007,49,19,True,True,True,True,1930
top_ten,svm,bigram,no_origin,12,unith,121,Nielsen,Nov_7_g0,0.973597359735974,0.9867986798679867,0.9692754989784693,0.5299145299145299,8,2,20,4,8,0,9,4,4,1,5,0,4S,5H,0.09940071792891754,49,4,True,True,True,False,1930
top_ten,svm,bigram,no_origin,12,unith,121,Nielsen,Nov_7_g0,0.973597359735974,0.9867986798679867,0.9692754989784693,0.5299145299145299,8,,20,4,8,0,9,5,4,1,6,0,4S,6H,,49,0,True,False,True,False,1930
top_ten,svm,bigram,no_origin,12,unith,121,Nielsen,Nov_7_g0,0.973597359735974,0.9867986798679867,0.9692754989784693,0.5299145299145299,8,,20,4,8,0,9,6,4,1,1,1,4S,1S,,49,0,True,False,True,False,1930
top_ten,svm,bigram,no_origin,12,unith,121,Nielsen,Nov_7_g0,0.973597359735974,0.9867986798679867,0.9692754989784693,0.5299145299145299,8,8,20,4,8,0,9,7,4,1,2,1,4S,2S,0.22974742003139337,49,20,True,True,True,True,1930
top_ten,svm,bigram,no_origin,12,unith,121,Nielsen,Nov_7_g0,0.973597359735974,0.9867986798679867,0.9692754989784693,0.5299145299145299,8,8,20,4,8,0,9,8,4,1,3,1,4S,3S,0.013327475285934592,49,16,True,True,True,True,1930
top_ten,svm,bigram,no_origin,12,unith,121,Nielsen,Nov_7_g0,0.973597359735974,0.9867986798679867,0.9692754989784693,0.5299145299145299,8,8,20,4,8,0,9,9,4,1,4,1,4S,4S,0.038924308371497865,49,49,True,True,True,True,1930
top_ten,svm,bigram,no_origin,12,unith,121,Nielsen,Nov_7_g0,0.973597359735974,0.9867986798679867,0.9692754989784693,0.5299145299145299,8,8,20,4,8,0,9,10,4,1,5,1,4S,5S,0.11142063927726162,49,80,True,True,True,True,1930
top_ten,svm,bigram,no_origin,12,unith,121,Nielsen,Nov_7_g0,0.973597359735974,0.9867986798679867,0.9692754989784693,0.5299145299145299,8,8,20,4,8,0,9,11,4,1,6,1,4S,6S,0.09288485966274469,49,98,True,True,True,True,1930
top_ten,svm,bigram,no_origin,12,unith,121,Nielsen,Nov_7_g0,0.973597359735974,0.9867986798679867,0.9692754989784693,0.5299145299145299,8,8,20,4,8,0,10,0,5,1,1,0,5S,1H,0.22156088997485401,80,61,True,True,True,True,1930
top_ten,svm,bigram,no_origin,12,unith,121,Nielsen,Nov_7_g0,0.973597359735974,0.9867986798679867,0.9692754989784693,0.5299145299145299,8,8,20,4,8,0,10,1,5,1,2,0,5S,2H,0.20520663196443306,80,54,True,True,True,True,1930
top_ten,svm,bigram,no_origin,12,unith,121,Nielsen,Nov_7_g0,0.973597359735974,0.9867986798679867,0.9692754989784693,0.5299145299145299,8,8,20,4,8,0,10,2,5,1,3,0,5S,3H,0.1531125630177786,80,60,True,True,True,True,1930
top_ten,svm,bigram,no_origin,12,unith,121,Nielsen,Nov_7_g0,0.973597359735974,0.9867986798679867,0.9692754989784693,0.5299145299145299,8,8,20,4,8,0,10,3,5,1,4,0,5S,4H,0.11389480212871042,80,19,True,True,True,True,1930
top_ten,svm,bigram,no_origin,12,unith,121,Nielsen,Nov_7_g0,0.973597359735974,0.9867986798679867,0.9692754989784693,0.5299145299145299,8,2,20,4,8,0,10,4,5,1,5,0,5S,5H,0.11494787935188808,80,4,True,True,True,False,1930
top_ten,svm,bigram,no_origin,12,unith,121,Nielsen,Nov_7_g0,0.973597359735974,0.9867986798679867,0.9692754989784693,0.5299145299145299,8,,20,4,8,0,10,5,5,1,6,0,5S,6H,,80,0,True,False,True,False,1930
top_ten,svm,bigram,no_origin,12,unith,121,Nielsen,Nov_7_g0,0.973597359735974,0.9867986798679867,0.9692754989784693,0.5299145299145299,8,,20,4,8,0,10,6,5,1,1,1,5S,1S,,80,0,True,False,True,False,1930
top_ten,svm,bigram,no_origin,12,unith,121,Nielsen,Nov_7_g0,0.973597359735974,0.9867986798679867,0.9692754989784693,0.5299145299145299,8,8,20,4,8,0,10,7,5,1,2,1,5S,2S,0.20675958522221763,80,20,True,True,True,True,1930
top_ten,svm,bigram,no_origin,12,unith,121,Nielsen,Nov_7_g0,0.973597359735974,0.9867986798679867,0.9692754989784693,0.5299145299145299,8,8,20,4,8,0,10,8,5,1,3,1,5S,3S,0.07784607989686627,80,16,True,True,True,True,1930
top_ten,svm,bigram,no_origin,12,unith,121,Nielsen,Nov_7_g0,0.973597359735974,0.9867986798679867,0.9692754989784693,0.5299145299145299,8,8,20,4,8,0,10,9,5,1,4,1,5S,4S,0.11142063927726162,80,49,True,True,True,True,1930
top_ten,svm,bigram,no_origin,12,unith,121,Nielsen,Nov_7_g0,0.973597359735974,0.9867986798679867,0.9692754989784693,0.5299145299145299,8,8,20,4,8,0,10,10,5,1,5,1,5S,5S,0.2712765376453744,80,80,True,True,True,True,1930
top_ten,svm,bigram,no_origin,12,unith,121,Nielsen,Nov_7_g0,0.973597359735974,0.9867986798679867,0.9692754989784693,0.5299145299145299,8,8,20,4,8,0,10,11,5,1,6,1,5S,6S,0.12300896897568603,80,98,True,True,True,True,1930
top_ten,svm,bigram,no_origin,12,unith,121,Nielsen,Nov_7_g0,0.973597359735974,0.9867986798679867,0.9692754989784693,0.5299145299145299,8,8,20,4,8,0,11,0,6,1,1,0,6S,1H,0.10296163557095736,98,61,True,True,True,True,1930
top_ten,svm,bigram,no_origin,12,unith,121,Nielsen,Nov_7_g0,0.973597359735974,0.9867986798679867,0.9692754989784693,0.5299145299145299,8,8,20,4,8,0,11,1,6,1,2,0,6S,2H,0.06686560437574456,98,54,True,True,True,True,1930
top_ten,svm,bigram,no_origin,12,unith,121,Nielsen,Nov_7_g0,0.973597359735974,0.9867986798679867,0.9692754989784693,0.5299145299145299,8,8,20,4,8,0,11,2,6,1,3,0,6S,3H,0.0414303645914698,98,60,True,True,True,True,1930
top_ten,svm,bigram,no_origin,12,unith,121,Nielsen,Nov_7_g0,0.973597359735974,0.9867986798679867,0.9692754989784693,0.5299145299145299,8,8,20,4,8,0,11,3,6,1,4,0,6S,4H,0.1072009051683734,98,19,True,True,True,True,1930
top_ten,svm,bigram,no_origin,12,unith,121,Nielsen,Nov_7_g0,0.973597359735974,0.9867986798679867,0.9692754989784693,0.5299145299145299,8,2,20,4,8,0,11,4,6,1,5,0,6S,5H,0.23183192154258978,98,4,True,True,True,False,1930
top_ten,svm,bigram,no_origin,12,unith,121,Nielsen,Nov_7_g0,0.973597359735974,0.9867986798679867,0.9692754989784693,0.5299145299145299,8,,20,4,8,0,11,5,6,1,6,0,6S,6H,,98,0,True,False,True,False,1930
top_ten,svm,bigram,no_origin,12,unith,121,Nielsen,Nov_7_g0,0.973597359735974,0.9867986798679867,0.9692754989784693,0.5299145299145299,8,,20,4,8,0,11,6,6,1,1,1,6S,1S,,98,0,True,False,True,False,1930
top_ten,svm,bigram,no_origin,12,unith,121,Nielsen,Nov_7_g0,0.973597359735974,0.9867986798679867,0.9692754989784693,0.5299145299145299,8,8,20,4,8,0,11,7,6,1,2,1,6S,2S,0.10215758655213744,98,20,True,True,True,True,1930
top_ten,svm,bigram,no_origin,12,unith,121,Nielsen,Nov_7_g0,0.973597359735974,0.9867986798679867,0.9692754989784693,0.5299145299145299,8,8,20,4,8,0,11,8,6,1,3,1,6S,3S,0.011215292260059745,98,16,True,True,True,True,1930
top_ten,svm,bigram,no_origin,12,unith,121,Nielsen,Nov_7_g0,0.973597359735974,0.9867986798679867,0.9692754989784693,0.5299145299145299,8,8,20,4,8,0,11,9,6,1,4,1,6S,4S,0.09288485966274469,98,49,True,True,True,True,1930
top_ten,svm,bigram,no_origin,12,unith,121,Nielsen,Nov_7_g0,0.973597359735974,0.9867986798679867,0.9692754989784693,0.5299145299145299,8,8,20,4,8,0,11,10,6,1,5,1,6S,5S,0.12300896897568603,98,80,True,True,True,True,1930
top_ten,svm,bigram,no_origin,12,unith,121,Nielsen,Nov_7_g0,0.973597359735974,0.9867986798679867,0.9692754989784693,0.5299145299145299,8,8,20,4,8,0,11,11,6,1,6,1,6S,6S,0.26132667162136775,98,98,True,True,True,True,1930
top_ten,svm,bigram,no_origin,12,unith,121,Nielsen,Nov_9_g0,0.957720588235294,0.9620655080213905,0.9217914438502673,0.593607305936073,9,9,20,4,8,0,0,0,1,0,1,0,1H,1H,0.20637024830056117,62,62,True,True,True,True,1930
top_ten,svm,bigram,no_origin,12,unith,121,Nielsen,Nov_9_g0,0.957720588235294,0.9620655080213905,0.9217914438502673,0.593607305936073,9,9,20,4,8,0,0,1,1,0,2,0,1H,2H,0.08481059644772779,62,38,True,True,True,True,1930
top_ten,svm,bigram,no_origin,12,unith,121,Nielsen,Nov_9_g0,0.957720588235294,0.9620655080213905,0.9217914438502673,0.593607305936073,9,9,20,4,8,0,0,2,1,0,3,0,1H,3H,0.19043922774408975,62,72,True,True,True,True,1930
top_ten,svm,bigram,no_origin,12,unith,121,Nielsen,Nov_9_g0,0.957720588235294,0.9620655080213905,0.9217914438502673,0.593607305936073,9,9,20,4,8,0,0,3,1,0,4,0,1H,4H,0.15993079114566625,62,34,True,True,True,True,1930
top_ten,svm,bigram,no_origin,12,unith,121,Nielsen,Nov_9_g0,0.957720588235294,0.9620655080213905,0.9217914438502673,0.593607305936073,9,9,20,4,8,0,0,4,1,0,5,0,1H,5H,0.06767571360333312,62,19,True,True,True,True,1930
top_ten,svm,bigram,no_origin,12,unith,121,Nielsen,Nov_9_g0,0.957720588235294,0.9620655080213905,0.9217914438502673,0.593607305936073,9,,20,4,8,0,0,5,1,0,6,0,1H,6H,,62,0,True,False,True,False,1930
top_ten,svm,bigram,no_origin,12,unith,121,Nielsen,Nov_9_g0,0.957720588235294,0.9620655080213905,0.9217914438502673,0.593607305936073,9,,20,4,8,0,0,6,1,0,1,1,1H,1S,,62,0,True,False,True,False,1930
top_ten,svm,bigram,no_origin,12,unith,121,Nielsen,Nov_9_g0,0.957720588235294,0.9620655080213905,0.9217914438502673,0.593607305936073,9,9,20,4,8,0,0,7,1,0,2,1,1H,2S,0.034802779149716356,62,20,True,True,True,True,1930
top_ten,svm,bigram,no_origin,12,unith,121,Nielsen,Nov_9_g0,0.957720588235294,0.9620655080213905,0.9217914438502673,0.593607305936073,9,3,20,4,8,0,0,8,1,0,3,1,1H,3S,,62,6,True,True,True,False,1930
top_ten,svm,bigram,no_origin,12,unith,121,Nielsen,Nov_9_g0,0.957720588235294,0.9620655080213905,0.9217914438502673,0.593607305936073,9,9,20,4,8,0,0,9,1,0,4,1,1H,4S,0.06483786653695775,62,39,True,True,True,True,1930
top_ten,svm,bigram,no_origin,12,unith,121,Nielsen,Nov_9_g0,0.957720588235294,0.9620655080213905,0.9217914438502673,0.593607305936073,9,9,20,4,8,0,0,10,1,0,5,1,1H,5S,0.10867417867744664,62,64,True,True,True,True,1930
top_ten,svm,bigram,no_origin,12,unith,121,Nielsen,Nov_9_g0,0.957720588235294,0.9620655080213905,0.9217914438502673,0.593607305936073,9,9,20,4,8,0,0,11,1,0,6,1,1H,6S,0.013302673517968735,62,82,True,True,True,True,1930
top_ten,svm,bigram,no_origin,12,unith,121,Nielsen,Nov_9_g0,0.957720588235294,0.9620655080213905,0.9217914438502673,0.593607305936073,9,9,20,4,8,0,1,0,2,0,1,0,2H,1H,0.08481059644772779,38,62,True,True,True,True,1930
top_ten,svm,bigram,no_origin,12,unith,121,Nielsen,Nov_9_g0,0.957720588235294,0.9620655080213905,0.9217914438502673,0.593607305936073,9,9,20,4,8,0,1,1,2,0,2,0,2H,2H,0.19478158026648285,38,38,True,True,True,True,1930
top_ten,svm,bigram,no_origin,12,unith,121,Nielsen,Nov_9_g0,0.957720588235294,0.9620655080213905,0.9217914438502673,0.593607305936073,9,9,20,4,8,0,1,2,2,0,3,0,2H,3H,0.1587920965186157,38,72,True,True,True,True,1930
top_ten,svm,bigram,no_origin,12,unith,121,Nielsen,Nov_9_g0,0.957720588235294,0.9620655080213905,0.9217914438502673,0.593607305936073,9,9,20,4,8,0,1,3,2,0,4,0,2H,4H,0.19700929614552826,38,34,True,True,True,True,1930
top_ten,svm,bigram,no_origin,12,unith,121,Nielsen,Nov_9_g0,0.957720588235294,0.9620655080213905,0.9217914438502673,0.593607305936073,9,9,20,4,8,0,1,4,2,0,5,0,2H,5H,0.14240437783733273,38,19,True,True,True,True,1930
top_ten,svm,bigram,no_origin,12,unith,121,Nielsen,Nov_9_g0,0.957720588235294,0.9620655080213905,0.9217914438502673,0.593607305936073,9,,20,4,8,0,1,5,2,0,6,0,2H,6H,,38,0,True,False,True,False,1930
top_ten,svm,bigram,no_origin,12,unith,121,Nielsen,Nov_9_g0,0.957720588235294,0.9620655080213905,0.9217914438502673,0.593607305936073,9,,20,4,8,0,1,6,2,0,1,1,2H,1S,,38,0,True,False,True,False,1930
top_ten,svm,bigram,no_origin,12,unith,121,Nielsen,Nov_9_g0,0.957720588235294,0.9620655080213905,0.9217914438502673,0.593607305936073,9,9,20,4,8,0,1,7,2,0,2,1,2H,2S,0.23809251203768964,38,20,True,True,True,True,1930
top_ten,svm,bigram,no_origin,12,unith,121,Nielsen,Nov_9_g0,0.957720588235294,0.9620655080213905,0.9217914438502673,0.593607305936073,9,3,20,4,8,0,1,8,2,0,3,1,2H,3S,,38,6,True,True,True,False,1930
top_ten,svm,bigram,no_origin,12,unith,121,Nielsen,Nov_9_g0,0.957720588235294,0.9620655080213905,0.9217914438502673,0.593607305936073,9,9,20,4,8,0,1,9,2,0,4,1,2H,4S,0.20434397327948486,38,39,True,True,True,True,1930
top_ten,svm,bigram,no_origin,12,unith,121,Nielsen,Nov_9_g0,0.957720588235294,0.9620655080213905,0.9217914438502673,0.593607305936073,9,9,20,4,8,0,1,10,2,0,5,1,2H,5S,0.14242511833282584,38,64,True,True,True,True,1930
top_ten,svm,bigram,no_origin,12,unith,121,Nielsen,Nov_9_g0,0.957720588235294,0.9620655080213905,0.9217914438502673,0.593607305936073,9,9,20,4,8,0,1,11,2,0,6,1,2H,6S,0.18435538867919424,38,82,True,True,True,True,1930
top_ten,svm,bigram,no_origin,12,unith,121,Nielsen,Nov_9_g0,0.957720588235294,0.9620655080213905,0.9217914438502673,0.593607305936073,9,9,20,4,8,0,2,0,3,0,1,0,3H,1H,0.19043922774408975,72,62,True,True,True,True,1930
top_ten,svm,bigram,no_origin,12,unith,121,Nielsen,Nov_9_g0,0.957720588235294,0.9620655080213905,0.9217914438502673,0.593607305936073,9,9,20,4,8,0,2,1,3,0,2,0,3H,2H,0.1587920965186157,72,38,True,True,True,True,1930
top_ten,svm,bigram,no_origin,12,unith,121,Nielsen,Nov_9_g0,0.957720588235294,0.9620655080213905,0.9217914438502673,0.593607305936073,9,9,20,4,8,0,2,2,3,0,3,0,3H,3H,0.15285386515166452,72,72,True,True,True,True,1930
top_ten,svm,bigram,no_origin,12,unith,121,Nielsen,Nov_9_g0,0.957720588235294,0.9620655080213905,0.9217914438502673,0.593607305936073,9,9,20,4,8,0,2,3,3,0,4,0,3H,4H,0.13423104946471295,72,34,True,True,True,True,1930
top_ten,svm,bigram,no_origin,12,unith,121,Nielsen,Nov_9_g0,0.957720588235294,0.9620655080213905,0.9217914438502673,0.593607305936073,9,9,20,4,8,0,2,4,3,0,5,0,3H,5H,0.20578194414412723,72,19,True,True,True,True,1930
top_ten,svm,bigram,no_origin,12,unith,121,Nielsen,Nov_9_g0,0.957720588235294,0.9620655080213905,0.9217914438502673,0.593607305936073,9,,20,4,8,0,2,5,3,0,6,0,3H,6H,,72,0,True,False,True,False,1930
top_ten,svm,bigram,no_origin,12,unith,121,Nielsen,Nov_9_g0,0.957720588235294,0.9620655080213905,0.9217914438502673,0.593607305936073,9,,20,4,8,0,2,6,3,0,1,1,3H,1S,,72,0,True,False,True,False,1930
top_ten,svm,bigram,no_origin,12,unith,121,Nielsen,Nov_9_g0,0.957720588235294,0.9620655080213905,0.9217914438502673,0.593607305936073,9,9,20,4,8,0,2,7,3,0,2,1,3H,2S,0.04871526891974186,72,20,True,True,True,True,1930
top_ten,svm,bigram,no_origin,12,unith,121,Nielsen,Nov_9_g0,0.957720588235294,0.9620655080213905,0.9217914438502673,0.593607305936073,9,3,20,4,8,0,2,8,3,0,3,1,3H,3S,,72,6,True,True,True,False,1930
top_ten,svm,bigram,no_origin,12,unith,121,Nielsen,Nov_9_g0,0.957720588235294,0.9620655080213905,0.9217914438502673,0.593607305936073,9,9,20,4,8,0,2,9,3,0,4,1,3H,4S,0.12203226594662402,72,39,True,True,True,True,1930
top_ten,svm,bigram,no_origin,12,unith,121,Nielsen,Nov_9_g0,0.957720588235294,0.9620655080213905,0.9217914438502673,0.593607305936073,9,9,20,4,8,0,2,10,3,0,5,1,3H,5S,0.17314458350005302,72,64,True,True,True,True,1930
top_ten,svm,bigram,no_origin,12,unith,121,Nielsen,Nov_9_g0,0.957720588235294,0.9620655080213905,0.9217914438502673,0.593607305936073,9,9,20,4,8,0,2,11,3,0,6,1,3H,6S,0.0488009948021213,72,82,True,True,True,True,1930
top_ten,svm,bigram,no_origin,12,unith,121,Nielsen,Nov_9_g0,0.957720588235294,0.9620655080213905,0.9217914438502673,0.593607305936073,9,9,20,4,8,0,3,0,4,0,1,0,4H,1H,0.15993079114566625,34,62,True,True,True,True,1930
top_ten,svm,bigram,no_origin,12,unith,121,Nielsen,Nov_9_g0,0.957720588235294,0.9620655080213905,0.9217914438502673,0.593607305936073,9,9,20,4,8,0,3,1,4,0,2,0,4H,2H,0.19700929614552826,34,38,True,True,True,True,1930
top_ten,svm,bigram,no_origin,12,unith,121,Nielsen,Nov_9_g0,0.957720588235294,0.9620655080213905,0.9217914438502673,0.593607305936073,9,9,20,4,8,0,3,2,4,0,3,0,4H,3H,0.13423104946471295,34,72,True,True,True,True,1930
top_ten,svm,bigram,no_origin,12,unith,121,Nielsen,Nov_9_g0,0.957720588235294,0.9620655080213905,0.9217914438502673,0.593607305936073,9,9,20,4,8,0,3,3,4,0,4,0,4H,4H,0.09704867611618875,34,34,True,True,True,True,1930
top_ten,svm,bigram,no_origin,12,unith,121,Nielsen,Nov_9_g0,0.957720588235294,0.9620655080213905,0.9217914438502673,0.593607305936073,9,9,20,4,8,0,3,4,4,0,5,0,4H,5H,0.08880557066188544,34,19,True,True,True,True,1930
top_ten,svm,bigram,no_origin,12,unith,121,Nielsen,Nov_9_g0,0.957720588235294,0.9620655080213905,0.9217914438502673,0.593607305936073,9,,20,4,8,0,3,5,4,0,6,0,4H,6H,,34,0,True,False,True,False,1930
top_ten,svm,bigram,no_origin,12,unith,121,Nielsen,Nov_9_g0,0.957720588235294,0.9620655080213905,0.9217914438502673,0.593607305936073,9,,20,4,8,0,3,6,4,0,1,1,4H,1S,,34,0,True,False,True,False,1930
top_ten,svm,bigram,no_origin,12,unith,121,Nielsen,Nov_9_g0,0.957720588235294,0.9620655080213905,0.9217914438502673,0.593607305936073,9,9,20,4,8,0,3,7,4,0,2,1,4H,2S,0.1900798151940826,34,20,True,True,True,True,1930
top_ten,svm,bigram,no_origin,12,unith,121,Nielsen,Nov_9_g0,0.957720588235294,0.9620655080213905,0.9217914438502673,0.593607305936073,9,3,20,4,8,0,3,8,4,0,3,1,4H,3S,,34,6,True,True,True,False,1930
top_ten,svm,bigram,no_origin,12,unith,121,Nielsen,Nov_9_g0,0.957720588235294,0.9620655080213905,0.9217914438502673,0.593607305936073,9,9,20,4,8,0,3,9,4,0,4,1,4H,4S,0.10613578865960463,34,39,True,True,True,True,1930
top_ten,svm,bigram,no_origin,12,unith,121,Nielsen,Nov_9_g0,0.957720588235294,0.9620655080213905,0.9217914438502673,0.593607305936073,9,9,20,4,8,0,3,10,4,0,5,1,4H,5S,0.13589920694574043,34,64,True,True,True,True,1930
top_ten,svm,bigram,no_origin,12,unith,121,Nielsen,Nov_9_g0,0.957720588235294,0.9620655080213905,0.9217914438502673,0.593607305936073,9,9,20,4,8,0,3,11,4,0,6,1,4H,6S,0.11871570447109336,34,82,True,True,True,True,1930
top_ten,svm,bigram,no_origin,12,unith,121,Nielsen,Nov_9_g0,0.957720588235294,0.9620655080213905,0.9217914438502673,0.593607305936073,9,9,20,4,8,0,4,0,5,0,1,0,5H,1H,0.06767571360333312,19,62,True,True,True,True,1930
top_ten,svm,bigram,no_origin,12,unith,121,Nielsen,Nov_9_g0,0.957720588235294,0.9620655080213905,0.9217914438502673,0.593607305936073,9,9,20,4,8,0,4,1,5,0,2,0,5H,2H,0.14240437783733273,19,38,True,True,True,True,1930
top_ten,svm,bigram,no_origin,12,unith,121,Nielsen,Nov_9_g0,0.957720588235294,0.9620655080213905,0.9217914438502673,0.593607305936073,9,9,20,4,8,0,4,2,5,0,3,0,5H,3H,0.20578194414412723,19,72,True,True,True,True,1930
top_ten,svm,bigram,no_origin,12,unith,121,Nielsen,Nov_9_g0,0.957720588235294,0.9620655080213905,0.9217914438502673,0.593607305936073,9,9,20,4,8,0,4,3,5,0,4,0,5H,4H,0.08880557066188544,19,34,True,True,True,True,1930
top_ten,svm,bigram,no_origin,12,unith,121,Nielsen,Nov_9_g0,0.957720588235294,0.9620655080213905,0.9217914438502673,0.593607305936073,9,9,20,4,8,0,4,4,5,0,5,0,5H,5H,0.33832520341499855,19,19,True,True,True,True,1930
top_ten,svm,bigram,no_origin,12,unith,121,Nielsen,Nov_9_g0,0.957720588235294,0.9620655080213905,0.9217914438502673,0.593607305936073,9,,20,4,8,0,4,5,5,0,6,0,5H,6H,,19,0,True,False,True,False,1930
top_ten,svm,bigram,no_origin,12,unith,121,Nielsen,Nov_9_g0,0.957720588235294,0.9620655080213905,0.9217914438502673,0.593607305936073,9,,20,4,8,0,4,6,5,0,1,1,5H,1S,,19,0,True,False,True,False,1930
top_ten,svm,bigram,no_origin,12,unith,121,Nielsen,Nov_9_g0,0.957720588235294,0.9620655080213905,0.9217914438502673,0.593607305936073,9,9,20,4,8,0,4,7,5,0,2,1,5H,2S,-0.003454672646605489,19,20,True,True,True,True,1930
top_ten,svm,bigram,no_origin,12,unith,121,Nielsen,Nov_9_g0,0.957720588235294,0.9620655080213905,0.9217914438502673,0.593607305936073,9,3,20,4,8,0,4,8,5,0,3,1,5H,3S,,19,6,True,True,True,False,1930
top_ten,svm,bigram,no_origin,12,unith,121,Nielsen,Nov_9_g0,0.957720588235294,0.9620655080213905,0.9217914438502673,0.593607305936073,9,9,20,4,8,0,4,9,5,0,4,1,5H,4S,0.20008147347146465,19,39,True,True,True,True,1930
top_ten,svm,bigram,no_origin,12,unith,121,Nielsen,Nov_9_g0,0.957720588235294,0.9620655080213905,0.9217914438502673,0.593607305936073,9,9,20,4,8,0,4,10,5,0,5,1,5H,5S,0.24958203417774957,19,64,True,True,True,True,1930
top_ten,svm,bigram,no_origin,12,unith,121,Nielsen,Nov_9_g0,0.957720588235294,0.9620655080213905,0.9217914438502673,0.593607305936073,9,9,20,4,8,0,4,11,5,0,6,1,5H,6S,0.2751590197021282,19,82,True,True,True,True,1930
top_ten,svm,bigram,no_origin,12,unith,121,Nielsen,Nov_9_g0,0.957720588235294,0.9620655080213905,0.9217914438502673,0.593607305936073,,9,20,4,8,0,5,0,6,0,1,0,6H,1H,,0,62,False,True,False,True,1930
top_ten,svm,bigram,no_origin,12,unith,121,Nielsen,Nov_9_g0,0.957720588235294,0.9620655080213905,0.9217914438502673,0.593607305936073,,9,20,4,8,0,5,1,6,0,2,0,6H,2H,,0,38,False,True,False,True,1930
top_ten,svm,bigram,no_origin,12,unith,121,Nielsen,Nov_9_g0,0.957720588235294,0.9620655080213905,0.9217914438502673,0.593607305936073,,9,20,4,8,0,5,2,6,0,3,0,6H,3H,,0,72,False,True,False,True,1930
top_ten,svm,bigram,no_origin,12,unith,121,Nielsen,Nov_9_g0,0.957720588235294,0.9620655080213905,0.9217914438502673,0.593607305936073,,9,20,4,8,0,5,3,6,0,4,0,6H,4H,,0,34,False,True,False,True,1930
top_ten,svm,bigram,no_origin,12,unith,121,Nielsen,Nov_9_g0,0.957720588235294,0.9620655080213905,0.9217914438502673,0.593607305936073,,9,20,4,8,0,5,4,6,0,5,0,6H,5H,,0,19,False,True,False,True,1930
top_ten,svm,bigram,no_origin,12,unith,121,Nielsen,Nov_9_g0,0.957720588235294,0.9620655080213905,0.9217914438502673,0.593607305936073,,,20,4,8,0,5,5,6,0,6,0,6H,6H,,0,0,False,False,False,False,1930
top_ten,svm,bigram,no_origin,12,unith,121,Nielsen,Nov_9_g0,0.957720588235294,0.9620655080213905,0.9217914438502673,0.593607305936073,,,20,4,8,0,5,6,6,0,1,1,6H,1S,,0,0,False,False,False,False,1930
top_ten,svm,bigram,no_origin,12,unith,121,Nielsen,Nov_9_g0,0.957720588235294,0.9620655080213905,0.9217914438502673,0.593607305936073,,9,20,4,8,0,5,7,6,0,2,1,6H,2S,,0,20,False,True,False,True,1930
top_ten,svm,bigram,no_origin,12,unith,121,Nielsen,Nov_9_g0,0.957720588235294,0.9620655080213905,0.9217914438502673,0.593607305936073,,3,20,4,8,0,5,8,6,0,3,1,6H,3S,,0,6,False,True,False,False,1930
top_ten,svm,bigram,no_origin,12,unith,121,Nielsen,Nov_9_g0,0.957720588235294,0.9620655080213905,0.9217914438502673,0.593607305936073,,9,20,4,8,0,5,9,6,0,4,1,6H,4S,,0,39,False,True,False,True,1930
top_ten,svm,bigram,no_origin,12,unith,121,Nielsen,Nov_9_g0,0.957720588235294,0.9620655080213905,0.9217914438502673,0.593607305936073,,9,20,4,8,0,5,10,6,0,5,1,6H,5S,,0,64,False,True,False,True,1930
top_ten,svm,bigram,no_origin,12,unith,121,Nielsen,Nov_9_g0,0.957720588235294,0.9620655080213905,0.9217914438502673,0.593607305936073,,9,20,4,8,0,5,11,6,0,6,1,6H,6S,,0,82,False,True,False,True,1930
top_ten,svm,bigram,no_origin,12,unith,121,Nielsen,Nov_9_g0,0.957720588235294,0.9620655080213905,0.9217914438502673,0.593607305936073,,9,20,4,8,0,6,0,1,1,1,0,1S,1H,,0,62,False,True,False,True,1930
top_ten,svm,bigram,no_origin,12,unith,121,Nielsen,Nov_9_g0,0.957720588235294,0.9620655080213905,0.9217914438502673,0.593607305936073,,9,20,4,8,0,6,1,1,1,2,0,1S,2H,,0,38,False,True,False,True,1930
top_ten,svm,bigram,no_origin,12,unith,121,Nielsen,Nov_9_g0,0.957720588235294,0.9620655080213905,0.9217914438502673,0.593607305936073,,9,20,4,8,0,6,2,1,1,3,0,1S,3H,,0,72,False,True,False,True,1930
top_ten,svm,bigram,no_origin,12,unith,121,Nielsen,Nov_9_g0,0.957720588235294,0.9620655080213905,0.9217914438502673,0.593607305936073,,9,20,4,8,0,6,3,1,1,4,0,1S,4H,,0,34,False,True,False,True,1930
top_ten,svm,bigram,no_origin,12,unith,121,Nielsen,Nov_9_g0,0.957720588235294,0.9620655080213905,0.9217914438502673,0.593607305936073,,9,20,4,8,0,6,4,1,1,5,0,1S,5H,,0,19,False,True,False,True,1930
top_ten,svm,bigram,no_origin,12,unith,121,Nielsen,Nov_9_g0,0.957720588235294,0.9620655080213905,0.9217914438502673,0.593607305936073,,,20,4,8,0,6,5,1,1,6,0,1S,6H,,0,0,False,False,False,False,1930
top_ten,svm,bigram,no_origin,12,unith,121,Nielsen,Nov_9_g0,0.957720588235294,0.9620655080213905,0.9217914438502673,0.593607305936073,,,20,4,8,0,6,6,1,1,1,1,1S,1S,,0,0,False,False,False,False,1930
top_ten,svm,bigram,no_origin,12,unith,121,Nielsen,Nov_9_g0,0.957720588235294,0.9620655080213905,0.9217914438502673,0.593607305936073,,9,20,4,8,0,6,7,1,1,2,1,1S,2S,,0,20,False,True,False,True,1930
top_ten,svm,bigram,no_origin,12,unith,121,Nielsen,Nov_9_g0,0.957720588235294,0.9620655080213905,0.9217914438502673,0.593607305936073,,3,20,4,8,0,6,8,1,1,3,1,1S,3S,,0,6,False,True,False,False,1930
top_ten,svm,bigram,no_origin,12,unith,121,Nielsen,Nov_9_g0,0.957720588235294,0.9620655080213905,0.9217914438502673,0.593607305936073,,9,20,4,8,0,6,9,1,1,4,1,1S,4S,,0,39,False,True,False,True,1930
top_ten,svm,bigram,no_origin,12,unith,121,Nielsen,Nov_9_g0,0.957720588235294,0.9620655080213905,0.9217914438502673,0.593607305936073,,9,20,4,8,0,6,10,1,1,5,1,1S,5S,,0,64,False,True,False,True,1930
top_ten,svm,bigram,no_origin,12,unith,121,Nielsen,Nov_9_g0,0.957720588235294,0.9620655080213905,0.9217914438502673,0.593607305936073,,9,20,4,8,0,6,11,1,1,6,1,1S,6S,,0,82,False,True,False,True,1930
top_ten,svm,bigram,no_origin,12,unith,121,Nielsen,Nov_9_g0,0.957720588235294,0.9620655080213905,0.9217914438502673,0.593607305936073,9,9,20,4,8,0,7,0,2,1,1,0,2S,1H,0.034802779149716356,20,62,True,True,True,True,1930
top_ten,svm,bigram,no_origin,12,unith,121,Nielsen,Nov_9_g0,0.957720588235294,0.9620655080213905,0.9217914438502673,0.593607305936073,9,9,20,4,8,0,7,1,2,1,2,0,2S,2H,0.23809251203768964,20,38,True,True,True,True,1930
top_ten,svm,bigram,no_origin,12,unith,121,Nielsen,Nov_9_g0,0.957720588235294,0.9620655080213905,0.9217914438502673,0.593607305936073,9,9,20,4,8,0,7,2,2,1,3,0,2S,3H,0.04871526891974186,20,72,True,True,True,True,1930
top_ten,svm,bigram,no_origin,12,unith,121,Nielsen,Nov_9_g0,0.957720588235294,0.9620655080213905,0.9217914438502673,0.593607305936073,9,9,20,4,8,0,7,3,2,1,4,0,2S,4H,0.1900798151940826,20,34,True,True,True,True,1930
top_ten,svm,bigram,no_origin,12,unith,121,Nielsen,Nov_9_g0,0.957720588235294,0.9620655080213905,0.9217914438502673,0.593607305936073,9,9,20,4,8,0,7,4,2,1,5,0,2S,5H,-0.003454672646605489,20,19,True,True,True,True,1930
top_ten,svm,bigram,no_origin,12,unith,121,Nielsen,Nov_9_g0,0.957720588235294,0.9620655080213905,0.9217914438502673,0.593607305936073,9,,20,4,8,0,7,5,2,1,6,0,2S,6H,,20,0,True,False,True,False,1930
top_ten,svm,bigram,no_origin,12,unith,121,Nielsen,Nov_9_g0,0.957720588235294,0.9620655080213905,0.9217914438502673,0.593607305936073,9,,20,4,8,0,7,6,2,1,1,1,2S,1S,,20,0,True,False,True,False,1930
top_ten,svm,bigram,no_origin,12,unith,121,Nielsen,Nov_9_g0,0.957720588235294,0.9620655080213905,0.9217914438502673,0.593607305936073,9,9,20,4,8,0,7,7,2,1,2,1,2S,2S,0.17255454663295883,20,20,True,True,True,True,1930
top_ten,svm,bigram,no_origin,12,unith,121,Nielsen,Nov_9_g0,0.957720588235294,0.9620655080213905,0.9217914438502673,0.593607305936073,9,3,20,4,8,0,7,8,2,1,3,1,2S,3S,,20,6,True,True,True,False,1930
top_ten,svm,bigram,no_origin,12,unith,121,Nielsen,Nov_9_g0,0.957720588235294,0.9620655080213905,0.9217914438502673,0.593607305936073,9,9,20,4,8,0,7,9,2,1,4,1,2S,4S,0.12375509585922768,20,39,True,True,True,True,1930
top_ten,svm,bigram,no_origin,12,unith,121,Nielsen,Nov_9_g0,0.957720588235294,0.9620655080213905,0.9217914438502673,0.593607305936073,9,9,20,4,8,0,7,10,2,1,5,1,2S,5S,0.07125609442608019,20,64,True,True,True,True,1930
top_ten,svm,bigram,no_origin,12,unith,121,Nielsen,Nov_9_g0,0.957720588235294,0.9620655080213905,0.9217914438502673,0.593607305936073,9,9,20,4,8,0,7,11,2,1,6,1,2S,6S,0.11173935556246176,20,82,True,True,True,True,1930
top_ten,svm,bigram,no_origin,12,unith,121,Nielsen,Nov_9_g0,0.957720588235294,0.9620655080213905,0.9217914438502673,0.593607305936073,3,9,20,4,8,0,8,0,3,1,1,0,3S,1H,,6,62,True,True,False,True,1930
top_ten,svm,bigram,no_origin,12,unith,121,Nielsen,Nov_9_g0,0.957720588235294,0.9620655080213905,0.9217914438502673,0.593607305936073,3,9,20,4,8,0,8,1,3,1,2,0,3S,2H,,6,38,True,True,False,True,1930
top_ten,svm,bigram,no_origin,12,unith,121,Nielsen,Nov_9_g0,0.957720588235294,0.9620655080213905,0.9217914438502673,0.593607305936073,3,9,20,4,8,0,8,2,3,1,3,0,3S,3H,,6,72,True,True,False,True,1930
top_ten,svm,bigram,no_origin,12,unith,121,Nielsen,Nov_9_g0,0.957720588235294,0.9620655080213905,0.9217914438502673,0.593607305936073,3,9,20,4,8,0,8,3,3,1,4,0,3S,4H,,6,34,True,True,False,True,1930
top_ten,svm,bigram,no_origin,12,unith,121,Nielsen,Nov_9_g0,0.957720588235294,0.9620655080213905,0.9217914438502673,0.593607305936073,3,9,20,4,8,0,8,4,3,1,5,0,3S,5H,,6,19,True,True,False,True,1930
top_ten,svm,bigram,no_origin,12,unith,121,Nielsen,Nov_9_g0,0.957720588235294,0.9620655080213905,0.9217914438502673,0.593607305936073,3,,20,4,8,0,8,5,3,1,6,0,3S,6H,,6,0,True,False,False,False,1930
top_ten,svm,bigram,no_origin,12,unith,121,Nielsen,Nov_9_g0,0.957720588235294,0.9620655080213905,0.9217914438502673,0.593607305936073,3,,20,4,8,0,8,6,3,1,1,1,3S,1S,,6,0,True,False,False,False,1930
top_ten,svm,bigram,no_origin,12,unith,121,Nielsen,Nov_9_g0,0.957720588235294,0.9620655080213905,0.9217914438502673,0.593607305936073,3,9,20,4,8,0,8,7,3,1,2,1,3S,2S,,6,20,True,True,False,True,1930
top_ten,svm,bigram,no_origin,12,unith,121,Nielsen,Nov_9_g0,0.957720588235294,0.9620655080213905,0.9217914438502673,0.593607305936073,3,3,20,4,8,0,8,8,3,1,3,1,3S,3S,,6,6,True,True,False,False,1930
top_ten,svm,bigram,no_origin,12,unith,121,Nielsen,Nov_9_g0,0.957720588235294,0.9620655080213905,0.9217914438502673,0.593607305936073,3,9,20,4,8,0,8,9,3,1,4,1,3S,4S,,6,39,True,True,False,True,1930
top_ten,svm,bigram,no_origin,12,unith,121,Nielsen,Nov_9_g0,0.957720588235294,0.9620655080213905,0.9217914438502673,0.593607305936073,3,9,20,4,8,0,8,10,3,1,5,1,3S,5S,,6,64,True,True,False,True,1930
top_ten,svm,bigram,no_origin,12,unith,121,Nielsen,Nov_9_g0,0.957720588235294,0.9620655080213905,0.9217914438502673,0.593607305936073,3,9,20,4,8,0,8,11,3,1,6,1,3S,6S,,6,82,True,True,False,True,1930
top_ten,svm,bigram,no_origin,12,unith,121,Nielsen,Nov_9_g0,0.957720588235294,0.9620655080213905,0.9217914438502673,0.593607305936073,9,9,20,4,8,0,9,0,4,1,1,0,4S,1H,0.06483786653695775,39,62,True,True,True,True,1930
top_ten,svm,bigram,no_origin,12,unith,121,Nielsen,Nov_9_g0,0.957720588235294,0.9620655080213905,0.9217914438502673,0.593607305936073,9,9,20,4,8,0,9,1,4,1,2,0,4S,2H,0.20434397327948486,39,38,True,True,True,True,1930
top_ten,svm,bigram,no_origin,12,unith,121,Nielsen,Nov_9_g0,0.957720588235294,0.9620655080213905,0.9217914438502673,0.593607305936073,9,9,20,4,8,0,9,2,4,1,3,0,4S,3H,0.12203226594662402,39,72,True,True,True,True,1930
top_ten,svm,bigram,no_origin,12,unith,121,Nielsen,Nov_9_g0,0.957720588235294,0.9620655080213905,0.9217914438502673,0.593607305936073,9,9,20,4,8,0,9,3,4,1,4,0,4S,4H,0.10613578865960463,39,34,True,True,True,True,1930
top_ten,svm,bigram,no_origin,12,unith,121,Nielsen,Nov_9_g0,0.957720588235294,0.9620655080213905,0.9217914438502673,0.593607305936073,9,9,20,4,8,0,9,4,4,1,5,0,4S,5H,0.20008147347146465,39,19,True,True,True,True,1930
top_ten,svm,bigram,no_origin,12,unith,121,Nielsen,Nov_9_g0,0.957720588235294,0.9620655080213905,0.9217914438502673,0.593607305936073,9,,20,4,8,0,9,5,4,1,6,0,4S,6H,,39,0,True,False,True,False,1930
top_ten,svm,bigram,no_origin,12,unith,121,Nielsen,Nov_9_g0,0.957720588235294,0.9620655080213905,0.9217914438502673,0.593607305936073,9,,20,4,8,0,9,6,4,1,1,1,4S,1S,,39,0,True,False,True,False,1930
top_ten,svm,bigram,no_origin,12,unith,121,Nielsen,Nov_9_g0,0.957720588235294,0.9620655080213905,0.9217914438502673,0.593607305936073,9,9,20,4,8,0,9,7,4,1,2,1,4S,2S,0.12375509585922768,39,20,True,True,True,True,1930
top_ten,svm,bigram,no_origin,12,unith,121,Nielsen,Nov_9_g0,0.957720588235294,0.9620655080213905,0.9217914438502673,0.593607305936073,9,3,20,4,8,0,9,8,4,1,3,1,4S,3S,,39,6,True,True,True,False,1930
top_ten,svm,bigram,no_origin,12,unith,121,Nielsen,Nov_9_g0,0.957720588235294,0.9620655080213905,0.9217914438502673,0.593607305936073,9,9,20,4,8,0,9,9,4,1,4,1,4S,4S,0.23725091629110834,39,39,True,True,True,True,1930
top_ten,svm,bigram,no_origin,12,unith,121,Nielsen,Nov_9_g0,0.957720588235294,0.9620655080213905,0.9217914438502673,0.593607305936073,9,9,20,4,8,0,9,10,4,1,5,1,4S,5S,0.2499966639447085,39,64,True,True,True,True,1930
top_ten,svm,bigram,no_origin,12,unith,121,Nielsen,Nov_9_g0,0.957720588235294,0.9620655080213905,0.9217914438502673,0.593607305936073,9,9,20,4,8,0,9,11,4,1,6,1,4S,6S,0.40145114251037023,39,82,True,True,True,True,1930
top_ten,svm,bigram,no_origin,12,unith,121,Nielsen,Nov_9_g0,0.957720588235294,0.9620655080213905,0.9217914438502673,0.593607305936073,9,9,20,4,8,0,10,0,5,1,1,0,5S,1H,0.10867417867744664,64,62,True,True,True,True,1930
top_ten,svm,bigram,no_origin,12,unith,121,Nielsen,Nov_9_g0,0.957720588235294,0.9620655080213905,0.9217914438502673,0.593607305936073,9,9,20,4,8,0,10,1,5,1,2,0,5S,2H,0.14242511833282584,64,38,True,True,True,True,1930
top_ten,svm,bigram,no_origin,12,unith,121,Nielsen,Nov_9_g0,0.957720588235294,0.9620655080213905,0.9217914438502673,0.593607305936073,9,9,20,4,8,0,10,2,5,1,3,0,5S,3H,0.17314458350005302,64,72,True,True,True,True,1930
top_ten,svm,bigram,no_origin,12,unith,121,Nielsen,Nov_9_g0,0.957720588235294,0.9620655080213905,0.9217914438502673,0.593607305936073,9,9,20,4,8,0,10,3,5,1,4,0,5S,4H,0.13589920694574043,64,34,True,True,True,True,1930
top_ten,svm,bigram,no_origin,12,unith,121,Nielsen,Nov_9_g0,0.957720588235294,0.9620655080213905,0.9217914438502673,0.593607305936073,9,9,20,4,8,0,10,4,5,1,5,0,5S,5H,0.24958203417774957,64,19,True,True,True,True,1930
top_ten,svm,bigram,no_origin,12,unith,121,Nielsen,Nov_9_g0,0.957720588235294,0.9620655080213905,0.9217914438502673,0.593607305936073,9,,20,4,8,0,10,5,5,1,6,0,5S,6H,,64,0,True,False,True,False,1930
top_ten,svm,bigram,no_origin,12,unith,121,Nielsen,Nov_9_g0,0.957720588235294,0.9620655080213905,0.9217914438502673,0.593607305936073,9,,20,4,8,0,10,6,5,1,1,1,5S,1S,,64,0,True,False,True,False,1930
top_ten,svm,bigram,no_origin,12,unith,121,Nielsen,Nov_9_g0,0.957720588235294,0.9620655080213905,0.9217914438502673,0.593607305936073,9,9,20,4,8,0,10,7,5,1,2,1,5S,2S,0.07125609442608019,64,20,True,True,True,True,1930
top_ten,svm,bigram,no_origin,12,unith,121,Nielsen,Nov_9_g0,0.957720588235294,0.9620655080213905,0.9217914438502673,0.593607305936073,9,3,20,4,8,0,10,8,5,1,3,1,5S,3S,,64,6,True,True,True,False,1930
top_ten,svm,bigram,no_origin,12,unith,121,Nielsen,Nov_9_g0,0.957720588235294,0.9620655080213905,0.9217914438502673,0.593607305936073,9,9,20,4,8,0,10,9,5,1,4,1,5S,4S,0.2499966639447085,64,39,True,True,True,True,1930
top_ten,svm,bigram,no_origin,12,unith,121,Nielsen,Nov_9_g0,0.957720588235294,0.9620655080213905,0.9217914438502673,0.593607305936073,9,9,20,4,8,0,10,10,5,1,5,1,5S,5S,0.2057208914079709,64,64,True,True,True,True,1930
top_ten,svm,bigram,no_origin,12,unith,121,Nielsen,Nov_9_g0,0.957720588235294,0.9620655080213905,0.9217914438502673,0.593607305936073,9,9,20,4,8,0,10,11,5,1,6,1,5S,6S,0.2039780152202207,64,82,True,True,True,True,1930
top_ten,svm,bigram,no_origin,12,unith,121,Nielsen,Nov_9_g0,0.957720588235294,0.9620655080213905,0.9217914438502673,0.593607305936073,9,9,20,4,8,0,11,0,6,1,1,0,6S,1H,0.013302673517968735,82,62,True,True,True,True,1930
top_ten,svm,bigram,no_origin,12,unith,121,Nielsen,Nov_9_g0,0.957720588235294,0.9620655080213905,0.9217914438502673,0.593607305936073,9,9,20,4,8,0,11,1,6,1,2,0,6S,2H,0.18435538867919424,82,38,True,True,True,True,1930
top_ten,svm,bigram,no_origin,12,unith,121,Nielsen,Nov_9_g0,0.957720588235294,0.9620655080213905,0.9217914438502673,0.593607305936073,9,9,20,4,8,0,11,2,6,1,3,0,6S,3H,0.0488009948021213,82,72,True,True,True,True,1930
top_ten,svm,bigram,no_origin,12,unith,121,Nielsen,Nov_9_g0,0.957720588235294,0.9620655080213905,0.9217914438502673,0.593607305936073,9,9,20,4,8,0,11,3,6,1,4,0,6S,4H,0.11871570447109336,82,34,True,True,True,True,1930
top_ten,svm,bigram,no_origin,12,unith,121,Nielsen,Nov_9_g0,0.957720588235294,0.9620655080213905,0.9217914438502673,0.593607305936073,9,9,20,4,8,0,11,4,6,1,5,0,6S,5H,0.2751590197021282,82,19,True,True,True,True,1930
top_ten,svm,bigram,no_origin,12,unith,121,Nielsen,Nov_9_g0,0.957720588235294,0.9620655080213905,0.9217914438502673,0.593607305936073,9,,20,4,8,0,11,5,6,1,6,0,6S,6H,,82,0,True,False,True,False,1930
top_ten,svm,bigram,no_origin,12,unith,121,Nielsen,Nov_9_g0,0.957720588235294,0.9620655080213905,0.9217914438502673,0.593607305936073,9,,20,4,8,0,11,6,6,1,1,1,6S,1S,,82,0,True,False,True,False,1930
top_ten,svm,bigram,no_origin,12,unith,121,Nielsen,Nov_9_g0,0.957720588235294,0.9620655080213905,0.9217914438502673,0.593607305936073,9,9,20,4,8,0,11,7,6,1,2,1,6S,2S,0.11173935556246176,82,20,True,True,True,True,1930
top_ten,svm,bigram,no_origin,12,unith,121,Nielsen,Nov_9_g0,0.957720588235294,0.9620655080213905,0.9217914438502673,0.593607305936073,9,3,20,4,8,0,11,8,6,1,3,1,6S,3S,,82,6,True,True,True,False,1930
top_ten,svm,bigram,no_origin,12,unith,121,Nielsen,Nov_9_g0,0.957720588235294,0.9620655080213905,0.9217914438502673,0.593607305936073,9,9,20,4,8,0,11,9,6,1,4,1,6S,4S,0.40145114251037023,82,39,True,True,True,True,1930
top_ten,svm,bigram,no_origin,12,unith,121,Nielsen,Nov_9_g0,0.957720588235294,0.9620655080213905,0.9217914438502673,0.593607305936073,9,9,20,4,8,0,11,10,6,1,5,1,6S,5S,0.2039780152202207,82,64,True,True,True,True,1930
top_ten,svm,bigram,no_origin,12,unith,121,Nielsen,Nov_9_g0,0.957720588235294,0.9620655080213905,0.9217914438502673,0.593607305936073,9,9,20,4,8,0,11,11,6,1,6,1,6S,6S,0.5029386667521002,82,82,True,True,True,True,1930
top_ten,svm,bigram,no_origin,12,unith,121,Nielsen,Oct_21_g0,0.990039008080245,0.9988854834215659,0.976177208135971,0.6844106463878327,4,4,20,4,8,0,0,0,1,0,1,0,1H,1H,0.02058288193684507,72,72,True,True,True,True,1930
top_ten,svm,bigram,no_origin,12,unith,121,Nielsen,Oct_21_g0,0.990039008080245,0.9988854834215659,0.976177208135971,0.6844106463878327,4,4,20,4,8,0,0,1,1,0,2,0,1H,2H,0.06012939922867175,72,55,True,True,True,True,1930
top_ten,svm,bigram,no_origin,12,unith,121,Nielsen,Oct_21_g0,0.990039008080245,0.9988854834215659,0.976177208135971,0.6844106463878327,4,4,20,4,8,0,0,2,1,0,3,0,1H,3H,0.04832221603408321,72,86,True,True,True,True,1930
top_ten,svm,bigram,no_origin,12,unith,121,Nielsen,Oct_21_g0,0.990039008080245,0.9988854834215659,0.976177208135971,0.6844106463878327,4,4,20,4,8,0,0,3,1,0,4,0,1H,4H,0.14085832277692786,72,28,True,True,True,True,1930
top_ten,svm,bigram,no_origin,12,unith,121,Nielsen,Oct_21_g0,0.990039008080245,0.9988854834215659,0.976177208135971,0.6844106463878327,4,4,20,4,8,0,0,4,1,0,5,0,1H,5H,0.06136029329770175,72,16,True,True,True,True,1930
top_ten,svm,bigram,no_origin,12,unith,121,Nielsen,Oct_21_g0,0.990039008080245,0.9988854834215659,0.976177208135971,0.6844106463878327,4,,20,4,8,0,0,5,1,0,6,0,1H,6H,,72,0,True,False,True,False,1930
top_ten,svm,bigram,no_origin,12,unith,121,Nielsen,Oct_21_g0,0.990039008080245,0.9988854834215659,0.976177208135971,0.6844106463878327,4,,20,4,8,0,0,6,1,0,1,1,1H,1S,,72,0,True,False,True,False,1930
top_ten,svm,bigram,no_origin,12,unith,121,Nielsen,Oct_21_g0,0.990039008080245,0.9988854834215659,0.976177208135971,0.6844106463878327,4,4,20,4,8,0,0,7,1,0,2,1,1H,2S,0.0982897265522512,72,11,True,True,True,True,1930
top_ten,svm,bigram,no_origin,12,unith,121,Nielsen,Oct_21_g0,0.990039008080245,0.9988854834215659,0.976177208135971,0.6844106463878327,4,4,20,4,8,0,0,8,1,0,3,1,1H,3S,0.07761321642218524,72,8,True,True,True,True,1930
top_ten,svm,bigram,no_origin,12,unith,121,Nielsen,Oct_21_g0,0.990039008080245,0.9988854834215659,0.976177208135971,0.6844106463878327,4,4,20,4,8,0,0,9,1,0,4,1,1H,4S,0.058065356614600855,72,59,True,True,True,True,1930
top_ten,svm,bigram,no_origin,12,unith,121,Nielsen,Oct_21_g0,0.990039008080245,0.9988854834215659,0.976177208135971,0.6844106463878327,4,4,20,4,8,0,0,10,1,0,5,1,1H,5S,0.08033280900259009,72,87,True,True,True,True,1930
top_ten,svm,bigram,no_origin,12,unith,121,Nielsen,Oct_21_g0,0.990039008080245,0.9988854834215659,0.976177208135971,0.6844106463878327,4,4,20,4,8,0,0,11,1,0,6,1,1H,6S,0.13300470647859675,72,95,True,True,True,True,1930
top_ten,svm,bigram,no_origin,12,unith,121,Nielsen,Oct_21_g0,0.990039008080245,0.9988854834215659,0.976177208135971,0.6844106463878327,4,4,20,4,8,0,1,0,2,0,1,0,2H,1H,0.06012939922867175,55,72,True,True,True,True,1930
top_ten,svm,bigram,no_origin,12,unith,121,Nielsen,Oct_21_g0,0.990039008080245,0.9988854834215659,0.976177208135971,0.6844106463878327,4,4,20,4,8,0,1,1,2,0,2,0,2H,2H,0.12831742532400586,55,55,True,True,True,True,1930
top_ten,svm,bigram,no_origin,12,unith,121,Nielsen,Oct_21_g0,0.990039008080245,0.9988854834215659,0.976177208135971,0.6844106463878327,4,4,20,4,8,0,1,2,2,0,3,0,2H,3H,0.01868059241585111,55,86,True,True,True,True,1930
top_ten,svm,bigram,no_origin,12,unith,121,Nielsen,Oct_21_g0,0.990039008080245,0.9988854834215659,0.976177208135971,0.6844106463878327,4,4,20,4,8,0,1,3,2,0,4,0,2H,4H,0.13485478253542743,55,28,True,True,True,True,1930
top_ten,svm,bigram,no_origin,12,unith,121,Nielsen,Oct_21_g0,0.990039008080245,0.9988854834215659,0.976177208135971,0.6844106463878327,4,4,20,4,8,0,1,4,2,0,5,0,2H,5H,0.03160114603917197,55,16,True,True,True,True,1930
top_ten,svm,bigram,no_origin,12,unith,121,Nielsen,Oct_21_g0,0.990039008080245,0.9988854834215659,0.976177208135971,0.6844106463878327,4,,20,4,8,0,1,5,2,0,6,0,2H,6H,,55,0,True,False,True,False,1930
top_ten,svm,bigram,no_origin,12,unith,121,Nielsen,Oct_21_g0,0.990039008080245,0.9988854834215659,0.976177208135971,0.6844106463878327,4,,20,4,8,0,1,6,2,0,1,1,2H,1S,,55,0,True,False,True,False,1930
top_ten,svm,bigram,no_origin,12,unith,121,Nielsen,Oct_21_g0,0.990039008080245,0.9988854834215659,0.976177208135971,0.6844106463878327,4,4,20,4,8,0,1,7,2,0,2,1,2H,2S,0.08323179657584609,55,11,True,True,True,True,1930
top_ten,svm,bigram,no_origin,12,unith,121,Nielsen,Oct_21_g0,0.990039008080245,0.9988854834215659,0.976177208135971,0.6844106463878327,4,4,20,4,8,0,1,8,2,0,3,1,2H,3S,0.11264672354308643,55,8,True,True,True,True,1930
top_ten,svm,bigram,no_origin,12,unith,121,Nielsen,Oct_21_g0,0.990039008080245,0.9988854834215659,0.976177208135971,0.6844106463878327,4,4,20,4,8,0,1,9,2,0,4,1,2H,4S,0.013937226447566368,55,59,True,True,True,True,1930
top_ten,svm,bigram,no_origin,12,unith,121,Nielsen,Oct_21_g0,0.990039008080245,0.9988854834215659,0.976177208135971,0.6844106463878327,4,4,20,4,8,0,1,10,2,0,5,1,2H,5S,0.08314263823616082,55,87,True,True,True,True,1930
top_ten,svm,bigram,no_origin,12,unith,121,Nielsen,Oct_21_g0,0.990039008080245,0.9988854834215659,0.976177208135971,0.6844106463878327,4,4,20,4,8,0,1,11,2,0,6,1,2H,6S,0.1103743929369726,55,95,True,True,True,True,1930
top_ten,svm,bigram,no_origin,12,unith,121,Nielsen,Oct_21_g0,0.990039008080245,0.9988854834215659,0.976177208135971,0.6844106463878327,4,4,20,4,8,0,2,0,3,0,1,0,3H,1H,0.04832221603408321,86,72,True,True,True,True,1930
top_ten,svm,bigram,no_origin,12,unith,121,Nielsen,Oct_21_g0,0.990039008080245,0.9988854834215659,0.976177208135971,0.6844106463878327,4,4,20,4,8,0,2,1,3,0,2,0,3H,2H,0.01868059241585111,86,55,True,True,True,True,1930
top_ten,svm,bigram,no_origin,12,unith,121,Nielsen,Oct_21_g0,0.990039008080245,0.9988854834215659,0.976177208135971,0.6844106463878327,4,4,20,4,8,0,2,2,3,0,3,0,3H,3H,0.07830394560616402,86,86,True,True,True,True,1930
top_ten,svm,bigram,no_origin,12,unith,121,Nielsen,Oct_21_g0,0.990039008080245,0.9988854834215659,0.976177208135971,0.6844106463878327,4,4,20,4,8,0,2,3,3,0,4,0,3H,4H,0.058983051433641145,86,28,True,True,True,True,1930
top_ten,svm,bigram,no_origin,12,unith,121,Nielsen,Oct_21_g0,0.990039008080245,0.9988854834215659,0.976177208135971,0.6844106463878327,4,4,20,4,8,0,2,4,3,0,5,0,3H,5H,0.1298442684618268,86,16,True,True,True,True,1930
top_ten,svm,bigram,no_origin,12,unith,121,Nielsen,Oct_21_g0,0.990039008080245,0.9988854834215659,0.976177208135971,0.6844106463878327,4,,20,4,8,0,2,5,3,0,6,0,3H,6H,,86,0,True,False,True,False,1930
top_ten,svm,bigram,no_origin,12,unith,121,Nielsen,Oct_21_g0,0.990039008080245,0.9988854834215659,0.976177208135971,0.6844106463878327,4,,20,4,8,0,2,6,3,0,1,1,3H,1S,,86,0,True,False,True,False,1930
top_ten,svm,bigram,no_origin,12,unith,121,Nielsen,Oct_21_g0,0.990039008080245,0.9988854834215659,0.976177208135971,0.6844106463878327,4,4,20,4,8,0,2,7,3,0,2,1,3H,2S,0.09594582987082259,86,11,True,True,True,True,1930
top_ten,svm,bigram,no_origin,12,unith,121,Nielsen,Oct_21_g0,0.990039008080245,0.9988854834215659,0.976177208135971,0.6844106463878327,4,4,20,4,8,0,2,8,3,0,3,1,3H,3S,0.1007311042415567,86,8,True,True,True,True,1930
top_ten,svm,bigram,no_origin,12,unith,121,Nielsen,Oct_21_g0,0.990039008080245,0.9988854834215659,0.976177208135971,0.6844106463878327,4,4,20,4,8,0,2,9,3,0,4,1,3H,4S,0.045943800082919005,86,59,True,True,True,True,1930
top_ten,svm,bigram,no_origin,12,unith,121,Nielsen,Oct_21_g0,0.990039008080245,0.9988854834215659,0.976177208135971,0.6844106463878327,4,4,20,4,8,0,2,10,3,0,5,1,3H,5S,0.06766681106333461,86,87,True,True,True,True,1930
top_ten,svm,bigram,no_origin,12,unith,121,Nielsen,Oct_21_g0,0.990039008080245,0.9988854834215659,0.976177208135971,0.6844106463878327,4,4,20,4,8,0,2,11,3,0,6,1,3H,6S,0.017683671568817415,86,95,True,True,True,True,1930
top_ten,svm,bigram,no_origin,12,unith,121,Nielsen,Oct_21_g0,0.990039008080245,0.9988854834215659,0.976177208135971,0.6844106463878327,4,4,20,4,8,0,3,0,4,0,1,0,4H,1H,0.14085832277692786,28,72,True,True,True,True,1930
top_ten,svm,bigram,no_origin,12,unith,121,Nielsen,Oct_21_g0,0.990039008080245,0.9988854834215659,0.976177208135971,0.6844106463878327,4,4,20,4,8,0,3,1,4,0,2,0,4H,2H,0.13485478253542743,28,55,True,True,True,True,1930
top_ten,svm,bigram,no_origin,12,unith,121,Nielsen,Oct_21_g0,0.990039008080245,0.9988854834215659,0.976177208135971,0.6844106463878327,4,4,20,4,8,0,3,2,4,0,3,0,4H,3H,0.058983051433641145,28,86,True,True,True,True,1930
top_ten,svm,bigram,no_origin,12,unith,121,Nielsen,Oct_21_g0,0.990039008080245,0.9988854834215659,0.976177208135971,0.6844106463878327,4,4,20,4,8,0,3,3,4,0,4,0,4H,4H,0.21133678513075263,28,28,True,True,True,True,1930
top_ten,svm,bigram,no_origin,12,unith,121,Nielsen,Oct_21_g0,0.990039008080245,0.9988854834215659,0.976177208135971,0.6844106463878327,4,4,20,4,8,0,3,4,4,0,5,0,4H,5H,0.1319405076034734,28,16,True,True,True,True,1930
top_ten,svm,bigram,no_origin,12,unith,121,Nielsen,Oct_21_g0,0.990039008080245,0.9988854834215659,0.976177208135971,0.6844106463878327,4,,20,4,8,0,3,5,4,0,6,0,4H,6H,,28,0,True,False,True,False,1930
top_ten,svm,bigram,no_origin,12,unith,121,Nielsen,Oct_21_g0,0.990039008080245,0.9988854834215659,0.976177208135971,0.6844106463878327,4,,20,4,8,0,3,6,4,0,1,1,4H,1S,,28,0,True,False,True,False,1930
top_ten,svm,bigram,no_origin,12,unith,121,Nielsen,Oct_21_g0,0.990039008080245,0.9988854834215659,0.976177208135971,0.6844106463878327,4,4,20,4,8,0,3,7,4,0,2,1,4H,2S,0.18579009684343506,28,11,True,True,True,True,1930
top_ten,svm,bigram,no_origin,12,unith,121,Nielsen,Oct_21_g0,0.990039008080245,0.9988854834215659,0.976177208135971,0.6844106463878327,4,4,20,4,8,0,3,8,4,0,3,1,4H,3S,0.09887479320833614,28,8,True,True,True,True,1930
top_ten,svm,bigram,no_origin,12,unith,121,Nielsen,Oct_21_g0,0.990039008080245,0.9988854834215659,0.976177208135971,0.6844106463878327,4,4,20,4,8,0,3,9,4,0,4,1,4H,4S,0.12745122364391182,28,59,True,True,True,True,1930
top_ten,svm,bigram,no_origin,12,unith,121,Nielsen,Oct_21_g0,0.990039008080245,0.9988854834215659,0.976177208135971,0.6844106463878327,4,4,20,4,8,0,3,10,4,0,5,1,4H,5S,0.09696382023746446,28,87,True,True,True,True,1930
top_ten,svm,bigram,no_origin,12,unith,121,Nielsen,Oct_21_g0,0.990039008080245,0.9988854834215659,0.976177208135971,0.6844106463878327,4,4,20,4,8,0,3,11,4,0,6,1,4H,6S,0.09394829113311072,28,95,True,True,True,True,1930
top_ten,svm,bigram,no_origin,12,unith,121,Nielsen,Oct_21_g0,0.990039008080245,0.9988854834215659,0.976177208135971,0.6844106463878327,4,4,20,4,8,0,4,0,5,0,1,0,5H,1H,0.06136029329770175,16,72,True,True,True,True,1930
top_ten,svm,bigram,no_origin,12,unith,121,Nielsen,Oct_21_g0,0.990039008080245,0.9988854834215659,0.976177208135971,0.6844106463878327,4,4,20,4,8,0,4,1,5,0,2,0,5H,2H,0.03160114603917197,16,55,True,True,True,True,1930
top_ten,svm,bigram,no_origin,12,unith,121,Nielsen,Oct_21_g0,0.990039008080245,0.9988854834215659,0.976177208135971,0.6844106463878327,4,4,20,4,8,0,4,2,5,0,3,0,5H,3H,0.1298442684618268,16,86,True,True,True,True,1930
top_ten,svm,bigram,no_origin,12,unith,121,Nielsen,Oct_21_g0,0.990039008080245,0.9988854834215659,0.976177208135971,0.6844106463878327,4,4,20,4,8,0,4,3,5,0,4,0,5H,4H,0.1319405076034734,16,28,True,True,True,True,1930
top_ten,svm,bigram,no_origin,12,unith,121,Nielsen,Oct_21_g0,0.990039008080245,0.9988854834215659,0.976177208135971,0.6844106463878327,4,4,20,4,8,0,4,4,5,0,5,0,5H,5H,0.23716153969533782,16,16,True,True,True,True,1930
top_ten,svm,bigram,no_origin,12,unith,121,Nielsen,Oct_21_g0,0.990039008080245,0.9988854834215659,0.976177208135971,0.6844106463878327,4,,20,4,8,0,4,5,5,0,6,0,5H,6H,,16,0,True,False,True,False,1930
top_ten,svm,bigram,no_origin,12,unith,121,Nielsen,Oct_21_g0,0.990039008080245,0.9988854834215659,0.976177208135971,0.6844106463878327,4,,20,4,8,0,4,6,5,0,1,1,5H,1S,,16,0,True,False,True,False,1930
top_ten,svm,bigram,no_origin,12,unith,121,Nielsen,Oct_21_g0,0.990039008080245,0.9988854834215659,0.976177208135971,0.6844106463878327,4,4,20,4,8,0,4,7,5,0,2,1,5H,2S,0.1401489469160075,16,11,True,True,True,True,1930
top_ten,svm,bigram,no_origin,12,unith,121,Nielsen,Oct_21_g0,0.990039008080245,0.9988854834215659,0.976177208135971,0.6844106463878327,4,4,20,4,8,0,4,8,5,0,3,1,5H,3S,0.06561551864662396,16,8,True,True,True,True,1930
top_ten,svm,bigram,no_origin,12,unith,121,Nielsen,Oct_21_g0,0.990039008080245,0.9988854834215659,0.976177208135971,0.6844106463878327,4,4,20,4,8,0,4,9,5,0,4,1,5H,4S,0.019722745485265872,16,59,True,True,True,True,1930
top_ten,svm,bigram,no_origin,12,unith,121,Nielsen,Oct_21_g0,0.990039008080245,0.9988854834215659,0.976177208135971,0.6844106463878327,4,4,20,4,8,0,4,10,5,0,5,1,5H,5S,0.15449381589958736,16,87,True,True,True,True,1930
top_ten,svm,bigram,no_origin,12,unith,121,Nielsen,Oct_21_g0,0.990039008080245,0.9988854834215659,0.976177208135971,0.6844106463878327,4,4,20,4,8,0,4,11,5,0,6,1,5H,6S,0.10652433180747459,16,95,True,True,True,True,1930
top_ten,svm,bigram,no_origin,12,unith,121,Nielsen,Oct_21_g0,0.990039008080245,0.9988854834215659,0.976177208135971,0.6844106463878327,,4,20,4,8,0,5,0,6,0,1,0,6H,1H,,0,72,False,True,False,True,1930
top_ten,svm,bigram,no_origin,12,unith,121,Nielsen,Oct_21_g0,0.990039008080245,0.9988854834215659,0.976177208135971,0.6844106463878327,,4,20,4,8,0,5,1,6,0,2,0,6H,2H,,0,55,False,True,False,True,1930
top_ten,svm,bigram,no_origin,12,unith,121,Nielsen,Oct_21_g0,0.990039008080245,0.9988854834215659,0.976177208135971,0.6844106463878327,,4,20,4,8,0,5,2,6,0,3,0,6H,3H,,0,86,False,True,False,True,1930
top_ten,svm,bigram,no_origin,12,unith,121,Nielsen,Oct_21_g0,0.990039008080245,0.9988854834215659,0.976177208135971,0.6844106463878327,,4,20,4,8,0,5,3,6,0,4,0,6H,4H,,0,28,False,True,False,True,1930
top_ten,svm,bigram,no_origin,12,unith,121,Nielsen,Oct_21_g0,0.990039008080245,0.9988854834215659,0.976177208135971,0.6844106463878327,,4,20,4,8,0,5,4,6,0,5,0,6H,5H,,0,16,False,True,False,True,1930
top_ten,svm,bigram,no_origin,12,unith,121,Nielsen,Oct_21_g0,0.990039008080245,0.9988854834215659,0.976177208135971,0.6844106463878327,,,20,4,8,0,5,5,6,0,6,0,6H,6H,,0,0,False,False,False,False,1930
top_ten,svm,bigram,no_origin,12,unith,121,Nielsen,Oct_21_g0,0.990039008080245,0.9988854834215659,0.976177208135971,0.6844106463878327,,,20,4,8,0,5,6,6,0,1,1,6H,1S,,0,0,False,False,False,False,1930
top_ten,svm,bigram,no_origin,12,unith,121,Nielsen,Oct_21_g0,0.990039008080245,0.9988854834215659,0.976177208135971,0.6844106463878327,,4,20,4,8,0,5,7,6,0,2,1,6H,2S,,0,11,False,True,False,True,1930
top_ten,svm,bigram,no_origin,12,unith,121,Nielsen,Oct_21_g0,0.990039008080245,0.9988854834215659,0.976177208135971,0.6844106463878327,,4,20,4,8,0,5,8,6,0,3,1,6H,3S,,0,8,False,True,False,True,1930
top_ten,svm,bigram,no_origin,12,unith,121,Nielsen,Oct_21_g0,0.990039008080245,0.9988854834215659,0.976177208135971,0.6844106463878327,,4,20,4,8,0,5,9,6,0,4,1,6H,4S,,0,59,False,True,False,True,1930
top_ten,svm,bigram,no_origin,12,unith,121,Nielsen,Oct_21_g0,0.990039008080245,0.9988854834215659,0.976177208135971,0.6844106463878327,,4,20,4,8,0,5,10,6,0,5,1,6H,5S,,0,87,False,True,False,True,1930
top_ten,svm,bigram,no_origin,12,unith,121,Nielsen,Oct_21_g0,0.990039008080245,0.9988854834215659,0.976177208135971,0.6844106463878327,,4,20,4,8,0,5,11,6,0,6,1,6H,6S,,0,95,False,True,False,True,1930
top_ten,svm,bigram,no_origin,12,unith,121,Nielsen,Oct_21_g0,0.990039008080245,0.9988854834215659,0.976177208135971,0.6844106463878327,,4,20,4,8,0,6,0,1,1,1,0,1S,1H,,0,72,False,True,False,True,1930
top_ten,svm,bigram,no_origin,12,unith,121,Nielsen,Oct_21_g0,0.990039008080245,0.9988854834215659,0.976177208135971,0.6844106463878327,,4,20,4,8,0,6,1,1,1,2,0,1S,2H,,0,55,False,True,False,True,1930
top_ten,svm,bigram,no_origin,12,unith,121,Nielsen,Oct_21_g0,0.990039008080245,0.9988854834215659,0.976177208135971,0.6844106463878327,,4,20,4,8,0,6,2,1,1,3,0,1S,3H,,0,86,False,True,False,True,1930
top_ten,svm,bigram,no_origin,12,unith,121,Nielsen,Oct_21_g0,0.990039008080245,0.9988854834215659,0.976177208135971,0.6844106463878327,,4,20,4,8,0,6,3,1,1,4,0,1S,4H,,0,28,False,True,False,True,1930
top_ten,svm,bigram,no_origin,12,unith,121,Nielsen,Oct_21_g0,0.990039008080245,0.9988854834215659,0.976177208135971,0.6844106463878327,,4,20,4,8,0,6,4,1,1,5,0,1S,5H,,0,16,False,True,False,True,1930
top_ten,svm,bigram,no_origin,12,unith,121,Nielsen,Oct_21_g0,0.990039008080245,0.9988854834215659,0.976177208135971,0.6844106463878327,,,20,4,8,0,6,5,1,1,6,0,1S,6H,,0,0,False,False,False,False,1930
top_ten,svm,bigram,no_origin,12,unith,121,Nielsen,Oct_21_g0,0.990039008080245,0.9988854834215659,0.976177208135971,0.6844106463878327,,,20,4,8,0,6,6,1,1,1,1,1S,1S,,0,0,False,False,False,False,1930
top_ten,svm,bigram,no_origin,12,unith,121,Nielsen,Oct_21_g0,0.990039008080245,0.9988854834215659,0.976177208135971,0.6844106463878327,,4,20,4,8,0,6,7,1,1,2,1,1S,2S,,0,11,False,True,False,True,1930
top_ten,svm,bigram,no_origin,12,unith,121,Nielsen,Oct_21_g0,0.990039008080245,0.9988854834215659,0.976177208135971,0.6844106463878327,,4,20,4,8,0,6,8,1,1,3,1,1S,3S,,0,8,False,True,False,True,1930
top_ten,svm,bigram,no_origin,12,unith,121,Nielsen,Oct_21_g0,0.990039008080245,0.9988854834215659,0.976177208135971,0.6844106463878327,,4,20,4,8,0,6,9,1,1,4,1,1S,4S,,0,59,False,True,False,True,1930
top_ten,svm,bigram,no_origin,12,unith,121,Nielsen,Oct_21_g0,0.990039008080245,0.9988854834215659,0.976177208135971,0.6844106463878327,,4,20,4,8,0,6,10,1,1,5,1,1S,5S,,0,87,False,True,False,True,1930
top_ten,svm,bigram,no_origin,12,unith,121,Nielsen,Oct_21_g0,0.990039008080245,0.9988854834215659,0.976177208135971,0.6844106463878327,,4,20,4,8,0,6,11,1,1,6,1,1S,6S,,0,95,False,True,False,True,1930
top_ten,svm,bigram,no_origin,12,unith,121,Nielsen,Oct_21_g0,0.990039008080245,0.9988854834215659,0.976177208135971,0.6844106463878327,4,4,20,4,8,0,7,0,2,1,1,0,2S,1H,0.0982897265522512,11,72,True,True,True,True,1930
top_ten,svm,bigram,no_origin,12,unith,121,Nielsen,Oct_21_g0,0.990039008080245,0.9988854834215659,0.976177208135971,0.6844106463878327,4,4,20,4,8,0,7,1,2,1,2,0,2S,2H,0.08323179657584609,11,55,True,True,True,True,1930
top_ten,svm,bigram,no_origin,12,unith,121,Nielsen,Oct_21_g0,0.990039008080245,0.9988854834215659,0.976177208135971,0.6844106463878327,4,4,20,4,8,0,7,2,2,1,3,0,2S,3H,0.09594582987082259,11,86,True,True,True,True,1930
top_ten,svm,bigram,no_origin,12,unith,121,Nielsen,Oct_21_g0,0.990039008080245,0.9988854834215659,0.976177208135971,0.6844106463878327,4,4,20,4,8,0,7,3,2,1,4,0,2S,4H,0.18579009684343506,11,28,True,True,True,True,1930
top_ten,svm,bigram,no_origin,12,unith,121,Nielsen,Oct_21_g0,0.990039008080245,0.9988854834215659,0.976177208135971,0.6844106463878327,4,4,20,4,8,0,7,4,2,1,5,0,2S,5H,0.1401489469160075,11,16,True,True,True,True,1930
top_ten,svm,bigram,no_origin,12,unith,121,Nielsen,Oct_21_g0,0.990039008080245,0.9988854834215659,0.976177208135971,0.6844106463878327,4,,20,4,8,0,7,5,2,1,6,0,2S,6H,,11,0,True,False,True,False,1930
top_ten,svm,bigram,no_origin,12,unith,121,Nielsen,Oct_21_g0,0.990039008080245,0.9988854834215659,0.976177208135971,0.6844106463878327,4,,20,4,8,0,7,6,2,1,1,1,2S,1S,,11,0,True,False,True,False,1930
top_ten,svm,bigram,no_origin,12,unith,121,Nielsen,Oct_21_g0,0.990039008080245,0.9988854834215659,0.976177208135971,0.6844106463878327,4,4,20,4,8,0,7,7,2,1,2,1,2S,2S,0.07375165960534426,11,11,True,True,True,True,1930
top_ten,svm,bigram,no_origin,12,unith,121,Nielsen,Oct_21_g0,0.990039008080245,0.9988854834215659,0.976177208135971,0.6844106463878327,4,4,20,4,8,0,7,8,2,1,3,1,2S,3S,0.09187078759271486,11,8,True,True,True,True,1930
top_ten,svm,bigram,no_origin,12,unith,121,Nielsen,Oct_21_g0,0.990039008080245,0.9988854834215659,0.976177208135971,0.6844106463878327,4,4,20,4,8,0,7,9,2,1,4,1,2S,4S,0.11207632344626403,11,59,True,True,True,True,1930
top_ten,svm,bigram,no_origin,12,unith,121,Nielsen,Oct_21_g0,0.990039008080245,0.9988854834215659,0.976177208135971,0.6844106463878327,4,4,20,4,8,0,7,10,2,1,5,1,2S,5S,0.28850793369811256,11,87,True,True,True,True,1930
top_ten,svm,bigram,no_origin,12,unith,121,Nielsen,Oct_21_g0,0.990039008080245,0.9988854834215659,0.976177208135971,0.6844106463878327,4,4,20,4,8,0,7,11,2,1,6,1,2S,6S,0.21423894486531675,11,95,True,True,True,True,1930
top_ten,svm,bigram,no_origin,12,unith,121,Nielsen,Oct_21_g0,0.990039008080245,0.9988854834215659,0.976177208135971,0.6844106463878327,4,4,20,4,8,0,8,0,3,1,1,0,3S,1H,0.07761321642218524,8,72,True,True,True,True,1930
top_ten,svm,bigram,no_origin,12,unith,121,Nielsen,Oct_21_g0,0.990039008080245,0.9988854834215659,0.976177208135971,0.6844106463878327,4,4,20,4,8,0,8,1,3,1,2,0,3S,2H,0.11264672354308643,8,55,True,True,True,True,1930
top_ten,svm,bigram,no_origin,12,unith,121,Nielsen,Oct_21_g0,0.990039008080245,0.9988854834215659,0.976177208135971,0.6844106463878327,4,4,20,4,8,0,8,2,3,1,3,0,3S,3H,0.1007311042415567,8,86,True,True,True,True,1930
top_ten,svm,bigram,no_origin,12,unith,121,Nielsen,Oct_21_g0,0.990039008080245,0.9988854834215659,0.976177208135971,0.6844106463878327,4,4,20,4,8,0,8,3,3,1,4,0,3S,4H,0.09887479320833614,8,28,True,True,True,True,1930
top_ten,svm,bigram,no_origin,12,unith,121,Nielsen,Oct_21_g0,0.990039008080245,0.9988854834215659,0.976177208135971,0.6844106463878327,4,4,20,4,8,0,8,4,3,1,5,0,3S,5H,0.06561551864662396,8,16,True,True,True,True,1930
top_ten,svm,bigram,no_origin,12,unith,121,Nielsen,Oct_21_g0,0.990039008080245,0.9988854834215659,0.976177208135971,0.6844106463878327,4,,20,4,8,0,8,5,3,1,6,0,3S,6H,,8,0,True,False,True,False,1930
top_ten,svm,bigram,no_origin,12,unith,121,Nielsen,Oct_21_g0,0.990039008080245,0.9988854834215659,0.976177208135971,0.6844106463878327,4,,20,4,8,0,8,6,3,1,1,1,3S,1S,,8,0,True,False,True,False,1930
top_ten,svm,bigram,no_origin,12,unith,121,Nielsen,Oct_21_g0,0.990039008080245,0.9988854834215659,0.976177208135971,0.6844106463878327,4,4,20,4,8,0,8,7,3,1,2,1,3S,2S,0.09187078759271486,8,11,True,True,True,True,1930
top_ten,svm,bigram,no_origin,12,unith,121,Nielsen,Oct_21_g0,0.990039008080245,0.9988854834215659,0.976177208135971,0.6844106463878327,4,4,20,4,8,0,8,8,3,1,3,1,3S,3S,0.10283577144142315,8,8,True,True,True,True,1930
top_ten,svm,bigram,no_origin,12,unith,121,Nielsen,Oct_21_g0,0.990039008080245,0.9988854834215659,0.976177208135971,0.6844106463878327,4,4,20,4,8,0,8,9,3,1,4,1,3S,4S,0.06876015289811108,8,59,True,True,True,True,1930
top_ten,svm,bigram,no_origin,12,unith,121,Nielsen,Oct_21_g0,0.990039008080245,0.9988854834215659,0.976177208135971,0.6844106463878327,4,4,20,4,8,0,8,10,3,1,5,1,3S,5S,0.21768964371651972,8,87,True,True,True,True,1930
top_ten,svm,bigram,no_origin,12,unith,121,Nielsen,Oct_21_g0,0.990039008080245,0.9988854834215659,0.976177208135971,0.6844106463878327,4,4,20,4,8,0,8,11,3,1,6,1,3S,6S,0.14984006554066334,8,95,True,True,True,True,1930
top_ten,svm,bigram,no_origin,12,unith,121,Nielsen,Oct_21_g0,0.990039008080245,0.9988854834215659,0.976177208135971,0.6844106463878327,4,4,20,4,8,0,9,0,4,1,1,0,4S,1H,0.058065356614600855,59,72,True,True,True,True,1930
top_ten,svm,bigram,no_origin,12,unith,121,Nielsen,Oct_21_g0,0.990039008080245,0.9988854834215659,0.976177208135971,0.6844106463878327,4,4,20,4,8,0,9,1,4,1,2,0,4S,2H,0.013937226447566368,59,55,True,True,True,True,1930
top_ten,svm,bigram,no_origin,12,unith,121,Nielsen,Oct_21_g0,0.990039008080245,0.9988854834215659,0.976177208135971,0.6844106463878327,4,4,20,4,8,0,9,2,4,1,3,0,4S,3H,0.045943800082919005,59,86,True,True,True,True,1930
top_ten,svm,bigram,no_origin,12,unith,121,Nielsen,Oct_21_g0,0.990039008080245,0.9988854834215659,0.976177208135971,0.6844106463878327,4,4,20,4,8,0,9,3,4,1,4,0,4S,4H,0.12745122364391182,59,28,True,True,True,True,1930
top_ten,svm,bigram,no_origin,12,unith,121,Nielsen,Oct_21_g0,0.990039008080245,0.9988854834215659,0.976177208135971,0.6844106463878327,4,4,20,4,8,0,9,4,4,1,5,0,4S,5H,0.019722745485265872,59,16,True,True,True,True,1930
top_ten,svm,bigram,no_origin,12,unith,121,Nielsen,Oct_21_g0,0.990039008080245,0.9988854834215659,0.976177208135971,0.6844106463878327,4,,20,4,8,0,9,5,4,1,6,0,4S,6H,,59,0,True,False,True,False,1930
top_ten,svm,bigram,no_origin,12,unith,121,Nielsen,Oct_21_g0,0.990039008080245,0.9988854834215659,0.976177208135971,0.6844106463878327,4,,20,4,8,0,9,6,4,1,1,1,4S,1S,,59,0,True,False,True,False,1930
top_ten,svm,bigram,no_origin,12,unith,121,Nielsen,Oct_21_g0,0.990039008080245,0.9988854834215659,0.976177208135971,0.6844106463878327,4,4,20,4,8,0,9,7,4,1,2,1,4S,2S,0.11207632344626403,59,11,True,True,True,True,1930
top_ten,svm,bigram,no_origin,12,unith,121,Nielsen,Oct_21_g0,0.990039008080245,0.9988854834215659,0.976177208135971,0.6844106463878327,4,4,20,4,8,0,9,8,4,1,3,1,4S,3S,0.06876015289811108,59,8,True,True,True,True,1930
top_ten,svm,bigram,no_origin,12,unith,121,Nielsen,Oct_21_g0,0.990039008080245,0.9988854834215659,0.976177208135971,0.6844106463878327,4,4,20,4,8,0,9,9,4,1,4,1,4S,4S,0.07644019347139197,59,59,True,True,True,True,1930
top_ten,svm,bigram,no_origin,12,unith,121,Nielsen,Oct_21_g0,0.990039008080245,0.9988854834215659,0.976177208135971,0.6844106463878327,4,4,20,4,8,0,9,10,4,1,5,1,4S,5S,0.10168420337318246,59,87,True,True,True,True,1930
top_ten,svm,bigram,no_origin,12,unith,121,Nielsen,Oct_21_g0,0.990039008080245,0.9988854834215659,0.976177208135971,0.6844106463878327,4,4,20,4,8,0,9,11,4,1,6,1,4S,6S,0.10442362536247086,59,95,True,True,True,True,1930
top_ten,svm,bigram,no_origin,12,unith,121,Nielsen,Oct_21_g0,0.990039008080245,0.9988854834215659,0.976177208135971,0.6844106463878327,4,4,20,4,8,0,10,0,5,1,1,0,5S,1H,0.08033280900259009,87,72,True,True,True,True,1930
top_ten,svm,bigram,no_origin,12,unith,121,Nielsen,Oct_21_g0,0.990039008080245,0.9988854834215659,0.976177208135971,0.6844106463878327,4,4,20,4,8,0,10,1,5,1,2,0,5S,2H,0.08314263823616082,87,55,True,True,True,True,1930
top_ten,svm,bigram,no_origin,12,unith,121,Nielsen,Oct_21_g0,0.990039008080245,0.9988854834215659,0.976177208135971,0.6844106463878327,4,4,20,4,8,0,10,2,5,1,3,0,5S,3H,0.06766681106333461,87,86,True,True,True,True,1930
top_ten,svm,bigram,no_origin,12,unith,121,Nielsen,Oct_21_g0,0.990039008080245,0.9988854834215659,0.976177208135971,0.6844106463878327,4,4,20,4,8,0,10,3,5,1,4,0,5S,4H,0.09696382023746446,87,28,True,True,True,True,1930
top_ten,svm,bigram,no_origin,12,unith,121,Nielsen,Oct_21_g0,0.990039008080245,0.9988854834215659,0.976177208135971,0.6844106463878327,4,4,20,4,8,0,10,4,5,1,5,0,5S,5H,0.15449381589958736,87,16,True,True,True,True,1930
top_ten,svm,bigram,no_origin,12,unith,121,Nielsen,Oct_21_g0,0.990039008080245,0.9988854834215659,0.976177208135971,0.6844106463878327,4,,20,4,8,0,10,5,5,1,6,0,5S,6H,,87,0,True,False,True,False,1930
top_ten,svm,bigram,no_origin,12,unith,121,Nielsen,Oct_21_g0,0.990039008080245,0.9988854834215659,0.976177208135971,0.6844106463878327,4,,20,4,8,0,10,6,5,1,1,1,5S,1S,,87,0,True,False,True,False,1930
top_ten,svm,bigram,no_origin,12,unith,121,Nielsen,Oct_21_g0,0.990039008080245,0.9988854834215659,0.976177208135971,0.6844106463878327,4,4,20,4,8,0,10,7,5,1,2,1,5S,2S,0.28850793369811256,87,11,True,True,True,True,1930
top_ten,svm,bigram,no_origin,12,unith,121,Nielsen,Oct_21_g0,0.990039008080245,0.9988854834215659,0.976177208135971,0.6844106463878327,4,4,20,4,8,0,10,8,5,1,3,1,5S,3S,0.21768964371651972,87,8,True,True,True,True,1930
top_ten,svm,bigram,no_origin,12,unith,121,Nielsen,Oct_21_g0,0.990039008080245,0.9988854834215659,0.976177208135971,0.6844106463878327,4,4,20,4,8,0,10,9,5,1,4,1,5S,4S,0.10168420337318246,87,59,True,True,True,True,1930
top_ten,svm,bigram,no_origin,12,unith,121,Nielsen,Oct_21_g0,0.990039008080245,0.9988854834215659,0.976177208135971,0.6844106463878327,4,4,20,4,8,0,10,10,5,1,5,1,5S,5S,0.23916619571392742,87,87,True,True,True,True,1930
top_ten,svm,bigram,no_origin,12,unith,121,Nielsen,Oct_21_g0,0.990039008080245,0.9988854834215659,0.976177208135971,0.6844106463878327,4,4,20,4,8,0,10,11,5,1,6,1,5S,6S,0.3883592038961903,87,95,True,True,True,True,1930
top_ten,svm,bigram,no_origin,12,unith,121,Nielsen,Oct_21_g0,0.990039008080245,0.9988854834215659,0.976177208135971,0.6844106463878327,4,4,20,4,8,0,11,0,6,1,1,0,6S,1H,0.13300470647859675,95,72,True,True,True,True,1930
top_ten,svm,bigram,no_origin,12,unith,121,Nielsen,Oct_21_g0,0.990039008080245,0.9988854834215659,0.976177208135971,0.6844106463878327,4,4,20,4,8,0,11,1,6,1,2,0,6S,2H,0.1103743929369726,95,55,True,True,True,True,1930
top_ten,svm,bigram,no_origin,12,unith,121,Nielsen,Oct_21_g0,0.990039008080245,0.9988854834215659,0.976177208135971,0.6844106463878327,4,4,20,4,8,0,11,2,6,1,3,0,6S,3H,0.017683671568817415,95,86,True,True,True,True,1930
top_ten,svm,bigram,no_origin,12,unith,121,Nielsen,Oct_21_g0,0.990039008080245,0.9988854834215659,0.976177208135971,0.6844106463878327,4,4,20,4,8,0,11,3,6,1,4,0,6S,4H,0.09394829113311072,95,28,True,True,True,True,1930
top_ten,svm,bigram,no_origin,12,unith,121,Nielsen,Oct_21_g0,0.990039008080245,0.9988854834215659,0.976177208135971,0.6844106463878327,4,4,20,4,8,0,11,4,6,1,5,0,6S,5H,0.10652433180747459,95,16,True,True,True,True,1930
top_ten,svm,bigram,no_origin,12,unith,121,Nielsen,Oct_21_g0,0.990039008080245,0.9988854834215659,0.976177208135971,0.6844106463878327,4,,20,4,8,0,11,5,6,1,6,0,6S,6H,,95,0,True,False,True,False,1930
top_ten,svm,bigram,no_origin,12,unith,121,Nielsen,Oct_21_g0,0.990039008080245,0.9988854834215659,0.976177208135971,0.6844106463878327,4,,20,4,8,0,11,6,6,1,1,1,6S,1S,,95,0,True,False,True,False,1930
top_ten,svm,bigram,no_origin,12,unith,121,Nielsen,Oct_21_g0,0.990039008080245,0.9988854834215659,0.976177208135971,0.6844106463878327,4,4,20,4,8,0,11,7,6,1,2,1,6S,2S,0.21423894486531675,95,11,True,True,True,True,1930
top_ten,svm,bigram,no_origin,12,unith,121,Nielsen,Oct_21_g0,0.990039008080245,0.9988854834215659,0.976177208135971,0.6844106463878327,4,4,20,4,8,0,11,8,6,1,3,1,6S,3S,0.14984006554066334,95,8,True,True,True,True,1930
top_ten,svm,bigram,no_origin,12,unith,121,Nielsen,Oct_21_g0,0.990039008080245,0.9988854834215659,0.976177208135971,0.6844106463878327,4,4,20,4,8,0,11,9,6,1,4,1,6S,4S,0.10442362536247086,95,59,True,True,True,True,1930
top_ten,svm,bigram,no_origin,12,unith,121,Nielsen,Oct_21_g0,0.990039008080245,0.9988854834215659,0.976177208135971,0.6844106463878327,4,4,20,4,8,0,11,10,6,1,5,1,6S,5S,0.3883592038961903,95,87,True,True,True,True,1930
top_ten,svm,bigram,no_origin,12,unith,121,Nielsen,Oct_21_g0,0.990039008080245,0.9988854834215659,0.976177208135971,0.6844106463878327,4,4,20,4,8,0,11,11,6,1,6,1,6S,6S,0.48902458676557115,95,95,True,True,True,True,1930
top_ten,svm,bigram,no_origin,12,unith,121,Nielsen,Oct_22_g0,0.999896608767576,1.0,1.0,0.8143459915611815,9,9,20,4,8,0,0,0,1,0,1,0,1H,1H,0.2544823174683973,62,62,True,True,True,True,1930
top_ten,svm,bigram,no_origin,12,unith,121,Nielsen,Oct_22_g0,0.999896608767576,1.0,1.0,0.8143459915611815,9,9,20,4,8,0,0,1,1,0,2,0,1H,2H,0.1636652450957927,62,46,True,True,True,True,1930
top_ten,svm,bigram,no_origin,12,unith,121,Nielsen,Oct_22_g0,0.999896608767576,1.0,1.0,0.8143459915611815,9,9,20,4,8,0,0,2,1,0,3,0,1H,3H,0.1516484204352206,62,71,True,True,True,True,1930
top_ten,svm,bigram,no_origin,12,unith,121,Nielsen,Oct_22_g0,0.999896608767576,1.0,1.0,0.8143459915611815,9,9,20,4,8,0,0,3,1,0,4,0,1H,4H,0.09157814484881624,62,18,True,True,True,True,1930
top_ten,svm,bigram,no_origin,12,unith,121,Nielsen,Oct_22_g0,0.999896608767576,1.0,1.0,0.8143459915611815,9,,20,4,8,0,0,4,1,0,5,0,1H,5H,,62,0,True,False,True,False,1930
top_ten,svm,bigram,no_origin,12,unith,121,Nielsen,Oct_22_g0,0.999896608767576,1.0,1.0,0.8143459915611815,9,,20,4,8,0,0,5,1,0,6,0,1H,6H,,62,0,True,False,True,False,1930
top_ten,svm,bigram,no_origin,12,unith,121,Nielsen,Oct_22_g0,0.999896608767576,1.0,1.0,0.8143459915611815,9,,20,4,8,0,0,6,1,0,1,1,1H,1S,,62,0,True,False,True,False,1930
top_ten,svm,bigram,no_origin,12,unith,121,Nielsen,Oct_22_g0,0.999896608767576,1.0,1.0,0.8143459915611815,9,9,20,4,8,0,0,7,1,0,2,1,1H,2S,0.245835295921807,62,23,True,True,True,True,1930
top_ten,svm,bigram,no_origin,12,unith,121,Nielsen,Oct_22_g0,0.999896608767576,1.0,1.0,0.8143459915611815,9,3,20,4,8,0,0,8,1,0,3,1,1H,3S,0.08466521133821908,62,6,True,True,True,False,1930
top_ten,svm,bigram,no_origin,12,unith,121,Nielsen,Oct_22_g0,0.999896608767576,1.0,1.0,0.8143459915611815,9,9,20,4,8,0,0,9,1,0,4,1,1H,4S,0.18096526848330147,62,64,True,True,True,True,1930
top_ten,svm,bigram,no_origin,12,unith,121,Nielsen,Oct_22_g0,0.999896608767576,1.0,1.0,0.8143459915611815,9,9,20,4,8,0,0,10,1,0,5,1,1H,5S,0.22099513911805468,62,90,True,True,True,True,1930
top_ten,svm,bigram,no_origin,12,unith,121,Nielsen,Oct_22_g0,0.999896608767576,1.0,1.0,0.8143459915611815,9,9,20,4,8,0,0,11,1,0,6,1,1H,6S,0.05572141546531756,62,78,True,True,True,True,1930
top_ten,svm,bigram,no_origin,12,unith,121,Nielsen,Oct_22_g0,0.999896608767576,1.0,1.0,0.8143459915611815,9,9,20,4,8,0,1,0,2,0,1,0,2H,1H,0.1636652450957927,46,62,True,True,True,True,1930
top_ten,svm,bigram,no_origin,12,unith,121,Nielsen,Oct_22_g0,0.999896608767576,1.0,1.0,0.8143459915611815,9,9,20,4,8,0,1,1,2,0,2,0,2H,2H,0.18872100568703182,46,46,True,True,True,True,1930
top_ten,svm,bigram,no_origin,12,unith,121,Nielsen,Oct_22_g0,0.999896608767576,1.0,1.0,0.8143459915611815,9,9,20,4,8,0,1,2,2,0,3,0,2H,3H,0.1527411139981471,46,71,True,True,True,True,1930
top_ten,svm,bigram,no_origin,12,unith,121,Nielsen,Oct_22_g0,0.999896608767576,1.0,1.0,0.8143459915611815,9,9,20,4,8,0,1,3,2,0,4,0,2H,4H,0.17396559852001447,46,18,True,True,True,True,1930
top_ten,svm,bigram,no_origin,12,unith,121,Nielsen,Oct_22_g0,0.999896608767576,1.0,1.0,0.8143459915611815,9,,20,4,8,0,1,4,2,0,5,0,2H,5H,,46,0,True,False,True,False,1930
top_ten,svm,bigram,no_origin,12,unith,121,Nielsen,Oct_22_g0,0.999896608767576,1.0,1.0,0.8143459915611815,9,,20,4,8,0,1,5,2,0,6,0,2H,6H,,46,0,True,False,True,False,1930
top_ten,svm,bigram,no_origin,12,unith,121,Nielsen,Oct_22_g0,0.999896608767576,1.0,1.0,0.8143459915611815,9,,20,4,8,0,1,6,2,0,1,1,2H,1S,,46,0,True,False,True,False,1930
top_ten,svm,bigram,no_origin,12,unith,121,Nielsen,Oct_22_g0,0.999896608767576,1.0,1.0,0.8143459915611815,9,9,20,4,8,0,1,7,2,0,2,1,2H,2S,0.1449486616375229,46,23,True,True,True,True,1930
top_ten,svm,bigram,no_origin,12,unith,121,Nielsen,Oct_22_g0,0.999896608767576,1.0,1.0,0.8143459915611815,9,3,20,4,8,0,1,8,2,0,3,1,2H,3S,0.11252638560187535,46,6,True,True,True,False,1930
top_ten,svm,bigram,no_origin,12,unith,121,Nielsen,Oct_22_g0,0.999896608767576,1.0,1.0,0.8143459915611815,9,9,20,4,8,0,1,9,2,0,4,1,2H,4S,0.1459127057121007,46,64,True,True,True,True,1930
top_ten,svm,bigram,no_origin,12,unith,121,Nielsen,Oct_22_g0,0.999896608767576,1.0,1.0,0.8143459915611815,9,9,20,4,8,0,1,10,2,0,5,1,2H,5S,0.06498583682927724,46,90,True,True,True,True,1930
top_ten,svm,bigram,no_origin,12,unith,121,Nielsen,Oct_22_g0,0.999896608767576,1.0,1.0,0.8143459915611815,9,9,20,4,8,0,1,11,2,0,6,1,2H,6S,0.09781134146782836,46,78,True,True,True,True,1930
top_ten,svm,bigram,no_origin,12,unith,121,Nielsen,Oct_22_g0,0.999896608767576,1.0,1.0,0.8143459915611815,9,9,20,4,8,0,2,0,3,0,1,0,3H,1H,0.1516484204352206,71,62,True,True,True,True,1930
top_ten,svm,bigram,no_origin,12,unith,121,Nielsen,Oct_22_g0,0.999896608767576,1.0,1.0,0.8143459915611815,9,9,20,4,8,0,2,1,3,0,2,0,3H,2H,0.1527411139981471,71,46,True,True,True,True,1930
top_ten,svm,bigram,no_origin,12,unith,121,Nielsen,Oct_22_g0,0.999896608767576,1.0,1.0,0.8143459915611815,9,9,20,4,8,0,2,2,3,0,3,0,3H,3H,0.19937978241666954,71,71,True,True,True,True,1930
top_ten,svm,bigram,no_origin,12,unith,121,Nielsen,Oct_22_g0,0.999896608767576,1.0,1.0,0.8143459915611815,9,9,20,4,8,0,2,3,3,0,4,0,3H,4H,0.16555991313057633,71,18,True,True,True,True,1930
top_ten,svm,bigram,no_origin,12,unith,121,Nielsen,Oct_22_g0,0.999896608767576,1.0,1.0,0.8143459915611815,9,,20,4,8,0,2,4,3,0,5,0,3H,5H,,71,0,True,False,True,False,1930
top_ten,svm,bigram,no_origin,12,unith,121,Nielsen,Oct_22_g0,0.999896608767576,1.0,1.0,0.8143459915611815,9,,20,4,8,0,2,5,3,0,6,0,3H,6H,,71,0,True,False,True,False,1930
top_ten,svm,bigram,no_origin,12,unith,121,Nielsen,Oct_22_g0,0.999896608767576,1.0,1.0,0.8143459915611815,9,,20,4,8,0,2,6,3,0,1,1,3H,1S,,71,0,True,False,True,False,1930
top_ten,svm,bigram,no_origin,12,unith,121,Nielsen,Oct_22_g0,0.999896608767576,1.0,1.0,0.8143459915611815,9,9,20,4,8,0,2,7,3,0,2,1,3H,2S,0.10893614842861052,71,23,True,True,True,True,1930
top_ten,svm,bigram,no_origin,12,unith,121,Nielsen,Oct_22_g0,0.999896608767576,1.0,1.0,0.8143459915611815,9,3,20,4,8,0,2,8,3,0,3,1,3H,3S,0.15002351582854376,71,6,True,True,True,False,1930
top_ten,svm,bigram,no_origin,12,unith,121,Nielsen,Oct_22_g0,0.999896608767576,1.0,1.0,0.8143459915611815,9,9,20,4,8,0,2,9,3,0,4,1,3H,4S,0.126521010186322,71,64,True,True,True,True,1930
top_ten,svm,bigram,no_origin,12,unith,121,Nielsen,Oct_22_g0,0.999896608767576,1.0,1.0,0.8143459915611815,9,9,20,4,8,0,2,10,3,0,5,1,3H,5S,0.18942625852897504,71,90,True,True,True,True,1930
top_ten,svm,bigram,no_origin,12,unith,121,Nielsen,Oct_22_g0,0.999896608767576,1.0,1.0,0.8143459915611815,9,9,20,4,8,0,2,11,3,0,6,1,3H,6S,0.11855293412147747,71,78,True,True,True,True,1930
top_ten,svm,bigram,no_origin,12,unith,121,Nielsen,Oct_22_g0,0.999896608767576,1.0,1.0,0.8143459915611815,9,9,20,4,8,0,3,0,4,0,1,0,4H,1H,0.09157814484881624,18,62,True,True,True,True,1930
top_ten,svm,bigram,no_origin,12,unith,121,Nielsen,Oct_22_g0,0.999896608767576,1.0,1.0,0.8143459915611815,9,9,20,4,8,0,3,1,4,0,2,0,4H,2H,0.17396559852001447,18,46,True,True,True,True,1930
top_ten,svm,bigram,no_origin,12,unith,121,Nielsen,Oct_22_g0,0.999896608767576,1.0,1.0,0.8143459915611815,9,9,20,4,8,0,3,2,4,0,3,0,4H,3H,0.16555991313057633,18,71,True,True,True,True,1930
top_ten,svm,bigram,no_origin,12,unith,121,Nielsen,Oct_22_g0,0.999896608767576,1.0,1.0,0.8143459915611815,9,9,20,4,8,0,3,3,4,0,4,0,4H,4H,0.025152298797099338,18,18,True,True,True,True,1930
top_ten,svm,bigram,no_origin,12,unith,121,Nielsen,Oct_22_g0,0.999896608767576,1.0,1.0,0.8143459915611815,9,,20,4,8,0,3,4,4,0,5,0,4H,5H,,18,0,True,False,True,False,1930
top_ten,svm,bigram,no_origin,12,unith,121,Nielsen,Oct_22_g0,0.999896608767576,1.0,1.0,0.8143459915611815,9,,20,4,8,0,3,5,4,0,6,0,4H,6H,,18,0,True,False,True,False,1930
top_ten,svm,bigram,no_origin,12,unith,121,Nielsen,Oct_22_g0,0.999896608767576,1.0,1.0,0.8143459915611815,9,,20,4,8,0,3,6,4,0,1,1,4H,1S,,18,0,True,False,True,False,1930
top_ten,svm,bigram,no_origin,12,unith,121,Nielsen,Oct_22_g0,0.999896608767576,1.0,1.0,0.8143459915611815,9,9,20,4,8,0,3,7,4,0,2,1,4H,2S,0.12180676337619023,18,23,True,True,True,True,1930
top_ten,svm,bigram,no_origin,12,unith,121,Nielsen,Oct_22_g0,0.999896608767576,1.0,1.0,0.8143459915611815,9,3,20,4,8,0,3,8,4,0,3,1,4H,3S,0.06381663239219774,18,6,True,True,True,False,1930
top_ten,svm,bigram,no_origin,12,unith,121,Nielsen,Oct_22_g0,0.999896608767576,1.0,1.0,0.8143459915611815,9,9,20,4,8,0,3,9,4,0,4,1,4H,4S,0.11517540937314197,18,64,True,True,True,True,1930
top_ten,svm,bigram,no_origin,12,unith,121,Nielsen,Oct_22_g0,0.999896608767576,1.0,1.0,0.8143459915611815,9,9,20,4,8,0,3,10,4,0,5,1,4H,5S,0.12012167502682751,18,90,True,True,True,True,1930
top_ten,svm,bigram,no_origin,12,unith,121,Nielsen,Oct_22_g0,0.999896608767576,1.0,1.0,0.8143459915611815,9,9,20,4,8,0,3,11,4,0,6,1,4H,6S,0.2124957395061812,18,78,True,True,True,True,1930
top_ten,svm,bigram,no_origin,12,unith,121,Nielsen,Oct_22_g0,0.999896608767576,1.0,1.0,0.8143459915611815,,9,20,4,8,0,4,0,5,0,1,0,5H,1H,,0,62,False,True,False,True,1930
top_ten,svm,bigram,no_origin,12,unith,121,Nielsen,Oct_22_g0,0.999896608767576,1.0,1.0,0.8143459915611815,,9,20,4,8,0,4,1,5,0,2,0,5H,2H,,0,46,False,True,False,True,1930
top_ten,svm,bigram,no_origin,12,unith,121,Nielsen,Oct_22_g0,0.999896608767576,1.0,1.0,0.8143459915611815,,9,20,4,8,0,4,2,5,0,3,0,5H,3H,,0,71,False,True,False,True,1930
top_ten,svm,bigram,no_origin,12,unith,121,Nielsen,Oct_22_g0,0.999896608767576,1.0,1.0,0.8143459915611815,,9,20,4,8,0,4,3,5,0,4,0,5H,4H,,0,18,False,True,False,True,1930
top_ten,svm,bigram,no_origin,12,unith,121,Nielsen,Oct_22_g0,0.999896608767576,1.0,1.0,0.8143459915611815,,,20,4,8,0,4,4,5,0,5,0,5H,5H,,0,0,False,False,False,False,1930
top_ten,svm,bigram,no_origin,12,unith,121,Nielsen,Oct_22_g0,0.999896608767576,1.0,1.0,0.8143459915611815,,,20,4,8,0,4,5,5,0,6,0,5H,6H,,0,0,False,False,False,False,1930
top_ten,svm,bigram,no_origin,12,unith,121,Nielsen,Oct_22_g0,0.999896608767576,1.0,1.0,0.8143459915611815,,,20,4,8,0,4,6,5,0,1,1,5H,1S,,0,0,False,False,False,False,1930
top_ten,svm,bigram,no_origin,12,unith,121,Nielsen,Oct_22_g0,0.999896608767576,1.0,1.0,0.8143459915611815,,9,20,4,8,0,4,7,5,0,2,1,5H,2S,,0,23,False,True,False,True,1930
top_ten,svm,bigram,no_origin,12,unith,121,Nielsen,Oct_22_g0,0.999896608767576,1.0,1.0,0.8143459915611815,,3,20,4,8,0,4,8,5,0,3,1,5H,3S,,0,6,False,True,False,False,1930
top_ten,svm,bigram,no_origin,12,unith,121,Nielsen,Oct_22_g0,0.999896608767576,1.0,1.0,0.8143459915611815,,9,20,4,8,0,4,9,5,0,4,1,5H,4S,,0,64,False,True,False,True,1930
top_ten,svm,bigram,no_origin,12,unith,121,Nielsen,Oct_22_g0,0.999896608767576,1.0,1.0,0.8143459915611815,,9,20,4,8,0,4,10,5,0,5,1,5H,5S,,0,90,False,True,False,True,1930
top_ten,svm,bigram,no_origin,12,unith,121,Nielsen,Oct_22_g0,0.999896608767576,1.0,1.0,0.8143459915611815,,9,20,4,8,0,4,11,5,0,6,1,5H,6S,,0,78,False,True,False,True,1930
top_ten,svm,bigram,no_origin,12,unith,121,Nielsen,Oct_22_g0,0.999896608767576,1.0,1.0,0.8143459915611815,,9,20,4,8,0,5,0,6,0,1,0,6H,1H,,0,62,False,True,False,True,1930
top_ten,svm,bigram,no_origin,12,unith,121,Nielsen,Oct_22_g0,0.999896608767576,1.0,1.0,0.8143459915611815,,9,20,4,8,0,5,1,6,0,2,0,6H,2H,,0,46,False,True,False,True,1930
top_ten,svm,bigram,no_origin,12,unith,121,Nielsen,Oct_22_g0,0.999896608767576,1.0,1.0,0.8143459915611815,,9,20,4,8,0,5,2,6,0,3,0,6H,3H,,0,71,False,True,False,True,1930
top_ten,svm,bigram,no_origin,12,unith,121,Nielsen,Oct_22_g0,0.999896608767576,1.0,1.0,0.8143459915611815,,9,20,4,8,0,5,3,6,0,4,0,6H,4H,,0,18,False,True,False,True,1930
top_ten,svm,bigram,no_origin,12,unith,121,Nielsen,Oct_22_g0,0.999896608767576,1.0,1.0,0.8143459915611815,,,20,4,8,0,5,4,6,0,5,0,6H,5H,,0,0,False,False,False,False,1930
top_ten,svm,bigram,no_origin,12,unith,121,Nielsen,Oct_22_g0,0.999896608767576,1.0,1.0,0.8143459915611815,,,20,4,8,0,5,5,6,0,6,0,6H,6H,,0,0,False,False,False,False,1930
top_ten,svm,bigram,no_origin,12,unith,121,Nielsen,Oct_22_g0,0.999896608767576,1.0,1.0,0.8143459915611815,,,20,4,8,0,5,6,6,0,1,1,6H,1S,,0,0,False,False,False,False,1930
top_ten,svm,bigram,no_origin,12,unith,121,Nielsen,Oct_22_g0,0.999896608767576,1.0,1.0,0.8143459915611815,,9,20,4,8,0,5,7,6,0,2,1,6H,2S,,0,23,False,True,False,True,1930
top_ten,svm,bigram,no_origin,12,unith,121,Nielsen,Oct_22_g0,0.999896608767576,1.0,1.0,0.8143459915611815,,3,20,4,8,0,5,8,6,0,3,1,6H,3S,,0,6,False,True,False,False,1930
top_ten,svm,bigram,no_origin,12,unith,121,Nielsen,Oct_22_g0,0.999896608767576,1.0,1.0,0.8143459915611815,,9,20,4,8,0,5,9,6,0,4,1,6H,4S,,0,64,False,True,False,True,1930
top_ten,svm,bigram,no_origin,12,unith,121,Nielsen,Oct_22_g0,0.999896608767576,1.0,1.0,0.8143459915611815,,9,20,4,8,0,5,10,6,0,5,1,6H,5S,,0,90,False,True,False,True,1930
top_ten,svm,bigram,no_origin,12,unith,121,Nielsen,Oct_22_g0,0.999896608767576,1.0,1.0,0.8143459915611815,,9,20,4,8,0,5,11,6,0,6,1,6H,6S,,0,78,False,True,False,True,1930
top_ten,svm,bigram,no_origin,12,unith,121,Nielsen,Oct_22_g0,0.999896608767576,1.0,1.0,0.8143459915611815,,9,20,4,8,0,6,0,1,1,1,0,1S,1H,,0,62,False,True,False,True,1930
top_ten,svm,bigram,no_origin,12,unith,121,Nielsen,Oct_22_g0,0.999896608767576,1.0,1.0,0.8143459915611815,,9,20,4,8,0,6,1,1,1,2,0,1S,2H,,0,46,False,True,False,True,1930
top_ten,svm,bigram,no_origin,12,unith,121,Nielsen,Oct_22_g0,0.999896608767576,1.0,1.0,0.8143459915611815,,9,20,4,8,0,6,2,1,1,3,0,1S,3H,,0,71,False,True,False,True,1930
top_ten,svm,bigram,no_origin,12,unith,121,Nielsen,Oct_22_g0,0.999896608767576,1.0,1.0,0.8143459915611815,,9,20,4,8,0,6,3,1,1,4,0,1S,4H,,0,18,False,True,False,True,1930
top_ten,svm,bigram,no_origin,12,unith,121,Nielsen,Oct_22_g0,0.999896608767576,1.0,1.0,0.8143459915611815,,,20,4,8,0,6,4,1,1,5,0,1S,5H,,0,0,False,False,False,False,1930
top_ten,svm,bigram,no_origin,12,unith,121,Nielsen,Oct_22_g0,0.999896608767576,1.0,1.0,0.8143459915611815,,,20,4,8,0,6,5,1,1,6,0,1S,6H,,0,0,False,False,False,False,1930
top_ten,svm,bigram,no_origin,12,unith,121,Nielsen,Oct_22_g0,0.999896608767576,1.0,1.0,0.8143459915611815,,,20,4,8,0,6,6,1,1,1,1,1S,1S,,0,0,False,False,False,False,1930
top_ten,svm,bigram,no_origin,12,unith,121,Nielsen,Oct_22_g0,0.999896608767576,1.0,1.0,0.8143459915611815,,9,20,4,8,0,6,7,1,1,2,1,1S,2S,,0,23,False,True,False,True,1930
top_ten,svm,bigram,no_origin,12,unith,121,Nielsen,Oct_22_g0,0.999896608767576,1.0,1.0,0.8143459915611815,,3,20,4,8,0,6,8,1,1,3,1,1S,3S,,0,6,False,True,False,False,1930
top_ten,svm,bigram,no_origin,12,unith,121,Nielsen,Oct_22_g0,0.999896608767576,1.0,1.0,0.8143459915611815,,9,20,4,8,0,6,9,1,1,4,1,1S,4S,,0,64,False,True,False,True,1930
top_ten,svm,bigram,no_origin,12,unith,121,Nielsen,Oct_22_g0,0.999896608767576,1.0,1.0,0.8143459915611815,,9,20,4,8,0,6,10,1,1,5,1,1S,5S,,0,90,False,True,False,True,1930
top_ten,svm,bigram,no_origin,12,unith,121,Nielsen,Oct_22_g0,0.999896608767576,1.0,1.0,0.8143459915611815,,9,20,4,8,0,6,11,1,1,6,1,1S,6S,,0,78,False,True,False,True,1930
top_ten,svm,bigram,no_origin,12,unith,121,Nielsen,Oct_22_g0,0.999896608767576,1.0,1.0,0.8143459915611815,9,9,20,4,8,0,7,0,2,1,1,0,2S,1H,0.245835295921807,23,62,True,True,True,True,1930
top_ten,svm,bigram,no_origin,12,unith,121,Nielsen,Oct_22_g0,0.999896608767576,1.0,1.0,0.8143459915611815,9,9,20,4,8,0,7,1,2,1,2,0,2S,2H,0.1449486616375229,23,46,True,True,True,True,1930
top_ten,svm,bigram,no_origin,12,unith,121,Nielsen,Oct_22_g0,0.999896608767576,1.0,1.0,0.8143459915611815,9,9,20,4,8,0,7,2,2,1,3,0,2S,3H,0.10893614842861052,23,71,True,True,True,True,1930
top_ten,svm,bigram,no_origin,12,unith,121,Nielsen,Oct_22_g0,0.999896608767576,1.0,1.0,0.8143459915611815,9,9,20,4,8,0,7,3,2,1,4,0,2S,4H,0.12180676337619023,23,18,True,True,True,True,1930
top_ten,svm,bigram,no_origin,12,unith,121,Nielsen,Oct_22_g0,0.999896608767576,1.0,1.0,0.8143459915611815,9,,20,4,8,0,7,4,2,1,5,0,2S,5H,,23,0,True,False,True,False,1930
top_ten,svm,bigram,no_origin,12,unith,121,Nielsen,Oct_22_g0,0.999896608767576,1.0,1.0,0.8143459915611815,9,,20,4,8,0,7,5,2,1,6,0,2S,6H,,23,0,True,False,True,False,1930
top_ten,svm,bigram,no_origin,12,unith,121,Nielsen,Oct_22_g0,0.999896608767576,1.0,1.0,0.8143459915611815,9,,20,4,8,0,7,6,2,1,1,1,2S,1S,,23,0,True,False,True,False,1930
top_ten,svm,bigram,no_origin,12,unith,121,Nielsen,Oct_22_g0,0.999896608767576,1.0,1.0,0.8143459915611815,9,9,20,4,8,0,7,7,2,1,2,1,2S,2S,0.19216354885433348,23,23,True,True,True,True,1930
top_ten,svm,bigram,no_origin,12,unith,121,Nielsen,Oct_22_g0,0.999896608767576,1.0,1.0,0.8143459915611815,9,3,20,4,8,0,7,8,2,1,3,1,2S,3S,0.11503113262344716,23,6,True,True,True,False,1930
top_ten,svm,bigram,no_origin,12,unith,121,Nielsen,Oct_22_g0,0.999896608767576,1.0,1.0,0.8143459915611815,9,9,20,4,8,0,7,9,2,1,4,1,2S,4S,0.1954772525433215,23,64,True,True,True,True,1930
top_ten,svm,bigram,no_origin,12,unith,121,Nielsen,Oct_22_g0,0.999896608767576,1.0,1.0,0.8143459915611815,9,9,20,4,8,0,7,10,2,1,5,1,2S,5S,0.1708104881579046,23,90,True,True,True,True,1930
top_ten,svm,bigram,no_origin,12,unith,121,Nielsen,Oct_22_g0,0.999896608767576,1.0,1.0,0.8143459915611815,9,9,20,4,8,0,7,11,2,1,6,1,2S,6S,0.18413602770646137,23,78,True,True,True,True,1930
top_ten,svm,bigram,no_origin,12,unith,121,Nielsen,Oct_22_g0,0.999896608767576,1.0,1.0,0.8143459915611815,3,9,20,4,8,0,8,0,3,1,1,0,3S,1H,0.08466521133821908,6,62,True,True,False,True,1930
top_ten,svm,bigram,no_origin,12,unith,121,Nielsen,Oct_22_g0,0.999896608767576,1.0,1.0,0.8143459915611815,3,9,20,4,8,0,8,1,3,1,2,0,3S,2H,0.11252638560187535,6,46,True,True,False,True,1930
top_ten,svm,bigram,no_origin,12,unith,121,Nielsen,Oct_22_g0,0.999896608767576,1.0,1.0,0.8143459915611815,3,9,20,4,8,0,8,2,3,1,3,0,3S,3H,0.15002351582854376,6,71,True,True,False,True,1930
top_ten,svm,bigram,no_origin,12,unith,121,Nielsen,Oct_22_g0,0.999896608767576,1.0,1.0,0.8143459915611815,3,9,20,4,8,0,8,3,3,1,4,0,3S,4H,0.06381663239219774,6,18,True,True,False,True,1930
top_ten,svm,bigram,no_origin,12,unith,121,Nielsen,Oct_22_g0,0.999896608767576,1.0,1.0,0.8143459915611815,3,,20,4,8,0,8,4,3,1,5,0,3S,5H,,6,0,True,False,False,False,1930
top_ten,svm,bigram,no_origin,12,unith,121,Nielsen,Oct_22_g0,0.999896608767576,1.0,1.0,0.8143459915611815,3,,20,4,8,0,8,5,3,1,6,0,3S,6H,,6,0,True,False,False,False,1930
top_ten,svm,bigram,no_origin,12,unith,121,Nielsen,Oct_22_g0,0.999896608767576,1.0,1.0,0.8143459915611815,3,,20,4,8,0,8,6,3,1,1,1,3S,1S,,6,0,True,False,False,False,1930
top_ten,svm,bigram,no_origin,12,unith,121,Nielsen,Oct_22_g0,0.999896608767576,1.0,1.0,0.8143459915611815,3,9,20,4,8,0,8,7,3,1,2,1,3S,2S,0.11503113262344716,6,23,True,True,False,True,1930
top_ten,svm,bigram,no_origin,12,unith,121,Nielsen,Oct_22_g0,0.999896608767576,1.0,1.0,0.8143459915611815,3,3,20,4,8,0,8,8,3,1,3,1,3S,3S,0.18150868300275017,6,6,True,True,False,False,1930
top_ten,svm,bigram,no_origin,12,unith,121,Nielsen,Oct_22_g0,0.999896608767576,1.0,1.0,0.8143459915611815,3,9,20,4,8,0,8,9,3,1,4,1,3S,4S,0.07294487243511014,6,64,True,True,False,True,1930
top_ten,svm,bigram,no_origin,12,unith,121,Nielsen,Oct_22_g0,0.999896608767576,1.0,1.0,0.8143459915611815,3,9,20,4,8,0,8,10,3,1,5,1,3S,5S,0.1392360125202759,6,90,True,True,False,True,1930
top_ten,svm,bigram,no_origin,12,unith,121,Nielsen,Oct_22_g0,0.999896608767576,1.0,1.0,0.8143459915611815,3,9,20,4,8,0,8,11,3,1,6,1,3S,6S,0.13064626338656155,6,78,True,True,False,True,1930
top_ten,svm,bigram,no_origin,12,unith,121,Nielsen,Oct_22_g0,0.999896608767576,1.0,1.0,0.8143459915611815,9,9,20,4,8,0,9,0,4,1,1,0,4S,1H,0.18096526848330147,64,62,True,True,True,True,1930
top_ten,svm,bigram,no_origin,12,unith,121,Nielsen,Oct_22_g0,0.999896608767576,1.0,1.0,0.8143459915611815,9,9,20,4,8,0,9,1,4,1,2,0,4S,2H,0.1459127057121007,64,46,True,True,True,True,1930
top_ten,svm,bigram,no_origin,12,unith,121,Nielsen,Oct_22_g0,0.999896608767576,1.0,1.0,0.8143459915611815,9,9,20,4,8,0,9,2,4,1,3,0,4S,3H,0.126521010186322,64,71,True,True,True,True,1930
top_ten,svm,bigram,no_origin,12,unith,121,Nielsen,Oct_22_g0,0.999896608767576,1.0,1.0,0.8143459915611815,9,9,20,4,8,0,9,3,4,1,4,0,4S,4H,0.11517540937314197,64,18,True,True,True,True,1930
top_ten,svm,bigram,no_origin,12,unith,121,Nielsen,Oct_22_g0,0.999896608767576,1.0,1.0,0.8143459915611815,9,,20,4,8,0,9,4,4,1,5,0,4S,5H,,64,0,True,False,True,False,1930
top_ten,svm,bigram,no_origin,12,unith,121,Nielsen,Oct_22_g0,0.999896608767576,1.0,1.0,0.8143459915611815,9,,20,4,8,0,9,5,4,1,6,0,4S,6H,,64,0,True,False,True,False,1930
top_ten,svm,bigram,no_origin,12,unith,121,Nielsen,Oct_22_g0,0.999896608767576,1.0,1.0,0.8143459915611815,9,,20,4,8,0,9,6,4,1,1,1,4S,1S,,64,0,True,False,True,False,1930
top_ten,svm,bigram,no_origin,12,unith,121,Nielsen,Oct_22_g0,0.999896608767576,1.0,1.0,0.8143459915611815,9,9,20,4,8,0,9,7,4,1,2,1,4S,2S,0.1954772525433215,64,23,True,True,True,True,1930
top_ten,svm,bigram,no_origin,12,unith,121,Nielsen,Oct_22_g0,0.999896608767576,1.0,1.0,0.8143459915611815,9,3,20,4,8,0,9,8,4,1,3,1,4S,3S,0.07294487243511014,64,6,True,True,True,False,1930
top_ten,svm,bigram,no_origin,12,unith,121,Nielsen,Oct_22_g0,0.999896608767576,1.0,1.0,0.8143459915611815,9,9,20,4,8,0,9,9,4,1,4,1,4S,4S,0.08193502201398652,64,64,True,True,True,True,1930
top_ten,svm,bigram,no_origin,12,unith,121,Nielsen,Oct_22_g0,0.999896608767576,1.0,1.0,0.8143459915611815,9,9,20,4,8,0,9,10,4,1,5,1,4S,5S,0.1518849388814993,64,90,True,True,True,True,1930
top_ten,svm,bigram,no_origin,12,unith,121,Nielsen,Oct_22_g0,0.999896608767576,1.0,1.0,0.8143459915611815,9,9,20,4,8,0,9,11,4,1,6,1,4S,6S,0.1273745291557261,64,78,True,True,True,True,1930
top_ten,svm,bigram,no_origin,12,unith,121,Nielsen,Oct_22_g0,0.999896608767576,1.0,1.0,0.8143459915611815,9,9,20,4,8,0,10,0,5,1,1,0,5S,1H,0.22099513911805468,90,62,True,True,True,True,1930
top_ten,svm,bigram,no_origin,12,unith,121,Nielsen,Oct_22_g0,0.999896608767576,1.0,1.0,0.8143459915611815,9,9,20,4,8,0,10,1,5,1,2,0,5S,2H,0.06498583682927724,90,46,True,True,True,True,1930
top_ten,svm,bigram,no_origin,12,unith,121,Nielsen,Oct_22_g0,0.999896608767576,1.0,1.0,0.8143459915611815,9,9,20,4,8,0,10,2,5,1,3,0,5S,3H,0.18942625852897504,90,71,True,True,True,True,1930
top_ten,svm,bigram,no_origin,12,unith,121,Nielsen,Oct_22_g0,0.999896608767576,1.0,1.0,0.8143459915611815,9,9,20,4,8,0,10,3,5,1,4,0,5S,4H,0.12012167502682751,90,18,True,True,True,True,1930
top_ten,svm,bigram,no_origin,12,unith,121,Nielsen,Oct_22_g0,0.999896608767576,1.0,1.0,0.8143459915611815,9,,20,4,8,0,10,4,5,1,5,0,5S,5H,,90,0,True,False,True,False,1930
top_ten,svm,bigram,no_origin,12,unith,121,Nielsen,Oct_22_g0,0.999896608767576,1.0,1.0,0.8143459915611815,9,,20,4,8,0,10,5,5,1,6,0,5S,6H,,90,0,True,False,True,False,1930
top_ten,svm,bigram,no_origin,12,unith,121,Nielsen,Oct_22_g0,0.999896608767576,1.0,1.0,0.8143459915611815,9,,20,4,8,0,10,6,5,1,1,1,5S,1S,,90,0,True,False,True,False,1930
top_ten,svm,bigram,no_origin,12,unith,121,Nielsen,Oct_22_g0,0.999896608767576,1.0,1.0,0.8143459915611815,9,9,20,4,8,0,10,7,5,1,2,1,5S,2S,0.1708104881579046,90,23,True,True,True,True,1930
top_ten,svm,bigram,no_origin,12,unith,121,Nielsen,Oct_22_g0,0.999896608767576,1.0,1.0,0.8143459915611815,9,3,20,4,8,0,10,8,5,1,3,1,5S,3S,0.1392360125202759,90,6,True,True,True,False,1930
top_ten,svm,bigram,no_origin,12,unith,121,Nielsen,Oct_22_g0,0.999896608767576,1.0,1.0,0.8143459915611815,9,9,20,4,8,0,10,9,5,1,4,1,5S,4S,0.1518849388814993,90,64,True,True,True,True,1930
top_ten,svm,bigram,no_origin,12,unith,121,Nielsen,Oct_22_g0,0.999896608767576,1.0,1.0,0.8143459915611815,9,9,20,4,8,0,10,10,5,1,5,1,5S,5S,0.2537997759437349,90,90,True,True,True,True,1930
top_ten,svm,bigram,no_origin,12,unith,121,Nielsen,Oct_22_g0,0.999896608767576,1.0,1.0,0.8143459915611815,9,9,20,4,8,0,10,11,5,1,6,1,5S,6S,0.10845006548216889,90,78,True,True,True,True,1930
top_ten,svm,bigram,no_origin,12,unith,121,Nielsen,Oct_22_g0,0.999896608767576,1.0,1.0,0.8143459915611815,9,9,20,4,8,0,11,0,6,1,1,0,6S,1H,0.05572141546531756,78,62,True,True,True,True,1930
top_ten,svm,bigram,no_origin,12,unith,121,Nielsen,Oct_22_g0,0.999896608767576,1.0,1.0,0.8143459915611815,9,9,20,4,8,0,11,1,6,1,2,0,6S,2H,0.09781134146782836,78,46,True,True,True,True,1930
top_ten,svm,bigram,no_origin,12,unith,121,Nielsen,Oct_22_g0,0.999896608767576,1.0,1.0,0.8143459915611815,9,9,20,4,8,0,11,2,6,1,3,0,6S,3H,0.11855293412147747,78,71,True,True,True,True,1930
top_ten,svm,bigram,no_origin,12,unith,121,Nielsen,Oct_22_g0,0.999896608767576,1.0,1.0,0.8143459915611815,9,9,20,4,8,0,11,3,6,1,4,0,6S,4H,0.2124957395061812,78,18,True,True,True,True,1930
top_ten,svm,bigram,no_origin,12,unith,121,Nielsen,Oct_22_g0,0.999896608767576,1.0,1.0,0.8143459915611815,9,,20,4,8,0,11,4,6,1,5,0,6S,5H,,78,0,True,False,True,False,1930
top_ten,svm,bigram,no_origin,12,unith,121,Nielsen,Oct_22_g0,0.999896608767576,1.0,1.0,0.8143459915611815,9,,20,4,8,0,11,5,6,1,6,0,6S,6H,,78,0,True,False,True,False,1930
top_ten,svm,bigram,no_origin,12,unith,121,Nielsen,Oct_22_g0,0.999896608767576,1.0,1.0,0.8143459915611815,9,,20,4,8,0,11,6,6,1,1,1,6S,1S,,78,0,True,False,True,False,1930
top_ten,svm,bigram,no_origin,12,unith,121,Nielsen,Oct_22_g0,0.999896608767576,1.0,1.0,0.8143459915611815,9,9,20,4,8,0,11,7,6,1,2,1,6S,2S,0.18413602770646137,78,23,True,True,True,True,1930
top_ten,svm,bigram,no_origin,12,unith,121,Nielsen,Oct_22_g0,0.999896608767576,1.0,1.0,0.8143459915611815,9,3,20,4,8,0,11,8,6,1,3,1,6S,3S,0.13064626338656155,78,6,True,True,True,False,1930
top_ten,svm,bigram,no_origin,12,unith,121,Nielsen,Oct_22_g0,0.999896608767576,1.0,1.0,0.8143459915611815,9,9,20,4,8,0,11,9,6,1,4,1,6S,4S,0.1273745291557261,78,64,True,True,True,True,1930
top_ten,svm,bigram,no_origin,12,unith,121,Nielsen,Oct_22_g0,0.999896608767576,1.0,1.0,0.8143459915611815,9,9,20,4,8,0,11,10,6,1,5,1,6S,5S,0.10845006548216889,78,90,True,True,True,True,1930
top_ten,svm,bigram,no_origin,12,unith,121,Nielsen,Oct_22_g0,0.999896608767576,1.0,1.0,0.8143459915611815,9,9,20,4,8,0,11,11,6,1,6,1,6S,6S,0.17470400730807692,78,78,True,True,True,True,1930
top_ten,svm,bigram,no_origin,12,unith,121,Nielsen,Oct_25_g0,0.969401041666667,0.97021484375,0.921875,0.5207547169811321,4,4,20,4,8,0,0,0,1,0,1,0,1H,1H,0.2206653470526717,60,60,True,True,True,True,1930
top_ten,svm,bigram,no_origin,12,unith,121,Nielsen,Oct_25_g0,0.969401041666667,0.97021484375,0.921875,0.5207547169811321,4,4,20,4,8,0,0,1,1,0,2,0,1H,2H,0.13663358418574748,60,69,True,True,True,True,1930
top_ten,svm,bigram,no_origin,12,unith,121,Nielsen,Oct_25_g0,0.969401041666667,0.97021484375,0.921875,0.5207547169811321,4,4,20,4,8,0,0,2,1,0,3,0,1H,3H,0.20025208446964524,60,77,True,True,True,True,1930
top_ten,svm,bigram,no_origin,12,unith,121,Nielsen,Oct_25_g0,0.969401041666667,0.97021484375,0.921875,0.5207547169811321,4,4,20,4,8,0,0,3,1,0,4,0,1H,4H,0.18017472206272997,60,76,True,True,True,True,1930
top_ten,svm,bigram,no_origin,12,unith,121,Nielsen,Oct_25_g0,0.969401041666667,0.97021484375,0.921875,0.5207547169811321,4,4,20,4,8,0,0,4,1,0,5,0,1H,5H,0.11600966549925838,60,9,True,True,True,True,1930
top_ten,svm,bigram,no_origin,12,unith,121,Nielsen,Oct_25_g0,0.969401041666667,0.97021484375,0.921875,0.5207547169811321,4,,20,4,8,0,0,5,1,0,6,0,1H,6H,,60,0,True,False,True,False,1930
top_ten,svm,bigram,no_origin,12,unith,121,Nielsen,Oct_25_g0,0.969401041666667,0.97021484375,0.921875,0.5207547169811321,4,,20,4,8,0,0,6,1,0,1,1,1H,1S,,60,0,True,False,True,False,1930
top_ten,svm,bigram,no_origin,12,unith,121,Nielsen,Oct_25_g0,0.969401041666667,0.97021484375,0.921875,0.5207547169811321,4,,20,4,8,0,0,7,1,0,2,1,1H,2S,,60,0,True,False,True,False,1930
top_ten,svm,bigram,no_origin,12,unith,121,Nielsen,Oct_25_g0,0.969401041666667,0.97021484375,0.921875,0.5207547169811321,4,2,20,4,8,0,0,8,1,0,3,1,1H,3S,,60,4,True,True,True,False,1930
top_ten,svm,bigram,no_origin,12,unith,121,Nielsen,Oct_25_g0,0.969401041666667,0.97021484375,0.921875,0.5207547169811321,4,4,20,4,8,0,0,9,1,0,4,1,1H,4S,0.009305475027215501,60,11,True,True,True,True,1930
top_ten,svm,bigram,no_origin,12,unith,121,Nielsen,Oct_25_g0,0.969401041666667,0.97021484375,0.921875,0.5207547169811321,4,4,20,4,8,0,0,10,1,0,5,1,1H,5S,0.13388759738403122,60,104,True,True,True,True,1930
top_ten,svm,bigram,no_origin,12,unith,121,Nielsen,Oct_25_g0,0.969401041666667,0.97021484375,0.921875,0.5207547169811321,4,4,20,4,8,0,0,11,1,0,6,1,1H,6S,0.1404738071919238,60,87,True,True,True,True,1930
top_ten,svm,bigram,no_origin,12,unith,121,Nielsen,Oct_25_g0,0.969401041666667,0.97021484375,0.921875,0.5207547169811321,4,4,20,4,8,0,1,0,2,0,1,0,2H,1H,0.13663358418574748,69,60,True,True,True,True,1930
top_ten,svm,bigram,no_origin,12,unith,121,Nielsen,Oct_25_g0,0.969401041666667,0.97021484375,0.921875,0.5207547169811321,4,4,20,4,8,0,1,1,2,0,2,0,2H,2H,0.1368971786883624,69,69,True,True,True,True,1930
top_ten,svm,bigram,no_origin,12,unith,121,Nielsen,Oct_25_g0,0.969401041666667,0.97021484375,0.921875,0.5207547169811321,4,4,20,4,8,0,1,2,2,0,3,0,2H,3H,0.1422147145646567,69,77,True,True,True,True,1930
top_ten,svm,bigram,no_origin,12,unith,121,Nielsen,Oct_25_g0,0.969401041666667,0.97021484375,0.921875,0.5207547169811321,4,4,20,4,8,0,1,3,2,0,4,0,2H,4H,0.08284114651861925,69,76,True,True,True,True,1930
top_ten,svm,bigram,no_origin,12,unith,121,Nielsen,Oct_25_g0,0.969401041666667,0.97021484375,0.921875,0.5207547169811321,4,4,20,4,8,0,1,4,2,0,5,0,2H,5H,0.10211815569367154,69,9,True,True,True,True,1930
top_ten,svm,bigram,no_origin,12,unith,121,Nielsen,Oct_25_g0,0.969401041666667,0.97021484375,0.921875,0.5207547169811321,4,,20,4,8,0,1,5,2,0,6,0,2H,6H,,69,0,True,False,True,False,1930
top_ten,svm,bigram,no_origin,12,unith,121,Nielsen,Oct_25_g0,0.969401041666667,0.97021484375,0.921875,0.5207547169811321,4,,20,4,8,0,1,6,2,0,1,1,2H,1S,,69,0,True,False,True,False,1930
top_ten,svm,bigram,no_origin,12,unith,121,Nielsen,Oct_25_g0,0.969401041666667,0.97021484375,0.921875,0.5207547169811321,4,,20,4,8,0,1,7,2,0,2,1,2H,2S,,69,0,True,False,True,False,1930
top_ten,svm,bigram,no_origin,12,unith,121,Nielsen,Oct_25_g0,0.969401041666667,0.97021484375,0.921875,0.5207547169811321,4,2,20,4,8,0,1,8,2,0,3,1,2H,3S,,69,4,True,True,True,False,1930
top_ten,svm,bigram,no_origin,12,unith,121,Nielsen,Oct_25_g0,0.969401041666667,0.97021484375,0.921875,0.5207547169811321,4,4,20,4,8,0,1,9,2,0,4,1,2H,4S,0.028657753616395436,69,11,True,True,True,True,1930
top_ten,svm,bigram,no_origin,12,unith,121,Nielsen,Oct_25_g0,0.969401041666667,0.97021484375,0.921875,0.5207547169811321,4,4,20,4,8,0,1,10,2,0,5,1,2H,5S,0.10313480631862992,69,104,True,True,True,True,1930
top_ten,svm,bigram,no_origin,12,unith,121,Nielsen,Oct_25_g0,0.969401041666667,0.97021484375,0.921875,0.5207547169811321,4,4,20,4,8,0,1,11,2,0,6,1,2H,6S,0.08100524660970837,69,87,True,True,True,True,1930
top_ten,svm,bigram,no_origin,12,unith,121,Nielsen,Oct_25_g0,0.969401041666667,0.97021484375,0.921875,0.5207547169811321,4,4,20,4,8,0,2,0,3,0,1,0,3H,1H,0.20025208446964524,77,60,True,True,True,True,1930
top_ten,svm,bigram,no_origin,12,unith,121,Nielsen,Oct_25_g0,0.969401041666667,0.97021484375,0.921875,0.5207547169811321,4,4,20,4,8,0,2,1,3,0,2,0,3H,2H,0.1422147145646567,77,69,True,True,True,True,1930
top_ten,svm,bigram,no_origin,12,unith,121,Nielsen,Oct_25_g0,0.969401041666667,0.97021484375,0.921875,0.5207547169811321,4,4,20,4,8,0,2,2,3,0,3,0,3H,3H,0.20169440849390172,77,77,True,True,True,True,1930
top_ten,svm,bigram,no_origin,12,unith,121,Nielsen,Oct_25_g0,0.969401041666667,0.97021484375,0.921875,0.5207547169811321,4,4,20,4,8,0,2,3,3,0,4,0,3H,4H,0.11943423843939141,77,76,True,True,True,True,1930
top_ten,svm,bigram,no_origin,12,unith,121,Nielsen,Oct_25_g0,0.969401041666667,0.97021484375,0.921875,0.5207547169811321,4,4,20,4,8,0,2,4,3,0,5,0,3H,5H,0.08489496364240806,77,9,True,True,True,True,1930
top_ten,svm,bigram,no_origin,12,unith,121,Nielsen,Oct_25_g0,0.969401041666667,0.97021484375,0.921875,0.5207547169811321,4,,20,4,8,0,2,5,3,0,6,0,3H,6H,,77,0,True,False,True,False,1930
top_ten,svm,bigram,no_origin,12,unith,121,Nielsen,Oct_25_g0,0.969401041666667,0.97021484375,0.921875,0.5207547169811321,4,,20,4,8,0,2,6,3,0,1,1,3H,1S,,77,0,True,False,True,False,1930
top_ten,svm,bigram,no_origin,12,unith,121,Nielsen,Oct_25_g0,0.969401041666667,0.97021484375,0.921875,0.5207547169811321,4,,20,4,8,0,2,7,3,0,2,1,3H,2S,,77,0,True,False,True,False,1930
top_ten,svm,bigram,no_origin,12,unith,121,Nielsen,Oct_25_g0,0.969401041666667,0.97021484375,0.921875,0.5207547169811321,4,2,20,4,8,0,2,8,3,0,3,1,3H,3S,,77,4,True,True,True,False,1930
top_ten,svm,bigram,no_origin,12,unith,121,Nielsen,Oct_25_g0,0.969401041666667,0.97021484375,0.921875,0.5207547169811321,4,4,20,4,8,0,2,9,3,0,4,1,3H,4S,-0.008787774733640976,77,11,True,True,True,True,1930
top_ten,svm,bigram,no_origin,12,unith,121,Nielsen,Oct_25_g0,0.969401041666667,0.97021484375,0.921875,0.5207547169811321,4,4,20,4,8,0,2,10,3,0,5,1,3H,5S,0.2051406738245776,77,104,True,True,True,True,1930
top_ten,svm,bigram,no_origin,12,unith,121,Nielsen,Oct_25_g0,0.969401041666667,0.97021484375,0.921875,0.5207547169811321,4,4,20,4,8,0,2,11,3,0,6,1,3H,6S,0.08904076033081507,77,87,True,True,True,True,1930
top_ten,svm,bigram,no_origin,12,unith,121,Nielsen,Oct_25_g0,0.969401041666667,0.97021484375,0.921875,0.5207547169811321,4,4,20,4,8,0,3,0,4,0,1,0,4H,1H,0.18017472206272997,76,60,True,True,True,True,1930
top_ten,svm,bigram,no_origin,12,unith,121,Nielsen,Oct_25_g0,0.969401041666667,0.97021484375,0.921875,0.5207547169811321,4,4,20,4,8,0,3,1,4,0,2,0,4H,2H,0.08284114651861925,76,69,True,True,True,True,1930
top_ten,svm,bigram,no_origin,12,unith,121,Nielsen,Oct_25_g0,0.969401041666667,0.97021484375,0.921875,0.5207547169811321,4,4,20,4,8,0,3,2,4,0,3,0,4H,3H,0.11943423843939141,76,77,True,True,True,True,1930
top_ten,svm,bigram,no_origin,12,unith,121,Nielsen,Oct_25_g0,0.969401041666667,0.97021484375,0.921875,0.5207547169811321,4,4,20,4,8,0,3,3,4,0,4,0,4H,4H,0.09693393539632017,76,76,True,True,True,True,1930
top_ten,svm,bigram,no_origin,12,unith,121,Nielsen,Oct_25_g0,0.969401041666667,0.97021484375,0.921875,0.5207547169811321,4,4,20,4,8,0,3,4,4,0,5,0,4H,5H,0.07589568199034,76,9,True,True,True,True,1930
top_ten,svm,bigram,no_origin,12,unith,121,Nielsen,Oct_25_g0,0.969401041666667,0.97021484375,0.921875,0.5207547169811321,4,,20,4,8,0,3,5,4,0,6,0,4H,6H,,76,0,True,False,True,False,1930
top_ten,svm,bigram,no_origin,12,unith,121,Nielsen,Oct_25_g0,0.969401041666667,0.97021484375,0.921875,0.5207547169811321,4,,20,4,8,0,3,6,4,0,1,1,4H,1S,,76,0,True,False,True,False,1930
top_ten,svm,bigram,no_origin,12,unith,121,Nielsen,Oct_25_g0,0.969401041666667,0.97021484375,0.921875,0.5207547169811321,4,,20,4,8,0,3,7,4,0,2,1,4H,2S,,76,0,True,False,True,False,1930
top_ten,svm,bigram,no_origin,12,unith,121,Nielsen,Oct_25_g0,0.969401041666667,0.97021484375,0.921875,0.5207547169811321,4,2,20,4,8,0,3,8,4,0,3,1,4H,3S,,76,4,True,True,True,False,1930
top_ten,svm,bigram,no_origin,12,unith,121,Nielsen,Oct_25_g0,0.969401041666667,0.97021484375,0.921875,0.5207547169811321,4,4,20,4,8,0,3,9,4,0,4,1,4H,4S,0.009647692402194806,76,11,True,True,True,True,1930
top_ten,svm,bigram,no_origin,12,unith,121,Nielsen,Oct_25_g0,0.969401041666667,0.97021484375,0.921875,0.5207547169811321,4,4,20,4,8,0,3,10,4,0,5,1,4H,5S,0.10665733490714516,76,104,True,True,True,True,1930
top_ten,svm,bigram,no_origin,12,unith,121,Nielsen,Oct_25_g0,0.969401041666667,0.97021484375,0.921875,0.5207547169811321,4,4,20,4,8,0,3,11,4,0,6,1,4H,6S,0.05365776591025835,76,87,True,True,True,True,1930
top_ten,svm,bigram,no_origin,12,unith,121,Nielsen,Oct_25_g0,0.969401041666667,0.97021484375,0.921875,0.5207547169811321,4,4,20,4,8,0,4,0,5,0,1,0,5H,1H,0.11600966549925838,9,60,True,True,True,True,1930
top_ten,svm,bigram,no_origin,12,unith,121,Nielsen,Oct_25_g0,0.969401041666667,0.97021484375,0.921875,0.5207547169811321,4,4,20,4,8,0,4,1,5,0,2,0,5H,2H,0.10211815569367154,9,69,True,True,True,True,1930
top_ten,svm,bigram,no_origin,12,unith,121,Nielsen,Oct_25_g0,0.969401041666667,0.97021484375,0.921875,0.5207547169811321,4,4,20,4,8,0,4,2,5,0,3,0,5H,3H,0.08489496364240806,9,77,True,True,True,True,1930
top_ten,svm,bigram,no_origin,12,unith,121,Nielsen,Oct_25_g0,0.969401041666667,0.97021484375,0.921875,0.5207547169811321,4,4,20,4,8,0,4,3,5,0,4,0,5H,4H,0.07589568199034,9,76,True,True,True,True,1930
top_ten,svm,bigram,no_origin,12,unith,121,Nielsen,Oct_25_g0,0.969401041666667,0.97021484375,0.921875,0.5207547169811321,4,4,20,4,8,0,4,4,5,0,5,0,5H,5H,-0.023425999885496863,9,9,True,True,True,True,1930
top_ten,svm,bigram,no_origin,12,unith,121,Nielsen,Oct_25_g0,0.969401041666667,0.97021484375,0.921875,0.5207547169811321,4,,20,4,8,0,4,5,5,0,6,0,5H,6H,,9,0,True,False,True,False,1930
top_ten,svm,bigram,no_origin,12,unith,121,Nielsen,Oct_25_g0,0.969401041666667,0.97021484375,0.921875,0.5207547169811321,4,,20,4,8,0,4,6,5,0,1,1,5H,1S,,9,0,True,False,True,False,1930
top_ten,svm,bigram,no_origin,12,unith,121,Nielsen,Oct_25_g0,0.969401041666667,0.97021484375,0.921875,0.5207547169811321,4,,20,4,8,0,4,7,5,0,2,1,5H,2S,,9,0,True,False,True,False,1930
top_ten,svm,bigram,no_origin,12,unith,121,Nielsen,Oct_25_g0,0.969401041666667,0.97021484375,0.921875,0.5207547169811321,4,2,20,4,8,0,4,8,5,0,3,1,5H,3S,,9,4,True,True,True,False,1930
top_ten,svm,bigram,no_origin,12,unith,121,Nielsen,Oct_25_g0,0.969401041666667,0.97021484375,0.921875,0.5207547169811321,4,4,20,4,8,0,4,9,5,0,4,1,5H,4S,-0.02830435030698199,9,11,True,True,True,True,1930
top_ten,svm,bigram,no_origin,12,unith,121,Nielsen,Oct_25_g0,0.969401041666667,0.97021484375,0.921875,0.5207547169811321,4,4,20,4,8,0,4,10,5,0,5,1,5H,5S,0.07870552702452624,9,104,True,True,True,True,1930
top_ten,svm,bigram,no_origin,12,unith,121,Nielsen,Oct_25_g0,0.969401041666667,0.97021484375,0.921875,0.5207547169811321,4,4,20,4,8,0,4,11,5,0,6,1,5H,6S,0.035828723797477174,9,87,True,True,True,True,1930
top_ten,svm,bigram,no_origin,12,unith,121,Nielsen,Oct_25_g0,0.969401041666667,0.97021484375,0.921875,0.5207547169811321,,4,20,4,8,0,5,0,6,0,1,0,6H,1H,,0,60,False,True,False,True,1930
top_ten,svm,bigram,no_origin,12,unith,121,Nielsen,Oct_25_g0,0.969401041666667,0.97021484375,0.921875,0.5207547169811321,,4,20,4,8,0,5,1,6,0,2,0,6H,2H,,0,69,False,True,False,True,1930
top_ten,svm,bigram,no_origin,12,unith,121,Nielsen,Oct_25_g0,0.969401041666667,0.97021484375,0.921875,0.5207547169811321,,4,20,4,8,0,5,2,6,0,3,0,6H,3H,,0,77,False,True,False,True,1930
top_ten,svm,bigram,no_origin,12,unith,121,Nielsen,Oct_25_g0,0.969401041666667,0.97021484375,0.921875,0.5207547169811321,,4,20,4,8,0,5,3,6,0,4,0,6H,4H,,0,76,False,True,False,True,1930
top_ten,svm,bigram,no_origin,12,unith,121,Nielsen,Oct_25_g0,0.969401041666667,0.97021484375,0.921875,0.5207547169811321,,4,20,4,8,0,5,4,6,0,5,0,6H,5H,,0,9,False,True,False,True,1930
top_ten,svm,bigram,no_origin,12,unith,121,Nielsen,Oct_25_g0,0.969401041666667,0.97021484375,0.921875,0.5207547169811321,,,20,4,8,0,5,5,6,0,6,0,6H,6H,,0,0,False,False,False,False,1930
top_ten,svm,bigram,no_origin,12,unith,121,Nielsen,Oct_25_g0,0.969401041666667,0.97021484375,0.921875,0.5207547169811321,,,20,4,8,0,5,6,6,0,1,1,6H,1S,,0,0,False,False,False,False,1930
top_ten,svm,bigram,no_origin,12,unith,121,Nielsen,Oct_25_g0,0.969401041666667,0.97021484375,0.921875,0.5207547169811321,,,20,4,8,0,5,7,6,0,2,1,6H,2S,,0,0,False,False,False,False,1930
top_ten,svm,bigram,no_origin,12,unith,121,Nielsen,Oct_25_g0,0.969401041666667,0.97021484375,0.921875,0.5207547169811321,,2,20,4,8,0,5,8,6,0,3,1,6H,3S,,0,4,False,True,False,False,1930
top_ten,svm,bigram,no_origin,12,unith,121,Nielsen,Oct_25_g0,0.969401041666667,0.97021484375,0.921875,0.5207547169811321,,4,20,4,8,0,5,9,6,0,4,1,6H,4S,,0,11,False,True,False,True,1930
top_ten,svm,bigram,no_origin,12,unith,121,Nielsen,Oct_25_g0,0.969401041666667,0.97021484375,0.921875,0.5207547169811321,,4,20,4,8,0,5,10,6,0,5,1,6H,5S,,0,104,False,True,False,True,1930
top_ten,svm,bigram,no_origin,12,unith,121,Nielsen,Oct_25_g0,0.969401041666667,0.97021484375,0.921875,0.5207547169811321,,4,20,4,8,0,5,11,6,0,6,1,6H,6S,,0,87,False,True,False,True,1930
top_ten,svm,bigram,no_origin,12,unith,121,Nielsen,Oct_25_g0,0.969401041666667,0.97021484375,0.921875,0.5207547169811321,,4,20,4,8,0,6,0,1,1,1,0,1S,1H,,0,60,False,True,False,True,1930
top_ten,svm,bigram,no_origin,12,unith,121,Nielsen,Oct_25_g0,0.969401041666667,0.97021484375,0.921875,0.5207547169811321,,4,20,4,8,0,6,1,1,1,2,0,1S,2H,,0,69,False,True,False,True,1930
top_ten,svm,bigram,no_origin,12,unith,121,Nielsen,Oct_25_g0,0.969401041666667,0.97021484375,0.921875,0.5207547169811321,,4,20,4,8,0,6,2,1,1,3,0,1S,3H,,0,77,False,True,False,True,1930
top_ten,svm,bigram,no_origin,12,unith,121,Nielsen,Oct_25_g0,0.969401041666667,0.97021484375,0.921875,0.5207547169811321,,4,20,4,8,0,6,3,1,1,4,0,1S,4H,,0,76,False,True,False,True,1930
top_ten,svm,bigram,no_origin,12,unith,121,Nielsen,Oct_25_g0,0.969401041666667,0.97021484375,0.921875,0.5207547169811321,,4,20,4,8,0,6,4,1,1,5,0,1S,5H,,0,9,False,True,False,True,1930
top_ten,svm,bigram,no_origin,12,unith,121,Nielsen,Oct_25_g0,0.969401041666667,0.97021484375,0.921875,0.5207547169811321,,,20,4,8,0,6,5,1,1,6,0,1S,6H,,0,0,False,False,False,False,1930
top_ten,svm,bigram,no_origin,12,unith,121,Nielsen,Oct_25_g0,0.969401041666667,0.97021484375,0.921875,0.5207547169811321,,,20,4,8,0,6,6,1,1,1,1,1S,1S,,0,0,False,False,False,False,1930
top_ten,svm,bigram,no_origin,12,unith,121,Nielsen,Oct_25_g0,0.969401041666667,0.97021484375,0.921875,0.5207547169811321,,,20,4,8,0,6,7,1,1,2,1,1S,2S,,0,0,False,False,False,False,1930
top_ten,svm,bigram,no_origin,12,unith,121,Nielsen,Oct_25_g0,0.969401041666667,0.97021484375,0.921875,0.5207547169811321,,2,20,4,8,0,6,8,1,1,3,1,1S,3S,,0,4,False,True,False,False,1930
top_ten,svm,bigram,no_origin,12,unith,121,Nielsen,Oct_25_g0,0.969401041666667,0.97021484375,0.921875,0.5207547169811321,,4,20,4,8,0,6,9,1,1,4,1,1S,4S,,0,11,False,True,False,True,1930
top_ten,svm,bigram,no_origin,12,unith,121,Nielsen,Oct_25_g0,0.969401041666667,0.97021484375,0.921875,0.5207547169811321,,4,20,4,8,0,6,10,1,1,5,1,1S,5S,,0,104,False,True,False,True,1930
top_ten,svm,bigram,no_origin,12,unith,121,Nielsen,Oct_25_g0,0.969401041666667,0.97021484375,0.921875,0.5207547169811321,,4,20,4,8,0,6,11,1,1,6,1,1S,6S,,0,87,False,True,False,True,1930
top_ten,svm,bigram,no_origin,12,unith,121,Nielsen,Oct_25_g0,0.969401041666667,0.97021484375,0.921875,0.5207547169811321,,4,20,4,8,0,7,0,2,1,1,0,2S,1H,,0,60,False,True,False,True,1930
top_ten,svm,bigram,no_origin,12,unith,121,Nielsen,Oct_25_g0,0.969401041666667,0.97021484375,0.921875,0.5207547169811321,,4,20,4,8,0,7,1,2,1,2,0,2S,2H,,0,69,False,True,False,True,1930
top_ten,svm,bigram,no_origin,12,unith,121,Nielsen,Oct_25_g0,0.969401041666667,0.97021484375,0.921875,0.5207547169811321,,4,20,4,8,0,7,2,2,1,3,0,2S,3H,,0,77,False,True,False,True,1930
top_ten,svm,bigram,no_origin,12,unith,121,Nielsen,Oct_25_g0,0.969401041666667,0.97021484375,0.921875,0.5207547169811321,,4,20,4,8,0,7,3,2,1,4,0,2S,4H,,0,76,False,True,False,True,1930
top_ten,svm,bigram,no_origin,12,unith,121,Nielsen,Oct_25_g0,0.969401041666667,0.97021484375,0.921875,0.5207547169811321,,4,20,4,8,0,7,4,2,1,5,0,2S,5H,,0,9,False,True,False,True,1930
top_ten,svm,bigram,no_origin,12,unith,121,Nielsen,Oct_25_g0,0.969401041666667,0.97021484375,0.921875,0.5207547169811321,,,20,4,8,0,7,5,2,1,6,0,2S,6H,,0,0,False,False,False,False,1930
top_ten,svm,bigram,no_origin,12,unith,121,Nielsen,Oct_25_g0,0.969401041666667,0.97021484375,0.921875,0.5207547169811321,,,20,4,8,0,7,6,2,1,1,1,2S,1S,,0,0,False,False,False,False,1930
top_ten,svm,bigram,no_origin,12,unith,121,Nielsen,Oct_25_g0,0.969401041666667,0.97021484375,0.921875,0.5207547169811321,,,20,4,8,0,7,7,2,1,2,1,2S,2S,,0,0,False,False,False,False,1930
top_ten,svm,bigram,no_origin,12,unith,121,Nielsen,Oct_25_g0,0.969401041666667,0.97021484375,0.921875,0.5207547169811321,,2,20,4,8,0,7,8,2,1,3,1,2S,3S,,0,4,False,True,False,False,1930
top_ten,svm,bigram,no_origin,12,unith,121,Nielsen,Oct_25_g0,0.969401041666667,0.97021484375,0.921875,0.5207547169811321,,4,20,4,8,0,7,9,2,1,4,1,2S,4S,,0,11,False,True,False,True,1930
top_ten,svm,bigram,no_origin,12,unith,121,Nielsen,Oct_25_g0,0.969401041666667,0.97021484375,0.921875,0.5207547169811321,,4,20,4,8,0,7,10,2,1,5,1,2S,5S,,0,104,False,True,False,True,1930
top_ten,svm,bigram,no_origin,12,unith,121,Nielsen,Oct_25_g0,0.969401041666667,0.97021484375,0.921875,0.5207547169811321,,4,20,4,8,0,7,11,2,1,6,1,2S,6S,,0,87,False,True,False,True,1930
top_ten,svm,bigram,no_origin,12,unith,121,Nielsen,Oct_25_g0,0.969401041666667,0.97021484375,0.921875,0.5207547169811321,2,4,20,4,8,0,8,0,3,1,1,0,3S,1H,,4,60,True,True,False,True,1930
top_ten,svm,bigram,no_origin,12,unith,121,Nielsen,Oct_25_g0,0.969401041666667,0.97021484375,0.921875,0.5207547169811321,2,4,20,4,8,0,8,1,3,1,2,0,3S,2H,,4,69,True,True,False,True,1930
top_ten,svm,bigram,no_origin,12,unith,121,Nielsen,Oct_25_g0,0.969401041666667,0.97021484375,0.921875,0.5207547169811321,2,4,20,4,8,0,8,2,3,1,3,0,3S,3H,,4,77,True,True,False,True,1930
top_ten,svm,bigram,no_origin,12,unith,121,Nielsen,Oct_25_g0,0.969401041666667,0.97021484375,0.921875,0.5207547169811321,2,4,20,4,8,0,8,3,3,1,4,0,3S,4H,,4,76,True,True,False,True,1930
top_ten,svm,bigram,no_origin,12,unith,121,Nielsen,Oct_25_g0,0.969401041666667,0.97021484375,0.921875,0.5207547169811321,2,4,20,4,8,0,8,4,3,1,5,0,3S,5H,,4,9,True,True,False,True,1930
top_ten,svm,bigram,no_origin,12,unith,121,Nielsen,Oct_25_g0,0.969401041666667,0.97021484375,0.921875,0.5207547169811321,2,,20,4,8,0,8,5,3,1,6,0,3S,6H,,4,0,True,False,False,False,1930
top_ten,svm,bigram,no_origin,12,unith,121,Nielsen,Oct_25_g0,0.969401041666667,0.97021484375,0.921875,0.5207547169811321,2,,20,4,8,0,8,6,3,1,1,1,3S,1S,,4,0,True,False,False,False,1930
top_ten,svm,bigram,no_origin,12,unith,121,Nielsen,Oct_25_g0,0.969401041666667,0.97021484375,0.921875,0.5207547169811321,2,,20,4,8,0,8,7,3,1,2,1,3S,2S,,4,0,True,False,False,False,1930
top_ten,svm,bigram,no_origin,12,unith,121,Nielsen,Oct_25_g0,0.969401041666667,0.97021484375,0.921875,0.5207547169811321,2,2,20,4,8,0,8,8,3,1,3,1,3S,3S,,4,4,True,True,False,False,1930
top_ten,svm,bigram,no_origin,12,unith,121,Nielsen,Oct_25_g0,0.969401041666667,0.97021484375,0.921875,0.5207547169811321,2,4,20,4,8,0,8,9,3,1,4,1,3S,4S,,4,11,True,True,False,True,1930
top_ten,svm,bigram,no_origin,12,unith,121,Nielsen,Oct_25_g0,0.969401041666667,0.97021484375,0.921875,0.5207547169811321,2,4,20,4,8,0,8,10,3,1,5,1,3S,5S,,4,104,True,True,False,True,1930
top_ten,svm,bigram,no_origin,12,unith,121,Nielsen,Oct_25_g0,0.969401041666667,0.97021484375,0.921875,0.5207547169811321,2,4,20,4,8,0,8,11,3,1,6,1,3S,6S,,4,87,True,True,False,True,1930
top_ten,svm,bigram,no_origin,12,unith,121,Nielsen,Oct_25_g0,0.969401041666667,0.97021484375,0.921875,0.5207547169811321,4,4,20,4,8,0,9,0,4,1,1,0,4S,1H,0.009305475027215501,11,60,True,True,True,True,1930
top_ten,svm,bigram,no_origin,12,unith,121,Nielsen,Oct_25_g0,0.969401041666667,0.97021484375,0.921875,0.5207547169811321,4,4,20,4,8,0,9,1,4,1,2,0,4S,2H,0.028657753616395436,11,69,True,True,True,True,1930
top_ten,svm,bigram,no_origin,12,unith,121,Nielsen,Oct_25_g0,0.969401041666667,0.97021484375,0.921875,0.5207547169811321,4,4,20,4,8,0,9,2,4,1,3,0,4S,3H,-0.008787774733640976,11,77,True,True,True,True,1930
top_ten,svm,bigram,no_origin,12,unith,121,Nielsen,Oct_25_g0,0.969401041666667,0.97021484375,0.921875,0.5207547169811321,4,4,20,4,8,0,9,3,4,1,4,0,4S,4H,0.009647692402194806,11,76,True,True,True,True,1930
top_ten,svm,bigram,no_origin,12,unith,121,Nielsen,Oct_25_g0,0.969401041666667,0.97021484375,0.921875,0.5207547169811321,4,4,20,4,8,0,9,4,4,1,5,0,4S,5H,-0.02830435030698199,11,9,True,True,True,True,1930
top_ten,svm,bigram,no_origin,12,unith,121,Nielsen,Oct_25_g0,0.969401041666667,0.97021484375,0.921875,0.5207547169811321,4,,20,4,8,0,9,5,4,1,6,0,4S,6H,,11,0,True,False,True,False,1930
top_ten,svm,bigram,no_origin,12,unith,121,Nielsen,Oct_25_g0,0.969401041666667,0.97021484375,0.921875,0.5207547169811321,4,,20,4,8,0,9,6,4,1,1,1,4S,1S,,11,0,True,False,True,False,1930
top_ten,svm,bigram,no_origin,12,unith,121,Nielsen,Oct_25_g0,0.969401041666667,0.97021484375,0.921875,0.5207547169811321,4,,20,4,8,0,9,7,4,1,2,1,4S,2S,,11,0,True,False,True,False,1930
top_ten,svm,bigram,no_origin,12,unith,121,Nielsen,Oct_25_g0,0.969401041666667,0.97021484375,0.921875,0.5207547169811321,4,2,20,4,8,0,9,8,4,1,3,1,4S,3S,,11,4,True,True,True,False,1930
top_ten,svm,bigram,no_origin,12,unith,121,Nielsen,Oct_25_g0,0.969401041666667,0.97021484375,0.921875,0.5207547169811321,4,4,20,4,8,0,9,9,4,1,4,1,4S,4S,0.05395220534879448,11,11,True,True,True,True,1930
top_ten,svm,bigram,no_origin,12,unith,121,Nielsen,Oct_25_g0,0.969401041666667,0.97021484375,0.921875,0.5207547169811321,4,4,20,4,8,0,9,10,4,1,5,1,4S,5S,0.013025961740632835,11,104,True,True,True,True,1930
top_ten,svm,bigram,no_origin,12,unith,121,Nielsen,Oct_25_g0,0.969401041666667,0.97021484375,0.921875,0.5207547169811321,4,4,20,4,8,0,9,11,4,1,6,1,4S,6S,0.052623469543945436,11,87,True,True,True,True,1930
top_ten,svm,bigram,no_origin,12,unith,121,Nielsen,Oct_25_g0,0.969401041666667,0.97021484375,0.921875,0.5207547169811321,4,4,20,4,8,0,10,0,5,1,1,0,5S,1H,0.13388759738403122,104,60,True,True,True,True,1930
top_ten,svm,bigram,no_origin,12,unith,121,Nielsen,Oct_25_g0,0.969401041666667,0.97021484375,0.921875,0.5207547169811321,4,4,20,4,8,0,10,1,5,1,2,0,5S,2H,0.10313480631862992,104,69,True,True,True,True,1930
top_ten,svm,bigram,no_origin,12,unith,121,Nielsen,Oct_25_g0,0.969401041666667,0.97021484375,0.921875,0.5207547169811321,4,4,20,4,8,0,10,2,5,1,3,0,5S,3H,0.2051406738245776,104,77,True,True,True,True,1930
top_ten,svm,bigram,no_origin,12,unith,121,Nielsen,Oct_25_g0,0.969401041666667,0.97021484375,0.921875,0.5207547169811321,4,4,20,4,8,0,10,3,5,1,4,0,5S,4H,0.10665733490714516,104,76,True,True,True,True,1930
top_ten,svm,bigram,no_origin,12,unith,121,Nielsen,Oct_25_g0,0.969401041666667,0.97021484375,0.921875,0.5207547169811321,4,4,20,4,8,0,10,4,5,1,5,0,5S,5H,0.07870552702452624,104,9,True,True,True,True,1930
top_ten,svm,bigram,no_origin,12,unith,121,Nielsen,Oct_25_g0,0.969401041666667,0.97021484375,0.921875,0.5207547169811321,4,,20,4,8,0,10,5,5,1,6,0,5S,6H,,104,0,True,False,True,False,1930
top_ten,svm,bigram,no_origin,12,unith,121,Nielsen,Oct_25_g0,0.969401041666667,0.97021484375,0.921875,0.5207547169811321,4,,20,4,8,0,10,6,5,1,1,1,5S,1S,,104,0,True,False,True,False,1930
top_ten,svm,bigram,no_origin,12,unith,121,Nielsen,Oct_25_g0,0.969401041666667,0.97021484375,0.921875,0.5207547169811321,4,,20,4,8,0,10,7,5,1,2,1,5S,2S,,104,0,True,False,True,False,1930
top_ten,svm,bigram,no_origin,12,unith,121,Nielsen,Oct_25_g0,0.969401041666667,0.97021484375,0.921875,0.5207547169811321,4,2,20,4,8,0,10,8,5,1,3,1,5S,3S,,104,4,True,True,True,False,1930
top_ten,svm,bigram,no_origin,12,unith,121,Nielsen,Oct_25_g0,0.969401041666667,0.97021484375,0.921875,0.5207547169811321,4,4,20,4,8,0,10,9,5,1,4,1,5S,4S,0.013025961740632835,104,11,True,True,True,True,1930
top_ten,svm,bigram,no_origin,12,unith,121,Nielsen,Oct_25_g0,0.969401041666667,0.97021484375,0.921875,0.5207547169811321,4,4,20,4,8,0,10,10,5,1,5,1,5S,5S,0.18541142721601295,104,104,True,True,True,True,1930
top_ten,svm,bigram,no_origin,12,unith,121,Nielsen,Oct_25_g0,0.969401041666667,0.97021484375,0.921875,0.5207547169811321,4,4,20,4,8,0,10,11,5,1,6,1,5S,6S,0.10762394980213452,104,87,True,True,True,True,1930
top_ten,svm,bigram,no_origin,12,unith,121,Nielsen,Oct_25_g0,0.969401041666667,0.97021484375,0.921875,0.5207547169811321,4,4,20,4,8,0,11,0,6,1,1,0,6S,1H,0.1404738071919238,87,60,True,True,True,True,1930
top_ten,svm,bigram,no_origin,12,unith,121,Nielsen,Oct_25_g0,0.969401041666667,0.97021484375,0.921875,0.5207547169811321,4,4,20,4,8,0,11,1,6,1,2,0,6S,2H,0.08100524660970837,87,69,True,True,True,True,1930
top_ten,svm,bigram,no_origin,12,unith,121,Nielsen,Oct_25_g0,0.969401041666667,0.97021484375,0.921875,0.5207547169811321,4,4,20,4,8,0,11,2,6,1,3,0,6S,3H,0.08904076033081507,87,77,True,True,True,True,1930
top_ten,svm,bigram,no_origin,12,unith,121,Nielsen,Oct_25_g0,0.969401041666667,0.97021484375,0.921875,0.5207547169811321,4,4,20,4,8,0,11,3,6,1,4,0,6S,4H,0.05365776591025835,87,76,True,True,True,True,1930
top_ten,svm,bigram,no_origin,12,unith,121,Nielsen,Oct_25_g0,0.969401041666667,0.97021484375,0.921875,0.5207547169811321,4,4,20,4,8,0,11,4,6,1,5,0,6S,5H,0.035828723797477174,87,9,True,True,True,True,1930
top_ten,svm,bigram,no_origin,12,unith,121,Nielsen,Oct_25_g0,0.969401041666667,0.97021484375,0.921875,0.5207547169811321,4,,20,4,8,0,11,5,6,1,6,0,6S,6H,,87,0,True,False,True,False,1930
top_ten,svm,bigram,no_origin,12,unith,121,Nielsen,Oct_25_g0,0.969401041666667,0.97021484375,0.921875,0.5207547169811321,4,,20,4,8,0,11,6,6,1,1,1,6S,1S,,87,0,True,False,True,False,1930
top_ten,svm,bigram,no_origin,12,unith,121,Nielsen,Oct_25_g0,0.969401041666667,0.97021484375,0.921875,0.5207547169811321,4,,20,4,8,0,11,7,6,1,2,1,6S,2S,,87,0,True,False,True,False,1930
top_ten,svm,bigram,no_origin,12,unith,121,Nielsen,Oct_25_g0,0.969401041666667,0.97021484375,0.921875,0.5207547169811321,4,2,20,4,8,0,11,8,6,1,3,1,6S,3S,,87,4,True,True,True,False,1930
top_ten,svm,bigram,no_origin,12,unith,121,Nielsen,Oct_25_g0,0.969401041666667,0.97021484375,0.921875,0.5207547169811321,4,4,20,4,8,0,11,9,6,1,4,1,6S,4S,0.052623469543945436,87,11,True,True,True,True,1930
top_ten,svm,bigram,no_origin,12,unith,121,Nielsen,Oct_25_g0,0.969401041666667,0.97021484375,0.921875,0.5207547169811321,4,4,20,4,8,0,11,10,6,1,5,1,6S,5S,0.10762394980213452,87,104,True,True,True,True,1930
top_ten,svm,bigram,no_origin,12,unith,121,Nielsen,Oct_25_g0,0.969401041666667,0.97021484375,0.921875,0.5207547169811321,4,4,20,4,8,0,11,11,6,1,6,1,6S,6S,0.14706324434154633,87,87,True,True,True,True,1930
