scope,label_source,feature,variant,k,space,dim,monkey,session,snr_auc,svm_auc,oof_balanced_acc,dendro_agreement_2345,half_i,half_j,n_splits,min_trials,min_stable,seed,cell_i,cell_j,maze_i,strategy_i,maze_j,strategy_j,name_i,name_j,r,n_trials_i,n_trials_j,present_i,present_j,stable_i,stable_j,n_degenerate
top_ten,svm,occupancy,full,6,unith,6,Faure,june_09_09_g0,0.977531857813548,0.9802146210596914,0.9290744466800804,0.6304347826086957,4,4,20,4,8,0,0,0,1,0,1,0,1H,1H,0.917756301632523,39,39,True,True,True,True,0
top_ten,svm,occupancy,full,6,unith,6,Faure,june_09_09_g0,0.977531857813548,0.9802146210596914,0.9290744466800804,0.6304347826086957,4,4,20,4,8,0,0,1,1,0,2,0,1H,2H,0.8494309287503414,39,37,True,True,True,True,0
top_ten,svm,occupancy,full,6,unith,6,Faure,june_09_09_g0,0.977531857813548,0.9802146210596914,0.9290744466800804,0.6304347826086957,4,4,20,4,8,0,0,2,1,0,3,0,1H,3H,0.8813616782722729,39,53,True,True,True,True,0
top_ten,svm,occupancy,full,6,unith,6,Faure,june_09_09_g0,0.977531857813548,0.9802146210596914,0.9290744466800804,0.6304347826086957,4,4,20,4,8,0,0,3,1,0,4,0,1H,4H,0.8750574561282874,39,8,True,True,True,True,0
top_ten,svm,occupancy,full,6,unith,6,Faure,june_09_09_g0,0.977531857813548,0.9802146210596914,0.9290744466800804,0.6304347826086957,4,,20,4,8,0,0,4,1,0,5,0,1H,5H,,39,0,True,False,True,False,0
top_ten,svm,occupancy,full,6,unith,6,Faure,june_09_09_g0,0.977531857813548,0.9802146210596914,0.9290744466800804,0.6304347826086957,4,,20,4,8,0,0,5,1,0,6,0,1H,6H,,39,0,True,False,True,False,0
top_ten,svm,occupancy,full,6,unith,6,Faure,june_09_09_g0,0.977531857813548,0.9802146210596914,0.9290744466800804,0.6304347826086957,4,,20,4,8,0,0,6,1,0,1,1,1H,1S,,39,0,True,False,True,False,0
top_ten,svm,occupancy,full,6,unith,6,Faure,june_09_09_g0,0.977531857813548,0.9802146210596914,0.9290744466800804,0.6304347826086957,4,4,20,4,8,0,0,7,1,0,2,1,1H,2S,0.8604492209329166,39,25,True,True,True,True,0
top_ten,svm,occupancy,full,6,unith,6,Faure,june_09_09_g0,0.977531857813548,0.9802146210596914,0.9290744466800804,0.6304347826086957,4,4,20,4,8,0,0,8,1,0,3,1,1H,3S,0.9230372486714049,39,11,True,True,True,True,0
top_ten,svm,occupancy,full,6,unith,6,Faure,june_09_09_g0,0.977531857813548,0.9802146210596914,0.9290744466800804,0.6304347826086957,4,4,20,4,8,0,0,9,1,0,4,1,1H,4S,0.89833048321874,39,65,True,True,True,True,0
top_ten,svm,occupancy,full,6,unith,6,Faure,june_09_09_g0,0.977531857813548,0.9802146210596914,0.9290744466800804,0.6304347826086957,4,4,20,4,8,0,0,10,1,0,5,1,1H,5S,0.9124930543646403,39,56,True,True,True,True,0
top_ten,svm,occupancy,full,6,unith,6,Faure,june_09_09_g0,0.977531857813548,0.9802146210596914,0.9290744466800804,0.6304347826086957,4,4,20,4,8,0,0,11,1,0,6,1,1H,6S,0.8415091082729977,39,66,True,True,True,True,0
top_ten,svm,occupancy,full,6,unith,6,Faure,june_09_09_g0,0.977531857813548,0.9802146210596914,0.9290744466800804,0.6304347826086957,4,4,20,4,8,0,1,0,2,0,1,0,2H,1H,0.8494309287503414,37,39,True,True,True,True,0
top_ten,svm,occupancy,full,6,unith,6,Faure,june_09_09_g0,0.977531857813548,0.9802146210596914,0.9290744466800804,0.6304347826086957,4,4,20,4,8,0,1,1,2,0,2,0,2H,2H,0.8157390945347063,37,37,True,True,True,True,0
top_ten,svm,occupancy,full,6,unith,6,Faure,june_09_09_g0,0.977531857813548,0.9802146210596914,0.9290744466800804,0.6304347826086957,4,4,20,4,8,0,1,2,2,0,3,0,2H,3H,0.8199276255609342,37,53,True,True,True,True,0
top_ten,svm,occupancy,full,6,unith,6,Faure,june_09_09_g0,0.977531857813548,0.9802146210596914,0.9290744466800804,0.6304347826086957,4,4,20,4,8,0,1,3,2,0,4,0,2H,4H,0.8386970162795315,37,8,True,True,True,True,0
top_ten,svm,occupancy,full,6,unith,6,Faure,june_09_09_g0,0.977531857813548,0.9802146210596914,0.9290744466800804,0.6304347826086957,4,,20,4,8,0,1,4,2,0,5,0,2H,5H,,37,0,True,False,True,False,0
top_ten,svm,occupancy,full,6,unith,6,Faure,june_09_09_g0,0.977531857813548,0.9802146210596914,0.9290744466800804,0.6304347826086957,4,,20,4,8,0,1,5,2,0,6,0,2H,6H,,37,0,True,False,True,False,0
top_ten,svm,occupancy,full,6,unith,6,Faure,june_09_09_g0,0.977531857813548,0.9802146210596914,0.9290744466800804,0.6304347826086957,4,,20,4,8,0,1,6,2,0,1,1,2H,1S,,37,0,True,False,True,False,0
top_ten,svm,occupancy,full,6,unith,6,Faure,june_09_09_g0,0.977531857813548,0.9802146210596914,0.9290744466800804,0.6304347826086957,4,4,20,4,8,0,1,7,2,0,2,1,2H,2S,0.8060429890221942,37,25,True,True,True,True,0
top_ten,svm,occupancy,full,6,unith,6,Faure,june_09_09_g0,0.977531857813548,0.9802146210596914,0.9290744466800804,0.6304347826086957,4,4,20,4,8,0,1,8,2,0,3,1,2H,3S,0.8698071340910918,37,11,True,True,True,True,0
top_ten,svm,occupancy,full,6,unith,6,Faure,june_09_09_g0,0.977531857813548,0.9802146210596914,0.9290744466800804,0.6304347826086957,4,4,20,4,8,0,1,9,2,0,4,1,2H,4S,0.8466012475085144,37,65,True,True,True,True,0
top_ten,svm,occupancy,full,6,unith,6,Faure,june_09_09_g0,0.977531857813548,0.9802146210596914,0.9290744466800804,0.6304347826086957,4,4,20,4,8,0,1,10,2,0,5,1,2H,5S,0.8650613529821063,37,56,True,True,True,True,0
top_ten,svm,occupancy,full,6,unith,6,Faure,june_09_09_g0,0.977531857813548,0.9802146210596914,0.9290744466800804,0.6304347826086957,4,4,20,4,8,0,1,11,2,0,6,1,2H,6S,0.8004272177273588,37,66,True,True,True,True,0
top_ten,svm,occupancy,full,6,unith,6,Faure,june_09_09_g0,0.977531857813548,0.9802146210596914,0.9290744466800804,0.6304347826086957,4,4,20,4,8,0,2,0,3,0,1,0,3H,1H,0.8813616782722729,53,39,True,True,True,True,0
top_ten,svm,occupancy,full,6,unith,6,Faure,june_09_09_g0,0.977531857813548,0.9802146210596914,0.9290744466800804,0.6304347826086957,4,4,20,4,8,0,2,1,3,0,2,0,3H,2H,0.8199276255609342,53,37,True,True,True,True,0
top_ten,svm,occupancy,full,6,unith,6,Faure,june_09_09_g0,0.977531857813548,0.9802146210596914,0.9290744466800804,0.6304347826086957,4,4,20,4,8,0,2,2,3,0,3,0,3H,3H,0.8372279481641757,53,53,True,True,True,True,0
top_ten,svm,occupancy,full,6,unith,6,Faure,june_09_09_g0,0.977531857813548,0.9802146210596914,0.9290744466800804,0.6304347826086957,4,4,20,4,8,0,2,3,3,0,4,0,3H,4H,0.8527835714103483,53,8,True,True,True,True,0
top_ten,svm,occupancy,full,6,unith,6,Faure,june_09_09_g0,0.977531857813548,0.9802146210596914,0.9290744466800804,0.6304347826086957,4,,20,4,8,0,2,4,3,0,5,0,3H,5H,,53,0,True,False,True,False,0
top_ten,svm,occupancy,full,6,unith,6,Faure,june_09_09_g0,0.977531857813548,0.9802146210596914,0.9290744466800804,0.6304347826086957,4,,20,4,8,0,2,5,3,0,6,0,3H,6H,,53,0,True,False,True,False,0
top_ten,svm,occupancy,full,6,unith,6,Faure,june_09_09_g0,0.977531857813548,0.9802146210596914,0.9290744466800804,0.6304347826086957,4,,20,4,8,0,2,6,3,0,1,1,3H,1S,,53,0,True,False,True,False,0
top_ten,svm,occupancy,full,6,unith,6,Faure,june_09_09_g0,0.977531857813548,0.9802146210596914,0.9290744466800804,0.6304347826086957,4,4,20,4,8,0,2,7,3,0,2,1,3H,2S,0.8247583899436821,53,25,True,True,True,True,0
top_ten,svm,occupancy,full,6,unith,6,Faure,june_09_09_g0,0.977531857813548,0.9802146210596914,0.9290744466800804,0.6304347826086957,4,4,20,4,8,0,2,8,3,0,3,1,3H,3S,0.885944900996386,53,11,True,True,True,True,0
top_ten,svm,occupancy,full,6,unith,6,Faure,june_09_09_g0,0.977531857813548,0.9802146210596914,0.9290744466800804,0.6304347826086957,4,4,20,4,8,0,2,9,3,0,4,1,3H,4S,0.8715179746824214,53,65,True,True,True,True,0
top_ten,svm,occupancy,full,6,unith,6,Faure,june_09_09_g0,0.977531857813548,0.9802146210596914,0.9290744466800804,0.6304347826086957,4,4,20,4,8,0,2,10,3,0,5,1,3H,5S,0.8983616629206749,53,56,True,True,True,True,0
top_ten,svm,occupancy,full,6,unith,6,Faure,june_09_09_g0,0.977531857813548,0.9802146210596914,0.9290744466800804,0.6304347826086957,4,4,20,4,8,0,2,11,3,0,6,1,3H,6S,0.8135797346362263,53,66,True,True,True,True,0
top_ten,svm,occupancy,full,6,unith,6,Faure,june_09_09_g0,0.977531857813548,0.9802146210596914,0.9290744466800804,0.6304347826086957,4,4,20,4,8,0,3,0,4,0,1,0,4H,1H,0.8750574561282874,8,39,True,True,True,True,0
top_ten,svm,occupancy,full,6,unith,6,Faure,june_09_09_g0,0.977531857813548,0.9802146210596914,0.9290744466800804,0.6304347826086957,4,4,20,4,8,0,3,1,4,0,2,0,4H,2H,0.8386970162795315,8,37,True,True,True,True,0
top_ten,svm,occupancy,full,6,unith,6,Faure,june_09_09_g0,0.977531857813548,0.9802146210596914,0.9290744466800804,0.6304347826086957,4,4,20,4,8,0,3,2,4,0,3,0,4H,3H,0.8527835714103483,8,53,True,True,True,True,0
top_ten,svm,occupancy,full,6,unith,6,Faure,june_09_09_g0,0.977531857813548,0.9802146210596914,0.9290744466800804,0.6304347826086957,4,4,20,4,8,0,3,3,4,0,4,0,4H,4H,0.7287287518973397,8,8,True,True,True,True,0
top_ten,svm,occupancy,full,6,unith,6,Faure,june_09_09_g0,0.977531857813548,0.9802146210596914,0.9290744466800804,0.6304347826086957,4,,20,4,8,0,3,4,4,0,5,0,4H,5H,,8,0,True,False,True,False,0
top_ten,svm,occupancy,full,6,unith,6,Faure,june_09_09_g0,0.977531857813548,0.9802146210596914,0.9290744466800804,0.6304347826086957,4,,20,4,8,0,3,5,4,0,6,0,4H,6H,,8,0,True,False,True,False,0
top_ten,svm,occupancy,full,6,unith,6,Faure,june_09_09_g0,0.977531857813548,0.9802146210596914,0.9290744466800804,0.6304347826086957,4,,20,4,8,0,3,6,4,0,1,1,4H,1S,,8,0,True,False,True,False,0
top_ten,svm,occupancy,full,6,unith,6,Faure,june_09_09_g0,0.977531857813548,0.9802146210596914,0.9290744466800804,0.6304347826086957,4,4,20,4,8,0,3,7,4,0,2,1,4H,2S,0.8236678837975215,8,25,True,True,True,True,0
top_ten,svm,occupancy,full,6,unith,6,Faure,june_09_09_g0,0.977531857813548,0.9802146210596914,0.9290744466800804,0.6304347826086957,4,4,20,4,8,0,3,8,4,0,3,1,4H,3S,0.8771268351665407,8,11,True,True,True,True,0
top_ten,svm,occupancy,full,6,unith,6,Faure,june_09_09_g0,0.977531857813548,0.9802146210596914,0.9290744466800804,0.6304347826086957,4,4,20,4,8,0,3,9,4,0,4,1,4H,4S,0.8699188936533035,8,65,True,True,True,True,0
top_ten,svm,occupancy,full,6,unith,6,Faure,june_09_09_g0,0.977531857813548,0.9802146210596914,0.9290744466800804,0.6304347826086957,4,4,20,4,8,0,3,10,4,0,5,1,4H,5S,0.9011864737214286,8,56,True,True,True,True,0
top_ten,svm,occupancy,full,6,unith,6,Faure,june_09_09_g0,0.977531857813548,0.9802146210596914,0.9290744466800804,0.6304347826086957,4,4,20,4,8,0,3,11,4,0,6,1,4H,6S,0.7961758295902348,8,66,True,True,True,True,0
top_ten,svm,occupancy,full,6,unith,6,Faure,june_09_09_g0,0.977531857813548,0.9802146210596914,0.9290744466800804,0.6304347826086957,,4,20,4,8,0,4,0,5,0,1,0,5H,1H,,0,39,False,True,False,True,0
top_ten,svm,occupancy,full,6,unith,6,Faure,june_09_09_g0,0.977531857813548,0.9802146210596914,0.9290744466800804,0.6304347826086957,,4,20,4,8,0,4,1,5,0,2,0,5H,2H,,0,37,False,True,False,True,0
top_ten,svm,occupancy,full,6,unith,6,Faure,june_09_09_g0,0.977531857813548,0.9802146210596914,0.9290744466800804,0.6304347826086957,,4,20,4,8,0,4,2,5,0,3,0,5H,3H,,0,53,False,True,False,True,0
top_ten,svm,occupancy,full,6,unith,6,Faure,june_09_09_g0,0.977531857813548,0.9802146210596914,0.9290744466800804,0.6304347826086957,,4,20,4,8,0,4,3,5,0,4,0,5H,4H,,0,8,False,True,False,True,0
top_ten,svm,occupancy,full,6,unith,6,Faure,june_09_09_g0,0.977531857813548,0.9802146210596914,0.9290744466800804,0.6304347826086957,,,20,4,8,0,4,4,5,0,5,0,5H,5H,,0,0,False,False,False,False,0
top_ten,svm,occupancy,full,6,unith,6,Faure,june_09_09_g0,0.977531857813548,0.9802146210596914,0.9290744466800804,0.6304347826086957,,,20,4,8,0,4,5,5,0,6,0,5H,6H,,0,0,False,False,False,False,0
top_ten,svm,occupancy,full,6,unith,6,Faure,june_09_09_g0,0.977531857813548,0.9802146210596914,0.9290744466800804,0.6304347826086957,,,20,4,8,0,4,6,5,0,1,1,5H,1S,,0,0,False,False,False,False,0
top_ten,svm,occupancy,full,6,unith,6,Faure,june_09_09_g0,0.977531857813548,0.9802146210596914,0.9290744466800804,0.6304347826086957,,4,20,4,8,0,4,7,5,0,2,1,5H,2S,,0,25,False,True,False,True,0
top_ten,svm,occupancy,full,6,unith,6,Faure,june_09_09_g0,0.977531857813548,0.9802146210596914,0.9290744466800804,0.6304347826086957,,4,20,4,8,0,4,8,5,0,3,1,5H,3S,,0,11,False,True,False,True,0
top_ten,svm,occupancy,full,6,unith,6,Faure,june_09_09_g0,0.977531857813548,0.9802146210596914,0.9290744466800804,0.6304347826086957,,4,20,4,8,0,4,9,5,0,4,1,5H,4S,,0,65,False,True,False,True,0
top_ten,svm,occupancy,full,6,unith,6,Faure,june_09_09_g0,0.977531857813548,0.9802146210596914,0.9290744466800804,0.6304347826086957,,4,20,4,8,0,4,10,5,0,5,1,5H,5S,,0,56,False,True,False,True,0
top_ten,svm,occupancy,full,6,unith,6,Faure,june_09_09_g0,0.977531857813548,0.9802146210596914,0.9290744466800804,0.6304347826086957,,4,20,4,8,0,4,11,5,0,6,1,5H,6S,,0,66,False,True,False,True,0
top_ten,svm,occupancy,full,6,unith,6,Faure,june_09_09_g0,0.977531857813548,0.9802146210596914,0.9290744466800804,0.6304347826086957,,4,20,4,8,0,5,0,6,0,1,0,6H,1H,,0,39,False,True,False,True,0
top_ten,svm,occupancy,full,6,unith,6,Faure,june_09_09_g0,0.977531857813548,0.9802146210596914,0.9290744466800804,0.6304347826086957,,4,20,4,8,0,5,1,6,0,2,0,6H,2H,,0,37,False,True,False,True,0
top_ten,svm,occupancy,full,6,unith,6,Faure,june_09_09_g0,0.977531857813548,0.9802146210596914,0.9290744466800804,0.6304347826086957,,4,20,4,8,0,5,2,6,0,3,0,6H,3H,,0,53,False,True,False,True,0
top_ten,svm,occupancy,full,6,unith,6,Faure,june_09_09_g0,0.977531857813548,0.9802146210596914,0.9290744466800804,0.6304347826086957,,4,20,4,8,0,5,3,6,0,4,0,6H,4H,,0,8,False,True,False,True,0
top_ten,svm,occupancy,full,6,unith,6,Faure,june_09_09_g0,0.977531857813548,0.9802146210596914,0.9290744466800804,0.6304347826086957,,,20,4,8,0,5,4,6,0,5,0,6H,5H,,0,0,False,False,False,False,0
top_ten,svm,occupancy,full,6,unith,6,Faure,june_09_09_g0,0.977531857813548,0.9802146210596914,0.9290744466800804,0.6304347826086957,,,20,4,8,0,5,5,6,0,6,0,6H,6H,,0,0,False,False,False,False,0
top_ten,svm,occupancy,full,6,unith,6,Faure,june_09_09_g0,0.977531857813548,0.9802146210596914,0.9290744466800804,0.6304347826086957,,,20,4,8,0,5,6,6,0,1,1,6H,1S,,0,0,False,False,False,False,0
top_ten,svm,occupancy,full,6,unith,6,Faure,june_09_09_g0,0.977531857813548,0.9802146210596914,0.9290744466800804,0.6304347826086957,,4,20,4,8,0,5,7,6,0,2,1,6H,2S,,0,25,False,True,False,True,0
top_ten,svm,occupancy,full,6,unith,6,Faure,june_09_09_g0,0.977531857813548,0.9802146210596914,0.9290744466800804,0.6304347826086957,,4,20,4,8,0,5,8,6,0,3,1,6H,3S,,0,11,False,True,False,True,0
top_ten,svm,occupancy,full,6,unith,6,Faure,june_09_09_g0,0.977531857813548,0.9802146210596914,0.9290744466800804,0.6304347826086957,,4,20,4,8,0,5,9,6,0,4,1,6H,4S,,0,65,False,True,False,True,0
top_ten,svm,occupancy,full,6,unith,6,Faure,june_09_09_g0,0.977531857813548,0.9802146210596914,0.9290744466800804,0.6304347826086957,,4,20,4,8,0,5,10,6,0,5,1,6H,5S,,0,56,False,True,False,True,0
top_ten,svm,occupancy,full,6,unith,6,Faure,june_09_09_g0,0.977531857813548,0.9802146210596914,0.9290744466800804,0.6304347826086957,,4,20,4,8,0,5,11,6,0,6,1,6H,6S,,0,66,False,True,False,True,0
top_ten,svm,occupancy,full,6,unith,6,Faure,june_09_09_g0,0.977531857813548,0.9802146210596914,0.9290744466800804,0.6304347826086957,,4,20,4,8,0,6,0,1,1,1,0,1S,1H,,0,39,False,True,False,True,0
top_ten,svm,occupancy,full,6,unith,6,Faure,june_09_09_g0,0.977531857813548,0.9802146210596914,0.9290744466800804,0.6304347826086957,,4,20,4,8,0,6,1,1,1,2,0,1S,2H,,0,37,False,True,False,True,0
top_ten,svm,occupancy,full,6,unith,6,Faure,june_09_09_g0,0.977531857813548,0.9802146210596914,0.9290744466800804,0.6304347826086957,,4,20,4,8,0,6,2,1,1,3,0,1S,3H,,0,53,False,True,False,True,0
top_ten,svm,occupancy,full,6,unith,6,Faure,june_09_09_g0,0.977531857813548,0.9802146210596914,0.9290744466800804,0.6304347826086957,,4,20,4,8,0,6,3,1,1,4,0,1S,4H,,0,8,False,True,False,True,0
top_ten,svm,occupancy,full,6,unith,6,Faure,june_09_09_g0,0.977531857813548,0.9802146210596914,0.9290744466800804,0.6304347826086957,,,20,4,8,0,6,4,1,1,5,0,1S,5H,,0,0,False,False,False,False,0
top_ten,svm,occupancy,full,6,unith,6,Faure,june_09_09_g0,0.977531857813548,0.9802146210596914,0.9290744466800804,0.6304347826086957,,,20,4,8,0,6,5,1,1,6,0,1S,6H,,0,0,False,False,False,False,0
top_ten,svm,occupancy,full,6,unith,6,Faure,june_09_09_g0,0.977531857813548,0.9802146210596914,0.9290744466800804,0.6304347826086957,,,20,4,8,0,6,6,1,1,1,1,1S,1S,,0,0,False,False,False,False,0
top_ten,svm,occupancy,full,6,unith,6,Faure,june_09_09_g0,0.977531857813548,0.9802146210596914,0.9290744466800804,0.6304347826086957,,4,20,4,8,0,6,7,1,1,2,1,1S,2S,,0,25,False,True,False,True,0
top_ten,svm,occupancy,full,6,unith,6,Faure,june_09_09_g0,0.977531857813548,0.9802146210596914,0.9290744466800804,0.6304347826086957,,4,20,4,8,0,6,8,1,1,3,1,1S,3S,,0,11,False,True,False,True,0
top_ten,svm,occupancy,full,6,unith,6,Faure,june_09_09_g0,0.977531857813548,0.9802146210596914,0.9290744466800804,0.6304347826086957,,4,20,4,8,0,6,9,1,1,4,1,1S,4S,,0,65,False,True,False,True,0
top_ten,svm,occupancy,full,6,unith,6,Faure,june_09_09_g0,0.977531857813548,0.9802146210596914,0.9290744466800804,0.6304347826086957,,4,20,4,8,0,6,10,1,1,5,1,1S,5S,,0,56,False,True,False,True,0
top_ten,svm,occupancy,full,6,unith,6,Faure,june_09_09_g0,0.977531857813548,0.9802146210596914,0.9290744466800804,0.6304347826086957,,4,20,4,8,0,6,11,1,1,6,1,1S,6S,,0,66,False,True,False,True,0
top_ten,svm,occupancy,full,6,unith,6,Faure,june_09_09_g0,0.977531857813548,0.9802146210596914,0.9290744466800804,0.6304347826086957,4,4,20,4,8,0,7,0,2,1,1,0,2S,1H,0.8604492209329166,25,39,True,True,True,True,0
top_ten,svm,occupancy,full,6,unith,6,Faure,june_09_09_g0,0.977531857813548,0.9802146210596914,0.9290744466800804,0.6304347826086957,4,4,20,4,8,0,7,1,2,1,2,0,2S,2H,0.8060429890221942,25,37,True,True,True,True,0
top_ten,svm,occupancy,full,6,unith,6,Faure,june_09_09_g0,0.977531857813548,0.9802146210596914,0.9290744466800804,0.6304347826086957,4,4,20,4,8,0,7,2,2,1,3,0,2S,3H,0.8247583899436821,25,53,True,True,True,True,0
top_ten,svm,occupancy,full,6,unith,6,Faure,june_09_09_g0,0.977531857813548,0.9802146210596914,0.9290744466800804,0.6304347826086957,4,4,20,4,8,0,7,3,2,1,4,0,2S,4H,0.8236678837975215,25,8,True,True,True,True,0
top_ten,svm,occupancy,full,6,unith,6,Faure,june_09_09_g0,0.977531857813548,0.9802146210596914,0.9290744466800804,0.6304347826086957,4,,20,4,8,0,7,4,2,1,5,0,2S,5H,,25,0,True,False,True,False,0
top_ten,svm,occupancy,full,6,unith,6,Faure,june_09_09_g0,0.977531857813548,0.9802146210596914,0.9290744466800804,0.6304347826086957,4,,20,4,8,0,7,5,2,1,6,0,2S,6H,,25,0,True,False,True,False,0
top_ten,svm,occupancy,full,6,unith,6,Faure,june_09_09_g0,0.977531857813548,0.9802146210596914,0.9290744466800804,0.6304347826086957,4,,20,4,8,0,7,6,2,1,1,1,2S,1S,,25,0,True,False,True,False,0
top_ten,svm,occupancy,full,6,unith,6,Faure,june_09_09_g0,0.977531857813548,0.9802146210596914,0.9290744466800804,0.6304347826086957,4,4,20,4,8,0,7,7,2,1,2,1,2S,2S,0.8162917186784415,25,25,True,True,True,True,0
top_ten,svm,occupancy,full,6,unith,6,Faure,june_09_09_g0,0.977531857813548,0.9802146210596914,0.9290744466800804,0.6304347826086957,4,4,20,4,8,0,7,8,2,1,3,1,2S,3S,0.8777591473856932,25,11,True,True,True,True,0
top_ten,svm,occupancy,full,6,unith,6,Faure,june_09_09_g0,0.977531857813548,0.9802146210596914,0.9290744466800804,0.6304347826086957,4,4,20,4,8,0,7,9,2,1,4,1,2S,4S,0.8691276570726008,25,65,True,True,True,True,0
top_ten,svm,occupancy,full,6,unith,6,Faure,june_09_09_g0,0.977531857813548,0.9802146210596914,0.9290744466800804,0.6304347826086957,4,4,20,4,8,0,7,10,2,1,5,1,2S,5S,0.8696420103659817,25,56,True,True,True,True,0
top_ten,svm,occupancy,full,6,unith,6,Faure,june_09_09_g0,0.977531857813548,0.9802146210596914,0.9290744466800804,0.6304347826086957,4,4,20,4,8,0,7,11,2,1,6,1,2S,6S,0.7840114575720065,25,66,True,True,True,True,0
top_ten,svm,occupancy,full,6,unith,6,Faure,june_09_09_g0,0.977531857813548,0.9802146210596914,0.9290744466800804,0.6304347826086957,4,4,20,4,8,0,8,0,3,1,1,0,3S,1H,0.9230372486714049,11,39,True,True,True,True,0
top_ten,svm,occupancy,full,6,unith,6,Faure,june_09_09_g0,0.977531857813548,0.9802146210596914,0.9290744466800804,0.6304347826086957,4,4,20,4,8,0,8,1,3,1,2,0,3S,2H,0.8698071340910918,11,37,True,True,True,True,0
top_ten,svm,occupancy,full,6,unith,6,Faure,june_09_09_g0,0.977531857813548,0.9802146210596914,0.9290744466800804,0.6304347826086957,4,4,20,4,8,0,8,2,3,1,3,0,3S,3H,0.885944900996386,11,53,True,True,True,True,0
top_ten,svm,occupancy,full,6,unith,6,Faure,june_09_09_g0,0.977531857813548,0.9802146210596914,0.9290744466800804,0.6304347826086957,4,4,20,4,8,0,8,3,3,1,4,0,3S,4H,0.8771268351665407,11,8,True,True,True,True,0
top_ten,svm,occupancy,full,6,unith,6,Faure,june_09_09_g0,0.977531857813548,0.9802146210596914,0.9290744466800804,0.6304347826086957,4,,20,4,8,0,8,4,3,1,5,0,3S,5H,,11,0,True,False,True,False,0
top_ten,svm,occupancy,full,6,unith,6,Faure,june_09_09_g0,0.977531857813548,0.9802146210596914,0.9290744466800804,0.6304347826086957,4,,20,4,8,0,8,5,3,1,6,0,3S,6H,,11,0,True,False,True,False,0
top_ten,svm,occupancy,full,6,unith,6,Faure,june_09_09_g0,0.977531857813548,0.9802146210596914,0.9290744466800804,0.6304347826086957,4,,20,4,8,0,8,6,3,1,1,1,3S,1S,,11,0,True,False,True,False,0
top_ten,svm,occupancy,full,6,unith,6,Faure,june_09_09_g0,0.977531857813548,0.9802146210596914,0.9290744466800804,0.6304347826086957,4,4,20,4,8,0,8,7,3,1,2,1,3S,2S,0.8777591473856932,11,25,True,True,True,True,0
top_ten,svm,occupancy,full,6,unith,6,Faure,june_09_09_g0,0.977531857813548,0.9802146210596914,0.9290744466800804,0.6304347826086957,4,4,20,4,8,0,8,8,3,1,3,1,3S,3S,0.9427342429355366,11,11,True,True,True,True,0
top_ten,svm,occupancy,full,6,unith,6,Faure,june_09_09_g0,0.977531857813548,0.9802146210596914,0.9290744466800804,0.6304347826086957,4,4,20,4,8,0,8,9,3,1,4,1,3S,4S,0.9037623610936276,11,65,True,True,True,True,0
top_ten,svm,occupancy,full,6,unith,6,Faure,june_09_09_g0,0.977531857813548,0.9802146210596914,0.9290744466800804,0.6304347826086957,4,4,20,4,8,0,8,10,3,1,5,1,3S,5S,0.909093649902841,11,56,True,True,True,True,0
top_ten,svm,occupancy,full,6,unith,6,Faure,june_09_09_g0,0.977531857813548,0.9802146210596914,0.9290744466800804,0.6304347826086957,4,4,20,4,8,0,8,11,3,1,6,1,3S,6S,0.8488772867946303,11,66,True,True,True,True,0
top_ten,svm,occupancy,full,6,unith,6,Faure,june_09_09_g0,0.977531857813548,0.9802146210596914,0.9290744466800804,0.6304347826086957,4,4,20,4,8,0,9,0,4,1,1,0,4S,1H,0.89833048321874,65,39,True,True,True,True,0
top_ten,svm,occupancy,full,6,unith,6,Faure,june_09_09_g0,0.977531857813548,0.9802146210596914,0.9290744466800804,0.6304347826086957,4,4,20,4,8,0,9,1,4,1,2,0,4S,2H,0.8466012475085144,65,37,True,True,True,True,0
top_ten,svm,occupancy,full,6,unith,6,Faure,june_09_09_g0,0.977531857813548,0.9802146210596914,0.9290744466800804,0.6304347826086957,4,4,20,4,8,0,9,2,4,1,3,0,4S,3H,0.8715179746824214,65,53,True,True,True,True,0
top_ten,svm,occupancy,full,6,unith,6,Faure,june_09_09_g0,0.977531857813548,0.9802146210596914,0.9290744466800804,0.6304347826086957,4,4,20,4,8,0,9,3,4,1,4,0,4S,4H,0.8699188936533035,65,8,True,True,True,True,0
top_ten,svm,occupancy,full,6,unith,6,Faure,june_09_09_g0,0.977531857813548,0.9802146210596914,0.9290744466800804,0.6304347826086957,4,,20,4,8,0,9,4,4,1,5,0,4S,5H,,65,0,True,False,True,False,0
top_ten,svm,occupancy,full,6,unith,6,Faure,june_09_09_g0,0.977531857813548,0.9802146210596914,0.9290744466800804,0.6304347826086957,4,,20,4,8,0,9,5,4,1,6,0,4S,6H,,65,0,True,False,True,False,0
top_ten,svm,occupancy,full,6,unith,6,Faure,june_09_09_g0,0.977531857813548,0.9802146210596914,0.9290744466800804,0.6304347826086957,4,,20,4,8,0,9,6,4,1,1,1,4S,1S,,65,0,True,False,True,False,0
top_ten,svm,occupancy,full,6,unith,6,Faure,june_09_09_g0,0.977531857813548,0.9802146210596914,0.9290744466800804,0.6304347826086957,4,4,20,4,8,0,9,7,4,1,2,1,4S,2S,0.8691276570726008,65,25,True,True,True,True,0
top_ten,svm,occupancy,full,6,unith,6,Faure,june_09_09_g0,0.977531857813548,0.9802146210596914,0.9290744466800804,0.6304347826086957,4,4,20,4,8,0,9,8,4,1,3,1,4S,3S,0.9037623610936276,65,11,True,True,True,True,0
top_ten,svm,occupancy,full,6,unith,6,Faure,june_09_09_g0,0.977531857813548,0.9802146210596914,0.9290744466800804,0.6304347826086957,4,4,20,4,8,0,9,9,4,1,4,1,4S,4S,0.892058725434436,65,65,True,True,True,True,0
top_ten,svm,occupancy,full,6,unith,6,Faure,june_09_09_g0,0.977531857813548,0.9802146210596914,0.9290744466800804,0.6304347826086957,4,4,20,4,8,0,9,10,4,1,5,1,4S,5S,0.8999686401436465,65,56,True,True,True,True,0
top_ten,svm,occupancy,full,6,unith,6,Faure,june_09_09_g0,0.977531857813548,0.9802146210596914,0.9290744466800804,0.6304347826086957,4,4,20,4,8,0,9,11,4,1,6,1,4S,6S,0.8206996065889902,65,66,True,True,True,True,0
top_ten,svm,occupancy,full,6,unith,6,Faure,june_09_09_g0,0.977531857813548,0.9802146210596914,0.9290744466800804,0.6304347826086957,4,4,20,4,8,0,10,0,5,1,1,0,5S,1H,0.9124930543646403,56,39,True,True,True,True,0
top_ten,svm,occupancy,full,6,unith,6,Faure,june_09_09_g0,0.977531857813548,0.9802146210596914,0.9290744466800804,0.6304347826086957,4,4,20,4,8,0,10,1,5,1,2,0,5S,2H,0.8650613529821063,56,37,True,True,True,True,0
top_ten,svm,occupancy,full,6,unith,6,Faure,june_09_09_g0,0.977531857813548,0.9802146210596914,0.9290744466800804,0.6304347826086957,4,4,20,4,8,0,10,2,5,1,3,0,5S,3H,0.8983616629206749,56,53,True,True,True,True,0
top_ten,svm,occupancy,full,6,unith,6,Faure,june_09_09_g0,0.977531857813548,0.9802146210596914,0.9290744466800804,0.6304347826086957,4,4,20,4,8,0,10,3,5,1,4,0,5S,4H,0.9011864737214286,56,8,True,True,True,True,0
top_ten,svm,occupancy,full,6,unith,6,Faure,june_09_09_g0,0.977531857813548,0.9802146210596914,0.9290744466800804,0.6304347826086957,4,,20,4,8,0,10,4,5,1,5,0,5S,5H,,56,0,True,False,True,False,0
top_ten,svm,occupancy,full,6,unith,6,Faure,june_09_09_g0,0.977531857813548,0.9802146210596914,0.9290744466800804,0.6304347826086957,4,,20,4,8,0,10,5,5,1,6,0,5S,6H,,56,0,True,False,True,False,0
top_ten,svm,occupancy,full,6,unith,6,Faure,june_09_09_g0,0.977531857813548,0.9802146210596914,0.9290744466800804,0.6304347826086957,4,,20,4,8,0,10,6,5,1,1,1,5S,1S,,56,0,True,False,True,False,0
top_ten,svm,occupancy,full,6,unith,6,Faure,june_09_09_g0,0.977531857813548,0.9802146210596914,0.9290744466800804,0.6304347826086957,4,4,20,4,8,0,10,7,5,1,2,1,5S,2S,0.8696420103659817,56,25,True,True,True,True,0
top_ten,svm,occupancy,full,6,unith,6,Faure,june_09_09_g0,0.977531857813548,0.9802146210596914,0.9290744466800804,0.6304347826086957,4,4,20,4,8,0,10,8,5,1,3,1,5S,3S,0.909093649902841,56,11,True,True,True,True,0
top_ten,svm,occupancy,full,6,unith,6,Faure,june_09_09_g0,0.977531857813548,0.9802146210596914,0.9290744466800804,0.6304347826086957,4,4,20,4,8,0,10,9,5,1,4,1,5S,4S,0.8999686401436465,56,65,True,True,True,True,0
top_ten,svm,occupancy,full,6,unith,6,Faure,june_09_09_g0,0.977531857813548,0.9802146210596914,0.9290744466800804,0.6304347826086957,4,4,20,4,8,0,10,10,5,1,5,1,5S,5S,0.923148609420157,56,56,True,True,True,True,0
top_ten,svm,occupancy,full,6,unith,6,Faure,june_09_09_g0,0.977531857813548,0.9802146210596914,0.9290744466800804,0.6304347826086957,4,4,20,4,8,0,10,11,5,1,6,1,5S,6S,0.8562508474404755,56,66,True,True,True,True,0
top_ten,svm,occupancy,full,6,unith,6,Faure,june_09_09_g0,0.977531857813548,0.9802146210596914,0.9290744466800804,0.6304347826086957,4,4,20,4,8,0,11,0,6,1,1,0,6S,1H,0.8415091082729977,66,39,True,True,True,True,0
top_ten,svm,occupancy,full,6,unith,6,Faure,june_09_09_g0,0.977531857813548,0.9802146210596914,0.9290744466800804,0.6304347826086957,4,4,20,4,8,0,11,1,6,1,2,0,6S,2H,0.8004272177273588,66,37,True,True,True,True,0
top_ten,svm,occupancy,full,6,unith,6,Faure,june_09_09_g0,0.977531857813548,0.9802146210596914,0.9290744466800804,0.6304347826086957,4,4,20,4,8,0,11,2,6,1,3,0,6S,3H,0.8135797346362263,66,53,True,True,True,True,0
top_ten,svm,occupancy,full,6,unith,6,Faure,june_09_09_g0,0.977531857813548,0.9802146210596914,0.9290744466800804,0.6304347826086957,4,4,20,4,8,0,11,3,6,1,4,0,6S,4H,0.7961758295902348,66,8,True,True,True,True,0
top_ten,svm,occupancy,full,6,unith,6,Faure,june_09_09_g0,0.977531857813548,0.9802146210596914,0.9290744466800804,0.6304347826086957,4,,20,4,8,0,11,4,6,1,5,0,6S,5H,,66,0,True,False,True,False,0
top_ten,svm,occupancy,full,6,unith,6,Faure,june_09_09_g0,0.977531857813548,0.9802146210596914,0.9290744466800804,0.6304347826086957,4,,20,4,8,0,11,5,6,1,6,0,6S,6H,,66,0,True,False,True,False,0
top_ten,svm,occupancy,full,6,unith,6,Faure,june_09_09_g0,0.977531857813548,0.9802146210596914,0.9290744466800804,0.6304347826086957,4,,20,4,8,0,11,6,6,1,1,1,6S,1S,,66,0,True,False,True,False,0
top_ten,svm,occupancy,full,6,unith,6,Faure,june_09_09_g0,0.977531857813548,0.9802146210596914,0.9290744466800804,0.6304347826086957,4,4,20,4,8,0,11,7,6,1,2,1,6S,2S,0.7840114575720065,66,25,True,True,True,True,0
top_ten,svm,occupancy,full,6,unith,6,Faure,june_09_09_g0,0.977531857813548,0.9802146210596914,0.9290744466800804,0.6304347826086957,4,4,20,4,8,0,11,8,6,1,3,1,6S,3S,0.8488772867946303,66,11,True,True,True,True,0
top_ten,svm,occupancy,full,6,unith,6,Faure,june_09_09_g0,0.977531857813548,0.9802146210596914,0.9290744466800804,0.6304347826086957,4,4,20,4,8,0,11,9,6,1,4,1,6S,4S,0.8206996065889902,66,65,True,True,True,True,0
top_ten,svm,occupancy,full,6,unith,6,Faure,june_09_09_g0,0.977531857813548,0.9802146210596914,0.9290744466800804,0.6304347826086957,4,4,20,4,8,0,11,10,6,1,5,1,6S,5S,0.8562508474404755,66,56,True,True,True,True,0
top_ten,svm,occupancy,full,6,unith,6,Faure,june_09_09_g0,0.977531857813548,0.9802146210596914,0.9290744466800804,0.6304347826086957,4,4,20,4,8,0,11,11,6,1,6,1,6S,6S,0.7832592191062907,66,66,True,True,True,True,0
top_ten,svm,occupancy,full,6,unith,6,Faure,june_10_g0,0.972524154589372,0.9797705314009663,0.9405193236714976,0.6142857142857143,6,6,20,4,8,0,0,0,1,0,1,0,1H,1H,0.8936138908104981,45,45,True,True,True,True,0
top_ten,svm,occupancy,full,6,unith,6,Faure,june_10_g0,0.972524154589372,0.9797705314009663,0.9405193236714976,0.6142857142857143,6,6,20,4,8,0,0,1,1,0,2,0,1H,2H,0.9091694479252354,45,49,True,True,True,True,0
top_ten,svm,occupancy,full,6,unith,6,Faure,june_10_g0,0.972524154589372,0.9797705314009663,0.9405193236714976,0.6142857142857143,6,6,20,4,8,0,0,2,1,0,3,0,1H,3H,0.9113822172769204,45,52,True,True,True,True,0
top_ten,svm,occupancy,full,6,unith,6,Faure,june_10_g0,0.972524154589372,0.9797705314009663,0.9405193236714976,0.6142857142857143,6,6,20,4,8,0,0,3,1,0,4,0,1H,4H,0.918077901743189,45,15,True,True,True,True,0
top_ten,svm,occupancy,full,6,unith,6,Faure,june_10_g0,0.972524154589372,0.9797705314009663,0.9405193236714976,0.6142857142857143,6,6,20,4,8,0,0,4,1,0,5,0,1H,5H,0.8102917653373893,45,12,True,True,True,True,0
top_ten,svm,occupancy,full,6,unith,6,Faure,june_10_g0,0.972524154589372,0.9797705314009663,0.9405193236714976,0.6142857142857143,6,,20,4,8,0,0,5,1,0,6,0,1H,6H,,45,0,True,False,True,False,0
top_ten,svm,occupancy,full,6,unith,6,Faure,june_10_g0,0.972524154589372,0.9797705314009663,0.9405193236714976,0.6142857142857143,6,,20,4,8,0,0,6,1,0,1,1,1H,1S,,45,0,True,False,True,False,0
top_ten,svm,occupancy,full,6,unith,6,Faure,june_10_g0,0.972524154589372,0.9797705314009663,0.9405193236714976,0.6142857142857143,6,6,20,4,8,0,0,7,1,0,2,1,1H,2S,0.9113331804732981,45,16,True,True,True,True,0
top_ten,svm,occupancy,full,6,unith,6,Faure,june_10_g0,0.972524154589372,0.9797705314009663,0.9405193236714976,0.6142857142857143,6,,20,4,8,0,0,8,1,0,3,1,1H,3S,,45,0,True,False,True,False,0
top_ten,svm,occupancy,full,6,unith,6,Faure,june_10_g0,0.972524154589372,0.9797705314009663,0.9405193236714976,0.6142857142857143,6,6,20,4,8,0,0,9,1,0,4,1,1H,4S,0.9190138389901115,45,63,True,True,True,True,0
top_ten,svm,occupancy,full,6,unith,6,Faure,june_10_g0,0.972524154589372,0.9797705314009663,0.9405193236714976,0.6142857142857143,6,6,20,4,8,0,0,10,1,0,5,1,1H,5S,0.9097077992555065,45,78,True,True,True,True,0
top_ten,svm,occupancy,full,6,unith,6,Faure,june_10_g0,0.972524154589372,0.9797705314009663,0.9405193236714976,0.6142857142857143,6,6,20,4,8,0,0,11,1,0,6,1,1H,6S,0.8983132276724091,45,65,True,True,True,True,0
top_ten,svm,occupancy,full,6,unith,6,Faure,june_10_g0,0.972524154589372,0.9797705314009663,0.9405193236714976,0.6142857142857143,6,6,20,4,8,0,1,0,2,0,1,0,2H,1H,0.9091694479252354,49,45,True,True,True,True,0
top_ten,svm,occupancy,full,6,unith,6,Faure,june_10_g0,0.972524154589372,0.9797705314009663,0.9405193236714976,0.6142857142857143,6,6,20,4,8,0,1,1,2,0,2,0,2H,2H,0.945089274103867,49,49,True,True,True,True,0
top_ten,svm,occupancy,full,6,unith,6,Faure,june_10_g0,0.972524154589372,0.9797705314009663,0.9405193236714976,0.6142857142857143,6,6,20,4,8,0,1,2,2,0,3,0,2H,3H,0.9140034944364158,49,52,True,True,True,True,0
top_ten,svm,occupancy,full,6,unith,6,Faure,june_10_g0,0.972524154589372,0.9797705314009663,0.9405193236714976,0.6142857142857143,6,6,20,4,8,0,1,3,2,0,4,0,2H,4H,0.9107014378247321,49,15,True,True,True,True,0
top_ten,svm,occupancy,full,6,unith,6,Faure,june_10_g0,0.972524154589372,0.9797705314009663,0.9405193236714976,0.6142857142857143,6,6,20,4,8,0,1,4,2,0,5,0,2H,5H,0.7785244817154918,49,12,True,True,True,True,0
top_ten,svm,occupancy,full,6,unith,6,Faure,june_10_g0,0.972524154589372,0.9797705314009663,0.9405193236714976,0.6142857142857143,6,,20,4,8,0,1,5,2,0,6,0,2H,6H,,49,0,True,False,True,False,0
top_ten,svm,occupancy,full,6,unith,6,Faure,june_10_g0,0.972524154589372,0.9797705314009663,0.9405193236714976,0.6142857142857143,6,,20,4,8,0,1,6,2,0,1,1,2H,1S,,49,0,True,False,True,False,0
top_ten,svm,occupancy,full,6,unith,6,Faure,june_10_g0,0.972524154589372,0.9797705314009663,0.9405193236714976,0.6142857142857143,6,6,20,4,8,0,1,7,2,0,2,1,2H,2S,0.943040301190418,49,16,True,True,True,True,0
top_ten,svm,occupancy,full,6,unith,6,Faure,june_10_g0,0.972524154589372,0.9797705314009663,0.9405193236714976,0.6142857142857143,6,,20,4,8,0,1,8,2,0,3,1,2H,3S,,49,0,True,False,True,False,0
top_ten,svm,occupancy,full,6,unith,6,Faure,june_10_g0,0.972524154589372,0.9797705314009663,0.9405193236714976,0.6142857142857143,6,6,20,4,8,0,1,9,2,0,4,1,2H,4S,0.9233572032532578,49,63,True,True,True,True,0
top_ten,svm,occupancy,full,6,unith,6,Faure,june_10_g0,0.972524154589372,0.9797705314009663,0.9405193236714976,0.6142857142857143,6,6,20,4,8,0,1,10,2,0,5,1,2H,5S,0.9039252066693259,49,78,True,True,True,True,0
top_ten,svm,occupancy,full,6,unith,6,Faure,june_10_g0,0.972524154589372,0.9797705314009663,0.9405193236714976,0.6142857142857143,6,6,20,4,8,0,1,11,2,0,6,1,2H,6S,0.894062476358164,49,65,True,True,True,True,0
top_ten,svm,occupancy,full,6,unith,6,Faure,june_10_g0,0.972524154589372,0.9797705314009663,0.9405193236714976,0.6142857142857143,6,6,20,4,8,0,2,0,3,0,1,0,3H,1H,0.9113822172769204,52,45,True,True,True,True,0
top_ten,svm,occupancy,full,6,unith,6,Faure,june_10_g0,0.972524154589372,0.9797705314009663,0.9405193236714976,0.6142857142857143,6,6,20,4,8,0,2,1,3,0,2,0,3H,2H,0.9140034944364158,52,49,True,True,True,True,0
top_ten,svm,occupancy,full,6,unith,6,Faure,june_10_g0,0.972524154589372,0.9797705314009663,0.9405193236714976,0.6142857142857143,6,6,20,4,8,0,2,2,3,0,3,0,3H,3H,0.9571700000660647,52,52,True,True,True,True,0
top_ten,svm,occupancy,full,6,unith,6,Faure,june_10_g0,0.972524154589372,0.9797705314009663,0.9405193236714976,0.6142857142857143,6,6,20,4,8,0,2,3,3,0,4,0,3H,4H,0.9633612226873435,52,15,True,True,True,True,0
top_ten,svm,occupancy,full,6,unith,6,Faure,june_10_g0,0.972524154589372,0.9797705314009663,0.9405193236714976,0.6142857142857143,6,6,20,4,8,0,2,4,3,0,5,0,3H,5H,0.8924800700615021,52,12,True,True,True,True,0
top_ten,svm,occupancy,full,6,unith,6,Faure,june_10_g0,0.972524154589372,0.9797705314009663,0.9405193236714976,0.6142857142857143,6,,20,4,8,0,2,5,3,0,6,0,3H,6H,,52,0,True,False,True,False,0
top_ten,svm,occupancy,full,6,unith,6,Faure,june_10_g0,0.972524154589372,0.9797705314009663,0.9405193236714976,0.6142857142857143,6,,20,4,8,0,2,6,3,0,1,1,3H,1S,,52,0,True,False,True,False,0
top_ten,svm,occupancy,full,6,unith,6,Faure,june_10_g0,0.972524154589372,0.9797705314009663,0.9405193236714976,0.6142857142857143,6,6,20,4,8,0,2,7,3,0,2,1,3H,2S,0.9141724992090892,52,16,True,True,True,True,0
top_ten,svm,occupancy,full,6,unith,6,Faure,june_10_g0,0.972524154589372,0.9797705314009663,0.9405193236714976,0.6142857142857143,6,,20,4,8,0,2,8,3,0,3,1,3H,3S,,52,0,True,False,True,False,0
top_ten,svm,occupancy,full,6,unith,6,Faure,june_10_g0,0.972524154589372,0.9797705314009663,0.9405193236714976,0.6142857142857143,6,6,20,4,8,0,2,9,3,0,4,1,3H,4S,0.9570763264761014,52,63,True,True,True,True,0
top_ten,svm,occupancy,full,6,unith,6,Faure,june_10_g0,0.972524154589372,0.9797705314009663,0.9405193236714976,0.6142857142857143,6,6,20,4,8,0,2,10,3,0,5,1,3H,5S,0.9348948253735809,52,78,True,True,True,True,0
top_ten,svm,occupancy,full,6,unith,6,Faure,june_10_g0,0.972524154589372,0.9797705314009663,0.9405193236714976,0.6142857142857143,6,6,20,4,8,0,2,11,3,0,6,1,3H,6S,0.9162545914330928,52,65,True,True,True,True,0
top_ten,svm,occupancy,full,6,unith,6,Faure,june_10_g0,0.972524154589372,0.9797705314009663,0.9405193236714976,0.6142857142857143,6,6,20,4,8,0,3,0,4,0,1,0,4H,1H,0.918077901743189,15,45,True,True,True,True,0
top_ten,svm,occupancy,full,6,unith,6,Faure,june_10_g0,0.972524154589372,0.9797705314009663,0.9405193236714976,0.6142857142857143,6,6,20,4,8,0,3,1,4,0,2,0,4H,2H,0.9107014378247321,15,49,True,True,True,True,0
top_ten,svm,occupancy,full,6,unith,6,Faure,june_10_g0,0.972524154589372,0.9797705314009663,0.9405193236714976,0.6142857142857143,6,6,20,4,8,0,3,2,4,0,3,0,4H,3H,0.9633612226873435,15,52,True,True,True,True,0
top_ten,svm,occupancy,full,6,unith,6,Faure,june_10_g0,0.972524154589372,0.9797705314009663,0.9405193236714976,0.6142857142857143,6,6,20,4,8,0,3,3,4,0,4,0,4H,4H,0.9592244713487845,15,15,True,True,True,True,0
top_ten,svm,occupancy,full,6,unith,6,Faure,june_10_g0,0.972524154589372,0.9797705314009663,0.9405193236714976,0.6142857142857143,6,6,20,4,8,0,3,4,4,0,5,0,4H,5H,0.9123693462639725,15,12,True,True,True,True,0
top_ten,svm,occupancy,full,6,unith,6,Faure,june_10_g0,0.972524154589372,0.9797705314009663,0.9405193236714976,0.6142857142857143,6,,20,4,8,0,3,5,4,0,6,0,4H,6H,,15,0,True,False,True,False,0
top_ten,svm,occupancy,full,6,unith,6,Faure,june_10_g0,0.972524154589372,0.9797705314009663,0.9405193236714976,0.6142857142857143,6,,20,4,8,0,3,6,4,0,1,1,4H,1S,,15,0,True,False,True,False,0
top_ten,svm,occupancy,full,6,unith,6,Faure,june_10_g0,0.972524154589372,0.9797705314009663,0.9405193236714976,0.6142857142857143,6,6,20,4,8,0,3,7,4,0,2,1,4H,2S,0.9211223261729709,15,16,True,True,True,True,0
top_ten,svm,occupancy,full,6,unith,6,Faure,june_10_g0,0.972524154589372,0.9797705314009663,0.9405193236714976,0.6142857142857143,6,,20,4,8,0,3,8,4,0,3,1,4H,3S,,15,0,True,False,True,False,0
top_ten,svm,occupancy,full,6,unith,6,Faure,june_10_g0,0.972524154589372,0.9797705314009663,0.9405193236714976,0.6142857142857143,6,6,20,4,8,0,3,9,4,0,4,1,4H,4S,0.964829648764443,15,63,True,True,True,True,0
top_ten,svm,occupancy,full,6,unith,6,Faure,june_10_g0,0.972524154589372,0.9797705314009663,0.9405193236714976,0.6142857142857143,6,6,20,4,8,0,3,10,4,0,5,1,4H,5S,0.934052459748357,15,78,True,True,True,True,0
top_ten,svm,occupancy,full,6,unith,6,Faure,june_10_g0,0.972524154589372,0.9797705314009663,0.9405193236714976,0.6142857142857143,6,6,20,4,8,0,3,11,4,0,6,1,4H,6S,0.9216078408968938,15,65,True,True,True,True,0
top_ten,svm,occupancy,full,6,unith,6,Faure,june_10_g0,0.972524154589372,0.9797705314009663,0.9405193236714976,0.6142857142857143,6,6,20,4,8,0,4,0,5,0,1,0,5H,1H,0.8102917653373893,12,45,True,True,True,True,0
top_ten,svm,occupancy,full,6,unith,6,Faure,june_10_g0,0.972524154589372,0.9797705314009663,0.9405193236714976,0.6142857142857143,6,6,20,4,8,0,4,1,5,0,2,0,5H,2H,0.7785244817154918,12,49,True,True,True,True,0
top_ten,svm,occupancy,full,6,unith,6,Faure,june_10_g0,0.972524154589372,0.9797705314009663,0.9405193236714976,0.6142857142857143,6,6,20,4,8,0,4,2,5,0,3,0,5H,3H,0.8924800700615021,12,52,True,True,True,True,0
top_ten,svm,occupancy,full,6,unith,6,Faure,june_10_g0,0.972524154589372,0.9797705314009663,0.9405193236714976,0.6142857142857143,6,6,20,4,8,0,4,3,5,0,4,0,5H,4H,0.9123693462639725,12,15,True,True,True,True,0
top_ten,svm,occupancy,full,6,unith,6,Faure,june_10_g0,0.972524154589372,0.9797705314009663,0.9405193236714976,0.6142857142857143,6,6,20,4,8,0,4,4,5,0,5,0,5H,5H,0.9358335861792686,12,12,True,True,True,True,0
top_ten,svm,occupancy,full,6,unith,6,Faure,june_10_g0,0.972524154589372,0.9797705314009663,0.9405193236714976,0.6142857142857143,6,,20,4,8,0,4,5,5,0,6,0,5H,6H,,12,0,True,False,True,False,0
top_ten,svm,occupancy,full,6,unith,6,Faure,june_10_g0,0.972524154589372,0.9797705314009663,0.9405193236714976,0.6142857142857143,6,,20,4,8,0,4,6,5,0,1,1,5H,1S,,12,0,True,False,True,False,0
top_ten,svm,occupancy,full,6,unith,6,Faure,june_10_g0,0.972524154589372,0.9797705314009663,0.9405193236714976,0.6142857142857143,6,6,20,4,8,0,4,7,5,0,2,1,5H,2S,0.7991184378955574,12,16,True,True,True,True,0
top_ten,svm,occupancy,full,6,unith,6,Faure,june_10_g0,0.972524154589372,0.9797705314009663,0.9405193236714976,0.6142857142857143,6,,20,4,8,0,4,8,5,0,3,1,5H,3S,,12,0,True,False,True,False,0
top_ten,svm,occupancy,full,6,unith,6,Faure,june_10_g0,0.972524154589372,0.9797705314009663,0.9405193236714976,0.6142857142857143,6,6,20,4,8,0,4,9,5,0,4,1,5H,4S,0.8745789653089698,12,63,True,True,True,True,0
top_ten,svm,occupancy,full,6,unith,6,Faure,june_10_g0,0.972524154589372,0.9797705314009663,0.9405193236714976,0.6142857142857143,6,6,20,4,8,0,4,10,5,0,5,1,5H,5S,0.8435678292710556,12,78,True,True,True,True,0
top_ten,svm,occupancy,full,6,unith,6,Faure,june_10_g0,0.972524154589372,0.9797705314009663,0.9405193236714976,0.6142857142857143,6,6,20,4,8,0,4,11,5,0,6,1,5H,6S,0.8433839942847335,12,65,True,True,True,True,0
top_ten,svm,occupancy,full,6,unith,6,Faure,june_10_g0,0.972524154589372,0.9797705314009663,0.9405193236714976,0.6142857142857143,,6,20,4,8,0,5,0,6,0,1,0,6H,1H,,0,45,False,True,False,True,0
top_ten,svm,occupancy,full,6,unith,6,Faure,june_10_g0,0.972524154589372,0.9797705314009663,0.9405193236714976,0.6142857142857143,,6,20,4,8,0,5,1,6,0,2,0,6H,2H,,0,49,False,True,False,True,0
top_ten,svm,occupancy,full,6,unith,6,Faure,june_10_g0,0.972524154589372,0.9797705314009663,0.9405193236714976,0.6142857142857143,,6,20,4,8,0,5,2,6,0,3,0,6H,3H,,0,52,False,True,False,True,0
top_ten,svm,occupancy,full,6,unith,6,Faure,june_10_g0,0.972524154589372,0.9797705314009663,0.9405193236714976,0.6142857142857143,,6,20,4,8,0,5,3,6,0,4,0,6H,4H,,0,15,False,True,False,True,0
top_ten,svm,occupancy,full,6,unith,6,Faure,june_10_g0,0.972524154589372,0.9797705314009663,0.9405193236714976,0.6142857142857143,,6,20,4,8,0,5,4,6,0,5,0,6H,5H,,0,12,False,True,False,True,0
top_ten,svm,occupancy,full,6,unith,6,Faure,june_10_g0,0.972524154589372,0.9797705314009663,0.9405193236714976,0.6142857142857143,,,20,4,8,0,5,5,6,0,6,0,6H,6H,,0,0,False,False,False,False,0
top_ten,svm,occupancy,full,6,unith,6,Faure,june_10_g0,0.972524154589372,0.9797705314009663,0.9405193236714976,0.6142857142857143,,,20,4,8,0,5,6,6,0,1,1,6H,1S,,0,0,False,False,False,False,0
top_ten,svm,occupancy,full,6,unith,6,Faure,june_10_g0,0.972524154589372,0.9797705314009663,0.9405193236714976,0.6142857142857143,,6,20,4,8,0,5,7,6,0,2,1,6H,2S,,0,16,False,True,False,True,0
top_ten,svm,occupancy,full,6,unith,6,Faure,june_10_g0,0.972524154589372,0.9797705314009663,0.9405193236714976,0.6142857142857143,,,20,4,8,0,5,8,6,0,3,1,6H,3S,,0,0,False,False,False,False,0
top_ten,svm,occupancy,full,6,unith,6,Faure,june_10_g0,0.972524154589372,0.9797705314009663,0.9405193236714976,0.6142857142857143,,6,20,4,8,0,5,9,6,0,4,1,6H,4S,,0,63,False,True,False,True,0
top_ten,svm,occupancy,full,6,unith,6,Faure,june_10_g0,0.972524154589372,0.9797705314009663,0.9405193236714976,0.6142857142857143,,6,20,4,8,0,5,10,6,0,5,1,6H,5S,,0,78,False,True,False,True,0
top_ten,svm,occupancy,full,6,unith,6,Faure,june_10_g0,0.972524154589372,0.9797705314009663,0.9405193236714976,0.6142857142857143,,6,20,4,8,0,5,11,6,0,6,1,6H,6S,,0,65,False,True,False,True,0
top_ten,svm,occupancy,full,6,unith,6,Faure,june_10_g0,0.972524154589372,0.9797705314009663,0.9405193236714976,0.6142857142857143,,6,20,4,8,0,6,0,1,1,1,0,1S,1H,,0,45,False,True,False,True,0
top_ten,svm,occupancy,full,6,unith,6,Faure,june_10_g0,0.972524154589372,0.9797705314009663,0.9405193236714976,0.6142857142857143,,6,20,4,8,0,6,1,1,1,2,0,1S,2H,,0,49,False,True,False,True,0
top_ten,svm,occupancy,full,6,unith,6,Faure,june_10_g0,0.972524154589372,0.9797705314009663,0.9405193236714976,0.6142857142857143,,6,20,4,8,0,6,2,1,1,3,0,1S,3H,,0,52,False,True,False,True,0
top_ten,svm,occupancy,full,6,unith,6,Faure,june_10_g0,0.972524154589372,0.9797705314009663,0.9405193236714976,0.6142857142857143,,6,20,4,8,0,6,3,1,1,4,0,1S,4H,,0,15,False,True,False,True,0
top_ten,svm,occupancy,full,6,unith,6,Faure,june_10_g0,0.972524154589372,0.9797705314009663,0.9405193236714976,0.6142857142857143,,6,20,4,8,0,6,4,1,1,5,0,1S,5H,,0,12,False,True,False,True,0
top_ten,svm,occupancy,full,6,unith,6,Faure,june_10_g0,0.972524154589372,0.9797705314009663,0.9405193236714976,0.6142857142857143,,,20,4,8,0,6,5,1,1,6,0,1S,6H,,0,0,False,False,False,False,0
top_ten,svm,occupancy,full,6,unith,6,Faure,june_10_g0,0.972524154589372,0.9797705314009663,0.9405193236714976,0.6142857142857143,,,20,4,8,0,6,6,1,1,1,1,1S,1S,,0,0,False,False,False,False,0
top_ten,svm,occupancy,full,6,unith,6,Faure,june_10_g0,0.972524154589372,0.9797705314009663,0.9405193236714976,0.6142857142857143,,6,20,4,8,0,6,7,1,1,2,1,1S,2S,,0,16,False,True,False,True,0
top_ten,svm,occupancy,full,6,unith,6,Faure,june_10_g0,0.972524154589372,0.9797705314009663,0.9405193236714976,0.6142857142857143,,,20,4,8,0,6,8,1,1,3,1,1S,3S,,0,0,False,False,False,False,0
top_ten,svm,occupancy,full,6,unith,6,Faure,june_10_g0,0.972524154589372,0.9797705314009663,0.9405193236714976,0.6142857142857143,,6,20,4,8,0,6,9,1,1,4,1,1S,4S,,0,63,False,True,False,True,0
top_ten,svm,occupancy,full,6,unith,6,Faure,june_10_g0,0.972524154589372,0.9797705314009663,0.9405193236714976,0.6142857142857143,,6,20,4,8,0,6,10,1,1,5,1,1S,5S,,0,78,False,True,False,True,0
top_ten,svm,occupancy,full,6,unith,6,Faure,june_10_g0,0.972524154589372,0.9797705314009663,0.9405193236714976,0.6142857142857143,,6,20,4,8,0,6,11,1,1,6,1,1S,6S,,0,65,False,True,False,True,0
top_ten,svm,occupancy,full,6,unith,6,Faure,june_10_g0,0.972524154589372,0.9797705314009663,0.9405193236714976,0.6142857142857143,6,6,20,4,8,0,7,0,2,1,1,0,2S,1H,0.9113331804732981,16,45,True,True,True,True,0
top_ten,svm,occupancy,full,6,unith,6,Faure,june_10_g0,0.972524154589372,0.9797705314009663,0.9405193236714976,0.6142857142857143,6,6,20,4,8,0,7,1,2,1,2,0,2S,2H,0.943040301190418,16,49,True,True,True,True,0
top_ten,svm,occupancy,full,6,unith,6,Faure,june_10_g0,0.972524154589372,0.9797705314009663,0.9405193236714976,0.6142857142857143,6,6,20,4,8,0,7,2,2,1,3,0,2S,3H,0.9141724992090892,16,52,True,True,True,True,0
top_ten,svm,occupancy,full,6,unith,6,Faure,june_10_g0,0.972524154589372,0.9797705314009663,0.9405193236714976,0.6142857142857143,6,6,20,4,8,0,7,3,2,1,4,0,2S,4H,0.9211223261729709,16,15,True,True,True,True,0
top_ten,svm,occupancy,full,6,unith,6,Faure,june_10_g0,0.972524154589372,0.9797705314009663,0.9405193236714976,0.6142857142857143,6,6,20,4,8,0,7,4,2,1,5,0,2S,5H,0.7991184378955574,16,12,True,True,True,True,0
top_ten,svm,occupancy,full,6,unith,6,Faure,june_10_g0,0.972524154589372,0.9797705314009663,0.9405193236714976,0.6142857142857143,6,,20,4,8,0,7,5,2,1,6,0,2S,6H,,16,0,True,False,True,False,0
top_ten,svm,occupancy,full,6,unith,6,Faure,june_10_g0,0.972524154589372,0.9797705314009663,0.9405193236714976,0.6142857142857143,6,,20,4,8,0,7,6,2,1,1,1,2S,1S,,16,0,True,False,True,False,0
top_ten,svm,occupancy,full,6,unith,6,Faure,june_10_g0,0.972524154589372,0.9797705314009663,0.9405193236714976,0.6142857142857143,6,6,20,4,8,0,7,7,2,1,2,1,2S,2S,0.9068113711312149,16,16,True,True,True,True,0
top_ten,svm,occupancy,full,6,unith,6,Faure,june_10_g0,0.972524154589372,0.9797705314009663,0.9405193236714976,0.6142857142857143,6,,20,4,8,0,7,8,2,1,3,1,2S,3S,,16,0,True,False,True,False,0
top_ten,svm,occupancy,full,6,unith,6,Faure,june_10_g0,0.972524154589372,0.9797705314009663,0.9405193236714976,0.6142857142857143,6,6,20,4,8,0,7,9,2,1,4,1,2S,4S,0.9360952084839808,16,63,True,True,True,True,0
top_ten,svm,occupancy,full,6,unith,6,Faure,june_10_g0,0.972524154589372,0.9797705314009663,0.9405193236714976,0.6142857142857143,6,6,20,4,8,0,7,10,2,1,5,1,2S,5S,0.9177106423852394,16,78,True,True,True,True,0
top_ten,svm,occupancy,full,6,unith,6,Faure,june_10_g0,0.972524154589372,0.9797705314009663,0.9405193236714976,0.6142857142857143,6,6,20,4,8,0,7,11,2,1,6,1,2S,6S,0.887171854538629,16,65,True,True,True,True,0
top_ten,svm,occupancy,full,6,unith,6,Faure,june_10_g0,0.972524154589372,0.9797705314009663,0.9405193236714976,0.6142857142857143,,6,20,4,8,0,8,0,3,1,1,0,3S,1H,,0,45,False,True,False,True,0
top_ten,svm,occupancy,full,6,unith,6,Faure,june_10_g0,0.972524154589372,0.9797705314009663,0.9405193236714976,0.6142857142857143,,6,20,4,8,0,8,1,3,1,2,0,3S,2H,,0,49,False,True,False,True,0
top_ten,svm,occupancy,full,6,unith,6,Faure,june_10_g0,0.972524154589372,0.9797705314009663,0.9405193236714976,0.6142857142857143,,6,20,4,8,0,8,2,3,1,3,0,3S,3H,,0,52,False,True,False,True,0
top_ten,svm,occupancy,full,6,unith,6,Faure,june_10_g0,0.972524154589372,0.9797705314009663,0.9405193236714976,0.6142857142857143,,6,20,4,8,0,8,3,3,1,4,0,3S,4H,,0,15,False,True,False,True,0
top_ten,svm,occupancy,full,6,unith,6,Faure,june_10_g0,0.972524154589372,0.9797705314009663,0.9405193236714976,0.6142857142857143,,6,20,4,8,0,8,4,3,1,5,0,3S,5H,,0,12,False,True,False,True,0
top_ten,svm,occupancy,full,6,unith,6,Faure,june_10_g0,0.972524154589372,0.9797705314009663,0.9405193236714976,0.6142857142857143,,,20,4,8,0,8,5,3,1,6,0,3S,6H,,0,0,False,False,False,False,0
top_ten,svm,occupancy,full,6,unith,6,Faure,june_10_g0,0.972524154589372,0.9797705314009663,0.9405193236714976,0.6142857142857143,,,20,4,8,0,8,6,3,1,1,1,3S,1S,,0,0,False,False,False,False,0
top_ten,svm,occupancy,full,6,unith,6,Faure,june_10_g0,0.972524154589372,0.9797705314009663,0.9405193236714976,0.6142857142857143,,6,20,4,8,0,8,7,3,1,2,1,3S,2S,,0,16,False,True,False,True,0
top_ten,svm,occupancy,full,6,unith,6,Faure,june_10_g0,0.972524154589372,0.9797705314009663,0.9405193236714976,0.6142857142857143,,,20,4,8,0,8,8,3,1,3,1,3S,3S,,0,0,False,False,False,False,0
top_ten,svm,occupancy,full,6,unith,6,Faure,june_10_g0,0.972524154589372,0.9797705314009663,0.9405193236714976,0.6142857142857143,,6,20,4,8,0,8,9,3,1,4,1,3S,4S,,0,63,False,True,False,True,0
top_ten,svm,occupancy,full,6,unith,6,Faure,june_10_g0,0.972524154589372,0.9797705314009663,0.9405193236714976,0.6142857142857143,,6,20,4,8,0,8,10,3,1,5,1,3S,5S,,0,78,False,True,False,True,0
top_ten,svm,occupancy,full,6,unith,6,Faure,june_10_g0,0.972524154589372,0.9797705314009663,0.9405193236714976,0.6142857142857143,,6,20,4,8,0,8,11,3,1,6,1,3S,6S,,0,65,False,True,False,True,0
top_ten,svm,occupancy,full,6,unith,6,Faure,june_10_g0,0.972524154589372,0.9797705314009663,0.9405193236714976,0.6142857142857143,6,6,20,4,8,0,9,0,4,1,1,0,4S,1H,0.9190138389901115,63,45,True,True,True,True,0
top_ten,svm,occupancy,full,6,unith,6,Faure,june_10_g0,0.972524154589372,0.9797705314009663,0.9405193236714976,0.6142857142857143,6,6,20,4,8,0,9,1,4,1,2,0,4S,2H,0.9233572032532578,63,49,True,True,True,True,0
top_ten,svm,occupancy,full,6,unith,6,Faure,june_10_g0,0.972524154589372,0.9797705314009663,0.9405193236714976,0.6142857142857143,6,6,20,4,8,0,9,2,4,1,3,0,4S,3H,0.9570763264761014,63,52,True,True,True,True,0
top_ten,svm,occupancy,full,6,unith,6,Faure,june_10_g0,0.972524154589372,0.9797705314009663,0.9405193236714976,0.6142857142857143,6,6,20,4,8,0,9,3,4,1,4,0,4S,4H,0.964829648764443,63,15,True,True,True,True,0
top_ten,svm,occupancy,full,6,unith,6,Faure,june_10_g0,0.972524154589372,0.9797705314009663,0.9405193236714976,0.6142857142857143,6,6,20,4,8,0,9,4,4,1,5,0,4S,5H,0.8745789653089698,63,12,True,True,True,True,0
top_ten,svm,occupancy,full,6,unith,6,Faure,june_10_g0,0.972524154589372,0.9797705314009663,0.9405193236714976,0.6142857142857143,6,,20,4,8,0,9,5,4,1,6,0,4S,6H,,63,0,True,False,True,False,0
top_ten,svm,occupancy,full,6,unith,6,Faure,june_10_g0,0.972524154589372,0.9797705314009663,0.9405193236714976,0.6142857142857143,6,,20,4,8,0,9,6,4,1,1,1,4S,1S,,63,0,True,False,True,False,0
top_ten,svm,occupancy,full,6,unith,6,Faure,june_10_g0,0.972524154589372,0.9797705314009663,0.9405193236714976,0.6142857142857143,6,6,20,4,8,0,9,7,4,1,2,1,4S,2S,0.9360952084839808,63,16,True,True,True,True,0
top_ten,svm,occupancy,full,6,unith,6,Faure,june_10_g0,0.972524154589372,0.9797705314009663,0.9405193236714976,0.6142857142857143,6,,20,4,8,0,9,8,4,1,3,1,4S,3S,,63,0,True,False,True,False,0
top_ten,svm,occupancy,full,6,unith,6,Faure,june_10_g0,0.972524154589372,0.9797705314009663,0.9405193236714976,0.6142857142857143,6,6,20,4,8,0,9,9,4,1,4,1,4S,4S,0.96207388552324,63,63,True,True,True,True,0
top_ten,svm,occupancy,full,6,unith,6,Faure,june_10_g0,0.972524154589372,0.9797705314009663,0.9405193236714976,0.6142857142857143,6,6,20,4,8,0,9,10,4,1,5,1,4S,5S,0.9338654357355797,63,78,True,True,True,True,0
top_ten,svm,occupancy,full,6,unith,6,Faure,june_10_g0,0.972524154589372,0.9797705314009663,0.9405193236714976,0.6142857142857143,6,6,20,4,8,0,9,11,4,1,6,1,4S,6S,0.909917843636191,63,65,True,True,True,True,0
top_ten,svm,occupancy,full,6,unith,6,Faure,june_10_g0,0.972524154589372,0.9797705314009663,0.9405193236714976,0.6142857142857143,6,6,20,4,8,0,10,0,5,1,1,0,5S,1H,0.9097077992555065,78,45,True,True,True,True,0
top_ten,svm,occupancy,full,6,unith,6,Faure,june_10_g0,0.972524154589372,0.9797705314009663,0.9405193236714976,0.6142857142857143,6,6,20,4,8,0,10,1,5,1,2,0,5S,2H,0.9039252066693259,78,49,True,True,True,True,0
top_ten,svm,occupancy,full,6,unith,6,Faure,june_10_g0,0.972524154589372,0.9797705314009663,0.9405193236714976,0.6142857142857143,6,6,20,4,8,0,10,2,5,1,3,0,5S,3H,0.9348948253735809,78,52,True,True,True,True,0
top_ten,svm,occupancy,full,6,unith,6,Faure,june_10_g0,0.972524154589372,0.9797705314009663,0.9405193236714976,0.6142857142857143,6,6,20,4,8,0,10,3,5,1,4,0,5S,4H,0.934052459748357,78,15,True,True,True,True,0
top_ten,svm,occupancy,full,6,unith,6,Faure,june_10_g0,0.972524154589372,0.9797705314009663,0.9405193236714976,0.6142857142857143,6,6,20,4,8,0,10,4,5,1,5,0,5S,5H,0.8435678292710556,78,12,True,True,True,True,0
top_ten,svm,occupancy,full,6,unith,6,Faure,june_10_g0,0.972524154589372,0.9797705314009663,0.9405193236714976,0.6142857142857143,6,,20,4,8,0,10,5,5,1,6,0,5S,6H,,78,0,True,False,True,False,0
top_ten,svm,occupancy,full,6,unith,6,Faure,june_10_g0,0.972524154589372,0.9797705314009663,0.9405193236714976,0.6142857142857143,6,,20,4,8,0,10,6,5,1,1,1,5S,1S,,78,0,True,False,True,False,0
top_ten,svm,occupancy,full,6,unith,6,Faure,june_10_g0,0.972524154589372,0.9797705314009663,0.9405193236714976,0.6142857142857143,6,6,20,4,8,0,10,7,5,1,2,1,5S,2S,0.9177106423852394,78,16,True,True,True,True,0
top_ten,svm,occupancy,full,6,unith,6,Faure,june_10_g0,0.972524154589372,0.9797705314009663,0.9405193236714976,0.6142857142857143,6,,20,4,8,0,10,8,5,1,3,1,5S,3S,,78,0,True,False,True,False,0
top_ten,svm,occupancy,full,6,unith,6,Faure,june_10_g0,0.972524154589372,0.9797705314009663,0.9405193236714976,0.6142857142857143,6,6,20,4,8,0,10,9,5,1,4,1,5S,4S,0.9338654357355797,78,63,True,True,True,True,0
top_ten,svm,occupancy,full,6,unith,6,Faure,june_10_g0,0.972524154589372,0.9797705314009663,0.9405193236714976,0.6142857142857143,6,6,20,4,8,0,10,10,5,1,5,1,5S,5S,0.9291586721080834,78,78,True,True,True,True,0
top_ten,svm,occupancy,full,6,unith,6,Faure,june_10_g0,0.972524154589372,0.9797705314009663,0.9405193236714976,0.6142857142857143,6,6,20,4,8,0,10,11,5,1,6,1,5S,6S,0.9000685005226978,78,65,True,True,True,True,0
top_ten,svm,occupancy,full,6,unith,6,Faure,june_10_g0,0.972524154589372,0.9797705314009663,0.9405193236714976,0.6142857142857143,6,6,20,4,8,0,11,0,6,1,1,0,6S,1H,0.8983132276724091,65,45,True,True,True,True,0
top_ten,svm,occupancy,full,6,unith,6,Faure,june_10_g0,0.972524154589372,0.9797705314009663,0.9405193236714976,0.6142857142857143,6,6,20,4,8,0,11,1,6,1,2,0,6S,2H,0.894062476358164,65,49,True,True,True,True,0
top_ten,svm,occupancy,full,6,unith,6,Faure,june_10_g0,0.972524154589372,0.9797705314009663,0.9405193236714976,0.6142857142857143,6,6,20,4,8,0,11,2,6,1,3,0,6S,3H,0.9162545914330928,65,52,True,True,True,True,0
top_ten,svm,occupancy,full,6,unith,6,Faure,june_10_g0,0.972524154589372,0.9797705314009663,0.9405193236714976,0.6142857142857143,6,6,20,4,8,0,11,3,6,1,4,0,6S,4H,0.9216078408968938,65,15,True,True,True,True,0
top_ten,svm,occupancy,full,6,unith,6,Faure,june_10_g0,0.972524154589372,0.9797705314009663,0.9405193236714976,0.6142857142857143,6,6,20,4,8,0,11,4,6,1,5,0,6S,5H,0.8433839942847335,65,12,True,True,True,True,0
top_ten,svm,occupancy,full,6,unith,6,Faure,june_10_g0,0.972524154589372,0.9797705314009663,0.9405193236714976,0.6142857142857143,6,,20,4,8,0,11,5,6,1,6,0,6S,6H,,65,0,True,False,True,False,0
top_ten,svm,occupancy,full,6,unith,6,Faure,june_10_g0,0.972524154589372,0.9797705314009663,0.9405193236714976,0.6142857142857143,6,,20,4,8,0,11,6,6,1,1,1,6S,1S,,65,0,True,False,True,False,0
top_ten,svm,occupancy,full,6,unith,6,Faure,june_10_g0,0.972524154589372,0.9797705314009663,0.9405193236714976,0.6142857142857143,6,6,20,4,8,0,11,7,6,1,2,1,6S,2S,0.887171854538629,65,16,True,True,True,True,0
top_ten,svm,occupancy,full,6,unith,6,Faure,june_10_g0,0.972524154589372,0.9797705314009663,0.9405193236714976,0.6142857142857143,6,,20,4,8,0,11,8,6,1,3,1,6S,3S,,65,0,True,False,True,False,0
top_ten,svm,occupancy,full,6,unith,6,Faure,june_10_g0,0.972524154589372,0.9797705314009663,0.9405193236714976,0.6142857142857143,6,6,20,4,8,0,11,9,6,1,4,1,6S,4S,0.909917843636191,65,63,True,True,True,True,0
top_ten,svm,occupancy,full,6,unith,6,Faure,june_10_g0,0.972524154589372,0.9797705314009663,0.9405193236714976,0.6142857142857143,6,6,20,4,8,0,11,10,6,1,5,1,6S,5S,0.9000685005226978,65,78,True,True,True,True,0
top_ten,svm,occupancy,full,6,unith,6,Faure,june_10_g0,0.972524154589372,0.9797705314009663,0.9405193236714976,0.6142857142857143,6,6,20,4,8,0,11,11,6,1,6,1,6S,6S,0.8545246821877237,65,65,True,True,True,True,0
top_ten,svm,occupancy,full,6,unith,6,Faure,june_12_g0,0.970520799213888,0.9911562397641663,0.9556174254831313,0.61875,5,5,20,4,8,0,0,0,1,0,1,0,1H,1H,0.8905627918574611,41,41,True,True,True,True,0
top_ten,svm,occupancy,full,6,unith,6,Faure,june_12_g0,0.970520799213888,0.9911562397641663,0.9556174254831313,0.61875,5,5,20,4,8,0,0,1,1,0,2,0,1H,2H,0.8886734146811905,41,36,True,True,True,True,0
top_ten,svm,occupancy,full,6,unith,6,Faure,june_12_g0,0.970520799213888,0.9911562397641663,0.9556174254831313,0.61875,5,5,20,4,8,0,0,2,1,0,3,0,1H,3H,0.8944693540938221,41,53,True,True,True,True,0
top_ten,svm,occupancy,full,6,unith,6,Faure,june_12_g0,0.970520799213888,0.9911562397641663,0.9556174254831313,0.61875,5,2,20,4,8,0,0,3,1,0,4,0,1H,4H,0.904150114717611,41,4,True,True,True,False,0
top_ten,svm,occupancy,full,6,unith,6,Faure,june_12_g0,0.970520799213888,0.9911562397641663,0.9556174254831313,0.61875,5,2,20,4,8,0,0,4,1,0,5,0,1H,5H,0.8784769477350078,41,4,True,True,True,False,0
top_ten,svm,occupancy,full,6,unith,6,Faure,june_12_g0,0.970520799213888,0.9911562397641663,0.9556174254831313,0.61875,5,,20,4,8,0,0,5,1,0,6,0,1H,6H,,41,0,True,False,True,False,0
top_ten,svm,occupancy,full,6,unith,6,Faure,june_12_g0,0.970520799213888,0.9911562397641663,0.9556174254831313,0.61875,5,,20,4,8,0,0,6,1,0,1,1,1H,1S,,41,0,True,False,True,False,0
top_ten,svm,occupancy,full,6,unith,6,Faure,june_12_g0,0.970520799213888,0.9911562397641663,0.9556174254831313,0.61875,5,5,20,4,8,0,0,7,1,0,2,1,1H,2S,0.9003726283215279,41,10,True,True,True,True,0
top_ten,svm,occupancy,full,6,unith,6,Faure,june_12_g0,0.970520799213888,0.9911562397641663,0.9556174254831313,0.61875,5,,20,4,8,0,0,8,1,0,3,1,1H,3S,,41,0,True,False,True,False,0
top_ten,svm,occupancy,full,6,unith,6,Faure,june_12_g0,0.970520799213888,0.9911562397641663,0.9556174254831313,0.61875,5,5,20,4,8,0,0,9,1,0,4,1,1H,4S,0.9267038257567883,41,61,True,True,True,True,0
top_ten,svm,occupancy,full,6,unith,6,Faure,june_12_g0,0.970520799213888,0.9911562397641663,0.9556174254831313,0.61875,5,5,20,4,8,0,0,10,1,0,5,1,1H,5S,0.8896594393537993,41,56,True,True,True,True,0
top_ten,svm,occupancy,full,6,unith,6,Faure,june_12_g0,0.970520799213888,0.9911562397641663,0.9556174254831313,0.61875,5,5,20,4,8,0,0,11,1,0,6,1,1H,6S,0.9109649662159347,41,67,True,True,True,True,0
top_ten,svm,occupancy,full,6,unith,6,Faure,june_12_g0,0.970520799213888,0.9911562397641663,0.9556174254831313,0.61875,5,5,20,4,8,0,1,0,2,0,1,0,2H,1H,0.8886734146811905,36,41,True,True,True,True,0
top_ten,svm,occupancy,full,6,unith,6,Faure,june_12_g0,0.970520799213888,0.9911562397641663,0.9556174254831313,0.61875,5,5,20,4,8,0,1,1,2,0,2,0,2H,2H,0.936619220698919,36,36,True,True,True,True,0
top_ten,svm,occupancy,full,6,unith,6,Faure,june_12_g0,0.970520799213888,0.9911562397641663,0.9556174254831313,0.61875,5,5,20,4,8,0,1,2,2,0,3,0,2H,3H,0.8881272284153583,36,53,True,True,True,True,0
top_ten,svm,occupancy,full,6,unith,6,Faure,june_12_g0,0.970520799213888,0.9911562397641663,0.9556174254831313,0.61875,5,2,20,4,8,0,1,3,2,0,4,0,2H,4H,0.9340130509131127,36,4,True,True,True,False,0
top_ten,svm,occupancy,full,6,unith,6,Faure,june_12_g0,0.970520799213888,0.9911562397641663,0.9556174254831313,0.61875,5,2,20,4,8,0,1,4,2,0,5,0,2H,5H,0.8303376914874226,36,4,True,True,True,False,0
top_ten,svm,occupancy,full,6,unith,6,Faure,june_12_g0,0.970520799213888,0.9911562397641663,0.9556174254831313,0.61875,5,,20,4,8,0,1,5,2,0,6,0,2H,6H,,36,0,True,False,True,False,0
top_ten,svm,occupancy,full,6,unith,6,Faure,june_12_g0,0.970520799213888,0.9911562397641663,0.9556174254831313,0.61875,5,,20,4,8,0,1,6,2,0,1,1,2H,1S,,36,0,True,False,True,False,0
top_ten,svm,occupancy,full,6,unith,6,Faure,june_12_g0,0.970520799213888,0.9911562397641663,0.9556174254831313,0.61875,5,5,20,4,8,0,1,7,2,0,2,1,2H,2S,0.9622168825911321,36,10,True,True,True,True,0
top_ten,svm,occupancy,full,6,unith,6,Faure,june_12_g0,0.970520799213888,0.9911562397641663,0.9556174254831313,0.61875,5,,20,4,8,0,1,8,2,0,3,1,2H,3S,,36,0,True,False,True,False,0
top_ten,svm,occupancy,full,6,unith,6,Faure,june_12_g0,0.970520799213888,0.9911562397641663,0.9556174254831313,0.61875,5,5,20,4,8,0,1,9,2,0,4,1,2H,4S,0.9221981128483596,36,61,True,True,True,True,0
top_ten,svm,occupancy,full,6,unith,6,Faure,june_12_g0,0.970520799213888,0.9911562397641663,0.9556174254831313,0.61875,5,5,20,4,8,0,1,10,2,0,5,1,2H,5S,0.8612036995223955,36,56,True,True,True,True,0
top_ten,svm,occupancy,full,6,unith,6,Faure,june_12_g0,0.970520799213888,0.9911562397641663,0.9556174254831313,0.61875,5,5,20,4,8,0,1,11,2,0,6,1,2H,6S,0.931761534709828,36,67,True,True,True,True,0
top_ten,svm,occupancy,full,6,unith,6,Faure,june_12_g0,0.970520799213888,0.9911562397641663,0.9556174254831313,0.61875,5,5,20,4,8,0,2,0,3,0,1,0,3H,1H,0.8944693540938221,53,41,True,True,True,True,0
top_ten,svm,occupancy,full,6,unith,6,Faure,june_12_g0,0.970520799213888,0.9911562397641663,0.9556174254831313,0.61875,5,5,20,4,8,0,2,1,3,0,2,0,3H,2H,0.8881272284153583,53,36,True,True,True,True,0
top_ten,svm,occupancy,full,6,unith,6,Faure,june_12_g0,0.970520799213888,0.9911562397641663,0.9556174254831313,0.61875,5,5,20,4,8,0,2,2,3,0,3,0,3H,3H,0.8937816158527501,53,53,True,True,True,True,0
top_ten,svm,occupancy,full,6,unith,6,Faure,june_12_g0,0.970520799213888,0.9911562397641663,0.9556174254831313,0.61875,5,2,20,4,8,0,2,3,3,0,4,0,3H,4H,0.8891904499768637,53,4,True,True,True,False,0
top_ten,svm,occupancy,full,6,unith,6,Faure,june_12_g0,0.970520799213888,0.9911562397641663,0.9556174254831313,0.61875,5,2,20,4,8,0,2,4,3,0,5,0,3H,5H,0.8684990268763336,53,4,True,True,True,False,0
top_ten,svm,occupancy,full,6,unith,6,Faure,june_12_g0,0.970520799213888,0.9911562397641663,0.9556174254831313,0.61875,5,,20,4,8,0,2,5,3,0,6,0,3H,6H,,53,0,True,False,True,False,0
top_ten,svm,occupancy,full,6,unith,6,Faure,june_12_g0,0.970520799213888,0.9911562397641663,0.9556174254831313,0.61875,5,,20,4,8,0,2,6,3,0,1,1,3H,1S,,53,0,True,False,True,False,0
top_ten,svm,occupancy,full,6,unith,6,Faure,june_12_g0,0.970520799213888,0.9911562397641663,0.9556174254831313,0.61875,5,5,20,4,8,0,2,7,3,0,2,1,3H,2S,0.9176087480539648,53,10,True,True,True,True,0
top_ten,svm,occupancy,full,6,unith,6,Faure,june_12_g0,0.970520799213888,0.9911562397641663,0.9556174254831313,0.61875,5,,20,4,8,0,2,8,3,0,3,1,3H,3S,,53,0,True,False,True,False,0
top_ten,svm,occupancy,full,6,unith,6,Faure,june_12_g0,0.970520799213888,0.9911562397641663,0.9556174254831313,0.61875,5,5,20,4,8,0,2,9,3,0,4,1,3H,4S,0.9321716169947749,53,61,True,True,True,True,0
top_ten,svm,occupancy,full,6,unith,6,Faure,june_12_g0,0.970520799213888,0.9911562397641663,0.9556174254831313,0.61875,5,5,20,4,8,0,2,10,3,0,5,1,3H,5S,0.9045123421910237,53,56,True,True,True,True,0
top_ten,svm,occupancy,full,6,unith,6,Faure,june_12_g0,0.970520799213888,0.9911562397641663,0.9556174254831313,0.61875,5,5,20,4,8,0,2,11,3,0,6,1,3H,6S,0.8961738464647139,53,67,True,True,True,True,0
top_ten,svm,occupancy,full,6,unith,6,Faure,june_12_g0,0.970520799213888,0.9911562397641663,0.9556174254831313,0.61875,2,5,20,4,8,0,3,0,4,0,1,0,4H,1H,0.904150114717611,4,41,True,True,False,True,0
top_ten,svm,occupancy,full,6,unith,6,Faure,june_12_g0,0.970520799213888,0.9911562397641663,0.9556174254831313,0.61875,2,5,20,4,8,0,3,1,4,0,2,0,4H,2H,0.9340130509131127,4,36,True,True,False,True,0
top_ten,svm,occupancy,full,6,unith,6,Faure,june_12_g0,0.970520799213888,0.9911562397641663,0.9556174254831313,0.61875,2,5,20,4,8,0,3,2,4,0,3,0,4H,3H,0.8891904499768637,4,53,True,True,False,True,0
top_ten,svm,occupancy,full,6,unith,6,Faure,june_12_g0,0.970520799213888,0.9911562397641663,0.9556174254831313,0.61875,2,2,20,4,8,0,3,3,4,0,4,0,4H,4H,0.9611128838014743,4,4,True,True,False,False,0
top_ten,svm,occupancy,full,6,unith,6,Faure,june_12_g0,0.970520799213888,0.9911562397641663,0.9556174254831313,0.61875,2,2,20,4,8,0,3,4,4,0,5,0,4H,5H,0.9083251551153433,4,4,True,True,False,False,0
top_ten,svm,occupancy,full,6,unith,6,Faure,june_12_g0,0.970520799213888,0.9911562397641663,0.9556174254831313,0.61875,2,,20,4,8,0,3,5,4,0,6,0,4H,6H,,4,0,True,False,False,False,0
top_ten,svm,occupancy,full,6,unith,6,Faure,june_12_g0,0.970520799213888,0.9911562397641663,0.9556174254831313,0.61875,2,,20,4,8,0,3,6,4,0,1,1,4H,1S,,4,0,True,False,False,False,0
top_ten,svm,occupancy,full,6,unith,6,Faure,june_12_g0,0.970520799213888,0.9911562397641663,0.9556174254831313,0.61875,2,5,20,4,8,0,3,7,4,0,2,1,4H,2S,0.9457368857836975,4,10,True,True,False,True,0
top_ten,svm,occupancy,full,6,unith,6,Faure,june_12_g0,0.970520799213888,0.9911562397641663,0.9556174254831313,0.61875,2,,20,4,8,0,3,8,4,0,3,1,4H,3S,,4,0,True,False,False,False,0
top_ten,svm,occupancy,full,6,unith,6,Faure,june_12_g0,0.970520799213888,0.9911562397641663,0.9556174254831313,0.61875,2,5,20,4,8,0,3,9,4,0,4,1,4H,4S,0.941405433778694,4,61,True,True,False,True,0
top_ten,svm,occupancy,full,6,unith,6,Faure,june_12_g0,0.970520799213888,0.9911562397641663,0.9556174254831313,0.61875,2,5,20,4,8,0,3,10,4,0,5,1,4H,5S,0.8953870154767903,4,56,True,True,False,True,0
top_ten,svm,occupancy,full,6,unith,6,Faure,june_12_g0,0.970520799213888,0.9911562397641663,0.9556174254831313,0.61875,2,5,20,4,8,0,3,11,4,0,6,1,4H,6S,0.9196692333785302,4,67,True,True,False,True,0
top_ten,svm,occupancy,full,6,unith,6,Faure,june_12_g0,0.970520799213888,0.9911562397641663,0.9556174254831313,0.61875,2,5,20,4,8,0,4,0,5,0,1,0,5H,1H,0.8784769477350078,4,41,True,True,False,True,0
top_ten,svm,occupancy,full,6,unith,6,Faure,june_12_g0,0.970520799213888,0.9911562397641663,0.9556174254831313,0.61875,2,5,20,4,8,0,4,1,5,0,2,0,5H,2H,0.8303376914874226,4,36,True,True,False,True,0
top_ten,svm,occupancy,full,6,unith,6,Faure,june_12_g0,0.970520799213888,0.9911562397641663,0.9556174254831313,0.61875,2,5,20,4,8,0,4,2,5,0,3,0,5H,3H,0.8684990268763336,4,53,True,True,False,True,0
top_ten,svm,occupancy,full,6,unith,6,Faure,june_12_g0,0.970520799213888,0.9911562397641663,0.9556174254831313,0.61875,2,2,20,4,8,0,4,3,5,0,4,0,5H,4H,0.9083251551153433,4,4,True,True,False,False,0
top_ten,svm,occupancy,full,6,unith,6,Faure,june_12_g0,0.970520799213888,0.9911562397641663,0.9556174254831313,0.61875,2,2,20,4,8,0,4,4,5,0,5,0,5H,5H,0.9484676843351323,4,4,True,True,False,False,0
top_ten,svm,occupancy,full,6,unith,6,Faure,june_12_g0,0.970520799213888,0.9911562397641663,0.9556174254831313,0.61875,2,,20,4,8,0,4,5,5,0,6,0,5H,6H,,4,0,True,False,False,False,0
top_ten,svm,occupancy,full,6,unith,6,Faure,june_12_g0,0.970520799213888,0.9911562397641663,0.9556174254831313,0.61875,2,,20,4,8,0,4,6,5,0,1,1,5H,1S,,4,0,True,False,False,False,0
top_ten,svm,occupancy,full,6,unith,6,Faure,june_12_g0,0.970520799213888,0.9911562397641663,0.9556174254831313,0.61875,2,5,20,4,8,0,4,7,5,0,2,1,5H,2S,0.8604043672560314,4,10,True,True,False,True,0
top_ten,svm,occupancy,full,6,unith,6,Faure,june_12_g0,0.970520799213888,0.9911562397641663,0.9556174254831313,0.61875,2,,20,4,8,0,4,8,5,0,3,1,5H,3S,,4,0,True,False,False,False,0
top_ten,svm,occupancy,full,6,unith,6,Faure,june_12_g0,0.970520799213888,0.9911562397641663,0.9556174254831313,0.61875,2,5,20,4,8,0,4,9,5,0,4,1,5H,4S,0.9261153833684614,4,61,True,True,False,True,0
top_ten,svm,occupancy,full,6,unith,6,Faure,june_12_g0,0.970520799213888,0.9911562397641663,0.9556174254831313,0.61875,2,5,20,4,8,0,4,10,5,0,5,1,5H,5S,0.9248611929748247,4,56,True,True,False,True,0
top_ten,svm,occupancy,full,6,unith,6,Faure,june_12_g0,0.970520799213888,0.9911562397641663,0.9556174254831313,0.61875,2,5,20,4,8,0,4,11,5,0,6,1,5H,6S,0.89427146019052,4,67,True,True,False,True,0
top_ten,svm,occupancy,full,6,unith,6,Faure,june_12_g0,0.970520799213888,0.9911562397641663,0.9556174254831313,0.61875,,5,20,4,8,0,5,0,6,0,1,0,6H,1H,,0,41,False,True,False,True,0
top_ten,svm,occupancy,full,6,unith,6,Faure,june_12_g0,0.970520799213888,0.9911562397641663,0.9556174254831313,0.61875,,5,20,4,8,0,5,1,6,0,2,0,6H,2H,,0,36,False,True,False,True,0
top_ten,svm,occupancy,full,6,unith,6,Faure,june_12_g0,0.970520799213888,0.9911562397641663,0.9556174254831313,0.61875,,5,20,4,8,0,5,2,6,0,3,0,6H,3H,,0,53,False,True,False,True,0
top_ten,svm,occupancy,full,6,unith,6,Faure,june_12_g0,0.970520799213888,0.9911562397641663,0.9556174254831313,0.61875,,2,20,4,8,0,5,3,6,0,4,0,6H,4H,,0,4,False,True,False,False,0
top_ten,svm,occupancy,full,6,unith,6,Faure,june_12_g0,0.970520799213888,0.9911562397641663,0.9556174254831313,0.61875,,2,20,4,8,0,5,4,6,0,5,0,6H,5H,,0,4,False,True,False,False,0
top_ten,svm,occupancy,full,6,unith,6,Faure,june_12_g0,0.970520799213888,0.9911562397641663,0.9556174254831313,0.61875,,,20,4,8,0,5,5,6,0,6,0,6H,6H,,0,0,False,False,False,False,0
top_ten,svm,occupancy,full,6,unith,6,Faure,june_12_g0,0.970520799213888,0.9911562397641663,0.9556174254831313,0.61875,,,20,4,8,0,5,6,6,0,1,1,6H,1S,,0,0,False,False,False,False,0
top_ten,svm,occupancy,full,6,unith,6,Faure,june_12_g0,0.970520799213888,0.9911562397641663,0.9556174254831313,0.61875,,5,20,4,8,0,5,7,6,0,2,1,6H,2S,,0,10,False,True,False,True,0
top_ten,svm,occupancy,full,6,unith,6,Faure,june_12_g0,0.970520799213888,0.9911562397641663,0.9556174254831313,0.61875,,,20,4,8,0,5,8,6,0,3,1,6H,3S,,0,0,False,False,False,False,0
top_ten,svm,occupancy,full,6,unith,6,Faure,june_12_g0,0.970520799213888,0.9911562397641663,0.9556174254831313,0.61875,,5,20,4,8,0,5,9,6,0,4,1,6H,4S,,0,61,False,True,False,True,0
top_ten,svm,occupancy,full,6,unith,6,Faure,june_12_g0,0.970520799213888,0.9911562397641663,0.9556174254831313,0.61875,,5,20,4,8,0,5,10,6,0,5,1,6H,5S,,0,56,False,True,False,True,0
top_ten,svm,occupancy,full,6,unith,6,Faure,june_12_g0,0.970520799213888,0.9911562397641663,0.9556174254831313,0.61875,,5,20,4,8,0,5,11,6,0,6,1,6H,6S,,0,67,False,True,False,True,0
top_ten,svm,occupancy,full,6,unith,6,Faure,june_12_g0,0.970520799213888,0.9911562397641663,0.9556174254831313,0.61875,,5,20,4,8,0,6,0,1,1,1,0,1S,1H,,0,41,False,True,False,True,0
top_ten,svm,occupancy,full,6,unith,6,Faure,june_12_g0,0.970520799213888,0.9911562397641663,0.9556174254831313,0.61875,,5,20,4,8,0,6,1,1,1,2,0,1S,2H,,0,36,False,True,False,True,0
top_ten,svm,occupancy,full,6,unith,6,Faure,june_12_g0,0.970520799213888,0.9911562397641663,0.9556174254831313,0.61875,,5,20,4,8,0,6,2,1,1,3,0,1S,3H,,0,53,False,True,False,True,0
top_ten,svm,occupancy,full,6,unith,6,Faure,june_12_g0,0.970520799213888,0.9911562397641663,0.9556174254831313,0.61875,,2,20,4,8,0,6,3,1,1,4,0,1S,4H,,0,4,False,True,False,False,0
top_ten,svm,occupancy,full,6,unith,6,Faure,june_12_g0,0.970520799213888,0.9911562397641663,0.9556174254831313,0.61875,,2,20,4,8,0,6,4,1,1,5,0,1S,5H,,0,4,False,True,False,False,0
top_ten,svm,occupancy,full,6,unith,6,Faure,june_12_g0,0.970520799213888,0.9911562397641663,0.9556174254831313,0.61875,,,20,4,8,0,6,5,1,1,6,0,1S,6H,,0,0,False,False,False,False,0
top_ten,svm,occupancy,full,6,unith,6,Faure,june_12_g0,0.970520799213888,0.9911562397641663,0.9556174254831313,0.61875,,,20,4,8,0,6,6,1,1,1,1,1S,1S,,0,0,False,False,False,False,0
top_ten,svm,occupancy,full,6,unith,6,Faure,june_12_g0,0.970520799213888,0.9911562397641663,0.9556174254831313,0.61875,,5,20,4,8,0,6,7,1,1,2,1,1S,2S,,0,10,False,True,False,True,0
top_ten,svm,occupancy,full,6,unith,6,Faure,june_12_g0,0.970520799213888,0.9911562397641663,0.9556174254831313,0.61875,,,20,4,8,0,6,8,1,1,3,1,1S,3S,,0,0,False,False,False,False,0
top_ten,svm,occupancy,full,6,unith,6,Faure,june_12_g0,0.970520799213888,0.9911562397641663,0.9556174254831313,0.61875,,5,20,4,8,0,6,9,1,1,4,1,1S,4S,,0,61,False,True,False,True,0
top_ten,svm,occupancy,full,6,unith,6,Faure,june_12_g0,0.970520799213888,0.9911562397641663,0.9556174254831313,0.61875,,5,20,4,8,0,6,10,1,1,5,1,1S,5S,,0,56,False,True,False,True,0
top_ten,svm,occupancy,full,6,unith,6,Faure,june_12_g0,0.970520799213888,0.9911562397641663,0.9556174254831313,0.61875,,5,20,4,8,0,6,11,1,1,6,1,1S,6S,,0,67,False,True,False,True,0
top_ten,svm,occupancy,full,6,unith,6,Faure,june_12_g0,0.970520799213888,0.9911562397641663,0.9556174254831313,0.61875,5,5,20,4,8,0,7,0,2,1,1,0,2S,1H,0.9003726283215279,10,41,True,True,True,True,0
top_ten,svm,occupancy,full,6,unith,6,Faure,june_12_g0,0.970520799213888,0.9911562397641663,0.9556174254831313,0.61875,5,5,20,4,8,0,7,1,2,1,2,0,2S,2H,0.9622168825911321,10,36,True,True,True,True,0
top_ten,svm,occupancy,full,6,unith,6,Faure,june_12_g0,0.970520799213888,0.9911562397641663,0.9556174254831313,0.61875,5,5,20,4,8,0,7,2,2,1,3,0,2S,3H,0.9176087480539648,10,53,True,True,True,True,0
top_ten,svm,occupancy,full,6,unith,6,Faure,june_12_g0,0.970520799213888,0.9911562397641663,0.9556174254831313,0.61875,5,2,20,4,8,0,7,3,2,1,4,0,2S,4H,0.9457368857836975,10,4,True,True,True,False,0
top_ten,svm,occupancy,full,6,unith,6,Faure,june_12_g0,0.970520799213888,0.9911562397641663,0.9556174254831313,0.61875,5,2,20,4,8,0,7,4,2,1,5,0,2S,5H,0.8604043672560314,10,4,True,True,True,False,0
top_ten,svm,occupancy,full,6,unith,6,Faure,june_12_g0,0.970520799213888,0.9911562397641663,0.9556174254831313,0.61875,5,,20,4,8,0,7,5,2,1,6,0,2S,6H,,10,0,True,False,True,False,0
top_ten,svm,occupancy,full,6,unith,6,Faure,june_12_g0,0.970520799213888,0.9911562397641663,0.9556174254831313,0.61875,5,,20,4,8,0,7,6,2,1,1,1,2S,1S,,10,0,True,False,True,False,0
top_ten,svm,occupancy,full,6,unith,6,Faure,june_12_g0,0.970520799213888,0.9911562397641663,0.9556174254831313,0.61875,5,5,20,4,8,0,7,7,2,1,2,1,2S,2S,0.9493348221272979,10,10,True,True,True,True,0
top_ten,svm,occupancy,full,6,unith,6,Faure,june_12_g0,0.970520799213888,0.9911562397641663,0.9556174254831313,0.61875,5,,20,4,8,0,7,8,2,1,3,1,2S,3S,,10,0,True,False,True,False,0
top_ten,svm,occupancy,full,6,unith,6,Faure,june_12_g0,0.970520799213888,0.9911562397641663,0.9556174254831313,0.61875,5,5,20,4,8,0,7,9,2,1,4,1,2S,4S,0.953117078958952,10,61,True,True,True,True,0
top_ten,svm,occupancy,full,6,unith,6,Faure,june_12_g0,0.970520799213888,0.9911562397641663,0.9556174254831313,0.61875,5,5,20,4,8,0,7,10,2,1,5,1,2S,5S,0.8994598844617385,10,56,True,True,True,True,0
top_ten,svm,occupancy,full,6,unith,6,Faure,june_12_g0,0.970520799213888,0.9911562397641663,0.9556174254831313,0.61875,5,5,20,4,8,0,7,11,2,1,6,1,2S,6S,0.9344954220572388,10,67,True,True,True,True,0
top_ten,svm,occupancy,full,6,unith,6,Faure,june_12_g0,0.970520799213888,0.9911562397641663,0.9556174254831313,0.61875,,5,20,4,8,0,8,0,3,1,1,0,3S,1H,,0,41,False,True,False,True,0
top_ten,svm,occupancy,full,6,unith,6,Faure,june_12_g0,0.970520799213888,0.9911562397641663,0.9556174254831313,0.61875,,5,20,4,8,0,8,1,3,1,2,0,3S,2H,,0,36,False,True,False,True,0
top_ten,svm,occupancy,full,6,unith,6,Faure,june_12_g0,0.970520799213888,0.9911562397641663,0.9556174254831313,0.61875,,5,20,4,8,0,8,2,3,1,3,0,3S,3H,,0,53,False,True,False,True,0
top_ten,svm,occupancy,full,6,unith,6,Faure,june_12_g0,0.970520799213888,0.9911562397641663,0.9556174254831313,0.61875,,2,20,4,8,0,8,3,3,1,4,0,3S,4H,,0,4,False,True,False,False,0
top_ten,svm,occupancy,full,6,unith,6,Faure,june_12_g0,0.970520799213888,0.9911562397641663,0.9556174254831313,0.61875,,2,20,4,8,0,8,4,3,1,5,0,3S,5H,,0,4,False,True,False,False,0
top_ten,svm,occupancy,full,6,unith,6,Faure,june_12_g0,0.970520799213888,0.9911562397641663,0.9556174254831313,0.61875,,,20,4,8,0,8,5,3,1,6,0,3S,6H,,0,0,False,False,False,False,0
top_ten,svm,occupancy,full,6,unith,6,Faure,june_12_g0,0.970520799213888,0.9911562397641663,0.9556174254831313,0.61875,,,20,4,8,0,8,6,3,1,1,1,3S,1S,,0,0,False,False,False,False,0
top_ten,svm,occupancy,full,6,unith,6,Faure,june_12_g0,0.970520799213888,0.9911562397641663,0.9556174254831313,0.61875,,5,20,4,8,0,8,7,3,1,2,1,3S,2S,,0,10,False,True,False,True,0
top_ten,svm,occupancy,full,6,unith,6,Faure,june_12_g0,0.970520799213888,0.9911562397641663,0.9556174254831313,0.61875,,,20,4,8,0,8,8,3,1,3,1,3S,3S,,0,0,False,False,False,False,0
top_ten,svm,occupancy,full,6,unith,6,Faure,june_12_g0,0.970520799213888,0.9911562397641663,0.9556174254831313,0.61875,,5,20,4,8,0,8,9,3,1,4,1,3S,4S,,0,61,False,True,False,True,0
top_ten,svm,occupancy,full,6,unith,6,Faure,june_12_g0,0.970520799213888,0.9911562397641663,0.9556174254831313,0.61875,,5,20,4,8,0,8,10,3,1,5,1,3S,5S,,0,56,False,True,False,True,0
top_ten,svm,occupancy,full,6,unith,6,Faure,june_12_g0,0.970520799213888,0.9911562397641663,0.9556174254831313,0.61875,,5,20,4,8,0,8,11,3,1,6,1,3S,6S,,0,67,False,True,False,True,0
top_ten,svm,occupancy,full,6,unith,6,Faure,june_12_g0,0.970520799213888,0.9911562397641663,0.9556174254831313,0.61875,5,5,20,4,8,0,9,0,4,1,1,0,4S,1H,0.9267038257567883,61,41,True,True,True,True,0
top_ten,svm,occupancy,full,6,unith,6,Faure,june_12_g0,0.970520799213888,0.9911562397641663,0.9556174254831313,0.61875,5,5,20,4,8,0,9,1,4,1,2,0,4S,2H,0.9221981128483596,61,36,True,True,True,True,0
top_ten,svm,occupancy,full,6,unith,6,Faure,june_12_g0,0.970520799213888,0.9911562397641663,0.9556174254831313,0.61875,5,5,20,4,8,0,9,2,4,1,3,0,4S,3H,0.9321716169947749,61,53,True,True,True,True,0
top_ten,svm,occupancy,full,6,unith,6,Faure,june_12_g0,0.970520799213888,0.9911562397641663,0.9556174254831313,0.61875,5,2,20,4,8,0,9,3,4,1,4,0,4S,4H,0.941405433778694,61,4,True,True,True,False,0
top_ten,svm,occupancy,full,6,unith,6,Faure,june_12_g0,0.970520799213888,0.9911562397641663,0.9556174254831313,0.61875,5,2,20,4,8,0,9,4,4,1,5,0,4S,5H,0.9261153833684614,61,4,True,True,True,False,0
top_ten,svm,occupancy,full,6,unith,6,Faure,june_12_g0,0.970520799213888,0.9911562397641663,0.9556174254831313,0.61875,5,,20,4,8,0,9,5,4,1,6,0,4S,6H,,61,0,True,False,True,False,0
top_ten,svm,occupancy,full,6,unith,6,Faure,june_12_g0,0.970520799213888,0.9911562397641663,0.9556174254831313,0.61875,5,,20,4,8,0,9,6,4,1,1,1,4S,1S,,61,0,True,False,True,False,0
top_ten,svm,occupancy,full,6,unith,6,Faure,june_12_g0,0.970520799213888,0.9911562397641663,0.9556174254831313,0.61875,5,5,20,4,8,0,9,7,4,1,2,1,4S,2S,0.953117078958952,61,10,True,True,True,True,0
top_ten,svm,occupancy,full,6,unith,6,Faure,june_12_g0,0.970520799213888,0.9911562397641663,0.9556174254831313,0.61875,5,,20,4,8,0,9,8,4,1,3,1,4S,3S,,61,0,True,False,True,False,0
top_ten,svm,occupancy,full,6,unith,6,Faure,june_12_g0,0.970520799213888,0.9911562397641663,0.9556174254831313,0.61875,5,5,20,4,8,0,9,9,4,1,4,1,4S,4S,0.9689078224244906,61,61,True,True,True,True,0
top_ten,svm,occupancy,full,6,unith,6,Faure,june_12_g0,0.970520799213888,0.9911562397641663,0.9556174254831313,0.61875,5,5,20,4,8,0,9,10,4,1,5,1,4S,5S,0.9368400858822309,61,56,True,True,True,True,0
top_ten,svm,occupancy,full,6,unith,6,Faure,june_12_g0,0.970520799213888,0.9911562397641663,0.9556174254831313,0.61875,5,5,20,4,8,0,9,11,4,1,6,1,4S,6S,0.9399694635811606,61,67,True,True,True,True,0
top_ten,svm,occupancy,full,6,unith,6,Faure,june_12_g0,0.970520799213888,0.9911562397641663,0.9556174254831313,0.61875,5,5,20,4,8,0,10,0,5,1,1,0,5S,1H,0.8896594393537993,56,41,True,True,True,True,0
top_ten,svm,occupancy,full,6,unith,6,Faure,june_12_g0,0.970520799213888,0.9911562397641663,0.9556174254831313,0.61875,5,5,20,4,8,0,10,1,5,1,2,0,5S,2H,0.8612036995223955,56,36,True,True,True,True,0
top_ten,svm,occupancy,full,6,unith,6,Faure,june_12_g0,0.970520799213888,0.9911562397641663,0.9556174254831313,0.61875,5,5,20,4,8,0,10,2,5,1,3,0,5S,3H,0.9045123421910237,56,53,True,True,True,True,0
top_ten,svm,occupancy,full,6,unith,6,Faure,june_12_g0,0.970520799213888,0.9911562397641663,0.9556174254831313,0.61875,5,2,20,4,8,0,10,3,5,1,4,0,5S,4H,0.8953870154767903,56,4,True,True,True,False,0
top_ten,svm,occupancy,full,6,unith,6,Faure,june_12_g0,0.970520799213888,0.9911562397641663,0.9556174254831313,0.61875,5,2,20,4,8,0,10,4,5,1,5,0,5S,5H,0.9248611929748247,56,4,True,True,True,False,0
top_ten,svm,occupancy,full,6,unith,6,Faure,june_12_g0,0.970520799213888,0.9911562397641663,0.9556174254831313,0.61875,5,,20,4,8,0,10,5,5,1,6,0,5S,6H,,56,0,True,False,True,False,0
top_ten,svm,occupancy,full,6,unith,6,Faure,june_12_g0,0.970520799213888,0.9911562397641663,0.9556174254831313,0.61875,5,,20,4,8,0,10,6,5,1,1,1,5S,1S,,56,0,True,False,True,False,0
top_ten,svm,occupancy,full,6,unith,6,Faure,june_12_g0,0.970520799213888,0.9911562397641663,0.9556174254831313,0.61875,5,5,20,4,8,0,10,7,5,1,2,1,5S,2S,0.8994598844617385,56,10,True,True,True,True,0
top_ten,svm,occupancy,full,6,unith,6,Faure,june_12_g0,0.970520799213888,0.9911562397641663,0.9556174254831313,0.61875,5,,20,4,8,0,10,8,5,1,3,1,5S,3S,,56,0,True,False,True,False,0
top_ten,svm,occupancy,full,6,unith,6,Faure,june_12_g0,0.970520799213888,0.9911562397641663,0.9556174254831313,0.61875,5,5,20,4,8,0,10,9,5,1,4,1,5S,4S,0.9368400858822309,56,61,True,True,True,True,0
top_ten,svm,occupancy,full,6,unith,6,Faure,june_12_g0,0.970520799213888,0.9911562397641663,0.9556174254831313,0.61875,5,5,20,4,8,0,10,10,5,1,5,1,5S,5S,0.9298399907414394,56,56,True,True,True,True,0
top_ten,svm,occupancy,full,6,unith,6,Faure,june_12_g0,0.970520799213888,0.9911562397641663,0.9556174254831313,0.61875,5,5,20,4,8,0,10,11,5,1,6,1,5S,6S,0.9095569063565598,56,67,True,True,True,True,0
top_ten,svm,occupancy,full,6,unith,6,Faure,june_12_g0,0.970520799213888,0.9911562397641663,0.9556174254831313,0.61875,5,5,20,4,8,0,11,0,6,1,1,0,6S,1H,0.9109649662159347,67,41,True,True,True,True,0
top_ten,svm,occupancy,full,6,unith,6,Faure,june_12_g0,0.970520799213888,0.9911562397641663,0.9556174254831313,0.61875,5,5,20,4,8,0,11,1,6,1,2,0,6S,2H,0.931761534709828,67,36,True,True,True,True,0
top_ten,svm,occupancy,full,6,unith,6,Faure,june_12_g0,0.970520799213888,0.9911562397641663,0.9556174254831313,0.61875,5,5,20,4,8,0,11,2,6,1,3,0,6S,3H,0.8961738464647139,67,53,True,True,True,True,0
top_ten,svm,occupancy,full,6,unith,6,Faure,june_12_g0,0.970520799213888,0.9911562397641663,0.9556174254831313,0.61875,5,2,20,4,8,0,11,3,6,1,4,0,6S,4H,0.9196692333785302,67,4,True,True,True,False,0
top_ten,svm,occupancy,full,6,unith,6,Faure,june_12_g0,0.970520799213888,0.9911562397641663,0.9556174254831313,0.61875,5,2,20,4,8,0,11,4,6,1,5,0,6S,5H,0.89427146019052,67,4,True,True,True,False,0
top_ten,svm,occupancy,full,6,unith,6,Faure,june_12_g0,0.970520799213888,0.9911562397641663,0.9556174254831313,0.61875,5,,20,4,8,0,11,5,6,1,6,0,6S,6H,,67,0,True,False,True,False,0
top_ten,svm,occupancy,full,6,unith,6,Faure,june_12_g0,0.970520799213888,0.9911562397641663,0.9556174254831313,0.61875,5,,20,4,8,0,11,6,6,1,1,1,6S,1S,,67,0,True,False,True,False,0
top_ten,svm,occupancy,full,6,unith,6,Faure,june_12_g0,0.970520799213888,0.9911562397641663,0.9556174254831313,0.61875,5,5,20,4,8,0,11,7,6,1,2,1,6S,2S,0.9344954220572388,67,10,True,True,True,True,0
top_ten,svm,occupancy,full,6,unith,6,Faure,june_12_g0,0.970520799213888,0.9911562397641663,0.9556174254831313,0.61875,5,,20,4,8,0,11,8,6,1,3,1,6S,3S,,67,0,True,False,True,False,0
top_ten,svm,occupancy,full,6,unith,6,Faure,june_12_g0,0.970520799213888,0.9911562397641663,0.9556174254831313,0.61875,5,5,20,4,8,0,11,9,6,1,4,1,6S,4S,0.9399694635811606,67,61,True,True,True,True,0
top_ten,svm,occupancy,full,6,unith,6,Faure,june_12_g0,0.970520799213888,0.9911562397641663,0.9556174254831313,0.61875,5,5,20,4,8,0,11,10,6,1,5,1,6S,5S,0.9095569063565598,67,56,True,True,True,True,0
top_ten,svm,occupancy,full,6,unith,6,Faure,june_12_g0,0.970520799213888,0.9911562397641663,0.9556174254831313,0.61875,5,5,20,4,8,0,11,11,6,1,6,1,6S,6S,0.9025261287075941,67,67,True,True,True,True,0
top_ten,svm,occupancy,full,6,unith,6,Faure,june_16_g0,0.977857142857143,0.9783333333333334,0.9547619047619047,0.8840579710144928,16,16,20,4,8,0,0,0,1,0,1,0,1H,1H,0.9699526243483281,58,58,True,True,True,True,0
top_ten,svm,occupancy,full,6,unith,6,Faure,june_16_g0,0.977857142857143,0.9783333333333334,0.9547619047619047,0.8840579710144928,16,2,20,4,8,0,0,1,1,0,2,0,1H,2H,0.9617493171416049,58,5,True,True,True,False,0
top_ten,svm,occupancy,full,6,unith,6,Faure,june_16_g0,0.977857142857143,0.9783333333333334,0.9547619047619047,0.8840579710144928,16,16,20,4,8,0,0,2,1,0,3,0,1H,3H,0.9666535152840876,58,40,True,True,True,True,0
top_ten,svm,occupancy,full,6,unith,6,Faure,june_16_g0,0.977857142857143,0.9783333333333334,0.9547619047619047,0.8840579710144928,16,3,20,4,8,0,0,3,1,0,4,0,1H,4H,0.9654635412334663,58,7,True,True,True,False,0
top_ten,svm,occupancy,full,6,unith,6,Faure,june_16_g0,0.977857142857143,0.9783333333333334,0.9547619047619047,0.8840579710144928,16,2,20,4,8,0,0,4,1,0,5,0,1H,5H,0.9388135732066939,58,4,True,True,True,False,0
top_ten,svm,occupancy,full,6,unith,6,Faure,june_16_g0,0.977857142857143,0.9783333333333334,0.9547619047619047,0.8840579710144928,16,,20,4,8,0,0,5,1,0,6,0,1H,6H,,58,0,True,False,True,False,0
top_ten,svm,occupancy,full,6,unith,6,Faure,june_16_g0,0.977857142857143,0.9783333333333334,0.9547619047619047,0.8840579710144928,16,,20,4,8,0,0,6,1,0,1,1,1H,1S,,58,0,True,False,True,False,0
top_ten,svm,occupancy,full,6,unith,6,Faure,june_16_g0,0.977857142857143,0.9783333333333334,0.9547619047619047,0.8840579710144928,16,16,20,4,8,0,0,7,1,0,2,1,1H,2S,0.9577079196808272,58,32,True,True,True,True,0
top_ten,svm,occupancy,full,6,unith,6,Faure,june_16_g0,0.977857142857143,0.9783333333333334,0.9547619047619047,0.8840579710144928,16,3,20,4,8,0,0,8,1,0,3,1,1H,3S,0.8749200939610219,58,6,True,True,True,False,0
top_ten,svm,occupancy,full,6,unith,6,Faure,june_16_g0,0.977857142857143,0.9783333333333334,0.9547619047619047,0.8840579710144928,16,16,20,4,8,0,0,9,1,0,4,1,1H,4S,0.9800038048152256,58,51,True,True,True,True,0
top_ten,svm,occupancy,full,6,unith,6,Faure,june_16_g0,0.977857142857143,0.9783333333333334,0.9547619047619047,0.8840579710144928,16,16,20,4,8,0,0,10,1,0,5,1,1H,5S,0.9472510583121811,58,51,True,True,True,True,0
top_ten,svm,occupancy,full,6,unith,6,Faure,june_16_g0,0.977857142857143,0.9783333333333334,0.9547619047619047,0.8840579710144928,16,16,20,4,8,0,0,11,1,0,6,1,1H,6S,0.9466690539645196,58,66,True,True,True,True,0
top_ten,svm,occupancy,full,6,unith,6,Faure,june_16_g0,0.977857142857143,0.9783333333333334,0.9547619047619047,0.8840579710144928,2,16,20,4,8,0,1,0,2,0,1,0,2H,1H,0.9617493171416049,5,58,True,True,False,True,0
top_ten,svm,occupancy,full,6,unith,6,Faure,june_16_g0,0.977857142857143,0.9783333333333334,0.9547619047619047,0.8840579710144928,2,2,20,4,8,0,1,1,2,0,2,0,2H,2H,0.9651529114965165,5,5,True,True,False,False,0
top_ten,svm,occupancy,full,6,unith,6,Faure,june_16_g0,0.977857142857143,0.9783333333333334,0.9547619047619047,0.8840579710144928,2,16,20,4,8,0,1,2,2,0,3,0,2H,3H,0.93582222892438,5,40,True,True,False,True,0
top_ten,svm,occupancy,full,6,unith,6,Faure,june_16_g0,0.977857142857143,0.9783333333333334,0.9547619047619047,0.8840579710144928,2,3,20,4,8,0,1,3,2,0,4,0,2H,4H,0.9678342592488102,5,7,True,True,False,False,0
top_ten,svm,occupancy,full,6,unith,6,Faure,june_16_g0,0.977857142857143,0.9783333333333334,0.9547619047619047,0.8840579710144928,2,2,20,4,8,0,1,4,2,0,5,0,2H,5H,0.936720096767772,5,4,True,True,False,False,0
top_ten,svm,occupancy,full,6,unith,6,Faure,june_16_g0,0.977857142857143,0.9783333333333334,0.9547619047619047,0.8840579710144928,2,,20,4,8,0,1,5,2,0,6,0,2H,6H,,5,0,True,False,False,False,0
top_ten,svm,occupancy,full,6,unith,6,Faure,june_16_g0,0.977857142857143,0.9783333333333334,0.9547619047619047,0.8840579710144928,2,,20,4,8,0,1,6,2,0,1,1,2H,1S,,5,0,True,False,False,False,0
top_ten,svm,occupancy,full,6,unith,6,Faure,june_16_g0,0.977857142857143,0.9783333333333334,0.9547619047619047,0.8840579710144928,2,16,20,4,8,0,1,7,2,0,2,1,2H,2S,0.9579057952327114,5,32,True,True,False,True,0
top_ten,svm,occupancy,full,6,unith,6,Faure,june_16_g0,0.977857142857143,0.9783333333333334,0.9547619047619047,0.8840579710144928,2,3,20,4,8,0,1,8,2,0,3,1,2H,3S,0.7879704759780713,5,6,True,True,False,False,0
top_ten,svm,occupancy,full,6,unith,6,Faure,june_16_g0,0.977857142857143,0.9783333333333334,0.9547619047619047,0.8840579710144928,2,16,20,4,8,0,1,9,2,0,4,1,2H,4S,0.9697484268218538,5,51,True,True,False,True,0
top_ten,svm,occupancy,full,6,unith,6,Faure,june_16_g0,0.977857142857143,0.9783333333333334,0.9547619047619047,0.8840579710144928,2,16,20,4,8,0,1,10,2,0,5,1,2H,5S,0.9258425451284676,5,51,True,True,False,True,0
top_ten,svm,occupancy,full,6,unith,6,Faure,june_16_g0,0.977857142857143,0.9783333333333334,0.9547619047619047,0.8840579710144928,2,16,20,4,8,0,1,11,2,0,6,1,2H,6S,0.9083097225874696,5,66,True,True,False,True,0
top_ten,svm,occupancy,full,6,unith,6,Faure,june_16_g0,0.977857142857143,0.9783333333333334,0.9547619047619047,0.8840579710144928,16,16,20,4,8,0,2,0,3,0,1,0,3H,1H,0.9666535152840876,40,58,True,True,True,True,0
top_ten,svm,occupancy,full,6,unith,6,Faure,june_16_g0,0.977857142857143,0.9783333333333334,0.9547619047619047,0.8840579710144928,16,2,20,4,8,0,2,1,3,0,2,0,3H,2H,0.93582222892438,40,5,True,True,True,False,0
top_ten,svm,occupancy,full,6,unith,6,Faure,june_16_g0,0.977857142857143,0.9783333333333334,0.9547619047619047,0.8840579710144928,16,16,20,4,8,0,2,2,3,0,3,0,3H,3H,0.9833714575368699,40,40,True,True,True,True,0
top_ten,svm,occupancy,full,6,unith,6,Faure,june_16_g0,0.977857142857143,0.9783333333333334,0.9547619047619047,0.8840579710144928,16,3,20,4,8,0,2,3,3,0,4,0,3H,4H,0.9672084986069913,40,7,True,True,True,False,0
top_ten,svm,occupancy,full,6,unith,6,Faure,june_16_g0,0.977857142857143,0.9783333333333334,0.9547619047619047,0.8840579710144928,16,2,20,4,8,0,2,4,3,0,5,0,3H,5H,0.9116806976892488,40,4,True,True,True,False,0
top_ten,svm,occupancy,full,6,unith,6,Faure,june_16_g0,0.977857142857143,0.9783333333333334,0.9547619047619047,0.8840579710144928,16,,20,4,8,0,2,5,3,0,6,0,3H,6H,,40,0,True,False,True,False,0
top_ten,svm,occupancy,full,6,unith,6,Faure,june_16_g0,0.977857142857143,0.9783333333333334,0.9547619047619047,0.8840579710144928,16,,20,4,8,0,2,6,3,0,1,1,3H,1S,,40,0,True,False,True,False,0
top_ten,svm,occupancy,full,6,unith,6,Faure,june_16_g0,0.977857142857143,0.9783333333333334,0.9547619047619047,0.8840579710144928,16,16,20,4,8,0,2,7,3,0,2,1,3H,2S,0.9682137655456413,40,32,True,True,True,True,0
top_ten,svm,occupancy,full,6,unith,6,Faure,june_16_g0,0.977857142857143,0.9783333333333334,0.9547619047619047,0.8840579710144928,16,3,20,4,8,0,2,8,3,0,3,1,3H,3S,0.8895481236129266,40,6,True,True,True,False,0
top_ten,svm,occupancy,full,6,unith,6,Faure,june_16_g0,0.977857142857143,0.9783333333333334,0.9547619047619047,0.8840579710144928,16,16,20,4,8,0,2,9,3,0,4,1,3H,4S,0.9813016052792911,40,51,True,True,True,True,0
top_ten,svm,occupancy,full,6,unith,6,Faure,june_16_g0,0.977857142857143,0.9783333333333334,0.9547619047619047,0.8840579710144928,16,16,20,4,8,0,2,10,3,0,5,1,3H,5S,0.9815466723668663,40,51,True,True,True,True,0
top_ten,svm,occupancy,full,6,unith,6,Faure,june_16_g0,0.977857142857143,0.9783333333333334,0.9547619047619047,0.8840579710144928,16,16,20,4,8,0,2,11,3,0,6,1,3H,6S,0.9862414844128049,40,66,True,True,True,True,0
top_ten,svm,occupancy,full,6,unith,6,Faure,june_16_g0,0.977857142857143,0.9783333333333334,0.9547619047619047,0.8840579710144928,3,16,20,4,8,0,3,0,4,0,1,0,4H,1H,0.9654635412334663,7,58,True,True,False,True,0
top_ten,svm,occupancy,full,6,unith,6,Faure,june_16_g0,0.977857142857143,0.9783333333333334,0.9547619047619047,0.8840579710144928,3,2,20,4,8,0,3,1,4,0,2,0,4H,2H,0.9678342592488102,7,5,True,True,False,False,0
top_ten,svm,occupancy,full,6,unith,6,Faure,june_16_g0,0.977857142857143,0.9783333333333334,0.9547619047619047,0.8840579710144928,3,16,20,4,8,0,3,2,4,0,3,0,4H,3H,0.9672084986069913,7,40,True,True,False,True,0
top_ten,svm,occupancy,full,6,unith,6,Faure,june_16_g0,0.977857142857143,0.9783333333333334,0.9547619047619047,0.8840579710144928,3,3,20,4,8,0,3,3,4,0,4,0,4H,4H,0.9729037664577131,7,7,True,True,False,False,0
top_ten,svm,occupancy,full,6,unith,6,Faure,june_16_g0,0.977857142857143,0.9783333333333334,0.9547619047619047,0.8840579710144928,3,2,20,4,8,0,3,4,4,0,5,0,4H,5H,0.9448654000078285,7,4,True,True,False,False,0
top_ten,svm,occupancy,full,6,unith,6,Faure,june_16_g0,0.977857142857143,0.9783333333333334,0.9547619047619047,0.8840579710144928,3,,20,4,8,0,3,5,4,0,6,0,4H,6H,,7,0,True,False,False,False,0
top_ten,svm,occupancy,full,6,unith,6,Faure,june_16_g0,0.977857142857143,0.9783333333333334,0.9547619047619047,0.8840579710144928,3,,20,4,8,0,3,6,4,0,1,1,4H,1S,,7,0,True,False,False,False,0
top_ten,svm,occupancy,full,6,unith,6,Faure,june_16_g0,0.977857142857143,0.9783333333333334,0.9547619047619047,0.8840579710144928,3,16,20,4,8,0,3,7,4,0,2,1,4H,2S,0.9562064370976652,7,32,True,True,False,True,0
top_ten,svm,occupancy,full,6,unith,6,Faure,june_16_g0,0.977857142857143,0.9783333333333334,0.9547619047619047,0.8840579710144928,3,3,20,4,8,0,3,8,4,0,3,1,4H,3S,0.8151061113028583,7,6,True,True,False,False,0
top_ten,svm,occupancy,full,6,unith,6,Faure,june_16_g0,0.977857142857143,0.9783333333333334,0.9547619047619047,0.8840579710144928,3,16,20,4,8,0,3,9,4,0,4,1,4H,4S,0.9819045544145529,7,51,True,True,False,True,0
top_ten,svm,occupancy,full,6,unith,6,Faure,june_16_g0,0.977857142857143,0.9783333333333334,0.9547619047619047,0.8840579710144928,3,16,20,4,8,0,3,10,4,0,5,1,4H,5S,0.9534665193900521,7,51,True,True,False,True,0
top_ten,svm,occupancy,full,6,unith,6,Faure,june_16_g0,0.977857142857143,0.9783333333333334,0.9547619047619047,0.8840579710144928,3,16,20,4,8,0,3,11,4,0,6,1,4H,6S,0.9516972526877684,7,66,True,True,False,True,0
top_ten,svm,occupancy,full,6,unith,6,Faure,june_16_g0,0.977857142857143,0.9783333333333334,0.9547619047619047,0.8840579710144928,2,16,20,4,8,0,4,0,5,0,1,0,5H,1H,0.9388135732066939,4,58,True,True,False,True,0
top_ten,svm,occupancy,full,6,unith,6,Faure,june_16_g0,0.977857142857143,0.9783333333333334,0.9547619047619047,0.8840579710144928,2,2,20,4,8,0,4,1,5,0,2,0,5H,2H,0.936720096767772,4,5,True,True,False,False,0
top_ten,svm,occupancy,full,6,unith,6,Faure,june_16_g0,0.977857142857143,0.9783333333333334,0.9547619047619047,0.8840579710144928,2,16,20,4,8,0,4,2,5,0,3,0,5H,3H,0.9116806976892488,4,40,True,True,False,True,0
top_ten,svm,occupancy,full,6,unith,6,Faure,june_16_g0,0.977857142857143,0.9783333333333334,0.9547619047619047,0.8840579710144928,2,3,20,4,8,0,4,3,5,0,4,0,5H,4H,0.9448654000078285,4,7,True,True,False,False,0
top_ten,svm,occupancy,full,6,unith,6,Faure,june_16_g0,0.977857142857143,0.9783333333333334,0.9547619047619047,0.8840579710144928,2,2,20,4,8,0,4,4,5,0,5,0,5H,5H,0.857938597059352,4,4,True,True,False,False,0
top_ten,svm,occupancy,full,6,unith,6,Faure,june_16_g0,0.977857142857143,0.9783333333333334,0.9547619047619047,0.8840579710144928,2,,20,4,8,0,4,5,5,0,6,0,5H,6H,,4,0,True,False,False,False,0
top_ten,svm,occupancy,full,6,unith,6,Faure,june_16_g0,0.977857142857143,0.9783333333333334,0.9547619047619047,0.8840579710144928,2,,20,4,8,0,4,6,5,0,1,1,5H,1S,,4,0,True,False,False,False,0
top_ten,svm,occupancy,full,6,unith,6,Faure,june_16_g0,0.977857142857143,0.9783333333333334,0.9547619047619047,0.8840579710144928,2,16,20,4,8,0,4,7,5,0,2,1,5H,2S,0.9084720137564897,4,32,True,True,False,True,0
top_ten,svm,occupancy,full,6,unith,6,Faure,june_16_g0,0.977857142857143,0.9783333333333334,0.9547619047619047,0.8840579710144928,2,3,20,4,8,0,4,8,5,0,3,1,5H,3S,0.7837696593153728,4,6,True,True,False,False,0
top_ten,svm,occupancy,full,6,unith,6,Faure,june_16_g0,0.977857142857143,0.9783333333333334,0.9547619047619047,0.8840579710144928,2,16,20,4,8,0,4,9,5,0,4,1,5H,4S,0.944149614037641,4,51,True,True,False,True,0
top_ten,svm,occupancy,full,6,unith,6,Faure,june_16_g0,0.977857142857143,0.9783333333333334,0.9547619047619047,0.8840579710144928,2,16,20,4,8,0,4,10,5,0,5,1,5H,5S,0.8798819935428387,4,51,True,True,False,True,0
top_ten,svm,occupancy,full,6,unith,6,Faure,june_16_g0,0.977857142857143,0.9783333333333334,0.9547619047619047,0.8840579710144928,2,16,20,4,8,0,4,11,5,0,6,1,5H,6S,0.8865809591144644,4,66,True,True,False,True,0
top_ten,svm,occupancy,full,6,unith,6,Faure,june_16_g0,0.977857142857143,0.9783333333333334,0.9547619047619047,0.8840579710144928,,16,20,4,8,0,5,0,6,0,1,0,6H,1H,,0,58,False,True,False,True,0
top_ten,svm,occupancy,full,6,unith,6,Faure,june_16_g0,0.977857142857143,0.9783333333333334,0.9547619047619047,0.8840579710144928,,2,20,4,8,0,5,1,6,0,2,0,6H,2H,,0,5,False,True,False,False,0
top_ten,svm,occupancy,full,6,unith,6,Faure,june_16_g0,0.977857142857143,0.9783333333333334,0.9547619047619047,0.8840579710144928,,16,20,4,8,0,5,2,6,0,3,0,6H,3H,,0,40,False,True,False,True,0
top_ten,svm,occupancy,full,6,unith,6,Faure,june_16_g0,0.977857142857143,0.9783333333333334,0.9547619047619047,0.8840579710144928,,3,20,4,8,0,5,3,6,0,4,0,6H,4H,,0,7,False,True,False,False,0
top_ten,svm,occupancy,full,6,unith,6,Faure,june_16_g0,0.977857142857143,0.9783333333333334,0.9547619047619047,0.8840579710144928,,2,20,4,8,0,5,4,6,0,5,0,6H,5H,,0,4,False,True,False,False,0
top_ten,svm,occupancy,full,6,unith,6,Faure,june_16_g0,0.977857142857143,0.9783333333333334,0.9547619047619047,0.8840579710144928,,,20,4,8,0,5,5,6,0,6,0,6H,6H,,0,0,False,False,False,False,0
top_ten,svm,occupancy,full,6,unith,6,Faure,june_16_g0,0.977857142857143,0.9783333333333334,0.9547619047619047,0.8840579710144928,,,20,4,8,0,5,6,6,0,1,1,6H,1S,,0,0,False,False,False,False,0
top_ten,svm,occupancy,full,6,unith,6,Faure,june_16_g0,0.977857142857143,0.9783333333333334,0.9547619047619047,0.8840579710144928,,16,20,4,8,0,5,7,6,0,2,1,6H,2S,,0,32,False,True,False,True,0
top_ten,svm,occupancy,full,6,unith,6,Faure,june_16_g0,0.977857142857143,0.9783333333333334,0.9547619047619047,0.8840579710144928,,3,20,4,8,0,5,8,6,0,3,1,6H,3S,,0,6,False,True,False,False,0
top_ten,svm,occupancy,full,6,unith,6,Faure,june_16_g0,0.977857142857143,0.9783333333333334,0.9547619047619047,0.8840579710144928,,16,20,4,8,0,5,9,6,0,4,1,6H,4S,,0,51,False,True,False,True,0
top_ten,svm,occupancy,full,6,unith,6,Faure,june_16_g0,0.977857142857143,0.9783333333333334,0.9547619047619047,0.8840579710144928,,16,20,4,8,0,5,10,6,0,5,1,6H,5S,,0,51,False,True,False,True,0
top_ten,svm,occupancy,full,6,unith,6,Faure,june_16_g0,0.977857142857143,0.9783333333333334,0.9547619047619047,0.8840579710144928,,16,20,4,8,0,5,11,6,0,6,1,6H,6S,,0,66,False,True,False,True,0
top_ten,svm,occupancy,full,6,unith,6,Faure,june_16_g0,0.977857142857143,0.9783333333333334,0.9547619047619047,0.8840579710144928,,16,20,4,8,0,6,0,1,1,1,0,1S,1H,,0,58,False,True,False,True,0
top_ten,svm,occupancy,full,6,unith,6,Faure,june_16_g0,0.977857142857143,0.9783333333333334,0.9547619047619047,0.8840579710144928,,2,20,4,8,0,6,1,1,1,2,0,1S,2H,,0,5,False,True,False,False,0
top_ten,svm,occupancy,full,6,unith,6,Faure,june_16_g0,0.977857142857143,0.9783333333333334,0.9547619047619047,0.8840579710144928,,16,20,4,8,0,6,2,1,1,3,0,1S,3H,,0,40,False,True,False,True,0
top_ten,svm,occupancy,full,6,unith,6,Faure,june_16_g0,0.977857142857143,0.9783333333333334,0.9547619047619047,0.8840579710144928,,3,20,4,8,0,6,3,1,1,4,0,1S,4H,,0,7,False,True,False,False,0
top_ten,svm,occupancy,full,6,unith,6,Faure,june_16_g0,0.977857142857143,0.9783333333333334,0.9547619047619047,0.8840579710144928,,2,20,4,8,0,6,4,1,1,5,0,1S,5H,,0,4,False,True,False,False,0
top_ten,svm,occupancy,full,6,unith,6,Faure,june_16_g0,0.977857142857143,0.9783333333333334,0.9547619047619047,0.8840579710144928,,,20,4,8,0,6,5,1,1,6,0,1S,6H,,0,0,False,False,False,False,0
top_ten,svm,occupancy,full,6,unith,6,Faure,june_16_g0,0.977857142857143,0.9783333333333334,0.9547619047619047,0.8840579710144928,,,20,4,8,0,6,6,1,1,1,1,1S,1S,,0,0,False,False,False,False,0
top_ten,svm,occupancy,full,6,unith,6,Faure,june_16_g0,0.977857142857143,0.9783333333333334,0.9547619047619047,0.8840579710144928,,16,20,4,8,0,6,7,1,1,2,1,1S,2S,,0,32,False,True,False,True,0
top_ten,svm,occupancy,full,6,unith,6,Faure,june_16_g0,0.977857142857143,0.9783333333333334,0.9547619047619047,0.8840579710144928,,3,20,4,8,0,6,8,1,1,3,1,1S,3S,,0,6,False,True,False,False,0
top_ten,svm,occupancy,full,6,unith,6,Faure,june_16_g0,0.977857142857143,0.9783333333333334,0.9547619047619047,0.8840579710144928,,16,20,4,8,0,6,9,1,1,4,1,1S,4S,,0,51,False,True,False,True,0
top_ten,svm,occupancy,full,6,unith,6,Faure,june_16_g0,0.977857142857143,0.9783333333333334,0.9547619047619047,0.8840579710144928,,16,20,4,8,0,6,10,1,1,5,1,1S,5S,,0,51,False,True,False,True,0
top_ten,svm,occupancy,full,6,unith,6,Faure,june_16_g0,0.977857142857143,0.9783333333333334,0.9547619047619047,0.8840579710144928,,16,20,4,8,0,6,11,1,1,6,1,1S,6S,,0,66,False,True,False,True,0
top_ten,svm,occupancy,full,6,unith,6,Faure,june_16_g0,0.977857142857143,0.9783333333333334,0.9547619047619047,0.8840579710144928,16,16,20,4,8,0,7,0,2,1,1,0,2S,1H,0.9577079196808272,32,58,True,True,True,True,0
top_ten,svm,occupancy,full,6,unith,6,Faure,june_16_g0,0.977857142857143,0.9783333333333334,0.9547619047619047,0.8840579710144928,16,2,20,4,8,0,7,1,2,1,2,0,2S,2H,0.9579057952327114,32,5,True,True,True,False,0
top_ten,svm,occupancy,full,6,unith,6,Faure,june_16_g0,0.977857142857143,0.9783333333333334,0.9547619047619047,0.8840579710144928,16,16,20,4,8,0,7,2,2,1,3,0,2S,3H,0.9682137655456413,32,40,True,True,True,True,0
top_ten,svm,occupancy,full,6,unith,6,Faure,june_16_g0,0.977857142857143,0.9783333333333334,0.9547619047619047,0.8840579710144928,16,3,20,4,8,0,7,3,2,1,4,0,2S,4H,0.9562064370976652,32,7,True,True,True,False,0
top_ten,svm,occupancy,full,6,unith,6,Faure,june_16_g0,0.977857142857143,0.9783333333333334,0.9547619047619047,0.8840579710144928,16,2,20,4,8,0,7,4,2,1,5,0,2S,5H,0.9084720137564897,32,4,True,True,True,False,0
top_ten,svm,occupancy,full,6,unith,6,Faure,june_16_g0,0.977857142857143,0.9783333333333334,0.9547619047619047,0.8840579710144928,16,,20,4,8,0,7,5,2,1,6,0,2S,6H,,32,0,True,False,True,False,0
top_ten,svm,occupancy,full,6,unith,6,Faure,june_16_g0,0.977857142857143,0.9783333333333334,0.9547619047619047,0.8840579710144928,16,,20,4,8,0,7,6,2,1,1,1,2S,1S,,32,0,True,False,True,False,0
top_ten,svm,occupancy,full,6,unith,6,Faure,june_16_g0,0.977857142857143,0.9783333333333334,0.9547619047619047,0.8840579710144928,16,16,20,4,8,0,7,7,2,1,2,1,2S,2S,0.9692023997232189,32,32,True,True,True,True,0
top_ten,svm,occupancy,full,6,unith,6,Faure,june_16_g0,0.977857142857143,0.9783333333333334,0.9547619047619047,0.8840579710144928,16,3,20,4,8,0,7,8,2,1,3,1,2S,3S,0.8482240314990982,32,6,True,True,True,False,0
top_ten,svm,occupancy,full,6,unith,6,Faure,june_16_g0,0.977857142857143,0.9783333333333334,0.9547619047619047,0.8840579710144928,16,16,20,4,8,0,7,9,2,1,4,1,2S,4S,0.9762337824713233,32,51,True,True,True,True,0
top_ten,svm,occupancy,full,6,unith,6,Faure,june_16_g0,0.977857142857143,0.9783333333333334,0.9547619047619047,0.8840579710144928,16,16,20,4,8,0,7,10,2,1,5,1,2S,5S,0.9736308253850124,32,51,True,True,True,True,0
top_ten,svm,occupancy,full,6,unith,6,Faure,june_16_g0,0.977857142857143,0.9783333333333334,0.9547619047619047,0.8840579710144928,16,16,20,4,8,0,7,11,2,1,6,1,2S,6S,0.9564595683317201,32,66,True,True,True,True,0
top_ten,svm,occupancy,full,6,unith,6,Faure,june_16_g0,0.977857142857143,0.9783333333333334,0.9547619047619047,0.8840579710144928,3,16,20,4,8,0,8,0,3,1,1,0,3S,1H,0.8749200939610219,6,58,True,True,False,True,0
top_ten,svm,occupancy,full,6,unith,6,Faure,june_16_g0,0.977857142857143,0.9783333333333334,0.9547619047619047,0.8840579710144928,3,2,20,4,8,0,8,1,3,1,2,0,3S,2H,0.7879704759780713,6,5,True,True,False,False,0
top_ten,svm,occupancy,full,6,unith,6,Faure,june_16_g0,0.977857142857143,0.9783333333333334,0.9547619047619047,0.8840579710144928,3,16,20,4,8,0,8,2,3,1,3,0,3S,3H,0.8895481236129266,6,40,True,True,False,True,0
top_ten,svm,occupancy,full,6,unith,6,Faure,june_16_g0,0.977857142857143,0.9783333333333334,0.9547619047619047,0.8840579710144928,3,3,20,4,8,0,8,3,3,1,4,0,3S,4H,0.8151061113028583,6,7,True,True,False,False,0
top_ten,svm,occupancy,full,6,unith,6,Faure,june_16_g0,0.977857142857143,0.9783333333333334,0.9547619047619047,0.8840579710144928,3,2,20,4,8,0,8,4,3,1,5,0,3S,5H,0.7837696593153728,6,4,True,True,False,False,0
top_ten,svm,occupancy,full,6,unith,6,Faure,june_16_g0,0.977857142857143,0.9783333333333334,0.9547619047619047,0.8840579710144928,3,,20,4,8,0,8,5,3,1,6,0,3S,6H,,6,0,True,False,False,False,0
top_ten,svm,occupancy,full,6,unith,6,Faure,june_16_g0,0.977857142857143,0.9783333333333334,0.9547619047619047,0.8840579710144928,3,,20,4,8,0,8,6,3,1,1,1,3S,1S,,6,0,True,False,False,False,0
top_ten,svm,occupancy,full,6,unith,6,Faure,june_16_g0,0.977857142857143,0.9783333333333334,0.9547619047619047,0.8840579710144928,3,16,20,4,8,0,8,7,3,1,2,1,3S,2S,0.8482240314990982,6,32,True,True,False,True,0
top_ten,svm,occupancy,full,6,unith,6,Faure,june_16_g0,0.977857142857143,0.9783333333333334,0.9547619047619047,0.8840579710144928,3,3,20,4,8,0,8,8,3,1,3,1,3S,3S,0.8798486323119283,6,6,True,True,False,False,0
top_ten,svm,occupancy,full,6,unith,6,Faure,june_16_g0,0.977857142857143,0.9783333333333334,0.9547619047619047,0.8840579710144928,3,16,20,4,8,0,8,9,3,1,4,1,3S,4S,0.8547526711805018,6,51,True,True,False,True,0
top_ten,svm,occupancy,full,6,unith,6,Faure,june_16_g0,0.977857142857143,0.9783333333333334,0.9547619047619047,0.8840579710144928,3,16,20,4,8,0,8,10,3,1,5,1,3S,5S,0.8709338068182495,6,51,True,True,False,True,0
top_ten,svm,occupancy,full,6,unith,6,Faure,june_16_g0,0.977857142857143,0.9783333333333334,0.9547619047619047,0.8840579710144928,3,16,20,4,8,0,8,11,3,1,6,1,3S,6S,0.8893605110609348,6,66,True,True,False,True,0
top_ten,svm,occupancy,full,6,unith,6,Faure,june_16_g0,0.977857142857143,0.9783333333333334,0.9547619047619047,0.8840579710144928,16,16,20,4,8,0,9,0,4,1,1,0,4S,1H,0.9800038048152256,51,58,True,True,True,True,0
top_ten,svm,occupancy,full,6,unith,6,Faure,june_16_g0,0.977857142857143,0.9783333333333334,0.9547619047619047,0.8840579710144928,16,2,20,4,8,0,9,1,4,1,2,0,4S,2H,0.9697484268218538,51,5,True,True,True,False,0
top_ten,svm,occupancy,full,6,unith,6,Faure,june_16_g0,0.977857142857143,0.9783333333333334,0.9547619047619047,0.8840579710144928,16,16,20,4,8,0,9,2,4,1,3,0,4S,3H,0.9813016052792911,51,40,True,True,True,True,0
top_ten,svm,occupancy,full,6,unith,6,Faure,june_16_g0,0.977857142857143,0.9783333333333334,0.9547619047619047,0.8840579710144928,16,3,20,4,8,0,9,3,4,1,4,0,4S,4H,0.9819045544145529,51,7,True,True,True,False,0
top_ten,svm,occupancy,full,6,unith,6,Faure,june_16_g0,0.977857142857143,0.9783333333333334,0.9547619047619047,0.8840579710144928,16,2,20,4,8,0,9,4,4,1,5,0,4S,5H,0.944149614037641,51,4,True,True,True,False,0
top_ten,svm,occupancy,full,6,unith,6,Faure,june_16_g0,0.977857142857143,0.9783333333333334,0.9547619047619047,0.8840579710144928,16,,20,4,8,0,9,5,4,1,6,0,4S,6H,,51,0,True,False,True,False,0
top_ten,svm,occupancy,full,6,unith,6,Faure,june_16_g0,0.977857142857143,0.9783333333333334,0.9547619047619047,0.8840579710144928,16,,20,4,8,0,9,6,4,1,1,1,4S,1S,,51,0,True,False,True,False,0
top_ten,svm,occupancy,full,6,unith,6,Faure,june_16_g0,0.977857142857143,0.9783333333333334,0.9547619047619047,0.8840579710144928,16,16,20,4,8,0,9,7,4,1,2,1,4S,2S,0.9762337824713233,51,32,True,True,True,True,0
top_ten,svm,occupancy,full,6,unith,6,Faure,june_16_g0,0.977857142857143,0.9783333333333334,0.9547619047619047,0.8840579710144928,16,3,20,4,8,0,9,8,4,1,3,1,4S,3S,0.8547526711805018,51,6,True,True,True,False,0
top_ten,svm,occupancy,full,6,unith,6,Faure,june_16_g0,0.977857142857143,0.9783333333333334,0.9547619047619047,0.8840579710144928,16,16,20,4,8,0,9,9,4,1,4,1,4S,4S,0.9888415046093056,51,51,True,True,True,True,0
top_ten,svm,occupancy,full,6,unith,6,Faure,june_16_g0,0.977857142857143,0.9783333333333334,0.9547619047619047,0.8840579710144928,16,16,20,4,8,0,9,10,4,1,5,1,4S,5S,0.9682900673729364,51,51,True,True,True,True,0
top_ten,svm,occupancy,full,6,unith,6,Faure,june_16_g0,0.977857142857143,0.9783333333333334,0.9547619047619047,0.8840579710144928,16,16,20,4,8,0,9,11,4,1,6,1,4S,6S,0.9664232867407453,51,66,True,True,True,True,0
top_ten,svm,occupancy,full,6,unith,6,Faure,june_16_g0,0.977857142857143,0.9783333333333334,0.9547619047619047,0.8840579710144928,16,16,20,4,8,0,10,0,5,1,1,0,5S,1H,0.9472510583121811,51,58,True,True,True,True,0
top_ten,svm,occupancy,full,6,unith,6,Faure,june_16_g0,0.977857142857143,0.9783333333333334,0.9547619047619047,0.8840579710144928,16,2,20,4,8,0,10,1,5,1,2,0,5S,2H,0.9258425451284676,51,5,True,True,True,False,0
top_ten,svm,occupancy,full,6,unith,6,Faure,june_16_g0,0.977857142857143,0.9783333333333334,0.9547619047619047,0.8840579710144928,16,16,20,4,8,0,10,2,5,1,3,0,5S,3H,0.9815466723668663,51,40,True,True,True,True,0
top_ten,svm,occupancy,full,6,unith,6,Faure,june_16_g0,0.977857142857143,0.9783333333333334,0.9547619047619047,0.8840579710144928,16,3,20,4,8,0,10,3,5,1,4,0,5S,4H,0.9534665193900521,51,7,True,True,True,False,0
top_ten,svm,occupancy,full,6,unith,6,Faure,june_16_g0,0.977857142857143,0.9783333333333334,0.9547619047619047,0.8840579710144928,16,2,20,4,8,0,10,4,5,1,5,0,5S,5H,0.8798819935428387,51,4,True,True,True,False,0
top_ten,svm,occupancy,full,6,unith,6,Faure,june_16_g0,0.977857142857143,0.9783333333333334,0.9547619047619047,0.8840579710144928,16,,20,4,8,0,10,5,5,1,6,0,5S,6H,,51,0,True,False,True,False,0
top_ten,svm,occupancy,full,6,unith,6,Faure,june_16_g0,0.977857142857143,0.9783333333333334,0.9547619047619047,0.8840579710144928,16,,20,4,8,0,10,6,5,1,1,1,5S,1S,,51,0,True,False,True,False,0
top_ten,svm,occupancy,full,6,unith,6,Faure,june_16_g0,0.977857142857143,0.9783333333333334,0.9547619047619047,0.8840579710144928,16,16,20,4,8,0,10,7,5,1,2,1,5S,2S,0.9736308253850124,51,32,True,True,True,True,0
top_ten,svm,occupancy,full,6,unith,6,Faure,june_16_g0,0.977857142857143,0.9783333333333334,0.9547619047619047,0.8840579710144928,16,3,20,4,8,0,10,8,5,1,3,1,5S,3S,0.8709338068182495,51,6,True,True,True,False,0
top_ten,svm,occupancy,full,6,unith,6,Faure,june_16_g0,0.977857142857143,0.9783333333333334,0.9547619047619047,0.8840579710144928,16,16,20,4,8,0,10,9,5,1,4,1,5S,4S,0.9682900673729364,51,51,True,True,True,True,0
top_ten,svm,occupancy,full,6,unith,6,Faure,june_16_g0,0.977857142857143,0.9783333333333334,0.9547619047619047,0.8840579710144928,16,16,20,4,8,0,10,10,5,1,5,1,5S,5S,0.9772604801867395,51,51,True,True,True,True,0
top_ten,svm,occupancy,full,6,unith,6,Faure,june_16_g0,0.977857142857143,0.9783333333333334,0.9547619047619047,0.8840579710144928,16,16,20,4,8,0,10,11,5,1,6,1,5S,6S,0.977733116069189,51,66,True,True,True,True,0
top_ten,svm,occupancy,full,6,unith,6,Faure,june_16_g0,0.977857142857143,0.9783333333333334,0.9547619047619047,0.8840579710144928,16,16,20,4,8,0,11,0,6,1,1,0,6S,1H,0.9466690539645196,66,58,True,True,True,True,0
top_ten,svm,occupancy,full,6,unith,6,Faure,june_16_g0,0.977857142857143,0.9783333333333334,0.9547619047619047,0.8840579710144928,16,2,20,4,8,0,11,1,6,1,2,0,6S,2H,0.9083097225874696,66,5,True,True,True,False,0
top_ten,svm,occupancy,full,6,unith,6,Faure,june_16_g0,0.977857142857143,0.9783333333333334,0.9547619047619047,0.8840579710144928,16,16,20,4,8,0,11,2,6,1,3,0,6S,3H,0.9862414844128049,66,40,True,True,True,True,0
top_ten,svm,occupancy,full,6,unith,6,Faure,june_16_g0,0.977857142857143,0.9783333333333334,0.9547619047619047,0.8840579710144928,16,3,20,4,8,0,11,3,6,1,4,0,6S,4H,0.9516972526877684,66,7,True,True,True,False,0
top_ten,svm,occupancy,full,6,unith,6,Faure,june_16_g0,0.977857142857143,0.9783333333333334,0.9547619047619047,0.8840579710144928,16,2,20,4,8,0,11,4,6,1,5,0,6S,5H,0.8865809591144644,66,4,True,True,True,False,0
top_ten,svm,occupancy,full,6,unith,6,Faure,june_16_g0,0.977857142857143,0.9783333333333334,0.9547619047619047,0.8840579710144928,16,,20,4,8,0,11,5,6,1,6,0,6S,6H,,66,0,True,False,True,False,0
top_ten,svm,occupancy,full,6,unith,6,Faure,june_16_g0,0.977857142857143,0.9783333333333334,0.9547619047619047,0.8840579710144928,16,,20,4,8,0,11,6,6,1,1,1,6S,1S,,66,0,True,False,True,False,0
top_ten,svm,occupancy,full,6,unith,6,Faure,june_16_g0,0.977857142857143,0.9783333333333334,0.9547619047619047,0.8840579710144928,16,16,20,4,8,0,11,7,6,1,2,1,6S,2S,0.9564595683317201,66,32,True,True,True,True,0
top_ten,svm,occupancy,full,6,unith,6,Faure,june_16_g0,0.977857142857143,0.9783333333333334,0.9547619047619047,0.8840579710144928,16,3,20,4,8,0,11,8,6,1,3,1,6S,3S,0.8893605110609348,66,6,True,True,True,False,0
top_ten,svm,occupancy,full,6,unith,6,Faure,june_16_g0,0.977857142857143,0.9783333333333334,0.9547619047619047,0.8840579710144928,16,16,20,4,8,0,11,9,6,1,4,1,6S,4S,0.9664232867407453,66,51,True,True,True,True,0
top_ten,svm,occupancy,full,6,unith,6,Faure,june_16_g0,0.977857142857143,0.9783333333333334,0.9547619047619047,0.8840579710144928,16,16,20,4,8,0,11,10,6,1,5,1,6S,5S,0.977733116069189,66,51,True,True,True,True,0
top_ten,svm,occupancy,full,6,unith,6,Faure,june_16_g0,0.977857142857143,0.9783333333333334,0.9547619047619047,0.8840579710144928,16,16,20,4,8,0,11,11,6,1,6,1,6S,6S,0.9855644886573189,66,66,True,True,True,True,0
top_ten,svm,occupancy,full,6,unith,6,Faure,june_18_g0,0.976758663623158,0.9755135920315418,0.9754098360655737,0.5518867924528302,7,7,20,4,8,0,0,0,1,0,1,0,1H,1H,0.906266834476481,58,58,True,True,True,True,0
top_ten,svm,occupancy,full,6,unith,6,Faure,june_18_g0,0.976758663623158,0.9755135920315418,0.9754098360655737,0.5518867924528302,7,7,20,4,8,0,0,1,1,0,2,0,1H,2H,0.8542572765063128,58,14,True,True,True,True,0
top_ten,svm,occupancy,full,6,unith,6,Faure,june_18_g0,0.976758663623158,0.9755135920315418,0.9754098360655737,0.5518867924528302,7,7,20,4,8,0,0,2,1,0,3,0,1H,3H,0.9040158088147248,58,60,True,True,True,True,0
top_ten,svm,occupancy,full,6,unith,6,Faure,june_18_g0,0.976758663623158,0.9755135920315418,0.9754098360655737,0.5518867924528302,7,,20,4,8,0,0,3,1,0,4,0,1H,4H,,58,0,True,False,True,False,0
top_ten,svm,occupancy,full,6,unith,6,Faure,june_18_g0,0.976758663623158,0.9755135920315418,0.9754098360655737,0.5518867924528302,7,3,20,4,8,0,0,4,1,0,5,0,1H,5H,0.9471629610529202,58,6,True,True,True,False,0
top_ten,svm,occupancy,full,6,unith,6,Faure,june_18_g0,0.976758663623158,0.9755135920315418,0.9754098360655737,0.5518867924528302,7,,20,4,8,0,0,5,1,0,6,0,1H,6H,,58,0,True,False,True,False,0
top_ten,svm,occupancy,full,6,unith,6,Faure,june_18_g0,0.976758663623158,0.9755135920315418,0.9754098360655737,0.5518867924528302,7,,20,4,8,0,0,6,1,0,1,1,1H,1S,,58,0,True,False,True,False,0
top_ten,svm,occupancy,full,6,unith,6,Faure,june_18_g0,0.976758663623158,0.9755135920315418,0.9754098360655737,0.5518867924528302,7,7,20,4,8,0,0,7,1,0,2,1,1H,2S,0.9274318389541973,58,49,True,True,True,True,0
top_ten,svm,occupancy,full,6,unith,6,Faure,june_18_g0,0.976758663623158,0.9755135920315418,0.9754098360655737,0.5518867924528302,7,2,20,4,8,0,0,8,1,0,3,1,1H,3S,0.9073770464538038,58,5,True,True,True,False,0
top_ten,svm,occupancy,full,6,unith,6,Faure,june_18_g0,0.976758663623158,0.9755135920315418,0.9754098360655737,0.5518867924528302,7,7,20,4,8,0,0,9,1,0,4,1,1H,4S,0.9383623619175315,58,68,True,True,True,True,0
top_ten,svm,occupancy,full,6,unith,6,Faure,june_18_g0,0.976758663623158,0.9755135920315418,0.9754098360655737,0.5518867924528302,7,7,20,4,8,0,0,10,1,0,5,1,1H,5S,0.914046116400644,58,78,True,True,True,True,0
top_ten,svm,occupancy,full,6,unith,6,Faure,june_18_g0,0.976758663623158,0.9755135920315418,0.9754098360655737,0.5518867924528302,7,7,20,4,8,0,0,11,1,0,6,1,1H,6S,0.9127230519644149,58,79,True,True,True,True,0
top_ten,svm,occupancy,full,6,unith,6,Faure,june_18_g0,0.976758663623158,0.9755135920315418,0.9754098360655737,0.5518867924528302,7,7,20,4,8,0,1,0,2,0,1,0,2H,1H,0.8542572765063128,14,58,True,True,True,True,0
top_ten,svm,occupancy,full,6,unith,6,Faure,june_18_g0,0.976758663623158,0.9755135920315418,0.9754098360655737,0.5518867924528302,7,7,20,4,8,0,1,1,2,0,2,0,2H,2H,0.9347871949802631,14,14,True,True,True,True,0
top_ten,svm,occupancy,full,6,unith,6,Faure,june_18_g0,0.976758663623158,0.9755135920315418,0.9754098360655737,0.5518867924528302,7,7,20,4,8,0,1,2,2,0,3,0,2H,3H,0.7536597691197711,14,60,True,True,True,True,0
top_ten,svm,occupancy,full,6,unith,6,Faure,june_18_g0,0.976758663623158,0.9755135920315418,0.9754098360655737,0.5518867924528302,7,,20,4,8,0,1,3,2,0,4,0,2H,4H,,14,0,True,False,True,False,0
top_ten,svm,occupancy,full,6,unith,6,Faure,june_18_g0,0.976758663623158,0.9755135920315418,0.9754098360655737,0.5518867924528302,7,3,20,4,8,0,1,4,2,0,5,0,2H,5H,0.9039121029730307,14,6,True,True,True,False,0
top_ten,svm,occupancy,full,6,unith,6,Faure,june_18_g0,0.976758663623158,0.9755135920315418,0.9754098360655737,0.5518867924528302,7,,20,4,8,0,1,5,2,0,6,0,2H,6H,,14,0,True,False,True,False,0
top_ten,svm,occupancy,full,6,unith,6,Faure,june_18_g0,0.976758663623158,0.9755135920315418,0.9754098360655737,0.5518867924528302,7,,20,4,8,0,1,6,2,0,1,1,2H,1S,,14,0,True,False,True,False,0
top_ten,svm,occupancy,full,6,unith,6,Faure,june_18_g0,0.976758663623158,0.9755135920315418,0.9754098360655737,0.5518867924528302,7,7,20,4,8,0,1,7,2,0,2,1,2H,2S,0.9168386944489162,14,49,True,True,True,True,0
top_ten,svm,occupancy,full,6,unith,6,Faure,june_18_g0,0.976758663623158,0.9755135920315418,0.9754098360655737,0.5518867924528302,7,2,20,4,8,0,1,8,2,0,3,1,2H,3S,0.8540848539328796,14,5,True,True,True,False,0
top_ten,svm,occupancy,full,6,unith,6,Faure,june_18_g0,0.976758663623158,0.9755135920315418,0.9754098360655737,0.5518867924528302,7,7,20,4,8,0,1,9,2,0,4,1,2H,4S,0.8441126357182709,14,68,True,True,True,True,0
top_ten,svm,occupancy,full,6,unith,6,Faure,june_18_g0,0.976758663623158,0.9755135920315418,0.9754098360655737,0.5518867924528302,7,7,20,4,8,0,1,10,2,0,5,1,2H,5S,0.805178062267194,14,78,True,True,True,True,0
top_ten,svm,occupancy,full,6,unith,6,Faure,june_18_g0,0.976758663623158,0.9755135920315418,0.9754098360655737,0.5518867924528302,7,7,20,4,8,0,1,11,2,0,6,1,2H,6S,0.8099674591981065,14,79,True,True,True,True,0
top_ten,svm,occupancy,full,6,unith,6,Faure,june_18_g0,0.976758663623158,0.9755135920315418,0.9754098360655737,0.5518867924528302,7,7,20,4,8,0,2,0,3,0,1,0,3H,1H,0.9040158088147248,60,58,True,True,True,True,0
top_ten,svm,occupancy,full,6,unith,6,Faure,june_18_g0,0.976758663623158,0.9755135920315418,0.9754098360655737,0.5518867924528302,7,7,20,4,8,0,2,1,3,0,2,0,3H,2H,0.7536597691197711,60,14,True,True,True,True,0
top_ten,svm,occupancy,full,6,unith,6,Faure,june_18_g0,0.976758663623158,0.9755135920315418,0.9754098360655737,0.5518867924528302,7,7,20,4,8,0,2,2,3,0,3,0,3H,3H,0.8993067580597996,60,60,True,True,True,True,0
top_ten,svm,occupancy,full,6,unith,6,Faure,june_18_g0,0.976758663623158,0.9755135920315418,0.9754098360655737,0.5518867924528302,7,,20,4,8,0,2,3,3,0,4,0,3H,4H,,60,0,True,False,True,False,0
top_ten,svm,occupancy,full,6,unith,6,Faure,june_18_g0,0.976758663623158,0.9755135920315418,0.9754098360655737,0.5518867924528302,7,3,20,4,8,0,2,4,3,0,5,0,3H,5H,0.903847722140757,60,6,True,True,True,False,0
top_ten,svm,occupancy,full,6,unith,6,Faure,june_18_g0,0.976758663623158,0.9755135920315418,0.9754098360655737,0.5518867924528302,7,,20,4,8,0,2,5,3,0,6,0,3H,6H,,60,0,True,False,True,False,0
top_ten,svm,occupancy,full,6,unith,6,Faure,june_18_g0,0.976758663623158,0.9755135920315418,0.9754098360655737,0.5518867924528302,7,,20,4,8,0,2,6,3,0,1,1,3H,1S,,60,0,True,False,True,False,0
top_ten,svm,occupancy,full,6,unith,6,Faure,june_18_g0,0.976758663623158,0.9755135920315418,0.9754098360655737,0.5518867924528302,7,7,20,4,8,0,2,7,3,0,2,1,3H,2S,0.8738046100389372,60,49,True,True,True,True,0
top_ten,svm,occupancy,full,6,unith,6,Faure,june_18_g0,0.976758663623158,0.9755135920315418,0.9754098360655737,0.5518867924528302,7,2,20,4,8,0,2,8,3,0,3,1,3H,3S,0.85520186106317,60,5,True,True,True,False,0
top_ten,svm,occupancy,full,6,unith,6,Faure,june_18_g0,0.976758663623158,0.9755135920315418,0.9754098360655737,0.5518867924528302,7,7,20,4,8,0,2,9,3,0,4,1,3H,4S,0.9187133958496165,60,68,True,True,True,True,0
top_ten,svm,occupancy,full,6,unith,6,Faure,june_18_g0,0.976758663623158,0.9755135920315418,0.9754098360655737,0.5518867924528302,7,7,20,4,8,0,2,10,3,0,5,1,3H,5S,0.9029555298269598,60,78,True,True,True,True,0
top_ten,svm,occupancy,full,6,unith,6,Faure,june_18_g0,0.976758663623158,0.9755135920315418,0.9754098360655737,0.5518867924528302,7,7,20,4,8,0,2,11,3,0,6,1,3H,6S,0.8659176838437894,60,79,True,True,True,True,0
top_ten,svm,occupancy,full,6,unith,6,Faure,june_18_g0,0.976758663623158,0.9755135920315418,0.9754098360655737,0.5518867924528302,,7,20,4,8,0,3,0,4,0,1,0,4H,1H,,0,58,False,True,False,True,0
top_ten,svm,occupancy,full,6,unith,6,Faure,june_18_g0,0.976758663623158,0.9755135920315418,0.9754098360655737,0.5518867924528302,,7,20,4,8,0,3,1,4,0,2,0,4H,2H,,0,14,False,True,False,True,0
top_ten,svm,occupancy,full,6,unith,6,Faure,june_18_g0,0.976758663623158,0.9755135920315418,0.9754098360655737,0.5518867924528302,,7,20,4,8,0,3,2,4,0,3,0,4H,3H,,0,60,False,True,False,True,0
top_ten,svm,occupancy,full,6,unith,6,Faure,june_18_g0,0.976758663623158,0.9755135920315418,0.9754098360655737,0.5518867924528302,,,20,4,8,0,3,3,4,0,4,0,4H,4H,,0,0,False,False,False,False,0
top_ten,svm,occupancy,full,6,unith,6,Faure,june_18_g0,0.976758663623158,0.9755135920315418,0.9754098360655737,0.5518867924528302,,3,20,4,8,0,3,4,4,0,5,0,4H,5H,,0,6,False,True,False,False,0
top_ten,svm,occupancy,full,6,unith,6,Faure,june_18_g0,0.976758663623158,0.9755135920315418,0.9754098360655737,0.5518867924528302,,,20,4,8,0,3,5,4,0,6,0,4H,6H,,0,0,False,False,False,False,0
top_ten,svm,occupancy,full,6,unith,6,Faure,june_18_g0,0.976758663623158,0.9755135920315418,0.9754098360655737,0.5518867924528302,,,20,4,8,0,3,6,4,0,1,1,4H,1S,,0,0,False,False,False,False,0
top_ten,svm,occupancy,full,6,unith,6,Faure,june_18_g0,0.976758663623158,0.9755135920315418,0.9754098360655737,0.5518867924528302,,7,20,4,8,0,3,7,4,0,2,1,4H,2S,,0,49,False,True,False,True,0
top_ten,svm,occupancy,full,6,unith,6,Faure,june_18_g0,0.976758663623158,0.9755135920315418,0.9754098360655737,0.5518867924528302,,2,20,4,8,0,3,8,4,0,3,1,4H,3S,,0,5,False,True,False,False,0
top_ten,svm,occupancy,full,6,unith,6,Faure,june_18_g0,0.976758663623158,0.9755135920315418,0.9754098360655737,0.5518867924528302,,7,20,4,8,0,3,9,4,0,4,1,4H,4S,,0,68,False,True,False,True,0
top_ten,svm,occupancy,full,6,unith,6,Faure,june_18_g0,0.976758663623158,0.9755135920315418,0.9754098360655737,0.5518867924528302,,7,20,4,8,0,3,10,4,0,5,1,4H,5S,,0,78,False,True,False,True,0
top_ten,svm,occupancy,full,6,unith,6,Faure,june_18_g0,0.976758663623158,0.9755135920315418,0.9754098360655737,0.5518867924528302,,7,20,4,8,0,3,11,4,0,6,1,4H,6S,,0,79,False,True,False,True,0
top_ten,svm,occupancy,full,6,unith,6,Faure,june_18_g0,0.976758663623158,0.9755135920315418,0.9754098360655737,0.5518867924528302,3,7,20,4,8,0,4,0,5,0,1,0,5H,1H,0.9471629610529202,6,58,True,True,False,True,0
top_ten,svm,occupancy,full,6,unith,6,Faure,june_18_g0,0.976758663623158,0.9755135920315418,0.9754098360655737,0.5518867924528302,3,7,20,4,8,0,4,1,5,0,2,0,5H,2H,0.9039121029730307,6,14,True,True,False,True,0
top_ten,svm,occupancy,full,6,unith,6,Faure,june_18_g0,0.976758663623158,0.9755135920315418,0.9754098360655737,0.5518867924528302,3,7,20,4,8,0,4,2,5,0,3,0,5H,3H,0.903847722140757,6,60,True,True,False,True,0
top_ten,svm,occupancy,full,6,unith,6,Faure,june_18_g0,0.976758663623158,0.9755135920315418,0.9754098360655737,0.5518867924528302,3,,20,4,8,0,4,3,5,0,4,0,5H,4H,,6,0,True,False,False,False,0
top_ten,svm,occupancy,full,6,unith,6,Faure,june_18_g0,0.976758663623158,0.9755135920315418,0.9754098360655737,0.5518867924528302,3,3,20,4,8,0,4,4,5,0,5,0,5H,5H,0.9630024334320979,6,6,True,True,False,False,0
top_ten,svm,occupancy,full,6,unith,6,Faure,june_18_g0,0.976758663623158,0.9755135920315418,0.9754098360655737,0.5518867924528302,3,,20,4,8,0,4,5,5,0,6,0,5H,6H,,6,0,True,False,False,False,0
top_ten,svm,occupancy,full,6,unith,6,Faure,june_18_g0,0.976758663623158,0.9755135920315418,0.9754098360655737,0.5518867924528302,3,,20,4,8,0,4,6,5,0,1,1,5H,1S,,6,0,True,False,False,False,0
top_ten,svm,occupancy,full,6,unith,6,Faure,june_18_g0,0.976758663623158,0.9755135920315418,0.9754098360655737,0.5518867924528302,3,7,20,4,8,0,4,7,5,0,2,1,5H,2S,0.9598202011194756,6,49,True,True,False,True,0
top_ten,svm,occupancy,full,6,unith,6,Faure,june_18_g0,0.976758663623158,0.9755135920315418,0.9754098360655737,0.5518867924528302,3,2,20,4,8,0,4,8,5,0,3,1,5H,3S,0.9254368556683821,6,5,True,True,False,False,0
top_ten,svm,occupancy,full,6,unith,6,Faure,june_18_g0,0.976758663623158,0.9755135920315418,0.9754098360655737,0.5518867924528302,3,7,20,4,8,0,4,9,5,0,4,1,5H,4S,0.967400216094987,6,68,True,True,False,True,0
top_ten,svm,occupancy,full,6,unith,6,Faure,june_18_g0,0.976758663623158,0.9755135920315418,0.9754098360655737,0.5518867924528302,3,7,20,4,8,0,4,10,5,0,5,1,5H,5S,0.9476361321853961,6,78,True,True,False,True,0
top_ten,svm,occupancy,full,6,unith,6,Faure,june_18_g0,0.976758663623158,0.9755135920315418,0.9754098360655737,0.5518867924528302,3,7,20,4,8,0,4,11,5,0,6,1,5H,6S,0.9324435585114204,6,79,True,True,False,True,0
top_ten,svm,occupancy,full,6,unith,6,Faure,june_18_g0,0.976758663623158,0.9755135920315418,0.9754098360655737,0.5518867924528302,,7,20,4,8,0,5,0,6,0,1,0,6H,1H,,0,58,False,True,False,True,0
top_ten,svm,occupancy,full,6,unith,6,Faure,june_18_g0,0.976758663623158,0.9755135920315418,0.9754098360655737,0.5518867924528302,,7,20,4,8,0,5,1,6,0,2,0,6H,2H,,0,14,False,True,False,True,0
top_ten,svm,occupancy,full,6,unith,6,Faure,june_18_g0,0.976758663623158,0.9755135920315418,0.9754098360655737,0.5518867924528302,,7,20,4,8,0,5,2,6,0,3,0,6H,3H,,0,60,False,True,False,True,0
top_ten,svm,occupancy,full,6,unith,6,Faure,june_18_g0,0.976758663623158,0.9755135920315418,0.9754098360655737,0.5518867924528302,,,20,4,8,0,5,3,6,0,4,0,6H,4H,,0,0,False,False,False,False,0
top_ten,svm,occupancy,full,6,unith,6,Faure,june_18_g0,0.976758663623158,0.9755135920315418,0.9754098360655737,0.5518867924528302,,3,20,4,8,0,5,4,6,0,5,0,6H,5H,,0,6,False,True,False,False,0
top_ten,svm,occupancy,full,6,unith,6,Faure,june_18_g0,0.976758663623158,0.9755135920315418,0.9754098360655737,0.5518867924528302,,,20,4,8,0,5,5,6,0,6,0,6H,6H,,0,0,False,False,False,False,0
top_ten,svm,occupancy,full,6,unith,6,Faure,june_18_g0,0.976758663623158,0.9755135920315418,0.9754098360655737,0.5518867924528302,,,20,4,8,0,5,6,6,0,1,1,6H,1S,,0,0,False,False,False,False,0
top_ten,svm,occupancy,full,6,unith,6,Faure,june_18_g0,0.976758663623158,0.9755135920315418,0.9754098360655737,0.5518867924528302,,7,20,4,8,0,5,7,6,0,2,1,6H,2S,,0,49,False,True,False,True,0
top_ten,svm,occupancy,full,6,unith,6,Faure,june_18_g0,0.976758663623158,0.9755135920315418,0.9754098360655737,0.5518867924528302,,2,20,4,8,0,5,8,6,0,3,1,6H,3S,,0,5,False,True,False,False,0
top_ten,svm,occupancy,full,6,unith,6,Faure,june_18_g0,0.976758663623158,0.9755135920315418,0.9754098360655737,0.5518867924528302,,7,20,4,8,0,5,9,6,0,4,1,6H,4S,,0,68,False,True,False,True,0
top_ten,svm,occupancy,full,6,unith,6,Faure,june_18_g0,0.976758663623158,0.9755135920315418,0.9754098360655737,0.5518867924528302,,7,20,4,8,0,5,10,6,0,5,1,6H,5S,,0,78,False,True,False,True,0
top_ten,svm,occupancy,full,6,unith,6,Faure,june_18_g0,0.976758663623158,0.9755135920315418,0.9754098360655737,0.5518867924528302,,7,20,4,8,0,5,11,6,0,6,1,6H,6S,,0,79,False,True,False,True,0
top_ten,svm,occupancy,full,6,unith,6,Faure,june_18_g0,0.976758663623158,0.9755135920315418,0.9754098360655737,0.5518867924528302,,7,20,4,8,0,6,0,1,1,1,0,1S,1H,,0,58,False,True,False,True,0
top_ten,svm,occupancy,full,6,unith,6,Faure,june_18_g0,0.976758663623158,0.9755135920315418,0.9754098360655737,0.5518867924528302,,7,20,4,8,0,6,1,1,1,2,0,1S,2H,,0,14,False,True,False,True,0
top_ten,svm,occupancy,full,6,unith,6,Faure,june_18_g0,0.976758663623158,0.9755135920315418,0.9754098360655737,0.5518867924528302,,7,20,4,8,0,6,2,1,1,3,0,1S,3H,,0,60,False,True,False,True,0
top_ten,svm,occupancy,full,6,unith,6,Faure,june_18_g0,0.976758663623158,0.9755135920315418,0.9754098360655737,0.5518867924528302,,,20,4,8,0,6,3,1,1,4,0,1S,4H,,0,0,False,False,False,False,0
top_ten,svm,occupancy,full,6,unith,6,Faure,june_18_g0,0.976758663623158,0.9755135920315418,0.9754098360655737,0.5518867924528302,,3,20,4,8,0,6,4,1,1,5,0,1S,5H,,0,6,False,True,False,False,0
top_ten,svm,occupancy,full,6,unith,6,Faure,june_18_g0,0.976758663623158,0.9755135920315418,0.9754098360655737,0.5518867924528302,,,20,4,8,0,6,5,1,1,6,0,1S,6H,,0,0,False,False,False,False,0
top_ten,svm,occupancy,full,6,unith,6,Faure,june_18_g0,0.976758663623158,0.9755135920315418,0.9754098360655737,0.5518867924528302,,,20,4,8,0,6,6,1,1,1,1,1S,1S,,0,0,False,False,False,False,0
top_ten,svm,occupancy,full,6,unith,6,Faure,june_18_g0,0.976758663623158,0.9755135920315418,0.9754098360655737,0.5518867924528302,,7,20,4,8,0,6,7,1,1,2,1,1S,2S,,0,49,False,True,False,True,0
top_ten,svm,occupancy,full,6,unith,6,Faure,june_18_g0,0.976758663623158,0.9755135920315418,0.9754098360655737,0.5518867924528302,,2,20,4,8,0,6,8,1,1,3,1,1S,3S,,0,5,False,True,False,False,0
top_ten,svm,occupancy,full,6,unith,6,Faure,june_18_g0,0.976758663623158,0.9755135920315418,0.9754098360655737,0.5518867924528302,,7,20,4,8,0,6,9,1,1,4,1,1S,4S,,0,68,False,True,False,True,0
top_ten,svm,occupancy,full,6,unith,6,Faure,june_18_g0,0.976758663623158,0.9755135920315418,0.9754098360655737,0.5518867924528302,,7,20,4,8,0,6,10,1,1,5,1,1S,5S,,0,78,False,True,False,True,0
top_ten,svm,occupancy,full,6,unith,6,Faure,june_18_g0,0.976758663623158,0.9755135920315418,0.9754098360655737,0.5518867924528302,,7,20,4,8,0,6,11,1,1,6,1,1S,6S,,0,79,False,True,False,True,0
top_ten,svm,occupancy,full,6,unith,6,Faure,june_18_g0,0.976758663623158,0.9755135920315418,0.9754098360655737,0.5518867924528302,7,7,20,4,8,0,7,0,2,1,1,0,2S,1H,0.9274318389541973,49,58,True,True,True,True,0
top_ten,svm,occupancy,full,6,unith,6,Faure,june_18_g0,0.976758663623158,0.9755135920315418,0.9754098360655737,0.5518867924528302,7,7,20,4,8,0,7,1,2,1,2,0,2S,2H,0.9168386944489162,49,14,True,True,True,True,0
top_ten,svm,occupancy,full,6,unith,6,Faure,june_18_g0,0.976758663623158,0.9755135920315418,0.9754098360655737,0.5518867924528302,7,7,20,4,8,0,7,2,2,1,3,0,2S,3H,0.8738046100389372,49,60,True,True,True,True,0
top_ten,svm,occupancy,full,6,unith,6,Faure,june_18_g0,0.976758663623158,0.9755135920315418,0.9754098360655737,0.5518867924528302,7,,20,4,8,0,7,3,2,1,4,0,2S,4H,,49,0,True,False,True,False,0
top_ten,svm,occupancy,full,6,unith,6,Faure,june_18_g0,0.976758663623158,0.9755135920315418,0.9754098360655737,0.5518867924528302,7,3,20,4,8,0,7,4,2,1,5,0,2S,5H,0.9598202011194756,49,6,True,True,True,False,0
top_ten,svm,occupancy,full,6,unith,6,Faure,june_18_g0,0.976758663623158,0.9755135920315418,0.9754098360655737,0.5518867924528302,7,,20,4,8,0,7,5,2,1,6,0,2S,6H,,49,0,True,False,True,False,0
top_ten,svm,occupancy,full,6,unith,6,Faure,june_18_g0,0.976758663623158,0.9755135920315418,0.9754098360655737,0.5518867924528302,7,,20,4,8,0,7,6,2,1,1,1,2S,1S,,49,0,True,False,True,False,0
top_ten,svm,occupancy,full,6,unith,6,Faure,june_18_g0,0.976758663623158,0.9755135920315418,0.9754098360655737,0.5518867924528302,7,7,20,4,8,0,7,7,2,1,2,1,2S,2S,0.9430572622101927,49,49,True,True,True,True,0
top_ten,svm,occupancy,full,6,unith,6,Faure,june_18_g0,0.976758663623158,0.9755135920315418,0.9754098360655737,0.5518867924528302,7,2,20,4,8,0,7,8,2,1,3,1,2S,3S,0.8962156692892792,49,5,True,True,True,False,0
top_ten,svm,occupancy,full,6,unith,6,Faure,june_18_g0,0.976758663623158,0.9755135920315418,0.9754098360655737,0.5518867924528302,7,7,20,4,8,0,7,9,2,1,4,1,2S,4S,0.9478738087426407,49,68,True,True,True,True,0
top_ten,svm,occupancy,full,6,unith,6,Faure,june_18_g0,0.976758663623158,0.9755135920315418,0.9754098360655737,0.5518867924528302,7,7,20,4,8,0,7,10,2,1,5,1,2S,5S,0.9042778277995829,49,78,True,True,True,True,0
top_ten,svm,occupancy,full,6,unith,6,Faure,june_18_g0,0.976758663623158,0.9755135920315418,0.9754098360655737,0.5518867924528302,7,7,20,4,8,0,7,11,2,1,6,1,2S,6S,0.9088712126554895,49,79,True,True,True,True,0
top_ten,svm,occupancy,full,6,unith,6,Faure,june_18_g0,0.976758663623158,0.9755135920315418,0.9754098360655737,0.5518867924528302,2,7,20,4,8,0,8,0,3,1,1,0,3S,1H,0.9073770464538038,5,58,True,True,False,True,0
top_ten,svm,occupancy,full,6,unith,6,Faure,june_18_g0,0.976758663623158,0.9755135920315418,0.9754098360655737,0.5518867924528302,2,7,20,4,8,0,8,1,3,1,2,0,3S,2H,0.8540848539328796,5,14,True,True,False,True,0
top_ten,svm,occupancy,full,6,unith,6,Faure,june_18_g0,0.976758663623158,0.9755135920315418,0.9754098360655737,0.5518867924528302,2,7,20,4,8,0,8,2,3,1,3,0,3S,3H,0.85520186106317,5,60,True,True,False,True,0
top_ten,svm,occupancy,full,6,unith,6,Faure,june_18_g0,0.976758663623158,0.9755135920315418,0.9754098360655737,0.5518867924528302,2,,20,4,8,0,8,3,3,1,4,0,3S,4H,,5,0,True,False,False,False,0
top_ten,svm,occupancy,full,6,unith,6,Faure,june_18_g0,0.976758663623158,0.9755135920315418,0.9754098360655737,0.5518867924528302,2,3,20,4,8,0,8,4,3,1,5,0,3S,5H,0.9254368556683821,5,6,True,True,False,False,0
top_ten,svm,occupancy,full,6,unith,6,Faure,june_18_g0,0.976758663623158,0.9755135920315418,0.9754098360655737,0.5518867924528302,2,,20,4,8,0,8,5,3,1,6,0,3S,6H,,5,0,True,False,False,False,0
top_ten,svm,occupancy,full,6,unith,6,Faure,june_18_g0,0.976758663623158,0.9755135920315418,0.9754098360655737,0.5518867924528302,2,,20,4,8,0,8,6,3,1,1,1,3S,1S,,5,0,True,False,False,False,0
top_ten,svm,occupancy,full,6,unith,6,Faure,june_18_g0,0.976758663623158,0.9755135920315418,0.9754098360655737,0.5518867924528302,2,7,20,4,8,0,8,7,3,1,2,1,3S,2S,0.8962156692892792,5,49,True,True,False,True,0
top_ten,svm,occupancy,full,6,unith,6,Faure,june_18_g0,0.976758663623158,0.9755135920315418,0.9754098360655737,0.5518867924528302,2,2,20,4,8,0,8,8,3,1,3,1,3S,3S,0.8688813914010869,5,5,True,True,False,False,0
top_ten,svm,occupancy,full,6,unith,6,Faure,june_18_g0,0.976758663623158,0.9755135920315418,0.9754098360655737,0.5518867924528302,2,7,20,4,8,0,8,9,3,1,4,1,3S,4S,0.9191597438929227,5,68,True,True,False,True,0
top_ten,svm,occupancy,full,6,unith,6,Faure,june_18_g0,0.976758663623158,0.9755135920315418,0.9754098360655737,0.5518867924528302,2,7,20,4,8,0,8,10,3,1,5,1,3S,5S,0.8911329220612128,5,78,True,True,False,True,0
top_ten,svm,occupancy,full,6,unith,6,Faure,june_18_g0,0.976758663623158,0.9755135920315418,0.9754098360655737,0.5518867924528302,2,7,20,4,8,0,8,11,3,1,6,1,3S,6S,0.9050517524947296,5,79,True,True,False,True,0
top_ten,svm,occupancy,full,6,unith,6,Faure,june_18_g0,0.976758663623158,0.9755135920315418,0.9754098360655737,0.5518867924528302,7,7,20,4,8,0,9,0,4,1,1,0,4S,1H,0.9383623619175315,68,58,True,True,True,True,0
top_ten,svm,occupancy,full,6,unith,6,Faure,june_18_g0,0.976758663623158,0.9755135920315418,0.9754098360655737,0.5518867924528302,7,7,20,4,8,0,9,1,4,1,2,0,4S,2H,0.8441126357182709,68,14,True,True,True,True,0
top_ten,svm,occupancy,full,6,unith,6,Faure,june_18_g0,0.976758663623158,0.9755135920315418,0.9754098360655737,0.5518867924528302,7,7,20,4,8,0,9,2,4,1,3,0,4S,3H,0.9187133958496165,68,60,True,True,True,True,0
top_ten,svm,occupancy,full,6,unith,6,Faure,june_18_g0,0.976758663623158,0.9755135920315418,0.9754098360655737,0.5518867924528302,7,,20,4,8,0,9,3,4,1,4,0,4S,4H,,68,0,True,False,True,False,0
top_ten,svm,occupancy,full,6,unith,6,Faure,june_18_g0,0.976758663623158,0.9755135920315418,0.9754098360655737,0.5518867924528302,7,3,20,4,8,0,9,4,4,1,5,0,4S,5H,0.967400216094987,68,6,True,True,True,False,0
top_ten,svm,occupancy,full,6,unith,6,Faure,june_18_g0,0.976758663623158,0.9755135920315418,0.9754098360655737,0.5518867924528302,7,,20,4,8,0,9,5,4,1,6,0,4S,6H,,68,0,True,False,True,False,0
top_ten,svm,occupancy,full,6,unith,6,Faure,june_18_g0,0.976758663623158,0.9755135920315418,0.9754098360655737,0.5518867924528302,7,,20,4,8,0,9,6,4,1,1,1,4S,1S,,68,0,True,False,True,False,0
top_ten,svm,occupancy,full,6,unith,6,Faure,june_18_g0,0.976758663623158,0.9755135920315418,0.9754098360655737,0.5518867924528302,7,7,20,4,8,0,9,7,4,1,2,1,4S,2S,0.9478738087426407,68,49,True,True,True,True,0
top_ten,svm,occupancy,full,6,unith,6,Faure,june_18_g0,0.976758663623158,0.9755135920315418,0.9754098360655737,0.5518867924528302,7,2,20,4,8,0,9,8,4,1,3,1,4S,3S,0.9191597438929227,68,5,True,True,True,False,0
top_ten,svm,occupancy,full,6,unith,6,Faure,june_18_g0,0.976758663623158,0.9755135920315418,0.9754098360655737,0.5518867924528302,7,7,20,4,8,0,9,9,4,1,4,1,4S,4S,0.9669451922068288,68,68,True,True,True,True,0
top_ten,svm,occupancy,full,6,unith,6,Faure,june_18_g0,0.976758663623158,0.9755135920315418,0.9754098360655737,0.5518867924528302,7,7,20,4,8,0,9,10,4,1,5,1,4S,5S,0.9485001178925057,68,78,True,True,True,True,0
top_ten,svm,occupancy,full,6,unith,6,Faure,june_18_g0,0.976758663623158,0.9755135920315418,0.9754098360655737,0.5518867924528302,7,7,20,4,8,0,9,11,4,1,6,1,4S,6S,0.9425784073273119,68,79,True,True,True,True,0
top_ten,svm,occupancy,full,6,unith,6,Faure,june_18_g0,0.976758663623158,0.9755135920315418,0.9754098360655737,0.5518867924528302,7,7,20,4,8,0,10,0,5,1,1,0,5S,1H,0.914046116400644,78,58,True,True,True,True,0
top_ten,svm,occupancy,full,6,unith,6,Faure,june_18_g0,0.976758663623158,0.9755135920315418,0.9754098360655737,0.5518867924528302,7,7,20,4,8,0,10,1,5,1,2,0,5S,2H,0.805178062267194,78,14,True,True,True,True,0
top_ten,svm,occupancy,full,6,unith,6,Faure,june_18_g0,0.976758663623158,0.9755135920315418,0.9754098360655737,0.5518867924528302,7,7,20,4,8,0,10,2,5,1,3,0,5S,3H,0.9029555298269598,78,60,True,True,True,True,0
top_ten,svm,occupancy,full,6,unith,6,Faure,june_18_g0,0.976758663623158,0.9755135920315418,0.9754098360655737,0.5518867924528302,7,,20,4,8,0,10,3,5,1,4,0,5S,4H,,78,0,True,False,True,False,0
top_ten,svm,occupancy,full,6,unith,6,Faure,june_18_g0,0.976758663623158,0.9755135920315418,0.9754098360655737,0.5518867924528302,7,3,20,4,8,0,10,4,5,1,5,0,5S,5H,0.9476361321853961,78,6,True,True,True,False,0
top_ten,svm,occupancy,full,6,unith,6,Faure,june_18_g0,0.976758663623158,0.9755135920315418,0.9754098360655737,0.5518867924528302,7,,20,4,8,0,10,5,5,1,6,0,5S,6H,,78,0,True,False,True,False,0
top_ten,svm,occupancy,full,6,unith,6,Faure,june_18_g0,0.976758663623158,0.9755135920315418,0.9754098360655737,0.5518867924528302,7,,20,4,8,0,10,6,5,1,1,1,5S,1S,,78,0,True,False,True,False,0
top_ten,svm,occupancy,full,6,unith,6,Faure,june_18_g0,0.976758663623158,0.9755135920315418,0.9754098360655737,0.5518867924528302,7,7,20,4,8,0,10,7,5,1,2,1,5S,2S,0.9042778277995829,78,49,True,True,True,True,0
top_ten,svm,occupancy,full,6,unith,6,Faure,june_18_g0,0.976758663623158,0.9755135920315418,0.9754098360655737,0.5518867924528302,7,2,20,4,8,0,10,8,5,1,3,1,5S,3S,0.8911329220612128,78,5,True,True,True,False,0
top_ten,svm,occupancy,full,6,unith,6,Faure,june_18_g0,0.976758663623158,0.9755135920315418,0.9754098360655737,0.5518867924528302,7,7,20,4,8,0,10,9,5,1,4,1,5S,4S,0.9485001178925057,78,68,True,True,True,True,0
top_ten,svm,occupancy,full,6,unith,6,Faure,june_18_g0,0.976758663623158,0.9755135920315418,0.9754098360655737,0.5518867924528302,7,7,20,4,8,0,10,10,5,1,5,1,5S,5S,0.9286786163923955,78,78,True,True,True,True,0
top_ten,svm,occupancy,full,6,unith,6,Faure,june_18_g0,0.976758663623158,0.9755135920315418,0.9754098360655737,0.5518867924528302,7,7,20,4,8,0,10,11,5,1,6,1,5S,6S,0.930584211941575,78,79,True,True,True,True,0
top_ten,svm,occupancy,full,6,unith,6,Faure,june_18_g0,0.976758663623158,0.9755135920315418,0.9754098360655737,0.5518867924528302,7,7,20,4,8,0,11,0,6,1,1,0,6S,1H,0.9127230519644149,79,58,True,True,True,True,0
top_ten,svm,occupancy,full,6,unith,6,Faure,june_18_g0,0.976758663623158,0.9755135920315418,0.9754098360655737,0.5518867924528302,7,7,20,4,8,0,11,1,6,1,2,0,6S,2H,0.8099674591981065,79,14,True,True,True,True,0
top_ten,svm,occupancy,full,6,unith,6,Faure,june_18_g0,0.976758663623158,0.9755135920315418,0.9754098360655737,0.5518867924528302,7,7,20,4,8,0,11,2,6,1,3,0,6S,3H,0.8659176838437894,79,60,True,True,True,True,0
top_ten,svm,occupancy,full,6,unith,6,Faure,june_18_g0,0.976758663623158,0.9755135920315418,0.9754098360655737,0.5518867924528302,7,,20,4,8,0,11,3,6,1,4,0,6S,4H,,79,0,True,False,True,False,0
top_ten,svm,occupancy,full,6,unith,6,Faure,june_18_g0,0.976758663623158,0.9755135920315418,0.9754098360655737,0.5518867924528302,7,3,20,4,8,0,11,4,6,1,5,0,6S,5H,0.9324435585114204,79,6,True,True,True,False,0
top_ten,svm,occupancy,full,6,unith,6,Faure,june_18_g0,0.976758663623158,0.9755135920315418,0.9754098360655737,0.5518867924528302,7,,20,4,8,0,11,5,6,1,6,0,6S,6H,,79,0,True,False,True,False,0
top_ten,svm,occupancy,full,6,unith,6,Faure,june_18_g0,0.976758663623158,0.9755135920315418,0.9754098360655737,0.5518867924528302,7,,20,4,8,0,11,6,6,1,1,1,6S,1S,,79,0,True,False,True,False,0
top_ten,svm,occupancy,full,6,unith,6,Faure,june_18_g0,0.976758663623158,0.9755135920315418,0.9754098360655737,0.5518867924528302,7,7,20,4,8,0,11,7,6,1,2,1,6S,2S,0.9088712126554895,79,49,True,True,True,True,0
top_ten,svm,occupancy,full,6,unith,6,Faure,june_18_g0,0.976758663623158,0.9755135920315418,0.9754098360655737,0.5518867924528302,7,2,20,4,8,0,11,8,6,1,3,1,6S,3S,0.9050517524947296,79,5,True,True,True,False,0
top_ten,svm,occupancy,full,6,unith,6,Faure,june_18_g0,0.976758663623158,0.9755135920315418,0.9754098360655737,0.5518867924528302,7,7,20,4,8,0,11,9,6,1,4,1,6S,4S,0.9425784073273119,79,68,True,True,True,True,0
top_ten,svm,occupancy,full,6,unith,6,Faure,june_18_g0,0.976758663623158,0.9755135920315418,0.9754098360655737,0.5518867924528302,7,7,20,4,8,0,11,10,6,1,5,1,6S,5S,0.930584211941575,79,78,True,True,True,True,0
top_ten,svm,occupancy,full,6,unith,6,Faure,june_18_g0,0.976758663623158,0.9755135920315418,0.9754098360655737,0.5518867924528302,7,7,20,4,8,0,11,11,6,1,6,1,6S,6S,0.914121350700797,79,79,True,True,True,True,0
top_ten,svm,occupancy,full,6,unith,6,Faure,june_22_g0,0.97123745819398,0.9765886287625418,0.907190635451505,0.922077922077922,4,4,20,4,8,0,0,0,1,0,1,0,1H,1H,0.8935630597487737,40,40,True,True,True,True,0
top_ten,svm,occupancy,full,6,unith,6,Faure,june_22_g0,0.97123745819398,0.9765886287625418,0.907190635451505,0.922077922077922,4,4,20,4,8,0,0,1,1,0,2,0,1H,2H,0.8842411613965167,40,41,True,True,True,True,0
top_ten,svm,occupancy,full,6,unith,6,Faure,june_22_g0,0.97123745819398,0.9765886287625418,0.907190635451505,0.922077922077922,4,4,20,4,8,0,0,2,1,0,3,0,1H,3H,0.8755262577470452,40,46,True,True,True,True,0
top_ten,svm,occupancy,full,6,unith,6,Faure,june_22_g0,0.97123745819398,0.9765886287625418,0.907190635451505,0.922077922077922,4,,20,4,8,0,0,3,1,0,4,0,1H,4H,,40,0,True,False,True,False,0
top_ten,svm,occupancy,full,6,unith,6,Faure,june_22_g0,0.97123745819398,0.9765886287625418,0.907190635451505,0.922077922077922,4,4,20,4,8,0,0,4,1,0,5,0,1H,5H,0.7414719952182678,40,16,True,True,True,True,0
top_ten,svm,occupancy,full,6,unith,6,Faure,june_22_g0,0.97123745819398,0.9765886287625418,0.907190635451505,0.922077922077922,4,,20,4,8,0,0,5,1,0,6,0,1H,6H,,40,0,True,False,True,False,0
top_ten,svm,occupancy,full,6,unith,6,Faure,june_22_g0,0.97123745819398,0.9765886287625418,0.907190635451505,0.922077922077922,4,,20,4,8,0,0,6,1,0,1,1,1H,1S,,40,0,True,False,True,False,0
top_ten,svm,occupancy,full,6,unith,6,Faure,june_22_g0,0.97123745819398,0.9765886287625418,0.907190635451505,0.922077922077922,4,4,20,4,8,0,0,7,1,0,2,1,1H,2S,0.9317465673841123,40,8,True,True,True,True,0
top_ten,svm,occupancy,full,6,unith,6,Faure,june_22_g0,0.97123745819398,0.9765886287625418,0.907190635451505,0.922077922077922,4,3,20,4,8,0,0,8,1,0,3,1,1H,3S,0.8228052334565324,40,7,True,True,True,False,0
top_ten,svm,occupancy,full,6,unith,6,Faure,june_22_g0,0.97123745819398,0.9765886287625418,0.907190635451505,0.922077922077922,4,4,20,4,8,0,0,9,1,0,4,1,1H,4S,0.864686451658651,40,41,True,True,True,True,0
top_ten,svm,occupancy,full,6,unith,6,Faure,june_22_g0,0.97123745819398,0.9765886287625418,0.907190635451505,0.922077922077922,4,4,20,4,8,0,0,10,1,0,5,1,1H,5S,0.7748689070354488,40,36,True,True,True,True,0
top_ten,svm,occupancy,full,6,unith,6,Faure,june_22_g0,0.97123745819398,0.9765886287625418,0.907190635451505,0.922077922077922,4,4,20,4,8,0,0,11,1,0,6,1,1H,6S,0.8760753177110102,40,60,True,True,True,True,0
top_ten,svm,occupancy,full,6,unith,6,Faure,june_22_g0,0.97123745819398,0.9765886287625418,0.907190635451505,0.922077922077922,4,4,20,4,8,0,1,0,2,0,1,0,2H,1H,0.8842411613965167,41,40,True,True,True,True,0
top_ten,svm,occupancy,full,6,unith,6,Faure,june_22_g0,0.97123745819398,0.9765886287625418,0.907190635451505,0.922077922077922,4,4,20,4,8,0,1,1,2,0,2,0,2H,2H,0.8712241796609226,41,41,True,True,True,True,0
top_ten,svm,occupancy,full,6,unith,6,Faure,june_22_g0,0.97123745819398,0.9765886287625418,0.907190635451505,0.922077922077922,4,4,20,4,8,0,1,2,2,0,3,0,2H,3H,0.8876158827163303,41,46,True,True,True,True,0
top_ten,svm,occupancy,full,6,unith,6,Faure,june_22_g0,0.97123745819398,0.9765886287625418,0.907190635451505,0.922077922077922,4,,20,4,8,0,1,3,2,0,4,0,2H,4H,,41,0,True,False,True,False,0
top_ten,svm,occupancy,full,6,unith,6,Faure,june_22_g0,0.97123745819398,0.9765886287625418,0.907190635451505,0.922077922077922,4,4,20,4,8,0,1,4,2,0,5,0,2H,5H,0.7546107276001692,41,16,True,True,True,True,0
top_ten,svm,occupancy,full,6,unith,6,Faure,june_22_g0,0.97123745819398,0.9765886287625418,0.907190635451505,0.922077922077922,4,,20,4,8,0,1,5,2,0,6,0,2H,6H,,41,0,True,False,True,False,0
top_ten,svm,occupancy,full,6,unith,6,Faure,june_22_g0,0.97123745819398,0.9765886287625418,0.907190635451505,0.922077922077922,4,,20,4,8,0,1,6,2,0,1,1,2H,1S,,41,0,True,False,True,False,0
top_ten,svm,occupancy,full,6,unith,6,Faure,june_22_g0,0.97123745819398,0.9765886287625418,0.907190635451505,0.922077922077922,4,4,20,4,8,0,1,7,2,0,2,1,2H,2S,0.8634463947617581,41,8,True,True,True,True,0
top_ten,svm,occupancy,full,6,unith,6,Faure,june_22_g0,0.97123745819398,0.9765886287625418,0.907190635451505,0.922077922077922,4,3,20,4,8,0,1,8,2,0,3,1,2H,3S,0.8649782909959656,41,7,True,True,True,False,0
top_ten,svm,occupancy,full,6,unith,6,Faure,june_22_g0,0.97123745819398,0.9765886287625418,0.907190635451505,0.922077922077922,4,4,20,4,8,0,1,9,2,0,4,1,2H,4S,0.8593253000767997,41,41,True,True,True,True,0
top_ten,svm,occupancy,full,6,unith,6,Faure,june_22_g0,0.97123745819398,0.9765886287625418,0.907190635451505,0.922077922077922,4,4,20,4,8,0,1,10,2,0,5,1,2H,5S,0.8013847054700282,41,36,True,True,True,True,0
top_ten,svm,occupancy,full,6,unith,6,Faure,june_22_g0,0.97123745819398,0.9765886287625418,0.907190635451505,0.922077922077922,4,4,20,4,8,0,1,11,2,0,6,1,2H,6S,0.863089869152844,41,60,True,True,True,True,0
top_ten,svm,occupancy,full,6,unith,6,Faure,june_22_g0,0.97123745819398,0.9765886287625418,0.907190635451505,0.922077922077922,4,4,20,4,8,0,2,0,3,0,1,0,3H,1H,0.8755262577470452,46,40,True,True,True,True,0
top_ten,svm,occupancy,full,6,unith,6,Faure,june_22_g0,0.97123745819398,0.9765886287625418,0.907190635451505,0.922077922077922,4,4,20,4,8,0,2,1,3,0,2,0,3H,2H,0.8876158827163303,46,41,True,True,True,True,0
top_ten,svm,occupancy,full,6,unith,6,Faure,june_22_g0,0.97123745819398,0.9765886287625418,0.907190635451505,0.922077922077922,4,4,20,4,8,0,2,2,3,0,3,0,3H,3H,0.9285994399991324,46,46,True,True,True,True,0
top_ten,svm,occupancy,full,6,unith,6,Faure,june_22_g0,0.97123745819398,0.9765886287625418,0.907190635451505,0.922077922077922,4,,20,4,8,0,2,3,3,0,4,0,3H,4H,,46,0,True,False,True,False,0
top_ten,svm,occupancy,full,6,unith,6,Faure,june_22_g0,0.97123745819398,0.9765886287625418,0.907190635451505,0.922077922077922,4,4,20,4,8,0,2,4,3,0,5,0,3H,5H,0.843367777914452,46,16,True,True,True,True,0
top_ten,svm,occupancy,full,6,unith,6,Faure,june_22_g0,0.97123745819398,0.9765886287625418,0.907190635451505,0.922077922077922,4,,20,4,8,0,2,5,3,0,6,0,3H,6H,,46,0,True,False,True,False,0
top_ten,svm,occupancy,full,6,unith,6,Faure,june_22_g0,0.97123745819398,0.9765886287625418,0.907190635451505,0.922077922077922,4,,20,4,8,0,2,6,3,0,1,1,3H,1S,,46,0,True,False,True,False,0
top_ten,svm,occupancy,full,6,unith,6,Faure,june_22_g0,0.97123745819398,0.9765886287625418,0.907190635451505,0.922077922077922,4,4,20,4,8,0,2,7,3,0,2,1,3H,2S,0.8973578553608326,46,8,True,True,True,True,0
top_ten,svm,occupancy,full,6,unith,6,Faure,june_22_g0,0.97123745819398,0.9765886287625418,0.907190635451505,0.922077922077922,4,3,20,4,8,0,2,8,3,0,3,1,3H,3S,0.9020773351128335,46,7,True,True,True,False,0
top_ten,svm,occupancy,full,6,unith,6,Faure,june_22_g0,0.97123745819398,0.9765886287625418,0.907190635451505,0.922077922077922,4,4,20,4,8,0,2,9,3,0,4,1,3H,4S,0.9030359901599775,46,41,True,True,True,True,0
top_ten,svm,occupancy,full,6,unith,6,Faure,june_22_g0,0.97123745819398,0.9765886287625418,0.907190635451505,0.922077922077922,4,4,20,4,8,0,2,10,3,0,5,1,3H,5S,0.9028264842819491,46,36,True,True,True,True,0
top_ten,svm,occupancy,full,6,unith,6,Faure,june_22_g0,0.97123745819398,0.9765886287625418,0.907190635451505,0.922077922077922,4,4,20,4,8,0,2,11,3,0,6,1,3H,6S,0.9220502051597019,46,60,True,True,True,True,0
top_ten,svm,occupancy,full,6,unith,6,Faure,june_22_g0,0.97123745819398,0.9765886287625418,0.907190635451505,0.922077922077922,,4,20,4,8,0,3,0,4,0,1,0,4H,1H,,0,40,False,True,False,True,0
top_ten,svm,occupancy,full,6,unith,6,Faure,june_22_g0,0.97123745819398,0.9765886287625418,0.907190635451505,0.922077922077922,,4,20,4,8,0,3,1,4,0,2,0,4H,2H,,0,41,False,True,False,True,0
top_ten,svm,occupancy,full,6,unith,6,Faure,june_22_g0,0.97123745819398,0.9765886287625418,0.907190635451505,0.922077922077922,,4,20,4,8,0,3,2,4,0,3,0,4H,3H,,0,46,False,True,False,True,0
top_ten,svm,occupancy,full,6,unith,6,Faure,june_22_g0,0.97123745819398,0.9765886287625418,0.907190635451505,0.922077922077922,,,20,4,8,0,3,3,4,0,4,0,4H,4H,,0,0,False,False,False,False,0
top_ten,svm,occupancy,full,6,unith,6,Faure,june_22_g0,0.97123745819398,0.9765886287625418,0.907190635451505,0.922077922077922,,4,20,4,8,0,3,4,4,0,5,0,4H,5H,,0,16,False,True,False,True,0
top_ten,svm,occupancy,full,6,unith,6,Faure,june_22_g0,0.97123745819398,0.9765886287625418,0.907190635451505,0.922077922077922,,,20,4,8,0,3,5,4,0,6,0,4H,6H,,0,0,False,False,False,False,0
top_ten,svm,occupancy,full,6,unith,6,Faure,june_22_g0,0.97123745819398,0.9765886287625418,0.907190635451505,0.922077922077922,,,20,4,8,0,3,6,4,0,1,1,4H,1S,,0,0,False,False,False,False,0
top_ten,svm,occupancy,full,6,unith,6,Faure,june_22_g0,0.97123745819398,0.9765886287625418,0.907190635451505,0.922077922077922,,4,20,4,8,0,3,7,4,0,2,1,4H,2S,,0,8,False,True,False,True,0
top_ten,svm,occupancy,full,6,unith,6,Faure,june_22_g0,0.97123745819398,0.9765886287625418,0.907190635451505,0.922077922077922,,3,20,4,8,0,3,8,4,0,3,1,4H,3S,,0,7,False,True,False,False,0
top_ten,svm,occupancy,full,6,unith,6,Faure,june_22_g0,0.97123745819398,0.9765886287625418,0.907190635451505,0.922077922077922,,4,20,4,8,0,3,9,4,0,4,1,4H,4S,,0,41,False,True,False,True,0
top_ten,svm,occupancy,full,6,unith,6,Faure,june_22_g0,0.97123745819398,0.9765886287625418,0.907190635451505,0.922077922077922,,4,20,4,8,0,3,10,4,0,5,1,4H,5S,,0,36,False,True,False,True,0
top_ten,svm,occupancy,full,6,unith,6,Faure,june_22_g0,0.97123745819398,0.9765886287625418,0.907190635451505,0.922077922077922,,4,20,4,8,0,3,11,4,0,6,1,4H,6S,,0,60,False,True,False,True,0
top_ten,svm,occupancy,full,6,unith,6,Faure,june_22_g0,0.97123745819398,0.9765886287625418,0.907190635451505,0.922077922077922,4,4,20,4,8,0,4,0,5,0,1,0,5H,1H,0.7414719952182678,16,40,True,True,True,True,0
top_ten,svm,occupancy,full,6,unith,6,Faure,june_22_g0,0.97123745819398,0.9765886287625418,0.907190635451505,0.922077922077922,4,4,20,4,8,0,4,1,5,0,2,0,5H,2H,0.7546107276001692,16,41,True,True,True,True,0
top_ten,svm,occupancy,full,6,unith,6,Faure,june_22_g0,0.97123745819398,0.9765886287625418,0.907190635451505,0.922077922077922,4,4,20,4,8,0,4,2,5,0,3,0,5H,3H,0.843367777914452,16,46,True,True,True,True,0
top_ten,svm,occupancy,full,6,unith,6,Faure,june_22_g0,0.97123745819398,0.9765886287625418,0.907190635451505,0.922077922077922,4,,20,4,8,0,4,3,5,0,4,0,5H,4H,,16,0,True,False,True,False,0
top_ten,svm,occupancy,full,6,unith,6,Faure,june_22_g0,0.97123745819398,0.9765886287625418,0.907190635451505,0.922077922077922,4,4,20,4,8,0,4,4,5,0,5,0,5H,5H,0.7818367311180937,16,16,True,True,True,True,0
top_ten,svm,occupancy,full,6,unith,6,Faure,june_22_g0,0.97123745819398,0.9765886287625418,0.907190635451505,0.922077922077922,4,,20,4,8,0,4,5,5,0,6,0,5H,6H,,16,0,True,False,True,False,0
top_ten,svm,occupancy,full,6,unith,6,Faure,june_22_g0,0.97123745819398,0.9765886287625418,0.907190635451505,0.922077922077922,4,,20,4,8,0,4,6,5,0,1,1,5H,1S,,16,0,True,False,True,False,0
top_ten,svm,occupancy,full,6,unith,6,Faure,june_22_g0,0.97123745819398,0.9765886287625418,0.907190635451505,0.922077922077922,4,4,20,4,8,0,4,7,5,0,2,1,5H,2S,0.75232987879718,16,8,True,True,True,True,0
top_ten,svm,occupancy,full,6,unith,6,Faure,june_22_g0,0.97123745819398,0.9765886287625418,0.907190635451505,0.922077922077922,4,3,20,4,8,0,4,8,5,0,3,1,5H,3S,0.8581690876096346,16,7,True,True,True,False,0
top_ten,svm,occupancy,full,6,unith,6,Faure,june_22_g0,0.97123745819398,0.9765886287625418,0.907190635451505,0.922077922077922,4,4,20,4,8,0,4,9,5,0,4,1,5H,4S,0.8189527686108571,16,41,True,True,True,True,0
top_ten,svm,occupancy,full,6,unith,6,Faure,june_22_g0,0.97123745819398,0.9765886287625418,0.907190635451505,0.922077922077922,4,4,20,4,8,0,4,10,5,0,5,1,5H,5S,0.8922461435591467,16,36,True,True,True,True,0
top_ten,svm,occupancy,full,6,unith,6,Faure,june_22_g0,0.97123745819398,0.9765886287625418,0.907190635451505,0.922077922077922,4,4,20,4,8,0,4,11,5,0,6,1,5H,6S,0.8487949590265458,16,60,True,True,True,True,0
top_ten,svm,occupancy,full,6,unith,6,Faure,june_22_g0,0.97123745819398,0.9765886287625418,0.907190635451505,0.922077922077922,,4,20,4,8,0,5,0,6,0,1,0,6H,1H,,0,40,False,True,False,True,0
top_ten,svm,occupancy,full,6,unith,6,Faure,june_22_g0,0.97123745819398,0.9765886287625418,0.907190635451505,0.922077922077922,,4,20,4,8,0,5,1,6,0,2,0,6H,2H,,0,41,False,True,False,True,0
top_ten,svm,occupancy,full,6,unith,6,Faure,june_22_g0,0.97123745819398,0.9765886287625418,0.907190635451505,0.922077922077922,,4,20,4,8,0,5,2,6,0,3,0,6H,3H,,0,46,False,True,False,True,0
top_ten,svm,occupancy,full,6,unith,6,Faure,june_22_g0,0.97123745819398,0.9765886287625418,0.907190635451505,0.922077922077922,,,20,4,8,0,5,3,6,0,4,0,6H,4H,,0,0,False,False,False,False,0
top_ten,svm,occupancy,full,6,unith,6,Faure,june_22_g0,0.97123745819398,0.9765886287625418,0.907190635451505,0.922077922077922,,4,20,4,8,0,5,4,6,0,5,0,6H,5H,,0,16,False,True,False,True,0
top_ten,svm,occupancy,full,6,unith,6,Faure,june_22_g0,0.97123745819398,0.9765886287625418,0.907190635451505,0.922077922077922,,,20,4,8,0,5,5,6,0,6,0,6H,6H,,0,0,False,False,False,False,0
top_ten,svm,occupancy,full,6,unith,6,Faure,june_22_g0,0.97123745819398,0.9765886287625418,0.907190635451505,0.922077922077922,,,20,4,8,0,5,6,6,0,1,1,6H,1S,,0,0,False,False,False,False,0
top_ten,svm,occupancy,full,6,unith,6,Faure,june_22_g0,0.97123745819398,0.9765886287625418,0.907190635451505,0.922077922077922,,4,20,4,8,0,5,7,6,0,2,1,6H,2S,,0,8,False,True,False,True,0
top_ten,svm,occupancy,full,6,unith,6,Faure,june_22_g0,0.97123745819398,0.9765886287625418,0.907190635451505,0.922077922077922,,3,20,4,8,0,5,8,6,0,3,1,6H,3S,,0,7,False,True,False,False,0
top_ten,svm,occupancy,full,6,unith,6,Faure,june_22_g0,0.97123745819398,0.9765886287625418,0.907190635451505,0.922077922077922,,4,20,4,8,0,5,9,6,0,4,1,6H,4S,,0,41,False,True,False,True,0
top_ten,svm,occupancy,full,6,unith,6,Faure,june_22_g0,0.97123745819398,0.9765886287625418,0.907190635451505,0.922077922077922,,4,20,4,8,0,5,10,6,0,5,1,6H,5S,,0,36,False,True,False,True,0
top_ten,svm,occupancy,full,6,unith,6,Faure,june_22_g0,0.97123745819398,0.9765886287625418,0.907190635451505,0.922077922077922,,4,20,4,8,0,5,11,6,0,6,1,6H,6S,,0,60,False,True,False,True,0
top_ten,svm,occupancy,full,6,unith,6,Faure,june_22_g0,0.97123745819398,0.9765886287625418,0.907190635451505,0.922077922077922,,4,20,4,8,0,6,0,1,1,1,0,1S,1H,,0,40,False,True,False,True,0
top_ten,svm,occupancy,full,6,unith,6,Faure,june_22_g0,0.97123745819398,0.9765886287625418,0.907190635451505,0.922077922077922,,4,20,4,8,0,6,1,1,1,2,0,1S,2H,,0,41,False,True,False,True,0
top_ten,svm,occupancy,full,6,unith,6,Faure,june_22_g0,0.97123745819398,0.9765886287625418,0.907190635451505,0.922077922077922,,4,20,4,8,0,6,2,1,1,3,0,1S,3H,,0,46,False,True,False,True,0
top_ten,svm,occupancy,full,6,unith,6,Faure,june_22_g0,0.97123745819398,0.9765886287625418,0.907190635451505,0.922077922077922,,,20,4,8,0,6,3,1,1,4,0,1S,4H,,0,0,False,False,False,False,0
top_ten,svm,occupancy,full,6,unith,6,Faure,june_22_g0,0.97123745819398,0.9765886287625418,0.907190635451505,0.922077922077922,,4,20,4,8,0,6,4,1,1,5,0,1S,5H,,0,16,False,True,False,True,0
top_ten,svm,occupancy,full,6,unith,6,Faure,june_22_g0,0.97123745819398,0.9765886287625418,0.907190635451505,0.922077922077922,,,20,4,8,0,6,5,1,1,6,0,1S,6H,,0,0,False,False,False,False,0
top_ten,svm,occupancy,full,6,unith,6,Faure,june_22_g0,0.97123745819398,0.9765886287625418,0.907190635451505,0.922077922077922,,,20,4,8,0,6,6,1,1,1,1,1S,1S,,0,0,False,False,False,False,0
top_ten,svm,occupancy,full,6,unith,6,Faure,june_22_g0,0.97123745819398,0.9765886287625418,0.907190635451505,0.922077922077922,,4,20,4,8,0,6,7,1,1,2,1,1S,2S,,0,8,False,True,False,True,0
top_ten,svm,occupancy,full,6,unith,6,Faure,june_22_g0,0.97123745819398,0.9765886287625418,0.907190635451505,0.922077922077922,,3,20,4,8,0,6,8,1,1,3,1,1S,3S,,0,7,False,True,False,False,0
top_ten,svm,occupancy,full,6,unith,6,Faure,june_22_g0,0.97123745819398,0.9765886287625418,0.907190635451505,0.922077922077922,,4,20,4,8,0,6,9,1,1,4,1,1S,4S,,0,41,False,True,False,True,0
top_ten,svm,occupancy,full,6,unith,6,Faure,june_22_g0,0.97123745819398,0.9765886287625418,0.907190635451505,0.922077922077922,,4,20,4,8,0,6,10,1,1,5,1,1S,5S,,0,36,False,True,False,True,0
top_ten,svm,occupancy,full,6,unith,6,Faure,june_22_g0,0.97123745819398,0.9765886287625418,0.907190635451505,0.922077922077922,,4,20,4,8,0,6,11,1,1,6,1,1S,6S,,0,60,False,True,False,True,0
top_ten,svm,occupancy,full,6,unith,6,Faure,june_22_g0,0.97123745819398,0.9765886287625418,0.907190635451505,0.922077922077922,4,4,20,4,8,0,7,0,2,1,1,0,2S,1H,0.9317465673841123,8,40,True,True,True,True,0
top_ten,svm,occupancy,full,6,unith,6,Faure,june_22_g0,0.97123745819398,0.9765886287625418,0.907190635451505,0.922077922077922,4,4,20,4,8,0,7,1,2,1,2,0,2S,2H,0.8634463947617581,8,41,True,True,True,True,0
top_ten,svm,occupancy,full,6,unith,6,Faure,june_22_g0,0.97123745819398,0.9765886287625418,0.907190635451505,0.922077922077922,4,4,20,4,8,0,7,2,2,1,3,0,2S,3H,0.8973578553608326,8,46,True,True,True,True,0
top_ten,svm,occupancy,full,6,unith,6,Faure,june_22_g0,0.97123745819398,0.9765886287625418,0.907190635451505,0.922077922077922,4,,20,4,8,0,7,3,2,1,4,0,2S,4H,,8,0,True,False,True,False,0
top_ten,svm,occupancy,full,6,unith,6,Faure,june_22_g0,0.97123745819398,0.9765886287625418,0.907190635451505,0.922077922077922,4,4,20,4,8,0,7,4,2,1,5,0,2S,5H,0.75232987879718,8,16,True,True,True,True,0
top_ten,svm,occupancy,full,6,unith,6,Faure,june_22_g0,0.97123745819398,0.9765886287625418,0.907190635451505,0.922077922077922,4,,20,4,8,0,7,5,2,1,6,0,2S,6H,,8,0,True,False,True,False,0
top_ten,svm,occupancy,full,6,unith,6,Faure,june_22_g0,0.97123745819398,0.9765886287625418,0.907190635451505,0.922077922077922,4,,20,4,8,0,7,6,2,1,1,1,2S,1S,,8,0,True,False,True,False,0
top_ten,svm,occupancy,full,6,unith,6,Faure,june_22_g0,0.97123745819398,0.9765886287625418,0.907190635451505,0.922077922077922,4,4,20,4,8,0,7,7,2,1,2,1,2S,2S,0.890387728408759,8,8,True,True,True,True,0
top_ten,svm,occupancy,full,6,unith,6,Faure,june_22_g0,0.97123745819398,0.9765886287625418,0.907190635451505,0.922077922077922,4,3,20,4,8,0,7,8,2,1,3,1,2S,3S,0.8384800148564663,8,7,True,True,True,False,0
top_ten,svm,occupancy,full,6,unith,6,Faure,june_22_g0,0.97123745819398,0.9765886287625418,0.907190635451505,0.922077922077922,4,4,20,4,8,0,7,9,2,1,4,1,2S,4S,0.8718526919677474,8,41,True,True,True,True,0
top_ten,svm,occupancy,full,6,unith,6,Faure,june_22_g0,0.97123745819398,0.9765886287625418,0.907190635451505,0.922077922077922,4,4,20,4,8,0,7,10,2,1,5,1,2S,5S,0.803604198097155,8,36,True,True,True,True,0
top_ten,svm,occupancy,full,6,unith,6,Faure,june_22_g0,0.97123745819398,0.9765886287625418,0.907190635451505,0.922077922077922,4,4,20,4,8,0,7,11,2,1,6,1,2S,6S,0.875870828289741,8,60,True,True,True,True,0
top_ten,svm,occupancy,full,6,unith,6,Faure,june_22_g0,0.97123745819398,0.9765886287625418,0.907190635451505,0.922077922077922,3,4,20,4,8,0,8,0,3,1,1,0,3S,1H,0.8228052334565324,7,40,True,True,False,True,0
top_ten,svm,occupancy,full,6,unith,6,Faure,june_22_g0,0.97123745819398,0.9765886287625418,0.907190635451505,0.922077922077922,3,4,20,4,8,0,8,1,3,1,2,0,3S,2H,0.8649782909959656,7,41,True,True,False,True,0
top_ten,svm,occupancy,full,6,unith,6,Faure,june_22_g0,0.97123745819398,0.9765886287625418,0.907190635451505,0.922077922077922,3,4,20,4,8,0,8,2,3,1,3,0,3S,3H,0.9020773351128335,7,46,True,True,False,True,0
top_ten,svm,occupancy,full,6,unith,6,Faure,june_22_g0,0.97123745819398,0.9765886287625418,0.907190635451505,0.922077922077922,3,,20,4,8,0,8,3,3,1,4,0,3S,4H,,7,0,True,False,False,False,0
top_ten,svm,occupancy,full,6,unith,6,Faure,june_22_g0,0.97123745819398,0.9765886287625418,0.907190635451505,0.922077922077922,3,4,20,4,8,0,8,4,3,1,5,0,3S,5H,0.8581690876096346,7,16,True,True,False,True,0
top_ten,svm,occupancy,full,6,unith,6,Faure,june_22_g0,0.97123745819398,0.9765886287625418,0.907190635451505,0.922077922077922,3,,20,4,8,0,8,5,3,1,6,0,3S,6H,,7,0,True,False,False,False,0
top_ten,svm,occupancy,full,6,unith,6,Faure,june_22_g0,0.97123745819398,0.9765886287625418,0.907190635451505,0.922077922077922,3,,20,4,8,0,8,6,3,1,1,1,3S,1S,,7,0,True,False,False,False,0
top_ten,svm,occupancy,full,6,unith,6,Faure,june_22_g0,0.97123745819398,0.9765886287625418,0.907190635451505,0.922077922077922,3,4,20,4,8,0,8,7,3,1,2,1,3S,2S,0.8384800148564663,7,8,True,True,False,True,0
top_ten,svm,occupancy,full,6,unith,6,Faure,june_22_g0,0.97123745819398,0.9765886287625418,0.907190635451505,0.922077922077922,3,3,20,4,8,0,8,8,3,1,3,1,3S,3S,0.9187768963538347,7,7,True,True,False,False,0
top_ten,svm,occupancy,full,6,unith,6,Faure,june_22_g0,0.97123745819398,0.9765886287625418,0.907190635451505,0.922077922077922,3,4,20,4,8,0,8,9,3,1,4,1,3S,4S,0.9047785625353153,7,41,True,True,False,True,0
top_ten,svm,occupancy,full,6,unith,6,Faure,june_22_g0,0.97123745819398,0.9765886287625418,0.907190635451505,0.922077922077922,3,4,20,4,8,0,8,10,3,1,5,1,3S,5S,0.9116059484912682,7,36,True,True,False,True,0
top_ten,svm,occupancy,full,6,unith,6,Faure,june_22_g0,0.97123745819398,0.9765886287625418,0.907190635451505,0.922077922077922,3,4,20,4,8,0,8,11,3,1,6,1,3S,6S,0.9175479268999892,7,60,True,True,False,True,0
top_ten,svm,occupancy,full,6,unith,6,Faure,june_22_g0,0.97123745819398,0.9765886287625418,0.907190635451505,0.922077922077922,4,4,20,4,8,0,9,0,4,1,1,0,4S,1H,0.864686451658651,41,40,True,True,True,True,0
top_ten,svm,occupancy,full,6,unith,6,Faure,june_22_g0,0.97123745819398,0.9765886287625418,0.907190635451505,0.922077922077922,4,4,20,4,8,0,9,1,4,1,2,0,4S,2H,0.8593253000767997,41,41,True,True,True,True,0
top_ten,svm,occupancy,full,6,unith,6,Faure,june_22_g0,0.97123745819398,0.9765886287625418,0.907190635451505,0.922077922077922,4,4,20,4,8,0,9,2,4,1,3,0,4S,3H,0.9030359901599775,41,46,True,True,True,True,0
top_ten,svm,occupancy,full,6,unith,6,Faure,june_22_g0,0.97123745819398,0.9765886287625418,0.907190635451505,0.922077922077922,4,,20,4,8,0,9,3,4,1,4,0,4S,4H,,41,0,True,False,True,False,0
top_ten,svm,occupancy,full,6,unith,6,Faure,june_22_g0,0.97123745819398,0.9765886287625418,0.907190635451505,0.922077922077922,4,4,20,4,8,0,9,4,4,1,5,0,4S,5H,0.8189527686108571,41,16,True,True,True,True,0
top_ten,svm,occupancy,full,6,unith,6,Faure,june_22_g0,0.97123745819398,0.9765886287625418,0.907190635451505,0.922077922077922,4,,20,4,8,0,9,5,4,1,6,0,4S,6H,,41,0,True,False,True,False,0
top_ten,svm,occupancy,full,6,unith,6,Faure,june_22_g0,0.97123745819398,0.9765886287625418,0.907190635451505,0.922077922077922,4,,20,4,8,0,9,6,4,1,1,1,4S,1S,,41,0,True,False,True,False,0
top_ten,svm,occupancy,full,6,unith,6,Faure,june_22_g0,0.97123745819398,0.9765886287625418,0.907190635451505,0.922077922077922,4,4,20,4,8,0,9,7,4,1,2,1,4S,2S,0.8718526919677474,41,8,True,True,True,True,0
top_ten,svm,occupancy,full,6,unith,6,Faure,june_22_g0,0.97123745819398,0.9765886287625418,0.907190635451505,0.922077922077922,4,3,20,4,8,0,9,8,4,1,3,1,4S,3S,0.9047785625353153,41,7,True,True,True,False,0
top_ten,svm,occupancy,full,6,unith,6,Faure,june_22_g0,0.97123745819398,0.9765886287625418,0.907190635451505,0.922077922077922,4,4,20,4,8,0,9,9,4,1,4,1,4S,4S,0.9169187463640478,41,41,True,True,True,True,0
top_ten,svm,occupancy,full,6,unith,6,Faure,june_22_g0,0.97123745819398,0.9765886287625418,0.907190635451505,0.922077922077922,4,4,20,4,8,0,9,10,4,1,5,1,4S,5S,0.8927575122750495,41,36,True,True,True,True,0
top_ten,svm,occupancy,full,6,unith,6,Faure,june_22_g0,0.97123745819398,0.9765886287625418,0.907190635451505,0.922077922077922,4,4,20,4,8,0,9,11,4,1,6,1,4S,6S,0.9160341310378339,41,60,True,True,True,True,0
top_ten,svm,occupancy,full,6,unith,6,Faure,june_22_g0,0.97123745819398,0.9765886287625418,0.907190635451505,0.922077922077922,4,4,20,4,8,0,10,0,5,1,1,0,5S,1H,0.7748689070354488,36,40,True,True,True,True,0
top_ten,svm,occupancy,full,6,unith,6,Faure,june_22_g0,0.97123745819398,0.9765886287625418,0.907190635451505,0.922077922077922,4,4,20,4,8,0,10,1,5,1,2,0,5S,2H,0.8013847054700282,36,41,True,True,True,True,0
top_ten,svm,occupancy,full,6,unith,6,Faure,june_22_g0,0.97123745819398,0.9765886287625418,0.907190635451505,0.922077922077922,4,4,20,4,8,0,10,2,5,1,3,0,5S,3H,0.9028264842819491,36,46,True,True,True,True,0
top_ten,svm,occupancy,full,6,unith,6,Faure,june_22_g0,0.97123745819398,0.9765886287625418,0.907190635451505,0.922077922077922,4,,20,4,8,0,10,3,5,1,4,0,5S,4H,,36,0,True,False,True,False,0
top_ten,svm,occupancy,full,6,unith,6,Faure,june_22_g0,0.97123745819398,0.9765886287625418,0.907190635451505,0.922077922077922,4,4,20,4,8,0,10,4,5,1,5,0,5S,5H,0.8922461435591467,36,16,True,True,True,True,0
top_ten,svm,occupancy,full,6,unith,6,Faure,june_22_g0,0.97123745819398,0.9765886287625418,0.907190635451505,0.922077922077922,4,,20,4,8,0,10,5,5,1,6,0,5S,6H,,36,0,True,False,True,False,0
top_ten,svm,occupancy,full,6,unith,6,Faure,june_22_g0,0.97123745819398,0.9765886287625418,0.907190635451505,0.922077922077922,4,,20,4,8,0,10,6,5,1,1,1,5S,1S,,36,0,True,False,True,False,0
top_ten,svm,occupancy,full,6,unith,6,Faure,june_22_g0,0.97123745819398,0.9765886287625418,0.907190635451505,0.922077922077922,4,4,20,4,8,0,10,7,5,1,2,1,5S,2S,0.803604198097155,36,8,True,True,True,True,0
top_ten,svm,occupancy,full,6,unith,6,Faure,june_22_g0,0.97123745819398,0.9765886287625418,0.907190635451505,0.922077922077922,4,3,20,4,8,0,10,8,5,1,3,1,5S,3S,0.9116059484912682,36,7,True,True,True,False,0
top_ten,svm,occupancy,full,6,unith,6,Faure,june_22_g0,0.97123745819398,0.9765886287625418,0.907190635451505,0.922077922077922,4,4,20,4,8,0,10,9,5,1,4,1,5S,4S,0.8927575122750495,36,41,True,True,True,True,0
top_ten,svm,occupancy,full,6,unith,6,Faure,june_22_g0,0.97123745819398,0.9765886287625418,0.907190635451505,0.922077922077922,4,4,20,4,8,0,10,10,5,1,5,1,5S,5S,0.9474122192224972,36,36,True,True,True,True,0
top_ten,svm,occupancy,full,6,unith,6,Faure,june_22_g0,0.97123745819398,0.9765886287625418,0.907190635451505,0.922077922077922,4,4,20,4,8,0,10,11,5,1,6,1,5S,6S,0.9182209523702559,36,60,True,True,True,True,0
top_ten,svm,occupancy,full,6,unith,6,Faure,june_22_g0,0.97123745819398,0.9765886287625418,0.907190635451505,0.922077922077922,4,4,20,4,8,0,11,0,6,1,1,0,6S,1H,0.8760753177110102,60,40,True,True,True,True,0
top_ten,svm,occupancy,full,6,unith,6,Faure,june_22_g0,0.97123745819398,0.9765886287625418,0.907190635451505,0.922077922077922,4,4,20,4,8,0,11,1,6,1,2,0,6S,2H,0.863089869152844,60,41,True,True,True,True,0
top_ten,svm,occupancy,full,6,unith,6,Faure,june_22_g0,0.97123745819398,0.9765886287625418,0.907190635451505,0.922077922077922,4,4,20,4,8,0,11,2,6,1,3,0,6S,3H,0.9220502051597019,60,46,True,True,True,True,0
top_ten,svm,occupancy,full,6,unith,6,Faure,june_22_g0,0.97123745819398,0.9765886287625418,0.907190635451505,0.922077922077922,4,,20,4,8,0,11,3,6,1,4,0,6S,4H,,60,0,True,False,True,False,0
top_ten,svm,occupancy,full,6,unith,6,Faure,june_22_g0,0.97123745819398,0.9765886287625418,0.907190635451505,0.922077922077922,4,4,20,4,8,0,11,4,6,1,5,0,6S,5H,0.8487949590265458,60,16,True,True,True,True,0
top_ten,svm,occupancy,full,6,unith,6,Faure,june_22_g0,0.97123745819398,0.9765886287625418,0.907190635451505,0.922077922077922,4,,20,4,8,0,11,5,6,1,6,0,6S,6H,,60,0,True,False,True,False,0
top_ten,svm,occupancy,full,6,unith,6,Faure,june_22_g0,0.97123745819398,0.9765886287625418,0.907190635451505,0.922077922077922,4,,20,4,8,0,11,6,6,1,1,1,6S,1S,,60,0,True,False,True,False,0
top_ten,svm,occupancy,full,6,unith,6,Faure,june_22_g0,0.97123745819398,0.9765886287625418,0.907190635451505,0.922077922077922,4,4,20,4,8,0,11,7,6,1,2,1,6S,2S,0.875870828289741,60,8,True,True,True,True,0
top_ten,svm,occupancy,full,6,unith,6,Faure,june_22_g0,0.97123745819398,0.9765886287625418,0.907190635451505,0.922077922077922,4,3,20,4,8,0,11,8,6,1,3,1,6S,3S,0.9175479268999892,60,7,True,True,True,False,0
top_ten,svm,occupancy,full,6,unith,6,Faure,june_22_g0,0.97123745819398,0.9765886287625418,0.907190635451505,0.922077922077922,4,4,20,4,8,0,11,9,6,1,4,1,6S,4S,0.9160341310378339,60,41,True,True,True,True,0
top_ten,svm,occupancy,full,6,unith,6,Faure,june_22_g0,0.97123745819398,0.9765886287625418,0.907190635451505,0.922077922077922,4,4,20,4,8,0,11,10,6,1,5,1,6S,5S,0.9182209523702559,60,36,True,True,True,True,0
top_ten,svm,occupancy,full,6,unith,6,Faure,june_22_g0,0.97123745819398,0.9765886287625418,0.907190635451505,0.922077922077922,4,4,20,4,8,0,11,11,6,1,6,1,6S,6S,0.9244557248776495,60,60,True,True,True,True,0
top_ten,svm,occupancy,full,6,unith,6,Faure,june_24_g0,0.999341238471673,1.0,1.0,0.8697916666666666,5,5,20,4,8,0,0,0,1,0,1,0,1H,1H,0.9128258953533999,44,44,True,True,True,True,0
top_ten,svm,occupancy,full,6,unith,6,Faure,june_24_g0,0.999341238471673,1.0,1.0,0.8697916666666666,5,5,20,4,8,0,0,1,1,0,2,0,1H,2H,0.9259630631198339,44,28,True,True,True,True,0
top_ten,svm,occupancy,full,6,unith,6,Faure,june_24_g0,0.999341238471673,1.0,1.0,0.8697916666666666,5,5,20,4,8,0,0,2,1,0,3,0,1H,3H,0.9059857614652209,44,50,True,True,True,True,0
top_ten,svm,occupancy,full,6,unith,6,Faure,june_24_g0,0.999341238471673,1.0,1.0,0.8697916666666666,5,,20,4,8,0,0,3,1,0,4,0,1H,4H,,44,0,True,False,True,False,0
top_ten,svm,occupancy,full,6,unith,6,Faure,june_24_g0,0.999341238471673,1.0,1.0,0.8697916666666666,5,5,20,4,8,0,0,4,1,0,5,0,1H,5H,0.9204552802822725,44,10,True,True,True,True,0
top_ten,svm,occupancy,full,6,unith,6,Faure,june_24_g0,0.999341238471673,1.0,1.0,0.8697916666666666,5,,20,4,8,0,0,5,1,0,6,0,1H,6H,,44,0,True,False,True,False,0
top_ten,svm,occupancy,full,6,unith,6,Faure,june_24_g0,0.999341238471673,1.0,1.0,0.8697916666666666,5,,20,4,8,0,0,6,1,0,1,1,1H,1S,,44,0,True,False,True,False,0
top_ten,svm,occupancy,full,6,unith,6,Faure,june_24_g0,0.999341238471673,1.0,1.0,0.8697916666666666,5,5,20,4,8,0,0,7,1,0,2,1,1H,2S,0.9409730586790461,44,22,True,True,True,True,0
top_ten,svm,occupancy,full,6,unith,6,Faure,june_24_g0,0.999341238471673,1.0,1.0,0.8697916666666666,5,,20,4,8,0,0,8,1,0,3,1,1H,3S,,44,0,True,False,True,False,0
top_ten,svm,occupancy,full,6,unith,6,Faure,june_24_g0,0.999341238471673,1.0,1.0,0.8697916666666666,5,5,20,4,8,0,0,9,1,0,4,1,1H,4S,0.9130794120285481,44,62,True,True,True,True,0
top_ten,svm,occupancy,full,6,unith,6,Faure,june_24_g0,0.999341238471673,1.0,1.0,0.8697916666666666,5,5,20,4,8,0,0,10,1,0,5,1,1H,5S,0.907547904435954,44,80,True,True,True,True,0
top_ten,svm,occupancy,full,6,unith,6,Faure,june_24_g0,0.999341238471673,1.0,1.0,0.8697916666666666,5,5,20,4,8,0,0,11,1,0,6,1,1H,6S,0.8898658150217804,44,69,True,True,True,True,0
top_ten,svm,occupancy,full,6,unith,6,Faure,june_24_g0,0.999341238471673,1.0,1.0,0.8697916666666666,5,5,20,4,8,0,1,0,2,0,1,0,2H,1H,0.9259630631198339,28,44,True,True,True,True,0
top_ten,svm,occupancy,full,6,unith,6,Faure,june_24_g0,0.999341238471673,1.0,1.0,0.8697916666666666,5,5,20,4,8,0,1,1,2,0,2,0,2H,2H,0.8956736073188887,28,28,True,True,True,True,0
top_ten,svm,occupancy,full,6,unith,6,Faure,june_24_g0,0.999341238471673,1.0,1.0,0.8697916666666666,5,5,20,4,8,0,1,2,2,0,3,0,2H,3H,0.8804256156395583,28,50,True,True,True,True,0
top_ten,svm,occupancy,full,6,unith,6,Faure,june_24_g0,0.999341238471673,1.0,1.0,0.8697916666666666,5,,20,4,8,0,1,3,2,0,4,0,2H,4H,,28,0,True,False,True,False,0
top_ten,svm,occupancy,full,6,unith,6,Faure,june_24_g0,0.999341238471673,1.0,1.0,0.8697916666666666,5,5,20,4,8,0,1,4,2,0,5,0,2H,5H,0.8958736458589536,28,10,True,True,True,True,0
top_ten,svm,occupancy,full,6,unith,6,Faure,june_24_g0,0.999341238471673,1.0,1.0,0.8697916666666666,5,,20,4,8,0,1,5,2,0,6,0,2H,6H,,28,0,True,False,True,False,0
top_ten,svm,occupancy,full,6,unith,6,Faure,june_24_g0,0.999341238471673,1.0,1.0,0.8697916666666666,5,,20,4,8,0,1,6,2,0,1,1,2H,1S,,28,0,True,False,True,False,0
top_ten,svm,occupancy,full,6,unith,6,Faure,june_24_g0,0.999341238471673,1.0,1.0,0.8697916666666666,5,5,20,4,8,0,1,7,2,0,2,1,2H,2S,0.9407887644125676,28,22,True,True,True,True,0
top_ten,svm,occupancy,full,6,unith,6,Faure,june_24_g0,0.999341238471673,1.0,1.0,0.8697916666666666,5,,20,4,8,0,1,8,2,0,3,1,2H,3S,,28,0,True,False,True,False,0
top_ten,svm,occupancy,full,6,unith,6,Faure,june_24_g0,0.999341238471673,1.0,1.0,0.8697916666666666,5,5,20,4,8,0,1,9,2,0,4,1,2H,4S,0.9050854765096604,28,62,True,True,True,True,0
top_ten,svm,occupancy,full,6,unith,6,Faure,june_24_g0,0.999341238471673,1.0,1.0,0.8697916666666666,5,5,20,4,8,0,1,10,2,0,5,1,2H,5S,0.9007135466134087,28,80,True,True,True,True,0
top_ten,svm,occupancy,full,6,unith,6,Faure,june_24_g0,0.999341238471673,1.0,1.0,0.8697916666666666,5,5,20,4,8,0,1,11,2,0,6,1,2H,6S,0.9172825965985222,28,69,True,True,True,True,0
top_ten,svm,occupancy,full,6,unith,6,Faure,june_24_g0,0.999341238471673,1.0,1.0,0.8697916666666666,5,5,20,4,8,0,2,0,3,0,1,0,3H,1H,0.9059857614652209,50,44,True,True,True,True,0
top_ten,svm,occupancy,full,6,unith,6,Faure,june_24_g0,0.999341238471673,1.0,1.0,0.8697916666666666,5,5,20,4,8,0,2,1,3,0,2,0,3H,2H,0.8804256156395583,50,28,True,True,True,True,0
top_ten,svm,occupancy,full,6,unith,6,Faure,june_24_g0,0.999341238471673,1.0,1.0,0.8697916666666666,5,5,20,4,8,0,2,2,3,0,3,0,3H,3H,0.870428103704533,50,50,True,True,True,True,0
top_ten,svm,occupancy,full,6,unith,6,Faure,june_24_g0,0.999341238471673,1.0,1.0,0.8697916666666666,5,,20,4,8,0,2,3,3,0,4,0,3H,4H,,50,0,True,False,True,False,0
top_ten,svm,occupancy,full,6,unith,6,Faure,june_24_g0,0.999341238471673,1.0,1.0,0.8697916666666666,5,5,20,4,8,0,2,4,3,0,5,0,3H,5H,0.882151091609378,50,10,True,True,True,True,0
top_ten,svm,occupancy,full,6,unith,6,Faure,june_24_g0,0.999341238471673,1.0,1.0,0.8697916666666666,5,,20,4,8,0,2,5,3,0,6,0,3H,6H,,50,0,True,False,True,False,0
top_ten,svm,occupancy,full,6,unith,6,Faure,june_24_g0,0.999341238471673,1.0,1.0,0.8697916666666666,5,,20,4,8,0,2,6,3,0,1,1,3H,1S,,50,0,True,False,True,False,0
top_ten,svm,occupancy,full,6,unith,6,Faure,june_24_g0,0.999341238471673,1.0,1.0,0.8697916666666666,5,5,20,4,8,0,2,7,3,0,2,1,3H,2S,0.9087519467938334,50,22,True,True,True,True,0
top_ten,svm,occupancy,full,6,unith,6,Faure,june_24_g0,0.999341238471673,1.0,1.0,0.8697916666666666,5,,20,4,8,0,2,8,3,0,3,1,3H,3S,,50,0,True,False,True,False,0
top_ten,svm,occupancy,full,6,unith,6,Faure,june_24_g0,0.999341238471673,1.0,1.0,0.8697916666666666,5,5,20,4,8,0,2,9,3,0,4,1,3H,4S,0.8972171505189535,50,62,True,True,True,True,0
top_ten,svm,occupancy,full,6,unith,6,Faure,june_24_g0,0.999341238471673,1.0,1.0,0.8697916666666666,5,5,20,4,8,0,2,10,3,0,5,1,3H,5S,0.9072081506202577,50,80,True,True,True,True,0
top_ten,svm,occupancy,full,6,unith,6,Faure,june_24_g0,0.999341238471673,1.0,1.0,0.8697916666666666,5,5,20,4,8,0,2,11,3,0,6,1,3H,6S,0.8967653216929479,50,69,True,True,True,True,0
top_ten,svm,occupancy,full,6,unith,6,Faure,june_24_g0,0.999341238471673,1.0,1.0,0.8697916666666666,,5,20,4,8,0,3,0,4,0,1,0,4H,1H,,0,44,False,True,False,True,0
top_ten,svm,occupancy,full,6,unith,6,Faure,june_24_g0,0.999341238471673,1.0,1.0,0.8697916666666666,,5,20,4,8,0,3,1,4,0,2,0,4H,2H,,0,28,False,True,False,True,0
top_ten,svm,occupancy,full,6,unith,6,Faure,june_24_g0,0.999341238471673,1.0,1.0,0.8697916666666666,,5,20,4,8,0,3,2,4,0,3,0,4H,3H,,0,50,False,True,False,True,0
top_ten,svm,occupancy,full,6,unith,6,Faure,june_24_g0,0.999341238471673,1.0,1.0,0.8697916666666666,,,20,4,8,0,3,3,4,0,4,0,4H,4H,,0,0,False,False,False,False,0
top_ten,svm,occupancy,full,6,unith,6,Faure,june_24_g0,0.999341238471673,1.0,1.0,0.8697916666666666,,5,20,4,8,0,3,4,4,0,5,0,4H,5H,,0,10,False,True,False,True,0
top_ten,svm,occupancy,full,6,unith,6,Faure,june_24_g0,0.999341238471673,1.0,1.0,0.8697916666666666,,,20,4,8,0,3,5,4,0,6,0,4H,6H,,0,0,False,False,False,False,0
top_ten,svm,occupancy,full,6,unith,6,Faure,june_24_g0,0.999341238471673,1.0,1.0,0.8697916666666666,,,20,4,8,0,3,6,4,0,1,1,4H,1S,,0,0,False,False,False,False,0
top_ten,svm,occupancy,full,6,unith,6,Faure,june_24_g0,0.999341238471673,1.0,1.0,0.8697916666666666,,5,20,4,8,0,3,7,4,0,2,1,4H,2S,,0,22,False,True,False,True,0
top_ten,svm,occupancy,full,6,unith,6,Faure,june_24_g0,0.999341238471673,1.0,1.0,0.8697916666666666,,,20,4,8,0,3,8,4,0,3,1,4H,3S,,0,0,False,False,False,False,0
top_ten,svm,occupancy,full,6,unith,6,Faure,june_24_g0,0.999341238471673,1.0,1.0,0.8697916666666666,,5,20,4,8,0,3,9,4,0,4,1,4H,4S,,0,62,False,True,False,True,0
top_ten,svm,occupancy,full,6,unith,6,Faure,june_24_g0,0.999341238471673,1.0,1.0,0.8697916666666666,,5,20,4,8,0,3,10,4,0,5,1,4H,5S,,0,80,False,True,False,True,0
top_ten,svm,occupancy,full,6,unith,6,Faure,june_24_g0,0.999341238471673,1.0,1.0,0.8697916666666666,,5,20,4,8,0,3,11,4,0,6,1,4H,6S,,0,69,False,True,False,True,0
top_ten,svm,occupancy,full,6,unith,6,Faure,june_24_g0,0.999341238471673,1.0,1.0,0.8697916666666666,5,5,20,4,8,0,4,0,5,0,1,0,5H,1H,0.9204552802822725,10,44,True,True,True,True,0
top_ten,svm,occupancy,full,6,unith,6,Faure,june_24_g0,0.999341238471673,1.0,1.0,0.8697916666666666,5,5,20,4,8,0,4,1,5,0,2,0,5H,2H,0.8958736458589536,10,28,True,True,True,True,0
top_ten,svm,occupancy,full,6,unith,6,Faure,june_24_g0,0.999341238471673,1.0,1.0,0.8697916666666666,5,5,20,4,8,0,4,2,5,0,3,0,5H,3H,0.882151091609378,10,50,True,True,True,True,0
top_ten,svm,occupancy,full,6,unith,6,Faure,june_24_g0,0.999341238471673,1.0,1.0,0.8697916666666666,5,,20,4,8,0,4,3,5,0,4,0,5H,4H,,10,0,True,False,True,False,0
top_ten,svm,occupancy,full,6,unith,6,Faure,june_24_g0,0.999341238471673,1.0,1.0,0.8697916666666666,5,5,20,4,8,0,4,4,5,0,5,0,5H,5H,0.9382526357361367,10,10,True,True,True,True,0
top_ten,svm,occupancy,full,6,unith,6,Faure,june_24_g0,0.999341238471673,1.0,1.0,0.8697916666666666,5,,20,4,8,0,4,5,5,0,6,0,5H,6H,,10,0,True,False,True,False,0
top_ten,svm,occupancy,full,6,unith,6,Faure,june_24_g0,0.999341238471673,1.0,1.0,0.8697916666666666,5,,20,4,8,0,4,6,5,0,1,1,5H,1S,,10,0,True,False,True,False,0
top_ten,svm,occupancy,full,6,unith,6,Faure,june_24_g0,0.999341238471673,1.0,1.0,0.8697916666666666,5,5,20,4,8,0,4,7,5,0,2,1,5H,2S,0.9469084903026564,10,22,True,True,True,True,0
top_ten,svm,occupancy,full,6,unith,6,Faure,june_24_g0,0.999341238471673,1.0,1.0,0.8697916666666666,5,,20,4,8,0,4,8,5,0,3,1,5H,3S,,10,0,True,False,True,False,0
top_ten,svm,occupancy,full,6,unith,6,Faure,june_24_g0,0.999341238471673,1.0,1.0,0.8697916666666666,5,5,20,4,8,0,4,9,5,0,4,1,5H,4S,0.8937495322914739,10,62,True,True,True,True,0
top_ten,svm,occupancy,full,6,unith,6,Faure,june_24_g0,0.999341238471673,1.0,1.0,0.8697916666666666,5,5,20,4,8,0,4,10,5,0,5,1,5H,5S,0.8779485832966186,10,80,True,True,True,True,0
top_ten,svm,occupancy,full,6,unith,6,Faure,june_24_g0,0.999341238471673,1.0,1.0,0.8697916666666666,5,5,20,4,8,0,4,11,5,0,6,1,5H,6S,0.8663239534831686,10,69,True,True,True,True,0
top_ten,svm,occupancy,full,6,unith,6,Faure,june_24_g0,0.999341238471673,1.0,1.0,0.8697916666666666,,5,20,4,8,0,5,0,6,0,1,0,6H,1H,,0,44,False,True,False,True,0
top_ten,svm,occupancy,full,6,unith,6,Faure,june_24_g0,0.999341238471673,1.0,1.0,0.8697916666666666,,5,20,4,8,0,5,1,6,0,2,0,6H,2H,,0,28,False,True,False,True,0
top_ten,svm,occupancy,full,6,unith,6,Faure,june_24_g0,0.999341238471673,1.0,1.0,0.8697916666666666,,5,20,4,8,0,5,2,6,0,3,0,6H,3H,,0,50,False,True,False,True,0
top_ten,svm,occupancy,full,6,unith,6,Faure,june_24_g0,0.999341238471673,1.0,1.0,0.8697916666666666,,,20,4,8,0,5,3,6,0,4,0,6H,4H,,0,0,False,False,False,False,0
top_ten,svm,occupancy,full,6,unith,6,Faure,june_24_g0,0.999341238471673,1.0,1.0,0.8697916666666666,,5,20,4,8,0,5,4,6,0,5,0,6H,5H,,0,10,False,True,False,True,0
top_ten,svm,occupancy,full,6,unith,6,Faure,june_24_g0,0.999341238471673,1.0,1.0,0.8697916666666666,,,20,4,8,0,5,5,6,0,6,0,6H,6H,,0,0,False,False,False,False,0
top_ten,svm,occupancy,full,6,unith,6,Faure,june_24_g0,0.999341238471673,1.0,1.0,0.8697916666666666,,,20,4,8,0,5,6,6,0,1,1,6H,1S,,0,0,False,False,False,False,0
top_ten,svm,occupancy,full,6,unith,6,Faure,june_24_g0,0.999341238471673,1.0,1.0,0.8697916666666666,,5,20,4,8,0,5,7,6,0,2,1,6H,2S,,0,22,False,True,False,True,0
top_ten,svm,occupancy,full,6,unith,6,Faure,june_24_g0,0.999341238471673,1.0,1.0,0.8697916666666666,,,20,4,8,0,5,8,6,0,3,1,6H,3S,,0,0,False,False,False,False,0
top_ten,svm,occupancy,full,6,unith,6,Faure,june_24_g0,0.999341238471673,1.0,1.0,0.8697916666666666,,5,20,4,8,0,5,9,6,0,4,1,6H,4S,,0,62,False,True,False,True,0
top_ten,svm,occupancy,full,6,unith,6,Faure,june_24_g0,0.999341238471673,1.0,1.0,0.8697916666666666,,5,20,4,8,0,5,10,6,0,5,1,6H,5S,,0,80,False,True,False,True,0
top_ten,svm,occupancy,full,6,unith,6,Faure,june_24_g0,0.999341238471673,1.0,1.0,0.8697916666666666,,5,20,4,8,0,5,11,6,0,6,1,6H,6S,,0,69,False,True,False,True,0
top_ten,svm,occupancy,full,6,unith,6,Faure,june_24_g0,0.999341238471673,1.0,1.0,0.8697916666666666,,5,20,4,8,0,6,0,1,1,1,0,1S,1H,,0,44,False,True,False,True,0
top_ten,svm,occupancy,full,6,unith,6,Faure,june_24_g0,0.999341238471673,1.0,1.0,0.8697916666666666,,5,20,4,8,0,6,1,1,1,2,0,1S,2H,,0,28,False,True,False,True,0
top_ten,svm,occupancy,full,6,unith,6,Faure,june_24_g0,0.999341238471673,1.0,1.0,0.8697916666666666,,5,20,4,8,0,6,2,1,1,3,0,1S,3H,,0,50,False,True,False,True,0
top_ten,svm,occupancy,full,6,unith,6,Faure,june_24_g0,0.999341238471673,1.0,1.0,0.8697916666666666,,,20,4,8,0,6,3,1,1,4,0,1S,4H,,0,0,False,False,False,False,0
top_ten,svm,occupancy,full,6,unith,6,Faure,june_24_g0,0.999341238471673,1.0,1.0,0.8697916666666666,,5,20,4,8,0,6,4,1,1,5,0,1S,5H,,0,10,False,True,False,True,0
top_ten,svm,occupancy,full,6,unith,6,Faure,june_24_g0,0.999341238471673,1.0,1.0,0.8697916666666666,,,20,4,8,0,6,5,1,1,6,0,1S,6H,,0,0,False,False,False,False,0
top_ten,svm,occupancy,full,6,unith,6,Faure,june_24_g0,0.999341238471673,1.0,1.0,0.8697916666666666,,,20,4,8,0,6,6,1,1,1,1,1S,1S,,0,0,False,False,False,False,0
top_ten,svm,occupancy,full,6,unith,6,Faure,june_24_g0,0.999341238471673,1.0,1.0,0.8697916666666666,,5,20,4,8,0,6,7,1,1,2,1,1S,2S,,0,22,False,True,False,True,0
top_ten,svm,occupancy,full,6,unith,6,Faure,june_24_g0,0.999341238471673,1.0,1.0,0.8697916666666666,,,20,4,8,0,6,8,1,1,3,1,1S,3S,,0,0,False,False,False,False,0
top_ten,svm,occupancy,full,6,unith,6,Faure,june_24_g0,0.999341238471673,1.0,1.0,0.8697916666666666,,5,20,4,8,0,6,9,1,1,4,1,1S,4S,,0,62,False,True,False,True,0
top_ten,svm,occupancy,full,6,unith,6,Faure,june_24_g0,0.999341238471673,1.0,1.0,0.8697916666666666,,5,20,4,8,0,6,10,1,1,5,1,1S,5S,,0,80,False,True,False,True,0
top_ten,svm,occupancy,full,6,unith,6,Faure,june_24_g0,0.999341238471673,1.0,1.0,0.8697916666666666,,5,20,4,8,0,6,11,1,1,6,1,1S,6S,,0,69,False,True,False,True,0
top_ten,svm,occupancy,full,6,unith,6,Faure,june_24_g0,0.999341238471673,1.0,1.0,0.8697916666666666,5,5,20,4,8,0,7,0,2,1,1,0,2S,1H,0.9409730586790461,22,44,True,True,True,True,0
top_ten,svm,occupancy,full,6,unith,6,Faure,june_24_g0,0.999341238471673,1.0,1.0,0.8697916666666666,5,5,20,4,8,0,7,1,2,1,2,0,2S,2H,0.9407887644125676,22,28,True,True,True,True,0
top_ten,svm,occupancy,full,6,unith,6,Faure,june_24_g0,0.999341238471673,1.0,1.0,0.8697916666666666,5,5,20,4,8,0,7,2,2,1,3,0,2S,3H,0.9087519467938334,22,50,True,True,True,True,0
top_ten,svm,occupancy,full,6,unith,6,Faure,june_24_g0,0.999341238471673,1.0,1.0,0.8697916666666666,5,,20,4,8,0,7,3,2,1,4,0,2S,4H,,22,0,True,False,True,False,0
top_ten,svm,occupancy,full,6,unith,6,Faure,june_24_g0,0.999341238471673,1.0,1.0,0.8697916666666666,5,5,20,4,8,0,7,4,2,1,5,0,2S,5H,0.9469084903026564,22,10,True,True,True,True,0
top_ten,svm,occupancy,full,6,unith,6,Faure,june_24_g0,0.999341238471673,1.0,1.0,0.8697916666666666,5,,20,4,8,0,7,5,2,1,6,0,2S,6H,,22,0,True,False,True,False,0
top_ten,svm,occupancy,full,6,unith,6,Faure,june_24_g0,0.999341238471673,1.0,1.0,0.8697916666666666,5,,20,4,8,0,7,6,2,1,1,1,2S,1S,,22,0,True,False,True,False,0
top_ten,svm,occupancy,full,6,unith,6,Faure,june_24_g0,0.999341238471673,1.0,1.0,0.8697916666666666,5,5,20,4,8,0,7,7,2,1,2,1,2S,2S,0.9490512042901542,22,22,True,True,True,True,0
top_ten,svm,occupancy,full,6,unith,6,Faure,june_24_g0,0.999341238471673,1.0,1.0,0.8697916666666666,5,,20,4,8,0,7,8,2,1,3,1,2S,3S,,22,0,True,False,True,False,0
top_ten,svm,occupancy,full,6,unith,6,Faure,june_24_g0,0.999341238471673,1.0,1.0,0.8697916666666666,5,5,20,4,8,0,7,9,2,1,4,1,2S,4S,0.9297889502704815,22,62,True,True,True,True,0
top_ten,svm,occupancy,full,6,unith,6,Faure,june_24_g0,0.999341238471673,1.0,1.0,0.8697916666666666,5,5,20,4,8,0,7,10,2,1,5,1,2S,5S,0.9184303311827586,22,80,True,True,True,True,0
top_ten,svm,occupancy,full,6,unith,6,Faure,june_24_g0,0.999341238471673,1.0,1.0,0.8697916666666666,5,5,20,4,8,0,7,11,2,1,6,1,2S,6S,0.9080123658687927,22,69,True,True,True,True,0
top_ten,svm,occupancy,full,6,unith,6,Faure,june_24_g0,0.999341238471673,1.0,1.0,0.8697916666666666,,5,20,4,8,0,8,0,3,1,1,0,3S,1H,,0,44,False,True,False,True,0
top_ten,svm,occupancy,full,6,unith,6,Faure,june_24_g0,0.999341238471673,1.0,1.0,0.8697916666666666,,5,20,4,8,0,8,1,3,1,2,0,3S,2H,,0,28,False,True,False,True,0
top_ten,svm,occupancy,full,6,unith,6,Faure,june_24_g0,0.999341238471673,1.0,1.0,0.8697916666666666,,5,20,4,8,0,8,2,3,1,3,0,3S,3H,,0,50,False,True,False,True,0
top_ten,svm,occupancy,full,6,unith,6,Faure,june_24_g0,0.999341238471673,1.0,1.0,0.8697916666666666,,,20,4,8,0,8,3,3,1,4,0,3S,4H,,0,0,False,False,False,False,0
top_ten,svm,occupancy,full,6,unith,6,Faure,june_24_g0,0.999341238471673,1.0,1.0,0.8697916666666666,,5,20,4,8,0,8,4,3,1,5,0,3S,5H,,0,10,False,True,False,True,0
top_ten,svm,occupancy,full,6,unith,6,Faure,june_24_g0,0.999341238471673,1.0,1.0,0.8697916666666666,,,20,4,8,0,8,5,3,1,6,0,3S,6H,,0,0,False,False,False,False,0
top_ten,svm,occupancy,full,6,unith,6,Faure,june_24_g0,0.999341238471673,1.0,1.0,0.8697916666666666,,,20,4,8,0,8,6,3,1,1,1,3S,1S,,0,0,False,False,False,False,0
top_ten,svm,occupancy,full,6,unith,6,Faure,june_24_g0,0.999341238471673,1.0,1.0,0.8697916666666666,,5,20,4,8,0,8,7,3,1,2,1,3S,2S,,0,22,False,True,False,True,0
top_ten,svm,occupancy,full,6,unith,6,Faure,june_24_g0,0.999341238471673,1.0,1.0,0.8697916666666666,,,20,4,8,0,8,8,3,1,3,1,3S,3S,,0,0,False,False,False,False,0
top_ten,svm,occupancy,full,6,unith,6,Faure,june_24_g0,0.999341238471673,1.0,1.0,0.8697916666666666,,5,20,4,8,0,8,9,3,1,4,1,3S,4S,,0,62,False,True,False,True,0
top_ten,svm,occupancy,full,6,unith,6,Faure,june_24_g0,0.999341238471673,1.0,1.0,0.8697916666666666,,5,20,4,8,0,8,10,3,1,5,1,3S,5S,,0,80,False,True,False,True,0
top_ten,svm,occupancy,full,6,unith,6,Faure,june_24_g0,0.999341238471673,1.0,1.0,0.8697916666666666,,5,20,4,8,0,8,11,3,1,6,1,3S,6S,,0,69,False,True,False,True,0
top_ten,svm,occupancy,full,6,unith,6,Faure,june_24_g0,0.999341238471673,1.0,1.0,0.8697916666666666,5,5,20,4,8,0,9,0,4,1,1,0,4S,1H,0.9130794120285481,62,44,True,True,True,True,0
top_ten,svm,occupancy,full,6,unith,6,Faure,june_24_g0,0.999341238471673,1.0,1.0,0.8697916666666666,5,5,20,4,8,0,9,1,4,1,2,0,4S,2H,0.9050854765096604,62,28,True,True,True,True,0
top_ten,svm,occupancy,full,6,unith,6,Faure,june_24_g0,0.999341238471673,1.0,1.0,0.8697916666666666,5,5,20,4,8,0,9,2,4,1,3,0,4S,3H,0.8972171505189535,62,50,True,True,True,True,0
top_ten,svm,occupancy,full,6,unith,6,Faure,june_24_g0,0.999341238471673,1.0,1.0,0.8697916666666666,5,,20,4,8,0,9,3,4,1,4,0,4S,4H,,62,0,True,False,True,False,0
top_ten,svm,occupancy,full,6,unith,6,Faure,june_24_g0,0.999341238471673,1.0,1.0,0.8697916666666666,5,5,20,4,8,0,9,4,4,1,5,0,4S,5H,0.8937495322914739,62,10,True,True,True,True,0
top_ten,svm,occupancy,full,6,unith,6,Faure,june_24_g0,0.999341238471673,1.0,1.0,0.8697916666666666,5,,20,4,8,0,9,5,4,1,6,0,4S,6H,,62,0,True,False,True,False,0
top_ten,svm,occupancy,full,6,unith,6,Faure,june_24_g0,0.999341238471673,1.0,1.0,0.8697916666666666,5,,20,4,8,0,9,6,4,1,1,1,4S,1S,,62,0,True,False,True,False,0
top_ten,svm,occupancy,full,6,unith,6,Faure,june_24_g0,0.999341238471673,1.0,1.0,0.8697916666666666,5,5,20,4,8,0,9,7,4,1,2,1,4S,2S,0.9297889502704815,62,22,True,True,True,True,0
top_ten,svm,occupancy,full,6,unith,6,Faure,june_24_g0,0.999341238471673,1.0,1.0,0.8697916666666666,5,,20,4,8,0,9,8,4,1,3,1,4S,3S,,62,0,True,False,True,False,0
top_ten,svm,occupancy,full,6,unith,6,Faure,june_24_g0,0.999341238471673,1.0,1.0,0.8697916666666666,5,5,20,4,8,0,9,9,4,1,4,1,4S,4S,0.9048739985041543,62,62,True,True,True,True,0
top_ten,svm,occupancy,full,6,unith,6,Faure,june_24_g0,0.999341238471673,1.0,1.0,0.8697916666666666,5,5,20,4,8,0,9,10,4,1,5,1,4S,5S,0.9009249127368077,62,80,True,True,True,True,0
top_ten,svm,occupancy,full,6,unith,6,Faure,june_24_g0,0.999341238471673,1.0,1.0,0.8697916666666666,5,5,20,4,8,0,9,11,4,1,6,1,4S,6S,0.901435010479067,62,69,True,True,True,True,0
top_ten,svm,occupancy,full,6,unith,6,Faure,june_24_g0,0.999341238471673,1.0,1.0,0.8697916666666666,5,5,20,4,8,0,10,0,5,1,1,0,5S,1H,0.907547904435954,80,44,True,True,True,True,0
top_ten,svm,occupancy,full,6,unith,6,Faure,june_24_g0,0.999341238471673,1.0,1.0,0.8697916666666666,5,5,20,4,8,0,10,1,5,1,2,0,5S,2H,0.9007135466134087,80,28,True,True,True,True,0
top_ten,svm,occupancy,full,6,unith,6,Faure,june_24_g0,0.999341238471673,1.0,1.0,0.8697916666666666,5,5,20,4,8,0,10,2,5,1,3,0,5S,3H,0.9072081506202577,80,50,True,True,True,True,0
top_ten,svm,occupancy,full,6,unith,6,Faure,june_24_g0,0.999341238471673,1.0,1.0,0.8697916666666666,5,,20,4,8,0,10,3,5,1,4,0,5S,4H,,80,0,True,False,True,False,0
top_ten,svm,occupancy,full,6,unith,6,Faure,june_24_g0,0.999341238471673,1.0,1.0,0.8697916666666666,5,5,20,4,8,0,10,4,5,1,5,0,5S,5H,0.8779485832966186,80,10,True,True,True,True,0
top_ten,svm,occupancy,full,6,unith,6,Faure,june_24_g0,0.999341238471673,1.0,1.0,0.8697916666666666,5,,20,4,8,0,10,5,5,1,6,0,5S,6H,,80,0,True,False,True,False,0
top_ten,svm,occupancy,full,6,unith,6,Faure,june_24_g0,0.999341238471673,1.0,1.0,0.8697916666666666,5,,20,4,8,0,10,6,5,1,1,1,5S,1S,,80,0,True,False,True,False,0
top_ten,svm,occupancy,full,6,unith,6,Faure,june_24_g0,0.999341238471673,1.0,1.0,0.8697916666666666,5,5,20,4,8,0,10,7,5,1,2,1,5S,2S,0.9184303311827586,80,22,True,True,True,True,0
top_ten,svm,occupancy,full,6,unith,6,Faure,june_24_g0,0.999341238471673,1.0,1.0,0.8697916666666666,5,,20,4,8,0,10,8,5,1,3,1,5S,3S,,80,0,True,False,True,False,0
top_ten,svm,occupancy,full,6,unith,6,Faure,june_24_g0,0.999341238471673,1.0,1.0,0.8697916666666666,5,5,20,4,8,0,10,9,5,1,4,1,5S,4S,0.9009249127368077,80,62,True,True,True,True,0
top_ten,svm,occupancy,full,6,unith,6,Faure,june_24_g0,0.999341238471673,1.0,1.0,0.8697916666666666,5,5,20,4,8,0,10,10,5,1,5,1,5S,5S,0.9371425639042247,80,80,True,True,True,True,0
top_ten,svm,occupancy,full,6,unith,6,Faure,june_24_g0,0.999341238471673,1.0,1.0,0.8697916666666666,5,5,20,4,8,0,10,11,5,1,6,1,5S,6S,0.8872282945088548,80,69,True,True,True,True,0
top_ten,svm,occupancy,full,6,unith,6,Faure,june_24_g0,0.999341238471673,1.0,1.0,0.8697916666666666,5,5,20,4,8,0,11,0,6,1,1,0,6S,1H,0.8898658150217804,69,44,True,True,True,True,0
top_ten,svm,occupancy,full,6,unith,6,Faure,june_24_g0,0.999341238471673,1.0,1.0,0.8697916666666666,5,5,20,4,8,0,11,1,6,1,2,0,6S,2H,0.9172825965985222,69,28,True,True,True,True,0
top_ten,svm,occupancy,full,6,unith,6,Faure,june_24_g0,0.999341238471673,1.0,1.0,0.8697916666666666,5,5,20,4,8,0,11,2,6,1,3,0,6S,3H,0.8967653216929479,69,50,True,True,True,True,0
top_ten,svm,occupancy,full,6,unith,6,Faure,june_24_g0,0.999341238471673,1.0,1.0,0.8697916666666666,5,,20,4,8,0,11,3,6,1,4,0,6S,4H,,69,0,True,False,True,False,0
top_ten,svm,occupancy,full,6,unith,6,Faure,june_24_g0,0.999341238471673,1.0,1.0,0.8697916666666666,5,5,20,4,8,0,11,4,6,1,5,0,6S,5H,0.8663239534831686,69,10,True,True,True,True,0
top_ten,svm,occupancy,full,6,unith,6,Faure,june_24_g0,0.999341238471673,1.0,1.0,0.8697916666666666,5,,20,4,8,0,11,5,6,1,6,0,6S,6H,,69,0,True,False,True,False,0
top_ten,svm,occupancy,full,6,unith,6,Faure,june_24_g0,0.999341238471673,1.0,1.0,0.8697916666666666,5,,20,4,8,0,11,6,6,1,1,1,6S,1S,,69,0,True,False,True,False,0
top_ten,svm,occupancy,full,6,unith,6,Faure,june_24_g0,0.999341238471673,1.0,1.0,0.8697916666666666,5,5,20,4,8,0,11,7,6,1,2,1,6S,2S,0.9080123658687927,69,22,True,True,True,True,0
top_ten,svm,occupancy,full,6,unith,6,Faure,june_24_g0,0.999341238471673,1.0,1.0,0.8697916666666666,5,,20,4,8,0,11,8,6,1,3,1,6S,3S,,69,0,True,False,True,False,0
top_ten,svm,occupancy,full,6,unith,6,Faure,june_24_g0,0.999341238471673,1.0,1.0,0.8697916666666666,5,5,20,4,8,0,11,9,6,1,4,1,6S,4S,0.901435010479067,69,62,True,True,True,True,0
top_ten,svm,occupancy,full,6,unith,6,Faure,june_24_g0,0.999341238471673,1.0,1.0,0.8697916666666666,5,5,20,4,8,0,11,10,6,1,5,1,6S,5S,0.8872282945088548,69,80,True,True,True,True,0
top_ten,svm,occupancy,full,6,unith,6,Faure,june_24_g0,0.999341238471673,1.0,1.0,0.8697916666666666,5,5,20,4,8,0,11,11,6,1,6,1,6S,6S,0.8851782700615942,69,69,True,True,True,True,0
top_ten,svm,occupancy,full,6,unith,6,Faure,june_28_g0,0.993063812921126,0.9944510503369005,0.9511494252873562,0.5545023696682464,4,4,20,4,8,0,0,0,1,0,1,0,1H,1H,0.8196729078951561,57,57,True,True,True,True,0
top_ten,svm,occupancy,full,6,unith,6,Faure,june_28_g0,0.993063812921126,0.9944510503369005,0.9511494252873562,0.5545023696682464,4,4,20,4,8,0,0,1,1,0,2,0,1H,2H,0.8530806508547542,57,51,True,True,True,True,0
top_ten,svm,occupancy,full,6,unith,6,Faure,june_28_g0,0.993063812921126,0.9944510503369005,0.9511494252873562,0.5545023696682464,4,4,20,4,8,0,0,2,1,0,3,0,1H,3H,0.8293573121429277,57,64,True,True,True,True,0
top_ten,svm,occupancy,full,6,unith,6,Faure,june_28_g0,0.993063812921126,0.9944510503369005,0.9511494252873562,0.5545023696682464,4,4,20,4,8,0,0,3,1,0,4,0,1H,4H,0.8786457158426462,57,9,True,True,True,True,0
top_ten,svm,occupancy,full,6,unith,6,Faure,june_28_g0,0.993063812921126,0.9944510503369005,0.9511494252873562,0.5545023696682464,4,4,20,4,8,0,0,4,1,0,5,0,1H,5H,0.8696633893134079,57,25,True,True,True,True,0
top_ten,svm,occupancy,full,6,unith,6,Faure,june_28_g0,0.993063812921126,0.9944510503369005,0.9511494252873562,0.5545023696682464,4,,20,4,8,0,0,5,1,0,6,0,1H,6H,,57,0,True,False,True,False,0
top_ten,svm,occupancy,full,6,unith,6,Faure,june_28_g0,0.993063812921126,0.9944510503369005,0.9511494252873562,0.5545023696682464,4,,20,4,8,0,0,6,1,0,1,1,1H,1S,,57,0,True,False,True,False,0
top_ten,svm,occupancy,full,6,unith,6,Faure,june_28_g0,0.993063812921126,0.9944510503369005,0.9511494252873562,0.5545023696682464,4,4,20,4,8,0,0,7,1,0,2,1,1H,2S,0.8744863639071561,57,12,True,True,True,True,0
top_ten,svm,occupancy,full,6,unith,6,Faure,june_28_g0,0.993063812921126,0.9944510503369005,0.9511494252873562,0.5545023696682464,4,,20,4,8,0,0,8,1,0,3,1,1H,3S,,57,0,True,False,True,False,0
top_ten,svm,occupancy,full,6,unith,6,Faure,june_28_g0,0.993063812921126,0.9944510503369005,0.9511494252873562,0.5545023696682464,4,4,20,4,8,0,0,9,1,0,4,1,1H,4S,0.8736423311902548,57,52,True,True,True,True,0
top_ten,svm,occupancy,full,6,unith,6,Faure,june_28_g0,0.993063812921126,0.9944510503369005,0.9511494252873562,0.5545023696682464,4,4,20,4,8,0,0,10,1,0,5,1,1H,5S,0.8392418667269739,57,59,True,True,True,True,0
top_ten,svm,occupancy,full,6,unith,6,Faure,june_28_g0,0.993063812921126,0.9944510503369005,0.9511494252873562,0.5545023696682464,4,4,20,4,8,0,0,11,1,0,6,1,1H,6S,0.8630109668333086,57,80,True,True,True,True,0
top_ten,svm,occupancy,full,6,unith,6,Faure,june_28_g0,0.993063812921126,0.9944510503369005,0.9511494252873562,0.5545023696682464,4,4,20,4,8,0,1,0,2,0,1,0,2H,1H,0.8530806508547542,51,57,True,True,True,True,0
top_ten,svm,occupancy,full,6,unith,6,Faure,june_28_g0,0.993063812921126,0.9944510503369005,0.9511494252873562,0.5545023696682464,4,4,20,4,8,0,1,1,2,0,2,0,2H,2H,0.9284627626012429,51,51,True,True,True,True,0
top_ten,svm,occupancy,full,6,unith,6,Faure,june_28_g0,0.993063812921126,0.9944510503369005,0.9511494252873562,0.5545023696682464,4,4,20,4,8,0,1,2,2,0,3,0,2H,3H,0.8240700265864996,51,64,True,True,True,True,0
top_ten,svm,occupancy,full,6,unith,6,Faure,june_28_g0,0.993063812921126,0.9944510503369005,0.9511494252873562,0.5545023696682464,4,4,20,4,8,0,1,3,2,0,4,0,2H,4H,0.9097070207745048,51,9,True,True,True,True,0
top_ten,svm,occupancy,full,6,unith,6,Faure,june_28_g0,0.993063812921126,0.9944510503369005,0.9511494252873562,0.5545023696682464,4,4,20,4,8,0,1,4,2,0,5,0,2H,5H,0.8559564092494151,51,25,True,True,True,True,0
top_ten,svm,occupancy,full,6,unith,6,Faure,june_28_g0,0.993063812921126,0.9944510503369005,0.9511494252873562,0.5545023696682464,4,,20,4,8,0,1,5,2,0,6,0,2H,6H,,51,0,True,False,True,False,0
top_ten,svm,occupancy,full,6,unith,6,Faure,june_28_g0,0.993063812921126,0.9944510503369005,0.9511494252873562,0.5545023696682464,4,,20,4,8,0,1,6,2,0,1,1,2H,1S,,51,0,True,False,True,False,0
top_ten,svm,occupancy,full,6,unith,6,Faure,june_28_g0,0.993063812921126,0.9944510503369005,0.9511494252873562,0.5545023696682464,4,4,20,4,8,0,1,7,2,0,2,1,2H,2S,0.8812042628694664,51,12,True,True,True,True,0
top_ten,svm,occupancy,full,6,unith,6,Faure,june_28_g0,0.993063812921126,0.9944510503369005,0.9511494252873562,0.5545023696682464,4,,20,4,8,0,1,8,2,0,3,1,2H,3S,,51,0,True,False,True,False,0
top_ten,svm,occupancy,full,6,unith,6,Faure,june_28_g0,0.993063812921126,0.9944510503369005,0.9511494252873562,0.5545023696682464,4,4,20,4,8,0,1,9,2,0,4,1,2H,4S,0.8882770559119921,51,52,True,True,True,True,0
top_ten,svm,occupancy,full,6,unith,6,Faure,june_28_g0,0.993063812921126,0.9944510503369005,0.9511494252873562,0.5545023696682464,4,4,20,4,8,0,1,10,2,0,5,1,2H,5S,0.8195672843035895,51,59,True,True,True,True,0
top_ten,svm,occupancy,full,6,unith,6,Faure,june_28_g0,0.993063812921126,0.9944510503369005,0.9511494252873562,0.5545023696682464,4,4,20,4,8,0,1,11,2,0,6,1,2H,6S,0.8610617276806227,51,80,True,True,True,True,0
top_ten,svm,occupancy,full,6,unith,6,Faure,june_28_g0,0.993063812921126,0.9944510503369005,0.9511494252873562,0.5545023696682464,4,4,20,4,8,0,2,0,3,0,1,0,3H,1H,0.8293573121429277,64,57,True,True,True,True,0
top_ten,svm,occupancy,full,6,unith,6,Faure,june_28_g0,0.993063812921126,0.9944510503369005,0.9511494252873562,0.5545023696682464,4,4,20,4,8,0,2,1,3,0,2,0,3H,2H,0.8240700265864996,64,51,True,True,True,True,0
top_ten,svm,occupancy,full,6,unith,6,Faure,june_28_g0,0.993063812921126,0.9944510503369005,0.9511494252873562,0.5545023696682464,4,4,20,4,8,0,2,2,3,0,3,0,3H,3H,0.8681625692490942,64,64,True,True,True,True,0
top_ten,svm,occupancy,full,6,unith,6,Faure,june_28_g0,0.993063812921126,0.9944510503369005,0.9511494252873562,0.5545023696682464,4,4,20,4,8,0,2,3,3,0,4,0,3H,4H,0.8625765007721379,64,9,True,True,True,True,0
top_ten,svm,occupancy,full,6,unith,6,Faure,june_28_g0,0.993063812921126,0.9944510503369005,0.9511494252873562,0.5545023696682464,4,4,20,4,8,0,2,4,3,0,5,0,3H,5H,0.8876613772107396,64,25,True,True,True,True,0
top_ten,svm,occupancy,full,6,unith,6,Faure,june_28_g0,0.993063812921126,0.9944510503369005,0.9511494252873562,0.5545023696682464,4,,20,4,8,0,2,5,3,0,6,0,3H,6H,,64,0,True,False,True,False,0
top_ten,svm,occupancy,full,6,unith,6,Faure,june_28_g0,0.993063812921126,0.9944510503369005,0.9511494252873562,0.5545023696682464,4,,20,4,8,0,2,6,3,0,1,1,3H,1S,,64,0,True,False,True,False,0
top_ten,svm,occupancy,full,6,unith,6,Faure,june_28_g0,0.993063812921126,0.9944510503369005,0.9511494252873562,0.5545023696682464,4,4,20,4,8,0,2,7,3,0,2,1,3H,2S,0.8736314440029013,64,12,True,True,True,True,0
top_ten,svm,occupancy,full,6,unith,6,Faure,june_28_g0,0.993063812921126,0.9944510503369005,0.9511494252873562,0.5545023696682464,4,,20,4,8,0,2,8,3,0,3,1,3H,3S,,64,0,True,False,True,False,0
top_ten,svm,occupancy,full,6,unith,6,Faure,june_28_g0,0.993063812921126,0.9944510503369005,0.9511494252873562,0.5545023696682464,4,4,20,4,8,0,2,9,3,0,4,1,3H,4S,0.9006662131562967,64,52,True,True,True,True,0
top_ten,svm,occupancy,full,6,unith,6,Faure,june_28_g0,0.993063812921126,0.9944510503369005,0.9511494252873562,0.5545023696682464,4,4,20,4,8,0,2,10,3,0,5,1,3H,5S,0.8941409101424375,64,59,True,True,True,True,0
top_ten,svm,occupancy,full,6,unith,6,Faure,june_28_g0,0.993063812921126,0.9944510503369005,0.9511494252873562,0.5545023696682464,4,4,20,4,8,0,2,11,3,0,6,1,3H,6S,0.8769149821557782,64,80,True,True,True,True,0
top_ten,svm,occupancy,full,6,unith,6,Faure,june_28_g0,0.993063812921126,0.9944510503369005,0.9511494252873562,0.5545023696682464,4,4,20,4,8,0,3,0,4,0,1,0,4H,1H,0.8786457158426462,9,57,True,True,True,True,0
top_ten,svm,occupancy,full,6,unith,6,Faure,june_28_g0,0.993063812921126,0.9944510503369005,0.9511494252873562,0.5545023696682464,4,4,20,4,8,0,3,1,4,0,2,0,4H,2H,0.9097070207745048,9,51,True,True,True,True,0
top_ten,svm,occupancy,full,6,unith,6,Faure,june_28_g0,0.993063812921126,0.9944510503369005,0.9511494252873562,0.5545023696682464,4,4,20,4,8,0,3,2,4,0,3,0,4H,3H,0.8625765007721379,9,64,True,True,True,True,0
top_ten,svm,occupancy,full,6,unith,6,Faure,june_28_g0,0.993063812921126,0.9944510503369005,0.9511494252873562,0.5545023696682464,4,4,20,4,8,0,3,3,4,0,4,0,4H,4H,0.8877216498139043,9,9,True,True,True,True,0
top_ten,svm,occupancy,full,6,unith,6,Faure,june_28_g0,0.993063812921126,0.9944510503369005,0.9511494252873562,0.5545023696682464,4,4,20,4,8,0,3,4,4,0,5,0,4H,5H,0.9123010431557365,9,25,True,True,True,True,0
top_ten,svm,occupancy,full,6,unith,6,Faure,june_28_g0,0.993063812921126,0.9944510503369005,0.9511494252873562,0.5545023696682464,4,,20,4,8,0,3,5,4,0,6,0,4H,6H,,9,0,True,False,True,False,0
top_ten,svm,occupancy,full,6,unith,6,Faure,june_28_g0,0.993063812921126,0.9944510503369005,0.9511494252873562,0.5545023696682464,4,,20,4,8,0,3,6,4,0,1,1,4H,1S,,9,0,True,False,True,False,0
top_ten,svm,occupancy,full,6,unith,6,Faure,june_28_g0,0.993063812921126,0.9944510503369005,0.9511494252873562,0.5545023696682464,4,4,20,4,8,0,3,7,4,0,2,1,4H,2S,0.9168841329668587,9,12,True,True,True,True,0
top_ten,svm,occupancy,full,6,unith,6,Faure,june_28_g0,0.993063812921126,0.9944510503369005,0.9511494252873562,0.5545023696682464,4,,20,4,8,0,3,8,4,0,3,1,4H,3S,,9,0,True,False,True,False,0
top_ten,svm,occupancy,full,6,unith,6,Faure,june_28_g0,0.993063812921126,0.9944510503369005,0.9511494252873562,0.5545023696682464,4,4,20,4,8,0,3,9,4,0,4,1,4H,4S,0.9226829226450789,9,52,True,True,True,True,0
top_ten,svm,occupancy,full,6,unith,6,Faure,june_28_g0,0.993063812921126,0.9944510503369005,0.9511494252873562,0.5545023696682464,4,4,20,4,8,0,3,10,4,0,5,1,4H,5S,0.8749353290021812,9,59,True,True,True,True,0
top_ten,svm,occupancy,full,6,unith,6,Faure,june_28_g0,0.993063812921126,0.9944510503369005,0.9511494252873562,0.5545023696682464,4,4,20,4,8,0,3,11,4,0,6,1,4H,6S,0.8962716162765659,9,80,True,True,True,True,0
top_ten,svm,occupancy,full,6,unith,6,Faure,june_28_g0,0.993063812921126,0.9944510503369005,0.9511494252873562,0.5545023696682464,4,4,20,4,8,0,4,0,5,0,1,0,5H,1H,0.8696633893134079,25,57,True,True,True,True,0
top_ten,svm,occupancy,full,6,unith,6,Faure,june_28_g0,0.993063812921126,0.9944510503369005,0.9511494252873562,0.5545023696682464,4,4,20,4,8,0,4,1,5,0,2,0,5H,2H,0.8559564092494151,25,51,True,True,True,True,0
top_ten,svm,occupancy,full,6,unith,6,Faure,june_28_g0,0.993063812921126,0.9944510503369005,0.9511494252873562,0.5545023696682464,4,4,20,4,8,0,4,2,5,0,3,0,5H,3H,0.8876613772107396,25,64,True,True,True,True,0
top_ten,svm,occupancy,full,6,unith,6,Faure,june_28_g0,0.993063812921126,0.9944510503369005,0.9511494252873562,0.5545023696682464,4,4,20,4,8,0,4,3,5,0,4,0,5H,4H,0.9123010431557365,25,9,True,True,True,True,0
top_ten,svm,occupancy,full,6,unith,6,Faure,june_28_g0,0.993063812921126,0.9944510503369005,0.9511494252873562,0.5545023696682464,4,4,20,4,8,0,4,4,5,0,5,0,5H,5H,0.9445014527251608,25,25,True,True,True,True,0
top_ten,svm,occupancy,full,6,unith,6,Faure,june_28_g0,0.993063812921126,0.9944510503369005,0.9511494252873562,0.5545023696682464,4,,20,4,8,0,4,5,5,0,6,0,5H,6H,,25,0,True,False,True,False,0
top_ten,svm,occupancy,full,6,unith,6,Faure,june_28_g0,0.993063812921126,0.9944510503369005,0.9511494252873562,0.5545023696682464,4,,20,4,8,0,4,6,5,0,1,1,5H,1S,,25,0,True,False,True,False,0
top_ten,svm,occupancy,full,6,unith,6,Faure,june_28_g0,0.993063812921126,0.9944510503369005,0.9511494252873562,0.5545023696682464,4,4,20,4,8,0,4,7,5,0,2,1,5H,2S,0.9212267183709049,25,12,True,True,True,True,0
top_ten,svm,occupancy,full,6,unith,6,Faure,june_28_g0,0.993063812921126,0.9944510503369005,0.9511494252873562,0.5545023696682464,4,,20,4,8,0,4,8,5,0,3,1,5H,3S,,25,0,True,False,True,False,0
top_ten,svm,occupancy,full,6,unith,6,Faure,june_28_g0,0.993063812921126,0.9944510503369005,0.9511494252873562,0.5545023696682464,4,4,20,4,8,0,4,9,5,0,4,1,5H,4S,0.9356521174226289,25,52,True,True,True,True,0
top_ten,svm,occupancy,full,6,unith,6,Faure,june_28_g0,0.993063812921126,0.9944510503369005,0.9511494252873562,0.5545023696682464,4,4,20,4,8,0,4,10,5,0,5,1,5H,5S,0.9290291247009256,25,59,True,True,True,True,0
top_ten,svm,occupancy,full,6,unith,6,Faure,june_28_g0,0.993063812921126,0.9944510503369005,0.9511494252873562,0.5545023696682464,4,4,20,4,8,0,4,11,5,0,6,1,5H,6S,0.9052975468824268,25,80,True,True,True,True,0
top_ten,svm,occupancy,full,6,unith,6,Faure,june_28_g0,0.993063812921126,0.9944510503369005,0.9511494252873562,0.5545023696682464,,4,20,4,8,0,5,0,6,0,1,0,6H,1H,,0,57,False,True,False,True,0
top_ten,svm,occupancy,full,6,unith,6,Faure,june_28_g0,0.993063812921126,0.9944510503369005,0.9511494252873562,0.5545023696682464,,4,20,4,8,0,5,1,6,0,2,0,6H,2H,,0,51,False,True,False,True,0
top_ten,svm,occupancy,full,6,unith,6,Faure,june_28_g0,0.993063812921126,0.9944510503369005,0.9511494252873562,0.5545023696682464,,4,20,4,8,0,5,2,6,0,3,0,6H,3H,,0,64,False,True,False,True,0
top_ten,svm,occupancy,full,6,unith,6,Faure,june_28_g0,0.993063812921126,0.9944510503369005,0.9511494252873562,0.5545023696682464,,4,20,4,8,0,5,3,6,0,4,0,6H,4H,,0,9,False,True,False,True,0
top_ten,svm,occupancy,full,6,unith,6,Faure,june_28_g0,0.993063812921126,0.9944510503369005,0.9511494252873562,0.5545023696682464,,4,20,4,8,0,5,4,6,0,5,0,6H,5H,,0,25,False,True,False,True,0
top_ten,svm,occupancy,full,6,unith,6,Faure,june_28_g0,0.993063812921126,0.9944510503369005,0.9511494252873562,0.5545023696682464,,,20,4,8,0,5,5,6,0,6,0,6H,6H,,0,0,False,False,False,False,0
top_ten,svm,occupancy,full,6,unith,6,Faure,june_28_g0,0.993063812921126,0.9944510503369005,0.9511494252873562,0.5545023696682464,,,20,4,8,0,5,6,6,0,1,1,6H,1S,,0,0,False,False,False,False,0
top_ten,svm,occupancy,full,6,unith,6,Faure,june_28_g0,0.993063812921126,0.9944510503369005,0.9511494252873562,0.5545023696682464,,4,20,4,8,0,5,7,6,0,2,1,6H,2S,,0,12,False,True,False,True,0
top_ten,svm,occupancy,full,6,unith,6,Faure,june_28_g0,0.993063812921126,0.9944510503369005,0.9511494252873562,0.5545023696682464,,,20,4,8,0,5,8,6,0,3,1,6H,3S,,0,0,False,False,False,False,0
top_ten,svm,occupancy,full,6,unith,6,Faure,june_28_g0,0.993063812921126,0.9944510503369005,0.9511494252873562,0.5545023696682464,,4,20,4,8,0,5,9,6,0,4,1,6H,4S,,0,52,False,True,False,True,0
top_ten,svm,occupancy,full,6,unith,6,Faure,june_28_g0,0.993063812921126,0.9944510503369005,0.9511494252873562,0.5545023696682464,,4,20,4,8,0,5,10,6,0,5,1,6H,5S,,0,59,False,True,False,True,0
top_ten,svm,occupancy,full,6,unith,6,Faure,june_28_g0,0.993063812921126,0.9944510503369005,0.9511494252873562,0.5545023696682464,,4,20,4,8,0,5,11,6,0,6,1,6H,6S,,0,80,False,True,False,True,0
top_ten,svm,occupancy,full,6,unith,6,Faure,june_28_g0,0.993063812921126,0.9944510503369005,0.9511494252873562,0.5545023696682464,,4,20,4,8,0,6,0,1,1,1,0,1S,1H,,0,57,False,True,False,True,0
top_ten,svm,occupancy,full,6,unith,6,Faure,june_28_g0,0.993063812921126,0.9944510503369005,0.9511494252873562,0.5545023696682464,,4,20,4,8,0,6,1,1,1,2,0,1S,2H,,0,51,False,True,False,True,0
top_ten,svm,occupancy,full,6,unith,6,Faure,june_28_g0,0.993063812921126,0.9944510503369005,0.9511494252873562,0.5545023696682464,,4,20,4,8,0,6,2,1,1,3,0,1S,3H,,0,64,False,True,False,True,0
top_ten,svm,occupancy,full,6,unith,6,Faure,june_28_g0,0.993063812921126,0.9944510503369005,0.9511494252873562,0.5545023696682464,,4,20,4,8,0,6,3,1,1,4,0,1S,4H,,0,9,False,True,False,True,0
top_ten,svm,occupancy,full,6,unith,6,Faure,june_28_g0,0.993063812921126,0.9944510503369005,0.9511494252873562,0.5545023696682464,,4,20,4,8,0,6,4,1,1,5,0,1S,5H,,0,25,False,True,False,True,0
top_ten,svm,occupancy,full,6,unith,6,Faure,june_28_g0,0.993063812921126,0.9944510503369005,0.9511494252873562,0.5545023696682464,,,20,4,8,0,6,5,1,1,6,0,1S,6H,,0,0,False,False,False,False,0
top_ten,svm,occupancy,full,6,unith,6,Faure,june_28_g0,0.993063812921126,0.9944510503369005,0.9511494252873562,0.5545023696682464,,,20,4,8,0,6,6,1,1,1,1,1S,1S,,0,0,False,False,False,False,0
top_ten,svm,occupancy,full,6,unith,6,Faure,june_28_g0,0.993063812921126,0.9944510503369005,0.9511494252873562,0.5545023696682464,,4,20,4,8,0,6,7,1,1,2,1,1S,2S,,0,12,False,True,False,True,0
top_ten,svm,occupancy,full,6,unith,6,Faure,june_28_g0,0.993063812921126,0.9944510503369005,0.9511494252873562,0.5545023696682464,,,20,4,8,0,6,8,1,1,3,1,1S,3S,,0,0,False,False,False,False,0
top_ten,svm,occupancy,full,6,unith,6,Faure,june_28_g0,0.993063812921126,0.9944510503369005,0.9511494252873562,0.5545023696682464,,4,20,4,8,0,6,9,1,1,4,1,1S,4S,,0,52,False,True,False,True,0
top_ten,svm,occupancy,full,6,unith,6,Faure,june_28_g0,0.993063812921126,0.9944510503369005,0.9511494252873562,0.5545023696682464,,4,20,4,8,0,6,10,1,1,5,1,1S,5S,,0,59,False,True,False,True,0
top_ten,svm,occupancy,full,6,unith,6,Faure,june_28_g0,0.993063812921126,0.9944510503369005,0.9511494252873562,0.5545023696682464,,4,20,4,8,0,6,11,1,1,6,1,1S,6S,,0,80,False,True,False,True,0
top_ten,svm,occupancy,full,6,unith,6,Faure,june_28_g0,0.993063812921126,0.9944510503369005,0.9511494252873562,0.5545023696682464,4,4,20,4,8,0,7,0,2,1,1,0,2S,1H,0.8744863639071561,12,57,True,True,True,True,0
top_ten,svm,occupancy,full,6,unith,6,Faure,june_28_g0,0.993063812921126,0.9944510503369005,0.9511494252873562,0.5545023696682464,4,4,20,4,8,0,7,1,2,1,2,0,2S,2H,0.8812042628694664,12,51,True,True,True,True,0
top_ten,svm,occupancy,full,6,unith,6,Faure,june_28_g0,0.993063812921126,0.9944510503369005,0.9511494252873562,0.5545023696682464,4,4,20,4,8,0,7,2,2,1,3,0,2S,3H,0.8736314440029013,12,64,True,True,True,True,0
top_ten,svm,occupancy,full,6,unith,6,Faure,june_28_g0,0.993063812921126,0.9944510503369005,0.9511494252873562,0.5545023696682464,4,4,20,4,8,0,7,3,2,1,4,0,2S,4H,0.9168841329668587,12,9,True,True,True,True,0
top_ten,svm,occupancy,full,6,unith,6,Faure,june_28_g0,0.993063812921126,0.9944510503369005,0.9511494252873562,0.5545023696682464,4,4,20,4,8,0,7,4,2,1,5,0,2S,5H,0.9212267183709049,12,25,True,True,True,True,0
top_ten,svm,occupancy,full,6,unith,6,Faure,june_28_g0,0.993063812921126,0.9944510503369005,0.9511494252873562,0.5545023696682464,4,,20,4,8,0,7,5,2,1,6,0,2S,6H,,12,0,True,False,True,False,0
top_ten,svm,occupancy,full,6,unith,6,Faure,june_28_g0,0.993063812921126,0.9944510503369005,0.9511494252873562,0.5545023696682464,4,,20,4,8,0,7,6,2,1,1,1,2S,1S,,12,0,True,False,True,False,0
top_ten,svm,occupancy,full,6,unith,6,Faure,june_28_g0,0.993063812921126,0.9944510503369005,0.9511494252873562,0.5545023696682464,4,4,20,4,8,0,7,7,2,1,2,1,2S,2S,0.8761858555697607,12,12,True,True,True,True,0
top_ten,svm,occupancy,full,6,unith,6,Faure,june_28_g0,0.993063812921126,0.9944510503369005,0.9511494252873562,0.5545023696682464,4,,20,4,8,0,7,8,2,1,3,1,2S,3S,,12,0,True,False,True,False,0
top_ten,svm,occupancy,full,6,unith,6,Faure,june_28_g0,0.993063812921126,0.9944510503369005,0.9511494252873562,0.5545023696682464,4,4,20,4,8,0,7,9,2,1,4,1,2S,4S,0.9103011971753905,12,52,True,True,True,True,0
top_ten,svm,occupancy,full,6,unith,6,Faure,june_28_g0,0.993063812921126,0.9944510503369005,0.9511494252873562,0.5545023696682464,4,4,20,4,8,0,7,10,2,1,5,1,2S,5S,0.9033608558303758,12,59,True,True,True,True,0
top_ten,svm,occupancy,full,6,unith,6,Faure,june_28_g0,0.993063812921126,0.9944510503369005,0.9511494252873562,0.5545023696682464,4,4,20,4,8,0,7,11,2,1,6,1,2S,6S,0.9120606917957422,12,80,True,True,True,True,0
top_ten,svm,occupancy,full,6,unith,6,Faure,june_28_g0,0.993063812921126,0.9944510503369005,0.9511494252873562,0.5545023696682464,,4,20,4,8,0,8,0,3,1,1,0,3S,1H,,0,57,False,True,False,True,0
top_ten,svm,occupancy,full,6,unith,6,Faure,june_28_g0,0.993063812921126,0.9944510503369005,0.9511494252873562,0.5545023696682464,,4,20,4,8,0,8,1,3,1,2,0,3S,2H,,0,51,False,True,False,True,0
top_ten,svm,occupancy,full,6,unith,6,Faure,june_28_g0,0.993063812921126,0.9944510503369005,0.9511494252873562,0.5545023696682464,,4,20,4,8,0,8,2,3,1,3,0,3S,3H,,0,64,False,True,False,True,0
top_ten,svm,occupancy,full,6,unith,6,Faure,june_28_g0,0.993063812921126,0.9944510503369005,0.9511494252873562,0.5545023696682464,,4,20,4,8,0,8,3,3,1,4,0,3S,4H,,0,9,False,True,False,True,0
top_ten,svm,occupancy,full,6,unith,6,Faure,june_28_g0,0.993063812921126,0.9944510503369005,0.9511494252873562,0.5545023696682464,,4,20,4,8,0,8,4,3,1,5,0,3S,5H,,0,25,False,True,False,True,0
top_ten,svm,occupancy,full,6,unith,6,Faure,june_28_g0,0.993063812921126,0.9944510503369005,0.9511494252873562,0.5545023696682464,,,20,4,8,0,8,5,3,1,6,0,3S,6H,,0,0,False,False,False,False,0
top_ten,svm,occupancy,full,6,unith,6,Faure,june_28_g0,0.993063812921126,0.9944510503369005,0.9511494252873562,0.5545023696682464,,,20,4,8,0,8,6,3,1,1,1,3S,1S,,0,0,False,False,False,False,0
top_ten,svm,occupancy,full,6,unith,6,Faure,june_28_g0,0.993063812921126,0.9944510503369005,0.9511494252873562,0.5545023696682464,,4,20,4,8,0,8,7,3,1,2,1,3S,2S,,0,12,False,True,False,True,0
top_ten,svm,occupancy,full,6,unith,6,Faure,june_28_g0,0.993063812921126,0.9944510503369005,0.9511494252873562,0.5545023696682464,,,20,4,8,0,8,8,3,1,3,1,3S,3S,,0,0,False,False,False,False,0
top_ten,svm,occupancy,full,6,unith,6,Faure,june_28_g0,0.993063812921126,0.9944510503369005,0.9511494252873562,0.5545023696682464,,4,20,4,8,0,8,9,3,1,4,1,3S,4S,,0,52,False,True,False,True,0
top_ten,svm,occupancy,full,6,unith,6,Faure,june_28_g0,0.993063812921126,0.9944510503369005,0.9511494252873562,0.5545023696682464,,4,20,4,8,0,8,10,3,1,5,1,3S,5S,,0,59,False,True,False,True,0
top_ten,svm,occupancy,full,6,unith,6,Faure,june_28_g0,0.993063812921126,0.9944510503369005,0.9511494252873562,0.5545023696682464,,4,20,4,8,0,8,11,3,1,6,1,3S,6S,,0,80,False,True,False,True,0
top_ten,svm,occupancy,full,6,unith,6,Faure,june_28_g0,0.993063812921126,0.9944510503369005,0.9511494252873562,0.5545023696682464,4,4,20,4,8,0,9,0,4,1,1,0,4S,1H,0.8736423311902548,52,57,True,True,True,True,0
top_ten,svm,occupancy,full,6,unith,6,Faure,june_28_g0,0.993063812921126,0.9944510503369005,0.9511494252873562,0.5545023696682464,4,4,20,4,8,0,9,1,4,1,2,0,4S,2H,0.8882770559119921,52,51,True,True,True,True,0
top_ten,svm,occupancy,full,6,unith,6,Faure,june_28_g0,0.993063812921126,0.9944510503369005,0.9511494252873562,0.5545023696682464,4,4,20,4,8,0,9,2,4,1,3,0,4S,3H,0.9006662131562967,52,64,True,True,True,True,0
top_ten,svm,occupancy,full,6,unith,6,Faure,june_28_g0,0.993063812921126,0.9944510503369005,0.9511494252873562,0.5545023696682464,4,4,20,4,8,0,9,3,4,1,4,0,4S,4H,0.9226829226450789,52,9,True,True,True,True,0
top_ten,svm,occupancy,full,6,unith,6,Faure,june_28_g0,0.993063812921126,0.9944510503369005,0.9511494252873562,0.5545023696682464,4,4,20,4,8,0,9,4,4,1,5,0,4S,5H,0.9356521174226289,52,25,True,True,True,True,0
top_ten,svm,occupancy,full,6,unith,6,Faure,june_28_g0,0.993063812921126,0.9944510503369005,0.9511494252873562,0.5545023696682464,4,,20,4,8,0,9,5,4,1,6,0,4S,6H,,52,0,True,False,True,False,0
top_ten,svm,occupancy,full,6,unith,6,Faure,june_28_g0,0.993063812921126,0.9944510503369005,0.9511494252873562,0.5545023696682464,4,,20,4,8,0,9,6,4,1,1,1,4S,1S,,52,0,True,False,True,False,0
top_ten,svm,occupancy,full,6,unith,6,Faure,june_28_g0,0.993063812921126,0.9944510503369005,0.9511494252873562,0.5545023696682464,4,4,20,4,8,0,9,7,4,1,2,1,4S,2S,0.9103011971753905,52,12,True,True,True,True,0
top_ten,svm,occupancy,full,6,unith,6,Faure,june_28_g0,0.993063812921126,0.9944510503369005,0.9511494252873562,0.5545023696682464,4,,20,4,8,0,9,8,4,1,3,1,4S,3S,,52,0,True,False,True,False,0
top_ten,svm,occupancy,full,6,unith,6,Faure,june_28_g0,0.993063812921126,0.9944510503369005,0.9511494252873562,0.5545023696682464,4,4,20,4,8,0,9,9,4,1,4,1,4S,4S,0.9223854788211572,52,52,True,True,True,True,0
top_ten,svm,occupancy,full,6,unith,6,Faure,june_28_g0,0.993063812921126,0.9944510503369005,0.9511494252873562,0.5545023696682464,4,4,20,4,8,0,9,10,4,1,5,1,4S,5S,0.9136308175339932,52,59,True,True,True,True,0
top_ten,svm,occupancy,full,6,unith,6,Faure,june_28_g0,0.993063812921126,0.9944510503369005,0.9511494252873562,0.5545023696682464,4,4,20,4,8,0,9,11,4,1,6,1,4S,6S,0.9138253259247382,52,80,True,True,True,True,0
top_ten,svm,occupancy,full,6,unith,6,Faure,june_28_g0,0.993063812921126,0.9944510503369005,0.9511494252873562,0.5545023696682464,4,4,20,4,8,0,10,0,5,1,1,0,5S,1H,0.8392418667269739,59,57,True,True,True,True,0
top_ten,svm,occupancy,full,6,unith,6,Faure,june_28_g0,0.993063812921126,0.9944510503369005,0.9511494252873562,0.5545023696682464,4,4,20,4,8,0,10,1,5,1,2,0,5S,2H,0.8195672843035895,59,51,True,True,True,True,0
top_ten,svm,occupancy,full,6,unith,6,Faure,june_28_g0,0.993063812921126,0.9944510503369005,0.9511494252873562,0.5545023696682464,4,4,20,4,8,0,10,2,5,1,3,0,5S,3H,0.8941409101424375,59,64,True,True,True,True,0
top_ten,svm,occupancy,full,6,unith,6,Faure,june_28_g0,0.993063812921126,0.9944510503369005,0.9511494252873562,0.5545023696682464,4,4,20,4,8,0,10,3,5,1,4,0,5S,4H,0.8749353290021812,59,9,True,True,True,True,0
top_ten,svm,occupancy,full,6,unith,6,Faure,june_28_g0,0.993063812921126,0.9944510503369005,0.9511494252873562,0.5545023696682464,4,4,20,4,8,0,10,4,5,1,5,0,5S,5H,0.9290291247009256,59,25,True,True,True,True,0
top_ten,svm,occupancy,full,6,unith,6,Faure,june_28_g0,0.993063812921126,0.9944510503369005,0.9511494252873562,0.5545023696682464,4,,20,4,8,0,10,5,5,1,6,0,5S,6H,,59,0,True,False,True,False,0
top_ten,svm,occupancy,full,6,unith,6,Faure,june_28_g0,0.993063812921126,0.9944510503369005,0.9511494252873562,0.5545023696682464,4,,20,4,8,0,10,6,5,1,1,1,5S,1S,,59,0,True,False,True,False,0
top_ten,svm,occupancy,full,6,unith,6,Faure,june_28_g0,0.993063812921126,0.9944510503369005,0.9511494252873562,0.5545023696682464,4,4,20,4,8,0,10,7,5,1,2,1,5S,2S,0.9033608558303758,59,12,True,True,True,True,0
top_ten,svm,occupancy,full,6,unith,6,Faure,june_28_g0,0.993063812921126,0.9944510503369005,0.9511494252873562,0.5545023696682464,4,,20,4,8,0,10,8,5,1,3,1,5S,3S,,59,0,True,False,True,False,0
top_ten,svm,occupancy,full,6,unith,6,Faure,june_28_g0,0.993063812921126,0.9944510503369005,0.9511494252873562,0.5545023696682464,4,4,20,4,8,0,10,9,5,1,4,1,5S,4S,0.9136308175339932,59,52,True,True,True,True,0
top_ten,svm,occupancy,full,6,unith,6,Faure,june_28_g0,0.993063812921126,0.9944510503369005,0.9511494252873562,0.5545023696682464,4,4,20,4,8,0,10,10,5,1,5,1,5S,5S,0.9057157876136503,59,59,True,True,True,True,0
top_ten,svm,occupancy,full,6,unith,6,Faure,june_28_g0,0.993063812921126,0.9944510503369005,0.9511494252873562,0.5545023696682464,4,4,20,4,8,0,10,11,5,1,6,1,5S,6S,0.8674819893306618,59,80,True,True,True,True,0
top_ten,svm,occupancy,full,6,unith,6,Faure,june_28_g0,0.993063812921126,0.9944510503369005,0.9511494252873562,0.5545023696682464,4,4,20,4,8,0,11,0,6,1,1,0,6S,1H,0.8630109668333086,80,57,True,True,True,True,0
top_ten,svm,occupancy,full,6,unith,6,Faure,june_28_g0,0.993063812921126,0.9944510503369005,0.9511494252873562,0.5545023696682464,4,4,20,4,8,0,11,1,6,1,2,0,6S,2H,0.8610617276806227,80,51,True,True,True,True,0
top_ten,svm,occupancy,full,6,unith,6,Faure,june_28_g0,0.993063812921126,0.9944510503369005,0.9511494252873562,0.5545023696682464,4,4,20,4,8,0,11,2,6,1,3,0,6S,3H,0.8769149821557782,80,64,True,True,True,True,0
top_ten,svm,occupancy,full,6,unith,6,Faure,june_28_g0,0.993063812921126,0.9944510503369005,0.9511494252873562,0.5545023696682464,4,4,20,4,8,0,11,3,6,1,4,0,6S,4H,0.8962716162765659,80,9,True,True,True,True,0
top_ten,svm,occupancy,full,6,unith,6,Faure,june_28_g0,0.993063812921126,0.9944510503369005,0.9511494252873562,0.5545023696682464,4,4,20,4,8,0,11,4,6,1,5,0,6S,5H,0.9052975468824268,80,25,True,True,True,True,0
top_ten,svm,occupancy,full,6,unith,6,Faure,june_28_g0,0.993063812921126,0.9944510503369005,0.9511494252873562,0.5545023696682464,4,,20,4,8,0,11,5,6,1,6,0,6S,6H,,80,0,True,False,True,False,0
top_ten,svm,occupancy,full,6,unith,6,Faure,june_28_g0,0.993063812921126,0.9944510503369005,0.9511494252873562,0.5545023696682464,4,,20,4,8,0,11,6,6,1,1,1,6S,1S,,80,0,True,False,True,False,0
top_ten,svm,occupancy,full,6,unith,6,Faure,june_28_g0,0.993063812921126,0.9944510503369005,0.9511494252873562,0.5545023696682464,4,4,20,4,8,0,11,7,6,1,2,1,6S,2S,0.9120606917957422,80,12,True,True,True,True,0
top_ten,svm,occupancy,full,6,unith,6,Faure,june_28_g0,0.993063812921126,0.9944510503369005,0.9511494252873562,0.5545023696682464,4,,20,4,8,0,11,8,6,1,3,1,6S,3S,,80,0,True,False,True,False,0
top_ten,svm,occupancy,full,6,unith,6,Faure,june_28_g0,0.993063812921126,0.9944510503369005,0.9511494252873562,0.5545023696682464,4,4,20,4,8,0,11,9,6,1,4,1,6S,4S,0.9138253259247382,80,52,True,True,True,True,0
top_ten,svm,occupancy,full,6,unith,6,Faure,june_28_g0,0.993063812921126,0.9944510503369005,0.9511494252873562,0.5545023696682464,4,4,20,4,8,0,11,10,6,1,5,1,6S,5S,0.8674819893306618,80,59,True,True,True,True,0
top_ten,svm,occupancy,full,6,unith,6,Faure,june_28_g0,0.993063812921126,0.9944510503369005,0.9511494252873562,0.5545023696682464,4,4,20,4,8,0,11,11,6,1,6,1,6S,6S,0.8701501019560454,80,80,True,True,True,True,0
top_ten,svm,occupancy,full,6,unith,6,Faure,june_29_g0,0.983380681818182,0.9982954545454545,0.975284090909091,0.40654205607476634,8,8,20,4,8,0,0,0,1,0,1,0,1H,1H,0.9459799189251623,54,54,True,True,True,True,0
top_ten,svm,occupancy,full,6,unith,6,Faure,june_29_g0,0.983380681818182,0.9982954545454545,0.975284090909091,0.40654205607476634,8,8,20,4,8,0,0,1,1,0,2,0,1H,2H,0.9277599496921889,54,29,True,True,True,True,0
top_ten,svm,occupancy,full,6,unith,6,Faure,june_29_g0,0.983380681818182,0.9982954545454545,0.975284090909091,0.40654205607476634,8,8,20,4,8,0,0,2,1,0,3,0,1H,3H,0.9402866512798583,54,61,True,True,True,True,0
top_ten,svm,occupancy,full,6,unith,6,Faure,june_29_g0,0.983380681818182,0.9982954545454545,0.975284090909091,0.40654205607476634,8,,20,4,8,0,0,3,1,0,4,0,1H,4H,,54,0,True,False,True,False,0
top_ten,svm,occupancy,full,6,unith,6,Faure,june_29_g0,0.983380681818182,0.9982954545454545,0.975284090909091,0.40654205607476634,8,8,20,4,8,0,0,4,1,0,5,0,1H,5H,0.9515496955052752,54,16,True,True,True,True,0
top_ten,svm,occupancy,full,6,unith,6,Faure,june_29_g0,0.983380681818182,0.9982954545454545,0.975284090909091,0.40654205607476634,8,,20,4,8,0,0,5,1,0,6,0,1H,6H,,54,0,True,False,True,False,0
top_ten,svm,occupancy,full,6,unith,6,Faure,june_29_g0,0.983380681818182,0.9982954545454545,0.975284090909091,0.40654205607476634,8,,20,4,8,0,0,6,1,0,1,1,1H,1S,,54,0,True,False,True,False,0
top_ten,svm,occupancy,full,6,unith,6,Faure,june_29_g0,0.983380681818182,0.9982954545454545,0.975284090909091,0.40654205607476634,8,8,20,4,8,0,0,7,1,0,2,1,1H,2S,0.9082449060085992,54,29,True,True,True,True,0
top_ten,svm,occupancy,full,6,unith,6,Faure,june_29_g0,0.983380681818182,0.9982954545454545,0.975284090909091,0.40654205607476634,8,,20,4,8,0,0,8,1,0,3,1,1H,3S,,54,0,True,False,True,False,0
top_ten,svm,occupancy,full,6,unith,6,Faure,june_29_g0,0.983380681818182,0.9982954545454545,0.975284090909091,0.40654205607476634,8,8,20,4,8,0,0,9,1,0,4,1,1H,4S,0.9507572585486335,54,70,True,True,True,True,0
top_ten,svm,occupancy,full,6,unith,6,Faure,june_29_g0,0.983380681818182,0.9982954545454545,0.975284090909091,0.40654205607476634,8,8,20,4,8,0,0,10,1,0,5,1,1H,5S,0.943067728930367,54,78,True,True,True,True,0
top_ten,svm,occupancy,full,6,unith,6,Faure,june_29_g0,0.983380681818182,0.9982954545454545,0.975284090909091,0.40654205607476634,8,8,20,4,8,0,0,11,1,0,6,1,1H,6S,0.9383238943020276,54,62,True,True,True,True,0
top_ten,svm,occupancy,full,6,unith,6,Faure,june_29_g0,0.983380681818182,0.9982954545454545,0.975284090909091,0.40654205607476634,8,8,20,4,8,0,1,0,2,0,1,0,2H,1H,0.9277599496921889,29,54,True,True,True,True,0
top_ten,svm,occupancy,full,6,unith,6,Faure,june_29_g0,0.983380681818182,0.9982954545454545,0.975284090909091,0.40654205607476634,8,8,20,4,8,0,1,1,2,0,2,0,2H,2H,0.9551485844820664,29,29,True,True,True,True,0
top_ten,svm,occupancy,full,6,unith,6,Faure,june_29_g0,0.983380681818182,0.9982954545454545,0.975284090909091,0.40654205607476634,8,8,20,4,8,0,1,2,2,0,3,0,2H,3H,0.8981705888029495,29,61,True,True,True,True,0
top_ten,svm,occupancy,full,6,unith,6,Faure,june_29_g0,0.983380681818182,0.9982954545454545,0.975284090909091,0.40654205607476634,8,,20,4,8,0,1,3,2,0,4,0,2H,4H,,29,0,True,False,True,False,0
top_ten,svm,occupancy,full,6,unith,6,Faure,june_29_g0,0.983380681818182,0.9982954545454545,0.975284090909091,0.40654205607476634,8,8,20,4,8,0,1,4,2,0,5,0,2H,5H,0.9473085911669401,29,16,True,True,True,True,0
top_ten,svm,occupancy,full,6,unith,6,Faure,june_29_g0,0.983380681818182,0.9982954545454545,0.975284090909091,0.40654205607476634,8,,20,4,8,0,1,5,2,0,6,0,2H,6H,,29,0,True,False,True,False,0
top_ten,svm,occupancy,full,6,unith,6,Faure,june_29_g0,0.983380681818182,0.9982954545454545,0.975284090909091,0.40654205607476634,8,,20,4,8,0,1,6,2,0,1,1,2H,1S,,29,0,True,False,True,False,0
top_ten,svm,occupancy,full,6,unith,6,Faure,june_29_g0,0.983380681818182,0.9982954545454545,0.975284090909091,0.40654205607476634,8,8,20,4,8,0,1,7,2,0,2,1,2H,2S,0.9295432446415981,29,29,True,True,True,True,0
top_ten,svm,occupancy,full,6,unith,6,Faure,june_29_g0,0.983380681818182,0.9982954545454545,0.975284090909091,0.40654205607476634,8,,20,4,8,0,1,8,2,0,3,1,2H,3S,,29,0,True,False,True,False,0
top_ten,svm,occupancy,full,6,unith,6,Faure,june_29_g0,0.983380681818182,0.9982954545454545,0.975284090909091,0.40654205607476634,8,8,20,4,8,0,1,9,2,0,4,1,2H,4S,0.9384664379046189,29,70,True,True,True,True,0
top_ten,svm,occupancy,full,6,unith,6,Faure,june_29_g0,0.983380681818182,0.9982954545454545,0.975284090909091,0.40654205607476634,8,8,20,4,8,0,1,10,2,0,5,1,2H,5S,0.9126765247860487,29,78,True,True,True,True,0
top_ten,svm,occupancy,full,6,unith,6,Faure,june_29_g0,0.983380681818182,0.9982954545454545,0.975284090909091,0.40654205607476634,8,8,20,4,8,0,1,11,2,0,6,1,2H,6S,0.9343019444575807,29,62,True,True,True,True,0
top_ten,svm,occupancy,full,6,unith,6,Faure,june_29_g0,0.983380681818182,0.9982954545454545,0.975284090909091,0.40654205607476634,8,8,20,4,8,0,2,0,3,0,1,0,3H,1H,0.9402866512798583,61,54,True,True,True,True,0
top_ten,svm,occupancy,full,6,unith,6,Faure,june_29_g0,0.983380681818182,0.9982954545454545,0.975284090909091,0.40654205607476634,8,8,20,4,8,0,2,1,3,0,2,0,3H,2H,0.8981705888029495,61,29,True,True,True,True,0
top_ten,svm,occupancy,full,6,unith,6,Faure,june_29_g0,0.983380681818182,0.9982954545454545,0.975284090909091,0.40654205607476634,8,8,20,4,8,0,2,2,3,0,3,0,3H,3H,0.9364666141158315,61,61,True,True,True,True,0
top_ten,svm,occupancy,full,6,unith,6,Faure,june_29_g0,0.983380681818182,0.9982954545454545,0.975284090909091,0.40654205607476634,8,,20,4,8,0,2,3,3,0,4,0,3H,4H,,61,0,True,False,True,False,0
top_ten,svm,occupancy,full,6,unith,6,Faure,june_29_g0,0.983380681818182,0.9982954545454545,0.975284090909091,0.40654205607476634,8,8,20,4,8,0,2,4,3,0,5,0,3H,5H,0.9392156232329938,61,16,True,True,True,True,0
top_ten,svm,occupancy,full,6,unith,6,Faure,june_29_g0,0.983380681818182,0.9982954545454545,0.975284090909091,0.40654205607476634,8,,20,4,8,0,2,5,3,0,6,0,3H,6H,,61,0,True,False,True,False,0
top_ten,svm,occupancy,full,6,unith,6,Faure,june_29_g0,0.983380681818182,0.9982954545454545,0.975284090909091,0.40654205607476634,8,,20,4,8,0,2,6,3,0,1,1,3H,1S,,61,0,True,False,True,False,0
top_ten,svm,occupancy,full,6,unith,6,Faure,june_29_g0,0.983380681818182,0.9982954545454545,0.975284090909091,0.40654205607476634,8,8,20,4,8,0,2,7,3,0,2,1,3H,2S,0.9038940453444317,61,29,True,True,True,True,0
top_ten,svm,occupancy,full,6,unith,6,Faure,june_29_g0,0.983380681818182,0.9982954545454545,0.975284090909091,0.40654205607476634,8,,20,4,8,0,2,8,3,0,3,1,3H,3S,,61,0,True,False,True,False,0
top_ten,svm,occupancy,full,6,unith,6,Faure,june_29_g0,0.983380681818182,0.9982954545454545,0.975284090909091,0.40654205607476634,8,8,20,4,8,0,2,9,3,0,4,1,3H,4S,0.9444551079592417,61,70,True,True,True,True,0
top_ten,svm,occupancy,full,6,unith,6,Faure,june_29_g0,0.983380681818182,0.9982954545454545,0.975284090909091,0.40654205607476634,8,8,20,4,8,0,2,10,3,0,5,1,3H,5S,0.93780805941299,61,78,True,True,True,True,0
top_ten,svm,occupancy,full,6,unith,6,Faure,june_29_g0,0.983380681818182,0.9982954545454545,0.975284090909091,0.40654205607476634,8,8,20,4,8,0,2,11,3,0,6,1,3H,6S,0.9569310515655449,61,62,True,True,True,True,0
top_ten,svm,occupancy,full,6,unith,6,Faure,june_29_g0,0.983380681818182,0.9982954545454545,0.975284090909091,0.40654205607476634,,8,20,4,8,0,3,0,4,0,1,0,4H,1H,,0,54,False,True,False,True,0
top_ten,svm,occupancy,full,6,unith,6,Faure,june_29_g0,0.983380681818182,0.9982954545454545,0.975284090909091,0.40654205607476634,,8,20,4,8,0,3,1,4,0,2,0,4H,2H,,0,29,False,True,False,True,0
top_ten,svm,occupancy,full,6,unith,6,Faure,june_29_g0,0.983380681818182,0.9982954545454545,0.975284090909091,0.40654205607476634,,8,20,4,8,0,3,2,4,0,3,0,4H,3H,,0,61,False,True,False,True,0
top_ten,svm,occupancy,full,6,unith,6,Faure,june_29_g0,0.983380681818182,0.9982954545454545,0.975284090909091,0.40654205607476634,,,20,4,8,0,3,3,4,0,4,0,4H,4H,,0,0,False,False,False,False,0
top_ten,svm,occupancy,full,6,unith,6,Faure,june_29_g0,0.983380681818182,0.9982954545454545,0.975284090909091,0.40654205607476634,,8,20,4,8,0,3,4,4,0,5,0,4H,5H,,0,16,False,True,False,True,0
top_ten,svm,occupancy,full,6,unith,6,Faure,june_29_g0,0.983380681818182,0.9982954545454545,0.975284090909091,0.40654205607476634,,,20,4,8,0,3,5,4,0,6,0,4H,6H,,0,0,False,False,False,False,0
top_ten,svm,occupancy,full,6,unith,6,Faure,june_29_g0,0.983380681818182,0.9982954545454545,0.975284090909091,0.40654205607476634,,,20,4,8,0,3,6,4,0,1,1,4H,1S,,0,0,False,False,False,False,0
top_ten,svm,occupancy,full,6,unith,6,Faure,june_29_g0,0.983380681818182,0.9982954545454545,0.975284090909091,0.40654205607476634,,8,20,4,8,0,3,7,4,0,2,1,4H,2S,,0,29,False,True,False,True,0
top_ten,svm,occupancy,full,6,unith,6,Faure,june_29_g0,0.983380681818182,0.9982954545454545,0.975284090909091,0.40654205607476634,,,20,4,8,0,3,8,4,0,3,1,4H,3S,,0,0,False,False,False,False,0
top_ten,svm,occupancy,full,6,unith,6,Faure,june_29_g0,0.983380681818182,0.9982954545454545,0.975284090909091,0.40654205607476634,,8,20,4,8,0,3,9,4,0,4,1,4H,4S,,0,70,False,True,False,True,0
top_ten,svm,occupancy,full,6,unith,6,Faure,june_29_g0,0.983380681818182,0.9982954545454545,0.975284090909091,0.40654205607476634,,8,20,4,8,0,3,10,4,0,5,1,4H,5S,,0,78,False,True,False,True,0
top_ten,svm,occupancy,full,6,unith,6,Faure,june_29_g0,0.983380681818182,0.9982954545454545,0.975284090909091,0.40654205607476634,,8,20,4,8,0,3,11,4,0,6,1,4H,6S,,0,62,False,True,False,True,0
top_ten,svm,occupancy,full,6,unith,6,Faure,june_29_g0,0.983380681818182,0.9982954545454545,0.975284090909091,0.40654205607476634,8,8,20,4,8,0,4,0,5,0,1,0,5H,1H,0.9515496955052752,16,54,True,True,True,True,0
top_ten,svm,occupancy,full,6,unith,6,Faure,june_29_g0,0.983380681818182,0.9982954545454545,0.975284090909091,0.40654205607476634,8,8,20,4,8,0,4,1,5,0,2,0,5H,2H,0.9473085911669401,16,29,True,True,True,True,0
top_ten,svm,occupancy,full,6,unith,6,Faure,june_29_g0,0.983380681818182,0.9982954545454545,0.975284090909091,0.40654205607476634,8,8,20,4,8,0,4,2,5,0,3,0,5H,3H,0.9392156232329938,16,61,True,True,True,True,0
top_ten,svm,occupancy,full,6,unith,6,Faure,june_29_g0,0.983380681818182,0.9982954545454545,0.975284090909091,0.40654205607476634,8,,20,4,8,0,4,3,5,0,4,0,5H,4H,,16,0,True,False,True,False,0
top_ten,svm,occupancy,full,6,unith,6,Faure,june_29_g0,0.983380681818182,0.9982954545454545,0.975284090909091,0.40654205607476634,8,8,20,4,8,0,4,4,5,0,5,0,5H,5H,0.9690972785040964,16,16,True,True,True,True,0
top_ten,svm,occupancy,full,6,unith,6,Faure,june_29_g0,0.983380681818182,0.9982954545454545,0.975284090909091,0.40654205607476634,8,,20,4,8,0,4,5,5,0,6,0,5H,6H,,16,0,True,False,True,False,0
top_ten,svm,occupancy,full,6,unith,6,Faure,june_29_g0,0.983380681818182,0.9982954545454545,0.975284090909091,0.40654205607476634,8,,20,4,8,0,4,6,5,0,1,1,5H,1S,,16,0,True,False,True,False,0
top_ten,svm,occupancy,full,6,unith,6,Faure,june_29_g0,0.983380681818182,0.9982954545454545,0.975284090909091,0.40654205607476634,8,8,20,4,8,0,4,7,5,0,2,1,5H,2S,0.9635538754260736,16,29,True,True,True,True,0
top_ten,svm,occupancy,full,6,unith,6,Faure,june_29_g0,0.983380681818182,0.9982954545454545,0.975284090909091,0.40654205607476634,8,,20,4,8,0,4,8,5,0,3,1,5H,3S,,16,0,True,False,True,False,0
top_ten,svm,occupancy,full,6,unith,6,Faure,june_29_g0,0.983380681818182,0.9982954545454545,0.975284090909091,0.40654205607476634,8,8,20,4,8,0,4,9,5,0,4,1,5H,4S,0.9772356873518244,16,70,True,True,True,True,0
top_ten,svm,occupancy,full,6,unith,6,Faure,june_29_g0,0.983380681818182,0.9982954545454545,0.975284090909091,0.40654205607476634,8,8,20,4,8,0,4,10,5,0,5,1,5H,5S,0.9519023757212614,16,78,True,True,True,True,0
top_ten,svm,occupancy,full,6,unith,6,Faure,june_29_g0,0.983380681818182,0.9982954545454545,0.975284090909091,0.40654205607476634,8,8,20,4,8,0,4,11,5,0,6,1,5H,6S,0.9593304396335489,16,62,True,True,True,True,0
top_ten,svm,occupancy,full,6,unith,6,Faure,june_29_g0,0.983380681818182,0.9982954545454545,0.975284090909091,0.40654205607476634,,8,20,4,8,0,5,0,6,0,1,0,6H,1H,,0,54,False,True,False,True,0
top_ten,svm,occupancy,full,6,unith,6,Faure,june_29_g0,0.983380681818182,0.9982954545454545,0.975284090909091,0.40654205607476634,,8,20,4,8,0,5,1,6,0,2,0,6H,2H,,0,29,False,True,False,True,0
top_ten,svm,occupancy,full,6,unith,6,Faure,june_29_g0,0.983380681818182,0.9982954545454545,0.975284090909091,0.40654205607476634,,8,20,4,8,0,5,2,6,0,3,0,6H,3H,,0,61,False,True,False,True,0
top_ten,svm,occupancy,full,6,unith,6,Faure,june_29_g0,0.983380681818182,0.9982954545454545,0.975284090909091,0.40654205607476634,,,20,4,8,0,5,3,6,0,4,0,6H,4H,,0,0,False,False,False,False,0
top_ten,svm,occupancy,full,6,unith,6,Faure,june_29_g0,0.983380681818182,0.9982954545454545,0.975284090909091,0.40654205607476634,,8,20,4,8,0,5,4,6,0,5,0,6H,5H,,0,16,False,True,False,True,0
top_ten,svm,occupancy,full,6,unith,6,Faure,june_29_g0,0.983380681818182,0.9982954545454545,0.975284090909091,0.40654205607476634,,,20,4,8,0,5,5,6,0,6,0,6H,6H,,0,0,False,False,False,False,0
top_ten,svm,occupancy,full,6,unith,6,Faure,june_29_g0,0.983380681818182,0.9982954545454545,0.975284090909091,0.40654205607476634,,,20,4,8,0,5,6,6,0,1,1,6H,1S,,0,0,False,False,False,False,0
top_ten,svm,occupancy,full,6,unith,6,Faure,june_29_g0,0.983380681818182,0.9982954545454545,0.975284090909091,0.40654205607476634,,8,20,4,8,0,5,7,6,0,2,1,6H,2S,,0,29,False,True,False,True,0
top_ten,svm,occupancy,full,6,unith,6,Faure,june_29_g0,0.983380681818182,0.9982954545454545,0.975284090909091,0.40654205607476634,,,20,4,8,0,5,8,6,0,3,1,6H,3S,,0,0,False,False,False,False,0
top_ten,svm,occupancy,full,6,unith,6,Faure,june_29_g0,0.983380681818182,0.9982954545454545,0.975284090909091,0.40654205607476634,,8,20,4,8,0,5,9,6,0,4,1,6H,4S,,0,70,False,True,False,True,0
top_ten,svm,occupancy,full,6,unith,6,Faure,june_29_g0,0.983380681818182,0.9982954545454545,0.975284090909091,0.40654205607476634,,8,20,4,8,0,5,10,6,0,5,1,6H,5S,,0,78,False,True,False,True,0
top_ten,svm,occupancy,full,6,unith,6,Faure,june_29_g0,0.983380681818182,0.9982954545454545,0.975284090909091,0.40654205607476634,,8,20,4,8,0,5,11,6,0,6,1,6H,6S,,0,62,False,True,False,True,0
top_ten,svm,occupancy,full,6,unith,6,Faure,june_29_g0,0.983380681818182,0.9982954545454545,0.975284090909091,0.40654205607476634,,8,20,4,8,0,6,0,1,1,1,0,1S,1H,,0,54,False,True,False,True,0
top_ten,svm,occupancy,full,6,unith,6,Faure,june_29_g0,0.983380681818182,0.9982954545454545,0.975284090909091,0.40654205607476634,,8,20,4,8,0,6,1,1,1,2,0,1S,2H,,0,29,False,True,False,True,0
top_ten,svm,occupancy,full,6,unith,6,Faure,june_29_g0,0.983380681818182,0.9982954545454545,0.975284090909091,0.40654205607476634,,8,20,4,8,0,6,2,1,1,3,0,1S,3H,,0,61,False,True,False,True,0
top_ten,svm,occupancy,full,6,unith,6,Faure,june_29_g0,0.983380681818182,0.9982954545454545,0.975284090909091,0.40654205607476634,,,20,4,8,0,6,3,1,1,4,0,1S,4H,,0,0,False,False,False,False,0
top_ten,svm,occupancy,full,6,unith,6,Faure,june_29_g0,0.983380681818182,0.9982954545454545,0.975284090909091,0.40654205607476634,,8,20,4,8,0,6,4,1,1,5,0,1S,5H,,0,16,False,True,False,True,0
top_ten,svm,occupancy,full,6,unith,6,Faure,june_29_g0,0.983380681818182,0.9982954545454545,0.975284090909091,0.40654205607476634,,,20,4,8,0,6,5,1,1,6,0,1S,6H,,0,0,False,False,False,False,0
top_ten,svm,occupancy,full,6,unith,6,Faure,june_29_g0,0.983380681818182,0.9982954545454545,0.975284090909091,0.40654205607476634,,,20,4,8,0,6,6,1,1,1,1,1S,1S,,0,0,False,False,False,False,0
top_ten,svm,occupancy,full,6,unith,6,Faure,june_29_g0,0.983380681818182,0.9982954545454545,0.975284090909091,0.40654205607476634,,8,20,4,8,0,6,7,1,1,2,1,1S,2S,,0,29,False,True,False,True,0
top_ten,svm,occupancy,full,6,unith,6,Faure,june_29_g0,0.983380681818182,0.9982954545454545,0.975284090909091,0.40654205607476634,,,20,4,8,0,6,8,1,1,3,1,1S,3S,,0,0,False,False,False,False,0
top_ten,svm,occupancy,full,6,unith,6,Faure,june_29_g0,0.983380681818182,0.9982954545454545,0.975284090909091,0.40654205607476634,,8,20,4,8,0,6,9,1,1,4,1,1S,4S,,0,70,False,True,False,True,0
top_ten,svm,occupancy,full,6,unith,6,Faure,june_29_g0,0.983380681818182,0.9982954545454545,0.975284090909091,0.40654205607476634,,8,20,4,8,0,6,10,1,1,5,1,1S,5S,,0,78,False,True,False,True,0
top_ten,svm,occupancy,full,6,unith,6,Faure,june_29_g0,0.983380681818182,0.9982954545454545,0.975284090909091,0.40654205607476634,,8,20,4,8,0,6,11,1,1,6,1,1S,6S,,0,62,False,True,False,True,0
top_ten,svm,occupancy,full,6,unith,6,Faure,june_29_g0,0.983380681818182,0.9982954545454545,0.975284090909091,0.40654205607476634,8,8,20,4,8,0,7,0,2,1,1,0,2S,1H,0.9082449060085992,29,54,True,True,True,True,0
top_ten,svm,occupancy,full,6,unith,6,Faure,june_29_g0,0.983380681818182,0.9982954545454545,0.975284090909091,0.40654205607476634,8,8,20,4,8,0,7,1,2,1,2,0,2S,2H,0.9295432446415981,29,29,True,True,True,True,0
top_ten,svm,occupancy,full,6,unith,6,Faure,june_29_g0,0.983380681818182,0.9982954545454545,0.975284090909091,0.40654205607476634,8,8,20,4,8,0,7,2,2,1,3,0,2S,3H,0.9038940453444317,29,61,True,True,True,True,0
top_ten,svm,occupancy,full,6,unith,6,Faure,june_29_g0,0.983380681818182,0.9982954545454545,0.975284090909091,0.40654205607476634,8,,20,4,8,0,7,3,2,1,4,0,2S,4H,,29,0,True,False,True,False,0
top_ten,svm,occupancy,full,6,unith,6,Faure,june_29_g0,0.983380681818182,0.9982954545454545,0.975284090909091,0.40654205607476634,8,8,20,4,8,0,7,4,2,1,5,0,2S,5H,0.9635538754260736,29,16,True,True,True,True,0
top_ten,svm,occupancy,full,6,unith,6,Faure,june_29_g0,0.983380681818182,0.9982954545454545,0.975284090909091,0.40654205607476634,8,,20,4,8,0,7,5,2,1,6,0,2S,6H,,29,0,True,False,True,False,0
top_ten,svm,occupancy,full,6,unith,6,Faure,june_29_g0,0.983380681818182,0.9982954545454545,0.975284090909091,0.40654205607476634,8,,20,4,8,0,7,6,2,1,1,1,2S,1S,,29,0,True,False,True,False,0
top_ten,svm,occupancy,full,6,unith,6,Faure,june_29_g0,0.983380681818182,0.9982954545454545,0.975284090909091,0.40654205607476634,8,8,20,4,8,0,7,7,2,1,2,1,2S,2S,0.9254552859590272,29,29,True,True,True,True,0
top_ten,svm,occupancy,full,6,unith,6,Faure,june_29_g0,0.983380681818182,0.9982954545454545,0.975284090909091,0.40654205607476634,8,,20,4,8,0,7,8,2,1,3,1,2S,3S,,29,0,True,False,True,False,0
top_ten,svm,occupancy,full,6,unith,6,Faure,june_29_g0,0.983380681818182,0.9982954545454545,0.975284090909091,0.40654205607476634,8,8,20,4,8,0,7,9,2,1,4,1,2S,4S,0.9505737621523107,29,70,True,True,True,True,0
top_ten,svm,occupancy,full,6,unith,6,Faure,june_29_g0,0.983380681818182,0.9982954545454545,0.975284090909091,0.40654205607476634,8,8,20,4,8,0,7,10,2,1,5,1,2S,5S,0.9091021185013519,29,78,True,True,True,True,0
top_ten,svm,occupancy,full,6,unith,6,Faure,june_29_g0,0.983380681818182,0.9982954545454545,0.975284090909091,0.40654205607476634,8,8,20,4,8,0,7,11,2,1,6,1,2S,6S,0.931579635799064,29,62,True,True,True,True,0
top_ten,svm,occupancy,full,6,unith,6,Faure,june_29_g0,0.983380681818182,0.9982954545454545,0.975284090909091,0.40654205607476634,,8,20,4,8,0,8,0,3,1,1,0,3S,1H,,0,54,False,True,False,True,0
top_ten,svm,occupancy,full,6,unith,6,Faure,june_29_g0,0.983380681818182,0.9982954545454545,0.975284090909091,0.40654205607476634,,8,20,4,8,0,8,1,3,1,2,0,3S,2H,,0,29,False,True,False,True,0
top_ten,svm,occupancy,full,6,unith,6,Faure,june_29_g0,0.983380681818182,0.9982954545454545,0.975284090909091,0.40654205607476634,,8,20,4,8,0,8,2,3,1,3,0,3S,3H,,0,61,False,True,False,True,0
top_ten,svm,occupancy,full,6,unith,6,Faure,june_29_g0,0.983380681818182,0.9982954545454545,0.975284090909091,0.40654205607476634,,,20,4,8,0,8,3,3,1,4,0,3S,4H,,0,0,False,False,False,False,0
top_ten,svm,occupancy,full,6,unith,6,Faure,june_29_g0,0.983380681818182,0.9982954545454545,0.975284090909091,0.40654205607476634,,8,20,4,8,0,8,4,3,1,5,0,3S,5H,,0,16,False,True,False,True,0
top_ten,svm,occupancy,full,6,unith,6,Faure,june_29_g0,0.983380681818182,0.9982954545454545,0.975284090909091,0.40654205607476634,,,20,4,8,0,8,5,3,1,6,0,3S,6H,,0,0,False,False,False,False,0
top_ten,svm,occupancy,full,6,unith,6,Faure,june_29_g0,0.983380681818182,0.9982954545454545,0.975284090909091,0.40654205607476634,,,20,4,8,0,8,6,3,1,1,1,3S,1S,,0,0,False,False,False,False,0
top_ten,svm,occupancy,full,6,unith,6,Faure,june_29_g0,0.983380681818182,0.9982954545454545,0.975284090909091,0.40654205607476634,,8,20,4,8,0,8,7,3,1,2,1,3S,2S,,0,29,False,True,False,True,0
top_ten,svm,occupancy,full,6,unith,6,Faure,june_29_g0,0.983380681818182,0.9982954545454545,0.975284090909091,0.40654205607476634,,,20,4,8,0,8,8,3,1,3,1,3S,3S,,0,0,False,False,False,False,0
top_ten,svm,occupancy,full,6,unith,6,Faure,june_29_g0,0.983380681818182,0.9982954545454545,0.975284090909091,0.40654205607476634,,8,20,4,8,0,8,9,3,1,4,1,3S,4S,,0,70,False,True,False,True,0
top_ten,svm,occupancy,full,6,unith,6,Faure,june_29_g0,0.983380681818182,0.9982954545454545,0.975284090909091,0.40654205607476634,,8,20,4,8,0,8,10,3,1,5,1,3S,5S,,0,78,False,True,False,True,0
top_ten,svm,occupancy,full,6,unith,6,Faure,june_29_g0,0.983380681818182,0.9982954545454545,0.975284090909091,0.40654205607476634,,8,20,4,8,0,8,11,3,1,6,1,3S,6S,,0,62,False,True,False,True,0
top_ten,svm,occupancy,full,6,unith,6,Faure,june_29_g0,0.983380681818182,0.9982954545454545,0.975284090909091,0.40654205607476634,8,8,20,4,8,0,9,0,4,1,1,0,4S,1H,0.9507572585486335,70,54,True,True,True,True,0
top_ten,svm,occupancy,full,6,unith,6,Faure,june_29_g0,0.983380681818182,0.9982954545454545,0.975284090909091,0.40654205607476634,8,8,20,4,8,0,9,1,4,1,2,0,4S,2H,0.9384664379046189,70,29,True,True,True,True,0
top_ten,svm,occupancy,full,6,unith,6,Faure,june_29_g0,0.983380681818182,0.9982954545454545,0.975284090909091,0.40654205607476634,8,8,20,4,8,0,9,2,4,1,3,0,4S,3H,0.9444551079592417,70,61,True,True,True,True,0
top_ten,svm,occupancy,full,6,unith,6,Faure,june_29_g0,0.983380681818182,0.9982954545454545,0.975284090909091,0.40654205607476634,8,,20,4,8,0,9,3,4,1,4,0,4S,4H,,70,0,True,False,True,False,0
top_ten,svm,occupancy,full,6,unith,6,Faure,june_29_g0,0.983380681818182,0.9982954545454545,0.975284090909091,0.40654205607476634,8,8,20,4,8,0,9,4,4,1,5,0,4S,5H,0.9772356873518244,70,16,True,True,True,True,0
top_ten,svm,occupancy,full,6,unith,6,Faure,june_29_g0,0.983380681818182,0.9982954545454545,0.975284090909091,0.40654205607476634,8,,20,4,8,0,9,5,4,1,6,0,4S,6H,,70,0,True,False,True,False,0
top_ten,svm,occupancy,full,6,unith,6,Faure,june_29_g0,0.983380681818182,0.9982954545454545,0.975284090909091,0.40654205607476634,8,,20,4,8,0,9,6,4,1,1,1,4S,1S,,70,0,True,False,True,False,0
top_ten,svm,occupancy,full,6,unith,6,Faure,june_29_g0,0.983380681818182,0.9982954545454545,0.975284090909091,0.40654205607476634,8,8,20,4,8,0,9,7,4,1,2,1,4S,2S,0.9505737621523107,70,29,True,True,True,True,0
top_ten,svm,occupancy,full,6,unith,6,Faure,june_29_g0,0.983380681818182,0.9982954545454545,0.975284090909091,0.40654205607476634,8,,20,4,8,0,9,8,4,1,3,1,4S,3S,,70,0,True,False,True,False,0
top_ten,svm,occupancy,full,6,unith,6,Faure,june_29_g0,0.983380681818182,0.9982954545454545,0.975284090909091,0.40654205607476634,8,8,20,4,8,0,9,9,4,1,4,1,4S,4S,0.9756459200289024,70,70,True,True,True,True,0
top_ten,svm,occupancy,full,6,unith,6,Faure,june_29_g0,0.983380681818182,0.9982954545454545,0.975284090909091,0.40654205607476634,8,8,20,4,8,0,9,10,4,1,5,1,4S,5S,0.9538884220494992,70,78,True,True,True,True,0
top_ten,svm,occupancy,full,6,unith,6,Faure,june_29_g0,0.983380681818182,0.9982954545454545,0.975284090909091,0.40654205607476634,8,8,20,4,8,0,9,11,4,1,6,1,4S,6S,0.9547361582477256,70,62,True,True,True,True,0
top_ten,svm,occupancy,full,6,unith,6,Faure,june_29_g0,0.983380681818182,0.9982954545454545,0.975284090909091,0.40654205607476634,8,8,20,4,8,0,10,0,5,1,1,0,5S,1H,0.943067728930367,78,54,True,True,True,True,0
top_ten,svm,occupancy,full,6,unith,6,Faure,june_29_g0,0.983380681818182,0.9982954545454545,0.975284090909091,0.40654205607476634,8,8,20,4,8,0,10,1,5,1,2,0,5S,2H,0.9126765247860487,78,29,True,True,True,True,0
top_ten,svm,occupancy,full,6,unith,6,Faure,june_29_g0,0.983380681818182,0.9982954545454545,0.975284090909091,0.40654205607476634,8,8,20,4,8,0,10,2,5,1,3,0,5S,3H,0.93780805941299,78,61,True,True,True,True,0
top_ten,svm,occupancy,full,6,unith,6,Faure,june_29_g0,0.983380681818182,0.9982954545454545,0.975284090909091,0.40654205607476634,8,,20,4,8,0,10,3,5,1,4,0,5S,4H,,78,0,True,False,True,False,0
top_ten,svm,occupancy,full,6,unith,6,Faure,june_29_g0,0.983380681818182,0.9982954545454545,0.975284090909091,0.40654205607476634,8,8,20,4,8,0,10,4,5,1,5,0,5S,5H,0.9519023757212614,78,16,True,True,True,True,0
top_ten,svm,occupancy,full,6,unith,6,Faure,june_29_g0,0.983380681818182,0.9982954545454545,0.975284090909091,0.40654205607476634,8,,20,4,8,0,10,5,5,1,6,0,5S,6H,,78,0,True,False,True,False,0
top_ten,svm,occupancy,full,6,unith,6,Faure,june_29_g0,0.983380681818182,0.9982954545454545,0.975284090909091,0.40654205607476634,8,,20,4,8,0,10,6,5,1,1,1,5S,1S,,78,0,True,False,True,False,0
top_ten,svm,occupancy,full,6,unith,6,Faure,june_29_g0,0.983380681818182,0.9982954545454545,0.975284090909091,0.40654205607476634,8,8,20,4,8,0,10,7,5,1,2,1,5S,2S,0.9091021185013519,78,29,True,True,True,True,0
top_ten,svm,occupancy,full,6,unith,6,Faure,june_29_g0,0.983380681818182,0.9982954545454545,0.975284090909091,0.40654205607476634,8,,20,4,8,0,10,8,5,1,3,1,5S,3S,,78,0,True,False,True,False,0
top_ten,svm,occupancy,full,6,unith,6,Faure,june_29_g0,0.983380681818182,0.9982954545454545,0.975284090909091,0.40654205607476634,8,8,20,4,8,0,10,9,5,1,4,1,5S,4S,0.9538884220494992,78,70,True,True,True,True,0
top_ten,svm,occupancy,full,6,unith,6,Faure,june_29_g0,0.983380681818182,0.9982954545454545,0.975284090909091,0.40654205607476634,8,8,20,4,8,0,10,10,5,1,5,1,5S,5S,0.9466255847736136,78,78,True,True,True,True,0
top_ten,svm,occupancy,full,6,unith,6,Faure,june_29_g0,0.983380681818182,0.9982954545454545,0.975284090909091,0.40654205607476634,8,8,20,4,8,0,10,11,5,1,6,1,5S,6S,0.9444313410883565,78,62,True,True,True,True,0
top_ten,svm,occupancy,full,6,unith,6,Faure,june_29_g0,0.983380681818182,0.9982954545454545,0.975284090909091,0.40654205607476634,8,8,20,4,8,0,11,0,6,1,1,0,6S,1H,0.9383238943020276,62,54,True,True,True,True,0
top_ten,svm,occupancy,full,6,unith,6,Faure,june_29_g0,0.983380681818182,0.9982954545454545,0.975284090909091,0.40654205607476634,8,8,20,4,8,0,11,1,6,1,2,0,6S,2H,0.9343019444575807,62,29,True,True,True,True,0
top_ten,svm,occupancy,full,6,unith,6,Faure,june_29_g0,0.983380681818182,0.9982954545454545,0.975284090909091,0.40654205607476634,8,8,20,4,8,0,11,2,6,1,3,0,6S,3H,0.9569310515655449,62,61,True,True,True,True,0
top_ten,svm,occupancy,full,6,unith,6,Faure,june_29_g0,0.983380681818182,0.9982954545454545,0.975284090909091,0.40654205607476634,8,,20,4,8,0,11,3,6,1,4,0,6S,4H,,62,0,True,False,True,False,0
top_ten,svm,occupancy,full,6,unith,6,Faure,june_29_g0,0.983380681818182,0.9982954545454545,0.975284090909091,0.40654205607476634,8,8,20,4,8,0,11,4,6,1,5,0,6S,5H,0.9593304396335489,62,16,True,True,True,True,0
top_ten,svm,occupancy,full,6,unith,6,Faure,june_29_g0,0.983380681818182,0.9982954545454545,0.975284090909091,0.40654205607476634,8,,20,4,8,0,11,5,6,1,6,0,6S,6H,,62,0,True,False,True,False,0
top_ten,svm,occupancy,full,6,unith,6,Faure,june_29_g0,0.983380681818182,0.9982954545454545,0.975284090909091,0.40654205607476634,8,,20,4,8,0,11,6,6,1,1,1,6S,1S,,62,0,True,False,True,False,0
top_ten,svm,occupancy,full,6,unith,6,Faure,june_29_g0,0.983380681818182,0.9982954545454545,0.975284090909091,0.40654205607476634,8,8,20,4,8,0,11,7,6,1,2,1,6S,2S,0.931579635799064,62,29,True,True,True,True,0
top_ten,svm,occupancy,full,6,unith,6,Faure,june_29_g0,0.983380681818182,0.9982954545454545,0.975284090909091,0.40654205607476634,8,,20,4,8,0,11,8,6,1,3,1,6S,3S,,62,0,True,False,True,False,0
top_ten,svm,occupancy,full,6,unith,6,Faure,june_29_g0,0.983380681818182,0.9982954545454545,0.975284090909091,0.40654205607476634,8,8,20,4,8,0,11,9,6,1,4,1,6S,4S,0.9547361582477256,62,70,True,True,True,True,0
top_ten,svm,occupancy,full,6,unith,6,Faure,june_29_g0,0.983380681818182,0.9982954545454545,0.975284090909091,0.40654205607476634,8,8,20,4,8,0,11,10,6,1,5,1,6S,5S,0.9444313410883565,62,78,True,True,True,True,0
top_ten,svm,occupancy,full,6,unith,6,Faure,june_29_g0,0.983380681818182,0.9982954545454545,0.975284090909091,0.40654205607476634,8,8,20,4,8,0,11,11,6,1,6,1,6S,6S,0.9540734752169693,62,62,True,True,True,True,0
top_ten,svm,occupancy,full,6,unith,6,Faure,june_8_g0,0.998737373737374,1.0,1.0,0.9794520547945206,4,4,20,4,8,0,0,0,1,0,1,0,1H,1H,0.9080908116079204,44,44,True,True,True,True,0
top_ten,svm,occupancy,full,6,unith,6,Faure,june_8_g0,0.998737373737374,1.0,1.0,0.9794520547945206,4,4,20,4,8,0,0,1,1,0,2,0,1H,2H,0.8865859450260392,44,33,True,True,True,True,0
top_ten,svm,occupancy,full,6,unith,6,Faure,june_8_g0,0.998737373737374,1.0,1.0,0.9794520547945206,4,4,20,4,8,0,0,2,1,0,3,0,1H,3H,0.9070838607196426,44,43,True,True,True,True,0
top_ten,svm,occupancy,full,6,unith,6,Faure,june_8_g0,0.998737373737374,1.0,1.0,0.9794520547945206,4,,20,4,8,0,0,3,1,0,4,0,1H,4H,,44,0,True,False,True,False,0
top_ten,svm,occupancy,full,6,unith,6,Faure,june_8_g0,0.998737373737374,1.0,1.0,0.9794520547945206,4,,20,4,8,0,0,4,1,0,5,0,1H,5H,,44,0,True,False,True,False,0
top_ten,svm,occupancy,full,6,unith,6,Faure,june_8_g0,0.998737373737374,1.0,1.0,0.9794520547945206,4,,20,4,8,0,0,5,1,0,6,0,1H,6H,,44,0,True,False,True,False,0
top_ten,svm,occupancy,full,6,unith,6,Faure,june_8_g0,0.998737373737374,1.0,1.0,0.9794520547945206,4,,20,4,8,0,0,6,1,0,1,1,1H,1S,,44,0,True,False,True,False,0
top_ten,svm,occupancy,full,6,unith,6,Faure,june_8_g0,0.998737373737374,1.0,1.0,0.9794520547945206,4,4,20,4,8,0,0,7,1,0,2,1,1H,2S,0.859478996479111,44,8,True,True,True,True,0
top_ten,svm,occupancy,full,6,unith,6,Faure,june_8_g0,0.998737373737374,1.0,1.0,0.9794520547945206,4,,20,4,8,0,0,8,1,0,3,1,1H,3S,,44,0,True,False,True,False,0
top_ten,svm,occupancy,full,6,unith,6,Faure,june_8_g0,0.998737373737374,1.0,1.0,0.9794520547945206,4,4,20,4,8,0,0,9,1,0,4,1,1H,4S,0.9093797791489964,44,49,True,True,True,True,0
top_ten,svm,occupancy,full,6,unith,6,Faure,june_8_g0,0.998737373737374,1.0,1.0,0.9794520547945206,4,4,20,4,8,0,0,10,1,0,5,1,1H,5S,0.8792758443912267,44,60,True,True,True,True,0
top_ten,svm,occupancy,full,6,unith,6,Faure,june_8_g0,0.998737373737374,1.0,1.0,0.9794520547945206,4,4,20,4,8,0,0,11,1,0,6,1,1H,6S,0.8911304373787401,44,54,True,True,True,True,0
top_ten,svm,occupancy,full,6,unith,6,Faure,june_8_g0,0.998737373737374,1.0,1.0,0.9794520547945206,4,4,20,4,8,0,1,0,2,0,1,0,2H,1H,0.8865859450260392,33,44,True,True,True,True,0
top_ten,svm,occupancy,full,6,unith,6,Faure,june_8_g0,0.998737373737374,1.0,1.0,0.9794520547945206,4,4,20,4,8,0,1,1,2,0,2,0,2H,2H,0.8952107012818736,33,33,True,True,True,True,0
top_ten,svm,occupancy,full,6,unith,6,Faure,june_8_g0,0.998737373737374,1.0,1.0,0.9794520547945206,4,4,20,4,8,0,1,2,2,0,3,0,2H,3H,0.8979261081145479,33,43,True,True,True,True,0
top_ten,svm,occupancy,full,6,unith,6,Faure,june_8_g0,0.998737373737374,1.0,1.0,0.9794520547945206,4,,20,4,8,0,1,3,2,0,4,0,2H,4H,,33,0,True,False,True,False,0
top_ten,svm,occupancy,full,6,unith,6,Faure,june_8_g0,0.998737373737374,1.0,1.0,0.9794520547945206,4,,20,4,8,0,1,4,2,0,5,0,2H,5H,,33,0,True,False,True,False,0
top_ten,svm,occupancy,full,6,unith,6,Faure,june_8_g0,0.998737373737374,1.0,1.0,0.9794520547945206,4,,20,4,8,0,1,5,2,0,6,0,2H,6H,,33,0,True,False,True,False,0
top_ten,svm,occupancy,full,6,unith,6,Faure,june_8_g0,0.998737373737374,1.0,1.0,0.9794520547945206,4,,20,4,8,0,1,6,2,0,1,1,2H,1S,,33,0,True,False,True,False,0
top_ten,svm,occupancy,full,6,unith,6,Faure,june_8_g0,0.998737373737374,1.0,1.0,0.9794520547945206,4,4,20,4,8,0,1,7,2,0,2,1,2H,2S,0.9165787583284299,33,8,True,True,True,True,0
top_ten,svm,occupancy,full,6,unith,6,Faure,june_8_g0,0.998737373737374,1.0,1.0,0.9794520547945206,4,,20,4,8,0,1,8,2,0,3,1,2H,3S,,33,0,True,False,True,False,0
top_ten,svm,occupancy,full,6,unith,6,Faure,june_8_g0,0.998737373737374,1.0,1.0,0.9794520547945206,4,4,20,4,8,0,1,9,2,0,4,1,2H,4S,0.9154093904761653,33,49,True,True,True,True,0
top_ten,svm,occupancy,full,6,unith,6,Faure,june_8_g0,0.998737373737374,1.0,1.0,0.9794520547945206,4,4,20,4,8,0,1,10,2,0,5,1,2H,5S,0.8072503842140838,33,60,True,True,True,True,0
top_ten,svm,occupancy,full,6,unith,6,Faure,june_8_g0,0.998737373737374,1.0,1.0,0.9794520547945206,4,4,20,4,8,0,1,11,2,0,6,1,2H,6S,0.8671506188309713,33,54,True,True,True,True,0
top_ten,svm,occupancy,full,6,unith,6,Faure,june_8_g0,0.998737373737374,1.0,1.0,0.9794520547945206,4,4,20,4,8,0,2,0,3,0,1,0,3H,1H,0.9070838607196426,43,44,True,True,True,True,0
top_ten,svm,occupancy,full,6,unith,6,Faure,june_8_g0,0.998737373737374,1.0,1.0,0.9794520547945206,4,4,20,4,8,0,2,1,3,0,2,0,3H,2H,0.8979261081145479,43,33,True,True,True,True,0
top_ten,svm,occupancy,full,6,unith,6,Faure,june_8_g0,0.998737373737374,1.0,1.0,0.9794520547945206,4,4,20,4,8,0,2,2,3,0,3,0,3H,3H,0.9138999039258611,43,43,True,True,True,True,0
top_ten,svm,occupancy,full,6,unith,6,Faure,june_8_g0,0.998737373737374,1.0,1.0,0.9794520547945206,4,,20,4,8,0,2,3,3,0,4,0,3H,4H,,43,0,True,False,True,False,0
top_ten,svm,occupancy,full,6,unith,6,Faure,june_8_g0,0.998737373737374,1.0,1.0,0.9794520547945206,4,,20,4,8,0,2,4,3,0,5,0,3H,5H,,43,0,True,False,True,False,0
top_ten,svm,occupancy,full,6,unith,6,Faure,june_8_g0,0.998737373737374,1.0,1.0,0.9794520547945206,4,,20,4,8,0,2,5,3,0,6,0,3H,6H,,43,0,True,False,True,False,0
top_ten,svm,occupancy,full,6,unith,6,Faure,june_8_g0,0.998737373737374,1.0,1.0,0.9794520547945206,4,,20,4,8,0,2,6,3,0,1,1,3H,1S,,43,0,True,False,True,False,0
top_ten,svm,occupancy,full,6,unith,6,Faure,june_8_g0,0.998737373737374,1.0,1.0,0.9794520547945206,4,4,20,4,8,0,2,7,3,0,2,1,3H,2S,0.9076496787709543,43,8,True,True,True,True,0
top_ten,svm,occupancy,full,6,unith,6,Faure,june_8_g0,0.998737373737374,1.0,1.0,0.9794520547945206,4,,20,4,8,0,2,8,3,0,3,1,3H,3S,,43,0,True,False,True,False,0
top_ten,svm,occupancy,full,6,unith,6,Faure,june_8_g0,0.998737373737374,1.0,1.0,0.9794520547945206,4,4,20,4,8,0,2,9,3,0,4,1,3H,4S,0.9304215945217906,43,49,True,True,True,True,0
top_ten,svm,occupancy,full,6,unith,6,Faure,june_8_g0,0.998737373737374,1.0,1.0,0.9794520547945206,4,4,20,4,8,0,2,10,3,0,5,1,3H,5S,0.8458847881652017,43,60,True,True,True,True,0
top_ten,svm,occupancy,full,6,unith,6,Faure,june_8_g0,0.998737373737374,1.0,1.0,0.9794520547945206,4,4,20,4,8,0,2,11,3,0,6,1,3H,6S,0.9015012047908346,43,54,True,True,True,True,0
top_ten,svm,occupancy,full,6,unith,6,Faure,june_8_g0,0.998737373737374,1.0,1.0,0.9794520547945206,,4,20,4,8,0,3,0,4,0,1,0,4H,1H,,0,44,False,True,False,True,0
top_ten,svm,occupancy,full,6,unith,6,Faure,june_8_g0,0.998737373737374,1.0,1.0,0.9794520547945206,,4,20,4,8,0,3,1,4,0,2,0,4H,2H,,0,33,False,True,False,True,0
top_ten,svm,occupancy,full,6,unith,6,Faure,june_8_g0,0.998737373737374,1.0,1.0,0.9794520547945206,,4,20,4,8,0,3,2,4,0,3,0,4H,3H,,0,43,False,True,False,True,0
top_ten,svm,occupancy,full,6,unith,6,Faure,june_8_g0,0.998737373737374,1.0,1.0,0.9794520547945206,,,20,4,8,0,3,3,4,0,4,0,4H,4H,,0,0,False,False,False,False,0
top_ten,svm,occupancy,full,6,unith,6,Faure,june_8_g0,0.998737373737374,1.0,1.0,0.9794520547945206,,,20,4,8,0,3,4,4,0,5,0,4H,5H,,0,0,False,False,False,False,0
top_ten,svm,occupancy,full,6,unith,6,Faure,june_8_g0,0.998737373737374,1.0,1.0,0.9794520547945206,,,20,4,8,0,3,5,4,0,6,0,4H,6H,,0,0,False,False,False,False,0
top_ten,svm,occupancy,full,6,unith,6,Faure,june_8_g0,0.998737373737374,1.0,1.0,0.9794520547945206,,,20,4,8,0,3,6,4,0,1,1,4H,1S,,0,0,False,False,False,False,0
top_ten,svm,occupancy,full,6,unith,6,Faure,june_8_g0,0.998737373737374,1.0,1.0,0.9794520547945206,,4,20,4,8,0,3,7,4,0,2,1,4H,2S,,0,8,False,True,False,True,0
top_ten,svm,occupancy,full,6,unith,6,Faure,june_8_g0,0.998737373737374,1.0,1.0,0.9794520547945206,,,20,4,8,0,3,8,4,0,3,1,4H,3S,,0,0,False,False,False,False,0
top_ten,svm,occupancy,full,6,unith,6,Faure,june_8_g0,0.998737373737374,1.0,1.0,0.9794520547945206,,4,20,4,8,0,3,9,4,0,4,1,4H,4S,,0,49,False,True,False,True,0
top_ten,svm,occupancy,full,6,unith,6,Faure,june_8_g0,0.998737373737374,1.0,1.0,0.9794520547945206,,4,20,4,8,0,3,10,4,0,5,1,4H,5S,,0,60,False,True,False,True,0
top_ten,svm,occupancy,full,6,unith,6,Faure,june_8_g0,0.998737373737374,1.0,1.0,0.9794520547945206,,4,20,4,8,0,3,11,4,0,6,1,4H,6S,,0,54,False,True,False,True,0
top_ten,svm,occupancy,full,6,unith,6,Faure,june_8_g0,0.998737373737374,1.0,1.0,0.9794520547945206,,4,20,4,8,0,4,0,5,0,1,0,5H,1H,,0,44,False,True,False,True,0
top_ten,svm,occupancy,full,6,unith,6,Faure,june_8_g0,0.998737373737374,1.0,1.0,0.9794520547945206,,4,20,4,8,0,4,1,5,0,2,0,5H,2H,,0,33,False,True,False,True,0
top_ten,svm,occupancy,full,6,unith,6,Faure,june_8_g0,0.998737373737374,1.0,1.0,0.9794520547945206,,4,20,4,8,0,4,2,5,0,3,0,5H,3H,,0,43,False,True,False,True,0
top_ten,svm,occupancy,full,6,unith,6,Faure,june_8_g0,0.998737373737374,1.0,1.0,0.9794520547945206,,,20,4,8,0,4,3,5,0,4,0,5H,4H,,0,0,False,False,False,False,0
top_ten,svm,occupancy,full,6,unith,6,Faure,june_8_g0,0.998737373737374,1.0,1.0,0.9794520547945206,,,20,4,8,0,4,4,5,0,5,0,5H,5H,,0,0,False,False,False,False,0
top_ten,svm,occupancy,full,6,unith,6,Faure,june_8_g0,0.998737373737374,1.0,1.0,0.9794520547945206,,,20,4,8,0,4,5,5,0,6,0,5H,6H,,0,0,False,False,False,False,0
top_ten,svm,occupancy,full,6,unith,6,Faure,june_8_g0,0.998737373737374,1.0,1.0,0.9794520547945206,,,20,4,8,0,4,6,5,0,1,1,5H,1S,,0,0,False,False,False,False,0
top_ten,svm,occupancy,full,6,unith,6,Faure,june_8_g0,0.998737373737374,1.0,1.0,0.9794520547945206,,4,20,4,8,0,4,7,5,0,2,1,5H,2S,,0,8,False,True,False,True,0
top_ten,svm,occupancy,full,6,unith,6,Faure,june_8_g0,0.998737373737374,1.0,1.0,0.9794520547945206,,,20,4,8,0,4,8,5,0,3,1,5H,3S,,0,0,False,False,False,False,0
top_ten,svm,occupancy,full,6,unith,6,Faure,june_8_g0,0.998737373737374,1.0,1.0,0.9794520547945206,,4,20,4,8,0,4,9,5,0,4,1,5H,4S,,0,49,False,True,False,True,0
top_ten,svm,occupancy,full,6,unith,6,Faure,june_8_g0,0.998737373737374,1.0,1.0,0.9794520547945206,,4,20,4,8,0,4,10,5,0,5,1,5H,5S,,0,60,False,True,False,True,0
top_ten,svm,occupancy,full,6,unith,6,Faure,june_8_g0,0.998737373737374,1.0,1.0,0.9794520547945206,,4,20,4,8,0,4,11,5,0,6,1,5H,6S,,0,54,False,True,False,True,0
top_ten,svm,occupancy,full,6,unith,6,Faure,june_8_g0,0.998737373737374,1.0,1.0,0.9794520547945206,,4,20,4,8,0,5,0,6,0,1,0,6H,1H,,0,44,False,True,False,True,0
top_ten,svm,occupancy,full,6,unith,6,Faure,june_8_g0,0.998737373737374,1.0,1.0,0.9794520547945206,,4,20,4,8,0,5,1,6,0,2,0,6H,2H,,0,33,False,True,False,True,0
top_ten,svm,occupancy,full,6,unith,6,Faure,june_8_g0,0.998737373737374,1.0,1.0,0.9794520547945206,,4,20,4,8,0,5,2,6,0,3,0,6H,3H,,0,43,False,True,False,True,0
top_ten,svm,occupancy,full,6,unith,6,Faure,june_8_g0,0.998737373737374,1.0,1.0,0.9794520547945206,,,20,4,8,0,5,3,6,0,4,0,6H,4H,,0,0,False,False,False,False,0
top_ten,svm,occupancy,full,6,unith,6,Faure,june_8_g0,0.998737373737374,1.0,1.0,0.9794520547945206,,,20,4,8,0,5,4,6,0,5,0,6H,5H,,0,0,False,False,False,False,0
top_ten,svm,occupancy,full,6,unith,6,Faure,june_8_g0,0.998737373737374,1.0,1.0,0.9794520547945206,,,20,4,8,0,5,5,6,0,6,0,6H,6H,,0,0,False,False,False,False,0
top_ten,svm,occupancy,full,6,unith,6,Faure,june_8_g0,0.998737373737374,1.0,1.0,0.9794520547945206,,,20,4,8,0,5,6,6,0,1,1,6H,1S,,0,0,False,False,False,False,0
top_ten,svm,occupancy,full,6,unith,6,Faure,june_8_g0,0.998737373737374,1.0,1.0,0.9794520547945206,,4,20,4,8,0,5,7,6,0,2,1,6H,2S,,0,8,False,True,False,True,0
top_ten,svm,occupancy,full,6,unith,6,Faure,june_8_g0,0.998737373737374,1.0,1.0,0.9794520547945206,,,20,4,8,0,5,8,6,0,3,1,6H,3S,,0,0,False,False,False,False,0
top_ten,svm,occupancy,full,6,unith,6,Faure,june_8_g0,0.998737373737374,1.0,1.0,0.9794520547945206,,4,20,4,8,0,5,9,6,0,4,1,6H,4S,,0,49,False,True,False,True,0
top_ten,svm,occupancy,full,6,unith,6,Faure,june_8_g0,0.998737373737374,1.0,1.0,0.9794520547945206,,4,20,4,8,0,5,10,6,0,5,1,6H,5S,,0,60,False,True,False,True,0
top_ten,svm,occupancy,full,6,unith,6,Faure,june_8_g0,0.998737373737374,1.0,1.0,0.9794520547945206,,4,20,4,8,0,5,11,6,0,6,1,6H,6S,,0,54,False,True,False,True,0
top_ten,svm,occupancy,full,6,unith,6,Faure,june_8_g0,0.998737373737374,1.0,1.0,0.9794520547945206,,4,20,4,8,0,6,0,1,1,1,0,1S,1H,,0,44,False,True,False,True,0
top_ten,svm,occupancy,full,6,unith,6,Faure,june_8_g0,0.998737373737374,1.0,1.0,0.9794520547945206,,4,20,4,8,0,6,1,1,1,2,0,1S,2H,,0,33,False,True,False,True,0
top_ten,svm,occupancy,full,6,unith,6,Faure,june_8_g0,0.998737373737374,1.0,1.0,0.9794520547945206,,4,20,4,8,0,6,2,1,1,3,0,1S,3H,,0,43,False,True,False,True,0
top_ten,svm,occupancy,full,6,unith,6,Faure,june_8_g0,0.998737373737374,1.0,1.0,0.9794520547945206,,,20,4,8,0,6,3,1,1,4,0,1S,4H,,0,0,False,False,False,False,0
top_ten,svm,occupancy,full,6,unith,6,Faure,june_8_g0,0.998737373737374,1.0,1.0,0.9794520547945206,,,20,4,8,0,6,4,1,1,5,0,1S,5H,,0,0,False,False,False,False,0
top_ten,svm,occupancy,full,6,unith,6,Faure,june_8_g0,0.998737373737374,1.0,1.0,0.9794520547945206,,,20,4,8,0,6,5,1,1,6,0,1S,6H,,0,0,False,False,False,False,0
top_ten,svm,occupancy,full,6,unith,6,Faure,june_8_g0,0.998737373737374,1.0,1.0,0.9794520547945206,,,20,4,8,0,6,6,1,1,1,1,1S,1S,,0,0,False,False,False,False,0
top_ten,svm,occupancy,full,6,unith,6,Faure,june_8_g0,0.998737373737374,1.0,1.0,0.9794520547945206,,4,20,4,8,0,6,7,1,1,2,1,1S,2S,,0,8,False,True,False,True,0
top_ten,svm,occupancy,full,6,unith,6,Faure,june_8_g0,0.998737373737374,1.0,1.0,0.9794520547945206,,,20,4,8,0,6,8,1,1,3,1,1S,3S,,0,0,False,False,False,False,0
top_ten,svm,occupancy,full,6,unith,6,Faure,june_8_g0,0.998737373737374,1.0,1.0,0.9794520547945206,,4,20,4,8,0,6,9,1,1,4,1,1S,4S,,0,49,False,True,False,True,0
top_ten,svm,occupancy,full,6,unith,6,Faure,june_8_g0,0.998737373737374,1.0,1.0,0.9794520547945206,,4,20,4,8,0,6,10,1,1,5,1,1S,5S,,0,60,False,True,False,True,0
top_ten,svm,occupancy,full,6,unith,6,Faure,june_8_g0,0.998737373737374,1.0,1.0,0.9794520547945206,,4,20,4,8,0,6,11,1,1,6,1,1S,6S,,0,54,False,True,False,True,0
top_ten,svm,occupancy,full,6,unith,6,Faure,june_8_g0,0.998737373737374,1.0,1.0,0.9794520547945206,4,4,20,4,8,0,7,0,2,1,1,0,2S,1H,0.859478996479111,8,44,True,True,True,True,0
top_ten,svm,occupancy,full,6,unith,6,Faure,june_8_g0,0.998737373737374,1.0,1.0,0.9794520547945206,4,4,20,4,8,0,7,1,2,1,2,0,2S,2H,0.9165787583284299,8,33,True,True,True,True,0
top_ten,svm,occupancy,full,6,unith,6,Faure,june_8_g0,0.998737373737374,1.0,1.0,0.9794520547945206,4,4,20,4,8,0,7,2,2,1,3,0,2S,3H,0.9076496787709543,8,43,True,True,True,True,0
top_ten,svm,occupancy,full,6,unith,6,Faure,june_8_g0,0.998737373737374,1.0,1.0,0.9794520547945206,4,,20,4,8,0,7,3,2,1,4,0,2S,4H,,8,0,True,False,True,False,0
top_ten,svm,occupancy,full,6,unith,6,Faure,june_8_g0,0.998737373737374,1.0,1.0,0.9794520547945206,4,,20,4,8,0,7,4,2,1,5,0,2S,5H,,8,0,True,False,True,False,0
top_ten,svm,occupancy,full,6,unith,6,Faure,june_8_g0,0.998737373737374,1.0,1.0,0.9794520547945206,4,,20,4,8,0,7,5,2,1,6,0,2S,6H,,8,0,True,False,True,False,0
top_ten,svm,occupancy,full,6,unith,6,Faure,june_8_g0,0.998737373737374,1.0,1.0,0.9794520547945206,4,,20,4,8,0,7,6,2,1,1,1,2S,1S,,8,0,True,False,True,False,0
top_ten,svm,occupancy,full,6,unith,6,Faure,june_8_g0,0.998737373737374,1.0,1.0,0.9794520547945206,4,4,20,4,8,0,7,7,2,1,2,1,2S,2S,0.8996186061217006,8,8,True,True,True,True,0
top_ten,svm,occupancy,full,6,unith,6,Faure,june_8_g0,0.998737373737374,1.0,1.0,0.9794520547945206,4,,20,4,8,0,7,8,2,1,3,1,2S,3S,,8,0,True,False,True,False,0
top_ten,svm,occupancy,full,6,unith,6,Faure,june_8_g0,0.998737373737374,1.0,1.0,0.9794520547945206,4,4,20,4,8,0,7,9,2,1,4,1,2S,4S,0.9390894071293797,8,49,True,True,True,True,0
top_ten,svm,occupancy,full,6,unith,6,Faure,june_8_g0,0.998737373737374,1.0,1.0,0.9794520547945206,4,4,20,4,8,0,7,10,2,1,5,1,2S,5S,0.8277189250261893,8,60,True,True,True,True,0
top_ten,svm,occupancy,full,6,unith,6,Faure,june_8_g0,0.998737373737374,1.0,1.0,0.9794520547945206,4,4,20,4,8,0,7,11,2,1,6,1,2S,6S,0.9156187501442867,8,54,True,True,True,True,0
top_ten,svm,occupancy,full,6,unith,6,Faure,june_8_g0,0.998737373737374,1.0,1.0,0.9794520547945206,,4,20,4,8,0,8,0,3,1,1,0,3S,1H,,0,44,False,True,False,True,0
top_ten,svm,occupancy,full,6,unith,6,Faure,june_8_g0,0.998737373737374,1.0,1.0,0.9794520547945206,,4,20,4,8,0,8,1,3,1,2,0,3S,2H,,0,33,False,True,False,True,0
top_ten,svm,occupancy,full,6,unith,6,Faure,june_8_g0,0.998737373737374,1.0,1.0,0.9794520547945206,,4,20,4,8,0,8,2,3,1,3,0,3S,3H,,0,43,False,True,False,True,0
top_ten,svm,occupancy,full,6,unith,6,Faure,june_8_g0,0.998737373737374,1.0,1.0,0.9794520547945206,,,20,4,8,0,8,3,3,1,4,0,3S,4H,,0,0,False,False,False,False,0
top_ten,svm,occupancy,full,6,unith,6,Faure,june_8_g0,0.998737373737374,1.0,1.0,0.9794520547945206,,,20,4,8,0,8,4,3,1,5,0,3S,5H,,0,0,False,False,False,False,0
top_ten,svm,occupancy,full,6,unith,6,Faure,june_8_g0,0.998737373737374,1.0,1.0,0.9794520547945206,,,20,4,8,0,8,5,3,1,6,0,3S,6H,,0,0,False,False,False,False,0
top_ten,svm,occupancy,full,6,unith,6,Faure,june_8_g0,0.998737373737374,1.0,1.0,0.9794520547945206,,,20,4,8,0,8,6,3,1,1,1,3S,1S,,0,0,False,False,False,False,0
top_ten,svm,occupancy,full,6,unith,6,Faure,june_8_g0,0.998737373737374,1.0,1.0,0.9794520547945206,,4,20,4,8,0,8,7,3,1,2,1,3S,2S,,0,8,False,True,False,True,0
top_ten,svm,occupancy,full,6,unith,6,Faure,june_8_g0,0.998737373737374,1.0,1.0,0.9794520547945206,,,20,4,8,0,8,8,3,1,3,1,3S,3S,,0,0,False,False,False,False,0
top_ten,svm,occupancy,full,6,unith,6,Faure,june_8_g0,0.998737373737374,1.0,1.0,0.9794520547945206,,4,20,4,8,0,8,9,3,1,4,1,3S,4S,,0,49,False,True,False,True,0
top_ten,svm,occupancy,full,6,unith,6,Faure,june_8_g0,0.998737373737374,1.0,1.0,0.9794520547945206,,4,20,4,8,0,8,10,3,1,5,1,3S,5S,,0,60,False,True,False,True,0
top_ten,svm,occupancy,full,6,unith,6,Faure,june_8_g0,0.998737373737374,1.0,1.0,0.9794520547945206,,4,20,4,8,0,8,11,3,1,6,1,3S,6S,,0,54,False,True,False,True,0
top_ten,svm,occupancy,full,6,unith,6,Faure,june_8_g0,0.998737373737374,1.0,1.0,0.9794520547945206,4,4,20,4,8,0,9,0,4,1,1,0,4S,1H,0.9093797791489964,49,44,True,True,True,True,0
top_ten,svm,occupancy,full,6,unith,6,Faure,june_8_g0,0.998737373737374,1.0,1.0,0.9794520547945206,4,4,20,4,8,0,9,1,4,1,2,0,4S,2H,0.9154093904761653,49,33,True,True,True,True,0
top_ten,svm,occupancy,full,6,unith,6,Faure,june_8_g0,0.998737373737374,1.0,1.0,0.9794520547945206,4,4,20,4,8,0,9,2,4,1,3,0,4S,3H,0.9304215945217906,49,43,True,True,True,True,0
top_ten,svm,occupancy,full,6,unith,6,Faure,june_8_g0,0.998737373737374,1.0,1.0,0.9794520547945206,4,,20,4,8,0,9,3,4,1,4,0,4S,4H,,49,0,True,False,True,False,0
top_ten,svm,occupancy,full,6,unith,6,Faure,june_8_g0,0.998737373737374,1.0,1.0,0.9794520547945206,4,,20,4,8,0,9,4,4,1,5,0,4S,5H,,49,0,True,False,True,False,0
top_ten,svm,occupancy,full,6,unith,6,Faure,june_8_g0,0.998737373737374,1.0,1.0,0.9794520547945206,4,,20,4,8,0,9,5,4,1,6,0,4S,6H,,49,0,True,False,True,False,0
top_ten,svm,occupancy,full,6,unith,6,Faure,june_8_g0,0.998737373737374,1.0,1.0,0.9794520547945206,4,,20,4,8,0,9,6,4,1,1,1,4S,1S,,49,0,True,False,True,False,0
top_ten,svm,occupancy,full,6,unith,6,Faure,june_8_g0,0.998737373737374,1.0,1.0,0.9794520547945206,4,4,20,4,8,0,9,7,4,1,2,1,4S,2S,0.9390894071293797,49,8,True,True,True,True,0
top_ten,svm,occupancy,full,6,unith,6,Faure,june_8_g0,0.998737373737374,1.0,1.0,0.9794520547945206,4,,20,4,8,0,9,8,4,1,3,1,4S,3S,,49,0,True,False,True,False,0
top_ten,svm,occupancy,full,6,unith,6,Faure,june_8_g0,0.998737373737374,1.0,1.0,0.9794520547945206,4,4,20,4,8,0,9,9,4,1,4,1,4S,4S,0.9564217451450141,49,49,True,True,True,True,0
top_ten,svm,occupancy,full,6,unith,6,Faure,june_8_g0,0.998737373737374,1.0,1.0,0.9794520547945206,4,4,20,4,8,0,9,10,4,1,5,1,4S,5S,0.8782073617635031,49,60,True,True,True,True,0
top_ten,svm,occupancy,full,6,unith,6,Faure,june_8_g0,0.998737373737374,1.0,1.0,0.9794520547945206,4,4,20,4,8,0,9,11,4,1,6,1,4S,6S,0.9264829281678792,49,54,True,True,True,True,0
top_ten,svm,occupancy,full,6,unith,6,Faure,june_8_g0,0.998737373737374,1.0,1.0,0.9794520547945206,4,4,20,4,8,0,10,0,5,1,1,0,5S,1H,0.8792758443912267,60,44,True,True,True,True,0
top_ten,svm,occupancy,full,6,unith,6,Faure,june_8_g0,0.998737373737374,1.0,1.0,0.9794520547945206,4,4,20,4,8,0,10,1,5,1,2,0,5S,2H,0.8072503842140838,60,33,True,True,True,True,0
top_ten,svm,occupancy,full,6,unith,6,Faure,june_8_g0,0.998737373737374,1.0,1.0,0.9794520547945206,4,4,20,4,8,0,10,2,5,1,3,0,5S,3H,0.8458847881652017,60,43,True,True,True,True,0
top_ten,svm,occupancy,full,6,unith,6,Faure,june_8_g0,0.998737373737374,1.0,1.0,0.9794520547945206,4,,20,4,8,0,10,3,5,1,4,0,5S,4H,,60,0,True,False,True,False,0
top_ten,svm,occupancy,full,6,unith,6,Faure,june_8_g0,0.998737373737374,1.0,1.0,0.9794520547945206,4,,20,4,8,0,10,4,5,1,5,0,5S,5H,,60,0,True,False,True,False,0
top_ten,svm,occupancy,full,6,unith,6,Faure,june_8_g0,0.998737373737374,1.0,1.0,0.9794520547945206,4,,20,4,8,0,10,5,5,1,6,0,5S,6H,,60,0,True,False,True,False,0
top_ten,svm,occupancy,full,6,unith,6,Faure,june_8_g0,0.998737373737374,1.0,1.0,0.9794520547945206,4,,20,4,8,0,10,6,5,1,1,1,5S,1S,,60,0,True,False,True,False,0
top_ten,svm,occupancy,full,6,unith,6,Faure,june_8_g0,0.998737373737374,1.0,1.0,0.9794520547945206,4,4,20,4,8,0,10,7,5,1,2,1,5S,2S,0.8277189250261893,60,8,True,True,True,True,0
top_ten,svm,occupancy,full,6,unith,6,Faure,june_8_g0,0.998737373737374,1.0,1.0,0.9794520547945206,4,,20,4,8,0,10,8,5,1,3,1,5S,3S,,60,0,True,False,True,False,0
top_ten,svm,occupancy,full,6,unith,6,Faure,june_8_g0,0.998737373737374,1.0,1.0,0.9794520547945206,4,4,20,4,8,0,10,9,5,1,4,1,5S,4S,0.8782073617635031,60,49,True,True,True,True,0
top_ten,svm,occupancy,full,6,unith,6,Faure,june_8_g0,0.998737373737374,1.0,1.0,0.9794520547945206,4,4,20,4,8,0,10,10,5,1,5,1,5S,5S,0.8391985106194353,60,60,True,True,True,True,0
top_ten,svm,occupancy,full,6,unith,6,Faure,june_8_g0,0.998737373737374,1.0,1.0,0.9794520547945206,4,4,20,4,8,0,10,11,5,1,6,1,5S,6S,0.87373827912209,60,54,True,True,True,True,0
top_ten,svm,occupancy,full,6,unith,6,Faure,june_8_g0,0.998737373737374,1.0,1.0,0.9794520547945206,4,4,20,4,8,0,11,0,6,1,1,0,6S,1H,0.8911304373787401,54,44,True,True,True,True,0
top_ten,svm,occupancy,full,6,unith,6,Faure,june_8_g0,0.998737373737374,1.0,1.0,0.9794520547945206,4,4,20,4,8,0,11,1,6,1,2,0,6S,2H,0.8671506188309713,54,33,True,True,True,True,0
top_ten,svm,occupancy,full,6,unith,6,Faure,june_8_g0,0.998737373737374,1.0,1.0,0.9794520547945206,4,4,20,4,8,0,11,2,6,1,3,0,6S,3H,0.9015012047908346,54,43,True,True,True,True,0
top_ten,svm,occupancy,full,6,unith,6,Faure,june_8_g0,0.998737373737374,1.0,1.0,0.9794520547945206,4,,20,4,8,0,11,3,6,1,4,0,6S,4H,,54,0,True,False,True,False,0
top_ten,svm,occupancy,full,6,unith,6,Faure,june_8_g0,0.998737373737374,1.0,1.0,0.9794520547945206,4,,20,4,8,0,11,4,6,1,5,0,6S,5H,,54,0,True,False,True,False,0
top_ten,svm,occupancy,full,6,unith,6,Faure,june_8_g0,0.998737373737374,1.0,1.0,0.9794520547945206,4,,20,4,8,0,11,5,6,1,6,0,6S,6H,,54,0,True,False,True,False,0
top_ten,svm,occupancy,full,6,unith,6,Faure,june_8_g0,0.998737373737374,1.0,1.0,0.9794520547945206,4,,20,4,8,0,11,6,6,1,1,1,6S,1S,,54,0,True,False,True,False,0
top_ten,svm,occupancy,full,6,unith,6,Faure,june_8_g0,0.998737373737374,1.0,1.0,0.9794520547945206,4,4,20,4,8,0,11,7,6,1,2,1,6S,2S,0.9156187501442867,54,8,True,True,True,True,0
top_ten,svm,occupancy,full,6,unith,6,Faure,june_8_g0,0.998737373737374,1.0,1.0,0.9794520547945206,4,,20,4,8,0,11,8,6,1,3,1,6S,3S,,54,0,True,False,True,False,0
top_ten,svm,occupancy,full,6,unith,6,Faure,june_8_g0,0.998737373737374,1.0,1.0,0.9794520547945206,4,4,20,4,8,0,11,9,6,1,4,1,6S,4S,0.9264829281678792,54,49,True,True,True,True,0
top_ten,svm,occupancy,full,6,unith,6,Faure,june_8_g0,0.998737373737374,1.0,1.0,0.9794520547945206,4,4,20,4,8,0,11,10,6,1,5,1,6S,5S,0.87373827912209,54,60,True,True,True,True,0
top_ten,svm,occupancy,full,6,unith,6,Faure,june_8_g0,0.998737373737374,1.0,1.0,0.9794520547945206,4,4,20,4,8,0,11,11,6,1,6,1,6S,6S,0.9068576791828299,54,54,True,True,True,True,0
top_ten,svm,occupancy,full,6,unith,6,Nielsen,Nov_18_g0,0.990064289888954,0.9955191895577635,0.9658094681472823,0.46511627906976744,13,13,20,4,8,0,0,0,1,0,1,0,1H,1H,0.8432947245091584,57,57,True,True,True,True,0
top_ten,svm,occupancy,full,6,unith,6,Nielsen,Nov_18_g0,0.990064289888954,0.9955191895577635,0.9658094681472823,0.46511627906976744,13,13,20,4,8,0,0,1,1,0,2,0,1H,2H,0.890463761659146,57,63,True,True,True,True,0
top_ten,svm,occupancy,full,6,unith,6,Nielsen,Nov_18_g0,0.990064289888954,0.9955191895577635,0.9658094681472823,0.46511627906976744,13,13,20,4,8,0,0,2,1,0,3,0,1H,3H,0.8862496866529316,57,67,True,True,True,True,0
top_ten,svm,occupancy,full,6,unith,6,Nielsen,Nov_18_g0,0.990064289888954,0.9955191895577635,0.9658094681472823,0.46511627906976744,13,13,20,4,8,0,0,3,1,0,4,0,1H,4H,0.8699878839490184,57,43,True,True,True,True,0
top_ten,svm,occupancy,full,6,unith,6,Nielsen,Nov_18_g0,0.990064289888954,0.9955191895577635,0.9658094681472823,0.46511627906976744,13,2,20,4,8,0,0,4,1,0,5,0,1H,5H,0.7757774895497264,57,5,True,True,True,False,0
top_ten,svm,occupancy,full,6,unith,6,Nielsen,Nov_18_g0,0.990064289888954,0.9955191895577635,0.9658094681472823,0.46511627906976744,13,,20,4,8,0,0,5,1,0,6,0,1H,6H,,57,0,True,False,True,False,0
top_ten,svm,occupancy,full,6,unith,6,Nielsen,Nov_18_g0,0.990064289888954,0.9955191895577635,0.9658094681472823,0.46511627906976744,13,,20,4,8,0,0,6,1,0,1,1,1H,1S,,57,0,True,False,True,False,0
top_ten,svm,occupancy,full,6,unith,6,Nielsen,Nov_18_g0,0.990064289888954,0.9955191895577635,0.9658094681472823,0.46511627906976744,13,,20,4,8,0,0,7,1,0,2,1,1H,2S,,57,0,True,False,True,False,0
top_ten,svm,occupancy,full,6,unith,6,Nielsen,Nov_18_g0,0.990064289888954,0.9955191895577635,0.9658094681472823,0.46511627906976744,13,,20,4,8,0,0,8,1,0,3,1,1H,3S,,57,0,True,False,True,False,0
top_ten,svm,occupancy,full,6,unith,6,Nielsen,Nov_18_g0,0.990064289888954,0.9955191895577635,0.9658094681472823,0.46511627906976744,13,13,20,4,8,0,0,9,1,0,4,1,1H,4S,0.8526344355215348,57,27,True,True,True,True,0
top_ten,svm,occupancy,full,6,unith,6,Nielsen,Nov_18_g0,0.990064289888954,0.9955191895577635,0.9658094681472823,0.46511627906976744,13,13,20,4,8,0,0,10,1,0,5,1,1H,5S,0.8239422488295214,57,76,True,True,True,True,0
top_ten,svm,occupancy,full,6,unith,6,Nielsen,Nov_18_g0,0.990064289888954,0.9955191895577635,0.9658094681472823,0.46511627906976744,13,13,20,4,8,0,0,11,1,0,6,1,1H,6S,0.801869314216092,57,84,True,True,True,True,0
top_ten,svm,occupancy,full,6,unith,6,Nielsen,Nov_18_g0,0.990064289888954,0.9955191895577635,0.9658094681472823,0.46511627906976744,13,13,20,4,8,0,1,0,2,0,1,0,2H,1H,0.890463761659146,63,57,True,True,True,True,0
top_ten,svm,occupancy,full,6,unith,6,Nielsen,Nov_18_g0,0.990064289888954,0.9955191895577635,0.9658094681472823,0.46511627906976744,13,13,20,4,8,0,1,1,2,0,2,0,2H,2H,0.9387544686739092,63,63,True,True,True,True,0
top_ten,svm,occupancy,full,6,unith,6,Nielsen,Nov_18_g0,0.990064289888954,0.9955191895577635,0.9658094681472823,0.46511627906976744,13,13,20,4,8,0,1,2,2,0,3,0,2H,3H,0.904090316003763,63,67,True,True,True,True,0
top_ten,svm,occupancy,full,6,unith,6,Nielsen,Nov_18_g0,0.990064289888954,0.9955191895577635,0.9658094681472823,0.46511627906976744,13,13,20,4,8,0,1,3,2,0,4,0,2H,4H,0.9104660595952081,63,43,True,True,True,True,0
top_ten,svm,occupancy,full,6,unith,6,Nielsen,Nov_18_g0,0.990064289888954,0.9955191895577635,0.9658094681472823,0.46511627906976744,13,2,20,4,8,0,1,4,2,0,5,0,2H,5H,0.8146804895646749,63,5,True,True,True,False,0
top_ten,svm,occupancy,full,6,unith,6,Nielsen,Nov_18_g0,0.990064289888954,0.9955191895577635,0.9658094681472823,0.46511627906976744,13,,20,4,8,0,1,5,2,0,6,0,2H,6H,,63,0,True,False,True,False,0
top_ten,svm,occupancy,full,6,unith,6,Nielsen,Nov_18_g0,0.990064289888954,0.9955191895577635,0.9658094681472823,0.46511627906976744,13,,20,4,8,0,1,6,2,0,1,1,2H,1S,,63,0,True,False,True,False,0
top_ten,svm,occupancy,full,6,unith,6,Nielsen,Nov_18_g0,0.990064289888954,0.9955191895577635,0.9658094681472823,0.46511627906976744,13,,20,4,8,0,1,7,2,0,2,1,2H,2S,,63,0,True,False,True,False,0
top_ten,svm,occupancy,full,6,unith,6,Nielsen,Nov_18_g0,0.990064289888954,0.9955191895577635,0.9658094681472823,0.46511627906976744,13,,20,4,8,0,1,8,2,0,3,1,2H,3S,,63,0,True,False,True,False,0
top_ten,svm,occupancy,full,6,unith,6,Nielsen,Nov_18_g0,0.990064289888954,0.9955191895577635,0.9658094681472823,0.46511627906976744,13,13,20,4,8,0,1,9,2,0,4,1,2H,4S,0.9058488611977911,63,27,True,True,True,True,0
top_ten,svm,occupancy,full,6,unith,6,Nielsen,Nov_18_g0,0.990064289888954,0.9955191895577635,0.9658094681472823,0.46511627906976744,13,13,20,4,8,0,1,10,2,0,5,1,2H,5S,0.875563900044337,63,76,True,True,True,True,0
top_ten,svm,occupancy,full,6,unith,6,Nielsen,Nov_18_g0,0.990064289888954,0.9955191895577635,0.9658094681472823,0.46511627906976744,13,13,20,4,8,0,1,11,2,0,6,1,2H,6S,0.8607577957864511,63,84,True,True,True,True,0
top_ten,svm,occupancy,full,6,unith,6,Nielsen,Nov_18_g0,0.990064289888954,0.9955191895577635,0.9658094681472823,0.46511627906976744,13,13,20,4,8,0,2,0,3,0,1,0,3H,1H,0.8862496866529316,67,57,True,True,True,True,0
top_ten,svm,occupancy,full,6,unith,6,Nielsen,Nov_18_g0,0.990064289888954,0.9955191895577635,0.9658094681472823,0.46511627906976744,13,13,20,4,8,0,2,1,3,0,2,0,3H,2H,0.904090316003763,67,63,True,True,True,True,0
top_ten,svm,occupancy,full,6,unith,6,Nielsen,Nov_18_g0,0.990064289888954,0.9955191895577635,0.9658094681472823,0.46511627906976744,13,13,20,4,8,0,2,2,3,0,3,0,3H,3H,0.8695407449416809,67,67,True,True,True,True,0
top_ten,svm,occupancy,full,6,unith,6,Nielsen,Nov_18_g0,0.990064289888954,0.9955191895577635,0.9658094681472823,0.46511627906976744,13,13,20,4,8,0,2,3,3,0,4,0,3H,4H,0.9181033588882151,67,43,True,True,True,True,0
top_ten,svm,occupancy,full,6,unith,6,Nielsen,Nov_18_g0,0.990064289888954,0.9955191895577635,0.9658094681472823,0.46511627906976744,13,2,20,4,8,0,2,4,3,0,5,0,3H,5H,0.8487612858923013,67,5,True,True,True,False,0
top_ten,svm,occupancy,full,6,unith,6,Nielsen,Nov_18_g0,0.990064289888954,0.9955191895577635,0.9658094681472823,0.46511627906976744,13,,20,4,8,0,2,5,3,0,6,0,3H,6H,,67,0,True,False,True,False,0
top_ten,svm,occupancy,full,6,unith,6,Nielsen,Nov_18_g0,0.990064289888954,0.9955191895577635,0.9658094681472823,0.46511627906976744,13,,20,4,8,0,2,6,3,0,1,1,3H,1S,,67,0,True,False,True,False,0
top_ten,svm,occupancy,full,6,unith,6,Nielsen,Nov_18_g0,0.990064289888954,0.9955191895577635,0.9658094681472823,0.46511627906976744,13,,20,4,8,0,2,7,3,0,2,1,3H,2S,,67,0,True,False,True,False,0
top_ten,svm,occupancy,full,6,unith,6,Nielsen,Nov_18_g0,0.990064289888954,0.9955191895577635,0.9658094681472823,0.46511627906976744,13,,20,4,8,0,2,8,3,0,3,1,3H,3S,,67,0,True,False,True,False,0
top_ten,svm,occupancy,full,6,unith,6,Nielsen,Nov_18_g0,0.990064289888954,0.9955191895577635,0.9658094681472823,0.46511627906976744,13,13,20,4,8,0,2,9,3,0,4,1,3H,4S,0.8657497038195163,67,27,True,True,True,True,0
top_ten,svm,occupancy,full,6,unith,6,Nielsen,Nov_18_g0,0.990064289888954,0.9955191895577635,0.9658094681472823,0.46511627906976744,13,13,20,4,8,0,2,10,3,0,5,1,3H,5S,0.8816455081920443,67,76,True,True,True,True,0
top_ten,svm,occupancy,full,6,unith,6,Nielsen,Nov_18_g0,0.990064289888954,0.9955191895577635,0.9658094681472823,0.46511627906976744,13,13,20,4,8,0,2,11,3,0,6,1,3H,6S,0.831887944538388,67,84,True,True,True,True,0
top_ten,svm,occupancy,full,6,unith,6,Nielsen,Nov_18_g0,0.990064289888954,0.9955191895577635,0.9658094681472823,0.46511627906976744,13,13,20,4,8,0,3,0,4,0,1,0,4H,1H,0.8699878839490184,43,57,True,True,True,True,0
top_ten,svm,occupancy,full,6,unith,6,Nielsen,Nov_18_g0,0.990064289888954,0.9955191895577635,0.9658094681472823,0.46511627906976744,13,13,20,4,8,0,3,1,4,0,2,0,4H,2H,0.9104660595952081,43,63,True,True,True,True,0
top_ten,svm,occupancy,full,6,unith,6,Nielsen,Nov_18_g0,0.990064289888954,0.9955191895577635,0.9658094681472823,0.46511627906976744,13,13,20,4,8,0,3,2,4,0,3,0,4H,3H,0.9181033588882151,43,67,True,True,True,True,0
top_ten,svm,occupancy,full,6,unith,6,Nielsen,Nov_18_g0,0.990064289888954,0.9955191895577635,0.9658094681472823,0.46511627906976744,13,13,20,4,8,0,3,3,4,0,4,0,4H,4H,0.9547410909097703,43,43,True,True,True,True,0
top_ten,svm,occupancy,full,6,unith,6,Nielsen,Nov_18_g0,0.990064289888954,0.9955191895577635,0.9658094681472823,0.46511627906976744,13,2,20,4,8,0,3,4,4,0,5,0,4H,5H,0.9148503767602338,43,5,True,True,True,False,0
top_ten,svm,occupancy,full,6,unith,6,Nielsen,Nov_18_g0,0.990064289888954,0.9955191895577635,0.9658094681472823,0.46511627906976744,13,,20,4,8,0,3,5,4,0,6,0,4H,6H,,43,0,True,False,True,False,0
top_ten,svm,occupancy,full,6,unith,6,Nielsen,Nov_18_g0,0.990064289888954,0.9955191895577635,0.9658094681472823,0.46511627906976744,13,,20,4,8,0,3,6,4,0,1,1,4H,1S,,43,0,True,False,True,False,0
top_ten,svm,occupancy,full,6,unith,6,Nielsen,Nov_18_g0,0.990064289888954,0.9955191895577635,0.9658094681472823,0.46511627906976744,13,,20,4,8,0,3,7,4,0,2,1,4H,2S,,43,0,True,False,True,False,0
top_ten,svm,occupancy,full,6,unith,6,Nielsen,Nov_18_g0,0.990064289888954,0.9955191895577635,0.9658094681472823,0.46511627906976744,13,,20,4,8,0,3,8,4,0,3,1,4H,3S,,43,0,True,False,True,False,0
top_ten,svm,occupancy,full,6,unith,6,Nielsen,Nov_18_g0,0.990064289888954,0.9955191895577635,0.9658094681472823,0.46511627906976744,13,13,20,4,8,0,3,9,4,0,4,1,4H,4S,0.9191956099258803,43,27,True,True,True,True,0
top_ten,svm,occupancy,full,6,unith,6,Nielsen,Nov_18_g0,0.990064289888954,0.9955191895577635,0.9658094681472823,0.46511627906976744,13,13,20,4,8,0,3,10,4,0,5,1,4H,5S,0.9537089686539663,43,76,True,True,True,True,0
top_ten,svm,occupancy,full,6,unith,6,Nielsen,Nov_18_g0,0.990064289888954,0.9955191895577635,0.9658094681472823,0.46511627906976744,13,13,20,4,8,0,3,11,4,0,6,1,4H,6S,0.9207594639922203,43,84,True,True,True,True,0
top_ten,svm,occupancy,full,6,unith,6,Nielsen,Nov_18_g0,0.990064289888954,0.9955191895577635,0.9658094681472823,0.46511627906976744,2,13,20,4,8,0,4,0,5,0,1,0,5H,1H,0.7757774895497264,5,57,True,True,False,True,0
top_ten,svm,occupancy,full,6,unith,6,Nielsen,Nov_18_g0,0.990064289888954,0.9955191895577635,0.9658094681472823,0.46511627906976744,2,13,20,4,8,0,4,1,5,0,2,0,5H,2H,0.8146804895646749,5,63,True,True,False,True,0
top_ten,svm,occupancy,full,6,unith,6,Nielsen,Nov_18_g0,0.990064289888954,0.9955191895577635,0.9658094681472823,0.46511627906976744,2,13,20,4,8,0,4,2,5,0,3,0,5H,3H,0.8487612858923013,5,67,True,True,False,True,0
top_ten,svm,occupancy,full,6,unith,6,Nielsen,Nov_18_g0,0.990064289888954,0.9955191895577635,0.9658094681472823,0.46511627906976744,2,13,20,4,8,0,4,3,5,0,4,0,5H,4H,0.9148503767602338,5,43,True,True,False,True,0
top_ten,svm,occupancy,full,6,unith,6,Nielsen,Nov_18_g0,0.990064289888954,0.9955191895577635,0.9658094681472823,0.46511627906976744,2,2,20,4,8,0,4,4,5,0,5,0,5H,5H,0.9097299174418657,5,5,True,True,False,False,0
top_ten,svm,occupancy,full,6,unith,6,Nielsen,Nov_18_g0,0.990064289888954,0.9955191895577635,0.9658094681472823,0.46511627906976744,2,,20,4,8,0,4,5,5,0,6,0,5H,6H,,5,0,True,False,False,False,0
top_ten,svm,occupancy,full,6,unith,6,Nielsen,Nov_18_g0,0.990064289888954,0.9955191895577635,0.9658094681472823,0.46511627906976744,2,,20,4,8,0,4,6,5,0,1,1,5H,1S,,5,0,True,False,False,False,0
top_ten,svm,occupancy,full,6,unith,6,Nielsen,Nov_18_g0,0.990064289888954,0.9955191895577635,0.9658094681472823,0.46511627906976744,2,,20,4,8,0,4,7,5,0,2,1,5H,2S,,5,0,True,False,False,False,0
top_ten,svm,occupancy,full,6,unith,6,Nielsen,Nov_18_g0,0.990064289888954,0.9955191895577635,0.9658094681472823,0.46511627906976744,2,,20,4,8,0,4,8,5,0,3,1,5H,3S,,5,0,True,False,False,False,0
top_ten,svm,occupancy,full,6,unith,6,Nielsen,Nov_18_g0,0.990064289888954,0.9955191895577635,0.9658094681472823,0.46511627906976744,2,13,20,4,8,0,4,9,5,0,4,1,5H,4S,0.8136400810841277,5,27,True,True,False,True,0
top_ten,svm,occupancy,full,6,unith,6,Nielsen,Nov_18_g0,0.990064289888954,0.9955191895577635,0.9658094681472823,0.46511627906976744,2,13,20,4,8,0,4,10,5,0,5,1,5H,5S,0.945571382875368,5,76,True,True,False,True,0
top_ten,svm,occupancy,full,6,unith,6,Nielsen,Nov_18_g0,0.990064289888954,0.9955191895577635,0.9658094681472823,0.46511627906976744,2,13,20,4,8,0,4,11,5,0,6,1,5H,6S,0.8329252332504613,5,84,True,True,False,True,0
top_ten,svm,occupancy,full,6,unith,6,Nielsen,Nov_18_g0,0.990064289888954,0.9955191895577635,0.9658094681472823,0.46511627906976744,,13,20,4,8,0,5,0,6,0,1,0,6H,1H,,0,57,False,True,False,True,0
top_ten,svm,occupancy,full,6,unith,6,Nielsen,Nov_18_g0,0.990064289888954,0.9955191895577635,0.9658094681472823,0.46511627906976744,,13,20,4,8,0,5,1,6,0,2,0,6H,2H,,0,63,False,True,False,True,0
top_ten,svm,occupancy,full,6,unith,6,Nielsen,Nov_18_g0,0.990064289888954,0.9955191895577635,0.9658094681472823,0.46511627906976744,,13,20,4,8,0,5,2,6,0,3,0,6H,3H,,0,67,False,True,False,True,0
top_ten,svm,occupancy,full,6,unith,6,Nielsen,Nov_18_g0,0.990064289888954,0.9955191895577635,0.9658094681472823,0.46511627906976744,,13,20,4,8,0,5,3,6,0,4,0,6H,4H,,0,43,False,True,False,True,0
top_ten,svm,occupancy,full,6,unith,6,Nielsen,Nov_18_g0,0.990064289888954,0.9955191895577635,0.9658094681472823,0.46511627906976744,,2,20,4,8,0,5,4,6,0,5,0,6H,5H,,0,5,False,True,False,False,0
top_ten,svm,occupancy,full,6,unith,6,Nielsen,Nov_18_g0,0.990064289888954,0.9955191895577635,0.9658094681472823,0.46511627906976744,,,20,4,8,0,5,5,6,0,6,0,6H,6H,,0,0,False,False,False,False,0
top_ten,svm,occupancy,full,6,unith,6,Nielsen,Nov_18_g0,0.990064289888954,0.9955191895577635,0.9658094681472823,0.46511627906976744,,,20,4,8,0,5,6,6,0,1,1,6H,1S,,0,0,False,False,False,False,0
top_ten,svm,occupancy,full,6,unith,6,Nielsen,Nov_18_g0,0.990064289888954,0.9955191895577635,0.9658094681472823,0.46511627906976744,,,20,4,8,0,5,7,6,0,2,1,6H,2S,,0,0,False,False,False,False,0
top_ten,svm,occupancy,full,6,unith,6,Nielsen,Nov_18_g0,0.990064289888954,0.9955191895577635,0.9658094681472823,0.46511627906976744,,,20,4,8,0,5,8,6,0,3,1,6H,3S,,0,0,False,False,False,False,0
top_ten,svm,occupancy,full,6,unith,6,Nielsen,Nov_18_g0,0.990064289888954,0.9955191895577635,0.9658094681472823,0.46511627906976744,,13,20,4,8,0,5,9,6,0,4,1,6H,4S,,0,27,False,True,False,True,0
top_ten,svm,occupancy,full,6,unith,6,Nielsen,Nov_18_g0,0.990064289888954,0.9955191895577635,0.9658094681472823,0.46511627906976744,,13,20,4,8,0,5,10,6,0,5,1,6H,5S,,0,76,False,True,False,True,0
top_ten,svm,occupancy,full,6,unith,6,Nielsen,Nov_18_g0,0.990064289888954,0.9955191895577635,0.9658094681472823,0.46511627906976744,,13,20,4,8,0,5,11,6,0,6,1,6H,6S,,0,84,False,True,False,True,0
top_ten,svm,occupancy,full,6,unith,6,Nielsen,Nov_18_g0,0.990064289888954,0.9955191895577635,0.9658094681472823,0.46511627906976744,,13,20,4,8,0,6,0,1,1,1,0,1S,1H,,0,57,False,True,False,True,0
top_ten,svm,occupancy,full,6,unith,6,Nielsen,Nov_18_g0,0.990064289888954,0.9955191895577635,0.9658094681472823,0.46511627906976744,,13,20,4,8,0,6,1,1,1,2,0,1S,2H,,0,63,False,True,False,True,0
top_ten,svm,occupancy,full,6,unith,6,Nielsen,Nov_18_g0,0.990064289888954,0.9955191895577635,0.9658094681472823,0.46511627906976744,,13,20,4,8,0,6,2,1,1,3,0,1S,3H,,0,67,False,True,False,True,0
top_ten,svm,occupancy,full,6,unith,6,Nielsen,Nov_18_g0,0.990064289888954,0.9955191895577635,0.9658094681472823,0.46511627906976744,,13,20,4,8,0,6,3,1,1,4,0,1S,4H,,0,43,False,True,False,True,0
top_ten,svm,occupancy,full,6,unith,6,Nielsen,Nov_18_g0,0.990064289888954,0.9955191895577635,0.9658094681472823,0.46511627906976744,,2,20,4,8,0,6,4,1,1,5,0,1S,5H,,0,5,False,True,False,False,0
top_ten,svm,occupancy,full,6,unith,6,Nielsen,Nov_18_g0,0.990064289888954,0.9955191895577635,0.9658094681472823,0.46511627906976744,,,20,4,8,0,6,5,1,1,6,0,1S,6H,,0,0,False,False,False,False,0
top_ten,svm,occupancy,full,6,unith,6,Nielsen,Nov_18_g0,0.990064289888954,0.9955191895577635,0.9658094681472823,0.46511627906976744,,,20,4,8,0,6,6,1,1,1,1,1S,1S,,0,0,False,False,False,False,0
top_ten,svm,occupancy,full,6,unith,6,Nielsen,Nov_18_g0,0.990064289888954,0.9955191895577635,0.9658094681472823,0.46511627906976744,,,20,4,8,0,6,7,1,1,2,1,1S,2S,,0,0,False,False,False,False,0
top_ten,svm,occupancy,full,6,unith,6,Nielsen,Nov_18_g0,0.990064289888954,0.9955191895577635,0.9658094681472823,0.46511627906976744,,,20,4,8,0,6,8,1,1,3,1,1S,3S,,0,0,False,False,False,False,0
top_ten,svm,occupancy,full,6,unith,6,Nielsen,Nov_18_g0,0.990064289888954,0.9955191895577635,0.9658094681472823,0.46511627906976744,,13,20,4,8,0,6,9,1,1,4,1,1S,4S,,0,27,False,True,False,True,0
top_ten,svm,occupancy,full,6,unith,6,Nielsen,Nov_18_g0,0.990064289888954,0.9955191895577635,0.9658094681472823,0.46511627906976744,,13,20,4,8,0,6,10,1,1,5,1,1S,5S,,0,76,False,True,False,True,0
top_ten,svm,occupancy,full,6,unith,6,Nielsen,Nov_18_g0,0.990064289888954,0.9955191895577635,0.9658094681472823,0.46511627906976744,,13,20,4,8,0,6,11,1,1,6,1,1S,6S,,0,84,False,True,False,True,0
top_ten,svm,occupancy,full,6,unith,6,Nielsen,Nov_18_g0,0.990064289888954,0.9955191895577635,0.9658094681472823,0.46511627906976744,,13,20,4,8,0,7,0,2,1,1,0,2S,1H,,0,57,False,True,False,True,0
top_ten,svm,occupancy,full,6,unith,6,Nielsen,Nov_18_g0,0.990064289888954,0.9955191895577635,0.9658094681472823,0.46511627906976744,,13,20,4,8,0,7,1,2,1,2,0,2S,2H,,0,63,False,True,False,True,0
top_ten,svm,occupancy,full,6,unith,6,Nielsen,Nov_18_g0,0.990064289888954,0.9955191895577635,0.9658094681472823,0.46511627906976744,,13,20,4,8,0,7,2,2,1,3,0,2S,3H,,0,67,False,True,False,True,0
top_ten,svm,occupancy,full,6,unith,6,Nielsen,Nov_18_g0,0.990064289888954,0.9955191895577635,0.9658094681472823,0.46511627906976744,,13,20,4,8,0,7,3,2,1,4,0,2S,4H,,0,43,False,True,False,True,0
top_ten,svm,occupancy,full,6,unith,6,Nielsen,Nov_18_g0,0.990064289888954,0.9955191895577635,0.9658094681472823,0.46511627906976744,,2,20,4,8,0,7,4,2,1,5,0,2S,5H,,0,5,False,True,False,False,0
top_ten,svm,occupancy,full,6,unith,6,Nielsen,Nov_18_g0,0.990064289888954,0.9955191895577635,0.9658094681472823,0.46511627906976744,,,20,4,8,0,7,5,2,1,6,0,2S,6H,,0,0,False,False,False,False,0
top_ten,svm,occupancy,full,6,unith,6,Nielsen,Nov_18_g0,0.990064289888954,0.9955191895577635,0.9658094681472823,0.46511627906976744,,,20,4,8,0,7,6,2,1,1,1,2S,1S,,0,0,False,False,False,False,0
top_ten,svm,occupancy,full,6,unith,6,Nielsen,Nov_18_g0,0.990064289888954,0.9955191895577635,0.9658094681472823,0.46511627906976744,,,20,4,8,0,7,7,2,1,2,1,2S,2S,,0,0,False,False,False,False,0
top_ten,svm,occupancy,full,6,unith,6,Nielsen,Nov_18_g0,0.990064289888954,0.9955191895577635,0.9658094681472823,0.46511627906976744,,,20,4,8,0,7,8,2,1,3,1,2S,3S,,0,0,False,False,False,False,0
top_ten,svm,occupancy,full,6,unith,6,Nielsen,Nov_18_g0,0.990064289888954,0.9955191895577635,0.9658094681472823,0.46511627906976744,,13,20,4,8,0,7,9,2,1,4,1,2S,4S,,0,27,False,True,False,True,0
top_ten,svm,occupancy,full,6,unith,6,Nielsen,Nov_18_g0,0.990064289888954,0.9955191895577635,0.9658094681472823,0.46511627906976744,,13,20,4,8,0,7,10,2,1,5,1,2S,5S,,0,76,False,True,False,True,0
top_ten,svm,occupancy,full,6,unith,6,Nielsen,Nov_18_g0,0.990064289888954,0.9955191895577635,0.9658094681472823,0.46511627906976744,,13,20,4,8,0,7,11,2,1,6,1,2S,6S,,0,84,False,True,False,True,0
top_ten,svm,occupancy,full,6,unith,6,Nielsen,Nov_18_g0,0.990064289888954,0.9955191895577635,0.9658094681472823,0.46511627906976744,,13,20,4,8,0,8,0,3,1,1,0,3S,1H,,0,57,False,True,False,True,0
top_ten,svm,occupancy,full,6,unith,6,Nielsen,Nov_18_g0,0.990064289888954,0.9955191895577635,0.9658094681472823,0.46511627906976744,,13,20,4,8,0,8,1,3,1,2,0,3S,2H,,0,63,False,True,False,True,0
top_ten,svm,occupancy,full,6,unith,6,Nielsen,Nov_18_g0,0.990064289888954,0.9955191895577635,0.9658094681472823,0.46511627906976744,,13,20,4,8,0,8,2,3,1,3,0,3S,3H,,0,67,False,True,False,True,0
top_ten,svm,occupancy,full,6,unith,6,Nielsen,Nov_18_g0,0.990064289888954,0.9955191895577635,0.9658094681472823,0.46511627906976744,,13,20,4,8,0,8,3,3,1,4,0,3S,4H,,0,43,False,True,False,True,0
top_ten,svm,occupancy,full,6,unith,6,Nielsen,Nov_18_g0,0.990064289888954,0.9955191895577635,0.9658094681472823,0.46511627906976744,,2,20,4,8,0,8,4,3,1,5,0,3S,5H,,0,5,False,True,False,False,0
top_ten,svm,occupancy,full,6,unith,6,Nielsen,Nov_18_g0,0.990064289888954,0.9955191895577635,0.9658094681472823,0.46511627906976744,,,20,4,8,0,8,5,3,1,6,0,3S,6H,,0,0,False,False,False,False,0
top_ten,svm,occupancy,full,6,unith,6,Nielsen,Nov_18_g0,0.990064289888954,0.9955191895577635,0.9658094681472823,0.46511627906976744,,,20,4,8,0,8,6,3,1,1,1,3S,1S,,0,0,False,False,False,False,0
top_ten,svm,occupancy,full,6,unith,6,Nielsen,Nov_18_g0,0.990064289888954,0.9955191895577635,0.9658094681472823,0.46511627906976744,,,20,4,8,0,8,7,3,1,2,1,3S,2S,,0,0,False,False,False,False,0
top_ten,svm,occupancy,full,6,unith,6,Nielsen,Nov_18_g0,0.990064289888954,0.9955191895577635,0.9658094681472823,0.46511627906976744,,,20,4,8,0,8,8,3,1,3,1,3S,3S,,0,0,False,False,False,False,0
top_ten,svm,occupancy,full,6,unith,6,Nielsen,Nov_18_g0,0.990064289888954,0.9955191895577635,0.9658094681472823,0.46511627906976744,,13,20,4,8,0,8,9,3,1,4,1,3S,4S,,0,27,False,True,False,True,0
top_ten,svm,occupancy,full,6,unith,6,Nielsen,Nov_18_g0,0.990064289888954,0.9955191895577635,0.9658094681472823,0.46511627906976744,,13,20,4,8,0,8,10,3,1,5,1,3S,5S,,0,76,False,True,False,True,0
top_ten,svm,occupancy,full,6,unith,6,Nielsen,Nov_18_g0,0.990064289888954,0.9955191895577635,0.9658094681472823,0.46511627906976744,,13,20,4,8,0,8,11,3,1,6,1,3S,6S,,0,84,False,True,False,True,0
top_ten,svm,occupancy,full,6,unith,6,Nielsen,Nov_18_g0,0.990064289888954,0.9955191895577635,0.9658094681472823,0.46511627906976744,13,13,20,4,8,0,9,0,4,1,1,0,4S,1H,0.8526344355215348,27,57,True,True,True,True,0
top_ten,svm,occupancy,full,6,unith,6,Nielsen,Nov_18_g0,0.990064289888954,0.9955191895577635,0.9658094681472823,0.46511627906976744,13,13,20,4,8,0,9,1,4,1,2,0,4S,2H,0.9058488611977911,27,63,True,True,True,True,0
top_ten,svm,occupancy,full,6,unith,6,Nielsen,Nov_18_g0,0.990064289888954,0.9955191895577635,0.9658094681472823,0.46511627906976744,13,13,20,4,8,0,9,2,4,1,3,0,4S,3H,0.8657497038195163,27,67,True,True,True,True,0
top_ten,svm,occupancy,full,6,unith,6,Nielsen,Nov_18_g0,0.990064289888954,0.9955191895577635,0.9658094681472823,0.46511627906976744,13,13,20,4,8,0,9,3,4,1,4,0,4S,4H,0.9191956099258803,27,43,True,True,True,True,0
top_ten,svm,occupancy,full,6,unith,6,Nielsen,Nov_18_g0,0.990064289888954,0.9955191895577635,0.9658094681472823,0.46511627906976744,13,2,20,4,8,0,9,4,4,1,5,0,4S,5H,0.8136400810841277,27,5,True,True,True,False,0
top_ten,svm,occupancy,full,6,unith,6,Nielsen,Nov_18_g0,0.990064289888954,0.9955191895577635,0.9658094681472823,0.46511627906976744,13,,20,4,8,0,9,5,4,1,6,0,4S,6H,,27,0,True,False,True,False,0
top_ten,svm,occupancy,full,6,unith,6,Nielsen,Nov_18_g0,0.990064289888954,0.9955191895577635,0.9658094681472823,0.46511627906976744,13,,20,4,8,0,9,6,4,1,1,1,4S,1S,,27,0,True,False,True,False,0
top_ten,svm,occupancy,full,6,unith,6,Nielsen,Nov_18_g0,0.990064289888954,0.9955191895577635,0.9658094681472823,0.46511627906976744,13,,20,4,8,0,9,7,4,1,2,1,4S,2S,,27,0,True,False,True,False,0
top_ten,svm,occupancy,full,6,unith,6,Nielsen,Nov_18_g0,0.990064289888954,0.9955191895577635,0.9658094681472823,0.46511627906976744,13,,20,4,8,0,9,8,4,1,3,1,4S,3S,,27,0,True,False,True,False,0
top_ten,svm,occupancy,full,6,unith,6,Nielsen,Nov_18_g0,0.990064289888954,0.9955191895577635,0.9658094681472823,0.46511627906976744,13,13,20,4,8,0,9,9,4,1,4,1,4S,4S,0.9218201705511625,27,27,True,True,True,True,0
top_ten,svm,occupancy,full,6,unith,6,Nielsen,Nov_18_g0,0.990064289888954,0.9955191895577635,0.9658094681472823,0.46511627906976744,13,13,20,4,8,0,9,10,4,1,5,1,4S,5S,0.8904787866512983,27,76,True,True,True,True,0
top_ten,svm,occupancy,full,6,unith,6,Nielsen,Nov_18_g0,0.990064289888954,0.9955191895577635,0.9658094681472823,0.46511627906976744,13,13,20,4,8,0,9,11,4,1,6,1,4S,6S,0.9510003280096913,27,84,True,True,True,True,0
top_ten,svm,occupancy,full,6,unith,6,Nielsen,Nov_18_g0,0.990064289888954,0.9955191895577635,0.9658094681472823,0.46511627906976744,13,13,20,4,8,0,10,0,5,1,1,0,5S,1H,0.8239422488295214,76,57,True,True,True,True,0
top_ten,svm,occupancy,full,6,unith,6,Nielsen,Nov_18_g0,0.990064289888954,0.9955191895577635,0.9658094681472823,0.46511627906976744,13,13,20,4,8,0,10,1,5,1,2,0,5S,2H,0.875563900044337,76,63,True,True,True,True,0
top_ten,svm,occupancy,full,6,unith,6,Nielsen,Nov_18_g0,0.990064289888954,0.9955191895577635,0.9658094681472823,0.46511627906976744,13,13,20,4,8,0,10,2,5,1,3,0,5S,3H,0.8816455081920443,76,67,True,True,True,True,0
top_ten,svm,occupancy,full,6,unith,6,Nielsen,Nov_18_g0,0.990064289888954,0.9955191895577635,0.9658094681472823,0.46511627906976744,13,13,20,4,8,0,10,3,5,1,4,0,5S,4H,0.9537089686539663,76,43,True,True,True,True,0
top_ten,svm,occupancy,full,6,unith,6,Nielsen,Nov_18_g0,0.990064289888954,0.9955191895577635,0.9658094681472823,0.46511627906976744,13,2,20,4,8,0,10,4,5,1,5,0,5S,5H,0.945571382875368,76,5,True,True,True,False,0
top_ten,svm,occupancy,full,6,unith,6,Nielsen,Nov_18_g0,0.990064289888954,0.9955191895577635,0.9658094681472823,0.46511627906976744,13,,20,4,8,0,10,5,5,1,6,0,5S,6H,,76,0,True,False,True,False,0
top_ten,svm,occupancy,full,6,unith,6,Nielsen,Nov_18_g0,0.990064289888954,0.9955191895577635,0.9658094681472823,0.46511627906976744,13,,20,4,8,0,10,6,5,1,1,1,5S,1S,,76,0,True,False,True,False,0
top_ten,svm,occupancy,full,6,unith,6,Nielsen,Nov_18_g0,0.990064289888954,0.9955191895577635,0.9658094681472823,0.46511627906976744,13,,20,4,8,0,10,7,5,1,2,1,5S,2S,,76,0,True,False,True,False,0
top_ten,svm,occupancy,full,6,unith,6,Nielsen,Nov_18_g0,0.990064289888954,0.9955191895577635,0.9658094681472823,0.46511627906976744,13,,20,4,8,0,10,8,5,1,3,1,5S,3S,,76,0,True,False,True,False,0
top_ten,svm,occupancy,full,6,unith,6,Nielsen,Nov_18_g0,0.990064289888954,0.9955191895577635,0.9658094681472823,0.46511627906976744,13,13,20,4,8,0,10,9,5,1,4,1,5S,4S,0.8904787866512983,76,27,True,True,True,True,0
top_ten,svm,occupancy,full,6,unith,6,Nielsen,Nov_18_g0,0.990064289888954,0.9955191895577635,0.9658094681472823,0.46511627906976744,13,13,20,4,8,0,10,10,5,1,5,1,5S,5S,0.9705713109291608,76,76,True,True,True,True,0
top_ten,svm,occupancy,full,6,unith,6,Nielsen,Nov_18_g0,0.990064289888954,0.9955191895577635,0.9658094681472823,0.46511627906976744,13,13,20,4,8,0,10,11,5,1,6,1,5S,6S,0.8963581071551449,76,84,True,True,True,True,0
top_ten,svm,occupancy,full,6,unith,6,Nielsen,Nov_18_g0,0.990064289888954,0.9955191895577635,0.9658094681472823,0.46511627906976744,13,13,20,4,8,0,11,0,6,1,1,0,6S,1H,0.801869314216092,84,57,True,True,True,True,0
top_ten,svm,occupancy,full,6,unith,6,Nielsen,Nov_18_g0,0.990064289888954,0.9955191895577635,0.9658094681472823,0.46511627906976744,13,13,20,4,8,0,11,1,6,1,2,0,6S,2H,0.8607577957864511,84,63,True,True,True,True,0
top_ten,svm,occupancy,full,6,unith,6,Nielsen,Nov_18_g0,0.990064289888954,0.9955191895577635,0.9658094681472823,0.46511627906976744,13,13,20,4,8,0,11,2,6,1,3,0,6S,3H,0.831887944538388,84,67,True,True,True,True,0
top_ten,svm,occupancy,full,6,unith,6,Nielsen,Nov_18_g0,0.990064289888954,0.9955191895577635,0.9658094681472823,0.46511627906976744,13,13,20,4,8,0,11,3,6,1,4,0,6S,4H,0.9207594639922203,84,43,True,True,True,True,0
top_ten,svm,occupancy,full,6,unith,6,Nielsen,Nov_18_g0,0.990064289888954,0.9955191895577635,0.9658094681472823,0.46511627906976744,13,2,20,4,8,0,11,4,6,1,5,0,6S,5H,0.8329252332504613,84,5,True,True,True,False,0
top_ten,svm,occupancy,full,6,unith,6,Nielsen,Nov_18_g0,0.990064289888954,0.9955191895577635,0.9658094681472823,0.46511627906976744,13,,20,4,8,0,11,5,6,1,6,0,6S,6H,,84,0,True,False,True,False,0
top_ten,svm,occupancy,full,6,unith,6,Nielsen,Nov_18_g0,0.990064289888954,0.9955191895577635,0.9658094681472823,0.46511627906976744,13,,20,4,8,0,11,6,6,1,1,1,6S,1S,,84,0,True,False,True,False,0
top_ten,svm,occupancy,full,6,unith,6,Nielsen,Nov_18_g0,0.990064289888954,0.9955191895577635,0.9658094681472823,0.46511627906976744,13,,20,4,8,0,11,7,6,1,2,1,6S,2S,,84,0,True,False,True,False,0
top_ten,svm,occupancy,full,6,unith,6,Nielsen,Nov_18_g0,0.990064289888954,0.9955191895577635,0.9658094681472823,0.46511627906976744,13,,20,4,8,0,11,8,6,1,3,1,6S,3S,,84,0,True,False,True,False,0
top_ten,svm,occupancy,full,6,unith,6,Nielsen,Nov_18_g0,0.990064289888954,0.9955191895577635,0.9658094681472823,0.46511627906976744,13,13,20,4,8,0,11,9,6,1,4,1,6S,4S,0.9510003280096913,84,27,True,True,True,True,0
top_ten,svm,occupancy,full,6,unith,6,Nielsen,Nov_18_g0,0.990064289888954,0.9955191895577635,0.9658094681472823,0.46511627906976744,13,13,20,4,8,0,11,10,6,1,5,1,6S,5S,0.8963581071551449,84,76,True,True,True,True,0
top_ten,svm,occupancy,full,6,unith,6,Nielsen,Nov_18_g0,0.990064289888954,0.9955191895577635,0.9658094681472823,0.46511627906976744,13,13,20,4,8,0,11,11,6,1,6,1,6S,6S,0.9653691530053466,84,84,True,True,True,True,0
top_ten,svm,occupancy,full,6,unith,6,Nielsen,Nov_1_g0,0.96875,0.9744318181818181,0.9217657342657343,0.9030612244897959,4,4,20,4,8,0,0,0,1,0,1,0,1H,1H,0.7245572759724632,48,48,True,True,True,True,0
top_ten,svm,occupancy,full,6,unith,6,Nielsen,Nov_1_g0,0.96875,0.9744318181818181,0.9217657342657343,0.9030612244897959,4,4,20,4,8,0,0,1,1,0,2,0,1H,2H,0.7692427709471353,48,42,True,True,True,True,0
top_ten,svm,occupancy,full,6,unith,6,Nielsen,Nov_1_g0,0.96875,0.9744318181818181,0.9217657342657343,0.9030612244897959,4,4,20,4,8,0,0,2,1,0,3,0,1H,3H,0.7316898918115736,48,54,True,True,True,True,0
top_ten,svm,occupancy,full,6,unith,6,Nielsen,Nov_1_g0,0.96875,0.9744318181818181,0.9217657342657343,0.9030612244897959,4,4,20,4,8,0,0,3,1,0,4,0,1H,4H,0.6995484712562576,48,54,True,True,True,True,0
top_ten,svm,occupancy,full,6,unith,6,Nielsen,Nov_1_g0,0.96875,0.9744318181818181,0.9217657342657343,0.9030612244897959,4,4,20,4,8,0,0,4,1,0,5,0,1H,5H,0.7597906113230002,48,14,True,True,True,True,0
top_ten,svm,occupancy,full,6,unith,6,Nielsen,Nov_1_g0,0.96875,0.9744318181818181,0.9217657342657343,0.9030612244897959,4,,20,4,8,0,0,5,1,0,6,0,1H,6H,,48,0,True,False,True,False,0
top_ten,svm,occupancy,full,6,unith,6,Nielsen,Nov_1_g0,0.96875,0.9744318181818181,0.9217657342657343,0.9030612244897959,4,,20,4,8,0,0,6,1,0,1,1,1H,1S,,48,0,True,False,True,False,0
top_ten,svm,occupancy,full,6,unith,6,Nielsen,Nov_1_g0,0.96875,0.9744318181818181,0.9217657342657343,0.9030612244897959,4,4,20,4,8,0,0,7,1,0,2,1,1H,2S,0.7125300040795461,48,12,True,True,True,True,0
top_ten,svm,occupancy,full,6,unith,6,Nielsen,Nov_1_g0,0.96875,0.9744318181818181,0.9217657342657343,0.9030612244897959,4,4,20,4,8,0,0,8,1,0,3,1,1H,3S,0.48700317513984465,48,9,True,True,True,True,0
top_ten,svm,occupancy,full,6,unith,6,Nielsen,Nov_1_g0,0.96875,0.9744318181818181,0.9217657342657343,0.9030612244897959,4,4,20,4,8,0,0,9,1,0,4,1,1H,4S,0.761708805883661,48,27,True,True,True,True,0
top_ten,svm,occupancy,full,6,unith,6,Nielsen,Nov_1_g0,0.96875,0.9744318181818181,0.9217657342657343,0.9030612244897959,4,4,20,4,8,0,0,10,1,0,5,1,1H,5S,0.6753520878484197,48,65,True,True,True,True,0
top_ten,svm,occupancy,full,6,unith,6,Nielsen,Nov_1_g0,0.96875,0.9744318181818181,0.9217657342657343,0.9030612244897959,4,4,20,4,8,0,0,11,1,0,6,1,1H,6S,0.7350316606475473,48,81,True,True,True,True,0
top_ten,svm,occupancy,full,6,unith,6,Nielsen,Nov_1_g0,0.96875,0.9744318181818181,0.9217657342657343,0.9030612244897959,4,4,20,4,8,0,1,0,2,0,1,0,2H,1H,0.7692427709471353,42,48,True,True,True,True,0
top_ten,svm,occupancy,full,6,unith,6,Nielsen,Nov_1_g0,0.96875,0.9744318181818181,0.9217657342657343,0.9030612244897959,4,4,20,4,8,0,1,1,2,0,2,0,2H,2H,0.8482015669414785,42,42,True,True,True,True,0
top_ten,svm,occupancy,full,6,unith,6,Nielsen,Nov_1_g0,0.96875,0.9744318181818181,0.9217657342657343,0.9030612244897959,4,4,20,4,8,0,1,2,2,0,3,0,2H,3H,0.8241659031665538,42,54,True,True,True,True,0
top_ten,svm,occupancy,full,6,unith,6,Nielsen,Nov_1_g0,0.96875,0.9744318181818181,0.9217657342657343,0.9030612244897959,4,4,20,4,8,0,1,3,2,0,4,0,2H,4H,0.7821819720616259,42,54,True,True,True,True,0
top_ten,svm,occupancy,full,6,unith,6,Nielsen,Nov_1_g0,0.96875,0.9744318181818181,0.9217657342657343,0.9030612244897959,4,4,20,4,8,0,1,4,2,0,5,0,2H,5H,0.868303374816674,42,14,True,True,True,True,0
top_ten,svm,occupancy,full,6,unith,6,Nielsen,Nov_1_g0,0.96875,0.9744318181818181,0.9217657342657343,0.9030612244897959,4,,20,4,8,0,1,5,2,0,6,0,2H,6H,,42,0,True,False,True,False,0
top_ten,svm,occupancy,full,6,unith,6,Nielsen,Nov_1_g0,0.96875,0.9744318181818181,0.9217657342657343,0.9030612244897959,4,,20,4,8,0,1,6,2,0,1,1,2H,1S,,42,0,True,False,True,False,0
top_ten,svm,occupancy,full,6,unith,6,Nielsen,Nov_1_g0,0.96875,0.9744318181818181,0.9217657342657343,0.9030612244897959,4,4,20,4,8,0,1,7,2,0,2,1,2H,2S,0.6946125116450317,42,12,True,True,True,True,0
top_ten,svm,occupancy,full,6,unith,6,Nielsen,Nov_1_g0,0.96875,0.9744318181818181,0.9217657342657343,0.9030612244897959,4,4,20,4,8,0,1,8,2,0,3,1,2H,3S,0.49577094740811295,42,9,True,True,True,True,0
top_ten,svm,occupancy,full,6,unith,6,Nielsen,Nov_1_g0,0.96875,0.9744318181818181,0.9217657342657343,0.9030612244897959,4,4,20,4,8,0,1,9,2,0,4,1,2H,4S,0.8758188956791289,42,27,True,True,True,True,0
top_ten,svm,occupancy,full,6,unith,6,Nielsen,Nov_1_g0,0.96875,0.9744318181818181,0.9217657342657343,0.9030612244897959,4,4,20,4,8,0,1,10,2,0,5,1,2H,5S,0.8081779578517871,42,65,True,True,True,True,0
top_ten,svm,occupancy,full,6,unith,6,Nielsen,Nov_1_g0,0.96875,0.9744318181818181,0.9217657342657343,0.9030612244897959,4,4,20,4,8,0,1,11,2,0,6,1,2H,6S,0.8444076231680523,42,81,True,True,True,True,0
top_ten,svm,occupancy,full,6,unith,6,Nielsen,Nov_1_g0,0.96875,0.9744318181818181,0.9217657342657343,0.9030612244897959,4,4,20,4,8,0,2,0,3,0,1,0,3H,1H,0.7316898918115736,54,48,True,True,True,True,0
top_ten,svm,occupancy,full,6,unith,6,Nielsen,Nov_1_g0,0.96875,0.9744318181818181,0.9217657342657343,0.9030612244897959,4,4,20,4,8,0,2,1,3,0,2,0,3H,2H,0.8241659031665538,54,42,True,True,True,True,0
top_ten,svm,occupancy,full,6,unith,6,Nielsen,Nov_1_g0,0.96875,0.9744318181818181,0.9217657342657343,0.9030612244897959,4,4,20,4,8,0,2,2,3,0,3,0,3H,3H,0.7973780131422813,54,54,True,True,True,True,0
top_ten,svm,occupancy,full,6,unith,6,Nielsen,Nov_1_g0,0.96875,0.9744318181818181,0.9217657342657343,0.9030612244897959,4,4,20,4,8,0,2,3,3,0,4,0,3H,4H,0.7023749973148148,54,54,True,True,True,True,0
top_ten,svm,occupancy,full,6,unith,6,Nielsen,Nov_1_g0,0.96875,0.9744318181818181,0.9217657342657343,0.9030612244897959,4,4,20,4,8,0,2,4,3,0,5,0,3H,5H,0.8347033956581488,54,14,True,True,True,True,0
top_ten,svm,occupancy,full,6,unith,6,Nielsen,Nov_1_g0,0.96875,0.9744318181818181,0.9217657342657343,0.9030612244897959,4,,20,4,8,0,2,5,3,0,6,0,3H,6H,,54,0,True,False,True,False,0
top_ten,svm,occupancy,full,6,unith,6,Nielsen,Nov_1_g0,0.96875,0.9744318181818181,0.9217657342657343,0.9030612244897959,4,,20,4,8,0,2,6,3,0,1,1,3H,1S,,54,0,True,False,True,False,0
top_ten,svm,occupancy,full,6,unith,6,Nielsen,Nov_1_g0,0.96875,0.9744318181818181,0.9217657342657343,0.9030612244897959,4,4,20,4,8,0,2,7,3,0,2,1,3H,2S,0.7663690855074037,54,12,True,True,True,True,0
top_ten,svm,occupancy,full,6,unith,6,Nielsen,Nov_1_g0,0.96875,0.9744318181818181,0.9217657342657343,0.9030612244897959,4,4,20,4,8,0,2,8,3,0,3,1,3H,3S,0.5795963690958743,54,9,True,True,True,True,0
top_ten,svm,occupancy,full,6,unith,6,Nielsen,Nov_1_g0,0.96875,0.9744318181818181,0.9217657342657343,0.9030612244897959,4,4,20,4,8,0,2,9,3,0,4,1,3H,4S,0.7877834937649387,54,27,True,True,True,True,0
top_ten,svm,occupancy,full,6,unith,6,Nielsen,Nov_1_g0,0.96875,0.9744318181818181,0.9217657342657343,0.9030612244897959,4,4,20,4,8,0,2,10,3,0,5,1,3H,5S,0.7312335115452375,54,65,True,True,True,True,0
top_ten,svm,occupancy,full,6,unith,6,Nielsen,Nov_1_g0,0.96875,0.9744318181818181,0.9217657342657343,0.9030612244897959,4,4,20,4,8,0,2,11,3,0,6,1,3H,6S,0.7266564870046961,54,81,True,True,True,True,0
top_ten,svm,occupancy,full,6,unith,6,Nielsen,Nov_1_g0,0.96875,0.9744318181818181,0.9217657342657343,0.9030612244897959,4,4,20,4,8,0,3,0,4,0,1,0,4H,1H,0.6995484712562576,54,48,True,True,True,True,0
top_ten,svm,occupancy,full,6,unith,6,Nielsen,Nov_1_g0,0.96875,0.9744318181818181,0.9217657342657343,0.9030612244897959,4,4,20,4,8,0,3,1,4,0,2,0,4H,2H,0.7821819720616259,54,42,True,True,True,True,0
top_ten,svm,occupancy,full,6,unith,6,Nielsen,Nov_1_g0,0.96875,0.9744318181818181,0.9217657342657343,0.9030612244897959,4,4,20,4,8,0,3,2,4,0,3,0,4H,3H,0.7023749973148148,54,54,True,True,True,True,0
top_ten,svm,occupancy,full,6,unith,6,Nielsen,Nov_1_g0,0.96875,0.9744318181818181,0.9217657342657343,0.9030612244897959,4,4,20,4,8,0,3,3,4,0,4,0,4H,4H,0.6962713301433817,54,54,True,True,True,True,0
top_ten,svm,occupancy,full,6,unith,6,Nielsen,Nov_1_g0,0.96875,0.9744318181818181,0.9217657342657343,0.9030612244897959,4,4,20,4,8,0,3,4,4,0,5,0,4H,5H,0.7802039301740635,54,14,True,True,True,True,0
top_ten,svm,occupancy,full,6,unith,6,Nielsen,Nov_1_g0,0.96875,0.9744318181818181,0.9217657342657343,0.9030612244897959,4,,20,4,8,0,3,5,4,0,6,0,4H,6H,,54,0,True,False,True,False,0
top_ten,svm,occupancy,full,6,unith,6,Nielsen,Nov_1_g0,0.96875,0.9744318181818181,0.9217657342657343,0.9030612244897959,4,,20,4,8,0,3,6,4,0,1,1,4H,1S,,54,0,True,False,True,False,0
top_ten,svm,occupancy,full,6,unith,6,Nielsen,Nov_1_g0,0.96875,0.9744318181818181,0.9217657342657343,0.9030612244897959,4,4,20,4,8,0,3,7,4,0,2,1,4H,2S,0.7697921290895253,54,12,True,True,True,True,0
top_ten,svm,occupancy,full,6,unith,6,Nielsen,Nov_1_g0,0.96875,0.9744318181818181,0.9217657342657343,0.9030612244897959,4,4,20,4,8,0,3,8,4,0,3,1,4H,3S,0.5307491173482884,54,9,True,True,True,True,0
top_ten,svm,occupancy,full,6,unith,6,Nielsen,Nov_1_g0,0.96875,0.9744318181818181,0.9217657342657343,0.9030612244897959,4,4,20,4,8,0,3,9,4,0,4,1,4H,4S,0.7457863493635427,54,27,True,True,True,True,0
top_ten,svm,occupancy,full,6,unith,6,Nielsen,Nov_1_g0,0.96875,0.9744318181818181,0.9217657342657343,0.9030612244897959,4,4,20,4,8,0,3,10,4,0,5,1,4H,5S,0.6713365614638596,54,65,True,True,True,True,0
top_ten,svm,occupancy,full,6,unith,6,Nielsen,Nov_1_g0,0.96875,0.9744318181818181,0.9217657342657343,0.9030612244897959,4,4,20,4,8,0,3,11,4,0,6,1,4H,6S,0.6957446316222694,54,81,True,True,True,True,0
top_ten,svm,occupancy,full,6,unith,6,Nielsen,Nov_1_g0,0.96875,0.9744318181818181,0.9217657342657343,0.9030612244897959,4,4,20,4,8,0,4,0,5,0,1,0,5H,1H,0.7597906113230002,14,48,True,True,True,True,0
top_ten,svm,occupancy,full,6,unith,6,Nielsen,Nov_1_g0,0.96875,0.9744318181818181,0.9217657342657343,0.9030612244897959,4,4,20,4,8,0,4,1,5,0,2,0,5H,2H,0.868303374816674,14,42,True,True,True,True,0
top_ten,svm,occupancy,full,6,unith,6,Nielsen,Nov_1_g0,0.96875,0.9744318181818181,0.9217657342657343,0.9030612244897959,4,4,20,4,8,0,4,2,5,0,3,0,5H,3H,0.8347033956581488,14,54,True,True,True,True,0
top_ten,svm,occupancy,full,6,unith,6,Nielsen,Nov_1_g0,0.96875,0.9744318181818181,0.9217657342657343,0.9030612244897959,4,4,20,4,8,0,4,3,5,0,4,0,5H,4H,0.7802039301740635,14,54,True,True,True,True,0
top_ten,svm,occupancy,full,6,unith,6,Nielsen,Nov_1_g0,0.96875,0.9744318181818181,0.9217657342657343,0.9030612244897959,4,4,20,4,8,0,4,4,5,0,5,0,5H,5H,0.8708989921495794,14,14,True,True,True,True,0
top_ten,svm,occupancy,full,6,unith,6,Nielsen,Nov_1_g0,0.96875,0.9744318181818181,0.9217657342657343,0.9030612244897959,4,,20,4,8,0,4,5,5,0,6,0,5H,6H,,14,0,True,False,True,False,0
top_ten,svm,occupancy,full,6,unith,6,Nielsen,Nov_1_g0,0.96875,0.9744318181818181,0.9217657342657343,0.9030612244897959,4,,20,4,8,0,4,6,5,0,1,1,5H,1S,,14,0,True,False,True,False,0
top_ten,svm,occupancy,full,6,unith,6,Nielsen,Nov_1_g0,0.96875,0.9744318181818181,0.9217657342657343,0.9030612244897959,4,4,20,4,8,0,4,7,5,0,2,1,5H,2S,0.7390555868640176,14,12,True,True,True,True,0
top_ten,svm,occupancy,full,6,unith,6,Nielsen,Nov_1_g0,0.96875,0.9744318181818181,0.9217657342657343,0.9030612244897959,4,4,20,4,8,0,4,8,5,0,3,1,5H,3S,0.46381262582930144,14,9,True,True,True,True,0
top_ten,svm,occupancy,full,6,unith,6,Nielsen,Nov_1_g0,0.96875,0.9744318181818181,0.9217657342657343,0.9030612244897959,4,4,20,4,8,0,4,9,5,0,4,1,5H,4S,0.8786811751409761,14,27,True,True,True,True,0
top_ten,svm,occupancy,full,6,unith,6,Nielsen,Nov_1_g0,0.96875,0.9744318181818181,0.9217657342657343,0.9030612244897959,4,4,20,4,8,0,4,10,5,0,5,1,5H,5S,0.8375645366394908,14,65,True,True,True,True,0
top_ten,svm,occupancy,full,6,unith,6,Nielsen,Nov_1_g0,0.96875,0.9744318181818181,0.9217657342657343,0.9030612244897959,4,4,20,4,8,0,4,11,5,0,6,1,5H,6S,0.8303846328493478,14,81,True,True,True,True,0
top_ten,svm,occupancy,full,6,unith,6,Nielsen,Nov_1_g0,0.96875,0.9744318181818181,0.9217657342657343,0.9030612244897959,,4,20,4,8,0,5,0,6,0,1,0,6H,1H,,0,48,False,True,False,True,0
top_ten,svm,occupancy,full,6,unith,6,Nielsen,Nov_1_g0,0.96875,0.9744318181818181,0.9217657342657343,0.9030612244897959,,4,20,4,8,0,5,1,6,0,2,0,6H,2H,,0,42,False,True,False,True,0
top_ten,svm,occupancy,full,6,unith,6,Nielsen,Nov_1_g0,0.96875,0.9744318181818181,0.9217657342657343,0.9030612244897959,,4,20,4,8,0,5,2,6,0,3,0,6H,3H,,0,54,False,True,False,True,0
top_ten,svm,occupancy,full,6,unith,6,Nielsen,Nov_1_g0,0.96875,0.9744318181818181,0.9217657342657343,0.9030612244897959,,4,20,4,8,0,5,3,6,0,4,0,6H,4H,,0,54,False,True,False,True,0
top_ten,svm,occupancy,full,6,unith,6,Nielsen,Nov_1_g0,0.96875,0.9744318181818181,0.9217657342657343,0.9030612244897959,,4,20,4,8,0,5,4,6,0,5,0,6H,5H,,0,14,False,True,False,True,0
top_ten,svm,occupancy,full,6,unith,6,Nielsen,Nov_1_g0,0.96875,0.9744318181818181,0.9217657342657343,0.9030612244897959,,,20,4,8,0,5,5,6,0,6,0,6H,6H,,0,0,False,False,False,False,0
top_ten,svm,occupancy,full,6,unith,6,Nielsen,Nov_1_g0,0.96875,0.9744318181818181,0.9217657342657343,0.9030612244897959,,,20,4,8,0,5,6,6,0,1,1,6H,1S,,0,0,False,False,False,False,0
top_ten,svm,occupancy,full,6,unith,6,Nielsen,Nov_1_g0,0.96875,0.9744318181818181,0.9217657342657343,0.9030612244897959,,4,20,4,8,0,5,7,6,0,2,1,6H,2S,,0,12,False,True,False,True,0
top_ten,svm,occupancy,full,6,unith,6,Nielsen,Nov_1_g0,0.96875,0.9744318181818181,0.9217657342657343,0.9030612244897959,,4,20,4,8,0,5,8,6,0,3,1,6H,3S,,0,9,False,True,False,True,0
top_ten,svm,occupancy,full,6,unith,6,Nielsen,Nov_1_g0,0.96875,0.9744318181818181,0.9217657342657343,0.9030612244897959,,4,20,4,8,0,5,9,6,0,4,1,6H,4S,,0,27,False,True,False,True,0
top_ten,svm,occupancy,full,6,unith,6,Nielsen,Nov_1_g0,0.96875,0.9744318181818181,0.9217657342657343,0.9030612244897959,,4,20,4,8,0,5,10,6,0,5,1,6H,5S,,0,65,False,True,False,True,0
top_ten,svm,occupancy,full,6,unith,6,Nielsen,Nov_1_g0,0.96875,0.9744318181818181,0.9217657342657343,0.9030612244897959,,4,20,4,8,0,5,11,6,0,6,1,6H,6S,,0,81,False,True,False,True,0
top_ten,svm,occupancy,full,6,unith,6,Nielsen,Nov_1_g0,0.96875,0.9744318181818181,0.9217657342657343,0.9030612244897959,,4,20,4,8,0,6,0,1,1,1,0,1S,1H,,0,48,False,True,False,True,0
top_ten,svm,occupancy,full,6,unith,6,Nielsen,Nov_1_g0,0.96875,0.9744318181818181,0.9217657342657343,0.9030612244897959,,4,20,4,8,0,6,1,1,1,2,0,1S,2H,,0,42,False,True,False,True,0
top_ten,svm,occupancy,full,6,unith,6,Nielsen,Nov_1_g0,0.96875,0.9744318181818181,0.9217657342657343,0.9030612244897959,,4,20,4,8,0,6,2,1,1,3,0,1S,3H,,0,54,False,True,False,True,0
top_ten,svm,occupancy,full,6,unith,6,Nielsen,Nov_1_g0,0.96875,0.9744318181818181,0.9217657342657343,0.9030612244897959,,4,20,4,8,0,6,3,1,1,4,0,1S,4H,,0,54,False,True,False,True,0
top_ten,svm,occupancy,full,6,unith,6,Nielsen,Nov_1_g0,0.96875,0.9744318181818181,0.9217657342657343,0.9030612244897959,,4,20,4,8,0,6,4,1,1,5,0,1S,5H,,0,14,False,True,False,True,0
top_ten,svm,occupancy,full,6,unith,6,Nielsen,Nov_1_g0,0.96875,0.9744318181818181,0.9217657342657343,0.9030612244897959,,,20,4,8,0,6,5,1,1,6,0,1S,6H,,0,0,False,False,False,False,0
top_ten,svm,occupancy,full,6,unith,6,Nielsen,Nov_1_g0,0.96875,0.9744318181818181,0.9217657342657343,0.9030612244897959,,,20,4,8,0,6,6,1,1,1,1,1S,1S,,0,0,False,False,False,False,0
top_ten,svm,occupancy,full,6,unith,6,Nielsen,Nov_1_g0,0.96875,0.9744318181818181,0.9217657342657343,0.9030612244897959,,4,20,4,8,0,6,7,1,1,2,1,1S,2S,,0,12,False,True,False,True,0
top_ten,svm,occupancy,full,6,unith,6,Nielsen,Nov_1_g0,0.96875,0.9744318181818181,0.9217657342657343,0.9030612244897959,,4,20,4,8,0,6,8,1,1,3,1,1S,3S,,0,9,False,True,False,True,0
top_ten,svm,occupancy,full,6,unith,6,Nielsen,Nov_1_g0,0.96875,0.9744318181818181,0.9217657342657343,0.9030612244897959,,4,20,4,8,0,6,9,1,1,4,1,1S,4S,,0,27,False,True,False,True,0
top_ten,svm,occupancy,full,6,unith,6,Nielsen,Nov_1_g0,0.96875,0.9744318181818181,0.9217657342657343,0.9030612244897959,,4,20,4,8,0,6,10,1,1,5,1,1S,5S,,0,65,False,True,False,True,0
top_ten,svm,occupancy,full,6,unith,6,Nielsen,Nov_1_g0,0.96875,0.9744318181818181,0.9217657342657343,0.9030612244897959,,4,20,4,8,0,6,11,1,1,6,1,1S,6S,,0,81,False,True,False,True,0
top_ten,svm,occupancy,full,6,unith,6,Nielsen,Nov_1_g0,0.96875,0.9744318181818181,0.9217657342657343,0.9030612244897959,4,4,20,4,8,0,7,0,2,1,1,0,2S,1H,0.7125300040795461,12,48,True,True,True,True,0
top_ten,svm,occupancy,full,6,unith,6,Nielsen,Nov_1_g0,0.96875,0.9744318181818181,0.9217657342657343,0.9030612244897959,4,4,20,4,8,0,7,1,2,1,2,0,2S,2H,0.6946125116450317,12,42,True,True,True,True,0
top_ten,svm,occupancy,full,6,unith,6,Nielsen,Nov_1_g0,0.96875,0.9744318181818181,0.9217657342657343,0.9030612244897959,4,4,20,4,8,0,7,2,2,1,3,0,2S,3H,0.7663690855074037,12,54,True,True,True,True,0
top_ten,svm,occupancy,full,6,unith,6,Nielsen,Nov_1_g0,0.96875,0.9744318181818181,0.9217657342657343,0.9030612244897959,4,4,20,4,8,0,7,3,2,1,4,0,2S,4H,0.7697921290895253,12,54,True,True,True,True,0
top_ten,svm,occupancy,full,6,unith,6,Nielsen,Nov_1_g0,0.96875,0.9744318181818181,0.9217657342657343,0.9030612244897959,4,4,20,4,8,0,7,4,2,1,5,0,2S,5H,0.7390555868640176,12,14,True,True,True,True,0
top_ten,svm,occupancy,full,6,unith,6,Nielsen,Nov_1_g0,0.96875,0.9744318181818181,0.9217657342657343,0.9030612244897959,4,,20,4,8,0,7,5,2,1,6,0,2S,6H,,12,0,True,False,True,False,0
top_ten,svm,occupancy,full,6,unith,6,Nielsen,Nov_1_g0,0.96875,0.9744318181818181,0.9217657342657343,0.9030612244897959,4,,20,4,8,0,7,6,2,1,1,1,2S,1S,,12,0,True,False,True,False,0
top_ten,svm,occupancy,full,6,unith,6,Nielsen,Nov_1_g0,0.96875,0.9744318181818181,0.9217657342657343,0.9030612244897959,4,4,20,4,8,0,7,7,2,1,2,1,2S,2S,0.694909374543541,12,12,True,True,True,True,0
top_ten,svm,occupancy,full,6,unith,6,Nielsen,Nov_1_g0,0.96875,0.9744318181818181,0.9217657342657343,0.9030612244897959,4,4,20,4,8,0,7,8,2,1,3,1,2S,3S,0.6102142634026587,12,9,True,True,True,True,0
top_ten,svm,occupancy,full,6,unith,6,Nielsen,Nov_1_g0,0.96875,0.9744318181818181,0.9217657342657343,0.9030612244897959,4,4,20,4,8,0,7,9,2,1,4,1,2S,4S,0.692232580077043,12,27,True,True,True,True,0
top_ten,svm,occupancy,full,6,unith,6,Nielsen,Nov_1_g0,0.96875,0.9744318181818181,0.9217657342657343,0.9030612244897959,4,4,20,4,8,0,7,10,2,1,5,1,2S,5S,0.6650985103198797,12,65,True,True,True,True,0
top_ten,svm,occupancy,full,6,unith,6,Nielsen,Nov_1_g0,0.96875,0.9744318181818181,0.9217657342657343,0.9030612244897959,4,4,20,4,8,0,7,11,2,1,6,1,2S,6S,0.6666909563028603,12,81,True,True,True,True,0
top_ten,svm,occupancy,full,6,unith,6,Nielsen,Nov_1_g0,0.96875,0.9744318181818181,0.9217657342657343,0.9030612244897959,4,4,20,4,8,0,8,0,3,1,1,0,3S,1H,0.48700317513984465,9,48,True,True,True,True,0
top_ten,svm,occupancy,full,6,unith,6,Nielsen,Nov_1_g0,0.96875,0.9744318181818181,0.9217657342657343,0.9030612244897959,4,4,20,4,8,0,8,1,3,1,2,0,3S,2H,0.49577094740811295,9,42,True,True,True,True,0
top_ten,svm,occupancy,full,6,unith,6,Nielsen,Nov_1_g0,0.96875,0.9744318181818181,0.9217657342657343,0.9030612244897959,4,4,20,4,8,0,8,2,3,1,3,0,3S,3H,0.5795963690958743,9,54,True,True,True,True,0
top_ten,svm,occupancy,full,6,unith,6,Nielsen,Nov_1_g0,0.96875,0.9744318181818181,0.9217657342657343,0.9030612244897959,4,4,20,4,8,0,8,3,3,1,4,0,3S,4H,0.5307491173482884,9,54,True,True,True,True,0
top_ten,svm,occupancy,full,6,unith,6,Nielsen,Nov_1_g0,0.96875,0.9744318181818181,0.9217657342657343,0.9030612244897959,4,4,20,4,8,0,8,4,3,1,5,0,3S,5H,0.46381262582930144,9,14,True,True,True,True,0
top_ten,svm,occupancy,full,6,unith,6,Nielsen,Nov_1_g0,0.96875,0.9744318181818181,0.9217657342657343,0.9030612244897959,4,,20,4,8,0,8,5,3,1,6,0,3S,6H,,9,0,True,False,True,False,0
top_ten,svm,occupancy,full,6,unith,6,Nielsen,Nov_1_g0,0.96875,0.9744318181818181,0.9217657342657343,0.9030612244897959,4,,20,4,8,0,8,6,3,1,1,1,3S,1S,,9,0,True,False,True,False,0
top_ten,svm,occupancy,full,6,unith,6,Nielsen,Nov_1_g0,0.96875,0.9744318181818181,0.9217657342657343,0.9030612244897959,4,4,20,4,8,0,8,7,3,1,2,1,3S,2S,0.6102142634026587,9,12,True,True,True,True,0
top_ten,svm,occupancy,full,6,unith,6,Nielsen,Nov_1_g0,0.96875,0.9744318181818181,0.9217657342657343,0.9030612244897959,4,4,20,4,8,0,8,8,3,1,3,1,3S,3S,0.2340604646303343,9,9,True,True,True,True,0
top_ten,svm,occupancy,full,6,unith,6,Nielsen,Nov_1_g0,0.96875,0.9744318181818181,0.9217657342657343,0.9030612244897959,4,4,20,4,8,0,8,9,3,1,4,1,3S,4S,0.5109488908137585,9,27,True,True,True,True,0
top_ten,svm,occupancy,full,6,unith,6,Nielsen,Nov_1_g0,0.96875,0.9744318181818181,0.9217657342657343,0.9030612244897959,4,4,20,4,8,0,8,10,3,1,5,1,3S,5S,0.44017529492840807,9,65,True,True,True,True,0
top_ten,svm,occupancy,full,6,unith,6,Nielsen,Nov_1_g0,0.96875,0.9744318181818181,0.9217657342657343,0.9030612244897959,4,4,20,4,8,0,8,11,3,1,6,1,3S,6S,0.4428935587579235,9,81,True,True,True,True,0
top_ten,svm,occupancy,full,6,unith,6,Nielsen,Nov_1_g0,0.96875,0.9744318181818181,0.9217657342657343,0.9030612244897959,4,4,20,4,8,0,9,0,4,1,1,0,4S,1H,0.761708805883661,27,48,True,True,True,True,0
top_ten,svm,occupancy,full,6,unith,6,Nielsen,Nov_1_g0,0.96875,0.9744318181818181,0.9217657342657343,0.9030612244897959,4,4,20,4,8,0,9,1,4,1,2,0,4S,2H,0.8758188956791289,27,42,True,True,True,True,0
top_ten,svm,occupancy,full,6,unith,6,Nielsen,Nov_1_g0,0.96875,0.9744318181818181,0.9217657342657343,0.9030612244897959,4,4,20,4,8,0,9,2,4,1,3,0,4S,3H,0.7877834937649387,27,54,True,True,True,True,0
top_ten,svm,occupancy,full,6,unith,6,Nielsen,Nov_1_g0,0.96875,0.9744318181818181,0.9217657342657343,0.9030612244897959,4,4,20,4,8,0,9,3,4,1,4,0,4S,4H,0.7457863493635427,27,54,True,True,True,True,0
top_ten,svm,occupancy,full,6,unith,6,Nielsen,Nov_1_g0,0.96875,0.9744318181818181,0.9217657342657343,0.9030612244897959,4,4,20,4,8,0,9,4,4,1,5,0,4S,5H,0.8786811751409761,27,14,True,True,True,True,0
top_ten,svm,occupancy,full,6,unith,6,Nielsen,Nov_1_g0,0.96875,0.9744318181818181,0.9217657342657343,0.9030612244897959,4,,20,4,8,0,9,5,4,1,6,0,4S,6H,,27,0,True,False,True,False,0
top_ten,svm,occupancy,full,6,unith,6,Nielsen,Nov_1_g0,0.96875,0.9744318181818181,0.9217657342657343,0.9030612244897959,4,,20,4,8,0,9,6,4,1,1,1,4S,1S,,27,0,True,False,True,False,0
top_ten,svm,occupancy,full,6,unith,6,Nielsen,Nov_1_g0,0.96875,0.9744318181818181,0.9217657342657343,0.9030612244897959,4,4,20,4,8,0,9,7,4,1,2,1,4S,2S,0.692232580077043,27,12,True,True,True,True,0
top_ten,svm,occupancy,full,6,unith,6,Nielsen,Nov_1_g0,0.96875,0.9744318181818181,0.9217657342657343,0.9030612244897959,4,4,20,4,8,0,9,8,4,1,3,1,4S,3S,0.5109488908137585,27,9,True,True,True,True,0
top_ten,svm,occupancy,full,6,unith,6,Nielsen,Nov_1_g0,0.96875,0.9744318181818181,0.9217657342657343,0.9030612244897959,4,4,20,4,8,0,9,9,4,1,4,1,4S,4S,0.8801830206029816,27,27,True,True,True,True,0
top_ten,svm,occupancy,full,6,unith,6,Nielsen,Nov_1_g0,0.96875,0.9744318181818181,0.9217657342657343,0.9030612244897959,4,4,20,4,8,0,9,10,4,1,5,1,4S,5S,0.8203872986557916,27,65,True,True,True,True,0
top_ten,svm,occupancy,full,6,unith,6,Nielsen,Nov_1_g0,0.96875,0.9744318181818181,0.9217657342657343,0.9030612244897959,4,4,20,4,8,0,9,11,4,1,6,1,4S,6S,0.83803158904699,27,81,True,True,True,True,0
top_ten,svm,occupancy,full,6,unith,6,Nielsen,Nov_1_g0,0.96875,0.9744318181818181,0.9217657342657343,0.9030612244897959,4,4,20,4,8,0,10,0,5,1,1,0,5S,1H,0.6753520878484197,65,48,True,True,True,True,0
top_ten,svm,occupancy,full,6,unith,6,Nielsen,Nov_1_g0,0.96875,0.9744318181818181,0.9217657342657343,0.9030612244897959,4,4,20,4,8,0,10,1,5,1,2,0,5S,2H,0.8081779578517871,65,42,True,True,True,True,0
top_ten,svm,occupancy,full,6,unith,6,Nielsen,Nov_1_g0,0.96875,0.9744318181818181,0.9217657342657343,0.9030612244897959,4,4,20,4,8,0,10,2,5,1,3,0,5S,3H,0.7312335115452375,65,54,True,True,True,True,0
top_ten,svm,occupancy,full,6,unith,6,Nielsen,Nov_1_g0,0.96875,0.9744318181818181,0.9217657342657343,0.9030612244897959,4,4,20,4,8,0,10,3,5,1,4,0,5S,4H,0.6713365614638596,65,54,True,True,True,True,0
top_ten,svm,occupancy,full,6,unith,6,Nielsen,Nov_1_g0,0.96875,0.9744318181818181,0.9217657342657343,0.9030612244897959,4,4,20,4,8,0,10,4,5,1,5,0,5S,5H,0.8375645366394908,65,14,True,True,True,True,0
top_ten,svm,occupancy,full,6,unith,6,Nielsen,Nov_1_g0,0.96875,0.9744318181818181,0.9217657342657343,0.9030612244897959,4,,20,4,8,0,10,5,5,1,6,0,5S,6H,,65,0,True,False,True,False,0
top_ten,svm,occupancy,full,6,unith,6,Nielsen,Nov_1_g0,0.96875,0.9744318181818181,0.9217657342657343,0.9030612244897959,4,,20,4,8,0,10,6,5,1,1,1,5S,1S,,65,0,True,False,True,False,0
top_ten,svm,occupancy,full,6,unith,6,Nielsen,Nov_1_g0,0.96875,0.9744318181818181,0.9217657342657343,0.9030612244897959,4,4,20,4,8,0,10,7,5,1,2,1,5S,2S,0.6650985103198797,65,12,True,True,True,True,0
top_ten,svm,occupancy,full,6,unith,6,Nielsen,Nov_1_g0,0.96875,0.9744318181818181,0.9217657342657343,0.9030612244897959,4,4,20,4,8,0,10,8,5,1,3,1,5S,3S,0.44017529492840807,65,9,True,True,True,True,0
top_ten,svm,occupancy,full,6,unith,6,Nielsen,Nov_1_g0,0.96875,0.9744318181818181,0.9217657342657343,0.9030612244897959,4,4,20,4,8,0,10,9,5,1,4,1,5S,4S,0.8203872986557916,65,27,True,True,True,True,0
top_ten,svm,occupancy,full,6,unith,6,Nielsen,Nov_1_g0,0.96875,0.9744318181818181,0.9217657342657343,0.9030612244897959,4,4,20,4,8,0,10,10,5,1,5,1,5S,5S,0.7680494454691291,65,65,True,True,True,True,0
top_ten,svm,occupancy,full,6,unith,6,Nielsen,Nov_1_g0,0.96875,0.9744318181818181,0.9217657342657343,0.9030612244897959,4,4,20,4,8,0,10,11,5,1,6,1,5S,6S,0.7931747305684081,65,81,True,True,True,True,0
top_ten,svm,occupancy,full,6,unith,6,Nielsen,Nov_1_g0,0.96875,0.9744318181818181,0.9217657342657343,0.9030612244897959,4,4,20,4,8,0,11,0,6,1,1,0,6S,1H,0.7350316606475473,81,48,True,True,True,True,0
top_ten,svm,occupancy,full,6,unith,6,Nielsen,Nov_1_g0,0.96875,0.9744318181818181,0.9217657342657343,0.9030612244897959,4,4,20,4,8,0,11,1,6,1,2,0,6S,2H,0.8444076231680523,81,42,True,True,True,True,0
top_ten,svm,occupancy,full,6,unith,6,Nielsen,Nov_1_g0,0.96875,0.9744318181818181,0.9217657342657343,0.9030612244897959,4,4,20,4,8,0,11,2,6,1,3,0,6S,3H,0.7266564870046961,81,54,True,True,True,True,0
top_ten,svm,occupancy,full,6,unith,6,Nielsen,Nov_1_g0,0.96875,0.9744318181818181,0.9217657342657343,0.9030612244897959,4,4,20,4,8,0,11,3,6,1,4,0,6S,4H,0.6957446316222694,81,54,True,True,True,True,0
top_ten,svm,occupancy,full,6,unith,6,Nielsen,Nov_1_g0,0.96875,0.9744318181818181,0.9217657342657343,0.9030612244897959,4,4,20,4,8,0,11,4,6,1,5,0,6S,5H,0.8303846328493478,81,14,True,True,True,True,0
top_ten,svm,occupancy,full,6,unith,6,Nielsen,Nov_1_g0,0.96875,0.9744318181818181,0.9217657342657343,0.9030612244897959,4,,20,4,8,0,11,5,6,1,6,0,6S,6H,,81,0,True,False,True,False,0
top_ten,svm,occupancy,full,6,unith,6,Nielsen,Nov_1_g0,0.96875,0.9744318181818181,0.9217657342657343,0.9030612244897959,4,,20,4,8,0,11,6,6,1,1,1,6S,1S,,81,0,True,False,True,False,0
top_ten,svm,occupancy,full,6,unith,6,Nielsen,Nov_1_g0,0.96875,0.9744318181818181,0.9217657342657343,0.9030612244897959,4,4,20,4,8,0,11,7,6,1,2,1,6S,2S,0.6666909563028603,81,12,True,True,True,True,0
top_ten,svm,occupancy,full,6,unith,6,Nielsen,Nov_1_g0,0.96875,0.9744318181818181,0.9217657342657343,0.9030612244897959,4,4,20,4,8,0,11,8,6,1,3,1,6S,3S,0.4428935587579235,81,9,True,True,True,True,0
top_ten,svm,occupancy,full,6,unith,6,Nielsen,Nov_1_g0,0.96875,0.9744318181818181,0.9217657342657343,0.9030612244897959,4,4,20,4,8,0,11,9,6,1,4,1,6S,4S,0.83803158904699,81,27,True,True,True,True,0
top_ten,svm,occupancy,full,6,unith,6,Nielsen,Nov_1_g0,0.96875,0.9744318181818181,0.9217657342657343,0.9030612244897959,4,4,20,4,8,0,11,10,6,1,5,1,6S,5S,0.7931747305684081,81,65,True,True,True,True,0
top_ten,svm,occupancy,full,6,unith,6,Nielsen,Nov_1_g0,0.96875,0.9744318181818181,0.9217657342657343,0.9030612244897959,4,4,20,4,8,0,11,11,6,1,6,1,6S,6S,0.8107381218773171,81,81,True,True,True,True,0
top_ten,svm,occupancy,full,6,unith,6,Nielsen,Nov_3_g0,0.999725274725275,1.0,1.0,0.9810606060606061,20,20,20,4,8,0,0,0,1,0,1,0,1H,1H,0.9568609626865378,65,65,True,True,True,True,0
top_ten,svm,occupancy,full,6,unith,6,Nielsen,Nov_3_g0,0.999725274725275,1.0,1.0,0.9810606060606061,20,20,20,4,8,0,0,1,1,0,2,0,1H,2H,0.9347629182484459,65,82,True,True,True,True,0
top_ten,svm,occupancy,full,6,unith,6,Nielsen,Nov_3_g0,0.999725274725275,1.0,1.0,0.9810606060606061,20,20,20,4,8,0,0,2,1,0,3,0,1H,3H,0.9571247339402758,65,80,True,True,True,True,0
top_ten,svm,occupancy,full,6,unith,6,Nielsen,Nov_3_g0,0.999725274725275,1.0,1.0,0.9810606060606061,20,20,20,4,8,0,0,3,1,0,4,0,1H,4H,0.9531295203581791,65,40,True,True,True,True,0
top_ten,svm,occupancy,full,6,unith,6,Nielsen,Nov_3_g0,0.999725274725275,1.0,1.0,0.9810606060606061,20,,20,4,8,0,0,4,1,0,5,0,1H,5H,,65,0,True,False,True,False,0
top_ten,svm,occupancy,full,6,unith,6,Nielsen,Nov_3_g0,0.999725274725275,1.0,1.0,0.9810606060606061,20,,20,4,8,0,0,5,1,0,6,0,1H,6H,,65,0,True,False,True,False,0
top_ten,svm,occupancy,full,6,unith,6,Nielsen,Nov_3_g0,0.999725274725275,1.0,1.0,0.9810606060606061,20,,20,4,8,0,0,6,1,0,1,1,1H,1S,,65,0,True,False,True,False,0
top_ten,svm,occupancy,full,6,unith,6,Nielsen,Nov_3_g0,0.999725274725275,1.0,1.0,0.9810606060606061,20,2,20,4,8,0,0,7,1,0,2,1,1H,2S,0.8808934344267213,65,4,True,True,True,False,0
top_ten,svm,occupancy,full,6,unith,6,Nielsen,Nov_3_g0,0.999725274725275,1.0,1.0,0.9810606060606061,20,,20,4,8,0,0,8,1,0,3,1,1H,3S,,65,0,True,False,True,False,0
top_ten,svm,occupancy,full,6,unith,6,Nielsen,Nov_3_g0,0.999725274725275,1.0,1.0,0.9810606060606061,20,20,20,4,8,0,0,9,1,0,4,1,1H,4S,0.9100414180042211,65,45,True,True,True,True,0
top_ten,svm,occupancy,full,6,unith,6,Nielsen,Nov_3_g0,0.999725274725275,1.0,1.0,0.9810606060606061,20,20,20,4,8,0,0,10,1,0,5,1,1H,5S,0.9267149716516832,65,95,True,True,True,True,0
top_ten,svm,occupancy,full,6,unith,6,Nielsen,Nov_3_g0,0.999725274725275,1.0,1.0,0.9810606060606061,20,20,20,4,8,0,0,11,1,0,6,1,1H,6S,0.9011384762766579,65,84,True,True,True,True,0
top_ten,svm,occupancy,full,6,unith,6,Nielsen,Nov_3_g0,0.999725274725275,1.0,1.0,0.9810606060606061,20,20,20,4,8,0,1,0,2,0,1,0,2H,1H,0.9347629182484459,82,65,True,True,True,True,0
top_ten,svm,occupancy,full,6,unith,6,Nielsen,Nov_3_g0,0.999725274725275,1.0,1.0,0.9810606060606061,20,20,20,4,8,0,1,1,2,0,2,0,2H,2H,0.9513201206750121,82,82,True,True,True,True,0
top_ten,svm,occupancy,full,6,unith,6,Nielsen,Nov_3_g0,0.999725274725275,1.0,1.0,0.9810606060606061,20,20,20,4,8,0,1,2,2,0,3,0,2H,3H,0.9416796345712788,82,80,True,True,True,True,0
top_ten,svm,occupancy,full,6,unith,6,Nielsen,Nov_3_g0,0.999725274725275,1.0,1.0,0.9810606060606061,20,20,20,4,8,0,1,3,2,0,4,0,2H,4H,0.943182468236696,82,40,True,True,True,True,0
top_ten,svm,occupancy,full,6,unith,6,Nielsen,Nov_3_g0,0.999725274725275,1.0,1.0,0.9810606060606061,20,,20,4,8,0,1,4,2,0,5,0,2H,5H,,82,0,True,False,True,False,0
top_ten,svm,occupancy,full,6,unith,6,Nielsen,Nov_3_g0,0.999725274725275,1.0,1.0,0.9810606060606061,20,,20,4,8,0,1,5,2,0,6,0,2H,6H,,82,0,True,False,True,False,0
top_ten,svm,occupancy,full,6,unith,6,Nielsen,Nov_3_g0,0.999725274725275,1.0,1.0,0.9810606060606061,20,,20,4,8,0,1,6,2,0,1,1,2H,1S,,82,0,True,False,True,False,0
top_ten,svm,occupancy,full,6,unith,6,Nielsen,Nov_3_g0,0.999725274725275,1.0,1.0,0.9810606060606061,20,2,20,4,8,0,1,7,2,0,2,1,2H,2S,0.8910517050946384,82,4,True,True,True,False,0
top_ten,svm,occupancy,full,6,unith,6,Nielsen,Nov_3_g0,0.999725274725275,1.0,1.0,0.9810606060606061,20,,20,4,8,0,1,8,2,0,3,1,2H,3S,,82,0,True,False,True,False,0
top_ten,svm,occupancy,full,6,unith,6,Nielsen,Nov_3_g0,0.999725274725275,1.0,1.0,0.9810606060606061,20,20,20,4,8,0,1,9,2,0,4,1,2H,4S,0.9236781702673277,82,45,True,True,True,True,0
top_ten,svm,occupancy,full,6,unith,6,Nielsen,Nov_3_g0,0.999725274725275,1.0,1.0,0.9810606060606061,20,20,20,4,8,0,1,10,2,0,5,1,2H,5S,0.895892116563107,82,95,True,True,True,True,0
top_ten,svm,occupancy,full,6,unith,6,Nielsen,Nov_3_g0,0.999725274725275,1.0,1.0,0.9810606060606061,20,20,20,4,8,0,1,11,2,0,6,1,2H,6S,0.9159486479451259,82,84,True,True,True,True,0
top_ten,svm,occupancy,full,6,unith,6,Nielsen,Nov_3_g0,0.999725274725275,1.0,1.0,0.9810606060606061,20,20,20,4,8,0,2,0,3,0,1,0,3H,1H,0.9571247339402758,80,65,True,True,True,True,0
top_ten,svm,occupancy,full,6,unith,6,Nielsen,Nov_3_g0,0.999725274725275,1.0,1.0,0.9810606060606061,20,20,20,4,8,0,2,1,3,0,2,0,3H,2H,0.9416796345712788,80,82,True,True,True,True,0
top_ten,svm,occupancy,full,6,unith,6,Nielsen,Nov_3_g0,0.999725274725275,1.0,1.0,0.9810606060606061,20,20,20,4,8,0,2,2,3,0,3,0,3H,3H,0.9666847596373043,80,80,True,True,True,True,0
top_ten,svm,occupancy,full,6,unith,6,Nielsen,Nov_3_g0,0.999725274725275,1.0,1.0,0.9810606060606061,20,20,20,4,8,0,2,3,3,0,4,0,3H,4H,0.9813917176473934,80,40,True,True,True,True,0
top_ten,svm,occupancy,full,6,unith,6,Nielsen,Nov_3_g0,0.999725274725275,1.0,1.0,0.9810606060606061,20,,20,4,8,0,2,4,3,0,5,0,3H,5H,,80,0,True,False,True,False,0
top_ten,svm,occupancy,full,6,unith,6,Nielsen,Nov_3_g0,0.999725274725275,1.0,1.0,0.9810606060606061,20,,20,4,8,0,2,5,3,0,6,0,3H,6H,,80,0,True,False,True,False,0
top_ten,svm,occupancy,full,6,unith,6,Nielsen,Nov_3_g0,0.999725274725275,1.0,1.0,0.9810606060606061,20,,20,4,8,0,2,6,3,0,1,1,3H,1S,,80,0,True,False,True,False,0
top_ten,svm,occupancy,full,6,unith,6,Nielsen,Nov_3_g0,0.999725274725275,1.0,1.0,0.9810606060606061,20,2,20,4,8,0,2,7,3,0,2,1,3H,2S,0.948646081249216,80,4,True,True,True,False,0
top_ten,svm,occupancy,full,6,unith,6,Nielsen,Nov_3_g0,0.999725274725275,1.0,1.0,0.9810606060606061,20,,20,4,8,0,2,8,3,0,3,1,3H,3S,,80,0,True,False,True,False,0
top_ten,svm,occupancy,full,6,unith,6,Nielsen,Nov_3_g0,0.999725274725275,1.0,1.0,0.9810606060606061,20,20,20,4,8,0,2,9,3,0,4,1,3H,4S,0.9619304797338115,80,45,True,True,True,True,0
top_ten,svm,occupancy,full,6,unith,6,Nielsen,Nov_3_g0,0.999725274725275,1.0,1.0,0.9810606060606061,20,20,20,4,8,0,2,10,3,0,5,1,3H,5S,0.9634900469862391,80,95,True,True,True,True,0
top_ten,svm,occupancy,full,6,unith,6,Nielsen,Nov_3_g0,0.999725274725275,1.0,1.0,0.9810606060606061,20,20,20,4,8,0,2,11,3,0,6,1,3H,6S,0.9575397384542323,80,84,True,True,True,True,0
top_ten,svm,occupancy,full,6,unith,6,Nielsen,Nov_3_g0,0.999725274725275,1.0,1.0,0.9810606060606061,20,20,20,4,8,0,3,0,4,0,1,0,4H,1H,0.9531295203581791,40,65,True,True,True,True,0
top_ten,svm,occupancy,full,6,unith,6,Nielsen,Nov_3_g0,0.999725274725275,1.0,1.0,0.9810606060606061,20,20,20,4,8,0,3,1,4,0,2,0,4H,2H,0.943182468236696,40,82,True,True,True,True,0
top_ten,svm,occupancy,full,6,unith,6,Nielsen,Nov_3_g0,0.999725274725275,1.0,1.0,0.9810606060606061,20,20,20,4,8,0,3,2,4,0,3,0,4H,3H,0.9813917176473934,40,80,True,True,True,True,0
top_ten,svm,occupancy,full,6,unith,6,Nielsen,Nov_3_g0,0.999725274725275,1.0,1.0,0.9810606060606061,20,20,20,4,8,0,3,3,4,0,4,0,4H,4H,0.9678710654215289,40,40,True,True,True,True,0
top_ten,svm,occupancy,full,6,unith,6,Nielsen,Nov_3_g0,0.999725274725275,1.0,1.0,0.9810606060606061,20,,20,4,8,0,3,4,4,0,5,0,4H,5H,,40,0,True,False,True,False,0
top_ten,svm,occupancy,full,6,unith,6,Nielsen,Nov_3_g0,0.999725274725275,1.0,1.0,0.9810606060606061,20,,20,4,8,0,3,5,4,0,6,0,4H,6H,,40,0,True,False,True,False,0
top_ten,svm,occupancy,full,6,unith,6,Nielsen,Nov_3_g0,0.999725274725275,1.0,1.0,0.9810606060606061,20,,20,4,8,0,3,6,4,0,1,1,4H,1S,,40,0,True,False,True,False,0
top_ten,svm,occupancy,full,6,unith,6,Nielsen,Nov_3_g0,0.999725274725275,1.0,1.0,0.9810606060606061,20,2,20,4,8,0,3,7,4,0,2,1,4H,2S,0.9600597712645476,40,4,True,True,True,False,0
top_ten,svm,occupancy,full,6,unith,6,Nielsen,Nov_3_g0,0.999725274725275,1.0,1.0,0.9810606060606061,20,,20,4,8,0,3,8,4,0,3,1,4H,3S,,40,0,True,False,True,False,0
top_ten,svm,occupancy,full,6,unith,6,Nielsen,Nov_3_g0,0.999725274725275,1.0,1.0,0.9810606060606061,20,20,20,4,8,0,3,9,4,0,4,1,4H,4S,0.9664412090653999,40,45,True,True,True,True,0
top_ten,svm,occupancy,full,6,unith,6,Nielsen,Nov_3_g0,0.999725274725275,1.0,1.0,0.9810606060606061,20,20,20,4,8,0,3,10,4,0,5,1,4H,5S,0.9745537614084336,40,95,True,True,True,True,0
top_ten,svm,occupancy,full,6,unith,6,Nielsen,Nov_3_g0,0.999725274725275,1.0,1.0,0.9810606060606061,20,20,20,4,8,0,3,11,4,0,6,1,4H,6S,0.9692577143157342,40,84,True,True,True,True,0
top_ten,svm,occupancy,full,6,unith,6,Nielsen,Nov_3_g0,0.999725274725275,1.0,1.0,0.9810606060606061,,20,20,4,8,0,4,0,5,0,1,0,5H,1H,,0,65,False,True,False,True,0
top_ten,svm,occupancy,full,6,unith,6,Nielsen,Nov_3_g0,0.999725274725275,1.0,1.0,0.9810606060606061,,20,20,4,8,0,4,1,5,0,2,0,5H,2H,,0,82,False,True,False,True,0
top_ten,svm,occupancy,full,6,unith,6,Nielsen,Nov_3_g0,0.999725274725275,1.0,1.0,0.9810606060606061,,20,20,4,8,0,4,2,5,0,3,0,5H,3H,,0,80,False,True,False,True,0
top_ten,svm,occupancy,full,6,unith,6,Nielsen,Nov_3_g0,0.999725274725275,1.0,1.0,0.9810606060606061,,20,20,4,8,0,4,3,5,0,4,0,5H,4H,,0,40,False,True,False,True,0
top_ten,svm,occupancy,full,6,unith,6,Nielsen,Nov_3_g0,0.999725274725275,1.0,1.0,0.9810606060606061,,,20,4,8,0,4,4,5,0,5,0,5H,5H,,0,0,False,False,False,False,0
top_ten,svm,occupancy,full,6,unith,6,Nielsen,Nov_3_g0,0.999725274725275,1.0,1.0,0.9810606060606061,,,20,4,8,0,4,5,5,0,6,0,5H,6H,,0,0,False,False,False,False,0
top_ten,svm,occupancy,full,6,unith,6,Nielsen,Nov_3_g0,0.999725274725275,1.0,1.0,0.9810606060606061,,,20,4,8,0,4,6,5,0,1,1,5H,1S,,0,0,False,False,False,False,0
top_ten,svm,occupancy,full,6,unith,6,Nielsen,Nov_3_g0,0.999725274725275,1.0,1.0,0.9810606060606061,,2,20,4,8,0,4,7,5,0,2,1,5H,2S,,0,4,False,True,False,False,0
top_ten,svm,occupancy,full,6,unith,6,Nielsen,Nov_3_g0,0.999725274725275,1.0,1.0,0.9810606060606061,,,20,4,8,0,4,8,5,0,3,1,5H,3S,,0,0,False,False,False,False,0
top_ten,svm,occupancy,full,6,unith,6,Nielsen,Nov_3_g0,0.999725274725275,1.0,1.0,0.9810606060606061,,20,20,4,8,0,4,9,5,0,4,1,5H,4S,,0,45,False,True,False,True,0
top_ten,svm,occupancy,full,6,unith,6,Nielsen,Nov_3_g0,0.999725274725275,1.0,1.0,0.9810606060606061,,20,20,4,8,0,4,10,5,0,5,1,5H,5S,,0,95,False,True,False,True,0
top_ten,svm,occupancy,full,6,unith,6,Nielsen,Nov_3_g0,0.999725274725275,1.0,1.0,0.9810606060606061,,20,20,4,8,0,4,11,5,0,6,1,5H,6S,,0,84,False,True,False,True,0
top_ten,svm,occupancy,full,6,unith,6,Nielsen,Nov_3_g0,0.999725274725275,1.0,1.0,0.9810606060606061,,20,20,4,8,0,5,0,6,0,1,0,6H,1H,,0,65,False,True,False,True,0
top_ten,svm,occupancy,full,6,unith,6,Nielsen,Nov_3_g0,0.999725274725275,1.0,1.0,0.9810606060606061,,20,20,4,8,0,5,1,6,0,2,0,6H,2H,,0,82,False,True,False,True,0
top_ten,svm,occupancy,full,6,unith,6,Nielsen,Nov_3_g0,0.999725274725275,1.0,1.0,0.9810606060606061,,20,20,4,8,0,5,2,6,0,3,0,6H,3H,,0,80,False,True,False,True,0
top_ten,svm,occupancy,full,6,unith,6,Nielsen,Nov_3_g0,0.999725274725275,1.0,1.0,0.9810606060606061,,20,20,4,8,0,5,3,6,0,4,0,6H,4H,,0,40,False,True,False,True,0
top_ten,svm,occupancy,full,6,unith,6,Nielsen,Nov_3_g0,0.999725274725275,1.0,1.0,0.9810606060606061,,,20,4,8,0,5,4,6,0,5,0,6H,5H,,0,0,False,False,False,False,0
top_ten,svm,occupancy,full,6,unith,6,Nielsen,Nov_3_g0,0.999725274725275,1.0,1.0,0.9810606060606061,,,20,4,8,0,5,5,6,0,6,0,6H,6H,,0,0,False,False,False,False,0
top_ten,svm,occupancy,full,6,unith,6,Nielsen,Nov_3_g0,0.999725274725275,1.0,1.0,0.9810606060606061,,,20,4,8,0,5,6,6,0,1,1,6H,1S,,0,0,False,False,False,False,0
top_ten,svm,occupancy,full,6,unith,6,Nielsen,Nov_3_g0,0.999725274725275,1.0,1.0,0.9810606060606061,,2,20,4,8,0,5,7,6,0,2,1,6H,2S,,0,4,False,True,False,False,0
top_ten,svm,occupancy,full,6,unith,6,Nielsen,Nov_3_g0,0.999725274725275,1.0,1.0,0.9810606060606061,,,20,4,8,0,5,8,6,0,3,1,6H,3S,,0,0,False,False,False,False,0
top_ten,svm,occupancy,full,6,unith,6,Nielsen,Nov_3_g0,0.999725274725275,1.0,1.0,0.9810606060606061,,20,20,4,8,0,5,9,6,0,4,1,6H,4S,,0,45,False,True,False,True,0
top_ten,svm,occupancy,full,6,unith,6,Nielsen,Nov_3_g0,0.999725274725275,1.0,1.0,0.9810606060606061,,20,20,4,8,0,5,10,6,0,5,1,6H,5S,,0,95,False,True,False,True,0
top_ten,svm,occupancy,full,6,unith,6,Nielsen,Nov_3_g0,0.999725274725275,1.0,1.0,0.9810606060606061,,20,20,4,8,0,5,11,6,0,6,1,6H,6S,,0,84,False,True,False,True,0
top_ten,svm,occupancy,full,6,unith,6,Nielsen,Nov_3_g0,0.999725274725275,1.0,1.0,0.9810606060606061,,20,20,4,8,0,6,0,1,1,1,0,1S,1H,,0,65,False,True,False,True,0
top_ten,svm,occupancy,full,6,unith,6,Nielsen,Nov_3_g0,0.999725274725275,1.0,1.0,0.9810606060606061,,20,20,4,8,0,6,1,1,1,2,0,1S,2H,,0,82,False,True,False,True,0
top_ten,svm,occupancy,full,6,unith,6,Nielsen,Nov_3_g0,0.999725274725275,1.0,1.0,0.9810606060606061,,20,20,4,8,0,6,2,1,1,3,0,1S,3H,,0,80,False,True,False,True,0
top_ten,svm,occupancy,full,6,unith,6,Nielsen,Nov_3_g0,0.999725274725275,1.0,1.0,0.9810606060606061,,20,20,4,8,0,6,3,1,1,4,0,1S,4H,,0,40,False,True,False,True,0
top_ten,svm,occupancy,full,6,unith,6,Nielsen,Nov_3_g0,0.999725274725275,1.0,1.0,0.9810606060606061,,,20,4,8,0,6,4,1,1,5,0,1S,5H,,0,0,False,False,False,False,0
top_ten,svm,occupancy,full,6,unith,6,Nielsen,Nov_3_g0,0.999725274725275,1.0,1.0,0.9810606060606061,,,20,4,8,0,6,5,1,1,6,0,1S,6H,,0,0,False,False,False,False,0
top_ten,svm,occupancy,full,6,unith,6,Nielsen,Nov_3_g0,0.999725274725275,1.0,1.0,0.9810606060606061,,,20,4,8,0,6,6,1,1,1,1,1S,1S,,0,0,False,False,False,False,0
top_ten,svm,occupancy,full,6,unith,6,Nielsen,Nov_3_g0,0.999725274725275,1.0,1.0,0.9810606060606061,,2,20,4,8,0,6,7,1,1,2,1,1S,2S,,0,4,False,True,False,False,0
top_ten,svm,occupancy,full,6,unith,6,Nielsen,Nov_3_g0,0.999725274725275,1.0,1.0,0.9810606060606061,,,20,4,8,0,6,8,1,1,3,1,1S,3S,,0,0,False,False,False,False,0
top_ten,svm,occupancy,full,6,unith,6,Nielsen,Nov_3_g0,0.999725274725275,1.0,1.0,0.9810606060606061,,20,20,4,8,0,6,9,1,1,4,1,1S,4S,,0,45,False,True,False,True,0
top_ten,svm,occupancy,full,6,unith,6,Nielsen,Nov_3_g0,0.999725274725275,1.0,1.0,0.9810606060606061,,20,20,4,8,0,6,10,1,1,5,1,1S,5S,,0,95,False,True,False,True,0
top_ten,svm,occupancy,full,6,unith,6,Nielsen,Nov_3_g0,0.999725274725275,1.0,1.0,0.9810606060606061,,20,20,4,8,0,6,11,1,1,6,1,1S,6S,,0,84,False,True,False,True,0
top_ten,svm,occupancy,full,6,unith,6,Nielsen,Nov_3_g0,0.999725274725275,1.0,1.0,0.9810606060606061,2,20,20,4,8,0,7,0,2,1,1,0,2S,1H,0.8808934344267213,4,65,True,True,False,True,0
top_ten,svm,occupancy,full,6,unith,6,Nielsen,Nov_3_g0,0.999725274725275,1.0,1.0,0.9810606060606061,2,20,20,4,8,0,7,1,2,1,2,0,2S,2H,0.8910517050946384,4,82,True,True,False,True,0
top_ten,svm,occupancy,full,6,unith,6,Nielsen,Nov_3_g0,0.999725274725275,1.0,1.0,0.9810606060606061,2,20,20,4,8,0,7,2,2,1,3,0,2S,3H,0.948646081249216,4,80,True,True,False,True,0
top_ten,svm,occupancy,full,6,unith,6,Nielsen,Nov_3_g0,0.999725274725275,1.0,1.0,0.9810606060606061,2,20,20,4,8,0,7,3,2,1,4,0,2S,4H,0.9600597712645476,4,40,True,True,False,True,0
top_ten,svm,occupancy,full,6,unith,6,Nielsen,Nov_3_g0,0.999725274725275,1.0,1.0,0.9810606060606061,2,,20,4,8,0,7,4,2,1,5,0,2S,5H,,4,0,True,False,False,False,0
top_ten,svm,occupancy,full,6,unith,6,Nielsen,Nov_3_g0,0.999725274725275,1.0,1.0,0.9810606060606061,2,,20,4,8,0,7,5,2,1,6,0,2S,6H,,4,0,True,False,False,False,0
top_ten,svm,occupancy,full,6,unith,6,Nielsen,Nov_3_g0,0.999725274725275,1.0,1.0,0.9810606060606061,2,,20,4,8,0,7,6,2,1,1,1,2S,1S,,4,0,True,False,False,False,0
top_ten,svm,occupancy,full,6,unith,6,Nielsen,Nov_3_g0,0.999725274725275,1.0,1.0,0.9810606060606061,2,2,20,4,8,0,7,7,2,1,2,1,2S,2S,0.9771339427757091,4,4,True,True,False,False,0
top_ten,svm,occupancy,full,6,unith,6,Nielsen,Nov_3_g0,0.999725274725275,1.0,1.0,0.9810606060606061,2,,20,4,8,0,7,8,2,1,3,1,2S,3S,,4,0,True,False,False,False,0
top_ten,svm,occupancy,full,6,unith,6,Nielsen,Nov_3_g0,0.999725274725275,1.0,1.0,0.9810606060606061,2,20,20,4,8,0,7,9,2,1,4,1,2S,4S,0.9611356223376426,4,45,True,True,False,True,0
top_ten,svm,occupancy,full,6,unith,6,Nielsen,Nov_3_g0,0.999725274725275,1.0,1.0,0.9810606060606061,2,20,20,4,8,0,7,10,2,1,5,1,2S,5S,0.9634950610904284,4,95,True,True,False,True,0
top_ten,svm,occupancy,full,6,unith,6,Nielsen,Nov_3_g0,0.999725274725275,1.0,1.0,0.9810606060606061,2,20,20,4,8,0,7,11,2,1,6,1,2S,6S,0.976705816361803,4,84,True,True,False,True,0
top_ten,svm,occupancy,full,6,unith,6,Nielsen,Nov_3_g0,0.999725274725275,1.0,1.0,0.9810606060606061,,20,20,4,8,0,8,0,3,1,1,0,3S,1H,,0,65,False,True,False,True,0
top_ten,svm,occupancy,full,6,unith,6,Nielsen,Nov_3_g0,0.999725274725275,1.0,1.0,0.9810606060606061,,20,20,4,8,0,8,1,3,1,2,0,3S,2H,,0,82,False,True,False,True,0
top_ten,svm,occupancy,full,6,unith,6,Nielsen,Nov_3_g0,0.999725274725275,1.0,1.0,0.9810606060606061,,20,20,4,8,0,8,2,3,1,3,0,3S,3H,,0,80,False,True,False,True,0
top_ten,svm,occupancy,full,6,unith,6,Nielsen,Nov_3_g0,0.999725274725275,1.0,1.0,0.9810606060606061,,20,20,4,8,0,8,3,3,1,4,0,3S,4H,,0,40,False,True,False,True,0
top_ten,svm,occupancy,full,6,unith,6,Nielsen,Nov_3_g0,0.999725274725275,1.0,1.0,0.9810606060606061,,,20,4,8,0,8,4,3,1,5,0,3S,5H,,0,0,False,False,False,False,0
top_ten,svm,occupancy,full,6,unith,6,Nielsen,Nov_3_g0,0.999725274725275,1.0,1.0,0.9810606060606061,,,20,4,8,0,8,5,3,1,6,0,3S,6H,,0,0,False,False,False,False,0
top_ten,svm,occupancy,full,6,unith,6,Nielsen,Nov_3_g0,0.999725274725275,1.0,1.0,0.9810606060606061,,,20,4,8,0,8,6,3,1,1,1,3S,1S,,0,0,False,False,False,False,0
top_ten,svm,occupancy,full,6,unith,6,Nielsen,Nov_3_g0,0.999725274725275,1.0,1.0,0.9810606060606061,,2,20,4,8,0,8,7,3,1,2,1,3S,2S,,0,4,False,True,False,False,0
top_ten,svm,occupancy,full,6,unith,6,Nielsen,Nov_3_g0,0.999725274725275,1.0,1.0,0.9810606060606061,,,20,4,8,0,8,8,3,1,3,1,3S,3S,,0,0,False,False,False,False,0
top_ten,svm,occupancy,full,6,unith,6,Nielsen,Nov_3_g0,0.999725274725275,1.0,1.0,0.9810606060606061,,20,20,4,8,0,8,9,3,1,4,1,3S,4S,,0,45,False,True,False,True,0
top_ten,svm,occupancy,full,6,unith,6,Nielsen,Nov_3_g0,0.999725274725275,1.0,1.0,0.9810606060606061,,20,20,4,8,0,8,10,3,1,5,1,3S,5S,,0,95,False,True,False,True,0
top_ten,svm,occupancy,full,6,unith,6,Nielsen,Nov_3_g0,0.999725274725275,1.0,1.0,0.9810606060606061,,20,20,4,8,0,8,11,3,1,6,1,3S,6S,,0,84,False,True,False,True,0
top_ten,svm,occupancy,full,6,unith,6,Nielsen,Nov_3_g0,0.999725274725275,1.0,1.0,0.9810606060606061,20,20,20,4,8,0,9,0,4,1,1,0,4S,1H,0.9100414180042211,45,65,True,True,True,True,0
top_ten,svm,occupancy,full,6,unith,6,Nielsen,Nov_3_g0,0.999725274725275,1.0,1.0,0.9810606060606061,20,20,20,4,8,0,9,1,4,1,2,0,4S,2H,0.9236781702673277,45,82,True,True,True,True,0
top_ten,svm,occupancy,full,6,unith,6,Nielsen,Nov_3_g0,0.999725274725275,1.0,1.0,0.9810606060606061,20,20,20,4,8,0,9,2,4,1,3,0,4S,3H,0.9619304797338115,45,80,True,True,True,True,0
top_ten,svm,occupancy,full,6,unith,6,Nielsen,Nov_3_g0,0.999725274725275,1.0,1.0,0.9810606060606061,20,20,20,4,8,0,9,3,4,1,4,0,4S,4H,0.9664412090653999,45,40,True,True,True,True,0
top_ten,svm,occupancy,full,6,unith,6,Nielsen,Nov_3_g0,0.999725274725275,1.0,1.0,0.9810606060606061,20,,20,4,8,0,9,4,4,1,5,0,4S,5H,,45,0,True,False,True,False,0
top_ten,svm,occupancy,full,6,unith,6,Nielsen,Nov_3_g0,0.999725274725275,1.0,1.0,0.9810606060606061,20,,20,4,8,0,9,5,4,1,6,0,4S,6H,,45,0,True,False,True,False,0
top_ten,svm,occupancy,full,6,unith,6,Nielsen,Nov_3_g0,0.999725274725275,1.0,1.0,0.9810606060606061,20,,20,4,8,0,9,6,4,1,1,1,4S,1S,,45,0,True,False,True,False,0
top_ten,svm,occupancy,full,6,unith,6,Nielsen,Nov_3_g0,0.999725274725275,1.0,1.0,0.9810606060606061,20,2,20,4,8,0,9,7,4,1,2,1,4S,2S,0.9611356223376426,45,4,True,True,True,False,0
top_ten,svm,occupancy,full,6,unith,6,Nielsen,Nov_3_g0,0.999725274725275,1.0,1.0,0.9810606060606061,20,,20,4,8,0,9,8,4,1,3,1,4S,3S,,45,0,True,False,True,False,0
top_ten,svm,occupancy,full,6,unith,6,Nielsen,Nov_3_g0,0.999725274725275,1.0,1.0,0.9810606060606061,20,20,20,4,8,0,9,9,4,1,4,1,4S,4S,0.9776663419785541,45,45,True,True,True,True,0
top_ten,svm,occupancy,full,6,unith,6,Nielsen,Nov_3_g0,0.999725274725275,1.0,1.0,0.9810606060606061,20,20,20,4,8,0,9,10,4,1,5,1,4S,5S,0.9446906563119726,45,95,True,True,True,True,0
top_ten,svm,occupancy,full,6,unith,6,Nielsen,Nov_3_g0,0.999725274725275,1.0,1.0,0.9810606060606061,20,20,20,4,8,0,9,11,4,1,6,1,4S,6S,0.9868234208663141,45,84,True,True,True,True,0
top_ten,svm,occupancy,full,6,unith,6,Nielsen,Nov_3_g0,0.999725274725275,1.0,1.0,0.9810606060606061,20,20,20,4,8,0,10,0,5,1,1,0,5S,1H,0.9267149716516832,95,65,True,True,True,True,0
top_ten,svm,occupancy,full,6,unith,6,Nielsen,Nov_3_g0,0.999725274725275,1.0,1.0,0.9810606060606061,20,20,20,4,8,0,10,1,5,1,2,0,5S,2H,0.895892116563107,95,82,True,True,True,True,0
top_ten,svm,occupancy,full,6,unith,6,Nielsen,Nov_3_g0,0.999725274725275,1.0,1.0,0.9810606060606061,20,20,20,4,8,0,10,2,5,1,3,0,5S,3H,0.9634900469862391,95,80,True,True,True,True,0
top_ten,svm,occupancy,full,6,unith,6,Nielsen,Nov_3_g0,0.999725274725275,1.0,1.0,0.9810606060606061,20,20,20,4,8,0,10,3,5,1,4,0,5S,4H,0.9745537614084336,95,40,True,True,True,True,0
top_ten,svm,occupancy,full,6,unith,6,Nielsen,Nov_3_g0,0.999725274725275,1.0,1.0,0.9810606060606061,20,,20,4,8,0,10,4,5,1,5,0,5S,5H,,95,0,True,False,True,False,0
top_ten,svm,occupancy,full,6,unith,6,Nielsen,Nov_3_g0,0.999725274725275,1.0,1.0,0.9810606060606061,20,,20,4,8,0,10,5,5,1,6,0,5S,6H,,95,0,True,False,True,False,0
top_ten,svm,occupancy,full,6,unith,6,Nielsen,Nov_3_g0,0.999725274725275,1.0,1.0,0.9810606060606061,20,,20,4,8,0,10,6,5,1,1,1,5S,1S,,95,0,True,False,True,False,0
top_ten,svm,occupancy,full,6,unith,6,Nielsen,Nov_3_g0,0.999725274725275,1.0,1.0,0.9810606060606061,20,2,20,4,8,0,10,7,5,1,2,1,5S,2S,0.9634950610904284,95,4,True,True,True,False,0
top_ten,svm,occupancy,full,6,unith,6,Nielsen,Nov_3_g0,0.999725274725275,1.0,1.0,0.9810606060606061,20,,20,4,8,0,10,8,5,1,3,1,5S,3S,,95,0,True,False,True,False,0
top_ten,svm,occupancy,full,6,unith,6,Nielsen,Nov_3_g0,0.999725274725275,1.0,1.0,0.9810606060606061,20,20,20,4,8,0,10,9,5,1,4,1,5S,4S,0.9446906563119726,95,45,True,True,True,True,0
top_ten,svm,occupancy,full,6,unith,6,Nielsen,Nov_3_g0,0.999725274725275,1.0,1.0,0.9810606060606061,20,20,20,4,8,0,10,10,5,1,5,1,5S,5S,0.9849730097346813,95,95,True,True,True,True,0
top_ten,svm,occupancy,full,6,unith,6,Nielsen,Nov_3_g0,0.999725274725275,1.0,1.0,0.9810606060606061,20,20,20,4,8,0,10,11,5,1,6,1,5S,6S,0.9550564162996711,95,84,True,True,True,True,0
top_ten,svm,occupancy,full,6,unith,6,Nielsen,Nov_3_g0,0.999725274725275,1.0,1.0,0.9810606060606061,20,20,20,4,8,0,11,0,6,1,1,0,6S,1H,0.9011384762766579,84,65,True,True,True,True,0
top_ten,svm,occupancy,full,6,unith,6,Nielsen,Nov_3_g0,0.999725274725275,1.0,1.0,0.9810606060606061,20,20,20,4,8,0,11,1,6,1,2,0,6S,2H,0.9159486479451259,84,82,True,True,True,True,0
top_ten,svm,occupancy,full,6,unith,6,Nielsen,Nov_3_g0,0.999725274725275,1.0,1.0,0.9810606060606061,20,20,20,4,8,0,11,2,6,1,3,0,6S,3H,0.9575397384542323,84,80,True,True,True,True,0
top_ten,svm,occupancy,full,6,unith,6,Nielsen,Nov_3_g0,0.999725274725275,1.0,1.0,0.9810606060606061,20,20,20,4,8,0,11,3,6,1,4,0,6S,4H,0.9692577143157342,84,40,True,True,True,True,0
top_ten,svm,occupancy,full,6,unith,6,Nielsen,Nov_3_g0,0.999725274725275,1.0,1.0,0.9810606060606061,20,,20,4,8,0,11,4,6,1,5,0,6S,5H,,84,0,True,False,True,False,0
top_ten,svm,occupancy,full,6,unith,6,Nielsen,Nov_3_g0,0.999725274725275,1.0,1.0,0.9810606060606061,20,,20,4,8,0,11,5,6,1,6,0,6S,6H,,84,0,True,False,True,False,0
top_ten,svm,occupancy,full,6,unith,6,Nielsen,Nov_3_g0,0.999725274725275,1.0,1.0,0.9810606060606061,20,,20,4,8,0,11,6,6,1,1,1,6S,1S,,84,0,True,False,True,False,0
top_ten,svm,occupancy,full,6,unith,6,Nielsen,Nov_3_g0,0.999725274725275,1.0,1.0,0.9810606060606061,20,2,20,4,8,0,11,7,6,1,2,1,6S,2S,0.976705816361803,84,4,True,True,True,False,0
top_ten,svm,occupancy,full,6,unith,6,Nielsen,Nov_3_g0,0.999725274725275,1.0,1.0,0.9810606060606061,20,,20,4,8,0,11,8,6,1,3,1,6S,3S,,84,0,True,False,True,False,0
top_ten,svm,occupancy,full,6,unith,6,Nielsen,Nov_3_g0,0.999725274725275,1.0,1.0,0.9810606060606061,20,20,20,4,8,0,11,9,6,1,4,1,6S,4S,0.9868234208663141,84,45,True,True,True,True,0
top_ten,svm,occupancy,full,6,unith,6,Nielsen,Nov_3_g0,0.999725274725275,1.0,1.0,0.9810606060606061,20,20,20,4,8,0,11,10,6,1,5,1,6S,5S,0.9550564162996711,84,95,True,True,True,True,0
top_ten,svm,occupancy,full,6,unith,6,Nielsen,Nov_3_g0,0.999725274725275,1.0,1.0,0.9810606060606061,20,20,20,4,8,0,11,11,6,1,6,1,6S,6S,0.9930043135517227,84,84,True,True,True,True,0
top_ten,svm,occupancy,full,6,unith,6,Nielsen,Nov_4_g0,0.965494505494505,0.9621978021978022,0.9335164835164835,0.6478260869565218,5,5,20,4,8,0,0,0,1,0,1,0,1H,1H,0.7444222723899094,61,61,True,True,True,True,0
top_ten,svm,occupancy,full,6,unith,6,Nielsen,Nov_4_g0,0.965494505494505,0.9621978021978022,0.9335164835164835,0.6478260869565218,5,5,20,4,8,0,0,1,1,0,2,0,1H,2H,0.7683149265915985,61,54,True,True,True,True,0
top_ten,svm,occupancy,full,6,unith,6,Nielsen,Nov_4_g0,0.965494505494505,0.9621978021978022,0.9335164835164835,0.6478260869565218,5,5,20,4,8,0,0,2,1,0,3,0,1H,3H,0.8075360945913788,61,56,True,True,True,True,0
top_ten,svm,occupancy,full,6,unith,6,Nielsen,Nov_4_g0,0.965494505494505,0.9621978021978022,0.9335164835164835,0.6478260869565218,5,5,20,4,8,0,0,3,1,0,4,0,1H,4H,0.8062879815790096,61,24,True,True,True,True,0
top_ten,svm,occupancy,full,6,unith,6,Nielsen,Nov_4_g0,0.965494505494505,0.9621978021978022,0.9335164835164835,0.6478260869565218,5,5,20,4,8,0,0,4,1,0,5,0,1H,5H,0.7888002205384846,61,13,True,True,True,True,0
top_ten,svm,occupancy,full,6,unith,6,Nielsen,Nov_4_g0,0.965494505494505,0.9621978021978022,0.9335164835164835,0.6478260869565218,5,,20,4,8,0,0,5,1,0,6,0,1H,6H,,61,0,True,False,True,False,0
top_ten,svm,occupancy,full,6,unith,6,Nielsen,Nov_4_g0,0.965494505494505,0.9621978021978022,0.9335164835164835,0.6478260869565218,5,,20,4,8,0,0,6,1,0,1,1,1H,1S,,61,0,True,False,True,False,0
top_ten,svm,occupancy,full,6,unith,6,Nielsen,Nov_4_g0,0.965494505494505,0.9621978021978022,0.9335164835164835,0.6478260869565218,5,5,20,4,8,0,0,7,1,0,2,1,1H,2S,0.7971037214251935,61,11,True,True,True,True,0
top_ten,svm,occupancy,full,6,unith,6,Nielsen,Nov_4_g0,0.965494505494505,0.9621978021978022,0.9335164835164835,0.6478260869565218,5,5,20,4,8,0,0,8,1,0,3,1,1H,3S,0.8303232352208768,61,19,True,True,True,True,0
top_ten,svm,occupancy,full,6,unith,6,Nielsen,Nov_4_g0,0.965494505494505,0.9621978021978022,0.9335164835164835,0.6478260869565218,5,5,20,4,8,0,0,9,1,0,4,1,1H,4S,0.8032083688531317,61,33,True,True,True,True,0
top_ten,svm,occupancy,full,6,unith,6,Nielsen,Nov_4_g0,0.965494505494505,0.9621978021978022,0.9335164835164835,0.6478260869565218,5,5,20,4,8,0,0,10,1,0,5,1,1H,5S,0.7579876107624373,61,77,True,True,True,True,0
top_ten,svm,occupancy,full,6,unith,6,Nielsen,Nov_4_g0,0.965494505494505,0.9621978021978022,0.9335164835164835,0.6478260869565218,5,5,20,4,8,0,0,11,1,0,6,1,1H,6S,0.8026605481340979,61,65,True,True,True,True,0
top_ten,svm,occupancy,full,6,unith,6,Nielsen,Nov_4_g0,0.965494505494505,0.9621978021978022,0.9335164835164835,0.6478260869565218,5,5,20,4,8,0,1,0,2,0,1,0,2H,1H,0.7683149265915985,54,61,True,True,True,True,0
top_ten,svm,occupancy,full,6,unith,6,Nielsen,Nov_4_g0,0.965494505494505,0.9621978021978022,0.9335164835164835,0.6478260869565218,5,5,20,4,8,0,1,1,2,0,2,0,2H,2H,0.8041544708179096,54,54,True,True,True,True,0
top_ten,svm,occupancy,full,6,unith,6,Nielsen,Nov_4_g0,0.965494505494505,0.9621978021978022,0.9335164835164835,0.6478260869565218,5,5,20,4,8,0,1,2,2,0,3,0,2H,3H,0.7918498214617056,54,56,True,True,True,True,0
top_ten,svm,occupancy,full,6,unith,6,Nielsen,Nov_4_g0,0.965494505494505,0.9621978021978022,0.9335164835164835,0.6478260869565218,5,5,20,4,8,0,1,3,2,0,4,0,2H,4H,0.8542010618827793,54,24,True,True,True,True,0
top_ten,svm,occupancy,full,6,unith,6,Nielsen,Nov_4_g0,0.965494505494505,0.9621978021978022,0.9335164835164835,0.6478260869565218,5,5,20,4,8,0,1,4,2,0,5,0,2H,5H,0.8209382594107739,54,13,True,True,True,True,0
top_ten,svm,occupancy,full,6,unith,6,Nielsen,Nov_4_g0,0.965494505494505,0.9621978021978022,0.9335164835164835,0.6478260869565218,5,,20,4,8,0,1,5,2,0,6,0,2H,6H,,54,0,True,False,True,False,0
top_ten,svm,occupancy,full,6,unith,6,Nielsen,Nov_4_g0,0.965494505494505,0.9621978021978022,0.9335164835164835,0.6478260869565218,5,,20,4,8,0,1,6,2,0,1,1,2H,1S,,54,0,True,False,True,False,0
top_ten,svm,occupancy,full,6,unith,6,Nielsen,Nov_4_g0,0.965494505494505,0.9621978021978022,0.9335164835164835,0.6478260869565218,5,5,20,4,8,0,1,7,2,0,2,1,2H,2S,0.8312047132701634,54,11,True,True,True,True,0
top_ten,svm,occupancy,full,6,unith,6,Nielsen,Nov_4_g0,0.965494505494505,0.9621978021978022,0.9335164835164835,0.6478260869565218,5,5,20,4,8,0,1,8,2,0,3,1,2H,3S,0.807188649093135,54,19,True,True,True,True,0
top_ten,svm,occupancy,full,6,unith,6,Nielsen,Nov_4_g0,0.965494505494505,0.9621978021978022,0.9335164835164835,0.6478260869565218,5,5,20,4,8,0,1,9,2,0,4,1,2H,4S,0.8269222518469943,54,33,True,True,True,True,0
top_ten,svm,occupancy,full,6,unith,6,Nielsen,Nov_4_g0,0.965494505494505,0.9621978021978022,0.9335164835164835,0.6478260869565218,5,5,20,4,8,0,1,10,2,0,5,1,2H,5S,0.762462529427394,54,77,True,True,True,True,0
top_ten,svm,occupancy,full,6,unith,6,Nielsen,Nov_4_g0,0.965494505494505,0.9621978021978022,0.9335164835164835,0.6478260869565218,5,5,20,4,8,0,1,11,2,0,6,1,2H,6S,0.8259980339398366,54,65,True,True,True,True,0
top_ten,svm,occupancy,full,6,unith,6,Nielsen,Nov_4_g0,0.965494505494505,0.9621978021978022,0.9335164835164835,0.6478260869565218,5,5,20,4,8,0,2,0,3,0,1,0,3H,1H,0.8075360945913788,56,61,True,True,True,True,0
top_ten,svm,occupancy,full,6,unith,6,Nielsen,Nov_4_g0,0.965494505494505,0.9621978021978022,0.9335164835164835,0.6478260869565218,5,5,20,4,8,0,2,1,3,0,2,0,3H,2H,0.7918498214617056,56,54,True,True,True,True,0
top_ten,svm,occupancy,full,6,unith,6,Nielsen,Nov_4_g0,0.965494505494505,0.9621978021978022,0.9335164835164835,0.6478260869565218,5,5,20,4,8,0,2,2,3,0,3,0,3H,3H,0.8400015478712379,56,56,True,True,True,True,0
top_ten,svm,occupancy,full,6,unith,6,Nielsen,Nov_4_g0,0.965494505494505,0.9621978021978022,0.9335164835164835,0.6478260869565218,5,5,20,4,8,0,2,3,3,0,4,0,3H,4H,0.8301035089289506,56,24,True,True,True,True,0
top_ten,svm,occupancy,full,6,unith,6,Nielsen,Nov_4_g0,0.965494505494505,0.9621978021978022,0.9335164835164835,0.6478260869565218,5,5,20,4,8,0,2,4,3,0,5,0,3H,5H,0.8319844520217897,56,13,True,True,True,True,0
top_ten,svm,occupancy,full,6,unith,6,Nielsen,Nov_4_g0,0.965494505494505,0.9621978021978022,0.9335164835164835,0.6478260869565218,5,,20,4,8,0,2,5,3,0,6,0,3H,6H,,56,0,True,False,True,False,0
top_ten,svm,occupancy,full,6,unith,6,Nielsen,Nov_4_g0,0.965494505494505,0.9621978021978022,0.9335164835164835,0.6478260869565218,5,,20,4,8,0,2,6,3,0,1,1,3H,1S,,56,0,True,False,True,False,0
top_ten,svm,occupancy,full,6,unith,6,Nielsen,Nov_4_g0,0.965494505494505,0.9621978021978022,0.9335164835164835,0.6478260869565218,5,5,20,4,8,0,2,7,3,0,2,1,3H,2S,0.8425417228533728,56,11,True,True,True,True,0
top_ten,svm,occupancy,full,6,unith,6,Nielsen,Nov_4_g0,0.965494505494505,0.9621978021978022,0.9335164835164835,0.6478260869565218,5,5,20,4,8,0,2,8,3,0,3,1,3H,3S,0.8636248512154043,56,19,True,True,True,True,0
top_ten,svm,occupancy,full,6,unith,6,Nielsen,Nov_4_g0,0.965494505494505,0.9621978021978022,0.9335164835164835,0.6478260869565218,5,5,20,4,8,0,2,9,3,0,4,1,3H,4S,0.8327451088760516,56,33,True,True,True,True,0
top_ten,svm,occupancy,full,6,unith,6,Nielsen,Nov_4_g0,0.965494505494505,0.9621978021978022,0.9335164835164835,0.6478260869565218,5,5,20,4,8,0,2,10,3,0,5,1,3H,5S,0.8039771539505647,56,77,True,True,True,True,0
top_ten,svm,occupancy,full,6,unith,6,Nielsen,Nov_4_g0,0.965494505494505,0.9621978021978022,0.9335164835164835,0.6478260869565218,5,5,20,4,8,0,2,11,3,0,6,1,3H,6S,0.7979342577481783,56,65,True,True,True,True,0
top_ten,svm,occupancy,full,6,unith,6,Nielsen,Nov_4_g0,0.965494505494505,0.9621978021978022,0.9335164835164835,0.6478260869565218,5,5,20,4,8,0,3,0,4,0,1,0,4H,1H,0.8062879815790096,24,61,True,True,True,True,0
top_ten,svm,occupancy,full,6,unith,6,Nielsen,Nov_4_g0,0.965494505494505,0.9621978021978022,0.9335164835164835,0.6478260869565218,5,5,20,4,8,0,3,1,4,0,2,0,4H,2H,0.8542010618827793,24,54,True,True,True,True,0
top_ten,svm,occupancy,full,6,unith,6,Nielsen,Nov_4_g0,0.965494505494505,0.9621978021978022,0.9335164835164835,0.6478260869565218,5,5,20,4,8,0,3,2,4,0,3,0,4H,3H,0.8301035089289506,24,56,True,True,True,True,0
top_ten,svm,occupancy,full,6,unith,6,Nielsen,Nov_4_g0,0.965494505494505,0.9621978021978022,0.9335164835164835,0.6478260869565218,5,5,20,4,8,0,3,3,4,0,4,0,4H,4H,0.8230410889946226,24,24,True,True,True,True,0
top_ten,svm,occupancy,full,6,unith,6,Nielsen,Nov_4_g0,0.965494505494505,0.9621978021978022,0.9335164835164835,0.6478260869565218,5,5,20,4,8,0,3,4,4,0,5,0,4H,5H,0.8942535976034197,24,13,True,True,True,True,0
top_ten,svm,occupancy,full,6,unith,6,Nielsen,Nov_4_g0,0.965494505494505,0.9621978021978022,0.9335164835164835,0.6478260869565218,5,,20,4,8,0,3,5,4,0,6,0,4H,6H,,24,0,True,False,True,False,0
top_ten,svm,occupancy,full,6,unith,6,Nielsen,Nov_4_g0,0.965494505494505,0.9621978021978022,0.9335164835164835,0.6478260869565218,5,,20,4,8,0,3,6,4,0,1,1,4H,1S,,24,0,True,False,True,False,0
top_ten,svm,occupancy,full,6,unith,6,Nielsen,Nov_4_g0,0.965494505494505,0.9621978021978022,0.9335164835164835,0.6478260869565218,5,5,20,4,8,0,3,7,4,0,2,1,4H,2S,0.8794467719513662,24,11,True,True,True,True,0
top_ten,svm,occupancy,full,6,unith,6,Nielsen,Nov_4_g0,0.965494505494505,0.9621978021978022,0.9335164835164835,0.6478260869565218,5,5,20,4,8,0,3,8,4,0,3,1,4H,3S,0.8503897908964175,24,19,True,True,True,True,0
top_ten,svm,occupancy,full,6,unith,6,Nielsen,Nov_4_g0,0.965494505494505,0.9621978021978022,0.9335164835164835,0.6478260869565218,5,5,20,4,8,0,3,9,4,0,4,1,4H,4S,0.8562060022869942,24,33,True,True,True,True,0
top_ten,svm,occupancy,full,6,unith,6,Nielsen,Nov_4_g0,0.965494505494505,0.9621978021978022,0.9335164835164835,0.6478260869565218,5,5,20,4,8,0,3,10,4,0,5,1,4H,5S,0.837498053070782,24,77,True,True,True,True,0
top_ten,svm,occupancy,full,6,unith,6,Nielsen,Nov_4_g0,0.965494505494505,0.9621978021978022,0.9335164835164835,0.6478260869565218,5,5,20,4,8,0,3,11,4,0,6,1,4H,6S,0.8671058638390416,24,65,True,True,True,True,0
top_ten,svm,occupancy,full,6,unith,6,Nielsen,Nov_4_g0,0.965494505494505,0.9621978021978022,0.9335164835164835,0.6478260869565218,5,5,20,4,8,0,4,0,5,0,1,0,5H,1H,0.7888002205384846,13,61,True,True,True,True,0
top_ten,svm,occupancy,full,6,unith,6,Nielsen,Nov_4_g0,0.965494505494505,0.9621978021978022,0.9335164835164835,0.6478260869565218,5,5,20,4,8,0,4,1,5,0,2,0,5H,2H,0.8209382594107739,13,54,True,True,True,True,0
top_ten,svm,occupancy,full,6,unith,6,Nielsen,Nov_4_g0,0.965494505494505,0.9621978021978022,0.9335164835164835,0.6478260869565218,5,5,20,4,8,0,4,2,5,0,3,0,5H,3H,0.8319844520217897,13,56,True,True,True,True,0
top_ten,svm,occupancy,full,6,unith,6,Nielsen,Nov_4_g0,0.965494505494505,0.9621978021978022,0.9335164835164835,0.6478260869565218,5,5,20,4,8,0,4,3,5,0,4,0,5H,4H,0.8942535976034197,13,24,True,True,True,True,0
top_ten,svm,occupancy,full,6,unith,6,Nielsen,Nov_4_g0,0.965494505494505,0.9621978021978022,0.9335164835164835,0.6478260869565218,5,5,20,4,8,0,4,4,5,0,5,0,5H,5H,0.9584588509490413,13,13,True,True,True,True,0
top_ten,svm,occupancy,full,6,unith,6,Nielsen,Nov_4_g0,0.965494505494505,0.9621978021978022,0.9335164835164835,0.6478260869565218,5,,20,4,8,0,4,5,5,0,6,0,5H,6H,,13,0,True,False,True,False,0
top_ten,svm,occupancy,full,6,unith,6,Nielsen,Nov_4_g0,0.965494505494505,0.9621978021978022,0.9335164835164835,0.6478260869565218,5,,20,4,8,0,4,6,5,0,1,1,5H,1S,,13,0,True,False,True,False,0
top_ten,svm,occupancy,full,6,unith,6,Nielsen,Nov_4_g0,0.965494505494505,0.9621978021978022,0.9335164835164835,0.6478260869565218,5,5,20,4,8,0,4,7,5,0,2,1,5H,2S,0.9603350326389901,13,11,True,True,True,True,0
top_ten,svm,occupancy,full,6,unith,6,Nielsen,Nov_4_g0,0.965494505494505,0.9621978021978022,0.9335164835164835,0.6478260869565218,5,5,20,4,8,0,4,8,5,0,3,1,5H,3S,0.8841120077837813,13,19,True,True,True,True,0
top_ten,svm,occupancy,full,6,unith,6,Nielsen,Nov_4_g0,0.965494505494505,0.9621978021978022,0.9335164835164835,0.6478260869565218,5,5,20,4,8,0,4,9,5,0,4,1,5H,4S,0.9367562391704851,13,33,True,True,True,True,0
top_ten,svm,occupancy,full,6,unith,6,Nielsen,Nov_4_g0,0.965494505494505,0.9621978021978022,0.9335164835164835,0.6478260869565218,5,5,20,4,8,0,4,10,5,0,5,1,5H,5S,0.8983484016394762,13,77,True,True,True,True,0
top_ten,svm,occupancy,full,6,unith,6,Nielsen,Nov_4_g0,0.965494505494505,0.9621978021978022,0.9335164835164835,0.6478260869565218,5,5,20,4,8,0,4,11,5,0,6,1,5H,6S,0.935593500910023,13,65,True,True,True,True,0
top_ten,svm,occupancy,full,6,unith,6,Nielsen,Nov_4_g0,0.965494505494505,0.9621978021978022,0.9335164835164835,0.6478260869565218,,5,20,4,8,0,5,0,6,0,1,0,6H,1H,,0,61,False,True,False,True,0
top_ten,svm,occupancy,full,6,unith,6,Nielsen,Nov_4_g0,0.965494505494505,0.9621978021978022,0.9335164835164835,0.6478260869565218,,5,20,4,8,0,5,1,6,0,2,0,6H,2H,,0,54,False,True,False,True,0
top_ten,svm,occupancy,full,6,unith,6,Nielsen,Nov_4_g0,0.965494505494505,0.9621978021978022,0.9335164835164835,0.6478260869565218,,5,20,4,8,0,5,2,6,0,3,0,6H,3H,,0,56,False,True,False,True,0
top_ten,svm,occupancy,full,6,unith,6,Nielsen,Nov_4_g0,0.965494505494505,0.9621978021978022,0.9335164835164835,0.6478260869565218,,5,20,4,8,0,5,3,6,0,4,0,6H,4H,,0,24,False,True,False,True,0
top_ten,svm,occupancy,full,6,unith,6,Nielsen,Nov_4_g0,0.965494505494505,0.9621978021978022,0.9335164835164835,0.6478260869565218,,5,20,4,8,0,5,4,6,0,5,0,6H,5H,,0,13,False,True,False,True,0
top_ten,svm,occupancy,full,6,unith,6,Nielsen,Nov_4_g0,0.965494505494505,0.9621978021978022,0.9335164835164835,0.6478260869565218,,,20,4,8,0,5,5,6,0,6,0,6H,6H,,0,0,False,False,False,False,0
top_ten,svm,occupancy,full,6,unith,6,Nielsen,Nov_4_g0,0.965494505494505,0.9621978021978022,0.9335164835164835,0.6478260869565218,,,20,4,8,0,5,6,6,0,1,1,6H,1S,,0,0,False,False,False,False,0
top_ten,svm,occupancy,full,6,unith,6,Nielsen,Nov_4_g0,0.965494505494505,0.9621978021978022,0.9335164835164835,0.6478260869565218,,5,20,4,8,0,5,7,6,0,2,1,6H,2S,,0,11,False,True,False,True,0
top_ten,svm,occupancy,full,6,unith,6,Nielsen,Nov_4_g0,0.965494505494505,0.9621978021978022,0.9335164835164835,0.6478260869565218,,5,20,4,8,0,5,8,6,0,3,1,6H,3S,,0,19,False,True,False,True,0
top_ten,svm,occupancy,full,6,unith,6,Nielsen,Nov_4_g0,0.965494505494505,0.9621978021978022,0.9335164835164835,0.6478260869565218,,5,20,4,8,0,5,9,6,0,4,1,6H,4S,,0,33,False,True,False,True,0
top_ten,svm,occupancy,full,6,unith,6,Nielsen,Nov_4_g0,0.965494505494505,0.9621978021978022,0.9335164835164835,0.6478260869565218,,5,20,4,8,0,5,10,6,0,5,1,6H,5S,,0,77,False,True,False,True,0
top_ten,svm,occupancy,full,6,unith,6,Nielsen,Nov_4_g0,0.965494505494505,0.9621978021978022,0.9335164835164835,0.6478260869565218,,5,20,4,8,0,5,11,6,0,6,1,6H,6S,,0,65,False,True,False,True,0
top_ten,svm,occupancy,full,6,unith,6,Nielsen,Nov_4_g0,0.965494505494505,0.9621978021978022,0.9335164835164835,0.6478260869565218,,5,20,4,8,0,6,0,1,1,1,0,1S,1H,,0,61,False,True,False,True,0
top_ten,svm,occupancy,full,6,unith,6,Nielsen,Nov_4_g0,0.965494505494505,0.9621978021978022,0.9335164835164835,0.6478260869565218,,5,20,4,8,0,6,1,1,1,2,0,1S,2H,,0,54,False,True,False,True,0
top_ten,svm,occupancy,full,6,unith,6,Nielsen,Nov_4_g0,0.965494505494505,0.9621978021978022,0.9335164835164835,0.6478260869565218,,5,20,4,8,0,6,2,1,1,3,0,1S,3H,,0,56,False,True,False,True,0
top_ten,svm,occupancy,full,6,unith,6,Nielsen,Nov_4_g0,0.965494505494505,0.9621978021978022,0.9335164835164835,0.6478260869565218,,5,20,4,8,0,6,3,1,1,4,0,1S,4H,,0,24,False,True,False,True,0
top_ten,svm,occupancy,full,6,unith,6,Nielsen,Nov_4_g0,0.965494505494505,0.9621978021978022,0.9335164835164835,0.6478260869565218,,5,20,4,8,0,6,4,1,1,5,0,1S,5H,,0,13,False,True,False,True,0
top_ten,svm,occupancy,full,6,unith,6,Nielsen,Nov_4_g0,0.965494505494505,0.9621978021978022,0.9335164835164835,0.6478260869565218,,,20,4,8,0,6,5,1,1,6,0,1S,6H,,0,0,False,False,False,False,0
top_ten,svm,occupancy,full,6,unith,6,Nielsen,Nov_4_g0,0.965494505494505,0.9621978021978022,0.9335164835164835,0.6478260869565218,,,20,4,8,0,6,6,1,1,1,1,1S,1S,,0,0,False,False,False,False,0
top_ten,svm,occupancy,full,6,unith,6,Nielsen,Nov_4_g0,0.965494505494505,0.9621978021978022,0.9335164835164835,0.6478260869565218,,5,20,4,8,0,6,7,1,1,2,1,1S,2S,,0,11,False,True,False,True,0
top_ten,svm,occupancy,full,6,unith,6,Nielsen,Nov_4_g0,0.965494505494505,0.9621978021978022,0.9335164835164835,0.6478260869565218,,5,20,4,8,0,6,8,1,1,3,1,1S,3S,,0,19,False,True,False,True,0
top_ten,svm,occupancy,full,6,unith,6,Nielsen,Nov_4_g0,0.965494505494505,0.9621978021978022,0.9335164835164835,0.6478260869565218,,5,20,4,8,0,6,9,1,1,4,1,1S,4S,,0,33,False,True,False,True,0
top_ten,svm,occupancy,full,6,unith,6,Nielsen,Nov_4_g0,0.965494505494505,0.9621978021978022,0.9335164835164835,0.6478260869565218,,5,20,4,8,0,6,10,1,1,5,1,1S,5S,,0,77,False,True,False,True,0
top_ten,svm,occupancy,full,6,unith,6,Nielsen,Nov_4_g0,0.965494505494505,0.9621978021978022,0.9335164835164835,0.6478260869565218,,5,20,4,8,0,6,11,1,1,6,1,1S,6S,,0,65,False,True,False,True,0
top_ten,svm,occupancy,full,6,unith,6,Nielsen,Nov_4_g0,0.965494505494505,0.9621978021978022,0.9335164835164835,0.6478260869565218,5,5,20,4,8,0,7,0,2,1,1,0,2S,1H,0.7971037214251935,11,61,True,True,True,True,0
top_ten,svm,occupancy,full,6,unith,6,Nielsen,Nov_4_g0,0.965494505494505,0.9621978021978022,0.9335164835164835,0.6478260869565218,5,5,20,4,8,0,7,1,2,1,2,0,2S,2H,0.8312047132701634,11,54,True,True,True,True,0
top_ten,svm,occupancy,full,6,unith,6,Nielsen,Nov_4_g0,0.965494505494505,0.9621978021978022,0.9335164835164835,0.6478260869565218,5,5,20,4,8,0,7,2,2,1,3,0,2S,3H,0.8425417228533728,11,56,True,True,True,True,0
top_ten,svm,occupancy,full,6,unith,6,Nielsen,Nov_4_g0,0.965494505494505,0.9621978021978022,0.9335164835164835,0.6478260869565218,5,5,20,4,8,0,7,3,2,1,4,0,2S,4H,0.8794467719513662,11,24,True,True,True,True,0
top_ten,svm,occupancy,full,6,unith,6,Nielsen,Nov_4_g0,0.965494505494505,0.9621978021978022,0.9335164835164835,0.6478260869565218,5,5,20,4,8,0,7,4,2,1,5,0,2S,5H,0.9603350326389901,11,13,True,True,True,True,0
top_ten,svm,occupancy,full,6,unith,6,Nielsen,Nov_4_g0,0.965494505494505,0.9621978021978022,0.9335164835164835,0.6478260869565218,5,,20,4,8,0,7,5,2,1,6,0,2S,6H,,11,0,True,False,True,False,0
top_ten,svm,occupancy,full,6,unith,6,Nielsen,Nov_4_g0,0.965494505494505,0.9621978021978022,0.9335164835164835,0.6478260869565218,5,,20,4,8,0,7,6,2,1,1,1,2S,1S,,11,0,True,False,True,False,0
top_ten,svm,occupancy,full,6,unith,6,Nielsen,Nov_4_g0,0.965494505494505,0.9621978021978022,0.9335164835164835,0.6478260869565218,5,5,20,4,8,0,7,7,2,1,2,1,2S,2S,0.9528274307440018,11,11,True,True,True,True,0
top_ten,svm,occupancy,full,6,unith,6,Nielsen,Nov_4_g0,0.965494505494505,0.9621978021978022,0.9335164835164835,0.6478260869565218,5,5,20,4,8,0,7,8,2,1,3,1,2S,3S,0.8824722940777218,11,19,True,True,True,True,0
top_ten,svm,occupancy,full,6,unith,6,Nielsen,Nov_4_g0,0.965494505494505,0.9621978021978022,0.9335164835164835,0.6478260869565218,5,5,20,4,8,0,7,9,2,1,4,1,2S,4S,0.935882022552011,11,33,True,True,True,True,0
top_ten,svm,occupancy,full,6,unith,6,Nielsen,Nov_4_g0,0.965494505494505,0.9621978021978022,0.9335164835164835,0.6478260869565218,5,5,20,4,8,0,7,10,2,1,5,1,2S,5S,0.8859052177119565,11,77,True,True,True,True,0
top_ten,svm,occupancy,full,6,unith,6,Nielsen,Nov_4_g0,0.965494505494505,0.9621978021978022,0.9335164835164835,0.6478260869565218,5,5,20,4,8,0,7,11,2,1,6,1,2S,6S,0.9370693204708564,11,65,True,True,True,True,0
top_ten,svm,occupancy,full,6,unith,6,Nielsen,Nov_4_g0,0.965494505494505,0.9621978021978022,0.9335164835164835,0.6478260869565218,5,5,20,4,8,0,8,0,3,1,1,0,3S,1H,0.8303232352208768,19,61,True,True,True,True,0
top_ten,svm,occupancy,full,6,unith,6,Nielsen,Nov_4_g0,0.965494505494505,0.9621978021978022,0.9335164835164835,0.6478260869565218,5,5,20,4,8,0,8,1,3,1,2,0,3S,2H,0.807188649093135,19,54,True,True,True,True,0
top_ten,svm,occupancy,full,6,unith,6,Nielsen,Nov_4_g0,0.965494505494505,0.9621978021978022,0.9335164835164835,0.6478260869565218,5,5,20,4,8,0,8,2,3,1,3,0,3S,3H,0.8636248512154043,19,56,True,True,True,True,0
top_ten,svm,occupancy,full,6,unith,6,Nielsen,Nov_4_g0,0.965494505494505,0.9621978021978022,0.9335164835164835,0.6478260869565218,5,5,20,4,8,0,8,3,3,1,4,0,3S,4H,0.8503897908964175,19,24,True,True,True,True,0
top_ten,svm,occupancy,full,6,unith,6,Nielsen,Nov_4_g0,0.965494505494505,0.9621978021978022,0.9335164835164835,0.6478260869565218,5,5,20,4,8,0,8,4,3,1,5,0,3S,5H,0.8841120077837813,19,13,True,True,True,True,0
top_ten,svm,occupancy,full,6,unith,6,Nielsen,Nov_4_g0,0.965494505494505,0.9621978021978022,0.9335164835164835,0.6478260869565218,5,,20,4,8,0,8,5,3,1,6,0,3S,6H,,19,0,True,False,True,False,0
top_ten,svm,occupancy,full,6,unith,6,Nielsen,Nov_4_g0,0.965494505494505,0.9621978021978022,0.9335164835164835,0.6478260869565218,5,,20,4,8,0,8,6,3,1,1,1,3S,1S,,19,0,True,False,True,False,0
top_ten,svm,occupancy,full,6,unith,6,Nielsen,Nov_4_g0,0.965494505494505,0.9621978021978022,0.9335164835164835,0.6478260869565218,5,5,20,4,8,0,8,7,3,1,2,1,3S,2S,0.8824722940777218,19,11,True,True,True,True,0
top_ten,svm,occupancy,full,6,unith,6,Nielsen,Nov_4_g0,0.965494505494505,0.9621978021978022,0.9335164835164835,0.6478260869565218,5,5,20,4,8,0,8,8,3,1,3,1,3S,3S,0.8895810402064933,19,19,True,True,True,True,0
top_ten,svm,occupancy,full,6,unith,6,Nielsen,Nov_4_g0,0.965494505494505,0.9621978021978022,0.9335164835164835,0.6478260869565218,5,5,20,4,8,0,8,9,3,1,4,1,3S,4S,0.8625336369466728,19,33,True,True,True,True,0
top_ten,svm,occupancy,full,6,unith,6,Nielsen,Nov_4_g0,0.965494505494505,0.9621978021978022,0.9335164835164835,0.6478260869565218,5,5,20,4,8,0,8,10,3,1,5,1,3S,5S,0.8671384038099739,19,77,True,True,True,True,0
top_ten,svm,occupancy,full,6,unith,6,Nielsen,Nov_4_g0,0.965494505494505,0.9621978021978022,0.9335164835164835,0.6478260869565218,5,5,20,4,8,0,8,11,3,1,6,1,3S,6S,0.8254721060303343,19,65,True,True,True,True,0
top_ten,svm,occupancy,full,6,unith,6,Nielsen,Nov_4_g0,0.965494505494505,0.9621978021978022,0.9335164835164835,0.6478260869565218,5,5,20,4,8,0,9,0,4,1,1,0,4S,1H,0.8032083688531317,33,61,True,True,True,True,0
top_ten,svm,occupancy,full,6,unith,6,Nielsen,Nov_4_g0,0.965494505494505,0.9621978021978022,0.9335164835164835,0.6478260869565218,5,5,20,4,8,0,9,1,4,1,2,0,4S,2H,0.8269222518469943,33,54,True,True,True,True,0
top_ten,svm,occupancy,full,6,unith,6,Nielsen,Nov_4_g0,0.965494505494505,0.9621978021978022,0.9335164835164835,0.6478260869565218,5,5,20,4,8,0,9,2,4,1,3,0,4S,3H,0.8327451088760516,33,56,True,True,True,True,0
top_ten,svm,occupancy,full,6,unith,6,Nielsen,Nov_4_g0,0.965494505494505,0.9621978021978022,0.9335164835164835,0.6478260869565218,5,5,20,4,8,0,9,3,4,1,4,0,4S,4H,0.8562060022869942,33,24,True,True,True,True,0
top_ten,svm,occupancy,full,6,unith,6,Nielsen,Nov_4_g0,0.965494505494505,0.9621978021978022,0.9335164835164835,0.6478260869565218,5,5,20,4,8,0,9,4,4,1,5,0,4S,5H,0.9367562391704851,33,13,True,True,True,True,0
top_ten,svm,occupancy,full,6,unith,6,Nielsen,Nov_4_g0,0.965494505494505,0.9621978021978022,0.9335164835164835,0.6478260869565218,5,,20,4,8,0,9,5,4,1,6,0,4S,6H,,33,0,True,False,True,False,0
top_ten,svm,occupancy,full,6,unith,6,Nielsen,Nov_4_g0,0.965494505494505,0.9621978021978022,0.9335164835164835,0.6478260869565218,5,,20,4,8,0,9,6,4,1,1,1,4S,1S,,33,0,True,False,True,False,0
top_ten,svm,occupancy,full,6,unith,6,Nielsen,Nov_4_g0,0.965494505494505,0.9621978021978022,0.9335164835164835,0.6478260869565218,5,5,20,4,8,0,9,7,4,1,2,1,4S,2S,0.935882022552011,33,11,True,True,True,True,0
top_ten,svm,occupancy,full,6,unith,6,Nielsen,Nov_4_g0,0.965494505494505,0.9621978021978022,0.9335164835164835,0.6478260869565218,5,5,20,4,8,0,9,8,4,1,3,1,4S,3S,0.8625336369466728,33,19,True,True,True,True,0
top_ten,svm,occupancy,full,6,unith,6,Nielsen,Nov_4_g0,0.965494505494505,0.9621978021978022,0.9335164835164835,0.6478260869565218,5,5,20,4,8,0,9,9,4,1,4,1,4S,4S,0.9139793066807472,33,33,True,True,True,True,0
top_ten,svm,occupancy,full,6,unith,6,Nielsen,Nov_4_g0,0.965494505494505,0.9621978021978022,0.9335164835164835,0.6478260869565218,5,5,20,4,8,0,9,10,4,1,5,1,4S,5S,0.8779029029696938,33,77,True,True,True,True,0
top_ten,svm,occupancy,full,6,unith,6,Nielsen,Nov_4_g0,0.965494505494505,0.9621978021978022,0.9335164835164835,0.6478260869565218,5,5,20,4,8,0,9,11,4,1,6,1,4S,6S,0.9144619384492898,33,65,True,True,True,True,0
top_ten,svm,occupancy,full,6,unith,6,Nielsen,Nov_4_g0,0.965494505494505,0.9621978021978022,0.9335164835164835,0.6478260869565218,5,5,20,4,8,0,10,0,5,1,1,0,5S,1H,0.7579876107624373,77,61,True,True,True,True,0
top_ten,svm,occupancy,full,6,unith,6,Nielsen,Nov_4_g0,0.965494505494505,0.9621978021978022,0.9335164835164835,0.6478260869565218,5,5,20,4,8,0,10,1,5,1,2,0,5S,2H,0.762462529427394,77,54,True,True,True,True,0
top_ten,svm,occupancy,full,6,unith,6,Nielsen,Nov_4_g0,0.965494505494505,0.9621978021978022,0.9335164835164835,0.6478260869565218,5,5,20,4,8,0,10,2,5,1,3,0,5S,3H,0.8039771539505647,77,56,True,True,True,True,0
top_ten,svm,occupancy,full,6,unith,6,Nielsen,Nov_4_g0,0.965494505494505,0.9621978021978022,0.9335164835164835,0.6478260869565218,5,5,20,4,8,0,10,3,5,1,4,0,5S,4H,0.837498053070782,77,24,True,True,True,True,0
top_ten,svm,occupancy,full,6,unith,6,Nielsen,Nov_4_g0,0.965494505494505,0.9621978021978022,0.9335164835164835,0.6478260869565218,5,5,20,4,8,0,10,4,5,1,5,0,5S,5H,0.8983484016394762,77,13,True,True,True,True,0
top_ten,svm,occupancy,full,6,unith,6,Nielsen,Nov_4_g0,0.965494505494505,0.9621978021978022,0.9335164835164835,0.6478260869565218,5,,20,4,8,0,10,5,5,1,6,0,5S,6H,,77,0,True,False,True,False,0
top_ten,svm,occupancy,full,6,unith,6,Nielsen,Nov_4_g0,0.965494505494505,0.9621978021978022,0.9335164835164835,0.6478260869565218,5,,20,4,8,0,10,6,5,1,1,1,5S,1S,,77,0,True,False,True,False,0
top_ten,svm,occupancy,full,6,unith,6,Nielsen,Nov_4_g0,0.965494505494505,0.9621978021978022,0.9335164835164835,0.6478260869565218,5,5,20,4,8,0,10,7,5,1,2,1,5S,2S,0.8859052177119565,77,11,True,True,True,True,0
top_ten,svm,occupancy,full,6,unith,6,Nielsen,Nov_4_g0,0.965494505494505,0.9621978021978022,0.9335164835164835,0.6478260869565218,5,5,20,4,8,0,10,8,5,1,3,1,5S,3S,0.8671384038099739,77,19,True,True,True,True,0
top_ten,svm,occupancy,full,6,unith,6,Nielsen,Nov_4_g0,0.965494505494505,0.9621978021978022,0.9335164835164835,0.6478260869565218,5,5,20,4,8,0,10,9,5,1,4,1,5S,4S,0.8779029029696938,77,33,True,True,True,True,0
top_ten,svm,occupancy,full,6,unith,6,Nielsen,Nov_4_g0,0.965494505494505,0.9621978021978022,0.9335164835164835,0.6478260869565218,5,5,20,4,8,0,10,10,5,1,5,1,5S,5S,0.8436722276643147,77,77,True,True,True,True,0
top_ten,svm,occupancy,full,6,unith,6,Nielsen,Nov_4_g0,0.965494505494505,0.9621978021978022,0.9335164835164835,0.6478260869565218,5,5,20,4,8,0,10,11,5,1,6,1,5S,6S,0.8620533548657019,77,65,True,True,True,True,0
top_ten,svm,occupancy,full,6,unith,6,Nielsen,Nov_4_g0,0.965494505494505,0.9621978021978022,0.9335164835164835,0.6478260869565218,5,5,20,4,8,0,11,0,6,1,1,0,6S,1H,0.8026605481340979,65,61,True,True,True,True,0
top_ten,svm,occupancy,full,6,unith,6,Nielsen,Nov_4_g0,0.965494505494505,0.9621978021978022,0.9335164835164835,0.6478260869565218,5,5,20,4,8,0,11,1,6,1,2,0,6S,2H,0.8259980339398366,65,54,True,True,True,True,0
top_ten,svm,occupancy,full,6,unith,6,Nielsen,Nov_4_g0,0.965494505494505,0.9621978021978022,0.9335164835164835,0.6478260869565218,5,5,20,4,8,0,11,2,6,1,3,0,6S,3H,0.7979342577481783,65,56,True,True,True,True,0
top_ten,svm,occupancy,full,6,unith,6,Nielsen,Nov_4_g0,0.965494505494505,0.9621978021978022,0.9335164835164835,0.6478260869565218,5,5,20,4,8,0,11,3,6,1,4,0,6S,4H,0.8671058638390416,65,24,True,True,True,True,0
top_ten,svm,occupancy,full,6,unith,6,Nielsen,Nov_4_g0,0.965494505494505,0.9621978021978022,0.9335164835164835,0.6478260869565218,5,5,20,4,8,0,11,4,6,1,5,0,6S,5H,0.935593500910023,65,13,True,True,True,True,0
top_ten,svm,occupancy,full,6,unith,6,Nielsen,Nov_4_g0,0.965494505494505,0.9621978021978022,0.9335164835164835,0.6478260869565218,5,,20,4,8,0,11,5,6,1,6,0,6S,6H,,65,0,True,False,True,False,0
top_ten,svm,occupancy,full,6,unith,6,Nielsen,Nov_4_g0,0.965494505494505,0.9621978021978022,0.9335164835164835,0.6478260869565218,5,,20,4,8,0,11,6,6,1,1,1,6S,1S,,65,0,True,False,True,False,0
top_ten,svm,occupancy,full,6,unith,6,Nielsen,Nov_4_g0,0.965494505494505,0.9621978021978022,0.9335164835164835,0.6478260869565218,5,5,20,4,8,0,11,7,6,1,2,1,6S,2S,0.9370693204708564,65,11,True,True,True,True,0
top_ten,svm,occupancy,full,6,unith,6,Nielsen,Nov_4_g0,0.965494505494505,0.9621978021978022,0.9335164835164835,0.6478260869565218,5,5,20,4,8,0,11,8,6,1,3,1,6S,3S,0.8254721060303343,65,19,True,True,True,True,0
top_ten,svm,occupancy,full,6,unith,6,Nielsen,Nov_4_g0,0.965494505494505,0.9621978021978022,0.9335164835164835,0.6478260869565218,5,5,20,4,8,0,11,9,6,1,4,1,6S,4S,0.9144619384492898,65,33,True,True,True,True,0
top_ten,svm,occupancy,full,6,unith,6,Nielsen,Nov_4_g0,0.965494505494505,0.9621978021978022,0.9335164835164835,0.6478260869565218,5,5,20,4,8,0,11,10,6,1,5,1,6S,5S,0.8620533548657019,65,77,True,True,True,True,0
top_ten,svm,occupancy,full,6,unith,6,Nielsen,Nov_4_g0,0.965494505494505,0.9621978021978022,0.9335164835164835,0.6478260869565218,5,5,20,4,8,0,11,11,6,1,6,1,6S,6S,0.9332861518655375,65,65,True,True,True,True,0
top_ten,svm,occupancy,full,6,unith,6,Nielsen,Nov_6_g0,1.0,1.0,0.9814814814814814,0.9037433155080213,8,8,20,4,8,0,0,0,1,0,1,0,1H,1H,0.8668328207316062,52,52,True,True,True,True,0
top_ten,svm,occupancy,full,6,unith,6,Nielsen,Nov_6_g0,1.0,1.0,0.9814814814814814,0.9037433155080213,8,8,20,4,8,0,0,1,1,0,2,0,1H,2H,0.8807176087820991,52,51,True,True,True,True,0
top_ten,svm,occupancy,full,6,unith,6,Nielsen,Nov_6_g0,1.0,1.0,0.9814814814814814,0.9037433155080213,8,8,20,4,8,0,0,2,1,0,3,0,1H,3H,0.9127752716479465,52,66,True,True,True,True,0
top_ten,svm,occupancy,full,6,unith,6,Nielsen,Nov_6_g0,1.0,1.0,0.9814814814814814,0.9037433155080213,8,8,20,4,8,0,0,3,1,0,4,0,1H,4H,0.8977303703209805,52,16,True,True,True,True,0
top_ten,svm,occupancy,full,6,unith,6,Nielsen,Nov_6_g0,1.0,1.0,0.9814814814814814,0.9037433155080213,8,,20,4,8,0,0,4,1,0,5,0,1H,5H,,52,0,True,False,True,False,0
top_ten,svm,occupancy,full,6,unith,6,Nielsen,Nov_6_g0,1.0,1.0,0.9814814814814814,0.9037433155080213,8,,20,4,8,0,0,5,1,0,6,0,1H,6H,,52,0,True,False,True,False,0
top_ten,svm,occupancy,full,6,unith,6,Nielsen,Nov_6_g0,1.0,1.0,0.9814814814814814,0.9037433155080213,8,,20,4,8,0,0,6,1,0,1,1,1H,1S,,52,0,True,False,True,False,0
top_ten,svm,occupancy,full,6,unith,6,Nielsen,Nov_6_g0,1.0,1.0,0.9814814814814814,0.9037433155080213,8,2,20,4,8,0,0,7,1,0,2,1,1H,2S,0.5666787691179991,52,5,True,True,True,False,0
top_ten,svm,occupancy,full,6,unith,6,Nielsen,Nov_6_g0,1.0,1.0,0.9814814814814814,0.9037433155080213,8,,20,4,8,0,0,8,1,0,3,1,1H,3S,,52,0,True,False,True,False,0
top_ten,svm,occupancy,full,6,unith,6,Nielsen,Nov_6_g0,1.0,1.0,0.9814814814814814,0.9037433155080213,8,8,20,4,8,0,0,9,1,0,4,1,1H,4S,0.9076108485922557,52,36,True,True,True,True,0
top_ten,svm,occupancy,full,6,unith,6,Nielsen,Nov_6_g0,1.0,1.0,0.9814814814814814,0.9037433155080213,8,8,20,4,8,0,0,10,1,0,5,1,1H,5S,0.8955925250354235,52,62,True,True,True,True,0
top_ten,svm,occupancy,full,6,unith,6,Nielsen,Nov_6_g0,1.0,1.0,0.9814814814814814,0.9037433155080213,8,8,20,4,8,0,0,11,1,0,6,1,1H,6S,0.8408297550205759,52,79,True,True,True,True,0
top_ten,svm,occupancy,full,6,unith,6,Nielsen,Nov_6_g0,1.0,1.0,0.9814814814814814,0.9037433155080213,8,8,20,4,8,0,1,0,2,0,1,0,2H,1H,0.8807176087820991,51,52,True,True,True,True,0
top_ten,svm,occupancy,full,6,unith,6,Nielsen,Nov_6_g0,1.0,1.0,0.9814814814814814,0.9037433155080213,8,8,20,4,8,0,1,1,2,0,2,0,2H,2H,0.8801637066181923,51,51,True,True,True,True,0
top_ten,svm,occupancy,full,6,unith,6,Nielsen,Nov_6_g0,1.0,1.0,0.9814814814814814,0.9037433155080213,8,8,20,4,8,0,1,2,2,0,3,0,2H,3H,0.8754607218389203,51,66,True,True,True,True,0
top_ten,svm,occupancy,full,6,unith,6,Nielsen,Nov_6_g0,1.0,1.0,0.9814814814814814,0.9037433155080213,8,8,20,4,8,0,1,3,2,0,4,0,2H,4H,0.910236705826805,51,16,True,True,True,True,0
top_ten,svm,occupancy,full,6,unith,6,Nielsen,Nov_6_g0,1.0,1.0,0.9814814814814814,0.9037433155080213,8,,20,4,8,0,1,4,2,0,5,0,2H,5H,,51,0,True,False,True,False,0
top_ten,svm,occupancy,full,6,unith,6,Nielsen,Nov_6_g0,1.0,1.0,0.9814814814814814,0.9037433155080213,8,,20,4,8,0,1,5,2,0,6,0,2H,6H,,51,0,True,False,True,False,0
top_ten,svm,occupancy,full,6,unith,6,Nielsen,Nov_6_g0,1.0,1.0,0.9814814814814814,0.9037433155080213,8,,20,4,8,0,1,6,2,0,1,1,2H,1S,,51,0,True,False,True,False,0
top_ten,svm,occupancy,full,6,unith,6,Nielsen,Nov_6_g0,1.0,1.0,0.9814814814814814,0.9037433155080213,8,2,20,4,8,0,1,7,2,0,2,1,2H,2S,0.6700170707739356,51,5,True,True,True,False,0
top_ten,svm,occupancy,full,6,unith,6,Nielsen,Nov_6_g0,1.0,1.0,0.9814814814814814,0.9037433155080213,8,,20,4,8,0,1,8,2,0,3,1,2H,3S,,51,0,True,False,True,False,0
top_ten,svm,occupancy,full,6,unith,6,Nielsen,Nov_6_g0,1.0,1.0,0.9814814814814814,0.9037433155080213,8,8,20,4,8,0,1,9,2,0,4,1,2H,4S,0.8918509115991888,51,36,True,True,True,True,0
top_ten,svm,occupancy,full,6,unith,6,Nielsen,Nov_6_g0,1.0,1.0,0.9814814814814814,0.9037433155080213,8,8,20,4,8,0,1,10,2,0,5,1,2H,5S,0.8800210741626531,51,62,True,True,True,True,0
top_ten,svm,occupancy,full,6,unith,6,Nielsen,Nov_6_g0,1.0,1.0,0.9814814814814814,0.9037433155080213,8,8,20,4,8,0,1,11,2,0,6,1,2H,6S,0.888602006235048,51,79,True,True,True,True,0
top_ten,svm,occupancy,full,6,unith,6,Nielsen,Nov_6_g0,1.0,1.0,0.9814814814814814,0.9037433155080213,8,8,20,4,8,0,2,0,3,0,1,0,3H,1H,0.9127752716479465,66,52,True,True,True,True,0
top_ten,svm,occupancy,full,6,unith,6,Nielsen,Nov_6_g0,1.0,1.0,0.9814814814814814,0.9037433155080213,8,8,20,4,8,0,2,1,3,0,2,0,3H,2H,0.8754607218389203,66,51,True,True,True,True,0
top_ten,svm,occupancy,full,6,unith,6,Nielsen,Nov_6_g0,1.0,1.0,0.9814814814814814,0.9037433155080213,8,8,20,4,8,0,2,2,3,0,3,0,3H,3H,0.887165156688539,66,66,True,True,True,True,0
top_ten,svm,occupancy,full,6,unith,6,Nielsen,Nov_6_g0,1.0,1.0,0.9814814814814814,0.9037433155080213,8,8,20,4,8,0,2,3,3,0,4,0,3H,4H,0.9313699179530441,66,16,True,True,True,True,0
top_ten,svm,occupancy,full,6,unith,6,Nielsen,Nov_6_g0,1.0,1.0,0.9814814814814814,0.9037433155080213,8,,20,4,8,0,2,4,3,0,5,0,3H,5H,,66,0,True,False,True,False,0
top_ten,svm,occupancy,full,6,unith,6,Nielsen,Nov_6_g0,1.0,1.0,0.9814814814814814,0.9037433155080213,8,,20,4,8,0,2,5,3,0,6,0,3H,6H,,66,0,True,False,True,False,0
top_ten,svm,occupancy,full,6,unith,6,Nielsen,Nov_6_g0,1.0,1.0,0.9814814814814814,0.9037433155080213,8,,20,4,8,0,2,6,3,0,1,1,3H,1S,,66,0,True,False,True,False,0
top_ten,svm,occupancy,full,6,unith,6,Nielsen,Nov_6_g0,1.0,1.0,0.9814814814814814,0.9037433155080213,8,2,20,4,8,0,2,7,3,0,2,1,3H,2S,0.5561603737746521,66,5,True,True,True,False,0
top_ten,svm,occupancy,full,6,unith,6,Nielsen,Nov_6_g0,1.0,1.0,0.9814814814814814,0.9037433155080213,8,,20,4,8,0,2,8,3,0,3,1,3H,3S,,66,0,True,False,True,False,0
top_ten,svm,occupancy,full,6,unith,6,Nielsen,Nov_6_g0,1.0,1.0,0.9814814814814814,0.9037433155080213,8,8,20,4,8,0,2,9,3,0,4,1,3H,4S,0.9209425610414866,66,36,True,True,True,True,0
top_ten,svm,occupancy,full,6,unith,6,Nielsen,Nov_6_g0,1.0,1.0,0.9814814814814814,0.9037433155080213,8,8,20,4,8,0,2,10,3,0,5,1,3H,5S,0.9209974676870001,66,62,True,True,True,True,0
top_ten,svm,occupancy,full,6,unith,6,Nielsen,Nov_6_g0,1.0,1.0,0.9814814814814814,0.9037433155080213,8,8,20,4,8,0,2,11,3,0,6,1,3H,6S,0.8731395517208498,66,79,True,True,True,True,0
top_ten,svm,occupancy,full,6,unith,6,Nielsen,Nov_6_g0,1.0,1.0,0.9814814814814814,0.9037433155080213,8,8,20,4,8,0,3,0,4,0,1,0,4H,1H,0.8977303703209805,16,52,True,True,True,True,0
top_ten,svm,occupancy,full,6,unith,6,Nielsen,Nov_6_g0,1.0,1.0,0.9814814814814814,0.9037433155080213,8,8,20,4,8,0,3,1,4,0,2,0,4H,2H,0.910236705826805,16,51,True,True,True,True,0
top_ten,svm,occupancy,full,6,unith,6,Nielsen,Nov_6_g0,1.0,1.0,0.9814814814814814,0.9037433155080213,8,8,20,4,8,0,3,2,4,0,3,0,4H,3H,0.9313699179530441,16,66,True,True,True,True,0
top_ten,svm,occupancy,full,6,unith,6,Nielsen,Nov_6_g0,1.0,1.0,0.9814814814814814,0.9037433155080213,8,8,20,4,8,0,3,3,4,0,4,0,4H,4H,0.9392586448602703,16,16,True,True,True,True,0
top_ten,svm,occupancy,full,6,unith,6,Nielsen,Nov_6_g0,1.0,1.0,0.9814814814814814,0.9037433155080213,8,,20,4,8,0,3,4,4,0,5,0,4H,5H,,16,0,True,False,True,False,0
top_ten,svm,occupancy,full,6,unith,6,Nielsen,Nov_6_g0,1.0,1.0,0.9814814814814814,0.9037433155080213,8,,20,4,8,0,3,5,4,0,6,0,4H,6H,,16,0,True,False,True,False,0
top_ten,svm,occupancy,full,6,unith,6,Nielsen,Nov_6_g0,1.0,1.0,0.9814814814814814,0.9037433155080213,8,,20,4,8,0,3,6,4,0,1,1,4H,1S,,16,0,True,False,True,False,0
top_ten,svm,occupancy,full,6,unith,6,Nielsen,Nov_6_g0,1.0,1.0,0.9814814814814814,0.9037433155080213,8,2,20,4,8,0,3,7,4,0,2,1,4H,2S,0.5948280177232765,16,5,True,True,True,False,0
top_ten,svm,occupancy,full,6,unith,6,Nielsen,Nov_6_g0,1.0,1.0,0.9814814814814814,0.9037433155080213,8,,20,4,8,0,3,8,4,0,3,1,4H,3S,,16,0,True,False,True,False,0
top_ten,svm,occupancy,full,6,unith,6,Nielsen,Nov_6_g0,1.0,1.0,0.9814814814814814,0.9037433155080213,8,8,20,4,8,0,3,9,4,0,4,1,4H,4S,0.9455591863095896,16,36,True,True,True,True,0
top_ten,svm,occupancy,full,6,unith,6,Nielsen,Nov_6_g0,1.0,1.0,0.9814814814814814,0.9037433155080213,8,8,20,4,8,0,3,10,4,0,5,1,4H,5S,0.945720883504816,16,62,True,True,True,True,0
top_ten,svm,occupancy,full,6,unith,6,Nielsen,Nov_6_g0,1.0,1.0,0.9814814814814814,0.9037433155080213,8,8,20,4,8,0,3,11,4,0,6,1,4H,6S,0.9373210692883518,16,79,True,True,True,True,0
top_ten,svm,occupancy,full,6,unith,6,Nielsen,Nov_6_g0,1.0,1.0,0.9814814814814814,0.9037433155080213,,8,20,4,8,0,4,0,5,0,1,0,5H,1H,,0,52,False,True,False,True,0
top_ten,svm,occupancy,full,6,unith,6,Nielsen,Nov_6_g0,1.0,1.0,0.9814814814814814,0.9037433155080213,,8,20,4,8,0,4,1,5,0,2,0,5H,2H,,0,51,False,True,False,True,0
top_ten,svm,occupancy,full,6,unith,6,Nielsen,Nov_6_g0,1.0,1.0,0.9814814814814814,0.9037433155080213,,8,20,4,8,0,4,2,5,0,3,0,5H,3H,,0,66,False,True,False,True,0
top_ten,svm,occupancy,full,6,unith,6,Nielsen,Nov_6_g0,1.0,1.0,0.9814814814814814,0.9037433155080213,,8,20,4,8,0,4,3,5,0,4,0,5H,4H,,0,16,False,True,False,True,0
top_ten,svm,occupancy,full,6,unith,6,Nielsen,Nov_6_g0,1.0,1.0,0.9814814814814814,0.9037433155080213,,,20,4,8,0,4,4,5,0,5,0,5H,5H,,0,0,False,False,False,False,0
top_ten,svm,occupancy,full,6,unith,6,Nielsen,Nov_6_g0,1.0,1.0,0.9814814814814814,0.9037433155080213,,,20,4,8,0,4,5,5,0,6,0,5H,6H,,0,0,False,False,False,False,0
top_ten,svm,occupancy,full,6,unith,6,Nielsen,Nov_6_g0,1.0,1.0,0.9814814814814814,0.9037433155080213,,,20,4,8,0,4,6,5,0,1,1,5H,1S,,0,0,False,False,False,False,0
top_ten,svm,occupancy,full,6,unith,6,Nielsen,Nov_6_g0,1.0,1.0,0.9814814814814814,0.9037433155080213,,2,20,4,8,0,4,7,5,0,2,1,5H,2S,,0,5,False,True,False,False,0
top_ten,svm,occupancy,full,6,unith,6,Nielsen,Nov_6_g0,1.0,1.0,0.9814814814814814,0.9037433155080213,,,20,4,8,0,4,8,5,0,3,1,5H,3S,,0,0,False,False,False,False,0
top_ten,svm,occupancy,full,6,unith,6,Nielsen,Nov_6_g0,1.0,1.0,0.9814814814814814,0.9037433155080213,,8,20,4,8,0,4,9,5,0,4,1,5H,4S,,0,36,False,True,False,True,0
top_ten,svm,occupancy,full,6,unith,6,Nielsen,Nov_6_g0,1.0,1.0,0.9814814814814814,0.9037433155080213,,8,20,4,8,0,4,10,5,0,5,1,5H,5S,,0,62,False,True,False,True,0
top_ten,svm,occupancy,full,6,unith,6,Nielsen,Nov_6_g0,1.0,1.0,0.9814814814814814,0.9037433155080213,,8,20,4,8,0,4,11,5,0,6,1,5H,6S,,0,79,False,True,False,True,0
top_ten,svm,occupancy,full,6,unith,6,Nielsen,Nov_6_g0,1.0,1.0,0.9814814814814814,0.9037433155080213,,8,20,4,8,0,5,0,6,0,1,0,6H,1H,,0,52,False,True,False,True,0
top_ten,svm,occupancy,full,6,unith,6,Nielsen,Nov_6_g0,1.0,1.0,0.9814814814814814,0.9037433155080213,,8,20,4,8,0,5,1,6,0,2,0,6H,2H,,0,51,False,True,False,True,0
top_ten,svm,occupancy,full,6,unith,6,Nielsen,Nov_6_g0,1.0,1.0,0.9814814814814814,0.9037433155080213,,8,20,4,8,0,5,2,6,0,3,0,6H,3H,,0,66,False,True,False,True,0
top_ten,svm,occupancy,full,6,unith,6,Nielsen,Nov_6_g0,1.0,1.0,0.9814814814814814,0.9037433155080213,,8,20,4,8,0,5,3,6,0,4,0,6H,4H,,0,16,False,True,False,True,0
top_ten,svm,occupancy,full,6,unith,6,Nielsen,Nov_6_g0,1.0,1.0,0.9814814814814814,0.9037433155080213,,,20,4,8,0,5,4,6,0,5,0,6H,5H,,0,0,False,False,False,False,0
top_ten,svm,occupancy,full,6,unith,6,Nielsen,Nov_6_g0,1.0,1.0,0.9814814814814814,0.9037433155080213,,,20,4,8,0,5,5,6,0,6,0,6H,6H,,0,0,False,False,False,False,0
top_ten,svm,occupancy,full,6,unith,6,Nielsen,Nov_6_g0,1.0,1.0,0.9814814814814814,0.9037433155080213,,,20,4,8,0,5,6,6,0,1,1,6H,1S,,0,0,False,False,False,False,0
top_ten,svm,occupancy,full,6,unith,6,Nielsen,Nov_6_g0,1.0,1.0,0.9814814814814814,0.9037433155080213,,2,20,4,8,0,5,7,6,0,2,1,6H,2S,,0,5,False,True,False,False,0
top_ten,svm,occupancy,full,6,unith,6,Nielsen,Nov_6_g0,1.0,1.0,0.9814814814814814,0.9037433155080213,,,20,4,8,0,5,8,6,0,3,1,6H,3S,,0,0,False,False,False,False,0
top_ten,svm,occupancy,full,6,unith,6,Nielsen,Nov_6_g0,1.0,1.0,0.9814814814814814,0.9037433155080213,,8,20,4,8,0,5,9,6,0,4,1,6H,4S,,0,36,False,True,False,True,0
top_ten,svm,occupancy,full,6,unith,6,Nielsen,Nov_6_g0,1.0,1.0,0.9814814814814814,0.9037433155080213,,8,20,4,8,0,5,10,6,0,5,1,6H,5S,,0,62,False,True,False,True,0
top_ten,svm,occupancy,full,6,unith,6,Nielsen,Nov_6_g0,1.0,1.0,0.9814814814814814,0.9037433155080213,,8,20,4,8,0,5,11,6,0,6,1,6H,6S,,0,79,False,True,False,True,0
top_ten,svm,occupancy,full,6,unith,6,Nielsen,Nov_6_g0,1.0,1.0,0.9814814814814814,0.9037433155080213,,8,20,4,8,0,6,0,1,1,1,0,1S,1H,,0,52,False,True,False,True,0
top_ten,svm,occupancy,full,6,unith,6,Nielsen,Nov_6_g0,1.0,1.0,0.9814814814814814,0.9037433155080213,,8,20,4,8,0,6,1,1,1,2,0,1S,2H,,0,51,False,True,False,True,0
top_ten,svm,occupancy,full,6,unith,6,Nielsen,Nov_6_g0,1.0,1.0,0.9814814814814814,0.9037433155080213,,8,20,4,8,0,6,2,1,1,3,0,1S,3H,,0,66,False,True,False,True,0
top_ten,svm,occupancy,full,6,unith,6,Nielsen,Nov_6_g0,1.0,1.0,0.9814814814814814,0.9037433155080213,,8,20,4,8,0,6,3,1,1,4,0,1S,4H,,0,16,False,True,False,True,0
top_ten,svm,occupancy,full,6,unith,6,Nielsen,Nov_6_g0,1.0,1.0,0.9814814814814814,0.9037433155080213,,,20,4,8,0,6,4,1,1,5,0,1S,5H,,0,0,False,False,False,False,0
top_ten,svm,occupancy,full,6,unith,6,Nielsen,Nov_6_g0,1.0,1.0,0.9814814814814814,0.9037433155080213,,,20,4,8,0,6,5,1,1,6,0,1S,6H,,0,0,False,False,False,False,0
top_ten,svm,occupancy,full,6,unith,6,Nielsen,Nov_6_g0,1.0,1.0,0.9814814814814814,0.9037433155080213,,,20,4,8,0,6,6,1,1,1,1,1S,1S,,0,0,False,False,False,False,0
top_ten,svm,occupancy,full,6,unith,6,Nielsen,Nov_6_g0,1.0,1.0,0.9814814814814814,0.9037433155080213,,2,20,4,8,0,6,7,1,1,2,1,1S,2S,,0,5,False,True,False,False,0
top_ten,svm,occupancy,full,6,unith,6,Nielsen,Nov_6_g0,1.0,1.0,0.9814814814814814,0.9037433155080213,,,20,4,8,0,6,8,1,1,3,1,1S,3S,,0,0,False,False,False,False,0
top_ten,svm,occupancy,full,6,unith,6,Nielsen,Nov_6_g0,1.0,1.0,0.9814814814814814,0.9037433155080213,,8,20,4,8,0,6,9,1,1,4,1,1S,4S,,0,36,False,True,False,True,0
top_ten,svm,occupancy,full,6,unith,6,Nielsen,Nov_6_g0,1.0,1.0,0.9814814814814814,0.9037433155080213,,8,20,4,8,0,6,10,1,1,5,1,1S,5S,,0,62,False,True,False,True,0
top_ten,svm,occupancy,full,6,unith,6,Nielsen,Nov_6_g0,1.0,1.0,0.9814814814814814,0.9037433155080213,,8,20,4,8,0,6,11,1,1,6,1,1S,6S,,0,79,False,True,False,True,0
top_ten,svm,occupancy,full,6,unith,6,Nielsen,Nov_6_g0,1.0,1.0,0.9814814814814814,0.9037433155080213,2,8,20,4,8,0,7,0,2,1,1,0,2S,1H,0.5666787691179991,5,52,True,True,False,True,0
top_ten,svm,occupancy,full,6,unith,6,Nielsen,Nov_6_g0,1.0,1.0,0.9814814814814814,0.9037433155080213,2,8,20,4,8,0,7,1,2,1,2,0,2S,2H,0.6700170707739356,5,51,True,True,False,True,0
top_ten,svm,occupancy,full,6,unith,6,Nielsen,Nov_6_g0,1.0,1.0,0.9814814814814814,0.9037433155080213,2,8,20,4,8,0,7,2,2,1,3,0,2S,3H,0.5561603737746521,5,66,True,True,False,True,0
top_ten,svm,occupancy,full,6,unith,6,Nielsen,Nov_6_g0,1.0,1.0,0.9814814814814814,0.9037433155080213,2,8,20,4,8,0,7,3,2,1,4,0,2S,4H,0.5948280177232765,5,16,True,True,False,True,0
top_ten,svm,occupancy,full,6,unith,6,Nielsen,Nov_6_g0,1.0,1.0,0.9814814814814814,0.9037433155080213,2,,20,4,8,0,7,4,2,1,5,0,2S,5H,,5,0,True,False,False,False,0
top_ten,svm,occupancy,full,6,unith,6,Nielsen,Nov_6_g0,1.0,1.0,0.9814814814814814,0.9037433155080213,2,,20,4,8,0,7,5,2,1,6,0,2S,6H,,5,0,True,False,False,False,0
top_ten,svm,occupancy,full,6,unith,6,Nielsen,Nov_6_g0,1.0,1.0,0.9814814814814814,0.9037433155080213,2,,20,4,8,0,7,6,2,1,1,1,2S,1S,,5,0,True,False,False,False,0
top_ten,svm,occupancy,full,6,unith,6,Nielsen,Nov_6_g0,1.0,1.0,0.9814814814814814,0.9037433155080213,2,2,20,4,8,0,7,7,2,1,2,1,2S,2S,0.4845097592479076,5,5,True,True,False,False,0
top_ten,svm,occupancy,full,6,unith,6,Nielsen,Nov_6_g0,1.0,1.0,0.9814814814814814,0.9037433155080213,2,,20,4,8,0,7,8,2,1,3,1,2S,3S,,5,0,True,False,False,False,0
top_ten,svm,occupancy,full,6,unith,6,Nielsen,Nov_6_g0,1.0,1.0,0.9814814814814814,0.9037433155080213,2,8,20,4,8,0,7,9,2,1,4,1,2S,4S,0.5856469230825976,5,36,True,True,False,True,0
top_ten,svm,occupancy,full,6,unith,6,Nielsen,Nov_6_g0,1.0,1.0,0.9814814814814814,0.9037433155080213,2,8,20,4,8,0,7,10,2,1,5,1,2S,5S,0.5475306931928229,5,62,True,True,False,True,0
top_ten,svm,occupancy,full,6,unith,6,Nielsen,Nov_6_g0,1.0,1.0,0.9814814814814814,0.9037433155080213,2,8,20,4,8,0,7,11,2,1,6,1,2S,6S,0.6605790232906068,5,79,True,True,False,True,0
top_ten,svm,occupancy,full,6,unith,6,Nielsen,Nov_6_g0,1.0,1.0,0.9814814814814814,0.9037433155080213,,8,20,4,8,0,8,0,3,1,1,0,3S,1H,,0,52,False,True,False,True,0
top_ten,svm,occupancy,full,6,unith,6,Nielsen,Nov_6_g0,1.0,1.0,0.9814814814814814,0.9037433155080213,,8,20,4,8,0,8,1,3,1,2,0,3S,2H,,0,51,False,True,False,True,0
top_ten,svm,occupancy,full,6,unith,6,Nielsen,Nov_6_g0,1.0,1.0,0.9814814814814814,0.9037433155080213,,8,20,4,8,0,8,2,3,1,3,0,3S,3H,,0,66,False,True,False,True,0
top_ten,svm,occupancy,full,6,unith,6,Nielsen,Nov_6_g0,1.0,1.0,0.9814814814814814,0.9037433155080213,,8,20,4,8,0,8,3,3,1,4,0,3S,4H,,0,16,False,True,False,True,0
top_ten,svm,occupancy,full,6,unith,6,Nielsen,Nov_6_g0,1.0,1.0,0.9814814814814814,0.9037433155080213,,,20,4,8,0,8,4,3,1,5,0,3S,5H,,0,0,False,False,False,False,0
top_ten,svm,occupancy,full,6,unith,6,Nielsen,Nov_6_g0,1.0,1.0,0.9814814814814814,0.9037433155080213,,,20,4,8,0,8,5,3,1,6,0,3S,6H,,0,0,False,False,False,False,0
top_ten,svm,occupancy,full,6,unith,6,Nielsen,Nov_6_g0,1.0,1.0,0.9814814814814814,0.9037433155080213,,,20,4,8,0,8,6,3,1,1,1,3S,1S,,0,0,False,False,False,False,0
top_ten,svm,occupancy,full,6,unith,6,Nielsen,Nov_6_g0,1.0,1.0,0.9814814814814814,0.9037433155080213,,2,20,4,8,0,8,7,3,1,2,1,3S,2S,,0,5,False,True,False,False,0
top_ten,svm,occupancy,full,6,unith,6,Nielsen,Nov_6_g0,1.0,1.0,0.9814814814814814,0.9037433155080213,,,20,4,8,0,8,8,3,1,3,1,3S,3S,,0,0,False,False,False,False,0
top_ten,svm,occupancy,full,6,unith,6,Nielsen,Nov_6_g0,1.0,1.0,0.9814814814814814,0.9037433155080213,,8,20,4,8,0,8,9,3,1,4,1,3S,4S,,0,36,False,True,False,True,0
top_ten,svm,occupancy,full,6,unith,6,Nielsen,Nov_6_g0,1.0,1.0,0.9814814814814814,0.9037433155080213,,8,20,4,8,0,8,10,3,1,5,1,3S,5S,,0,62,False,True,False,True,0
top_ten,svm,occupancy,full,6,unith,6,Nielsen,Nov_6_g0,1.0,1.0,0.9814814814814814,0.9037433155080213,,8,20,4,8,0,8,11,3,1,6,1,3S,6S,,0,79,False,True,False,True,0
top_ten,svm,occupancy,full,6,unith,6,Nielsen,Nov_6_g0,1.0,1.0,0.9814814814814814,0.9037433155080213,8,8,20,4,8,0,9,0,4,1,1,0,4S,1H,0.9076108485922557,36,52,True,True,True,True,0
top_ten,svm,occupancy,full,6,unith,6,Nielsen,Nov_6_g0,1.0,1.0,0.9814814814814814,0.9037433155080213,8,8,20,4,8,0,9,1,4,1,2,0,4S,2H,0.8918509115991888,36,51,True,True,True,True,0
top_ten,svm,occupancy,full,6,unith,6,Nielsen,Nov_6_g0,1.0,1.0,0.9814814814814814,0.9037433155080213,8,8,20,4,8,0,9,2,4,1,3,0,4S,3H,0.9209425610414866,36,66,True,True,True,True,0
top_ten,svm,occupancy,full,6,unith,6,Nielsen,Nov_6_g0,1.0,1.0,0.9814814814814814,0.9037433155080213,8,8,20,4,8,0,9,3,4,1,4,0,4S,4H,0.9455591863095896,36,16,True,True,True,True,0
top_ten,svm,occupancy,full,6,unith,6,Nielsen,Nov_6_g0,1.0,1.0,0.9814814814814814,0.9037433155080213,8,,20,4,8,0,9,4,4,1,5,0,4S,5H,,36,0,True,False,True,False,0
top_ten,svm,occupancy,full,6,unith,6,Nielsen,Nov_6_g0,1.0,1.0,0.9814814814814814,0.9037433155080213,8,,20,4,8,0,9,5,4,1,6,0,4S,6H,,36,0,True,False,True,False,0
top_ten,svm,occupancy,full,6,unith,6,Nielsen,Nov_6_g0,1.0,1.0,0.9814814814814814,0.9037433155080213,8,,20,4,8,0,9,6,4,1,1,1,4S,1S,,36,0,True,False,True,False,0
top_ten,svm,occupancy,full,6,unith,6,Nielsen,Nov_6_g0,1.0,1.0,0.9814814814814814,0.9037433155080213,8,2,20,4,8,0,9,7,4,1,2,1,4S,2S,0.5856469230825976,36,5,True,True,True,False,0
top_ten,svm,occupancy,full,6,unith,6,Nielsen,Nov_6_g0,1.0,1.0,0.9814814814814814,0.9037433155080213,8,,20,4,8,0,9,8,4,1,3,1,4S,3S,,36,0,True,False,True,False,0
top_ten,svm,occupancy,full,6,unith,6,Nielsen,Nov_6_g0,1.0,1.0,0.9814814814814814,0.9037433155080213,8,8,20,4,8,0,9,9,4,1,4,1,4S,4S,0.9482058800807058,36,36,True,True,True,True,0
top_ten,svm,occupancy,full,6,unith,6,Nielsen,Nov_6_g0,1.0,1.0,0.9814814814814814,0.9037433155080213,8,8,20,4,8,0,9,10,4,1,5,1,4S,5S,0.9553675953099441,36,62,True,True,True,True,0
top_ten,svm,occupancy,full,6,unith,6,Nielsen,Nov_6_g0,1.0,1.0,0.9814814814814814,0.9037433155080213,8,8,20,4,8,0,9,11,4,1,6,1,4S,6S,0.9116866426180698,36,79,True,True,True,True,0
top_ten,svm,occupancy,full,6,unith,6,Nielsen,Nov_6_g0,1.0,1.0,0.9814814814814814,0.9037433155080213,8,8,20,4,8,0,10,0,5,1,1,0,5S,1H,0.8955925250354235,62,52,True,True,True,True,0
top_ten,svm,occupancy,full,6,unith,6,Nielsen,Nov_6_g0,1.0,1.0,0.9814814814814814,0.9037433155080213,8,8,20,4,8,0,10,1,5,1,2,0,5S,2H,0.8800210741626531,62,51,True,True,True,True,0
top_ten,svm,occupancy,full,6,unith,6,Nielsen,Nov_6_g0,1.0,1.0,0.9814814814814814,0.9037433155080213,8,8,20,4,8,0,10,2,5,1,3,0,5S,3H,0.9209974676870001,62,66,True,True,True,True,0
top_ten,svm,occupancy,full,6,unith,6,Nielsen,Nov_6_g0,1.0,1.0,0.9814814814814814,0.9037433155080213,8,8,20,4,8,0,10,3,5,1,4,0,5S,4H,0.945720883504816,62,16,True,True,True,True,0
top_ten,svm,occupancy,full,6,unith,6,Nielsen,Nov_6_g0,1.0,1.0,0.9814814814814814,0.9037433155080213,8,,20,4,8,0,10,4,5,1,5,0,5S,5H,,62,0,True,False,True,False,0
top_ten,svm,occupancy,full,6,unith,6,Nielsen,Nov_6_g0,1.0,1.0,0.9814814814814814,0.9037433155080213,8,,20,4,8,0,10,5,5,1,6,0,5S,6H,,62,0,True,False,True,False,0
top_ten,svm,occupancy,full,6,unith,6,Nielsen,Nov_6_g0,1.0,1.0,0.9814814814814814,0.9037433155080213,8,,20,4,8,0,10,6,5,1,1,1,5S,1S,,62,0,True,False,True,False,0
top_ten,svm,occupancy,full,6,unith,6,Nielsen,Nov_6_g0,1.0,1.0,0.9814814814814814,0.9037433155080213,8,2,20,4,8,0,10,7,5,1,2,1,5S,2S,0.5475306931928229,62,5,True,True,True,False,0
top_ten,svm,occupancy,full,6,unith,6,Nielsen,Nov_6_g0,1.0,1.0,0.9814814814814814,0.9037433155080213,8,,20,4,8,0,10,8,5,1,3,1,5S,3S,,62,0,True,False,True,False,0
top_ten,svm,occupancy,full,6,unith,6,Nielsen,Nov_6_g0,1.0,1.0,0.9814814814814814,0.9037433155080213,8,8,20,4,8,0,10,9,5,1,4,1,5S,4S,0.9553675953099441,62,36,True,True,True,True,0
top_ten,svm,occupancy,full,6,unith,6,Nielsen,Nov_6_g0,1.0,1.0,0.9814814814814814,0.9037433155080213,8,8,20,4,8,0,10,10,5,1,5,1,5S,5S,0.9515702336901379,62,62,True,True,True,True,0
top_ten,svm,occupancy,full,6,unith,6,Nielsen,Nov_6_g0,1.0,1.0,0.9814814814814814,0.9037433155080213,8,8,20,4,8,0,10,11,5,1,6,1,5S,6S,0.9170239128082956,62,79,True,True,True,True,0
top_ten,svm,occupancy,full,6,unith,6,Nielsen,Nov_6_g0,1.0,1.0,0.9814814814814814,0.9037433155080213,8,8,20,4,8,0,11,0,6,1,1,0,6S,1H,0.8408297550205759,79,52,True,True,True,True,0
top_ten,svm,occupancy,full,6,unith,6,Nielsen,Nov_6_g0,1.0,1.0,0.9814814814814814,0.9037433155080213,8,8,20,4,8,0,11,1,6,1,2,0,6S,2H,0.888602006235048,79,51,True,True,True,True,0
top_ten,svm,occupancy,full,6,unith,6,Nielsen,Nov_6_g0,1.0,1.0,0.9814814814814814,0.9037433155080213,8,8,20,4,8,0,11,2,6,1,3,0,6S,3H,0.8731395517208498,79,66,True,True,True,True,0
top_ten,svm,occupancy,full,6,unith,6,Nielsen,Nov_6_g0,1.0,1.0,0.9814814814814814,0.9037433155080213,8,8,20,4,8,0,11,3,6,1,4,0,6S,4H,0.9373210692883518,79,16,True,True,True,True,0
top_ten,svm,occupancy,full,6,unith,6,Nielsen,Nov_6_g0,1.0,1.0,0.9814814814814814,0.9037433155080213,8,,20,4,8,0,11,4,6,1,5,0,6S,5H,,79,0,True,False,True,False,0
top_ten,svm,occupancy,full,6,unith,6,Nielsen,Nov_6_g0,1.0,1.0,0.9814814814814814,0.9037433155080213,8,,20,4,8,0,11,5,6,1,6,0,6S,6H,,79,0,True,False,True,False,0
top_ten,svm,occupancy,full,6,unith,6,Nielsen,Nov_6_g0,1.0,1.0,0.9814814814814814,0.9037433155080213,8,,20,4,8,0,11,6,6,1,1,1,6S,1S,,79,0,True,False,True,False,0
top_ten,svm,occupancy,full,6,unith,6,Nielsen,Nov_6_g0,1.0,1.0,0.9814814814814814,0.9037433155080213,8,2,20,4,8,0,11,7,6,1,2,1,6S,2S,0.6605790232906068,79,5,True,True,True,False,0
top_ten,svm,occupancy,full,6,unith,6,Nielsen,Nov_6_g0,1.0,1.0,0.9814814814814814,0.9037433155080213,8,,20,4,8,0,11,8,6,1,3,1,6S,3S,,79,0,True,False,True,False,0
top_ten,svm,occupancy,full,6,unith,6,Nielsen,Nov_6_g0,1.0,1.0,0.9814814814814814,0.9037433155080213,8,8,20,4,8,0,11,9,6,1,4,1,6S,4S,0.9116866426180698,79,36,True,True,True,True,0
top_ten,svm,occupancy,full,6,unith,6,Nielsen,Nov_6_g0,1.0,1.0,0.9814814814814814,0.9037433155080213,8,8,20,4,8,0,11,10,6,1,5,1,6S,5S,0.9170239128082956,79,62,True,True,True,True,0
top_ten,svm,occupancy,full,6,unith,6,Nielsen,Nov_6_g0,1.0,1.0,0.9814814814814814,0.9037433155080213,8,8,20,4,8,0,11,11,6,1,6,1,6S,6S,0.9581274726432183,79,79,True,True,True,True,0
top_ten,svm,occupancy,full,6,unith,6,Nielsen,Nov_7_g0,0.973597359735974,0.9867986798679867,0.9692754989784693,0.5299145299145299,8,8,20,4,8,0,0,0,1,0,1,0,1H,1H,0.7889635320410646,61,61,True,True,True,True,0
top_ten,svm,occupancy,full,6,unith,6,Nielsen,Nov_7_g0,0.973597359735974,0.9867986798679867,0.9692754989784693,0.5299145299145299,8,8,20,4,8,0,0,1,1,0,2,0,1H,2H,0.8518728979562971,61,54,True,True,True,True,0
top_ten,svm,occupancy,full,6,unith,6,Nielsen,Nov_7_g0,0.973597359735974,0.9867986798679867,0.9692754989784693,0.5299145299145299,8,8,20,4,8,0,0,2,1,0,3,0,1H,3H,0.8201493182377128,61,60,True,True,True,True,0
top_ten,svm,occupancy,full,6,unith,6,Nielsen,Nov_7_g0,0.973597359735974,0.9867986798679867,0.9692754989784693,0.5299145299145299,8,8,20,4,8,0,0,3,1,0,4,0,1H,4H,0.8337634907945137,61,19,True,True,True,True,0
top_ten,svm,occupancy,full,6,unith,6,Nielsen,Nov_7_g0,0.973597359735974,0.9867986798679867,0.9692754989784693,0.5299145299145299,8,2,20,4,8,0,0,4,1,0,5,0,1H,5H,0.6947929142409961,61,4,True,True,True,False,0
top_ten,svm,occupancy,full,6,unith,6,Nielsen,Nov_7_g0,0.973597359735974,0.9867986798679867,0.9692754989784693,0.5299145299145299,8,,20,4,8,0,0,5,1,0,6,0,1H,6H,,61,0,True,False,True,False,0
top_ten,svm,occupancy,full,6,unith,6,Nielsen,Nov_7_g0,0.973597359735974,0.9867986798679867,0.9692754989784693,0.5299145299145299,8,,20,4,8,0,0,6,1,0,1,1,1H,1S,,61,0,True,False,True,False,0
top_ten,svm,occupancy,full,6,unith,6,Nielsen,Nov_7_g0,0.973597359735974,0.9867986798679867,0.9692754989784693,0.5299145299145299,8,8,20,4,8,0,0,7,1,0,2,1,1H,2S,0.8354940002003014,61,20,True,True,True,True,0
top_ten,svm,occupancy,full,6,unith,6,Nielsen,Nov_7_g0,0.973597359735974,0.9867986798679867,0.9692754989784693,0.5299145299145299,8,8,20,4,8,0,0,8,1,0,3,1,1H,3S,0.8695883682054651,61,16,True,True,True,True,0
top_ten,svm,occupancy,full,6,unith,6,Nielsen,Nov_7_g0,0.973597359735974,0.9867986798679867,0.9692754989784693,0.5299145299145299,8,8,20,4,8,0,0,9,1,0,4,1,1H,4S,0.7969976777282737,61,49,True,True,True,True,0
top_ten,svm,occupancy,full,6,unith,6,Nielsen,Nov_7_g0,0.973597359735974,0.9867986798679867,0.9692754989784693,0.5299145299145299,8,8,20,4,8,0,0,10,1,0,5,1,1H,5S,0.7609033385545402,61,80,True,True,True,True,0
top_ten,svm,occupancy,full,6,unith,6,Nielsen,Nov_7_g0,0.973597359735974,0.9867986798679867,0.9692754989784693,0.5299145299145299,8,8,20,4,8,0,0,11,1,0,6,1,1H,6S,0.8030568012132984,61,98,True,True,True,True,0
top_ten,svm,occupancy,full,6,unith,6,Nielsen,Nov_7_g0,0.973597359735974,0.9867986798679867,0.9692754989784693,0.5299145299145299,8,8,20,4,8,0,1,0,2,0,1,0,2H,1H,0.8518728979562971,54,61,True,True,True,True,0
top_ten,svm,occupancy,full,6,unith,6,Nielsen,Nov_7_g0,0.973597359735974,0.9867986798679867,0.9692754989784693,0.5299145299145299,8,8,20,4,8,0,1,1,2,0,2,0,2H,2H,0.9113334351159746,54,54,True,True,True,True,0
top_ten,svm,occupancy,full,6,unith,6,Nielsen,Nov_7_g0,0.973597359735974,0.9867986798679867,0.9692754989784693,0.5299145299145299,8,8,20,4,8,0,1,2,2,0,3,0,2H,3H,0.881294656514544,54,60,True,True,True,True,0
top_ten,svm,occupancy,full,6,unith,6,Nielsen,Nov_7_g0,0.973597359735974,0.9867986798679867,0.9692754989784693,0.5299145299145299,8,8,20,4,8,0,1,3,2,0,4,0,2H,4H,0.900564175063035,54,19,True,True,True,True,0
top_ten,svm,occupancy,full,6,unith,6,Nielsen,Nov_7_g0,0.973597359735974,0.9867986798679867,0.9692754989784693,0.5299145299145299,8,2,20,4,8,0,1,4,2,0,5,0,2H,5H,0.8244494193184997,54,4,True,True,True,False,0
top_ten,svm,occupancy,full,6,unith,6,Nielsen,Nov_7_g0,0.973597359735974,0.9867986798679867,0.9692754989784693,0.5299145299145299,8,,20,4,8,0,1,5,2,0,6,0,2H,6H,,54,0,True,False,True,False,0
top_ten,svm,occupancy,full,6,unith,6,Nielsen,Nov_7_g0,0.973597359735974,0.9867986798679867,0.9692754989784693,0.5299145299145299,8,,20,4,8,0,1,6,2,0,1,1,2H,1S,,54,0,True,False,True,False,0
top_ten,svm,occupancy,full,6,unith,6,Nielsen,Nov_7_g0,0.973597359735974,0.9867986798679867,0.9692754989784693,0.5299145299145299,8,8,20,4,8,0,1,7,2,0,2,1,2H,2S,0.8826538214801852,54,20,True,True,True,True,0
top_ten,svm,occupancy,full,6,unith,6,Nielsen,Nov_7_g0,0.973597359735974,0.9867986798679867,0.9692754989784693,0.5299145299145299,8,8,20,4,8,0,1,8,2,0,3,1,2H,3S,0.8815326644445014,54,16,True,True,True,True,0
top_ten,svm,occupancy,full,6,unith,6,Nielsen,Nov_7_g0,0.973597359735974,0.9867986798679867,0.9692754989784693,0.5299145299145299,8,8,20,4,8,0,1,9,2,0,4,1,2H,4S,0.8751996999809988,54,49,True,True,True,True,0
top_ten,svm,occupancy,full,6,unith,6,Nielsen,Nov_7_g0,0.973597359735974,0.9867986798679867,0.9692754989784693,0.5299145299145299,8,8,20,4,8,0,1,10,2,0,5,1,2H,5S,0.872024620167891,54,80,True,True,True,True,0
top_ten,svm,occupancy,full,6,unith,6,Nielsen,Nov_7_g0,0.973597359735974,0.9867986798679867,0.9692754989784693,0.5299145299145299,8,8,20,4,8,0,1,11,2,0,6,1,2H,6S,0.8785152038788713,54,98,True,True,True,True,0
top_ten,svm,occupancy,full,6,unith,6,Nielsen,Nov_7_g0,0.973597359735974,0.9867986798679867,0.9692754989784693,0.5299145299145299,8,8,20,4,8,0,2,0,3,0,1,0,3H,1H,0.8201493182377128,60,61,True,True,True,True,0
top_ten,svm,occupancy,full,6,unith,6,Nielsen,Nov_7_g0,0.973597359735974,0.9867986798679867,0.9692754989784693,0.5299145299145299,8,8,20,4,8,0,2,1,3,0,2,0,3H,2H,0.881294656514544,60,54,True,True,True,True,0
top_ten,svm,occupancy,full,6,unith,6,Nielsen,Nov_7_g0,0.973597359735974,0.9867986798679867,0.9692754989784693,0.5299145299145299,8,8,20,4,8,0,2,2,3,0,3,0,3H,3H,0.8591867517768884,60,60,True,True,True,True,0
top_ten,svm,occupancy,full,6,unith,6,Nielsen,Nov_7_g0,0.973597359735974,0.9867986798679867,0.9692754989784693,0.5299145299145299,8,8,20,4,8,0,2,3,3,0,4,0,3H,4H,0.8978825769799604,60,19,True,True,True,True,0
top_ten,svm,occupancy,full,6,unith,6,Nielsen,Nov_7_g0,0.973597359735974,0.9867986798679867,0.9692754989784693,0.5299145299145299,8,2,20,4,8,0,2,4,3,0,5,0,3H,5H,0.8191275320485308,60,4,True,True,True,False,0
top_ten,svm,occupancy,full,6,unith,6,Nielsen,Nov_7_g0,0.973597359735974,0.9867986798679867,0.9692754989784693,0.5299145299145299,8,,20,4,8,0,2,5,3,0,6,0,3H,6H,,60,0,True,False,True,False,0
top_ten,svm,occupancy,full,6,unith,6,Nielsen,Nov_7_g0,0.973597359735974,0.9867986798679867,0.9692754989784693,0.5299145299145299,8,,20,4,8,0,2,6,3,0,1,1,3H,1S,,60,0,True,False,True,False,0
top_ten,svm,occupancy,full,6,unith,6,Nielsen,Nov_7_g0,0.973597359735974,0.9867986798679867,0.9692754989784693,0.5299145299145299,8,8,20,4,8,0,2,7,3,0,2,1,3H,2S,0.8880243591650478,60,20,True,True,True,True,0
top_ten,svm,occupancy,full,6,unith,6,Nielsen,Nov_7_g0,0.973597359735974,0.9867986798679867,0.9692754989784693,0.5299145299145299,8,8,20,4,8,0,2,8,3,0,3,1,3H,3S,0.8801262777348728,60,16,True,True,True,True,0
top_ten,svm,occupancy,full,6,unith,6,Nielsen,Nov_7_g0,0.973597359735974,0.9867986798679867,0.9692754989784693,0.5299145299145299,8,8,20,4,8,0,2,9,3,0,4,1,3H,4S,0.8770284804855744,60,49,True,True,True,True,0
top_ten,svm,occupancy,full,6,unith,6,Nielsen,Nov_7_g0,0.973597359735974,0.9867986798679867,0.9692754989784693,0.5299145299145299,8,8,20,4,8,0,2,10,3,0,5,1,3H,5S,0.8568963187371011,60,80,True,True,True,True,0
top_ten,svm,occupancy,full,6,unith,6,Nielsen,Nov_7_g0,0.973597359735974,0.9867986798679867,0.9692754989784693,0.5299145299145299,8,8,20,4,8,0,2,11,3,0,6,1,3H,6S,0.8660658132006425,60,98,True,True,True,True,0
top_ten,svm,occupancy,full,6,unith,6,Nielsen,Nov_7_g0,0.973597359735974,0.9867986798679867,0.9692754989784693,0.5299145299145299,8,8,20,4,8,0,3,0,4,0,1,0,4H,1H,0.8337634907945137,19,61,True,True,True,True,0
top_ten,svm,occupancy,full,6,unith,6,Nielsen,Nov_7_g0,0.973597359735974,0.9867986798679867,0.9692754989784693,0.5299145299145299,8,8,20,4,8,0,3,1,4,0,2,0,4H,2H,0.900564175063035,19,54,True,True,True,True,0
top_ten,svm,occupancy,full,6,unith,6,Nielsen,Nov_7_g0,0.973597359735974,0.9867986798679867,0.9692754989784693,0.5299145299145299,8,8,20,4,8,0,3,2,4,0,3,0,4H,3H,0.8978825769799604,19,60,True,True,True,True,0
top_ten,svm,occupancy,full,6,unith,6,Nielsen,Nov_7_g0,0.973597359735974,0.9867986798679867,0.9692754989784693,0.5299145299145299,8,8,20,4,8,0,3,3,4,0,4,0,4H,4H,0.9449580341248212,19,19,True,True,True,True,0
top_ten,svm,occupancy,full,6,unith,6,Nielsen,Nov_7_g0,0.973597359735974,0.9867986798679867,0.9692754989784693,0.5299145299145299,8,2,20,4,8,0,3,4,4,0,5,0,4H,5H,0.8419213347966551,19,4,True,True,True,False,0
top_ten,svm,occupancy,full,6,unith,6,Nielsen,Nov_7_g0,0.973597359735974,0.9867986798679867,0.9692754989784693,0.5299145299145299,8,,20,4,8,0,3,5,4,0,6,0,4H,6H,,19,0,True,False,True,False,0
top_ten,svm,occupancy,full,6,unith,6,Nielsen,Nov_7_g0,0.973597359735974,0.9867986798679867,0.9692754989784693,0.5299145299145299,8,,20,4,8,0,3,6,4,0,1,1,4H,1S,,19,0,True,False,True,False,0
top_ten,svm,occupancy,full,6,unith,6,Nielsen,Nov_7_g0,0.973597359735974,0.9867986798679867,0.9692754989784693,0.5299145299145299,8,8,20,4,8,0,3,7,4,0,2,1,4H,2S,0.8912914807404763,19,20,True,True,True,True,0
top_ten,svm,occupancy,full,6,unith,6,Nielsen,Nov_7_g0,0.973597359735974,0.9867986798679867,0.9692754989784693,0.5299145299145299,8,8,20,4,8,0,3,8,4,0,3,1,4H,3S,0.856421273431159,19,16,True,True,True,True,0
top_ten,svm,occupancy,full,6,unith,6,Nielsen,Nov_7_g0,0.973597359735974,0.9867986798679867,0.9692754989784693,0.5299145299145299,8,8,20,4,8,0,3,9,4,0,4,1,4H,4S,0.9283247425166014,19,49,True,True,True,True,0
top_ten,svm,occupancy,full,6,unith,6,Nielsen,Nov_7_g0,0.973597359735974,0.9867986798679867,0.9692754989784693,0.5299145299145299,8,8,20,4,8,0,3,10,4,0,5,1,4H,5S,0.9265926375508272,19,80,True,True,True,True,0
top_ten,svm,occupancy,full,6,unith,6,Nielsen,Nov_7_g0,0.973597359735974,0.9867986798679867,0.9692754989784693,0.5299145299145299,8,8,20,4,8,0,3,11,4,0,6,1,4H,6S,0.9598906181665854,19,98,True,True,True,True,0
top_ten,svm,occupancy,full,6,unith,6,Nielsen,Nov_7_g0,0.973597359735974,0.9867986798679867,0.9692754989784693,0.5299145299145299,2,8,20,4,8,0,4,0,5,0,1,0,5H,1H,0.6947929142409961,4,61,True,True,False,True,0
top_ten,svm,occupancy,full,6,unith,6,Nielsen,Nov_7_g0,0.973597359735974,0.9867986798679867,0.9692754989784693,0.5299145299145299,2,8,20,4,8,0,4,1,5,0,2,0,5H,2H,0.8244494193184997,4,54,True,True,False,True,0
top_ten,svm,occupancy,full,6,unith,6,Nielsen,Nov_7_g0,0.973597359735974,0.9867986798679867,0.9692754989784693,0.5299145299145299,2,8,20,4,8,0,4,2,5,0,3,0,5H,3H,0.8191275320485308,4,60,True,True,False,True,0
top_ten,svm,occupancy,full,6,unith,6,Nielsen,Nov_7_g0,0.973597359735974,0.9867986798679867,0.9692754989784693,0.5299145299145299,2,8,20,4,8,0,4,3,5,0,4,0,5H,4H,0.8419213347966551,4,19,True,True,False,True,0
top_ten,svm,occupancy,full,6,unith,6,Nielsen,Nov_7_g0,0.973597359735974,0.9867986798679867,0.9692754989784693,0.5299145299145299,2,2,20,4,8,0,4,4,5,0,5,0,5H,5H,0.6312148782572138,4,4,True,True,False,False,0
top_ten,svm,occupancy,full,6,unith,6,Nielsen,Nov_7_g0,0.973597359735974,0.9867986798679867,0.9692754989784693,0.5299145299145299,2,,20,4,8,0,4,5,5,0,6,0,5H,6H,,4,0,True,False,False,False,0
top_ten,svm,occupancy,full,6,unith,6,Nielsen,Nov_7_g0,0.973597359735974,0.9867986798679867,0.9692754989784693,0.5299145299145299,2,,20,4,8,0,4,6,5,0,1,1,5H,1S,,4,0,True,False,False,False,0
top_ten,svm,occupancy,full,6,unith,6,Nielsen,Nov_7_g0,0.973597359735974,0.9867986798679867,0.9692754989784693,0.5299145299145299,2,8,20,4,8,0,4,7,5,0,2,1,5H,2S,0.8250245462544632,4,20,True,True,False,True,0
top_ten,svm,occupancy,full,6,unith,6,Nielsen,Nov_7_g0,0.973597359735974,0.9867986798679867,0.9692754989784693,0.5299145299145299,2,8,20,4,8,0,4,8,5,0,3,1,5H,3S,0.7407923432714227,4,16,True,True,False,True,0
top_ten,svm,occupancy,full,6,unith,6,Nielsen,Nov_7_g0,0.973597359735974,0.9867986798679867,0.9692754989784693,0.5299145299145299,2,8,20,4,8,0,4,9,5,0,4,1,5H,4S,0.7880740194838971,4,49,True,True,False,True,0
top_ten,svm,occupancy,full,6,unith,6,Nielsen,Nov_7_g0,0.973597359735974,0.9867986798679867,0.9692754989784693,0.5299145299145299,2,8,20,4,8,0,4,10,5,0,5,1,5H,5S,0.8043681533691608,4,80,True,True,False,True,0
top_ten,svm,occupancy,full,6,unith,6,Nielsen,Nov_7_g0,0.973597359735974,0.9867986798679867,0.9692754989784693,0.5299145299145299,2,8,20,4,8,0,4,11,5,0,6,1,5H,6S,0.8267220124830157,4,98,True,True,False,True,0
top_ten,svm,occupancy,full,6,unith,6,Nielsen,Nov_7_g0,0.973597359735974,0.9867986798679867,0.9692754989784693,0.5299145299145299,,8,20,4,8,0,5,0,6,0,1,0,6H,1H,,0,61,False,True,False,True,0
top_ten,svm,occupancy,full,6,unith,6,Nielsen,Nov_7_g0,0.973597359735974,0.9867986798679867,0.9692754989784693,0.5299145299145299,,8,20,4,8,0,5,1,6,0,2,0,6H,2H,,0,54,False,True,False,True,0
top_ten,svm,occupancy,full,6,unith,6,Nielsen,Nov_7_g0,0.973597359735974,0.9867986798679867,0.9692754989784693,0.5299145299145299,,8,20,4,8,0,5,2,6,0,3,0,6H,3H,,0,60,False,True,False,True,0
top_ten,svm,occupancy,full,6,unith,6,Nielsen,Nov_7_g0,0.973597359735974,0.9867986798679867,0.9692754989784693,0.5299145299145299,,8,20,4,8,0,5,3,6,0,4,0,6H,4H,,0,19,False,True,False,True,0
top_ten,svm,occupancy,full,6,unith,6,Nielsen,Nov_7_g0,0.973597359735974,0.9867986798679867,0.9692754989784693,0.5299145299145299,,2,20,4,8,0,5,4,6,0,5,0,6H,5H,,0,4,False,True,False,False,0
top_ten,svm,occupancy,full,6,unith,6,Nielsen,Nov_7_g0,0.973597359735974,0.9867986798679867,0.9692754989784693,0.5299145299145299,,,20,4,8,0,5,5,6,0,6,0,6H,6H,,0,0,False,False,False,False,0
top_ten,svm,occupancy,full,6,unith,6,Nielsen,Nov_7_g0,0.973597359735974,0.9867986798679867,0.9692754989784693,0.5299145299145299,,,20,4,8,0,5,6,6,0,1,1,6H,1S,,0,0,False,False,False,False,0
top_ten,svm,occupancy,full,6,unith,6,Nielsen,Nov_7_g0,0.973597359735974,0.9867986798679867,0.9692754989784693,0.5299145299145299,,8,20,4,8,0,5,7,6,0,2,1,6H,2S,,0,20,False,True,False,True,0
top_ten,svm,occupancy,full,6,unith,6,Nielsen,Nov_7_g0,0.973597359735974,0.9867986798679867,0.9692754989784693,0.5299145299145299,,8,20,4,8,0,5,8,6,0,3,1,6H,3S,,0,16,False,True,False,True,0
top_ten,svm,occupancy,full,6,unith,6,Nielsen,Nov_7_g0,0.973597359735974,0.9867986798679867,0.9692754989784693,0.5299145299145299,,8,20,4,8,0,5,9,6,0,4,1,6H,4S,,0,49,False,True,False,True,0
top_ten,svm,occupancy,full,6,unith,6,Nielsen,Nov_7_g0,0.973597359735974,0.9867986798679867,0.9692754989784693,0.5299145299145299,,8,20,4,8,0,5,10,6,0,5,1,6H,5S,,0,80,False,True,False,True,0
top_ten,svm,occupancy,full,6,unith,6,Nielsen,Nov_7_g0,0.973597359735974,0.9867986798679867,0.9692754989784693,0.5299145299145299,,8,20,4,8,0,5,11,6,0,6,1,6H,6S,,0,98,False,True,False,True,0
top_ten,svm,occupancy,full,6,unith,6,Nielsen,Nov_7_g0,0.973597359735974,0.9867986798679867,0.9692754989784693,0.5299145299145299,,8,20,4,8,0,6,0,1,1,1,0,1S,1H,,0,61,False,True,False,True,0
top_ten,svm,occupancy,full,6,unith,6,Nielsen,Nov_7_g0,0.973597359735974,0.9867986798679867,0.9692754989784693,0.5299145299145299,,8,20,4,8,0,6,1,1,1,2,0,1S,2H,,0,54,False,True,False,True,0
top_ten,svm,occupancy,full,6,unith,6,Nielsen,Nov_7_g0,0.973597359735974,0.9867986798679867,0.9692754989784693,0.5299145299145299,,8,20,4,8,0,6,2,1,1,3,0,1S,3H,,0,60,False,True,False,True,0
top_ten,svm,occupancy,full,6,unith,6,Nielsen,Nov_7_g0,0.973597359735974,0.9867986798679867,0.9692754989784693,0.5299145299145299,,8,20,4,8,0,6,3,1,1,4,0,1S,4H,,0,19,False,True,False,True,0
top_ten,svm,occupancy,full,6,unith,6,Nielsen,Nov_7_g0,0.973597359735974,0.9867986798679867,0.9692754989784693,0.5299145299145299,,2,20,4,8,0,6,4,1,1,5,0,1S,5H,,0,4,False,True,False,False,0
top_ten,svm,occupancy,full,6,unith,6,Nielsen,Nov_7_g0,0.973597359735974,0.9867986798679867,0.9692754989784693,0.5299145299145299,,,20,4,8,0,6,5,1,1,6,0,1S,6H,,0,0,False,False,False,False,0
top_ten,svm,occupancy,full,6,unith,6,Nielsen,Nov_7_g0,0.973597359735974,0.9867986798679867,0.9692754989784693,0.5299145299145299,,,20,4,8,0,6,6,1,1,1,1,1S,1S,,0,0,False,False,False,False,0
top_ten,svm,occupancy,full,6,unith,6,Nielsen,Nov_7_g0,0.973597359735974,0.9867986798679867,0.9692754989784693,0.5299145299145299,,8,20,4,8,0,6,7,1,1,2,1,1S,2S,,0,20,False,True,False,True,0
top_ten,svm,occupancy,full,6,unith,6,Nielsen,Nov_7_g0,0.973597359735974,0.9867986798679867,0.9692754989784693,0.5299145299145299,,8,20,4,8,0,6,8,1,1,3,1,1S,3S,,0,16,False,True,False,True,0
top_ten,svm,occupancy,full,6,unith,6,Nielsen,Nov_7_g0,0.973597359735974,0.9867986798679867,0.9692754989784693,0.5299145299145299,,8,20,4,8,0,6,9,1,1,4,1,1S,4S,,0,49,False,True,False,True,0
top_ten,svm,occupancy,full,6,unith,6,Nielsen,Nov_7_g0,0.973597359735974,0.9867986798679867,0.9692754989784693,0.5299145299145299,,8,20,4,8,0,6,10,1,1,5,1,1S,5S,,0,80,False,True,False,True,0
top_ten,svm,occupancy,full,6,unith,6,Nielsen,Nov_7_g0,0.973597359735974,0.9867986798679867,0.9692754989784693,0.5299145299145299,,8,20,4,8,0,6,11,1,1,6,1,1S,6S,,0,98,False,True,False,True,0
top_ten,svm,occupancy,full,6,unith,6,Nielsen,Nov_7_g0,0.973597359735974,0.9867986798679867,0.9692754989784693,0.5299145299145299,8,8,20,4,8,0,7,0,2,1,1,0,2S,1H,0.8354940002003014,20,61,True,True,True,True,0
top_ten,svm,occupancy,full,6,unith,6,Nielsen,Nov_7_g0,0.973597359735974,0.9867986798679867,0.9692754989784693,0.5299145299145299,8,8,20,4,8,0,7,1,2,1,2,0,2S,2H,0.8826538214801852,20,54,True,True,True,True,0
top_ten,svm,occupancy,full,6,unith,6,Nielsen,Nov_7_g0,0.973597359735974,0.9867986798679867,0.9692754989784693,0.5299145299145299,8,8,20,4,8,0,7,2,2,1,3,0,2S,3H,0.8880243591650478,20,60,True,True,True,True,0
top_ten,svm,occupancy,full,6,unith,6,Nielsen,Nov_7_g0,0.973597359735974,0.9867986798679867,0.9692754989784693,0.5299145299145299,8,8,20,4,8,0,7,3,2,1,4,0,2S,4H,0.8912914807404763,20,19,True,True,True,True,0
top_ten,svm,occupancy,full,6,unith,6,Nielsen,Nov_7_g0,0.973597359735974,0.9867986798679867,0.9692754989784693,0.5299145299145299,8,2,20,4,8,0,7,4,2,1,5,0,2S,5H,0.8250245462544632,20,4,True,True,True,False,0
top_ten,svm,occupancy,full,6,unith,6,Nielsen,Nov_7_g0,0.973597359735974,0.9867986798679867,0.9692754989784693,0.5299145299145299,8,,20,4,8,0,7,5,2,1,6,0,2S,6H,,20,0,True,False,True,False,0
top_ten,svm,occupancy,full,6,unith,6,Nielsen,Nov_7_g0,0.973597359735974,0.9867986798679867,0.9692754989784693,0.5299145299145299,8,,20,4,8,0,7,6,2,1,1,1,2S,1S,,20,0,True,False,True,False,0
top_ten,svm,occupancy,full,6,unith,6,Nielsen,Nov_7_g0,0.973597359735974,0.9867986798679867,0.9692754989784693,0.5299145299145299,8,8,20,4,8,0,7,7,2,1,2,1,2S,2S,0.8285684874246719,20,20,True,True,True,True,0
top_ten,svm,occupancy,full,6,unith,6,Nielsen,Nov_7_g0,0.973597359735974,0.9867986798679867,0.9692754989784693,0.5299145299145299,8,8,20,4,8,0,7,8,2,1,3,1,2S,3S,0.9114306403099238,20,16,True,True,True,True,0
top_ten,svm,occupancy,full,6,unith,6,Nielsen,Nov_7_g0,0.973597359735974,0.9867986798679867,0.9692754989784693,0.5299145299145299,8,8,20,4,8,0,7,9,2,1,4,1,2S,4S,0.8698563369399377,20,49,True,True,True,True,0
top_ten,svm,occupancy,full,6,unith,6,Nielsen,Nov_7_g0,0.973597359735974,0.9867986798679867,0.9692754989784693,0.5299145299145299,8,8,20,4,8,0,7,10,2,1,5,1,2S,5S,0.8483209627027273,20,80,True,True,True,True,0
top_ten,svm,occupancy,full,6,unith,6,Nielsen,Nov_7_g0,0.973597359735974,0.9867986798679867,0.9692754989784693,0.5299145299145299,8,8,20,4,8,0,7,11,2,1,6,1,2S,6S,0.8599168115322247,20,98,True,True,True,True,0
top_ten,svm,occupancy,full,6,unith,6,Nielsen,Nov_7_g0,0.973597359735974,0.9867986798679867,0.9692754989784693,0.5299145299145299,8,8,20,4,8,0,8,0,3,1,1,0,3S,1H,0.8695883682054651,16,61,True,True,True,True,0
top_ten,svm,occupancy,full,6,unith,6,Nielsen,Nov_7_g0,0.973597359735974,0.9867986798679867,0.9692754989784693,0.5299145299145299,8,8,20,4,8,0,8,1,3,1,2,0,3S,2H,0.8815326644445014,16,54,True,True,True,True,0
top_ten,svm,occupancy,full,6,unith,6,Nielsen,Nov_7_g0,0.973597359735974,0.9867986798679867,0.9692754989784693,0.5299145299145299,8,8,20,4,8,0,8,2,3,1,3,0,3S,3H,0.8801262777348728,16,60,True,True,True,True,0
top_ten,svm,occupancy,full,6,unith,6,Nielsen,Nov_7_g0,0.973597359735974,0.9867986798679867,0.9692754989784693,0.5299145299145299,8,8,20,4,8,0,8,3,3,1,4,0,3S,4H,0.856421273431159,16,19,True,True,True,True,0
top_ten,svm,occupancy,full,6,unith,6,Nielsen,Nov_7_g0,0.973597359735974,0.9867986798679867,0.9692754989784693,0.5299145299145299,8,2,20,4,8,0,8,4,3,1,5,0,3S,5H,0.7407923432714227,16,4,True,True,True,False,0
top_ten,svm,occupancy,full,6,unith,6,Nielsen,Nov_7_g0,0.973597359735974,0.9867986798679867,0.9692754989784693,0.5299145299145299,8,,20,4,8,0,8,5,3,1,6,0,3S,6H,,16,0,True,False,True,False,0
top_ten,svm,occupancy,full,6,unith,6,Nielsen,Nov_7_g0,0.973597359735974,0.9867986798679867,0.9692754989784693,0.5299145299145299,8,,20,4,8,0,8,6,3,1,1,1,3S,1S,,16,0,True,False,True,False,0
top_ten,svm,occupancy,full,6,unith,6,Nielsen,Nov_7_g0,0.973597359735974,0.9867986798679867,0.9692754989784693,0.5299145299145299,8,8,20,4,8,0,8,7,3,1,2,1,3S,2S,0.9114306403099238,16,20,True,True,True,True,0
top_ten,svm,occupancy,full,6,unith,6,Nielsen,Nov_7_g0,0.973597359735974,0.9867986798679867,0.9692754989784693,0.5299145299145299,8,8,20,4,8,0,8,8,3,1,3,1,3S,3S,0.8854940560621302,16,16,True,True,True,True,0
top_ten,svm,occupancy,full,6,unith,6,Nielsen,Nov_7_g0,0.973597359735974,0.9867986798679867,0.9692754989784693,0.5299145299145299,8,8,20,4,8,0,8,9,3,1,4,1,3S,4S,0.8427297280102348,16,49,True,True,True,True,0
top_ten,svm,occupancy,full,6,unith,6,Nielsen,Nov_7_g0,0.973597359735974,0.9867986798679867,0.9692754989784693,0.5299145299145299,8,8,20,4,8,0,8,10,3,1,5,1,3S,5S,0.8129584743441406,16,80,True,True,True,True,0
top_ten,svm,occupancy,full,6,unith,6,Nielsen,Nov_7_g0,0.973597359735974,0.9867986798679867,0.9692754989784693,0.5299145299145299,8,8,20,4,8,0,8,11,3,1,6,1,3S,6S,0.8100574112012152,16,98,True,True,True,True,0
top_ten,svm,occupancy,full,6,unith,6,Nielsen,Nov_7_g0,0.973597359735974,0.9867986798679867,0.9692754989784693,0.5299145299145299,8,8,20,4,8,0,9,0,4,1,1,0,4S,1H,0.7969976777282737,49,61,True,True,True,True,0
top_ten,svm,occupancy,full,6,unith,6,Nielsen,Nov_7_g0,0.973597359735974,0.9867986798679867,0.9692754989784693,0.5299145299145299,8,8,20,4,8,0,9,1,4,1,2,0,4S,2H,0.8751996999809988,49,54,True,True,True,True,0
top_ten,svm,occupancy,full,6,unith,6,Nielsen,Nov_7_g0,0.973597359735974,0.9867986798679867,0.9692754989784693,0.5299145299145299,8,8,20,4,8,0,9,2,4,1,3,0,4S,3H,0.8770284804855744,49,60,True,True,True,True,0
top_ten,svm,occupancy,full,6,unith,6,Nielsen,Nov_7_g0,0.973597359735974,0.9867986798679867,0.9692754989784693,0.5299145299145299,8,8,20,4,8,0,9,3,4,1,4,0,4S,4H,0.9283247425166014,49,19,True,True,True,True,0
top_ten,svm,occupancy,full,6,unith,6,Nielsen,Nov_7_g0,0.973597359735974,0.9867986798679867,0.9692754989784693,0.5299145299145299,8,2,20,4,8,0,9,4,4,1,5,0,4S,5H,0.7880740194838971,49,4,True,True,True,False,0
top_ten,svm,occupancy,full,6,unith,6,Nielsen,Nov_7_g0,0.973597359735974,0.9867986798679867,0.9692754989784693,0.5299145299145299,8,,20,4,8,0,9,5,4,1,6,0,4S,6H,,49,0,True,False,True,False,0
top_ten,svm,occupancy,full,6,unith,6,Nielsen,Nov_7_g0,0.973597359735974,0.9867986798679867,0.9692754989784693,0.5299145299145299,8,,20,4,8,0,9,6,4,1,1,1,4S,1S,,49,0,True,False,True,False,0
top_ten,svm,occupancy,full,6,unith,6,Nielsen,Nov_7_g0,0.973597359735974,0.9867986798679867,0.9692754989784693,0.5299145299145299,8,8,20,4,8,0,9,7,4,1,2,1,4S,2S,0.8698563369399377,49,20,True,True,True,True,0
top_ten,svm,occupancy,full,6,unith,6,Nielsen,Nov_7_g0,0.973597359735974,0.9867986798679867,0.9692754989784693,0.5299145299145299,8,8,20,4,8,0,9,8,4,1,3,1,4S,3S,0.8427297280102348,49,16,True,True,True,True,0
top_ten,svm,occupancy,full,6,unith,6,Nielsen,Nov_7_g0,0.973597359735974,0.9867986798679867,0.9692754989784693,0.5299145299145299,8,8,20,4,8,0,9,9,4,1,4,1,4S,4S,0.8828055698034328,49,49,True,True,True,True,0
top_ten,svm,occupancy,full,6,unith,6,Nielsen,Nov_7_g0,0.973597359735974,0.9867986798679867,0.9692754989784693,0.5299145299145299,8,8,20,4,8,0,9,10,4,1,5,1,4S,5S,0.8821779888143123,49,80,True,True,True,True,0
top_ten,svm,occupancy,full,6,unith,6,Nielsen,Nov_7_g0,0.973597359735974,0.9867986798679867,0.9692754989784693,0.5299145299145299,8,8,20,4,8,0,9,11,4,1,6,1,4S,6S,0.9367454879185344,49,98,True,True,True,True,0
top_ten,svm,occupancy,full,6,unith,6,Nielsen,Nov_7_g0,0.973597359735974,0.9867986798679867,0.9692754989784693,0.5299145299145299,8,8,20,4,8,0,10,0,5,1,1,0,5S,1H,0.7609033385545402,80,61,True,True,True,True,0
top_ten,svm,occupancy,full,6,unith,6,Nielsen,Nov_7_g0,0.973597359735974,0.9867986798679867,0.9692754989784693,0.5299145299145299,8,8,20,4,8,0,10,1,5,1,2,0,5S,2H,0.872024620167891,80,54,True,True,True,True,0
top_ten,svm,occupancy,full,6,unith,6,Nielsen,Nov_7_g0,0.973597359735974,0.9867986798679867,0.9692754989784693,0.5299145299145299,8,8,20,4,8,0,10,2,5,1,3,0,5S,3H,0.8568963187371011,80,60,True,True,True,True,0
top_ten,svm,occupancy,full,6,unith,6,Nielsen,Nov_7_g0,0.973597359735974,0.9867986798679867,0.9692754989784693,0.5299145299145299,8,8,20,4,8,0,10,3,5,1,4,0,5S,4H,0.9265926375508272,80,19,True,True,True,True,0
top_ten,svm,occupancy,full,6,unith,6,Nielsen,Nov_7_g0,0.973597359735974,0.9867986798679867,0.9692754989784693,0.5299145299145299,8,2,20,4,8,0,10,4,5,1,5,0,5S,5H,0.8043681533691608,80,4,True,True,True,False,0
top_ten,svm,occupancy,full,6,unith,6,Nielsen,Nov_7_g0,0.973597359735974,0.9867986798679867,0.9692754989784693,0.5299145299145299,8,,20,4,8,0,10,5,5,1,6,0,5S,6H,,80,0,True,False,True,False,0
top_ten,svm,occupancy,full,6,unith,6,Nielsen,Nov_7_g0,0.973597359735974,0.9867986798679867,0.9692754989784693,0.5299145299145299,8,,20,4,8,0,10,6,5,1,1,1,5S,1S,,80,0,True,False,True,False,0
top_ten,svm,occupancy,full,6,unith,6,Nielsen,Nov_7_g0,0.973597359735974,0.9867986798679867,0.9692754989784693,0.5299145299145299,8,8,20,4,8,0,10,7,5,1,2,1,5S,2S,0.8483209627027273,80,20,True,True,True,True,0
top_ten,svm,occupancy,full,6,unith,6,Nielsen,Nov_7_g0,0.973597359735974,0.9867986798679867,0.9692754989784693,0.5299145299145299,8,8,20,4,8,0,10,8,5,1,3,1,5S,3S,0.8129584743441406,80,16,True,True,True,True,0
top_ten,svm,occupancy,full,6,unith,6,Nielsen,Nov_7_g0,0.973597359735974,0.9867986798679867,0.9692754989784693,0.5299145299145299,8,8,20,4,8,0,10,9,5,1,4,1,5S,4S,0.8821779888143123,80,49,True,True,True,True,0
top_ten,svm,occupancy,full,6,unith,6,Nielsen,Nov_7_g0,0.973597359735974,0.9867986798679867,0.9692754989784693,0.5299145299145299,8,8,20,4,8,0,10,10,5,1,5,1,5S,5S,0.9002353656945677,80,80,True,True,True,True,0
top_ten,svm,occupancy,full,6,unith,6,Nielsen,Nov_7_g0,0.973597359735974,0.9867986798679867,0.9692754989784693,0.5299145299145299,8,8,20,4,8,0,10,11,5,1,6,1,5S,6S,0.9264620621219224,80,98,True,True,True,True,0
top_ten,svm,occupancy,full,6,unith,6,Nielsen,Nov_7_g0,0.973597359735974,0.9867986798679867,0.9692754989784693,0.5299145299145299,8,8,20,4,8,0,11,0,6,1,1,0,6S,1H,0.8030568012132984,98,61,True,True,True,True,0
top_ten,svm,occupancy,full,6,unith,6,Nielsen,Nov_7_g0,0.973597359735974,0.9867986798679867,0.9692754989784693,0.5299145299145299,8,8,20,4,8,0,11,1,6,1,2,0,6S,2H,0.8785152038788713,98,54,True,True,True,True,0
top_ten,svm,occupancy,full,6,unith,6,Nielsen,Nov_7_g0,0.973597359735974,0.9867986798679867,0.9692754989784693,0.5299145299145299,8,8,20,4,8,0,11,2,6,1,3,0,6S,3H,0.8660658132006425,98,60,True,True,True,True,0
top_ten,svm,occupancy,full,6,unith,6,Nielsen,Nov_7_g0,0.973597359735974,0.9867986798679867,0.9692754989784693,0.5299145299145299,8,8,20,4,8,0,11,3,6,1,4,0,6S,4H,0.9598906181665854,98,19,True,True,True,True,0
top_ten,svm,occupancy,full,6,unith,6,Nielsen,Nov_7_g0,0.973597359735974,0.9867986798679867,0.9692754989784693,0.5299145299145299,8,2,20,4,8,0,11,4,6,1,5,0,6S,5H,0.8267220124830157,98,4,True,True,True,False,0
top_ten,svm,occupancy,full,6,unith,6,Nielsen,Nov_7_g0,0.973597359735974,0.9867986798679867,0.9692754989784693,0.5299145299145299,8,,20,4,8,0,11,5,6,1,6,0,6S,6H,,98,0,True,False,True,False,0
top_ten,svm,occupancy,full,6,unith,6,Nielsen,Nov_7_g0,0.973597359735974,0.9867986798679867,0.9692754989784693,0.5299145299145299,8,,20,4,8,0,11,6,6,1,1,1,6S,1S,,98,0,True,False,True,False,0
top_ten,svm,occupancy,full,6,unith,6,Nielsen,Nov_7_g0,0.973597359735974,0.9867986798679867,0.9692754989784693,0.5299145299145299,8,8,20,4,8,0,11,7,6,1,2,1,6S,2S,0.8599168115322247,98,20,True,True,True,True,0
top_ten,svm,occupancy,full,6,unith,6,Nielsen,Nov_7_g0,0.973597359735974,0.9867986798679867,0.9692754989784693,0.5299145299145299,8,8,20,4,8,0,11,8,6,1,3,1,6S,3S,0.8100574112012152,98,16,True,True,True,True,0
top_ten,svm,occupancy,full,6,unith,6,Nielsen,Nov_7_g0,0.973597359735974,0.9867986798679867,0.9692754989784693,0.5299145299145299,8,8,20,4,8,0,11,9,6,1,4,1,6S,4S,0.9367454879185344,98,49,True,True,True,True,0
top_ten,svm,occupancy,full,6,unith,6,Nielsen,Nov_7_g0,0.973597359735974,0.9867986798679867,0.9692754989784693,0.5299145299145299,8,8,20,4,8,0,11,10,6,1,5,1,6S,5S,0.9264620621219224,98,80,True,True,True,True,0
top_ten,svm,occupancy,full,6,unith,6,Nielsen,Nov_7_g0,0.973597359735974,0.9867986798679867,0.9692754989784693,0.5299145299145299,8,8,20,4,8,0,11,11,6,1,6,1,6S,6S,0.9496840030700197,98,98,True,True,True,True,0
top_ten,svm,occupancy,full,6,unith,6,Nielsen,Nov_9_g0,0.957720588235294,0.9620655080213905,0.9217914438502673,0.593607305936073,9,9,20,4,8,0,0,0,1,0,1,0,1H,1H,0.8596648375649902,62,62,True,True,True,True,0
top_ten,svm,occupancy,full,6,unith,6,Nielsen,Nov_9_g0,0.957720588235294,0.9620655080213905,0.9217914438502673,0.593607305936073,9,9,20,4,8,0,0,1,1,0,2,0,1H,2H,0.8630339232580934,62,38,True,True,True,True,0
top_ten,svm,occupancy,full,6,unith,6,Nielsen,Nov_9_g0,0.957720588235294,0.9620655080213905,0.9217914438502673,0.593607305936073,9,9,20,4,8,0,0,2,1,0,3,0,1H,3H,0.863335833788185,62,72,True,True,True,True,0
top_ten,svm,occupancy,full,6,unith,6,Nielsen,Nov_9_g0,0.957720588235294,0.9620655080213905,0.9217914438502673,0.593607305936073,9,9,20,4,8,0,0,3,1,0,4,0,1H,4H,0.8373535379348327,62,34,True,True,True,True,0
top_ten,svm,occupancy,full,6,unith,6,Nielsen,Nov_9_g0,0.957720588235294,0.9620655080213905,0.9217914438502673,0.593607305936073,9,9,20,4,8,0,0,4,1,0,5,0,1H,5H,0.8067973530335746,62,19,True,True,True,True,0
top_ten,svm,occupancy,full,6,unith,6,Nielsen,Nov_9_g0,0.957720588235294,0.9620655080213905,0.9217914438502673,0.593607305936073,9,,20,4,8,0,0,5,1,0,6,0,1H,6H,,62,0,True,False,True,False,0
top_ten,svm,occupancy,full,6,unith,6,Nielsen,Nov_9_g0,0.957720588235294,0.9620655080213905,0.9217914438502673,0.593607305936073,9,,20,4,8,0,0,6,1,0,1,1,1H,1S,,62,0,True,False,True,False,0
top_ten,svm,occupancy,full,6,unith,6,Nielsen,Nov_9_g0,0.957720588235294,0.9620655080213905,0.9217914438502673,0.593607305936073,9,9,20,4,8,0,0,7,1,0,2,1,1H,2S,0.7961035557174778,62,20,True,True,True,True,0
top_ten,svm,occupancy,full,6,unith,6,Nielsen,Nov_9_g0,0.957720588235294,0.9620655080213905,0.9217914438502673,0.593607305936073,9,3,20,4,8,0,0,8,1,0,3,1,1H,3S,0.8886366728329609,62,6,True,True,True,False,0
top_ten,svm,occupancy,full,6,unith,6,Nielsen,Nov_9_g0,0.957720588235294,0.9620655080213905,0.9217914438502673,0.593607305936073,9,9,20,4,8,0,0,9,1,0,4,1,1H,4S,0.8363927314967287,62,39,True,True,True,True,0
top_ten,svm,occupancy,full,6,unith,6,Nielsen,Nov_9_g0,0.957720588235294,0.9620655080213905,0.9217914438502673,0.593607305936073,9,9,20,4,8,0,0,10,1,0,5,1,1H,5S,0.8815093314876028,62,64,True,True,True,True,0
top_ten,svm,occupancy,full,6,unith,6,Nielsen,Nov_9_g0,0.957720588235294,0.9620655080213905,0.9217914438502673,0.593607305936073,9,9,20,4,8,0,0,11,1,0,6,1,1H,6S,0.8341666111399698,62,82,True,True,True,True,0
top_ten,svm,occupancy,full,6,unith,6,Nielsen,Nov_9_g0,0.957720588235294,0.9620655080213905,0.9217914438502673,0.593607305936073,9,9,20,4,8,0,1,0,2,0,1,0,2H,1H,0.8630339232580934,38,62,True,True,True,True,0
top_ten,svm,occupancy,full,6,unith,6,Nielsen,Nov_9_g0,0.957720588235294,0.9620655080213905,0.9217914438502673,0.593607305936073,9,9,20,4,8,0,1,1,2,0,2,0,2H,2H,0.9307070574959637,38,38,True,True,True,True,0
top_ten,svm,occupancy,full,6,unith,6,Nielsen,Nov_9_g0,0.957720588235294,0.9620655080213905,0.9217914438502673,0.593607305936073,9,9,20,4,8,0,1,2,2,0,3,0,2H,3H,0.8599066812808518,38,72,True,True,True,True,0
top_ten,svm,occupancy,full,6,unith,6,Nielsen,Nov_9_g0,0.957720588235294,0.9620655080213905,0.9217914438502673,0.593607305936073,9,9,20,4,8,0,1,3,2,0,4,0,2H,4H,0.9343611814339395,38,34,True,True,True,True,0
top_ten,svm,occupancy,full,6,unith,6,Nielsen,Nov_9_g0,0.957720588235294,0.9620655080213905,0.9217914438502673,0.593607305936073,9,9,20,4,8,0,1,4,2,0,5,0,2H,5H,0.8539767681087602,38,19,True,True,True,True,0
top_ten,svm,occupancy,full,6,unith,6,Nielsen,Nov_9_g0,0.957720588235294,0.9620655080213905,0.9217914438502673,0.593607305936073,9,,20,4,8,0,1,5,2,0,6,0,2H,6H,,38,0,True,False,True,False,0
top_ten,svm,occupancy,full,6,unith,6,Nielsen,Nov_9_g0,0.957720588235294,0.9620655080213905,0.9217914438502673,0.593607305936073,9,,20,4,8,0,1,6,2,0,1,1,2H,1S,,38,0,True,False,True,False,0
top_ten,svm,occupancy,full,6,unith,6,Nielsen,Nov_9_g0,0.957720588235294,0.9620655080213905,0.9217914438502673,0.593607305936073,9,9,20,4,8,0,1,7,2,0,2,1,2H,2S,0.8675127815754247,38,20,True,True,True,True,0
top_ten,svm,occupancy,full,6,unith,6,Nielsen,Nov_9_g0,0.957720588235294,0.9620655080213905,0.9217914438502673,0.593607305936073,9,3,20,4,8,0,1,8,2,0,3,1,2H,3S,0.8310815096060296,38,6,True,True,True,False,0
top_ten,svm,occupancy,full,6,unith,6,Nielsen,Nov_9_g0,0.957720588235294,0.9620655080213905,0.9217914438502673,0.593607305936073,9,9,20,4,8,0,1,9,2,0,4,1,2H,4S,0.9031683063007259,38,39,True,True,True,True,0
top_ten,svm,occupancy,full,6,unith,6,Nielsen,Nov_9_g0,0.957720588235294,0.9620655080213905,0.9217914438502673,0.593607305936073,9,9,20,4,8,0,1,10,2,0,5,1,2H,5S,0.887448565617517,38,64,True,True,True,True,0
top_ten,svm,occupancy,full,6,unith,6,Nielsen,Nov_9_g0,0.957720588235294,0.9620655080213905,0.9217914438502673,0.593607305936073,9,9,20,4,8,0,1,11,2,0,6,1,2H,6S,0.9233183712568943,38,82,True,True,True,True,0
top_ten,svm,occupancy,full,6,unith,6,Nielsen,Nov_9_g0,0.957720588235294,0.9620655080213905,0.9217914438502673,0.593607305936073,9,9,20,4,8,0,2,0,3,0,1,0,3H,1H,0.863335833788185,72,62,True,True,True,True,0
top_ten,svm,occupancy,full,6,unith,6,Nielsen,Nov_9_g0,0.957720588235294,0.9620655080213905,0.9217914438502673,0.593607305936073,9,9,20,4,8,0,2,1,3,0,2,0,3H,2H,0.8599066812808518,72,38,True,True,True,True,0
top_ten,svm,occupancy,full,6,unith,6,Nielsen,Nov_9_g0,0.957720588235294,0.9620655080213905,0.9217914438502673,0.593607305936073,9,9,20,4,8,0,2,2,3,0,3,0,3H,3H,0.9551109176518142,72,72,True,True,True,True,0
top_ten,svm,occupancy,full,6,unith,6,Nielsen,Nov_9_g0,0.957720588235294,0.9620655080213905,0.9217914438502673,0.593607305936073,9,9,20,4,8,0,2,3,3,0,4,0,3H,4H,0.8668880979461026,72,34,True,True,True,True,0
top_ten,svm,occupancy,full,6,unith,6,Nielsen,Nov_9_g0,0.957720588235294,0.9620655080213905,0.9217914438502673,0.593607305936073,9,9,20,4,8,0,2,4,3,0,5,0,3H,5H,0.9484791836814692,72,19,True,True,True,True,0
top_ten,svm,occupancy,full,6,unith,6,Nielsen,Nov_9_g0,0.957720588235294,0.9620655080213905,0.9217914438502673,0.593607305936073,9,,20,4,8,0,2,5,3,0,6,0,3H,6H,,72,0,True,False,True,False,0
top_ten,svm,occupancy,full,6,unith,6,Nielsen,Nov_9_g0,0.957720588235294,0.9620655080213905,0.9217914438502673,0.593607305936073,9,,20,4,8,0,2,6,3,0,1,1,3H,1S,,72,0,True,False,True,False,0
top_ten,svm,occupancy,full,6,unith,6,Nielsen,Nov_9_g0,0.957720588235294,0.9620655080213905,0.9217914438502673,0.593607305936073,9,9,20,4,8,0,2,7,3,0,2,1,3H,2S,0.6884249351059621,72,20,True,True,True,True,0
top_ten,svm,occupancy,full,6,unith,6,Nielsen,Nov_9_g0,0.957720588235294,0.9620655080213905,0.9217914438502673,0.593607305936073,9,3,20,4,8,0,2,8,3,0,3,1,3H,3S,0.9416056912575677,72,6,True,True,True,False,0
top_ten,svm,occupancy,full,6,unith,6,Nielsen,Nov_9_g0,0.957720588235294,0.9620655080213905,0.9217914438502673,0.593607305936073,9,9,20,4,8,0,2,9,3,0,4,1,3H,4S,0.9215224818888448,72,39,True,True,True,True,0
top_ten,svm,occupancy,full,6,unith,6,Nielsen,Nov_9_g0,0.957720588235294,0.9620655080213905,0.9217914438502673,0.593607305936073,9,9,20,4,8,0,2,10,3,0,5,1,3H,5S,0.9431411426591462,72,64,True,True,True,True,0
top_ten,svm,occupancy,full,6,unith,6,Nielsen,Nov_9_g0,0.957720588235294,0.9620655080213905,0.9217914438502673,0.593607305936073,9,9,20,4,8,0,2,11,3,0,6,1,3H,6S,0.9002081067469059,72,82,True,True,True,True,0
top_ten,svm,occupancy,full,6,unith,6,Nielsen,Nov_9_g0,0.957720588235294,0.9620655080213905,0.9217914438502673,0.593607305936073,9,9,20,4,8,0,3,0,4,0,1,0,4H,1H,0.8373535379348327,34,62,True,True,True,True,0
top_ten,svm,occupancy,full,6,unith,6,Nielsen,Nov_9_g0,0.957720588235294,0.9620655080213905,0.9217914438502673,0.593607305936073,9,9,20,4,8,0,3,1,4,0,2,0,4H,2H,0.9343611814339395,34,38,True,True,True,True,0
top_ten,svm,occupancy,full,6,unith,6,Nielsen,Nov_9_g0,0.957720588235294,0.9620655080213905,0.9217914438502673,0.593607305936073,9,9,20,4,8,0,3,2,4,0,3,0,4H,3H,0.8668880979461026,34,72,True,True,True,True,0
top_ten,svm,occupancy,full,6,unith,6,Nielsen,Nov_9_g0,0.957720588235294,0.9620655080213905,0.9217914438502673,0.593607305936073,9,9,20,4,8,0,3,3,4,0,4,0,4H,4H,0.9214444056928481,34,34,True,True,True,True,0
top_ten,svm,occupancy,full,6,unith,6,Nielsen,Nov_9_g0,0.957720588235294,0.9620655080213905,0.9217914438502673,0.593607305936073,9,9,20,4,8,0,3,4,4,0,5,0,4H,5H,0.862893816225592,34,19,True,True,True,True,0
top_ten,svm,occupancy,full,6,unith,6,Nielsen,Nov_9_g0,0.957720588235294,0.9620655080213905,0.9217914438502673,0.593607305936073,9,,20,4,8,0,3,5,4,0,6,0,4H,6H,,34,0,True,False,True,False,0
top_ten,svm,occupancy,full,6,unith,6,Nielsen,Nov_9_g0,0.957720588235294,0.9620655080213905,0.9217914438502673,0.593607305936073,9,,20,4,8,0,3,6,4,0,1,1,4H,1S,,34,0,True,False,True,False,0
top_ten,svm,occupancy,full,6,unith,6,Nielsen,Nov_9_g0,0.957720588235294,0.9620655080213905,0.9217914438502673,0.593607305936073,9,9,20,4,8,0,3,7,4,0,2,1,4H,2S,0.8621484521985939,34,20,True,True,True,True,0
top_ten,svm,occupancy,full,6,unith,6,Nielsen,Nov_9_g0,0.957720588235294,0.9620655080213905,0.9217914438502673,0.593607305936073,9,3,20,4,8,0,3,8,4,0,3,1,4H,3S,0.8219042786855446,34,6,True,True,True,False,0
top_ten,svm,occupancy,full,6,unith,6,Nielsen,Nov_9_g0,0.957720588235294,0.9620655080213905,0.9217914438502673,0.593607305936073,9,9,20,4,8,0,3,9,4,0,4,1,4H,4S,0.9070917489828098,34,39,True,True,True,True,0
top_ten,svm,occupancy,full,6,unith,6,Nielsen,Nov_9_g0,0.957720588235294,0.9620655080213905,0.9217914438502673,0.593607305936073,9,9,20,4,8,0,3,10,4,0,5,1,4H,5S,0.865526324790466,34,64,True,True,True,True,0
top_ten,svm,occupancy,full,6,unith,6,Nielsen,Nov_9_g0,0.957720588235294,0.9620655080213905,0.9217914438502673,0.593607305936073,9,9,20,4,8,0,3,11,4,0,6,1,4H,6S,0.9273598762461635,34,82,True,True,True,True,0
top_ten,svm,occupancy,full,6,unith,6,Nielsen,Nov_9_g0,0.957720588235294,0.9620655080213905,0.9217914438502673,0.593607305936073,9,9,20,4,8,0,4,0,5,0,1,0,5H,1H,0.8067973530335746,19,62,True,True,True,True,0
top_ten,svm,occupancy,full,6,unith,6,Nielsen,Nov_9_g0,0.957720588235294,0.9620655080213905,0.9217914438502673,0.593607305936073,9,9,20,4,8,0,4,1,5,0,2,0,5H,2H,0.8539767681087602,19,38,True,True,True,True,0
top_ten,svm,occupancy,full,6,unith,6,Nielsen,Nov_9_g0,0.957720588235294,0.9620655080213905,0.9217914438502673,0.593607305936073,9,9,20,4,8,0,4,2,5,0,3,0,5H,3H,0.9484791836814692,19,72,True,True,True,True,0
top_ten,svm,occupancy,full,6,unith,6,Nielsen,Nov_9_g0,0.957720588235294,0.9620655080213905,0.9217914438502673,0.593607305936073,9,9,20,4,8,0,4,3,5,0,4,0,5H,4H,0.862893816225592,19,34,True,True,True,True,0
top_ten,svm,occupancy,full,6,unith,6,Nielsen,Nov_9_g0,0.957720588235294,0.9620655080213905,0.9217914438502673,0.593607305936073,9,9,20,4,8,0,4,4,5,0,5,0,5H,5H,0.9706586217000396,19,19,True,True,True,True,0
top_ten,svm,occupancy,full,6,unith,6,Nielsen,Nov_9_g0,0.957720588235294,0.9620655080213905,0.9217914438502673,0.593607305936073,9,,20,4,8,0,4,5,5,0,6,0,5H,6H,,19,0,True,False,True,False,0
top_ten,svm,occupancy,full,6,unith,6,Nielsen,Nov_9_g0,0.957720588235294,0.9620655080213905,0.9217914438502673,0.593607305936073,9,,20,4,8,0,4,6,5,0,1,1,5H,1S,,19,0,True,False,True,False,0
top_ten,svm,occupancy,full,6,unith,6,Nielsen,Nov_9_g0,0.957720588235294,0.9620655080213905,0.9217914438502673,0.593607305936073,9,9,20,4,8,0,4,7,5,0,2,1,5H,2S,0.6682766217476741,19,20,True,True,True,True,0
top_ten,svm,occupancy,full,6,unith,6,Nielsen,Nov_9_g0,0.957720588235294,0.9620655080213905,0.9217914438502673,0.593607305936073,9,3,20,4,8,0,4,8,5,0,3,1,5H,3S,0.9081804167279774,19,6,True,True,True,False,0
top_ten,svm,occupancy,full,6,unith,6,Nielsen,Nov_9_g0,0.957720588235294,0.9620655080213905,0.9217914438502673,0.593607305936073,9,9,20,4,8,0,4,9,5,0,4,1,5H,4S,0.9434019327217069,19,39,True,True,True,True,0
top_ten,svm,occupancy,full,6,unith,6,Nielsen,Nov_9_g0,0.957720588235294,0.9620655080213905,0.9217914438502673,0.593607305936073,9,9,20,4,8,0,4,10,5,0,5,1,5H,5S,0.9226393811248921,19,64,True,True,True,True,0
top_ten,svm,occupancy,full,6,unith,6,Nielsen,Nov_9_g0,0.957720588235294,0.9620655080213905,0.9217914438502673,0.593607305936073,9,9,20,4,8,0,4,11,5,0,6,1,5H,6S,0.9180227813792248,19,82,True,True,True,True,0
top_ten,svm,occupancy,full,6,unith,6,Nielsen,Nov_9_g0,0.957720588235294,0.9620655080213905,0.9217914438502673,0.593607305936073,,9,20,4,8,0,5,0,6,0,1,0,6H,1H,,0,62,False,True,False,True,0
top_ten,svm,occupancy,full,6,unith,6,Nielsen,Nov_9_g0,0.957720588235294,0.9620655080213905,0.9217914438502673,0.593607305936073,,9,20,4,8,0,5,1,6,0,2,0,6H,2H,,0,38,False,True,False,True,0
top_ten,svm,occupancy,full,6,unith,6,Nielsen,Nov_9_g0,0.957720588235294,0.9620655080213905,0.9217914438502673,0.593607305936073,,9,20,4,8,0,5,2,6,0,3,0,6H,3H,,0,72,False,True,False,True,0
top_ten,svm,occupancy,full,6,unith,6,Nielsen,Nov_9_g0,0.957720588235294,0.9620655080213905,0.9217914438502673,0.593607305936073,,9,20,4,8,0,5,3,6,0,4,0,6H,4H,,0,34,False,True,False,True,0
top_ten,svm,occupancy,full,6,unith,6,Nielsen,Nov_9_g0,0.957720588235294,0.9620655080213905,0.9217914438502673,0.593607305936073,,9,20,4,8,0,5,4,6,0,5,0,6H,5H,,0,19,False,True,False,True,0
top_ten,svm,occupancy,full,6,unith,6,Nielsen,Nov_9_g0,0.957720588235294,0.9620655080213905,0.9217914438502673,0.593607305936073,,,20,4,8,0,5,5,6,0,6,0,6H,6H,,0,0,False,False,False,False,0
top_ten,svm,occupancy,full,6,unith,6,Nielsen,Nov_9_g0,0.957720588235294,0.9620655080213905,0.9217914438502673,0.593607305936073,,,20,4,8,0,5,6,6,0,1,1,6H,1S,,0,0,False,False,False,False,0
top_ten,svm,occupancy,full,6,unith,6,Nielsen,Nov_9_g0,0.957720588235294,0.9620655080213905,0.9217914438502673,0.593607305936073,,9,20,4,8,0,5,7,6,0,2,1,6H,2S,,0,20,False,True,False,True,0
top_ten,svm,occupancy,full,6,unith,6,Nielsen,Nov_9_g0,0.957720588235294,0.9620655080213905,0.9217914438502673,0.593607305936073,,3,20,4,8,0,5,8,6,0,3,1,6H,3S,,0,6,False,True,False,False,0
top_ten,svm,occupancy,full,6,unith,6,Nielsen,Nov_9_g0,0.957720588235294,0.9620655080213905,0.9217914438502673,0.593607305936073,,9,20,4,8,0,5,9,6,0,4,1,6H,4S,,0,39,False,True,False,True,0
top_ten,svm,occupancy,full,6,unith,6,Nielsen,Nov_9_g0,0.957720588235294,0.9620655080213905,0.9217914438502673,0.593607305936073,,9,20,4,8,0,5,10,6,0,5,1,6H,5S,,0,64,False,True,False,True,0
top_ten,svm,occupancy,full,6,unith,6,Nielsen,Nov_9_g0,0.957720588235294,0.9620655080213905,0.9217914438502673,0.593607305936073,,9,20,4,8,0,5,11,6,0,6,1,6H,6S,,0,82,False,True,False,True,0
top_ten,svm,occupancy,full,6,unith,6,Nielsen,Nov_9_g0,0.957720588235294,0.9620655080213905,0.9217914438502673,0.593607305936073,,9,20,4,8,0,6,0,1,1,1,0,1S,1H,,0,62,False,True,False,True,0
top_ten,svm,occupancy,full,6,unith,6,Nielsen,Nov_9_g0,0.957720588235294,0.9620655080213905,0.9217914438502673,0.593607305936073,,9,20,4,8,0,6,1,1,1,2,0,1S,2H,,0,38,False,True,False,True,0
top_ten,svm,occupancy,full,6,unith,6,Nielsen,Nov_9_g0,0.957720588235294,0.9620655080213905,0.9217914438502673,0.593607305936073,,9,20,4,8,0,6,2,1,1,3,0,1S,3H,,0,72,False,True,False,True,0
top_ten,svm,occupancy,full,6,unith,6,Nielsen,Nov_9_g0,0.957720588235294,0.9620655080213905,0.9217914438502673,0.593607305936073,,9,20,4,8,0,6,3,1,1,4,0,1S,4H,,0,34,False,True,False,True,0
top_ten,svm,occupancy,full,6,unith,6,Nielsen,Nov_9_g0,0.957720588235294,0.9620655080213905,0.9217914438502673,0.593607305936073,,9,20,4,8,0,6,4,1,1,5,0,1S,5H,,0,19,False,True,False,True,0
top_ten,svm,occupancy,full,6,unith,6,Nielsen,Nov_9_g0,0.957720588235294,0.9620655080213905,0.9217914438502673,0.593607305936073,,,20,4,8,0,6,5,1,1,6,0,1S,6H,,0,0,False,False,False,False,0
top_ten,svm,occupancy,full,6,unith,6,Nielsen,Nov_9_g0,0.957720588235294,0.9620655080213905,0.9217914438502673,0.593607305936073,,,20,4,8,0,6,6,1,1,1,1,1S,1S,,0,0,False,False,False,False,0
top_ten,svm,occupancy,full,6,unith,6,Nielsen,Nov_9_g0,0.957720588235294,0.9620655080213905,0.9217914438502673,0.593607305936073,,9,20,4,8,0,6,7,1,1,2,1,1S,2S,,0,20,False,True,False,True,0
top_ten,svm,occupancy,full,6,unith,6,Nielsen,Nov_9_g0,0.957720588235294,0.9620655080213905,0.9217914438502673,0.593607305936073,,3,20,4,8,0,6,8,1,1,3,1,1S,3S,,0,6,False,True,False,False,0
top_ten,svm,occupancy,full,6,unith,6,Nielsen,Nov_9_g0,0.957720588235294,0.9620655080213905,0.9217914438502673,0.593607305936073,,9,20,4,8,0,6,9,1,1,4,1,1S,4S,,0,39,False,True,False,True,0
top_ten,svm,occupancy,full,6,unith,6,Nielsen,Nov_9_g0,0.957720588235294,0.9620655080213905,0.9217914438502673,0.593607305936073,,9,20,4,8,0,6,10,1,1,5,1,1S,5S,,0,64,False,True,False,True,0
top_ten,svm,occupancy,full,6,unith,6,Nielsen,Nov_9_g0,0.957720588235294,0.9620655080213905,0.9217914438502673,0.593607305936073,,9,20,4,8,0,6,11,1,1,6,1,1S,6S,,0,82,False,True,False,True,0
top_ten,svm,occupancy,full,6,unith,6,Nielsen,Nov_9_g0,0.957720588235294,0.9620655080213905,0.9217914438502673,0.593607305936073,9,9,20,4,8,0,7,0,2,1,1,0,2S,1H,0.7961035557174778,20,62,True,True,True,True,0
top_ten,svm,occupancy,full,6,unith,6,Nielsen,Nov_9_g0,0.957720588235294,0.9620655080213905,0.9217914438502673,0.593607305936073,9,9,20,4,8,0,7,1,2,1,2,0,2S,2H,0.8675127815754247,20,38,True,True,True,True,0
top_ten,svm,occupancy,full,6,unith,6,Nielsen,Nov_9_g0,0.957720588235294,0.9620655080213905,0.9217914438502673,0.593607305936073,9,9,20,4,8,0,7,2,2,1,3,0,2S,3H,0.6884249351059621,20,72,True,True,True,True,0
top_ten,svm,occupancy,full,6,unith,6,Nielsen,Nov_9_g0,0.957720588235294,0.9620655080213905,0.9217914438502673,0.593607305936073,9,9,20,4,8,0,7,3,2,1,4,0,2S,4H,0.8621484521985939,20,34,True,True,True,True,0
top_ten,svm,occupancy,full,6,unith,6,Nielsen,Nov_9_g0,0.957720588235294,0.9620655080213905,0.9217914438502673,0.593607305936073,9,9,20,4,8,0,7,4,2,1,5,0,2S,5H,0.6682766217476741,20,19,True,True,True,True,0
top_ten,svm,occupancy,full,6,unith,6,Nielsen,Nov_9_g0,0.957720588235294,0.9620655080213905,0.9217914438502673,0.593607305936073,9,,20,4,8,0,7,5,2,1,6,0,2S,6H,,20,0,True,False,True,False,0
top_ten,svm,occupancy,full,6,unith,6,Nielsen,Nov_9_g0,0.957720588235294,0.9620655080213905,0.9217914438502673,0.593607305936073,9,,20,4,8,0,7,6,2,1,1,1,2S,1S,,20,0,True,False,True,False,0
top_ten,svm,occupancy,full,6,unith,6,Nielsen,Nov_9_g0,0.957720588235294,0.9620655080213905,0.9217914438502673,0.593607305936073,9,9,20,4,8,0,7,7,2,1,2,1,2S,2S,0.8407070555928678,20,20,True,True,True,True,0
top_ten,svm,occupancy,full,6,unith,6,Nielsen,Nov_9_g0,0.957720588235294,0.9620655080213905,0.9217914438502673,0.593607305936073,9,3,20,4,8,0,7,8,2,1,3,1,2S,3S,0.6818532462669287,20,6,True,True,True,False,0
top_ten,svm,occupancy,full,6,unith,6,Nielsen,Nov_9_g0,0.957720588235294,0.9620655080213905,0.9217914438502673,0.593607305936073,9,9,20,4,8,0,7,9,2,1,4,1,2S,4S,0.7595167346953102,20,39,True,True,True,True,0
top_ten,svm,occupancy,full,6,unith,6,Nielsen,Nov_9_g0,0.957720588235294,0.9620655080213905,0.9217914438502673,0.593607305936073,9,9,20,4,8,0,7,10,2,1,5,1,2S,5S,0.7597260810253196,20,64,True,True,True,True,0
top_ten,svm,occupancy,full,6,unith,6,Nielsen,Nov_9_g0,0.957720588235294,0.9620655080213905,0.9217914438502673,0.593607305936073,9,9,20,4,8,0,7,11,2,1,6,1,2S,6S,0.8309727328537706,20,82,True,True,True,True,0
top_ten,svm,occupancy,full,6,unith,6,Nielsen,Nov_9_g0,0.957720588235294,0.9620655080213905,0.9217914438502673,0.593607305936073,3,9,20,4,8,0,8,0,3,1,1,0,3S,1H,0.8886366728329609,6,62,True,True,False,True,0
top_ten,svm,occupancy,full,6,unith,6,Nielsen,Nov_9_g0,0.957720588235294,0.9620655080213905,0.9217914438502673,0.593607305936073,3,9,20,4,8,0,8,1,3,1,2,0,3S,2H,0.8310815096060296,6,38,True,True,False,True,0
top_ten,svm,occupancy,full,6,unith,6,Nielsen,Nov_9_g0,0.957720588235294,0.9620655080213905,0.9217914438502673,0.593607305936073,3,9,20,4,8,0,8,2,3,1,3,0,3S,3H,0.9416056912575677,6,72,True,True,False,True,0
top_ten,svm,occupancy,full,6,unith,6,Nielsen,Nov_9_g0,0.957720588235294,0.9620655080213905,0.9217914438502673,0.593607305936073,3,9,20,4,8,0,8,3,3,1,4,0,3S,4H,0.8219042786855446,6,34,True,True,False,True,0
top_ten,svm,occupancy,full,6,unith,6,Nielsen,Nov_9_g0,0.957720588235294,0.9620655080213905,0.9217914438502673,0.593607305936073,3,9,20,4,8,0,8,4,3,1,5,0,3S,5H,0.9081804167279774,6,19,True,True,False,True,0
top_ten,svm,occupancy,full,6,unith,6,Nielsen,Nov_9_g0,0.957720588235294,0.9620655080213905,0.9217914438502673,0.593607305936073,3,,20,4,8,0,8,5,3,1,6,0,3S,6H,,6,0,True,False,False,False,0
top_ten,svm,occupancy,full,6,unith,6,Nielsen,Nov_9_g0,0.957720588235294,0.9620655080213905,0.9217914438502673,0.593607305936073,3,,20,4,8,0,8,6,3,1,1,1,3S,1S,,6,0,True,False,False,False,0
top_ten,svm,occupancy,full,6,unith,6,Nielsen,Nov_9_g0,0.957720588235294,0.9620655080213905,0.9217914438502673,0.593607305936073,3,9,20,4,8,0,8,7,3,1,2,1,3S,2S,0.6818532462669287,6,20,True,True,False,True,0
top_ten,svm,occupancy,full,6,unith,6,Nielsen,Nov_9_g0,0.957720588235294,0.9620655080213905,0.9217914438502673,0.593607305936073,3,3,20,4,8,0,8,8,3,1,3,1,3S,3S,0.9515837684460411,6,6,True,True,False,False,0
top_ten,svm,occupancy,full,6,unith,6,Nielsen,Nov_9_g0,0.957720588235294,0.9620655080213905,0.9217914438502673,0.593607305936073,3,9,20,4,8,0,8,9,3,1,4,1,3S,4S,0.8822349019594045,6,39,True,True,False,True,0
top_ten,svm,occupancy,full,6,unith,6,Nielsen,Nov_9_g0,0.957720588235294,0.9620655080213905,0.9217914438502673,0.593607305936073,3,9,20,4,8,0,8,10,3,1,5,1,3S,5S,0.9528952899952351,6,64,True,True,False,True,0
top_ten,svm,occupancy,full,6,unith,6,Nielsen,Nov_9_g0,0.957720588235294,0.9620655080213905,0.9217914438502673,0.593607305936073,3,9,20,4,8,0,8,11,3,1,6,1,3S,6S,0.8719279655030139,6,82,True,True,False,True,0
top_ten,svm,occupancy,full,6,unith,6,Nielsen,Nov_9_g0,0.957720588235294,0.9620655080213905,0.9217914438502673,0.593607305936073,9,9,20,4,8,0,9,0,4,1,1,0,4S,1H,0.8363927314967287,39,62,True,True,True,True,0
top_ten,svm,occupancy,full,6,unith,6,Nielsen,Nov_9_g0,0.957720588235294,0.9620655080213905,0.9217914438502673,0.593607305936073,9,9,20,4,8,0,9,1,4,1,2,0,4S,2H,0.9031683063007259,39,38,True,True,True,True,0
top_ten,svm,occupancy,full,6,unith,6,Nielsen,Nov_9_g0,0.957720588235294,0.9620655080213905,0.9217914438502673,0.593607305936073,9,9,20,4,8,0,9,2,4,1,3,0,4S,3H,0.9215224818888448,39,72,True,True,True,True,0
top_ten,svm,occupancy,full,6,unith,6,Nielsen,Nov_9_g0,0.957720588235294,0.9620655080213905,0.9217914438502673,0.593607305936073,9,9,20,4,8,0,9,3,4,1,4,0,4S,4H,0.9070917489828098,39,34,True,True,True,True,0
top_ten,svm,occupancy,full,6,unith,6,Nielsen,Nov_9_g0,0.957720588235294,0.9620655080213905,0.9217914438502673,0.593607305936073,9,9,20,4,8,0,9,4,4,1,5,0,4S,5H,0.9434019327217069,39,19,True,True,True,True,0
top_ten,svm,occupancy,full,6,unith,6,Nielsen,Nov_9_g0,0.957720588235294,0.9620655080213905,0.9217914438502673,0.593607305936073,9,,20,4,8,0,9,5,4,1,6,0,4S,6H,,39,0,True,False,True,False,0
top_ten,svm,occupancy,full,6,unith,6,Nielsen,Nov_9_g0,0.957720588235294,0.9620655080213905,0.9217914438502673,0.593607305936073,9,,20,4,8,0,9,6,4,1,1,1,4S,1S,,39,0,True,False,True,False,0
top_ten,svm,occupancy,full,6,unith,6,Nielsen,Nov_9_g0,0.957720588235294,0.9620655080213905,0.9217914438502673,0.593607305936073,9,9,20,4,8,0,9,7,4,1,2,1,4S,2S,0.7595167346953102,39,20,True,True,True,True,0
top_ten,svm,occupancy,full,6,unith,6,Nielsen,Nov_9_g0,0.957720588235294,0.9620655080213905,0.9217914438502673,0.593607305936073,9,3,20,4,8,0,9,8,4,1,3,1,4S,3S,0.8822349019594045,39,6,True,True,True,False,0
top_ten,svm,occupancy,full,6,unith,6,Nielsen,Nov_9_g0,0.957720588235294,0.9620655080213905,0.9217914438502673,0.593607305936073,9,9,20,4,8,0,9,9,4,1,4,1,4S,4S,0.9189489908163114,39,39,True,True,True,True,0
top_ten,svm,occupancy,full,6,unith,6,Nielsen,Nov_9_g0,0.957720588235294,0.9620655080213905,0.9217914438502673,0.593607305936073,9,9,20,4,8,0,9,10,4,1,5,1,4S,5S,0.9157792320246065,39,64,True,True,True,True,0
top_ten,svm,occupancy,full,6,unith,6,Nielsen,Nov_9_g0,0.957720588235294,0.9620655080213905,0.9217914438502673,0.593607305936073,9,9,20,4,8,0,9,11,4,1,6,1,4S,6S,0.9367187251231541,39,82,True,True,True,True,0
top_ten,svm,occupancy,full,6,unith,6,Nielsen,Nov_9_g0,0.957720588235294,0.9620655080213905,0.9217914438502673,0.593607305936073,9,9,20,4,8,0,10,0,5,1,1,0,5S,1H,0.8815093314876028,64,62,True,True,True,True,0
top_ten,svm,occupancy,full,6,unith,6,Nielsen,Nov_9_g0,0.957720588235294,0.9620655080213905,0.9217914438502673,0.593607305936073,9,9,20,4,8,0,10,1,5,1,2,0,5S,2H,0.887448565617517,64,38,True,True,True,True,0
top_ten,svm,occupancy,full,6,unith,6,Nielsen,Nov_9_g0,0.957720588235294,0.9620655080213905,0.9217914438502673,0.593607305936073,9,9,20,4,8,0,10,2,5,1,3,0,5S,3H,0.9431411426591462,64,72,True,True,True,True,0
top_ten,svm,occupancy,full,6,unith,6,Nielsen,Nov_9_g0,0.957720588235294,0.9620655080213905,0.9217914438502673,0.593607305936073,9,9,20,4,8,0,10,3,5,1,4,0,5S,4H,0.865526324790466,64,34,True,True,True,True,0
top_ten,svm,occupancy,full,6,unith,6,Nielsen,Nov_9_g0,0.957720588235294,0.9620655080213905,0.9217914438502673,0.593607305936073,9,9,20,4,8,0,10,4,5,1,5,0,5S,5H,0.9226393811248921,64,19,True,True,True,True,0
top_ten,svm,occupancy,full,6,unith,6,Nielsen,Nov_9_g0,0.957720588235294,0.9620655080213905,0.9217914438502673,0.593607305936073,9,,20,4,8,0,10,5,5,1,6,0,5S,6H,,64,0,True,False,True,False,0
top_ten,svm,occupancy,full,6,unith,6,Nielsen,Nov_9_g0,0.957720588235294,0.9620655080213905,0.9217914438502673,0.593607305936073,9,,20,4,8,0,10,6,5,1,1,1,5S,1S,,64,0,True,False,True,False,0
top_ten,svm,occupancy,full,6,unith,6,Nielsen,Nov_9_g0,0.957720588235294,0.9620655080213905,0.9217914438502673,0.593607305936073,9,9,20,4,8,0,10,7,5,1,2,1,5S,2S,0.7597260810253196,64,20,True,True,True,True,0
top_ten,svm,occupancy,full,6,unith,6,Nielsen,Nov_9_g0,0.957720588235294,0.9620655080213905,0.9217914438502673,0.593607305936073,9,3,20,4,8,0,10,8,5,1,3,1,5S,3S,0.9528952899952351,64,6,True,True,True,False,0
top_ten,svm,occupancy,full,6,unith,6,Nielsen,Nov_9_g0,0.957720588235294,0.9620655080213905,0.9217914438502673,0.593607305936073,9,9,20,4,8,0,10,9,5,1,4,1,5S,4S,0.9157792320246065,64,39,True,True,True,True,0
top_ten,svm,occupancy,full,6,unith,6,Nielsen,Nov_9_g0,0.957720588235294,0.9620655080213905,0.9217914438502673,0.593607305936073,9,9,20,4,8,0,10,10,5,1,5,1,5S,5S,0.9286485192794889,64,64,True,True,True,True,0
top_ten,svm,occupancy,full,6,unith,6,Nielsen,Nov_9_g0,0.957720588235294,0.9620655080213905,0.9217914438502673,0.593607305936073,9,9,20,4,8,0,10,11,5,1,6,1,5S,6S,0.9080247160358892,64,82,True,True,True,True,0
top_ten,svm,occupancy,full,6,unith,6,Nielsen,Nov_9_g0,0.957720588235294,0.9620655080213905,0.9217914438502673,0.593607305936073,9,9,20,4,8,0,11,0,6,1,1,0,6S,1H,0.8341666111399698,82,62,True,True,True,True,0
top_ten,svm,occupancy,full,6,unith,6,Nielsen,Nov_9_g0,0.957720588235294,0.9620655080213905,0.9217914438502673,0.593607305936073,9,9,20,4,8,0,11,1,6,1,2,0,6S,2H,0.9233183712568943,82,38,True,True,True,True,0
top_ten,svm,occupancy,full,6,unith,6,Nielsen,Nov_9_g0,0.957720588235294,0.9620655080213905,0.9217914438502673,0.593607305936073,9,9,20,4,8,0,11,2,6,1,3,0,6S,3H,0.9002081067469059,82,72,True,True,True,True,0
top_ten,svm,occupancy,full,6,unith,6,Nielsen,Nov_9_g0,0.957720588235294,0.9620655080213905,0.9217914438502673,0.593607305936073,9,9,20,4,8,0,11,3,6,1,4,0,6S,4H,0.9273598762461635,82,34,True,True,True,True,0
top_ten,svm,occupancy,full,6,unith,6,Nielsen,Nov_9_g0,0.957720588235294,0.9620655080213905,0.9217914438502673,0.593607305936073,9,9,20,4,8,0,11,4,6,1,5,0,6S,5H,0.9180227813792248,82,19,True,True,True,True,0
top_ten,svm,occupancy,full,6,unith,6,Nielsen,Nov_9_g0,0.957720588235294,0.9620655080213905,0.9217914438502673,0.593607305936073,9,,20,4,8,0,11,5,6,1,6,0,6S,6H,,82,0,True,False,True,False,0
top_ten,svm,occupancy,full,6,unith,6,Nielsen,Nov_9_g0,0.957720588235294,0.9620655080213905,0.9217914438502673,0.593607305936073,9,,20,4,8,0,11,6,6,1,1,1,6S,1S,,82,0,True,False,True,False,0
top_ten,svm,occupancy,full,6,unith,6,Nielsen,Nov_9_g0,0.957720588235294,0.9620655080213905,0.9217914438502673,0.593607305936073,9,9,20,4,8,0,11,7,6,1,2,1,6S,2S,0.8309727328537706,82,20,True,True,True,True,0
top_ten,svm,occupancy,full,6,unith,6,Nielsen,Nov_9_g0,0.957720588235294,0.9620655080213905,0.9217914438502673,0.593607305936073,9,3,20,4,8,0,11,8,6,1,3,1,6S,3S,0.8719279655030139,82,6,True,True,True,False,0
top_ten,svm,occupancy,full,6,unith,6,Nielsen,Nov_9_g0,0.957720588235294,0.9620655080213905,0.9217914438502673,0.593607305936073,9,9,20,4,8,0,11,9,6,1,4,1,6S,4S,0.9367187251231541,82,39,True,True,True,True,0
top_ten,svm,occupancy,full,6,unith,6,Nielsen,Nov_9_g0,0.957720588235294,0.9620655080213905,0.9217914438502673,0.593607305936073,9,9,20,4,8,0,11,10,6,1,5,1,6S,5S,0.9080247160358892,82,64,True,True,True,True,0
top_ten,svm,occupancy,full,6,unith,6,Nielsen,Nov_9_g0,0.957720588235294,0.9620655080213905,0.9217914438502673,0.593607305936073,9,9,20,4,8,0,11,11,6,1,6,1,6S,6S,0.9480402012479093,82,82,True,True,True,True,0
top_ten,svm,occupancy,full,6,unith,6,Nielsen,Oct_21_g0,0.990039008080245,0.9988854834215659,0.976177208135971,0.6844106463878327,4,4,20,4,8,0,0,0,1,0,1,0,1H,1H,0.7994922663201438,72,72,True,True,True,True,0
top_ten,svm,occupancy,full,6,unith,6,Nielsen,Oct_21_g0,0.990039008080245,0.9988854834215659,0.976177208135971,0.6844106463878327,4,4,20,4,8,0,0,1,1,0,2,0,1H,2H,0.8455478616671727,72,55,True,True,True,True,0
top_ten,svm,occupancy,full,6,unith,6,Nielsen,Oct_21_g0,0.990039008080245,0.9988854834215659,0.976177208135971,0.6844106463878327,4,4,20,4,8,0,0,2,1,0,3,0,1H,3H,0.8382573052034527,72,86,True,True,True,True,0
top_ten,svm,occupancy,full,6,unith,6,Nielsen,Oct_21_g0,0.990039008080245,0.9988854834215659,0.976177208135971,0.6844106463878327,4,4,20,4,8,0,0,3,1,0,4,0,1H,4H,0.8754033236599789,72,28,True,True,True,True,0
top_ten,svm,occupancy,full,6,unith,6,Nielsen,Oct_21_g0,0.990039008080245,0.9988854834215659,0.976177208135971,0.6844106463878327,4,4,20,4,8,0,0,4,1,0,5,0,1H,5H,0.8628849213045395,72,16,True,True,True,True,0
top_ten,svm,occupancy,full,6,unith,6,Nielsen,Oct_21_g0,0.990039008080245,0.9988854834215659,0.976177208135971,0.6844106463878327,4,,20,4,8,0,0,5,1,0,6,0,1H,6H,,72,0,True,False,True,False,0
top_ten,svm,occupancy,full,6,unith,6,Nielsen,Oct_21_g0,0.990039008080245,0.9988854834215659,0.976177208135971,0.6844106463878327,4,,20,4,8,0,0,6,1,0,1,1,1H,1S,,72,0,True,False,True,False,0
top_ten,svm,occupancy,full,6,unith,6,Nielsen,Oct_21_g0,0.990039008080245,0.9988854834215659,0.976177208135971,0.6844106463878327,4,4,20,4,8,0,0,7,1,0,2,1,1H,2S,0.8355763354692499,72,11,True,True,True,True,0
top_ten,svm,occupancy,full,6,unith,6,Nielsen,Oct_21_g0,0.990039008080245,0.9988854834215659,0.976177208135971,0.6844106463878327,4,4,20,4,8,0,0,8,1,0,3,1,1H,3S,0.8105268436897088,72,8,True,True,True,True,0
top_ten,svm,occupancy,full,6,unith,6,Nielsen,Oct_21_g0,0.990039008080245,0.9988854834215659,0.976177208135971,0.6844106463878327,4,4,20,4,8,0,0,9,1,0,4,1,1H,4S,0.8558103441747866,72,59,True,True,True,True,0
top_ten,svm,occupancy,full,6,unith,6,Nielsen,Oct_21_g0,0.990039008080245,0.9988854834215659,0.976177208135971,0.6844106463878327,4,4,20,4,8,0,0,10,1,0,5,1,1H,5S,0.8021130417999561,72,87,True,True,True,True,0
top_ten,svm,occupancy,full,6,unith,6,Nielsen,Oct_21_g0,0.990039008080245,0.9988854834215659,0.976177208135971,0.6844106463878327,4,4,20,4,8,0,0,11,1,0,6,1,1H,6S,0.8506334048564111,72,95,True,True,True,True,0
top_ten,svm,occupancy,full,6,unith,6,Nielsen,Oct_21_g0,0.990039008080245,0.9988854834215659,0.976177208135971,0.6844106463878327,4,4,20,4,8,0,1,0,2,0,1,0,2H,1H,0.8455478616671727,55,72,True,True,True,True,0
top_ten,svm,occupancy,full,6,unith,6,Nielsen,Oct_21_g0,0.990039008080245,0.9988854834215659,0.976177208135971,0.6844106463878327,4,4,20,4,8,0,1,1,2,0,2,0,2H,2H,0.9107530395724022,55,55,True,True,True,True,0
top_ten,svm,occupancy,full,6,unith,6,Nielsen,Oct_21_g0,0.990039008080245,0.9988854834215659,0.976177208135971,0.6844106463878327,4,4,20,4,8,0,1,2,2,0,3,0,2H,3H,0.8727605047756045,55,86,True,True,True,True,0
top_ten,svm,occupancy,full,6,unith,6,Nielsen,Oct_21_g0,0.990039008080245,0.9988854834215659,0.976177208135971,0.6844106463878327,4,4,20,4,8,0,1,3,2,0,4,0,2H,4H,0.9075643011053589,55,28,True,True,True,True,0
top_ten,svm,occupancy,full,6,unith,6,Nielsen,Oct_21_g0,0.990039008080245,0.9988854834215659,0.976177208135971,0.6844106463878327,4,4,20,4,8,0,1,4,2,0,5,0,2H,5H,0.9090716590893393,55,16,True,True,True,True,0
top_ten,svm,occupancy,full,6,unith,6,Nielsen,Oct_21_g0,0.990039008080245,0.9988854834215659,0.976177208135971,0.6844106463878327,4,,20,4,8,0,1,5,2,0,6,0,2H,6H,,55,0,True,False,True,False,0
top_ten,svm,occupancy,full,6,unith,6,Nielsen,Oct_21_g0,0.990039008080245,0.9988854834215659,0.976177208135971,0.6844106463878327,4,,20,4,8,0,1,6,2,0,1,1,2H,1S,,55,0,True,False,True,False,0
top_ten,svm,occupancy,full,6,unith,6,Nielsen,Oct_21_g0,0.990039008080245,0.9988854834215659,0.976177208135971,0.6844106463878327,4,4,20,4,8,0,1,7,2,0,2,1,2H,2S,0.8800022533053193,55,11,True,True,True,True,0
top_ten,svm,occupancy,full,6,unith,6,Nielsen,Oct_21_g0,0.990039008080245,0.9988854834215659,0.976177208135971,0.6844106463878327,4,4,20,4,8,0,1,8,2,0,3,1,2H,3S,0.8998993110011877,55,8,True,True,True,True,0
top_ten,svm,occupancy,full,6,unith,6,Nielsen,Oct_21_g0,0.990039008080245,0.9988854834215659,0.976177208135971,0.6844106463878327,4,4,20,4,8,0,1,9,2,0,4,1,2H,4S,0.9110072150819473,55,59,True,True,True,True,0
top_ten,svm,occupancy,full,6,unith,6,Nielsen,Oct_21_g0,0.990039008080245,0.9988854834215659,0.976177208135971,0.6844106463878327,4,4,20,4,8,0,1,10,2,0,5,1,2H,5S,0.8584376502071969,55,87,True,True,True,True,0
top_ten,svm,occupancy,full,6,unith,6,Nielsen,Oct_21_g0,0.990039008080245,0.9988854834215659,0.976177208135971,0.6844106463878327,4,4,20,4,8,0,1,11,2,0,6,1,2H,6S,0.9178153883598006,55,95,True,True,True,True,0
top_ten,svm,occupancy,full,6,unith,6,Nielsen,Oct_21_g0,0.990039008080245,0.9988854834215659,0.976177208135971,0.6844106463878327,4,4,20,4,8,0,2,0,3,0,1,0,3H,1H,0.8382573052034527,86,72,True,True,True,True,0
top_ten,svm,occupancy,full,6,unith,6,Nielsen,Oct_21_g0,0.990039008080245,0.9988854834215659,0.976177208135971,0.6844106463878327,4,4,20,4,8,0,2,1,3,0,2,0,3H,2H,0.8727605047756045,86,55,True,True,True,True,0
top_ten,svm,occupancy,full,6,unith,6,Nielsen,Oct_21_g0,0.990039008080245,0.9988854834215659,0.976177208135971,0.6844106463878327,4,4,20,4,8,0,2,2,3,0,3,0,3H,3H,0.898297974331434,86,86,True,True,True,True,0
top_ten,svm,occupancy,full,6,unith,6,Nielsen,Oct_21_g0,0.990039008080245,0.9988854834215659,0.976177208135971,0.6844106463878327,4,4,20,4,8,0,2,3,3,0,4,0,3H,4H,0.9146983755225543,86,28,True,True,True,True,0
top_ten,svm,occupancy,full,6,unith,6,Nielsen,Oct_21_g0,0.990039008080245,0.9988854834215659,0.976177208135971,0.6844106463878327,4,4,20,4,8,0,2,4,3,0,5,0,3H,5H,0.9217415013794188,86,16,True,True,True,True,0
top_ten,svm,occupancy,full,6,unith,6,Nielsen,Oct_21_g0,0.990039008080245,0.9988854834215659,0.976177208135971,0.6844106463878327,4,,20,4,8,0,2,5,3,0,6,0,3H,6H,,86,0,True,False,True,False,0
top_ten,svm,occupancy,full,6,unith,6,Nielsen,Oct_21_g0,0.990039008080245,0.9988854834215659,0.976177208135971,0.6844106463878327,4,,20,4,8,0,2,6,3,0,1,1,3H,1S,,86,0,True,False,True,False,0
top_ten,svm,occupancy,full,6,unith,6,Nielsen,Oct_21_g0,0.990039008080245,0.9988854834215659,0.976177208135971,0.6844106463878327,4,4,20,4,8,0,2,7,3,0,2,1,3H,2S,0.910758824474932,86,11,True,True,True,True,0
top_ten,svm,occupancy,full,6,unith,6,Nielsen,Oct_21_g0,0.990039008080245,0.9988854834215659,0.976177208135971,0.6844106463878327,4,4,20,4,8,0,2,8,3,0,3,1,3H,3S,0.8874501310986413,86,8,True,True,True,True,0
top_ten,svm,occupancy,full,6,unith,6,Nielsen,Oct_21_g0,0.990039008080245,0.9988854834215659,0.976177208135971,0.6844106463878327,4,4,20,4,8,0,2,9,3,0,4,1,3H,4S,0.912217767679663,86,59,True,True,True,True,0
top_ten,svm,occupancy,full,6,unith,6,Nielsen,Oct_21_g0,0.990039008080245,0.9988854834215659,0.976177208135971,0.6844106463878327,4,4,20,4,8,0,2,10,3,0,5,1,3H,5S,0.8846343891161453,86,87,True,True,True,True,0
top_ten,svm,occupancy,full,6,unith,6,Nielsen,Oct_21_g0,0.990039008080245,0.9988854834215659,0.976177208135971,0.6844106463878327,4,4,20,4,8,0,2,11,3,0,6,1,3H,6S,0.919571722033999,86,95,True,True,True,True,0
top_ten,svm,occupancy,full,6,unith,6,Nielsen,Oct_21_g0,0.990039008080245,0.9988854834215659,0.976177208135971,0.6844106463878327,4,4,20,4,8,0,3,0,4,0,1,0,4H,1H,0.8754033236599789,28,72,True,True,True,True,0
top_ten,svm,occupancy,full,6,unith,6,Nielsen,Oct_21_g0,0.990039008080245,0.9988854834215659,0.976177208135971,0.6844106463878327,4,4,20,4,8,0,3,1,4,0,2,0,4H,2H,0.9075643011053589,28,55,True,True,True,True,0
top_ten,svm,occupancy,full,6,unith,6,Nielsen,Oct_21_g0,0.990039008080245,0.9988854834215659,0.976177208135971,0.6844106463878327,4,4,20,4,8,0,3,2,4,0,3,0,4H,3H,0.9146983755225543,28,86,True,True,True,True,0
top_ten,svm,occupancy,full,6,unith,6,Nielsen,Oct_21_g0,0.990039008080245,0.9988854834215659,0.976177208135971,0.6844106463878327,4,4,20,4,8,0,3,3,4,0,4,0,4H,4H,0.937429157503549,28,28,True,True,True,True,0
top_ten,svm,occupancy,full,6,unith,6,Nielsen,Oct_21_g0,0.990039008080245,0.9988854834215659,0.976177208135971,0.6844106463878327,4,4,20,4,8,0,3,4,4,0,5,0,4H,5H,0.9415396184051635,28,16,True,True,True,True,0
top_ten,svm,occupancy,full,6,unith,6,Nielsen,Oct_21_g0,0.990039008080245,0.9988854834215659,0.976177208135971,0.6844106463878327,4,,20,4,8,0,3,5,4,0,6,0,4H,6H,,28,0,True,False,True,False,0
top_ten,svm,occupancy,full,6,unith,6,Nielsen,Oct_21_g0,0.990039008080245,0.9988854834215659,0.976177208135971,0.6844106463878327,4,,20,4,8,0,3,6,4,0,1,1,4H,1S,,28,0,True,False,True,False,0
top_ten,svm,occupancy,full,6,unith,6,Nielsen,Oct_21_g0,0.990039008080245,0.9988854834215659,0.976177208135971,0.6844106463878327,4,4,20,4,8,0,3,7,4,0,2,1,4H,2S,0.9291527380233763,28,11,True,True,True,True,0
top_ten,svm,occupancy,full,6,unith,6,Nielsen,Oct_21_g0,0.990039008080245,0.9988854834215659,0.976177208135971,0.6844106463878327,4,4,20,4,8,0,3,8,4,0,3,1,4H,3S,0.9256401908102596,28,8,True,True,True,True,0
top_ten,svm,occupancy,full,6,unith,6,Nielsen,Oct_21_g0,0.990039008080245,0.9988854834215659,0.976177208135971,0.6844106463878327,4,4,20,4,8,0,3,9,4,0,4,1,4H,4S,0.9499446644251487,28,59,True,True,True,True,0
top_ten,svm,occupancy,full,6,unith,6,Nielsen,Oct_21_g0,0.990039008080245,0.9988854834215659,0.976177208135971,0.6844106463878327,4,4,20,4,8,0,3,10,4,0,5,1,4H,5S,0.8935253472557655,28,87,True,True,True,True,0
top_ten,svm,occupancy,full,6,unith,6,Nielsen,Oct_21_g0,0.990039008080245,0.9988854834215659,0.976177208135971,0.6844106463878327,4,4,20,4,8,0,3,11,4,0,6,1,4H,6S,0.9401588784502044,28,95,True,True,True,True,0
top_ten,svm,occupancy,full,6,unith,6,Nielsen,Oct_21_g0,0.990039008080245,0.9988854834215659,0.976177208135971,0.6844106463878327,4,4,20,4,8,0,4,0,5,0,1,0,5H,1H,0.8628849213045395,16,72,True,True,True,True,0
top_ten,svm,occupancy,full,6,unith,6,Nielsen,Oct_21_g0,0.990039008080245,0.9988854834215659,0.976177208135971,0.6844106463878327,4,4,20,4,8,0,4,1,5,0,2,0,5H,2H,0.9090716590893393,16,55,True,True,True,True,0
top_ten,svm,occupancy,full,6,unith,6,Nielsen,Oct_21_g0,0.990039008080245,0.9988854834215659,0.976177208135971,0.6844106463878327,4,4,20,4,8,0,4,2,5,0,3,0,5H,3H,0.9217415013794188,16,86,True,True,True,True,0
top_ten,svm,occupancy,full,6,unith,6,Nielsen,Oct_21_g0,0.990039008080245,0.9988854834215659,0.976177208135971,0.6844106463878327,4,4,20,4,8,0,4,3,5,0,4,0,5H,4H,0.9415396184051635,16,28,True,True,True,True,0
top_ten,svm,occupancy,full,6,unith,6,Nielsen,Oct_21_g0,0.990039008080245,0.9988854834215659,0.976177208135971,0.6844106463878327,4,4,20,4,8,0,4,4,5,0,5,0,5H,5H,0.9388442291417787,16,16,True,True,True,True,0
top_ten,svm,occupancy,full,6,unith,6,Nielsen,Oct_21_g0,0.990039008080245,0.9988854834215659,0.976177208135971,0.6844106463878327,4,,20,4,8,0,4,5,5,0,6,0,5H,6H,,16,0,True,False,True,False,0
top_ten,svm,occupancy,full,6,unith,6,Nielsen,Oct_21_g0,0.990039008080245,0.9988854834215659,0.976177208135971,0.6844106463878327,4,,20,4,8,0,4,6,5,0,1,1,5H,1S,,16,0,True,False,True,False,0
top_ten,svm,occupancy,full,6,unith,6,Nielsen,Oct_21_g0,0.990039008080245,0.9988854834215659,0.976177208135971,0.6844106463878327,4,4,20,4,8,0,4,7,5,0,2,1,5H,2S,0.9095458359841307,16,11,True,True,True,True,0
top_ten,svm,occupancy,full,6,unith,6,Nielsen,Oct_21_g0,0.990039008080245,0.9988854834215659,0.976177208135971,0.6844106463878327,4,4,20,4,8,0,4,8,5,0,3,1,5H,3S,0.899120032359732,16,8,True,True,True,True,0
top_ten,svm,occupancy,full,6,unith,6,Nielsen,Oct_21_g0,0.990039008080245,0.9988854834215659,0.976177208135971,0.6844106463878327,4,4,20,4,8,0,4,9,5,0,4,1,5H,4S,0.932395755115947,16,59,True,True,True,True,0
top_ten,svm,occupancy,full,6,unith,6,Nielsen,Oct_21_g0,0.990039008080245,0.9988854834215659,0.976177208135971,0.6844106463878327,4,4,20,4,8,0,4,10,5,0,5,1,5H,5S,0.8930308658187123,16,87,True,True,True,True,0
top_ten,svm,occupancy,full,6,unith,6,Nielsen,Oct_21_g0,0.990039008080245,0.9988854834215659,0.976177208135971,0.6844106463878327,4,4,20,4,8,0,4,11,5,0,6,1,5H,6S,0.9341844348618269,16,95,True,True,True,True,0
top_ten,svm,occupancy,full,6,unith,6,Nielsen,Oct_21_g0,0.990039008080245,0.9988854834215659,0.976177208135971,0.6844106463878327,,4,20,4,8,0,5,0,6,0,1,0,6H,1H,,0,72,False,True,False,True,0
top_ten,svm,occupancy,full,6,unith,6,Nielsen,Oct_21_g0,0.990039008080245,0.9988854834215659,0.976177208135971,0.6844106463878327,,4,20,4,8,0,5,1,6,0,2,0,6H,2H,,0,55,False,True,False,True,0
top_ten,svm,occupancy,full,6,unith,6,Nielsen,Oct_21_g0,0.990039008080245,0.9988854834215659,0.976177208135971,0.6844106463878327,,4,20,4,8,0,5,2,6,0,3,0,6H,3H,,0,86,False,True,False,True,0
top_ten,svm,occupancy,full,6,unith,6,Nielsen,Oct_21_g0,0.990039008080245,0.9988854834215659,0.976177208135971,0.6844106463878327,,4,20,4,8,0,5,3,6,0,4,0,6H,4H,,0,28,False,True,False,True,0
top_ten,svm,occupancy,full,6,unith,6,Nielsen,Oct_21_g0,0.990039008080245,0.9988854834215659,0.976177208135971,0.6844106463878327,,4,20,4,8,0,5,4,6,0,5,0,6H,5H,,0,16,False,True,False,True,0
top_ten,svm,occupancy,full,6,unith,6,Nielsen,Oct_21_g0,0.990039008080245,0.9988854834215659,0.976177208135971,0.6844106463878327,,,20,4,8,0,5,5,6,0,6,0,6H,6H,,0,0,False,False,False,False,0
top_ten,svm,occupancy,full,6,unith,6,Nielsen,Oct_21_g0,0.990039008080245,0.9988854834215659,0.976177208135971,0.6844106463878327,,,20,4,8,0,5,6,6,0,1,1,6H,1S,,0,0,False,False,False,False,0
top_ten,svm,occupancy,full,6,unith,6,Nielsen,Oct_21_g0,0.990039008080245,0.9988854834215659,0.976177208135971,0.6844106463878327,,4,20,4,8,0,5,7,6,0,2,1,6H,2S,,0,11,False,True,False,True,0
top_ten,svm,occupancy,full,6,unith,6,Nielsen,Oct_21_g0,0.990039008080245,0.9988854834215659,0.976177208135971,0.6844106463878327,,4,20,4,8,0,5,8,6,0,3,1,6H,3S,,0,8,False,True,False,True,0
top_ten,svm,occupancy,full,6,unith,6,Nielsen,Oct_21_g0,0.990039008080245,0.9988854834215659,0.976177208135971,0.6844106463878327,,4,20,4,8,0,5,9,6,0,4,1,6H,4S,,0,59,False,True,False,True,0
top_ten,svm,occupancy,full,6,unith,6,Nielsen,Oct_21_g0,0.990039008080245,0.9988854834215659,0.976177208135971,0.6844106463878327,,4,20,4,8,0,5,10,6,0,5,1,6H,5S,,0,87,False,True,False,True,0
top_ten,svm,occupancy,full,6,unith,6,Nielsen,Oct_21_g0,0.990039008080245,0.9988854834215659,0.976177208135971,0.6844106463878327,,4,20,4,8,0,5,11,6,0,6,1,6H,6S,,0,95,False,True,False,True,0
top_ten,svm,occupancy,full,6,unith,6,Nielsen,Oct_21_g0,0.990039008080245,0.9988854834215659,0.976177208135971,0.6844106463878327,,4,20,4,8,0,6,0,1,1,1,0,1S,1H,,0,72,False,True,False,True,0
top_ten,svm,occupancy,full,6,unith,6,Nielsen,Oct_21_g0,0.990039008080245,0.9988854834215659,0.976177208135971,0.6844106463878327,,4,20,4,8,0,6,1,1,1,2,0,1S,2H,,0,55,False,True,False,True,0
top_ten,svm,occupancy,full,6,unith,6,Nielsen,Oct_21_g0,0.990039008080245,0.9988854834215659,0.976177208135971,0.6844106463878327,,4,20,4,8,0,6,2,1,1,3,0,1S,3H,,0,86,False,True,False,True,0
top_ten,svm,occupancy,full,6,unith,6,Nielsen,Oct_21_g0,0.990039008080245,0.9988854834215659,0.976177208135971,0.6844106463878327,,4,20,4,8,0,6,3,1,1,4,0,1S,4H,,0,28,False,True,False,True,0
top_ten,svm,occupancy,full,6,unith,6,Nielsen,Oct_21_g0,0.990039008080245,0.9988854834215659,0.976177208135971,0.6844106463878327,,4,20,4,8,0,6,4,1,1,5,0,1S,5H,,0,16,False,True,False,True,0
top_ten,svm,occupancy,full,6,unith,6,Nielsen,Oct_21_g0,0.990039008080245,0.9988854834215659,0.976177208135971,0.6844106463878327,,,20,4,8,0,6,5,1,1,6,0,1S,6H,,0,0,False,False,False,False,0
top_ten,svm,occupancy,full,6,unith,6,Nielsen,Oct_21_g0,0.990039008080245,0.9988854834215659,0.976177208135971,0.6844106463878327,,,20,4,8,0,6,6,1,1,1,1,1S,1S,,0,0,False,False,False,False,0
top_ten,svm,occupancy,full,6,unith,6,Nielsen,Oct_21_g0,0.990039008080245,0.9988854834215659,0.976177208135971,0.6844106463878327,,4,20,4,8,0,6,7,1,1,2,1,1S,2S,,0,11,False,True,False,True,0
top_ten,svm,occupancy,full,6,unith,6,Nielsen,Oct_21_g0,0.990039008080245,0.9988854834215659,0.976177208135971,0.6844106463878327,,4,20,4,8,0,6,8,1,1,3,1,1S,3S,,0,8,False,True,False,True,0
top_ten,svm,occupancy,full,6,unith,6,Nielsen,Oct_21_g0,0.990039008080245,0.9988854834215659,0.976177208135971,0.6844106463878327,,4,20,4,8,0,6,9,1,1,4,1,1S,4S,,0,59,False,True,False,True,0
top_ten,svm,occupancy,full,6,unith,6,Nielsen,Oct_21_g0,0.990039008080245,0.9988854834215659,0.976177208135971,0.6844106463878327,,4,20,4,8,0,6,10,1,1,5,1,1S,5S,,0,87,False,True,False,True,0
top_ten,svm,occupancy,full,6,unith,6,Nielsen,Oct_21_g0,0.990039008080245,0.9988854834215659,0.976177208135971,0.6844106463878327,,4,20,4,8,0,6,11,1,1,6,1,1S,6S,,0,95,False,True,False,True,0
top_ten,svm,occupancy,full,6,unith,6,Nielsen,Oct_21_g0,0.990039008080245,0.9988854834215659,0.976177208135971,0.6844106463878327,4,4,20,4,8,0,7,0,2,1,1,0,2S,1H,0.8355763354692499,11,72,True,True,True,True,0
top_ten,svm,occupancy,full,6,unith,6,Nielsen,Oct_21_g0,0.990039008080245,0.9988854834215659,0.976177208135971,0.6844106463878327,4,4,20,4,8,0,7,1,2,1,2,0,2S,2H,0.8800022533053193,11,55,True,True,True,True,0
top_ten,svm,occupancy,full,6,unith,6,Nielsen,Oct_21_g0,0.990039008080245,0.9988854834215659,0.976177208135971,0.6844106463878327,4,4,20,4,8,0,7,2,2,1,3,0,2S,3H,0.910758824474932,11,86,True,True,True,True,0
top_ten,svm,occupancy,full,6,unith,6,Nielsen,Oct_21_g0,0.990039008080245,0.9988854834215659,0.976177208135971,0.6844106463878327,4,4,20,4,8,0,7,3,2,1,4,0,2S,4H,0.9291527380233763,11,28,True,True,True,True,0
top_ten,svm,occupancy,full,6,unith,6,Nielsen,Oct_21_g0,0.990039008080245,0.9988854834215659,0.976177208135971,0.6844106463878327,4,4,20,4,8,0,7,4,2,1,5,0,2S,5H,0.9095458359841307,11,16,True,True,True,True,0
top_ten,svm,occupancy,full,6,unith,6,Nielsen,Oct_21_g0,0.990039008080245,0.9988854834215659,0.976177208135971,0.6844106463878327,4,,20,4,8,0,7,5,2,1,6,0,2S,6H,,11,0,True,False,True,False,0
top_ten,svm,occupancy,full,6,unith,6,Nielsen,Oct_21_g0,0.990039008080245,0.9988854834215659,0.976177208135971,0.6844106463878327,4,,20,4,8,0,7,6,2,1,1,1,2S,1S,,11,0,True,False,True,False,0
top_ten,svm,occupancy,full,6,unith,6,Nielsen,Oct_21_g0,0.990039008080245,0.9988854834215659,0.976177208135971,0.6844106463878327,4,4,20,4,8,0,7,7,2,1,2,1,2S,2S,0.8958558495970455,11,11,True,True,True,True,0
top_ten,svm,occupancy,full,6,unith,6,Nielsen,Oct_21_g0,0.990039008080245,0.9988854834215659,0.976177208135971,0.6844106463878327,4,4,20,4,8,0,7,8,2,1,3,1,2S,3S,0.9151274299057702,11,8,True,True,True,True,0
top_ten,svm,occupancy,full,6,unith,6,Nielsen,Oct_21_g0,0.990039008080245,0.9988854834215659,0.976177208135971,0.6844106463878327,4,4,20,4,8,0,7,9,2,1,4,1,2S,4S,0.929222788733829,11,59,True,True,True,True,0
top_ten,svm,occupancy,full,6,unith,6,Nielsen,Oct_21_g0,0.990039008080245,0.9988854834215659,0.976177208135971,0.6844106463878327,4,4,20,4,8,0,7,10,2,1,5,1,2S,5S,0.8978200018018295,11,87,True,True,True,True,0
top_ten,svm,occupancy,full,6,unith,6,Nielsen,Oct_21_g0,0.990039008080245,0.9988854834215659,0.976177208135971,0.6844106463878327,4,4,20,4,8,0,7,11,2,1,6,1,2S,6S,0.9318907810967108,11,95,True,True,True,True,0
top_ten,svm,occupancy,full,6,unith,6,Nielsen,Oct_21_g0,0.990039008080245,0.9988854834215659,0.976177208135971,0.6844106463878327,4,4,20,4,8,0,8,0,3,1,1,0,3S,1H,0.8105268436897088,8,72,True,True,True,True,0
top_ten,svm,occupancy,full,6,unith,6,Nielsen,Oct_21_g0,0.990039008080245,0.9988854834215659,0.976177208135971,0.6844106463878327,4,4,20,4,8,0,8,1,3,1,2,0,3S,2H,0.8998993110011877,8,55,True,True,True,True,0
top_ten,svm,occupancy,full,6,unith,6,Nielsen,Oct_21_g0,0.990039008080245,0.9988854834215659,0.976177208135971,0.6844106463878327,4,4,20,4,8,0,8,2,3,1,3,0,3S,3H,0.8874501310986413,8,86,True,True,True,True,0
top_ten,svm,occupancy,full,6,unith,6,Nielsen,Oct_21_g0,0.990039008080245,0.9988854834215659,0.976177208135971,0.6844106463878327,4,4,20,4,8,0,8,3,3,1,4,0,3S,4H,0.9256401908102596,8,28,True,True,True,True,0
top_ten,svm,occupancy,full,6,unith,6,Nielsen,Oct_21_g0,0.990039008080245,0.9988854834215659,0.976177208135971,0.6844106463878327,4,4,20,4,8,0,8,4,3,1,5,0,3S,5H,0.899120032359732,8,16,True,True,True,True,0
top_ten,svm,occupancy,full,6,unith,6,Nielsen,Oct_21_g0,0.990039008080245,0.9988854834215659,0.976177208135971,0.6844106463878327,4,,20,4,8,0,8,5,3,1,6,0,3S,6H,,8,0,True,False,True,False,0
top_ten,svm,occupancy,full,6,unith,6,Nielsen,Oct_21_g0,0.990039008080245,0.9988854834215659,0.976177208135971,0.6844106463878327,4,,20,4,8,0,8,6,3,1,1,1,3S,1S,,8,0,True,False,True,False,0
top_ten,svm,occupancy,full,6,unith,6,Nielsen,Oct_21_g0,0.990039008080245,0.9988854834215659,0.976177208135971,0.6844106463878327,4,4,20,4,8,0,8,7,3,1,2,1,3S,2S,0.9151274299057702,8,11,True,True,True,True,0
top_ten,svm,occupancy,full,6,unith,6,Nielsen,Oct_21_g0,0.990039008080245,0.9988854834215659,0.976177208135971,0.6844106463878327,4,4,20,4,8,0,8,8,3,1,3,1,3S,3S,0.9455808476557375,8,8,True,True,True,True,0
top_ten,svm,occupancy,full,6,unith,6,Nielsen,Oct_21_g0,0.990039008080245,0.9988854834215659,0.976177208135971,0.6844106463878327,4,4,20,4,8,0,8,9,3,1,4,1,3S,4S,0.9231911398024077,8,59,True,True,True,True,0
top_ten,svm,occupancy,full,6,unith,6,Nielsen,Oct_21_g0,0.990039008080245,0.9988854834215659,0.976177208135971,0.6844106463878327,4,4,20,4,8,0,8,10,3,1,5,1,3S,5S,0.9360213038428574,8,87,True,True,True,True,0
top_ten,svm,occupancy,full,6,unith,6,Nielsen,Oct_21_g0,0.990039008080245,0.9988854834215659,0.976177208135971,0.6844106463878327,4,4,20,4,8,0,8,11,3,1,6,1,3S,6S,0.9496067237331618,8,95,True,True,True,True,0
top_ten,svm,occupancy,full,6,unith,6,Nielsen,Oct_21_g0,0.990039008080245,0.9988854834215659,0.976177208135971,0.6844106463878327,4,4,20,4,8,0,9,0,4,1,1,0,4S,1H,0.8558103441747866,59,72,True,True,True,True,0
top_ten,svm,occupancy,full,6,unith,6,Nielsen,Oct_21_g0,0.990039008080245,0.9988854834215659,0.976177208135971,0.6844106463878327,4,4,20,4,8,0,9,1,4,1,2,0,4S,2H,0.9110072150819473,59,55,True,True,True,True,0
top_ten,svm,occupancy,full,6,unith,6,Nielsen,Oct_21_g0,0.990039008080245,0.9988854834215659,0.976177208135971,0.6844106463878327,4,4,20,4,8,0,9,2,4,1,3,0,4S,3H,0.912217767679663,59,86,True,True,True,True,0
top_ten,svm,occupancy,full,6,unith,6,Nielsen,Oct_21_g0,0.990039008080245,0.9988854834215659,0.976177208135971,0.6844106463878327,4,4,20,4,8,0,9,3,4,1,4,0,4S,4H,0.9499446644251487,59,28,True,True,True,True,0
top_ten,svm,occupancy,full,6,unith,6,Nielsen,Oct_21_g0,0.990039008080245,0.9988854834215659,0.976177208135971,0.6844106463878327,4,4,20,4,8,0,9,4,4,1,5,0,4S,5H,0.932395755115947,59,16,True,True,True,True,0
top_ten,svm,occupancy,full,6,unith,6,Nielsen,Oct_21_g0,0.990039008080245,0.9988854834215659,0.976177208135971,0.6844106463878327,4,,20,4,8,0,9,5,4,1,6,0,4S,6H,,59,0,True,False,True,False,0
top_ten,svm,occupancy,full,6,unith,6,Nielsen,Oct_21_g0,0.990039008080245,0.9988854834215659,0.976177208135971,0.6844106463878327,4,,20,4,8,0,9,6,4,1,1,1,4S,1S,,59,0,True,False,True,False,0
top_ten,svm,occupancy,full,6,unith,6,Nielsen,Oct_21_g0,0.990039008080245,0.9988854834215659,0.976177208135971,0.6844106463878327,4,4,20,4,8,0,9,7,4,1,2,1,4S,2S,0.929222788733829,59,11,True,True,True,True,0
top_ten,svm,occupancy,full,6,unith,6,Nielsen,Oct_21_g0,0.990039008080245,0.9988854834215659,0.976177208135971,0.6844106463878327,4,4,20,4,8,0,9,8,4,1,3,1,4S,3S,0.9231911398024077,59,8,True,True,True,True,0
top_ten,svm,occupancy,full,6,unith,6,Nielsen,Oct_21_g0,0.990039008080245,0.9988854834215659,0.976177208135971,0.6844106463878327,4,4,20,4,8,0,9,9,4,1,4,1,4S,4S,0.9448622831943941,59,59,True,True,True,True,0
top_ten,svm,occupancy,full,6,unith,6,Nielsen,Oct_21_g0,0.990039008080245,0.9988854834215659,0.976177208135971,0.6844106463878327,4,4,20,4,8,0,9,10,4,1,5,1,4S,5S,0.8950179438681334,59,87,True,True,True,True,0
top_ten,svm,occupancy,full,6,unith,6,Nielsen,Oct_21_g0,0.990039008080245,0.9988854834215659,0.976177208135971,0.6844106463878327,4,4,20,4,8,0,9,11,4,1,6,1,4S,6S,0.9466466046859349,59,95,True,True,True,True,0
top_ten,svm,occupancy,full,6,unith,6,Nielsen,Oct_21_g0,0.990039008080245,0.9988854834215659,0.976177208135971,0.6844106463878327,4,4,20,4,8,0,10,0,5,1,1,0,5S,1H,0.8021130417999561,87,72,True,True,True,True,0
top_ten,svm,occupancy,full,6,unith,6,Nielsen,Oct_21_g0,0.990039008080245,0.9988854834215659,0.976177208135971,0.6844106463878327,4,4,20,4,8,0,10,1,5,1,2,0,5S,2H,0.8584376502071969,87,55,True,True,True,True,0
top_ten,svm,occupancy,full,6,unith,6,Nielsen,Oct_21_g0,0.990039008080245,0.9988854834215659,0.976177208135971,0.6844106463878327,4,4,20,4,8,0,10,2,5,1,3,0,5S,3H,0.8846343891161453,87,86,True,True,True,True,0
top_ten,svm,occupancy,full,6,unith,6,Nielsen,Oct_21_g0,0.990039008080245,0.9988854834215659,0.976177208135971,0.6844106463878327,4,4,20,4,8,0,10,3,5,1,4,0,5S,4H,0.8935253472557655,87,28,True,True,True,True,0
top_ten,svm,occupancy,full,6,unith,6,Nielsen,Oct_21_g0,0.990039008080245,0.9988854834215659,0.976177208135971,0.6844106463878327,4,4,20,4,8,0,10,4,5,1,5,0,5S,5H,0.8930308658187123,87,16,True,True,True,True,0
top_ten,svm,occupancy,full,6,unith,6,Nielsen,Oct_21_g0,0.990039008080245,0.9988854834215659,0.976177208135971,0.6844106463878327,4,,20,4,8,0,10,5,5,1,6,0,5S,6H,,87,0,True,False,True,False,0
top_ten,svm,occupancy,full,6,unith,6,Nielsen,Oct_21_g0,0.990039008080245,0.9988854834215659,0.976177208135971,0.6844106463878327,4,,20,4,8,0,10,6,5,1,1,1,5S,1S,,87,0,True,False,True,False,0
top_ten,svm,occupancy,full,6,unith,6,Nielsen,Oct_21_g0,0.990039008080245,0.9988854834215659,0.976177208135971,0.6844106463878327,4,4,20,4,8,0,10,7,5,1,2,1,5S,2S,0.8978200018018295,87,11,True,True,True,True,0
top_ten,svm,occupancy,full,6,unith,6,Nielsen,Oct_21_g0,0.990039008080245,0.9988854834215659,0.976177208135971,0.6844106463878327,4,4,20,4,8,0,10,8,5,1,3,1,5S,3S,0.9360213038428574,87,8,True,True,True,True,0
top_ten,svm,occupancy,full,6,unith,6,Nielsen,Oct_21_g0,0.990039008080245,0.9988854834215659,0.976177208135971,0.6844106463878327,4,4,20,4,8,0,10,9,5,1,4,1,5S,4S,0.8950179438681334,87,59,True,True,True,True,0
top_ten,svm,occupancy,full,6,unith,6,Nielsen,Oct_21_g0,0.990039008080245,0.9988854834215659,0.976177208135971,0.6844106463878327,4,4,20,4,8,0,10,10,5,1,5,1,5S,5S,0.8800298683217042,87,87,True,True,True,True,0
top_ten,svm,occupancy,full,6,unith,6,Nielsen,Oct_21_g0,0.990039008080245,0.9988854834215659,0.976177208135971,0.6844106463878327,4,4,20,4,8,0,10,11,5,1,6,1,5S,6S,0.9221587057996231,87,95,True,True,True,True,0
top_ten,svm,occupancy,full,6,unith,6,Nielsen,Oct_21_g0,0.990039008080245,0.9988854834215659,0.976177208135971,0.6844106463878327,4,4,20,4,8,0,11,0,6,1,1,0,6S,1H,0.8506334048564111,95,72,True,True,True,True,0
top_ten,svm,occupancy,full,6,unith,6,Nielsen,Oct_21_g0,0.990039008080245,0.9988854834215659,0.976177208135971,0.6844106463878327,4,4,20,4,8,0,11,1,6,1,2,0,6S,2H,0.9178153883598006,95,55,True,True,True,True,0
top_ten,svm,occupancy,full,6,unith,6,Nielsen,Oct_21_g0,0.990039008080245,0.9988854834215659,0.976177208135971,0.6844106463878327,4,4,20,4,8,0,11,2,6,1,3,0,6S,3H,0.919571722033999,95,86,True,True,True,True,0
top_ten,svm,occupancy,full,6,unith,6,Nielsen,Oct_21_g0,0.990039008080245,0.9988854834215659,0.976177208135971,0.6844106463878327,4,4,20,4,8,0,11,3,6,1,4,0,6S,4H,0.9401588784502044,95,28,True,True,True,True,0
top_ten,svm,occupancy,full,6,unith,6,Nielsen,Oct_21_g0,0.990039008080245,0.9988854834215659,0.976177208135971,0.6844106463878327,4,4,20,4,8,0,11,4,6,1,5,0,6S,5H,0.9341844348618269,95,16,True,True,True,True,0
top_ten,svm,occupancy,full,6,unith,6,Nielsen,Oct_21_g0,0.990039008080245,0.9988854834215659,0.976177208135971,0.6844106463878327,4,,20,4,8,0,11,5,6,1,6,0,6S,6H,,95,0,True,False,True,False,0
top_ten,svm,occupancy,full,6,unith,6,Nielsen,Oct_21_g0,0.990039008080245,0.9988854834215659,0.976177208135971,0.6844106463878327,4,,20,4,8,0,11,6,6,1,1,1,6S,1S,,95,0,True,False,True,False,0
top_ten,svm,occupancy,full,6,unith,6,Nielsen,Oct_21_g0,0.990039008080245,0.9988854834215659,0.976177208135971,0.6844106463878327,4,4,20,4,8,0,11,7,6,1,2,1,6S,2S,0.9318907810967108,95,11,True,True,True,True,0
top_ten,svm,occupancy,full,6,unith,6,Nielsen,Oct_21_g0,0.990039008080245,0.9988854834215659,0.976177208135971,0.6844106463878327,4,4,20,4,8,0,11,8,6,1,3,1,6S,3S,0.9496067237331618,95,8,True,True,True,True,0
top_ten,svm,occupancy,full,6,unith,6,Nielsen,Oct_21_g0,0.990039008080245,0.9988854834215659,0.976177208135971,0.6844106463878327,4,4,20,4,8,0,11,9,6,1,4,1,6S,4S,0.9466466046859349,95,59,True,True,True,True,0
top_ten,svm,occupancy,full,6,unith,6,Nielsen,Oct_21_g0,0.990039008080245,0.9988854834215659,0.976177208135971,0.6844106463878327,4,4,20,4,8,0,11,10,6,1,5,1,6S,5S,0.9221587057996231,95,87,True,True,True,True,0
top_ten,svm,occupancy,full,6,unith,6,Nielsen,Oct_21_g0,0.990039008080245,0.9988854834215659,0.976177208135971,0.6844106463878327,4,4,20,4,8,0,11,11,6,1,6,1,6S,6S,0.954651281909921,95,95,True,True,True,True,0
top_ten,svm,occupancy,full,6,unith,6,Nielsen,Oct_22_g0,0.999896608767576,1.0,1.0,0.8143459915611815,9,9,20,4,8,0,0,0,1,0,1,0,1H,1H,0.884409252347993,62,62,True,True,True,True,0
top_ten,svm,occupancy,full,6,unith,6,Nielsen,Oct_22_g0,0.999896608767576,1.0,1.0,0.8143459915611815,9,9,20,4,8,0,0,1,1,0,2,0,1H,2H,0.9107193599938137,62,46,True,True,True,True,0
top_ten,svm,occupancy,full,6,unith,6,Nielsen,Oct_22_g0,0.999896608767576,1.0,1.0,0.8143459915611815,9,9,20,4,8,0,0,2,1,0,3,0,1H,3H,0.9148736054379205,62,71,True,True,True,True,0
top_ten,svm,occupancy,full,6,unith,6,Nielsen,Oct_22_g0,0.999896608767576,1.0,1.0,0.8143459915611815,9,9,20,4,8,0,0,3,1,0,4,0,1H,4H,0.9068150342179756,62,18,True,True,True,True,0
top_ten,svm,occupancy,full,6,unith,6,Nielsen,Oct_22_g0,0.999896608767576,1.0,1.0,0.8143459915611815,9,,20,4,8,0,0,4,1,0,5,0,1H,5H,,62,0,True,False,True,False,0
top_ten,svm,occupancy,full,6,unith,6,Nielsen,Oct_22_g0,0.999896608767576,1.0,1.0,0.8143459915611815,9,,20,4,8,0,0,5,1,0,6,0,1H,6H,,62,0,True,False,True,False,0
top_ten,svm,occupancy,full,6,unith,6,Nielsen,Oct_22_g0,0.999896608767576,1.0,1.0,0.8143459915611815,9,,20,4,8,0,0,6,1,0,1,1,1H,1S,,62,0,True,False,True,False,0
top_ten,svm,occupancy,full,6,unith,6,Nielsen,Oct_22_g0,0.999896608767576,1.0,1.0,0.8143459915611815,9,9,20,4,8,0,0,7,1,0,2,1,1H,2S,0.9152636992074765,62,23,True,True,True,True,0
top_ten,svm,occupancy,full,6,unith,6,Nielsen,Oct_22_g0,0.999896608767576,1.0,1.0,0.8143459915611815,9,3,20,4,8,0,0,8,1,0,3,1,1H,3S,0.6478430249717977,62,6,True,True,True,False,0
top_ten,svm,occupancy,full,6,unith,6,Nielsen,Oct_22_g0,0.999896608767576,1.0,1.0,0.8143459915611815,9,9,20,4,8,0,0,9,1,0,4,1,1H,4S,0.9050106091490087,62,64,True,True,True,True,0
top_ten,svm,occupancy,full,6,unith,6,Nielsen,Oct_22_g0,0.999896608767576,1.0,1.0,0.8143459915611815,9,9,20,4,8,0,0,10,1,0,5,1,1H,5S,0.8760546729816173,62,90,True,True,True,True,0
top_ten,svm,occupancy,full,6,unith,6,Nielsen,Oct_22_g0,0.999896608767576,1.0,1.0,0.8143459915611815,9,9,20,4,8,0,0,11,1,0,6,1,1H,6S,0.8692159817187568,62,78,True,True,True,True,0
top_ten,svm,occupancy,full,6,unith,6,Nielsen,Oct_22_g0,0.999896608767576,1.0,1.0,0.8143459915611815,9,9,20,4,8,0,1,0,2,0,1,0,2H,1H,0.9107193599938137,46,62,True,True,True,True,0
top_ten,svm,occupancy,full,6,unith,6,Nielsen,Oct_22_g0,0.999896608767576,1.0,1.0,0.8143459915611815,9,9,20,4,8,0,1,1,2,0,2,0,2H,2H,0.9052621207357185,46,46,True,True,True,True,0
top_ten,svm,occupancy,full,6,unith,6,Nielsen,Oct_22_g0,0.999896608767576,1.0,1.0,0.8143459915611815,9,9,20,4,8,0,1,2,2,0,3,0,2H,3H,0.9210043013491855,46,71,True,True,True,True,0
top_ten,svm,occupancy,full,6,unith,6,Nielsen,Oct_22_g0,0.999896608767576,1.0,1.0,0.8143459915611815,9,9,20,4,8,0,1,3,2,0,4,0,2H,4H,0.9220001679747247,46,18,True,True,True,True,0
top_ten,svm,occupancy,full,6,unith,6,Nielsen,Oct_22_g0,0.999896608767576,1.0,1.0,0.8143459915611815,9,,20,4,8,0,1,4,2,0,5,0,2H,5H,,46,0,True,False,True,False,0
top_ten,svm,occupancy,full,6,unith,6,Nielsen,Oct_22_g0,0.999896608767576,1.0,1.0,0.8143459915611815,9,,20,4,8,0,1,5,2,0,6,0,2H,6H,,46,0,True,False,True,False,0
top_ten,svm,occupancy,full,6,unith,6,Nielsen,Oct_22_g0,0.999896608767576,1.0,1.0,0.8143459915611815,9,,20,4,8,0,1,6,2,0,1,1,2H,1S,,46,0,True,False,True,False,0
top_ten,svm,occupancy,full,6,unith,6,Nielsen,Oct_22_g0,0.999896608767576,1.0,1.0,0.8143459915611815,9,9,20,4,8,0,1,7,2,0,2,1,2H,2S,0.9394906860603166,46,23,True,True,True,True,0
top_ten,svm,occupancy,full,6,unith,6,Nielsen,Oct_22_g0,0.999896608767576,1.0,1.0,0.8143459915611815,9,3,20,4,8,0,1,8,2,0,3,1,2H,3S,0.6806829070076413,46,6,True,True,True,False,0
top_ten,svm,occupancy,full,6,unith,6,Nielsen,Oct_22_g0,0.999896608767576,1.0,1.0,0.8143459915611815,9,9,20,4,8,0,1,9,2,0,4,1,2H,4S,0.9223710131101945,46,64,True,True,True,True,0
top_ten,svm,occupancy,full,6,unith,6,Nielsen,Oct_22_g0,0.999896608767576,1.0,1.0,0.8143459915611815,9,9,20,4,8,0,1,10,2,0,5,1,2H,5S,0.8997337630295951,46,90,True,True,True,True,0
top_ten,svm,occupancy,full,6,unith,6,Nielsen,Oct_22_g0,0.999896608767576,1.0,1.0,0.8143459915611815,9,9,20,4,8,0,1,11,2,0,6,1,2H,6S,0.8923609979117462,46,78,True,True,True,True,0
top_ten,svm,occupancy,full,6,unith,6,Nielsen,Oct_22_g0,0.999896608767576,1.0,1.0,0.8143459915611815,9,9,20,4,8,0,2,0,3,0,1,0,3H,1H,0.9148736054379205,71,62,True,True,True,True,0
top_ten,svm,occupancy,full,6,unith,6,Nielsen,Oct_22_g0,0.999896608767576,1.0,1.0,0.8143459915611815,9,9,20,4,8,0,2,1,3,0,2,0,3H,2H,0.9210043013491855,71,46,True,True,True,True,0
top_ten,svm,occupancy,full,6,unith,6,Nielsen,Oct_22_g0,0.999896608767576,1.0,1.0,0.8143459915611815,9,9,20,4,8,0,2,2,3,0,3,0,3H,3H,0.941253805557646,71,71,True,True,True,True,0
top_ten,svm,occupancy,full,6,unith,6,Nielsen,Oct_22_g0,0.999896608767576,1.0,1.0,0.8143459915611815,9,9,20,4,8,0,2,3,3,0,4,0,3H,4H,0.9522734076479524,71,18,True,True,True,True,0
top_ten,svm,occupancy,full,6,unith,6,Nielsen,Oct_22_g0,0.999896608767576,1.0,1.0,0.8143459915611815,9,,20,4,8,0,2,4,3,0,5,0,3H,5H,,71,0,True,False,True,False,0
top_ten,svm,occupancy,full,6,unith,6,Nielsen,Oct_22_g0,0.999896608767576,1.0,1.0,0.8143459915611815,9,,20,4,8,0,2,5,3,0,6,0,3H,6H,,71,0,True,False,True,False,0
top_ten,svm,occupancy,full,6,unith,6,Nielsen,Oct_22_g0,0.999896608767576,1.0,1.0,0.8143459915611815,9,,20,4,8,0,2,6,3,0,1,1,3H,1S,,71,0,True,False,True,False,0
top_ten,svm,occupancy,full,6,unith,6,Nielsen,Oct_22_g0,0.999896608767576,1.0,1.0,0.8143459915611815,9,9,20,4,8,0,2,7,3,0,2,1,3H,2S,0.9215765970892182,71,23,True,True,True,True,0
top_ten,svm,occupancy,full,6,unith,6,Nielsen,Oct_22_g0,0.999896608767576,1.0,1.0,0.8143459915611815,9,3,20,4,8,0,2,8,3,0,3,1,3H,3S,0.7339527728091932,71,6,True,True,True,False,0
top_ten,svm,occupancy,full,6,unith,6,Nielsen,Oct_22_g0,0.999896608767576,1.0,1.0,0.8143459915611815,9,9,20,4,8,0,2,9,3,0,4,1,3H,4S,0.9493983669275077,71,64,True,True,True,True,0
top_ten,svm,occupancy,full,6,unith,6,Nielsen,Oct_22_g0,0.999896608767576,1.0,1.0,0.8143459915611815,9,9,20,4,8,0,2,10,3,0,5,1,3H,5S,0.9394824148285519,71,90,True,True,True,True,0
top_ten,svm,occupancy,full,6,unith,6,Nielsen,Oct_22_g0,0.999896608767576,1.0,1.0,0.8143459915611815,9,9,20,4,8,0,2,11,3,0,6,1,3H,6S,0.9341980247077611,71,78,True,True,True,True,0
top_ten,svm,occupancy,full,6,unith,6,Nielsen,Oct_22_g0,0.999896608767576,1.0,1.0,0.8143459915611815,9,9,20,4,8,0,3,0,4,0,1,0,4H,1H,0.9068150342179756,18,62,True,True,True,True,0
top_ten,svm,occupancy,full,6,unith,6,Nielsen,Oct_22_g0,0.999896608767576,1.0,1.0,0.8143459915611815,9,9,20,4,8,0,3,1,4,0,2,0,4H,2H,0.9220001679747247,18,46,True,True,True,True,0
top_ten,svm,occupancy,full,6,unith,6,Nielsen,Oct_22_g0,0.999896608767576,1.0,1.0,0.8143459915611815,9,9,20,4,8,0,3,2,4,0,3,0,4H,3H,0.9522734076479524,18,71,True,True,True,True,0
top_ten,svm,occupancy,full,6,unith,6,Nielsen,Oct_22_g0,0.999896608767576,1.0,1.0,0.8143459915611815,9,9,20,4,8,0,3,3,4,0,4,0,4H,4H,0.9623053984233942,18,18,True,True,True,True,0
top_ten,svm,occupancy,full,6,unith,6,Nielsen,Oct_22_g0,0.999896608767576,1.0,1.0,0.8143459915611815,9,,20,4,8,0,3,4,4,0,5,0,4H,5H,,18,0,True,False,True,False,0
top_ten,svm,occupancy,full,6,unith,6,Nielsen,Oct_22_g0,0.999896608767576,1.0,1.0,0.8143459915611815,9,,20,4,8,0,3,5,4,0,6,0,4H,6H,,18,0,True,False,True,False,0
top_ten,svm,occupancy,full,6,unith,6,Nielsen,Oct_22_g0,0.999896608767576,1.0,1.0,0.8143459915611815,9,,20,4,8,0,3,6,4,0,1,1,4H,1S,,18,0,True,False,True,False,0
top_ten,svm,occupancy,full,6,unith,6,Nielsen,Oct_22_g0,0.999896608767576,1.0,1.0,0.8143459915611815,9,9,20,4,8,0,3,7,4,0,2,1,4H,2S,0.9315975575323094,18,23,True,True,True,True,0
top_ten,svm,occupancy,full,6,unith,6,Nielsen,Oct_22_g0,0.999896608767576,1.0,1.0,0.8143459915611815,9,3,20,4,8,0,3,8,4,0,3,1,4H,3S,0.7360797871793999,18,6,True,True,True,False,0
top_ten,svm,occupancy,full,6,unith,6,Nielsen,Oct_22_g0,0.999896608767576,1.0,1.0,0.8143459915611815,9,9,20,4,8,0,3,9,4,0,4,1,4H,4S,0.9670222115054641,18,64,True,True,True,True,0
top_ten,svm,occupancy,full,6,unith,6,Nielsen,Oct_22_g0,0.999896608767576,1.0,1.0,0.8143459915611815,9,9,20,4,8,0,3,10,4,0,5,1,4H,5S,0.9588521823730091,18,90,True,True,True,True,0
top_ten,svm,occupancy,full,6,unith,6,Nielsen,Oct_22_g0,0.999896608767576,1.0,1.0,0.8143459915611815,9,9,20,4,8,0,3,11,4,0,6,1,4H,6S,0.962897690461215,18,78,True,True,True,True,0
top_ten,svm,occupancy,full,6,unith,6,Nielsen,Oct_22_g0,0.999896608767576,1.0,1.0,0.8143459915611815,,9,20,4,8,0,4,0,5,0,1,0,5H,1H,,0,62,False,True,False,True,0
top_ten,svm,occupancy,full,6,unith,6,Nielsen,Oct_22_g0,0.999896608767576,1.0,1.0,0.8143459915611815,,9,20,4,8,0,4,1,5,0,2,0,5H,2H,,0,46,False,True,False,True,0
top_ten,svm,occupancy,full,6,unith,6,Nielsen,Oct_22_g0,0.999896608767576,1.0,1.0,0.8143459915611815,,9,20,4,8,0,4,2,5,0,3,0,5H,3H,,0,71,False,True,False,True,0
top_ten,svm,occupancy,full,6,unith,6,Nielsen,Oct_22_g0,0.999896608767576,1.0,1.0,0.8143459915611815,,9,20,4,8,0,4,3,5,0,4,0,5H,4H,,0,18,False,True,False,True,0
top_ten,svm,occupancy,full,6,unith,6,Nielsen,Oct_22_g0,0.999896608767576,1.0,1.0,0.8143459915611815,,,20,4,8,0,4,4,5,0,5,0,5H,5H,,0,0,False,False,False,False,0
top_ten,svm,occupancy,full,6,unith,6,Nielsen,Oct_22_g0,0.999896608767576,1.0,1.0,0.8143459915611815,,,20,4,8,0,4,5,5,0,6,0,5H,6H,,0,0,False,False,False,False,0
top_ten,svm,occupancy,full,6,unith,6,Nielsen,Oct_22_g0,0.999896608767576,1.0,1.0,0.8143459915611815,,,20,4,8,0,4,6,5,0,1,1,5H,1S,,0,0,False,False,False,False,0
top_ten,svm,occupancy,full,6,unith,6,Nielsen,Oct_22_g0,0.999896608767576,1.0,1.0,0.8143459915611815,,9,20,4,8,0,4,7,5,0,2,1,5H,2S,,0,23,False,True,False,True,0
top_ten,svm,occupancy,full,6,unith,6,Nielsen,Oct_22_g0,0.999896608767576,1.0,1.0,0.8143459915611815,,3,20,4,8,0,4,8,5,0,3,1,5H,3S,,0,6,False,True,False,False,0
top_ten,svm,occupancy,full,6,unith,6,Nielsen,Oct_22_g0,0.999896608767576,1.0,1.0,0.8143459915611815,,9,20,4,8,0,4,9,5,0,4,1,5H,4S,,0,64,False,True,False,True,0
top_ten,svm,occupancy,full,6,unith,6,Nielsen,Oct_22_g0,0.999896608767576,1.0,1.0,0.8143459915611815,,9,20,4,8,0,4,10,5,0,5,1,5H,5S,,0,90,False,True,False,True,0
top_ten,svm,occupancy,full,6,unith,6,Nielsen,Oct_22_g0,0.999896608767576,1.0,1.0,0.8143459915611815,,9,20,4,8,0,4,11,5,0,6,1,5H,6S,,0,78,False,True,False,True,0
top_ten,svm,occupancy,full,6,unith,6,Nielsen,Oct_22_g0,0.999896608767576,1.0,1.0,0.8143459915611815,,9,20,4,8,0,5,0,6,0,1,0,6H,1H,,0,62,False,True,False,True,0
top_ten,svm,occupancy,full,6,unith,6,Nielsen,Oct_22_g0,0.999896608767576,1.0,1.0,0.8143459915611815,,9,20,4,8,0,5,1,6,0,2,0,6H,2H,,0,46,False,True,False,True,0
top_ten,svm,occupancy,full,6,unith,6,Nielsen,Oct_22_g0,0.999896608767576,1.0,1.0,0.8143459915611815,,9,20,4,8,0,5,2,6,0,3,0,6H,3H,,0,71,False,True,False,True,0
top_ten,svm,occupancy,full,6,unith,6,Nielsen,Oct_22_g0,0.999896608767576,1.0,1.0,0.8143459915611815,,9,20,4,8,0,5,3,6,0,4,0,6H,4H,,0,18,False,True,False,True,0
top_ten,svm,occupancy,full,6,unith,6,Nielsen,Oct_22_g0,0.999896608767576,1.0,1.0,0.8143459915611815,,,20,4,8,0,5,4,6,0,5,0,6H,5H,,0,0,False,False,False,False,0
top_ten,svm,occupancy,full,6,unith,6,Nielsen,Oct_22_g0,0.999896608767576,1.0,1.0,0.8143459915611815,,,20,4,8,0,5,5,6,0,6,0,6H,6H,,0,0,False,False,False,False,0
top_ten,svm,occupancy,full,6,unith,6,Nielsen,Oct_22_g0,0.999896608767576,1.0,1.0,0.8143459915611815,,,20,4,8,0,5,6,6,0,1,1,6H,1S,,0,0,False,False,False,False,0
top_ten,svm,occupancy,full,6,unith,6,Nielsen,Oct_22_g0,0.999896608767576,1.0,1.0,0.8143459915611815,,9,20,4,8,0,5,7,6,0,2,1,6H,2S,,0,23,False,True,False,True,0
top_ten,svm,occupancy,full,6,unith,6,Nielsen,Oct_22_g0,0.999896608767576,1.0,1.0,0.8143459915611815,,3,20,4,8,0,5,8,6,0,3,1,6H,3S,,0,6,False,True,False,False,0
top_ten,svm,occupancy,full,6,unith,6,Nielsen,Oct_22_g0,0.999896608767576,1.0,1.0,0.8143459915611815,,9,20,4,8,0,5,9,6,0,4,1,6H,4S,,0,64,False,True,False,True,0
top_ten,svm,occupancy,full,6,unith,6,Nielsen,Oct_22_g0,0.999896608767576,1.0,1.0,0.8143459915611815,,9,20,4,8,0,5,10,6,0,5,1,6H,5S,,0,90,False,True,False,True,0
top_ten,svm,occupancy,full,6,unith,6,Nielsen,Oct_22_g0,0.999896608767576,1.0,1.0,0.8143459915611815,,9,20,4,8,0,5,11,6,0,6,1,6H,6S,,0,78,False,True,False,True,0
top_ten,svm,occupancy,full,6,unith,6,Nielsen,Oct_22_g0,0.999896608767576,1.0,1.0,0.8143459915611815,,9,20,4,8,0,6,0,1,1,1,0,1S,1H,,0,62,False,True,False,True,0
top_ten,svm,occupancy,full,6,unith,6,Nielsen,Oct_22_g0,0.999896608767576,1.0,1.0,0.8143459915611815,,9,20,4,8,0,6,1,1,1,2,0,1S,2H,,0,46,False,True,False,True,0
top_ten,svm,occupancy,full,6,unith,6,Nielsen,Oct_22_g0,0.999896608767576,1.0,1.0,0.8143459915611815,,9,20,4,8,0,6,2,1,1,3,0,1S,3H,,0,71,False,True,False,True,0
top_ten,svm,occupancy,full,6,unith,6,Nielsen,Oct_22_g0,0.999896608767576,1.0,1.0,0.8143459915611815,,9,20,4,8,0,6,3,1,1,4,0,1S,4H,,0,18,False,True,False,True,0
top_ten,svm,occupancy,full,6,unith,6,Nielsen,Oct_22_g0,0.999896608767576,1.0,1.0,0.8143459915611815,,,20,4,8,0,6,4,1,1,5,0,1S,5H,,0,0,False,False,False,False,0
top_ten,svm,occupancy,full,6,unith,6,Nielsen,Oct_22_g0,0.999896608767576,1.0,1.0,0.8143459915611815,,,20,4,8,0,6,5,1,1,6,0,1S,6H,,0,0,False,False,False,False,0
top_ten,svm,occupancy,full,6,unith,6,Nielsen,Oct_22_g0,0.999896608767576,1.0,1.0,0.8143459915611815,,,20,4,8,0,6,6,1,1,1,1,1S,1S,,0,0,False,False,False,False,0
top_ten,svm,occupancy,full,6,unith,6,Nielsen,Oct_22_g0,0.999896608767576,1.0,1.0,0.8143459915611815,,9,20,4,8,0,6,7,1,1,2,1,1S,2S,,0,23,False,True,False,True,0
top_ten,svm,occupancy,full,6,unith,6,Nielsen,Oct_22_g0,0.999896608767576,1.0,1.0,0.8143459915611815,,3,20,4,8,0,6,8,1,1,3,1,1S,3S,,0,6,False,True,False,False,0
top_ten,svm,occupancy,full,6,unith,6,Nielsen,Oct_22_g0,0.999896608767576,1.0,1.0,0.8143459915611815,,9,20,4,8,0,6,9,1,1,4,1,1S,4S,,0,64,False,True,False,True,0
top_ten,svm,occupancy,full,6,unith,6,Nielsen,Oct_22_g0,0.999896608767576,1.0,1.0,0.8143459915611815,,9,20,4,8,0,6,10,1,1,5,1,1S,5S,,0,90,False,True,False,True,0
top_ten,svm,occupancy,full,6,unith,6,Nielsen,Oct_22_g0,0.999896608767576,1.0,1.0,0.8143459915611815,,9,20,4,8,0,6,11,1,1,6,1,1S,6S,,0,78,False,True,False,True,0
top_ten,svm,occupancy,full,6,unith,6,Nielsen,Oct_22_g0,0.999896608767576,1.0,1.0,0.8143459915611815,9,9,20,4,8,0,7,0,2,1,1,0,2S,1H,0.9152636992074765,23,62,True,True,True,True,0
top_ten,svm,occupancy,full,6,unith,6,Nielsen,Oct_22_g0,0.999896608767576,1.0,1.0,0.8143459915611815,9,9,20,4,8,0,7,1,2,1,2,0,2S,2H,0.9394906860603166,23,46,True,True,True,True,0
top_ten,svm,occupancy,full,6,unith,6,Nielsen,Oct_22_g0,0.999896608767576,1.0,1.0,0.8143459915611815,9,9,20,4,8,0,7,2,2,1,3,0,2S,3H,0.9215765970892182,23,71,True,True,True,True,0
top_ten,svm,occupancy,full,6,unith,6,Nielsen,Oct_22_g0,0.999896608767576,1.0,1.0,0.8143459915611815,9,9,20,4,8,0,7,3,2,1,4,0,2S,4H,0.9315975575323094,23,18,True,True,True,True,0
top_ten,svm,occupancy,full,6,unith,6,Nielsen,Oct_22_g0,0.999896608767576,1.0,1.0,0.8143459915611815,9,,20,4,8,0,7,4,2,1,5,0,2S,5H,,23,0,True,False,True,False,0
top_ten,svm,occupancy,full,6,unith,6,Nielsen,Oct_22_g0,0.999896608767576,1.0,1.0,0.8143459915611815,9,,20,4,8,0,7,5,2,1,6,0,2S,6H,,23,0,True,False,True,False,0
top_ten,svm,occupancy,full,6,unith,6,Nielsen,Oct_22_g0,0.999896608767576,1.0,1.0,0.8143459915611815,9,,20,4,8,0,7,6,2,1,1,1,2S,1S,,23,0,True,False,True,False,0
top_ten,svm,occupancy,full,6,unith,6,Nielsen,Oct_22_g0,0.999896608767576,1.0,1.0,0.8143459915611815,9,9,20,4,8,0,7,7,2,1,2,1,2S,2S,0.9046834926697752,23,23,True,True,True,True,0
top_ten,svm,occupancy,full,6,unith,6,Nielsen,Oct_22_g0,0.999896608767576,1.0,1.0,0.8143459915611815,9,3,20,4,8,0,7,8,2,1,3,1,2S,3S,0.6839462944198793,23,6,True,True,True,False,0
top_ten,svm,occupancy,full,6,unith,6,Nielsen,Oct_22_g0,0.999896608767576,1.0,1.0,0.8143459915611815,9,9,20,4,8,0,7,9,2,1,4,1,2S,4S,0.9216441960205867,23,64,True,True,True,True,0
top_ten,svm,occupancy,full,6,unith,6,Nielsen,Oct_22_g0,0.999896608767576,1.0,1.0,0.8143459915611815,9,9,20,4,8,0,7,10,2,1,5,1,2S,5S,0.8899972214058292,23,90,True,True,True,True,0
top_ten,svm,occupancy,full,6,unith,6,Nielsen,Oct_22_g0,0.999896608767576,1.0,1.0,0.8143459915611815,9,9,20,4,8,0,7,11,2,1,6,1,2S,6S,0.895275945413586,23,78,True,True,True,True,0
top_ten,svm,occupancy,full,6,unith,6,Nielsen,Oct_22_g0,0.999896608767576,1.0,1.0,0.8143459915611815,3,9,20,4,8,0,8,0,3,1,1,0,3S,1H,0.6478430249717977,6,62,True,True,False,True,0
top_ten,svm,occupancy,full,6,unith,6,Nielsen,Oct_22_g0,0.999896608767576,1.0,1.0,0.8143459915611815,3,9,20,4,8,0,8,1,3,1,2,0,3S,2H,0.6806829070076413,6,46,True,True,False,True,0
top_ten,svm,occupancy,full,6,unith,6,Nielsen,Oct_22_g0,0.999896608767576,1.0,1.0,0.8143459915611815,3,9,20,4,8,0,8,2,3,1,3,0,3S,3H,0.7339527728091932,6,71,True,True,False,True,0
top_ten,svm,occupancy,full,6,unith,6,Nielsen,Oct_22_g0,0.999896608767576,1.0,1.0,0.8143459915611815,3,9,20,4,8,0,8,3,3,1,4,0,3S,4H,0.7360797871793999,6,18,True,True,False,True,0
top_ten,svm,occupancy,full,6,unith,6,Nielsen,Oct_22_g0,0.999896608767576,1.0,1.0,0.8143459915611815,3,,20,4,8,0,8,4,3,1,5,0,3S,5H,,6,0,True,False,False,False,0
top_ten,svm,occupancy,full,6,unith,6,Nielsen,Oct_22_g0,0.999896608767576,1.0,1.0,0.8143459915611815,3,,20,4,8,0,8,5,3,1,6,0,3S,6H,,6,0,True,False,False,False,0
top_ten,svm,occupancy,full,6,unith,6,Nielsen,Oct_22_g0,0.999896608767576,1.0,1.0,0.8143459915611815,3,,20,4,8,0,8,6,3,1,1,1,3S,1S,,6,0,True,False,False,False,0
top_ten,svm,occupancy,full,6,unith,6,Nielsen,Oct_22_g0,0.999896608767576,1.0,1.0,0.8143459915611815,3,9,20,4,8,0,8,7,3,1,2,1,3S,2S,0.6839462944198793,6,23,True,True,False,True,0
top_ten,svm,occupancy,full,6,unith,6,Nielsen,Oct_22_g0,0.999896608767576,1.0,1.0,0.8143459915611815,3,3,20,4,8,0,8,8,3,1,3,1,3S,3S,0.6503706163186036,6,6,True,True,False,False,0
top_ten,svm,occupancy,full,6,unith,6,Nielsen,Oct_22_g0,0.999896608767576,1.0,1.0,0.8143459915611815,3,9,20,4,8,0,8,9,3,1,4,1,3S,4S,0.7270001378233073,6,64,True,True,False,True,0
top_ten,svm,occupancy,full,6,unith,6,Nielsen,Oct_22_g0,0.999896608767576,1.0,1.0,0.8143459915611815,3,9,20,4,8,0,8,10,3,1,5,1,3S,5S,0.7984250839956248,6,90,True,True,False,True,0
top_ten,svm,occupancy,full,6,unith,6,Nielsen,Oct_22_g0,0.999896608767576,1.0,1.0,0.8143459915611815,3,9,20,4,8,0,8,11,3,1,6,1,3S,6S,0.7457320222969347,6,78,True,True,False,True,0
top_ten,svm,occupancy,full,6,unith,6,Nielsen,Oct_22_g0,0.999896608767576,1.0,1.0,0.8143459915611815,9,9,20,4,8,0,9,0,4,1,1,0,4S,1H,0.9050106091490087,64,62,True,True,True,True,0
top_ten,svm,occupancy,full,6,unith,6,Nielsen,Oct_22_g0,0.999896608767576,1.0,1.0,0.8143459915611815,9,9,20,4,8,0,9,1,4,1,2,0,4S,2H,0.9223710131101945,64,46,True,True,True,True,0
top_ten,svm,occupancy,full,6,unith,6,Nielsen,Oct_22_g0,0.999896608767576,1.0,1.0,0.8143459915611815,9,9,20,4,8,0,9,2,4,1,3,0,4S,3H,0.9493983669275077,64,71,True,True,True,True,0
top_ten,svm,occupancy,full,6,unith,6,Nielsen,Oct_22_g0,0.999896608767576,1.0,1.0,0.8143459915611815,9,9,20,4,8,0,9,3,4,1,4,0,4S,4H,0.9670222115054641,64,18,True,True,True,True,0
top_ten,svm,occupancy,full,6,unith,6,Nielsen,Oct_22_g0,0.999896608767576,1.0,1.0,0.8143459915611815,9,,20,4,8,0,9,4,4,1,5,0,4S,5H,,64,0,True,False,True,False,0
top_ten,svm,occupancy,full,6,unith,6,Nielsen,Oct_22_g0,0.999896608767576,1.0,1.0,0.8143459915611815,9,,20,4,8,0,9,5,4,1,6,0,4S,6H,,64,0,True,False,True,False,0
top_ten,svm,occupancy,full,6,unith,6,Nielsen,Oct_22_g0,0.999896608767576,1.0,1.0,0.8143459915611815,9,,20,4,8,0,9,6,4,1,1,1,4S,1S,,64,0,True,False,True,False,0
top_ten,svm,occupancy,full,6,unith,6,Nielsen,Oct_22_g0,0.999896608767576,1.0,1.0,0.8143459915611815,9,9,20,4,8,0,9,7,4,1,2,1,4S,2S,0.9216441960205867,64,23,True,True,True,True,0
top_ten,svm,occupancy,full,6,unith,6,Nielsen,Oct_22_g0,0.999896608767576,1.0,1.0,0.8143459915611815,9,3,20,4,8,0,9,8,4,1,3,1,4S,3S,0.7270001378233073,64,6,True,True,True,False,0
top_ten,svm,occupancy,full,6,unith,6,Nielsen,Oct_22_g0,0.999896608767576,1.0,1.0,0.8143459915611815,9,9,20,4,8,0,9,9,4,1,4,1,4S,4S,0.9531462603076024,64,64,True,True,True,True,0
top_ten,svm,occupancy,full,6,unith,6,Nielsen,Oct_22_g0,0.999896608767576,1.0,1.0,0.8143459915611815,9,9,20,4,8,0,9,10,4,1,5,1,4S,5S,0.9448149508915783,64,90,True,True,True,True,0
top_ten,svm,occupancy,full,6,unith,6,Nielsen,Oct_22_g0,0.999896608767576,1.0,1.0,0.8143459915611815,9,9,20,4,8,0,9,11,4,1,6,1,4S,6S,0.9522015343721056,64,78,True,True,True,True,0
top_ten,svm,occupancy,full,6,unith,6,Nielsen,Oct_22_g0,0.999896608767576,1.0,1.0,0.8143459915611815,9,9,20,4,8,0,10,0,5,1,1,0,5S,1H,0.8760546729816173,90,62,True,True,True,True,0
top_ten,svm,occupancy,full,6,unith,6,Nielsen,Oct_22_g0,0.999896608767576,1.0,1.0,0.8143459915611815,9,9,20,4,8,0,10,1,5,1,2,0,5S,2H,0.8997337630295951,90,46,True,True,True,True,0
top_ten,svm,occupancy,full,6,unith,6,Nielsen,Oct_22_g0,0.999896608767576,1.0,1.0,0.8143459915611815,9,9,20,4,8,0,10,2,5,1,3,0,5S,3H,0.9394824148285519,90,71,True,True,True,True,0
top_ten,svm,occupancy,full,6,unith,6,Nielsen,Oct_22_g0,0.999896608767576,1.0,1.0,0.8143459915611815,9,9,20,4,8,0,10,3,5,1,4,0,5S,4H,0.9588521823730091,90,18,True,True,True,True,0
top_ten,svm,occupancy,full,6,unith,6,Nielsen,Oct_22_g0,0.999896608767576,1.0,1.0,0.8143459915611815,9,,20,4,8,0,10,4,5,1,5,0,5S,5H,,90,0,True,False,True,False,0
top_ten,svm,occupancy,full,6,unith,6,Nielsen,Oct_22_g0,0.999896608767576,1.0,1.0,0.8143459915611815,9,,20,4,8,0,10,5,5,1,6,0,5S,6H,,90,0,True,False,True,False,0
top_ten,svm,occupancy,full,6,unith,6,Nielsen,Oct_22_g0,0.999896608767576,1.0,1.0,0.8143459915611815,9,,20,4,8,0,10,6,5,1,1,1,5S,1S,,90,0,True,False,True,False,0
top_ten,svm,occupancy,full,6,unith,6,Nielsen,Oct_22_g0,0.999896608767576,1.0,1.0,0.8143459915611815,9,9,20,4,8,0,10,7,5,1,2,1,5S,2S,0.8899972214058292,90,23,True,True,True,True,0
top_ten,svm,occupancy,full,6,unith,6,Nielsen,Oct_22_g0,0.999896608767576,1.0,1.0,0.8143459915611815,9,3,20,4,8,0,10,8,5,1,3,1,5S,3S,0.7984250839956248,90,6,True,True,True,False,0
top_ten,svm,occupancy,full,6,unith,6,Nielsen,Oct_22_g0,0.999896608767576,1.0,1.0,0.8143459915611815,9,9,20,4,8,0,10,9,5,1,4,1,5S,4S,0.9448149508915783,90,64,True,True,True,True,0
top_ten,svm,occupancy,full,6,unith,6,Nielsen,Oct_22_g0,0.999896608767576,1.0,1.0,0.8143459915611815,9,9,20,4,8,0,10,10,5,1,5,1,5S,5S,0.9674263021547269,90,90,True,True,True,True,0
top_ten,svm,occupancy,full,6,unith,6,Nielsen,Oct_22_g0,0.999896608767576,1.0,1.0,0.8143459915611815,9,9,20,4,8,0,10,11,5,1,6,1,5S,6S,0.9575801159867965,90,78,True,True,True,True,0
top_ten,svm,occupancy,full,6,unith,6,Nielsen,Oct_22_g0,0.999896608767576,1.0,1.0,0.8143459915611815,9,9,20,4,8,0,11,0,6,1,1,0,6S,1H,0.8692159817187568,78,62,True,True,True,True,0
top_ten,svm,occupancy,full,6,unith,6,Nielsen,Oct_22_g0,0.999896608767576,1.0,1.0,0.8143459915611815,9,9,20,4,8,0,11,1,6,1,2,0,6S,2H,0.8923609979117462,78,46,True,True,True,True,0
top_ten,svm,occupancy,full,6,unith,6,Nielsen,Oct_22_g0,0.999896608767576,1.0,1.0,0.8143459915611815,9,9,20,4,8,0,11,2,6,1,3,0,6S,3H,0.9341980247077611,78,71,True,True,True,True,0
top_ten,svm,occupancy,full,6,unith,6,Nielsen,Oct_22_g0,0.999896608767576,1.0,1.0,0.8143459915611815,9,9,20,4,8,0,11,3,6,1,4,0,6S,4H,0.962897690461215,78,18,True,True,True,True,0
top_ten,svm,occupancy,full,6,unith,6,Nielsen,Oct_22_g0,0.999896608767576,1.0,1.0,0.8143459915611815,9,,20,4,8,0,11,4,6,1,5,0,6S,5H,,78,0,True,False,True,False,0
top_ten,svm,occupancy,full,6,unith,6,Nielsen,Oct_22_g0,0.999896608767576,1.0,1.0,0.8143459915611815,9,,20,4,8,0,11,5,6,1,6,0,6S,6H,,78,0,True,False,True,False,0
top_ten,svm,occupancy,full,6,unith,6,Nielsen,Oct_22_g0,0.999896608767576,1.0,1.0,0.8143459915611815,9,,20,4,8,0,11,6,6,1,1,1,6S,1S,,78,0,True,False,True,False,0
top_ten,svm,occupancy,full,6,unith,6,Nielsen,Oct_22_g0,0.999896608767576,1.0,1.0,0.8143459915611815,9,9,20,4,8,0,11,7,6,1,2,1,6S,2S,0.895275945413586,78,23,True,True,True,True,0
top_ten,svm,occupancy,full,6,unith,6,Nielsen,Oct_22_g0,0.999896608767576,1.0,1.0,0.8143459915611815,9,3,20,4,8,0,11,8,6,1,3,1,6S,3S,0.7457320222969347,78,6,True,True,True,False,0
top_ten,svm,occupancy,full,6,unith,6,Nielsen,Oct_22_g0,0.999896608767576,1.0,1.0,0.8143459915611815,9,9,20,4,8,0,11,9,6,1,4,1,6S,4S,0.9522015343721056,78,64,True,True,True,True,0
top_ten,svm,occupancy,full,6,unith,6,Nielsen,Oct_22_g0,0.999896608767576,1.0,1.0,0.8143459915611815,9,9,20,4,8,0,11,10,6,1,5,1,6S,5S,0.9575801159867965,78,90,True,True,True,True,0
top_ten,svm,occupancy,full,6,unith,6,Nielsen,Oct_22_g0,0.999896608767576,1.0,1.0,0.8143459915611815,9,9,20,4,8,0,11,11,6,1,6,1,6S,6S,0.9724768551412539,78,78,True,True,True,True,0
top_ten,svm,occupancy,full,6,unith,6,Nielsen,Oct_25_g0,0.969401041666667,0.97021484375,0.921875,0.5207547169811321,4,4,20,4,8,0,0,0,1,0,1,0,1H,1H,0.6972731444648367,60,60,True,True,True,True,0
top_ten,svm,occupancy,full,6,unith,6,Nielsen,Oct_25_g0,0.969401041666667,0.97021484375,0.921875,0.5207547169811321,4,4,20,4,8,0,0,1,1,0,2,0,1H,2H,0.7510307458848912,60,69,True,True,True,True,0
top_ten,svm,occupancy,full,6,unith,6,Nielsen,Oct_25_g0,0.969401041666667,0.97021484375,0.921875,0.5207547169811321,4,4,20,4,8,0,0,2,1,0,3,0,1H,3H,0.7750243289655886,60,77,True,True,True,True,0
top_ten,svm,occupancy,full,6,unith,6,Nielsen,Oct_25_g0,0.969401041666667,0.97021484375,0.921875,0.5207547169811321,4,4,20,4,8,0,0,3,1,0,4,0,1H,4H,0.7620140957249617,60,76,True,True,True,True,0
top_ten,svm,occupancy,full,6,unith,6,Nielsen,Oct_25_g0,0.969401041666667,0.97021484375,0.921875,0.5207547169811321,4,4,20,4,8,0,0,4,1,0,5,0,1H,5H,0.7376069145062352,60,9,True,True,True,True,0
top_ten,svm,occupancy,full,6,unith,6,Nielsen,Oct_25_g0,0.969401041666667,0.97021484375,0.921875,0.5207547169811321,4,,20,4,8,0,0,5,1,0,6,0,1H,6H,,60,0,True,False,True,False,0
top_ten,svm,occupancy,full,6,unith,6,Nielsen,Oct_25_g0,0.969401041666667,0.97021484375,0.921875,0.5207547169811321,4,,20,4,8,0,0,6,1,0,1,1,1H,1S,,60,0,True,False,True,False,0
top_ten,svm,occupancy,full,6,unith,6,Nielsen,Oct_25_g0,0.969401041666667,0.97021484375,0.921875,0.5207547169811321,4,,20,4,8,0,0,7,1,0,2,1,1H,2S,,60,0,True,False,True,False,0
top_ten,svm,occupancy,full,6,unith,6,Nielsen,Oct_25_g0,0.969401041666667,0.97021484375,0.921875,0.5207547169811321,4,2,20,4,8,0,0,8,1,0,3,1,1H,3S,0.7781852673376846,60,4,True,True,True,False,0
top_ten,svm,occupancy,full,6,unith,6,Nielsen,Oct_25_g0,0.969401041666667,0.97021484375,0.921875,0.5207547169811321,4,4,20,4,8,0,0,9,1,0,4,1,1H,4S,0.7411571874325645,60,11,True,True,True,True,0
top_ten,svm,occupancy,full,6,unith,6,Nielsen,Oct_25_g0,0.969401041666667,0.97021484375,0.921875,0.5207547169811321,4,4,20,4,8,0,0,10,1,0,5,1,1H,5S,0.7444188182027437,60,104,True,True,True,True,0
top_ten,svm,occupancy,full,6,unith,6,Nielsen,Oct_25_g0,0.969401041666667,0.97021484375,0.921875,0.5207547169811321,4,4,20,4,8,0,0,11,1,0,6,1,1H,6S,0.7569202057777842,60,87,True,True,True,True,0
top_ten,svm,occupancy,full,6,unith,6,Nielsen,Oct_25_g0,0.969401041666667,0.97021484375,0.921875,0.5207547169811321,4,4,20,4,8,0,1,0,2,0,1,0,2H,1H,0.7510307458848912,69,60,True,True,True,True,0
top_ten,svm,occupancy,full,6,unith,6,Nielsen,Oct_25_g0,0.969401041666667,0.97021484375,0.921875,0.5207547169811321,4,4,20,4,8,0,1,1,2,0,2,0,2H,2H,0.7389949526124453,69,69,True,True,True,True,0
top_ten,svm,occupancy,full,6,unith,6,Nielsen,Oct_25_g0,0.969401041666667,0.97021484375,0.921875,0.5207547169811321,4,4,20,4,8,0,1,2,2,0,3,0,2H,3H,0.7406280893005178,69,77,True,True,True,True,0
top_ten,svm,occupancy,full,6,unith,6,Nielsen,Oct_25_g0,0.969401041666667,0.97021484375,0.921875,0.5207547169811321,4,4,20,4,8,0,1,3,2,0,4,0,2H,4H,0.7750157045242159,69,76,True,True,True,True,0
top_ten,svm,occupancy,full,6,unith,6,Nielsen,Oct_25_g0,0.969401041666667,0.97021484375,0.921875,0.5207547169811321,4,4,20,4,8,0,1,4,2,0,5,0,2H,5H,0.6533790640568116,69,9,True,True,True,True,0
top_ten,svm,occupancy,full,6,unith,6,Nielsen,Oct_25_g0,0.969401041666667,0.97021484375,0.921875,0.5207547169811321,4,,20,4,8,0,1,5,2,0,6,0,2H,6H,,69,0,True,False,True,False,0
top_ten,svm,occupancy,full,6,unith,6,Nielsen,Oct_25_g0,0.969401041666667,0.97021484375,0.921875,0.5207547169811321,4,,20,4,8,0,1,6,2,0,1,1,2H,1S,,69,0,True,False,True,False,0
top_ten,svm,occupancy,full,6,unith,6,Nielsen,Oct_25_g0,0.969401041666667,0.97021484375,0.921875,0.5207547169811321,4,,20,4,8,0,1,7,2,0,2,1,2H,2S,,69,0,True,False,True,False,0
top_ten,svm,occupancy,full,6,unith,6,Nielsen,Oct_25_g0,0.969401041666667,0.97021484375,0.921875,0.5207547169811321,4,2,20,4,8,0,1,8,2,0,3,1,2H,3S,0.8049418526288508,69,4,True,True,True,False,0
top_ten,svm,occupancy,full,6,unith,6,Nielsen,Oct_25_g0,0.969401041666667,0.97021484375,0.921875,0.5207547169811321,4,4,20,4,8,0,1,9,2,0,4,1,2H,4S,0.788847294306114,69,11,True,True,True,True,0
top_ten,svm,occupancy,full,6,unith,6,Nielsen,Oct_25_g0,0.969401041666667,0.97021484375,0.921875,0.5207547169811321,4,4,20,4,8,0,1,10,2,0,5,1,2H,5S,0.7800737599207574,69,104,True,True,True,True,0
top_ten,svm,occupancy,full,6,unith,6,Nielsen,Oct_25_g0,0.969401041666667,0.97021484375,0.921875,0.5207547169811321,4,4,20,4,8,0,1,11,2,0,6,1,2H,6S,0.7996670322538018,69,87,True,True,True,True,0
top_ten,svm,occupancy,full,6,unith,6,Nielsen,Oct_25_g0,0.969401041666667,0.97021484375,0.921875,0.5207547169811321,4,4,20,4,8,0,2,0,3,0,1,0,3H,1H,0.7750243289655886,77,60,True,True,True,True,0
top_ten,svm,occupancy,full,6,unith,6,Nielsen,Oct_25_g0,0.969401041666667,0.97021484375,0.921875,0.5207547169811321,4,4,20,4,8,0,2,1,3,0,2,0,3H,2H,0.7406280893005178,77,69,True,True,True,True,0
top_ten,svm,occupancy,full,6,unith,6,Nielsen,Oct_25_g0,0.969401041666667,0.97021484375,0.921875,0.5207547169811321,4,4,20,4,8,0,2,2,3,0,3,0,3H,3H,0.8831945322240792,77,77,True,True,True,True,0
top_ten,svm,occupancy,full,6,unith,6,Nielsen,Oct_25_g0,0.969401041666667,0.97021484375,0.921875,0.5207547169811321,4,4,20,4,8,0,2,3,3,0,4,0,3H,4H,0.8394836164605459,77,76,True,True,True,True,0
top_ten,svm,occupancy,full,6,unith,6,Nielsen,Oct_25_g0,0.969401041666667,0.97021484375,0.921875,0.5207547169811321,4,4,20,4,8,0,2,4,3,0,5,0,3H,5H,0.8033517559265512,77,9,True,True,True,True,0
top_ten,svm,occupancy,full,6,unith,6,Nielsen,Oct_25_g0,0.969401041666667,0.97021484375,0.921875,0.5207547169811321,4,,20,4,8,0,2,5,3,0,6,0,3H,6H,,77,0,True,False,True,False,0
top_ten,svm,occupancy,full,6,unith,6,Nielsen,Oct_25_g0,0.969401041666667,0.97021484375,0.921875,0.5207547169811321,4,,20,4,8,0,2,6,3,0,1,1,3H,1S,,77,0,True,False,True,False,0
top_ten,svm,occupancy,full,6,unith,6,Nielsen,Oct_25_g0,0.969401041666667,0.97021484375,0.921875,0.5207547169811321,4,,20,4,8,0,2,7,3,0,2,1,3H,2S,,77,0,True,False,True,False,0
top_ten,svm,occupancy,full,6,unith,6,Nielsen,Oct_25_g0,0.969401041666667,0.97021484375,0.921875,0.5207547169811321,4,2,20,4,8,0,2,8,3,0,3,1,3H,3S,0.9230619356173608,77,4,True,True,True,False,0
top_ten,svm,occupancy,full,6,unith,6,Nielsen,Oct_25_g0,0.969401041666667,0.97021484375,0.921875,0.5207547169811321,4,4,20,4,8,0,2,9,3,0,4,1,3H,4S,0.9084204624695655,77,11,True,True,True,True,0
top_ten,svm,occupancy,full,6,unith,6,Nielsen,Oct_25_g0,0.969401041666667,0.97021484375,0.921875,0.5207547169811321,4,4,20,4,8,0,2,10,3,0,5,1,3H,5S,0.8926566821846313,77,104,True,True,True,True,0
top_ten,svm,occupancy,full,6,unith,6,Nielsen,Oct_25_g0,0.969401041666667,0.97021484375,0.921875,0.5207547169811321,4,4,20,4,8,0,2,11,3,0,6,1,3H,6S,0.8945570081799141,77,87,True,True,True,True,0
top_ten,svm,occupancy,full,6,unith,6,Nielsen,Oct_25_g0,0.969401041666667,0.97021484375,0.921875,0.5207547169811321,4,4,20,4,8,0,3,0,4,0,1,0,4H,1H,0.7620140957249617,76,60,True,True,True,True,0
top_ten,svm,occupancy,full,6,unith,6,Nielsen,Oct_25_g0,0.969401041666667,0.97021484375,0.921875,0.5207547169811321,4,4,20,4,8,0,3,1,4,0,2,0,4H,2H,0.7750157045242159,76,69,True,True,True,True,0
top_ten,svm,occupancy,full,6,unith,6,Nielsen,Oct_25_g0,0.969401041666667,0.97021484375,0.921875,0.5207547169811321,4,4,20,4,8,0,3,2,4,0,3,0,4H,3H,0.8394836164605459,76,77,True,True,True,True,0
top_ten,svm,occupancy,full,6,unith,6,Nielsen,Oct_25_g0,0.969401041666667,0.97021484375,0.921875,0.5207547169811321,4,4,20,4,8,0,3,3,4,0,4,0,4H,4H,0.8101785489375081,76,76,True,True,True,True,0
top_ten,svm,occupancy,full,6,unith,6,Nielsen,Oct_25_g0,0.969401041666667,0.97021484375,0.921875,0.5207547169811321,4,4,20,4,8,0,3,4,4,0,5,0,4H,5H,0.7379867386546028,76,9,True,True,True,True,0
top_ten,svm,occupancy,full,6,unith,6,Nielsen,Oct_25_g0,0.969401041666667,0.97021484375,0.921875,0.5207547169811321,4,,20,4,8,0,3,5,4,0,6,0,4H,6H,,76,0,True,False,True,False,0
top_ten,svm,occupancy,full,6,unith,6,Nielsen,Oct_25_g0,0.969401041666667,0.97021484375,0.921875,0.5207547169811321,4,,20,4,8,0,3,6,4,0,1,1,4H,1S,,76,0,True,False,True,False,0
top_ten,svm,occupancy,full,6,unith,6,Nielsen,Oct_25_g0,0.969401041666667,0.97021484375,0.921875,0.5207547169811321,4,,20,4,8,0,3,7,4,0,2,1,4H,2S,,76,0,True,False,True,False,0
top_ten,svm,occupancy,full,6,unith,6,Nielsen,Oct_25_g0,0.969401041666667,0.97021484375,0.921875,0.5207547169811321,4,2,20,4,8,0,3,8,4,0,3,1,4H,3S,0.8987340205140406,76,4,True,True,True,False,0
top_ten,svm,occupancy,full,6,unith,6,Nielsen,Oct_25_g0,0.969401041666667,0.97021484375,0.921875,0.5207547169811321,4,4,20,4,8,0,3,9,4,0,4,1,4H,4S,0.8856941097713176,76,11,True,True,True,True,0
top_ten,svm,occupancy,full,6,unith,6,Nielsen,Oct_25_g0,0.969401041666667,0.97021484375,0.921875,0.5207547169811321,4,4,20,4,8,0,3,10,4,0,5,1,4H,5S,0.849601163358594,76,104,True,True,True,True,0
top_ten,svm,occupancy,full,6,unith,6,Nielsen,Oct_25_g0,0.969401041666667,0.97021484375,0.921875,0.5207547169811321,4,4,20,4,8,0,3,11,4,0,6,1,4H,6S,0.8723598849877365,76,87,True,True,True,True,0
top_ten,svm,occupancy,full,6,unith,6,Nielsen,Oct_25_g0,0.969401041666667,0.97021484375,0.921875,0.5207547169811321,4,4,20,4,8,0,4,0,5,0,1,0,5H,1H,0.7376069145062352,9,60,True,True,True,True,0
top_ten,svm,occupancy,full,6,unith,6,Nielsen,Oct_25_g0,0.969401041666667,0.97021484375,0.921875,0.5207547169811321,4,4,20,4,8,0,4,1,5,0,2,0,5H,2H,0.6533790640568116,9,69,True,True,True,True,0
top_ten,svm,occupancy,full,6,unith,6,Nielsen,Oct_25_g0,0.969401041666667,0.97021484375,0.921875,0.5207547169811321,4,4,20,4,8,0,4,2,5,0,3,0,5H,3H,0.8033517559265512,9,77,True,True,True,True,0
top_ten,svm,occupancy,full,6,unith,6,Nielsen,Oct_25_g0,0.969401041666667,0.97021484375,0.921875,0.5207547169811321,4,4,20,4,8,0,4,3,5,0,4,0,5H,4H,0.7379867386546028,9,76,True,True,True,True,0
top_ten,svm,occupancy,full,6,unith,6,Nielsen,Oct_25_g0,0.969401041666667,0.97021484375,0.921875,0.5207547169811321,4,4,20,4,8,0,4,4,5,0,5,0,5H,5H,0.6698304112952547,9,9,True,True,True,True,0
top_ten,svm,occupancy,full,6,unith,6,Nielsen,Oct_25_g0,0.969401041666667,0.97021484375,0.921875,0.5207547169811321,4,,20,4,8,0,4,5,5,0,6,0,5H,6H,,9,0,True,False,True,False,0
top_ten,svm,occupancy,full,6,unith,6,Nielsen,Oct_25_g0,0.969401041666667,0.97021484375,0.921875,0.5207547169811321,4,,20,4,8,0,4,6,5,0,1,1,5H,1S,,9,0,True,False,True,False,0
top_ten,svm,occupancy,full,6,unith,6,Nielsen,Oct_25_g0,0.969401041666667,0.97021484375,0.921875,0.5207547169811321,4,,20,4,8,0,4,7,5,0,2,1,5H,2S,,9,0,True,False,True,False,0
top_ten,svm,occupancy,full,6,unith,6,Nielsen,Oct_25_g0,0.969401041666667,0.97021484375,0.921875,0.5207547169811321,4,2,20,4,8,0,4,8,5,0,3,1,5H,3S,0.8333985798397586,9,4,True,True,True,False,0
top_ten,svm,occupancy,full,6,unith,6,Nielsen,Oct_25_g0,0.969401041666667,0.97021484375,0.921875,0.5207547169811321,4,4,20,4,8,0,4,9,5,0,4,1,5H,4S,0.8656174279003641,9,11,True,True,True,True,0
top_ten,svm,occupancy,full,6,unith,6,Nielsen,Oct_25_g0,0.969401041666667,0.97021484375,0.921875,0.5207547169811321,4,4,20,4,8,0,4,10,5,0,5,1,5H,5S,0.8046800806904375,9,104,True,True,True,True,0
top_ten,svm,occupancy,full,6,unith,6,Nielsen,Oct_25_g0,0.969401041666667,0.97021484375,0.921875,0.5207547169811321,4,4,20,4,8,0,4,11,5,0,6,1,5H,6S,0.8451370031521209,9,87,True,True,True,True,0
top_ten,svm,occupancy,full,6,unith,6,Nielsen,Oct_25_g0,0.969401041666667,0.97021484375,0.921875,0.5207547169811321,,4,20,4,8,0,5,0,6,0,1,0,6H,1H,,0,60,False,True,False,True,0
top_ten,svm,occupancy,full,6,unith,6,Nielsen,Oct_25_g0,0.969401041666667,0.97021484375,0.921875,0.5207547169811321,,4,20,4,8,0,5,1,6,0,2,0,6H,2H,,0,69,False,True,False,True,0
top_ten,svm,occupancy,full,6,unith,6,Nielsen,Oct_25_g0,0.969401041666667,0.97021484375,0.921875,0.5207547169811321,,4,20,4,8,0,5,2,6,0,3,0,6H,3H,,0,77,False,True,False,True,0
top_ten,svm,occupancy,full,6,unith,6,Nielsen,Oct_25_g0,0.969401041666667,0.97021484375,0.921875,0.5207547169811321,,4,20,4,8,0,5,3,6,0,4,0,6H,4H,,0,76,False,True,False,True,0
top_ten,svm,occupancy,full,6,unith,6,Nielsen,Oct_25_g0,0.969401041666667,0.97021484375,0.921875,0.5207547169811321,,4,20,4,8,0,5,4,6,0,5,0,6H,5H,,0,9,False,True,False,True,0
top_ten,svm,occupancy,full,6,unith,6,Nielsen,Oct_25_g0,0.969401041666667,0.97021484375,0.921875,0.5207547169811321,,,20,4,8,0,5,5,6,0,6,0,6H,6H,,0,0,False,False,False,False,0
top_ten,svm,occupancy,full,6,unith,6,Nielsen,Oct_25_g0,0.969401041666667,0.97021484375,0.921875,0.5207547169811321,,,20,4,8,0,5,6,6,0,1,1,6H,1S,,0,0,False,False,False,False,0
top_ten,svm,occupancy,full,6,unith,6,Nielsen,Oct_25_g0,0.969401041666667,0.97021484375,0.921875,0.5207547169811321,,,20,4,8,0,5,7,6,0,2,1,6H,2S,,0,0,False,False,False,False,0
top_ten,svm,occupancy,full,6,unith,6,Nielsen,Oct_25_g0,0.969401041666667,0.97021484375,0.921875,0.5207547169811321,,2,20,4,8,0,5,8,6,0,3,1,6H,3S,,0,4,False,True,False,False,0
top_ten,svm,occupancy,full,6,unith,6,Nielsen,Oct_25_g0,0.969401041666667,0.97021484375,0.921875,0.5207547169811321,,4,20,4,8,0,5,9,6,0,4,1,6H,4S,,0,11,False,True,False,True,0
top_ten,svm,occupancy,full,6,unith,6,Nielsen,Oct_25_g0,0.969401041666667,0.97021484375,0.921875,0.5207547169811321,,4,20,4,8,0,5,10,6,0,5,1,6H,5S,,0,104,False,True,False,True,0
top_ten,svm,occupancy,full,6,unith,6,Nielsen,Oct_25_g0,0.969401041666667,0.97021484375,0.921875,0.5207547169811321,,4,20,4,8,0,5,11,6,0,6,1,6H,6S,,0,87,False,True,False,True,0
top_ten,svm,occupancy,full,6,unith,6,Nielsen,Oct_25_g0,0.969401041666667,0.97021484375,0.921875,0.5207547169811321,,4,20,4,8,0,6,0,1,1,1,0,1S,1H,,0,60,False,True,False,True,0
top_ten,svm,occupancy,full,6,unith,6,Nielsen,Oct_25_g0,0.969401041666667,0.97021484375,0.921875,0.5207547169811321,,4,20,4,8,0,6,1,1,1,2,0,1S,2H,,0,69,False,True,False,True,0
top_ten,svm,occupancy,full,6,unith,6,Nielsen,Oct_25_g0,0.969401041666667,0.97021484375,0.921875,0.5207547169811321,,4,20,4,8,0,6,2,1,1,3,0,1S,3H,,0,77,False,True,False,True,0
top_ten,svm,occupancy,full,6,unith,6,Nielsen,Oct_25_g0,0.969401041666667,0.97021484375,0.921875,0.5207547169811321,,4,20,4,8,0,6,3,1,1,4,0,1S,4H,,0,76,False,True,False,True,0
top_ten,svm,occupancy,full,6,unith,6,Nielsen,Oct_25_g0,0.969401041666667,0.97021484375,0.921875,0.5207547169811321,,4,20,4,8,0,6,4,1,1,5,0,1S,5H,,0,9,False,True,False,True,0
top_ten,svm,occupancy,full,6,unith,6,Nielsen,Oct_25_g0,0.969401041666667,0.97021484375,0.921875,0.5207547169811321,,,20,4,8,0,6,5,1,1,6,0,1S,6H,,0,0,False,False,False,False,0
top_ten,svm,occupancy,full,6,unith,6,Nielsen,Oct_25_g0,0.969401041666667,0.97021484375,0.921875,0.5207547169811321,,,20,4,8,0,6,6,1,1,1,1,1S,1S,,0,0,False,False,False,False,0
top_ten,svm,occupancy,full,6,unith,6,Nielsen,Oct_25_g0,0.969401041666667,0.97021484375,0.921875,0.5207547169811321,,,20,4,8,0,6,7,1,1,2,1,1S,2S,,0,0,False,False,False,False,0
top_ten,svm,occupancy,full,6,unith,6,Nielsen,Oct_25_g0,0.969401041666667,0.97021484375,0.921875,0.5207547169811321,,2,20,4,8,0,6,8,1,1,3,1,1S,3S,,0,4,False,True,False,False,0
top_ten,svm,occupancy,full,6,unith,6,Nielsen,Oct_25_g0,0.969401041666667,0.97021484375,0.921875,0.5207547169811321,,4,20,4,8,0,6,9,1,1,4,1,1S,4S,,0,11,False,True,False,True,0
top_ten,svm,occupancy,full,6,unith,6,Nielsen,Oct_25_g0,0.969401041666667,0.97021484375,0.921875,0.5207547169811321,,4,20,4,8,0,6,10,1,1,5,1,1S,5S,,0,104,False,True,False,True,0
top_ten,svm,occupancy,full,6,unith,6,Nielsen,Oct_25_g0,0.969401041666667,0.97021484375,0.921875,0.5207547169811321,,4,20,4,8,0,6,11,1,1,6,1,1S,6S,,0,87,False,True,False,True,0
top_ten,svm,occupancy,full,6,unith,6,Nielsen,Oct_25_g0,0.969401041666667,0.97021484375,0.921875,0.5207547169811321,,4,20,4,8,0,7,0,2,1,1,0,2S,1H,,0,60,False,True,False,True,0
top_ten,svm,occupancy,full,6,unith,6,Nielsen,Oct_25_g0,0.969401041666667,0.97021484375,0.921875,0.5207547169811321,,4,20,4,8,0,7,1,2,1,2,0,2S,2H,,0,69,False,True,False,True,0
top_ten,svm,occupancy,full,6,unith,6,Nielsen,Oct_25_g0,0.969401041666667,0.97021484375,0.921875,0.5207547169811321,,4,20,4,8,0,7,2,2,1,3,0,2S,3H,,0,77,False,True,False,True,0
top_ten,svm,occupancy,full,6,unith,6,Nielsen,Oct_25_g0,0.969401041666667,0.97021484375,0.921875,0.5207547169811321,,4,20,4,8,0,7,3,2,1,4,0,2S,4H,,0,76,False,True,False,True,0
top_ten,svm,occupancy,full,6,unith,6,Nielsen,Oct_25_g0,0.969401041666667,0.97021484375,0.921875,0.5207547169811321,,4,20,4,8,0,7,4,2,1,5,0,2S,5H,,0,9,False,True,False,True,0
top_ten,svm,occupancy,full,6,unith,6,Nielsen,Oct_25_g0,0.969401041666667,0.97021484375,0.921875,0.5207547169811321,,,20,4,8,0,7,5,2,1,6,0,2S,6H,,0,0,False,False,False,False,0
top_ten,svm,occupancy,full,6,unith,6,Nielsen,Oct_25_g0,0.969401041666667,0.97021484375,0.921875,0.5207547169811321,,,20,4,8,0,7,6,2,1,1,1,2S,1S,,0,0,False,False,False,False,0
top_ten,svm,occupancy,full,6,unith,6,Nielsen,Oct_25_g0,0.969401041666667,0.97021484375,0.921875,0.5207547169811321,,,20,4,8,0,7,7,2,1,2,1,2S,2S,,0,0,False,False,False,False,0
top_ten,svm,occupancy,full,6,unith,6,Nielsen,Oct_25_g0,0.969401041666667,0.97021484375,0.921875,0.5207547169811321,,2,20,4,8,0,7,8,2,1,3,1,2S,3S,,0,4,False,True,False,False,0
top_ten,svm,occupancy,full,6,unith,6,Nielsen,Oct_25_g0,0.969401041666667,0.97021484375,0.921875,0.5207547169811321,,4,20,4,8,0,7,9,2,1,4,1,2S,4S,,0,11,False,True,False,True,0
top_ten,svm,occupancy,full,6,unith,6,Nielsen,Oct_25_g0,0.969401041666667,0.97021484375,0.921875,0.5207547169811321,,4,20,4,8,0,7,10,2,1,5,1,2S,5S,,0,104,False,True,False,True,0
top_ten,svm,occupancy,full,6,unith,6,Nielsen,Oct_25_g0,0.969401041666667,0.97021484375,0.921875,0.5207547169811321,,4,20,4,8,0,7,11,2,1,6,1,2S,6S,,0,87,False,True,False,True,0
top_ten,svm,occupancy,full,6,unith,6,Nielsen,Oct_25_g0,0.969401041666667,0.97021484375,0.921875,0.5207547169811321,2,4,20,4,8,0,8,0,3,1,1,0,3S,1H,0.7781852673376846,4,60,True,True,False,True,0
top_ten,svm,occupancy,full,6,unith,6,Nielsen,Oct_25_g0,0.969401041666667,0.97021484375,0.921875,0.5207547169811321,2,4,20,4,8,0,8,1,3,1,2,0,3S,2H,0.8049418526288508,4,69,True,True,False,True,0
top_ten,svm,occupancy,full,6,unith,6,Nielsen,Oct_25_g0,0.969401041666667,0.97021484375,0.921875,0.5207547169811321,2,4,20,4,8,0,8,2,3,1,3,0,3S,3H,0.9230619356173608,4,77,True,True,False,True,0
top_ten,svm,occupancy,full,6,unith,6,Nielsen,Oct_25_g0,0.969401041666667,0.97021484375,0.921875,0.5207547169811321,2,4,20,4,8,0,8,3,3,1,4,0,3S,4H,0.8987340205140406,4,76,True,True,False,True,0
top_ten,svm,occupancy,full,6,unith,6,Nielsen,Oct_25_g0,0.969401041666667,0.97021484375,0.921875,0.5207547169811321,2,4,20,4,8,0,8,4,3,1,5,0,3S,5H,0.8333985798397586,4,9,True,True,False,True,0
top_ten,svm,occupancy,full,6,unith,6,Nielsen,Oct_25_g0,0.969401041666667,0.97021484375,0.921875,0.5207547169811321,2,,20,4,8,0,8,5,3,1,6,0,3S,6H,,4,0,True,False,False,False,0
top_ten,svm,occupancy,full,6,unith,6,Nielsen,Oct_25_g0,0.969401041666667,0.97021484375,0.921875,0.5207547169811321,2,,20,4,8,0,8,6,3,1,1,1,3S,1S,,4,0,True,False,False,False,0
top_ten,svm,occupancy,full,6,unith,6,Nielsen,Oct_25_g0,0.969401041666667,0.97021484375,0.921875,0.5207547169811321,2,,20,4,8,0,8,7,3,1,2,1,3S,2S,,4,0,True,False,False,False,0
top_ten,svm,occupancy,full,6,unith,6,Nielsen,Oct_25_g0,0.969401041666667,0.97021484375,0.921875,0.5207547169811321,2,2,20,4,8,0,8,8,3,1,3,1,3S,3S,0.9957873986183483,4,4,True,True,False,False,0
top_ten,svm,occupancy,full,6,unith,6,Nielsen,Oct_25_g0,0.969401041666667,0.97021484375,0.921875,0.5207547169811321,2,4,20,4,8,0,8,9,3,1,4,1,3S,4S,0.9549670452335196,4,11,True,True,False,True,0
top_ten,svm,occupancy,full,6,unith,6,Nielsen,Oct_25_g0,0.969401041666667,0.97021484375,0.921875,0.5207547169811321,2,4,20,4,8,0,8,10,3,1,5,1,3S,5S,0.9422244359593808,4,104,True,True,False,True,0
top_ten,svm,occupancy,full,6,unith,6,Nielsen,Oct_25_g0,0.969401041666667,0.97021484375,0.921875,0.5207547169811321,2,4,20,4,8,0,8,11,3,1,6,1,3S,6S,0.960413082535277,4,87,True,True,False,True,0
top_ten,svm,occupancy,full,6,unith,6,Nielsen,Oct_25_g0,0.969401041666667,0.97021484375,0.921875,0.5207547169811321,4,4,20,4,8,0,9,0,4,1,1,0,4S,1H,0.7411571874325645,11,60,True,True,True,True,0
top_ten,svm,occupancy,full,6,unith,6,Nielsen,Oct_25_g0,0.969401041666667,0.97021484375,0.921875,0.5207547169811321,4,4,20,4,8,0,9,1,4,1,2,0,4S,2H,0.788847294306114,11,69,True,True,True,True,0
top_ten,svm,occupancy,full,6,unith,6,Nielsen,Oct_25_g0,0.969401041666667,0.97021484375,0.921875,0.5207547169811321,4,4,20,4,8,0,9,2,4,1,3,0,4S,3H,0.9084204624695655,11,77,True,True,True,True,0
top_ten,svm,occupancy,full,6,unith,6,Nielsen,Oct_25_g0,0.969401041666667,0.97021484375,0.921875,0.5207547169811321,4,4,20,4,8,0,9,3,4,1,4,0,4S,4H,0.8856941097713176,11,76,True,True,True,True,0
top_ten,svm,occupancy,full,6,unith,6,Nielsen,Oct_25_g0,0.969401041666667,0.97021484375,0.921875,0.5207547169811321,4,4,20,4,8,0,9,4,4,1,5,0,4S,5H,0.8656174279003641,11,9,True,True,True,True,0
top_ten,svm,occupancy,full,6,unith,6,Nielsen,Oct_25_g0,0.969401041666667,0.97021484375,0.921875,0.5207547169811321,4,,20,4,8,0,9,5,4,1,6,0,4S,6H,,11,0,True,False,True,False,0
top_ten,svm,occupancy,full,6,unith,6,Nielsen,Oct_25_g0,0.969401041666667,0.97021484375,0.921875,0.5207547169811321,4,,20,4,8,0,9,6,4,1,1,1,4S,1S,,11,0,True,False,True,False,0
top_ten,svm,occupancy,full,6,unith,6,Nielsen,Oct_25_g0,0.969401041666667,0.97021484375,0.921875,0.5207547169811321,4,,20,4,8,0,9,7,4,1,2,1,4S,2S,,11,0,True,False,True,False,0
top_ten,svm,occupancy,full,6,unith,6,Nielsen,Oct_25_g0,0.969401041666667,0.97021484375,0.921875,0.5207547169811321,4,2,20,4,8,0,9,8,4,1,3,1,4S,3S,0.9549670452335196,11,4,True,True,True,False,0
top_ten,svm,occupancy,full,6,unith,6,Nielsen,Oct_25_g0,0.969401041666667,0.97021484375,0.921875,0.5207547169811321,4,4,20,4,8,0,9,9,4,1,4,1,4S,4S,0.9167710339305778,11,11,True,True,True,True,0
top_ten,svm,occupancy,full,6,unith,6,Nielsen,Oct_25_g0,0.969401041666667,0.97021484375,0.921875,0.5207547169811321,4,4,20,4,8,0,9,10,4,1,5,1,4S,5S,0.9147894306846129,11,104,True,True,True,True,0
top_ten,svm,occupancy,full,6,unith,6,Nielsen,Oct_25_g0,0.969401041666667,0.97021484375,0.921875,0.5207547169811321,4,4,20,4,8,0,9,11,4,1,6,1,4S,6S,0.9369464429293973,11,87,True,True,True,True,0
top_ten,svm,occupancy,full,6,unith,6,Nielsen,Oct_25_g0,0.969401041666667,0.97021484375,0.921875,0.5207547169811321,4,4,20,4,8,0,10,0,5,1,1,0,5S,1H,0.7444188182027437,104,60,True,True,True,True,0
top_ten,svm,occupancy,full,6,unith,6,Nielsen,Oct_25_g0,0.969401041666667,0.97021484375,0.921875,0.5207547169811321,4,4,20,4,8,0,10,1,5,1,2,0,5S,2H,0.7800737599207574,104,69,True,True,True,True,0
top_ten,svm,occupancy,full,6,unith,6,Nielsen,Oct_25_g0,0.969401041666667,0.97021484375,0.921875,0.5207547169811321,4,4,20,4,8,0,10,2,5,1,3,0,5S,3H,0.8926566821846313,104,77,True,True,True,True,0
top_ten,svm,occupancy,full,6,unith,6,Nielsen,Oct_25_g0,0.969401041666667,0.97021484375,0.921875,0.5207547169811321,4,4,20,4,8,0,10,3,5,1,4,0,5S,4H,0.849601163358594,104,76,True,True,True,True,0
top_ten,svm,occupancy,full,6,unith,6,Nielsen,Oct_25_g0,0.969401041666667,0.97021484375,0.921875,0.5207547169811321,4,4,20,4,8,0,10,4,5,1,5,0,5S,5H,0.8046800806904375,104,9,True,True,True,True,0
top_ten,svm,occupancy,full,6,unith,6,Nielsen,Oct_25_g0,0.969401041666667,0.97021484375,0.921875,0.5207547169811321,4,,20,4,8,0,10,5,5,1,6,0,5S,6H,,104,0,True,False,True,False,0
top_ten,svm,occupancy,full,6,unith,6,Nielsen,Oct_25_g0,0.969401041666667,0.97021484375,0.921875,0.5207547169811321,4,,20,4,8,0,10,6,5,1,1,1,5S,1S,,104,0,True,False,True,False,0
top_ten,svm,occupancy,full,6,unith,6,Nielsen,Oct_25_g0,0.969401041666667,0.97021484375,0.921875,0.5207547169811321,4,,20,4,8,0,10,7,5,1,2,1,5S,2S,,104,0,True,False,True,False,0
top_ten,svm,occupancy,full,6,unith,6,Nielsen,Oct_25_g0,0.969401041666667,0.97021484375,0.921875,0.5207547169811321,4,2,20,4,8,0,10,8,5,1,3,1,5S,3S,0.9422244359593808,104,4,True,True,True,False,0
top_ten,svm,occupancy,full,6,unith,6,Nielsen,Oct_25_g0,0.969401041666667,0.97021484375,0.921875,0.5207547169811321,4,4,20,4,8,0,10,9,5,1,4,1,5S,4S,0.9147894306846129,104,11,True,True,True,True,0
top_ten,svm,occupancy,full,6,unith,6,Nielsen,Oct_25_g0,0.969401041666667,0.97021484375,0.921875,0.5207547169811321,4,4,20,4,8,0,10,10,5,1,5,1,5S,5S,0.9015680383291406,104,104,True,True,True,True,0
top_ten,svm,occupancy,full,6,unith,6,Nielsen,Oct_25_g0,0.969401041666667,0.97021484375,0.921875,0.5207547169811321,4,4,20,4,8,0,10,11,5,1,6,1,5S,6S,0.9062560550829784,104,87,True,True,True,True,0
top_ten,svm,occupancy,full,6,unith,6,Nielsen,Oct_25_g0,0.969401041666667,0.97021484375,0.921875,0.5207547169811321,4,4,20,4,8,0,11,0,6,1,1,0,6S,1H,0.7569202057777842,87,60,True,True,True,True,0
top_ten,svm,occupancy,full,6,unith,6,Nielsen,Oct_25_g0,0.969401041666667,0.97021484375,0.921875,0.5207547169811321,4,4,20,4,8,0,11,1,6,1,2,0,6S,2H,0.7996670322538018,87,69,True,True,True,True,0
top_ten,svm,occupancy,full,6,unith,6,Nielsen,Oct_25_g0,0.969401041666667,0.97021484375,0.921875,0.5207547169811321,4,4,20,4,8,0,11,2,6,1,3,0,6S,3H,0.8945570081799141,87,77,True,True,True,True,0
top_ten,svm,occupancy,full,6,unith,6,Nielsen,Oct_25_g0,0.969401041666667,0.97021484375,0.921875,0.5207547169811321,4,4,20,4,8,0,11,3,6,1,4,0,6S,4H,0.8723598849877365,87,76,True,True,True,True,0
top_ten,svm,occupancy,full,6,unith,6,Nielsen,Oct_25_g0,0.969401041666667,0.97021484375,0.921875,0.5207547169811321,4,4,20,4,8,0,11,4,6,1,5,0,6S,5H,0.8451370031521209,87,9,True,True,True,True,0
top_ten,svm,occupancy,full,6,unith,6,Nielsen,Oct_25_g0,0.969401041666667,0.97021484375,0.921875,0.5207547169811321,4,,20,4,8,0,11,5,6,1,6,0,6S,6H,,87,0,True,False,True,False,0
top_ten,svm,occupancy,full,6,unith,6,Nielsen,Oct_25_g0,0.969401041666667,0.97021484375,0.921875,0.5207547169811321,4,,20,4,8,0,11,6,6,1,1,1,6S,1S,,87,0,True,False,True,False,0
top_ten,svm,occupancy,full,6,unith,6,Nielsen,Oct_25_g0,0.969401041666667,0.97021484375,0.921875,0.5207547169811321,4,,20,4,8,0,11,7,6,1,2,1,6S,2S,,87,0,True,False,True,False,0
top_ten,svm,occupancy,full,6,unith,6,Nielsen,Oct_25_g0,0.969401041666667,0.97021484375,0.921875,0.5207547169811321,4,2,20,4,8,0,11,8,6,1,3,1,6S,3S,0.960413082535277,87,4,True,True,True,False,0
top_ten,svm,occupancy,full,6,unith,6,Nielsen,Oct_25_g0,0.969401041666667,0.97021484375,0.921875,0.5207547169811321,4,4,20,4,8,0,11,9,6,1,4,1,6S,4S,0.9369464429293973,87,11,True,True,True,True,0
top_ten,svm,occupancy,full,6,unith,6,Nielsen,Oct_25_g0,0.969401041666667,0.97021484375,0.921875,0.5207547169811321,4,4,20,4,8,0,11,10,6,1,5,1,6S,5S,0.9062560550829784,87,104,True,True,True,True,0
top_ten,svm,occupancy,full,6,unith,6,Nielsen,Oct_25_g0,0.969401041666667,0.97021484375,0.921875,0.5207547169811321,4,4,20,4,8,0,11,11,6,1,6,1,6S,6S,0.9290787818525281,87,87,True,True,True,True,0
