scope,label_source,feature,variant,k,space,dim,monkey,session,snr_auc,svm_auc,oof_balanced_acc,dendro_agreement_2345,half_i,half_j,n_splits,min_trials,min_stable,seed,cell_i,cell_j,maze_i,strategy_i,maze_j,strategy_j,name_i,name_j,r,n_trials_i,n_trials_j,present_i,present_j,stable_i,stable_j,n_degenerate
top_four,dendro,occupancy_bin,full,12,unith,12,Faure,june_16_g0,0.977857142857143,,,,4,4,20,4,8,0,0,0,1,0,1,0,1H,1H,0.7373072305658092,51,51,True,True,True,True,0
top_four,dendro,occupancy_bin,full,12,unith,12,Faure,june_16_g0,0.977857142857143,,,,4,,20,4,8,0,0,1,1,0,2,0,1H,2H,,51,0,True,False,True,False,0
top_four,dendro,occupancy_bin,full,12,unith,12,Faure,june_16_g0,0.977857142857143,,,,4,4,20,4,8,0,0,2,1,0,3,0,1H,3H,0.7365376311544233,51,34,True,True,True,True,0
top_four,dendro,occupancy_bin,full,12,unith,12,Faure,june_16_g0,0.977857142857143,,,,4,,20,4,8,0,0,3,1,0,4,0,1H,4H,,51,0,True,False,True,False,0
top_four,dendro,occupancy_bin,full,12,unith,12,Faure,june_16_g0,0.977857142857143,,,,4,2,20,4,8,0,0,4,1,0,5,0,1H,5H,0.5683265646204064,51,5,True,True,True,False,0
top_four,dendro,occupancy_bin,full,12,unith,12,Faure,june_16_g0,0.977857142857143,,,,4,,20,4,8,0,0,5,1,0,6,0,1H,6H,,51,0,True,False,True,False,0
top_four,dendro,occupancy_bin,full,12,unith,12,Faure,june_16_g0,0.977857142857143,,,,4,4,20,4,8,0,0,6,1,0,1,1,1H,1S,0.6445183152769178,51,9,True,True,True,True,0
top_four,dendro,occupancy_bin,full,12,unith,12,Faure,june_16_g0,0.977857142857143,,,,4,4,20,4,8,0,0,7,1,0,2,1,1H,2S,0.7607260163629813,51,35,True,True,True,True,0
top_four,dendro,occupancy_bin,full,12,unith,12,Faure,june_16_g0,0.977857142857143,,,,4,4,20,4,8,0,0,8,1,0,3,1,1H,3S,0.6399474495281356,51,12,True,True,True,True,0
top_four,dendro,occupancy_bin,full,12,unith,12,Faure,june_16_g0,0.977857142857143,,,,4,4,20,4,8,0,0,9,1,0,4,1,1H,4S,0.7552788017634124,51,56,True,True,True,True,0
top_four,dendro,occupancy_bin,full,12,unith,12,Faure,june_16_g0,0.977857142857143,,,,4,4,20,4,8,0,0,10,1,0,5,1,1H,5S,0.7257609298516319,51,50,True,True,True,True,0
top_four,dendro,occupancy_bin,full,12,unith,12,Faure,june_16_g0,0.977857142857143,,,,4,4,20,4,8,0,0,11,1,0,6,1,1H,6S,0.6437379861493334,51,67,True,True,True,True,0
top_four,dendro,occupancy_bin,full,12,unith,12,Faure,june_16_g0,0.977857142857143,,,,,4,20,4,8,0,1,0,2,0,1,0,2H,1H,,0,51,False,True,False,True,0
top_four,dendro,occupancy_bin,full,12,unith,12,Faure,june_16_g0,0.977857142857143,,,,,,20,4,8,0,1,1,2,0,2,0,2H,2H,,0,0,False,False,False,False,0
top_four,dendro,occupancy_bin,full,12,unith,12,Faure,june_16_g0,0.977857142857143,,,,,4,20,4,8,0,1,2,2,0,3,0,2H,3H,,0,34,False,True,False,True,0
top_four,dendro,occupancy_bin,full,12,unith,12,Faure,june_16_g0,0.977857142857143,,,,,,20,4,8,0,1,3,2,0,4,0,2H,4H,,0,0,False,False,False,False,0
top_four,dendro,occupancy_bin,full,12,unith,12,Faure,june_16_g0,0.977857142857143,,,,,2,20,4,8,0,1,4,2,0,5,0,2H,5H,,0,5,False,True,False,False,0
top_four,dendro,occupancy_bin,full,12,unith,12,Faure,june_16_g0,0.977857142857143,,,,,,20,4,8,0,1,5,2,0,6,0,2H,6H,,0,0,False,False,False,False,0
top_four,dendro,occupancy_bin,full,12,unith,12,Faure,june_16_g0,0.977857142857143,,,,,4,20,4,8,0,1,6,2,0,1,1,2H,1S,,0,9,False,True,False,True,0
top_four,dendro,occupancy_bin,full,12,unith,12,Faure,june_16_g0,0.977857142857143,,,,,4,20,4,8,0,1,7,2,0,2,1,2H,2S,,0,35,False,True,False,True,0
top_four,dendro,occupancy_bin,full,12,unith,12,Faure,june_16_g0,0.977857142857143,,,,,4,20,4,8,0,1,8,2,0,3,1,2H,3S,,0,12,False,True,False,True,0
top_four,dendro,occupancy_bin,full,12,unith,12,Faure,june_16_g0,0.977857142857143,,,,,4,20,4,8,0,1,9,2,0,4,1,2H,4S,,0,56,False,True,False,True,0
top_four,dendro,occupancy_bin,full,12,unith,12,Faure,june_16_g0,0.977857142857143,,,,,4,20,4,8,0,1,10,2,0,5,1,2H,5S,,0,50,False,True,False,True,0
top_four,dendro,occupancy_bin,full,12,unith,12,Faure,june_16_g0,0.977857142857143,,,,,4,20,4,8,0,1,11,2,0,6,1,2H,6S,,0,67,False,True,False,True,0
top_four,dendro,occupancy_bin,full,12,unith,12,Faure,june_16_g0,0.977857142857143,,,,4,4,20,4,8,0,2,0,3,0,1,0,3H,1H,0.7365376311544233,34,51,True,True,True,True,0
top_four,dendro,occupancy_bin,full,12,unith,12,Faure,june_16_g0,0.977857142857143,,,,4,,20,4,8,0,2,1,3,0,2,0,3H,2H,,34,0,True,False,True,False,0
top_four,dendro,occupancy_bin,full,12,unith,12,Faure,june_16_g0,0.977857142857143,,,,4,4,20,4,8,0,2,2,3,0,3,0,3H,3H,0.6960493244171303,34,34,True,True,True,True,0
top_four,dendro,occupancy_bin,full,12,unith,12,Faure,june_16_g0,0.977857142857143,,,,4,,20,4,8,0,2,3,3,0,4,0,3H,4H,,34,0,True,False,True,False,0
top_four,dendro,occupancy_bin,full,12,unith,12,Faure,june_16_g0,0.977857142857143,,,,4,2,20,4,8,0,2,4,3,0,5,0,3H,5H,0.5540199059604811,34,5,True,True,True,False,0
top_four,dendro,occupancy_bin,full,12,unith,12,Faure,june_16_g0,0.977857142857143,,,,4,,20,4,8,0,2,5,3,0,6,0,3H,6H,,34,0,True,False,True,False,0
top_four,dendro,occupancy_bin,full,12,unith,12,Faure,june_16_g0,0.977857142857143,,,,4,4,20,4,8,0,2,6,3,0,1,1,3H,1S,0.6174575287515034,34,9,True,True,True,True,0
top_four,dendro,occupancy_bin,full,12,unith,12,Faure,june_16_g0,0.977857142857143,,,,4,4,20,4,8,0,2,7,3,0,2,1,3H,2S,0.7232878599738404,34,35,True,True,True,True,0
top_four,dendro,occupancy_bin,full,12,unith,12,Faure,june_16_g0,0.977857142857143,,,,4,4,20,4,8,0,2,8,3,0,3,1,3H,3S,0.6091145268959873,34,12,True,True,True,True,0
top_four,dendro,occupancy_bin,full,12,unith,12,Faure,june_16_g0,0.977857142857143,,,,4,4,20,4,8,0,2,9,3,0,4,1,3H,4S,0.7211461458521677,34,56,True,True,True,True,0
top_four,dendro,occupancy_bin,full,12,unith,12,Faure,june_16_g0,0.977857142857143,,,,4,4,20,4,8,0,2,10,3,0,5,1,3H,5S,0.7028321265376843,34,50,True,True,True,True,0
top_four,dendro,occupancy_bin,full,12,unith,12,Faure,june_16_g0,0.977857142857143,,,,4,4,20,4,8,0,2,11,3,0,6,1,3H,6S,0.6629704573615687,34,67,True,True,True,True,0
top_four,dendro,occupancy_bin,full,12,unith,12,Faure,june_16_g0,0.977857142857143,,,,,4,20,4,8,0,3,0,4,0,1,0,4H,1H,,0,51,False,True,False,True,0
top_four,dendro,occupancy_bin,full,12,unith,12,Faure,june_16_g0,0.977857142857143,,,,,,20,4,8,0,3,1,4,0,2,0,4H,2H,,0,0,False,False,False,False,0
top_four,dendro,occupancy_bin,full,12,unith,12,Faure,june_16_g0,0.977857142857143,,,,,4,20,4,8,0,3,2,4,0,3,0,4H,3H,,0,34,False,True,False,True,0
top_four,dendro,occupancy_bin,full,12,unith,12,Faure,june_16_g0,0.977857142857143,,,,,,20,4,8,0,3,3,4,0,4,0,4H,4H,,0,0,False,False,False,False,0
top_four,dendro,occupancy_bin,full,12,unith,12,Faure,june_16_g0,0.977857142857143,,,,,2,20,4,8,0,3,4,4,0,5,0,4H,5H,,0,5,False,True,False,False,0
top_four,dendro,occupancy_bin,full,12,unith,12,Faure,june_16_g0,0.977857142857143,,,,,,20,4,8,0,3,5,4,0,6,0,4H,6H,,0,0,False,False,False,False,0
top_four,dendro,occupancy_bin,full,12,unith,12,Faure,june_16_g0,0.977857142857143,,,,,4,20,4,8,0,3,6,4,0,1,1,4H,1S,,0,9,False,True,False,True,0
top_four,dendro,occupancy_bin,full,12,unith,12,Faure,june_16_g0,0.977857142857143,,,,,4,20,4,8,0,3,7,4,0,2,1,4H,2S,,0,35,False,True,False,True,0
top_four,dendro,occupancy_bin,full,12,unith,12,Faure,june_16_g0,0.977857142857143,,,,,4,20,4,8,0,3,8,4,0,3,1,4H,3S,,0,12,False,True,False,True,0
top_four,dendro,occupancy_bin,full,12,unith,12,Faure,june_16_g0,0.977857142857143,,,,,4,20,4,8,0,3,9,4,0,4,1,4H,4S,,0,56,False,True,False,True,0
top_four,dendro,occupancy_bin,full,12,unith,12,Faure,june_16_g0,0.977857142857143,,,,,4,20,4,8,0,3,10,4,0,5,1,4H,5S,,0,50,False,True,False,True,0
top_four,dendro,occupancy_bin,full,12,unith,12,Faure,june_16_g0,0.977857142857143,,,,,4,20,4,8,0,3,11,4,0,6,1,4H,6S,,0,67,False,True,False,True,0
top_four,dendro,occupancy_bin,full,12,unith,12,Faure,june_16_g0,0.977857142857143,,,,2,4,20,4,8,0,4,0,5,0,1,0,5H,1H,0.5683265646204064,5,51,True,True,False,True,0
top_four,dendro,occupancy_bin,full,12,unith,12,Faure,june_16_g0,0.977857142857143,,,,2,,20,4,8,0,4,1,5,0,2,0,5H,2H,,5,0,True,False,False,False,0
top_four,dendro,occupancy_bin,full,12,unith,12,Faure,june_16_g0,0.977857142857143,,,,2,4,20,4,8,0,4,2,5,0,3,0,5H,3H,0.5540199059604811,5,34,True,True,False,True,0
top_four,dendro,occupancy_bin,full,12,unith,12,Faure,june_16_g0,0.977857142857143,,,,2,,20,4,8,0,4,3,5,0,4,0,5H,4H,,5,0,True,False,False,False,0
top_four,dendro,occupancy_bin,full,12,unith,12,Faure,june_16_g0,0.977857142857143,,,,2,2,20,4,8,0,4,4,5,0,5,0,5H,5H,0.3435264122656434,5,5,True,True,False,False,0
top_four,dendro,occupancy_bin,full,12,unith,12,Faure,june_16_g0,0.977857142857143,,,,2,,20,4,8,0,4,5,5,0,6,0,5H,6H,,5,0,True,False,False,False,0
top_four,dendro,occupancy_bin,full,12,unith,12,Faure,june_16_g0,0.977857142857143,,,,2,4,20,4,8,0,4,6,5,0,1,1,5H,1S,0.469863473130109,5,9,True,True,False,True,0
top_four,dendro,occupancy_bin,full,12,unith,12,Faure,june_16_g0,0.977857142857143,,,,2,4,20,4,8,0,4,7,5,0,2,1,5H,2S,0.618985235092943,5,35,True,True,False,True,0
top_four,dendro,occupancy_bin,full,12,unith,12,Faure,june_16_g0,0.977857142857143,,,,2,4,20,4,8,0,4,8,5,0,3,1,5H,3S,0.4982991932401605,5,12,True,True,False,True,0
top_four,dendro,occupancy_bin,full,12,unith,12,Faure,june_16_g0,0.977857142857143,,,,2,4,20,4,8,0,4,9,5,0,4,1,5H,4S,0.6005574405751926,5,56,True,True,False,True,0
top_four,dendro,occupancy_bin,full,12,unith,12,Faure,june_16_g0,0.977857142857143,,,,2,4,20,4,8,0,4,10,5,0,5,1,5H,5S,0.6029600459755657,5,50,True,True,False,True,0
top_four,dendro,occupancy_bin,full,12,unith,12,Faure,june_16_g0,0.977857142857143,,,,2,4,20,4,8,0,4,11,5,0,6,1,5H,6S,0.6007746006158257,5,67,True,True,False,True,0
top_four,dendro,occupancy_bin,full,12,unith,12,Faure,june_16_g0,0.977857142857143,,,,,4,20,4,8,0,5,0,6,0,1,0,6H,1H,,0,51,False,True,False,True,0
top_four,dendro,occupancy_bin,full,12,unith,12,Faure,june_16_g0,0.977857142857143,,,,,,20,4,8,0,5,1,6,0,2,0,6H,2H,,0,0,False,False,False,False,0
top_four,dendro,occupancy_bin,full,12,unith,12,Faure,june_16_g0,0.977857142857143,,,,,4,20,4,8,0,5,2,6,0,3,0,6H,3H,,0,34,False,True,False,True,0
top_four,dendro,occupancy_bin,full,12,unith,12,Faure,june_16_g0,0.977857142857143,,,,,,20,4,8,0,5,3,6,0,4,0,6H,4H,,0,0,False,False,False,False,0
top_four,dendro,occupancy_bin,full,12,unith,12,Faure,june_16_g0,0.977857142857143,,,,,2,20,4,8,0,5,4,6,0,5,0,6H,5H,,0,5,False,True,False,False,0
top_four,dendro,occupancy_bin,full,12,unith,12,Faure,june_16_g0,0.977857142857143,,,,,,20,4,8,0,5,5,6,0,6,0,6H,6H,,0,0,False,False,False,False,0
top_four,dendro,occupancy_bin,full,12,unith,12,Faure,june_16_g0,0.977857142857143,,,,,4,20,4,8,0,5,6,6,0,1,1,6H,1S,,0,9,False,True,False,True,0
top_four,dendro,occupancy_bin,full,12,unith,12,Faure,june_16_g0,0.977857142857143,,,,,4,20,4,8,0,5,7,6,0,2,1,6H,2S,,0,35,False,True,False,True,0
top_four,dendro,occupancy_bin,full,12,unith,12,Faure,june_16_g0,0.977857142857143,,,,,4,20,4,8,0,5,8,6,0,3,1,6H,3S,,0,12,False,True,False,True,0
top_four,dendro,occupancy_bin,full,12,unith,12,Faure,june_16_g0,0.977857142857143,,,,,4,20,4,8,0,5,9,6,0,4,1,6H,4S,,0,56,False,True,False,True,0
top_four,dendro,occupancy_bin,full,12,unith,12,Faure,june_16_g0,0.977857142857143,,,,,4,20,4,8,0,5,10,6,0,5,1,6H,5S,,0,50,False,True,False,True,0
top_four,dendro,occupancy_bin,full,12,unith,12,Faure,june_16_g0,0.977857142857143,,,,,4,20,4,8,0,5,11,6,0,6,1,6H,6S,,0,67,False,True,False,True,0
top_four,dendro,occupancy_bin,full,12,unith,12,Faure,june_16_g0,0.977857142857143,,,,4,4,20,4,8,0,6,0,1,1,1,0,1S,1H,0.6445183152769178,9,51,True,True,True,True,0
top_four,dendro,occupancy_bin,full,12,unith,12,Faure,june_16_g0,0.977857142857143,,,,4,,20,4,8,0,6,1,1,1,2,0,1S,2H,,9,0,True,False,True,False,0
top_four,dendro,occupancy_bin,full,12,unith,12,Faure,june_16_g0,0.977857142857143,,,,4,4,20,4,8,0,6,2,1,1,3,0,1S,3H,0.6174575287515034,9,34,True,True,True,True,0
top_four,dendro,occupancy_bin,full,12,unith,12,Faure,june_16_g0,0.977857142857143,,,,4,,20,4,8,0,6,3,1,1,4,0,1S,4H,,9,0,True,False,True,False,0
top_four,dendro,occupancy_bin,full,12,unith,12,Faure,june_16_g0,0.977857142857143,,,,4,2,20,4,8,0,6,4,1,1,5,0,1S,5H,0.469863473130109,9,5,True,True,True,False,0
top_four,dendro,occupancy_bin,full,12,unith,12,Faure,june_16_g0,0.977857142857143,,,,4,,20,4,8,0,6,5,1,1,6,0,1S,6H,,9,0,True,False,True,False,0
top_four,dendro,occupancy_bin,full,12,unith,12,Faure,june_16_g0,0.977857142857143,,,,4,4,20,4,8,0,6,6,1,1,1,1,1S,1S,0.8232082192066006,9,9,True,True,True,True,0
top_four,dendro,occupancy_bin,full,12,unith,12,Faure,june_16_g0,0.977857142857143,,,,4,4,20,4,8,0,6,7,1,1,2,1,1S,2S,0.6436313913717701,9,35,True,True,True,True,0
top_four,dendro,occupancy_bin,full,12,unith,12,Faure,june_16_g0,0.977857142857143,,,,4,4,20,4,8,0,6,8,1,1,3,1,1S,3S,0.8450341808096503,9,12,True,True,True,True,0
top_four,dendro,occupancy_bin,full,12,unith,12,Faure,june_16_g0,0.977857142857143,,,,4,4,20,4,8,0,6,9,1,1,4,1,1S,4S,0.627467380371715,9,56,True,True,True,True,0
top_four,dendro,occupancy_bin,full,12,unith,12,Faure,june_16_g0,0.977857142857143,,,,4,4,20,4,8,0,6,10,1,1,5,1,1S,5S,0.6827886618220146,9,50,True,True,True,True,0
top_four,dendro,occupancy_bin,full,12,unith,12,Faure,june_16_g0,0.977857142857143,,,,4,4,20,4,8,0,6,11,1,1,6,1,1S,6S,0.679596735007688,9,67,True,True,True,True,0
top_four,dendro,occupancy_bin,full,12,unith,12,Faure,june_16_g0,0.977857142857143,,,,4,4,20,4,8,0,7,0,2,1,1,0,2S,1H,0.7607260163629813,35,51,True,True,True,True,0
top_four,dendro,occupancy_bin,full,12,unith,12,Faure,june_16_g0,0.977857142857143,,,,4,,20,4,8,0,7,1,2,1,2,0,2S,2H,,35,0,True,False,True,False,0
top_four,dendro,occupancy_bin,full,12,unith,12,Faure,june_16_g0,0.977857142857143,,,,4,4,20,4,8,0,7,2,2,1,3,0,2S,3H,0.7232878599738404,35,34,True,True,True,True,0
top_four,dendro,occupancy_bin,full,12,unith,12,Faure,june_16_g0,0.977857142857143,,,,4,,20,4,8,0,7,3,2,1,4,0,2S,4H,,35,0,True,False,True,False,0
top_four,dendro,occupancy_bin,full,12,unith,12,Faure,june_16_g0,0.977857142857143,,,,4,2,20,4,8,0,7,4,2,1,5,0,2S,5H,0.618985235092943,35,5,True,True,True,False,0
top_four,dendro,occupancy_bin,full,12,unith,12,Faure,june_16_g0,0.977857142857143,,,,4,,20,4,8,0,7,5,2,1,6,0,2S,6H,,35,0,True,False,True,False,0
top_four,dendro,occupancy_bin,full,12,unith,12,Faure,june_16_g0,0.977857142857143,,,,4,4,20,4,8,0,7,6,2,1,1,1,2S,1S,0.6436313913717701,35,9,True,True,True,True,0
top_four,dendro,occupancy_bin,full,12,unith,12,Faure,june_16_g0,0.977857142857143,,,,4,4,20,4,8,0,7,7,2,1,2,1,2S,2S,0.782931003835099,35,35,True,True,True,True,0
top_four,dendro,occupancy_bin,full,12,unith,12,Faure,june_16_g0,0.977857142857143,,,,4,4,20,4,8,0,7,8,2,1,3,1,2S,3S,0.6252934385413573,35,12,True,True,True,True,0
top_four,dendro,occupancy_bin,full,12,unith,12,Faure,june_16_g0,0.977857142857143,,,,4,4,20,4,8,0,7,9,2,1,4,1,2S,4S,0.7572103918844604,35,56,True,True,True,True,0
top_four,dendro,occupancy_bin,full,12,unith,12,Faure,june_16_g0,0.977857142857143,,,,4,4,20,4,8,0,7,10,2,1,5,1,2S,5S,0.7550184273206966,35,50,True,True,True,True,0
top_four,dendro,occupancy_bin,full,12,unith,12,Faure,june_16_g0,0.977857142857143,,,,4,4,20,4,8,0,7,11,2,1,6,1,2S,6S,0.693233241617396,35,67,True,True,True,True,0
top_four,dendro,occupancy_bin,full,12,unith,12,Faure,june_16_g0,0.977857142857143,,,,4,4,20,4,8,0,8,0,3,1,1,0,3S,1H,0.6399474495281356,12,51,True,True,True,True,0
top_four,dendro,occupancy_bin,full,12,unith,12,Faure,june_16_g0,0.977857142857143,,,,4,,20,4,8,0,8,1,3,1,2,0,3S,2H,,12,0,True,False,True,False,0
top_four,dendro,occupancy_bin,full,12,unith,12,Faure,june_16_g0,0.977857142857143,,,,4,4,20,4,8,0,8,2,3,1,3,0,3S,3H,0.6091145268959873,12,34,True,True,True,True,0
top_four,dendro,occupancy_bin,full,12,unith,12,Faure,june_16_g0,0.977857142857143,,,,4,,20,4,8,0,8,3,3,1,4,0,3S,4H,,12,0,True,False,True,False,0
top_four,dendro,occupancy_bin,full,12,unith,12,Faure,june_16_g0,0.977857142857143,,,,4,2,20,4,8,0,8,4,3,1,5,0,3S,5H,0.4982991932401605,12,5,True,True,True,False,0
top_four,dendro,occupancy_bin,full,12,unith,12,Faure,june_16_g0,0.977857142857143,,,,4,,20,4,8,0,8,5,3,1,6,0,3S,6H,,12,0,True,False,True,False,0
top_four,dendro,occupancy_bin,full,12,unith,12,Faure,june_16_g0,0.977857142857143,,,,4,4,20,4,8,0,8,6,3,1,1,1,3S,1S,0.8450341808096503,12,9,True,True,True,True,0
top_four,dendro,occupancy_bin,full,12,unith,12,Faure,june_16_g0,0.977857142857143,,,,4,4,20,4,8,0,8,7,3,1,2,1,3S,2S,0.6252934385413573,12,35,True,True,True,True,0
top_four,dendro,occupancy_bin,full,12,unith,12,Faure,june_16_g0,0.977857142857143,,,,4,4,20,4,8,0,8,8,3,1,3,1,3S,3S,0.723724663131499,12,12,True,True,True,True,0
top_four,dendro,occupancy_bin,full,12,unith,12,Faure,june_16_g0,0.977857142857143,,,,4,4,20,4,8,0,8,9,3,1,4,1,3S,4S,0.6149270683707597,12,56,True,True,True,True,0
top_four,dendro,occupancy_bin,full,12,unith,12,Faure,june_16_g0,0.977857142857143,,,,4,4,20,4,8,0,8,10,3,1,5,1,3S,5S,0.6279557683854862,12,50,True,True,True,True,0
top_four,dendro,occupancy_bin,full,12,unith,12,Faure,june_16_g0,0.977857142857143,,,,4,4,20,4,8,0,8,11,3,1,6,1,3S,6S,0.6667915269934527,12,67,True,True,True,True,0
top_four,dendro,occupancy_bin,full,12,unith,12,Faure,june_16_g0,0.977857142857143,,,,4,4,20,4,8,0,9,0,4,1,1,0,4S,1H,0.7552788017634124,56,51,True,True,True,True,0
top_four,dendro,occupancy_bin,full,12,unith,12,Faure,june_16_g0,0.977857142857143,,,,4,,20,4,8,0,9,1,4,1,2,0,4S,2H,,56,0,True,False,True,False,0
top_four,dendro,occupancy_bin,full,12,unith,12,Faure,june_16_g0,0.977857142857143,,,,4,4,20,4,8,0,9,2,4,1,3,0,4S,3H,0.7211461458521677,56,34,True,True,True,True,0
top_four,dendro,occupancy_bin,full,12,unith,12,Faure,june_16_g0,0.977857142857143,,,,4,,20,4,8,0,9,3,4,1,4,0,4S,4H,,56,0,True,False,True,False,0
top_four,dendro,occupancy_bin,full,12,unith,12,Faure,june_16_g0,0.977857142857143,,,,4,2,20,4,8,0,9,4,4,1,5,0,4S,5H,0.6005574405751926,56,5,True,True,True,False,0
top_four,dendro,occupancy_bin,full,12,unith,12,Faure,june_16_g0,0.977857142857143,,,,4,,20,4,8,0,9,5,4,1,6,0,4S,6H,,56,0,True,False,True,False,0
top_four,dendro,occupancy_bin,full,12,unith,12,Faure,june_16_g0,0.977857142857143,,,,4,4,20,4,8,0,9,6,4,1,1,1,4S,1S,0.627467380371715,56,9,True,True,True,True,0
top_four,dendro,occupancy_bin,full,12,unith,12,Faure,june_16_g0,0.977857142857143,,,,4,4,20,4,8,0,9,7,4,1,2,1,4S,2S,0.7572103918844604,56,35,True,True,True,True,0
top_four,dendro,occupancy_bin,full,12,unith,12,Faure,june_16_g0,0.977857142857143,,,,4,4,20,4,8,0,9,8,4,1,3,1,4S,3S,0.6149270683707597,56,12,True,True,True,True,0
top_four,dendro,occupancy_bin,full,12,unith,12,Faure,june_16_g0,0.977857142857143,,,,4,4,20,4,8,0,9,9,4,1,4,1,4S,4S,0.6856732438204814,56,56,True,True,True,True,0
top_four,dendro,occupancy_bin,full,12,unith,12,Faure,june_16_g0,0.977857142857143,,,,4,4,20,4,8,0,9,10,4,1,5,1,4S,5S,0.7427736515980149,56,50,True,True,True,True,0
top_four,dendro,occupancy_bin,full,12,unith,12,Faure,june_16_g0,0.977857142857143,,,,4,4,20,4,8,0,9,11,4,1,6,1,4S,6S,0.6826870833661378,56,67,True,True,True,True,0
top_four,dendro,occupancy_bin,full,12,unith,12,Faure,june_16_g0,0.977857142857143,,,,4,4,20,4,8,0,10,0,5,1,1,0,5S,1H,0.7257609298516319,50,51,True,True,True,True,0
top_four,dendro,occupancy_bin,full,12,unith,12,Faure,june_16_g0,0.977857142857143,,,,4,,20,4,8,0,10,1,5,1,2,0,5S,2H,,50,0,True,False,True,False,0
top_four,dendro,occupancy_bin,full,12,unith,12,Faure,june_16_g0,0.977857142857143,,,,4,4,20,4,8,0,10,2,5,1,3,0,5S,3H,0.7028321265376843,50,34,True,True,True,True,0
top_four,dendro,occupancy_bin,full,12,unith,12,Faure,june_16_g0,0.977857142857143,,,,4,,20,4,8,0,10,3,5,1,4,0,5S,4H,,50,0,True,False,True,False,0
top_four,dendro,occupancy_bin,full,12,unith,12,Faure,june_16_g0,0.977857142857143,,,,4,2,20,4,8,0,10,4,5,1,5,0,5S,5H,0.6029600459755657,50,5,True,True,True,False,0
top_four,dendro,occupancy_bin,full,12,unith,12,Faure,june_16_g0,0.977857142857143,,,,4,,20,4,8,0,10,5,5,1,6,0,5S,6H,,50,0,True,False,True,False,0
top_four,dendro,occupancy_bin,full,12,unith,12,Faure,june_16_g0,0.977857142857143,,,,4,4,20,4,8,0,10,6,5,1,1,1,5S,1S,0.6827886618220146,50,9,True,True,True,True,0
top_four,dendro,occupancy_bin,full,12,unith,12,Faure,june_16_g0,0.977857142857143,,,,4,4,20,4,8,0,10,7,5,1,2,1,5S,2S,0.7550184273206966,50,35,True,True,True,True,0
top_four,dendro,occupancy_bin,full,12,unith,12,Faure,june_16_g0,0.977857142857143,,,,4,4,20,4,8,0,10,8,5,1,3,1,5S,3S,0.6279557683854862,50,12,True,True,True,True,0
top_four,dendro,occupancy_bin,full,12,unith,12,Faure,june_16_g0,0.977857142857143,,,,4,4,20,4,8,0,10,9,5,1,4,1,5S,4S,0.7427736515980149,50,56,True,True,True,True,0
top_four,dendro,occupancy_bin,full,12,unith,12,Faure,june_16_g0,0.977857142857143,,,,4,4,20,4,8,0,10,10,5,1,5,1,5S,5S,0.7556608747889142,50,50,True,True,True,True,0
top_four,dendro,occupancy_bin,full,12,unith,12,Faure,june_16_g0,0.977857142857143,,,,4,4,20,4,8,0,10,11,5,1,6,1,5S,6S,0.7222446547635759,50,67,True,True,True,True,0
top_four,dendro,occupancy_bin,full,12,unith,12,Faure,june_16_g0,0.977857142857143,,,,4,4,20,4,8,0,11,0,6,1,1,0,6S,1H,0.6437379861493334,67,51,True,True,True,True,0
top_four,dendro,occupancy_bin,full,12,unith,12,Faure,june_16_g0,0.977857142857143,,,,4,,20,4,8,0,11,1,6,1,2,0,6S,2H,,67,0,True,False,True,False,0
top_four,dendro,occupancy_bin,full,12,unith,12,Faure,june_16_g0,0.977857142857143,,,,4,4,20,4,8,0,11,2,6,1,3,0,6S,3H,0.6629704573615687,67,34,True,True,True,True,0
top_four,dendro,occupancy_bin,full,12,unith,12,Faure,june_16_g0,0.977857142857143,,,,4,,20,4,8,0,11,3,6,1,4,0,6S,4H,,67,0,True,False,True,False,0
top_four,dendro,occupancy_bin,full,12,unith,12,Faure,june_16_g0,0.977857142857143,,,,4,2,20,4,8,0,11,4,6,1,5,0,6S,5H,0.6007746006158257,67,5,True,True,True,False,0
top_four,dendro,occupancy_bin,full,12,unith,12,Faure,june_16_g0,0.977857142857143,,,,4,,20,4,8,0,11,5,6,1,6,0,6S,6H,,67,0,True,False,True,False,0
top_four,dendro,occupancy_bin,full,12,unith,12,Faure,june_16_g0,0.977857142857143,,,,4,4,20,4,8,0,11,6,6,1,1,1,6S,1S,0.679596735007688,67,9,True,True,True,True,0
top_four,dendro,occupancy_bin,full,12,unith,12,Faure,june_16_g0,0.977857142857143,,,,4,4,20,4,8,0,11,7,6,1,2,1,6S,2S,0.693233241617396,67,35,True,True,True,True,0
top_four,dendro,occupancy_bin,full,12,unith,12,Faure,june_16_g0,0.977857142857143,,,,4,4,20,4,8,0,11,8,6,1,3,1,6S,3S,0.6667915269934527,67,12,True,True,True,True,0
top_four,dendro,occupancy_bin,full,12,unith,12,Faure,june_16_g0,0.977857142857143,,,,4,4,20,4,8,0,11,9,6,1,4,1,6S,4S,0.6826870833661378,67,56,True,True,True,True,0
top_four,dendro,occupancy_bin,full,12,unith,12,Faure,june_16_g0,0.977857142857143,,,,4,4,20,4,8,0,11,10,6,1,5,1,6S,5S,0.7222446547635759,67,50,True,True,True,True,0
top_four,dendro,occupancy_bin,full,12,unith,12,Faure,june_16_g0,0.977857142857143,,,,4,4,20,4,8,0,11,11,6,1,6,1,6S,6S,0.6730544126310473,67,67,True,True,True,True,0
top_four,dendro,occupancy_bin,full,12,unith,12,Faure,june_22_g0,0.97123745819398,,,,5,5,20,4,8,0,0,0,1,0,1,0,1H,1H,0.8174114771856859,42,42,True,True,True,True,0
top_four,dendro,occupancy_bin,full,12,unith,12,Faure,june_22_g0,0.97123745819398,,,,5,5,20,4,8,0,0,1,1,0,2,0,1H,2H,0.7225340622513329,42,39,True,True,True,True,0
top_four,dendro,occupancy_bin,full,12,unith,12,Faure,june_22_g0,0.97123745819398,,,,5,5,20,4,8,0,0,2,1,0,3,0,1H,3H,0.7972400822778416,42,47,True,True,True,True,0
top_four,dendro,occupancy_bin,full,12,unith,12,Faure,june_22_g0,0.97123745819398,,,,5,5,20,4,8,0,0,3,1,0,4,0,1H,4H,0.7717259591372477,42,15,True,True,True,True,0
top_four,dendro,occupancy_bin,full,12,unith,12,Faure,june_22_g0,0.97123745819398,,,,5,5,20,4,8,0,0,4,1,0,5,0,1H,5H,0.5540968690503593,42,21,True,True,True,True,0
top_four,dendro,occupancy_bin,full,12,unith,12,Faure,june_22_g0,0.97123745819398,,,,5,5,20,4,8,0,0,5,1,0,6,0,1H,6H,0.7559336076118852,42,11,True,True,True,True,0
top_four,dendro,occupancy_bin,full,12,unith,12,Faure,june_22_g0,0.97123745819398,,,,5,,20,4,8,0,0,6,1,0,1,1,1H,1S,,42,0,True,False,True,False,0
top_four,dendro,occupancy_bin,full,12,unith,12,Faure,june_22_g0,0.97123745819398,,,,5,5,20,4,8,0,0,7,1,0,2,1,1H,2S,0.8146318704555323,42,10,True,True,True,True,0
top_four,dendro,occupancy_bin,full,12,unith,12,Faure,june_22_g0,0.97123745819398,,,,5,3,20,4,8,0,0,8,1,0,3,1,1H,3S,0.7514991396451678,42,6,True,True,True,False,0
top_four,dendro,occupancy_bin,full,12,unith,12,Faure,june_22_g0,0.97123745819398,,,,5,5,20,4,8,0,0,9,1,0,4,1,1H,4S,0.7686144008184539,42,29,True,True,True,True,0
top_four,dendro,occupancy_bin,full,12,unith,12,Faure,june_22_g0,0.97123745819398,,,,5,5,20,4,8,0,0,10,1,0,5,1,1H,5S,0.6632510944960702,42,31,True,True,True,True,0
top_four,dendro,occupancy_bin,full,12,unith,12,Faure,june_22_g0,0.97123745819398,,,,5,5,20,4,8,0,0,11,1,0,6,1,1H,6S,0.6299560466893152,42,54,True,True,True,True,0
top_four,dendro,occupancy_bin,full,12,unith,12,Faure,june_22_g0,0.97123745819398,,,,5,5,20,4,8,0,1,0,2,0,1,0,2H,1H,0.7225340622513329,39,42,True,True,True,True,0
top_four,dendro,occupancy_bin,full,12,unith,12,Faure,june_22_g0,0.97123745819398,,,,5,5,20,4,8,0,1,1,2,0,2,0,2H,2H,0.7115606862733147,39,39,True,True,True,True,0
top_four,dendro,occupancy_bin,full,12,unith,12,Faure,june_22_g0,0.97123745819398,,,,5,5,20,4,8,0,1,2,2,0,3,0,2H,3H,0.7393104879998116,39,47,True,True,True,True,0
top_four,dendro,occupancy_bin,full,12,unith,12,Faure,june_22_g0,0.97123745819398,,,,5,5,20,4,8,0,1,3,2,0,4,0,2H,4H,0.7128027128265014,39,15,True,True,True,True,0
top_four,dendro,occupancy_bin,full,12,unith,12,Faure,june_22_g0,0.97123745819398,,,,5,5,20,4,8,0,1,4,2,0,5,0,2H,5H,0.5710295841115532,39,21,True,True,True,True,0
top_four,dendro,occupancy_bin,full,12,unith,12,Faure,june_22_g0,0.97123745819398,,,,5,5,20,4,8,0,1,5,2,0,6,0,2H,6H,0.7003037775153714,39,11,True,True,True,True,0
top_four,dendro,occupancy_bin,full,12,unith,12,Faure,june_22_g0,0.97123745819398,,,,5,,20,4,8,0,1,6,2,0,1,1,2H,1S,,39,0,True,False,True,False,0
top_four,dendro,occupancy_bin,full,12,unith,12,Faure,june_22_g0,0.97123745819398,,,,5,5,20,4,8,0,1,7,2,0,2,1,2H,2S,0.792422538809868,39,10,True,True,True,True,0
top_four,dendro,occupancy_bin,full,12,unith,12,Faure,june_22_g0,0.97123745819398,,,,5,3,20,4,8,0,1,8,2,0,3,1,2H,3S,0.6830637051882749,39,6,True,True,True,False,0
top_four,dendro,occupancy_bin,full,12,unith,12,Faure,june_22_g0,0.97123745819398,,,,5,5,20,4,8,0,1,9,2,0,4,1,2H,4S,0.7667123095658245,39,29,True,True,True,True,0
top_four,dendro,occupancy_bin,full,12,unith,12,Faure,june_22_g0,0.97123745819398,,,,5,5,20,4,8,0,1,10,2,0,5,1,2H,5S,0.645217394131928,39,31,True,True,True,True,0
top_four,dendro,occupancy_bin,full,12,unith,12,Faure,june_22_g0,0.97123745819398,,,,5,5,20,4,8,0,1,11,2,0,6,1,2H,6S,0.6242458836274256,39,54,True,True,True,True,0
top_four,dendro,occupancy_bin,full,12,unith,12,Faure,june_22_g0,0.97123745819398,,,,5,5,20,4,8,0,2,0,3,0,1,0,3H,1H,0.7972400822778416,47,42,True,True,True,True,0
top_four,dendro,occupancy_bin,full,12,unith,12,Faure,june_22_g0,0.97123745819398,,,,5,5,20,4,8,0,2,1,3,0,2,0,3H,2H,0.7393104879998116,47,39,True,True,True,True,0
top_four,dendro,occupancy_bin,full,12,unith,12,Faure,june_22_g0,0.97123745819398,,,,5,5,20,4,8,0,2,2,3,0,3,0,3H,3H,0.7763508464815497,47,47,True,True,True,True,0
top_four,dendro,occupancy_bin,full,12,unith,12,Faure,june_22_g0,0.97123745819398,,,,5,5,20,4,8,0,2,3,3,0,4,0,3H,4H,0.8152466741139808,47,15,True,True,True,True,0
top_four,dendro,occupancy_bin,full,12,unith,12,Faure,june_22_g0,0.97123745819398,,,,5,5,20,4,8,0,2,4,3,0,5,0,3H,5H,0.633566720132064,47,21,True,True,True,True,0
top_four,dendro,occupancy_bin,full,12,unith,12,Faure,june_22_g0,0.97123745819398,,,,5,5,20,4,8,0,2,5,3,0,6,0,3H,6H,0.7992254733669013,47,11,True,True,True,True,0
top_four,dendro,occupancy_bin,full,12,unith,12,Faure,june_22_g0,0.97123745819398,,,,5,,20,4,8,0,2,6,3,0,1,1,3H,1S,,47,0,True,False,True,False,0
top_four,dendro,occupancy_bin,full,12,unith,12,Faure,june_22_g0,0.97123745819398,,,,5,5,20,4,8,0,2,7,3,0,2,1,3H,2S,0.8204393325660619,47,10,True,True,True,True,0
top_four,dendro,occupancy_bin,full,12,unith,12,Faure,june_22_g0,0.97123745819398,,,,5,3,20,4,8,0,2,8,3,0,3,1,3H,3S,0.7875115285778597,47,6,True,True,True,False,0
top_four,dendro,occupancy_bin,full,12,unith,12,Faure,june_22_g0,0.97123745819398,,,,5,5,20,4,8,0,2,9,3,0,4,1,3H,4S,0.7876177101813406,47,29,True,True,True,True,0
top_four,dendro,occupancy_bin,full,12,unith,12,Faure,june_22_g0,0.97123745819398,,,,5,5,20,4,8,0,2,10,3,0,5,1,3H,5S,0.7104571560936993,47,31,True,True,True,True,0
top_four,dendro,occupancy_bin,full,12,unith,12,Faure,june_22_g0,0.97123745819398,,,,5,5,20,4,8,0,2,11,3,0,6,1,3H,6S,0.6906371669168595,47,54,True,True,True,True,0
top_four,dendro,occupancy_bin,full,12,unith,12,Faure,june_22_g0,0.97123745819398,,,,5,5,20,4,8,0,3,0,4,0,1,0,4H,1H,0.7717259591372477,15,42,True,True,True,True,0
top_four,dendro,occupancy_bin,full,12,unith,12,Faure,june_22_g0,0.97123745819398,,,,5,5,20,4,8,0,3,1,4,0,2,0,4H,2H,0.7128027128265014,15,39,True,True,True,True,0
top_four,dendro,occupancy_bin,full,12,unith,12,Faure,june_22_g0,0.97123745819398,,,,5,5,20,4,8,0,3,2,4,0,3,0,4H,3H,0.8152466741139808,15,47,True,True,True,True,0
top_four,dendro,occupancy_bin,full,12,unith,12,Faure,june_22_g0,0.97123745819398,,,,5,5,20,4,8,0,3,3,4,0,4,0,4H,4H,0.7664680862205432,15,15,True,True,True,True,0
top_four,dendro,occupancy_bin,full,12,unith,12,Faure,june_22_g0,0.97123745819398,,,,5,5,20,4,8,0,3,4,4,0,5,0,4H,5H,0.667950060088527,15,21,True,True,True,True,0
top_four,dendro,occupancy_bin,full,12,unith,12,Faure,june_22_g0,0.97123745819398,,,,5,5,20,4,8,0,3,5,4,0,6,0,4H,6H,0.7651381935271264,15,11,True,True,True,True,0
top_four,dendro,occupancy_bin,full,12,unith,12,Faure,june_22_g0,0.97123745819398,,,,5,,20,4,8,0,3,6,4,0,1,1,4H,1S,,15,0,True,False,True,False,0
top_four,dendro,occupancy_bin,full,12,unith,12,Faure,june_22_g0,0.97123745819398,,,,5,5,20,4,8,0,3,7,4,0,2,1,4H,2S,0.8166702702852573,15,10,True,True,True,True,0
top_four,dendro,occupancy_bin,full,12,unith,12,Faure,june_22_g0,0.97123745819398,,,,5,3,20,4,8,0,3,8,4,0,3,1,4H,3S,0.6931929730692837,15,6,True,True,True,False,0
top_four,dendro,occupancy_bin,full,12,unith,12,Faure,june_22_g0,0.97123745819398,,,,5,5,20,4,8,0,3,9,4,0,4,1,4H,4S,0.8194126794355471,15,29,True,True,True,True,0
top_four,dendro,occupancy_bin,full,12,unith,12,Faure,june_22_g0,0.97123745819398,,,,5,5,20,4,8,0,3,10,4,0,5,1,4H,5S,0.7399138986216559,15,31,True,True,True,True,0
top_four,dendro,occupancy_bin,full,12,unith,12,Faure,june_22_g0,0.97123745819398,,,,5,5,20,4,8,0,3,11,4,0,6,1,4H,6S,0.6883539960308328,15,54,True,True,True,True,0
top_four,dendro,occupancy_bin,full,12,unith,12,Faure,june_22_g0,0.97123745819398,,,,5,5,20,4,8,0,4,0,5,0,1,0,5H,1H,0.5540968690503593,21,42,True,True,True,True,0
top_four,dendro,occupancy_bin,full,12,unith,12,Faure,june_22_g0,0.97123745819398,,,,5,5,20,4,8,0,4,1,5,0,2,0,5H,2H,0.5710295841115532,21,39,True,True,True,True,0
top_four,dendro,occupancy_bin,full,12,unith,12,Faure,june_22_g0,0.97123745819398,,,,5,5,20,4,8,0,4,2,5,0,3,0,5H,3H,0.633566720132064,21,47,True,True,True,True,0
top_four,dendro,occupancy_bin,full,12,unith,12,Faure,june_22_g0,0.97123745819398,,,,5,5,20,4,8,0,4,3,5,0,4,0,5H,4H,0.667950060088527,21,15,True,True,True,True,0
top_four,dendro,occupancy_bin,full,12,unith,12,Faure,june_22_g0,0.97123745819398,,,,5,5,20,4,8,0,4,4,5,0,5,0,5H,5H,0.623860941481549,21,21,True,True,True,True,0
top_four,dendro,occupancy_bin,full,12,unith,12,Faure,june_22_g0,0.97123745819398,,,,5,5,20,4,8,0,4,5,5,0,6,0,5H,6H,0.6808988796749472,21,11,True,True,True,True,0
top_four,dendro,occupancy_bin,full,12,unith,12,Faure,june_22_g0,0.97123745819398,,,,5,,20,4,8,0,4,6,5,0,1,1,5H,1S,,21,0,True,False,True,False,0
top_four,dendro,occupancy_bin,full,12,unith,12,Faure,june_22_g0,0.97123745819398,,,,5,5,20,4,8,0,4,7,5,0,2,1,5H,2S,0.5744888804124374,21,10,True,True,True,True,0
top_four,dendro,occupancy_bin,full,12,unith,12,Faure,june_22_g0,0.97123745819398,,,,5,3,20,4,8,0,4,8,5,0,3,1,5H,3S,0.5907098503582745,21,6,True,True,True,False,0
top_four,dendro,occupancy_bin,full,12,unith,12,Faure,june_22_g0,0.97123745819398,,,,5,5,20,4,8,0,4,9,5,0,4,1,5H,4S,0.650079921587437,21,29,True,True,True,True,0
top_four,dendro,occupancy_bin,full,12,unith,12,Faure,june_22_g0,0.97123745819398,,,,5,5,20,4,8,0,4,10,5,0,5,1,5H,5S,0.7088438549220317,21,31,True,True,True,True,0
top_four,dendro,occupancy_bin,full,12,unith,12,Faure,june_22_g0,0.97123745819398,,,,5,5,20,4,8,0,4,11,5,0,6,1,5H,6S,0.6140125173542132,21,54,True,True,True,True,0
top_four,dendro,occupancy_bin,full,12,unith,12,Faure,june_22_g0,0.97123745819398,,,,5,5,20,4,8,0,5,0,6,0,1,0,6H,1H,0.7559336076118852,11,42,True,True,True,True,0
top_four,dendro,occupancy_bin,full,12,unith,12,Faure,june_22_g0,0.97123745819398,,,,5,5,20,4,8,0,5,1,6,0,2,0,6H,2H,0.7003037775153714,11,39,True,True,True,True,0
top_four,dendro,occupancy_bin,full,12,unith,12,Faure,june_22_g0,0.97123745819398,,,,5,5,20,4,8,0,5,2,6,0,3,0,6H,3H,0.7992254733669013,11,47,True,True,True,True,0
top_four,dendro,occupancy_bin,full,12,unith,12,Faure,june_22_g0,0.97123745819398,,,,5,5,20,4,8,0,5,3,6,0,4,0,6H,4H,0.7651381935271264,11,15,True,True,True,True,0
top_four,dendro,occupancy_bin,full,12,unith,12,Faure,june_22_g0,0.97123745819398,,,,5,5,20,4,8,0,5,4,6,0,5,0,6H,5H,0.6808988796749472,11,21,True,True,True,True,0
top_four,dendro,occupancy_bin,full,12,unith,12,Faure,june_22_g0,0.97123745819398,,,,5,5,20,4,8,0,5,5,6,0,6,0,6H,6H,0.7296454285969549,11,11,True,True,True,True,0
top_four,dendro,occupancy_bin,full,12,unith,12,Faure,june_22_g0,0.97123745819398,,,,5,,20,4,8,0,5,6,6,0,1,1,6H,1S,,11,0,True,False,True,False,0
top_four,dendro,occupancy_bin,full,12,unith,12,Faure,june_22_g0,0.97123745819398,,,,5,5,20,4,8,0,5,7,6,0,2,1,6H,2S,0.7851207700274812,11,10,True,True,True,True,0
top_four,dendro,occupancy_bin,full,12,unith,12,Faure,june_22_g0,0.97123745819398,,,,5,3,20,4,8,0,5,8,6,0,3,1,6H,3S,0.8152778550777009,11,6,True,True,True,False,0
top_four,dendro,occupancy_bin,full,12,unith,12,Faure,june_22_g0,0.97123745819398,,,,5,5,20,4,8,0,5,9,6,0,4,1,6H,4S,0.7816584865085565,11,29,True,True,True,True,0
top_four,dendro,occupancy_bin,full,12,unith,12,Faure,june_22_g0,0.97123745819398,,,,5,5,20,4,8,0,5,10,6,0,5,1,6H,5S,0.7865063651202263,11,31,True,True,True,True,0
top_four,dendro,occupancy_bin,full,12,unith,12,Faure,june_22_g0,0.97123745819398,,,,5,5,20,4,8,0,5,11,6,0,6,1,6H,6S,0.729473586818023,11,54,True,True,True,True,0
top_four,dendro,occupancy_bin,full,12,unith,12,Faure,june_22_g0,0.97123745819398,,,,,5,20,4,8,0,6,0,1,1,1,0,1S,1H,,0,42,False,True,False,True,0
top_four,dendro,occupancy_bin,full,12,unith,12,Faure,june_22_g0,0.97123745819398,,,,,5,20,4,8,0,6,1,1,1,2,0,1S,2H,,0,39,False,True,False,True,0
top_four,dendro,occupancy_bin,full,12,unith,12,Faure,june_22_g0,0.97123745819398,,,,,5,20,4,8,0,6,2,1,1,3,0,1S,3H,,0,47,False,True,False,True,0
top_four,dendro,occupancy_bin,full,12,unith,12,Faure,june_22_g0,0.97123745819398,,,,,5,20,4,8,0,6,3,1,1,4,0,1S,4H,,0,15,False,True,False,True,0
top_four,dendro,occupancy_bin,full,12,unith,12,Faure,june_22_g0,0.97123745819398,,,,,5,20,4,8,0,6,4,1,1,5,0,1S,5H,,0,21,False,True,False,True,0
top_four,dendro,occupancy_bin,full,12,unith,12,Faure,june_22_g0,0.97123745819398,,,,,5,20,4,8,0,6,5,1,1,6,0,1S,6H,,0,11,False,True,False,True,0
top_four,dendro,occupancy_bin,full,12,unith,12,Faure,june_22_g0,0.97123745819398,,,,,,20,4,8,0,6,6,1,1,1,1,1S,1S,,0,0,False,False,False,False,0
top_four,dendro,occupancy_bin,full,12,unith,12,Faure,june_22_g0,0.97123745819398,,,,,5,20,4,8,0,6,7,1,1,2,1,1S,2S,,0,10,False,True,False,True,0
top_four,dendro,occupancy_bin,full,12,unith,12,Faure,june_22_g0,0.97123745819398,,,,,3,20,4,8,0,6,8,1,1,3,1,1S,3S,,0,6,False,True,False,False,0
top_four,dendro,occupancy_bin,full,12,unith,12,Faure,june_22_g0,0.97123745819398,,,,,5,20,4,8,0,6,9,1,1,4,1,1S,4S,,0,29,False,True,False,True,0
top_four,dendro,occupancy_bin,full,12,unith,12,Faure,june_22_g0,0.97123745819398,,,,,5,20,4,8,0,6,10,1,1,5,1,1S,5S,,0,31,False,True,False,True,0
top_four,dendro,occupancy_bin,full,12,unith,12,Faure,june_22_g0,0.97123745819398,,,,,5,20,4,8,0,6,11,1,1,6,1,1S,6S,,0,54,False,True,False,True,0
top_four,dendro,occupancy_bin,full,12,unith,12,Faure,june_22_g0,0.97123745819398,,,,5,5,20,4,8,0,7,0,2,1,1,0,2S,1H,0.8146318704555323,10,42,True,True,True,True,0
top_four,dendro,occupancy_bin,full,12,unith,12,Faure,june_22_g0,0.97123745819398,,,,5,5,20,4,8,0,7,1,2,1,2,0,2S,2H,0.792422538809868,10,39,True,True,True,True,0
top_four,dendro,occupancy_bin,full,12,unith,12,Faure,june_22_g0,0.97123745819398,,,,5,5,20,4,8,0,7,2,2,1,3,0,2S,3H,0.8204393325660619,10,47,True,True,True,True,0
top_four,dendro,occupancy_bin,full,12,unith,12,Faure,june_22_g0,0.97123745819398,,,,5,5,20,4,8,0,7,3,2,1,4,0,2S,4H,0.8166702702852573,10,15,True,True,True,True,0
top_four,dendro,occupancy_bin,full,12,unith,12,Faure,june_22_g0,0.97123745819398,,,,5,5,20,4,8,0,7,4,2,1,5,0,2S,5H,0.5744888804124374,10,21,True,True,True,True,0
top_four,dendro,occupancy_bin,full,12,unith,12,Faure,june_22_g0,0.97123745819398,,,,5,5,20,4,8,0,7,5,2,1,6,0,2S,6H,0.7851207700274812,10,11,True,True,True,True,0
top_four,dendro,occupancy_bin,full,12,unith,12,Faure,june_22_g0,0.97123745819398,,,,5,,20,4,8,0,7,6,2,1,1,1,2S,1S,,10,0,True,False,True,False,0
top_four,dendro,occupancy_bin,full,12,unith,12,Faure,june_22_g0,0.97123745819398,,,,5,5,20,4,8,0,7,7,2,1,2,1,2S,2S,0.8616793551946076,10,10,True,True,True,True,0
top_four,dendro,occupancy_bin,full,12,unith,12,Faure,june_22_g0,0.97123745819398,,,,5,3,20,4,8,0,7,8,2,1,3,1,2S,3S,0.7666651870734427,10,6,True,True,True,False,0
top_four,dendro,occupancy_bin,full,12,unith,12,Faure,june_22_g0,0.97123745819398,,,,5,5,20,4,8,0,7,9,2,1,4,1,2S,4S,0.8304241909336223,10,29,True,True,True,True,0
top_four,dendro,occupancy_bin,full,12,unith,12,Faure,june_22_g0,0.97123745819398,,,,5,5,20,4,8,0,7,10,2,1,5,1,2S,5S,0.6836387692603527,10,31,True,True,True,True,0
top_four,dendro,occupancy_bin,full,12,unith,12,Faure,june_22_g0,0.97123745819398,,,,5,5,20,4,8,0,7,11,2,1,6,1,2S,6S,0.6811451690929765,10,54,True,True,True,True,0
top_four,dendro,occupancy_bin,full,12,unith,12,Faure,june_22_g0,0.97123745819398,,,,3,5,20,4,8,0,8,0,3,1,1,0,3S,1H,0.7514991396451678,6,42,True,True,False,True,0
top_four,dendro,occupancy_bin,full,12,unith,12,Faure,june_22_g0,0.97123745819398,,,,3,5,20,4,8,0,8,1,3,1,2,0,3S,2H,0.6830637051882749,6,39,True,True,False,True,0
top_four,dendro,occupancy_bin,full,12,unith,12,Faure,june_22_g0,0.97123745819398,,,,3,5,20,4,8,0,8,2,3,1,3,0,3S,3H,0.7875115285778597,6,47,True,True,False,True,0
top_four,dendro,occupancy_bin,full,12,unith,12,Faure,june_22_g0,0.97123745819398,,,,3,5,20,4,8,0,8,3,3,1,4,0,3S,4H,0.6931929730692837,6,15,True,True,False,True,0
top_four,dendro,occupancy_bin,full,12,unith,12,Faure,june_22_g0,0.97123745819398,,,,3,5,20,4,8,0,8,4,3,1,5,0,3S,5H,0.5907098503582745,6,21,True,True,False,True,0
top_four,dendro,occupancy_bin,full,12,unith,12,Faure,june_22_g0,0.97123745819398,,,,3,5,20,4,8,0,8,5,3,1,6,0,3S,6H,0.8152778550777009,6,11,True,True,False,True,0
top_four,dendro,occupancy_bin,full,12,unith,12,Faure,june_22_g0,0.97123745819398,,,,3,,20,4,8,0,8,6,3,1,1,1,3S,1S,,6,0,True,False,False,False,0
top_four,dendro,occupancy_bin,full,12,unith,12,Faure,june_22_g0,0.97123745819398,,,,3,5,20,4,8,0,8,7,3,1,2,1,3S,2S,0.7666651870734427,6,10,True,True,False,True,0
top_four,dendro,occupancy_bin,full,12,unith,12,Faure,june_22_g0,0.97123745819398,,,,3,3,20,4,8,0,8,8,3,1,3,1,3S,3S,0.7673839946368308,6,6,True,True,False,False,0
top_four,dendro,occupancy_bin,full,12,unith,12,Faure,june_22_g0,0.97123745819398,,,,3,5,20,4,8,0,8,9,3,1,4,1,3S,4S,0.7195897530883583,6,29,True,True,False,True,0
top_four,dendro,occupancy_bin,full,12,unith,12,Faure,june_22_g0,0.97123745819398,,,,3,5,20,4,8,0,8,10,3,1,5,1,3S,5S,0.6923832804446006,6,31,True,True,False,True,0
top_four,dendro,occupancy_bin,full,12,unith,12,Faure,june_22_g0,0.97123745819398,,,,3,5,20,4,8,0,8,11,3,1,6,1,3S,6S,0.6300617289796377,6,54,True,True,False,True,0
top_four,dendro,occupancy_bin,full,12,unith,12,Faure,june_22_g0,0.97123745819398,,,,5,5,20,4,8,0,9,0,4,1,1,0,4S,1H,0.7686144008184539,29,42,True,True,True,True,0
top_four,dendro,occupancy_bin,full,12,unith,12,Faure,june_22_g0,0.97123745819398,,,,5,5,20,4,8,0,9,1,4,1,2,0,4S,2H,0.7667123095658245,29,39,True,True,True,True,0
top_four,dendro,occupancy_bin,full,12,unith,12,Faure,june_22_g0,0.97123745819398,,,,5,5,20,4,8,0,9,2,4,1,3,0,4S,3H,0.7876177101813406,29,47,True,True,True,True,0
top_four,dendro,occupancy_bin,full,12,unith,12,Faure,june_22_g0,0.97123745819398,,,,5,5,20,4,8,0,9,3,4,1,4,0,4S,4H,0.8194126794355471,29,15,True,True,True,True,0
top_four,dendro,occupancy_bin,full,12,unith,12,Faure,june_22_g0,0.97123745819398,,,,5,5,20,4,8,0,9,4,4,1,5,0,4S,5H,0.650079921587437,29,21,True,True,True,True,0
top_four,dendro,occupancy_bin,full,12,unith,12,Faure,june_22_g0,0.97123745819398,,,,5,5,20,4,8,0,9,5,4,1,6,0,4S,6H,0.7816584865085565,29,11,True,True,True,True,0
top_four,dendro,occupancy_bin,full,12,unith,12,Faure,june_22_g0,0.97123745819398,,,,5,,20,4,8,0,9,6,4,1,1,1,4S,1S,,29,0,True,False,True,False,0
top_four,dendro,occupancy_bin,full,12,unith,12,Faure,june_22_g0,0.97123745819398,,,,5,5,20,4,8,0,9,7,4,1,2,1,4S,2S,0.8304241909336223,29,10,True,True,True,True,0
top_four,dendro,occupancy_bin,full,12,unith,12,Faure,june_22_g0,0.97123745819398,,,,5,3,20,4,8,0,9,8,4,1,3,1,4S,3S,0.7195897530883583,29,6,True,True,True,False,0
top_four,dendro,occupancy_bin,full,12,unith,12,Faure,june_22_g0,0.97123745819398,,,,5,5,20,4,8,0,9,9,4,1,4,1,4S,4S,0.773931786771618,29,29,True,True,True,True,0
top_four,dendro,occupancy_bin,full,12,unith,12,Faure,june_22_g0,0.97123745819398,,,,5,5,20,4,8,0,9,10,4,1,5,1,4S,5S,0.7291243786425023,29,31,True,True,True,True,0
top_four,dendro,occupancy_bin,full,12,unith,12,Faure,june_22_g0,0.97123745819398,,,,5,5,20,4,8,0,9,11,4,1,6,1,4S,6S,0.7005058046731835,29,54,True,True,True,True,0
top_four,dendro,occupancy_bin,full,12,unith,12,Faure,june_22_g0,0.97123745819398,,,,5,5,20,4,8,0,10,0,5,1,1,0,5S,1H,0.6632510944960702,31,42,True,True,True,True,0
top_four,dendro,occupancy_bin,full,12,unith,12,Faure,june_22_g0,0.97123745819398,,,,5,5,20,4,8,0,10,1,5,1,2,0,5S,2H,0.645217394131928,31,39,True,True,True,True,0
top_four,dendro,occupancy_bin,full,12,unith,12,Faure,june_22_g0,0.97123745819398,,,,5,5,20,4,8,0,10,2,5,1,3,0,5S,3H,0.7104571560936993,31,47,True,True,True,True,0
top_four,dendro,occupancy_bin,full,12,unith,12,Faure,june_22_g0,0.97123745819398,,,,5,5,20,4,8,0,10,3,5,1,4,0,5S,4H,0.7399138986216559,31,15,True,True,True,True,0
top_four,dendro,occupancy_bin,full,12,unith,12,Faure,june_22_g0,0.97123745819398,,,,5,5,20,4,8,0,10,4,5,1,5,0,5S,5H,0.7088438549220317,31,21,True,True,True,True,0
top_four,dendro,occupancy_bin,full,12,unith,12,Faure,june_22_g0,0.97123745819398,,,,5,5,20,4,8,0,10,5,5,1,6,0,5S,6H,0.7865063651202263,31,11,True,True,True,True,0
top_four,dendro,occupancy_bin,full,12,unith,12,Faure,june_22_g0,0.97123745819398,,,,5,,20,4,8,0,10,6,5,1,1,1,5S,1S,,31,0,True,False,True,False,0
top_four,dendro,occupancy_bin,full,12,unith,12,Faure,june_22_g0,0.97123745819398,,,,5,5,20,4,8,0,10,7,5,1,2,1,5S,2S,0.6836387692603527,31,10,True,True,True,True,0
top_four,dendro,occupancy_bin,full,12,unith,12,Faure,june_22_g0,0.97123745819398,,,,5,3,20,4,8,0,10,8,5,1,3,1,5S,3S,0.6923832804446006,31,6,True,True,True,False,0
top_four,dendro,occupancy_bin,full,12,unith,12,Faure,june_22_g0,0.97123745819398,,,,5,5,20,4,8,0,10,9,5,1,4,1,5S,4S,0.7291243786425023,31,29,True,True,True,True,0
top_four,dendro,occupancy_bin,full,12,unith,12,Faure,june_22_g0,0.97123745819398,,,,5,5,20,4,8,0,10,10,5,1,5,1,5S,5S,0.7433637413223411,31,31,True,True,True,True,0
top_four,dendro,occupancy_bin,full,12,unith,12,Faure,june_22_g0,0.97123745819398,,,,5,5,20,4,8,0,10,11,5,1,6,1,5S,6S,0.7308869676259804,31,54,True,True,True,True,0
top_four,dendro,occupancy_bin,full,12,unith,12,Faure,june_22_g0,0.97123745819398,,,,5,5,20,4,8,0,11,0,6,1,1,0,6S,1H,0.6299560466893152,54,42,True,True,True,True,0
top_four,dendro,occupancy_bin,full,12,unith,12,Faure,june_22_g0,0.97123745819398,,,,5,5,20,4,8,0,11,1,6,1,2,0,6S,2H,0.6242458836274256,54,39,True,True,True,True,0
top_four,dendro,occupancy_bin,full,12,unith,12,Faure,june_22_g0,0.97123745819398,,,,5,5,20,4,8,0,11,2,6,1,3,0,6S,3H,0.6906371669168595,54,47,True,True,True,True,0
top_four,dendro,occupancy_bin,full,12,unith,12,Faure,june_22_g0,0.97123745819398,,,,5,5,20,4,8,0,11,3,6,1,4,0,6S,4H,0.6883539960308328,54,15,True,True,True,True,0
top_four,dendro,occupancy_bin,full,12,unith,12,Faure,june_22_g0,0.97123745819398,,,,5,5,20,4,8,0,11,4,6,1,5,0,6S,5H,0.6140125173542132,54,21,True,True,True,True,0
top_four,dendro,occupancy_bin,full,12,unith,12,Faure,june_22_g0,0.97123745819398,,,,5,5,20,4,8,0,11,5,6,1,6,0,6S,6H,0.729473586818023,54,11,True,True,True,True,0
top_four,dendro,occupancy_bin,full,12,unith,12,Faure,june_22_g0,0.97123745819398,,,,5,,20,4,8,0,11,6,6,1,1,1,6S,1S,,54,0,True,False,True,False,0
top_four,dendro,occupancy_bin,full,12,unith,12,Faure,june_22_g0,0.97123745819398,,,,5,5,20,4,8,0,11,7,6,1,2,1,6S,2S,0.6811451690929765,54,10,True,True,True,True,0
top_four,dendro,occupancy_bin,full,12,unith,12,Faure,june_22_g0,0.97123745819398,,,,5,3,20,4,8,0,11,8,6,1,3,1,6S,3S,0.6300617289796377,54,6,True,True,True,False,0
top_four,dendro,occupancy_bin,full,12,unith,12,Faure,june_22_g0,0.97123745819398,,,,5,5,20,4,8,0,11,9,6,1,4,1,6S,4S,0.7005058046731835,54,29,True,True,True,True,0
top_four,dendro,occupancy_bin,full,12,unith,12,Faure,june_22_g0,0.97123745819398,,,,5,5,20,4,8,0,11,10,6,1,5,1,6S,5S,0.7308869676259804,54,31,True,True,True,True,0
top_four,dendro,occupancy_bin,full,12,unith,12,Faure,june_22_g0,0.97123745819398,,,,5,5,20,4,8,0,11,11,6,1,6,1,6S,6S,0.6844785644641723,54,54,True,True,True,True,0
top_four,dendro,occupancy_bin,full,12,unith,12,Faure,june_24_g0,0.999341238471673,,,,5,5,20,4,8,0,0,0,1,0,1,0,1H,1H,0.7963085192298307,43,43,True,True,True,True,0
top_four,dendro,occupancy_bin,full,12,unith,12,Faure,june_24_g0,0.999341238471673,,,,5,5,20,4,8,0,0,1,1,0,2,0,1H,2H,0.7540177573733493,43,35,True,True,True,True,0
top_four,dendro,occupancy_bin,full,12,unith,12,Faure,june_24_g0,0.999341238471673,,,,5,5,20,4,8,0,0,2,1,0,3,0,1H,3H,0.7451457754936625,43,48,True,True,True,True,0
top_four,dendro,occupancy_bin,full,12,unith,12,Faure,june_24_g0,0.999341238471673,,,,5,5,20,4,8,0,0,3,1,0,4,0,1H,4H,0.7933738018170631,43,12,True,True,True,True,0
top_four,dendro,occupancy_bin,full,12,unith,12,Faure,june_24_g0,0.999341238471673,,,,5,5,20,4,8,0,0,4,1,0,5,0,1H,5H,0.7398830729308399,43,18,True,True,True,True,0
top_four,dendro,occupancy_bin,full,12,unith,12,Faure,june_24_g0,0.999341238471673,,,,5,5,20,4,8,0,0,5,1,0,6,0,1H,6H,0.5906291492221633,43,11,True,True,True,True,0
top_four,dendro,occupancy_bin,full,12,unith,12,Faure,june_24_g0,0.999341238471673,,,,5,,20,4,8,0,0,6,1,0,1,1,1H,1S,,43,0,True,False,True,False,0
top_four,dendro,occupancy_bin,full,12,unith,12,Faure,june_24_g0,0.999341238471673,,,,5,5,20,4,8,0,0,7,1,0,2,1,1H,2S,0.7357356198434541,43,15,True,True,True,True,0
top_four,dendro,occupancy_bin,full,12,unith,12,Faure,june_24_g0,0.999341238471673,,,,5,2,20,4,8,0,0,8,1,0,3,1,1H,3S,0.20425574212827252,43,4,True,True,True,False,0
top_four,dendro,occupancy_bin,full,12,unith,12,Faure,june_24_g0,0.999341238471673,,,,5,5,20,4,8,0,0,9,1,0,4,1,1H,4S,0.6404468405682735,43,50,True,True,True,True,0
top_four,dendro,occupancy_bin,full,12,unith,12,Faure,june_24_g0,0.999341238471673,,,,5,5,20,4,8,0,0,10,1,0,5,1,1H,5S,0.6687187902319024,43,72,True,True,True,True,0
top_four,dendro,occupancy_bin,full,12,unith,12,Faure,june_24_g0,0.999341238471673,,,,5,5,20,4,8,0,0,11,1,0,6,1,1H,6S,0.619279019160526,43,58,True,True,True,True,0
top_four,dendro,occupancy_bin,full,12,unith,12,Faure,june_24_g0,0.999341238471673,,,,5,5,20,4,8,0,1,0,2,0,1,0,2H,1H,0.7540177573733493,35,43,True,True,True,True,0
top_four,dendro,occupancy_bin,full,12,unith,12,Faure,june_24_g0,0.999341238471673,,,,5,5,20,4,8,0,1,1,2,0,2,0,2H,2H,0.7557297617641883,35,35,True,True,True,True,0
top_four,dendro,occupancy_bin,full,12,unith,12,Faure,june_24_g0,0.999341238471673,,,,5,5,20,4,8,0,1,2,2,0,3,0,2H,3H,0.6920222431637056,35,48,True,True,True,True,0
top_four,dendro,occupancy_bin,full,12,unith,12,Faure,june_24_g0,0.999341238471673,,,,5,5,20,4,8,0,1,3,2,0,4,0,2H,4H,0.7076346051646656,35,12,True,True,True,True,0
top_four,dendro,occupancy_bin,full,12,unith,12,Faure,june_24_g0,0.999341238471673,,,,5,5,20,4,8,0,1,4,2,0,5,0,2H,5H,0.6294375933710847,35,18,True,True,True,True,0
top_four,dendro,occupancy_bin,full,12,unith,12,Faure,june_24_g0,0.999341238471673,,,,5,5,20,4,8,0,1,5,2,0,6,0,2H,6H,0.6390344025376983,35,11,True,True,True,True,0
top_four,dendro,occupancy_bin,full,12,unith,12,Faure,june_24_g0,0.999341238471673,,,,5,,20,4,8,0,1,6,2,0,1,1,2H,1S,,35,0,True,False,True,False,0
top_four,dendro,occupancy_bin,full,12,unith,12,Faure,june_24_g0,0.999341238471673,,,,5,5,20,4,8,0,1,7,2,0,2,1,2H,2S,0.6722736352451152,35,15,True,True,True,True,0
top_four,dendro,occupancy_bin,full,12,unith,12,Faure,june_24_g0,0.999341238471673,,,,5,2,20,4,8,0,1,8,2,0,3,1,2H,3S,0.20942623548953673,35,4,True,True,True,False,0
top_four,dendro,occupancy_bin,full,12,unith,12,Faure,june_24_g0,0.999341238471673,,,,5,5,20,4,8,0,1,9,2,0,4,1,2H,4S,0.6404246324625473,35,50,True,True,True,True,0
top_four,dendro,occupancy_bin,full,12,unith,12,Faure,june_24_g0,0.999341238471673,,,,5,5,20,4,8,0,1,10,2,0,5,1,2H,5S,0.6143097807381581,35,72,True,True,True,True,0
top_four,dendro,occupancy_bin,full,12,unith,12,Faure,june_24_g0,0.999341238471673,,,,5,5,20,4,8,0,1,11,2,0,6,1,2H,6S,0.5854514129429251,35,58,True,True,True,True,0
top_four,dendro,occupancy_bin,full,12,unith,12,Faure,june_24_g0,0.999341238471673,,,,5,5,20,4,8,0,2,0,3,0,1,0,3H,1H,0.7451457754936625,48,43,True,True,True,True,0
top_four,dendro,occupancy_bin,full,12,unith,12,Faure,june_24_g0,0.999341238471673,,,,5,5,20,4,8,0,2,1,3,0,2,0,3H,2H,0.6920222431637056,48,35,True,True,True,True,0
top_four,dendro,occupancy_bin,full,12,unith,12,Faure,june_24_g0,0.999341238471673,,,,5,5,20,4,8,0,2,2,3,0,3,0,3H,3H,0.6793069937539726,48,48,True,True,True,True,0
top_four,dendro,occupancy_bin,full,12,unith,12,Faure,june_24_g0,0.999341238471673,,,,5,5,20,4,8,0,2,3,3,0,4,0,3H,4H,0.7471014201116064,48,12,True,True,True,True,0
top_four,dendro,occupancy_bin,full,12,unith,12,Faure,june_24_g0,0.999341238471673,,,,5,5,20,4,8,0,2,4,3,0,5,0,3H,5H,0.6893831692243644,48,18,True,True,True,True,0
top_four,dendro,occupancy_bin,full,12,unith,12,Faure,june_24_g0,0.999341238471673,,,,5,5,20,4,8,0,2,5,3,0,6,0,3H,6H,0.6531633518736248,48,11,True,True,True,True,0
top_four,dendro,occupancy_bin,full,12,unith,12,Faure,june_24_g0,0.999341238471673,,,,5,,20,4,8,0,2,6,3,0,1,1,3H,1S,,48,0,True,False,True,False,0
top_four,dendro,occupancy_bin,full,12,unith,12,Faure,june_24_g0,0.999341238471673,,,,5,5,20,4,8,0,2,7,3,0,2,1,3H,2S,0.7216584477842931,48,15,True,True,True,True,0
top_four,dendro,occupancy_bin,full,12,unith,12,Faure,june_24_g0,0.999341238471673,,,,5,2,20,4,8,0,2,8,3,0,3,1,3H,3S,0.31665852782127135,48,4,True,True,True,False,0
top_four,dendro,occupancy_bin,full,12,unith,12,Faure,june_24_g0,0.999341238471673,,,,5,5,20,4,8,0,2,9,3,0,4,1,3H,4S,0.6411666986751854,48,50,True,True,True,True,0
top_four,dendro,occupancy_bin,full,12,unith,12,Faure,june_24_g0,0.999341238471673,,,,5,5,20,4,8,0,2,10,3,0,5,1,3H,5S,0.7161636244824334,48,72,True,True,True,True,0
top_four,dendro,occupancy_bin,full,12,unith,12,Faure,june_24_g0,0.999341238471673,,,,5,5,20,4,8,0,2,11,3,0,6,1,3H,6S,0.6997046244585422,48,58,True,True,True,True,0
top_four,dendro,occupancy_bin,full,12,unith,12,Faure,june_24_g0,0.999341238471673,,,,5,5,20,4,8,0,3,0,4,0,1,0,4H,1H,0.7933738018170631,12,43,True,True,True,True,0
top_four,dendro,occupancy_bin,full,12,unith,12,Faure,june_24_g0,0.999341238471673,,,,5,5,20,4,8,0,3,1,4,0,2,0,4H,2H,0.7076346051646656,12,35,True,True,True,True,0
top_four,dendro,occupancy_bin,full,12,unith,12,Faure,june_24_g0,0.999341238471673,,,,5,5,20,4,8,0,3,2,4,0,3,0,4H,3H,0.7471014201116064,12,48,True,True,True,True,0
top_four,dendro,occupancy_bin,full,12,unith,12,Faure,june_24_g0,0.999341238471673,,,,5,5,20,4,8,0,3,3,4,0,4,0,4H,4H,0.7687548532214691,12,12,True,True,True,True,0
top_four,dendro,occupancy_bin,full,12,unith,12,Faure,june_24_g0,0.999341238471673,,,,5,5,20,4,8,0,3,4,4,0,5,0,4H,5H,0.72126607928749,12,18,True,True,True,True,0
top_four,dendro,occupancy_bin,full,12,unith,12,Faure,june_24_g0,0.999341238471673,,,,5,5,20,4,8,0,3,5,4,0,6,0,4H,6H,0.6251051504723338,12,11,True,True,True,True,0
top_four,dendro,occupancy_bin,full,12,unith,12,Faure,june_24_g0,0.999341238471673,,,,5,,20,4,8,0,3,6,4,0,1,1,4H,1S,,12,0,True,False,True,False,0
top_four,dendro,occupancy_bin,full,12,unith,12,Faure,june_24_g0,0.999341238471673,,,,5,5,20,4,8,0,3,7,4,0,2,1,4H,2S,0.7558519947562617,12,15,True,True,True,True,0
top_four,dendro,occupancy_bin,full,12,unith,12,Faure,june_24_g0,0.999341238471673,,,,5,2,20,4,8,0,3,8,4,0,3,1,4H,3S,0.3347305130112349,12,4,True,True,True,False,0
top_four,dendro,occupancy_bin,full,12,unith,12,Faure,june_24_g0,0.999341238471673,,,,5,5,20,4,8,0,3,9,4,0,4,1,4H,4S,0.6570576890013337,12,50,True,True,True,True,0
top_four,dendro,occupancy_bin,full,12,unith,12,Faure,june_24_g0,0.999341238471673,,,,5,5,20,4,8,0,3,10,4,0,5,1,4H,5S,0.7024143491572769,12,72,True,True,True,True,0
top_four,dendro,occupancy_bin,full,12,unith,12,Faure,june_24_g0,0.999341238471673,,,,5,5,20,4,8,0,3,11,4,0,6,1,4H,6S,0.6922329324510106,12,58,True,True,True,True,0
top_four,dendro,occupancy_bin,full,12,unith,12,Faure,june_24_g0,0.999341238471673,,,,5,5,20,4,8,0,4,0,5,0,1,0,5H,1H,0.7398830729308399,18,43,True,True,True,True,0
top_four,dendro,occupancy_bin,full,12,unith,12,Faure,june_24_g0,0.999341238471673,,,,5,5,20,4,8,0,4,1,5,0,2,0,5H,2H,0.6294375933710847,18,35,True,True,True,True,0
top_four,dendro,occupancy_bin,full,12,unith,12,Faure,june_24_g0,0.999341238471673,,,,5,5,20,4,8,0,4,2,5,0,3,0,5H,3H,0.6893831692243644,18,48,True,True,True,True,0
top_four,dendro,occupancy_bin,full,12,unith,12,Faure,june_24_g0,0.999341238471673,,,,5,5,20,4,8,0,4,3,5,0,4,0,5H,4H,0.72126607928749,18,12,True,True,True,True,0
top_four,dendro,occupancy_bin,full,12,unith,12,Faure,june_24_g0,0.999341238471673,,,,5,5,20,4,8,0,4,4,5,0,5,0,5H,5H,0.7205250821760071,18,18,True,True,True,True,0
top_four,dendro,occupancy_bin,full,12,unith,12,Faure,june_24_g0,0.999341238471673,,,,5,5,20,4,8,0,4,5,5,0,6,0,5H,6H,0.5340073576159096,18,11,True,True,True,True,0
top_four,dendro,occupancy_bin,full,12,unith,12,Faure,june_24_g0,0.999341238471673,,,,5,,20,4,8,0,4,6,5,0,1,1,5H,1S,,18,0,True,False,True,False,0
top_four,dendro,occupancy_bin,full,12,unith,12,Faure,june_24_g0,0.999341238471673,,,,5,5,20,4,8,0,4,7,5,0,2,1,5H,2S,0.7051494083564763,18,15,True,True,True,True,0
top_four,dendro,occupancy_bin,full,12,unith,12,Faure,june_24_g0,0.999341238471673,,,,5,2,20,4,8,0,4,8,5,0,3,1,5H,3S,0.22886949844489712,18,4,True,True,True,False,0
top_four,dendro,occupancy_bin,full,12,unith,12,Faure,june_24_g0,0.999341238471673,,,,5,5,20,4,8,0,4,9,5,0,4,1,5H,4S,0.57031656168985,18,50,True,True,True,True,0
top_four,dendro,occupancy_bin,full,12,unith,12,Faure,june_24_g0,0.999341238471673,,,,5,5,20,4,8,0,4,10,5,0,5,1,5H,5S,0.6661472262022304,18,72,True,True,True,True,0
top_four,dendro,occupancy_bin,full,12,unith,12,Faure,june_24_g0,0.999341238471673,,,,5,5,20,4,8,0,4,11,5,0,6,1,5H,6S,0.6242610187841674,18,58,True,True,True,True,0
top_four,dendro,occupancy_bin,full,12,unith,12,Faure,june_24_g0,0.999341238471673,,,,5,5,20,4,8,0,5,0,6,0,1,0,6H,1H,0.5906291492221633,11,43,True,True,True,True,0
top_four,dendro,occupancy_bin,full,12,unith,12,Faure,june_24_g0,0.999341238471673,,,,5,5,20,4,8,0,5,1,6,0,2,0,6H,2H,0.6390344025376983,11,35,True,True,True,True,0
top_four,dendro,occupancy_bin,full,12,unith,12,Faure,june_24_g0,0.999341238471673,,,,5,5,20,4,8,0,5,2,6,0,3,0,6H,3H,0.6531633518736248,11,48,True,True,True,True,0
top_four,dendro,occupancy_bin,full,12,unith,12,Faure,june_24_g0,0.999341238471673,,,,5,5,20,4,8,0,5,3,6,0,4,0,6H,4H,0.6251051504723338,11,12,True,True,True,True,0
top_four,dendro,occupancy_bin,full,12,unith,12,Faure,june_24_g0,0.999341238471673,,,,5,5,20,4,8,0,5,4,6,0,5,0,6H,5H,0.5340073576159096,11,18,True,True,True,True,0
top_four,dendro,occupancy_bin,full,12,unith,12,Faure,june_24_g0,0.999341238471673,,,,5,5,20,4,8,0,5,5,6,0,6,0,6H,6H,0.6288407113990924,11,11,True,True,True,True,0
top_four,dendro,occupancy_bin,full,12,unith,12,Faure,june_24_g0,0.999341238471673,,,,5,,20,4,8,0,5,6,6,0,1,1,6H,1S,,11,0,True,False,True,False,0
top_four,dendro,occupancy_bin,full,12,unith,12,Faure,june_24_g0,0.999341238471673,,,,5,5,20,4,8,0,5,7,6,0,2,1,6H,2S,0.6181180732029239,11,15,True,True,True,True,0
top_four,dendro,occupancy_bin,full,12,unith,12,Faure,june_24_g0,0.999341238471673,,,,5,2,20,4,8,0,5,8,6,0,3,1,6H,3S,0.1208556040939697,11,4,True,True,True,False,0
top_four,dendro,occupancy_bin,full,12,unith,12,Faure,june_24_g0,0.999341238471673,,,,5,5,20,4,8,0,5,9,6,0,4,1,6H,4S,0.5203414223338203,11,50,True,True,True,True,0
top_four,dendro,occupancy_bin,full,12,unith,12,Faure,june_24_g0,0.999341238471673,,,,5,5,20,4,8,0,5,10,6,0,5,1,6H,5S,0.6021287288273646,11,72,True,True,True,True,0
top_four,dendro,occupancy_bin,full,12,unith,12,Faure,june_24_g0,0.999341238471673,,,,5,5,20,4,8,0,5,11,6,0,6,1,6H,6S,0.5700248859966666,11,58,True,True,True,True,0
top_four,dendro,occupancy_bin,full,12,unith,12,Faure,june_24_g0,0.999341238471673,,,,,5,20,4,8,0,6,0,1,1,1,0,1S,1H,,0,43,False,True,False,True,0
top_four,dendro,occupancy_bin,full,12,unith,12,Faure,june_24_g0,0.999341238471673,,,,,5,20,4,8,0,6,1,1,1,2,0,1S,2H,,0,35,False,True,False,True,0
top_four,dendro,occupancy_bin,full,12,unith,12,Faure,june_24_g0,0.999341238471673,,,,,5,20,4,8,0,6,2,1,1,3,0,1S,3H,,0,48,False,True,False,True,0
top_four,dendro,occupancy_bin,full,12,unith,12,Faure,june_24_g0,0.999341238471673,,,,,5,20,4,8,0,6,3,1,1,4,0,1S,4H,,0,12,False,True,False,True,0
top_four,dendro,occupancy_bin,full,12,unith,12,Faure,june_24_g0,0.999341238471673,,,,,5,20,4,8,0,6,4,1,1,5,0,1S,5H,,0,18,False,True,False,True,0
top_four,dendro,occupancy_bin,full,12,unith,12,Faure,june_24_g0,0.999341238471673,,,,,5,20,4,8,0,6,5,1,1,6,0,1S,6H,,0,11,False,True,False,True,0
top_four,dendro,occupancy_bin,full,12,unith,12,Faure,june_24_g0,0.999341238471673,,,,,,20,4,8,0,6,6,1,1,1,1,1S,1S,,0,0,False,False,False,False,0
top_four,dendro,occupancy_bin,full,12,unith,12,Faure,june_24_g0,0.999341238471673,,,,,5,20,4,8,0,6,7,1,1,2,1,1S,2S,,0,15,False,True,False,True,0
top_four,dendro,occupancy_bin,full,12,unith,12,Faure,june_24_g0,0.999341238471673,,,,,2,20,4,8,0,6,8,1,1,3,1,1S,3S,,0,4,False,True,False,False,0
top_four,dendro,occupancy_bin,full,12,unith,12,Faure,june_24_g0,0.999341238471673,,,,,5,20,4,8,0,6,9,1,1,4,1,1S,4S,,0,50,False,True,False,True,0
top_four,dendro,occupancy_bin,full,12,unith,12,Faure,june_24_g0,0.999341238471673,,,,,5,20,4,8,0,6,10,1,1,5,1,1S,5S,,0,72,False,True,False,True,0
top_four,dendro,occupancy_bin,full,12,unith,12,Faure,june_24_g0,0.999341238471673,,,,,5,20,4,8,0,6,11,1,1,6,1,1S,6S,,0,58,False,True,False,True,0
top_four,dendro,occupancy_bin,full,12,unith,12,Faure,june_24_g0,0.999341238471673,,,,5,5,20,4,8,0,7,0,2,1,1,0,2S,1H,0.7357356198434541,15,43,True,True,True,True,0
top_four,dendro,occupancy_bin,full,12,unith,12,Faure,june_24_g0,0.999341238471673,,,,5,5,20,4,8,0,7,1,2,1,2,0,2S,2H,0.6722736352451152,15,35,True,True,True,True,0
top_four,dendro,occupancy_bin,full,12,unith,12,Faure,june_24_g0,0.999341238471673,,,,5,5,20,4,8,0,7,2,2,1,3,0,2S,3H,0.7216584477842931,15,48,True,True,True,True,0
top_four,dendro,occupancy_bin,full,12,unith,12,Faure,june_24_g0,0.999341238471673,,,,5,5,20,4,8,0,7,3,2,1,4,0,2S,4H,0.7558519947562617,15,12,True,True,True,True,0
top_four,dendro,occupancy_bin,full,12,unith,12,Faure,june_24_g0,0.999341238471673,,,,5,5,20,4,8,0,7,4,2,1,5,0,2S,5H,0.7051494083564763,15,18,True,True,True,True,0
top_four,dendro,occupancy_bin,full,12,unith,12,Faure,june_24_g0,0.999341238471673,,,,5,5,20,4,8,0,7,5,2,1,6,0,2S,6H,0.6181180732029239,15,11,True,True,True,True,0
top_four,dendro,occupancy_bin,full,12,unith,12,Faure,june_24_g0,0.999341238471673,,,,5,,20,4,8,0,7,6,2,1,1,1,2S,1S,,15,0,True,False,True,False,0
top_four,dendro,occupancy_bin,full,12,unith,12,Faure,june_24_g0,0.999341238471673,,,,5,5,20,4,8,0,7,7,2,1,2,1,2S,2S,0.5960854996679652,15,15,True,True,True,True,0
top_four,dendro,occupancy_bin,full,12,unith,12,Faure,june_24_g0,0.999341238471673,,,,5,2,20,4,8,0,7,8,2,1,3,1,2S,3S,0.3119608516315857,15,4,True,True,True,False,0
top_four,dendro,occupancy_bin,full,12,unith,12,Faure,june_24_g0,0.999341238471673,,,,5,5,20,4,8,0,7,9,2,1,4,1,2S,4S,0.6151402706723782,15,50,True,True,True,True,0
top_four,dendro,occupancy_bin,full,12,unith,12,Faure,june_24_g0,0.999341238471673,,,,5,5,20,4,8,0,7,10,2,1,5,1,2S,5S,0.6577917221853214,15,72,True,True,True,True,0
top_four,dendro,occupancy_bin,full,12,unith,12,Faure,june_24_g0,0.999341238471673,,,,5,5,20,4,8,0,7,11,2,1,6,1,2S,6S,0.668267610410829,15,58,True,True,True,True,0
top_four,dendro,occupancy_bin,full,12,unith,12,Faure,june_24_g0,0.999341238471673,,,,2,5,20,4,8,0,8,0,3,1,1,0,3S,1H,0.20425574212827252,4,43,True,True,False,True,0
top_four,dendro,occupancy_bin,full,12,unith,12,Faure,june_24_g0,0.999341238471673,,,,2,5,20,4,8,0,8,1,3,1,2,0,3S,2H,0.20942623548953673,4,35,True,True,False,True,0
top_four,dendro,occupancy_bin,full,12,unith,12,Faure,june_24_g0,0.999341238471673,,,,2,5,20,4,8,0,8,2,3,1,3,0,3S,3H,0.31665852782127135,4,48,True,True,False,True,0
top_four,dendro,occupancy_bin,full,12,unith,12,Faure,june_24_g0,0.999341238471673,,,,2,5,20,4,8,0,8,3,3,1,4,0,3S,4H,0.3347305130112349,4,12,True,True,False,True,0
top_four,dendro,occupancy_bin,full,12,unith,12,Faure,june_24_g0,0.999341238471673,,,,2,5,20,4,8,0,8,4,3,1,5,0,3S,5H,0.22886949844489712,4,18,True,True,False,True,0
top_four,dendro,occupancy_bin,full,12,unith,12,Faure,june_24_g0,0.999341238471673,,,,2,5,20,4,8,0,8,5,3,1,6,0,3S,6H,0.1208556040939697,4,11,True,True,False,True,0
top_four,dendro,occupancy_bin,full,12,unith,12,Faure,june_24_g0,0.999341238471673,,,,2,,20,4,8,0,8,6,3,1,1,1,3S,1S,,4,0,True,False,False,False,0
top_four,dendro,occupancy_bin,full,12,unith,12,Faure,june_24_g0,0.999341238471673,,,,2,5,20,4,8,0,8,7,3,1,2,1,3S,2S,0.3119608516315857,4,15,True,True,False,True,0
top_four,dendro,occupancy_bin,full,12,unith,12,Faure,june_24_g0,0.999341238471673,,,,2,2,20,4,8,0,8,8,3,1,3,1,3S,3S,0.3944062571390591,4,4,True,True,False,False,0
top_four,dendro,occupancy_bin,full,12,unith,12,Faure,june_24_g0,0.999341238471673,,,,2,5,20,4,8,0,8,9,3,1,4,1,3S,4S,0.3041217448651353,4,50,True,True,False,True,0
top_four,dendro,occupancy_bin,full,12,unith,12,Faure,june_24_g0,0.999341238471673,,,,2,5,20,4,8,0,8,10,3,1,5,1,3S,5S,0.2890477196188339,4,72,True,True,False,True,0
top_four,dendro,occupancy_bin,full,12,unith,12,Faure,june_24_g0,0.999341238471673,,,,2,5,20,4,8,0,8,11,3,1,6,1,3S,6S,0.35289876886675264,4,58,True,True,False,True,0
top_four,dendro,occupancy_bin,full,12,unith,12,Faure,june_24_g0,0.999341238471673,,,,5,5,20,4,8,0,9,0,4,1,1,0,4S,1H,0.6404468405682735,50,43,True,True,True,True,0
top_four,dendro,occupancy_bin,full,12,unith,12,Faure,june_24_g0,0.999341238471673,,,,5,5,20,4,8,0,9,1,4,1,2,0,4S,2H,0.6404246324625473,50,35,True,True,True,True,0
top_four,dendro,occupancy_bin,full,12,unith,12,Faure,june_24_g0,0.999341238471673,,,,5,5,20,4,8,0,9,2,4,1,3,0,4S,3H,0.6411666986751854,50,48,True,True,True,True,0
top_four,dendro,occupancy_bin,full,12,unith,12,Faure,june_24_g0,0.999341238471673,,,,5,5,20,4,8,0,9,3,4,1,4,0,4S,4H,0.6570576890013337,50,12,True,True,True,True,0
top_four,dendro,occupancy_bin,full,12,unith,12,Faure,june_24_g0,0.999341238471673,,,,5,5,20,4,8,0,9,4,4,1,5,0,4S,5H,0.57031656168985,50,18,True,True,True,True,0
top_four,dendro,occupancy_bin,full,12,unith,12,Faure,june_24_g0,0.999341238471673,,,,5,5,20,4,8,0,9,5,4,1,6,0,4S,6H,0.5203414223338203,50,11,True,True,True,True,0
top_four,dendro,occupancy_bin,full,12,unith,12,Faure,june_24_g0,0.999341238471673,,,,5,,20,4,8,0,9,6,4,1,1,1,4S,1S,,50,0,True,False,True,False,0
top_four,dendro,occupancy_bin,full,12,unith,12,Faure,june_24_g0,0.999341238471673,,,,5,5,20,4,8,0,9,7,4,1,2,1,4S,2S,0.6151402706723782,50,15,True,True,True,True,0
top_four,dendro,occupancy_bin,full,12,unith,12,Faure,june_24_g0,0.999341238471673,,,,5,2,20,4,8,0,9,8,4,1,3,1,4S,3S,0.3041217448651353,50,4,True,True,True,False,0
top_four,dendro,occupancy_bin,full,12,unith,12,Faure,june_24_g0,0.999341238471673,,,,5,5,20,4,8,0,9,9,4,1,4,1,4S,4S,0.5650694913760261,50,50,True,True,True,True,0
top_four,dendro,occupancy_bin,full,12,unith,12,Faure,june_24_g0,0.999341238471673,,,,5,5,20,4,8,0,9,10,4,1,5,1,4S,5S,0.6382528435700386,50,72,True,True,True,True,0
top_four,dendro,occupancy_bin,full,12,unith,12,Faure,june_24_g0,0.999341238471673,,,,5,5,20,4,8,0,9,11,4,1,6,1,4S,6S,0.6242135312478079,50,58,True,True,True,True,0
top_four,dendro,occupancy_bin,full,12,unith,12,Faure,june_24_g0,0.999341238471673,,,,5,5,20,4,8,0,10,0,5,1,1,0,5S,1H,0.6687187902319024,72,43,True,True,True,True,0
top_four,dendro,occupancy_bin,full,12,unith,12,Faure,june_24_g0,0.999341238471673,,,,5,5,20,4,8,0,10,1,5,1,2,0,5S,2H,0.6143097807381581,72,35,True,True,True,True,0
top_four,dendro,occupancy_bin,full,12,unith,12,Faure,june_24_g0,0.999341238471673,,,,5,5,20,4,8,0,10,2,5,1,3,0,5S,3H,0.7161636244824334,72,48,True,True,True,True,0
top_four,dendro,occupancy_bin,full,12,unith,12,Faure,june_24_g0,0.999341238471673,,,,5,5,20,4,8,0,10,3,5,1,4,0,5S,4H,0.7024143491572769,72,12,True,True,True,True,0
top_four,dendro,occupancy_bin,full,12,unith,12,Faure,june_24_g0,0.999341238471673,,,,5,5,20,4,8,0,10,4,5,1,5,0,5S,5H,0.6661472262022304,72,18,True,True,True,True,0
top_four,dendro,occupancy_bin,full,12,unith,12,Faure,june_24_g0,0.999341238471673,,,,5,5,20,4,8,0,10,5,5,1,6,0,5S,6H,0.6021287288273646,72,11,True,True,True,True,0
top_four,dendro,occupancy_bin,full,12,unith,12,Faure,june_24_g0,0.999341238471673,,,,5,,20,4,8,0,10,6,5,1,1,1,5S,1S,,72,0,True,False,True,False,0
top_four,dendro,occupancy_bin,full,12,unith,12,Faure,june_24_g0,0.999341238471673,,,,5,5,20,4,8,0,10,7,5,1,2,1,5S,2S,0.6577917221853214,72,15,True,True,True,True,0
top_four,dendro,occupancy_bin,full,12,unith,12,Faure,june_24_g0,0.999341238471673,,,,5,2,20,4,8,0,10,8,5,1,3,1,5S,3S,0.2890477196188339,72,4,True,True,True,False,0
top_four,dendro,occupancy_bin,full,12,unith,12,Faure,june_24_g0,0.999341238471673,,,,5,5,20,4,8,0,10,9,5,1,4,1,5S,4S,0.6382528435700386,72,50,True,True,True,True,0
top_four,dendro,occupancy_bin,full,12,unith,12,Faure,june_24_g0,0.999341238471673,,,,5,5,20,4,8,0,10,10,5,1,5,1,5S,5S,0.6910535144063678,72,72,True,True,True,True,0
top_four,dendro,occupancy_bin,full,12,unith,12,Faure,june_24_g0,0.999341238471673,,,,5,5,20,4,8,0,10,11,5,1,6,1,5S,6S,0.6635429994212141,72,58,True,True,True,True,0
top_four,dendro,occupancy_bin,full,12,unith,12,Faure,june_24_g0,0.999341238471673,,,,5,5,20,4,8,0,11,0,6,1,1,0,6S,1H,0.619279019160526,58,43,True,True,True,True,0
top_four,dendro,occupancy_bin,full,12,unith,12,Faure,june_24_g0,0.999341238471673,,,,5,5,20,4,8,0,11,1,6,1,2,0,6S,2H,0.5854514129429251,58,35,True,True,True,True,0
top_four,dendro,occupancy_bin,full,12,unith,12,Faure,june_24_g0,0.999341238471673,,,,5,5,20,4,8,0,11,2,6,1,3,0,6S,3H,0.6997046244585422,58,48,True,True,True,True,0
top_four,dendro,occupancy_bin,full,12,unith,12,Faure,june_24_g0,0.999341238471673,,,,5,5,20,4,8,0,11,3,6,1,4,0,6S,4H,0.6922329324510106,58,12,True,True,True,True,0
top_four,dendro,occupancy_bin,full,12,unith,12,Faure,june_24_g0,0.999341238471673,,,,5,5,20,4,8,0,11,4,6,1,5,0,6S,5H,0.6242610187841674,58,18,True,True,True,True,0
top_four,dendro,occupancy_bin,full,12,unith,12,Faure,june_24_g0,0.999341238471673,,,,5,5,20,4,8,0,11,5,6,1,6,0,6S,6H,0.5700248859966666,58,11,True,True,True,True,0
top_four,dendro,occupancy_bin,full,12,unith,12,Faure,june_24_g0,0.999341238471673,,,,5,,20,4,8,0,11,6,6,1,1,1,6S,1S,,58,0,True,False,True,False,0
top_four,dendro,occupancy_bin,full,12,unith,12,Faure,june_24_g0,0.999341238471673,,,,5,5,20,4,8,0,11,7,6,1,2,1,6S,2S,0.668267610410829,58,15,True,True,True,True,0
top_four,dendro,occupancy_bin,full,12,unith,12,Faure,june_24_g0,0.999341238471673,,,,5,2,20,4,8,0,11,8,6,1,3,1,6S,3S,0.35289876886675264,58,4,True,True,True,False,0
top_four,dendro,occupancy_bin,full,12,unith,12,Faure,june_24_g0,0.999341238471673,,,,5,5,20,4,8,0,11,9,6,1,4,1,6S,4S,0.6242135312478079,58,50,True,True,True,True,0
top_four,dendro,occupancy_bin,full,12,unith,12,Faure,june_24_g0,0.999341238471673,,,,5,5,20,4,8,0,11,10,6,1,5,1,6S,5S,0.6635429994212141,58,72,True,True,True,True,0
top_four,dendro,occupancy_bin,full,12,unith,12,Faure,june_24_g0,0.999341238471673,,,,5,5,20,4,8,0,11,11,6,1,6,1,6S,6S,0.5981158233107036,58,58,True,True,True,True,0
top_four,dendro,occupancy_bin,full,12,unith,12,Faure,june_8_g0,0.998737373737374,,,,17,17,20,4,8,0,0,0,1,0,1,0,1H,1H,0.9083776561801313,44,44,True,True,True,True,0
top_four,dendro,occupancy_bin,full,12,unith,12,Faure,june_8_g0,0.998737373737374,,,,17,17,20,4,8,0,0,1,1,0,2,0,1H,2H,0.9146495816686624,44,34,True,True,True,True,0
top_four,dendro,occupancy_bin,full,12,unith,12,Faure,june_8_g0,0.998737373737374,,,,17,17,20,4,8,0,0,2,1,0,3,0,1H,3H,0.933880736865867,44,43,True,True,True,True,0
top_four,dendro,occupancy_bin,full,12,unith,12,Faure,june_8_g0,0.998737373737374,,,,17,,20,4,8,0,0,3,1,0,4,0,1H,4H,,44,0,True,False,True,False,0
top_four,dendro,occupancy_bin,full,12,unith,12,Faure,june_8_g0,0.998737373737374,,,,17,,20,4,8,0,0,4,1,0,5,0,1H,5H,,44,0,True,False,True,False,0
top_four,dendro,occupancy_bin,full,12,unith,12,Faure,june_8_g0,0.998737373737374,,,,17,,20,4,8,0,0,5,1,0,6,0,1H,6H,,44,0,True,False,True,False,0
top_four,dendro,occupancy_bin,full,12,unith,12,Faure,june_8_g0,0.998737373737374,,,,17,,20,4,8,0,0,6,1,0,1,1,1H,1S,,44,0,True,False,True,False,0
top_four,dendro,occupancy_bin,full,12,unith,12,Faure,june_8_g0,0.998737373737374,,,,17,3,20,4,8,0,0,7,1,0,2,1,1H,2S,0.8280110407556448,44,7,True,True,True,False,0
top_four,dendro,occupancy_bin,full,12,unith,12,Faure,june_8_g0,0.998737373737374,,,,17,,20,4,8,0,0,8,1,0,3,1,1H,3S,,44,0,True,False,True,False,0
top_four,dendro,occupancy_bin,full,12,unith,12,Faure,june_8_g0,0.998737373737374,,,,17,17,20,4,8,0,0,9,1,0,4,1,1H,4S,0.9279534426543823,44,48,True,True,True,True,0
top_four,dendro,occupancy_bin,full,12,unith,12,Faure,june_8_g0,0.998737373737374,,,,17,17,20,4,8,0,0,10,1,0,5,1,1H,5S,0.868222031303798,44,60,True,True,True,True,0
top_four,dendro,occupancy_bin,full,12,unith,12,Faure,june_8_g0,0.998737373737374,,,,17,17,20,4,8,0,0,11,1,0,6,1,1H,6S,0.9026601657982909,44,54,True,True,True,True,0
top_four,dendro,occupancy_bin,full,12,unith,12,Faure,june_8_g0,0.998737373737374,,,,17,17,20,4,8,0,1,0,2,0,1,0,2H,1H,0.9146495816686624,34,44,True,True,True,True,0
top_four,dendro,occupancy_bin,full,12,unith,12,Faure,june_8_g0,0.998737373737374,,,,17,17,20,4,8,0,1,1,2,0,2,0,2H,2H,0.9551563088832733,34,34,True,True,True,True,0
top_four,dendro,occupancy_bin,full,12,unith,12,Faure,june_8_g0,0.998737373737374,,,,17,17,20,4,8,0,1,2,2,0,3,0,2H,3H,0.9184160652256045,34,43,True,True,True,True,0
top_four,dendro,occupancy_bin,full,12,unith,12,Faure,june_8_g0,0.998737373737374,,,,17,,20,4,8,0,1,3,2,0,4,0,2H,4H,,34,0,True,False,True,False,0
top_four,dendro,occupancy_bin,full,12,unith,12,Faure,june_8_g0,0.998737373737374,,,,17,,20,4,8,0,1,4,2,0,5,0,2H,5H,,34,0,True,False,True,False,0
top_four,dendro,occupancy_bin,full,12,unith,12,Faure,june_8_g0,0.998737373737374,,,,17,,20,4,8,0,1,5,2,0,6,0,2H,6H,,34,0,True,False,True,False,0
top_four,dendro,occupancy_bin,full,12,unith,12,Faure,june_8_g0,0.998737373737374,,,,17,,20,4,8,0,1,6,2,0,1,1,2H,1S,,34,0,True,False,True,False,0
top_four,dendro,occupancy_bin,full,12,unith,12,Faure,june_8_g0,0.998737373737374,,,,17,3,20,4,8,0,1,7,2,0,2,1,2H,2S,0.8359216898547215,34,7,True,True,True,False,0
top_four,dendro,occupancy_bin,full,12,unith,12,Faure,june_8_g0,0.998737373737374,,,,17,,20,4,8,0,1,8,2,0,3,1,2H,3S,,34,0,True,False,True,False,0
top_four,dendro,occupancy_bin,full,12,unith,12,Faure,june_8_g0,0.998737373737374,,,,17,17,20,4,8,0,1,9,2,0,4,1,2H,4S,0.9291778600198761,34,48,True,True,True,True,0
top_four,dendro,occupancy_bin,full,12,unith,12,Faure,june_8_g0,0.998737373737374,,,,17,17,20,4,8,0,1,10,2,0,5,1,2H,5S,0.7834068136681493,34,60,True,True,True,True,0
top_four,dendro,occupancy_bin,full,12,unith,12,Faure,june_8_g0,0.998737373737374,,,,17,17,20,4,8,0,1,11,2,0,6,1,2H,6S,0.8561219981008715,34,54,True,True,True,True,0
top_four,dendro,occupancy_bin,full,12,unith,12,Faure,june_8_g0,0.998737373737374,,,,17,17,20,4,8,0,2,0,3,0,1,0,3H,1H,0.933880736865867,43,44,True,True,True,True,0
top_four,dendro,occupancy_bin,full,12,unith,12,Faure,june_8_g0,0.998737373737374,,,,17,17,20,4,8,0,2,1,3,0,2,0,3H,2H,0.9184160652256045,43,34,True,True,True,True,0
top_four,dendro,occupancy_bin,full,12,unith,12,Faure,june_8_g0,0.998737373737374,,,,17,17,20,4,8,0,2,2,3,0,3,0,3H,3H,0.9313290381033529,43,43,True,True,True,True,0
top_four,dendro,occupancy_bin,full,12,unith,12,Faure,june_8_g0,0.998737373737374,,,,17,,20,4,8,0,2,3,3,0,4,0,3H,4H,,43,0,True,False,True,False,0
top_four,dendro,occupancy_bin,full,12,unith,12,Faure,june_8_g0,0.998737373737374,,,,17,,20,4,8,0,2,4,3,0,5,0,3H,5H,,43,0,True,False,True,False,0
top_four,dendro,occupancy_bin,full,12,unith,12,Faure,june_8_g0,0.998737373737374,,,,17,,20,4,8,0,2,5,3,0,6,0,3H,6H,,43,0,True,False,True,False,0
top_four,dendro,occupancy_bin,full,12,unith,12,Faure,june_8_g0,0.998737373737374,,,,17,,20,4,8,0,2,6,3,0,1,1,3H,1S,,43,0,True,False,True,False,0
top_four,dendro,occupancy_bin,full,12,unith,12,Faure,june_8_g0,0.998737373737374,,,,17,3,20,4,8,0,2,7,3,0,2,1,3H,2S,0.8243041585915984,43,7,True,True,True,False,0
top_four,dendro,occupancy_bin,full,12,unith,12,Faure,june_8_g0,0.998737373737374,,,,17,,20,4,8,0,2,8,3,0,3,1,3H,3S,,43,0,True,False,True,False,0
top_four,dendro,occupancy_bin,full,12,unith,12,Faure,june_8_g0,0.998737373737374,,,,17,17,20,4,8,0,2,9,3,0,4,1,3H,4S,0.9142866881692739,43,48,True,True,True,True,0
top_four,dendro,occupancy_bin,full,12,unith,12,Faure,june_8_g0,0.998737373737374,,,,17,17,20,4,8,0,2,10,3,0,5,1,3H,5S,0.8628964318062581,43,60,True,True,True,True,0
top_four,dendro,occupancy_bin,full,12,unith,12,Faure,june_8_g0,0.998737373737374,,,,17,17,20,4,8,0,2,11,3,0,6,1,3H,6S,0.8705020760152535,43,54,True,True,True,True,0
top_four,dendro,occupancy_bin,full,12,unith,12,Faure,june_8_g0,0.998737373737374,,,,,17,20,4,8,0,3,0,4,0,1,0,4H,1H,,0,44,False,True,False,True,0
top_four,dendro,occupancy_bin,full,12,unith,12,Faure,june_8_g0,0.998737373737374,,,,,17,20,4,8,0,3,1,4,0,2,0,4H,2H,,0,34,False,True,False,True,0
top_four,dendro,occupancy_bin,full,12,unith,12,Faure,june_8_g0,0.998737373737374,,,,,17,20,4,8,0,3,2,4,0,3,0,4H,3H,,0,43,False,True,False,True,0
top_four,dendro,occupancy_bin,full,12,unith,12,Faure,june_8_g0,0.998737373737374,,,,,,20,4,8,0,3,3,4,0,4,0,4H,4H,,0,0,False,False,False,False,0
top_four,dendro,occupancy_bin,full,12,unith,12,Faure,june_8_g0,0.998737373737374,,,,,,20,4,8,0,3,4,4,0,5,0,4H,5H,,0,0,False,False,False,False,0
top_four,dendro,occupancy_bin,full,12,unith,12,Faure,june_8_g0,0.998737373737374,,,,,,20,4,8,0,3,5,4,0,6,0,4H,6H,,0,0,False,False,False,False,0
top_four,dendro,occupancy_bin,full,12,unith,12,Faure,june_8_g0,0.998737373737374,,,,,,20,4,8,0,3,6,4,0,1,1,4H,1S,,0,0,False,False,False,False,0
top_four,dendro,occupancy_bin,full,12,unith,12,Faure,june_8_g0,0.998737373737374,,,,,3,20,4,8,0,3,7,4,0,2,1,4H,2S,,0,7,False,True,False,False,0
top_four,dendro,occupancy_bin,full,12,unith,12,Faure,june_8_g0,0.998737373737374,,,,,,20,4,8,0,3,8,4,0,3,1,4H,3S,,0,0,False,False,False,False,0
top_four,dendro,occupancy_bin,full,12,unith,12,Faure,june_8_g0,0.998737373737374,,,,,17,20,4,8,0,3,9,4,0,4,1,4H,4S,,0,48,False,True,False,True,0
top_four,dendro,occupancy_bin,full,12,unith,12,Faure,june_8_g0,0.998737373737374,,,,,17,20,4,8,0,3,10,4,0,5,1,4H,5S,,0,60,False,True,False,True,0
top_four,dendro,occupancy_bin,full,12,unith,12,Faure,june_8_g0,0.998737373737374,,,,,17,20,4,8,0,3,11,4,0,6,1,4H,6S,,0,54,False,True,False,True,0
top_four,dendro,occupancy_bin,full,12,unith,12,Faure,june_8_g0,0.998737373737374,,,,,17,20,4,8,0,4,0,5,0,1,0,5H,1H,,0,44,False,True,False,True,0
top_four,dendro,occupancy_bin,full,12,unith,12,Faure,june_8_g0,0.998737373737374,,,,,17,20,4,8,0,4,1,5,0,2,0,5H,2H,,0,34,False,True,False,True,0
top_four,dendro,occupancy_bin,full,12,unith,12,Faure,june_8_g0,0.998737373737374,,,,,17,20,4,8,0,4,2,5,0,3,0,5H,3H,,0,43,False,True,False,True,0
top_four,dendro,occupancy_bin,full,12,unith,12,Faure,june_8_g0,0.998737373737374,,,,,,20,4,8,0,4,3,5,0,4,0,5H,4H,,0,0,False,False,False,False,0
top_four,dendro,occupancy_bin,full,12,unith,12,Faure,june_8_g0,0.998737373737374,,,,,,20,4,8,0,4,4,5,0,5,0,5H,5H,,0,0,False,False,False,False,0
top_four,dendro,occupancy_bin,full,12,unith,12,Faure,june_8_g0,0.998737373737374,,,,,,20,4,8,0,4,5,5,0,6,0,5H,6H,,0,0,False,False,False,False,0
top_four,dendro,occupancy_bin,full,12,unith,12,Faure,june_8_g0,0.998737373737374,,,,,,20,4,8,0,4,6,5,0,1,1,5H,1S,,0,0,False,False,False,False,0
top_four,dendro,occupancy_bin,full,12,unith,12,Faure,june_8_g0,0.998737373737374,,,,,3,20,4,8,0,4,7,5,0,2,1,5H,2S,,0,7,False,True,False,False,0
top_four,dendro,occupancy_bin,full,12,unith,12,Faure,june_8_g0,0.998737373737374,,,,,,20,4,8,0,4,8,5,0,3,1,5H,3S,,0,0,False,False,False,False,0
top_four,dendro,occupancy_bin,full,12,unith,12,Faure,june_8_g0,0.998737373737374,,,,,17,20,4,8,0,4,9,5,0,4,1,5H,4S,,0,48,False,True,False,True,0
top_four,dendro,occupancy_bin,full,12,unith,12,Faure,june_8_g0,0.998737373737374,,,,,17,20,4,8,0,4,10,5,0,5,1,5H,5S,,0,60,False,True,False,True,0
top_four,dendro,occupancy_bin,full,12,unith,12,Faure,june_8_g0,0.998737373737374,,,,,17,20,4,8,0,4,11,5,0,6,1,5H,6S,,0,54,False,True,False,True,0
top_four,dendro,occupancy_bin,full,12,unith,12,Faure,june_8_g0,0.998737373737374,,,,,17,20,4,8,0,5,0,6,0,1,0,6H,1H,,0,44,False,True,False,True,0
top_four,dendro,occupancy_bin,full,12,unith,12,Faure,june_8_g0,0.998737373737374,,,,,17,20,4,8,0,5,1,6,0,2,0,6H,2H,,0,34,False,True,False,True,0
top_four,dendro,occupancy_bin,full,12,unith,12,Faure,june_8_g0,0.998737373737374,,,,,17,20,4,8,0,5,2,6,0,3,0,6H,3H,,0,43,False,True,False,True,0
top_four,dendro,occupancy_bin,full,12,unith,12,Faure,june_8_g0,0.998737373737374,,,,,,20,4,8,0,5,3,6,0,4,0,6H,4H,,0,0,False,False,False,False,0
top_four,dendro,occupancy_bin,full,12,unith,12,Faure,june_8_g0,0.998737373737374,,,,,,20,4,8,0,5,4,6,0,5,0,6H,5H,,0,0,False,False,False,False,0
top_four,dendro,occupancy_bin,full,12,unith,12,Faure,june_8_g0,0.998737373737374,,,,,,20,4,8,0,5,5,6,0,6,0,6H,6H,,0,0,False,False,False,False,0
top_four,dendro,occupancy_bin,full,12,unith,12,Faure,june_8_g0,0.998737373737374,,,,,,20,4,8,0,5,6,6,0,1,1,6H,1S,,0,0,False,False,False,False,0
top_four,dendro,occupancy_bin,full,12,unith,12,Faure,june_8_g0,0.998737373737374,,,,,3,20,4,8,0,5,7,6,0,2,1,6H,2S,,0,7,False,True,False,False,0
top_four,dendro,occupancy_bin,full,12,unith,12,Faure,june_8_g0,0.998737373737374,,,,,,20,4,8,0,5,8,6,0,3,1,6H,3S,,0,0,False,False,False,False,0
top_four,dendro,occupancy_bin,full,12,unith,12,Faure,june_8_g0,0.998737373737374,,,,,17,20,4,8,0,5,9,6,0,4,1,6H,4S,,0,48,False,True,False,True,0
top_four,dendro,occupancy_bin,full,12,unith,12,Faure,june_8_g0,0.998737373737374,,,,,17,20,4,8,0,5,10,6,0,5,1,6H,5S,,0,60,False,True,False,True,0
top_four,dendro,occupancy_bin,full,12,unith,12,Faure,june_8_g0,0.998737373737374,,,,,17,20,4,8,0,5,11,6,0,6,1,6H,6S,,0,54,False,True,False,True,0
top_four,dendro,occupancy_bin,full,12,unith,12,Faure,june_8_g0,0.998737373737374,,,,,17,20,4,8,0,6,0,1,1,1,0,1S,1H,,0,44,False,True,False,True,0
top_four,dendro,occupancy_bin,full,12,unith,12,Faure,june_8_g0,0.998737373737374,,,,,17,20,4,8,0,6,1,1,1,2,0,1S,2H,,0,34,False,True,False,True,0
top_four,dendro,occupancy_bin,full,12,unith,12,Faure,june_8_g0,0.998737373737374,,,,,17,20,4,8,0,6,2,1,1,3,0,1S,3H,,0,43,False,True,False,True,0
top_four,dendro,occupancy_bin,full,12,unith,12,Faure,june_8_g0,0.998737373737374,,,,,,20,4,8,0,6,3,1,1,4,0,1S,4H,,0,0,False,False,False,False,0
top_four,dendro,occupancy_bin,full,12,unith,12,Faure,june_8_g0,0.998737373737374,,,,,,20,4,8,0,6,4,1,1,5,0,1S,5H,,0,0,False,False,False,False,0
top_four,dendro,occupancy_bin,full,12,unith,12,Faure,june_8_g0,0.998737373737374,,,,,,20,4,8,0,6,5,1,1,6,0,1S,6H,,0,0,False,False,False,False,0
top_four,dendro,occupancy_bin,full,12,unith,12,Faure,june_8_g0,0.998737373737374,,,,,,20,4,8,0,6,6,1,1,1,1,1S,1S,,0,0,False,False,False,False,0
top_four,dendro,occupancy_bin,full,12,unith,12,Faure,june_8_g0,0.998737373737374,,,,,3,20,4,8,0,6,7,1,1,2,1,1S,2S,,0,7,False,True,False,False,0
top_four,dendro,occupancy_bin,full,12,unith,12,Faure,june_8_g0,0.998737373737374,,,,,,20,4,8,0,6,8,1,1,3,1,1S,3S,,0,0,False,False,False,False,0
top_four,dendro,occupancy_bin,full,12,unith,12,Faure,june_8_g0,0.998737373737374,,,,,17,20,4,8,0,6,9,1,1,4,1,1S,4S,,0,48,False,True,False,True,0
top_four,dendro,occupancy_bin,full,12,unith,12,Faure,june_8_g0,0.998737373737374,,,,,17,20,4,8,0,6,10,1,1,5,1,1S,5S,,0,60,False,True,False,True,0
top_four,dendro,occupancy_bin,full,12,unith,12,Faure,june_8_g0,0.998737373737374,,,,,17,20,4,8,0,6,11,1,1,6,1,1S,6S,,0,54,False,True,False,True,0
top_four,dendro,occupancy_bin,full,12,unith,12,Faure,june_8_g0,0.998737373737374,,,,3,17,20,4,8,0,7,0,2,1,1,0,2S,1H,0.8280110407556448,7,44,True,True,False,True,0
top_four,dendro,occupancy_bin,full,12,unith,12,Faure,june_8_g0,0.998737373737374,,,,3,17,20,4,8,0,7,1,2,1,2,0,2S,2H,0.8359216898547215,7,34,True,True,False,True,0
top_four,dendro,occupancy_bin,full,12,unith,12,Faure,june_8_g0,0.998737373737374,,,,3,17,20,4,8,0,7,2,2,1,3,0,2S,3H,0.8243041585915984,7,43,True,True,False,True,0
top_four,dendro,occupancy_bin,full,12,unith,12,Faure,june_8_g0,0.998737373737374,,,,3,,20,4,8,0,7,3,2,1,4,0,2S,4H,,7,0,True,False,False,False,0
top_four,dendro,occupancy_bin,full,12,unith,12,Faure,june_8_g0,0.998737373737374,,,,3,,20,4,8,0,7,4,2,1,5,0,2S,5H,,7,0,True,False,False,False,0
top_four,dendro,occupancy_bin,full,12,unith,12,Faure,june_8_g0,0.998737373737374,,,,3,,20,4,8,0,7,5,2,1,6,0,2S,6H,,7,0,True,False,False,False,0
top_four,dendro,occupancy_bin,full,12,unith,12,Faure,june_8_g0,0.998737373737374,,,,3,,20,4,8,0,7,6,2,1,1,1,2S,1S,,7,0,True,False,False,False,0
top_four,dendro,occupancy_bin,full,12,unith,12,Faure,june_8_g0,0.998737373737374,,,,3,3,20,4,8,0,7,7,2,1,2,1,2S,2S,0.7800044890542422,7,7,True,True,False,False,0
top_four,dendro,occupancy_bin,full,12,unith,12,Faure,june_8_g0,0.998737373737374,,,,3,,20,4,8,0,7,8,2,1,3,1,2S,3S,,7,0,True,False,False,False,0
top_four,dendro,occupancy_bin,full,12,unith,12,Faure,june_8_g0,0.998737373737374,,,,3,17,20,4,8,0,7,9,2,1,4,1,2S,4S,0.8603410152865898,7,48,True,True,False,True,0
top_four,dendro,occupancy_bin,full,12,unith,12,Faure,june_8_g0,0.998737373737374,,,,3,17,20,4,8,0,7,10,2,1,5,1,2S,5S,0.7973371459476299,7,60,True,True,False,True,0
top_four,dendro,occupancy_bin,full,12,unith,12,Faure,june_8_g0,0.998737373737374,,,,3,17,20,4,8,0,7,11,2,1,6,1,2S,6S,0.8458167940238278,7,54,True,True,False,True,0
top_four,dendro,occupancy_bin,full,12,unith,12,Faure,june_8_g0,0.998737373737374,,,,,17,20,4,8,0,8,0,3,1,1,0,3S,1H,,0,44,False,True,False,True,0
top_four,dendro,occupancy_bin,full,12,unith,12,Faure,june_8_g0,0.998737373737374,,,,,17,20,4,8,0,8,1,3,1,2,0,3S,2H,,0,34,False,True,False,True,0
top_four,dendro,occupancy_bin,full,12,unith,12,Faure,june_8_g0,0.998737373737374,,,,,17,20,4,8,0,8,2,3,1,3,0,3S,3H,,0,43,False,True,False,True,0
top_four,dendro,occupancy_bin,full,12,unith,12,Faure,june_8_g0,0.998737373737374,,,,,,20,4,8,0,8,3,3,1,4,0,3S,4H,,0,0,False,False,False,False,0
top_four,dendro,occupancy_bin,full,12,unith,12,Faure,june_8_g0,0.998737373737374,,,,,,20,4,8,0,8,4,3,1,5,0,3S,5H,,0,0,False,False,False,False,0
top_four,dendro,occupancy_bin,full,12,unith,12,Faure,june_8_g0,0.998737373737374,,,,,,20,4,8,0,8,5,3,1,6,0,3S,6H,,0,0,False,False,False,False,0
top_four,dendro,occupancy_bin,full,12,unith,12,Faure,june_8_g0,0.998737373737374,,,,,,20,4,8,0,8,6,3,1,1,1,3S,1S,,0,0,False,False,False,False,0
top_four,dendro,occupancy_bin,full,12,unith,12,Faure,june_8_g0,0.998737373737374,,,,,3,20,4,8,0,8,7,3,1,2,1,3S,2S,,0,7,False,True,False,False,0
top_four,dendro,occupancy_bin,full,12,unith,12,Faure,june_8_g0,0.998737373737374,,,,,,20,4,8,0,8,8,3,1,3,1,3S,3S,,0,0,False,False,False,False,0
top_four,dendro,occupancy_bin,full,12,unith,12,Faure,june_8_g0,0.998737373737374,,,,,17,20,4,8,0,8,9,3,1,4,1,3S,4S,,0,48,False,True,False,True,0
top_four,dendro,occupancy_bin,full,12,unith,12,Faure,june_8_g0,0.998737373737374,,,,,17,20,4,8,0,8,10,3,1,5,1,3S,5S,,0,60,False,True,False,True,0
top_four,dendro,occupancy_bin,full,12,unith,12,Faure,june_8_g0,0.998737373737374,,,,,17,20,4,8,0,8,11,3,1,6,1,3S,6S,,0,54,False,True,False,True,0
top_four,dendro,occupancy_bin,full,12,unith,12,Faure,june_8_g0,0.998737373737374,,,,17,17,20,4,8,0,9,0,4,1,1,0,4S,1H,0.9279534426543823,48,44,True,True,True,True,0
top_four,dendro,occupancy_bin,full,12,unith,12,Faure,june_8_g0,0.998737373737374,,,,17,17,20,4,8,0,9,1,4,1,2,0,4S,2H,0.9291778600198761,48,34,True,True,True,True,0
top_four,dendro,occupancy_bin,full,12,unith,12,Faure,june_8_g0,0.998737373737374,,,,17,17,20,4,8,0,9,2,4,1,3,0,4S,3H,0.9142866881692739,48,43,True,True,True,True,0
top_four,dendro,occupancy_bin,full,12,unith,12,Faure,june_8_g0,0.998737373737374,,,,17,,20,4,8,0,9,3,4,1,4,0,4S,4H,,48,0,True,False,True,False,0
top_four,dendro,occupancy_bin,full,12,unith,12,Faure,june_8_g0,0.998737373737374,,,,17,,20,4,8,0,9,4,4,1,5,0,4S,5H,,48,0,True,False,True,False,0
top_four,dendro,occupancy_bin,full,12,unith,12,Faure,june_8_g0,0.998737373737374,,,,17,,20,4,8,0,9,5,4,1,6,0,4S,6H,,48,0,True,False,True,False,0
top_four,dendro,occupancy_bin,full,12,unith,12,Faure,june_8_g0,0.998737373737374,,,,17,,20,4,8,0,9,6,4,1,1,1,4S,1S,,48,0,True,False,True,False,0
top_four,dendro,occupancy_bin,full,12,unith,12,Faure,june_8_g0,0.998737373737374,,,,17,3,20,4,8,0,9,7,4,1,2,1,4S,2S,0.8603410152865898,48,7,True,True,True,False,0
top_four,dendro,occupancy_bin,full,12,unith,12,Faure,june_8_g0,0.998737373737374,,,,17,,20,4,8,0,9,8,4,1,3,1,4S,3S,,48,0,True,False,True,False,0
top_four,dendro,occupancy_bin,full,12,unith,12,Faure,june_8_g0,0.998737373737374,,,,17,17,20,4,8,0,9,9,4,1,4,1,4S,4S,0.9540136796787794,48,48,True,True,True,True,0
top_four,dendro,occupancy_bin,full,12,unith,12,Faure,june_8_g0,0.998737373737374,,,,17,17,20,4,8,0,9,10,4,1,5,1,4S,5S,0.8342534233293873,48,60,True,True,True,True,0
top_four,dendro,occupancy_bin,full,12,unith,12,Faure,june_8_g0,0.998737373737374,,,,17,17,20,4,8,0,9,11,4,1,6,1,4S,6S,0.9068296164249638,48,54,True,True,True,True,0
top_four,dendro,occupancy_bin,full,12,unith,12,Faure,june_8_g0,0.998737373737374,,,,17,17,20,4,8,0,10,0,5,1,1,0,5S,1H,0.868222031303798,60,44,True,True,True,True,0
top_four,dendro,occupancy_bin,full,12,unith,12,Faure,june_8_g0,0.998737373737374,,,,17,17,20,4,8,0,10,1,5,1,2,0,5S,2H,0.7834068136681493,60,34,True,True,True,True,0
top_four,dendro,occupancy_bin,full,12,unith,12,Faure,june_8_g0,0.998737373737374,,,,17,17,20,4,8,0,10,2,5,1,3,0,5S,3H,0.8628964318062581,60,43,True,True,True,True,0
top_four,dendro,occupancy_bin,full,12,unith,12,Faure,june_8_g0,0.998737373737374,,,,17,,20,4,8,0,10,3,5,1,4,0,5S,4H,,60,0,True,False,True,False,0
top_four,dendro,occupancy_bin,full,12,unith,12,Faure,june_8_g0,0.998737373737374,,,,17,,20,4,8,0,10,4,5,1,5,0,5S,5H,,60,0,True,False,True,False,0
top_four,dendro,occupancy_bin,full,12,unith,12,Faure,june_8_g0,0.998737373737374,,,,17,,20,4,8,0,10,5,5,1,6,0,5S,6H,,60,0,True,False,True,False,0
top_four,dendro,occupancy_bin,full,12,unith,12,Faure,june_8_g0,0.998737373737374,,,,17,,20,4,8,0,10,6,5,1,1,1,5S,1S,,60,0,True,False,True,False,0
top_four,dendro,occupancy_bin,full,12,unith,12,Faure,june_8_g0,0.998737373737374,,,,17,3,20,4,8,0,10,7,5,1,2,1,5S,2S,0.7973371459476299,60,7,True,True,True,False,0
top_four,dendro,occupancy_bin,full,12,unith,12,Faure,june_8_g0,0.998737373737374,,,,17,,20,4,8,0,10,8,5,1,3,1,5S,3S,,60,0,True,False,True,False,0
top_four,dendro,occupancy_bin,full,12,unith,12,Faure,june_8_g0,0.998737373737374,,,,17,17,20,4,8,0,10,9,5,1,4,1,5S,4S,0.8342534233293873,60,48,True,True,True,True,0
top_four,dendro,occupancy_bin,full,12,unith,12,Faure,june_8_g0,0.998737373737374,,,,17,17,20,4,8,0,10,10,5,1,5,1,5S,5S,0.8696502876963951,60,60,True,True,True,True,0
top_four,dendro,occupancy_bin,full,12,unith,12,Faure,june_8_g0,0.998737373737374,,,,17,17,20,4,8,0,10,11,5,1,6,1,5S,6S,0.8869046494222402,60,54,True,True,True,True,0
top_four,dendro,occupancy_bin,full,12,unith,12,Faure,june_8_g0,0.998737373737374,,,,17,17,20,4,8,0,11,0,6,1,1,0,6S,1H,0.9026601657982909,54,44,True,True,True,True,0
top_four,dendro,occupancy_bin,full,12,unith,12,Faure,june_8_g0,0.998737373737374,,,,17,17,20,4,8,0,11,1,6,1,2,0,6S,2H,0.8561219981008715,54,34,True,True,True,True,0
top_four,dendro,occupancy_bin,full,12,unith,12,Faure,june_8_g0,0.998737373737374,,,,17,17,20,4,8,0,11,2,6,1,3,0,6S,3H,0.8705020760152535,54,43,True,True,True,True,0
top_four,dendro,occupancy_bin,full,12,unith,12,Faure,june_8_g0,0.998737373737374,,,,17,,20,4,8,0,11,3,6,1,4,0,6S,4H,,54,0,True,False,True,False,0
top_four,dendro,occupancy_bin,full,12,unith,12,Faure,june_8_g0,0.998737373737374,,,,17,,20,4,8,0,11,4,6,1,5,0,6S,5H,,54,0,True,False,True,False,0
top_four,dendro,occupancy_bin,full,12,unith,12,Faure,june_8_g0,0.998737373737374,,,,17,,20,4,8,0,11,5,6,1,6,0,6S,6H,,54,0,True,False,True,False,0
top_four,dendro,occupancy_bin,full,12,unith,12,Faure,june_8_g0,0.998737373737374,,,,17,,20,4,8,0,11,6,6,1,1,1,6S,1S,,54,0,True,False,True,False,0
top_four,dendro,occupancy_bin,full,12,unith,12,Faure,june_8_g0,0.998737373737374,,,,17,3,20,4,8,0,11,7,6,1,2,1,6S,2S,0.8458167940238278,54,7,True,True,True,False,0
top_four,dendro,occupancy_bin,full,12,unith,12,Faure,june_8_g0,0.998737373737374,,,,17,,20,4,8,0,11,8,6,1,3,1,6S,3S,,54,0,True,False,True,False,0
top_four,dendro,occupancy_bin,full,12,unith,12,Faure,june_8_g0,0.998737373737374,,,,17,17,20,4,8,0,11,9,6,1,4,1,6S,4S,0.9068296164249638,54,48,True,True,True,True,0
top_four,dendro,occupancy_bin,full,12,unith,12,Faure,june_8_g0,0.998737373737374,,,,17,17,20,4,8,0,11,10,6,1,5,1,6S,5S,0.8869046494222402,54,60,True,True,True,True,0
top_four,dendro,occupancy_bin,full,12,unith,12,Faure,june_8_g0,0.998737373737374,,,,17,17,20,4,8,0,11,11,6,1,6,1,6S,6S,0.9314296691804083,54,54,True,True,True,True,0
top_four,dendro,occupancy_bin,full,12,unith,12,Nielsen,Nov_1_g0,0.96875,,,,5,5,20,4,8,0,0,0,1,0,1,0,1H,1H,0.7630418295565395,46,46,True,True,True,True,0
top_four,dendro,occupancy_bin,full,12,unith,12,Nielsen,Nov_1_g0,0.96875,,,,5,5,20,4,8,0,0,1,1,0,2,0,1H,2H,0.7661648065446703,46,43,True,True,True,True,0
top_four,dendro,occupancy_bin,full,12,unith,12,Nielsen,Nov_1_g0,0.96875,,,,5,5,20,4,8,0,0,2,1,0,3,0,1H,3H,0.749466099762736,46,48,True,True,True,True,0
top_four,dendro,occupancy_bin,full,12,unith,12,Nielsen,Nov_1_g0,0.96875,,,,5,5,20,4,8,0,0,3,1,0,4,0,1H,4H,0.7619495536669393,46,45,True,True,True,True,0
top_four,dendro,occupancy_bin,full,12,unith,12,Nielsen,Nov_1_g0,0.96875,,,,5,5,20,4,8,0,0,4,1,0,5,0,1H,5H,0.7455909021438136,46,14,True,True,True,True,0
top_four,dendro,occupancy_bin,full,12,unith,12,Nielsen,Nov_1_g0,0.96875,,,,5,2,20,4,8,0,0,5,1,0,6,0,1H,6H,0.6796063513765075,46,5,True,True,True,False,0
top_four,dendro,occupancy_bin,full,12,unith,12,Nielsen,Nov_1_g0,0.96875,,,,5,3,20,4,8,0,0,6,1,0,1,1,1H,1S,0.7136783565212775,46,6,True,True,True,False,0
top_four,dendro,occupancy_bin,full,12,unith,12,Nielsen,Nov_1_g0,0.96875,,,,5,5,20,4,8,0,0,7,1,0,2,1,1H,2S,0.7640863702119487,46,11,True,True,True,True,0
top_four,dendro,occupancy_bin,full,12,unith,12,Nielsen,Nov_1_g0,0.96875,,,,5,5,20,4,8,0,0,8,1,0,3,1,1H,3S,0.7712783571273266,46,15,True,True,True,True,0
top_four,dendro,occupancy_bin,full,12,unith,12,Nielsen,Nov_1_g0,0.96875,,,,5,5,20,4,8,0,0,9,1,0,4,1,1H,4S,0.7101347744871095,46,36,True,True,True,True,0
top_four,dendro,occupancy_bin,full,12,unith,12,Nielsen,Nov_1_g0,0.96875,,,,5,5,20,4,8,0,0,10,1,0,5,1,1H,5S,0.7718373723480563,46,65,True,True,True,True,0
top_four,dendro,occupancy_bin,full,12,unith,12,Nielsen,Nov_1_g0,0.96875,,,,5,5,20,4,8,0,0,11,1,0,6,1,1H,6S,0.6835574848070302,46,83,True,True,True,True,0
top_four,dendro,occupancy_bin,full,12,unith,12,Nielsen,Nov_1_g0,0.96875,,,,5,5,20,4,8,0,1,0,2,0,1,0,2H,1H,0.7661648065446703,43,46,True,True,True,True,0
top_four,dendro,occupancy_bin,full,12,unith,12,Nielsen,Nov_1_g0,0.96875,,,,5,5,20,4,8,0,1,1,2,0,2,0,2H,2H,0.7638679539521986,43,43,True,True,True,True,0
top_four,dendro,occupancy_bin,full,12,unith,12,Nielsen,Nov_1_g0,0.96875,,,,5,5,20,4,8,0,1,2,2,0,3,0,2H,3H,0.7591716657721869,43,48,True,True,True,True,0
top_four,dendro,occupancy_bin,full,12,unith,12,Nielsen,Nov_1_g0,0.96875,,,,5,5,20,4,8,0,1,3,2,0,4,0,2H,4H,0.7733429853251398,43,45,True,True,True,True,0
top_four,dendro,occupancy_bin,full,12,unith,12,Nielsen,Nov_1_g0,0.96875,,,,5,5,20,4,8,0,1,4,2,0,5,0,2H,5H,0.8163861866565384,43,14,True,True,True,True,0
top_four,dendro,occupancy_bin,full,12,unith,12,Nielsen,Nov_1_g0,0.96875,,,,5,2,20,4,8,0,1,5,2,0,6,0,2H,6H,0.6772440107237013,43,5,True,True,True,False,0
top_four,dendro,occupancy_bin,full,12,unith,12,Nielsen,Nov_1_g0,0.96875,,,,5,3,20,4,8,0,1,6,2,0,1,1,2H,1S,0.730519459692034,43,6,True,True,True,False,0
top_four,dendro,occupancy_bin,full,12,unith,12,Nielsen,Nov_1_g0,0.96875,,,,5,5,20,4,8,0,1,7,2,0,2,1,2H,2S,0.7542993991393387,43,11,True,True,True,True,0
top_four,dendro,occupancy_bin,full,12,unith,12,Nielsen,Nov_1_g0,0.96875,,,,5,5,20,4,8,0,1,8,2,0,3,1,2H,3S,0.7474415672220286,43,15,True,True,True,True,0
top_four,dendro,occupancy_bin,full,12,unith,12,Nielsen,Nov_1_g0,0.96875,,,,5,5,20,4,8,0,1,9,2,0,4,1,2H,4S,0.7568575473728473,43,36,True,True,True,True,0
top_four,dendro,occupancy_bin,full,12,unith,12,Nielsen,Nov_1_g0,0.96875,,,,5,5,20,4,8,0,1,10,2,0,5,1,2H,5S,0.7853829196344502,43,65,True,True,True,True,0
top_four,dendro,occupancy_bin,full,12,unith,12,Nielsen,Nov_1_g0,0.96875,,,,5,5,20,4,8,0,1,11,2,0,6,1,2H,6S,0.7789393438552246,43,83,True,True,True,True,0
top_four,dendro,occupancy_bin,full,12,unith,12,Nielsen,Nov_1_g0,0.96875,,,,5,5,20,4,8,0,2,0,3,0,1,0,3H,1H,0.749466099762736,48,46,True,True,True,True,0
top_four,dendro,occupancy_bin,full,12,unith,12,Nielsen,Nov_1_g0,0.96875,,,,5,5,20,4,8,0,2,1,3,0,2,0,3H,2H,0.7591716657721869,48,43,True,True,True,True,0
top_four,dendro,occupancy_bin,full,12,unith,12,Nielsen,Nov_1_g0,0.96875,,,,5,5,20,4,8,0,2,2,3,0,3,0,3H,3H,0.7240088750174746,48,48,True,True,True,True,0
top_four,dendro,occupancy_bin,full,12,unith,12,Nielsen,Nov_1_g0,0.96875,,,,5,5,20,4,8,0,2,3,3,0,4,0,3H,4H,0.7329089261647338,48,45,True,True,True,True,0
top_four,dendro,occupancy_bin,full,12,unith,12,Nielsen,Nov_1_g0,0.96875,,,,5,5,20,4,8,0,2,4,3,0,5,0,3H,5H,0.7354641507181748,48,14,True,True,True,True,0
top_four,dendro,occupancy_bin,full,12,unith,12,Nielsen,Nov_1_g0,0.96875,,,,5,2,20,4,8,0,2,5,3,0,6,0,3H,6H,0.6605522039471597,48,5,True,True,True,False,0
top_four,dendro,occupancy_bin,full,12,unith,12,Nielsen,Nov_1_g0,0.96875,,,,5,3,20,4,8,0,2,6,3,0,1,1,3H,1S,0.7286136782791941,48,6,True,True,True,False,0
top_four,dendro,occupancy_bin,full,12,unith,12,Nielsen,Nov_1_g0,0.96875,,,,5,5,20,4,8,0,2,7,3,0,2,1,3H,2S,0.7504036506477817,48,11,True,True,True,True,0
top_four,dendro,occupancy_bin,full,12,unith,12,Nielsen,Nov_1_g0,0.96875,,,,5,5,20,4,8,0,2,8,3,0,3,1,3H,3S,0.7555826258222239,48,15,True,True,True,True,0
top_four,dendro,occupancy_bin,full,12,unith,12,Nielsen,Nov_1_g0,0.96875,,,,5,5,20,4,8,0,2,9,3,0,4,1,3H,4S,0.7383437700326093,48,36,True,True,True,True,0
top_four,dendro,occupancy_bin,full,12,unith,12,Nielsen,Nov_1_g0,0.96875,,,,5,5,20,4,8,0,2,10,3,0,5,1,3H,5S,0.7700588931107823,48,65,True,True,True,True,0
top_four,dendro,occupancy_bin,full,12,unith,12,Nielsen,Nov_1_g0,0.96875,,,,5,5,20,4,8,0,2,11,3,0,6,1,3H,6S,0.7336377753277694,48,83,True,True,True,True,0
top_four,dendro,occupancy_bin,full,12,unith,12,Nielsen,Nov_1_g0,0.96875,,,,5,5,20,4,8,0,3,0,4,0,1,0,4H,1H,0.7619495536669393,45,46,True,True,True,True,0
top_four,dendro,occupancy_bin,full,12,unith,12,Nielsen,Nov_1_g0,0.96875,,,,5,5,20,4,8,0,3,1,4,0,2,0,4H,2H,0.7733429853251398,45,43,True,True,True,True,0
top_four,dendro,occupancy_bin,full,12,unith,12,Nielsen,Nov_1_g0,0.96875,,,,5,5,20,4,8,0,3,2,4,0,3,0,4H,3H,0.7329089261647338,45,48,True,True,True,True,0
top_four,dendro,occupancy_bin,full,12,unith,12,Nielsen,Nov_1_g0,0.96875,,,,5,5,20,4,8,0,3,3,4,0,4,0,4H,4H,0.7328855783959483,45,45,True,True,True,True,0
top_four,dendro,occupancy_bin,full,12,unith,12,Nielsen,Nov_1_g0,0.96875,,,,5,5,20,4,8,0,3,4,4,0,5,0,4H,5H,0.7814440841595687,45,14,True,True,True,True,0
top_four,dendro,occupancy_bin,full,12,unith,12,Nielsen,Nov_1_g0,0.96875,,,,5,2,20,4,8,0,3,5,4,0,6,0,4H,6H,0.6992257340197491,45,5,True,True,True,False,0
top_four,dendro,occupancy_bin,full,12,unith,12,Nielsen,Nov_1_g0,0.96875,,,,5,3,20,4,8,0,3,6,4,0,1,1,4H,1S,0.7424908993769435,45,6,True,True,True,False,0
top_four,dendro,occupancy_bin,full,12,unith,12,Nielsen,Nov_1_g0,0.96875,,,,5,5,20,4,8,0,3,7,4,0,2,1,4H,2S,0.7478273528179483,45,11,True,True,True,True,0
top_four,dendro,occupancy_bin,full,12,unith,12,Nielsen,Nov_1_g0,0.96875,,,,5,5,20,4,8,0,3,8,4,0,3,1,4H,3S,0.7281944381595677,45,15,True,True,True,True,0
top_four,dendro,occupancy_bin,full,12,unith,12,Nielsen,Nov_1_g0,0.96875,,,,5,5,20,4,8,0,3,9,4,0,4,1,4H,4S,0.7208440149163993,45,36,True,True,True,True,0
top_four,dendro,occupancy_bin,full,12,unith,12,Nielsen,Nov_1_g0,0.96875,,,,5,5,20,4,8,0,3,10,4,0,5,1,4H,5S,0.7863440252913074,45,65,True,True,True,True,0
top_four,dendro,occupancy_bin,full,12,unith,12,Nielsen,Nov_1_g0,0.96875,,,,5,5,20,4,8,0,3,11,4,0,6,1,4H,6S,0.7058622348554453,45,83,True,True,True,True,0
top_four,dendro,occupancy_bin,full,12,unith,12,Nielsen,Nov_1_g0,0.96875,,,,5,5,20,4,8,0,4,0,5,0,1,0,5H,1H,0.7455909021438136,14,46,True,True,True,True,0
top_four,dendro,occupancy_bin,full,12,unith,12,Nielsen,Nov_1_g0,0.96875,,,,5,5,20,4,8,0,4,1,5,0,2,0,5H,2H,0.8163861866565384,14,43,True,True,True,True,0
top_four,dendro,occupancy_bin,full,12,unith,12,Nielsen,Nov_1_g0,0.96875,,,,5,5,20,4,8,0,4,2,5,0,3,0,5H,3H,0.7354641507181748,14,48,True,True,True,True,0
top_four,dendro,occupancy_bin,full,12,unith,12,Nielsen,Nov_1_g0,0.96875,,,,5,5,20,4,8,0,4,3,5,0,4,0,5H,4H,0.7814440841595687,14,45,True,True,True,True,0
top_four,dendro,occupancy_bin,full,12,unith,12,Nielsen,Nov_1_g0,0.96875,,,,5,5,20,4,8,0,4,4,5,0,5,0,5H,5H,0.8008258663812601,14,14,True,True,True,True,0
top_four,dendro,occupancy_bin,full,12,unith,12,Nielsen,Nov_1_g0,0.96875,,,,5,2,20,4,8,0,4,5,5,0,6,0,5H,6H,0.6374203522141797,14,5,True,True,True,False,0
top_four,dendro,occupancy_bin,full,12,unith,12,Nielsen,Nov_1_g0,0.96875,,,,5,3,20,4,8,0,4,6,5,0,1,1,5H,1S,0.7556676419919561,14,6,True,True,True,False,0
top_four,dendro,occupancy_bin,full,12,unith,12,Nielsen,Nov_1_g0,0.96875,,,,5,5,20,4,8,0,4,7,5,0,2,1,5H,2S,0.7036428075758459,14,11,True,True,True,True,0
top_four,dendro,occupancy_bin,full,12,unith,12,Nielsen,Nov_1_g0,0.96875,,,,5,5,20,4,8,0,4,8,5,0,3,1,5H,3S,0.6909818344474077,14,15,True,True,True,True,0
top_four,dendro,occupancy_bin,full,12,unith,12,Nielsen,Nov_1_g0,0.96875,,,,5,5,20,4,8,0,4,9,5,0,4,1,5H,4S,0.6764344072794024,14,36,True,True,True,True,0
top_four,dendro,occupancy_bin,full,12,unith,12,Nielsen,Nov_1_g0,0.96875,,,,5,5,20,4,8,0,4,10,5,0,5,1,5H,5S,0.80588195833878,14,65,True,True,True,True,0
top_four,dendro,occupancy_bin,full,12,unith,12,Nielsen,Nov_1_g0,0.96875,,,,5,5,20,4,8,0,4,11,5,0,6,1,5H,6S,0.7417799910226823,14,83,True,True,True,True,0
top_four,dendro,occupancy_bin,full,12,unith,12,Nielsen,Nov_1_g0,0.96875,,,,2,5,20,4,8,0,5,0,6,0,1,0,6H,1H,0.6796063513765075,5,46,True,True,False,True,0
top_four,dendro,occupancy_bin,full,12,unith,12,Nielsen,Nov_1_g0,0.96875,,,,2,5,20,4,8,0,5,1,6,0,2,0,6H,2H,0.6772440107237013,5,43,True,True,False,True,0
top_four,dendro,occupancy_bin,full,12,unith,12,Nielsen,Nov_1_g0,0.96875,,,,2,5,20,4,8,0,5,2,6,0,3,0,6H,3H,0.6605522039471597,5,48,True,True,False,True,0
top_four,dendro,occupancy_bin,full,12,unith,12,Nielsen,Nov_1_g0,0.96875,,,,2,5,20,4,8,0,5,3,6,0,4,0,6H,4H,0.6992257340197491,5,45,True,True,False,True,0
top_four,dendro,occupancy_bin,full,12,unith,12,Nielsen,Nov_1_g0,0.96875,,,,2,5,20,4,8,0,5,4,6,0,5,0,6H,5H,0.6374203522141797,5,14,True,True,False,True,0
top_four,dendro,occupancy_bin,full,12,unith,12,Nielsen,Nov_1_g0,0.96875,,,,2,2,20,4,8,0,5,5,6,0,6,0,6H,6H,0.4433981759930773,5,5,True,True,False,False,0
top_four,dendro,occupancy_bin,full,12,unith,12,Nielsen,Nov_1_g0,0.96875,,,,2,3,20,4,8,0,5,6,6,0,1,1,6H,1S,0.694534757223092,5,6,True,True,False,False,0
top_four,dendro,occupancy_bin,full,12,unith,12,Nielsen,Nov_1_g0,0.96875,,,,2,5,20,4,8,0,5,7,6,0,2,1,6H,2S,0.6872179333271509,5,11,True,True,False,True,0
top_four,dendro,occupancy_bin,full,12,unith,12,Nielsen,Nov_1_g0,0.96875,,,,2,5,20,4,8,0,5,8,6,0,3,1,6H,3S,0.6853188948271072,5,15,True,True,False,True,0
top_four,dendro,occupancy_bin,full,12,unith,12,Nielsen,Nov_1_g0,0.96875,,,,2,5,20,4,8,0,5,9,6,0,4,1,6H,4S,0.6242826582371952,5,36,True,True,False,True,0
top_four,dendro,occupancy_bin,full,12,unith,12,Nielsen,Nov_1_g0,0.96875,,,,2,5,20,4,8,0,5,10,6,0,5,1,6H,5S,0.6884294338805936,5,65,True,True,False,True,0
top_four,dendro,occupancy_bin,full,12,unith,12,Nielsen,Nov_1_g0,0.96875,,,,2,5,20,4,8,0,5,11,6,0,6,1,6H,6S,0.70327159021059,5,83,True,True,False,True,0
top_four,dendro,occupancy_bin,full,12,unith,12,Nielsen,Nov_1_g0,0.96875,,,,3,5,20,4,8,0,6,0,1,1,1,0,1S,1H,0.7136783565212775,6,46,True,True,False,True,0
top_four,dendro,occupancy_bin,full,12,unith,12,Nielsen,Nov_1_g0,0.96875,,,,3,5,20,4,8,0,6,1,1,1,2,0,1S,2H,0.730519459692034,6,43,True,True,False,True,0
top_four,dendro,occupancy_bin,full,12,unith,12,Nielsen,Nov_1_g0,0.96875,,,,3,5,20,4,8,0,6,2,1,1,3,0,1S,3H,0.7286136782791941,6,48,True,True,False,True,0
top_four,dendro,occupancy_bin,full,12,unith,12,Nielsen,Nov_1_g0,0.96875,,,,3,5,20,4,8,0,6,3,1,1,4,0,1S,4H,0.7424908993769435,6,45,True,True,False,True,0
top_four,dendro,occupancy_bin,full,12,unith,12,Nielsen,Nov_1_g0,0.96875,,,,3,5,20,4,8,0,6,4,1,1,5,0,1S,5H,0.7556676419919561,6,14,True,True,False,True,0
top_four,dendro,occupancy_bin,full,12,unith,12,Nielsen,Nov_1_g0,0.96875,,,,3,2,20,4,8,0,6,5,1,1,6,0,1S,6H,0.694534757223092,6,5,True,True,False,False,0
top_four,dendro,occupancy_bin,full,12,unith,12,Nielsen,Nov_1_g0,0.96875,,,,3,3,20,4,8,0,6,6,1,1,1,1,1S,1S,0.6051041120866101,6,6,True,True,False,False,0
top_four,dendro,occupancy_bin,full,12,unith,12,Nielsen,Nov_1_g0,0.96875,,,,3,5,20,4,8,0,6,7,1,1,2,1,1S,2S,0.6716133282792023,6,11,True,True,False,True,0
top_four,dendro,occupancy_bin,full,12,unith,12,Nielsen,Nov_1_g0,0.96875,,,,3,5,20,4,8,0,6,8,1,1,3,1,1S,3S,0.7085916208086123,6,15,True,True,False,True,0
top_four,dendro,occupancy_bin,full,12,unith,12,Nielsen,Nov_1_g0,0.96875,,,,3,5,20,4,8,0,6,9,1,1,4,1,1S,4S,0.6378065155929032,6,36,True,True,False,True,0
top_four,dendro,occupancy_bin,full,12,unith,12,Nielsen,Nov_1_g0,0.96875,,,,3,5,20,4,8,0,6,10,1,1,5,1,1S,5S,0.7629200096700876,6,65,True,True,False,True,0
top_four,dendro,occupancy_bin,full,12,unith,12,Nielsen,Nov_1_g0,0.96875,,,,3,5,20,4,8,0,6,11,1,1,6,1,1S,6S,0.7087737853779222,6,83,True,True,False,True,0
top_four,dendro,occupancy_bin,full,12,unith,12,Nielsen,Nov_1_g0,0.96875,,,,5,5,20,4,8,0,7,0,2,1,1,0,2S,1H,0.7640863702119487,11,46,True,True,True,True,0
top_four,dendro,occupancy_bin,full,12,unith,12,Nielsen,Nov_1_g0,0.96875,,,,5,5,20,4,8,0,7,1,2,1,2,0,2S,2H,0.7542993991393387,11,43,True,True,True,True,0
top_four,dendro,occupancy_bin,full,12,unith,12,Nielsen,Nov_1_g0,0.96875,,,,5,5,20,4,8,0,7,2,2,1,3,0,2S,3H,0.7504036506477817,11,48,True,True,True,True,0
top_four,dendro,occupancy_bin,full,12,unith,12,Nielsen,Nov_1_g0,0.96875,,,,5,5,20,4,8,0,7,3,2,1,4,0,2S,4H,0.7478273528179483,11,45,True,True,True,True,0
top_four,dendro,occupancy_bin,full,12,unith,12,Nielsen,Nov_1_g0,0.96875,,,,5,5,20,4,8,0,7,4,2,1,5,0,2S,5H,0.7036428075758459,11,14,True,True,True,True,0
top_four,dendro,occupancy_bin,full,12,unith,12,Nielsen,Nov_1_g0,0.96875,,,,5,2,20,4,8,0,7,5,2,1,6,0,2S,6H,0.6872179333271509,11,5,True,True,True,False,0
top_four,dendro,occupancy_bin,full,12,unith,12,Nielsen,Nov_1_g0,0.96875,,,,5,3,20,4,8,0,7,6,2,1,1,1,2S,1S,0.6716133282792023,11,6,True,True,True,False,0
top_four,dendro,occupancy_bin,full,12,unith,12,Nielsen,Nov_1_g0,0.96875,,,,5,5,20,4,8,0,7,7,2,1,2,1,2S,2S,0.7905331730921393,11,11,True,True,True,True,0
top_four,dendro,occupancy_bin,full,12,unith,12,Nielsen,Nov_1_g0,0.96875,,,,5,5,20,4,8,0,7,8,2,1,3,1,2S,3S,0.7238206026421593,11,15,True,True,True,True,0
top_four,dendro,occupancy_bin,full,12,unith,12,Nielsen,Nov_1_g0,0.96875,,,,5,5,20,4,8,0,7,9,2,1,4,1,2S,4S,0.7709993040734743,11,36,True,True,True,True,0
top_four,dendro,occupancy_bin,full,12,unith,12,Nielsen,Nov_1_g0,0.96875,,,,5,5,20,4,8,0,7,10,2,1,5,1,2S,5S,0.7667474693664978,11,65,True,True,True,True,0
top_four,dendro,occupancy_bin,full,12,unith,12,Nielsen,Nov_1_g0,0.96875,,,,5,5,20,4,8,0,7,11,2,1,6,1,2S,6S,0.6891448933910487,11,83,True,True,True,True,0
top_four,dendro,occupancy_bin,full,12,unith,12,Nielsen,Nov_1_g0,0.96875,,,,5,5,20,4,8,0,8,0,3,1,1,0,3S,1H,0.7712783571273266,15,46,True,True,True,True,0
top_four,dendro,occupancy_bin,full,12,unith,12,Nielsen,Nov_1_g0,0.96875,,,,5,5,20,4,8,0,8,1,3,1,2,0,3S,2H,0.7474415672220286,15,43,True,True,True,True,0
top_four,dendro,occupancy_bin,full,12,unith,12,Nielsen,Nov_1_g0,0.96875,,,,5,5,20,4,8,0,8,2,3,1,3,0,3S,3H,0.7555826258222239,15,48,True,True,True,True,0
top_four,dendro,occupancy_bin,full,12,unith,12,Nielsen,Nov_1_g0,0.96875,,,,5,5,20,4,8,0,8,3,3,1,4,0,3S,4H,0.7281944381595677,15,45,True,True,True,True,0
top_four,dendro,occupancy_bin,full,12,unith,12,Nielsen,Nov_1_g0,0.96875,,,,5,5,20,4,8,0,8,4,3,1,5,0,3S,5H,0.6909818344474077,15,14,True,True,True,True,0
top_four,dendro,occupancy_bin,full,12,unith,12,Nielsen,Nov_1_g0,0.96875,,,,5,2,20,4,8,0,8,5,3,1,6,0,3S,6H,0.6853188948271072,15,5,True,True,True,False,0
top_four,dendro,occupancy_bin,full,12,unith,12,Nielsen,Nov_1_g0,0.96875,,,,5,3,20,4,8,0,8,6,3,1,1,1,3S,1S,0.7085916208086123,15,6,True,True,True,False,0
top_four,dendro,occupancy_bin,full,12,unith,12,Nielsen,Nov_1_g0,0.96875,,,,5,5,20,4,8,0,8,7,3,1,2,1,3S,2S,0.7238206026421593,15,11,True,True,True,True,0
top_four,dendro,occupancy_bin,full,12,unith,12,Nielsen,Nov_1_g0,0.96875,,,,5,5,20,4,8,0,8,8,3,1,3,1,3S,3S,0.7293010173188057,15,15,True,True,True,True,0
top_four,dendro,occupancy_bin,full,12,unith,12,Nielsen,Nov_1_g0,0.96875,,,,5,5,20,4,8,0,8,9,3,1,4,1,3S,4S,0.716657975512747,15,36,True,True,True,True,0
top_four,dendro,occupancy_bin,full,12,unith,12,Nielsen,Nov_1_g0,0.96875,,,,5,5,20,4,8,0,8,10,3,1,5,1,3S,5S,0.7392180406602205,15,65,True,True,True,True,0
top_four,dendro,occupancy_bin,full,12,unith,12,Nielsen,Nov_1_g0,0.96875,,,,5,5,20,4,8,0,8,11,3,1,6,1,3S,6S,0.7213895988572899,15,83,True,True,True,True,0
top_four,dendro,occupancy_bin,full,12,unith,12,Nielsen,Nov_1_g0,0.96875,,,,5,5,20,4,8,0,9,0,4,1,1,0,4S,1H,0.7101347744871095,36,46,True,True,True,True,0
top_four,dendro,occupancy_bin,full,12,unith,12,Nielsen,Nov_1_g0,0.96875,,,,5,5,20,4,8,0,9,1,4,1,2,0,4S,2H,0.7568575473728473,36,43,True,True,True,True,0
top_four,dendro,occupancy_bin,full,12,unith,12,Nielsen,Nov_1_g0,0.96875,,,,5,5,20,4,8,0,9,2,4,1,3,0,4S,3H,0.7383437700326093,36,48,True,True,True,True,0
top_four,dendro,occupancy_bin,full,12,unith,12,Nielsen,Nov_1_g0,0.96875,,,,5,5,20,4,8,0,9,3,4,1,4,0,4S,4H,0.7208440149163993,36,45,True,True,True,True,0
top_four,dendro,occupancy_bin,full,12,unith,12,Nielsen,Nov_1_g0,0.96875,,,,5,5,20,4,8,0,9,4,4,1,5,0,4S,5H,0.6764344072794024,36,14,True,True,True,True,0
top_four,dendro,occupancy_bin,full,12,unith,12,Nielsen,Nov_1_g0,0.96875,,,,5,2,20,4,8,0,9,5,4,1,6,0,4S,6H,0.6242826582371952,36,5,True,True,True,False,0
top_four,dendro,occupancy_bin,full,12,unith,12,Nielsen,Nov_1_g0,0.96875,,,,5,3,20,4,8,0,9,6,4,1,1,1,4S,1S,0.6378065155929032,36,6,True,True,True,False,0
top_four,dendro,occupancy_bin,full,12,unith,12,Nielsen,Nov_1_g0,0.96875,,,,5,5,20,4,8,0,9,7,4,1,2,1,4S,2S,0.7709993040734743,36,11,True,True,True,True,0
top_four,dendro,occupancy_bin,full,12,unith,12,Nielsen,Nov_1_g0,0.96875,,,,5,5,20,4,8,0,9,8,4,1,3,1,4S,3S,0.716657975512747,36,15,True,True,True,True,0
top_four,dendro,occupancy_bin,full,12,unith,12,Nielsen,Nov_1_g0,0.96875,,,,5,5,20,4,8,0,9,9,4,1,4,1,4S,4S,0.8018496471288028,36,36,True,True,True,True,0
top_four,dendro,occupancy_bin,full,12,unith,12,Nielsen,Nov_1_g0,0.96875,,,,5,5,20,4,8,0,9,10,4,1,5,1,4S,5S,0.6834462394092691,36,65,True,True,True,True,0
top_four,dendro,occupancy_bin,full,12,unith,12,Nielsen,Nov_1_g0,0.96875,,,,5,5,20,4,8,0,9,11,4,1,6,1,4S,6S,0.7381798573566184,36,83,True,True,True,True,0
top_four,dendro,occupancy_bin,full,12,unith,12,Nielsen,Nov_1_g0,0.96875,,,,5,5,20,4,8,0,10,0,5,1,1,0,5S,1H,0.7718373723480563,65,46,True,True,True,True,0
top_four,dendro,occupancy_bin,full,12,unith,12,Nielsen,Nov_1_g0,0.96875,,,,5,5,20,4,8,0,10,1,5,1,2,0,5S,2H,0.7853829196344502,65,43,True,True,True,True,0
top_four,dendro,occupancy_bin,full,12,unith,12,Nielsen,Nov_1_g0,0.96875,,,,5,5,20,4,8,0,10,2,5,1,3,0,5S,3H,0.7700588931107823,65,48,True,True,True,True,0
top_four,dendro,occupancy_bin,full,12,unith,12,Nielsen,Nov_1_g0,0.96875,,,,5,5,20,4,8,0,10,3,5,1,4,0,5S,4H,0.7863440252913074,65,45,True,True,True,True,0
top_four,dendro,occupancy_bin,full,12,unith,12,Nielsen,Nov_1_g0,0.96875,,,,5,5,20,4,8,0,10,4,5,1,5,0,5S,5H,0.80588195833878,65,14,True,True,True,True,0
top_four,dendro,occupancy_bin,full,12,unith,12,Nielsen,Nov_1_g0,0.96875,,,,5,2,20,4,8,0,10,5,5,1,6,0,5S,6H,0.6884294338805936,65,5,True,True,True,False,0
top_four,dendro,occupancy_bin,full,12,unith,12,Nielsen,Nov_1_g0,0.96875,,,,5,3,20,4,8,0,10,6,5,1,1,1,5S,1S,0.7629200096700876,65,6,True,True,True,False,0
top_four,dendro,occupancy_bin,full,12,unith,12,Nielsen,Nov_1_g0,0.96875,,,,5,5,20,4,8,0,10,7,5,1,2,1,5S,2S,0.7667474693664978,65,11,True,True,True,True,0
top_four,dendro,occupancy_bin,full,12,unith,12,Nielsen,Nov_1_g0,0.96875,,,,5,5,20,4,8,0,10,8,5,1,3,1,5S,3S,0.7392180406602205,65,15,True,True,True,True,0
top_four,dendro,occupancy_bin,full,12,unith,12,Nielsen,Nov_1_g0,0.96875,,,,5,5,20,4,8,0,10,9,5,1,4,1,5S,4S,0.6834462394092691,65,36,True,True,True,True,0
top_four,dendro,occupancy_bin,full,12,unith,12,Nielsen,Nov_1_g0,0.96875,,,,5,5,20,4,8,0,10,10,5,1,5,1,5S,5S,0.8279539624531994,65,65,True,True,True,True,0
top_four,dendro,occupancy_bin,full,12,unith,12,Nielsen,Nov_1_g0,0.96875,,,,5,5,20,4,8,0,10,11,5,1,6,1,5S,6S,0.7394479503645084,65,83,True,True,True,True,0
top_four,dendro,occupancy_bin,full,12,unith,12,Nielsen,Nov_1_g0,0.96875,,,,5,5,20,4,8,0,11,0,6,1,1,0,6S,1H,0.6835574848070302,83,46,True,True,True,True,0
top_four,dendro,occupancy_bin,full,12,unith,12,Nielsen,Nov_1_g0,0.96875,,,,5,5,20,4,8,0,11,1,6,1,2,0,6S,2H,0.7789393438552246,83,43,True,True,True,True,0
top_four,dendro,occupancy_bin,full,12,unith,12,Nielsen,Nov_1_g0,0.96875,,,,5,5,20,4,8,0,11,2,6,1,3,0,6S,3H,0.7336377753277694,83,48,True,True,True,True,0
top_four,dendro,occupancy_bin,full,12,unith,12,Nielsen,Nov_1_g0,0.96875,,,,5,5,20,4,8,0,11,3,6,1,4,0,6S,4H,0.7058622348554453,83,45,True,True,True,True,0
top_four,dendro,occupancy_bin,full,12,unith,12,Nielsen,Nov_1_g0,0.96875,,,,5,5,20,4,8,0,11,4,6,1,5,0,6S,5H,0.7417799910226823,83,14,True,True,True,True,0
top_four,dendro,occupancy_bin,full,12,unith,12,Nielsen,Nov_1_g0,0.96875,,,,5,2,20,4,8,0,11,5,6,1,6,0,6S,6H,0.70327159021059,83,5,True,True,True,False,0
top_four,dendro,occupancy_bin,full,12,unith,12,Nielsen,Nov_1_g0,0.96875,,,,5,3,20,4,8,0,11,6,6,1,1,1,6S,1S,0.7087737853779222,83,6,True,True,True,False,0
top_four,dendro,occupancy_bin,full,12,unith,12,Nielsen,Nov_1_g0,0.96875,,,,5,5,20,4,8,0,11,7,6,1,2,1,6S,2S,0.6891448933910487,83,11,True,True,True,True,0
top_four,dendro,occupancy_bin,full,12,unith,12,Nielsen,Nov_1_g0,0.96875,,,,5,5,20,4,8,0,11,8,6,1,3,1,6S,3S,0.7213895988572899,83,15,True,True,True,True,0
top_four,dendro,occupancy_bin,full,12,unith,12,Nielsen,Nov_1_g0,0.96875,,,,5,5,20,4,8,0,11,9,6,1,4,1,6S,4S,0.7381798573566184,83,36,True,True,True,True,0
top_four,dendro,occupancy_bin,full,12,unith,12,Nielsen,Nov_1_g0,0.96875,,,,5,5,20,4,8,0,11,10,6,1,5,1,6S,5S,0.7394479503645084,83,65,True,True,True,True,0
top_four,dendro,occupancy_bin,full,12,unith,12,Nielsen,Nov_1_g0,0.96875,,,,5,5,20,4,8,0,11,11,6,1,6,1,6S,6S,0.771710093059523,83,83,True,True,True,True,0
top_four,dendro,occupancy_bin,full,12,unith,12,Nielsen,Nov_3_g0,0.999725274725275,,,,20,20,20,4,8,0,0,0,1,0,1,0,1H,1H,0.9191823711919918,65,65,True,True,True,True,0
top_four,dendro,occupancy_bin,full,12,unith,12,Nielsen,Nov_3_g0,0.999725274725275,,,,20,20,20,4,8,0,0,1,1,0,2,0,1H,2H,0.8431293523024376,65,85,True,True,True,True,0
top_four,dendro,occupancy_bin,full,12,unith,12,Nielsen,Nov_3_g0,0.999725274725275,,,,20,20,20,4,8,0,0,2,1,0,3,0,1H,3H,0.8795526475213507,65,82,True,True,True,True,0
top_four,dendro,occupancy_bin,full,12,unith,12,Nielsen,Nov_3_g0,0.999725274725275,,,,20,20,20,4,8,0,0,3,1,0,4,0,1H,4H,0.8947045572720679,65,44,True,True,True,True,0
top_four,dendro,occupancy_bin,full,12,unith,12,Nielsen,Nov_3_g0,0.999725274725275,,,,20,,20,4,8,0,0,4,1,0,5,0,1H,5H,,65,0,True,False,True,False,0
top_four,dendro,occupancy_bin,full,12,unith,12,Nielsen,Nov_3_g0,0.999725274725275,,,,20,,20,4,8,0,0,5,1,0,6,0,1H,6H,,65,0,True,False,True,False,0
top_four,dendro,occupancy_bin,full,12,unith,12,Nielsen,Nov_3_g0,0.999725274725275,,,,20,,20,4,8,0,0,6,1,0,1,1,1H,1S,,65,0,True,False,True,False,0
top_four,dendro,occupancy_bin,full,12,unith,12,Nielsen,Nov_3_g0,0.999725274725275,,,,20,,20,4,8,0,0,7,1,0,2,1,1H,2S,,65,0,True,False,True,False,0
top_four,dendro,occupancy_bin,full,12,unith,12,Nielsen,Nov_3_g0,0.999725274725275,,,,20,,20,4,8,0,0,8,1,0,3,1,1H,3S,,65,0,True,False,True,False,0
top_four,dendro,occupancy_bin,full,12,unith,12,Nielsen,Nov_3_g0,0.999725274725275,,,,20,20,20,4,8,0,0,9,1,0,4,1,1H,4S,0.7633572463938952,65,41,True,True,True,True,0
top_four,dendro,occupancy_bin,full,12,unith,12,Nielsen,Nov_3_g0,0.999725274725275,,,,20,20,20,4,8,0,0,10,1,0,5,1,1H,5S,0.8858416427647932,65,95,True,True,True,True,0
top_four,dendro,occupancy_bin,full,12,unith,12,Nielsen,Nov_3_g0,0.999725274725275,,,,20,20,20,4,8,0,0,11,1,0,6,1,1H,6S,0.7221815179221909,65,84,True,True,True,True,0
top_four,dendro,occupancy_bin,full,12,unith,12,Nielsen,Nov_3_g0,0.999725274725275,,,,20,20,20,4,8,0,1,0,2,0,1,0,2H,1H,0.8431293523024376,85,65,True,True,True,True,0
top_four,dendro,occupancy_bin,full,12,unith,12,Nielsen,Nov_3_g0,0.999725274725275,,,,20,20,20,4,8,0,1,1,2,0,2,0,2H,2H,0.9093467850823655,85,85,True,True,True,True,0
top_four,dendro,occupancy_bin,full,12,unith,12,Nielsen,Nov_3_g0,0.999725274725275,,,,20,20,20,4,8,0,1,2,2,0,3,0,2H,3H,0.8864437893928485,85,82,True,True,True,True,0
top_four,dendro,occupancy_bin,full,12,unith,12,Nielsen,Nov_3_g0,0.999725274725275,,,,20,20,20,4,8,0,1,3,2,0,4,0,2H,4H,0.9142876049815957,85,44,True,True,True,True,0
top_four,dendro,occupancy_bin,full,12,unith,12,Nielsen,Nov_3_g0,0.999725274725275,,,,20,,20,4,8,0,1,4,2,0,5,0,2H,5H,,85,0,True,False,True,False,0
top_four,dendro,occupancy_bin,full,12,unith,12,Nielsen,Nov_3_g0,0.999725274725275,,,,20,,20,4,8,0,1,5,2,0,6,0,2H,6H,,85,0,True,False,True,False,0
top_four,dendro,occupancy_bin,full,12,unith,12,Nielsen,Nov_3_g0,0.999725274725275,,,,20,,20,4,8,0,1,6,2,0,1,1,2H,1S,,85,0,True,False,True,False,0
top_four,dendro,occupancy_bin,full,12,unith,12,Nielsen,Nov_3_g0,0.999725274725275,,,,20,,20,4,8,0,1,7,2,0,2,1,2H,2S,,85,0,True,False,True,False,0
top_four,dendro,occupancy_bin,full,12,unith,12,Nielsen,Nov_3_g0,0.999725274725275,,,,20,,20,4,8,0,1,8,2,0,3,1,2H,3S,,85,0,True,False,True,False,0
top_four,dendro,occupancy_bin,full,12,unith,12,Nielsen,Nov_3_g0,0.999725274725275,,,,20,20,20,4,8,0,1,9,2,0,4,1,2H,4S,0.8478106999631455,85,41,True,True,True,True,0
top_four,dendro,occupancy_bin,full,12,unith,12,Nielsen,Nov_3_g0,0.999725274725275,,,,20,20,20,4,8,0,1,10,2,0,5,1,2H,5S,0.8195513044446743,85,95,True,True,True,True,0
top_four,dendro,occupancy_bin,full,12,unith,12,Nielsen,Nov_3_g0,0.999725274725275,,,,20,20,20,4,8,0,1,11,2,0,6,1,2H,6S,0.809224135577956,85,84,True,True,True,True,0
top_four,dendro,occupancy_bin,full,12,unith,12,Nielsen,Nov_3_g0,0.999725274725275,,,,20,20,20,4,8,0,2,0,3,0,1,0,3H,1H,0.8795526475213507,82,65,True,True,True,True,0
top_four,dendro,occupancy_bin,full,12,unith,12,Nielsen,Nov_3_g0,0.999725274725275,,,,20,20,20,4,8,0,2,1,3,0,2,0,3H,2H,0.8864437893928485,82,85,True,True,True,True,0
top_four,dendro,occupancy_bin,full,12,unith,12,Nielsen,Nov_3_g0,0.999725274725275,,,,20,20,20,4,8,0,2,2,3,0,3,0,3H,3H,0.9255151202791341,82,82,True,True,True,True,0
top_four,dendro,occupancy_bin,full,12,unith,12,Nielsen,Nov_3_g0,0.999725274725275,,,,20,20,20,4,8,0,2,3,3,0,4,0,3H,4H,0.9348846333512926,82,44,True,True,True,True,0
top_four,dendro,occupancy_bin,full,12,unith,12,Nielsen,Nov_3_g0,0.999725274725275,,,,20,,20,4,8,0,2,4,3,0,5,0,3H,5H,,82,0,True,False,True,False,0
top_four,dendro,occupancy_bin,full,12,unith,12,Nielsen,Nov_3_g0,0.999725274725275,,,,20,,20,4,8,0,2,5,3,0,6,0,3H,6H,,82,0,True,False,True,False,0
top_four,dendro,occupancy_bin,full,12,unith,12,Nielsen,Nov_3_g0,0.999725274725275,,,,20,,20,4,8,0,2,6,3,0,1,1,3H,1S,,82,0,True,False,True,False,0
top_four,dendro,occupancy_bin,full,12,unith,12,Nielsen,Nov_3_g0,0.999725274725275,,,,20,,20,4,8,0,2,7,3,0,2,1,3H,2S,,82,0,True,False,True,False,0
top_four,dendro,occupancy_bin,full,12,unith,12,Nielsen,Nov_3_g0,0.999725274725275,,,,20,,20,4,8,0,2,8,3,0,3,1,3H,3S,,82,0,True,False,True,False,0
top_four,dendro,occupancy_bin,full,12,unith,12,Nielsen,Nov_3_g0,0.999725274725275,,,,20,20,20,4,8,0,2,9,3,0,4,1,3H,4S,0.8526120369166506,82,41,True,True,True,True,0
top_four,dendro,occupancy_bin,full,12,unith,12,Nielsen,Nov_3_g0,0.999725274725275,,,,20,20,20,4,8,0,2,10,3,0,5,1,3H,5S,0.9040099349077659,82,95,True,True,True,True,0
top_four,dendro,occupancy_bin,full,12,unith,12,Nielsen,Nov_3_g0,0.999725274725275,,,,20,20,20,4,8,0,2,11,3,0,6,1,3H,6S,0.839103874271877,82,84,True,True,True,True,0
top_four,dendro,occupancy_bin,full,12,unith,12,Nielsen,Nov_3_g0,0.999725274725275,,,,20,20,20,4,8,0,3,0,4,0,1,0,4H,1H,0.8947045572720679,44,65,True,True,True,True,0
top_four,dendro,occupancy_bin,full,12,unith,12,Nielsen,Nov_3_g0,0.999725274725275,,,,20,20,20,4,8,0,3,1,4,0,2,0,4H,2H,0.9142876049815957,44,85,True,True,True,True,0
top_four,dendro,occupancy_bin,full,12,unith,12,Nielsen,Nov_3_g0,0.999725274725275,,,,20,20,20,4,8,0,3,2,4,0,3,0,4H,3H,0.9348846333512926,44,82,True,True,True,True,0
top_four,dendro,occupancy_bin,full,12,unith,12,Nielsen,Nov_3_g0,0.999725274725275,,,,20,20,20,4,8,0,3,3,4,0,4,0,4H,4H,0.9231540760273027,44,44,True,True,True,True,0
top_four,dendro,occupancy_bin,full,12,unith,12,Nielsen,Nov_3_g0,0.999725274725275,,,,20,,20,4,8,0,3,4,4,0,5,0,4H,5H,,44,0,True,False,True,False,0
top_four,dendro,occupancy_bin,full,12,unith,12,Nielsen,Nov_3_g0,0.999725274725275,,,,20,,20,4,8,0,3,5,4,0,6,0,4H,6H,,44,0,True,False,True,False,0
top_four,dendro,occupancy_bin,full,12,unith,12,Nielsen,Nov_3_g0,0.999725274725275,,,,20,,20,4,8,0,3,6,4,0,1,1,4H,1S,,44,0,True,False,True,False,0
top_four,dendro,occupancy_bin,full,12,unith,12,Nielsen,Nov_3_g0,0.999725274725275,,,,20,,20,4,8,0,3,7,4,0,2,1,4H,2S,,44,0,True,False,True,False,0
top_four,dendro,occupancy_bin,full,12,unith,12,Nielsen,Nov_3_g0,0.999725274725275,,,,20,,20,4,8,0,3,8,4,0,3,1,4H,3S,,44,0,True,False,True,False,0
top_four,dendro,occupancy_bin,full,12,unith,12,Nielsen,Nov_3_g0,0.999725274725275,,,,20,20,20,4,8,0,3,9,4,0,4,1,4H,4S,0.8807504781343398,44,41,True,True,True,True,0
top_four,dendro,occupancy_bin,full,12,unith,12,Nielsen,Nov_3_g0,0.999725274725275,,,,20,20,20,4,8,0,3,10,4,0,5,1,4H,5S,0.911234068478463,44,95,True,True,True,True,0
top_four,dendro,occupancy_bin,full,12,unith,12,Nielsen,Nov_3_g0,0.999725274725275,,,,20,20,20,4,8,0,3,11,4,0,6,1,4H,6S,0.8582629674394175,44,84,True,True,True,True,0
top_four,dendro,occupancy_bin,full,12,unith,12,Nielsen,Nov_3_g0,0.999725274725275,,,,,20,20,4,8,0,4,0,5,0,1,0,5H,1H,,0,65,False,True,False,True,0
top_four,dendro,occupancy_bin,full,12,unith,12,Nielsen,Nov_3_g0,0.999725274725275,,,,,20,20,4,8,0,4,1,5,0,2,0,5H,2H,,0,85,False,True,False,True,0
top_four,dendro,occupancy_bin,full,12,unith,12,Nielsen,Nov_3_g0,0.999725274725275,,,,,20,20,4,8,0,4,2,5,0,3,0,5H,3H,,0,82,False,True,False,True,0
top_four,dendro,occupancy_bin,full,12,unith,12,Nielsen,Nov_3_g0,0.999725274725275,,,,,20,20,4,8,0,4,3,5,0,4,0,5H,4H,,0,44,False,True,False,True,0
top_four,dendro,occupancy_bin,full,12,unith,12,Nielsen,Nov_3_g0,0.999725274725275,,,,,,20,4,8,0,4,4,5,0,5,0,5H,5H,,0,0,False,False,False,False,0
top_four,dendro,occupancy_bin,full,12,unith,12,Nielsen,Nov_3_g0,0.999725274725275,,,,,,20,4,8,0,4,5,5,0,6,0,5H,6H,,0,0,False,False,False,False,0
top_four,dendro,occupancy_bin,full,12,unith,12,Nielsen,Nov_3_g0,0.999725274725275,,,,,,20,4,8,0,4,6,5,0,1,1,5H,1S,,0,0,False,False,False,False,0
top_four,dendro,occupancy_bin,full,12,unith,12,Nielsen,Nov_3_g0,0.999725274725275,,,,,,20,4,8,0,4,7,5,0,2,1,5H,2S,,0,0,False,False,False,False,0
top_four,dendro,occupancy_bin,full,12,unith,12,Nielsen,Nov_3_g0,0.999725274725275,,,,,,20,4,8,0,4,8,5,0,3,1,5H,3S,,0,0,False,False,False,False,0
top_four,dendro,occupancy_bin,full,12,unith,12,Nielsen,Nov_3_g0,0.999725274725275,,,,,20,20,4,8,0,4,9,5,0,4,1,5H,4S,,0,41,False,True,False,True,0
top_four,dendro,occupancy_bin,full,12,unith,12,Nielsen,Nov_3_g0,0.999725274725275,,,,,20,20,4,8,0,4,10,5,0,5,1,5H,5S,,0,95,False,True,False,True,0
top_four,dendro,occupancy_bin,full,12,unith,12,Nielsen,Nov_3_g0,0.999725274725275,,,,,20,20,4,8,0,4,11,5,0,6,1,5H,6S,,0,84,False,True,False,True,0
top_four,dendro,occupancy_bin,full,12,unith,12,Nielsen,Nov_3_g0,0.999725274725275,,,,,20,20,4,8,0,5,0,6,0,1,0,6H,1H,,0,65,False,True,False,True,0
top_four,dendro,occupancy_bin,full,12,unith,12,Nielsen,Nov_3_g0,0.999725274725275,,,,,20,20,4,8,0,5,1,6,0,2,0,6H,2H,,0,85,False,True,False,True,0
top_four,dendro,occupancy_bin,full,12,unith,12,Nielsen,Nov_3_g0,0.999725274725275,,,,,20,20,4,8,0,5,2,6,0,3,0,6H,3H,,0,82,False,True,False,True,0
top_four,dendro,occupancy_bin,full,12,unith,12,Nielsen,Nov_3_g0,0.999725274725275,,,,,20,20,4,8,0,5,3,6,0,4,0,6H,4H,,0,44,False,True,False,True,0
top_four,dendro,occupancy_bin,full,12,unith,12,Nielsen,Nov_3_g0,0.999725274725275,,,,,,20,4,8,0,5,4,6,0,5,0,6H,5H,,0,0,False,False,False,False,0
top_four,dendro,occupancy_bin,full,12,unith,12,Nielsen,Nov_3_g0,0.999725274725275,,,,,,20,4,8,0,5,5,6,0,6,0,6H,6H,,0,0,False,False,False,False,0
top_four,dendro,occupancy_bin,full,12,unith,12,Nielsen,Nov_3_g0,0.999725274725275,,,,,,20,4,8,0,5,6,6,0,1,1,6H,1S,,0,0,False,False,False,False,0
top_four,dendro,occupancy_bin,full,12,unith,12,Nielsen,Nov_3_g0,0.999725274725275,,,,,,20,4,8,0,5,7,6,0,2,1,6H,2S,,0,0,False,False,False,False,0
top_four,dendro,occupancy_bin,full,12,unith,12,Nielsen,Nov_3_g0,0.999725274725275,,,,,,20,4,8,0,5,8,6,0,3,1,6H,3S,,0,0,False,False,False,False,0
top_four,dendro,occupancy_bin,full,12,unith,12,Nielsen,Nov_3_g0,0.999725274725275,,,,,20,20,4,8,0,5,9,6,0,4,1,6H,4S,,0,41,False,True,False,True,0
top_four,dendro,occupancy_bin,full,12,unith,12,Nielsen,Nov_3_g0,0.999725274725275,,,,,20,20,4,8,0,5,10,6,0,5,1,6H,5S,,0,95,False,True,False,True,0
top_four,dendro,occupancy_bin,full,12,unith,12,Nielsen,Nov_3_g0,0.999725274725275,,,,,20,20,4,8,0,5,11,6,0,6,1,6H,6S,,0,84,False,True,False,True,0
top_four,dendro,occupancy_bin,full,12,unith,12,Nielsen,Nov_3_g0,0.999725274725275,,,,,20,20,4,8,0,6,0,1,1,1,0,1S,1H,,0,65,False,True,False,True,0
top_four,dendro,occupancy_bin,full,12,unith,12,Nielsen,Nov_3_g0,0.999725274725275,,,,,20,20,4,8,0,6,1,1,1,2,0,1S,2H,,0,85,False,True,False,True,0
top_four,dendro,occupancy_bin,full,12,unith,12,Nielsen,Nov_3_g0,0.999725274725275,,,,,20,20,4,8,0,6,2,1,1,3,0,1S,3H,,0,82,False,True,False,True,0
top_four,dendro,occupancy_bin,full,12,unith,12,Nielsen,Nov_3_g0,0.999725274725275,,,,,20,20,4,8,0,6,3,1,1,4,0,1S,4H,,0,44,False,True,False,True,0
top_four,dendro,occupancy_bin,full,12,unith,12,Nielsen,Nov_3_g0,0.999725274725275,,,,,,20,4,8,0,6,4,1,1,5,0,1S,5H,,0,0,False,False,False,False,0
top_four,dendro,occupancy_bin,full,12,unith,12,Nielsen,Nov_3_g0,0.999725274725275,,,,,,20,4,8,0,6,5,1,1,6,0,1S,6H,,0,0,False,False,False,False,0
top_four,dendro,occupancy_bin,full,12,unith,12,Nielsen,Nov_3_g0,0.999725274725275,,,,,,20,4,8,0,6,6,1,1,1,1,1S,1S,,0,0,False,False,False,False,0
top_four,dendro,occupancy_bin,full,12,unith,12,Nielsen,Nov_3_g0,0.999725274725275,,,,,,20,4,8,0,6,7,1,1,2,1,1S,2S,,0,0,False,False,False,False,0
top_four,dendro,occupancy_bin,full,12,unith,12,Nielsen,Nov_3_g0,0.999725274725275,,,,,,20,4,8,0,6,8,1,1,3,1,1S,3S,,0,0,False,False,False,False,0
top_four,dendro,occupancy_bin,full,12,unith,12,Nielsen,Nov_3_g0,0.999725274725275,,,,,20,20,4,8,0,6,9,1,1,4,1,1S,4S,,0,41,False,True,False,True,0
top_four,dendro,occupancy_bin,full,12,unith,12,Nielsen,Nov_3_g0,0.999725274725275,,,,,20,20,4,8,0,6,10,1,1,5,1,1S,5S,,0,95,False,True,False,True,0
top_four,dendro,occupancy_bin,full,12,unith,12,Nielsen,Nov_3_g0,0.999725274725275,,,,,20,20,4,8,0,6,11,1,1,6,1,1S,6S,,0,84,False,True,False,True,0
top_four,dendro,occupancy_bin,full,12,unith,12,Nielsen,Nov_3_g0,0.999725274725275,,,,,20,20,4,8,0,7,0,2,1,1,0,2S,1H,,0,65,False,True,False,True,0
top_four,dendro,occupancy_bin,full,12,unith,12,Nielsen,Nov_3_g0,0.999725274725275,,,,,20,20,4,8,0,7,1,2,1,2,0,2S,2H,,0,85,False,True,False,True,0
top_four,dendro,occupancy_bin,full,12,unith,12,Nielsen,Nov_3_g0,0.999725274725275,,,,,20,20,4,8,0,7,2,2,1,3,0,2S,3H,,0,82,False,True,False,True,0
top_four,dendro,occupancy_bin,full,12,unith,12,Nielsen,Nov_3_g0,0.999725274725275,,,,,20,20,4,8,0,7,3,2,1,4,0,2S,4H,,0,44,False,True,False,True,0
top_four,dendro,occupancy_bin,full,12,unith,12,Nielsen,Nov_3_g0,0.999725274725275,,,,,,20,4,8,0,7,4,2,1,5,0,2S,5H,,0,0,False,False,False,False,0
top_four,dendro,occupancy_bin,full,12,unith,12,Nielsen,Nov_3_g0,0.999725274725275,,,,,,20,4,8,0,7,5,2,1,6,0,2S,6H,,0,0,False,False,False,False,0
top_four,dendro,occupancy_bin,full,12,unith,12,Nielsen,Nov_3_g0,0.999725274725275,,,,,,20,4,8,0,7,6,2,1,1,1,2S,1S,,0,0,False,False,False,False,0
top_four,dendro,occupancy_bin,full,12,unith,12,Nielsen,Nov_3_g0,0.999725274725275,,,,,,20,4,8,0,7,7,2,1,2,1,2S,2S,,0,0,False,False,False,False,0
top_four,dendro,occupancy_bin,full,12,unith,12,Nielsen,Nov_3_g0,0.999725274725275,,,,,,20,4,8,0,7,8,2,1,3,1,2S,3S,,0,0,False,False,False,False,0
top_four,dendro,occupancy_bin,full,12,unith,12,Nielsen,Nov_3_g0,0.999725274725275,,,,,20,20,4,8,0,7,9,2,1,4,1,2S,4S,,0,41,False,True,False,True,0
top_four,dendro,occupancy_bin,full,12,unith,12,Nielsen,Nov_3_g0,0.999725274725275,,,,,20,20,4,8,0,7,10,2,1,5,1,2S,5S,,0,95,False,True,False,True,0
top_four,dendro,occupancy_bin,full,12,unith,12,Nielsen,Nov_3_g0,0.999725274725275,,,,,20,20,4,8,0,7,11,2,1,6,1,2S,6S,,0,84,False,True,False,True,0
top_four,dendro,occupancy_bin,full,12,unith,12,Nielsen,Nov_3_g0,0.999725274725275,,,,,20,20,4,8,0,8,0,3,1,1,0,3S,1H,,0,65,False,True,False,True,0
top_four,dendro,occupancy_bin,full,12,unith,12,Nielsen,Nov_3_g0,0.999725274725275,,,,,20,20,4,8,0,8,1,3,1,2,0,3S,2H,,0,85,False,True,False,True,0
top_four,dendro,occupancy_bin,full,12,unith,12,Nielsen,Nov_3_g0,0.999725274725275,,,,,20,20,4,8,0,8,2,3,1,3,0,3S,3H,,0,82,False,True,False,True,0
top_four,dendro,occupancy_bin,full,12,unith,12,Nielsen,Nov_3_g0,0.999725274725275,,,,,20,20,4,8,0,8,3,3,1,4,0,3S,4H,,0,44,False,True,False,True,0
top_four,dendro,occupancy_bin,full,12,unith,12,Nielsen,Nov_3_g0,0.999725274725275,,,,,,20,4,8,0,8,4,3,1,5,0,3S,5H,,0,0,False,False,False,False,0
top_four,dendro,occupancy_bin,full,12,unith,12,Nielsen,Nov_3_g0,0.999725274725275,,,,,,20,4,8,0,8,5,3,1,6,0,3S,6H,,0,0,False,False,False,False,0
top_four,dendro,occupancy_bin,full,12,unith,12,Nielsen,Nov_3_g0,0.999725274725275,,,,,,20,4,8,0,8,6,3,1,1,1,3S,1S,,0,0,False,False,False,False,0
top_four,dendro,occupancy_bin,full,12,unith,12,Nielsen,Nov_3_g0,0.999725274725275,,,,,,20,4,8,0,8,7,3,1,2,1,3S,2S,,0,0,False,False,False,False,0
top_four,dendro,occupancy_bin,full,12,unith,12,Nielsen,Nov_3_g0,0.999725274725275,,,,,,20,4,8,0,8,8,3,1,3,1,3S,3S,,0,0,False,False,False,False,0
top_four,dendro,occupancy_bin,full,12,unith,12,Nielsen,Nov_3_g0,0.999725274725275,,,,,20,20,4,8,0,8,9,3,1,4,1,3S,4S,,0,41,False,True,False,True,0
top_four,dendro,occupancy_bin,full,12,unith,12,Nielsen,Nov_3_g0,0.999725274725275,,,,,20,20,4,8,0,8,10,3,1,5,1,3S,5S,,0,95,False,True,False,True,0
top_four,dendro,occupancy_bin,full,12,unith,12,Nielsen,Nov_3_g0,0.999725274725275,,,,,20,20,4,8,0,8,11,3,1,6,1,3S,6S,,0,84,False,True,False,True,0
top_four,dendro,occupancy_bin,full,12,unith,12,Nielsen,Nov_3_g0,0.999725274725275,,,,20,20,20,4,8,0,9,0,4,1,1,0,4S,1H,0.7633572463938952,41,65,True,True,True,True,0
top_four,dendro,occupancy_bin,full,12,unith,12,Nielsen,Nov_3_g0,0.999725274725275,,,,20,20,20,4,8,0,9,1,4,1,2,0,4S,2H,0.8478106999631455,41,85,True,True,True,True,0
top_four,dendro,occupancy_bin,full,12,unith,12,Nielsen,Nov_3_g0,0.999725274725275,,,,20,20,20,4,8,0,9,2,4,1,3,0,4S,3H,0.8526120369166506,41,82,True,True,True,True,0
top_four,dendro,occupancy_bin,full,12,unith,12,Nielsen,Nov_3_g0,0.999725274725275,,,,20,20,20,4,8,0,9,3,4,1,4,0,4S,4H,0.8807504781343398,41,44,True,True,True,True,0
top_four,dendro,occupancy_bin,full,12,unith,12,Nielsen,Nov_3_g0,0.999725274725275,,,,20,,20,4,8,0,9,4,4,1,5,0,4S,5H,,41,0,True,False,True,False,0
top_four,dendro,occupancy_bin,full,12,unith,12,Nielsen,Nov_3_g0,0.999725274725275,,,,20,,20,4,8,0,9,5,4,1,6,0,4S,6H,,41,0,True,False,True,False,0
top_four,dendro,occupancy_bin,full,12,unith,12,Nielsen,Nov_3_g0,0.999725274725275,,,,20,,20,4,8,0,9,6,4,1,1,1,4S,1S,,41,0,True,False,True,False,0
top_four,dendro,occupancy_bin,full,12,unith,12,Nielsen,Nov_3_g0,0.999725274725275,,,,20,,20,4,8,0,9,7,4,1,2,1,4S,2S,,41,0,True,False,True,False,0
top_four,dendro,occupancy_bin,full,12,unith,12,Nielsen,Nov_3_g0,0.999725274725275,,,,20,,20,4,8,0,9,8,4,1,3,1,4S,3S,,41,0,True,False,True,False,0
top_four,dendro,occupancy_bin,full,12,unith,12,Nielsen,Nov_3_g0,0.999725274725275,,,,20,20,20,4,8,0,9,9,4,1,4,1,4S,4S,0.9226644638054473,41,41,True,True,True,True,0
top_four,dendro,occupancy_bin,full,12,unith,12,Nielsen,Nov_3_g0,0.999725274725275,,,,20,20,20,4,8,0,9,10,4,1,5,1,4S,5S,0.8777108434027048,41,95,True,True,True,True,0
top_four,dendro,occupancy_bin,full,12,unith,12,Nielsen,Nov_3_g0,0.999725274725275,,,,20,20,20,4,8,0,9,11,4,1,6,1,4S,6S,0.9193985707872232,41,84,True,True,True,True,0
top_four,dendro,occupancy_bin,full,12,unith,12,Nielsen,Nov_3_g0,0.999725274725275,,,,20,20,20,4,8,0,10,0,5,1,1,0,5S,1H,0.8858416427647932,95,65,True,True,True,True,0
top_four,dendro,occupancy_bin,full,12,unith,12,Nielsen,Nov_3_g0,0.999725274725275,,,,20,20,20,4,8,0,10,1,5,1,2,0,5S,2H,0.8195513044446743,95,85,True,True,True,True,0
top_four,dendro,occupancy_bin,full,12,unith,12,Nielsen,Nov_3_g0,0.999725274725275,,,,20,20,20,4,8,0,10,2,5,1,3,0,5S,3H,0.9040099349077659,95,82,True,True,True,True,0
top_four,dendro,occupancy_bin,full,12,unith,12,Nielsen,Nov_3_g0,0.999725274725275,,,,20,20,20,4,8,0,10,3,5,1,4,0,5S,4H,0.911234068478463,95,44,True,True,True,True,0
top_four,dendro,occupancy_bin,full,12,unith,12,Nielsen,Nov_3_g0,0.999725274725275,,,,20,,20,4,8,0,10,4,5,1,5,0,5S,5H,,95,0,True,False,True,False,0
top_four,dendro,occupancy_bin,full,12,unith,12,Nielsen,Nov_3_g0,0.999725274725275,,,,20,,20,4,8,0,10,5,5,1,6,0,5S,6H,,95,0,True,False,True,False,0
top_four,dendro,occupancy_bin,full,12,unith,12,Nielsen,Nov_3_g0,0.999725274725275,,,,20,,20,4,8,0,10,6,5,1,1,1,5S,1S,,95,0,True,False,True,False,0
top_four,dendro,occupancy_bin,full,12,unith,12,Nielsen,Nov_3_g0,0.999725274725275,,,,20,,20,4,8,0,10,7,5,1,2,1,5S,2S,,95,0,True,False,True,False,0
top_four,dendro,occupancy_bin,full,12,unith,12,Nielsen,Nov_3_g0,0.999725274725275,,,,20,,20,4,8,0,10,8,5,1,3,1,5S,3S,,95,0,True,False,True,False,0
top_four,dendro,occupancy_bin,full,12,unith,12,Nielsen,Nov_3_g0,0.999725274725275,,,,20,20,20,4,8,0,10,9,5,1,4,1,5S,4S,0.8777108434027048,95,41,True,True,True,True,0
top_four,dendro,occupancy_bin,full,12,unith,12,Nielsen,Nov_3_g0,0.999725274725275,,,,20,20,20,4,8,0,10,10,5,1,5,1,5S,5S,0.9457473516786988,95,95,True,True,True,True,0
top_four,dendro,occupancy_bin,full,12,unith,12,Nielsen,Nov_3_g0,0.999725274725275,,,,20,20,20,4,8,0,10,11,5,1,6,1,5S,6S,0.8226829890451353,95,84,True,True,True,True,0
top_four,dendro,occupancy_bin,full,12,unith,12,Nielsen,Nov_3_g0,0.999725274725275,,,,20,20,20,4,8,0,11,0,6,1,1,0,6S,1H,0.7221815179221909,84,65,True,True,True,True,0
top_four,dendro,occupancy_bin,full,12,unith,12,Nielsen,Nov_3_g0,0.999725274725275,,,,20,20,20,4,8,0,11,1,6,1,2,0,6S,2H,0.809224135577956,84,85,True,True,True,True,0
top_four,dendro,occupancy_bin,full,12,unith,12,Nielsen,Nov_3_g0,0.999725274725275,,,,20,20,20,4,8,0,11,2,6,1,3,0,6S,3H,0.839103874271877,84,82,True,True,True,True,0
top_four,dendro,occupancy_bin,full,12,unith,12,Nielsen,Nov_3_g0,0.999725274725275,,,,20,20,20,4,8,0,11,3,6,1,4,0,6S,4H,0.8582629674394175,84,44,True,True,True,True,0
top_four,dendro,occupancy_bin,full,12,unith,12,Nielsen,Nov_3_g0,0.999725274725275,,,,20,,20,4,8,0,11,4,6,1,5,0,6S,5H,,84,0,True,False,True,False,0
top_four,dendro,occupancy_bin,full,12,unith,12,Nielsen,Nov_3_g0,0.999725274725275,,,,20,,20,4,8,0,11,5,6,1,6,0,6S,6H,,84,0,True,False,True,False,0
top_four,dendro,occupancy_bin,full,12,unith,12,Nielsen,Nov_3_g0,0.999725274725275,,,,20,,20,4,8,0,11,6,6,1,1,1,6S,1S,,84,0,True,False,True,False,0
top_four,dendro,occupancy_bin,full,12,unith,12,Nielsen,Nov_3_g0,0.999725274725275,,,,20,,20,4,8,0,11,7,6,1,2,1,6S,2S,,84,0,True,False,True,False,0
top_four,dendro,occupancy_bin,full,12,unith,12,Nielsen,Nov_3_g0,0.999725274725275,,,,20,,20,4,8,0,11,8,6,1,3,1,6S,3S,,84,0,True,False,True,False,0
top_four,dendro,occupancy_bin,full,12,unith,12,Nielsen,Nov_3_g0,0.999725274725275,,,,20,20,20,4,8,0,11,9,6,1,4,1,6S,4S,0.9193985707872232,84,41,True,True,True,True,0
top_four,dendro,occupancy_bin,full,12,unith,12,Nielsen,Nov_3_g0,0.999725274725275,,,,20,20,20,4,8,0,11,10,6,1,5,1,6S,5S,0.8226829890451353,84,95,True,True,True,True,0
top_four,dendro,occupancy_bin,full,12,unith,12,Nielsen,Nov_3_g0,0.999725274725275,,,,20,20,20,4,8,0,11,11,6,1,6,1,6S,6S,0.9500464233112453,84,84,True,True,True,True,0
top_four,dendro,occupancy_bin,full,12,unith,12,Nielsen,Nov_6_g0,1.0,,,,5,5,20,4,8,0,0,0,1,0,1,0,1H,1H,0.7241018818177005,51,51,True,True,True,True,0
top_four,dendro,occupancy_bin,full,12,unith,12,Nielsen,Nov_6_g0,1.0,,,,5,5,20,4,8,0,0,1,1,0,2,0,1H,2H,0.7049486904918001,51,42,True,True,True,True,0
top_four,dendro,occupancy_bin,full,12,unith,12,Nielsen,Nov_6_g0,1.0,,,,5,5,20,4,8,0,0,2,1,0,3,0,1H,3H,0.7805742328386385,51,59,True,True,True,True,0
top_four,dendro,occupancy_bin,full,12,unith,12,Nielsen,Nov_6_g0,1.0,,,,5,5,20,4,8,0,0,3,1,0,4,0,1H,4H,0.7449858436983042,51,22,True,True,True,True,0
top_four,dendro,occupancy_bin,full,12,unith,12,Nielsen,Nov_6_g0,1.0,,,,5,,20,4,8,0,0,4,1,0,5,0,1H,5H,,51,0,True,False,True,False,0
top_four,dendro,occupancy_bin,full,12,unith,12,Nielsen,Nov_6_g0,1.0,,,,5,,20,4,8,0,0,5,1,0,6,0,1H,6H,,51,0,True,False,True,False,0
top_four,dendro,occupancy_bin,full,12,unith,12,Nielsen,Nov_6_g0,1.0,,,,5,,20,4,8,0,0,6,1,0,1,1,1H,1S,,51,0,True,False,True,False,0
top_four,dendro,occupancy_bin,full,12,unith,12,Nielsen,Nov_6_g0,1.0,,,,5,5,20,4,8,0,0,7,1,0,2,1,1H,2S,0.7518807758919929,51,14,True,True,True,True,0
top_four,dendro,occupancy_bin,full,12,unith,12,Nielsen,Nov_6_g0,1.0,,,,5,5,20,4,8,0,0,8,1,0,3,1,1H,3S,0.5973633045782191,51,10,True,True,True,True,0
top_four,dendro,occupancy_bin,full,12,unith,12,Nielsen,Nov_6_g0,1.0,,,,5,5,20,4,8,0,0,9,1,0,4,1,1H,4S,0.7242039364783828,51,30,True,True,True,True,0
top_four,dendro,occupancy_bin,full,12,unith,12,Nielsen,Nov_6_g0,1.0,,,,5,5,20,4,8,0,0,10,1,0,5,1,1H,5S,0.7703248812205532,51,60,True,True,True,True,0
top_four,dendro,occupancy_bin,full,12,unith,12,Nielsen,Nov_6_g0,1.0,,,,5,5,20,4,8,0,0,11,1,0,6,1,1H,6S,0.6265131109420701,51,79,True,True,True,True,0
top_four,dendro,occupancy_bin,full,12,unith,12,Nielsen,Nov_6_g0,1.0,,,,5,5,20,4,8,0,1,0,2,0,1,0,2H,1H,0.7049486904918001,42,51,True,True,True,True,0
top_four,dendro,occupancy_bin,full,12,unith,12,Nielsen,Nov_6_g0,1.0,,,,5,5,20,4,8,0,1,1,2,0,2,0,2H,2H,0.7532791658135043,42,42,True,True,True,True,0
top_four,dendro,occupancy_bin,full,12,unith,12,Nielsen,Nov_6_g0,1.0,,,,5,5,20,4,8,0,1,2,2,0,3,0,2H,3H,0.7382929113411588,42,59,True,True,True,True,0
top_four,dendro,occupancy_bin,full,12,unith,12,Nielsen,Nov_6_g0,1.0,,,,5,5,20,4,8,0,1,3,2,0,4,0,2H,4H,0.7950957215672467,42,22,True,True,True,True,0
top_four,dendro,occupancy_bin,full,12,unith,12,Nielsen,Nov_6_g0,1.0,,,,5,,20,4,8,0,1,4,2,0,5,0,2H,5H,,42,0,True,False,True,False,0
top_four,dendro,occupancy_bin,full,12,unith,12,Nielsen,Nov_6_g0,1.0,,,,5,,20,4,8,0,1,5,2,0,6,0,2H,6H,,42,0,True,False,True,False,0
top_four,dendro,occupancy_bin,full,12,unith,12,Nielsen,Nov_6_g0,1.0,,,,5,,20,4,8,0,1,6,2,0,1,1,2H,1S,,42,0,True,False,True,False,0
top_four,dendro,occupancy_bin,full,12,unith,12,Nielsen,Nov_6_g0,1.0,,,,5,5,20,4,8,0,1,7,2,0,2,1,2H,2S,0.7412746021737098,42,14,True,True,True,True,0
top_four,dendro,occupancy_bin,full,12,unith,12,Nielsen,Nov_6_g0,1.0,,,,5,5,20,4,8,0,1,8,2,0,3,1,2H,3S,0.7303043211359693,42,10,True,True,True,True,0
top_four,dendro,occupancy_bin,full,12,unith,12,Nielsen,Nov_6_g0,1.0,,,,5,5,20,4,8,0,1,9,2,0,4,1,2H,4S,0.744277458597208,42,30,True,True,True,True,0
top_four,dendro,occupancy_bin,full,12,unith,12,Nielsen,Nov_6_g0,1.0,,,,5,5,20,4,8,0,1,10,2,0,5,1,2H,5S,0.7910141515815601,42,60,True,True,True,True,0
top_four,dendro,occupancy_bin,full,12,unith,12,Nielsen,Nov_6_g0,1.0,,,,5,5,20,4,8,0,1,11,2,0,6,1,2H,6S,0.72256364761374,42,79,True,True,True,True,0
top_four,dendro,occupancy_bin,full,12,unith,12,Nielsen,Nov_6_g0,1.0,,,,5,5,20,4,8,0,2,0,3,0,1,0,3H,1H,0.7805742328386385,59,51,True,True,True,True,0
top_four,dendro,occupancy_bin,full,12,unith,12,Nielsen,Nov_6_g0,1.0,,,,5,5,20,4,8,0,2,1,3,0,2,0,3H,2H,0.7382929113411588,59,42,True,True,True,True,0
top_four,dendro,occupancy_bin,full,12,unith,12,Nielsen,Nov_6_g0,1.0,,,,5,5,20,4,8,0,2,2,3,0,3,0,3H,3H,0.8207518056356135,59,59,True,True,True,True,0
top_four,dendro,occupancy_bin,full,12,unith,12,Nielsen,Nov_6_g0,1.0,,,,5,5,20,4,8,0,2,3,3,0,4,0,3H,4H,0.7637684399870655,59,22,True,True,True,True,0
top_four,dendro,occupancy_bin,full,12,unith,12,Nielsen,Nov_6_g0,1.0,,,,5,,20,4,8,0,2,4,3,0,5,0,3H,5H,,59,0,True,False,True,False,0
top_four,dendro,occupancy_bin,full,12,unith,12,Nielsen,Nov_6_g0,1.0,,,,5,,20,4,8,0,2,5,3,0,6,0,3H,6H,,59,0,True,False,True,False,0
top_four,dendro,occupancy_bin,full,12,unith,12,Nielsen,Nov_6_g0,1.0,,,,5,,20,4,8,0,2,6,3,0,1,1,3H,1S,,59,0,True,False,True,False,0
top_four,dendro,occupancy_bin,full,12,unith,12,Nielsen,Nov_6_g0,1.0,,,,5,5,20,4,8,0,2,7,3,0,2,1,3H,2S,0.7796480783800691,59,14,True,True,True,True,0
top_four,dendro,occupancy_bin,full,12,unith,12,Nielsen,Nov_6_g0,1.0,,,,5,5,20,4,8,0,2,8,3,0,3,1,3H,3S,0.7120110431898015,59,10,True,True,True,True,0
top_four,dendro,occupancy_bin,full,12,unith,12,Nielsen,Nov_6_g0,1.0,,,,5,5,20,4,8,0,2,9,3,0,4,1,3H,4S,0.7895697935448525,59,30,True,True,True,True,0
top_four,dendro,occupancy_bin,full,12,unith,12,Nielsen,Nov_6_g0,1.0,,,,5,5,20,4,8,0,2,10,3,0,5,1,3H,5S,0.7826872639989785,59,60,True,True,True,True,0
top_four,dendro,occupancy_bin,full,12,unith,12,Nielsen,Nov_6_g0,1.0,,,,5,5,20,4,8,0,2,11,3,0,6,1,3H,6S,0.6533846962791872,59,79,True,True,True,True,0
top_four,dendro,occupancy_bin,full,12,unith,12,Nielsen,Nov_6_g0,1.0,,,,5,5,20,4,8,0,3,0,4,0,1,0,4H,1H,0.7449858436983042,22,51,True,True,True,True,0
top_four,dendro,occupancy_bin,full,12,unith,12,Nielsen,Nov_6_g0,1.0,,,,5,5,20,4,8,0,3,1,4,0,2,0,4H,2H,0.7950957215672467,22,42,True,True,True,True,0
top_four,dendro,occupancy_bin,full,12,unith,12,Nielsen,Nov_6_g0,1.0,,,,5,5,20,4,8,0,3,2,4,0,3,0,4H,3H,0.7637684399870655,22,59,True,True,True,True,0
top_four,dendro,occupancy_bin,full,12,unith,12,Nielsen,Nov_6_g0,1.0,,,,5,5,20,4,8,0,3,3,4,0,4,0,4H,4H,0.7725413858936815,22,22,True,True,True,True,0
top_four,dendro,occupancy_bin,full,12,unith,12,Nielsen,Nov_6_g0,1.0,,,,5,,20,4,8,0,3,4,4,0,5,0,4H,5H,,22,0,True,False,True,False,0
top_four,dendro,occupancy_bin,full,12,unith,12,Nielsen,Nov_6_g0,1.0,,,,5,,20,4,8,0,3,5,4,0,6,0,4H,6H,,22,0,True,False,True,False,0
top_four,dendro,occupancy_bin,full,12,unith,12,Nielsen,Nov_6_g0,1.0,,,,5,,20,4,8,0,3,6,4,0,1,1,4H,1S,,22,0,True,False,True,False,0
top_four,dendro,occupancy_bin,full,12,unith,12,Nielsen,Nov_6_g0,1.0,,,,5,5,20,4,8,0,3,7,4,0,2,1,4H,2S,0.7506063582718205,22,14,True,True,True,True,0
top_four,dendro,occupancy_bin,full,12,unith,12,Nielsen,Nov_6_g0,1.0,,,,5,5,20,4,8,0,3,8,4,0,3,1,4H,3S,0.7091680485346588,22,10,True,True,True,True,0
top_four,dendro,occupancy_bin,full,12,unith,12,Nielsen,Nov_6_g0,1.0,,,,5,5,20,4,8,0,3,9,4,0,4,1,4H,4S,0.7803153501476039,22,30,True,True,True,True,0
top_four,dendro,occupancy_bin,full,12,unith,12,Nielsen,Nov_6_g0,1.0,,,,5,5,20,4,8,0,3,10,4,0,5,1,4H,5S,0.8023628943269274,22,60,True,True,True,True,0
top_four,dendro,occupancy_bin,full,12,unith,12,Nielsen,Nov_6_g0,1.0,,,,5,5,20,4,8,0,3,11,4,0,6,1,4H,6S,0.6956508381201674,22,79,True,True,True,True,0
top_four,dendro,occupancy_bin,full,12,unith,12,Nielsen,Nov_6_g0,1.0,,,,,5,20,4,8,0,4,0,5,0,1,0,5H,1H,,0,51,False,True,False,True,0
top_four,dendro,occupancy_bin,full,12,unith,12,Nielsen,Nov_6_g0,1.0,,,,,5,20,4,8,0,4,1,5,0,2,0,5H,2H,,0,42,False,True,False,True,0
top_four,dendro,occupancy_bin,full,12,unith,12,Nielsen,Nov_6_g0,1.0,,,,,5,20,4,8,0,4,2,5,0,3,0,5H,3H,,0,59,False,True,False,True,0
top_four,dendro,occupancy_bin,full,12,unith,12,Nielsen,Nov_6_g0,1.0,,,,,5,20,4,8,0,4,3,5,0,4,0,5H,4H,,0,22,False,True,False,True,0
top_four,dendro,occupancy_bin,full,12,unith,12,Nielsen,Nov_6_g0,1.0,,,,,,20,4,8,0,4,4,5,0,5,0,5H,5H,,0,0,False,False,False,False,0
top_four,dendro,occupancy_bin,full,12,unith,12,Nielsen,Nov_6_g0,1.0,,,,,,20,4,8,0,4,5,5,0,6,0,5H,6H,,0,0,False,False,False,False,0
top_four,dendro,occupancy_bin,full,12,unith,12,Nielsen,Nov_6_g0,1.0,,,,,,20,4,8,0,4,6,5,0,1,1,5H,1S,,0,0,False,False,False,False,0
top_four,dendro,occupancy_bin,full,12,unith,12,Nielsen,Nov_6_g0,1.0,,,,,5,20,4,8,0,4,7,5,0,2,1,5H,2S,,0,14,False,True,False,True,0
top_four,dendro,occupancy_bin,full,12,unith,12,Nielsen,Nov_6_g0,1.0,,,,,5,20,4,8,0,4,8,5,0,3,1,5H,3S,,0,10,False,True,False,True,0
top_four,dendro,occupancy_bin,full,12,unith,12,Nielsen,Nov_6_g0,1.0,,,,,5,20,4,8,0,4,9,5,0,4,1,5H,4S,,0,30,False,True,False,True,0
top_four,dendro,occupancy_bin,full,12,unith,12,Nielsen,Nov_6_g0,1.0,,,,,5,20,4,8,0,4,10,5,0,5,1,5H,5S,,0,60,False,True,False,True,0
top_four,dendro,occupancy_bin,full,12,unith,12,Nielsen,Nov_6_g0,1.0,,,,,5,20,4,8,0,4,11,5,0,6,1,5H,6S,,0,79,False,True,False,True,0
top_four,dendro,occupancy_bin,full,12,unith,12,Nielsen,Nov_6_g0,1.0,,,,,5,20,4,8,0,5,0,6,0,1,0,6H,1H,,0,51,False,True,False,True,0
top_four,dendro,occupancy_bin,full,12,unith,12,Nielsen,Nov_6_g0,1.0,,,,,5,20,4,8,0,5,1,6,0,2,0,6H,2H,,0,42,False,True,False,True,0
top_four,dendro,occupancy_bin,full,12,unith,12,Nielsen,Nov_6_g0,1.0,,,,,5,20,4,8,0,5,2,6,0,3,0,6H,3H,,0,59,False,True,False,True,0
top_four,dendro,occupancy_bin,full,12,unith,12,Nielsen,Nov_6_g0,1.0,,,,,5,20,4,8,0,5,3,6,0,4,0,6H,4H,,0,22,False,True,False,True,0
top_four,dendro,occupancy_bin,full,12,unith,12,Nielsen,Nov_6_g0,1.0,,,,,,20,4,8,0,5,4,6,0,5,0,6H,5H,,0,0,False,False,False,False,0
top_four,dendro,occupancy_bin,full,12,unith,12,Nielsen,Nov_6_g0,1.0,,,,,,20,4,8,0,5,5,6,0,6,0,6H,6H,,0,0,False,False,False,False,0
top_four,dendro,occupancy_bin,full,12,unith,12,Nielsen,Nov_6_g0,1.0,,,,,,20,4,8,0,5,6,6,0,1,1,6H,1S,,0,0,False,False,False,False,0
top_four,dendro,occupancy_bin,full,12,unith,12,Nielsen,Nov_6_g0,1.0,,,,,5,20,4,8,0,5,7,6,0,2,1,6H,2S,,0,14,False,True,False,True,0
top_four,dendro,occupancy_bin,full,12,unith,12,Nielsen,Nov_6_g0,1.0,,,,,5,20,4,8,0,5,8,6,0,3,1,6H,3S,,0,10,False,True,False,True,0
top_four,dendro,occupancy_bin,full,12,unith,12,Nielsen,Nov_6_g0,1.0,,,,,5,20,4,8,0,5,9,6,0,4,1,6H,4S,,0,30,False,True,False,True,0
top_four,dendro,occupancy_bin,full,12,unith,12,Nielsen,Nov_6_g0,1.0,,,,,5,20,4,8,0,5,10,6,0,5,1,6H,5S,,0,60,False,True,False,True,0
top_four,dendro,occupancy_bin,full,12,unith,12,Nielsen,Nov_6_g0,1.0,,,,,5,20,4,8,0,5,11,6,0,6,1,6H,6S,,0,79,False,True,False,True,0
top_four,dendro,occupancy_bin,full,12,unith,12,Nielsen,Nov_6_g0,1.0,,,,,5,20,4,8,0,6,0,1,1,1,0,1S,1H,,0,51,False,True,False,True,0
top_four,dendro,occupancy_bin,full,12,unith,12,Nielsen,Nov_6_g0,1.0,,,,,5,20,4,8,0,6,1,1,1,2,0,1S,2H,,0,42,False,True,False,True,0
top_four,dendro,occupancy_bin,full,12,unith,12,Nielsen,Nov_6_g0,1.0,,,,,5,20,4,8,0,6,2,1,1,3,0,1S,3H,,0,59,False,True,False,True,0
top_four,dendro,occupancy_bin,full,12,unith,12,Nielsen,Nov_6_g0,1.0,,,,,5,20,4,8,0,6,3,1,1,4,0,1S,4H,,0,22,False,True,False,True,0
top_four,dendro,occupancy_bin,full,12,unith,12,Nielsen,Nov_6_g0,1.0,,,,,,20,4,8,0,6,4,1,1,5,0,1S,5H,,0,0,False,False,False,False,0
top_four,dendro,occupancy_bin,full,12,unith,12,Nielsen,Nov_6_g0,1.0,,,,,,20,4,8,0,6,5,1,1,6,0,1S,6H,,0,0,False,False,False,False,0
top_four,dendro,occupancy_bin,full,12,unith,12,Nielsen,Nov_6_g0,1.0,,,,,,20,4,8,0,6,6,1,1,1,1,1S,1S,,0,0,False,False,False,False,0
top_four,dendro,occupancy_bin,full,12,unith,12,Nielsen,Nov_6_g0,1.0,,,,,5,20,4,8,0,6,7,1,1,2,1,1S,2S,,0,14,False,True,False,True,0
top_four,dendro,occupancy_bin,full,12,unith,12,Nielsen,Nov_6_g0,1.0,,,,,5,20,4,8,0,6,8,1,1,3,1,1S,3S,,0,10,False,True,False,True,0
top_four,dendro,occupancy_bin,full,12,unith,12,Nielsen,Nov_6_g0,1.0,,,,,5,20,4,8,0,6,9,1,1,4,1,1S,4S,,0,30,False,True,False,True,0
top_four,dendro,occupancy_bin,full,12,unith,12,Nielsen,Nov_6_g0,1.0,,,,,5,20,4,8,0,6,10,1,1,5,1,1S,5S,,0,60,False,True,False,True,0
top_four,dendro,occupancy_bin,full,12,unith,12,Nielsen,Nov_6_g0,1.0,,,,,5,20,4,8,0,6,11,1,1,6,1,1S,6S,,0,79,False,True,False,True,0
top_four,dendro,occupancy_bin,full,12,unith,12,Nielsen,Nov_6_g0,1.0,,,,5,5,20,4,8,0,7,0,2,1,1,0,2S,1H,0.7518807758919929,14,51,True,True,True,True,0
top_four,dendro,occupancy_bin,full,12,unith,12,Nielsen,Nov_6_g0,1.0,,,,5,5,20,4,8,0,7,1,2,1,2,0,2S,2H,0.7412746021737098,14,42,True,True,True,True,0
top_four,dendro,occupancy_bin,full,12,unith,12,Nielsen,Nov_6_g0,1.0,,,,5,5,20,4,8,0,7,2,2,1,3,0,2S,3H,0.7796480783800691,14,59,True,True,True,True,0
top_four,dendro,occupancy_bin,full,12,unith,12,Nielsen,Nov_6_g0,1.0,,,,5,5,20,4,8,0,7,3,2,1,4,0,2S,4H,0.7506063582718205,14,22,True,True,True,True,0
top_four,dendro,occupancy_bin,full,12,unith,12,Nielsen,Nov_6_g0,1.0,,,,5,,20,4,8,0,7,4,2,1,5,0,2S,5H,,14,0,True,False,True,False,0
top_four,dendro,occupancy_bin,full,12,unith,12,Nielsen,Nov_6_g0,1.0,,,,5,,20,4,8,0,7,5,2,1,6,0,2S,6H,,14,0,True,False,True,False,0
top_four,dendro,occupancy_bin,full,12,unith,12,Nielsen,Nov_6_g0,1.0,,,,5,,20,4,8,0,7,6,2,1,1,1,2S,1S,,14,0,True,False,True,False,0
top_four,dendro,occupancy_bin,full,12,unith,12,Nielsen,Nov_6_g0,1.0,,,,5,5,20,4,8,0,7,7,2,1,2,1,2S,2S,0.7116878596669787,14,14,True,True,True,True,0
top_four,dendro,occupancy_bin,full,12,unith,12,Nielsen,Nov_6_g0,1.0,,,,5,5,20,4,8,0,7,8,2,1,3,1,2S,3S,0.6312557607219442,14,10,True,True,True,True,0
top_four,dendro,occupancy_bin,full,12,unith,12,Nielsen,Nov_6_g0,1.0,,,,5,5,20,4,8,0,7,9,2,1,4,1,2S,4S,0.7793999781621153,14,30,True,True,True,True,0
top_four,dendro,occupancy_bin,full,12,unith,12,Nielsen,Nov_6_g0,1.0,,,,5,5,20,4,8,0,7,10,2,1,5,1,2S,5S,0.7958723004359339,14,60,True,True,True,True,0
top_four,dendro,occupancy_bin,full,12,unith,12,Nielsen,Nov_6_g0,1.0,,,,5,5,20,4,8,0,7,11,2,1,6,1,2S,6S,0.6854027420290787,14,79,True,True,True,True,0
top_four,dendro,occupancy_bin,full,12,unith,12,Nielsen,Nov_6_g0,1.0,,,,5,5,20,4,8,0,8,0,3,1,1,0,3S,1H,0.5973633045782191,10,51,True,True,True,True,0
top_four,dendro,occupancy_bin,full,12,unith,12,Nielsen,Nov_6_g0,1.0,,,,5,5,20,4,8,0,8,1,3,1,2,0,3S,2H,0.7303043211359693,10,42,True,True,True,True,0
top_four,dendro,occupancy_bin,full,12,unith,12,Nielsen,Nov_6_g0,1.0,,,,5,5,20,4,8,0,8,2,3,1,3,0,3S,3H,0.7120110431898015,10,59,True,True,True,True,0
top_four,dendro,occupancy_bin,full,12,unith,12,Nielsen,Nov_6_g0,1.0,,,,5,5,20,4,8,0,8,3,3,1,4,0,3S,4H,0.7091680485346588,10,22,True,True,True,True,0
top_four,dendro,occupancy_bin,full,12,unith,12,Nielsen,Nov_6_g0,1.0,,,,5,,20,4,8,0,8,4,3,1,5,0,3S,5H,,10,0,True,False,True,False,0
top_four,dendro,occupancy_bin,full,12,unith,12,Nielsen,Nov_6_g0,1.0,,,,5,,20,4,8,0,8,5,3,1,6,0,3S,6H,,10,0,True,False,True,False,0
top_four,dendro,occupancy_bin,full,12,unith,12,Nielsen,Nov_6_g0,1.0,,,,5,,20,4,8,0,8,6,3,1,1,1,3S,1S,,10,0,True,False,True,False,0
top_four,dendro,occupancy_bin,full,12,unith,12,Nielsen,Nov_6_g0,1.0,,,,5,5,20,4,8,0,8,7,3,1,2,1,3S,2S,0.6312557607219442,10,14,True,True,True,True,0
top_four,dendro,occupancy_bin,full,12,unith,12,Nielsen,Nov_6_g0,1.0,,,,5,5,20,4,8,0,8,8,3,1,3,1,3S,3S,0.6460859649627924,10,10,True,True,True,True,0
top_four,dendro,occupancy_bin,full,12,unith,12,Nielsen,Nov_6_g0,1.0,,,,5,5,20,4,8,0,8,9,3,1,4,1,3S,4S,0.7026607280240502,10,30,True,True,True,True,0
top_four,dendro,occupancy_bin,full,12,unith,12,Nielsen,Nov_6_g0,1.0,,,,5,5,20,4,8,0,8,10,3,1,5,1,3S,5S,0.6560675728313541,10,60,True,True,True,True,0
top_four,dendro,occupancy_bin,full,12,unith,12,Nielsen,Nov_6_g0,1.0,,,,5,5,20,4,8,0,8,11,3,1,6,1,3S,6S,0.6194027162326338,10,79,True,True,True,True,0
top_four,dendro,occupancy_bin,full,12,unith,12,Nielsen,Nov_6_g0,1.0,,,,5,5,20,4,8,0,9,0,4,1,1,0,4S,1H,0.7242039364783828,30,51,True,True,True,True,0
top_four,dendro,occupancy_bin,full,12,unith,12,Nielsen,Nov_6_g0,1.0,,,,5,5,20,4,8,0,9,1,4,1,2,0,4S,2H,0.744277458597208,30,42,True,True,True,True,0
top_four,dendro,occupancy_bin,full,12,unith,12,Nielsen,Nov_6_g0,1.0,,,,5,5,20,4,8,0,9,2,4,1,3,0,4S,3H,0.7895697935448525,30,59,True,True,True,True,0
top_four,dendro,occupancy_bin,full,12,unith,12,Nielsen,Nov_6_g0,1.0,,,,5,5,20,4,8,0,9,3,4,1,4,0,4S,4H,0.7803153501476039,30,22,True,True,True,True,0
top_four,dendro,occupancy_bin,full,12,unith,12,Nielsen,Nov_6_g0,1.0,,,,5,,20,4,8,0,9,4,4,1,5,0,4S,5H,,30,0,True,False,True,False,0
top_four,dendro,occupancy_bin,full,12,unith,12,Nielsen,Nov_6_g0,1.0,,,,5,,20,4,8,0,9,5,4,1,6,0,4S,6H,,30,0,True,False,True,False,0
top_four,dendro,occupancy_bin,full,12,unith,12,Nielsen,Nov_6_g0,1.0,,,,5,,20,4,8,0,9,6,4,1,1,1,4S,1S,,30,0,True,False,True,False,0
top_four,dendro,occupancy_bin,full,12,unith,12,Nielsen,Nov_6_g0,1.0,,,,5,5,20,4,8,0,9,7,4,1,2,1,4S,2S,0.7793999781621153,30,14,True,True,True,True,0
top_four,dendro,occupancy_bin,full,12,unith,12,Nielsen,Nov_6_g0,1.0,,,,5,5,20,4,8,0,9,8,4,1,3,1,4S,3S,0.7026607280240502,30,10,True,True,True,True,0
top_four,dendro,occupancy_bin,full,12,unith,12,Nielsen,Nov_6_g0,1.0,,,,5,5,20,4,8,0,9,9,4,1,4,1,4S,4S,0.7710355116351135,30,30,True,True,True,True,0
top_four,dendro,occupancy_bin,full,12,unith,12,Nielsen,Nov_6_g0,1.0,,,,5,5,20,4,8,0,9,10,4,1,5,1,4S,5S,0.7867900548862321,30,60,True,True,True,True,0
top_four,dendro,occupancy_bin,full,12,unith,12,Nielsen,Nov_6_g0,1.0,,,,5,5,20,4,8,0,9,11,4,1,6,1,4S,6S,0.7333956514771623,30,79,True,True,True,True,0
top_four,dendro,occupancy_bin,full,12,unith,12,Nielsen,Nov_6_g0,1.0,,,,5,5,20,4,8,0,10,0,5,1,1,0,5S,1H,0.7703248812205532,60,51,True,True,True,True,0
top_four,dendro,occupancy_bin,full,12,unith,12,Nielsen,Nov_6_g0,1.0,,,,5,5,20,4,8,0,10,1,5,1,2,0,5S,2H,0.7910141515815601,60,42,True,True,True,True,0
top_four,dendro,occupancy_bin,full,12,unith,12,Nielsen,Nov_6_g0,1.0,,,,5,5,20,4,8,0,10,2,5,1,3,0,5S,3H,0.7826872639989785,60,59,True,True,True,True,0
top_four,dendro,occupancy_bin,full,12,unith,12,Nielsen,Nov_6_g0,1.0,,,,5,5,20,4,8,0,10,3,5,1,4,0,5S,4H,0.8023628943269274,60,22,True,True,True,True,0
top_four,dendro,occupancy_bin,full,12,unith,12,Nielsen,Nov_6_g0,1.0,,,,5,,20,4,8,0,10,4,5,1,5,0,5S,5H,,60,0,True,False,True,False,0
top_four,dendro,occupancy_bin,full,12,unith,12,Nielsen,Nov_6_g0,1.0,,,,5,,20,4,8,0,10,5,5,1,6,0,5S,6H,,60,0,True,False,True,False,0
top_four,dendro,occupancy_bin,full,12,unith,12,Nielsen,Nov_6_g0,1.0,,,,5,,20,4,8,0,10,6,5,1,1,1,5S,1S,,60,0,True,False,True,False,0
top_four,dendro,occupancy_bin,full,12,unith,12,Nielsen,Nov_6_g0,1.0,,,,5,5,20,4,8,0,10,7,5,1,2,1,5S,2S,0.7958723004359339,60,14,True,True,True,True,0
top_four,dendro,occupancy_bin,full,12,unith,12,Nielsen,Nov_6_g0,1.0,,,,5,5,20,4,8,0,10,8,5,1,3,1,5S,3S,0.6560675728313541,60,10,True,True,True,True,0
top_four,dendro,occupancy_bin,full,12,unith,12,Nielsen,Nov_6_g0,1.0,,,,5,5,20,4,8,0,10,9,5,1,4,1,5S,4S,0.7867900548862321,60,30,True,True,True,True,0
top_four,dendro,occupancy_bin,full,12,unith,12,Nielsen,Nov_6_g0,1.0,,,,5,5,20,4,8,0,10,10,5,1,5,1,5S,5S,0.8655327499644526,60,60,True,True,True,True,0
top_four,dendro,occupancy_bin,full,12,unith,12,Nielsen,Nov_6_g0,1.0,,,,5,5,20,4,8,0,10,11,5,1,6,1,5S,6S,0.7130712195080523,60,79,True,True,True,True,0
top_four,dendro,occupancy_bin,full,12,unith,12,Nielsen,Nov_6_g0,1.0,,,,5,5,20,4,8,0,11,0,6,1,1,0,6S,1H,0.6265131109420701,79,51,True,True,True,True,0
top_four,dendro,occupancy_bin,full,12,unith,12,Nielsen,Nov_6_g0,1.0,,,,5,5,20,4,8,0,11,1,6,1,2,0,6S,2H,0.72256364761374,79,42,True,True,True,True,0
top_four,dendro,occupancy_bin,full,12,unith,12,Nielsen,Nov_6_g0,1.0,,,,5,5,20,4,8,0,11,2,6,1,3,0,6S,3H,0.6533846962791872,79,59,True,True,True,True,0
top_four,dendro,occupancy_bin,full,12,unith,12,Nielsen,Nov_6_g0,1.0,,,,5,5,20,4,8,0,11,3,6,1,4,0,6S,4H,0.6956508381201674,79,22,True,True,True,True,0
top_four,dendro,occupancy_bin,full,12,unith,12,Nielsen,Nov_6_g0,1.0,,,,5,,20,4,8,0,11,4,6,1,5,0,6S,5H,,79,0,True,False,True,False,0
top_four,dendro,occupancy_bin,full,12,unith,12,Nielsen,Nov_6_g0,1.0,,,,5,,20,4,8,0,11,5,6,1,6,0,6S,6H,,79,0,True,False,True,False,0
top_four,dendro,occupancy_bin,full,12,unith,12,Nielsen,Nov_6_g0,1.0,,,,5,,20,4,8,0,11,6,6,1,1,1,6S,1S,,79,0,True,False,True,False,0
top_four,dendro,occupancy_bin,full,12,unith,12,Nielsen,Nov_6_g0,1.0,,,,5,5,20,4,8,0,11,7,6,1,2,1,6S,2S,0.6854027420290787,79,14,True,True,True,True,0
top_four,dendro,occupancy_bin,full,12,unith,12,Nielsen,Nov_6_g0,1.0,,,,5,5,20,4,8,0,11,8,6,1,3,1,6S,3S,0.6194027162326338,79,10,True,True,True,True,0
top_four,dendro,occupancy_bin,full,12,unith,12,Nielsen,Nov_6_g0,1.0,,,,5,5,20,4,8,0,11,9,6,1,4,1,6S,4S,0.7333956514771623,79,30,True,True,True,True,0
top_four,dendro,occupancy_bin,full,12,unith,12,Nielsen,Nov_6_g0,1.0,,,,5,5,20,4,8,0,11,10,6,1,5,1,6S,5S,0.7130712195080523,79,60,True,True,True,True,0
top_four,dendro,occupancy_bin,full,12,unith,12,Nielsen,Nov_6_g0,1.0,,,,5,5,20,4,8,0,11,11,6,1,6,1,6S,6S,0.8167494285070962,79,79,True,True,True,True,0
top_four,dendro,occupancy_bin,full,12,unith,12,Nielsen,Oct_22_g0,0.999896608767576,,,,9,9,20,4,8,0,0,0,1,0,1,0,1H,1H,0.8504991699202492,44,44,True,True,True,True,0
top_four,dendro,occupancy_bin,full,12,unith,12,Nielsen,Oct_22_g0,0.999896608767576,,,,9,9,20,4,8,0,0,1,1,0,2,0,1H,2H,0.7553100795574629,44,44,True,True,True,True,0
top_four,dendro,occupancy_bin,full,12,unith,12,Nielsen,Oct_22_g0,0.999896608767576,,,,9,9,20,4,8,0,0,2,1,0,3,0,1H,3H,0.8150211451134048,44,57,True,True,True,True,0
top_four,dendro,occupancy_bin,full,12,unith,12,Nielsen,Oct_22_g0,0.999896608767576,,,,9,9,20,4,8,0,0,3,1,0,4,0,1H,4H,0.7578935778214123,44,21,True,True,True,True,0
top_four,dendro,occupancy_bin,full,12,unith,12,Nielsen,Oct_22_g0,0.999896608767576,,,,9,,20,4,8,0,0,4,1,0,5,0,1H,5H,,44,0,True,False,True,False,0
top_four,dendro,occupancy_bin,full,12,unith,12,Nielsen,Oct_22_g0,0.999896608767576,,,,9,,20,4,8,0,0,5,1,0,6,0,1H,6H,,44,0,True,False,True,False,0
top_four,dendro,occupancy_bin,full,12,unith,12,Nielsen,Oct_22_g0,0.999896608767576,,,,9,9,20,4,8,0,0,6,1,0,1,1,1H,1S,0.7786182380969628,44,18,True,True,True,True,0
top_four,dendro,occupancy_bin,full,12,unith,12,Nielsen,Oct_22_g0,0.999896608767576,,,,9,9,20,4,8,0,0,7,1,0,2,1,1H,2S,0.7626434438624321,44,25,True,True,True,True,0
top_four,dendro,occupancy_bin,full,12,unith,12,Nielsen,Oct_22_g0,0.999896608767576,,,,9,9,20,4,8,0,0,8,1,0,3,1,1H,3S,0.862323126895126,44,20,True,True,True,True,0
top_four,dendro,occupancy_bin,full,12,unith,12,Nielsen,Oct_22_g0,0.999896608767576,,,,9,9,20,4,8,0,0,9,1,0,4,1,1H,4S,0.7675647665912279,44,61,True,True,True,True,0
top_four,dendro,occupancy_bin,full,12,unith,12,Nielsen,Oct_22_g0,0.999896608767576,,,,9,9,20,4,8,0,0,10,1,0,5,1,1H,5S,0.7867036863740139,44,88,True,True,True,True,0
top_four,dendro,occupancy_bin,full,12,unith,12,Nielsen,Oct_22_g0,0.999896608767576,,,,9,9,20,4,8,0,0,11,1,0,6,1,1H,6S,0.7072052439988867,44,77,True,True,True,True,0
top_four,dendro,occupancy_bin,full,12,unith,12,Nielsen,Oct_22_g0,0.999896608767576,,,,9,9,20,4,8,0,1,0,2,0,1,0,2H,1H,0.7553100795574629,44,44,True,True,True,True,0
top_four,dendro,occupancy_bin,full,12,unith,12,Nielsen,Oct_22_g0,0.999896608767576,,,,9,9,20,4,8,0,1,1,2,0,2,0,2H,2H,0.7999176197459844,44,44,True,True,True,True,0
top_four,dendro,occupancy_bin,full,12,unith,12,Nielsen,Oct_22_g0,0.999896608767576,,,,9,9,20,4,8,0,1,2,2,0,3,0,2H,3H,0.775932430127307,44,57,True,True,True,True,0
top_four,dendro,occupancy_bin,full,12,unith,12,Nielsen,Oct_22_g0,0.999896608767576,,,,9,9,20,4,8,0,1,3,2,0,4,0,2H,4H,0.761612365322679,44,21,True,True,True,True,0
top_four,dendro,occupancy_bin,full,12,unith,12,Nielsen,Oct_22_g0,0.999896608767576,,,,9,,20,4,8,0,1,4,2,0,5,0,2H,5H,,44,0,True,False,True,False,0
top_four,dendro,occupancy_bin,full,12,unith,12,Nielsen,Oct_22_g0,0.999896608767576,,,,9,,20,4,8,0,1,5,2,0,6,0,2H,6H,,44,0,True,False,True,False,0
top_four,dendro,occupancy_bin,full,12,unith,12,Nielsen,Oct_22_g0,0.999896608767576,,,,9,9,20,4,8,0,1,6,2,0,1,1,2H,1S,0.8096057647863901,44,18,True,True,True,True,0
top_four,dendro,occupancy_bin,full,12,unith,12,Nielsen,Oct_22_g0,0.999896608767576,,,,9,9,20,4,8,0,1,7,2,0,2,1,2H,2S,0.8065220026940427,44,25,True,True,True,True,0
top_four,dendro,occupancy_bin,full,12,unith,12,Nielsen,Oct_22_g0,0.999896608767576,,,,9,9,20,4,8,0,1,8,2,0,3,1,2H,3S,0.7850741863430816,44,20,True,True,True,True,0
top_four,dendro,occupancy_bin,full,12,unith,12,Nielsen,Oct_22_g0,0.999896608767576,,,,9,9,20,4,8,0,1,9,2,0,4,1,2H,4S,0.8189130792729049,44,61,True,True,True,True,0
top_four,dendro,occupancy_bin,full,12,unith,12,Nielsen,Oct_22_g0,0.999896608767576,,,,9,9,20,4,8,0,1,10,2,0,5,1,2H,5S,0.7909551611009036,44,88,True,True,True,True,0
top_four,dendro,occupancy_bin,full,12,unith,12,Nielsen,Oct_22_g0,0.999896608767576,,,,9,9,20,4,8,0,1,11,2,0,6,1,2H,6S,0.7891590097991756,44,77,True,True,True,True,0
top_four,dendro,occupancy_bin,full,12,unith,12,Nielsen,Oct_22_g0,0.999896608767576,,,,9,9,20,4,8,0,2,0,3,0,1,0,3H,1H,0.8150211451134048,57,44,True,True,True,True,0
top_four,dendro,occupancy_bin,full,12,unith,12,Nielsen,Oct_22_g0,0.999896608767576,,,,9,9,20,4,8,0,2,1,3,0,2,0,3H,2H,0.775932430127307,57,44,True,True,True,True,0
top_four,dendro,occupancy_bin,full,12,unith,12,Nielsen,Oct_22_g0,0.999896608767576,,,,9,9,20,4,8,0,2,2,3,0,3,0,3H,3H,0.778609958266634,57,57,True,True,True,True,0
top_four,dendro,occupancy_bin,full,12,unith,12,Nielsen,Oct_22_g0,0.999896608767576,,,,9,9,20,4,8,0,2,3,3,0,4,0,3H,4H,0.80786935658431,57,21,True,True,True,True,0
top_four,dendro,occupancy_bin,full,12,unith,12,Nielsen,Oct_22_g0,0.999896608767576,,,,9,,20,4,8,0,2,4,3,0,5,0,3H,5H,,57,0,True,False,True,False,0
top_four,dendro,occupancy_bin,full,12,unith,12,Nielsen,Oct_22_g0,0.999896608767576,,,,9,,20,4,8,0,2,5,3,0,6,0,3H,6H,,57,0,True,False,True,False,0
top_four,dendro,occupancy_bin,full,12,unith,12,Nielsen,Oct_22_g0,0.999896608767576,,,,9,9,20,4,8,0,2,6,3,0,1,1,3H,1S,0.7443570566375503,57,18,True,True,True,True,0
top_four,dendro,occupancy_bin,full,12,unith,12,Nielsen,Oct_22_g0,0.999896608767576,,,,9,9,20,4,8,0,2,7,3,0,2,1,3H,2S,0.7957531170832274,57,25,True,True,True,True,0
top_four,dendro,occupancy_bin,full,12,unith,12,Nielsen,Oct_22_g0,0.999896608767576,,,,9,9,20,4,8,0,2,8,3,0,3,1,3H,3S,0.8379927543786947,57,20,True,True,True,True,0
top_four,dendro,occupancy_bin,full,12,unith,12,Nielsen,Oct_22_g0,0.999896608767576,,,,9,9,20,4,8,0,2,9,3,0,4,1,3H,4S,0.8116914012050385,57,61,True,True,True,True,0
top_four,dendro,occupancy_bin,full,12,unith,12,Nielsen,Oct_22_g0,0.999896608767576,,,,9,9,20,4,8,0,2,10,3,0,5,1,3H,5S,0.8289108108540237,57,88,True,True,True,True,0
top_four,dendro,occupancy_bin,full,12,unith,12,Nielsen,Oct_22_g0,0.999896608767576,,,,9,9,20,4,8,0,2,11,3,0,6,1,3H,6S,0.7777859990458172,57,77,True,True,True,True,0
top_four,dendro,occupancy_bin,full,12,unith,12,Nielsen,Oct_22_g0,0.999896608767576,,,,9,9,20,4,8,0,3,0,4,0,1,0,4H,1H,0.7578935778214123,21,44,True,True,True,True,0
top_four,dendro,occupancy_bin,full,12,unith,12,Nielsen,Oct_22_g0,0.999896608767576,,,,9,9,20,4,8,0,3,1,4,0,2,0,4H,2H,0.761612365322679,21,44,True,True,True,True,0
top_four,dendro,occupancy_bin,full,12,unith,12,Nielsen,Oct_22_g0,0.999896608767576,,,,9,9,20,4,8,0,3,2,4,0,3,0,4H,3H,0.80786935658431,21,57,True,True,True,True,0
top_four,dendro,occupancy_bin,full,12,unith,12,Nielsen,Oct_22_g0,0.999896608767576,,,,9,9,20,4,8,0,3,3,4,0,4,0,4H,4H,0.8789754212030747,21,21,True,True,True,True,0
top_four,dendro,occupancy_bin,full,12,unith,12,Nielsen,Oct_22_g0,0.999896608767576,,,,9,,20,4,8,0,3,4,4,0,5,0,4H,5H,,21,0,True,False,True,False,0
top_four,dendro,occupancy_bin,full,12,unith,12,Nielsen,Oct_22_g0,0.999896608767576,,,,9,,20,4,8,0,3,5,4,0,6,0,4H,6H,,21,0,True,False,True,False,0
top_four,dendro,occupancy_bin,full,12,unith,12,Nielsen,Oct_22_g0,0.999896608767576,,,,9,9,20,4,8,0,3,6,4,0,1,1,4H,1S,0.7492959065980874,21,18,True,True,True,True,0
top_four,dendro,occupancy_bin,full,12,unith,12,Nielsen,Oct_22_g0,0.999896608767576,,,,9,9,20,4,8,0,3,7,4,0,2,1,4H,2S,0.7384539223766693,21,25,True,True,True,True,0
top_four,dendro,occupancy_bin,full,12,unith,12,Nielsen,Oct_22_g0,0.999896608767576,,,,9,9,20,4,8,0,3,8,4,0,3,1,4H,3S,0.82412931420263,21,20,True,True,True,True,0
top_four,dendro,occupancy_bin,full,12,unith,12,Nielsen,Oct_22_g0,0.999896608767576,,,,9,9,20,4,8,0,3,9,4,0,4,1,4H,4S,0.8513573458600788,21,61,True,True,True,True,0
top_four,dendro,occupancy_bin,full,12,unith,12,Nielsen,Oct_22_g0,0.999896608767576,,,,9,9,20,4,8,0,3,10,4,0,5,1,4H,5S,0.8222931216368231,21,88,True,True,True,True,0
top_four,dendro,occupancy_bin,full,12,unith,12,Nielsen,Oct_22_g0,0.999896608767576,,,,9,9,20,4,8,0,3,11,4,0,6,1,4H,6S,0.7837428545149743,21,77,True,True,True,True,0
top_four,dendro,occupancy_bin,full,12,unith,12,Nielsen,Oct_22_g0,0.999896608767576,,,,,9,20,4,8,0,4,0,5,0,1,0,5H,1H,,0,44,False,True,False,True,0
top_four,dendro,occupancy_bin,full,12,unith,12,Nielsen,Oct_22_g0,0.999896608767576,,,,,9,20,4,8,0,4,1,5,0,2,0,5H,2H,,0,44,False,True,False,True,0
top_four,dendro,occupancy_bin,full,12,unith,12,Nielsen,Oct_22_g0,0.999896608767576,,,,,9,20,4,8,0,4,2,5,0,3,0,5H,3H,,0,57,False,True,False,True,0
top_four,dendro,occupancy_bin,full,12,unith,12,Nielsen,Oct_22_g0,0.999896608767576,,,,,9,20,4,8,0,4,3,5,0,4,0,5H,4H,,0,21,False,True,False,True,0
top_four,dendro,occupancy_bin,full,12,unith,12,Nielsen,Oct_22_g0,0.999896608767576,,,,,,20,4,8,0,4,4,5,0,5,0,5H,5H,,0,0,False,False,False,False,0
top_four,dendro,occupancy_bin,full,12,unith,12,Nielsen,Oct_22_g0,0.999896608767576,,,,,,20,4,8,0,4,5,5,0,6,0,5H,6H,,0,0,False,False,False,False,0
top_four,dendro,occupancy_bin,full,12,unith,12,Nielsen,Oct_22_g0,0.999896608767576,,,,,9,20,4,8,0,4,6,5,0,1,1,5H,1S,,0,18,False,True,False,True,0
top_four,dendro,occupancy_bin,full,12,unith,12,Nielsen,Oct_22_g0,0.999896608767576,,,,,9,20,4,8,0,4,7,5,0,2,1,5H,2S,,0,25,False,True,False,True,0
top_four,dendro,occupancy_bin,full,12,unith,12,Nielsen,Oct_22_g0,0.999896608767576,,,,,9,20,4,8,0,4,8,5,0,3,1,5H,3S,,0,20,False,True,False,True,0
top_four,dendro,occupancy_bin,full,12,unith,12,Nielsen,Oct_22_g0,0.999896608767576,,,,,9,20,4,8,0,4,9,5,0,4,1,5H,4S,,0,61,False,True,False,True,0
top_four,dendro,occupancy_bin,full,12,unith,12,Nielsen,Oct_22_g0,0.999896608767576,,,,,9,20,4,8,0,4,10,5,0,5,1,5H,5S,,0,88,False,True,False,True,0
top_four,dendro,occupancy_bin,full,12,unith,12,Nielsen,Oct_22_g0,0.999896608767576,,,,,9,20,4,8,0,4,11,5,0,6,1,5H,6S,,0,77,False,True,False,True,0
top_four,dendro,occupancy_bin,full,12,unith,12,Nielsen,Oct_22_g0,0.999896608767576,,,,,9,20,4,8,0,5,0,6,0,1,0,6H,1H,,0,44,False,True,False,True,0
top_four,dendro,occupancy_bin,full,12,unith,12,Nielsen,Oct_22_g0,0.999896608767576,,,,,9,20,4,8,0,5,1,6,0,2,0,6H,2H,,0,44,False,True,False,True,0
top_four,dendro,occupancy_bin,full,12,unith,12,Nielsen,Oct_22_g0,0.999896608767576,,,,,9,20,4,8,0,5,2,6,0,3,0,6H,3H,,0,57,False,True,False,True,0
top_four,dendro,occupancy_bin,full,12,unith,12,Nielsen,Oct_22_g0,0.999896608767576,,,,,9,20,4,8,0,5,3,6,0,4,0,6H,4H,,0,21,False,True,False,True,0
top_four,dendro,occupancy_bin,full,12,unith,12,Nielsen,Oct_22_g0,0.999896608767576,,,,,,20,4,8,0,5,4,6,0,5,0,6H,5H,,0,0,False,False,False,False,0
top_four,dendro,occupancy_bin,full,12,unith,12,Nielsen,Oct_22_g0,0.999896608767576,,,,,,20,4,8,0,5,5,6,0,6,0,6H,6H,,0,0,False,False,False,False,0
top_four,dendro,occupancy_bin,full,12,unith,12,Nielsen,Oct_22_g0,0.999896608767576,,,,,9,20,4,8,0,5,6,6,0,1,1,6H,1S,,0,18,False,True,False,True,0
top_four,dendro,occupancy_bin,full,12,unith,12,Nielsen,Oct_22_g0,0.999896608767576,,,,,9,20,4,8,0,5,7,6,0,2,1,6H,2S,,0,25,False,True,False,True,0
top_four,dendro,occupancy_bin,full,12,unith,12,Nielsen,Oct_22_g0,0.999896608767576,,,,,9,20,4,8,0,5,8,6,0,3,1,6H,3S,,0,20,False,True,False,True,0
top_four,dendro,occupancy_bin,full,12,unith,12,Nielsen,Oct_22_g0,0.999896608767576,,,,,9,20,4,8,0,5,9,6,0,4,1,6H,4S,,0,61,False,True,False,True,0
top_four,dendro,occupancy_bin,full,12,unith,12,Nielsen,Oct_22_g0,0.999896608767576,,,,,9,20,4,8,0,5,10,6,0,5,1,6H,5S,,0,88,False,True,False,True,0
top_four,dendro,occupancy_bin,full,12,unith,12,Nielsen,Oct_22_g0,0.999896608767576,,,,,9,20,4,8,0,5,11,6,0,6,1,6H,6S,,0,77,False,True,False,True,0
top_four,dendro,occupancy_bin,full,12,unith,12,Nielsen,Oct_22_g0,0.999896608767576,,,,9,9,20,4,8,0,6,0,1,1,1,0,1S,1H,0.7786182380969628,18,44,True,True,True,True,0
top_four,dendro,occupancy_bin,full,12,unith,12,Nielsen,Oct_22_g0,0.999896608767576,,,,9,9,20,4,8,0,6,1,1,1,2,0,1S,2H,0.8096057647863901,18,44,True,True,True,True,0
top_four,dendro,occupancy_bin,full,12,unith,12,Nielsen,Oct_22_g0,0.999896608767576,,,,9,9,20,4,8,0,6,2,1,1,3,0,1S,3H,0.7443570566375503,18,57,True,True,True,True,0
top_four,dendro,occupancy_bin,full,12,unith,12,Nielsen,Oct_22_g0,0.999896608767576,,,,9,9,20,4,8,0,6,3,1,1,4,0,1S,4H,0.7492959065980874,18,21,True,True,True,True,0
top_four,dendro,occupancy_bin,full,12,unith,12,Nielsen,Oct_22_g0,0.999896608767576,,,,9,,20,4,8,0,6,4,1,1,5,0,1S,5H,,18,0,True,False,True,False,0
top_four,dendro,occupancy_bin,full,12,unith,12,Nielsen,Oct_22_g0,0.999896608767576,,,,9,,20,4,8,0,6,5,1,1,6,0,1S,6H,,18,0,True,False,True,False,0
top_four,dendro,occupancy_bin,full,12,unith,12,Nielsen,Oct_22_g0,0.999896608767576,,,,9,9,20,4,8,0,6,6,1,1,1,1,1S,1S,0.8205506171712669,18,18,True,True,True,True,0
top_four,dendro,occupancy_bin,full,12,unith,12,Nielsen,Oct_22_g0,0.999896608767576,,,,9,9,20,4,8,0,6,7,1,1,2,1,1S,2S,0.7765074007791133,18,25,True,True,True,True,0
top_four,dendro,occupancy_bin,full,12,unith,12,Nielsen,Oct_22_g0,0.999896608767576,,,,9,9,20,4,8,0,6,8,1,1,3,1,1S,3S,0.7344944571451114,18,20,True,True,True,True,0
top_four,dendro,occupancy_bin,full,12,unith,12,Nielsen,Oct_22_g0,0.999896608767576,,,,9,9,20,4,8,0,6,9,1,1,4,1,1S,4S,0.8003989661433671,18,61,True,True,True,True,0
top_four,dendro,occupancy_bin,full,12,unith,12,Nielsen,Oct_22_g0,0.999896608767576,,,,9,9,20,4,8,0,6,10,1,1,5,1,1S,5S,0.7331075459415323,18,88,True,True,True,True,0
top_four,dendro,occupancy_bin,full,12,unith,12,Nielsen,Oct_22_g0,0.999896608767576,,,,9,9,20,4,8,0,6,11,1,1,6,1,1S,6S,0.7097827860507573,18,77,True,True,True,True,0
top_four,dendro,occupancy_bin,full,12,unith,12,Nielsen,Oct_22_g0,0.999896608767576,,,,9,9,20,4,8,0,7,0,2,1,1,0,2S,1H,0.7626434438624321,25,44,True,True,True,True,0
top_four,dendro,occupancy_bin,full,12,unith,12,Nielsen,Oct_22_g0,0.999896608767576,,,,9,9,20,4,8,0,7,1,2,1,2,0,2S,2H,0.8065220026940427,25,44,True,True,True,True,0
top_four,dendro,occupancy_bin,full,12,unith,12,Nielsen,Oct_22_g0,0.999896608767576,,,,9,9,20,4,8,0,7,2,2,1,3,0,2S,3H,0.7957531170832274,25,57,True,True,True,True,0
top_four,dendro,occupancy_bin,full,12,unith,12,Nielsen,Oct_22_g0,0.999896608767576,,,,9,9,20,4,8,0,7,3,2,1,4,0,2S,4H,0.7384539223766693,25,21,True,True,True,True,0
top_four,dendro,occupancy_bin,full,12,unith,12,Nielsen,Oct_22_g0,0.999896608767576,,,,9,,20,4,8,0,7,4,2,1,5,0,2S,5H,,25,0,True,False,True,False,0
top_four,dendro,occupancy_bin,full,12,unith,12,Nielsen,Oct_22_g0,0.999896608767576,,,,9,,20,4,8,0,7,5,2,1,6,0,2S,6H,,25,0,True,False,True,False,0
top_four,dendro,occupancy_bin,full,12,unith,12,Nielsen,Oct_22_g0,0.999896608767576,,,,9,9,20,4,8,0,7,6,2,1,1,1,2S,1S,0.7765074007791133,25,18,True,True,True,True,0
top_four,dendro,occupancy_bin,full,12,unith,12,Nielsen,Oct_22_g0,0.999896608767576,,,,9,9,20,4,8,0,7,7,2,1,2,1,2S,2S,0.7761823872443899,25,25,True,True,True,True,0
top_four,dendro,occupancy_bin,full,12,unith,12,Nielsen,Oct_22_g0,0.999896608767576,,,,9,9,20,4,8,0,7,8,2,1,3,1,2S,3S,0.7978380244988381,25,20,True,True,True,True,0
top_four,dendro,occupancy_bin,full,12,unith,12,Nielsen,Oct_22_g0,0.999896608767576,,,,9,9,20,4,8,0,7,9,2,1,4,1,2S,4S,0.8142555180794361,25,61,True,True,True,True,0
top_four,dendro,occupancy_bin,full,12,unith,12,Nielsen,Oct_22_g0,0.999896608767576,,,,9,9,20,4,8,0,7,10,2,1,5,1,2S,5S,0.7998214136759569,25,88,True,True,True,True,0
top_four,dendro,occupancy_bin,full,12,unith,12,Nielsen,Oct_22_g0,0.999896608767576,,,,9,9,20,4,8,0,7,11,2,1,6,1,2S,6S,0.8216361497613821,25,77,True,True,True,True,0
top_four,dendro,occupancy_bin,full,12,unith,12,Nielsen,Oct_22_g0,0.999896608767576,,,,9,9,20,4,8,0,8,0,3,1,1,0,3S,1H,0.862323126895126,20,44,True,True,True,True,0
top_four,dendro,occupancy_bin,full,12,unith,12,Nielsen,Oct_22_g0,0.999896608767576,,,,9,9,20,4,8,0,8,1,3,1,2,0,3S,2H,0.7850741863430816,20,44,True,True,True,True,0
top_four,dendro,occupancy_bin,full,12,unith,12,Nielsen,Oct_22_g0,0.999896608767576,,,,9,9,20,4,8,0,8,2,3,1,3,0,3S,3H,0.8379927543786947,20,57,True,True,True,True,0
top_four,dendro,occupancy_bin,full,12,unith,12,Nielsen,Oct_22_g0,0.999896608767576,,,,9,9,20,4,8,0,8,3,3,1,4,0,3S,4H,0.82412931420263,20,21,True,True,True,True,0
top_four,dendro,occupancy_bin,full,12,unith,12,Nielsen,Oct_22_g0,0.999896608767576,,,,9,,20,4,8,0,8,4,3,1,5,0,3S,5H,,20,0,True,False,True,False,0
top_four,dendro,occupancy_bin,full,12,unith,12,Nielsen,Oct_22_g0,0.999896608767576,,,,9,,20,4,8,0,8,5,3,1,6,0,3S,6H,,20,0,True,False,True,False,0
top_four,dendro,occupancy_bin,full,12,unith,12,Nielsen,Oct_22_g0,0.999896608767576,,,,9,9,20,4,8,0,8,6,3,1,1,1,3S,1S,0.7344944571451114,20,18,True,True,True,True,0
top_four,dendro,occupancy_bin,full,12,unith,12,Nielsen,Oct_22_g0,0.999896608767576,,,,9,9,20,4,8,0,8,7,3,1,2,1,3S,2S,0.7978380244988381,20,25,True,True,True,True,0
top_four,dendro,occupancy_bin,full,12,unith,12,Nielsen,Oct_22_g0,0.999896608767576,,,,9,9,20,4,8,0,8,8,3,1,3,1,3S,3S,0.857452529124525,20,20,True,True,True,True,0
top_four,dendro,occupancy_bin,full,12,unith,12,Nielsen,Oct_22_g0,0.999896608767576,,,,9,9,20,4,8,0,8,9,3,1,4,1,3S,4S,0.7783197433344516,20,61,True,True,True,True,0
top_four,dendro,occupancy_bin,full,12,unith,12,Nielsen,Oct_22_g0,0.999896608767576,,,,9,9,20,4,8,0,8,10,3,1,5,1,3S,5S,0.8158615587534298,20,88,True,True,True,True,0
top_four,dendro,occupancy_bin,full,12,unith,12,Nielsen,Oct_22_g0,0.999896608767576,,,,9,9,20,4,8,0,8,11,3,1,6,1,3S,6S,0.7340815042813519,20,77,True,True,True,True,0
top_four,dendro,occupancy_bin,full,12,unith,12,Nielsen,Oct_22_g0,0.999896608767576,,,,9,9,20,4,8,0,9,0,4,1,1,0,4S,1H,0.7675647665912279,61,44,True,True,True,True,0
top_four,dendro,occupancy_bin,full,12,unith,12,Nielsen,Oct_22_g0,0.999896608767576,,,,9,9,20,4,8,0,9,1,4,1,2,0,4S,2H,0.8189130792729049,61,44,True,True,True,True,0
top_four,dendro,occupancy_bin,full,12,unith,12,Nielsen,Oct_22_g0,0.999896608767576,,,,9,9,20,4,8,0,9,2,4,1,3,0,4S,3H,0.8116914012050385,61,57,True,True,True,True,0
top_four,dendro,occupancy_bin,full,12,unith,12,Nielsen,Oct_22_g0,0.999896608767576,,,,9,9,20,4,8,0,9,3,4,1,4,0,4S,4H,0.8513573458600788,61,21,True,True,True,True,0
top_four,dendro,occupancy_bin,full,12,unith,12,Nielsen,Oct_22_g0,0.999896608767576,,,,9,,20,4,8,0,9,4,4,1,5,0,4S,5H,,61,0,True,False,True,False,0
top_four,dendro,occupancy_bin,full,12,unith,12,Nielsen,Oct_22_g0,0.999896608767576,,,,9,,20,4,8,0,9,5,4,1,6,0,4S,6H,,61,0,True,False,True,False,0
top_four,dendro,occupancy_bin,full,12,unith,12,Nielsen,Oct_22_g0,0.999896608767576,,,,9,9,20,4,8,0,9,6,4,1,1,1,4S,1S,0.8003989661433671,61,18,True,True,True,True,0
top_four,dendro,occupancy_bin,full,12,unith,12,Nielsen,Oct_22_g0,0.999896608767576,,,,9,9,20,4,8,0,9,7,4,1,2,1,4S,2S,0.8142555180794361,61,25,True,True,True,True,0
top_four,dendro,occupancy_bin,full,12,unith,12,Nielsen,Oct_22_g0,0.999896608767576,,,,9,9,20,4,8,0,9,8,4,1,3,1,4S,3S,0.7783197433344516,61,20,True,True,True,True,0
top_four,dendro,occupancy_bin,full,12,unith,12,Nielsen,Oct_22_g0,0.999896608767576,,,,9,9,20,4,8,0,9,9,4,1,4,1,4S,4S,0.8334197196539284,61,61,True,True,True,True,0
top_four,dendro,occupancy_bin,full,12,unith,12,Nielsen,Oct_22_g0,0.999896608767576,,,,9,9,20,4,8,0,9,10,4,1,5,1,4S,5S,0.8248391522033565,61,88,True,True,True,True,0
top_four,dendro,occupancy_bin,full,12,unith,12,Nielsen,Oct_22_g0,0.999896608767576,,,,9,9,20,4,8,0,9,11,4,1,6,1,4S,6S,0.8264060485188089,61,77,True,True,True,True,0
top_four,dendro,occupancy_bin,full,12,unith,12,Nielsen,Oct_22_g0,0.999896608767576,,,,9,9,20,4,8,0,10,0,5,1,1,0,5S,1H,0.7867036863740139,88,44,True,True,True,True,0
top_four,dendro,occupancy_bin,full,12,unith,12,Nielsen,Oct_22_g0,0.999896608767576,,,,9,9,20,4,8,0,10,1,5,1,2,0,5S,2H,0.7909551611009036,88,44,True,True,True,True,0
top_four,dendro,occupancy_bin,full,12,unith,12,Nielsen,Oct_22_g0,0.999896608767576,,,,9,9,20,4,8,0,10,2,5,1,3,0,5S,3H,0.8289108108540237,88,57,True,True,True,True,0
top_four,dendro,occupancy_bin,full,12,unith,12,Nielsen,Oct_22_g0,0.999896608767576,,,,9,9,20,4,8,0,10,3,5,1,4,0,5S,4H,0.8222931216368231,88,21,True,True,True,True,0
top_four,dendro,occupancy_bin,full,12,unith,12,Nielsen,Oct_22_g0,0.999896608767576,,,,9,,20,4,8,0,10,4,5,1,5,0,5S,5H,,88,0,True,False,True,False,0
top_four,dendro,occupancy_bin,full,12,unith,12,Nielsen,Oct_22_g0,0.999896608767576,,,,9,,20,4,8,0,10,5,5,1,6,0,5S,6H,,88,0,True,False,True,False,0
top_four,dendro,occupancy_bin,full,12,unith,12,Nielsen,Oct_22_g0,0.999896608767576,,,,9,9,20,4,8,0,10,6,5,1,1,1,5S,1S,0.7331075459415323,88,18,True,True,True,True,0
top_four,dendro,occupancy_bin,full,12,unith,12,Nielsen,Oct_22_g0,0.999896608767576,,,,9,9,20,4,8,0,10,7,5,1,2,1,5S,2S,0.7998214136759569,88,25,True,True,True,True,0
top_four,dendro,occupancy_bin,full,12,unith,12,Nielsen,Oct_22_g0,0.999896608767576,,,,9,9,20,4,8,0,10,8,5,1,3,1,5S,3S,0.8158615587534298,88,20,True,True,True,True,0
top_four,dendro,occupancy_bin,full,12,unith,12,Nielsen,Oct_22_g0,0.999896608767576,,,,9,9,20,4,8,0,10,9,5,1,4,1,5S,4S,0.8248391522033565,88,61,True,True,True,True,0
top_four,dendro,occupancy_bin,full,12,unith,12,Nielsen,Oct_22_g0,0.999896608767576,,,,9,9,20,4,8,0,10,10,5,1,5,1,5S,5S,0.8757163783482517,88,88,True,True,True,True,0
top_four,dendro,occupancy_bin,full,12,unith,12,Nielsen,Oct_22_g0,0.999896608767576,,,,9,9,20,4,8,0,10,11,5,1,6,1,5S,6S,0.8715618801677898,88,77,True,True,True,True,0
top_four,dendro,occupancy_bin,full,12,unith,12,Nielsen,Oct_22_g0,0.999896608767576,,,,9,9,20,4,8,0,11,0,6,1,1,0,6S,1H,0.7072052439988867,77,44,True,True,True,True,0
top_four,dendro,occupancy_bin,full,12,unith,12,Nielsen,Oct_22_g0,0.999896608767576,,,,9,9,20,4,8,0,11,1,6,1,2,0,6S,2H,0.7891590097991756,77,44,True,True,True,True,0
top_four,dendro,occupancy_bin,full,12,unith,12,Nielsen,Oct_22_g0,0.999896608767576,,,,9,9,20,4,8,0,11,2,6,1,3,0,6S,3H,0.7777859990458172,77,57,True,True,True,True,0
top_four,dendro,occupancy_bin,full,12,unith,12,Nielsen,Oct_22_g0,0.999896608767576,,,,9,9,20,4,8,0,11,3,6,1,4,0,6S,4H,0.7837428545149743,77,21,True,True,True,True,0
top_four,dendro,occupancy_bin,full,12,unith,12,Nielsen,Oct_22_g0,0.999896608767576,,,,9,,20,4,8,0,11,4,6,1,5,0,6S,5H,,77,0,True,False,True,False,0
top_four,dendro,occupancy_bin,full,12,unith,12,Nielsen,Oct_22_g0,0.999896608767576,,,,9,,20,4,8,0,11,5,6,1,6,0,6S,6H,,77,0,True,False,True,False,0
top_four,dendro,occupancy_bin,full,12,unith,12,Nielsen,Oct_22_g0,0.999896608767576,,,,9,9,20,4,8,0,11,6,6,1,1,1,6S,1S,0.7097827860507573,77,18,True,True,True,True,0
top_four,dendro,occupancy_bin,full,12,unith,12,Nielsen,Oct_22_g0,0.999896608767576,,,,9,9,20,4,8,0,11,7,6,1,2,1,6S,2S,0.8216361497613821,77,25,True,True,True,True,0
top_four,dendro,occupancy_bin,full,12,unith,12,Nielsen,Oct_22_g0,0.999896608767576,,,,9,9,20,4,8,0,11,8,6,1,3,1,6S,3S,0.7340815042813519,77,20,True,True,True,True,0
top_four,dendro,occupancy_bin,full,12,unith,12,Nielsen,Oct_22_g0,0.999896608767576,,,,9,9,20,4,8,0,11,9,6,1,4,1,6S,4S,0.8264060485188089,77,61,True,True,True,True,0
top_four,dendro,occupancy_bin,full,12,unith,12,Nielsen,Oct_22_g0,0.999896608767576,,,,9,9,20,4,8,0,11,10,6,1,5,1,6S,5S,0.8715618801677898,77,88,True,True,True,True,0
top_four,dendro,occupancy_bin,full,12,unith,12,Nielsen,Oct_22_g0,0.999896608767576,,,,9,9,20,4,8,0,11,11,6,1,6,1,6S,6S,0.9011560102911554,77,77,True,True,True,True,0
