scope,label_source,feature,variant,k,space,dim,monkey,session,snr_auc,svm_auc,oof_balanced_acc,dendro_agreement_2345,half_i,half_j,n_splits,min_trials,min_stable,seed,cell_i,cell_j,maze_i,strategy_i,maze_j,strategy_j,name_i,name_j,r,n_trials_i,n_trials_j,present_i,present_j,stable_i,stable_j,n_degenerate
top_four,dendro,occupancy,no_origin,6,unith,5,Faure,june_16_g0,0.977857142857143,,,,4,4,20,4,8,0,0,0,1,0,1,0,1H,1H,0.7665953523994444,51,51,True,True,True,True,0
top_four,dendro,occupancy,no_origin,6,unith,5,Faure,june_16_g0,0.977857142857143,,,,4,,20,4,8,0,0,1,1,0,2,0,1H,2H,,51,0,True,False,True,False,0
top_four,dendro,occupancy,no_origin,6,unith,5,Faure,june_16_g0,0.977857142857143,,,,4,4,20,4,8,0,0,2,1,0,3,0,1H,3H,0.82885085905822,51,34,True,True,True,True,0
top_four,dendro,occupancy,no_origin,6,unith,5,Faure,june_16_g0,0.977857142857143,,,,4,,20,4,8,0,0,3,1,0,4,0,1H,4H,,51,0,True,False,True,False,0
top_four,dendro,occupancy,no_origin,6,unith,5,Faure,june_16_g0,0.977857142857143,,,,4,2,20,4,8,0,0,4,1,0,5,0,1H,5H,0.5860483731386343,51,5,True,True,True,False,0
top_four,dendro,occupancy,no_origin,6,unith,5,Faure,june_16_g0,0.977857142857143,,,,4,,20,4,8,0,0,5,1,0,6,0,1H,6H,,51,0,True,False,True,False,0
top_four,dendro,occupancy,no_origin,6,unith,5,Faure,june_16_g0,0.977857142857143,,,,4,4,20,4,8,0,0,6,1,0,1,1,1H,1S,0.4544370869576113,51,9,True,True,True,True,0
top_four,dendro,occupancy,no_origin,6,unith,5,Faure,june_16_g0,0.977857142857143,,,,4,4,20,4,8,0,0,7,1,0,2,1,1H,2S,0.6230078963708077,51,35,True,True,True,True,0
top_four,dendro,occupancy,no_origin,6,unith,5,Faure,june_16_g0,0.977857142857143,,,,4,4,20,4,8,0,0,8,1,0,3,1,1H,3S,0.4194833164988948,51,12,True,True,True,True,0
top_four,dendro,occupancy,no_origin,6,unith,5,Faure,june_16_g0,0.977857142857143,,,,4,4,20,4,8,0,0,9,1,0,4,1,1H,4S,0.7620177644730598,51,56,True,True,True,True,0
top_four,dendro,occupancy,no_origin,6,unith,5,Faure,june_16_g0,0.977857142857143,,,,4,4,20,4,8,0,0,10,1,0,5,1,1H,5S,0.653228166890339,51,50,True,True,True,True,0
top_four,dendro,occupancy,no_origin,6,unith,5,Faure,june_16_g0,0.977857142857143,,,,4,4,20,4,8,0,0,11,1,0,6,1,1H,6S,0.6134488832914278,51,67,True,True,True,True,0
top_four,dendro,occupancy,no_origin,6,unith,5,Faure,june_16_g0,0.977857142857143,,,,,4,20,4,8,0,1,0,2,0,1,0,2H,1H,,0,51,False,True,False,True,0
top_four,dendro,occupancy,no_origin,6,unith,5,Faure,june_16_g0,0.977857142857143,,,,,,20,4,8,0,1,1,2,0,2,0,2H,2H,,0,0,False,False,False,False,0
top_four,dendro,occupancy,no_origin,6,unith,5,Faure,june_16_g0,0.977857142857143,,,,,4,20,4,8,0,1,2,2,0,3,0,2H,3H,,0,34,False,True,False,True,0
top_four,dendro,occupancy,no_origin,6,unith,5,Faure,june_16_g0,0.977857142857143,,,,,,20,4,8,0,1,3,2,0,4,0,2H,4H,,0,0,False,False,False,False,0
top_four,dendro,occupancy,no_origin,6,unith,5,Faure,june_16_g0,0.977857142857143,,,,,2,20,4,8,0,1,4,2,0,5,0,2H,5H,,0,5,False,True,False,False,0
top_four,dendro,occupancy,no_origin,6,unith,5,Faure,june_16_g0,0.977857142857143,,,,,,20,4,8,0,1,5,2,0,6,0,2H,6H,,0,0,False,False,False,False,0
top_four,dendro,occupancy,no_origin,6,unith,5,Faure,june_16_g0,0.977857142857143,,,,,4,20,4,8,0,1,6,2,0,1,1,2H,1S,,0,9,False,True,False,True,0
top_four,dendro,occupancy,no_origin,6,unith,5,Faure,june_16_g0,0.977857142857143,,,,,4,20,4,8,0,1,7,2,0,2,1,2H,2S,,0,35,False,True,False,True,0
top_four,dendro,occupancy,no_origin,6,unith,5,Faure,june_16_g0,0.977857142857143,,,,,4,20,4,8,0,1,8,2,0,3,1,2H,3S,,0,12,False,True,False,True,0
top_four,dendro,occupancy,no_origin,6,unith,5,Faure,june_16_g0,0.977857142857143,,,,,4,20,4,8,0,1,9,2,0,4,1,2H,4S,,0,56,False,True,False,True,0
top_four,dendro,occupancy,no_origin,6,unith,5,Faure,june_16_g0,0.977857142857143,,,,,4,20,4,8,0,1,10,2,0,5,1,2H,5S,,0,50,False,True,False,True,0
top_four,dendro,occupancy,no_origin,6,unith,5,Faure,june_16_g0,0.977857142857143,,,,,4,20,4,8,0,1,11,2,0,6,1,2H,6S,,0,67,False,True,False,True,0
top_four,dendro,occupancy,no_origin,6,unith,5,Faure,june_16_g0,0.977857142857143,,,,4,4,20,4,8,0,2,0,3,0,1,0,3H,1H,0.82885085905822,34,51,True,True,True,True,0
top_four,dendro,occupancy,no_origin,6,unith,5,Faure,june_16_g0,0.977857142857143,,,,4,,20,4,8,0,2,1,3,0,2,0,3H,2H,,34,0,True,False,True,False,0
top_four,dendro,occupancy,no_origin,6,unith,5,Faure,june_16_g0,0.977857142857143,,,,4,4,20,4,8,0,2,2,3,0,3,0,3H,3H,0.7866375959239733,34,34,True,True,True,True,0
top_four,dendro,occupancy,no_origin,6,unith,5,Faure,june_16_g0,0.977857142857143,,,,4,,20,4,8,0,2,3,3,0,4,0,3H,4H,,34,0,True,False,True,False,0
top_four,dendro,occupancy,no_origin,6,unith,5,Faure,june_16_g0,0.977857142857143,,,,4,2,20,4,8,0,2,4,3,0,5,0,3H,5H,0.620782568419295,34,5,True,True,True,False,0
top_four,dendro,occupancy,no_origin,6,unith,5,Faure,june_16_g0,0.977857142857143,,,,4,,20,4,8,0,2,5,3,0,6,0,3H,6H,,34,0,True,False,True,False,0
top_four,dendro,occupancy,no_origin,6,unith,5,Faure,june_16_g0,0.977857142857143,,,,4,4,20,4,8,0,2,6,3,0,1,1,3H,1S,0.49450219731492523,34,9,True,True,True,True,0
top_four,dendro,occupancy,no_origin,6,unith,5,Faure,june_16_g0,0.977857142857143,,,,4,4,20,4,8,0,2,7,3,0,2,1,3H,2S,0.6936598047672184,34,35,True,True,True,True,0
top_four,dendro,occupancy,no_origin,6,unith,5,Faure,june_16_g0,0.977857142857143,,,,4,4,20,4,8,0,2,8,3,0,3,1,3H,3S,0.4090197381270416,34,12,True,True,True,True,0
top_four,dendro,occupancy,no_origin,6,unith,5,Faure,june_16_g0,0.977857142857143,,,,4,4,20,4,8,0,2,9,3,0,4,1,3H,4S,0.7746307993968334,34,56,True,True,True,True,0
top_four,dendro,occupancy,no_origin,6,unith,5,Faure,june_16_g0,0.977857142857143,,,,4,4,20,4,8,0,2,10,3,0,5,1,3H,5S,0.6927513304774273,34,50,True,True,True,True,0
top_four,dendro,occupancy,no_origin,6,unith,5,Faure,june_16_g0,0.977857142857143,,,,4,4,20,4,8,0,2,11,3,0,6,1,3H,6S,0.7093486298232718,34,67,True,True,True,True,0
top_four,dendro,occupancy,no_origin,6,unith,5,Faure,june_16_g0,0.977857142857143,,,,,4,20,4,8,0,3,0,4,0,1,0,4H,1H,,0,51,False,True,False,True,0
top_four,dendro,occupancy,no_origin,6,unith,5,Faure,june_16_g0,0.977857142857143,,,,,,20,4,8,0,3,1,4,0,2,0,4H,2H,,0,0,False,False,False,False,0
top_four,dendro,occupancy,no_origin,6,unith,5,Faure,june_16_g0,0.977857142857143,,,,,4,20,4,8,0,3,2,4,0,3,0,4H,3H,,0,34,False,True,False,True,0
top_four,dendro,occupancy,no_origin,6,unith,5,Faure,june_16_g0,0.977857142857143,,,,,,20,4,8,0,3,3,4,0,4,0,4H,4H,,0,0,False,False,False,False,0
top_four,dendro,occupancy,no_origin,6,unith,5,Faure,june_16_g0,0.977857142857143,,,,,2,20,4,8,0,3,4,4,0,5,0,4H,5H,,0,5,False,True,False,False,0
top_four,dendro,occupancy,no_origin,6,unith,5,Faure,june_16_g0,0.977857142857143,,,,,,20,4,8,0,3,5,4,0,6,0,4H,6H,,0,0,False,False,False,False,0
top_four,dendro,occupancy,no_origin,6,unith,5,Faure,june_16_g0,0.977857142857143,,,,,4,20,4,8,0,3,6,4,0,1,1,4H,1S,,0,9,False,True,False,True,0
top_four,dendro,occupancy,no_origin,6,unith,5,Faure,june_16_g0,0.977857142857143,,,,,4,20,4,8,0,3,7,4,0,2,1,4H,2S,,0,35,False,True,False,True,0
top_four,dendro,occupancy,no_origin,6,unith,5,Faure,june_16_g0,0.977857142857143,,,,,4,20,4,8,0,3,8,4,0,3,1,4H,3S,,0,12,False,True,False,True,0
top_four,dendro,occupancy,no_origin,6,unith,5,Faure,june_16_g0,0.977857142857143,,,,,4,20,4,8,0,3,9,4,0,4,1,4H,4S,,0,56,False,True,False,True,0
top_four,dendro,occupancy,no_origin,6,unith,5,Faure,june_16_g0,0.977857142857143,,,,,4,20,4,8,0,3,10,4,0,5,1,4H,5S,,0,50,False,True,False,True,0
top_four,dendro,occupancy,no_origin,6,unith,5,Faure,june_16_g0,0.977857142857143,,,,,4,20,4,8,0,3,11,4,0,6,1,4H,6S,,0,67,False,True,False,True,0
top_four,dendro,occupancy,no_origin,6,unith,5,Faure,june_16_g0,0.977857142857143,,,,2,4,20,4,8,0,4,0,5,0,1,0,5H,1H,0.5860483731386343,5,51,True,True,False,True,0
top_four,dendro,occupancy,no_origin,6,unith,5,Faure,june_16_g0,0.977857142857143,,,,2,,20,4,8,0,4,1,5,0,2,0,5H,2H,,5,0,True,False,False,False,0
top_four,dendro,occupancy,no_origin,6,unith,5,Faure,june_16_g0,0.977857142857143,,,,2,4,20,4,8,0,4,2,5,0,3,0,5H,3H,0.620782568419295,5,34,True,True,False,True,0
top_four,dendro,occupancy,no_origin,6,unith,5,Faure,june_16_g0,0.977857142857143,,,,2,,20,4,8,0,4,3,5,0,4,0,5H,4H,,5,0,True,False,False,False,0
top_four,dendro,occupancy,no_origin,6,unith,5,Faure,june_16_g0,0.977857142857143,,,,2,2,20,4,8,0,4,4,5,0,5,0,5H,5H,0.4569080339420263,5,5,True,True,False,False,0
top_four,dendro,occupancy,no_origin,6,unith,5,Faure,june_16_g0,0.977857142857143,,,,2,,20,4,8,0,4,5,5,0,6,0,5H,6H,,5,0,True,False,False,False,0
top_four,dendro,occupancy,no_origin,6,unith,5,Faure,june_16_g0,0.977857142857143,,,,2,4,20,4,8,0,4,6,5,0,1,1,5H,1S,0.16171072327410002,5,9,True,True,False,True,0
top_four,dendro,occupancy,no_origin,6,unith,5,Faure,june_16_g0,0.977857142857143,,,,2,4,20,4,8,0,4,7,5,0,2,1,5H,2S,0.5612724963691481,5,35,True,True,False,True,0
top_four,dendro,occupancy,no_origin,6,unith,5,Faure,june_16_g0,0.977857142857143,,,,2,4,20,4,8,0,4,8,5,0,3,1,5H,3S,0.13132174090376497,5,12,True,True,False,True,0
top_four,dendro,occupancy,no_origin,6,unith,5,Faure,june_16_g0,0.977857142857143,,,,2,4,20,4,8,0,4,9,5,0,4,1,5H,4S,0.5924458721438348,5,56,True,True,False,True,0
top_four,dendro,occupancy,no_origin,6,unith,5,Faure,june_16_g0,0.977857142857143,,,,2,4,20,4,8,0,4,10,5,0,5,1,5H,5S,0.5525685288831703,5,50,True,True,False,True,0
top_four,dendro,occupancy,no_origin,6,unith,5,Faure,june_16_g0,0.977857142857143,,,,2,4,20,4,8,0,4,11,5,0,6,1,5H,6S,0.4207260503528044,5,67,True,True,False,True,0
top_four,dendro,occupancy,no_origin,6,unith,5,Faure,june_16_g0,0.977857142857143,,,,,4,20,4,8,0,5,0,6,0,1,0,6H,1H,,0,51,False,True,False,True,0
top_four,dendro,occupancy,no_origin,6,unith,5,Faure,june_16_g0,0.977857142857143,,,,,,20,4,8,0,5,1,6,0,2,0,6H,2H,,0,0,False,False,False,False,0
top_four,dendro,occupancy,no_origin,6,unith,5,Faure,june_16_g0,0.977857142857143,,,,,4,20,4,8,0,5,2,6,0,3,0,6H,3H,,0,34,False,True,False,True,0
top_four,dendro,occupancy,no_origin,6,unith,5,Faure,june_16_g0,0.977857142857143,,,,,,20,4,8,0,5,3,6,0,4,0,6H,4H,,0,0,False,False,False,False,0
top_four,dendro,occupancy,no_origin,6,unith,5,Faure,june_16_g0,0.977857142857143,,,,,2,20,4,8,0,5,4,6,0,5,0,6H,5H,,0,5,False,True,False,False,0
top_four,dendro,occupancy,no_origin,6,unith,5,Faure,june_16_g0,0.977857142857143,,,,,,20,4,8,0,5,5,6,0,6,0,6H,6H,,0,0,False,False,False,False,0
top_four,dendro,occupancy,no_origin,6,unith,5,Faure,june_16_g0,0.977857142857143,,,,,4,20,4,8,0,5,6,6,0,1,1,6H,1S,,0,9,False,True,False,True,0
top_four,dendro,occupancy,no_origin,6,unith,5,Faure,june_16_g0,0.977857142857143,,,,,4,20,4,8,0,5,7,6,0,2,1,6H,2S,,0,35,False,True,False,True,0
top_four,dendro,occupancy,no_origin,6,unith,5,Faure,june_16_g0,0.977857142857143,,,,,4,20,4,8,0,5,8,6,0,3,1,6H,3S,,0,12,False,True,False,True,0
top_four,dendro,occupancy,no_origin,6,unith,5,Faure,june_16_g0,0.977857142857143,,,,,4,20,4,8,0,5,9,6,0,4,1,6H,4S,,0,56,False,True,False,True,0
top_four,dendro,occupancy,no_origin,6,unith,5,Faure,june_16_g0,0.977857142857143,,,,,4,20,4,8,0,5,10,6,0,5,1,6H,5S,,0,50,False,True,False,True,0
top_four,dendro,occupancy,no_origin,6,unith,5,Faure,june_16_g0,0.977857142857143,,,,,4,20,4,8,0,5,11,6,0,6,1,6H,6S,,0,67,False,True,False,True,0
top_four,dendro,occupancy,no_origin,6,unith,5,Faure,june_16_g0,0.977857142857143,,,,4,4,20,4,8,0,6,0,1,1,1,0,1S,1H,0.4544370869576113,9,51,True,True,True,True,0
top_four,dendro,occupancy,no_origin,6,unith,5,Faure,june_16_g0,0.977857142857143,,,,4,,20,4,8,0,6,1,1,1,2,0,1S,2H,,9,0,True,False,True,False,0
top_four,dendro,occupancy,no_origin,6,unith,5,Faure,june_16_g0,0.977857142857143,,,,4,4,20,4,8,0,6,2,1,1,3,0,1S,3H,0.49450219731492523,9,34,True,True,True,True,0
top_four,dendro,occupancy,no_origin,6,unith,5,Faure,june_16_g0,0.977857142857143,,,,4,,20,4,8,0,6,3,1,1,4,0,1S,4H,,9,0,True,False,True,False,0
top_four,dendro,occupancy,no_origin,6,unith,5,Faure,june_16_g0,0.977857142857143,,,,4,2,20,4,8,0,6,4,1,1,5,0,1S,5H,0.16171072327410002,9,5,True,True,True,False,0
top_four,dendro,occupancy,no_origin,6,unith,5,Faure,june_16_g0,0.977857142857143,,,,4,,20,4,8,0,6,5,1,1,6,0,1S,6H,,9,0,True,False,True,False,0
top_four,dendro,occupancy,no_origin,6,unith,5,Faure,june_16_g0,0.977857142857143,,,,4,4,20,4,8,0,6,6,1,1,1,1,1S,1S,0.6024261045271321,9,9,True,True,True,True,0
top_four,dendro,occupancy,no_origin,6,unith,5,Faure,june_16_g0,0.977857142857143,,,,4,4,20,4,8,0,6,7,1,1,2,1,1S,2S,0.3830834372459576,9,35,True,True,True,True,0
top_four,dendro,occupancy,no_origin,6,unith,5,Faure,june_16_g0,0.977857142857143,,,,4,4,20,4,8,0,6,8,1,1,3,1,1S,3S,0.658731092591122,9,12,True,True,True,True,0
top_four,dendro,occupancy,no_origin,6,unith,5,Faure,june_16_g0,0.977857142857143,,,,4,4,20,4,8,0,6,9,1,1,4,1,1S,4S,0.37525161879472674,9,56,True,True,True,True,0
top_four,dendro,occupancy,no_origin,6,unith,5,Faure,june_16_g0,0.977857142857143,,,,4,4,20,4,8,0,6,10,1,1,5,1,1S,5S,0.5228380243423036,9,50,True,True,True,True,0
top_four,dendro,occupancy,no_origin,6,unith,5,Faure,june_16_g0,0.977857142857143,,,,4,4,20,4,8,0,6,11,1,1,6,1,1S,6S,0.5726712347954014,9,67,True,True,True,True,0
top_four,dendro,occupancy,no_origin,6,unith,5,Faure,june_16_g0,0.977857142857143,,,,4,4,20,4,8,0,7,0,2,1,1,0,2S,1H,0.6230078963708077,35,51,True,True,True,True,0
top_four,dendro,occupancy,no_origin,6,unith,5,Faure,june_16_g0,0.977857142857143,,,,4,,20,4,8,0,7,1,2,1,2,0,2S,2H,,35,0,True,False,True,False,0
top_four,dendro,occupancy,no_origin,6,unith,5,Faure,june_16_g0,0.977857142857143,,,,4,4,20,4,8,0,7,2,2,1,3,0,2S,3H,0.6936598047672184,35,34,True,True,True,True,0
top_four,dendro,occupancy,no_origin,6,unith,5,Faure,june_16_g0,0.977857142857143,,,,4,,20,4,8,0,7,3,2,1,4,0,2S,4H,,35,0,True,False,True,False,0
top_four,dendro,occupancy,no_origin,6,unith,5,Faure,june_16_g0,0.977857142857143,,,,4,2,20,4,8,0,7,4,2,1,5,0,2S,5H,0.5612724963691481,35,5,True,True,True,False,0
top_four,dendro,occupancy,no_origin,6,unith,5,Faure,june_16_g0,0.977857142857143,,,,4,,20,4,8,0,7,5,2,1,6,0,2S,6H,,35,0,True,False,True,False,0
top_four,dendro,occupancy,no_origin,6,unith,5,Faure,june_16_g0,0.977857142857143,,,,4,4,20,4,8,0,7,6,2,1,1,1,2S,1S,0.3830834372459576,35,9,True,True,True,True,0
top_four,dendro,occupancy,no_origin,6,unith,5,Faure,june_16_g0,0.977857142857143,,,,4,4,20,4,8,0,7,7,2,1,2,1,2S,2S,0.7062002130211266,35,35,True,True,True,True,0
top_four,dendro,occupancy,no_origin,6,unith,5,Faure,june_16_g0,0.977857142857143,,,,4,4,20,4,8,0,7,8,2,1,3,1,2S,3S,0.303987042400834,35,12,True,True,True,True,0
top_four,dendro,occupancy,no_origin,6,unith,5,Faure,june_16_g0,0.977857142857143,,,,4,4,20,4,8,0,7,9,2,1,4,1,2S,4S,0.6613130284988291,35,56,True,True,True,True,0
top_four,dendro,occupancy,no_origin,6,unith,5,Faure,june_16_g0,0.977857142857143,,,,4,4,20,4,8,0,7,10,2,1,5,1,2S,5S,0.6489629343516083,35,50,True,True,True,True,0
top_four,dendro,occupancy,no_origin,6,unith,5,Faure,june_16_g0,0.977857142857143,,,,4,4,20,4,8,0,7,11,2,1,6,1,2S,6S,0.5485111906938867,35,67,True,True,True,True,0
top_four,dendro,occupancy,no_origin,6,unith,5,Faure,june_16_g0,0.977857142857143,,,,4,4,20,4,8,0,8,0,3,1,1,0,3S,1H,0.4194833164988948,12,51,True,True,True,True,0
top_four,dendro,occupancy,no_origin,6,unith,5,Faure,june_16_g0,0.977857142857143,,,,4,,20,4,8,0,8,1,3,1,2,0,3S,2H,,12,0,True,False,True,False,0
top_four,dendro,occupancy,no_origin,6,unith,5,Faure,june_16_g0,0.977857142857143,,,,4,4,20,4,8,0,8,2,3,1,3,0,3S,3H,0.4090197381270416,12,34,True,True,True,True,0
top_four,dendro,occupancy,no_origin,6,unith,5,Faure,june_16_g0,0.977857142857143,,,,4,,20,4,8,0,8,3,3,1,4,0,3S,4H,,12,0,True,False,True,False,0
top_four,dendro,occupancy,no_origin,6,unith,5,Faure,june_16_g0,0.977857142857143,,,,4,2,20,4,8,0,8,4,3,1,5,0,3S,5H,0.13132174090376497,12,5,True,True,True,False,0
top_four,dendro,occupancy,no_origin,6,unith,5,Faure,june_16_g0,0.977857142857143,,,,4,,20,4,8,0,8,5,3,1,6,0,3S,6H,,12,0,True,False,True,False,0
top_four,dendro,occupancy,no_origin,6,unith,5,Faure,june_16_g0,0.977857142857143,,,,4,4,20,4,8,0,8,6,3,1,1,1,3S,1S,0.658731092591122,12,9,True,True,True,True,0
top_four,dendro,occupancy,no_origin,6,unith,5,Faure,june_16_g0,0.977857142857143,,,,4,4,20,4,8,0,8,7,3,1,2,1,3S,2S,0.303987042400834,12,35,True,True,True,True,0
top_four,dendro,occupancy,no_origin,6,unith,5,Faure,june_16_g0,0.977857142857143,,,,4,4,20,4,8,0,8,8,3,1,3,1,3S,3S,0.4297313258942531,12,12,True,True,True,True,0
top_four,dendro,occupancy,no_origin,6,unith,5,Faure,june_16_g0,0.977857142857143,,,,4,4,20,4,8,0,8,9,3,1,4,1,3S,4S,0.3102617200754054,12,56,True,True,True,True,0
top_four,dendro,occupancy,no_origin,6,unith,5,Faure,june_16_g0,0.977857142857143,,,,4,4,20,4,8,0,8,10,3,1,5,1,3S,5S,0.3550283436074178,12,50,True,True,True,True,0
top_four,dendro,occupancy,no_origin,6,unith,5,Faure,june_16_g0,0.977857142857143,,,,4,4,20,4,8,0,8,11,3,1,6,1,3S,6S,0.5462863414467801,12,67,True,True,True,True,0
top_four,dendro,occupancy,no_origin,6,unith,5,Faure,june_16_g0,0.977857142857143,,,,4,4,20,4,8,0,9,0,4,1,1,0,4S,1H,0.7620177644730598,56,51,True,True,True,True,0
top_four,dendro,occupancy,no_origin,6,unith,5,Faure,june_16_g0,0.977857142857143,,,,4,,20,4,8,0,9,1,4,1,2,0,4S,2H,,56,0,True,False,True,False,0
top_four,dendro,occupancy,no_origin,6,unith,5,Faure,june_16_g0,0.977857142857143,,,,4,4,20,4,8,0,9,2,4,1,3,0,4S,3H,0.7746307993968334,56,34,True,True,True,True,0
top_four,dendro,occupancy,no_origin,6,unith,5,Faure,june_16_g0,0.977857142857143,,,,4,,20,4,8,0,9,3,4,1,4,0,4S,4H,,56,0,True,False,True,False,0
top_four,dendro,occupancy,no_origin,6,unith,5,Faure,june_16_g0,0.977857142857143,,,,4,2,20,4,8,0,9,4,4,1,5,0,4S,5H,0.5924458721438348,56,5,True,True,True,False,0
top_four,dendro,occupancy,no_origin,6,unith,5,Faure,june_16_g0,0.977857142857143,,,,4,,20,4,8,0,9,5,4,1,6,0,4S,6H,,56,0,True,False,True,False,0
top_four,dendro,occupancy,no_origin,6,unith,5,Faure,june_16_g0,0.977857142857143,,,,4,4,20,4,8,0,9,6,4,1,1,1,4S,1S,0.37525161879472674,56,9,True,True,True,True,0
top_four,dendro,occupancy,no_origin,6,unith,5,Faure,june_16_g0,0.977857142857143,,,,4,4,20,4,8,0,9,7,4,1,2,1,4S,2S,0.6613130284988291,56,35,True,True,True,True,0
top_four,dendro,occupancy,no_origin,6,unith,5,Faure,june_16_g0,0.977857142857143,,,,4,4,20,4,8,0,9,8,4,1,3,1,4S,3S,0.3102617200754054,56,12,True,True,True,True,0
top_four,dendro,occupancy,no_origin,6,unith,5,Faure,june_16_g0,0.977857142857143,,,,4,4,20,4,8,0,9,9,4,1,4,1,4S,4S,0.6806167376891078,56,56,True,True,True,True,0
top_four,dendro,occupancy,no_origin,6,unith,5,Faure,june_16_g0,0.977857142857143,,,,4,4,20,4,8,0,9,10,4,1,5,1,4S,5S,0.681732707374046,56,50,True,True,True,True,0
top_four,dendro,occupancy,no_origin,6,unith,5,Faure,june_16_g0,0.977857142857143,,,,4,4,20,4,8,0,9,11,4,1,6,1,4S,6S,0.612041447089194,56,67,True,True,True,True,0
top_four,dendro,occupancy,no_origin,6,unith,5,Faure,june_16_g0,0.977857142857143,,,,4,4,20,4,8,0,10,0,5,1,1,0,5S,1H,0.653228166890339,50,51,True,True,True,True,0
top_four,dendro,occupancy,no_origin,6,unith,5,Faure,june_16_g0,0.977857142857143,,,,4,,20,4,8,0,10,1,5,1,2,0,5S,2H,,50,0,True,False,True,False,0
top_four,dendro,occupancy,no_origin,6,unith,5,Faure,june_16_g0,0.977857142857143,,,,4,4,20,4,8,0,10,2,5,1,3,0,5S,3H,0.6927513304774273,50,34,True,True,True,True,0
top_four,dendro,occupancy,no_origin,6,unith,5,Faure,june_16_g0,0.977857142857143,,,,4,,20,4,8,0,10,3,5,1,4,0,5S,4H,,50,0,True,False,True,False,0
top_four,dendro,occupancy,no_origin,6,unith,5,Faure,june_16_g0,0.977857142857143,,,,4,2,20,4,8,0,10,4,5,1,5,0,5S,5H,0.5525685288831703,50,5,True,True,True,False,0
top_four,dendro,occupancy,no_origin,6,unith,5,Faure,june_16_g0,0.977857142857143,,,,4,,20,4,8,0,10,5,5,1,6,0,5S,6H,,50,0,True,False,True,False,0
top_four,dendro,occupancy,no_origin,6,unith,5,Faure,june_16_g0,0.977857142857143,,,,4,4,20,4,8,0,10,6,5,1,1,1,5S,1S,0.5228380243423036,50,9,True,True,True,True,0
top_four,dendro,occupancy,no_origin,6,unith,5,Faure,june_16_g0,0.977857142857143,,,,4,4,20,4,8,0,10,7,5,1,2,1,5S,2S,0.6489629343516083,50,35,True,True,True,True,0
top_four,dendro,occupancy,no_origin,6,unith,5,Faure,june_16_g0,0.977857142857143,,,,4,4,20,4,8,0,10,8,5,1,3,1,5S,3S,0.3550283436074178,50,12,True,True,True,True,0
top_four,dendro,occupancy,no_origin,6,unith,5,Faure,june_16_g0,0.977857142857143,,,,4,4,20,4,8,0,10,9,5,1,4,1,5S,4S,0.681732707374046,50,56,True,True,True,True,0
top_four,dendro,occupancy,no_origin,6,unith,5,Faure,june_16_g0,0.977857142857143,,,,4,4,20,4,8,0,10,10,5,1,5,1,5S,5S,0.6923596700283257,50,50,True,True,True,True,0
top_four,dendro,occupancy,no_origin,6,unith,5,Faure,june_16_g0,0.977857142857143,,,,4,4,20,4,8,0,10,11,5,1,6,1,5S,6S,0.6152570099806903,50,67,True,True,True,True,0
top_four,dendro,occupancy,no_origin,6,unith,5,Faure,june_16_g0,0.977857142857143,,,,4,4,20,4,8,0,11,0,6,1,1,0,6S,1H,0.6134488832914278,67,51,True,True,True,True,0
top_four,dendro,occupancy,no_origin,6,unith,5,Faure,june_16_g0,0.977857142857143,,,,4,,20,4,8,0,11,1,6,1,2,0,6S,2H,,67,0,True,False,True,False,0
top_four,dendro,occupancy,no_origin,6,unith,5,Faure,june_16_g0,0.977857142857143,,,,4,4,20,4,8,0,11,2,6,1,3,0,6S,3H,0.7093486298232718,67,34,True,True,True,True,0
top_four,dendro,occupancy,no_origin,6,unith,5,Faure,june_16_g0,0.977857142857143,,,,4,,20,4,8,0,11,3,6,1,4,0,6S,4H,,67,0,True,False,True,False,0
top_four,dendro,occupancy,no_origin,6,unith,5,Faure,june_16_g0,0.977857142857143,,,,4,2,20,4,8,0,11,4,6,1,5,0,6S,5H,0.4207260503528044,67,5,True,True,True,False,0
top_four,dendro,occupancy,no_origin,6,unith,5,Faure,june_16_g0,0.977857142857143,,,,4,,20,4,8,0,11,5,6,1,6,0,6S,6H,,67,0,True,False,True,False,0
top_four,dendro,occupancy,no_origin,6,unith,5,Faure,june_16_g0,0.977857142857143,,,,4,4,20,4,8,0,11,6,6,1,1,1,6S,1S,0.5726712347954014,67,9,True,True,True,True,0
top_four,dendro,occupancy,no_origin,6,unith,5,Faure,june_16_g0,0.977857142857143,,,,4,4,20,4,8,0,11,7,6,1,2,1,6S,2S,0.5485111906938867,67,35,True,True,True,True,0
top_four,dendro,occupancy,no_origin,6,unith,5,Faure,june_16_g0,0.977857142857143,,,,4,4,20,4,8,0,11,8,6,1,3,1,6S,3S,0.5462863414467801,67,12,True,True,True,True,0
top_four,dendro,occupancy,no_origin,6,unith,5,Faure,june_16_g0,0.977857142857143,,,,4,4,20,4,8,0,11,9,6,1,4,1,6S,4S,0.612041447089194,67,56,True,True,True,True,0
top_four,dendro,occupancy,no_origin,6,unith,5,Faure,june_16_g0,0.977857142857143,,,,4,4,20,4,8,0,11,10,6,1,5,1,6S,5S,0.6152570099806903,67,50,True,True,True,True,0
top_four,dendro,occupancy,no_origin,6,unith,5,Faure,june_16_g0,0.977857142857143,,,,4,4,20,4,8,0,11,11,6,1,6,1,6S,6S,0.5939195452590569,67,67,True,True,True,True,0
top_four,dendro,occupancy,no_origin,6,unith,5,Faure,june_22_g0,0.97123745819398,,,,5,5,20,4,8,0,0,0,1,0,1,0,1H,1H,0.8304899417323263,42,42,True,True,True,True,0
top_four,dendro,occupancy,no_origin,6,unith,5,Faure,june_22_g0,0.97123745819398,,,,5,5,20,4,8,0,0,1,1,0,2,0,1H,2H,0.7189823940332273,42,39,True,True,True,True,0
top_four,dendro,occupancy,no_origin,6,unith,5,Faure,june_22_g0,0.97123745819398,,,,5,5,20,4,8,0,0,2,1,0,3,0,1H,3H,0.772936584803593,42,47,True,True,True,True,0
top_four,dendro,occupancy,no_origin,6,unith,5,Faure,june_22_g0,0.97123745819398,,,,5,5,20,4,8,0,0,3,1,0,4,0,1H,4H,0.7343355959664091,42,15,True,True,True,True,0
top_four,dendro,occupancy,no_origin,6,unith,5,Faure,june_22_g0,0.97123745819398,,,,5,5,20,4,8,0,0,4,1,0,5,0,1H,5H,0.1578421520654846,42,21,True,True,True,True,0
top_four,dendro,occupancy,no_origin,6,unith,5,Faure,june_22_g0,0.97123745819398,,,,5,5,20,4,8,0,0,5,1,0,6,0,1H,6H,0.7708034340384269,42,11,True,True,True,True,0
top_four,dendro,occupancy,no_origin,6,unith,5,Faure,june_22_g0,0.97123745819398,,,,5,,20,4,8,0,0,6,1,0,1,1,1H,1S,,42,0,True,False,True,False,0
top_four,dendro,occupancy,no_origin,6,unith,5,Faure,june_22_g0,0.97123745819398,,,,5,5,20,4,8,0,0,7,1,0,2,1,1H,2S,0.8686077424241493,42,10,True,True,True,True,0
top_four,dendro,occupancy,no_origin,6,unith,5,Faure,june_22_g0,0.97123745819398,,,,5,3,20,4,8,0,0,8,1,0,3,1,1H,3S,0.7474662506038279,42,6,True,True,True,False,0
top_four,dendro,occupancy,no_origin,6,unith,5,Faure,june_22_g0,0.97123745819398,,,,5,5,20,4,8,0,0,9,1,0,4,1,1H,4S,0.715849530798768,42,29,True,True,True,True,0
top_four,dendro,occupancy,no_origin,6,unith,5,Faure,june_22_g0,0.97123745819398,,,,5,5,20,4,8,0,0,10,1,0,5,1,1H,5S,0.45491532806525237,42,31,True,True,True,True,0
top_four,dendro,occupancy,no_origin,6,unith,5,Faure,june_22_g0,0.97123745819398,,,,5,5,20,4,8,0,0,11,1,0,6,1,1H,6S,0.7012430799155436,42,54,True,True,True,True,0
top_four,dendro,occupancy,no_origin,6,unith,5,Faure,june_22_g0,0.97123745819398,,,,5,5,20,4,8,0,1,0,2,0,1,0,2H,1H,0.7189823940332273,39,42,True,True,True,True,0
top_four,dendro,occupancy,no_origin,6,unith,5,Faure,june_22_g0,0.97123745819398,,,,5,5,20,4,8,0,1,1,2,0,2,0,2H,2H,0.7138446980640402,39,39,True,True,True,True,0
top_four,dendro,occupancy,no_origin,6,unith,5,Faure,june_22_g0,0.97123745819398,,,,5,5,20,4,8,0,1,2,2,0,3,0,2H,3H,0.6575887997614118,39,47,True,True,True,True,0
top_four,dendro,occupancy,no_origin,6,unith,5,Faure,june_22_g0,0.97123745819398,,,,5,5,20,4,8,0,1,3,2,0,4,0,2H,4H,0.6875935024259278,39,15,True,True,True,True,0
top_four,dendro,occupancy,no_origin,6,unith,5,Faure,june_22_g0,0.97123745819398,,,,5,5,20,4,8,0,1,4,2,0,5,0,2H,5H,0.03721181298416748,39,21,True,True,True,True,0
top_four,dendro,occupancy,no_origin,6,unith,5,Faure,june_22_g0,0.97123745819398,,,,5,5,20,4,8,0,1,5,2,0,6,0,2H,6H,0.6216425750862995,39,11,True,True,True,True,0
top_four,dendro,occupancy,no_origin,6,unith,5,Faure,june_22_g0,0.97123745819398,,,,5,,20,4,8,0,1,6,2,0,1,1,2H,1S,,39,0,True,False,True,False,0
top_four,dendro,occupancy,no_origin,6,unith,5,Faure,june_22_g0,0.97123745819398,,,,5,5,20,4,8,0,1,7,2,0,2,1,2H,2S,0.689711832535013,39,10,True,True,True,True,0
top_four,dendro,occupancy,no_origin,6,unith,5,Faure,june_22_g0,0.97123745819398,,,,5,3,20,4,8,0,1,8,2,0,3,1,2H,3S,0.7758952866245188,39,6,True,True,True,False,0
top_four,dendro,occupancy,no_origin,6,unith,5,Faure,june_22_g0,0.97123745819398,,,,5,5,20,4,8,0,1,9,2,0,4,1,2H,4S,0.5865943799615599,39,29,True,True,True,True,0
top_four,dendro,occupancy,no_origin,6,unith,5,Faure,june_22_g0,0.97123745819398,,,,5,5,20,4,8,0,1,10,2,0,5,1,2H,5S,0.2578602050019147,39,31,True,True,True,True,0
top_four,dendro,occupancy,no_origin,6,unith,5,Faure,june_22_g0,0.97123745819398,,,,5,5,20,4,8,0,1,11,2,0,6,1,2H,6S,0.5707881195147958,39,54,True,True,True,True,0
top_four,dendro,occupancy,no_origin,6,unith,5,Faure,june_22_g0,0.97123745819398,,,,5,5,20,4,8,0,2,0,3,0,1,0,3H,1H,0.772936584803593,47,42,True,True,True,True,0
top_four,dendro,occupancy,no_origin,6,unith,5,Faure,june_22_g0,0.97123745819398,,,,5,5,20,4,8,0,2,1,3,0,2,0,3H,2H,0.6575887997614118,47,39,True,True,True,True,0
top_four,dendro,occupancy,no_origin,6,unith,5,Faure,june_22_g0,0.97123745819398,,,,5,5,20,4,8,0,2,2,3,0,3,0,3H,3H,0.7140583149827885,47,47,True,True,True,True,0
top_four,dendro,occupancy,no_origin,6,unith,5,Faure,june_22_g0,0.97123745819398,,,,5,5,20,4,8,0,2,3,3,0,4,0,3H,4H,0.7086694597770321,47,15,True,True,True,True,0
top_four,dendro,occupancy,no_origin,6,unith,5,Faure,june_22_g0,0.97123745819398,,,,5,5,20,4,8,0,2,4,3,0,5,0,3H,5H,0.0903655821534854,47,21,True,True,True,True,0
top_four,dendro,occupancy,no_origin,6,unith,5,Faure,june_22_g0,0.97123745819398,,,,5,5,20,4,8,0,2,5,3,0,6,0,3H,6H,0.7359522492770574,47,11,True,True,True,True,0
top_four,dendro,occupancy,no_origin,6,unith,5,Faure,june_22_g0,0.97123745819398,,,,5,,20,4,8,0,2,6,3,0,1,1,3H,1S,,47,0,True,False,True,False,0
top_four,dendro,occupancy,no_origin,6,unith,5,Faure,june_22_g0,0.97123745819398,,,,5,5,20,4,8,0,2,7,3,0,2,1,3H,2S,0.8157247560531834,47,10,True,True,True,True,0
top_four,dendro,occupancy,no_origin,6,unith,5,Faure,june_22_g0,0.97123745819398,,,,5,3,20,4,8,0,2,8,3,0,3,1,3H,3S,0.7233638880819484,47,6,True,True,True,False,0
top_four,dendro,occupancy,no_origin,6,unith,5,Faure,june_22_g0,0.97123745819398,,,,5,5,20,4,8,0,2,9,3,0,4,1,3H,4S,0.6507984837541599,47,29,True,True,True,True,0
top_four,dendro,occupancy,no_origin,6,unith,5,Faure,june_22_g0,0.97123745819398,,,,5,5,20,4,8,0,2,10,3,0,5,1,3H,5S,0.41771690071866574,47,31,True,True,True,True,0
top_four,dendro,occupancy,no_origin,6,unith,5,Faure,june_22_g0,0.97123745819398,,,,5,5,20,4,8,0,2,11,3,0,6,1,3H,6S,0.7016359025140722,47,54,True,True,True,True,0
top_four,dendro,occupancy,no_origin,6,unith,5,Faure,june_22_g0,0.97123745819398,,,,5,5,20,4,8,0,3,0,4,0,1,0,4H,1H,0.7343355959664091,15,42,True,True,True,True,0
top_four,dendro,occupancy,no_origin,6,unith,5,Faure,june_22_g0,0.97123745819398,,,,5,5,20,4,8,0,3,1,4,0,2,0,4H,2H,0.6875935024259278,15,39,True,True,True,True,0
top_four,dendro,occupancy,no_origin,6,unith,5,Faure,june_22_g0,0.97123745819398,,,,5,5,20,4,8,0,3,2,4,0,3,0,4H,3H,0.7086694597770321,15,47,True,True,True,True,0
top_four,dendro,occupancy,no_origin,6,unith,5,Faure,june_22_g0,0.97123745819398,,,,5,5,20,4,8,0,3,3,4,0,4,0,4H,4H,0.7273310641846293,15,15,True,True,True,True,0
top_four,dendro,occupancy,no_origin,6,unith,5,Faure,june_22_g0,0.97123745819398,,,,5,5,20,4,8,0,3,4,4,0,5,0,4H,5H,0.18894063978631365,15,21,True,True,True,True,0
top_four,dendro,occupancy,no_origin,6,unith,5,Faure,june_22_g0,0.97123745819398,,,,5,5,20,4,8,0,3,5,4,0,6,0,4H,6H,0.7744664009907647,15,11,True,True,True,True,0
top_four,dendro,occupancy,no_origin,6,unith,5,Faure,june_22_g0,0.97123745819398,,,,5,,20,4,8,0,3,6,4,0,1,1,4H,1S,,15,0,True,False,True,False,0
top_four,dendro,occupancy,no_origin,6,unith,5,Faure,june_22_g0,0.97123745819398,,,,5,5,20,4,8,0,3,7,4,0,2,1,4H,2S,0.6954308161063458,15,10,True,True,True,True,0
top_four,dendro,occupancy,no_origin,6,unith,5,Faure,june_22_g0,0.97123745819398,,,,5,3,20,4,8,0,3,8,4,0,3,1,4H,3S,0.7293156010863446,15,6,True,True,True,False,0
top_four,dendro,occupancy,no_origin,6,unith,5,Faure,june_22_g0,0.97123745819398,,,,5,5,20,4,8,0,3,9,4,0,4,1,4H,4S,0.6788711614294123,15,29,True,True,True,True,0
top_four,dendro,occupancy,no_origin,6,unith,5,Faure,june_22_g0,0.97123745819398,,,,5,5,20,4,8,0,3,10,4,0,5,1,4H,5S,0.4610884658126486,15,31,True,True,True,True,0
top_four,dendro,occupancy,no_origin,6,unith,5,Faure,june_22_g0,0.97123745819398,,,,5,5,20,4,8,0,3,11,4,0,6,1,4H,6S,0.6393085455287081,15,54,True,True,True,True,0
top_four,dendro,occupancy,no_origin,6,unith,5,Faure,june_22_g0,0.97123745819398,,,,5,5,20,4,8,0,4,0,5,0,1,0,5H,1H,0.1578421520654846,21,42,True,True,True,True,0
top_four,dendro,occupancy,no_origin,6,unith,5,Faure,june_22_g0,0.97123745819398,,,,5,5,20,4,8,0,4,1,5,0,2,0,5H,2H,0.03721181298416748,21,39,True,True,True,True,0
top_four,dendro,occupancy,no_origin,6,unith,5,Faure,june_22_g0,0.97123745819398,,,,5,5,20,4,8,0,4,2,5,0,3,0,5H,3H,0.0903655821534854,21,47,True,True,True,True,0
top_four,dendro,occupancy,no_origin,6,unith,5,Faure,june_22_g0,0.97123745819398,,,,5,5,20,4,8,0,4,3,5,0,4,0,5H,4H,0.18894063978631365,21,15,True,True,True,True,0
top_four,dendro,occupancy,no_origin,6,unith,5,Faure,june_22_g0,0.97123745819398,,,,5,5,20,4,8,0,4,4,5,0,5,0,5H,5H,0.17609410071309908,21,21,True,True,True,True,0
top_four,dendro,occupancy,no_origin,6,unith,5,Faure,june_22_g0,0.97123745819398,,,,5,5,20,4,8,0,4,5,5,0,6,0,5H,6H,0.2579050520707194,21,11,True,True,True,True,0
top_four,dendro,occupancy,no_origin,6,unith,5,Faure,june_22_g0,0.97123745819398,,,,5,,20,4,8,0,4,6,5,0,1,1,5H,1S,,21,0,True,False,True,False,0
top_four,dendro,occupancy,no_origin,6,unith,5,Faure,june_22_g0,0.97123745819398,,,,5,5,20,4,8,0,4,7,5,0,2,1,5H,2S,0.06289016825005009,21,10,True,True,True,True,0
top_four,dendro,occupancy,no_origin,6,unith,5,Faure,june_22_g0,0.97123745819398,,,,5,3,20,4,8,0,4,8,5,0,3,1,5H,3S,0.08087635720265476,21,6,True,True,True,False,0
top_four,dendro,occupancy,no_origin,6,unith,5,Faure,june_22_g0,0.97123745819398,,,,5,5,20,4,8,0,4,9,5,0,4,1,5H,4S,0.1447001819900488,21,29,True,True,True,True,0
top_four,dendro,occupancy,no_origin,6,unith,5,Faure,june_22_g0,0.97123745819398,,,,5,5,20,4,8,0,4,10,5,0,5,1,5H,5S,0.4456151566947958,21,31,True,True,True,True,0
top_four,dendro,occupancy,no_origin,6,unith,5,Faure,june_22_g0,0.97123745819398,,,,5,5,20,4,8,0,4,11,5,0,6,1,5H,6S,0.17817819778395733,21,54,True,True,True,True,0
top_four,dendro,occupancy,no_origin,6,unith,5,Faure,june_22_g0,0.97123745819398,,,,5,5,20,4,8,0,5,0,6,0,1,0,6H,1H,0.7708034340384269,11,42,True,True,True,True,0
top_four,dendro,occupancy,no_origin,6,unith,5,Faure,june_22_g0,0.97123745819398,,,,5,5,20,4,8,0,5,1,6,0,2,0,6H,2H,0.6216425750862995,11,39,True,True,True,True,0
top_four,dendro,occupancy,no_origin,6,unith,5,Faure,june_22_g0,0.97123745819398,,,,5,5,20,4,8,0,5,2,6,0,3,0,6H,3H,0.7359522492770574,11,47,True,True,True,True,0
top_four,dendro,occupancy,no_origin,6,unith,5,Faure,june_22_g0,0.97123745819398,,,,5,5,20,4,8,0,5,3,6,0,4,0,6H,4H,0.7744664009907647,11,15,True,True,True,True,0
top_four,dendro,occupancy,no_origin,6,unith,5,Faure,june_22_g0,0.97123745819398,,,,5,5,20,4,8,0,5,4,6,0,5,0,6H,5H,0.2579050520707194,11,21,True,True,True,True,0
top_four,dendro,occupancy,no_origin,6,unith,5,Faure,june_22_g0,0.97123745819398,,,,5,5,20,4,8,0,5,5,6,0,6,0,6H,6H,0.6724587493491182,11,11,True,True,True,True,0
top_four,dendro,occupancy,no_origin,6,unith,5,Faure,june_22_g0,0.97123745819398,,,,5,,20,4,8,0,5,6,6,0,1,1,6H,1S,,11,0,True,False,True,False,0
top_four,dendro,occupancy,no_origin,6,unith,5,Faure,june_22_g0,0.97123745819398,,,,5,5,20,4,8,0,5,7,6,0,2,1,6H,2S,0.7483217397317944,11,10,True,True,True,True,0
top_four,dendro,occupancy,no_origin,6,unith,5,Faure,june_22_g0,0.97123745819398,,,,5,3,20,4,8,0,5,8,6,0,3,1,6H,3S,0.7063316709877452,11,6,True,True,True,False,0
top_four,dendro,occupancy,no_origin,6,unith,5,Faure,june_22_g0,0.97123745819398,,,,5,5,20,4,8,0,5,9,6,0,4,1,6H,4S,0.6663984749200427,11,29,True,True,True,True,0
top_four,dendro,occupancy,no_origin,6,unith,5,Faure,june_22_g0,0.97123745819398,,,,5,5,20,4,8,0,5,10,6,0,5,1,6H,5S,0.5985684587842146,11,31,True,True,True,True,0
top_four,dendro,occupancy,no_origin,6,unith,5,Faure,june_22_g0,0.97123745819398,,,,5,5,20,4,8,0,5,11,6,0,6,1,6H,6S,0.670789929171625,11,54,True,True,True,True,0
top_four,dendro,occupancy,no_origin,6,unith,5,Faure,june_22_g0,0.97123745819398,,,,,5,20,4,8,0,6,0,1,1,1,0,1S,1H,,0,42,False,True,False,True,0
top_four,dendro,occupancy,no_origin,6,unith,5,Faure,june_22_g0,0.97123745819398,,,,,5,20,4,8,0,6,1,1,1,2,0,1S,2H,,0,39,False,True,False,True,0
top_four,dendro,occupancy,no_origin,6,unith,5,Faure,june_22_g0,0.97123745819398,,,,,5,20,4,8,0,6,2,1,1,3,0,1S,3H,,0,47,False,True,False,True,0
top_four,dendro,occupancy,no_origin,6,unith,5,Faure,june_22_g0,0.97123745819398,,,,,5,20,4,8,0,6,3,1,1,4,0,1S,4H,,0,15,False,True,False,True,0
top_four,dendro,occupancy,no_origin,6,unith,5,Faure,june_22_g0,0.97123745819398,,,,,5,20,4,8,0,6,4,1,1,5,0,1S,5H,,0,21,False,True,False,True,0
top_four,dendro,occupancy,no_origin,6,unith,5,Faure,june_22_g0,0.97123745819398,,,,,5,20,4,8,0,6,5,1,1,6,0,1S,6H,,0,11,False,True,False,True,0
top_four,dendro,occupancy,no_origin,6,unith,5,Faure,june_22_g0,0.97123745819398,,,,,,20,4,8,0,6,6,1,1,1,1,1S,1S,,0,0,False,False,False,False,0
top_four,dendro,occupancy,no_origin,6,unith,5,Faure,june_22_g0,0.97123745819398,,,,,5,20,4,8,0,6,7,1,1,2,1,1S,2S,,0,10,False,True,False,True,0
top_four,dendro,occupancy,no_origin,6,unith,5,Faure,june_22_g0,0.97123745819398,,,,,3,20,4,8,0,6,8,1,1,3,1,1S,3S,,0,6,False,True,False,False,0
top_four,dendro,occupancy,no_origin,6,unith,5,Faure,june_22_g0,0.97123745819398,,,,,5,20,4,8,0,6,9,1,1,4,1,1S,4S,,0,29,False,True,False,True,0
top_four,dendro,occupancy,no_origin,6,unith,5,Faure,june_22_g0,0.97123745819398,,,,,5,20,4,8,0,6,10,1,1,5,1,1S,5S,,0,31,False,True,False,True,0
top_four,dendro,occupancy,no_origin,6,unith,5,Faure,june_22_g0,0.97123745819398,,,,,5,20,4,8,0,6,11,1,1,6,1,1S,6S,,0,54,False,True,False,True,0
top_four,dendro,occupancy,no_origin,6,unith,5,Faure,june_22_g0,0.97123745819398,,,,5,5,20,4,8,0,7,0,2,1,1,0,2S,1H,0.8686077424241493,10,42,True,True,True,True,0
top_four,dendro,occupancy,no_origin,6,unith,5,Faure,june_22_g0,0.97123745819398,,,,5,5,20,4,8,0,7,1,2,1,2,0,2S,2H,0.689711832535013,10,39,True,True,True,True,0
top_four,dendro,occupancy,no_origin,6,unith,5,Faure,june_22_g0,0.97123745819398,,,,5,5,20,4,8,0,7,2,2,1,3,0,2S,3H,0.8157247560531834,10,47,True,True,True,True,0
top_four,dendro,occupancy,no_origin,6,unith,5,Faure,june_22_g0,0.97123745819398,,,,5,5,20,4,8,0,7,3,2,1,4,0,2S,4H,0.6954308161063458,10,15,True,True,True,True,0
top_four,dendro,occupancy,no_origin,6,unith,5,Faure,june_22_g0,0.97123745819398,,,,5,5,20,4,8,0,7,4,2,1,5,0,2S,5H,0.06289016825005009,10,21,True,True,True,True,0
top_four,dendro,occupancy,no_origin,6,unith,5,Faure,june_22_g0,0.97123745819398,,,,5,5,20,4,8,0,7,5,2,1,6,0,2S,6H,0.7483217397317944,10,11,True,True,True,True,0
top_four,dendro,occupancy,no_origin,6,unith,5,Faure,june_22_g0,0.97123745819398,,,,5,,20,4,8,0,7,6,2,1,1,1,2S,1S,,10,0,True,False,True,False,0
top_four,dendro,occupancy,no_origin,6,unith,5,Faure,june_22_g0,0.97123745819398,,,,5,5,20,4,8,0,7,7,2,1,2,1,2S,2S,0.9714664983393426,10,10,True,True,True,True,0
top_four,dendro,occupancy,no_origin,6,unith,5,Faure,june_22_g0,0.97123745819398,,,,5,3,20,4,8,0,7,8,2,1,3,1,2S,3S,0.7308540269427071,10,6,True,True,True,False,0
top_four,dendro,occupancy,no_origin,6,unith,5,Faure,june_22_g0,0.97123745819398,,,,5,5,20,4,8,0,7,9,2,1,4,1,2S,4S,0.754956800486587,10,29,True,True,True,True,0
top_four,dendro,occupancy,no_origin,6,unith,5,Faure,june_22_g0,0.97123745819398,,,,5,5,20,4,8,0,7,10,2,1,5,1,2S,5S,0.3892028874375386,10,31,True,True,True,True,0
top_four,dendro,occupancy,no_origin,6,unith,5,Faure,june_22_g0,0.97123745819398,,,,5,5,20,4,8,0,7,11,2,1,6,1,2S,6S,0.7297449909842664,10,54,True,True,True,True,0
top_four,dendro,occupancy,no_origin,6,unith,5,Faure,june_22_g0,0.97123745819398,,,,3,5,20,4,8,0,8,0,3,1,1,0,3S,1H,0.7474662506038279,6,42,True,True,False,True,0
top_four,dendro,occupancy,no_origin,6,unith,5,Faure,june_22_g0,0.97123745819398,,,,3,5,20,4,8,0,8,1,3,1,2,0,3S,2H,0.7758952866245188,6,39,True,True,False,True,0
top_four,dendro,occupancy,no_origin,6,unith,5,Faure,june_22_g0,0.97123745819398,,,,3,5,20,4,8,0,8,2,3,1,3,0,3S,3H,0.7233638880819484,6,47,True,True,False,True,0
top_four,dendro,occupancy,no_origin,6,unith,5,Faure,june_22_g0,0.97123745819398,,,,3,5,20,4,8,0,8,3,3,1,4,0,3S,4H,0.7293156010863446,6,15,True,True,False,True,0
top_four,dendro,occupancy,no_origin,6,unith,5,Faure,june_22_g0,0.97123745819398,,,,3,5,20,4,8,0,8,4,3,1,5,0,3S,5H,0.08087635720265476,6,21,True,True,False,True,0
top_four,dendro,occupancy,no_origin,6,unith,5,Faure,june_22_g0,0.97123745819398,,,,3,5,20,4,8,0,8,5,3,1,6,0,3S,6H,0.7063316709877452,6,11,True,True,False,True,0
top_four,dendro,occupancy,no_origin,6,unith,5,Faure,june_22_g0,0.97123745819398,,,,3,,20,4,8,0,8,6,3,1,1,1,3S,1S,,6,0,True,False,False,False,0
top_four,dendro,occupancy,no_origin,6,unith,5,Faure,june_22_g0,0.97123745819398,,,,3,5,20,4,8,0,8,7,3,1,2,1,3S,2S,0.7308540269427071,6,10,True,True,False,True,0
top_four,dendro,occupancy,no_origin,6,unith,5,Faure,june_22_g0,0.97123745819398,,,,3,3,20,4,8,0,8,8,3,1,3,1,3S,3S,0.6903354056980331,6,6,True,True,False,False,0
top_four,dendro,occupancy,no_origin,6,unith,5,Faure,june_22_g0,0.97123745819398,,,,3,5,20,4,8,0,8,9,3,1,4,1,3S,4S,0.6474858636259716,6,29,True,True,False,True,0
top_four,dendro,occupancy,no_origin,6,unith,5,Faure,june_22_g0,0.97123745819398,,,,3,5,20,4,8,0,8,10,3,1,5,1,3S,5S,0.3410726724182355,6,31,True,True,False,True,0
top_four,dendro,occupancy,no_origin,6,unith,5,Faure,june_22_g0,0.97123745819398,,,,3,5,20,4,8,0,8,11,3,1,6,1,3S,6S,0.6159157940285376,6,54,True,True,False,True,0
top_four,dendro,occupancy,no_origin,6,unith,5,Faure,june_22_g0,0.97123745819398,,,,5,5,20,4,8,0,9,0,4,1,1,0,4S,1H,0.715849530798768,29,42,True,True,True,True,0
top_four,dendro,occupancy,no_origin,6,unith,5,Faure,june_22_g0,0.97123745819398,,,,5,5,20,4,8,0,9,1,4,1,2,0,4S,2H,0.5865943799615599,29,39,True,True,True,True,0
top_four,dendro,occupancy,no_origin,6,unith,5,Faure,june_22_g0,0.97123745819398,,,,5,5,20,4,8,0,9,2,4,1,3,0,4S,3H,0.6507984837541599,29,47,True,True,True,True,0
top_four,dendro,occupancy,no_origin,6,unith,5,Faure,june_22_g0,0.97123745819398,,,,5,5,20,4,8,0,9,3,4,1,4,0,4S,4H,0.6788711614294123,29,15,True,True,True,True,0
top_four,dendro,occupancy,no_origin,6,unith,5,Faure,june_22_g0,0.97123745819398,,,,5,5,20,4,8,0,9,4,4,1,5,0,4S,5H,0.1447001819900488,29,21,True,True,True,True,0
top_four,dendro,occupancy,no_origin,6,unith,5,Faure,june_22_g0,0.97123745819398,,,,5,5,20,4,8,0,9,5,4,1,6,0,4S,6H,0.6663984749200427,29,11,True,True,True,True,0
top_four,dendro,occupancy,no_origin,6,unith,5,Faure,june_22_g0,0.97123745819398,,,,5,,20,4,8,0,9,6,4,1,1,1,4S,1S,,29,0,True,False,True,False,0
top_four,dendro,occupancy,no_origin,6,unith,5,Faure,june_22_g0,0.97123745819398,,,,5,5,20,4,8,0,9,7,4,1,2,1,4S,2S,0.754956800486587,29,10,True,True,True,True,0
top_four,dendro,occupancy,no_origin,6,unith,5,Faure,june_22_g0,0.97123745819398,,,,5,3,20,4,8,0,9,8,4,1,3,1,4S,3S,0.6474858636259716,29,6,True,True,True,False,0
top_four,dendro,occupancy,no_origin,6,unith,5,Faure,june_22_g0,0.97123745819398,,,,5,5,20,4,8,0,9,9,4,1,4,1,4S,4S,0.6149808858403139,29,29,True,True,True,True,0
top_four,dendro,occupancy,no_origin,6,unith,5,Faure,june_22_g0,0.97123745819398,,,,5,5,20,4,8,0,9,10,4,1,5,1,4S,5S,0.3958031804427294,29,31,True,True,True,True,0
top_four,dendro,occupancy,no_origin,6,unith,5,Faure,june_22_g0,0.97123745819398,,,,5,5,20,4,8,0,9,11,4,1,6,1,4S,6S,0.5954560807123326,29,54,True,True,True,True,0
top_four,dendro,occupancy,no_origin,6,unith,5,Faure,june_22_g0,0.97123745819398,,,,5,5,20,4,8,0,10,0,5,1,1,0,5S,1H,0.45491532806525237,31,42,True,True,True,True,0
top_four,dendro,occupancy,no_origin,6,unith,5,Faure,june_22_g0,0.97123745819398,,,,5,5,20,4,8,0,10,1,5,1,2,0,5S,2H,0.2578602050019147,31,39,True,True,True,True,0
top_four,dendro,occupancy,no_origin,6,unith,5,Faure,june_22_g0,0.97123745819398,,,,5,5,20,4,8,0,10,2,5,1,3,0,5S,3H,0.41771690071866574,31,47,True,True,True,True,0
top_four,dendro,occupancy,no_origin,6,unith,5,Faure,june_22_g0,0.97123745819398,,,,5,5,20,4,8,0,10,3,5,1,4,0,5S,4H,0.4610884658126486,31,15,True,True,True,True,0
top_four,dendro,occupancy,no_origin,6,unith,5,Faure,june_22_g0,0.97123745819398,,,,5,5,20,4,8,0,10,4,5,1,5,0,5S,5H,0.4456151566947958,31,21,True,True,True,True,0
top_four,dendro,occupancy,no_origin,6,unith,5,Faure,june_22_g0,0.97123745819398,,,,5,5,20,4,8,0,10,5,5,1,6,0,5S,6H,0.5985684587842146,31,11,True,True,True,True,0
top_four,dendro,occupancy,no_origin,6,unith,5,Faure,june_22_g0,0.97123745819398,,,,5,,20,4,8,0,10,6,5,1,1,1,5S,1S,,31,0,True,False,True,False,0
top_four,dendro,occupancy,no_origin,6,unith,5,Faure,june_22_g0,0.97123745819398,,,,5,5,20,4,8,0,10,7,5,1,2,1,5S,2S,0.3892028874375386,31,10,True,True,True,True,0
top_four,dendro,occupancy,no_origin,6,unith,5,Faure,june_22_g0,0.97123745819398,,,,5,3,20,4,8,0,10,8,5,1,3,1,5S,3S,0.3410726724182355,31,6,True,True,True,False,0
top_four,dendro,occupancy,no_origin,6,unith,5,Faure,june_22_g0,0.97123745819398,,,,5,5,20,4,8,0,10,9,5,1,4,1,5S,4S,0.3958031804427294,31,29,True,True,True,True,0
top_four,dendro,occupancy,no_origin,6,unith,5,Faure,june_22_g0,0.97123745819398,,,,5,5,20,4,8,0,10,10,5,1,5,1,5S,5S,0.5341963868477164,31,31,True,True,True,True,0
top_four,dendro,occupancy,no_origin,6,unith,5,Faure,june_22_g0,0.97123745819398,,,,5,5,20,4,8,0,10,11,5,1,6,1,5S,6S,0.4383907116471647,31,54,True,True,True,True,0
top_four,dendro,occupancy,no_origin,6,unith,5,Faure,june_22_g0,0.97123745819398,,,,5,5,20,4,8,0,11,0,6,1,1,0,6S,1H,0.7012430799155436,54,42,True,True,True,True,0
top_four,dendro,occupancy,no_origin,6,unith,5,Faure,june_22_g0,0.97123745819398,,,,5,5,20,4,8,0,11,1,6,1,2,0,6S,2H,0.5707881195147958,54,39,True,True,True,True,0
top_four,dendro,occupancy,no_origin,6,unith,5,Faure,june_22_g0,0.97123745819398,,,,5,5,20,4,8,0,11,2,6,1,3,0,6S,3H,0.7016359025140722,54,47,True,True,True,True,0
top_four,dendro,occupancy,no_origin,6,unith,5,Faure,june_22_g0,0.97123745819398,,,,5,5,20,4,8,0,11,3,6,1,4,0,6S,4H,0.6393085455287081,54,15,True,True,True,True,0
top_four,dendro,occupancy,no_origin,6,unith,5,Faure,june_22_g0,0.97123745819398,,,,5,5,20,4,8,0,11,4,6,1,5,0,6S,5H,0.17817819778395733,54,21,True,True,True,True,0
top_four,dendro,occupancy,no_origin,6,unith,5,Faure,june_22_g0,0.97123745819398,,,,5,5,20,4,8,0,11,5,6,1,6,0,6S,6H,0.670789929171625,54,11,True,True,True,True,0
top_four,dendro,occupancy,no_origin,6,unith,5,Faure,june_22_g0,0.97123745819398,,,,5,,20,4,8,0,11,6,6,1,1,1,6S,1S,,54,0,True,False,True,False,0
top_four,dendro,occupancy,no_origin,6,unith,5,Faure,june_22_g0,0.97123745819398,,,,5,5,20,4,8,0,11,7,6,1,2,1,6S,2S,0.7297449909842664,54,10,True,True,True,True,0
top_four,dendro,occupancy,no_origin,6,unith,5,Faure,june_22_g0,0.97123745819398,,,,5,3,20,4,8,0,11,8,6,1,3,1,6S,3S,0.6159157940285376,54,6,True,True,True,False,0
top_four,dendro,occupancy,no_origin,6,unith,5,Faure,june_22_g0,0.97123745819398,,,,5,5,20,4,8,0,11,9,6,1,4,1,6S,4S,0.5954560807123326,54,29,True,True,True,True,0
top_four,dendro,occupancy,no_origin,6,unith,5,Faure,june_22_g0,0.97123745819398,,,,5,5,20,4,8,0,11,10,6,1,5,1,6S,5S,0.4383907116471647,54,31,True,True,True,True,0
top_four,dendro,occupancy,no_origin,6,unith,5,Faure,june_22_g0,0.97123745819398,,,,5,5,20,4,8,0,11,11,6,1,6,1,6S,6S,0.6004822986259305,54,54,True,True,True,True,0
top_four,dendro,occupancy,no_origin,6,unith,5,Faure,june_24_g0,0.999341238471673,,,,5,5,20,4,8,0,0,0,1,0,1,0,1H,1H,0.7213439661368855,43,43,True,True,True,True,0
top_four,dendro,occupancy,no_origin,6,unith,5,Faure,june_24_g0,0.999341238471673,,,,5,5,20,4,8,0,0,1,1,0,2,0,1H,2H,0.6991026879526254,43,35,True,True,True,True,0
top_four,dendro,occupancy,no_origin,6,unith,5,Faure,june_24_g0,0.999341238471673,,,,5,5,20,4,8,0,0,2,1,0,3,0,1H,3H,0.6106319630043607,43,48,True,True,True,True,0
top_four,dendro,occupancy,no_origin,6,unith,5,Faure,june_24_g0,0.999341238471673,,,,5,5,20,4,8,0,0,3,1,0,4,0,1H,4H,0.7995865770448883,43,12,True,True,True,True,0
top_four,dendro,occupancy,no_origin,6,unith,5,Faure,june_24_g0,0.999341238471673,,,,5,5,20,4,8,0,0,4,1,0,5,0,1H,5H,0.6265402608399266,43,18,True,True,True,True,0
top_four,dendro,occupancy,no_origin,6,unith,5,Faure,june_24_g0,0.999341238471673,,,,5,5,20,4,8,0,0,5,1,0,6,0,1H,6H,0.6693223483132325,43,11,True,True,True,True,0
top_four,dendro,occupancy,no_origin,6,unith,5,Faure,june_24_g0,0.999341238471673,,,,5,,20,4,8,0,0,6,1,0,1,1,1H,1S,,43,0,True,False,True,False,0
top_four,dendro,occupancy,no_origin,6,unith,5,Faure,june_24_g0,0.999341238471673,,,,5,5,20,4,8,0,0,7,1,0,2,1,1H,2S,0.635342259883146,43,15,True,True,True,True,0
top_four,dendro,occupancy,no_origin,6,unith,5,Faure,june_24_g0,0.999341238471673,,,,5,2,20,4,8,0,0,8,1,0,3,1,1H,3S,0.3105187569671566,43,4,True,True,True,False,0
top_four,dendro,occupancy,no_origin,6,unith,5,Faure,june_24_g0,0.999341238471673,,,,5,5,20,4,8,0,0,9,1,0,4,1,1H,4S,0.6051254996143313,43,50,True,True,True,True,0
top_four,dendro,occupancy,no_origin,6,unith,5,Faure,june_24_g0,0.999341238471673,,,,5,5,20,4,8,0,0,10,1,0,5,1,1H,5S,0.46079138511999884,43,72,True,True,True,True,0
top_four,dendro,occupancy,no_origin,6,unith,5,Faure,june_24_g0,0.999341238471673,,,,5,5,20,4,8,0,0,11,1,0,6,1,1H,6S,0.5445330205096649,43,58,True,True,True,True,0
top_four,dendro,occupancy,no_origin,6,unith,5,Faure,june_24_g0,0.999341238471673,,,,5,5,20,4,8,0,1,0,2,0,1,0,2H,1H,0.6991026879526254,35,43,True,True,True,True,0
top_four,dendro,occupancy,no_origin,6,unith,5,Faure,june_24_g0,0.999341238471673,,,,5,5,20,4,8,0,1,1,2,0,2,0,2H,2H,0.7202197312590112,35,35,True,True,True,True,0
top_four,dendro,occupancy,no_origin,6,unith,5,Faure,june_24_g0,0.999341238471673,,,,5,5,20,4,8,0,1,2,2,0,3,0,2H,3H,0.5858446024537882,35,48,True,True,True,True,0
top_four,dendro,occupancy,no_origin,6,unith,5,Faure,june_24_g0,0.999341238471673,,,,5,5,20,4,8,0,1,3,2,0,4,0,2H,4H,0.8209250618393078,35,12,True,True,True,True,0
top_four,dendro,occupancy,no_origin,6,unith,5,Faure,june_24_g0,0.999341238471673,,,,5,5,20,4,8,0,1,4,2,0,5,0,2H,5H,0.5942798882087666,35,18,True,True,True,True,0
top_four,dendro,occupancy,no_origin,6,unith,5,Faure,june_24_g0,0.999341238471673,,,,5,5,20,4,8,0,1,5,2,0,6,0,2H,6H,0.6785828342668319,35,11,True,True,True,True,0
top_four,dendro,occupancy,no_origin,6,unith,5,Faure,june_24_g0,0.999341238471673,,,,5,,20,4,8,0,1,6,2,0,1,1,2H,1S,,35,0,True,False,True,False,0
top_four,dendro,occupancy,no_origin,6,unith,5,Faure,june_24_g0,0.999341238471673,,,,5,5,20,4,8,0,1,7,2,0,2,1,2H,2S,0.681039088375988,35,15,True,True,True,True,0
top_four,dendro,occupancy,no_origin,6,unith,5,Faure,june_24_g0,0.999341238471673,,,,5,2,20,4,8,0,1,8,2,0,3,1,2H,3S,0.31227190152725404,35,4,True,True,True,False,0
top_four,dendro,occupancy,no_origin,6,unith,5,Faure,june_24_g0,0.999341238471673,,,,5,5,20,4,8,0,1,9,2,0,4,1,2H,4S,0.6501917222092721,35,50,True,True,True,True,0
top_four,dendro,occupancy,no_origin,6,unith,5,Faure,june_24_g0,0.999341238471673,,,,5,5,20,4,8,0,1,10,2,0,5,1,2H,5S,0.5024205730782725,35,72,True,True,True,True,0
top_four,dendro,occupancy,no_origin,6,unith,5,Faure,june_24_g0,0.999341238471673,,,,5,5,20,4,8,0,1,11,2,0,6,1,2H,6S,0.5639278920419855,35,58,True,True,True,True,0
top_four,dendro,occupancy,no_origin,6,unith,5,Faure,june_24_g0,0.999341238471673,,,,5,5,20,4,8,0,2,0,3,0,1,0,3H,1H,0.6106319630043607,48,43,True,True,True,True,0
top_four,dendro,occupancy,no_origin,6,unith,5,Faure,june_24_g0,0.999341238471673,,,,5,5,20,4,8,0,2,1,3,0,2,0,3H,2H,0.5858446024537882,48,35,True,True,True,True,0
top_four,dendro,occupancy,no_origin,6,unith,5,Faure,june_24_g0,0.999341238471673,,,,5,5,20,4,8,0,2,2,3,0,3,0,3H,3H,0.32292260311939114,48,48,True,True,True,True,0
top_four,dendro,occupancy,no_origin,6,unith,5,Faure,june_24_g0,0.999341238471673,,,,5,5,20,4,8,0,2,3,3,0,4,0,3H,4H,0.6032653674118948,48,12,True,True,True,True,0
top_four,dendro,occupancy,no_origin,6,unith,5,Faure,june_24_g0,0.999341238471673,,,,5,5,20,4,8,0,2,4,3,0,5,0,3H,5H,0.4205016863196921,48,18,True,True,True,True,0
top_four,dendro,occupancy,no_origin,6,unith,5,Faure,june_24_g0,0.999341238471673,,,,5,5,20,4,8,0,2,5,3,0,6,0,3H,6H,0.6250448342328828,48,11,True,True,True,True,0
top_four,dendro,occupancy,no_origin,6,unith,5,Faure,june_24_g0,0.999341238471673,,,,5,,20,4,8,0,2,6,3,0,1,1,3H,1S,,48,0,True,False,True,False,0
top_four,dendro,occupancy,no_origin,6,unith,5,Faure,june_24_g0,0.999341238471673,,,,5,5,20,4,8,0,2,7,3,0,2,1,3H,2S,0.5255734413189886,48,15,True,True,True,True,0
top_four,dendro,occupancy,no_origin,6,unith,5,Faure,june_24_g0,0.999341238471673,,,,5,2,20,4,8,0,2,8,3,0,3,1,3H,3S,0.33797094712952463,48,4,True,True,True,False,0
top_four,dendro,occupancy,no_origin,6,unith,5,Faure,june_24_g0,0.999341238471673,,,,5,5,20,4,8,0,2,9,3,0,4,1,3H,4S,0.4011347913323382,48,50,True,True,True,True,0
top_four,dendro,occupancy,no_origin,6,unith,5,Faure,june_24_g0,0.999341238471673,,,,5,5,20,4,8,0,2,10,3,0,5,1,3H,5S,0.3843426823864228,48,72,True,True,True,True,0
top_four,dendro,occupancy,no_origin,6,unith,5,Faure,june_24_g0,0.999341238471673,,,,5,5,20,4,8,0,2,11,3,0,6,1,3H,6S,0.44215751737364667,48,58,True,True,True,True,0
top_four,dendro,occupancy,no_origin,6,unith,5,Faure,june_24_g0,0.999341238471673,,,,5,5,20,4,8,0,3,0,4,0,1,0,4H,1H,0.7995865770448883,12,43,True,True,True,True,0
top_four,dendro,occupancy,no_origin,6,unith,5,Faure,june_24_g0,0.999341238471673,,,,5,5,20,4,8,0,3,1,4,0,2,0,4H,2H,0.8209250618393078,12,35,True,True,True,True,0
top_four,dendro,occupancy,no_origin,6,unith,5,Faure,june_24_g0,0.999341238471673,,,,5,5,20,4,8,0,3,2,4,0,3,0,4H,3H,0.6032653674118948,12,48,True,True,True,True,0
top_four,dendro,occupancy,no_origin,6,unith,5,Faure,june_24_g0,0.999341238471673,,,,5,5,20,4,8,0,3,3,4,0,4,0,4H,4H,0.8462260452325457,12,12,True,True,True,True,0
top_four,dendro,occupancy,no_origin,6,unith,5,Faure,june_24_g0,0.999341238471673,,,,5,5,20,4,8,0,3,4,4,0,5,0,4H,5H,0.6170482954209594,12,18,True,True,True,True,0
top_four,dendro,occupancy,no_origin,6,unith,5,Faure,june_24_g0,0.999341238471673,,,,5,5,20,4,8,0,3,5,4,0,6,0,4H,6H,0.7330463172944459,12,11,True,True,True,True,0
top_four,dendro,occupancy,no_origin,6,unith,5,Faure,june_24_g0,0.999341238471673,,,,5,,20,4,8,0,3,6,4,0,1,1,4H,1S,,12,0,True,False,True,False,0
top_four,dendro,occupancy,no_origin,6,unith,5,Faure,june_24_g0,0.999341238471673,,,,5,5,20,4,8,0,3,7,4,0,2,1,4H,2S,0.7691092061117006,12,15,True,True,True,True,0
top_four,dendro,occupancy,no_origin,6,unith,5,Faure,june_24_g0,0.999341238471673,,,,5,2,20,4,8,0,3,8,4,0,3,1,4H,3S,0.3937924222513082,12,4,True,True,True,False,0
top_four,dendro,occupancy,no_origin,6,unith,5,Faure,june_24_g0,0.999341238471673,,,,5,5,20,4,8,0,3,9,4,0,4,1,4H,4S,0.6545492052650481,12,50,True,True,True,True,0
top_four,dendro,occupancy,no_origin,6,unith,5,Faure,june_24_g0,0.999341238471673,,,,5,5,20,4,8,0,3,10,4,0,5,1,4H,5S,0.5048424267835669,12,72,True,True,True,True,0
top_four,dendro,occupancy,no_origin,6,unith,5,Faure,june_24_g0,0.999341238471673,,,,5,5,20,4,8,0,3,11,4,0,6,1,4H,6S,0.6138663818573274,12,58,True,True,True,True,0
top_four,dendro,occupancy,no_origin,6,unith,5,Faure,june_24_g0,0.999341238471673,,,,5,5,20,4,8,0,4,0,5,0,1,0,5H,1H,0.6265402608399266,18,43,True,True,True,True,0
top_four,dendro,occupancy,no_origin,6,unith,5,Faure,june_24_g0,0.999341238471673,,,,5,5,20,4,8,0,4,1,5,0,2,0,5H,2H,0.5942798882087666,18,35,True,True,True,True,0
top_four,dendro,occupancy,no_origin,6,unith,5,Faure,june_24_g0,0.999341238471673,,,,5,5,20,4,8,0,4,2,5,0,3,0,5H,3H,0.4205016863196921,18,48,True,True,True,True,0
top_four,dendro,occupancy,no_origin,6,unith,5,Faure,june_24_g0,0.999341238471673,,,,5,5,20,4,8,0,4,3,5,0,4,0,5H,4H,0.6170482954209594,18,12,True,True,True,True,0
top_four,dendro,occupancy,no_origin,6,unith,5,Faure,june_24_g0,0.999341238471673,,,,5,5,20,4,8,0,4,4,5,0,5,0,5H,5H,0.6392920778809332,18,18,True,True,True,True,0
top_four,dendro,occupancy,no_origin,6,unith,5,Faure,june_24_g0,0.999341238471673,,,,5,5,20,4,8,0,4,5,5,0,6,0,5H,6H,0.4443844626690721,18,11,True,True,True,True,0
top_four,dendro,occupancy,no_origin,6,unith,5,Faure,june_24_g0,0.999341238471673,,,,5,,20,4,8,0,4,6,5,0,1,1,5H,1S,,18,0,True,False,True,False,0
top_four,dendro,occupancy,no_origin,6,unith,5,Faure,june_24_g0,0.999341238471673,,,,5,5,20,4,8,0,4,7,5,0,2,1,5H,2S,0.5194078057687634,18,15,True,True,True,True,0
top_four,dendro,occupancy,no_origin,6,unith,5,Faure,june_24_g0,0.999341238471673,,,,5,2,20,4,8,0,4,8,5,0,3,1,5H,3S,-0.04691765005678162,18,4,True,True,True,False,0
top_four,dendro,occupancy,no_origin,6,unith,5,Faure,june_24_g0,0.999341238471673,,,,5,5,20,4,8,0,4,9,5,0,4,1,5H,4S,0.39208768889746254,18,50,True,True,True,True,0
top_four,dendro,occupancy,no_origin,6,unith,5,Faure,june_24_g0,0.999341238471673,,,,5,5,20,4,8,0,4,10,5,0,5,1,5H,5S,0.394088603545869,18,72,True,True,True,True,0
top_four,dendro,occupancy,no_origin,6,unith,5,Faure,june_24_g0,0.999341238471673,,,,5,5,20,4,8,0,4,11,5,0,6,1,5H,6S,0.4383751435681404,18,58,True,True,True,True,0
top_four,dendro,occupancy,no_origin,6,unith,5,Faure,june_24_g0,0.999341238471673,,,,5,5,20,4,8,0,5,0,6,0,1,0,6H,1H,0.6693223483132325,11,43,True,True,True,True,0
top_four,dendro,occupancy,no_origin,6,unith,5,Faure,june_24_g0,0.999341238471673,,,,5,5,20,4,8,0,5,1,6,0,2,0,6H,2H,0.6785828342668319,11,35,True,True,True,True,0
top_four,dendro,occupancy,no_origin,6,unith,5,Faure,june_24_g0,0.999341238471673,,,,5,5,20,4,8,0,5,2,6,0,3,0,6H,3H,0.6250448342328828,11,48,True,True,True,True,0
top_four,dendro,occupancy,no_origin,6,unith,5,Faure,june_24_g0,0.999341238471673,,,,5,5,20,4,8,0,5,3,6,0,4,0,6H,4H,0.7330463172944459,11,12,True,True,True,True,0
top_four,dendro,occupancy,no_origin,6,unith,5,Faure,june_24_g0,0.999341238471673,,,,5,5,20,4,8,0,5,4,6,0,5,0,6H,5H,0.4443844626690721,11,18,True,True,True,True,0
top_four,dendro,occupancy,no_origin,6,unith,5,Faure,june_24_g0,0.999341238471673,,,,5,5,20,4,8,0,5,5,6,0,6,0,6H,6H,0.6604508765006901,11,11,True,True,True,True,0
top_four,dendro,occupancy,no_origin,6,unith,5,Faure,june_24_g0,0.999341238471673,,,,5,,20,4,8,0,5,6,6,0,1,1,6H,1S,,11,0,True,False,True,False,0
top_four,dendro,occupancy,no_origin,6,unith,5,Faure,june_24_g0,0.999341238471673,,,,5,5,20,4,8,0,5,7,6,0,2,1,6H,2S,0.6714166208527945,11,15,True,True,True,True,0
top_four,dendro,occupancy,no_origin,6,unith,5,Faure,june_24_g0,0.999341238471673,,,,5,2,20,4,8,0,5,8,6,0,3,1,6H,3S,0.5551836072916876,11,4,True,True,True,False,0
top_four,dendro,occupancy,no_origin,6,unith,5,Faure,june_24_g0,0.999341238471673,,,,5,5,20,4,8,0,5,9,6,0,4,1,6H,4S,0.6306087387214162,11,50,True,True,True,True,0
top_four,dendro,occupancy,no_origin,6,unith,5,Faure,june_24_g0,0.999341238471673,,,,5,5,20,4,8,0,5,10,6,0,5,1,6H,5S,0.4440914260736658,11,72,True,True,True,True,0
top_four,dendro,occupancy,no_origin,6,unith,5,Faure,june_24_g0,0.999341238471673,,,,5,5,20,4,8,0,5,11,6,0,6,1,6H,6S,0.5825143438530209,11,58,True,True,True,True,0
top_four,dendro,occupancy,no_origin,6,unith,5,Faure,june_24_g0,0.999341238471673,,,,,5,20,4,8,0,6,0,1,1,1,0,1S,1H,,0,43,False,True,False,True,0
top_four,dendro,occupancy,no_origin,6,unith,5,Faure,june_24_g0,0.999341238471673,,,,,5,20,4,8,0,6,1,1,1,2,0,1S,2H,,0,35,False,True,False,True,0
top_four,dendro,occupancy,no_origin,6,unith,5,Faure,june_24_g0,0.999341238471673,,,,,5,20,4,8,0,6,2,1,1,3,0,1S,3H,,0,48,False,True,False,True,0
top_four,dendro,occupancy,no_origin,6,unith,5,Faure,june_24_g0,0.999341238471673,,,,,5,20,4,8,0,6,3,1,1,4,0,1S,4H,,0,12,False,True,False,True,0
top_four,dendro,occupancy,no_origin,6,unith,5,Faure,june_24_g0,0.999341238471673,,,,,5,20,4,8,0,6,4,1,1,5,0,1S,5H,,0,18,False,True,False,True,0
top_four,dendro,occupancy,no_origin,6,unith,5,Faure,june_24_g0,0.999341238471673,,,,,5,20,4,8,0,6,5,1,1,6,0,1S,6H,,0,11,False,True,False,True,0
top_four,dendro,occupancy,no_origin,6,unith,5,Faure,june_24_g0,0.999341238471673,,,,,,20,4,8,0,6,6,1,1,1,1,1S,1S,,0,0,False,False,False,False,0
top_four,dendro,occupancy,no_origin,6,unith,5,Faure,june_24_g0,0.999341238471673,,,,,5,20,4,8,0,6,7,1,1,2,1,1S,2S,,0,15,False,True,False,True,0
top_four,dendro,occupancy,no_origin,6,unith,5,Faure,june_24_g0,0.999341238471673,,,,,2,20,4,8,0,6,8,1,1,3,1,1S,3S,,0,4,False,True,False,False,0
top_four,dendro,occupancy,no_origin,6,unith,5,Faure,june_24_g0,0.999341238471673,,,,,5,20,4,8,0,6,9,1,1,4,1,1S,4S,,0,50,False,True,False,True,0
top_four,dendro,occupancy,no_origin,6,unith,5,Faure,june_24_g0,0.999341238471673,,,,,5,20,4,8,0,6,10,1,1,5,1,1S,5S,,0,72,False,True,False,True,0
top_four,dendro,occupancy,no_origin,6,unith,5,Faure,june_24_g0,0.999341238471673,,,,,5,20,4,8,0,6,11,1,1,6,1,1S,6S,,0,58,False,True,False,True,0
top_four,dendro,occupancy,no_origin,6,unith,5,Faure,june_24_g0,0.999341238471673,,,,5,5,20,4,8,0,7,0,2,1,1,0,2S,1H,0.635342259883146,15,43,True,True,True,True,0
top_four,dendro,occupancy,no_origin,6,unith,5,Faure,june_24_g0,0.999341238471673,,,,5,5,20,4,8,0,7,1,2,1,2,0,2S,2H,0.681039088375988,15,35,True,True,True,True,0
top_four,dendro,occupancy,no_origin,6,unith,5,Faure,june_24_g0,0.999341238471673,,,,5,5,20,4,8,0,7,2,2,1,3,0,2S,3H,0.5255734413189886,15,48,True,True,True,True,0
top_four,dendro,occupancy,no_origin,6,unith,5,Faure,june_24_g0,0.999341238471673,,,,5,5,20,4,8,0,7,3,2,1,4,0,2S,4H,0.7691092061117006,15,12,True,True,True,True,0
top_four,dendro,occupancy,no_origin,6,unith,5,Faure,june_24_g0,0.999341238471673,,,,5,5,20,4,8,0,7,4,2,1,5,0,2S,5H,0.5194078057687634,15,18,True,True,True,True,0
top_four,dendro,occupancy,no_origin,6,unith,5,Faure,june_24_g0,0.999341238471673,,,,5,5,20,4,8,0,7,5,2,1,6,0,2S,6H,0.6714166208527945,15,11,True,True,True,True,0
top_four,dendro,occupancy,no_origin,6,unith,5,Faure,june_24_g0,0.999341238471673,,,,5,,20,4,8,0,7,6,2,1,1,1,2S,1S,,15,0,True,False,True,False,0
top_four,dendro,occupancy,no_origin,6,unith,5,Faure,june_24_g0,0.999341238471673,,,,5,5,20,4,8,0,7,7,2,1,2,1,2S,2S,0.444014172945374,15,15,True,True,True,True,0
top_four,dendro,occupancy,no_origin,6,unith,5,Faure,june_24_g0,0.999341238471673,,,,5,2,20,4,8,0,7,8,2,1,3,1,2S,3S,0.4186740527196792,15,4,True,True,True,False,0
top_four,dendro,occupancy,no_origin,6,unith,5,Faure,june_24_g0,0.999341238471673,,,,5,5,20,4,8,0,7,9,2,1,4,1,2S,4S,0.5446190541472917,15,50,True,True,True,True,0
top_four,dendro,occupancy,no_origin,6,unith,5,Faure,june_24_g0,0.999341238471673,,,,5,5,20,4,8,0,7,10,2,1,5,1,2S,5S,0.4722387899281523,15,72,True,True,True,True,0
top_four,dendro,occupancy,no_origin,6,unith,5,Faure,june_24_g0,0.999341238471673,,,,5,5,20,4,8,0,7,11,2,1,6,1,2S,6S,0.5411587059927558,15,58,True,True,True,True,0
top_four,dendro,occupancy,no_origin,6,unith,5,Faure,june_24_g0,0.999341238471673,,,,2,5,20,4,8,0,8,0,3,1,1,0,3S,1H,0.3105187569671566,4,43,True,True,False,True,0
top_four,dendro,occupancy,no_origin,6,unith,5,Faure,june_24_g0,0.999341238471673,,,,2,5,20,4,8,0,8,1,3,1,2,0,3S,2H,0.31227190152725404,4,35,True,True,False,True,0
top_four,dendro,occupancy,no_origin,6,unith,5,Faure,june_24_g0,0.999341238471673,,,,2,5,20,4,8,0,8,2,3,1,3,0,3S,3H,0.33797094712952463,4,48,True,True,False,True,0
top_four,dendro,occupancy,no_origin,6,unith,5,Faure,june_24_g0,0.999341238471673,,,,2,5,20,4,8,0,8,3,3,1,4,0,3S,4H,0.3937924222513082,4,12,True,True,False,True,0
top_four,dendro,occupancy,no_origin,6,unith,5,Faure,june_24_g0,0.999341238471673,,,,2,5,20,4,8,0,8,4,3,1,5,0,3S,5H,-0.04691765005678162,4,18,True,True,False,True,0
top_four,dendro,occupancy,no_origin,6,unith,5,Faure,june_24_g0,0.999341238471673,,,,2,5,20,4,8,0,8,5,3,1,6,0,3S,6H,0.5551836072916876,4,11,True,True,False,True,0
top_four,dendro,occupancy,no_origin,6,unith,5,Faure,june_24_g0,0.999341238471673,,,,2,,20,4,8,0,8,6,3,1,1,1,3S,1S,,4,0,True,False,False,False,0
top_four,dendro,occupancy,no_origin,6,unith,5,Faure,june_24_g0,0.999341238471673,,,,2,5,20,4,8,0,8,7,3,1,2,1,3S,2S,0.4186740527196792,4,15,True,True,False,True,0
top_four,dendro,occupancy,no_origin,6,unith,5,Faure,june_24_g0,0.999341238471673,,,,2,2,20,4,8,0,8,8,3,1,3,1,3S,3S,0.5335678181555059,4,4,True,True,False,False,0
top_four,dendro,occupancy,no_origin,6,unith,5,Faure,june_24_g0,0.999341238471673,,,,2,5,20,4,8,0,8,9,3,1,4,1,3S,4S,0.45658583271662073,4,50,True,True,False,True,0
top_four,dendro,occupancy,no_origin,6,unith,5,Faure,june_24_g0,0.999341238471673,,,,2,5,20,4,8,0,8,10,3,1,5,1,3S,5S,0.19682249570889773,4,72,True,True,False,True,0
top_four,dendro,occupancy,no_origin,6,unith,5,Faure,june_24_g0,0.999341238471673,,,,2,5,20,4,8,0,8,11,3,1,6,1,3S,6S,0.30823559693335445,4,58,True,True,False,True,0
top_four,dendro,occupancy,no_origin,6,unith,5,Faure,june_24_g0,0.999341238471673,,,,5,5,20,4,8,0,9,0,4,1,1,0,4S,1H,0.6051254996143313,50,43,True,True,True,True,0
top_four,dendro,occupancy,no_origin,6,unith,5,Faure,june_24_g0,0.999341238471673,,,,5,5,20,4,8,0,9,1,4,1,2,0,4S,2H,0.6501917222092721,50,35,True,True,True,True,0
top_four,dendro,occupancy,no_origin,6,unith,5,Faure,june_24_g0,0.999341238471673,,,,5,5,20,4,8,0,9,2,4,1,3,0,4S,3H,0.4011347913323382,50,48,True,True,True,True,0
top_four,dendro,occupancy,no_origin,6,unith,5,Faure,june_24_g0,0.999341238471673,,,,5,5,20,4,8,0,9,3,4,1,4,0,4S,4H,0.6545492052650481,50,12,True,True,True,True,0
top_four,dendro,occupancy,no_origin,6,unith,5,Faure,june_24_g0,0.999341238471673,,,,5,5,20,4,8,0,9,4,4,1,5,0,4S,5H,0.39208768889746254,50,18,True,True,True,True,0
top_four,dendro,occupancy,no_origin,6,unith,5,Faure,june_24_g0,0.999341238471673,,,,5,5,20,4,8,0,9,5,4,1,6,0,4S,6H,0.6306087387214162,50,11,True,True,True,True,0
top_four,dendro,occupancy,no_origin,6,unith,5,Faure,june_24_g0,0.999341238471673,,,,5,,20,4,8,0,9,6,4,1,1,1,4S,1S,,50,0,True,False,True,False,0
top_four,dendro,occupancy,no_origin,6,unith,5,Faure,june_24_g0,0.999341238471673,,,,5,5,20,4,8,0,9,7,4,1,2,1,4S,2S,0.5446190541472917,50,15,True,True,True,True,0
top_four,dendro,occupancy,no_origin,6,unith,5,Faure,june_24_g0,0.999341238471673,,,,5,2,20,4,8,0,9,8,4,1,3,1,4S,3S,0.45658583271662073,50,4,True,True,True,False,0
top_four,dendro,occupancy,no_origin,6,unith,5,Faure,june_24_g0,0.999341238471673,,,,5,5,20,4,8,0,9,9,4,1,4,1,4S,4S,0.5525914614277749,50,50,True,True,True,True,0
top_four,dendro,occupancy,no_origin,6,unith,5,Faure,june_24_g0,0.999341238471673,,,,5,5,20,4,8,0,9,10,4,1,5,1,4S,5S,0.3760814645659349,50,72,True,True,True,True,0
top_four,dendro,occupancy,no_origin,6,unith,5,Faure,june_24_g0,0.999341238471673,,,,5,5,20,4,8,0,9,11,4,1,6,1,4S,6S,0.5678818135398533,50,58,True,True,True,True,0
top_four,dendro,occupancy,no_origin,6,unith,5,Faure,june_24_g0,0.999341238471673,,,,5,5,20,4,8,0,10,0,5,1,1,0,5S,1H,0.46079138511999884,72,43,True,True,True,True,0
top_four,dendro,occupancy,no_origin,6,unith,5,Faure,june_24_g0,0.999341238471673,,,,5,5,20,4,8,0,10,1,5,1,2,0,5S,2H,0.5024205730782725,72,35,True,True,True,True,0
top_four,dendro,occupancy,no_origin,6,unith,5,Faure,june_24_g0,0.999341238471673,,,,5,5,20,4,8,0,10,2,5,1,3,0,5S,3H,0.3843426823864228,72,48,True,True,True,True,0
top_four,dendro,occupancy,no_origin,6,unith,5,Faure,june_24_g0,0.999341238471673,,,,5,5,20,4,8,0,10,3,5,1,4,0,5S,4H,0.5048424267835669,72,12,True,True,True,True,0
top_four,dendro,occupancy,no_origin,6,unith,5,Faure,june_24_g0,0.999341238471673,,,,5,5,20,4,8,0,10,4,5,1,5,0,5S,5H,0.394088603545869,72,18,True,True,True,True,0
top_four,dendro,occupancy,no_origin,6,unith,5,Faure,june_24_g0,0.999341238471673,,,,5,5,20,4,8,0,10,5,5,1,6,0,5S,6H,0.4440914260736658,72,11,True,True,True,True,0
top_four,dendro,occupancy,no_origin,6,unith,5,Faure,june_24_g0,0.999341238471673,,,,5,,20,4,8,0,10,6,5,1,1,1,5S,1S,,72,0,True,False,True,False,0
top_four,dendro,occupancy,no_origin,6,unith,5,Faure,june_24_g0,0.999341238471673,,,,5,5,20,4,8,0,10,7,5,1,2,1,5S,2S,0.4722387899281523,72,15,True,True,True,True,0
top_four,dendro,occupancy,no_origin,6,unith,5,Faure,june_24_g0,0.999341238471673,,,,5,2,20,4,8,0,10,8,5,1,3,1,5S,3S,0.19682249570889773,72,4,True,True,True,False,0
top_four,dendro,occupancy,no_origin,6,unith,5,Faure,june_24_g0,0.999341238471673,,,,5,5,20,4,8,0,10,9,5,1,4,1,5S,4S,0.3760814645659349,72,50,True,True,True,True,0
top_four,dendro,occupancy,no_origin,6,unith,5,Faure,june_24_g0,0.999341238471673,,,,5,5,20,4,8,0,10,10,5,1,5,1,5S,5S,0.30935745729422315,72,72,True,True,True,True,0
top_four,dendro,occupancy,no_origin,6,unith,5,Faure,june_24_g0,0.999341238471673,,,,5,5,20,4,8,0,10,11,5,1,6,1,5S,6S,0.519787725333172,72,58,True,True,True,True,0
top_four,dendro,occupancy,no_origin,6,unith,5,Faure,june_24_g0,0.999341238471673,,,,5,5,20,4,8,0,11,0,6,1,1,0,6S,1H,0.5445330205096649,58,43,True,True,True,True,0
top_four,dendro,occupancy,no_origin,6,unith,5,Faure,june_24_g0,0.999341238471673,,,,5,5,20,4,8,0,11,1,6,1,2,0,6S,2H,0.5639278920419855,58,35,True,True,True,True,0
top_four,dendro,occupancy,no_origin,6,unith,5,Faure,june_24_g0,0.999341238471673,,,,5,5,20,4,8,0,11,2,6,1,3,0,6S,3H,0.44215751737364667,58,48,True,True,True,True,0
top_four,dendro,occupancy,no_origin,6,unith,5,Faure,june_24_g0,0.999341238471673,,,,5,5,20,4,8,0,11,3,6,1,4,0,6S,4H,0.6138663818573274,58,12,True,True,True,True,0
top_four,dendro,occupancy,no_origin,6,unith,5,Faure,june_24_g0,0.999341238471673,,,,5,5,20,4,8,0,11,4,6,1,5,0,6S,5H,0.4383751435681404,58,18,True,True,True,True,0
top_four,dendro,occupancy,no_origin,6,unith,5,Faure,june_24_g0,0.999341238471673,,,,5,5,20,4,8,0,11,5,6,1,6,0,6S,6H,0.5825143438530209,58,11,True,True,True,True,0
top_four,dendro,occupancy,no_origin,6,unith,5,Faure,june_24_g0,0.999341238471673,,,,5,,20,4,8,0,11,6,6,1,1,1,6S,1S,,58,0,True,False,True,False,0
top_four,dendro,occupancy,no_origin,6,unith,5,Faure,june_24_g0,0.999341238471673,,,,5,5,20,4,8,0,11,7,6,1,2,1,6S,2S,0.5411587059927558,58,15,True,True,True,True,0
top_four,dendro,occupancy,no_origin,6,unith,5,Faure,june_24_g0,0.999341238471673,,,,5,2,20,4,8,0,11,8,6,1,3,1,6S,3S,0.30823559693335445,58,4,True,True,True,False,0
top_four,dendro,occupancy,no_origin,6,unith,5,Faure,june_24_g0,0.999341238471673,,,,5,5,20,4,8,0,11,9,6,1,4,1,6S,4S,0.5678818135398533,58,50,True,True,True,True,0
top_four,dendro,occupancy,no_origin,6,unith,5,Faure,june_24_g0,0.999341238471673,,,,5,5,20,4,8,0,11,10,6,1,5,1,6S,5S,0.519787725333172,58,72,True,True,True,True,0
top_four,dendro,occupancy,no_origin,6,unith,5,Faure,june_24_g0,0.999341238471673,,,,5,5,20,4,8,0,11,11,6,1,6,1,6S,6S,0.5234434354358078,58,58,True,True,True,True,0
top_four,dendro,occupancy,no_origin,6,unith,5,Faure,june_8_g0,0.998737373737374,,,,17,17,20,4,8,0,0,0,1,0,1,0,1H,1H,0.9189184582531217,44,44,True,True,True,True,0
top_four,dendro,occupancy,no_origin,6,unith,5,Faure,june_8_g0,0.998737373737374,,,,17,17,20,4,8,0,0,1,1,0,2,0,1H,2H,0.9009588028068538,44,34,True,True,True,True,0
top_four,dendro,occupancy,no_origin,6,unith,5,Faure,june_8_g0,0.998737373737374,,,,17,17,20,4,8,0,0,2,1,0,3,0,1H,3H,0.9391102253388353,44,43,True,True,True,True,0
top_four,dendro,occupancy,no_origin,6,unith,5,Faure,june_8_g0,0.998737373737374,,,,17,,20,4,8,0,0,3,1,0,4,0,1H,4H,,44,0,True,False,True,False,0
top_four,dendro,occupancy,no_origin,6,unith,5,Faure,june_8_g0,0.998737373737374,,,,17,,20,4,8,0,0,4,1,0,5,0,1H,5H,,44,0,True,False,True,False,0
top_four,dendro,occupancy,no_origin,6,unith,5,Faure,june_8_g0,0.998737373737374,,,,17,,20,4,8,0,0,5,1,0,6,0,1H,6H,,44,0,True,False,True,False,0
top_four,dendro,occupancy,no_origin,6,unith,5,Faure,june_8_g0,0.998737373737374,,,,17,,20,4,8,0,0,6,1,0,1,1,1H,1S,,44,0,True,False,True,False,0
top_four,dendro,occupancy,no_origin,6,unith,5,Faure,june_8_g0,0.998737373737374,,,,17,3,20,4,8,0,0,7,1,0,2,1,1H,2S,0.7299927868482341,44,7,True,True,True,False,0
top_four,dendro,occupancy,no_origin,6,unith,5,Faure,june_8_g0,0.998737373737374,,,,17,,20,4,8,0,0,8,1,0,3,1,1H,3S,,44,0,True,False,True,False,0
top_four,dendro,occupancy,no_origin,6,unith,5,Faure,june_8_g0,0.998737373737374,,,,17,17,20,4,8,0,0,9,1,0,4,1,1H,4S,0.879262069714741,44,48,True,True,True,True,0
top_four,dendro,occupancy,no_origin,6,unith,5,Faure,june_8_g0,0.998737373737374,,,,17,17,20,4,8,0,0,10,1,0,5,1,1H,5S,0.7472790658794685,44,60,True,True,True,True,0
top_four,dendro,occupancy,no_origin,6,unith,5,Faure,june_8_g0,0.998737373737374,,,,17,17,20,4,8,0,0,11,1,0,6,1,1H,6S,0.8971794733630857,44,54,True,True,True,True,0
top_four,dendro,occupancy,no_origin,6,unith,5,Faure,june_8_g0,0.998737373737374,,,,17,17,20,4,8,0,1,0,2,0,1,0,2H,1H,0.9009588028068538,34,44,True,True,True,True,0
top_four,dendro,occupancy,no_origin,6,unith,5,Faure,june_8_g0,0.998737373737374,,,,17,17,20,4,8,0,1,1,2,0,2,0,2H,2H,0.9530374712846909,34,34,True,True,True,True,0
top_four,dendro,occupancy,no_origin,6,unith,5,Faure,june_8_g0,0.998737373737374,,,,17,17,20,4,8,0,1,2,2,0,3,0,2H,3H,0.9288942901246464,34,43,True,True,True,True,0
top_four,dendro,occupancy,no_origin,6,unith,5,Faure,june_8_g0,0.998737373737374,,,,17,,20,4,8,0,1,3,2,0,4,0,2H,4H,,34,0,True,False,True,False,0
top_four,dendro,occupancy,no_origin,6,unith,5,Faure,june_8_g0,0.998737373737374,,,,17,,20,4,8,0,1,4,2,0,5,0,2H,5H,,34,0,True,False,True,False,0
top_four,dendro,occupancy,no_origin,6,unith,5,Faure,june_8_g0,0.998737373737374,,,,17,,20,4,8,0,1,5,2,0,6,0,2H,6H,,34,0,True,False,True,False,0
top_four,dendro,occupancy,no_origin,6,unith,5,Faure,june_8_g0,0.998737373737374,,,,17,,20,4,8,0,1,6,2,0,1,1,2H,1S,,34,0,True,False,True,False,0
top_four,dendro,occupancy,no_origin,6,unith,5,Faure,june_8_g0,0.998737373737374,,,,17,3,20,4,8,0,1,7,2,0,2,1,2H,2S,0.8793898055135285,34,7,True,True,True,False,0
top_four,dendro,occupancy,no_origin,6,unith,5,Faure,june_8_g0,0.998737373737374,,,,17,,20,4,8,0,1,8,2,0,3,1,2H,3S,,34,0,True,False,True,False,0
top_four,dendro,occupancy,no_origin,6,unith,5,Faure,june_8_g0,0.998737373737374,,,,17,17,20,4,8,0,1,9,2,0,4,1,2H,4S,0.9560780712564831,34,48,True,True,True,True,0
top_four,dendro,occupancy,no_origin,6,unith,5,Faure,june_8_g0,0.998737373737374,,,,17,17,20,4,8,0,1,10,2,0,5,1,2H,5S,0.7326790745091029,34,60,True,True,True,True,0
top_four,dendro,occupancy,no_origin,6,unith,5,Faure,june_8_g0,0.998737373737374,,,,17,17,20,4,8,0,1,11,2,0,6,1,2H,6S,0.9393768767931832,34,54,True,True,True,True,0
top_four,dendro,occupancy,no_origin,6,unith,5,Faure,june_8_g0,0.998737373737374,,,,17,17,20,4,8,0,2,0,3,0,1,0,3H,1H,0.9391102253388353,43,44,True,True,True,True,0
top_four,dendro,occupancy,no_origin,6,unith,5,Faure,june_8_g0,0.998737373737374,,,,17,17,20,4,8,0,2,1,3,0,2,0,3H,2H,0.9288942901246464,43,34,True,True,True,True,0
top_four,dendro,occupancy,no_origin,6,unith,5,Faure,june_8_g0,0.998737373737374,,,,17,17,20,4,8,0,2,2,3,0,3,0,3H,3H,0.9434307473095579,43,43,True,True,True,True,0
top_four,dendro,occupancy,no_origin,6,unith,5,Faure,june_8_g0,0.998737373737374,,,,17,,20,4,8,0,2,3,3,0,4,0,3H,4H,,43,0,True,False,True,False,0
top_four,dendro,occupancy,no_origin,6,unith,5,Faure,june_8_g0,0.998737373737374,,,,17,,20,4,8,0,2,4,3,0,5,0,3H,5H,,43,0,True,False,True,False,0
top_four,dendro,occupancy,no_origin,6,unith,5,Faure,june_8_g0,0.998737373737374,,,,17,,20,4,8,0,2,5,3,0,6,0,3H,6H,,43,0,True,False,True,False,0
top_four,dendro,occupancy,no_origin,6,unith,5,Faure,june_8_g0,0.998737373737374,,,,17,,20,4,8,0,2,6,3,0,1,1,3H,1S,,43,0,True,False,True,False,0
top_four,dendro,occupancy,no_origin,6,unith,5,Faure,june_8_g0,0.998737373737374,,,,17,3,20,4,8,0,2,7,3,0,2,1,3H,2S,0.8146920094168703,43,7,True,True,True,False,0
top_four,dendro,occupancy,no_origin,6,unith,5,Faure,june_8_g0,0.998737373737374,,,,17,,20,4,8,0,2,8,3,0,3,1,3H,3S,,43,0,True,False,True,False,0
top_four,dendro,occupancy,no_origin,6,unith,5,Faure,june_8_g0,0.998737373737374,,,,17,17,20,4,8,0,2,9,3,0,4,1,3H,4S,0.9446712257075454,43,48,True,True,True,True,0
top_four,dendro,occupancy,no_origin,6,unith,5,Faure,june_8_g0,0.998737373737374,,,,17,17,20,4,8,0,2,10,3,0,5,1,3H,5S,0.7123474611868627,43,60,True,True,True,True,0
top_four,dendro,occupancy,no_origin,6,unith,5,Faure,june_8_g0,0.998737373737374,,,,17,17,20,4,8,0,2,11,3,0,6,1,3H,6S,0.9153832338576879,43,54,True,True,True,True,0
top_four,dendro,occupancy,no_origin,6,unith,5,Faure,june_8_g0,0.998737373737374,,,,,17,20,4,8,0,3,0,4,0,1,0,4H,1H,,0,44,False,True,False,True,0
top_four,dendro,occupancy,no_origin,6,unith,5,Faure,june_8_g0,0.998737373737374,,,,,17,20,4,8,0,3,1,4,0,2,0,4H,2H,,0,34,False,True,False,True,0
top_four,dendro,occupancy,no_origin,6,unith,5,Faure,june_8_g0,0.998737373737374,,,,,17,20,4,8,0,3,2,4,0,3,0,4H,3H,,0,43,False,True,False,True,0
top_four,dendro,occupancy,no_origin,6,unith,5,Faure,june_8_g0,0.998737373737374,,,,,,20,4,8,0,3,3,4,0,4,0,4H,4H,,0,0,False,False,False,False,0
top_four,dendro,occupancy,no_origin,6,unith,5,Faure,june_8_g0,0.998737373737374,,,,,,20,4,8,0,3,4,4,0,5,0,4H,5H,,0,0,False,False,False,False,0
top_four,dendro,occupancy,no_origin,6,unith,5,Faure,june_8_g0,0.998737373737374,,,,,,20,4,8,0,3,5,4,0,6,0,4H,6H,,0,0,False,False,False,False,0
top_four,dendro,occupancy,no_origin,6,unith,5,Faure,june_8_g0,0.998737373737374,,,,,,20,4,8,0,3,6,4,0,1,1,4H,1S,,0,0,False,False,False,False,0
top_four,dendro,occupancy,no_origin,6,unith,5,Faure,june_8_g0,0.998737373737374,,,,,3,20,4,8,0,3,7,4,0,2,1,4H,2S,,0,7,False,True,False,False,0
top_four,dendro,occupancy,no_origin,6,unith,5,Faure,june_8_g0,0.998737373737374,,,,,,20,4,8,0,3,8,4,0,3,1,4H,3S,,0,0,False,False,False,False,0
top_four,dendro,occupancy,no_origin,6,unith,5,Faure,june_8_g0,0.998737373737374,,,,,17,20,4,8,0,3,9,4,0,4,1,4H,4S,,0,48,False,True,False,True,0
top_four,dendro,occupancy,no_origin,6,unith,5,Faure,june_8_g0,0.998737373737374,,,,,17,20,4,8,0,3,10,4,0,5,1,4H,5S,,0,60,False,True,False,True,0
top_four,dendro,occupancy,no_origin,6,unith,5,Faure,june_8_g0,0.998737373737374,,,,,17,20,4,8,0,3,11,4,0,6,1,4H,6S,,0,54,False,True,False,True,0
top_four,dendro,occupancy,no_origin,6,unith,5,Faure,june_8_g0,0.998737373737374,,,,,17,20,4,8,0,4,0,5,0,1,0,5H,1H,,0,44,False,True,False,True,0
top_four,dendro,occupancy,no_origin,6,unith,5,Faure,june_8_g0,0.998737373737374,,,,,17,20,4,8,0,4,1,5,0,2,0,5H,2H,,0,34,False,True,False,True,0
top_four,dendro,occupancy,no_origin,6,unith,5,Faure,june_8_g0,0.998737373737374,,,,,17,20,4,8,0,4,2,5,0,3,0,5H,3H,,0,43,False,True,False,True,0
top_four,dendro,occupancy,no_origin,6,unith,5,Faure,june_8_g0,0.998737373737374,,,,,,20,4,8,0,4,3,5,0,4,0,5H,4H,,0,0,False,False,False,False,0
top_four,dendro,occupancy,no_origin,6,unith,5,Faure,june_8_g0,0.998737373737374,,,,,,20,4,8,0,4,4,5,0,5,0,5H,5H,,0,0,False,False,False,False,0
top_four,dendro,occupancy,no_origin,6,unith,5,Faure,june_8_g0,0.998737373737374,,,,,,20,4,8,0,4,5,5,0,6,0,5H,6H,,0,0,False,False,False,False,0
top_four,dendro,occupancy,no_origin,6,unith,5,Faure,june_8_g0,0.998737373737374,,,,,,20,4,8,0,4,6,5,0,1,1,5H,1S,,0,0,False,False,False,False,0
top_four,dendro,occupancy,no_origin,6,unith,5,Faure,june_8_g0,0.998737373737374,,,,,3,20,4,8,0,4,7,5,0,2,1,5H,2S,,0,7,False,True,False,False,0
top_four,dendro,occupancy,no_origin,6,unith,5,Faure,june_8_g0,0.998737373737374,,,,,,20,4,8,0,4,8,5,0,3,1,5H,3S,,0,0,False,False,False,False,0
top_four,dendro,occupancy,no_origin,6,unith,5,Faure,june_8_g0,0.998737373737374,,,,,17,20,4,8,0,4,9,5,0,4,1,5H,4S,,0,48,False,True,False,True,0
top_four,dendro,occupancy,no_origin,6,unith,5,Faure,june_8_g0,0.998737373737374,,,,,17,20,4,8,0,4,10,5,0,5,1,5H,5S,,0,60,False,True,False,True,0
top_four,dendro,occupancy,no_origin,6,unith,5,Faure,june_8_g0,0.998737373737374,,,,,17,20,4,8,0,4,11,5,0,6,1,5H,6S,,0,54,False,True,False,True,0
top_four,dendro,occupancy,no_origin,6,unith,5,Faure,june_8_g0,0.998737373737374,,,,,17,20,4,8,0,5,0,6,0,1,0,6H,1H,,0,44,False,True,False,True,0
top_four,dendro,occupancy,no_origin,6,unith,5,Faure,june_8_g0,0.998737373737374,,,,,17,20,4,8,0,5,1,6,0,2,0,6H,2H,,0,34,False,True,False,True,0
top_four,dendro,occupancy,no_origin,6,unith,5,Faure,june_8_g0,0.998737373737374,,,,,17,20,4,8,0,5,2,6,0,3,0,6H,3H,,0,43,False,True,False,True,0
top_four,dendro,occupancy,no_origin,6,unith,5,Faure,june_8_g0,0.998737373737374,,,,,,20,4,8,0,5,3,6,0,4,0,6H,4H,,0,0,False,False,False,False,0
top_four,dendro,occupancy,no_origin,6,unith,5,Faure,june_8_g0,0.998737373737374,,,,,,20,4,8,0,5,4,6,0,5,0,6H,5H,,0,0,False,False,False,False,0
top_four,dendro,occupancy,no_origin,6,unith,5,Faure,june_8_g0,0.998737373737374,,,,,,20,4,8,0,5,5,6,0,6,0,6H,6H,,0,0,False,False,False,False,0
top_four,dendro,occupancy,no_origin,6,unith,5,Faure,june_8_g0,0.998737373737374,,,,,,20,4,8,0,5,6,6,0,1,1,6H,1S,,0,0,False,False,False,False,0
top_four,dendro,occupancy,no_origin,6,unith,5,Faure,june_8_g0,0.998737373737374,,,,,3,20,4,8,0,5,7,6,0,2,1,6H,2S,,0,7,False,True,False,False,0
top_four,dendro,occupancy,no_origin,6,unith,5,Faure,june_8_g0,0.998737373737374,,,,,,20,4,8,0,5,8,6,0,3,1,6H,3S,,0,0,False,False,False,False,0
top_four,dendro,occupancy,no_origin,6,unith,5,Faure,june_8_g0,0.998737373737374,,,,,17,20,4,8,0,5,9,6,0,4,1,6H,4S,,0,48,False,True,False,True,0
top_four,dendro,occupancy,no_origin,6,unith,5,Faure,june_8_g0,0.998737373737374,,,,,17,20,4,8,0,5,10,6,0,5,1,6H,5S,,0,60,False,True,False,True,0
top_four,dendro,occupancy,no_origin,6,unith,5,Faure,june_8_g0,0.998737373737374,,,,,17,20,4,8,0,5,11,6,0,6,1,6H,6S,,0,54,False,True,False,True,0
top_four,dendro,occupancy,no_origin,6,unith,5,Faure,june_8_g0,0.998737373737374,,,,,17,20,4,8,0,6,0,1,1,1,0,1S,1H,,0,44,False,True,False,True,0
top_four,dendro,occupancy,no_origin,6,unith,5,Faure,june_8_g0,0.998737373737374,,,,,17,20,4,8,0,6,1,1,1,2,0,1S,2H,,0,34,False,True,False,True,0
top_four,dendro,occupancy,no_origin,6,unith,5,Faure,june_8_g0,0.998737373737374,,,,,17,20,4,8,0,6,2,1,1,3,0,1S,3H,,0,43,False,True,False,True,0
top_four,dendro,occupancy,no_origin,6,unith,5,Faure,june_8_g0,0.998737373737374,,,,,,20,4,8,0,6,3,1,1,4,0,1S,4H,,0,0,False,False,False,False,0
top_four,dendro,occupancy,no_origin,6,unith,5,Faure,june_8_g0,0.998737373737374,,,,,,20,4,8,0,6,4,1,1,5,0,1S,5H,,0,0,False,False,False,False,0
top_four,dendro,occupancy,no_origin,6,unith,5,Faure,june_8_g0,0.998737373737374,,,,,,20,4,8,0,6,5,1,1,6,0,1S,6H,,0,0,False,False,False,False,0
top_four,dendro,occupancy,no_origin,6,unith,5,Faure,june_8_g0,0.998737373737374,,,,,,20,4,8,0,6,6,1,1,1,1,1S,1S,,0,0,False,False,False,False,0
top_four,dendro,occupancy,no_origin,6,unith,5,Faure,june_8_g0,0.998737373737374,,,,,3,20,4,8,0,6,7,1,1,2,1,1S,2S,,0,7,False,True,False,False,0
top_four,dendro,occupancy,no_origin,6,unith,5,Faure,june_8_g0,0.998737373737374,,,,,,20,4,8,0,6,8,1,1,3,1,1S,3S,,0,0,False,False,False,False,0
top_four,dendro,occupancy,no_origin,6,unith,5,Faure,june_8_g0,0.998737373737374,,,,,17,20,4,8,0,6,9,1,1,4,1,1S,4S,,0,48,False,True,False,True,0
top_four,dendro,occupancy,no_origin,6,unith,5,Faure,june_8_g0,0.998737373737374,,,,,17,20,4,8,0,6,10,1,1,5,1,1S,5S,,0,60,False,True,False,True,0
top_four,dendro,occupancy,no_origin,6,unith,5,Faure,june_8_g0,0.998737373737374,,,,,17,20,4,8,0,6,11,1,1,6,1,1S,6S,,0,54,False,True,False,True,0
top_four,dendro,occupancy,no_origin,6,unith,5,Faure,june_8_g0,0.998737373737374,,,,3,17,20,4,8,0,7,0,2,1,1,0,2S,1H,0.7299927868482341,7,44,True,True,False,True,0
top_four,dendro,occupancy,no_origin,6,unith,5,Faure,june_8_g0,0.998737373737374,,,,3,17,20,4,8,0,7,1,2,1,2,0,2S,2H,0.8793898055135285,7,34,True,True,False,True,0
top_four,dendro,occupancy,no_origin,6,unith,5,Faure,june_8_g0,0.998737373737374,,,,3,17,20,4,8,0,7,2,2,1,3,0,2S,3H,0.8146920094168703,7,43,True,True,False,True,0
top_four,dendro,occupancy,no_origin,6,unith,5,Faure,june_8_g0,0.998737373737374,,,,3,,20,4,8,0,7,3,2,1,4,0,2S,4H,,7,0,True,False,False,False,0
top_four,dendro,occupancy,no_origin,6,unith,5,Faure,june_8_g0,0.998737373737374,,,,3,,20,4,8,0,7,4,2,1,5,0,2S,5H,,7,0,True,False,False,False,0
top_four,dendro,occupancy,no_origin,6,unith,5,Faure,june_8_g0,0.998737373737374,,,,3,,20,4,8,0,7,5,2,1,6,0,2S,6H,,7,0,True,False,False,False,0
top_four,dendro,occupancy,no_origin,6,unith,5,Faure,june_8_g0,0.998737373737374,,,,3,,20,4,8,0,7,6,2,1,1,1,2S,1S,,7,0,True,False,False,False,0
top_four,dendro,occupancy,no_origin,6,unith,5,Faure,june_8_g0,0.998737373737374,,,,3,3,20,4,8,0,7,7,2,1,2,1,2S,2S,0.8247080039115554,7,7,True,True,False,False,0
top_four,dendro,occupancy,no_origin,6,unith,5,Faure,june_8_g0,0.998737373737374,,,,3,,20,4,8,0,7,8,2,1,3,1,2S,3S,,7,0,True,False,False,False,0
top_four,dendro,occupancy,no_origin,6,unith,5,Faure,june_8_g0,0.998737373737374,,,,3,17,20,4,8,0,7,9,2,1,4,1,2S,4S,0.8927873435126076,7,48,True,True,False,True,0
top_four,dendro,occupancy,no_origin,6,unith,5,Faure,june_8_g0,0.998737373737374,,,,3,17,20,4,8,0,7,10,2,1,5,1,2S,5S,0.5689072128129531,7,60,True,True,False,True,0
top_four,dendro,occupancy,no_origin,6,unith,5,Faure,june_8_g0,0.998737373737374,,,,3,17,20,4,8,0,7,11,2,1,6,1,2S,6S,0.8835923649177732,7,54,True,True,False,True,0
top_four,dendro,occupancy,no_origin,6,unith,5,Faure,june_8_g0,0.998737373737374,,,,,17,20,4,8,0,8,0,3,1,1,0,3S,1H,,0,44,False,True,False,True,0
top_four,dendro,occupancy,no_origin,6,unith,5,Faure,june_8_g0,0.998737373737374,,,,,17,20,4,8,0,8,1,3,1,2,0,3S,2H,,0,34,False,True,False,True,0
top_four,dendro,occupancy,no_origin,6,unith,5,Faure,june_8_g0,0.998737373737374,,,,,17,20,4,8,0,8,2,3,1,3,0,3S,3H,,0,43,False,True,False,True,0
top_four,dendro,occupancy,no_origin,6,unith,5,Faure,june_8_g0,0.998737373737374,,,,,,20,4,8,0,8,3,3,1,4,0,3S,4H,,0,0,False,False,False,False,0
top_four,dendro,occupancy,no_origin,6,unith,5,Faure,june_8_g0,0.998737373737374,,,,,,20,4,8,0,8,4,3,1,5,0,3S,5H,,0,0,False,False,False,False,0
top_four,dendro,occupancy,no_origin,6,unith,5,Faure,june_8_g0,0.998737373737374,,,,,,20,4,8,0,8,5,3,1,6,0,3S,6H,,0,0,False,False,False,False,0
top_four,dendro,occupancy,no_origin,6,unith,5,Faure,june_8_g0,0.998737373737374,,,,,,20,4,8,0,8,6,3,1,1,1,3S,1S,,0,0,False,False,False,False,0
top_four,dendro,occupancy,no_origin,6,unith,5,Faure,june_8_g0,0.998737373737374,,,,,3,20,4,8,0,8,7,3,1,2,1,3S,2S,,0,7,False,True,False,False,0
top_four,dendro,occupancy,no_origin,6,unith,5,Faure,june_8_g0,0.998737373737374,,,,,,20,4,8,0,8,8,3,1,3,1,3S,3S,,0,0,False,False,False,False,0
top_four,dendro,occupancy,no_origin,6,unith,5,Faure,june_8_g0,0.998737373737374,,,,,17,20,4,8,0,8,9,3,1,4,1,3S,4S,,0,48,False,True,False,True,0
top_four,dendro,occupancy,no_origin,6,unith,5,Faure,june_8_g0,0.998737373737374,,,,,17,20,4,8,0,8,10,3,1,5,1,3S,5S,,0,60,False,True,False,True,0
top_four,dendro,occupancy,no_origin,6,unith,5,Faure,june_8_g0,0.998737373737374,,,,,17,20,4,8,0,8,11,3,1,6,1,3S,6S,,0,54,False,True,False,True,0
top_four,dendro,occupancy,no_origin,6,unith,5,Faure,june_8_g0,0.998737373737374,,,,17,17,20,4,8,0,9,0,4,1,1,0,4S,1H,0.879262069714741,48,44,True,True,True,True,0
top_four,dendro,occupancy,no_origin,6,unith,5,Faure,june_8_g0,0.998737373737374,,,,17,17,20,4,8,0,9,1,4,1,2,0,4S,2H,0.9560780712564831,48,34,True,True,True,True,0
top_four,dendro,occupancy,no_origin,6,unith,5,Faure,june_8_g0,0.998737373737374,,,,17,17,20,4,8,0,9,2,4,1,3,0,4S,3H,0.9446712257075454,48,43,True,True,True,True,0
top_four,dendro,occupancy,no_origin,6,unith,5,Faure,june_8_g0,0.998737373737374,,,,17,,20,4,8,0,9,3,4,1,4,0,4S,4H,,48,0,True,False,True,False,0
top_four,dendro,occupancy,no_origin,6,unith,5,Faure,june_8_g0,0.998737373737374,,,,17,,20,4,8,0,9,4,4,1,5,0,4S,5H,,48,0,True,False,True,False,0
top_four,dendro,occupancy,no_origin,6,unith,5,Faure,june_8_g0,0.998737373737374,,,,17,,20,4,8,0,9,5,4,1,6,0,4S,6H,,48,0,True,False,True,False,0
top_four,dendro,occupancy,no_origin,6,unith,5,Faure,june_8_g0,0.998737373737374,,,,17,,20,4,8,0,9,6,4,1,1,1,4S,1S,,48,0,True,False,True,False,0
top_four,dendro,occupancy,no_origin,6,unith,5,Faure,june_8_g0,0.998737373737374,,,,17,3,20,4,8,0,9,7,4,1,2,1,4S,2S,0.8927873435126076,48,7,True,True,True,False,0
top_four,dendro,occupancy,no_origin,6,unith,5,Faure,june_8_g0,0.998737373737374,,,,17,,20,4,8,0,9,8,4,1,3,1,4S,3S,,48,0,True,False,True,False,0
top_four,dendro,occupancy,no_origin,6,unith,5,Faure,june_8_g0,0.998737373737374,,,,17,17,20,4,8,0,9,9,4,1,4,1,4S,4S,0.9768740362719021,48,48,True,True,True,True,0
top_four,dendro,occupancy,no_origin,6,unith,5,Faure,june_8_g0,0.998737373737374,,,,17,17,20,4,8,0,9,10,4,1,5,1,4S,5S,0.6162452165416624,48,60,True,True,True,True,0
top_four,dendro,occupancy,no_origin,6,unith,5,Faure,june_8_g0,0.998737373737374,,,,17,17,20,4,8,0,9,11,4,1,6,1,4S,6S,0.9435777659687421,48,54,True,True,True,True,0
top_four,dendro,occupancy,no_origin,6,unith,5,Faure,june_8_g0,0.998737373737374,,,,17,17,20,4,8,0,10,0,5,1,1,0,5S,1H,0.7472790658794685,60,44,True,True,True,True,0
top_four,dendro,occupancy,no_origin,6,unith,5,Faure,june_8_g0,0.998737373737374,,,,17,17,20,4,8,0,10,1,5,1,2,0,5S,2H,0.7326790745091029,60,34,True,True,True,True,0
top_four,dendro,occupancy,no_origin,6,unith,5,Faure,june_8_g0,0.998737373737374,,,,17,17,20,4,8,0,10,2,5,1,3,0,5S,3H,0.7123474611868627,60,43,True,True,True,True,0
top_four,dendro,occupancy,no_origin,6,unith,5,Faure,june_8_g0,0.998737373737374,,,,17,,20,4,8,0,10,3,5,1,4,0,5S,4H,,60,0,True,False,True,False,0
top_four,dendro,occupancy,no_origin,6,unith,5,Faure,june_8_g0,0.998737373737374,,,,17,,20,4,8,0,10,4,5,1,5,0,5S,5H,,60,0,True,False,True,False,0
top_four,dendro,occupancy,no_origin,6,unith,5,Faure,june_8_g0,0.998737373737374,,,,17,,20,4,8,0,10,5,5,1,6,0,5S,6H,,60,0,True,False,True,False,0
top_four,dendro,occupancy,no_origin,6,unith,5,Faure,june_8_g0,0.998737373737374,,,,17,,20,4,8,0,10,6,5,1,1,1,5S,1S,,60,0,True,False,True,False,0
top_four,dendro,occupancy,no_origin,6,unith,5,Faure,june_8_g0,0.998737373737374,,,,17,3,20,4,8,0,10,7,5,1,2,1,5S,2S,0.5689072128129531,60,7,True,True,True,False,0
top_four,dendro,occupancy,no_origin,6,unith,5,Faure,june_8_g0,0.998737373737374,,,,17,,20,4,8,0,10,8,5,1,3,1,5S,3S,,60,0,True,False,True,False,0
top_four,dendro,occupancy,no_origin,6,unith,5,Faure,june_8_g0,0.998737373737374,,,,17,17,20,4,8,0,10,9,5,1,4,1,5S,4S,0.6162452165416624,60,48,True,True,True,True,0
top_four,dendro,occupancy,no_origin,6,unith,5,Faure,june_8_g0,0.998737373737374,,,,17,17,20,4,8,0,10,10,5,1,5,1,5S,5S,0.7149751659038975,60,60,True,True,True,True,0
top_four,dendro,occupancy,no_origin,6,unith,5,Faure,june_8_g0,0.998737373737374,,,,17,17,20,4,8,0,10,11,5,1,6,1,5S,6S,0.7078402326568367,60,54,True,True,True,True,0
top_four,dendro,occupancy,no_origin,6,unith,5,Faure,june_8_g0,0.998737373737374,,,,17,17,20,4,8,0,11,0,6,1,1,0,6S,1H,0.8971794733630857,54,44,True,True,True,True,0
top_four,dendro,occupancy,no_origin,6,unith,5,Faure,june_8_g0,0.998737373737374,,,,17,17,20,4,8,0,11,1,6,1,2,0,6S,2H,0.9393768767931832,54,34,True,True,True,True,0
top_four,dendro,occupancy,no_origin,6,unith,5,Faure,june_8_g0,0.998737373737374,,,,17,17,20,4,8,0,11,2,6,1,3,0,6S,3H,0.9153832338576879,54,43,True,True,True,True,0
top_four,dendro,occupancy,no_origin,6,unith,5,Faure,june_8_g0,0.998737373737374,,,,17,,20,4,8,0,11,3,6,1,4,0,6S,4H,,54,0,True,False,True,False,0
top_four,dendro,occupancy,no_origin,6,unith,5,Faure,june_8_g0,0.998737373737374,,,,17,,20,4,8,0,11,4,6,1,5,0,6S,5H,,54,0,True,False,True,False,0
top_four,dendro,occupancy,no_origin,6,unith,5,Faure,june_8_g0,0.998737373737374,,,,17,,20,4,8,0,11,5,6,1,6,0,6S,6H,,54,0,True,False,True,False,0
top_four,dendro,occupancy,no_origin,6,unith,5,Faure,june_8_g0,0.998737373737374,,,,17,,20,4,8,0,11,6,6,1,1,1,6S,1S,,54,0,True,False,True,False,0
top_four,dendro,occupancy,no_origin,6,unith,5,Faure,june_8_g0,0.998737373737374,,,,17,3,20,4,8,0,11,7,6,1,2,1,6S,2S,0.8835923649177732,54,7,True,True,True,False,0
top_four,dendro,occupancy,no_origin,6,unith,5,Faure,june_8_g0,0.998737373737374,,,,17,,20,4,8,0,11,8,6,1,3,1,6S,3S,,54,0,True,False,True,False,0
top_four,dendro,occupancy,no_origin,6,unith,5,Faure,june_8_g0,0.998737373737374,,,,17,17,20,4,8,0,11,9,6,1,4,1,6S,4S,0.9435777659687421,54,48,True,True,True,True,0
top_four,dendro,occupancy,no_origin,6,unith,5,Faure,june_8_g0,0.998737373737374,,,,17,17,20,4,8,0,11,10,6,1,5,1,6S,5S,0.7078402326568367,54,60,True,True,True,True,0
top_four,dendro,occupancy,no_origin,6,unith,5,Faure,june_8_g0,0.998737373737374,,,,17,17,20,4,8,0,11,11,6,1,6,1,6S,6S,0.9134052135926838,54,54,True,True,True,True,0
top_four,dendro,occupancy,no_origin,6,unith,5,Nielsen,Nov_1_g0,0.96875,,,,5,5,20,4,8,0,0,0,1,0,1,0,1H,1H,0.5168274308385532,46,46,True,True,True,True,0
top_four,dendro,occupancy,no_origin,6,unith,5,Nielsen,Nov_1_g0,0.96875,,,,5,5,20,4,8,0,0,1,1,0,2,0,1H,2H,0.3772091297395511,46,43,True,True,True,True,0
top_four,dendro,occupancy,no_origin,6,unith,5,Nielsen,Nov_1_g0,0.96875,,,,5,5,20,4,8,0,0,2,1,0,3,0,1H,3H,0.4974033078491721,46,48,True,True,True,True,0
top_four,dendro,occupancy,no_origin,6,unith,5,Nielsen,Nov_1_g0,0.96875,,,,5,5,20,4,8,0,0,3,1,0,4,0,1H,4H,0.4893104572632601,46,45,True,True,True,True,0
top_four,dendro,occupancy,no_origin,6,unith,5,Nielsen,Nov_1_g0,0.96875,,,,5,5,20,4,8,0,0,4,1,0,5,0,1H,5H,0.5698527551648075,46,14,True,True,True,True,0
top_four,dendro,occupancy,no_origin,6,unith,5,Nielsen,Nov_1_g0,0.96875,,,,5,2,20,4,8,0,0,5,1,0,6,0,1H,6H,0.21648598470299416,46,5,True,True,True,False,0
top_four,dendro,occupancy,no_origin,6,unith,5,Nielsen,Nov_1_g0,0.96875,,,,5,3,20,4,8,0,0,6,1,0,1,1,1H,1S,0.11056099304742806,46,6,True,True,True,False,0
top_four,dendro,occupancy,no_origin,6,unith,5,Nielsen,Nov_1_g0,0.96875,,,,5,5,20,4,8,0,0,7,1,0,2,1,1H,2S,0.6101081291024599,46,11,True,True,True,True,0
top_four,dendro,occupancy,no_origin,6,unith,5,Nielsen,Nov_1_g0,0.96875,,,,5,5,20,4,8,0,0,8,1,0,3,1,1H,3S,0.6302391744518473,46,15,True,True,True,True,0
top_four,dendro,occupancy,no_origin,6,unith,5,Nielsen,Nov_1_g0,0.96875,,,,5,5,20,4,8,0,0,9,1,0,4,1,1H,4S,0.5106335971164969,46,36,True,True,True,True,0
top_four,dendro,occupancy,no_origin,6,unith,5,Nielsen,Nov_1_g0,0.96875,,,,5,5,20,4,8,0,0,10,1,0,5,1,1H,5S,0.40809274268970397,46,65,True,True,True,True,0
top_four,dendro,occupancy,no_origin,6,unith,5,Nielsen,Nov_1_g0,0.96875,,,,5,5,20,4,8,0,0,11,1,0,6,1,1H,6S,0.3621561182342407,46,83,True,True,True,True,0
top_four,dendro,occupancy,no_origin,6,unith,5,Nielsen,Nov_1_g0,0.96875,,,,5,5,20,4,8,0,1,0,2,0,1,0,2H,1H,0.3772091297395511,43,46,True,True,True,True,0
top_four,dendro,occupancy,no_origin,6,unith,5,Nielsen,Nov_1_g0,0.96875,,,,5,5,20,4,8,0,1,1,2,0,2,0,2H,2H,0.37901248364817985,43,43,True,True,True,True,0
top_four,dendro,occupancy,no_origin,6,unith,5,Nielsen,Nov_1_g0,0.96875,,,,5,5,20,4,8,0,1,2,2,0,3,0,2H,3H,0.38207162515183135,43,48,True,True,True,True,0
top_four,dendro,occupancy,no_origin,6,unith,5,Nielsen,Nov_1_g0,0.96875,,,,5,5,20,4,8,0,1,3,2,0,4,0,2H,4H,0.462121614584934,43,45,True,True,True,True,0
top_four,dendro,occupancy,no_origin,6,unith,5,Nielsen,Nov_1_g0,0.96875,,,,5,5,20,4,8,0,1,4,2,0,5,0,2H,5H,0.5438499898113649,43,14,True,True,True,True,0
top_four,dendro,occupancy,no_origin,6,unith,5,Nielsen,Nov_1_g0,0.96875,,,,5,2,20,4,8,0,1,5,2,0,6,0,2H,6H,0.22786612731667652,43,5,True,True,True,False,0
top_four,dendro,occupancy,no_origin,6,unith,5,Nielsen,Nov_1_g0,0.96875,,,,5,3,20,4,8,0,1,6,2,0,1,1,2H,1S,0.14608690291068496,43,6,True,True,True,False,0
top_four,dendro,occupancy,no_origin,6,unith,5,Nielsen,Nov_1_g0,0.96875,,,,5,5,20,4,8,0,1,7,2,0,2,1,2H,2S,0.43135432934250934,43,11,True,True,True,True,0
top_four,dendro,occupancy,no_origin,6,unith,5,Nielsen,Nov_1_g0,0.96875,,,,5,5,20,4,8,0,1,8,2,0,3,1,2H,3S,0.3590552186023145,43,15,True,True,True,True,0
top_four,dendro,occupancy,no_origin,6,unith,5,Nielsen,Nov_1_g0,0.96875,,,,5,5,20,4,8,0,1,9,2,0,4,1,2H,4S,0.3098207015189865,43,36,True,True,True,True,0
top_four,dendro,occupancy,no_origin,6,unith,5,Nielsen,Nov_1_g0,0.96875,,,,5,5,20,4,8,0,1,10,2,0,5,1,2H,5S,0.2950806940940673,43,65,True,True,True,True,0
top_four,dendro,occupancy,no_origin,6,unith,5,Nielsen,Nov_1_g0,0.96875,,,,5,5,20,4,8,0,1,11,2,0,6,1,2H,6S,0.3334736369851191,43,83,True,True,True,True,0
top_four,dendro,occupancy,no_origin,6,unith,5,Nielsen,Nov_1_g0,0.96875,,,,5,5,20,4,8,0,2,0,3,0,1,0,3H,1H,0.4974033078491721,48,46,True,True,True,True,0
top_four,dendro,occupancy,no_origin,6,unith,5,Nielsen,Nov_1_g0,0.96875,,,,5,5,20,4,8,0,2,1,3,0,2,0,3H,2H,0.38207162515183135,48,43,True,True,True,True,0
top_four,dendro,occupancy,no_origin,6,unith,5,Nielsen,Nov_1_g0,0.96875,,,,5,5,20,4,8,0,2,2,3,0,3,0,3H,3H,0.5562199718471603,48,48,True,True,True,True,0
top_four,dendro,occupancy,no_origin,6,unith,5,Nielsen,Nov_1_g0,0.96875,,,,5,5,20,4,8,0,2,3,3,0,4,0,3H,4H,0.5221132067448803,48,45,True,True,True,True,0
top_four,dendro,occupancy,no_origin,6,unith,5,Nielsen,Nov_1_g0,0.96875,,,,5,5,20,4,8,0,2,4,3,0,5,0,3H,5H,0.4385368812404461,48,14,True,True,True,True,0
top_four,dendro,occupancy,no_origin,6,unith,5,Nielsen,Nov_1_g0,0.96875,,,,5,2,20,4,8,0,2,5,3,0,6,0,3H,6H,0.1693900373071881,48,5,True,True,True,False,0
top_four,dendro,occupancy,no_origin,6,unith,5,Nielsen,Nov_1_g0,0.96875,,,,5,3,20,4,8,0,2,6,3,0,1,1,3H,1S,0.053070096952990475,48,6,True,True,True,False,0
top_four,dendro,occupancy,no_origin,6,unith,5,Nielsen,Nov_1_g0,0.96875,,,,5,5,20,4,8,0,2,7,3,0,2,1,3H,2S,0.6572683298521687,48,11,True,True,True,True,0
top_four,dendro,occupancy,no_origin,6,unith,5,Nielsen,Nov_1_g0,0.96875,,,,5,5,20,4,8,0,2,8,3,0,3,1,3H,3S,0.7790137352291955,48,15,True,True,True,True,0
top_four,dendro,occupancy,no_origin,6,unith,5,Nielsen,Nov_1_g0,0.96875,,,,5,5,20,4,8,0,2,9,3,0,4,1,3H,4S,0.645571430976267,48,36,True,True,True,True,0
top_four,dendro,occupancy,no_origin,6,unith,5,Nielsen,Nov_1_g0,0.96875,,,,5,5,20,4,8,0,2,10,3,0,5,1,3H,5S,0.4262815957684055,48,65,True,True,True,True,0
top_four,dendro,occupancy,no_origin,6,unith,5,Nielsen,Nov_1_g0,0.96875,,,,5,5,20,4,8,0,2,11,3,0,6,1,3H,6S,0.46412673229305373,48,83,True,True,True,True,0
top_four,dendro,occupancy,no_origin,6,unith,5,Nielsen,Nov_1_g0,0.96875,,,,5,5,20,4,8,0,3,0,4,0,1,0,4H,1H,0.4893104572632601,45,46,True,True,True,True,0
top_four,dendro,occupancy,no_origin,6,unith,5,Nielsen,Nov_1_g0,0.96875,,,,5,5,20,4,8,0,3,1,4,0,2,0,4H,2H,0.462121614584934,45,43,True,True,True,True,0
top_four,dendro,occupancy,no_origin,6,unith,5,Nielsen,Nov_1_g0,0.96875,,,,5,5,20,4,8,0,3,2,4,0,3,0,4H,3H,0.5221132067448803,45,48,True,True,True,True,0
top_four,dendro,occupancy,no_origin,6,unith,5,Nielsen,Nov_1_g0,0.96875,,,,5,5,20,4,8,0,3,3,4,0,4,0,4H,4H,0.39186897126259795,45,45,True,True,True,True,0
top_four,dendro,occupancy,no_origin,6,unith,5,Nielsen,Nov_1_g0,0.96875,,,,5,5,20,4,8,0,3,4,4,0,5,0,4H,5H,0.5520085825922447,45,14,True,True,True,True,0
top_four,dendro,occupancy,no_origin,6,unith,5,Nielsen,Nov_1_g0,0.96875,,,,5,2,20,4,8,0,3,5,4,0,6,0,4H,6H,0.19928333430384668,45,5,True,True,True,False,0
top_four,dendro,occupancy,no_origin,6,unith,5,Nielsen,Nov_1_g0,0.96875,,,,5,3,20,4,8,0,3,6,4,0,1,1,4H,1S,0.0647976172133799,45,6,True,True,True,False,0
top_four,dendro,occupancy,no_origin,6,unith,5,Nielsen,Nov_1_g0,0.96875,,,,5,5,20,4,8,0,3,7,4,0,2,1,4H,2S,0.5902274181537762,45,11,True,True,True,True,0
top_four,dendro,occupancy,no_origin,6,unith,5,Nielsen,Nov_1_g0,0.96875,,,,5,5,20,4,8,0,3,8,4,0,3,1,4H,3S,0.5432956112899328,45,15,True,True,True,True,0
top_four,dendro,occupancy,no_origin,6,unith,5,Nielsen,Nov_1_g0,0.96875,,,,5,5,20,4,8,0,3,9,4,0,4,1,4H,4S,0.45312356838835893,45,36,True,True,True,True,0
top_four,dendro,occupancy,no_origin,6,unith,5,Nielsen,Nov_1_g0,0.96875,,,,5,5,20,4,8,0,3,10,4,0,5,1,4H,5S,0.39960740193902494,45,65,True,True,True,True,0
top_four,dendro,occupancy,no_origin,6,unith,5,Nielsen,Nov_1_g0,0.96875,,,,5,5,20,4,8,0,3,11,4,0,6,1,4H,6S,0.34049963426959035,45,83,True,True,True,True,0
top_four,dendro,occupancy,no_origin,6,unith,5,Nielsen,Nov_1_g0,0.96875,,,,5,5,20,4,8,0,4,0,5,0,1,0,5H,1H,0.5698527551648075,14,46,True,True,True,True,0
top_four,dendro,occupancy,no_origin,6,unith,5,Nielsen,Nov_1_g0,0.96875,,,,5,5,20,4,8,0,4,1,5,0,2,0,5H,2H,0.5438499898113649,14,43,True,True,True,True,0
top_four,dendro,occupancy,no_origin,6,unith,5,Nielsen,Nov_1_g0,0.96875,,,,5,5,20,4,8,0,4,2,5,0,3,0,5H,3H,0.4385368812404461,14,48,True,True,True,True,0
top_four,dendro,occupancy,no_origin,6,unith,5,Nielsen,Nov_1_g0,0.96875,,,,5,5,20,4,8,0,4,3,5,0,4,0,5H,4H,0.5520085825922447,14,45,True,True,True,True,0
top_four,dendro,occupancy,no_origin,6,unith,5,Nielsen,Nov_1_g0,0.96875,,,,5,5,20,4,8,0,4,4,5,0,5,0,5H,5H,0.3360843341619567,14,14,True,True,True,True,0
top_four,dendro,occupancy,no_origin,6,unith,5,Nielsen,Nov_1_g0,0.96875,,,,5,2,20,4,8,0,4,5,5,0,6,0,5H,6H,0.21326187877675692,14,5,True,True,True,False,0
top_four,dendro,occupancy,no_origin,6,unith,5,Nielsen,Nov_1_g0,0.96875,,,,5,3,20,4,8,0,4,6,5,0,1,1,5H,1S,0.14766049935058354,14,6,True,True,True,False,0
top_four,dendro,occupancy,no_origin,6,unith,5,Nielsen,Nov_1_g0,0.96875,,,,5,5,20,4,8,0,4,7,5,0,2,1,5H,2S,0.5197455182914865,14,11,True,True,True,True,0
top_four,dendro,occupancy,no_origin,6,unith,5,Nielsen,Nov_1_g0,0.96875,,,,5,5,20,4,8,0,4,8,5,0,3,1,5H,3S,0.49139172852249724,14,15,True,True,True,True,0
top_four,dendro,occupancy,no_origin,6,unith,5,Nielsen,Nov_1_g0,0.96875,,,,5,5,20,4,8,0,4,9,5,0,4,1,5H,4S,0.4132140740410318,14,36,True,True,True,True,0
top_four,dendro,occupancy,no_origin,6,unith,5,Nielsen,Nov_1_g0,0.96875,,,,5,5,20,4,8,0,4,10,5,0,5,1,5H,5S,0.43785762141261486,14,65,True,True,True,True,0
top_four,dendro,occupancy,no_origin,6,unith,5,Nielsen,Nov_1_g0,0.96875,,,,5,5,20,4,8,0,4,11,5,0,6,1,5H,6S,0.2926792283992935,14,83,True,True,True,True,0
top_four,dendro,occupancy,no_origin,6,unith,5,Nielsen,Nov_1_g0,0.96875,,,,2,5,20,4,8,0,5,0,6,0,1,0,6H,1H,0.21648598470299416,5,46,True,True,False,True,0
top_four,dendro,occupancy,no_origin,6,unith,5,Nielsen,Nov_1_g0,0.96875,,,,2,5,20,4,8,0,5,1,6,0,2,0,6H,2H,0.22786612731667652,5,43,True,True,False,True,0
top_four,dendro,occupancy,no_origin,6,unith,5,Nielsen,Nov_1_g0,0.96875,,,,2,5,20,4,8,0,5,2,6,0,3,0,6H,3H,0.1693900373071881,5,48,True,True,False,True,0
top_four,dendro,occupancy,no_origin,6,unith,5,Nielsen,Nov_1_g0,0.96875,,,,2,5,20,4,8,0,5,3,6,0,4,0,6H,4H,0.19928333430384668,5,45,True,True,False,True,0
top_four,dendro,occupancy,no_origin,6,unith,5,Nielsen,Nov_1_g0,0.96875,,,,2,5,20,4,8,0,5,4,6,0,5,0,6H,5H,0.21326187877675692,5,14,True,True,False,True,0
top_four,dendro,occupancy,no_origin,6,unith,5,Nielsen,Nov_1_g0,0.96875,,,,2,2,20,4,8,0,5,5,6,0,6,0,6H,6H,0.07171197051192044,5,5,True,True,False,False,0
top_four,dendro,occupancy,no_origin,6,unith,5,Nielsen,Nov_1_g0,0.96875,,,,2,3,20,4,8,0,5,6,6,0,1,1,6H,1S,0.4117985181244313,5,6,True,True,False,False,0
top_four,dendro,occupancy,no_origin,6,unith,5,Nielsen,Nov_1_g0,0.96875,,,,2,5,20,4,8,0,5,7,6,0,2,1,6H,2S,0.0717567690710934,5,11,True,True,False,True,0
top_four,dendro,occupancy,no_origin,6,unith,5,Nielsen,Nov_1_g0,0.96875,,,,2,5,20,4,8,0,5,8,6,0,3,1,6H,3S,0.15928586681824883,5,15,True,True,False,True,0
top_four,dendro,occupancy,no_origin,6,unith,5,Nielsen,Nov_1_g0,0.96875,,,,2,5,20,4,8,0,5,9,6,0,4,1,6H,4S,0.297734903473423,5,36,True,True,False,True,0
top_four,dendro,occupancy,no_origin,6,unith,5,Nielsen,Nov_1_g0,0.96875,,,,2,5,20,4,8,0,5,10,6,0,5,1,6H,5S,0.0099909094238781,5,65,True,True,False,True,0
top_four,dendro,occupancy,no_origin,6,unith,5,Nielsen,Nov_1_g0,0.96875,,,,2,5,20,4,8,0,5,11,6,0,6,1,6H,6S,0.35529065499277623,5,83,True,True,False,True,0
top_four,dendro,occupancy,no_origin,6,unith,5,Nielsen,Nov_1_g0,0.96875,,,,3,5,20,4,8,0,6,0,1,1,1,0,1S,1H,0.11056099304742806,6,46,True,True,False,True,0
top_four,dendro,occupancy,no_origin,6,unith,5,Nielsen,Nov_1_g0,0.96875,,,,3,5,20,4,8,0,6,1,1,1,2,0,1S,2H,0.14608690291068496,6,43,True,True,False,True,0
top_four,dendro,occupancy,no_origin,6,unith,5,Nielsen,Nov_1_g0,0.96875,,,,3,5,20,4,8,0,6,2,1,1,3,0,1S,3H,0.053070096952990475,6,48,True,True,False,True,0
top_four,dendro,occupancy,no_origin,6,unith,5,Nielsen,Nov_1_g0,0.96875,,,,3,5,20,4,8,0,6,3,1,1,4,0,1S,4H,0.0647976172133799,6,45,True,True,False,True,0
top_four,dendro,occupancy,no_origin,6,unith,5,Nielsen,Nov_1_g0,0.96875,,,,3,5,20,4,8,0,6,4,1,1,5,0,1S,5H,0.14766049935058354,6,14,True,True,False,True,0
top_four,dendro,occupancy,no_origin,6,unith,5,Nielsen,Nov_1_g0,0.96875,,,,3,2,20,4,8,0,6,5,1,1,6,0,1S,6H,0.4117985181244313,6,5,True,True,False,False,0
top_four,dendro,occupancy,no_origin,6,unith,5,Nielsen,Nov_1_g0,0.96875,,,,3,3,20,4,8,0,6,6,1,1,1,1,1S,1S,-0.15187166379424527,6,6,True,True,False,False,0
top_four,dendro,occupancy,no_origin,6,unith,5,Nielsen,Nov_1_g0,0.96875,,,,3,5,20,4,8,0,6,7,1,1,2,1,1S,2S,0.04136094981102155,6,11,True,True,False,True,0
top_four,dendro,occupancy,no_origin,6,unith,5,Nielsen,Nov_1_g0,0.96875,,,,3,5,20,4,8,0,6,8,1,1,3,1,1S,3S,0.09676016636192006,6,15,True,True,False,True,0
top_four,dendro,occupancy,no_origin,6,unith,5,Nielsen,Nov_1_g0,0.96875,,,,3,5,20,4,8,0,6,9,1,1,4,1,1S,4S,0.1571217919107372,6,36,True,True,False,True,0
top_four,dendro,occupancy,no_origin,6,unith,5,Nielsen,Nov_1_g0,0.96875,,,,3,5,20,4,8,0,6,10,1,1,5,1,1S,5S,0.09528158136755277,6,65,True,True,False,True,0
top_four,dendro,occupancy,no_origin,6,unith,5,Nielsen,Nov_1_g0,0.96875,,,,3,5,20,4,8,0,6,11,1,1,6,1,1S,6S,0.2929610161672101,6,83,True,True,False,True,0
top_four,dendro,occupancy,no_origin,6,unith,5,Nielsen,Nov_1_g0,0.96875,,,,5,5,20,4,8,0,7,0,2,1,1,0,2S,1H,0.6101081291024599,11,46,True,True,True,True,0
top_four,dendro,occupancy,no_origin,6,unith,5,Nielsen,Nov_1_g0,0.96875,,,,5,5,20,4,8,0,7,1,2,1,2,0,2S,2H,0.43135432934250934,11,43,True,True,True,True,0
top_four,dendro,occupancy,no_origin,6,unith,5,Nielsen,Nov_1_g0,0.96875,,,,5,5,20,4,8,0,7,2,2,1,3,0,2S,3H,0.6572683298521687,11,48,True,True,True,True,0
top_four,dendro,occupancy,no_origin,6,unith,5,Nielsen,Nov_1_g0,0.96875,,,,5,5,20,4,8,0,7,3,2,1,4,0,2S,4H,0.5902274181537762,11,45,True,True,True,True,0
top_four,dendro,occupancy,no_origin,6,unith,5,Nielsen,Nov_1_g0,0.96875,,,,5,5,20,4,8,0,7,4,2,1,5,0,2S,5H,0.5197455182914865,11,14,True,True,True,True,0
top_four,dendro,occupancy,no_origin,6,unith,5,Nielsen,Nov_1_g0,0.96875,,,,5,2,20,4,8,0,7,5,2,1,6,0,2S,6H,0.0717567690710934,11,5,True,True,True,False,0
top_four,dendro,occupancy,no_origin,6,unith,5,Nielsen,Nov_1_g0,0.96875,,,,5,3,20,4,8,0,7,6,2,1,1,1,2S,1S,0.04136094981102155,11,6,True,True,True,False,0
top_four,dendro,occupancy,no_origin,6,unith,5,Nielsen,Nov_1_g0,0.96875,,,,5,5,20,4,8,0,7,7,2,1,2,1,2S,2S,0.6564191365546347,11,11,True,True,True,True,0
top_four,dendro,occupancy,no_origin,6,unith,5,Nielsen,Nov_1_g0,0.96875,,,,5,5,20,4,8,0,7,8,2,1,3,1,2S,3S,0.7464530488687579,11,15,True,True,True,True,0
top_four,dendro,occupancy,no_origin,6,unith,5,Nielsen,Nov_1_g0,0.96875,,,,5,5,20,4,8,0,7,9,2,1,4,1,2S,4S,0.5976544110951993,11,36,True,True,True,True,0
top_four,dendro,occupancy,no_origin,6,unith,5,Nielsen,Nov_1_g0,0.96875,,,,5,5,20,4,8,0,7,10,2,1,5,1,2S,5S,0.4778489862378211,11,65,True,True,True,True,0
top_four,dendro,occupancy,no_origin,6,unith,5,Nielsen,Nov_1_g0,0.96875,,,,5,5,20,4,8,0,7,11,2,1,6,1,2S,6S,0.33947569072465333,11,83,True,True,True,True,0
top_four,dendro,occupancy,no_origin,6,unith,5,Nielsen,Nov_1_g0,0.96875,,,,5,5,20,4,8,0,8,0,3,1,1,0,3S,1H,0.6302391744518473,15,46,True,True,True,True,0
top_four,dendro,occupancy,no_origin,6,unith,5,Nielsen,Nov_1_g0,0.96875,,,,5,5,20,4,8,0,8,1,3,1,2,0,3S,2H,0.3590552186023145,15,43,True,True,True,True,0
top_four,dendro,occupancy,no_origin,6,unith,5,Nielsen,Nov_1_g0,0.96875,,,,5,5,20,4,8,0,8,2,3,1,3,0,3S,3H,0.7790137352291955,15,48,True,True,True,True,0
top_four,dendro,occupancy,no_origin,6,unith,5,Nielsen,Nov_1_g0,0.96875,,,,5,5,20,4,8,0,8,3,3,1,4,0,3S,4H,0.5432956112899328,15,45,True,True,True,True,0
top_four,dendro,occupancy,no_origin,6,unith,5,Nielsen,Nov_1_g0,0.96875,,,,5,5,20,4,8,0,8,4,3,1,5,0,3S,5H,0.49139172852249724,15,14,True,True,True,True,0
top_four,dendro,occupancy,no_origin,6,unith,5,Nielsen,Nov_1_g0,0.96875,,,,5,2,20,4,8,0,8,5,3,1,6,0,3S,6H,0.15928586681824883,15,5,True,True,True,False,0
top_four,dendro,occupancy,no_origin,6,unith,5,Nielsen,Nov_1_g0,0.96875,,,,5,3,20,4,8,0,8,6,3,1,1,1,3S,1S,0.09676016636192006,15,6,True,True,True,False,0
top_four,dendro,occupancy,no_origin,6,unith,5,Nielsen,Nov_1_g0,0.96875,,,,5,5,20,4,8,0,8,7,3,1,2,1,3S,2S,0.7464530488687579,15,11,True,True,True,True,0
top_four,dendro,occupancy,no_origin,6,unith,5,Nielsen,Nov_1_g0,0.96875,,,,5,5,20,4,8,0,8,8,3,1,3,1,3S,3S,0.6420149970395158,15,15,True,True,True,True,0
top_four,dendro,occupancy,no_origin,6,unith,5,Nielsen,Nov_1_g0,0.96875,,,,5,5,20,4,8,0,8,9,3,1,4,1,3S,4S,0.7129442640467778,15,36,True,True,True,True,0
top_four,dendro,occupancy,no_origin,6,unith,5,Nielsen,Nov_1_g0,0.96875,,,,5,5,20,4,8,0,8,10,3,1,5,1,3S,5S,0.4231844447833025,15,65,True,True,True,True,0
top_four,dendro,occupancy,no_origin,6,unith,5,Nielsen,Nov_1_g0,0.96875,,,,5,5,20,4,8,0,8,11,3,1,6,1,3S,6S,0.489446574064483,15,83,True,True,True,True,0
top_four,dendro,occupancy,no_origin,6,unith,5,Nielsen,Nov_1_g0,0.96875,,,,5,5,20,4,8,0,9,0,4,1,1,0,4S,1H,0.5106335971164969,36,46,True,True,True,True,0
top_four,dendro,occupancy,no_origin,6,unith,5,Nielsen,Nov_1_g0,0.96875,,,,5,5,20,4,8,0,9,1,4,1,2,0,4S,2H,0.3098207015189865,36,43,True,True,True,True,0
top_four,dendro,occupancy,no_origin,6,unith,5,Nielsen,Nov_1_g0,0.96875,,,,5,5,20,4,8,0,9,2,4,1,3,0,4S,3H,0.645571430976267,36,48,True,True,True,True,0
top_four,dendro,occupancy,no_origin,6,unith,5,Nielsen,Nov_1_g0,0.96875,,,,5,5,20,4,8,0,9,3,4,1,4,0,4S,4H,0.45312356838835893,36,45,True,True,True,True,0
top_four,dendro,occupancy,no_origin,6,unith,5,Nielsen,Nov_1_g0,0.96875,,,,5,5,20,4,8,0,9,4,4,1,5,0,4S,5H,0.4132140740410318,36,14,True,True,True,True,0
top_four,dendro,occupancy,no_origin,6,unith,5,Nielsen,Nov_1_g0,0.96875,,,,5,2,20,4,8,0,9,5,4,1,6,0,4S,6H,0.297734903473423,36,5,True,True,True,False,0
top_four,dendro,occupancy,no_origin,6,unith,5,Nielsen,Nov_1_g0,0.96875,,,,5,3,20,4,8,0,9,6,4,1,1,1,4S,1S,0.1571217919107372,36,6,True,True,True,False,0
top_four,dendro,occupancy,no_origin,6,unith,5,Nielsen,Nov_1_g0,0.96875,,,,5,5,20,4,8,0,9,7,4,1,2,1,4S,2S,0.5976544110951993,36,11,True,True,True,True,0
top_four,dendro,occupancy,no_origin,6,unith,5,Nielsen,Nov_1_g0,0.96875,,,,5,5,20,4,8,0,9,8,4,1,3,1,4S,3S,0.7129442640467778,36,15,True,True,True,True,0
top_four,dendro,occupancy,no_origin,6,unith,5,Nielsen,Nov_1_g0,0.96875,,,,5,5,20,4,8,0,9,9,4,1,4,1,4S,4S,0.6283954400013473,36,36,True,True,True,True,0
top_four,dendro,occupancy,no_origin,6,unith,5,Nielsen,Nov_1_g0,0.96875,,,,5,5,20,4,8,0,9,10,4,1,5,1,4S,5S,0.35213361683518707,36,65,True,True,True,True,0
top_four,dendro,occupancy,no_origin,6,unith,5,Nielsen,Nov_1_g0,0.96875,,,,5,5,20,4,8,0,9,11,4,1,6,1,4S,6S,0.43538213796639524,36,83,True,True,True,True,0
top_four,dendro,occupancy,no_origin,6,unith,5,Nielsen,Nov_1_g0,0.96875,,,,5,5,20,4,8,0,10,0,5,1,1,0,5S,1H,0.40809274268970397,65,46,True,True,True,True,0
top_four,dendro,occupancy,no_origin,6,unith,5,Nielsen,Nov_1_g0,0.96875,,,,5,5,20,4,8,0,10,1,5,1,2,0,5S,2H,0.2950806940940673,65,43,True,True,True,True,0
top_four,dendro,occupancy,no_origin,6,unith,5,Nielsen,Nov_1_g0,0.96875,,,,5,5,20,4,8,0,10,2,5,1,3,0,5S,3H,0.4262815957684055,65,48,True,True,True,True,0
top_four,dendro,occupancy,no_origin,6,unith,5,Nielsen,Nov_1_g0,0.96875,,,,5,5,20,4,8,0,10,3,5,1,4,0,5S,4H,0.39960740193902494,65,45,True,True,True,True,0
top_four,dendro,occupancy,no_origin,6,unith,5,Nielsen,Nov_1_g0,0.96875,,,,5,5,20,4,8,0,10,4,5,1,5,0,5S,5H,0.43785762141261486,65,14,True,True,True,True,0
top_four,dendro,occupancy,no_origin,6,unith,5,Nielsen,Nov_1_g0,0.96875,,,,5,2,20,4,8,0,10,5,5,1,6,0,5S,6H,0.0099909094238781,65,5,True,True,True,False,0
top_four,dendro,occupancy,no_origin,6,unith,5,Nielsen,Nov_1_g0,0.96875,,,,5,3,20,4,8,0,10,6,5,1,1,1,5S,1S,0.09528158136755277,65,6,True,True,True,False,0
top_four,dendro,occupancy,no_origin,6,unith,5,Nielsen,Nov_1_g0,0.96875,,,,5,5,20,4,8,0,10,7,5,1,2,1,5S,2S,0.4778489862378211,65,11,True,True,True,True,0
top_four,dendro,occupancy,no_origin,6,unith,5,Nielsen,Nov_1_g0,0.96875,,,,5,5,20,4,8,0,10,8,5,1,3,1,5S,3S,0.4231844447833025,65,15,True,True,True,True,0
top_four,dendro,occupancy,no_origin,6,unith,5,Nielsen,Nov_1_g0,0.96875,,,,5,5,20,4,8,0,10,9,5,1,4,1,5S,4S,0.35213361683518707,65,36,True,True,True,True,0
top_four,dendro,occupancy,no_origin,6,unith,5,Nielsen,Nov_1_g0,0.96875,,,,5,5,20,4,8,0,10,10,5,1,5,1,5S,5S,0.43239920804780646,65,65,True,True,True,True,0
top_four,dendro,occupancy,no_origin,6,unith,5,Nielsen,Nov_1_g0,0.96875,,,,5,5,20,4,8,0,10,11,5,1,6,1,5S,6S,0.15895410176949484,65,83,True,True,True,True,0
top_four,dendro,occupancy,no_origin,6,unith,5,Nielsen,Nov_1_g0,0.96875,,,,5,5,20,4,8,0,11,0,6,1,1,0,6S,1H,0.3621561182342407,83,46,True,True,True,True,0
top_four,dendro,occupancy,no_origin,6,unith,5,Nielsen,Nov_1_g0,0.96875,,,,5,5,20,4,8,0,11,1,6,1,2,0,6S,2H,0.3334736369851191,83,43,True,True,True,True,0
top_four,dendro,occupancy,no_origin,6,unith,5,Nielsen,Nov_1_g0,0.96875,,,,5,5,20,4,8,0,11,2,6,1,3,0,6S,3H,0.46412673229305373,83,48,True,True,True,True,0
top_four,dendro,occupancy,no_origin,6,unith,5,Nielsen,Nov_1_g0,0.96875,,,,5,5,20,4,8,0,11,3,6,1,4,0,6S,4H,0.34049963426959035,83,45,True,True,True,True,0
top_four,dendro,occupancy,no_origin,6,unith,5,Nielsen,Nov_1_g0,0.96875,,,,5,5,20,4,8,0,11,4,6,1,5,0,6S,5H,0.2926792283992935,83,14,True,True,True,True,0
top_four,dendro,occupancy,no_origin,6,unith,5,Nielsen,Nov_1_g0,0.96875,,,,5,2,20,4,8,0,11,5,6,1,6,0,6S,6H,0.35529065499277623,83,5,True,True,True,False,0
top_four,dendro,occupancy,no_origin,6,unith,5,Nielsen,Nov_1_g0,0.96875,,,,5,3,20,4,8,0,11,6,6,1,1,1,6S,1S,0.2929610161672101,83,6,True,True,True,False,0
top_four,dendro,occupancy,no_origin,6,unith,5,Nielsen,Nov_1_g0,0.96875,,,,5,5,20,4,8,0,11,7,6,1,2,1,6S,2S,0.33947569072465333,83,11,True,True,True,True,0
top_four,dendro,occupancy,no_origin,6,unith,5,Nielsen,Nov_1_g0,0.96875,,,,5,5,20,4,8,0,11,8,6,1,3,1,6S,3S,0.489446574064483,83,15,True,True,True,True,0
top_four,dendro,occupancy,no_origin,6,unith,5,Nielsen,Nov_1_g0,0.96875,,,,5,5,20,4,8,0,11,9,6,1,4,1,6S,4S,0.43538213796639524,83,36,True,True,True,True,0
top_four,dendro,occupancy,no_origin,6,unith,5,Nielsen,Nov_1_g0,0.96875,,,,5,5,20,4,8,0,11,10,6,1,5,1,6S,5S,0.15895410176949484,83,65,True,True,True,True,0
top_four,dendro,occupancy,no_origin,6,unith,5,Nielsen,Nov_1_g0,0.96875,,,,5,5,20,4,8,0,11,11,6,1,6,1,6S,6S,0.4095198160810427,83,83,True,True,True,True,0
top_four,dendro,occupancy,no_origin,6,unith,5,Nielsen,Nov_3_g0,0.999725274725275,,,,20,20,20,4,8,0,0,0,1,0,1,0,1H,1H,0.8487955599401396,65,65,True,True,True,True,0
top_four,dendro,occupancy,no_origin,6,unith,5,Nielsen,Nov_3_g0,0.999725274725275,,,,20,20,20,4,8,0,0,1,1,0,2,0,1H,2H,0.7241736890682956,65,85,True,True,True,True,0
top_four,dendro,occupancy,no_origin,6,unith,5,Nielsen,Nov_3_g0,0.999725274725275,,,,20,20,20,4,8,0,0,2,1,0,3,0,1H,3H,0.835204233907592,65,82,True,True,True,True,0
top_four,dendro,occupancy,no_origin,6,unith,5,Nielsen,Nov_3_g0,0.999725274725275,,,,20,20,20,4,8,0,0,3,1,0,4,0,1H,4H,0.8055454550745663,65,44,True,True,True,True,0
top_four,dendro,occupancy,no_origin,6,unith,5,Nielsen,Nov_3_g0,0.999725274725275,,,,20,,20,4,8,0,0,4,1,0,5,0,1H,5H,,65,0,True,False,True,False,0
top_four,dendro,occupancy,no_origin,6,unith,5,Nielsen,Nov_3_g0,0.999725274725275,,,,20,,20,4,8,0,0,5,1,0,6,0,1H,6H,,65,0,True,False,True,False,0
top_four,dendro,occupancy,no_origin,6,unith,5,Nielsen,Nov_3_g0,0.999725274725275,,,,20,,20,4,8,0,0,6,1,0,1,1,1H,1S,,65,0,True,False,True,False,0
top_four,dendro,occupancy,no_origin,6,unith,5,Nielsen,Nov_3_g0,0.999725274725275,,,,20,,20,4,8,0,0,7,1,0,2,1,1H,2S,,65,0,True,False,True,False,0
top_four,dendro,occupancy,no_origin,6,unith,5,Nielsen,Nov_3_g0,0.999725274725275,,,,20,,20,4,8,0,0,8,1,0,3,1,1H,3S,,65,0,True,False,True,False,0
top_four,dendro,occupancy,no_origin,6,unith,5,Nielsen,Nov_3_g0,0.999725274725275,,,,20,20,20,4,8,0,0,9,1,0,4,1,1H,4S,0.4779414826079552,65,41,True,True,True,True,0
top_four,dendro,occupancy,no_origin,6,unith,5,Nielsen,Nov_3_g0,0.999725274725275,,,,20,20,20,4,8,0,0,10,1,0,5,1,1H,5S,0.5864106823059451,65,95,True,True,True,True,0
top_four,dendro,occupancy,no_origin,6,unith,5,Nielsen,Nov_3_g0,0.999725274725275,,,,20,20,20,4,8,0,0,11,1,0,6,1,1H,6S,0.3705246222407335,65,84,True,True,True,True,0
top_four,dendro,occupancy,no_origin,6,unith,5,Nielsen,Nov_3_g0,0.999725274725275,,,,20,20,20,4,8,0,1,0,2,0,1,0,2H,1H,0.7241736890682956,85,65,True,True,True,True,0
top_four,dendro,occupancy,no_origin,6,unith,5,Nielsen,Nov_3_g0,0.999725274725275,,,,20,20,20,4,8,0,1,1,2,0,2,0,2H,2H,0.8598211639895036,85,85,True,True,True,True,0
top_four,dendro,occupancy,no_origin,6,unith,5,Nielsen,Nov_3_g0,0.999725274725275,,,,20,20,20,4,8,0,1,2,2,0,3,0,2H,3H,0.7071823755500072,85,82,True,True,True,True,0
top_four,dendro,occupancy,no_origin,6,unith,5,Nielsen,Nov_3_g0,0.999725274725275,,,,20,20,20,4,8,0,1,3,2,0,4,0,2H,4H,0.6661728829094439,85,44,True,True,True,True,0
top_four,dendro,occupancy,no_origin,6,unith,5,Nielsen,Nov_3_g0,0.999725274725275,,,,20,,20,4,8,0,1,4,2,0,5,0,2H,5H,,85,0,True,False,True,False,0
top_four,dendro,occupancy,no_origin,6,unith,5,Nielsen,Nov_3_g0,0.999725274725275,,,,20,,20,4,8,0,1,5,2,0,6,0,2H,6H,,85,0,True,False,True,False,0
top_four,dendro,occupancy,no_origin,6,unith,5,Nielsen,Nov_3_g0,0.999725274725275,,,,20,,20,4,8,0,1,6,2,0,1,1,2H,1S,,85,0,True,False,True,False,0
top_four,dendro,occupancy,no_origin,6,unith,5,Nielsen,Nov_3_g0,0.999725274725275,,,,20,,20,4,8,0,1,7,2,0,2,1,2H,2S,,85,0,True,False,True,False,0
top_four,dendro,occupancy,no_origin,6,unith,5,Nielsen,Nov_3_g0,0.999725274725275,,,,20,,20,4,8,0,1,8,2,0,3,1,2H,3S,,85,0,True,False,True,False,0
top_four,dendro,occupancy,no_origin,6,unith,5,Nielsen,Nov_3_g0,0.999725274725275,,,,20,20,20,4,8,0,1,9,2,0,4,1,2H,4S,0.5814705911176281,85,41,True,True,True,True,0
top_four,dendro,occupancy,no_origin,6,unith,5,Nielsen,Nov_3_g0,0.999725274725275,,,,20,20,20,4,8,0,1,10,2,0,5,1,2H,5S,0.19909725558270708,85,95,True,True,True,True,0
top_four,dendro,occupancy,no_origin,6,unith,5,Nielsen,Nov_3_g0,0.999725274725275,,,,20,20,20,4,8,0,1,11,2,0,6,1,2H,6S,0.43630787659279735,85,84,True,True,True,True,0
top_four,dendro,occupancy,no_origin,6,unith,5,Nielsen,Nov_3_g0,0.999725274725275,,,,20,20,20,4,8,0,2,0,3,0,1,0,3H,1H,0.835204233907592,82,65,True,True,True,True,0
top_four,dendro,occupancy,no_origin,6,unith,5,Nielsen,Nov_3_g0,0.999725274725275,,,,20,20,20,4,8,0,2,1,3,0,2,0,3H,2H,0.7071823755500072,82,85,True,True,True,True,0
top_four,dendro,occupancy,no_origin,6,unith,5,Nielsen,Nov_3_g0,0.999725274725275,,,,20,20,20,4,8,0,2,2,3,0,3,0,3H,3H,0.7916266757202972,82,82,True,True,True,True,0
top_four,dendro,occupancy,no_origin,6,unith,5,Nielsen,Nov_3_g0,0.999725274725275,,,,20,20,20,4,8,0,2,3,3,0,4,0,3H,4H,0.7611969756216856,82,44,True,True,True,True,0
top_four,dendro,occupancy,no_origin,6,unith,5,Nielsen,Nov_3_g0,0.999725274725275,,,,20,,20,4,8,0,2,4,3,0,5,0,3H,5H,,82,0,True,False,True,False,0
top_four,dendro,occupancy,no_origin,6,unith,5,Nielsen,Nov_3_g0,0.999725274725275,,,,20,,20,4,8,0,2,5,3,0,6,0,3H,6H,,82,0,True,False,True,False,0
top_four,dendro,occupancy,no_origin,6,unith,5,Nielsen,Nov_3_g0,0.999725274725275,,,,20,,20,4,8,0,2,6,3,0,1,1,3H,1S,,82,0,True,False,True,False,0
top_four,dendro,occupancy,no_origin,6,unith,5,Nielsen,Nov_3_g0,0.999725274725275,,,,20,,20,4,8,0,2,7,3,0,2,1,3H,2S,,82,0,True,False,True,False,0
top_four,dendro,occupancy,no_origin,6,unith,5,Nielsen,Nov_3_g0,0.999725274725275,,,,20,,20,4,8,0,2,8,3,0,3,1,3H,3S,,82,0,True,False,True,False,0
top_four,dendro,occupancy,no_origin,6,unith,5,Nielsen,Nov_3_g0,0.999725274725275,,,,20,20,20,4,8,0,2,9,3,0,4,1,3H,4S,0.4836306617083824,82,41,True,True,True,True,0
top_four,dendro,occupancy,no_origin,6,unith,5,Nielsen,Nov_3_g0,0.999725274725275,,,,20,20,20,4,8,0,2,10,3,0,5,1,3H,5S,0.5971669244283202,82,95,True,True,True,True,0
top_four,dendro,occupancy,no_origin,6,unith,5,Nielsen,Nov_3_g0,0.999725274725275,,,,20,20,20,4,8,0,2,11,3,0,6,1,3H,6S,0.3261483362262255,82,84,True,True,True,True,0
top_four,dendro,occupancy,no_origin,6,unith,5,Nielsen,Nov_3_g0,0.999725274725275,,,,20,20,20,4,8,0,3,0,4,0,1,0,4H,1H,0.8055454550745663,44,65,True,True,True,True,0
top_four,dendro,occupancy,no_origin,6,unith,5,Nielsen,Nov_3_g0,0.999725274725275,,,,20,20,20,4,8,0,3,1,4,0,2,0,4H,2H,0.6661728829094439,44,85,True,True,True,True,0
top_four,dendro,occupancy,no_origin,6,unith,5,Nielsen,Nov_3_g0,0.999725274725275,,,,20,20,20,4,8,0,3,2,4,0,3,0,4H,3H,0.7611969756216856,44,82,True,True,True,True,0
top_four,dendro,occupancy,no_origin,6,unith,5,Nielsen,Nov_3_g0,0.999725274725275,,,,20,20,20,4,8,0,3,3,4,0,4,0,4H,4H,0.6000126364135951,44,44,True,True,True,True,0
top_four,dendro,occupancy,no_origin,6,unith,5,Nielsen,Nov_3_g0,0.999725274725275,,,,20,,20,4,8,0,3,4,4,0,5,0,4H,5H,,44,0,True,False,True,False,0
top_four,dendro,occupancy,no_origin,6,unith,5,Nielsen,Nov_3_g0,0.999725274725275,,,,20,,20,4,8,0,3,5,4,0,6,0,4H,6H,,44,0,True,False,True,False,0
top_four,dendro,occupancy,no_origin,6,unith,5,Nielsen,Nov_3_g0,0.999725274725275,,,,20,,20,4,8,0,3,6,4,0,1,1,4H,1S,,44,0,True,False,True,False,0
top_four,dendro,occupancy,no_origin,6,unith,5,Nielsen,Nov_3_g0,0.999725274725275,,,,20,,20,4,8,0,3,7,4,0,2,1,4H,2S,,44,0,True,False,True,False,0
top_four,dendro,occupancy,no_origin,6,unith,5,Nielsen,Nov_3_g0,0.999725274725275,,,,20,,20,4,8,0,3,8,4,0,3,1,4H,3S,,44,0,True,False,True,False,0
top_four,dendro,occupancy,no_origin,6,unith,5,Nielsen,Nov_3_g0,0.999725274725275,,,,20,20,20,4,8,0,3,9,4,0,4,1,4H,4S,0.5565127488123148,44,41,True,True,True,True,0
top_four,dendro,occupancy,no_origin,6,unith,5,Nielsen,Nov_3_g0,0.999725274725275,,,,20,20,20,4,8,0,3,10,4,0,5,1,4H,5S,0.5657506654752453,44,95,True,True,True,True,0
top_four,dendro,occupancy,no_origin,6,unith,5,Nielsen,Nov_3_g0,0.999725274725275,,,,20,20,20,4,8,0,3,11,4,0,6,1,4H,6S,0.4379634553781752,44,84,True,True,True,True,0
top_four,dendro,occupancy,no_origin,6,unith,5,Nielsen,Nov_3_g0,0.999725274725275,,,,,20,20,4,8,0,4,0,5,0,1,0,5H,1H,,0,65,False,True,False,True,0
top_four,dendro,occupancy,no_origin,6,unith,5,Nielsen,Nov_3_g0,0.999725274725275,,,,,20,20,4,8,0,4,1,5,0,2,0,5H,2H,,0,85,False,True,False,True,0
top_four,dendro,occupancy,no_origin,6,unith,5,Nielsen,Nov_3_g0,0.999725274725275,,,,,20,20,4,8,0,4,2,5,0,3,0,5H,3H,,0,82,False,True,False,True,0
top_four,dendro,occupancy,no_origin,6,unith,5,Nielsen,Nov_3_g0,0.999725274725275,,,,,20,20,4,8,0,4,3,5,0,4,0,5H,4H,,0,44,False,True,False,True,0
top_four,dendro,occupancy,no_origin,6,unith,5,Nielsen,Nov_3_g0,0.999725274725275,,,,,,20,4,8,0,4,4,5,0,5,0,5H,5H,,0,0,False,False,False,False,0
top_four,dendro,occupancy,no_origin,6,unith,5,Nielsen,Nov_3_g0,0.999725274725275,,,,,,20,4,8,0,4,5,5,0,6,0,5H,6H,,0,0,False,False,False,False,0
top_four,dendro,occupancy,no_origin,6,unith,5,Nielsen,Nov_3_g0,0.999725274725275,,,,,,20,4,8,0,4,6,5,0,1,1,5H,1S,,0,0,False,False,False,False,0
top_four,dendro,occupancy,no_origin,6,unith,5,Nielsen,Nov_3_g0,0.999725274725275,,,,,,20,4,8,0,4,7,5,0,2,1,5H,2S,,0,0,False,False,False,False,0
top_four,dendro,occupancy,no_origin,6,unith,5,Nielsen,Nov_3_g0,0.999725274725275,,,,,,20,4,8,0,4,8,5,0,3,1,5H,3S,,0,0,False,False,False,False,0
top_four,dendro,occupancy,no_origin,6,unith,5,Nielsen,Nov_3_g0,0.999725274725275,,,,,20,20,4,8,0,4,9,5,0,4,1,5H,4S,,0,41,False,True,False,True,0
top_four,dendro,occupancy,no_origin,6,unith,5,Nielsen,Nov_3_g0,0.999725274725275,,,,,20,20,4,8,0,4,10,5,0,5,1,5H,5S,,0,95,False,True,False,True,0
top_four,dendro,occupancy,no_origin,6,unith,5,Nielsen,Nov_3_g0,0.999725274725275,,,,,20,20,4,8,0,4,11,5,0,6,1,5H,6S,,0,84,False,True,False,True,0
top_four,dendro,occupancy,no_origin,6,unith,5,Nielsen,Nov_3_g0,0.999725274725275,,,,,20,20,4,8,0,5,0,6,0,1,0,6H,1H,,0,65,False,True,False,True,0
top_four,dendro,occupancy,no_origin,6,unith,5,Nielsen,Nov_3_g0,0.999725274725275,,,,,20,20,4,8,0,5,1,6,0,2,0,6H,2H,,0,85,False,True,False,True,0
top_four,dendro,occupancy,no_origin,6,unith,5,Nielsen,Nov_3_g0,0.999725274725275,,,,,20,20,4,8,0,5,2,6,0,3,0,6H,3H,,0,82,False,True,False,True,0
top_four,dendro,occupancy,no_origin,6,unith,5,Nielsen,Nov_3_g0,0.999725274725275,,,,,20,20,4,8,0,5,3,6,0,4,0,6H,4H,,0,44,False,True,False,True,0
top_four,dendro,occupancy,no_origin,6,unith,5,Nielsen,Nov_3_g0,0.999725274725275,,,,,,20,4,8,0,5,4,6,0,5,0,6H,5H,,0,0,False,False,False,False,0
top_four,dendro,occupancy,no_origin,6,unith,5,Nielsen,Nov_3_g0,0.999725274725275,,,,,,20,4,8,0,5,5,6,0,6,0,6H,6H,,0,0,False,False,False,False,0
top_four,dendro,occupancy,no_origin,6,unith,5,Nielsen,Nov_3_g0,0.999725274725275,,,,,,20,4,8,0,5,6,6,0,1,1,6H,1S,,0,0,False,False,False,False,0
top_four,dendro,occupancy,no_origin,6,unith,5,Nielsen,Nov_3_g0,0.999725274725275,,,,,,20,4,8,0,5,7,6,0,2,1,6H,2S,,0,0,False,False,False,False,0
top_four,dendro,occupancy,no_origin,6,unith,5,Nielsen,Nov_3_g0,0.999725274725275,,,,,,20,4,8,0,5,8,6,0,3,1,6H,3S,,0,0,False,False,False,False,0
top_four,dendro,occupancy,no_origin,6,unith,5,Nielsen,Nov_3_g0,0.999725274725275,,,,,20,20,4,8,0,5,9,6,0,4,1,6H,4S,,0,41,False,True,False,True,0
top_four,dendro,occupancy,no_origin,6,unith,5,Nielsen,Nov_3_g0,0.999725274725275,,,,,20,20,4,8,0,5,10,6,0,5,1,6H,5S,,0,95,False,True,False,True,0
top_four,dendro,occupancy,no_origin,6,unith,5,Nielsen,Nov_3_g0,0.999725274725275,,,,,20,20,4,8,0,5,11,6,0,6,1,6H,6S,,0,84,False,True,False,True,0
top_four,dendro,occupancy,no_origin,6,unith,5,Nielsen,Nov_3_g0,0.999725274725275,,,,,20,20,4,8,0,6,0,1,1,1,0,1S,1H,,0,65,False,True,False,True,0
top_four,dendro,occupancy,no_origin,6,unith,5,Nielsen,Nov_3_g0,0.999725274725275,,,,,20,20,4,8,0,6,1,1,1,2,0,1S,2H,,0,85,False,True,False,True,0
top_four,dendro,occupancy,no_origin,6,unith,5,Nielsen,Nov_3_g0,0.999725274725275,,,,,20,20,4,8,0,6,2,1,1,3,0,1S,3H,,0,82,False,True,False,True,0
top_four,dendro,occupancy,no_origin,6,unith,5,Nielsen,Nov_3_g0,0.999725274725275,,,,,20,20,4,8,0,6,3,1,1,4,0,1S,4H,,0,44,False,True,False,True,0
top_four,dendro,occupancy,no_origin,6,unith,5,Nielsen,Nov_3_g0,0.999725274725275,,,,,,20,4,8,0,6,4,1,1,5,0,1S,5H,,0,0,False,False,False,False,0
top_four,dendro,occupancy,no_origin,6,unith,5,Nielsen,Nov_3_g0,0.999725274725275,,,,,,20,4,8,0,6,5,1,1,6,0,1S,6H,,0,0,False,False,False,False,0
top_four,dendro,occupancy,no_origin,6,unith,5,Nielsen,Nov_3_g0,0.999725274725275,,,,,,20,4,8,0,6,6,1,1,1,1,1S,1S,,0,0,False,False,False,False,0
top_four,dendro,occupancy,no_origin,6,unith,5,Nielsen,Nov_3_g0,0.999725274725275,,,,,,20,4,8,0,6,7,1,1,2,1,1S,2S,,0,0,False,False,False,False,0
top_four,dendro,occupancy,no_origin,6,unith,5,Nielsen,Nov_3_g0,0.999725274725275,,,,,,20,4,8,0,6,8,1,1,3,1,1S,3S,,0,0,False,False,False,False,0
top_four,dendro,occupancy,no_origin,6,unith,5,Nielsen,Nov_3_g0,0.999725274725275,,,,,20,20,4,8,0,6,9,1,1,4,1,1S,4S,,0,41,False,True,False,True,0
top_four,dendro,occupancy,no_origin,6,unith,5,Nielsen,Nov_3_g0,0.999725274725275,,,,,20,20,4,8,0,6,10,1,1,5,1,1S,5S,,0,95,False,True,False,True,0
top_four,dendro,occupancy,no_origin,6,unith,5,Nielsen,Nov_3_g0,0.999725274725275,,,,,20,20,4,8,0,6,11,1,1,6,1,1S,6S,,0,84,False,True,False,True,0
top_four,dendro,occupancy,no_origin,6,unith,5,Nielsen,Nov_3_g0,0.999725274725275,,,,,20,20,4,8,0,7,0,2,1,1,0,2S,1H,,0,65,False,True,False,True,0
top_four,dendro,occupancy,no_origin,6,unith,5,Nielsen,Nov_3_g0,0.999725274725275,,,,,20,20,4,8,0,7,1,2,1,2,0,2S,2H,,0,85,False,True,False,True,0
top_four,dendro,occupancy,no_origin,6,unith,5,Nielsen,Nov_3_g0,0.999725274725275,,,,,20,20,4,8,0,7,2,2,1,3,0,2S,3H,,0,82,False,True,False,True,0
top_four,dendro,occupancy,no_origin,6,unith,5,Nielsen,Nov_3_g0,0.999725274725275,,,,,20,20,4,8,0,7,3,2,1,4,0,2S,4H,,0,44,False,True,False,True,0
top_four,dendro,occupancy,no_origin,6,unith,5,Nielsen,Nov_3_g0,0.999725274725275,,,,,,20,4,8,0,7,4,2,1,5,0,2S,5H,,0,0,False,False,False,False,0
top_four,dendro,occupancy,no_origin,6,unith,5,Nielsen,Nov_3_g0,0.999725274725275,,,,,,20,4,8,0,7,5,2,1,6,0,2S,6H,,0,0,False,False,False,False,0
top_four,dendro,occupancy,no_origin,6,unith,5,Nielsen,Nov_3_g0,0.999725274725275,,,,,,20,4,8,0,7,6,2,1,1,1,2S,1S,,0,0,False,False,False,False,0
top_four,dendro,occupancy,no_origin,6,unith,5,Nielsen,Nov_3_g0,0.999725274725275,,,,,,20,4,8,0,7,7,2,1,2,1,2S,2S,,0,0,False,False,False,False,0
top_four,dendro,occupancy,no_origin,6,unith,5,Nielsen,Nov_3_g0,0.999725274725275,,,,,,20,4,8,0,7,8,2,1,3,1,2S,3S,,0,0,False,False,False,False,0
top_four,dendro,occupancy,no_origin,6,unith,5,Nielsen,Nov_3_g0,0.999725274725275,,,,,20,20,4,8,0,7,9,2,1,4,1,2S,4S,,0,41,False,True,False,True,0
top_four,dendro,occupancy,no_origin,6,unith,5,Nielsen,Nov_3_g0,0.999725274725275,,,,,20,20,4,8,0,7,10,2,1,5,1,2S,5S,,0,95,False,True,False,True,0
top_four,dendro,occupancy,no_origin,6,unith,5,Nielsen,Nov_3_g0,0.999725274725275,,,,,20,20,4,8,0,7,11,2,1,6,1,2S,6S,,0,84,False,True,False,True,0
top_four,dendro,occupancy,no_origin,6,unith,5,Nielsen,Nov_3_g0,0.999725274725275,,,,,20,20,4,8,0,8,0,3,1,1,0,3S,1H,,0,65,False,True,False,True,0
top_four,dendro,occupancy,no_origin,6,unith,5,Nielsen,Nov_3_g0,0.999725274725275,,,,,20,20,4,8,0,8,1,3,1,2,0,3S,2H,,0,85,False,True,False,True,0
top_four,dendro,occupancy,no_origin,6,unith,5,Nielsen,Nov_3_g0,0.999725274725275,,,,,20,20,4,8,0,8,2,3,1,3,0,3S,3H,,0,82,False,True,False,True,0
top_four,dendro,occupancy,no_origin,6,unith,5,Nielsen,Nov_3_g0,0.999725274725275,,,,,20,20,4,8,0,8,3,3,1,4,0,3S,4H,,0,44,False,True,False,True,0
top_four,dendro,occupancy,no_origin,6,unith,5,Nielsen,Nov_3_g0,0.999725274725275,,,,,,20,4,8,0,8,4,3,1,5,0,3S,5H,,0,0,False,False,False,False,0
top_four,dendro,occupancy,no_origin,6,unith,5,Nielsen,Nov_3_g0,0.999725274725275,,,,,,20,4,8,0,8,5,3,1,6,0,3S,6H,,0,0,False,False,False,False,0
top_four,dendro,occupancy,no_origin,6,unith,5,Nielsen,Nov_3_g0,0.999725274725275,,,,,,20,4,8,0,8,6,3,1,1,1,3S,1S,,0,0,False,False,False,False,0
top_four,dendro,occupancy,no_origin,6,unith,5,Nielsen,Nov_3_g0,0.999725274725275,,,,,,20,4,8,0,8,7,3,1,2,1,3S,2S,,0,0,False,False,False,False,0
top_four,dendro,occupancy,no_origin,6,unith,5,Nielsen,Nov_3_g0,0.999725274725275,,,,,,20,4,8,0,8,8,3,1,3,1,3S,3S,,0,0,False,False,False,False,0
top_four,dendro,occupancy,no_origin,6,unith,5,Nielsen,Nov_3_g0,0.999725274725275,,,,,20,20,4,8,0,8,9,3,1,4,1,3S,4S,,0,41,False,True,False,True,0
top_four,dendro,occupancy,no_origin,6,unith,5,Nielsen,Nov_3_g0,0.999725274725275,,,,,20,20,4,8,0,8,10,3,1,5,1,3S,5S,,0,95,False,True,False,True,0
top_four,dendro,occupancy,no_origin,6,unith,5,Nielsen,Nov_3_g0,0.999725274725275,,,,,20,20,4,8,0,8,11,3,1,6,1,3S,6S,,0,84,False,True,False,True,0
top_four,dendro,occupancy,no_origin,6,unith,5,Nielsen,Nov_3_g0,0.999725274725275,,,,20,20,20,4,8,0,9,0,4,1,1,0,4S,1H,0.4779414826079552,41,65,True,True,True,True,0
top_four,dendro,occupancy,no_origin,6,unith,5,Nielsen,Nov_3_g0,0.999725274725275,,,,20,20,20,4,8,0,9,1,4,1,2,0,4S,2H,0.5814705911176281,41,85,True,True,True,True,0
top_four,dendro,occupancy,no_origin,6,unith,5,Nielsen,Nov_3_g0,0.999725274725275,,,,20,20,20,4,8,0,9,2,4,1,3,0,4S,3H,0.4836306617083824,41,82,True,True,True,True,0
top_four,dendro,occupancy,no_origin,6,unith,5,Nielsen,Nov_3_g0,0.999725274725275,,,,20,20,20,4,8,0,9,3,4,1,4,0,4S,4H,0.5565127488123148,41,44,True,True,True,True,0
top_four,dendro,occupancy,no_origin,6,unith,5,Nielsen,Nov_3_g0,0.999725274725275,,,,20,,20,4,8,0,9,4,4,1,5,0,4S,5H,,41,0,True,False,True,False,0
top_four,dendro,occupancy,no_origin,6,unith,5,Nielsen,Nov_3_g0,0.999725274725275,,,,20,,20,4,8,0,9,5,4,1,6,0,4S,6H,,41,0,True,False,True,False,0
top_four,dendro,occupancy,no_origin,6,unith,5,Nielsen,Nov_3_g0,0.999725274725275,,,,20,,20,4,8,0,9,6,4,1,1,1,4S,1S,,41,0,True,False,True,False,0
top_four,dendro,occupancy,no_origin,6,unith,5,Nielsen,Nov_3_g0,0.999725274725275,,,,20,,20,4,8,0,9,7,4,1,2,1,4S,2S,,41,0,True,False,True,False,0
top_four,dendro,occupancy,no_origin,6,unith,5,Nielsen,Nov_3_g0,0.999725274725275,,,,20,,20,4,8,0,9,8,4,1,3,1,4S,3S,,41,0,True,False,True,False,0
top_four,dendro,occupancy,no_origin,6,unith,5,Nielsen,Nov_3_g0,0.999725274725275,,,,20,20,20,4,8,0,9,9,4,1,4,1,4S,4S,0.7876495473562648,41,41,True,True,True,True,0
top_four,dendro,occupancy,no_origin,6,unith,5,Nielsen,Nov_3_g0,0.999725274725275,,,,20,20,20,4,8,0,9,10,4,1,5,1,4S,5S,0.055656392146047964,41,95,True,True,True,True,0
top_four,dendro,occupancy,no_origin,6,unith,5,Nielsen,Nov_3_g0,0.999725274725275,,,,20,20,20,4,8,0,9,11,4,1,6,1,4S,6S,0.8585588963240471,41,84,True,True,True,True,0
top_four,dendro,occupancy,no_origin,6,unith,5,Nielsen,Nov_3_g0,0.999725274725275,,,,20,20,20,4,8,0,10,0,5,1,1,0,5S,1H,0.5864106823059451,95,65,True,True,True,True,0
top_four,dendro,occupancy,no_origin,6,unith,5,Nielsen,Nov_3_g0,0.999725274725275,,,,20,20,20,4,8,0,10,1,5,1,2,0,5S,2H,0.19909725558270708,95,85,True,True,True,True,0
top_four,dendro,occupancy,no_origin,6,unith,5,Nielsen,Nov_3_g0,0.999725274725275,,,,20,20,20,4,8,0,10,2,5,1,3,0,5S,3H,0.5971669244283202,95,82,True,True,True,True,0
top_four,dendro,occupancy,no_origin,6,unith,5,Nielsen,Nov_3_g0,0.999725274725275,,,,20,20,20,4,8,0,10,3,5,1,4,0,5S,4H,0.5657506654752453,95,44,True,True,True,True,0
top_four,dendro,occupancy,no_origin,6,unith,5,Nielsen,Nov_3_g0,0.999725274725275,,,,20,,20,4,8,0,10,4,5,1,5,0,5S,5H,,95,0,True,False,True,False,0
top_four,dendro,occupancy,no_origin,6,unith,5,Nielsen,Nov_3_g0,0.999725274725275,,,,20,,20,4,8,0,10,5,5,1,6,0,5S,6H,,95,0,True,False,True,False,0
top_four,dendro,occupancy,no_origin,6,unith,5,Nielsen,Nov_3_g0,0.999725274725275,,,,20,,20,4,8,0,10,6,5,1,1,1,5S,1S,,95,0,True,False,True,False,0
top_four,dendro,occupancy,no_origin,6,unith,5,Nielsen,Nov_3_g0,0.999725274725275,,,,20,,20,4,8,0,10,7,5,1,2,1,5S,2S,,95,0,True,False,True,False,0
top_four,dendro,occupancy,no_origin,6,unith,5,Nielsen,Nov_3_g0,0.999725274725275,,,,20,,20,4,8,0,10,8,5,1,3,1,5S,3S,,95,0,True,False,True,False,0
top_four,dendro,occupancy,no_origin,6,unith,5,Nielsen,Nov_3_g0,0.999725274725275,,,,20,20,20,4,8,0,10,9,5,1,4,1,5S,4S,0.055656392146047964,95,41,True,True,True,True,0
top_four,dendro,occupancy,no_origin,6,unith,5,Nielsen,Nov_3_g0,0.999725274725275,,,,20,20,20,4,8,0,10,10,5,1,5,1,5S,5S,0.7920513866238529,95,95,True,True,True,True,0
top_four,dendro,occupancy,no_origin,6,unith,5,Nielsen,Nov_3_g0,0.999725274725275,,,,20,20,20,4,8,0,10,11,5,1,6,1,5S,6S,-0.06516859537089018,95,84,True,True,True,True,0
top_four,dendro,occupancy,no_origin,6,unith,5,Nielsen,Nov_3_g0,0.999725274725275,,,,20,20,20,4,8,0,11,0,6,1,1,0,6S,1H,0.3705246222407335,84,65,True,True,True,True,0
top_four,dendro,occupancy,no_origin,6,unith,5,Nielsen,Nov_3_g0,0.999725274725275,,,,20,20,20,4,8,0,11,1,6,1,2,0,6S,2H,0.43630787659279735,84,85,True,True,True,True,0
top_four,dendro,occupancy,no_origin,6,unith,5,Nielsen,Nov_3_g0,0.999725274725275,,,,20,20,20,4,8,0,11,2,6,1,3,0,6S,3H,0.3261483362262255,84,82,True,True,True,True,0
top_four,dendro,occupancy,no_origin,6,unith,5,Nielsen,Nov_3_g0,0.999725274725275,,,,20,20,20,4,8,0,11,3,6,1,4,0,6S,4H,0.4379634553781752,84,44,True,True,True,True,0
top_four,dendro,occupancy,no_origin,6,unith,5,Nielsen,Nov_3_g0,0.999725274725275,,,,20,,20,4,8,0,11,4,6,1,5,0,6S,5H,,84,0,True,False,True,False,0
top_four,dendro,occupancy,no_origin,6,unith,5,Nielsen,Nov_3_g0,0.999725274725275,,,,20,,20,4,8,0,11,5,6,1,6,0,6S,6H,,84,0,True,False,True,False,0
top_four,dendro,occupancy,no_origin,6,unith,5,Nielsen,Nov_3_g0,0.999725274725275,,,,20,,20,4,8,0,11,6,6,1,1,1,6S,1S,,84,0,True,False,True,False,0
top_four,dendro,occupancy,no_origin,6,unith,5,Nielsen,Nov_3_g0,0.999725274725275,,,,20,,20,4,8,0,11,7,6,1,2,1,6S,2S,,84,0,True,False,True,False,0
top_four,dendro,occupancy,no_origin,6,unith,5,Nielsen,Nov_3_g0,0.999725274725275,,,,20,,20,4,8,0,11,8,6,1,3,1,6S,3S,,84,0,True,False,True,False,0
top_four,dendro,occupancy,no_origin,6,unith,5,Nielsen,Nov_3_g0,0.999725274725275,,,,20,20,20,4,8,0,11,9,6,1,4,1,6S,4S,0.8585588963240471,84,41,True,True,True,True,0
top_four,dendro,occupancy,no_origin,6,unith,5,Nielsen,Nov_3_g0,0.999725274725275,,,,20,20,20,4,8,0,11,10,6,1,5,1,6S,5S,-0.06516859537089018,84,95,True,True,True,True,0
top_four,dendro,occupancy,no_origin,6,unith,5,Nielsen,Nov_3_g0,0.999725274725275,,,,20,20,20,4,8,0,11,11,6,1,6,1,6S,6S,0.8120464579580313,84,84,True,True,True,True,0
top_four,dendro,occupancy,no_origin,6,unith,5,Nielsen,Nov_6_g0,1.0,,,,5,5,20,4,8,0,0,0,1,0,1,0,1H,1H,0.5888350757691634,51,51,True,True,True,True,0
top_four,dendro,occupancy,no_origin,6,unith,5,Nielsen,Nov_6_g0,1.0,,,,5,5,20,4,8,0,0,1,1,0,2,0,1H,2H,0.48795611105533654,51,42,True,True,True,True,0
top_four,dendro,occupancy,no_origin,6,unith,5,Nielsen,Nov_6_g0,1.0,,,,5,5,20,4,8,0,0,2,1,0,3,0,1H,3H,0.5923044680939611,51,59,True,True,True,True,0
top_four,dendro,occupancy,no_origin,6,unith,5,Nielsen,Nov_6_g0,1.0,,,,5,5,20,4,8,0,0,3,1,0,4,0,1H,4H,0.46127569364153037,51,22,True,True,True,True,0
top_four,dendro,occupancy,no_origin,6,unith,5,Nielsen,Nov_6_g0,1.0,,,,5,,20,4,8,0,0,4,1,0,5,0,1H,5H,,51,0,True,False,True,False,0
top_four,dendro,occupancy,no_origin,6,unith,5,Nielsen,Nov_6_g0,1.0,,,,5,,20,4,8,0,0,5,1,0,6,0,1H,6H,,51,0,True,False,True,False,0
top_four,dendro,occupancy,no_origin,6,unith,5,Nielsen,Nov_6_g0,1.0,,,,5,,20,4,8,0,0,6,1,0,1,1,1H,1S,,51,0,True,False,True,False,0
top_four,dendro,occupancy,no_origin,6,unith,5,Nielsen,Nov_6_g0,1.0,,,,5,5,20,4,8,0,0,7,1,0,2,1,1H,2S,0.4306883812867549,51,14,True,True,True,True,0
top_four,dendro,occupancy,no_origin,6,unith,5,Nielsen,Nov_6_g0,1.0,,,,5,5,20,4,8,0,0,8,1,0,3,1,1H,3S,0.41863542519841923,51,10,True,True,True,True,0
top_four,dendro,occupancy,no_origin,6,unith,5,Nielsen,Nov_6_g0,1.0,,,,5,5,20,4,8,0,0,9,1,0,4,1,1H,4S,0.4040698975272588,51,30,True,True,True,True,0
top_four,dendro,occupancy,no_origin,6,unith,5,Nielsen,Nov_6_g0,1.0,,,,5,5,20,4,8,0,0,10,1,0,5,1,1H,5S,0.5252663175966839,51,60,True,True,True,True,0
top_four,dendro,occupancy,no_origin,6,unith,5,Nielsen,Nov_6_g0,1.0,,,,5,5,20,4,8,0,0,11,1,0,6,1,1H,6S,0.18372153452069323,51,79,True,True,True,True,0
top_four,dendro,occupancy,no_origin,6,unith,5,Nielsen,Nov_6_g0,1.0,,,,5,5,20,4,8,0,1,0,2,0,1,0,2H,1H,0.48795611105533654,42,51,True,True,True,True,0
top_four,dendro,occupancy,no_origin,6,unith,5,Nielsen,Nov_6_g0,1.0,,,,5,5,20,4,8,0,1,1,2,0,2,0,2H,2H,0.5240763823867429,42,42,True,True,True,True,0
top_four,dendro,occupancy,no_origin,6,unith,5,Nielsen,Nov_6_g0,1.0,,,,5,5,20,4,8,0,1,2,2,0,3,0,2H,3H,0.45743761066660477,42,59,True,True,True,True,0
top_four,dendro,occupancy,no_origin,6,unith,5,Nielsen,Nov_6_g0,1.0,,,,5,5,20,4,8,0,1,3,2,0,4,0,2H,4H,0.34123247555708575,42,22,True,True,True,True,0
top_four,dendro,occupancy,no_origin,6,unith,5,Nielsen,Nov_6_g0,1.0,,,,5,,20,4,8,0,1,4,2,0,5,0,2H,5H,,42,0,True,False,True,False,0
top_four,dendro,occupancy,no_origin,6,unith,5,Nielsen,Nov_6_g0,1.0,,,,5,,20,4,8,0,1,5,2,0,6,0,2H,6H,,42,0,True,False,True,False,0
top_four,dendro,occupancy,no_origin,6,unith,5,Nielsen,Nov_6_g0,1.0,,,,5,,20,4,8,0,1,6,2,0,1,1,2H,1S,,42,0,True,False,True,False,0
top_four,dendro,occupancy,no_origin,6,unith,5,Nielsen,Nov_6_g0,1.0,,,,5,5,20,4,8,0,1,7,2,0,2,1,2H,2S,0.5402428598620308,42,14,True,True,True,True,0
top_four,dendro,occupancy,no_origin,6,unith,5,Nielsen,Nov_6_g0,1.0,,,,5,5,20,4,8,0,1,8,2,0,3,1,2H,3S,0.44659721033601335,42,10,True,True,True,True,0
top_four,dendro,occupancy,no_origin,6,unith,5,Nielsen,Nov_6_g0,1.0,,,,5,5,20,4,8,0,1,9,2,0,4,1,2H,4S,0.3595779730735608,42,30,True,True,True,True,0
top_four,dendro,occupancy,no_origin,6,unith,5,Nielsen,Nov_6_g0,1.0,,,,5,5,20,4,8,0,1,10,2,0,5,1,2H,5S,0.4201458668168191,42,60,True,True,True,True,0
top_four,dendro,occupancy,no_origin,6,unith,5,Nielsen,Nov_6_g0,1.0,,,,5,5,20,4,8,0,1,11,2,0,6,1,2H,6S,0.27458605342785863,42,79,True,True,True,True,0
top_four,dendro,occupancy,no_origin,6,unith,5,Nielsen,Nov_6_g0,1.0,,,,5,5,20,4,8,0,2,0,3,0,1,0,3H,1H,0.5923044680939611,59,51,True,True,True,True,0
top_four,dendro,occupancy,no_origin,6,unith,5,Nielsen,Nov_6_g0,1.0,,,,5,5,20,4,8,0,2,1,3,0,2,0,3H,2H,0.45743761066660477,59,42,True,True,True,True,0
top_four,dendro,occupancy,no_origin,6,unith,5,Nielsen,Nov_6_g0,1.0,,,,5,5,20,4,8,0,2,2,3,0,3,0,3H,3H,0.6714457487368299,59,59,True,True,True,True,0
top_four,dendro,occupancy,no_origin,6,unith,5,Nielsen,Nov_6_g0,1.0,,,,5,5,20,4,8,0,2,3,3,0,4,0,3H,4H,0.3368768374009299,59,22,True,True,True,True,0
top_four,dendro,occupancy,no_origin,6,unith,5,Nielsen,Nov_6_g0,1.0,,,,5,,20,4,8,0,2,4,3,0,5,0,3H,5H,,59,0,True,False,True,False,0
top_four,dendro,occupancy,no_origin,6,unith,5,Nielsen,Nov_6_g0,1.0,,,,5,,20,4,8,0,2,5,3,0,6,0,3H,6H,,59,0,True,False,True,False,0
top_four,dendro,occupancy,no_origin,6,unith,5,Nielsen,Nov_6_g0,1.0,,,,5,,20,4,8,0,2,6,3,0,1,1,3H,1S,,59,0,True,False,True,False,0
top_four,dendro,occupancy,no_origin,6,unith,5,Nielsen,Nov_6_g0,1.0,,,,5,5,20,4,8,0,2,7,3,0,2,1,3H,2S,0.468959677189582,59,14,True,True,True,True,0
top_four,dendro,occupancy,no_origin,6,unith,5,Nielsen,Nov_6_g0,1.0,,,,5,5,20,4,8,0,2,8,3,0,3,1,3H,3S,0.29454804113022914,59,10,True,True,True,True,0
top_four,dendro,occupancy,no_origin,6,unith,5,Nielsen,Nov_6_g0,1.0,,,,5,5,20,4,8,0,2,9,3,0,4,1,3H,4S,0.6212866008118545,59,30,True,True,True,True,0
top_four,dendro,occupancy,no_origin,6,unith,5,Nielsen,Nov_6_g0,1.0,,,,5,5,20,4,8,0,2,10,3,0,5,1,3H,5S,0.5447451122688197,59,60,True,True,True,True,0
top_four,dendro,occupancy,no_origin,6,unith,5,Nielsen,Nov_6_g0,1.0,,,,5,5,20,4,8,0,2,11,3,0,6,1,3H,6S,0.2639292941358031,59,79,True,True,True,True,0
top_four,dendro,occupancy,no_origin,6,unith,5,Nielsen,Nov_6_g0,1.0,,,,5,5,20,4,8,0,3,0,4,0,1,0,4H,1H,0.46127569364153037,22,51,True,True,True,True,0
top_four,dendro,occupancy,no_origin,6,unith,5,Nielsen,Nov_6_g0,1.0,,,,5,5,20,4,8,0,3,1,4,0,2,0,4H,2H,0.34123247555708575,22,42,True,True,True,True,0
top_four,dendro,occupancy,no_origin,6,unith,5,Nielsen,Nov_6_g0,1.0,,,,5,5,20,4,8,0,3,2,4,0,3,0,4H,3H,0.3368768374009299,22,59,True,True,True,True,0
top_four,dendro,occupancy,no_origin,6,unith,5,Nielsen,Nov_6_g0,1.0,,,,5,5,20,4,8,0,3,3,4,0,4,0,4H,4H,0.34595044306901795,22,22,True,True,True,True,0
top_four,dendro,occupancy,no_origin,6,unith,5,Nielsen,Nov_6_g0,1.0,,,,5,,20,4,8,0,3,4,4,0,5,0,4H,5H,,22,0,True,False,True,False,0
top_four,dendro,occupancy,no_origin,6,unith,5,Nielsen,Nov_6_g0,1.0,,,,5,,20,4,8,0,3,5,4,0,6,0,4H,6H,,22,0,True,False,True,False,0
top_four,dendro,occupancy,no_origin,6,unith,5,Nielsen,Nov_6_g0,1.0,,,,5,,20,4,8,0,3,6,4,0,1,1,4H,1S,,22,0,True,False,True,False,0
top_four,dendro,occupancy,no_origin,6,unith,5,Nielsen,Nov_6_g0,1.0,,,,5,5,20,4,8,0,3,7,4,0,2,1,4H,2S,0.3577182708002603,22,14,True,True,True,True,0
top_four,dendro,occupancy,no_origin,6,unith,5,Nielsen,Nov_6_g0,1.0,,,,5,5,20,4,8,0,3,8,4,0,3,1,4H,3S,0.47147607739039976,22,10,True,True,True,True,0
top_four,dendro,occupancy,no_origin,6,unith,5,Nielsen,Nov_6_g0,1.0,,,,5,5,20,4,8,0,3,9,4,0,4,1,4H,4S,0.28667897116222923,22,30,True,True,True,True,0
top_four,dendro,occupancy,no_origin,6,unith,5,Nielsen,Nov_6_g0,1.0,,,,5,5,20,4,8,0,3,10,4,0,5,1,4H,5S,0.39333002474140966,22,60,True,True,True,True,0
top_four,dendro,occupancy,no_origin,6,unith,5,Nielsen,Nov_6_g0,1.0,,,,5,5,20,4,8,0,3,11,4,0,6,1,4H,6S,0.1979169498617334,22,79,True,True,True,True,0
top_four,dendro,occupancy,no_origin,6,unith,5,Nielsen,Nov_6_g0,1.0,,,,,5,20,4,8,0,4,0,5,0,1,0,5H,1H,,0,51,False,True,False,True,0
top_four,dendro,occupancy,no_origin,6,unith,5,Nielsen,Nov_6_g0,1.0,,,,,5,20,4,8,0,4,1,5,0,2,0,5H,2H,,0,42,False,True,False,True,0
top_four,dendro,occupancy,no_origin,6,unith,5,Nielsen,Nov_6_g0,1.0,,,,,5,20,4,8,0,4,2,5,0,3,0,5H,3H,,0,59,False,True,False,True,0
top_four,dendro,occupancy,no_origin,6,unith,5,Nielsen,Nov_6_g0,1.0,,,,,5,20,4,8,0,4,3,5,0,4,0,5H,4H,,0,22,False,True,False,True,0
top_four,dendro,occupancy,no_origin,6,unith,5,Nielsen,Nov_6_g0,1.0,,,,,,20,4,8,0,4,4,5,0,5,0,5H,5H,,0,0,False,False,False,False,0
top_four,dendro,occupancy,no_origin,6,unith,5,Nielsen,Nov_6_g0,1.0,,,,,,20,4,8,0,4,5,5,0,6,0,5H,6H,,0,0,False,False,False,False,0
top_four,dendro,occupancy,no_origin,6,unith,5,Nielsen,Nov_6_g0,1.0,,,,,,20,4,8,0,4,6,5,0,1,1,5H,1S,,0,0,False,False,False,False,0
top_four,dendro,occupancy,no_origin,6,unith,5,Nielsen,Nov_6_g0,1.0,,,,,5,20,4,8,0,4,7,5,0,2,1,5H,2S,,0,14,False,True,False,True,0
top_four,dendro,occupancy,no_origin,6,unith,5,Nielsen,Nov_6_g0,1.0,,,,,5,20,4,8,0,4,8,5,0,3,1,5H,3S,,0,10,False,True,False,True,0
top_four,dendro,occupancy,no_origin,6,unith,5,Nielsen,Nov_6_g0,1.0,,,,,5,20,4,8,0,4,9,5,0,4,1,5H,4S,,0,30,False,True,False,True,0
top_four,dendro,occupancy,no_origin,6,unith,5,Nielsen,Nov_6_g0,1.0,,,,,5,20,4,8,0,4,10,5,0,5,1,5H,5S,,0,60,False,True,False,True,0
top_four,dendro,occupancy,no_origin,6,unith,5,Nielsen,Nov_6_g0,1.0,,,,,5,20,4,8,0,4,11,5,0,6,1,5H,6S,,0,79,False,True,False,True,0
top_four,dendro,occupancy,no_origin,6,unith,5,Nielsen,Nov_6_g0,1.0,,,,,5,20,4,8,0,5,0,6,0,1,0,6H,1H,,0,51,False,True,False,True,0
top_four,dendro,occupancy,no_origin,6,unith,5,Nielsen,Nov_6_g0,1.0,,,,,5,20,4,8,0,5,1,6,0,2,0,6H,2H,,0,42,False,True,False,True,0
top_four,dendro,occupancy,no_origin,6,unith,5,Nielsen,Nov_6_g0,1.0,,,,,5,20,4,8,0,5,2,6,0,3,0,6H,3H,,0,59,False,True,False,True,0
top_four,dendro,occupancy,no_origin,6,unith,5,Nielsen,Nov_6_g0,1.0,,,,,5,20,4,8,0,5,3,6,0,4,0,6H,4H,,0,22,False,True,False,True,0
top_four,dendro,occupancy,no_origin,6,unith,5,Nielsen,Nov_6_g0,1.0,,,,,,20,4,8,0,5,4,6,0,5,0,6H,5H,,0,0,False,False,False,False,0
top_four,dendro,occupancy,no_origin,6,unith,5,Nielsen,Nov_6_g0,1.0,,,,,,20,4,8,0,5,5,6,0,6,0,6H,6H,,0,0,False,False,False,False,0
top_four,dendro,occupancy,no_origin,6,unith,5,Nielsen,Nov_6_g0,1.0,,,,,,20,4,8,0,5,6,6,0,1,1,6H,1S,,0,0,False,False,False,False,0
top_four,dendro,occupancy,no_origin,6,unith,5,Nielsen,Nov_6_g0,1.0,,,,,5,20,4,8,0,5,7,6,0,2,1,6H,2S,,0,14,False,True,False,True,0
top_four,dendro,occupancy,no_origin,6,unith,5,Nielsen,Nov_6_g0,1.0,,,,,5,20,4,8,0,5,8,6,0,3,1,6H,3S,,0,10,False,True,False,True,0
top_four,dendro,occupancy,no_origin,6,unith,5,Nielsen,Nov_6_g0,1.0,,,,,5,20,4,8,0,5,9,6,0,4,1,6H,4S,,0,30,False,True,False,True,0
top_four,dendro,occupancy,no_origin,6,unith,5,Nielsen,Nov_6_g0,1.0,,,,,5,20,4,8,0,5,10,6,0,5,1,6H,5S,,0,60,False,True,False,True,0
top_four,dendro,occupancy,no_origin,6,unith,5,Nielsen,Nov_6_g0,1.0,,,,,5,20,4,8,0,5,11,6,0,6,1,6H,6S,,0,79,False,True,False,True,0
top_four,dendro,occupancy,no_origin,6,unith,5,Nielsen,Nov_6_g0,1.0,,,,,5,20,4,8,0,6,0,1,1,1,0,1S,1H,,0,51,False,True,False,True,0
top_four,dendro,occupancy,no_origin,6,unith,5,Nielsen,Nov_6_g0,1.0,,,,,5,20,4,8,0,6,1,1,1,2,0,1S,2H,,0,42,False,True,False,True,0
top_four,dendro,occupancy,no_origin,6,unith,5,Nielsen,Nov_6_g0,1.0,,,,,5,20,4,8,0,6,2,1,1,3,0,1S,3H,,0,59,False,True,False,True,0
top_four,dendro,occupancy,no_origin,6,unith,5,Nielsen,Nov_6_g0,1.0,,,,,5,20,4,8,0,6,3,1,1,4,0,1S,4H,,0,22,False,True,False,True,0
top_four,dendro,occupancy,no_origin,6,unith,5,Nielsen,Nov_6_g0,1.0,,,,,,20,4,8,0,6,4,1,1,5,0,1S,5H,,0,0,False,False,False,False,0
top_four,dendro,occupancy,no_origin,6,unith,5,Nielsen,Nov_6_g0,1.0,,,,,,20,4,8,0,6,5,1,1,6,0,1S,6H,,0,0,False,False,False,False,0
top_four,dendro,occupancy,no_origin,6,unith,5,Nielsen,Nov_6_g0,1.0,,,,,,20,4,8,0,6,6,1,1,1,1,1S,1S,,0,0,False,False,False,False,0
top_four,dendro,occupancy,no_origin,6,unith,5,Nielsen,Nov_6_g0,1.0,,,,,5,20,4,8,0,6,7,1,1,2,1,1S,2S,,0,14,False,True,False,True,0
top_four,dendro,occupancy,no_origin,6,unith,5,Nielsen,Nov_6_g0,1.0,,,,,5,20,4,8,0,6,8,1,1,3,1,1S,3S,,0,10,False,True,False,True,0
top_four,dendro,occupancy,no_origin,6,unith,5,Nielsen,Nov_6_g0,1.0,,,,,5,20,4,8,0,6,9,1,1,4,1,1S,4S,,0,30,False,True,False,True,0
top_four,dendro,occupancy,no_origin,6,unith,5,Nielsen,Nov_6_g0,1.0,,,,,5,20,4,8,0,6,10,1,1,5,1,1S,5S,,0,60,False,True,False,True,0
top_four,dendro,occupancy,no_origin,6,unith,5,Nielsen,Nov_6_g0,1.0,,,,,5,20,4,8,0,6,11,1,1,6,1,1S,6S,,0,79,False,True,False,True,0
top_four,dendro,occupancy,no_origin,6,unith,5,Nielsen,Nov_6_g0,1.0,,,,5,5,20,4,8,0,7,0,2,1,1,0,2S,1H,0.4306883812867549,14,51,True,True,True,True,0
top_four,dendro,occupancy,no_origin,6,unith,5,Nielsen,Nov_6_g0,1.0,,,,5,5,20,4,8,0,7,1,2,1,2,0,2S,2H,0.5402428598620308,14,42,True,True,True,True,0
top_four,dendro,occupancy,no_origin,6,unith,5,Nielsen,Nov_6_g0,1.0,,,,5,5,20,4,8,0,7,2,2,1,3,0,2S,3H,0.468959677189582,14,59,True,True,True,True,0
top_four,dendro,occupancy,no_origin,6,unith,5,Nielsen,Nov_6_g0,1.0,,,,5,5,20,4,8,0,7,3,2,1,4,0,2S,4H,0.3577182708002603,14,22,True,True,True,True,0
top_four,dendro,occupancy,no_origin,6,unith,5,Nielsen,Nov_6_g0,1.0,,,,5,,20,4,8,0,7,4,2,1,5,0,2S,5H,,14,0,True,False,True,False,0
top_four,dendro,occupancy,no_origin,6,unith,5,Nielsen,Nov_6_g0,1.0,,,,5,,20,4,8,0,7,5,2,1,6,0,2S,6H,,14,0,True,False,True,False,0
top_four,dendro,occupancy,no_origin,6,unith,5,Nielsen,Nov_6_g0,1.0,,,,5,,20,4,8,0,7,6,2,1,1,1,2S,1S,,14,0,True,False,True,False,0
top_four,dendro,occupancy,no_origin,6,unith,5,Nielsen,Nov_6_g0,1.0,,,,5,5,20,4,8,0,7,7,2,1,2,1,2S,2S,0.8436350489197046,14,14,True,True,True,True,0
top_four,dendro,occupancy,no_origin,6,unith,5,Nielsen,Nov_6_g0,1.0,,,,5,5,20,4,8,0,7,8,2,1,3,1,2S,3S,0.2578381796201629,14,10,True,True,True,True,0
top_four,dendro,occupancy,no_origin,6,unith,5,Nielsen,Nov_6_g0,1.0,,,,5,5,20,4,8,0,7,9,2,1,4,1,2S,4S,0.4191195505822045,14,30,True,True,True,True,0
top_four,dendro,occupancy,no_origin,6,unith,5,Nielsen,Nov_6_g0,1.0,,,,5,5,20,4,8,0,7,10,2,1,5,1,2S,5S,0.4172902954937128,14,60,True,True,True,True,0
top_four,dendro,occupancy,no_origin,6,unith,5,Nielsen,Nov_6_g0,1.0,,,,5,5,20,4,8,0,7,11,2,1,6,1,2S,6S,0.6750184859694357,14,79,True,True,True,True,0
top_four,dendro,occupancy,no_origin,6,unith,5,Nielsen,Nov_6_g0,1.0,,,,5,5,20,4,8,0,8,0,3,1,1,0,3S,1H,0.41863542519841923,10,51,True,True,True,True,0
top_four,dendro,occupancy,no_origin,6,unith,5,Nielsen,Nov_6_g0,1.0,,,,5,5,20,4,8,0,8,1,3,1,2,0,3S,2H,0.44659721033601335,10,42,True,True,True,True,0
top_four,dendro,occupancy,no_origin,6,unith,5,Nielsen,Nov_6_g0,1.0,,,,5,5,20,4,8,0,8,2,3,1,3,0,3S,3H,0.29454804113022914,10,59,True,True,True,True,0
top_four,dendro,occupancy,no_origin,6,unith,5,Nielsen,Nov_6_g0,1.0,,,,5,5,20,4,8,0,8,3,3,1,4,0,3S,4H,0.47147607739039976,10,22,True,True,True,True,0
top_four,dendro,occupancy,no_origin,6,unith,5,Nielsen,Nov_6_g0,1.0,,,,5,,20,4,8,0,8,4,3,1,5,0,3S,5H,,10,0,True,False,True,False,0
top_four,dendro,occupancy,no_origin,6,unith,5,Nielsen,Nov_6_g0,1.0,,,,5,,20,4,8,0,8,5,3,1,6,0,3S,6H,,10,0,True,False,True,False,0
top_four,dendro,occupancy,no_origin,6,unith,5,Nielsen,Nov_6_g0,1.0,,,,5,,20,4,8,0,8,6,3,1,1,1,3S,1S,,10,0,True,False,True,False,0
top_four,dendro,occupancy,no_origin,6,unith,5,Nielsen,Nov_6_g0,1.0,,,,5,5,20,4,8,0,8,7,3,1,2,1,3S,2S,0.2578381796201629,10,14,True,True,True,True,0
top_four,dendro,occupancy,no_origin,6,unith,5,Nielsen,Nov_6_g0,1.0,,,,5,5,20,4,8,0,8,8,3,1,3,1,3S,3S,0.6897007130054444,10,10,True,True,True,True,0
top_four,dendro,occupancy,no_origin,6,unith,5,Nielsen,Nov_6_g0,1.0,,,,5,5,20,4,8,0,8,9,3,1,4,1,3S,4S,0.1031328218516823,10,30,True,True,True,True,0
top_four,dendro,occupancy,no_origin,6,unith,5,Nielsen,Nov_6_g0,1.0,,,,5,5,20,4,8,0,8,10,3,1,5,1,3S,5S,0.10474007127228716,10,60,True,True,True,True,0
top_four,dendro,occupancy,no_origin,6,unith,5,Nielsen,Nov_6_g0,1.0,,,,5,5,20,4,8,0,8,11,3,1,6,1,3S,6S,0.06807331977414037,10,79,True,True,True,True,0
top_four,dendro,occupancy,no_origin,6,unith,5,Nielsen,Nov_6_g0,1.0,,,,5,5,20,4,8,0,9,0,4,1,1,0,4S,1H,0.4040698975272588,30,51,True,True,True,True,0
top_four,dendro,occupancy,no_origin,6,unith,5,Nielsen,Nov_6_g0,1.0,,,,5,5,20,4,8,0,9,1,4,1,2,0,4S,2H,0.3595779730735608,30,42,True,True,True,True,0
top_four,dendro,occupancy,no_origin,6,unith,5,Nielsen,Nov_6_g0,1.0,,,,5,5,20,4,8,0,9,2,4,1,3,0,4S,3H,0.6212866008118545,30,59,True,True,True,True,0
top_four,dendro,occupancy,no_origin,6,unith,5,Nielsen,Nov_6_g0,1.0,,,,5,5,20,4,8,0,9,3,4,1,4,0,4S,4H,0.28667897116222923,30,22,True,True,True,True,0
top_four,dendro,occupancy,no_origin,6,unith,5,Nielsen,Nov_6_g0,1.0,,,,5,,20,4,8,0,9,4,4,1,5,0,4S,5H,,30,0,True,False,True,False,0
top_four,dendro,occupancy,no_origin,6,unith,5,Nielsen,Nov_6_g0,1.0,,,,5,,20,4,8,0,9,5,4,1,6,0,4S,6H,,30,0,True,False,True,False,0
top_four,dendro,occupancy,no_origin,6,unith,5,Nielsen,Nov_6_g0,1.0,,,,5,,20,4,8,0,9,6,4,1,1,1,4S,1S,,30,0,True,False,True,False,0
top_four,dendro,occupancy,no_origin,6,unith,5,Nielsen,Nov_6_g0,1.0,,,,5,5,20,4,8,0,9,7,4,1,2,1,4S,2S,0.4191195505822045,30,14,True,True,True,True,0
top_four,dendro,occupancy,no_origin,6,unith,5,Nielsen,Nov_6_g0,1.0,,,,5,5,20,4,8,0,9,8,4,1,3,1,4S,3S,0.1031328218516823,30,10,True,True,True,True,0
top_four,dendro,occupancy,no_origin,6,unith,5,Nielsen,Nov_6_g0,1.0,,,,5,5,20,4,8,0,9,9,4,1,4,1,4S,4S,0.5600425787488714,30,30,True,True,True,True,0
top_four,dendro,occupancy,no_origin,6,unith,5,Nielsen,Nov_6_g0,1.0,,,,5,5,20,4,8,0,9,10,4,1,5,1,4S,5S,0.5962341015955934,30,60,True,True,True,True,0
top_four,dendro,occupancy,no_origin,6,unith,5,Nielsen,Nov_6_g0,1.0,,,,5,5,20,4,8,0,9,11,4,1,6,1,4S,6S,0.2226201785358179,30,79,True,True,True,True,0
top_four,dendro,occupancy,no_origin,6,unith,5,Nielsen,Nov_6_g0,1.0,,,,5,5,20,4,8,0,10,0,5,1,1,0,5S,1H,0.5252663175966839,60,51,True,True,True,True,0
top_four,dendro,occupancy,no_origin,6,unith,5,Nielsen,Nov_6_g0,1.0,,,,5,5,20,4,8,0,10,1,5,1,2,0,5S,2H,0.4201458668168191,60,42,True,True,True,True,0
top_four,dendro,occupancy,no_origin,6,unith,5,Nielsen,Nov_6_g0,1.0,,,,5,5,20,4,8,0,10,2,5,1,3,0,5S,3H,0.5447451122688197,60,59,True,True,True,True,0
top_four,dendro,occupancy,no_origin,6,unith,5,Nielsen,Nov_6_g0,1.0,,,,5,5,20,4,8,0,10,3,5,1,4,0,5S,4H,0.39333002474140966,60,22,True,True,True,True,0
top_four,dendro,occupancy,no_origin,6,unith,5,Nielsen,Nov_6_g0,1.0,,,,5,,20,4,8,0,10,4,5,1,5,0,5S,5H,,60,0,True,False,True,False,0
top_four,dendro,occupancy,no_origin,6,unith,5,Nielsen,Nov_6_g0,1.0,,,,5,,20,4,8,0,10,5,5,1,6,0,5S,6H,,60,0,True,False,True,False,0
top_four,dendro,occupancy,no_origin,6,unith,5,Nielsen,Nov_6_g0,1.0,,,,5,,20,4,8,0,10,6,5,1,1,1,5S,1S,,60,0,True,False,True,False,0
top_four,dendro,occupancy,no_origin,6,unith,5,Nielsen,Nov_6_g0,1.0,,,,5,5,20,4,8,0,10,7,5,1,2,1,5S,2S,0.4172902954937128,60,14,True,True,True,True,0
top_four,dendro,occupancy,no_origin,6,unith,5,Nielsen,Nov_6_g0,1.0,,,,5,5,20,4,8,0,10,8,5,1,3,1,5S,3S,0.10474007127228716,60,10,True,True,True,True,0
top_four,dendro,occupancy,no_origin,6,unith,5,Nielsen,Nov_6_g0,1.0,,,,5,5,20,4,8,0,10,9,5,1,4,1,5S,4S,0.5962341015955934,60,30,True,True,True,True,0
top_four,dendro,occupancy,no_origin,6,unith,5,Nielsen,Nov_6_g0,1.0,,,,5,5,20,4,8,0,10,10,5,1,5,1,5S,5S,0.516427192766982,60,60,True,True,True,True,0
top_four,dendro,occupancy,no_origin,6,unith,5,Nielsen,Nov_6_g0,1.0,,,,5,5,20,4,8,0,10,11,5,1,6,1,5S,6S,0.17369944443777469,60,79,True,True,True,True,0
top_four,dendro,occupancy,no_origin,6,unith,5,Nielsen,Nov_6_g0,1.0,,,,5,5,20,4,8,0,11,0,6,1,1,0,6S,1H,0.18372153452069323,79,51,True,True,True,True,0
top_four,dendro,occupancy,no_origin,6,unith,5,Nielsen,Nov_6_g0,1.0,,,,5,5,20,4,8,0,11,1,6,1,2,0,6S,2H,0.27458605342785863,79,42,True,True,True,True,0
top_four,dendro,occupancy,no_origin,6,unith,5,Nielsen,Nov_6_g0,1.0,,,,5,5,20,4,8,0,11,2,6,1,3,0,6S,3H,0.2639292941358031,79,59,True,True,True,True,0
top_four,dendro,occupancy,no_origin,6,unith,5,Nielsen,Nov_6_g0,1.0,,,,5,5,20,4,8,0,11,3,6,1,4,0,6S,4H,0.1979169498617334,79,22,True,True,True,True,0
top_four,dendro,occupancy,no_origin,6,unith,5,Nielsen,Nov_6_g0,1.0,,,,5,,20,4,8,0,11,4,6,1,5,0,6S,5H,,79,0,True,False,True,False,0
top_four,dendro,occupancy,no_origin,6,unith,5,Nielsen,Nov_6_g0,1.0,,,,5,,20,4,8,0,11,5,6,1,6,0,6S,6H,,79,0,True,False,True,False,0
top_four,dendro,occupancy,no_origin,6,unith,5,Nielsen,Nov_6_g0,1.0,,,,5,,20,4,8,0,11,6,6,1,1,1,6S,1S,,79,0,True,False,True,False,0
top_four,dendro,occupancy,no_origin,6,unith,5,Nielsen,Nov_6_g0,1.0,,,,5,5,20,4,8,0,11,7,6,1,2,1,6S,2S,0.6750184859694357,79,14,True,True,True,True,0
top_four,dendro,occupancy,no_origin,6,unith,5,Nielsen,Nov_6_g0,1.0,,,,5,5,20,4,8,0,11,8,6,1,3,1,6S,3S,0.06807331977414037,79,10,True,True,True,True,0
top_four,dendro,occupancy,no_origin,6,unith,5,Nielsen,Nov_6_g0,1.0,,,,5,5,20,4,8,0,11,9,6,1,4,1,6S,4S,0.2226201785358179,79,30,True,True,True,True,0
top_four,dendro,occupancy,no_origin,6,unith,5,Nielsen,Nov_6_g0,1.0,,,,5,5,20,4,8,0,11,10,6,1,5,1,6S,5S,0.17369944443777469,79,60,True,True,True,True,0
top_four,dendro,occupancy,no_origin,6,unith,5,Nielsen,Nov_6_g0,1.0,,,,5,5,20,4,8,0,11,11,6,1,6,1,6S,6S,0.6091766121124128,79,79,True,True,True,True,0
top_four,dendro,occupancy,no_origin,6,unith,5,Nielsen,Oct_22_g0,0.999896608767576,,,,9,9,20,4,8,0,0,0,1,0,1,0,1H,1H,0.5905375364605824,44,44,True,True,True,True,0
top_four,dendro,occupancy,no_origin,6,unith,5,Nielsen,Oct_22_g0,0.999896608767576,,,,9,9,20,4,8,0,0,1,1,0,2,0,1H,2H,0.5867984820102039,44,44,True,True,True,True,0
top_four,dendro,occupancy,no_origin,6,unith,5,Nielsen,Oct_22_g0,0.999896608767576,,,,9,9,20,4,8,0,0,2,1,0,3,0,1H,3H,0.44151041563201643,44,57,True,True,True,True,0
top_four,dendro,occupancy,no_origin,6,unith,5,Nielsen,Oct_22_g0,0.999896608767576,,,,9,9,20,4,8,0,0,3,1,0,4,0,1H,4H,0.45143058892786386,44,21,True,True,True,True,0
top_four,dendro,occupancy,no_origin,6,unith,5,Nielsen,Oct_22_g0,0.999896608767576,,,,9,,20,4,8,0,0,4,1,0,5,0,1H,5H,,44,0,True,False,True,False,0
top_four,dendro,occupancy,no_origin,6,unith,5,Nielsen,Oct_22_g0,0.999896608767576,,,,9,,20,4,8,0,0,5,1,0,6,0,1H,6H,,44,0,True,False,True,False,0
top_four,dendro,occupancy,no_origin,6,unith,5,Nielsen,Oct_22_g0,0.999896608767576,,,,9,9,20,4,8,0,0,6,1,0,1,1,1H,1S,0.6794712922350044,44,18,True,True,True,True,0
top_four,dendro,occupancy,no_origin,6,unith,5,Nielsen,Oct_22_g0,0.999896608767576,,,,9,9,20,4,8,0,0,7,1,0,2,1,1H,2S,0.5838233295908087,44,25,True,True,True,True,0
top_four,dendro,occupancy,no_origin,6,unith,5,Nielsen,Oct_22_g0,0.999896608767576,,,,9,9,20,4,8,0,0,8,1,0,3,1,1H,3S,0.37658835576967026,44,20,True,True,True,True,0
top_four,dendro,occupancy,no_origin,6,unith,5,Nielsen,Oct_22_g0,0.999896608767576,,,,9,9,20,4,8,0,0,9,1,0,4,1,1H,4S,0.3317728779527759,44,61,True,True,True,True,0
top_four,dendro,occupancy,no_origin,6,unith,5,Nielsen,Oct_22_g0,0.999896608767576,,,,9,9,20,4,8,0,0,10,1,0,5,1,1H,5S,-0.01139720823387504,44,88,True,True,True,True,0
top_four,dendro,occupancy,no_origin,6,unith,5,Nielsen,Oct_22_g0,0.999896608767576,,,,9,9,20,4,8,0,0,11,1,0,6,1,1H,6S,-0.06684492205573585,44,77,True,True,True,True,0
top_four,dendro,occupancy,no_origin,6,unith,5,Nielsen,Oct_22_g0,0.999896608767576,,,,9,9,20,4,8,0,1,0,2,0,1,0,2H,1H,0.5867984820102039,44,44,True,True,True,True,0
top_four,dendro,occupancy,no_origin,6,unith,5,Nielsen,Oct_22_g0,0.999896608767576,,,,9,9,20,4,8,0,1,1,2,0,2,0,2H,2H,0.6396914420521483,44,44,True,True,True,True,0
top_four,dendro,occupancy,no_origin,6,unith,5,Nielsen,Oct_22_g0,0.999896608767576,,,,9,9,20,4,8,0,1,2,2,0,3,0,2H,3H,0.37501255722737803,44,57,True,True,True,True,0
top_four,dendro,occupancy,no_origin,6,unith,5,Nielsen,Oct_22_g0,0.999896608767576,,,,9,9,20,4,8,0,1,3,2,0,4,0,2H,4H,0.4518930661936552,44,21,True,True,True,True,0
top_four,dendro,occupancy,no_origin,6,unith,5,Nielsen,Oct_22_g0,0.999896608767576,,,,9,,20,4,8,0,1,4,2,0,5,0,2H,5H,,44,0,True,False,True,False,0
top_four,dendro,occupancy,no_origin,6,unith,5,Nielsen,Oct_22_g0,0.999896608767576,,,,9,,20,4,8,0,1,5,2,0,6,0,2H,6H,,44,0,True,False,True,False,0
top_four,dendro,occupancy,no_origin,6,unith,5,Nielsen,Oct_22_g0,0.999896608767576,,,,9,9,20,4,8,0,1,6,2,0,1,1,2H,1S,0.7768319466533029,44,18,True,True,True,True,0
top_four,dendro,occupancy,no_origin,6,unith,5,Nielsen,Oct_22_g0,0.999896608767576,,,,9,9,20,4,8,0,1,7,2,0,2,1,2H,2S,0.5703184355545377,44,25,True,True,True,True,0
top_four,dendro,occupancy,no_origin,6,unith,5,Nielsen,Oct_22_g0,0.999896608767576,,,,9,9,20,4,8,0,1,8,2,0,3,1,2H,3S,0.3050206175503686,44,20,True,True,True,True,0
top_four,dendro,occupancy,no_origin,6,unith,5,Nielsen,Oct_22_g0,0.999896608767576,,,,9,9,20,4,8,0,1,9,2,0,4,1,2H,4S,0.4765297955604123,44,61,True,True,True,True,0
top_four,dendro,occupancy,no_origin,6,unith,5,Nielsen,Oct_22_g0,0.999896608767576,,,,9,9,20,4,8,0,1,10,2,0,5,1,2H,5S,0.04652788007161821,44,88,True,True,True,True,0
top_four,dendro,occupancy,no_origin,6,unith,5,Nielsen,Oct_22_g0,0.999896608767576,,,,9,9,20,4,8,0,1,11,2,0,6,1,2H,6S,0.2822099594135431,44,77,True,True,True,True,0
top_four,dendro,occupancy,no_origin,6,unith,5,Nielsen,Oct_22_g0,0.999896608767576,,,,9,9,20,4,8,0,2,0,3,0,1,0,3H,1H,0.44151041563201643,57,44,True,True,True,True,0
top_four,dendro,occupancy,no_origin,6,unith,5,Nielsen,Oct_22_g0,0.999896608767576,,,,9,9,20,4,8,0,2,1,3,0,2,0,3H,2H,0.37501255722737803,57,44,True,True,True,True,0
top_four,dendro,occupancy,no_origin,6,unith,5,Nielsen,Oct_22_g0,0.999896608767576,,,,9,9,20,4,8,0,2,2,3,0,3,0,3H,3H,0.198592933884332,57,57,True,True,True,True,0
top_four,dendro,occupancy,no_origin,6,unith,5,Nielsen,Oct_22_g0,0.999896608767576,,,,9,9,20,4,8,0,2,3,3,0,4,0,3H,4H,0.46583614153429254,57,21,True,True,True,True,0
top_four,dendro,occupancy,no_origin,6,unith,5,Nielsen,Oct_22_g0,0.999896608767576,,,,9,,20,4,8,0,2,4,3,0,5,0,3H,5H,,57,0,True,False,True,False,0
top_four,dendro,occupancy,no_origin,6,unith,5,Nielsen,Oct_22_g0,0.999896608767576,,,,9,,20,4,8,0,2,5,3,0,6,0,3H,6H,,57,0,True,False,True,False,0
top_four,dendro,occupancy,no_origin,6,unith,5,Nielsen,Oct_22_g0,0.999896608767576,,,,9,9,20,4,8,0,2,6,3,0,1,1,3H,1S,0.5745621418733307,57,18,True,True,True,True,0
top_four,dendro,occupancy,no_origin,6,unith,5,Nielsen,Oct_22_g0,0.999896608767576,,,,9,9,20,4,8,0,2,7,3,0,2,1,3H,2S,0.4084031993714577,57,25,True,True,True,True,0
top_four,dendro,occupancy,no_origin,6,unith,5,Nielsen,Oct_22_g0,0.999896608767576,,,,9,9,20,4,8,0,2,8,3,0,3,1,3H,3S,0.3115145414044236,57,20,True,True,True,True,0
top_four,dendro,occupancy,no_origin,6,unith,5,Nielsen,Oct_22_g0,0.999896608767576,,,,9,9,20,4,8,0,2,9,3,0,4,1,3H,4S,0.224876050698193,57,61,True,True,True,True,0
top_four,dendro,occupancy,no_origin,6,unith,5,Nielsen,Oct_22_g0,0.999896608767576,,,,9,9,20,4,8,0,2,10,3,0,5,1,3H,5S,0.026408963023428527,57,88,True,True,True,True,0
top_four,dendro,occupancy,no_origin,6,unith,5,Nielsen,Oct_22_g0,0.999896608767576,,,,9,9,20,4,8,0,2,11,3,0,6,1,3H,6S,0.19701497437656795,57,77,True,True,True,True,0
top_four,dendro,occupancy,no_origin,6,unith,5,Nielsen,Oct_22_g0,0.999896608767576,,,,9,9,20,4,8,0,3,0,4,0,1,0,4H,1H,0.45143058892786386,21,44,True,True,True,True,0
top_four,dendro,occupancy,no_origin,6,unith,5,Nielsen,Oct_22_g0,0.999896608767576,,,,9,9,20,4,8,0,3,1,4,0,2,0,4H,2H,0.4518930661936552,21,44,True,True,True,True,0
top_four,dendro,occupancy,no_origin,6,unith,5,Nielsen,Oct_22_g0,0.999896608767576,,,,9,9,20,4,8,0,3,2,4,0,3,0,4H,3H,0.46583614153429254,21,57,True,True,True,True,0
top_four,dendro,occupancy,no_origin,6,unith,5,Nielsen,Oct_22_g0,0.999896608767576,,,,9,9,20,4,8,0,3,3,4,0,4,0,4H,4H,0.13459068926510614,21,21,True,True,True,True,0
top_four,dendro,occupancy,no_origin,6,unith,5,Nielsen,Oct_22_g0,0.999896608767576,,,,9,,20,4,8,0,3,4,4,0,5,0,4H,5H,,21,0,True,False,True,False,0
top_four,dendro,occupancy,no_origin,6,unith,5,Nielsen,Oct_22_g0,0.999896608767576,,,,9,,20,4,8,0,3,5,4,0,6,0,4H,6H,,21,0,True,False,True,False,0
top_four,dendro,occupancy,no_origin,6,unith,5,Nielsen,Oct_22_g0,0.999896608767576,,,,9,9,20,4,8,0,3,6,4,0,1,1,4H,1S,0.48803620564142935,21,18,True,True,True,True,0
top_four,dendro,occupancy,no_origin,6,unith,5,Nielsen,Oct_22_g0,0.999896608767576,,,,9,9,20,4,8,0,3,7,4,0,2,1,4H,2S,0.4514072265594565,21,25,True,True,True,True,0
top_four,dendro,occupancy,no_origin,6,unith,5,Nielsen,Oct_22_g0,0.999896608767576,,,,9,9,20,4,8,0,3,8,4,0,3,1,4H,3S,0.38872419205467545,21,20,True,True,True,True,0
top_four,dendro,occupancy,no_origin,6,unith,5,Nielsen,Oct_22_g0,0.999896608767576,,,,9,9,20,4,8,0,3,9,4,0,4,1,4H,4S,0.4783003613439843,21,61,True,True,True,True,0
top_four,dendro,occupancy,no_origin,6,unith,5,Nielsen,Oct_22_g0,0.999896608767576,,,,9,9,20,4,8,0,3,10,4,0,5,1,4H,5S,0.18958469431459551,21,88,True,True,True,True,0
top_four,dendro,occupancy,no_origin,6,unith,5,Nielsen,Oct_22_g0,0.999896608767576,,,,9,9,20,4,8,0,3,11,4,0,6,1,4H,6S,0.34201533282638397,21,77,True,True,True,True,0
top_four,dendro,occupancy,no_origin,6,unith,5,Nielsen,Oct_22_g0,0.999896608767576,,,,,9,20,4,8,0,4,0,5,0,1,0,5H,1H,,0,44,False,True,False,True,0
top_four,dendro,occupancy,no_origin,6,unith,5,Nielsen,Oct_22_g0,0.999896608767576,,,,,9,20,4,8,0,4,1,5,0,2,0,5H,2H,,0,44,False,True,False,True,0
top_four,dendro,occupancy,no_origin,6,unith,5,Nielsen,Oct_22_g0,0.999896608767576,,,,,9,20,4,8,0,4,2,5,0,3,0,5H,3H,,0,57,False,True,False,True,0
top_four,dendro,occupancy,no_origin,6,unith,5,Nielsen,Oct_22_g0,0.999896608767576,,,,,9,20,4,8,0,4,3,5,0,4,0,5H,4H,,0,21,False,True,False,True,0
top_four,dendro,occupancy,no_origin,6,unith,5,Nielsen,Oct_22_g0,0.999896608767576,,,,,,20,4,8,0,4,4,5,0,5,0,5H,5H,,0,0,False,False,False,False,0
top_four,dendro,occupancy,no_origin,6,unith,5,Nielsen,Oct_22_g0,0.999896608767576,,,,,,20,4,8,0,4,5,5,0,6,0,5H,6H,,0,0,False,False,False,False,0
top_four,dendro,occupancy,no_origin,6,unith,5,Nielsen,Oct_22_g0,0.999896608767576,,,,,9,20,4,8,0,4,6,5,0,1,1,5H,1S,,0,18,False,True,False,True,0
top_four,dendro,occupancy,no_origin,6,unith,5,Nielsen,Oct_22_g0,0.999896608767576,,,,,9,20,4,8,0,4,7,5,0,2,1,5H,2S,,0,25,False,True,False,True,0
top_four,dendro,occupancy,no_origin,6,unith,5,Nielsen,Oct_22_g0,0.999896608767576,,,,,9,20,4,8,0,4,8,5,0,3,1,5H,3S,,0,20,False,True,False,True,0
top_four,dendro,occupancy,no_origin,6,unith,5,Nielsen,Oct_22_g0,0.999896608767576,,,,,9,20,4,8,0,4,9,5,0,4,1,5H,4S,,0,61,False,True,False,True,0
top_four,dendro,occupancy,no_origin,6,unith,5,Nielsen,Oct_22_g0,0.999896608767576,,,,,9,20,4,8,0,4,10,5,0,5,1,5H,5S,,0,88,False,True,False,True,0
top_four,dendro,occupancy,no_origin,6,unith,5,Nielsen,Oct_22_g0,0.999896608767576,,,,,9,20,4,8,0,4,11,5,0,6,1,5H,6S,,0,77,False,True,False,True,0
top_four,dendro,occupancy,no_origin,6,unith,5,Nielsen,Oct_22_g0,0.999896608767576,,,,,9,20,4,8,0,5,0,6,0,1,0,6H,1H,,0,44,False,True,False,True,0
top_four,dendro,occupancy,no_origin,6,unith,5,Nielsen,Oct_22_g0,0.999896608767576,,,,,9,20,4,8,0,5,1,6,0,2,0,6H,2H,,0,44,False,True,False,True,0
top_four,dendro,occupancy,no_origin,6,unith,5,Nielsen,Oct_22_g0,0.999896608767576,,,,,9,20,4,8,0,5,2,6,0,3,0,6H,3H,,0,57,False,True,False,True,0
top_four,dendro,occupancy,no_origin,6,unith,5,Nielsen,Oct_22_g0,0.999896608767576,,,,,9,20,4,8,0,5,3,6,0,4,0,6H,4H,,0,21,False,True,False,True,0
top_four,dendro,occupancy,no_origin,6,unith,5,Nielsen,Oct_22_g0,0.999896608767576,,,,,,20,4,8,0,5,4,6,0,5,0,6H,5H,,0,0,False,False,False,False,0
top_four,dendro,occupancy,no_origin,6,unith,5,Nielsen,Oct_22_g0,0.999896608767576,,,,,,20,4,8,0,5,5,6,0,6,0,6H,6H,,0,0,False,False,False,False,0
top_four,dendro,occupancy,no_origin,6,unith,5,Nielsen,Oct_22_g0,0.999896608767576,,,,,9,20,4,8,0,5,6,6,0,1,1,6H,1S,,0,18,False,True,False,True,0
top_four,dendro,occupancy,no_origin,6,unith,5,Nielsen,Oct_22_g0,0.999896608767576,,,,,9,20,4,8,0,5,7,6,0,2,1,6H,2S,,0,25,False,True,False,True,0
top_four,dendro,occupancy,no_origin,6,unith,5,Nielsen,Oct_22_g0,0.999896608767576,,,,,9,20,4,8,0,5,8,6,0,3,1,6H,3S,,0,20,False,True,False,True,0
top_four,dendro,occupancy,no_origin,6,unith,5,Nielsen,Oct_22_g0,0.999896608767576,,,,,9,20,4,8,0,5,9,6,0,4,1,6H,4S,,0,61,False,True,False,True,0
top_four,dendro,occupancy,no_origin,6,unith,5,Nielsen,Oct_22_g0,0.999896608767576,,,,,9,20,4,8,0,5,10,6,0,5,1,6H,5S,,0,88,False,True,False,True,0
top_four,dendro,occupancy,no_origin,6,unith,5,Nielsen,Oct_22_g0,0.999896608767576,,,,,9,20,4,8,0,5,11,6,0,6,1,6H,6S,,0,77,False,True,False,True,0
top_four,dendro,occupancy,no_origin,6,unith,5,Nielsen,Oct_22_g0,0.999896608767576,,,,9,9,20,4,8,0,6,0,1,1,1,0,1S,1H,0.6794712922350044,18,44,True,True,True,True,0
top_four,dendro,occupancy,no_origin,6,unith,5,Nielsen,Oct_22_g0,0.999896608767576,,,,9,9,20,4,8,0,6,1,1,1,2,0,1S,2H,0.7768319466533029,18,44,True,True,True,True,0
top_four,dendro,occupancy,no_origin,6,unith,5,Nielsen,Oct_22_g0,0.999896608767576,,,,9,9,20,4,8,0,6,2,1,1,3,0,1S,3H,0.5745621418733307,18,57,True,True,True,True,0
top_four,dendro,occupancy,no_origin,6,unith,5,Nielsen,Oct_22_g0,0.999896608767576,,,,9,9,20,4,8,0,6,3,1,1,4,0,1S,4H,0.48803620564142935,18,21,True,True,True,True,0
top_four,dendro,occupancy,no_origin,6,unith,5,Nielsen,Oct_22_g0,0.999896608767576,,,,9,,20,4,8,0,6,4,1,1,5,0,1S,5H,,18,0,True,False,True,False,0
top_four,dendro,occupancy,no_origin,6,unith,5,Nielsen,Oct_22_g0,0.999896608767576,,,,9,,20,4,8,0,6,5,1,1,6,0,1S,6H,,18,0,True,False,True,False,0
top_four,dendro,occupancy,no_origin,6,unith,5,Nielsen,Oct_22_g0,0.999896608767576,,,,9,9,20,4,8,0,6,6,1,1,1,1,1S,1S,0.7939290429838061,18,18,True,True,True,True,0
top_four,dendro,occupancy,no_origin,6,unith,5,Nielsen,Oct_22_g0,0.999896608767576,,,,9,9,20,4,8,0,6,7,1,1,2,1,1S,2S,0.6839392796355368,18,25,True,True,True,True,0
top_four,dendro,occupancy,no_origin,6,unith,5,Nielsen,Oct_22_g0,0.999896608767576,,,,9,9,20,4,8,0,6,8,1,1,3,1,1S,3S,0.3658331506944935,18,20,True,True,True,True,0
top_four,dendro,occupancy,no_origin,6,unith,5,Nielsen,Oct_22_g0,0.999896608767576,,,,9,9,20,4,8,0,6,9,1,1,4,1,1S,4S,0.4491403279291041,18,61,True,True,True,True,0
top_four,dendro,occupancy,no_origin,6,unith,5,Nielsen,Oct_22_g0,0.999896608767576,,,,9,9,20,4,8,0,6,10,1,1,5,1,1S,5S,-0.08957628567656029,18,88,True,True,True,True,0
top_four,dendro,occupancy,no_origin,6,unith,5,Nielsen,Oct_22_g0,0.999896608767576,,,,9,9,20,4,8,0,6,11,1,1,6,1,1S,6S,0.15400169816944245,18,77,True,True,True,True,0
top_four,dendro,occupancy,no_origin,6,unith,5,Nielsen,Oct_22_g0,0.999896608767576,,,,9,9,20,4,8,0,7,0,2,1,1,0,2S,1H,0.5838233295908087,25,44,True,True,True,True,0
top_four,dendro,occupancy,no_origin,6,unith,5,Nielsen,Oct_22_g0,0.999896608767576,,,,9,9,20,4,8,0,7,1,2,1,2,0,2S,2H,0.5703184355545377,25,44,True,True,True,True,0
top_four,dendro,occupancy,no_origin,6,unith,5,Nielsen,Oct_22_g0,0.999896608767576,,,,9,9,20,4,8,0,7,2,2,1,3,0,2S,3H,0.4084031993714577,25,57,True,True,True,True,0
top_four,dendro,occupancy,no_origin,6,unith,5,Nielsen,Oct_22_g0,0.999896608767576,,,,9,9,20,4,8,0,7,3,2,1,4,0,2S,4H,0.4514072265594565,25,21,True,True,True,True,0
top_four,dendro,occupancy,no_origin,6,unith,5,Nielsen,Oct_22_g0,0.999896608767576,,,,9,,20,4,8,0,7,4,2,1,5,0,2S,5H,,25,0,True,False,True,False,0
top_four,dendro,occupancy,no_origin,6,unith,5,Nielsen,Oct_22_g0,0.999896608767576,,,,9,,20,4,8,0,7,5,2,1,6,0,2S,6H,,25,0,True,False,True,False,0
top_four,dendro,occupancy,no_origin,6,unith,5,Nielsen,Oct_22_g0,0.999896608767576,,,,9,9,20,4,8,0,7,6,2,1,1,1,2S,1S,0.6839392796355368,25,18,True,True,True,True,0
top_four,dendro,occupancy,no_origin,6,unith,5,Nielsen,Oct_22_g0,0.999896608767576,,,,9,9,20,4,8,0,7,7,2,1,2,1,2S,2S,0.47776165763633716,25,25,True,True,True,True,0
top_four,dendro,occupancy,no_origin,6,unith,5,Nielsen,Oct_22_g0,0.999896608767576,,,,9,9,20,4,8,0,7,8,2,1,3,1,2S,3S,0.4014255866732029,25,20,True,True,True,True,0
top_four,dendro,occupancy,no_origin,6,unith,5,Nielsen,Oct_22_g0,0.999896608767576,,,,9,9,20,4,8,0,7,9,2,1,4,1,2S,4S,0.40690363301215837,25,61,True,True,True,True,0
top_four,dendro,occupancy,no_origin,6,unith,5,Nielsen,Oct_22_g0,0.999896608767576,,,,9,9,20,4,8,0,7,10,2,1,5,1,2S,5S,0.01216326922444617,25,88,True,True,True,True,0
top_four,dendro,occupancy,no_origin,6,unith,5,Nielsen,Oct_22_g0,0.999896608767576,,,,9,9,20,4,8,0,7,11,2,1,6,1,2S,6S,0.04875383459763548,25,77,True,True,True,True,0
top_four,dendro,occupancy,no_origin,6,unith,5,Nielsen,Oct_22_g0,0.999896608767576,,,,9,9,20,4,8,0,8,0,3,1,1,0,3S,1H,0.37658835576967026,20,44,True,True,True,True,0
top_four,dendro,occupancy,no_origin,6,unith,5,Nielsen,Oct_22_g0,0.999896608767576,,,,9,9,20,4,8,0,8,1,3,1,2,0,3S,2H,0.3050206175503686,20,44,True,True,True,True,0
top_four,dendro,occupancy,no_origin,6,unith,5,Nielsen,Oct_22_g0,0.999896608767576,,,,9,9,20,4,8,0,8,2,3,1,3,0,3S,3H,0.3115145414044236,20,57,True,True,True,True,0
top_four,dendro,occupancy,no_origin,6,unith,5,Nielsen,Oct_22_g0,0.999896608767576,,,,9,9,20,4,8,0,8,3,3,1,4,0,3S,4H,0.38872419205467545,20,21,True,True,True,True,0
top_four,dendro,occupancy,no_origin,6,unith,5,Nielsen,Oct_22_g0,0.999896608767576,,,,9,,20,4,8,0,8,4,3,1,5,0,3S,5H,,20,0,True,False,True,False,0
top_four,dendro,occupancy,no_origin,6,unith,5,Nielsen,Oct_22_g0,0.999896608767576,,,,9,,20,4,8,0,8,5,3,1,6,0,3S,6H,,20,0,True,False,True,False,0
top_four,dendro,occupancy,no_origin,6,unith,5,Nielsen,Oct_22_g0,0.999896608767576,,,,9,9,20,4,8,0,8,6,3,1,1,1,3S,1S,0.3658331506944935,20,18,True,True,True,True,0
top_four,dendro,occupancy,no_origin,6,unith,5,Nielsen,Oct_22_g0,0.999896608767576,,,,9,9,20,4,8,0,8,7,3,1,2,1,3S,2S,0.4014255866732029,20,25,True,True,True,True,0
top_four,dendro,occupancy,no_origin,6,unith,5,Nielsen,Oct_22_g0,0.999896608767576,,,,9,9,20,4,8,0,8,8,3,1,3,1,3S,3S,0.04437684435932972,20,20,True,True,True,True,0
top_four,dendro,occupancy,no_origin,6,unith,5,Nielsen,Oct_22_g0,0.999896608767576,,,,9,9,20,4,8,0,8,9,3,1,4,1,3S,4S,0.18737596111361868,20,61,True,True,True,True,0
top_four,dendro,occupancy,no_origin,6,unith,5,Nielsen,Oct_22_g0,0.999896608767576,,,,9,9,20,4,8,0,8,10,3,1,5,1,3S,5S,0.10699704490694377,20,88,True,True,True,True,0
top_four,dendro,occupancy,no_origin,6,unith,5,Nielsen,Oct_22_g0,0.999896608767576,,,,9,9,20,4,8,0,8,11,3,1,6,1,3S,6S,-0.06272032468954197,20,77,True,True,True,True,0
top_four,dendro,occupancy,no_origin,6,unith,5,Nielsen,Oct_22_g0,0.999896608767576,,,,9,9,20,4,8,0,9,0,4,1,1,0,4S,1H,0.3317728779527759,61,44,True,True,True,True,0
top_four,dendro,occupancy,no_origin,6,unith,5,Nielsen,Oct_22_g0,0.999896608767576,,,,9,9,20,4,8,0,9,1,4,1,2,0,4S,2H,0.4765297955604123,61,44,True,True,True,True,0
top_four,dendro,occupancy,no_origin,6,unith,5,Nielsen,Oct_22_g0,0.999896608767576,,,,9,9,20,4,8,0,9,2,4,1,3,0,4S,3H,0.224876050698193,61,57,True,True,True,True,0
top_four,dendro,occupancy,no_origin,6,unith,5,Nielsen,Oct_22_g0,0.999896608767576,,,,9,9,20,4,8,0,9,3,4,1,4,0,4S,4H,0.4783003613439843,61,21,True,True,True,True,0
top_four,dendro,occupancy,no_origin,6,unith,5,Nielsen,Oct_22_g0,0.999896608767576,,,,9,,20,4,8,0,9,4,4,1,5,0,4S,5H,,61,0,True,False,True,False,0
top_four,dendro,occupancy,no_origin,6,unith,5,Nielsen,Oct_22_g0,0.999896608767576,,,,9,,20,4,8,0,9,5,4,1,6,0,4S,6H,,61,0,True,False,True,False,0
top_four,dendro,occupancy,no_origin,6,unith,5,Nielsen,Oct_22_g0,0.999896608767576,,,,9,9,20,4,8,0,9,6,4,1,1,1,4S,1S,0.4491403279291041,61,18,True,True,True,True,0
top_four,dendro,occupancy,no_origin,6,unith,5,Nielsen,Oct_22_g0,0.999896608767576,,,,9,9,20,4,8,0,9,7,4,1,2,1,4S,2S,0.40690363301215837,61,25,True,True,True,True,0
top_four,dendro,occupancy,no_origin,6,unith,5,Nielsen,Oct_22_g0,0.999896608767576,,,,9,9,20,4,8,0,9,8,4,1,3,1,4S,3S,0.18737596111361868,61,20,True,True,True,True,0
top_four,dendro,occupancy,no_origin,6,unith,5,Nielsen,Oct_22_g0,0.999896608767576,,,,9,9,20,4,8,0,9,9,4,1,4,1,4S,4S,0.20250064938208218,61,61,True,True,True,True,0
top_four,dendro,occupancy,no_origin,6,unith,5,Nielsen,Oct_22_g0,0.999896608767576,,,,9,9,20,4,8,0,9,10,4,1,5,1,4S,5S,0.006167036474404977,61,88,True,True,True,True,0
top_four,dendro,occupancy,no_origin,6,unith,5,Nielsen,Oct_22_g0,0.999896608767576,,,,9,9,20,4,8,0,9,11,4,1,6,1,4S,6S,0.2970584426560089,61,77,True,True,True,True,0
top_four,dendro,occupancy,no_origin,6,unith,5,Nielsen,Oct_22_g0,0.999896608767576,,,,9,9,20,4,8,0,10,0,5,1,1,0,5S,1H,-0.01139720823387504,88,44,True,True,True,True,0
top_four,dendro,occupancy,no_origin,6,unith,5,Nielsen,Oct_22_g0,0.999896608767576,,,,9,9,20,4,8,0,10,1,5,1,2,0,5S,2H,0.04652788007161821,88,44,True,True,True,True,0
top_four,dendro,occupancy,no_origin,6,unith,5,Nielsen,Oct_22_g0,0.999896608767576,,,,9,9,20,4,8,0,10,2,5,1,3,0,5S,3H,0.026408963023428527,88,57,True,True,True,True,0
top_four,dendro,occupancy,no_origin,6,unith,5,Nielsen,Oct_22_g0,0.999896608767576,,,,9,9,20,4,8,0,10,3,5,1,4,0,5S,4H,0.18958469431459551,88,21,True,True,True,True,0
top_four,dendro,occupancy,no_origin,6,unith,5,Nielsen,Oct_22_g0,0.999896608767576,,,,9,,20,4,8,0,10,4,5,1,5,0,5S,5H,,88,0,True,False,True,False,0
top_four,dendro,occupancy,no_origin,6,unith,5,Nielsen,Oct_22_g0,0.999896608767576,,,,9,,20,4,8,0,10,5,5,1,6,0,5S,6H,,88,0,True,False,True,False,0
top_four,dendro,occupancy,no_origin,6,unith,5,Nielsen,Oct_22_g0,0.999896608767576,,,,9,9,20,4,8,0,10,6,5,1,1,1,5S,1S,-0.08957628567656029,88,18,True,True,True,True,0
top_four,dendro,occupancy,no_origin,6,unith,5,Nielsen,Oct_22_g0,0.999896608767576,,,,9,9,20,4,8,0,10,7,5,1,2,1,5S,2S,0.01216326922444617,88,25,True,True,True,True,0
top_four,dendro,occupancy,no_origin,6,unith,5,Nielsen,Oct_22_g0,0.999896608767576,,,,9,9,20,4,8,0,10,8,5,1,3,1,5S,3S,0.10699704490694377,88,20,True,True,True,True,0
top_four,dendro,occupancy,no_origin,6,unith,5,Nielsen,Oct_22_g0,0.999896608767576,,,,9,9,20,4,8,0,10,9,5,1,4,1,5S,4S,0.006167036474404977,88,61,True,True,True,True,0
top_four,dendro,occupancy,no_origin,6,unith,5,Nielsen,Oct_22_g0,0.999896608767576,,,,9,9,20,4,8,0,10,10,5,1,5,1,5S,5S,0.19085268225418833,88,88,True,True,True,True,0
top_four,dendro,occupancy,no_origin,6,unith,5,Nielsen,Oct_22_g0,0.999896608767576,,,,9,9,20,4,8,0,10,11,5,1,6,1,5S,6S,0.1040090886851905,88,77,True,True,True,True,0
top_four,dendro,occupancy,no_origin,6,unith,5,Nielsen,Oct_22_g0,0.999896608767576,,,,9,9,20,4,8,0,11,0,6,1,1,0,6S,1H,-0.06684492205573585,77,44,True,True,True,True,0
top_four,dendro,occupancy,no_origin,6,unith,5,Nielsen,Oct_22_g0,0.999896608767576,,,,9,9,20,4,8,0,11,1,6,1,2,0,6S,2H,0.2822099594135431,77,44,True,True,True,True,0
top_four,dendro,occupancy,no_origin,6,unith,5,Nielsen,Oct_22_g0,0.999896608767576,,,,9,9,20,4,8,0,11,2,6,1,3,0,6S,3H,0.19701497437656795,77,57,True,True,True,True,0
top_four,dendro,occupancy,no_origin,6,unith,5,Nielsen,Oct_22_g0,0.999896608767576,,,,9,9,20,4,8,0,11,3,6,1,4,0,6S,4H,0.34201533282638397,77,21,True,True,True,True,0
top_four,dendro,occupancy,no_origin,6,unith,5,Nielsen,Oct_22_g0,0.999896608767576,,,,9,,20,4,8,0,11,4,6,1,5,0,6S,5H,,77,0,True,False,True,False,0
top_four,dendro,occupancy,no_origin,6,unith,5,Nielsen,Oct_22_g0,0.999896608767576,,,,9,,20,4,8,0,11,5,6,1,6,0,6S,6H,,77,0,True,False,True,False,0
top_four,dendro,occupancy,no_origin,6,unith,5,Nielsen,Oct_22_g0,0.999896608767576,,,,9,9,20,4,8,0,11,6,6,1,1,1,6S,1S,0.15400169816944245,77,18,True,True,True,True,0
top_four,dendro,occupancy,no_origin,6,unith,5,Nielsen,Oct_22_g0,0.999896608767576,,,,9,9,20,4,8,0,11,7,6,1,2,1,6S,2S,0.04875383459763548,77,25,True,True,True,True,0
top_four,dendro,occupancy,no_origin,6,unith,5,Nielsen,Oct_22_g0,0.999896608767576,,,,9,9,20,4,8,0,11,8,6,1,3,1,6S,3S,-0.06272032468954197,77,20,True,True,True,True,0
top_four,dendro,occupancy,no_origin,6,unith,5,Nielsen,Oct_22_g0,0.999896608767576,,,,9,9,20,4,8,0,11,9,6,1,4,1,6S,4S,0.2970584426560089,77,61,True,True,True,True,0
top_four,dendro,occupancy,no_origin,6,unith,5,Nielsen,Oct_22_g0,0.999896608767576,,,,9,9,20,4,8,0,11,10,6,1,5,1,6S,5S,0.1040090886851905,77,88,True,True,True,True,0
top_four,dendro,occupancy,no_origin,6,unith,5,Nielsen,Oct_22_g0,0.999896608767576,,,,9,9,20,4,8,0,11,11,6,1,6,1,6S,6S,0.5151249191162334,77,77,True,True,True,True,0
