label_source,feature,variant,k,space,monkey,scope_computed_on,cell_name,n_trials,dim,dim_label,frac_zero,min,p05,p25,median,p75,p95,max,mean,std,n_distinct,top_value,top_value_frac,mean_n_nonzero_per_trial,pc1_explained_var,pc1_loading,pc1_mean_cos,pc1_mean_cos_abs,pc1_label_pointbiserial,pc1_label_pointbiserial_within,pc1_label_within_n_groups,pc1_label_within_n_trials,grand_mean_norm,grand_mean_profile
dendro,bigram,no_origin,12,unith,Faure,top_four,1H,180,0,0,1.0,0.0,0.0,0.0,0.0,0.0,0.0,0.0,0.0,0.0,1,0.0,1.0,,,,,,,,,,,
dendro,bigram,no_origin,12,unith,Faure,top_four,1H,180,1,1,0.9777777777777777,0.0,0.0,0.0,0.0,0.0,0.0,0.3333333432674408,0.006481481591860453,0.043560816461707175,3,0.0,0.9777777777777777,,,,,,,,,,,
dendro,bigram,no_origin,12,unith,Faure,top_four,1H,180,2,2,1.0,0.0,0.0,0.0,0.0,0.0,0.0,0.0,0.0,0.0,1,0.0,1.0,,,,,,,,,,,
dendro,bigram,no_origin,12,unith,Faure,top_four,1H,180,3,3,1.0,0.0,0.0,0.0,0.0,0.0,0.0,0.0,0.0,0.0,1,0.0,1.0,,,,,,,,,,,
dendro,bigram,no_origin,12,unith,Faure,top_four,1H,180,4,4,0.9944444444444445,0.0,0.0,0.0,0.0,0.0,0.0,0.3333333432674408,0.0018518519070413377,0.024845200490442313,2,0.0,0.9944444444444445,,,,,,,,,,,
dendro,bigram,no_origin,12,unith,Faure,top_four,1H,180,5,5,1.0,0.0,0.0,0.0,0.0,0.0,0.0,0.0,0.0,0.0,1,0.0,1.0,,,,,,,,,,,
dendro,bigram,no_origin,12,unith,Faure,top_four,1H,180,6,7,0.9888888888888889,0.0,0.0,0.0,0.0,0.0,0.0,0.5,0.004166666666666667,0.041573452530518355,3,0.0,0.9888888888888889,,,,,,,,,,,
dendro,bigram,no_origin,12,unith,Faure,top_four,1H,180,7,8,1.0,0.0,0.0,0.0,0.0,0.0,0.0,0.0,0.0,0.0,1,0.0,1.0,,,,,,,,,,,
dendro,bigram,no_origin,12,unith,Faure,top_four,1H,180,8,9,0.9333333333333333,0.0,0.0,0.0,0.0,0.0,0.25,0.5,0.020277777976459927,0.08021686615607744,5,0.0,0.9333333333333333,,,,,,,,,,,
dendro,bigram,no_origin,12,unith,Faure,top_four,1H,180,9,10,0.9777777777777777,0.0,0.0,0.0,0.0,0.0,0.0,0.5,0.007129629701375961,0.05038740572578871,5,0.0,0.9777777777777777,,,,,,,,,,,
dendro,bigram,no_origin,12,unith,Faure,top_four,1H,180,10,11,1.0,0.0,0.0,0.0,0.0,0.0,0.0,0.0,0.0,0.0,1,0.0,1.0,,,,,,,,,,,
dendro,bigram,no_origin,12,unith,Faure,top_four,1H,180,11,12,0.9833333333333333,0.0,0.0,0.0,0.0,0.0,0.0,0.5,0.005740740812487073,0.04698621098167757,4,0.0,0.9833333333333333,,,,,,,,,,,
dendro,bigram,no_origin,12,unith,Faure,top_four,1H,180,12,13,1.0,0.0,0.0,0.0,0.0,0.0,0.0,0.0,0.0,0.0,1,0.0,1.0,,,,,,,,,,,
dendro,bigram,no_origin,12,unith,Faure,top_four,1H,180,13,14,0.85,0.0,0.0,0.0,0.0,0.0,0.3416666761040659,1.0,0.05944444528884358,0.15309855871034558,6,0.0,0.85,,,,,,,,,,,
dendro,bigram,no_origin,12,unith,Faure,top_four,1H,180,14,15,1.0,0.0,0.0,0.0,0.0,0.0,0.0,0.0,0.0,0.0,1,0.0,1.0,,,,,,,,,,,
dendro,bigram,no_origin,12,unith,Faure,top_four,1H,180,15,16,1.0,0.0,0.0,0.0,0.0,0.0,0.0,0.0,0.0,0.0,1,0.0,1.0,,,,,,,,,,,
dendro,bigram,no_origin,12,unith,Faure,top_four,1H,180,16,17,1.0,0.0,0.0,0.0,0.0,0.0,0.0,0.0,0.0,0.0,1,0.0,1.0,,,,,,,,,,,
dendro,bigram,no_origin,12,unith,Faure,top_four,1H,180,17,19,0.95,0.0,0.0,0.0,0.0,0.0,0.010000000149008202,0.5,0.016111111144224803,0.07597698048802463,4,0.0,0.95,,,,,,,,,,,
dendro,bigram,no_origin,12,unith,Faure,top_four,1H,180,18,20,1.0,0.0,0.0,0.0,0.0,0.0,0.0,0.0,0.0,0.0,1,0.0,1.0,,,,,,,,,,,
dendro,bigram,no_origin,12,unith,Faure,top_four,1H,180,19,21,0.9833333333333333,0.0,0.0,0.0,0.0,0.0,0.0,0.5,0.006018518573708004,0.04827129199272958,4,0.0,0.9833333333333333,,,,,,,,,,,
dendro,bigram,no_origin,12,unith,Faure,top_four,1H,180,20,22,1.0,0.0,0.0,0.0,0.0,0.0,0.0,0.0,0.0,0.0,1,0.0,1.0,,,,,,,,,,,
dendro,bigram,no_origin,12,unith,Faure,top_four,1H,180,21,23,0.9944444444444445,0.0,0.0,0.0,0.0,0.0,0.0,0.25,0.001388888888888889,0.018633899812498248,2,0.0,0.9944444444444445,,,,,,,,,,,
dendro,bigram,no_origin,12,unith,Faure,top_four,1H,180,22,24,0.7055555555555556,0.0,0.0,0.0,0.0,0.25,0.3333333432674408,0.3333333432674408,0.08851852044463157,0.13958003417714746,4,0.0,0.7055555555555556,,,,,,,,,,,
dendro,bigram,no_origin,12,unith,Faure,top_four,1H,180,23,25,0.9333333333333333,0.0,0.0,0.0,0.0,0.0,0.2541666671633706,0.5,0.025185185422499975,0.0987427001889894,5,0.0,0.9333333333333333,,,,,,,,,,,
dendro,bigram,no_origin,12,unith,Faure,top_four,1H,180,24,26,1.0,0.0,0.0,0.0,0.0,0.0,0.0,0.0,0.0,0.0,1,0.0,1.0,,,,,,,,,,,
dendro,bigram,no_origin,12,unith,Faure,top_four,1H,180,25,27,0.9722222222222222,0.0,0.0,0.0,0.0,0.0,0.0,0.25,0.006111111160781648,0.036485076251489335,3,0.0,0.9722222222222222,,,,,,,,,,,
dendro,bigram,no_origin,12,unith,Faure,top_four,1H,180,26,28,1.0,0.0,0.0,0.0,0.0,0.0,0.0,0.0,0.0,0.0,1,0.0,1.0,,,,,,,,,,,
dendro,bigram,no_origin,12,unith,Faure,top_four,1H,180,27,29,0.9722222222222222,0.0,0.0,0.0,0.0,0.0,0.0,0.5,0.008055555572112402,0.05101316762801796,4,0.0,0.9722222222222222,,,,,,,,,,,
dendro,bigram,no_origin,12,unith,Faure,top_four,1H,180,28,31,1.0,0.0,0.0,0.0,0.0,0.0,0.0,0.0,0.0,0.0,1,0.0,1.0,,,,,,,,,,,
dendro,bigram,no_origin,12,unith,Faure,top_four,1H,180,29,32,1.0,0.0,0.0,0.0,0.0,0.0,0.0,0.0,0.0,0.0,1,0.0,1.0,,,,,,,,,,,
dendro,bigram,no_origin,12,unith,Faure,top_four,1H,180,30,33,0.8111111111111111,0.0,0.0,0.0,0.0,0.0,0.5,0.5,0.06935185260242886,0.1512739612163658,5,0.0,0.8111111111111111,,,,,,,,,,,
dendro,bigram,no_origin,12,unith,Faure,top_four,1H,180,31,34,1.0,0.0,0.0,0.0,0.0,0.0,0.0,0.0,0.0,0.0,1,0.0,1.0,,,,,,,,,,,
dendro,bigram,no_origin,12,unith,Faure,top_four,1H,180,32,35,0.9944444444444445,0.0,0.0,0.0,0.0,0.0,0.0,0.3333333432674408,0.0018518519070413377,0.024845200490442317,2,0.0,0.9944444444444445,,,,,,,,,,,
dendro,bigram,no_origin,12,unith,Faure,top_four,1H,180,33,36,1.0,0.0,0.0,0.0,0.0,0.0,0.0,0.0,0.0,0.0,1,0.0,1.0,,,,,,,,,,,
dendro,bigram,no_origin,12,unith,Faure,top_four,1H,180,34,37,1.0,0.0,0.0,0.0,0.0,0.0,0.0,0.0,0.0,0.0,1,0.0,1.0,,,,,,,,,,,
dendro,bigram,no_origin,12,unith,Faure,top_four,1H,180,35,38,0.9777777777777777,0.0,0.0,0.0,0.0,0.0,0.0,0.3333333432674408,0.00546296305126614,0.037239914188114495,4,0.0,0.9777777777777777,,,,,,,,,,,
dendro,bigram,no_origin,12,unith,Faure,top_four,1H,180,36,39,1.0,0.0,0.0,0.0,0.0,0.0,0.0,0.0,0.0,0.0,1,0.0,1.0,,,,,,,,,,,
dendro,bigram,no_origin,12,unith,Faure,top_four,1H,180,37,40,1.0,0.0,0.0,0.0,0.0,0.0,0.0,0.0,0.0,0.0,1,0.0,1.0,,,,,,,,,,,
dendro,bigram,no_origin,12,unith,Faure,top_four,1H,180,38,41,0.9888888888888889,0.0,0.0,0.0,0.0,0.0,0.0,0.3333333432674408,0.0029629630347092948,0.02890273342854485,3,0.0,0.9888888888888889,,,,,,,,,,,
dendro,bigram,no_origin,12,unith,Faure,top_four,1H,180,39,43,1.0,0.0,0.0,0.0,0.0,0.0,0.0,0.0,0.0,0.0,1,0.0,1.0,,,,,,,,,,,
dendro,bigram,no_origin,12,unith,Faure,top_four,1H,180,40,44,1.0,0.0,0.0,0.0,0.0,0.0,0.0,0.0,0.0,0.0,1,0.0,1.0,,,,,,,,,,,
dendro,bigram,no_origin,12,unith,Faure,top_four,1H,180,41,45,0.9833333333333333,0.0,0.0,0.0,0.0,0.0,0.0,0.3333333432674408,0.0043518519235981835,0.03426826212117998,4,0.0,0.9833333333333333,,,,,,,,,,,
dendro,bigram,no_origin,12,unith,Faure,top_four,1H,180,42,46,0.9888888888888889,0.0,0.0,0.0,0.0,0.0,0.0,0.5,0.004166666666666667,0.041573452530518355,3,0.0,0.9888888888888889,,,,,,,,,,,
dendro,bigram,no_origin,12,unith,Faure,top_four,1H,180,43,47,1.0,0.0,0.0,0.0,0.0,0.0,0.0,0.0,0.0,0.0,1,0.0,1.0,,,,,,,,,,,
dendro,bigram,no_origin,12,unith,Faure,top_four,1H,180,44,48,1.0,0.0,0.0,0.0,0.0,0.0,0.0,0.0,0.0,0.0,1,0.0,1.0,,,,,,,,,,,
dendro,bigram,no_origin,12,unith,Faure,top_four,1H,180,45,49,0.9944444444444445,0.0,0.0,0.0,0.0,0.0,0.0,0.25,0.001388888888888889,0.018633899812498245,2,0.0,0.9944444444444445,,,,,,,,,,,
dendro,bigram,no_origin,12,unith,Faure,top_four,1H,180,46,50,1.0,0.0,0.0,0.0,0.0,0.0,0.0,0.0,0.0,0.0,1,0.0,1.0,,,,,,,,,,,
dendro,bigram,no_origin,12,unith,Faure,top_four,1H,180,47,51,1.0,0.0,0.0,0.0,0.0,0.0,0.0,0.0,0.0,0.0,1,0.0,1.0,,,,,,,,,,,
dendro,bigram,no_origin,12,unith,Faure,top_four,1H,180,48,52,1.0,0.0,0.0,0.0,0.0,0.0,0.0,0.0,0.0,0.0,1,0.0,1.0,,,,,,,,,,,
dendro,bigram,no_origin,12,unith,Faure,top_four,1H,180,49,53,1.0,0.0,0.0,0.0,0.0,0.0,0.0,0.0,0.0,0.0,1,0.0,1.0,,,,,,,,,,,
dendro,bigram,no_origin,12,unith,Faure,top_four,1H,180,50,55,1.0,0.0,0.0,0.0,0.0,0.0,0.0,0.0,0.0,0.0,1,0.0,1.0,,,,,,,,,,,
dendro,bigram,no_origin,12,unith,Faure,top_four,1H,180,51,56,1.0,0.0,0.0,0.0,0.0,0.0,0.0,0.0,0.0,0.0,1,0.0,1.0,,,,,,,,,,,
dendro,bigram,no_origin,12,unith,Faure,top_four,1H,180,52,57,0.9944444444444445,0.0,0.0,0.0,0.0,0.0,0.0,0.3333333432674408,0.0018518519070413377,0.024845200490442313,2,0.0,0.9944444444444445,,,,,,,,,,,
dendro,bigram,no_origin,12,unith,Faure,top_four,1H,180,53,58,0.9944444444444445,0.0,0.0,0.0,0.0,0.0,0.0,0.3333333432674408,0.0018518519070413377,0.024845200490442313,2,0.0,0.9944444444444445,,,,,,,,,,,
dendro,bigram,no_origin,12,unith,Faure,top_four,1H,180,54,59,1.0,0.0,0.0,0.0,0.0,0.0,0.0,0.0,0.0,0.0,1,0.0,1.0,,,,,,,,,,,
dendro,bigram,no_origin,12,unith,Faure,top_four,1H,180,55,60,0.9777777777777777,0.0,0.0,0.0,0.0,0.0,0.0,0.25,0.005277777794334623,0.03525534249872622,3,0.0,0.9777777777777777,,,,,,,,,,,
dendro,bigram,no_origin,12,unith,Faure,top_four,1H,180,56,61,0.9888888888888889,0.0,0.0,0.0,0.0,0.0,0.0,0.3333333432674408,0.0029629630347092948,0.028902733428544852,3,0.0,0.9888888888888889,,,,,,,,,,,
dendro,bigram,no_origin,12,unith,Faure,top_four,1H,180,57,62,0.9833333333333333,0.0,0.0,0.0,0.0,0.0,0.0,0.5,0.006481481591860453,0.050949668822838357,3,0.0,0.9833333333333333,,,,,,,,,,,
dendro,bigram,no_origin,12,unith,Faure,top_four,1H,180,58,63,0.9944444444444445,0.0,0.0,0.0,0.0,0.0,0.0,0.5,0.002777777777777778,0.03726779962499649,2,0.0,0.9944444444444445,,,,,,,,,,,
dendro,bigram,no_origin,12,unith,Faure,top_four,1H,180,59,64,1.0,0.0,0.0,0.0,0.0,0.0,0.0,0.0,0.0,0.0,1,0.0,1.0,,,,,,,,,,,
dendro,bigram,no_origin,12,unith,Faure,top_four,1H,180,60,65,1.0,0.0,0.0,0.0,0.0,0.0,0.0,0.0,0.0,0.0,1,0.0,1.0,,,,,,,,,,,
dendro,bigram,no_origin,12,unith,Faure,top_four,1H,180,61,67,1.0,0.0,0.0,0.0,0.0,0.0,0.0,0.0,0.0,0.0,1,0.0,1.0,,,,,,,,,,,
dendro,bigram,no_origin,12,unith,Faure,top_four,1H,180,62,68,1.0,0.0,0.0,0.0,0.0,0.0,0.0,0.0,0.0,0.0,1,0.0,1.0,,,,,,,,,,,
dendro,bigram,no_origin,12,unith,Faure,top_four,1H,180,63,69,0.9777777777777777,0.0,0.0,0.0,0.0,0.0,0.0,0.5,0.008796296351485782,0.06070735960939648,4,0.0,0.9777777777777777,,,,,,,,,,,
dendro,bigram,no_origin,12,unith,Faure,top_four,1H,180,64,70,1.0,0.0,0.0,0.0,0.0,0.0,0.0,0.0,0.0,0.0,1,0.0,1.0,,,,,,,,,,,
dendro,bigram,no_origin,12,unith,Faure,top_four,1H,180,65,71,1.0,0.0,0.0,0.0,0.0,0.0,0.0,0.0,0.0,0.0,1,0.0,1.0,,,,,,,,,,,
dendro,bigram,no_origin,12,unith,Faure,top_four,1H,180,66,84,1.0,0.0,0.0,0.0,0.0,0.0,0.0,0.0,0.0,0.0,1,0.0,1.0,,,,,,,,,,,
dendro,bigram,no_origin,12,unith,Faure,top_four,1H,180,67,85,0.9888888888888889,0.0,0.0,0.0,0.0,0.0,0.0,0.25,0.002777777777777778,0.026278600924374194,2,0.0,0.9888888888888889,,,,,,,,,,,
dendro,bigram,no_origin,12,unith,Faure,top_four,1H,180,68,86,1.0,0.0,0.0,0.0,0.0,0.0,0.0,0.0,0.0,0.0,1,0.0,1.0,,,,,,,,,,,
dendro,bigram,no_origin,12,unith,Faure,top_four,1H,180,69,87,1.0,0.0,0.0,0.0,0.0,0.0,0.0,0.0,0.0,0.0,1,0.0,1.0,,,,,,,,,,,
dendro,bigram,no_origin,12,unith,Faure,top_four,1H,180,70,88,1.0,0.0,0.0,0.0,0.0,0.0,0.0,0.0,0.0,0.0,1,0.0,1.0,,,,,,,,,,,
dendro,bigram,no_origin,12,unith,Faure,top_four,1H,180,71,89,1.0,0.0,0.0,0.0,0.0,0.0,0.0,0.0,0.0,0.0,1,0.0,1.0,,,,,,,,,,,
dendro,bigram,no_origin,12,unith,Faure,top_four,1H,180,72,91,1.0,0.0,0.0,0.0,0.0,0.0,0.0,0.0,0.0,0.0,1,0.0,1.0,,,,,,,,,,,
dendro,bigram,no_origin,12,unith,Faure,top_four,1H,180,73,92,1.0,0.0,0.0,0.0,0.0,0.0,0.0,0.0,0.0,0.0,1,0.0,1.0,,,,,,,,,,,
dendro,bigram,no_origin,12,unith,Faure,top_four,1H,180,74,93,0.9611111111111111,0.0,0.0,0.0,0.0,0.0,0.0,0.5,0.011018518606821697,0.05822119853843277,5,0.0,0.9611111111111111,,,,,,,,,,,
dendro,bigram,no_origin,12,unith,Faure,top_four,1H,180,75,94,1.0,0.0,0.0,0.0,0.0,0.0,0.0,0.0,0.0,0.0,1,0.0,1.0,,,,,,,,,,,
dendro,bigram,no_origin,12,unith,Faure,top_four,1H,180,76,95,1.0,0.0,0.0,0.0,0.0,0.0,0.0,0.0,0.0,0.0,1,0.0,1.0,,,,,,,,,,,
dendro,bigram,no_origin,12,unith,Faure,top_four,1H,180,77,96,1.0,0.0,0.0,0.0,0.0,0.0,0.0,0.0,0.0,0.0,1,0.0,1.0,,,,,,,,,,,
dendro,bigram,no_origin,12,unith,Faure,top_four,1H,180,78,97,1.0,0.0,0.0,0.0,0.0,0.0,0.0,0.0,0.0,0.0,1,0.0,1.0,,,,,,,,,,,
dendro,bigram,no_origin,12,unith,Faure,top_four,1H,180,79,98,1.0,0.0,0.0,0.0,0.0,0.0,0.0,0.0,0.0,0.0,1,0.0,1.0,,,,,,,,,,,
dendro,bigram,no_origin,12,unith,Faure,top_four,1H,180,80,99,1.0,0.0,0.0,0.0,0.0,0.0,0.0,0.0,0.0,0.0,1,0.0,1.0,,,,,,,,,,,
dendro,bigram,no_origin,12,unith,Faure,top_four,1H,180,81,100,1.0,0.0,0.0,0.0,0.0,0.0,0.0,0.0,0.0,0.0,1,0.0,1.0,,,,,,,,,,,
dendro,bigram,no_origin,12,unith,Faure,top_four,1H,180,82,101,1.0,0.0,0.0,0.0,0.0,0.0,0.0,0.0,0.0,0.0,1,0.0,1.0,,,,,,,,,,,
dendro,bigram,no_origin,12,unith,Faure,top_four,1H,180,83,103,1.0,0.0,0.0,0.0,0.0,0.0,0.0,0.0,0.0,0.0,1,0.0,1.0,,,,,,,,,,,
dendro,bigram,no_origin,12,unith,Faure,top_four,1H,180,84,104,1.0,0.0,0.0,0.0,0.0,0.0,0.0,0.0,0.0,0.0,1,0.0,1.0,,,,,,,,,,,
dendro,bigram,no_origin,12,unith,Faure,top_four,1H,180,85,105,0.9944444444444445,0.0,0.0,0.0,0.0,0.0,0.0,0.5,0.002777777777777778,0.03726779962499649,2,0.0,0.9944444444444445,,,,,,,,,,,
dendro,bigram,no_origin,12,unith,Faure,top_four,1H,180,86,106,1.0,0.0,0.0,0.0,0.0,0.0,0.0,0.0,0.0,0.0,1,0.0,1.0,,,,,,,,,,,
dendro,bigram,no_origin,12,unith,Faure,top_four,1H,180,87,107,1.0,0.0,0.0,0.0,0.0,0.0,0.0,0.0,0.0,0.0,1,0.0,1.0,,,,,,,,,,,
dendro,bigram,no_origin,12,unith,Faure,top_four,1H,180,88,108,0.9444444444444444,0.0,0.0,0.0,0.0,0.0,0.20000000298023224,0.5,0.015648148291640813,0.06770980717358274,5,0.0,0.9444444444444444,,,,,,,,,,,
dendro,bigram,no_origin,12,unith,Faure,top_four,1H,180,89,109,0.9888888888888889,0.0,0.0,0.0,0.0,0.0,0.0,1.0,0.006944444444444444,0.07672847884697104,3,0.0,0.9888888888888889,,,,,,,,,,,
dendro,bigram,no_origin,12,unith,Faure,top_four,1H,180,90,110,0.7166666666666667,0.0,0.0,0.0,0.0,0.25,0.5,0.5,0.09685185328125953,0.1622007735758455,5,0.0,0.7166666666666667,,,,,,,,,,,
dendro,bigram,no_origin,12,unith,Faure,top_four,1H,180,91,111,0.9944444444444445,0.0,0.0,0.0,0.0,0.0,0.0,0.3333333432674408,0.0018518519070413377,0.024845200490442313,2,0.0,0.9944444444444445,,,,,,,,,,,
dendro,bigram,no_origin,12,unith,Faure,top_four,1H,180,92,112,1.0,0.0,0.0,0.0,0.0,0.0,0.0,0.0,0.0,0.0,1,0.0,1.0,,,,,,,,,,,
dendro,bigram,no_origin,12,unith,Faure,top_four,1H,180,93,113,0.9888888888888889,0.0,0.0,0.0,0.0,0.0,0.0,0.5,0.004629629684819115,0.04467468337793839,3,0.0,0.9888888888888889,,,,,,,,,,,
dendro,bigram,no_origin,12,unith,Faure,top_four,1H,180,94,115,0.9833333333333333,0.0,0.0,0.0,0.0,0.0,0.0,0.5,0.005555555555555556,0.04543055627904761,3,0.0,0.9833333333333333,,,,,,,,,,,
dendro,bigram,no_origin,12,unith,Faure,top_four,1H,180,95,116,1.0,0.0,0.0,0.0,0.0,0.0,0.0,0.0,0.0,0.0,1,0.0,1.0,,,,,,,,,,,
dendro,bigram,no_origin,12,unith,Faure,top_four,1H,180,96,117,1.0,0.0,0.0,0.0,0.0,0.0,0.0,0.0,0.0,0.0,1,0.0,1.0,,,,,,,,,,,
dendro,bigram,no_origin,12,unith,Faure,top_four,1H,180,97,118,0.95,0.0,0.0,0.0,0.0,0.0,0.010000000149008202,0.3333333432674408,0.014537037329541312,0.0645143874683119,4,0.0,0.95,,,,,,,,,,,
dendro,bigram,no_origin,12,unith,Faure,top_four,1H,180,98,119,1.0,0.0,0.0,0.0,0.0,0.0,0.0,0.0,0.0,0.0,1,0.0,1.0,,,,,,,,,,,
dendro,bigram,no_origin,12,unith,Faure,top_four,1H,180,99,120,0.9833333333333333,0.0,0.0,0.0,0.0,0.0,0.0,0.3333333432674408,0.005555555721124013,0.04279206560630071,2,0.0,0.9833333333333333,,,,,,,,,,,
dendro,bigram,no_origin,12,unith,Faure,top_four,1H,180,100,121,0.9888888888888889,0.0,0.0,0.0,0.0,0.0,0.0,0.25,0.002500000016556846,0.023797915637706498,3,0.0,0.9888888888888889,,,,,,,,,,,
dendro,bigram,no_origin,12,unith,Faure,top_four,1H,180,101,122,0.9333333333333333,0.0,0.0,0.0,0.0,0.0,0.20250000283121977,0.3333333432674408,0.018148148473766116,0.06956656068778057,4,0.0,0.9333333333333333,,,,,,,,,,,
dendro,bigram,no_origin,12,unith,Faure,top_four,1H,180,102,123,1.0,0.0,0.0,0.0,0.0,0.0,0.0,0.0,0.0,0.0,1,0.0,1.0,,,,,,,,,,,
dendro,bigram,no_origin,12,unith,Faure,top_four,1H,180,103,124,1.0,0.0,0.0,0.0,0.0,0.0,0.0,0.0,0.0,0.0,1,0.0,1.0,,,,,,,,,,,
dendro,bigram,no_origin,12,unith,Faure,top_four,1H,180,104,125,0.9888888888888889,0.0,0.0,0.0,0.0,0.0,0.0,0.3333333432674408,0.0032407407959302264,0.030973108319031165,3,0.0,0.9888888888888889,,,,,,,,,,,
dendro,bigram,no_origin,12,unith,Faure,top_four,1H,180,105,127,1.0,0.0,0.0,0.0,0.0,0.0,0.0,0.0,0.0,0.0,1,0.0,1.0,,,,,,,,,,,
dendro,bigram,no_origin,12,unith,Faure,top_four,1H,180,106,128,1.0,0.0,0.0,0.0,0.0,0.0,0.0,0.0,0.0,0.0,1,0.0,1.0,,,,,,,,,,,
dendro,bigram,no_origin,12,unith,Faure,top_four,1H,180,107,129,0.9833333333333333,0.0,0.0,0.0,0.0,0.0,0.0,0.5,0.006018518573708004,0.04827129199272958,4,0.0,0.9833333333333333,,,,,,,,,,,
dendro,bigram,no_origin,12,unith,Faure,top_four,1H,180,108,130,1.0,0.0,0.0,0.0,0.0,0.0,0.0,0.0,0.0,0.0,1,0.0,1.0,,,,,,,,,,,
dendro,bigram,no_origin,12,unith,Faure,top_four,1H,180,109,131,1.0,0.0,0.0,0.0,0.0,0.0,0.0,0.0,0.0,0.0,1,0.0,1.0,,,,,,,,,,,
dendro,bigram,no_origin,12,unith,Faure,top_four,1H,180,110,132,1.0,0.0,0.0,0.0,0.0,0.0,0.0,0.0,0.0,0.0,1,0.0,1.0,,,,,,,,,,,
dendro,bigram,no_origin,12,unith,Faure,top_four,1H,180,111,133,0.9944444444444445,0.0,0.0,0.0,0.0,0.0,0.0,0.20000000298023224,0.0011111111276679568,0.01490712007213199,2,0.0,0.9944444444444445,,,,,,,,,,,
dendro,bigram,no_origin,12,unith,Faure,top_four,1H,180,112,134,1.0,0.0,0.0,0.0,0.0,0.0,0.0,0.0,0.0,0.0,1,0.0,1.0,,,,,,,,,,,
dendro,bigram,no_origin,12,unith,Faure,top_four,1H,180,113,135,1.0,0.0,0.0,0.0,0.0,0.0,0.0,0.0,0.0,0.0,1,0.0,1.0,,,,,,,,,,,
dendro,bigram,no_origin,12,unith,Faure,top_four,1H,180,114,136,1.0,0.0,0.0,0.0,0.0,0.0,0.0,0.0,0.0,0.0,1,0.0,1.0,,,,,,,,,,,
dendro,bigram,no_origin,12,unith,Faure,top_four,1H,180,115,137,1.0,0.0,0.0,0.0,0.0,0.0,0.0,0.0,0.0,0.0,1,0.0,1.0,,,,,,,,,,,
dendro,bigram,no_origin,12,unith,Faure,top_four,1H,180,116,139,1.0,0.0,0.0,0.0,0.0,0.0,0.0,0.0,0.0,0.0,1,0.0,1.0,,,,,,,,,,,
dendro,bigram,no_origin,12,unith,Faure,top_four,1H,180,117,140,0.9944444444444445,0.0,0.0,0.0,0.0,0.0,0.0,0.5,0.002777777777777778,0.03726779962499649,2,0.0,0.9944444444444445,,,,,,,,,,,
dendro,bigram,no_origin,12,unith,Faure,top_four,1H,180,118,141,1.0,0.0,0.0,0.0,0.0,0.0,0.0,0.0,0.0,0.0,1,0.0,1.0,,,,,,,,,,,
dendro,bigram,no_origin,12,unith,Faure,top_four,1H,180,119,142,1.0,0.0,0.0,0.0,0.0,0.0,0.0,0.0,0.0,0.0,1,0.0,1.0,,,,,,,,,,,
dendro,bigram,no_origin,12,unith,Faure,top_four,1H,180,120,143,1.0,0.0,0.0,0.0,0.0,0.0,0.0,0.0,0.0,0.0,1,0.0,1.0,,,,,,,,,,,
dendro,bigram,no_origin,12,unith,Faure,top_four,1H,180,__vector__,__vector__,0.9854912764003673,,,,,,,,,,,,,1.7555555555555555,,,,,,,,,,
dendro,bigram,no_origin,12,unith,Faure,top_four,1S,13,0,0,1.0,0.0,0.0,0.0,0.0,0.0,0.0,0.0,0.0,0.0,1,0.0,1.0,,,,,,,,,,,
dendro,bigram,no_origin,12,unith,Faure,top_four,1S,13,1,1,0.8461538461538461,0.0,0.0,0.0,0.0,0.0,0.25333333909511546,0.3333333432674408,0.041025642019051775,0.10377490704483204,3,0.0,0.8461538461538461,,,,,,,,,,,
dendro,bigram,no_origin,12,unith,Faure,top_four,1S,13,2,2,1.0,0.0,0.0,0.0,0.0,0.0,0.0,0.0,0.0,0.0,1,0.0,1.0,,,,,,,,,,,
dendro,bigram,no_origin,12,unith,Faure,top_four,1S,13,3,3,1.0,0.0,0.0,0.0,0.0,0.0,0.0,0.0,0.0,0.0,1,0.0,1.0,,,,,,,,,,,
dendro,bigram,no_origin,12,unith,Faure,top_four,1S,13,4,4,1.0,0.0,0.0,0.0,0.0,0.0,0.0,0.0,0.0,0.0,1,0.0,1.0,,,,,,,,,,,
dendro,bigram,no_origin,12,unith,Faure,top_four,1S,13,5,5,1.0,0.0,0.0,0.0,0.0,0.0,0.0,0.0,0.0,0.0,1,0.0,1.0,,,,,,,,,,,
dendro,bigram,no_origin,12,unith,Faure,top_four,1S,13,6,7,1.0,0.0,0.0,0.0,0.0,0.0,0.0,0.0,0.0,0.0,1,0.0,1.0,,,,,,,,,,,
dendro,bigram,no_origin,12,unith,Faure,top_four,1S,13,7,8,1.0,0.0,0.0,0.0,0.0,0.0,0.0,0.0,0.0,0.0,1,0.0,1.0,,,,,,,,,,,
dendro,bigram,no_origin,12,unith,Faure,top_four,1S,13,8,9,1.0,0.0,0.0,0.0,0.0,0.0,0.0,0.0,0.0,0.0,1,0.0,1.0,,,,,,,,,,,
dendro,bigram,no_origin,12,unith,Faure,top_four,1S,13,9,10,1.0,0.0,0.0,0.0,0.0,0.0,0.0,0.0,0.0,0.0,1,0.0,1.0,,,,,,,,,,,
dendro,bigram,no_origin,12,unith,Faure,top_four,1S,13,10,11,1.0,0.0,0.0,0.0,0.0,0.0,0.0,0.0,0.0,0.0,1,0.0,1.0,,,,,,,,,,,
dendro,bigram,no_origin,12,unith,Faure,top_four,1S,13,11,12,0.9230769230769231,0.0,0.0,0.0,0.0,0.0,0.13333333730697586,0.3333333432674408,0.025641026405187752,0.09245003545943055,2,0.0,0.9230769230769231,,,,,,,,,,,
dendro,bigram,no_origin,12,unith,Faure,top_four,1S,13,12,13,1.0,0.0,0.0,0.0,0.0,0.0,0.0,0.0,0.0,0.0,1,0.0,1.0,,,,,,,,,,,
dendro,bigram,no_origin,12,unith,Faure,top_four,1S,13,13,14,0.9230769230769231,0.0,0.0,0.0,0.0,0.0,0.0800000011920926,0.20000000298023224,0.015384615613864018,0.05547002044909061,2,0.0,0.9230769230769231,,,,,,,,,,,
dendro,bigram,no_origin,12,unith,Faure,top_four,1S,13,14,15,1.0,0.0,0.0,0.0,0.0,0.0,0.0,0.0,0.0,0.0,1,0.0,1.0,,,,,,,,,,,
dendro,bigram,no_origin,12,unith,Faure,top_four,1S,13,15,16,1.0,0.0,0.0,0.0,0.0,0.0,0.0,0.0,0.0,0.0,1,0.0,1.0,,,,,,,,,,,
dendro,bigram,no_origin,12,unith,Faure,top_four,1S,13,16,17,1.0,0.0,0.0,0.0,0.0,0.0,0.0,0.0,0.0,0.0,1,0.0,1.0,,,,,,,,,,,
dendro,bigram,no_origin,12,unith,Faure,top_four,1S,13,17,19,0.7692307692307693,0.0,0.0,0.0,0.0,0.0,0.2833333373069762,0.3333333432674408,0.060256411249821,0.11776044280258978,4,0.0,0.7692307692307693,,,,,,,,,,,
dendro,bigram,no_origin,12,unith,Faure,top_four,1S,13,18,20,1.0,0.0,0.0,0.0,0.0,0.0,0.0,0.0,0.0,0.0,1,0.0,1.0,,,,,,,,,,,
dendro,bigram,no_origin,12,unith,Faure,top_four,1S,13,19,21,0.9230769230769231,0.0,0.0,0.0,0.0,0.0,0.1999999999999993,0.5,0.038461538461538464,0.1386750490563073,2,0.0,0.9230769230769231,,,,,,,,,,,
dendro,bigram,no_origin,12,unith,Faure,top_four,1S,13,20,22,1.0,0.0,0.0,0.0,0.0,0.0,0.0,0.0,0.0,0.0,1,0.0,1.0,,,,,,,,,,,
dendro,bigram,no_origin,12,unith,Faure,top_four,1S,13,21,23,1.0,0.0,0.0,0.0,0.0,0.0,0.0,0.0,0.0,0.0,1,0.0,1.0,,,,,,,,,,,
dendro,bigram,no_origin,12,unith,Faure,top_four,1S,13,22,24,0.7692307692307693,0.0,0.0,0.0,0.0,0.0,0.25333333909511546,0.3333333432674408,0.05641025763291579,0.11170780223320728,3,0.0,0.7692307692307693,,,,,,,,,,,
dendro,bigram,no_origin,12,unith,Faure,top_four,1S,13,23,25,0.8461538461538461,0.0,0.0,0.0,0.0,0.0,0.3333333432674408,0.3333333432674408,0.051282052810375504,0.12517793976372835,2,0.0,0.8461538461538461,,,,,,,,,,,
dendro,bigram,no_origin,12,unith,Faure,top_four,1S,13,24,26,1.0,0.0,0.0,0.0,0.0,0.0,0.0,0.0,0.0,0.0,1,0.0,1.0,,,,,,,,,,,
dendro,bigram,no_origin,12,unith,Faure,top_four,1S,13,25,27,0.9230769230769231,0.0,0.0,0.0,0.0,0.0,0.09999999999999964,0.25,0.019230769230769232,0.06933752452815364,2,0.0,0.9230769230769231,,,,,,,,,,,
dendro,bigram,no_origin,12,unith,Faure,top_four,1S,13,26,28,1.0,0.0,0.0,0.0,0.0,0.0,0.0,0.0,0.0,0.0,1,0.0,1.0,,,,,,,,,,,
dendro,bigram,no_origin,12,unith,Faure,top_four,1S,13,27,29,1.0,0.0,0.0,0.0,0.0,0.0,0.0,0.0,0.0,0.0,1,0.0,1.0,,,,,,,,,,,
dendro,bigram,no_origin,12,unith,Faure,top_four,1S,13,28,31,1.0,0.0,0.0,0.0,0.0,0.0,0.0,0.0,0.0,0.0,1,0.0,1.0,,,,,,,,,,,
dendro,bigram,no_origin,12,unith,Faure,top_four,1S,13,29,32,1.0,0.0,0.0,0.0,0.0,0.0,0.0,0.0,0.0,0.0,1,0.0,1.0,,,,,,,,,,,
dendro,bigram,no_origin,12,unith,Faure,top_four,1S,13,30,33,0.9230769230769231,0.0,0.0,0.0,0.0,0.0,0.1999999999999993,0.5,0.038461538461538464,0.1386750490563073,2,0.0,0.9230769230769231,,,,,,,,,,,
dendro,bigram,no_origin,12,unith,Faure,top_four,1S,13,31,34,1.0,0.0,0.0,0.0,0.0,0.0,0.0,0.0,0.0,0.0,1,0.0,1.0,,,,,,,,,,,
dendro,bigram,no_origin,12,unith,Faure,top_four,1S,13,32,35,1.0,0.0,0.0,0.0,0.0,0.0,0.0,0.0,0.0,0.0,1,0.0,1.0,,,,,,,,,,,
dendro,bigram,no_origin,12,unith,Faure,top_four,1S,13,33,36,0.9230769230769231,0.0,0.0,0.0,0.0,0.0,0.09999999999999964,0.25,0.019230769230769232,0.06933752452815364,2,0.0,0.9230769230769231,,,,,,,,,,,
dendro,bigram,no_origin,12,unith,Faure,top_four,1S,13,34,37,0.9230769230769231,0.0,0.0,0.0,0.0,0.0,0.13333333730697586,0.3333333432674408,0.025641026405187752,0.09245003545943054,2,0.0,0.9230769230769231,,,,,,,,,,,
dendro,bigram,no_origin,12,unith,Faure,top_four,1S,13,35,38,1.0,0.0,0.0,0.0,0.0,0.0,0.0,0.0,0.0,0.0,1,0.0,1.0,,,,,,,,,,,
dendro,bigram,no_origin,12,unith,Faure,top_four,1S,13,36,39,1.0,0.0,0.0,0.0,0.0,0.0,0.0,0.0,0.0,0.0,1,0.0,1.0,,,,,,,,,,,
dendro,bigram,no_origin,12,unith,Faure,top_four,1S,13,37,40,1.0,0.0,0.0,0.0,0.0,0.0,0.0,0.0,0.0,0.0,1,0.0,1.0,,,,,,,,,,,
dendro,bigram,no_origin,12,unith,Faure,top_four,1S,13,38,41,1.0,0.0,0.0,0.0,0.0,0.0,0.0,0.0,0.0,0.0,1,0.0,1.0,,,,,,,,,,,
dendro,bigram,no_origin,12,unith,Faure,top_four,1S,13,39,43,1.0,0.0,0.0,0.0,0.0,0.0,0.0,0.0,0.0,0.0,1,0.0,1.0,,,,,,,,,,,
dendro,bigram,no_origin,12,unith,Faure,top_four,1S,13,40,44,1.0,0.0,0.0,0.0,0.0,0.0,0.0,0.0,0.0,0.0,1,0.0,1.0,,,,,,,,,,,
dendro,bigram,no_origin,12,unith,Faure,top_four,1S,13,41,45,1.0,0.0,0.0,0.0,0.0,0.0,0.0,0.0,0.0,0.0,1,0.0,1.0,,,,,,,,,,,
dendro,bigram,no_origin,12,unith,Faure,top_four,1S,13,42,46,1.0,0.0,0.0,0.0,0.0,0.0,0.0,0.0,0.0,0.0,1,0.0,1.0,,,,,,,,,,,
dendro,bigram,no_origin,12,unith,Faure,top_four,1S,13,43,47,1.0,0.0,0.0,0.0,0.0,0.0,0.0,0.0,0.0,0.0,1,0.0,1.0,,,,,,,,,,,
dendro,bigram,no_origin,12,unith,Faure,top_four,1S,13,44,48,1.0,0.0,0.0,0.0,0.0,0.0,0.0,0.0,0.0,0.0,1,0.0,1.0,,,,,,,,,,,
dendro,bigram,no_origin,12,unith,Faure,top_four,1S,13,45,49,1.0,0.0,0.0,0.0,0.0,0.0,0.0,0.0,0.0,0.0,1,0.0,1.0,,,,,,,,,,,
dendro,bigram,no_origin,12,unith,Faure,top_four,1S,13,46,50,1.0,0.0,0.0,0.0,0.0,0.0,0.0,0.0,0.0,0.0,1,0.0,1.0,,,,,,,,,,,
dendro,bigram,no_origin,12,unith,Faure,top_four,1S,13,47,51,1.0,0.0,0.0,0.0,0.0,0.0,0.0,0.0,0.0,0.0,1,0.0,1.0,,,,,,,,,,,
dendro,bigram,no_origin,12,unith,Faure,top_four,1S,13,48,52,1.0,0.0,0.0,0.0,0.0,0.0,0.0,0.0,0.0,0.0,1,0.0,1.0,,,,,,,,,,,
dendro,bigram,no_origin,12,unith,Faure,top_four,1S,13,49,53,1.0,0.0,0.0,0.0,0.0,0.0,0.0,0.0,0.0,0.0,1,0.0,1.0,,,,,,,,,,,
dendro,bigram,no_origin,12,unith,Faure,top_four,1S,13,50,55,1.0,0.0,0.0,0.0,0.0,0.0,0.0,0.0,0.0,0.0,1,0.0,1.0,,,,,,,,,,,
dendro,bigram,no_origin,12,unith,Faure,top_four,1S,13,51,56,1.0,0.0,0.0,0.0,0.0,0.0,0.0,0.0,0.0,0.0,1,0.0,1.0,,,,,,,,,,,
dendro,bigram,no_origin,12,unith,Faure,top_four,1S,13,52,57,0.9230769230769231,0.0,0.0,0.0,0.0,0.0,0.09999999999999964,0.25,0.019230769230769232,0.06933752452815364,2,0.0,0.9230769230769231,,,,,,,,,,,
dendro,bigram,no_origin,12,unith,Faure,top_four,1S,13,53,58,1.0,0.0,0.0,0.0,0.0,0.0,0.0,0.0,0.0,0.0,1,0.0,1.0,,,,,,,,,,,
dendro,bigram,no_origin,12,unith,Faure,top_four,1S,13,54,59,1.0,0.0,0.0,0.0,0.0,0.0,0.0,0.0,0.0,0.0,1,0.0,1.0,,,,,,,,,,,
dendro,bigram,no_origin,12,unith,Faure,top_four,1S,13,55,60,1.0,0.0,0.0,0.0,0.0,0.0,0.0,0.0,0.0,0.0,1,0.0,1.0,,,,,,,,,,,
dendro,bigram,no_origin,12,unith,Faure,top_four,1S,13,56,61,1.0,0.0,0.0,0.0,0.0,0.0,0.0,0.0,0.0,0.0,1,0.0,1.0,,,,,,,,,,,
dendro,bigram,no_origin,12,unith,Faure,top_four,1S,13,57,62,1.0,0.0,0.0,0.0,0.0,0.0,0.0,0.0,0.0,0.0,1,0.0,1.0,,,,,,,,,,,
dendro,bigram,no_origin,12,unith,Faure,top_four,1S,13,58,63,1.0,0.0,0.0,0.0,0.0,0.0,0.0,0.0,0.0,0.0,1,0.0,1.0,,,,,,,,,,,
dendro,bigram,no_origin,12,unith,Faure,top_four,1S,13,59,64,1.0,0.0,0.0,0.0,0.0,0.0,0.0,0.0,0.0,0.0,1,0.0,1.0,,,,,,,,,,,
dendro,bigram,no_origin,12,unith,Faure,top_four,1S,13,60,65,1.0,0.0,0.0,0.0,0.0,0.0,0.0,0.0,0.0,0.0,1,0.0,1.0,,,,,,,,,,,
dendro,bigram,no_origin,12,unith,Faure,top_four,1S,13,61,67,1.0,0.0,0.0,0.0,0.0,0.0,0.0,0.0,0.0,0.0,1,0.0,1.0,,,,,,,,,,,
dendro,bigram,no_origin,12,unith,Faure,top_four,1S,13,62,68,1.0,0.0,0.0,0.0,0.0,0.0,0.0,0.0,0.0,0.0,1,0.0,1.0,,,,,,,,,,,
dendro,bigram,no_origin,12,unith,Faure,top_four,1S,13,63,69,1.0,0.0,0.0,0.0,0.0,0.0,0.0,0.0,0.0,0.0,1,0.0,1.0,,,,,,,,,,,
dendro,bigram,no_origin,12,unith,Faure,top_four,1S,13,64,70,1.0,0.0,0.0,0.0,0.0,0.0,0.0,0.0,0.0,0.0,1,0.0,1.0,,,,,,,,,,,
dendro,bigram,no_origin,12,unith,Faure,top_four,1S,13,65,71,1.0,0.0,0.0,0.0,0.0,0.0,0.0,0.0,0.0,0.0,1,0.0,1.0,,,,,,,,,,,
dendro,bigram,no_origin,12,unith,Faure,top_four,1S,13,66,84,0.9230769230769231,0.0,0.0,0.0,0.0,0.0,0.13333333730697586,0.3333333432674408,0.025641026405187752,0.09245003545943055,2,0.0,0.9230769230769231,,,,,,,,,,,
dendro,bigram,no_origin,12,unith,Faure,top_four,1S,13,67,85,0.9230769230769231,0.0,0.0,0.0,0.0,0.0,0.0800000011920926,0.20000000298023224,0.015384615613864018,0.05547002044909061,2,0.0,0.9230769230769231,,,,,,,,,,,
dendro,bigram,no_origin,12,unith,Faure,top_four,1S,13,68,86,1.0,0.0,0.0,0.0,0.0,0.0,0.0,0.0,0.0,0.0,1,0.0,1.0,,,,,,,,,,,
dendro,bigram,no_origin,12,unith,Faure,top_four,1S,13,69,87,1.0,0.0,0.0,0.0,0.0,0.0,0.0,0.0,0.0,0.0,1,0.0,1.0,,,,,,,,,,,
dendro,bigram,no_origin,12,unith,Faure,top_four,1S,13,70,88,0.9230769230769231,0.0,0.0,0.0,0.0,0.0,0.09999999999999964,0.25,0.019230769230769232,0.06933752452815364,2,0.0,0.9230769230769231,,,,,,,,,,,
dendro,bigram,no_origin,12,unith,Faure,top_four,1S,13,71,89,1.0,0.0,0.0,0.0,0.0,0.0,0.0,0.0,0.0,0.0,1,0.0,1.0,,,,,,,,,,,
dendro,bigram,no_origin,12,unith,Faure,top_four,1S,13,72,91,1.0,0.0,0.0,0.0,0.0,0.0,0.0,0.0,0.0,0.0,1,0.0,1.0,,,,,,,,,,,
dendro,bigram,no_origin,12,unith,Faure,top_four,1S,13,73,92,1.0,0.0,0.0,0.0,0.0,0.0,0.0,0.0,0.0,0.0,1,0.0,1.0,,,,,,,,,,,
dendro,bigram,no_origin,12,unith,Faure,top_four,1S,13,74,93,1.0,0.0,0.0,0.0,0.0,0.0,0.0,0.0,0.0,0.0,1,0.0,1.0,,,,,,,,,,,
dendro,bigram,no_origin,12,unith,Faure,top_four,1S,13,75,94,1.0,0.0,0.0,0.0,0.0,0.0,0.0,0.0,0.0,0.0,1,0.0,1.0,,,,,,,,,,,
dendro,bigram,no_origin,12,unith,Faure,top_four,1S,13,76,95,1.0,0.0,0.0,0.0,0.0,0.0,0.0,0.0,0.0,0.0,1,0.0,1.0,,,,,,,,,,,
dendro,bigram,no_origin,12,unith,Faure,top_four,1S,13,77,96,1.0,0.0,0.0,0.0,0.0,0.0,0.0,0.0,0.0,0.0,1,0.0,1.0,,,,,,,,,,,
dendro,bigram,no_origin,12,unith,Faure,top_four,1S,13,78,97,1.0,0.0,0.0,0.0,0.0,0.0,0.0,0.0,0.0,0.0,1,0.0,1.0,,,,,,,,,,,
dendro,bigram,no_origin,12,unith,Faure,top_four,1S,13,79,98,1.0,0.0,0.0,0.0,0.0,0.0,0.0,0.0,0.0,0.0,1,0.0,1.0,,,,,,,,,,,
dendro,bigram,no_origin,12,unith,Faure,top_four,1S,13,80,99,1.0,0.0,0.0,0.0,0.0,0.0,0.0,0.0,0.0,0.0,1,0.0,1.0,,,,,,,,,,,
dendro,bigram,no_origin,12,unith,Faure,top_four,1S,13,81,100,1.0,0.0,0.0,0.0,0.0,0.0,0.0,0.0,0.0,0.0,1,0.0,1.0,,,,,,,,,,,
dendro,bigram,no_origin,12,unith,Faure,top_four,1S,13,82,101,1.0,0.0,0.0,0.0,0.0,0.0,0.0,0.0,0.0,0.0,1,0.0,1.0,,,,,,,,,,,
dendro,bigram,no_origin,12,unith,Faure,top_four,1S,13,83,103,1.0,0.0,0.0,0.0,0.0,0.0,0.0,0.0,0.0,0.0,1,0.0,1.0,,,,,,,,,,,
dendro,bigram,no_origin,12,unith,Faure,top_four,1S,13,84,104,1.0,0.0,0.0,0.0,0.0,0.0,0.0,0.0,0.0,0.0,1,0.0,1.0,,,,,,,,,,,
dendro,bigram,no_origin,12,unith,Faure,top_four,1S,13,85,105,1.0,0.0,0.0,0.0,0.0,0.0,0.0,0.0,0.0,0.0,1,0.0,1.0,,,,,,,,,,,
dendro,bigram,no_origin,12,unith,Faure,top_four,1S,13,86,106,1.0,0.0,0.0,0.0,0.0,0.0,0.0,0.0,0.0,0.0,1,0.0,1.0,,,,,,,,,,,
dendro,bigram,no_origin,12,unith,Faure,top_four,1S,13,87,107,1.0,0.0,0.0,0.0,0.0,0.0,0.0,0.0,0.0,0.0,1,0.0,1.0,,,,,,,,,,,
dendro,bigram,no_origin,12,unith,Faure,top_four,1S,13,88,108,1.0,0.0,0.0,0.0,0.0,0.0,0.0,0.0,0.0,0.0,1,0.0,1.0,,,,,,,,,,,
dendro,bigram,no_origin,12,unith,Faure,top_four,1S,13,89,109,0.9230769230769231,0.0,0.0,0.0,0.0,0.0,0.1999999999999993,0.5,0.038461538461538464,0.1386750490563073,2,0.0,0.9230769230769231,,,,,,,,,,,
dendro,bigram,no_origin,12,unith,Faure,top_four,1S,13,90,110,0.9230769230769231,0.0,0.0,0.0,0.0,0.0,0.09999999999999964,0.25,0.019230769230769232,0.06933752452815364,2,0.0,0.9230769230769231,,,,,,,,,,,
dendro,bigram,no_origin,12,unith,Faure,top_four,1S,13,91,111,1.0,0.0,0.0,0.0,0.0,0.0,0.0,0.0,0.0,0.0,1,0.0,1.0,,,,,,,,,,,
dendro,bigram,no_origin,12,unith,Faure,top_four,1S,13,92,112,1.0,0.0,0.0,0.0,0.0,0.0,0.0,0.0,0.0,0.0,1,0.0,1.0,,,,,,,,,,,
dendro,bigram,no_origin,12,unith,Faure,top_four,1S,13,93,113,1.0,0.0,0.0,0.0,0.0,0.0,0.0,0.0,0.0,0.0,1,0.0,1.0,,,,,,,,,,,
dendro,bigram,no_origin,12,unith,Faure,top_four,1S,13,94,115,1.0,0.0,0.0,0.0,0.0,0.0,0.0,0.0,0.0,0.0,1,0.0,1.0,,,,,,,,,,,
dendro,bigram,no_origin,12,unith,Faure,top_four,1S,13,95,116,1.0,0.0,0.0,0.0,0.0,0.0,0.0,0.0,0.0,0.0,1,0.0,1.0,,,,,,,,,,,
dendro,bigram,no_origin,12,unith,Faure,top_four,1S,13,96,117,1.0,0.0,0.0,0.0,0.0,0.0,0.0,0.0,0.0,0.0,1,0.0,1.0,,,,,,,,,,,
dendro,bigram,no_origin,12,unith,Faure,top_four,1S,13,97,118,1.0,0.0,0.0,0.0,0.0,0.0,0.0,0.0,0.0,0.0,1,0.0,1.0,,,,,,,,,,,
dendro,bigram,no_origin,12,unith,Faure,top_four,1S,13,98,119,1.0,0.0,0.0,0.0,0.0,0.0,0.0,0.0,0.0,0.0,1,0.0,1.0,,,,,,,,,,,
dendro,bigram,no_origin,12,unith,Faure,top_four,1S,13,99,120,1.0,0.0,0.0,0.0,0.0,0.0,0.0,0.0,0.0,0.0,1,0.0,1.0,,,,,,,,,,,
dendro,bigram,no_origin,12,unith,Faure,top_four,1S,13,100,121,1.0,0.0,0.0,0.0,0.0,0.0,0.0,0.0,0.0,0.0,1,0.0,1.0,,,,,,,,,,,
dendro,bigram,no_origin,12,unith,Faure,top_four,1S,13,101,122,1.0,0.0,0.0,0.0,0.0,0.0,0.0,0.0,0.0,0.0,1,0.0,1.0,,,,,,,,,,,
dendro,bigram,no_origin,12,unith,Faure,top_four,1S,13,102,123,1.0,0.0,0.0,0.0,0.0,0.0,0.0,0.0,0.0,0.0,1,0.0,1.0,,,,,,,,,,,
dendro,bigram,no_origin,12,unith,Faure,top_four,1S,13,103,124,1.0,0.0,0.0,0.0,0.0,0.0,0.0,0.0,0.0,0.0,1,0.0,1.0,,,,,,,,,,,
dendro,bigram,no_origin,12,unith,Faure,top_four,1S,13,104,125,1.0,0.0,0.0,0.0,0.0,0.0,0.0,0.0,0.0,0.0,1,0.0,1.0,,,,,,,,,,,
dendro,bigram,no_origin,12,unith,Faure,top_four,1S,13,105,127,1.0,0.0,0.0,0.0,0.0,0.0,0.0,0.0,0.0,0.0,1,0.0,1.0,,,,,,,,,,,
dendro,bigram,no_origin,12,unith,Faure,top_four,1S,13,106,128,1.0,0.0,0.0,0.0,0.0,0.0,0.0,0.0,0.0,0.0,1,0.0,1.0,,,,,,,,,,,
dendro,bigram,no_origin,12,unith,Faure,top_four,1S,13,107,129,1.0,0.0,0.0,0.0,0.0,0.0,0.0,0.0,0.0,0.0,1,0.0,1.0,,,,,,,,,,,
dendro,bigram,no_origin,12,unith,Faure,top_four,1S,13,108,130,1.0,0.0,0.0,0.0,0.0,0.0,0.0,0.0,0.0,0.0,1,0.0,1.0,,,,,,,,,,,
dendro,bigram,no_origin,12,unith,Faure,top_four,1S,13,109,131,1.0,0.0,0.0,0.0,0.0,0.0,0.0,0.0,0.0,0.0,1,0.0,1.0,,,,,,,,,,,
dendro,bigram,no_origin,12,unith,Faure,top_four,1S,13,110,132,1.0,0.0,0.0,0.0,0.0,0.0,0.0,0.0,0.0,0.0,1,0.0,1.0,,,,,,,,,,,
dendro,bigram,no_origin,12,unith,Faure,top_four,1S,13,111,133,1.0,0.0,0.0,0.0,0.0,0.0,0.0,0.0,0.0,0.0,1,0.0,1.0,,,,,,,,,,,
dendro,bigram,no_origin,12,unith,Faure,top_four,1S,13,112,134,1.0,0.0,0.0,0.0,0.0,0.0,0.0,0.0,0.0,0.0,1,0.0,1.0,,,,,,,,,,,
dendro,bigram,no_origin,12,unith,Faure,top_four,1S,13,113,135,1.0,0.0,0.0,0.0,0.0,0.0,0.0,0.0,0.0,0.0,1,0.0,1.0,,,,,,,,,,,
dendro,bigram,no_origin,12,unith,Faure,top_four,1S,13,114,136,1.0,0.0,0.0,0.0,0.0,0.0,0.0,0.0,0.0,0.0,1,0.0,1.0,,,,,,,,,,,
dendro,bigram,no_origin,12,unith,Faure,top_four,1S,13,115,137,1.0,0.0,0.0,0.0,0.0,0.0,0.0,0.0,0.0,0.0,1,0.0,1.0,,,,,,,,,,,
dendro,bigram,no_origin,12,unith,Faure,top_four,1S,13,116,139,1.0,0.0,0.0,0.0,0.0,0.0,0.0,0.0,0.0,0.0,1,0.0,1.0,,,,,,,,,,,
dendro,bigram,no_origin,12,unith,Faure,top_four,1S,13,117,140,1.0,0.0,0.0,0.0,0.0,0.0,0.0,0.0,0.0,0.0,1,0.0,1.0,,,,,,,,,,,
dendro,bigram,no_origin,12,unith,Faure,top_four,1S,13,118,141,1.0,0.0,0.0,0.0,0.0,0.0,0.0,0.0,0.0,0.0,1,0.0,1.0,,,,,,,,,,,
dendro,bigram,no_origin,12,unith,Faure,top_four,1S,13,119,142,1.0,0.0,0.0,0.0,0.0,0.0,0.0,0.0,0.0,0.0,1,0.0,1.0,,,,,,,,,,,
dendro,bigram,no_origin,12,unith,Faure,top_four,1S,13,120,143,1.0,0.0,0.0,0.0,0.0,0.0,0.0,0.0,0.0,0.0,1,0.0,1.0,,,,,,,,,,,
dendro,bigram,no_origin,12,unith,Faure,top_four,1S,13,__vector__,__vector__,0.9853782581055308,,,,,,,,,,,,,1.7692307692307692,,,,,,,,,,
dendro,bigram,no_origin,12,unith,Faure,top_four,2H,110,0,0,1.0,0.0,0.0,0.0,0.0,0.0,0.0,0.0,0.0,0.0,1,0.0,1.0,,,,,,,,,,,
dendro,bigram,no_origin,12,unith,Faure,top_four,2H,110,1,1,0.9545454545454546,0.0,0.0,0.0,0.0,0.0,0.0,0.3333333432674408,0.013636364042758942,0.06437901701692411,3,0.0,0.9545454545454546,,,,,,,,,,,
dendro,bigram,no_origin,12,unith,Faure,top_four,2H,110,2,2,1.0,0.0,0.0,0.0,0.0,0.0,0.0,0.0,0.0,0.0,1,0.0,1.0,,,,,,,,,,,
dendro,bigram,no_origin,12,unith,Faure,top_four,2H,110,3,3,1.0,0.0,0.0,0.0,0.0,0.0,0.0,0.0,0.0,0.0,1,0.0,1.0,,,,,,,,,,,
dendro,bigram,no_origin,12,unith,Faure,top_four,2H,110,4,4,1.0,0.0,0.0,0.0,0.0,0.0,0.0,0.0,0.0,0.0,1,0.0,1.0,,,,,,,,,,,
dendro,bigram,no_origin,12,unith,Faure,top_four,2H,110,5,5,0.990909090909091,0.0,0.0,0.0,0.0,0.0,0.0,0.25,0.0022727272727272726,0.023836564731139806,2,0.0,0.990909090909091,,,,,,,,,,,
dendro,bigram,no_origin,12,unith,Faure,top_four,2H,110,6,7,1.0,0.0,0.0,0.0,0.0,0.0,0.0,0.0,0.0,0.0,1,0.0,1.0,,,,,,,,,,,
dendro,bigram,no_origin,12,unith,Faure,top_four,2H,110,7,8,1.0,0.0,0.0,0.0,0.0,0.0,0.0,0.0,0.0,0.0,1,0.0,1.0,,,,,,,,,,,
dendro,bigram,no_origin,12,unith,Faure,top_four,2H,110,8,9,0.9272727272727272,0.0,0.0,0.0,0.0,0.0,0.22750000134110437,0.5,0.021818182143298063,0.08217065022477767,5,0.0,0.9272727272727272,,,,,,,,,,,
dendro,bigram,no_origin,12,unith,Faure,top_four,2H,110,9,10,0.9545454545454546,0.0,0.0,0.0,0.0,0.0,0.0,0.3333333432674408,0.011212121492082422,0.05385775810363333,4,0.0,0.9545454545454546,,,,,,,,,,,
dendro,bigram,no_origin,12,unith,Faure,top_four,2H,110,10,11,1.0,0.0,0.0,0.0,0.0,0.0,0.0,0.0,0.0,0.0,1,0.0,1.0,,,,,,,,,,,
dendro,bigram,no_origin,12,unith,Faure,top_four,2H,110,11,12,0.9454545454545454,0.0,0.0,0.0,0.0,0.0,0.1374999999999993,0.5,0.016666666756976735,0.07298080442905196,4,0.0,0.9454545454545454,,,,,,,,,,,
dendro,bigram,no_origin,12,unith,Faure,top_four,2H,110,12,13,1.0,0.0,0.0,0.0,0.0,0.0,0.0,0.0,0.0,0.0,1,0.0,1.0,,,,,,,,,,,
dendro,bigram,no_origin,12,unith,Faure,top_four,2H,110,13,14,0.9,0.0,0.0,0.0,0.0,0.0,0.3333333432674408,0.5,0.03818181875077161,0.11910611514401939,4,0.0,0.9,,,,,,,,,,,
dendro,bigram,no_origin,12,unith,Faure,top_four,2H,110,14,15,0.990909090909091,0.0,0.0,0.0,0.0,0.0,0.0,0.25,0.0022727272727272726,0.023836564731139806,2,0.0,0.990909090909091,,,,,,,,,,,
dendro,bigram,no_origin,12,unith,Faure,top_four,2H,110,15,16,1.0,0.0,0.0,0.0,0.0,0.0,0.0,0.0,0.0,0.0,1,0.0,1.0,,,,,,,,,,,
dendro,bigram,no_origin,12,unith,Faure,top_four,2H,110,16,17,0.990909090909091,0.0,0.0,0.0,0.0,0.0,0.0,0.5,0.004545454545454545,0.04767312946227961,2,0.0,0.990909090909091,,,,,,,,,,,
dendro,bigram,no_origin,12,unith,Faure,top_four,2H,110,17,19,0.9454545454545454,0.0,0.0,0.0,0.0,0.0,0.11000000163912717,0.5,0.0162121213295243,0.07165792223951443,5,0.0,0.9454545454545454,,,,,,,,,,,
dendro,bigram,no_origin,12,unith,Faure,top_four,2H,110,18,20,1.0,0.0,0.0,0.0,0.0,0.0,0.0,0.0,0.0,0.0,1,0.0,1.0,,,,,,,,,,,
dendro,bigram,no_origin,12,unith,Faure,top_four,2H,110,19,21,0.9727272727272728,0.0,0.0,0.0,0.0,0.0,0.0,1.0,0.013181818208911202,0.09969616064446349,4,0.0,0.9727272727272728,,,,,,,,,,,
dendro,bigram,no_origin,12,unith,Faure,top_four,2H,110,20,22,0.9818181818181818,0.0,0.0,0.0,0.0,0.0,0.0,0.3333333432674408,0.005303030393340371,0.03955227446632123,3,0.0,0.9818181818181818,,,,,,,,,,,
dendro,bigram,no_origin,12,unith,Faure,top_four,2H,110,21,23,1.0,0.0,0.0,0.0,0.0,0.0,0.0,0.0,0.0,0.0,1,0.0,1.0,,,,,,,,,,,
dendro,bigram,no_origin,12,unith,Faure,top_four,2H,110,22,24,0.6818181818181818,0.0,0.0,0.0,0.0,0.25,0.3333333432674408,0.5,0.09484848664565519,0.1434031125924977,5,0.0,0.6818181818181818,,,,,,,,,,,
dendro,bigram,no_origin,12,unith,Faure,top_four,2H,110,23,25,0.9636363636363636,0.0,0.0,0.0,0.0,0.0,0.0,0.5,0.013636363636363636,0.07447340850136717,3,0.0,0.9636363636363636,,,,,,,,,,,
dendro,bigram,no_origin,12,unith,Faure,top_four,2H,110,24,26,1.0,0.0,0.0,0.0,0.0,0.0,0.0,0.0,0.0,0.0,1,0.0,1.0,,,,,,,,,,,
dendro,bigram,no_origin,12,unith,Faure,top_four,2H,110,25,27,0.990909090909091,0.0,0.0,0.0,0.0,0.0,0.0,0.20000000298023224,0.0018181818452748385,0.019069252069065838,2,0.0,0.990909090909091,,,,,,,,,,,
dendro,bigram,no_origin,12,unith,Faure,top_four,2H,110,26,28,1.0,0.0,0.0,0.0,0.0,0.0,0.0,0.0,0.0,0.0,1,0.0,1.0,,,,,,,,,,,
dendro,bigram,no_origin,12,unith,Faure,top_four,2H,110,27,29,0.9363636363636364,0.0,0.0,0.0,0.0,0.0,0.20000000298023224,0.3333333432674408,0.017272727597843516,0.06810105635334433,4,0.0,0.9363636363636364,,,,,,,,,,,
dendro,bigram,no_origin,12,unith,Faure,top_four,2H,110,28,31,1.0,0.0,0.0,0.0,0.0,0.0,0.0,0.0,0.0,0.0,1,0.0,1.0,,,,,,,,,,,
dendro,bigram,no_origin,12,unith,Faure,top_four,2H,110,29,32,1.0,0.0,0.0,0.0,0.0,0.0,0.0,0.0,0.0,0.0,1,0.0,1.0,,,,,,,,,,,
dendro,bigram,no_origin,12,unith,Faure,top_four,2H,110,30,33,0.8909090909090909,0.0,0.0,0.0,0.0,0.0,0.3333333432674408,0.5,0.040909091315486215,0.123523623919646,5,0.0,0.8909090909090909,,,,,,,,,,,
dendro,bigram,no_origin,12,unith,Faure,top_four,2H,110,31,34,0.9454545454545454,0.0,0.0,0.0,0.0,0.0,0.1374999999999993,0.3333333432674408,0.017424242875792764,0.073238276595239,3,0.0,0.9454545454545454,,,,,,,,,,,
dendro,bigram,no_origin,12,unith,Faure,top_four,2H,110,32,35,1.0,0.0,0.0,0.0,0.0,0.0,0.0,0.0,0.0,0.0,1,0.0,1.0,,,,,,,,,,,
dendro,bigram,no_origin,12,unith,Faure,top_four,2H,110,33,36,1.0,0.0,0.0,0.0,0.0,0.0,0.0,0.0,0.0,0.0,1,0.0,1.0,,,,,,,,,,,
dendro,bigram,no_origin,12,unith,Faure,top_four,2H,110,34,37,1.0,0.0,0.0,0.0,0.0,0.0,0.0,0.0,0.0,0.0,1,0.0,1.0,,,,,,,,,,,
dendro,bigram,no_origin,12,unith,Faure,top_four,2H,110,35,38,0.9818181818181818,0.0,0.0,0.0,0.0,0.0,0.0,0.25,0.004090909118002111,0.030388779326611142,3,0.0,0.9818181818181818,,,,,,,,,,,
dendro,bigram,no_origin,12,unith,Faure,top_four,2H,110,36,39,1.0,0.0,0.0,0.0,0.0,0.0,0.0,0.0,0.0,0.0,1,0.0,1.0,,,,,,,,,,,
dendro,bigram,no_origin,12,unith,Faure,top_four,2H,110,37,40,1.0,0.0,0.0,0.0,0.0,0.0,0.0,0.0,0.0,0.0,1,0.0,1.0,,,,,,,,,,,
dendro,bigram,no_origin,12,unith,Faure,top_four,2H,110,38,41,0.9727272727272728,0.0,0.0,0.0,0.0,0.0,0.0,0.3333333432674408,0.007121212238615209,0.043687047595928036,4,0.0,0.9727272727272728,,,,,,,,,,,
dendro,bigram,no_origin,12,unith,Faure,top_four,2H,110,39,43,1.0,0.0,0.0,0.0,0.0,0.0,0.0,0.0,0.0,0.0,1,0.0,1.0,,,,,,,,,,,
dendro,bigram,no_origin,12,unith,Faure,top_four,2H,110,40,44,1.0,0.0,0.0,0.0,0.0,0.0,0.0,0.0,0.0,0.0,1,0.0,1.0,,,,,,,,,,,
dendro,bigram,no_origin,12,unith,Faure,top_four,2H,110,41,45,0.990909090909091,0.0,0.0,0.0,0.0,0.0,0.0,0.25,0.0022727272727272726,0.023836564731139806,2,0.0,0.990909090909091,,,,,,,,,,,
dendro,bigram,no_origin,12,unith,Faure,top_four,2H,110,42,46,0.990909090909091,0.0,0.0,0.0,0.0,0.0,0.0,0.5,0.004545454545454545,0.04767312946227961,2,0.0,0.990909090909091,,,,,,,,,,,
dendro,bigram,no_origin,12,unith,Faure,top_four,2H,110,43,47,1.0,0.0,0.0,0.0,0.0,0.0,0.0,0.0,0.0,0.0,1,0.0,1.0,,,,,,,,,,,
dendro,bigram,no_origin,12,unith,Faure,top_four,2H,110,44,48,1.0,0.0,0.0,0.0,0.0,0.0,0.0,0.0,0.0,0.0,1,0.0,1.0,,,,,,,,,,,
dendro,bigram,no_origin,12,unith,Faure,top_four,2H,110,45,49,1.0,0.0,0.0,0.0,0.0,0.0,0.0,0.0,0.0,0.0,1,0.0,1.0,,,,,,,,,,,
dendro,bigram,no_origin,12,unith,Faure,top_four,2H,110,46,50,1.0,0.0,0.0,0.0,0.0,0.0,0.0,0.0,0.0,0.0,1,0.0,1.0,,,,,,,,,,,
dendro,bigram,no_origin,12,unith,Faure,top_four,2H,110,47,51,1.0,0.0,0.0,0.0,0.0,0.0,0.0,0.0,0.0,0.0,1,0.0,1.0,,,,,,,,,,,
dendro,bigram,no_origin,12,unith,Faure,top_four,2H,110,48,52,1.0,0.0,0.0,0.0,0.0,0.0,0.0,0.0,0.0,0.0,1,0.0,1.0,,,,,,,,,,,
dendro,bigram,no_origin,12,unith,Faure,top_four,2H,110,49,53,1.0,0.0,0.0,0.0,0.0,0.0,0.0,0.0,0.0,0.0,1,0.0,1.0,,,,,,,,,,,
dendro,bigram,no_origin,12,unith,Faure,top_four,2H,110,50,55,1.0,0.0,0.0,0.0,0.0,0.0,0.0,0.0,0.0,0.0,1,0.0,1.0,,,,,,,,,,,
dendro,bigram,no_origin,12,unith,Faure,top_four,2H,110,51,56,1.0,0.0,0.0,0.0,0.0,0.0,0.0,0.0,0.0,0.0,1,0.0,1.0,,,,,,,,,,,
dendro,bigram,no_origin,12,unith,Faure,top_four,2H,110,52,57,1.0,0.0,0.0,0.0,0.0,0.0,0.0,0.0,0.0,0.0,1,0.0,1.0,,,,,,,,,,,
dendro,bigram,no_origin,12,unith,Faure,top_four,2H,110,53,58,1.0,0.0,0.0,0.0,0.0,0.0,0.0,0.0,0.0,0.0,1,0.0,1.0,,,,,,,,,,,
dendro,bigram,no_origin,12,unith,Faure,top_four,2H,110,54,59,1.0,0.0,0.0,0.0,0.0,0.0,0.0,0.0,0.0,0.0,1,0.0,1.0,,,,,,,,,,,
dendro,bigram,no_origin,12,unith,Faure,top_four,2H,110,55,60,0.9272727272727272,0.0,0.0,0.0,0.0,0.0,0.25,0.5,0.02424242455850948,0.09194457177020815,5,0.0,0.9272727272727272,,,,,,,,,,,
dendro,bigram,no_origin,12,unith,Faure,top_four,2H,110,56,61,1.0,0.0,0.0,0.0,0.0,0.0,0.0,0.0,0.0,0.0,1,0.0,1.0,,,,,,,,,,,
dendro,bigram,no_origin,12,unith,Faure,top_four,2H,110,57,62,0.9818181818181818,0.0,0.0,0.0,0.0,0.0,0.0,0.3333333432674408,0.006060606241226197,0.04474000643744527,2,0.0,0.9818181818181818,,,,,,,,,,,
dendro,bigram,no_origin,12,unith,Faure,top_four,2H,110,58,63,0.990909090909091,0.0,0.0,0.0,0.0,0.0,0.0,0.25,0.0022727272727272726,0.023836564731139806,2,0.0,0.990909090909091,,,,,,,,,,,
dendro,bigram,no_origin,12,unith,Faure,top_four,2H,110,59,64,1.0,0.0,0.0,0.0,0.0,0.0,0.0,0.0,0.0,0.0,1,0.0,1.0,,,,,,,,,,,
dendro,bigram,no_origin,12,unith,Faure,top_four,2H,110,60,65,1.0,0.0,0.0,0.0,0.0,0.0,0.0,0.0,0.0,0.0,1,0.0,1.0,,,,,,,,,,,
dendro,bigram,no_origin,12,unith,Faure,top_four,2H,110,61,67,1.0,0.0,0.0,0.0,0.0,0.0,0.0,0.0,0.0,0.0,1,0.0,1.0,,,,,,,,,,,
dendro,bigram,no_origin,12,unith,Faure,top_four,2H,110,62,68,1.0,0.0,0.0,0.0,0.0,0.0,0.0,0.0,0.0,0.0,1,0.0,1.0,,,,,,,,,,,
dendro,bigram,no_origin,12,unith,Faure,top_four,2H,110,63,69,0.9454545454545454,0.0,0.0,0.0,0.0,0.0,0.11000000163912717,0.3333333432674408,0.014242424477230418,0.06094885100278662,4,0.0,0.9454545454545454,,,,,,,,,,,
dendro,bigram,no_origin,12,unith,Faure,top_four,2H,110,64,70,0.990909090909091,0.0,0.0,0.0,0.0,0.0,0.0,0.20000000298023224,0.0018181818452748385,0.019069252069065838,2,0.0,0.990909090909091,,,,,,,,,,,
dendro,bigram,no_origin,12,unith,Faure,top_four,2H,110,65,71,1.0,0.0,0.0,0.0,0.0,0.0,0.0,0.0,0.0,0.0,1,0.0,1.0,,,,,,,,,,,
dendro,bigram,no_origin,12,unith,Faure,top_four,2H,110,66,84,1.0,0.0,0.0,0.0,0.0,0.0,0.0,0.0,0.0,0.0,1,0.0,1.0,,,,,,,,,,,
dendro,bigram,no_origin,12,unith,Faure,top_four,2H,110,67,85,0.990909090909091,0.0,0.0,0.0,0.0,0.0,0.0,0.25,0.0022727272727272726,0.023836564731139806,2,0.0,0.990909090909091,,,,,,,,,,,
dendro,bigram,no_origin,12,unith,Faure,top_four,2H,110,68,86,0.990909090909091,0.0,0.0,0.0,0.0,0.0,0.0,0.3333333432674408,0.0030303031206130983,0.0317820872553664,2,0.0,0.990909090909091,,,,,,,,,,,
dendro,bigram,no_origin,12,unith,Faure,top_four,2H,110,69,87,1.0,0.0,0.0,0.0,0.0,0.0,0.0,0.0,0.0,0.0,1,0.0,1.0,,,,,,,,,,,
dendro,bigram,no_origin,12,unith,Faure,top_four,2H,110,70,88,1.0,0.0,0.0,0.0,0.0,0.0,0.0,0.0,0.0,0.0,1,0.0,1.0,,,,,,,,,,,
dendro,bigram,no_origin,12,unith,Faure,top_four,2H,110,71,89,1.0,0.0,0.0,0.0,0.0,0.0,0.0,0.0,0.0,0.0,1,0.0,1.0,,,,,,,,,,,
dendro,bigram,no_origin,12,unith,Faure,top_four,2H,110,72,91,1.0,0.0,0.0,0.0,0.0,0.0,0.0,0.0,0.0,0.0,1,0.0,1.0,,,,,,,,,,,
dendro,bigram,no_origin,12,unith,Faure,top_four,2H,110,73,92,1.0,0.0,0.0,0.0,0.0,0.0,0.0,0.0,0.0,0.0,1,0.0,1.0,,,,,,,,,,,
dendro,bigram,no_origin,12,unith,Faure,top_four,2H,110,74,93,0.9818181818181818,0.0,0.0,0.0,0.0,0.0,0.0,0.3333333432674408,0.005303030393340371,0.03955227446632123,3,0.0,0.9818181818181818,,,,,,,,,,,
dendro,bigram,no_origin,12,unith,Faure,top_four,2H,110,75,94,1.0,0.0,0.0,0.0,0.0,0.0,0.0,0.0,0.0,0.0,1,0.0,1.0,,,,,,,,,,,
dendro,bigram,no_origin,12,unith,Faure,top_four,2H,110,76,95,0.990909090909091,0.0,0.0,0.0,0.0,0.0,0.0,0.20000000298023224,0.0018181818452748385,0.019069252069065838,2,0.0,0.990909090909091,,,,,,,,,,,
dendro,bigram,no_origin,12,unith,Faure,top_four,2H,110,77,96,1.0,0.0,0.0,0.0,0.0,0.0,0.0,0.0,0.0,0.0,1,0.0,1.0,,,,,,,,,,,
dendro,bigram,no_origin,12,unith,Faure,top_four,2H,110,78,97,0.990909090909091,0.0,0.0,0.0,0.0,0.0,0.0,0.3333333432674408,0.0030303031206130983,0.0317820872553664,2,0.0,0.990909090909091,,,,,,,,,,,
dendro,bigram,no_origin,12,unith,Faure,top_four,2H,110,79,98,1.0,0.0,0.0,0.0,0.0,0.0,0.0,0.0,0.0,0.0,1,0.0,1.0,,,,,,,,,,,
dendro,bigram,no_origin,12,unith,Faure,top_four,2H,110,80,99,1.0,0.0,0.0,0.0,0.0,0.0,0.0,0.0,0.0,0.0,1,0.0,1.0,,,,,,,,,,,
dendro,bigram,no_origin,12,unith,Faure,top_four,2H,110,81,100,1.0,0.0,0.0,0.0,0.0,0.0,0.0,0.0,0.0,0.0,1,0.0,1.0,,,,,,,,,,,
dendro,bigram,no_origin,12,unith,Faure,top_four,2H,110,82,101,1.0,0.0,0.0,0.0,0.0,0.0,0.0,0.0,0.0,0.0,1,0.0,1.0,,,,,,,,,,,
dendro,bigram,no_origin,12,unith,Faure,top_four,2H,110,83,103,1.0,0.0,0.0,0.0,0.0,0.0,0.0,0.0,0.0,0.0,1,0.0,1.0,,,,,,,,,,,
dendro,bigram,no_origin,12,unith,Faure,top_four,2H,110,84,104,1.0,0.0,0.0,0.0,0.0,0.0,0.0,0.0,0.0,0.0,1,0.0,1.0,,,,,,,,,,,
dendro,bigram,no_origin,12,unith,Faure,top_four,2H,110,85,105,1.0,0.0,0.0,0.0,0.0,0.0,0.0,0.0,0.0,0.0,1,0.0,1.0,,,,,,,,,,,
dendro,bigram,no_origin,12,unith,Faure,top_four,2H,110,86,106,1.0,0.0,0.0,0.0,0.0,0.0,0.0,0.0,0.0,0.0,1,0.0,1.0,,,,,,,,,,,
dendro,bigram,no_origin,12,unith,Faure,top_four,2H,110,87,107,1.0,0.0,0.0,0.0,0.0,0.0,0.0,0.0,0.0,0.0,1,0.0,1.0,,,,,,,,,,,
dendro,bigram,no_origin,12,unith,Faure,top_four,2H,110,88,108,0.8727272727272727,0.0,0.0,0.0,0.0,0.0,0.25,0.5,0.03954545476219871,0.11330587697759671,6,0.0,0.8727272727272727,,,,,,,,,,,
dendro,bigram,no_origin,12,unith,Faure,top_four,2H,110,89,109,0.990909090909091,0.0,0.0,0.0,0.0,0.0,0.0,0.25,0.0022727272727272726,0.023836564731139806,2,0.0,0.990909090909091,,,,,,,,,,,
dendro,bigram,no_origin,12,unith,Faure,top_four,2H,110,90,110,0.7363636363636363,0.0,0.0,0.0,0.0,0.20000000298023224,0.5,0.5,0.08954545571045443,0.15909176470764055,5,0.0,0.7363636363636363,,,,,,,,,,,
dendro,bigram,no_origin,12,unith,Faure,top_four,2H,110,91,111,1.0,0.0,0.0,0.0,0.0,0.0,0.0,0.0,0.0,0.0,1,0.0,1.0,,,,,,,,,,,
dendro,bigram,no_origin,12,unith,Faure,top_four,2H,110,92,112,1.0,0.0,0.0,0.0,0.0,0.0,0.0,0.0,0.0,0.0,1,0.0,1.0,,,,,,,,,,,
dendro,bigram,no_origin,12,unith,Faure,top_four,2H,110,93,113,0.990909090909091,0.0,0.0,0.0,0.0,0.0,0.0,0.3333333432674408,0.0030303031206130983,0.0317820872553664,2,0.0,0.990909090909091,,,,,,,,,,,
dendro,bigram,no_origin,12,unith,Faure,top_four,2H,110,94,115,0.9818181818181818,0.0,0.0,0.0,0.0,0.0,0.0,0.5,0.006818181818181818,0.05310422188475213,3,0.0,0.9818181818181818,,,,,,,,,,,
dendro,bigram,no_origin,12,unith,Faure,top_four,2H,110,95,116,1.0,0.0,0.0,0.0,0.0,0.0,0.0,0.0,0.0,0.0,1,0.0,1.0,,,,,,,,,,,
dendro,bigram,no_origin,12,unith,Faure,top_four,2H,110,96,117,1.0,0.0,0.0,0.0,0.0,0.0,0.0,0.0,0.0,0.0,1,0.0,1.0,,,,,,,,,,,
dendro,bigram,no_origin,12,unith,Faure,top_four,2H,110,97,118,0.9454545454545454,0.0,0.0,0.0,0.0,0.0,0.11000000163912717,0.3333333432674408,0.013939394056797028,0.059023971276501344,4,0.0,0.9454545454545454,,,,,,,,,,,
dendro,bigram,no_origin,12,unith,Faure,top_four,2H,110,98,119,1.0,0.0,0.0,0.0,0.0,0.0,0.0,0.0,0.0,0.0,1,0.0,1.0,,,,,,,,,,,
dendro,bigram,no_origin,12,unith,Faure,top_four,2H,110,99,120,0.9636363636363636,0.0,0.0,0.0,0.0,0.0,0.0,0.3333333432674408,0.010151515359228308,0.05361999982976028,4,0.0,0.9636363636363636,,,,,,,,,,,
dendro,bigram,no_origin,12,unith,Faure,top_four,2H,110,100,121,1.0,0.0,0.0,0.0,0.0,0.0,0.0,0.0,0.0,0.0,1,0.0,1.0,,,,,,,,,,,
dendro,bigram,no_origin,12,unith,Faure,top_four,2H,110,101,122,0.9272727272727272,0.0,0.0,0.0,0.0,0.0,0.22750000134110437,0.3333333432674408,0.018484848737716674,0.06789185656528574,5,0.0,0.9272727272727272,,,,,,,,,,,
dendro,bigram,no_origin,12,unith,Faure,top_four,2H,110,102,123,0.990909090909091,0.0,0.0,0.0,0.0,0.0,0.0,0.25,0.0022727272727272726,0.023836564731139806,2,0.0,0.990909090909091,,,,,,,,,,,
dendro,bigram,no_origin,12,unith,Faure,top_four,2H,110,103,124,1.0,0.0,0.0,0.0,0.0,0.0,0.0,0.0,0.0,0.0,1,0.0,1.0,,,,,,,,,,,
dendro,bigram,no_origin,12,unith,Faure,top_four,2H,110,104,125,0.9818181818181818,0.0,0.0,0.0,0.0,0.0,0.0,0.5,0.0075757576660676436,0.057052847404615345,3,0.0,0.9818181818181818,,,,,,,,,,,
dendro,bigram,no_origin,12,unith,Faure,top_four,2H,110,105,127,1.0,0.0,0.0,0.0,0.0,0.0,0.0,0.0,0.0,0.0,1,0.0,1.0,,,,,,,,,,,
dendro,bigram,no_origin,12,unith,Faure,top_four,2H,110,106,128,1.0,0.0,0.0,0.0,0.0,0.0,0.0,0.0,0.0,0.0,1,0.0,1.0,,,,,,,,,,,
dendro,bigram,no_origin,12,unith,Faure,top_four,2H,110,107,129,0.990909090909091,0.0,0.0,0.0,0.0,0.0,0.0,0.25,0.0022727272727272726,0.023836564731139806,2,0.0,0.990909090909091,,,,,,,,,,,
dendro,bigram,no_origin,12,unith,Faure,top_four,2H,110,108,130,1.0,0.0,0.0,0.0,0.0,0.0,0.0,0.0,0.0,0.0,1,0.0,1.0,,,,,,,,,,,
dendro,bigram,no_origin,12,unith,Faure,top_four,2H,110,109,131,1.0,0.0,0.0,0.0,0.0,0.0,0.0,0.0,0.0,0.0,1,0.0,1.0,,,,,,,,,,,
dendro,bigram,no_origin,12,unith,Faure,top_four,2H,110,110,132,1.0,0.0,0.0,0.0,0.0,0.0,0.0,0.0,0.0,0.0,1,0.0,1.0,,,,,,,,,,,
dendro,bigram,no_origin,12,unith,Faure,top_four,2H,110,111,133,1.0,0.0,0.0,0.0,0.0,0.0,0.0,0.0,0.0,0.0,1,0.0,1.0,,,,,,,,,,,
dendro,bigram,no_origin,12,unith,Faure,top_four,2H,110,112,134,1.0,0.0,0.0,0.0,0.0,0.0,0.0,0.0,0.0,0.0,1,0.0,1.0,,,,,,,,,,,
dendro,bigram,no_origin,12,unith,Faure,top_four,2H,110,113,135,1.0,0.0,0.0,0.0,0.0,0.0,0.0,0.0,0.0,0.0,1,0.0,1.0,,,,,,,,,,,
dendro,bigram,no_origin,12,unith,Faure,top_four,2H,110,114,136,1.0,0.0,0.0,0.0,0.0,0.0,0.0,0.0,0.0,0.0,1,0.0,1.0,,,,,,,,,,,
dendro,bigram,no_origin,12,unith,Faure,top_four,2H,110,115,137,1.0,0.0,0.0,0.0,0.0,0.0,0.0,0.0,0.0,0.0,1,0.0,1.0,,,,,,,,,,,
dendro,bigram,no_origin,12,unith,Faure,top_four,2H,110,116,139,1.0,0.0,0.0,0.0,0.0,0.0,0.0,0.0,0.0,0.0,1,0.0,1.0,,,,,,,,,,,
dendro,bigram,no_origin,12,unith,Faure,top_four,2H,110,117,140,1.0,0.0,0.0,0.0,0.0,0.0,0.0,0.0,0.0,0.0,1,0.0,1.0,,,,,,,,,,,
dendro,bigram,no_origin,12,unith,Faure,top_four,2H,110,118,141,1.0,0.0,0.0,0.0,0.0,0.0,0.0,0.0,0.0,0.0,1,0.0,1.0,,,,,,,,,,,
dendro,bigram,no_origin,12,unith,Faure,top_four,2H,110,119,142,1.0,0.0,0.0,0.0,0.0,0.0,0.0,0.0,0.0,0.0,1,0.0,1.0,,,,,,,,,,,
dendro,bigram,no_origin,12,unith,Faure,top_four,2H,110,120,143,1.0,0.0,0.0,0.0,0.0,0.0,0.0,0.0,0.0,0.0,1,0.0,1.0,,,,,,,,,,,
dendro,bigram,no_origin,12,unith,Faure,top_four,2H,110,__vector__,__vector__,0.9839218632607062,,,,,,,,,,,,,1.9454545454545455,,,,,,,,,,
dendro,bigram,no_origin,12,unith,Faure,top_four,2S,67,0,0,1.0,0.0,0.0,0.0,0.0,0.0,0.0,0.0,0.0,0.0,1,0.0,1.0,,,,,,,,,,,
dendro,bigram,no_origin,12,unith,Faure,top_four,2S,67,1,1,0.9701492537313433,0.0,0.0,0.0,0.0,0.0,0.0,0.3333333432674408,0.008706467809961803,0.05053236957757331,3,0.0,0.9701492537313433,,,,,,,,,,,
dendro,bigram,no_origin,12,unith,Faure,top_four,2S,67,2,2,0.9850746268656716,0.0,0.0,0.0,0.0,0.0,0.0,0.3333333432674408,0.004975124526379713,0.0407231493324128,2,0.0,0.9850746268656716,,,,,,,,,,,
dendro,bigram,no_origin,12,unith,Faure,top_four,2S,67,3,3,1.0,0.0,0.0,0.0,0.0,0.0,0.0,0.0,0.0,0.0,1,0.0,1.0,,,,,,,,,,,
dendro,bigram,no_origin,12,unith,Faure,top_four,2S,67,4,4,1.0,0.0,0.0,0.0,0.0,0.0,0.0,0.0,0.0,0.0,1,0.0,1.0,,,,,,,,,,,
dendro,bigram,no_origin,12,unith,Faure,top_four,2S,67,5,5,1.0,0.0,0.0,0.0,0.0,0.0,0.0,0.0,0.0,0.0,1,0.0,1.0,,,,,,,,,,,
dendro,bigram,no_origin,12,unith,Faure,top_four,2S,67,6,7,0.9850746268656716,0.0,0.0,0.0,0.0,0.0,0.0,0.25,0.0037313432835820895,0.0305423610890763,2,0.0,0.9850746268656716,,,,,,,,,,,
dendro,bigram,no_origin,12,unith,Faure,top_four,2S,67,7,8,1.0,0.0,0.0,0.0,0.0,0.0,0.0,0.0,0.0,0.0,1,0.0,1.0,,,,,,,,,,,
dendro,bigram,no_origin,12,unith,Faure,top_four,2S,67,8,9,0.9402985074626866,0.0,0.0,0.0,0.0,0.0,0.17499999999999893,0.3333333432674408,0.017412935619923606,0.07037853748740466,3,0.0,0.9402985074626866,,,,,,,,,,,
dendro,bigram,no_origin,12,unith,Faure,top_four,2S,67,9,10,0.9850746268656716,0.0,0.0,0.0,0.0,0.0,0.0,0.25,0.0037313432835820895,0.030542361089076295,2,0.0,0.9850746268656716,,,,,,,,,,,
dendro,bigram,no_origin,12,unith,Faure,top_four,2S,67,10,11,1.0,0.0,0.0,0.0,0.0,0.0,0.0,0.0,0.0,0.0,1,0.0,1.0,,,,,,,,,,,
dendro,bigram,no_origin,12,unith,Faure,top_four,2S,67,11,12,0.9850746268656716,0.0,0.0,0.0,0.0,0.0,0.0,0.20000000298023224,0.0029850746713467498,0.02443388923535436,2,0.0,0.9850746268656716,,,,,,,,,,,
dendro,bigram,no_origin,12,unith,Faure,top_four,2S,67,12,13,1.0,0.0,0.0,0.0,0.0,0.0,0.0,0.0,0.0,0.0,1,0.0,1.0,,,,,,,,,,,
dendro,bigram,no_origin,12,unith,Faure,top_four,2S,67,13,14,0.8955223880597015,0.0,0.0,0.0,0.0,0.0,0.3333333432674408,0.5,0.03980099576622693,0.11993808996301107,3,0.0,0.8955223880597015,,,,,,,,,,,
dendro,bigram,no_origin,12,unith,Faure,top_four,2S,67,14,15,1.0,0.0,0.0,0.0,0.0,0.0,0.0,0.0,0.0,0.0,1,0.0,1.0,,,,,,,,,,,
dendro,bigram,no_origin,12,unith,Faure,top_four,2S,67,15,16,1.0,0.0,0.0,0.0,0.0,0.0,0.0,0.0,0.0,0.0,1,0.0,1.0,,,,,,,,,,,
dendro,bigram,no_origin,12,unith,Faure,top_four,2S,67,16,17,0.9850746268656716,0.0,0.0,0.0,0.0,0.0,0.0,0.25,0.0037313432835820895,0.030542361089076302,2,0.0,0.9850746268656716,,,,,,,,,,,
dendro,bigram,no_origin,12,unith,Faure,top_four,2S,67,17,19,0.9850746268656716,0.0,0.0,0.0,0.0,0.0,0.0,0.25,0.0037313432835820895,0.0305423610890763,2,0.0,0.9850746268656716,,,,,,,,,,,
dendro,bigram,no_origin,12,unith,Faure,top_four,2S,67,18,20,1.0,0.0,0.0,0.0,0.0,0.0,0.0,0.0,0.0,0.0,1,0.0,1.0,,,,,,,,,,,
dendro,bigram,no_origin,12,unith,Faure,top_four,2S,67,19,21,0.9850746268656716,0.0,0.0,0.0,0.0,0.0,0.0,0.20000000298023224,0.0029850746713467498,0.024433889235354368,2,0.0,0.9850746268656716,,,,,,,,,,,
dendro,bigram,no_origin,12,unith,Faure,top_four,2S,67,20,22,0.9402985074626866,0.0,0.0,0.0,0.0,0.0,0.1400000020861617,0.3333333432674408,0.014676617152655303,0.06019905277342714,4,0.0,0.9402985074626866,,,,,,,,,,,
dendro,bigram,no_origin,12,unith,Faure,top_four,2S,67,21,23,1.0,0.0,0.0,0.0,0.0,0.0,0.0,0.0,0.0,0.0,1,0.0,1.0,,,,,,,,,,,
dendro,bigram,no_origin,12,unith,Faure,top_four,2S,67,22,24,0.7313432835820896,0.0,0.0,0.0,0.0,0.22500000149011612,0.3333333432674408,0.5,0.08134328496100297,0.13948928221259424,5,0.0,0.7313432835820896,,,,,,,,,,,
dendro,bigram,no_origin,12,unith,Faure,top_four,2S,67,23,25,0.9104477611940298,0.0,0.0,0.0,0.0,0.0,0.3083333402872082,0.5,0.029104478101232158,0.09762944950804668,5,0.0,0.9104477611940298,,,,,,,,,,,
dendro,bigram,no_origin,12,unith,Faure,top_four,2S,67,24,26,1.0,0.0,0.0,0.0,0.0,0.0,0.0,0.0,0.0,0.0,1,0.0,1.0,,,,,,,,,,,
dendro,bigram,no_origin,12,unith,Faure,top_four,2S,67,25,27,0.9701492537313433,0.0,0.0,0.0,0.0,0.0,0.0,0.25,0.00671641795492884,0.03882314466919741,3,0.0,0.9701492537313433,,,,,,,,,,,
dendro,bigram,no_origin,12,unith,Faure,top_four,2S,67,26,28,1.0,0.0,0.0,0.0,0.0,0.0,0.0,0.0,0.0,0.0,1,0.0,1.0,,,,,,,,,,,
dendro,bigram,no_origin,12,unith,Faure,top_four,2S,67,27,29,0.9850746268656716,0.0,0.0,0.0,0.0,0.0,0.0,0.3333333432674408,0.004975124526379713,0.0407231493324128,2,0.0,0.9850746268656716,,,,,,,,,,,
dendro,bigram,no_origin,12,unith,Faure,top_four,2S,67,28,31,1.0,0.0,0.0,0.0,0.0,0.0,0.0,0.0,0.0,0.0,1,0.0,1.0,,,,,,,,,,,
dendro,bigram,no_origin,12,unith,Faure,top_four,2S,67,29,32,1.0,0.0,0.0,0.0,0.0,0.0,0.0,0.0,0.0,0.0,1,0.0,1.0,,,,,,,,,,,
dendro,bigram,no_origin,12,unith,Faure,top_four,2S,67,30,33,0.8507462686567164,0.0,0.0,0.0,0.0,0.0,0.3333333432674408,1.0,0.05199005043328698,0.15229784391656404,5,0.0,0.8507462686567164,,,,,,,,,,,
dendro,bigram,no_origin,12,unith,Faure,top_four,2S,67,31,34,0.9701492537313433,0.0,0.0,0.0,0.0,0.0,0.0,0.5,0.012437811093543893,0.07289950274514886,3,0.0,0.9701492537313433,,,,,,,,,,,
dendro,bigram,no_origin,12,unith,Faure,top_four,2S,67,32,35,1.0,0.0,0.0,0.0,0.0,0.0,0.0,0.0,0.0,0.0,1,0.0,1.0,,,,,,,,,,,
dendro,bigram,no_origin,12,unith,Faure,top_four,2S,67,33,36,0.9850746268656716,0.0,0.0,0.0,0.0,0.0,0.0,0.25,0.0037313432835820895,0.030542361089076302,2,0.0,0.9850746268656716,,,,,,,,,,,
dendro,bigram,no_origin,12,unith,Faure,top_four,2S,67,34,37,0.9850746268656716,0.0,0.0,0.0,0.0,0.0,0.0,0.25,0.0037313432835820895,0.030542361089076295,2,0.0,0.9850746268656716,,,,,,,,,,,
dendro,bigram,no_origin,12,unith,Faure,top_four,2S,67,35,38,0.9850746268656716,0.0,0.0,0.0,0.0,0.0,0.0,0.20000000298023224,0.0029850746713467498,0.02443388923535436,2,0.0,0.9850746268656716,,,,,,,,,,,
dendro,bigram,no_origin,12,unith,Faure,top_four,2S,67,36,39,1.0,0.0,0.0,0.0,0.0,0.0,0.0,0.0,0.0,0.0,1,0.0,1.0,,,,,,,,,,,
dendro,bigram,no_origin,12,unith,Faure,top_four,2S,67,37,40,1.0,0.0,0.0,0.0,0.0,0.0,0.0,0.0,0.0,0.0,1,0.0,1.0,,,,,,,,,,,
dendro,bigram,no_origin,12,unith,Faure,top_four,2S,67,38,41,1.0,0.0,0.0,0.0,0.0,0.0,0.0,0.0,0.0,0.0,1,0.0,1.0,,,,,,,,,,,
dendro,bigram,no_origin,12,unith,Faure,top_four,2S,67,39,43,1.0,0.0,0.0,0.0,0.0,0.0,0.0,0.0,0.0,0.0,1,0.0,1.0,,,,,,,,,,,
dendro,bigram,no_origin,12,unith,Faure,top_four,2S,67,40,44,1.0,0.0,0.0,0.0,0.0,0.0,0.0,0.0,0.0,0.0,1,0.0,1.0,,,,,,,,,,,
dendro,bigram,no_origin,12,unith,Faure,top_four,2S,67,41,45,1.0,0.0,0.0,0.0,0.0,0.0,0.0,0.0,0.0,0.0,1,0.0,1.0,,,,,,,,,,,
dendro,bigram,no_origin,12,unith,Faure,top_four,2S,67,42,46,0.9850746268656716,0.0,0.0,0.0,0.0,0.0,0.0,1.0,0.014925373134328358,0.12216944435630521,2,0.0,0.9850746268656716,,,,,,,,,,,
dendro,bigram,no_origin,12,unith,Faure,top_four,2S,67,43,47,1.0,0.0,0.0,0.0,0.0,0.0,0.0,0.0,0.0,0.0,1,0.0,1.0,,,,,,,,,,,
dendro,bigram,no_origin,12,unith,Faure,top_four,2S,67,44,48,1.0,0.0,0.0,0.0,0.0,0.0,0.0,0.0,0.0,0.0,1,0.0,1.0,,,,,,,,,,,
dendro,bigram,no_origin,12,unith,Faure,top_four,2S,67,45,49,1.0,0.0,0.0,0.0,0.0,0.0,0.0,0.0,0.0,0.0,1,0.0,1.0,,,,,,,,,,,
dendro,bigram,no_origin,12,unith,Faure,top_four,2S,67,46,50,1.0,0.0,0.0,0.0,0.0,0.0,0.0,0.0,0.0,0.0,1,0.0,1.0,,,,,,,,,,,
dendro,bigram,no_origin,12,unith,Faure,top_four,2S,67,47,51,1.0,0.0,0.0,0.0,0.0,0.0,0.0,0.0,0.0,0.0,1,0.0,1.0,,,,,,,,,,,
dendro,bigram,no_origin,12,unith,Faure,top_four,2S,67,48,52,1.0,0.0,0.0,0.0,0.0,0.0,0.0,0.0,0.0,0.0,1,0.0,1.0,,,,,,,,,,,
dendro,bigram,no_origin,12,unith,Faure,top_four,2S,67,49,53,1.0,0.0,0.0,0.0,0.0,0.0,0.0,0.0,0.0,0.0,1,0.0,1.0,,,,,,,,,,,
dendro,bigram,no_origin,12,unith,Faure,top_four,2S,67,50,55,0.9850746268656716,0.0,0.0,0.0,0.0,0.0,0.0,0.20000000298023224,0.0029850746713467498,0.024433889235354368,2,0.0,0.9850746268656716,,,,,,,,,,,
dendro,bigram,no_origin,12,unith,Faure,top_four,2S,67,51,56,1.0,0.0,0.0,0.0,0.0,0.0,0.0,0.0,0.0,0.0,1,0.0,1.0,,,,,,,,,,,
dendro,bigram,no_origin,12,unith,Faure,top_four,2S,67,52,57,1.0,0.0,0.0,0.0,0.0,0.0,0.0,0.0,0.0,0.0,1,0.0,1.0,,,,,,,,,,,
dendro,bigram,no_origin,12,unith,Faure,top_four,2S,67,53,58,1.0,0.0,0.0,0.0,0.0,0.0,0.0,0.0,0.0,0.0,1,0.0,1.0,,,,,,,,,,,
dendro,bigram,no_origin,12,unith,Faure,top_four,2S,67,54,59,1.0,0.0,0.0,0.0,0.0,0.0,0.0,0.0,0.0,0.0,1,0.0,1.0,,,,,,,,,,,
dendro,bigram,no_origin,12,unith,Faure,top_four,2S,67,55,60,0.9552238805970149,0.0,0.0,0.0,0.0,0.0,0.0,0.3333333432674408,0.01492537357913914,0.06945763687941525,2,0.0,0.9552238805970149,,,,,,,,,,,
dendro,bigram,no_origin,12,unith,Faure,top_four,2S,67,56,61,1.0,0.0,0.0,0.0,0.0,0.0,0.0,0.0,0.0,0.0,1,0.0,1.0,,,,,,,,,,,
dendro,bigram,no_origin,12,unith,Faure,top_four,2S,67,57,62,0.9850746268656716,0.0,0.0,0.0,0.0,0.0,0.0,0.25,0.0037313432835820895,0.030542361089076302,2,0.0,0.9850746268656716,,,,,,,,,,,
dendro,bigram,no_origin,12,unith,Faure,top_four,2S,67,58,63,1.0,0.0,0.0,0.0,0.0,0.0,0.0,0.0,0.0,0.0,1,0.0,1.0,,,,,,,,,,,
dendro,bigram,no_origin,12,unith,Faure,top_four,2S,67,59,64,1.0,0.0,0.0,0.0,0.0,0.0,0.0,0.0,0.0,0.0,1,0.0,1.0,,,,,,,,,,,
dendro,bigram,no_origin,12,unith,Faure,top_four,2S,67,60,65,1.0,0.0,0.0,0.0,0.0,0.0,0.0,0.0,0.0,0.0,1,0.0,1.0,,,,,,,,,,,
dendro,bigram,no_origin,12,unith,Faure,top_four,2S,67,61,67,1.0,0.0,0.0,0.0,0.0,0.0,0.0,0.0,0.0,0.0,1,0.0,1.0,,,,,,,,,,,
dendro,bigram,no_origin,12,unith,Faure,top_four,2S,67,62,68,1.0,0.0,0.0,0.0,0.0,0.0,0.0,0.0,0.0,0.0,1,0.0,1.0,,,,,,,,,,,
dendro,bigram,no_origin,12,unith,Faure,top_four,2S,67,63,69,0.9850746268656716,0.0,0.0,0.0,0.0,0.0,0.0,0.25,0.0037313432835820895,0.0305423610890763,2,0.0,0.9850746268656716,,,,,,,,,,,
dendro,bigram,no_origin,12,unith,Faure,top_four,2S,67,64,70,1.0,0.0,0.0,0.0,0.0,0.0,0.0,0.0,0.0,0.0,1,0.0,1.0,,,,,,,,,,,
dendro,bigram,no_origin,12,unith,Faure,top_four,2S,67,65,71,1.0,0.0,0.0,0.0,0.0,0.0,0.0,0.0,0.0,0.0,1,0.0,1.0,,,,,,,,,,,
dendro,bigram,no_origin,12,unith,Faure,top_four,2S,67,66,84,1.0,0.0,0.0,0.0,0.0,0.0,0.0,0.0,0.0,0.0,1,0.0,1.0,,,,,,,,,,,
dendro,bigram,no_origin,12,unith,Faure,top_four,2S,67,67,85,0.9850746268656716,0.0,0.0,0.0,0.0,0.0,0.0,0.20000000298023224,0.0029850746713467498,0.024433889235354368,2,0.0,0.9850746268656716,,,,,,,,,,,
dendro,bigram,no_origin,12,unith,Faure,top_four,2S,67,68,86,0.9701492537313433,0.0,0.0,0.0,0.0,0.0,0.0,0.3333333432674408,0.008706467809961803,0.05053236957757331,3,0.0,0.9701492537313433,,,,,,,,,,,
dendro,bigram,no_origin,12,unith,Faure,top_four,2S,67,69,87,1.0,0.0,0.0,0.0,0.0,0.0,0.0,0.0,0.0,0.0,1,0.0,1.0,,,,,,,,,,,
dendro,bigram,no_origin,12,unith,Faure,top_four,2S,67,70,88,0.9850746268656716,0.0,0.0,0.0,0.0,0.0,0.0,0.20000000298023224,0.0029850746713467498,0.024433889235354368,2,0.0,0.9850746268656716,,,,,,,,,,,
dendro,bigram,no_origin,12,unith,Faure,top_four,2S,67,71,89,1.0,0.0,0.0,0.0,0.0,0.0,0.0,0.0,0.0,0.0,1,0.0,1.0,,,,,,,,,,,
dendro,bigram,no_origin,12,unith,Faure,top_four,2S,67,72,91,1.0,0.0,0.0,0.0,0.0,0.0,0.0,0.0,0.0,0.0,1,0.0,1.0,,,,,,,,,,,
dendro,bigram,no_origin,12,unith,Faure,top_four,2S,67,73,92,1.0,0.0,0.0,0.0,0.0,0.0,0.0,0.0,0.0,0.0,1,0.0,1.0,,,,,,,,,,,
dendro,bigram,no_origin,12,unith,Faure,top_four,2S,67,74,93,1.0,0.0,0.0,0.0,0.0,0.0,0.0,0.0,0.0,0.0,1,0.0,1.0,,,,,,,,,,,
dendro,bigram,no_origin,12,unith,Faure,top_four,2S,67,75,94,1.0,0.0,0.0,0.0,0.0,0.0,0.0,0.0,0.0,0.0,1,0.0,1.0,,,,,,,,,,,
dendro,bigram,no_origin,12,unith,Faure,top_four,2S,67,76,95,1.0,0.0,0.0,0.0,0.0,0.0,0.0,0.0,0.0,0.0,1,0.0,1.0,,,,,,,,,,,
dendro,bigram,no_origin,12,unith,Faure,top_four,2S,67,77,96,1.0,0.0,0.0,0.0,0.0,0.0,0.0,0.0,0.0,0.0,1,0.0,1.0,,,,,,,,,,,
dendro,bigram,no_origin,12,unith,Faure,top_four,2S,67,78,97,1.0,0.0,0.0,0.0,0.0,0.0,0.0,0.0,0.0,0.0,1,0.0,1.0,,,,,,,,,,,
dendro,bigram,no_origin,12,unith,Faure,top_four,2S,67,79,98,1.0,0.0,0.0,0.0,0.0,0.0,0.0,0.0,0.0,0.0,1,0.0,1.0,,,,,,,,,,,
dendro,bigram,no_origin,12,unith,Faure,top_four,2S,67,80,99,1.0,0.0,0.0,0.0,0.0,0.0,0.0,0.0,0.0,0.0,1,0.0,1.0,,,,,,,,,,,
dendro,bigram,no_origin,12,unith,Faure,top_four,2S,67,81,100,1.0,0.0,0.0,0.0,0.0,0.0,0.0,0.0,0.0,0.0,1,0.0,1.0,,,,,,,,,,,
dendro,bigram,no_origin,12,unith,Faure,top_four,2S,67,82,101,1.0,0.0,0.0,0.0,0.0,0.0,0.0,0.0,0.0,0.0,1,0.0,1.0,,,,,,,,,,,
dendro,bigram,no_origin,12,unith,Faure,top_four,2S,67,83,103,1.0,0.0,0.0,0.0,0.0,0.0,0.0,0.0,0.0,0.0,1,0.0,1.0,,,,,,,,,,,
dendro,bigram,no_origin,12,unith,Faure,top_four,2S,67,84,104,1.0,0.0,0.0,0.0,0.0,0.0,0.0,0.0,0.0,0.0,1,0.0,1.0,,,,,,,,,,,
dendro,bigram,no_origin,12,unith,Faure,top_four,2S,67,85,105,1.0,0.0,0.0,0.0,0.0,0.0,0.0,0.0,0.0,0.0,1,0.0,1.0,,,,,,,,,,,
dendro,bigram,no_origin,12,unith,Faure,top_four,2S,67,86,106,1.0,0.0,0.0,0.0,0.0,0.0,0.0,0.0,0.0,0.0,1,0.0,1.0,,,,,,,,,,,
dendro,bigram,no_origin,12,unith,Faure,top_four,2S,67,87,107,1.0,0.0,0.0,0.0,0.0,0.0,0.0,0.0,0.0,0.0,1,0.0,1.0,,,,,,,,,,,
dendro,bigram,no_origin,12,unith,Faure,top_four,2S,67,88,108,0.9104477611940298,0.0,0.0,0.0,0.0,0.0,0.23500000089406947,0.3333333432674408,0.02213930371981948,0.07238063869087587,4,0.0,0.9104477611940298,,,,,,,,,,,
dendro,bigram,no_origin,12,unith,Faure,top_four,2S,67,89,109,0.9850746268656716,0.0,0.0,0.0,0.0,0.0,0.0,0.5,0.007462686567164179,0.06108472217815259,2,0.0,0.9850746268656716,,,,,,,,,,,
dendro,bigram,no_origin,12,unith,Faure,top_four,2S,67,90,110,0.7611940298507462,0.0,0.0,0.0,0.0,0.0,0.5,0.5,0.08880597152816716,0.16624664599030076,5,0.0,0.7611940298507462,,,,,,,,,,,
dendro,bigram,no_origin,12,unith,Faure,top_four,2S,67,91,111,1.0,0.0,0.0,0.0,0.0,0.0,0.0,0.0,0.0,0.0,1,0.0,1.0,,,,,,,,,,,
dendro,bigram,no_origin,12,unith,Faure,top_four,2S,67,92,112,1.0,0.0,0.0,0.0,0.0,0.0,0.0,0.0,0.0,0.0,1,0.0,1.0,,,,,,,,,,,
dendro,bigram,no_origin,12,unith,Faure,top_four,2S,67,93,113,1.0,0.0,0.0,0.0,0.0,0.0,0.0,0.0,0.0,0.0,1,0.0,1.0,,,,,,,,,,,
dendro,bigram,no_origin,12,unith,Faure,top_four,2S,67,94,115,0.9850746268656716,0.0,0.0,0.0,0.0,0.0,0.0,0.3333333432674408,0.004975124526379713,0.0407231493324128,2,0.0,0.9850746268656716,,,,,,,,,,,
dendro,bigram,no_origin,12,unith,Faure,top_four,2S,67,95,116,1.0,0.0,0.0,0.0,0.0,0.0,0.0,0.0,0.0,0.0,1,0.0,1.0,,,,,,,,,,,
dendro,bigram,no_origin,12,unith,Faure,top_four,2S,67,96,117,1.0,0.0,0.0,0.0,0.0,0.0,0.0,0.0,0.0,0.0,1,0.0,1.0,,,,,,,,,,,
dendro,bigram,no_origin,12,unith,Faure,top_four,2S,67,97,118,0.9850746268656716,0.0,0.0,0.0,0.0,0.0,0.0,0.25,0.0037313432835820895,0.0305423610890763,2,0.0,0.9850746268656716,,,,,,,,,,,
dendro,bigram,no_origin,12,unith,Faure,top_four,2S,67,98,119,1.0,0.0,0.0,0.0,0.0,0.0,0.0,0.0,0.0,0.0,1,0.0,1.0,,,,,,,,,,,
dendro,bigram,no_origin,12,unith,Faure,top_four,2S,67,99,120,0.9850746268656716,0.0,0.0,0.0,0.0,0.0,0.0,0.5,0.007462686567164179,0.061084722178152605,2,0.0,0.9850746268656716,,,,,,,,,,,
dendro,bigram,no_origin,12,unith,Faure,top_four,2S,67,100,121,1.0,0.0,0.0,0.0,0.0,0.0,0.0,0.0,0.0,0.0,1,0.0,1.0,,,,,,,,,,,
dendro,bigram,no_origin,12,unith,Faure,top_four,2S,67,101,122,0.8955223880597015,0.0,0.0,0.0,0.0,0.0,0.25,0.3333333432674408,0.027114428246199196,0.08169273169432643,4,0.0,0.8955223880597015,,,,,,,,,,,
dendro,bigram,no_origin,12,unith,Faure,top_four,2S,67,102,123,1.0,0.0,0.0,0.0,0.0,0.0,0.0,0.0,0.0,0.0,1,0.0,1.0,,,,,,,,,,,
dendro,bigram,no_origin,12,unith,Faure,top_four,2S,67,103,124,1.0,0.0,0.0,0.0,0.0,0.0,0.0,0.0,0.0,0.0,1,0.0,1.0,,,,,,,,,,,
dendro,bigram,no_origin,12,unith,Faure,top_four,2S,67,104,125,0.9850746268656716,0.0,0.0,0.0,0.0,0.0,0.0,0.3333333432674408,0.004975124526379713,0.0407231493324128,2,0.0,0.9850746268656716,,,,,,,,,,,
dendro,bigram,no_origin,12,unith,Faure,top_four,2S,67,105,127,1.0,0.0,0.0,0.0,0.0,0.0,0.0,0.0,0.0,0.0,1,0.0,1.0,,,,,,,,,,,
dendro,bigram,no_origin,12,unith,Faure,top_four,2S,67,106,128,1.0,0.0,0.0,0.0,0.0,0.0,0.0,0.0,0.0,0.0,1,0.0,1.0,,,,,,,,,,,
dendro,bigram,no_origin,12,unith,Faure,top_four,2S,67,107,129,0.9850746268656716,0.0,0.0,0.0,0.0,0.0,0.0,0.25,0.0037313432835820895,0.030542361089076295,2,0.0,0.9850746268656716,,,,,,,,,,,
dendro,bigram,no_origin,12,unith,Faure,top_four,2S,67,108,130,1.0,0.0,0.0,0.0,0.0,0.0,0.0,0.0,0.0,0.0,1,0.0,1.0,,,,,,,,,,,
dendro,bigram,no_origin,12,unith,Faure,top_four,2S,67,109,131,1.0,0.0,0.0,0.0,0.0,0.0,0.0,0.0,0.0,0.0,1,0.0,1.0,,,,,,,,,,,
dendro,bigram,no_origin,12,unith,Faure,top_four,2S,67,110,132,1.0,0.0,0.0,0.0,0.0,0.0,0.0,0.0,0.0,0.0,1,0.0,1.0,,,,,,,,,,,
dendro,bigram,no_origin,12,unith,Faure,top_four,2S,67,111,133,1.0,0.0,0.0,0.0,0.0,0.0,0.0,0.0,0.0,0.0,1,0.0,1.0,,,,,,,,,,,
dendro,bigram,no_origin,12,unith,Faure,top_four,2S,67,112,134,1.0,0.0,0.0,0.0,0.0,0.0,0.0,0.0,0.0,0.0,1,0.0,1.0,,,,,,,,,,,
dendro,bigram,no_origin,12,unith,Faure,top_four,2S,67,113,135,1.0,0.0,0.0,0.0,0.0,0.0,0.0,0.0,0.0,0.0,1,0.0,1.0,,,,,,,,,,,
dendro,bigram,no_origin,12,unith,Faure,top_four,2S,67,114,136,1.0,0.0,0.0,0.0,0.0,0.0,0.0,0.0,0.0,0.0,1,0.0,1.0,,,,,,,,,,,
dendro,bigram,no_origin,12,unith,Faure,top_four,2S,67,115,137,1.0,0.0,0.0,0.0,0.0,0.0,0.0,0.0,0.0,0.0,1,0.0,1.0,,,,,,,,,,,
dendro,bigram,no_origin,12,unith,Faure,top_four,2S,67,116,139,1.0,0.0,0.0,0.0,0.0,0.0,0.0,0.0,0.0,0.0,1,0.0,1.0,,,,,,,,,,,
dendro,bigram,no_origin,12,unith,Faure,top_four,2S,67,117,140,0.9850746268656716,0.0,0.0,0.0,0.0,0.0,0.0,0.5,0.007462686567164179,0.061084722178152605,2,0.0,0.9850746268656716,,,,,,,,,,,
dendro,bigram,no_origin,12,unith,Faure,top_four,2S,67,118,141,1.0,0.0,0.0,0.0,0.0,0.0,0.0,0.0,0.0,0.0,1,0.0,1.0,,,,,,,,,,,
dendro,bigram,no_origin,12,unith,Faure,top_four,2S,67,119,142,1.0,0.0,0.0,0.0,0.0,0.0,0.0,0.0,0.0,0.0,1,0.0,1.0,,,,,,,,,,,
dendro,bigram,no_origin,12,unith,Faure,top_four,2S,67,120,143,1.0,0.0,0.0,0.0,0.0,0.0,0.0,0.0,0.0,0.0,1,0.0,1.0,,,,,,,,,,,
dendro,bigram,no_origin,12,unith,Faure,top_four,2S,67,__vector__,__vector__,0.986061428395214,,,,,,,,,,,,,1.6865671641791045,,,,,,,,,,
dendro,bigram,no_origin,12,unith,Faure,top_four,3H,172,0,0,1.0,0.0,0.0,0.0,0.0,0.0,0.0,0.0,0.0,0.0,1,0.0,1.0,,,,,,,,,,,
dendro,bigram,no_origin,12,unith,Faure,top_four,3H,172,1,1,0.9476744186046512,0.0,0.0,0.0,0.0,0.0,0.09000000134110224,0.3333333432674408,0.014922480943591096,0.06499008272528778,4,0.0,0.9476744186046512,,,,,,,,,,,
dendro,bigram,no_origin,12,unith,Faure,top_four,3H,172,2,2,0.9825581395348837,0.0,0.0,0.0,0.0,0.0,0.0,0.3333333432674408,0.005329457479853963,0.040453344676892204,3,0.0,0.9825581395348837,,,,,,,,,,,
dendro,bigram,no_origin,12,unith,Faure,top_four,3H,172,3,3,1.0,0.0,0.0,0.0,0.0,0.0,0.0,0.0,0.0,0.0,1,0.0,1.0,,,,,,,,,,,
dendro,bigram,no_origin,12,unith,Faure,top_four,3H,172,4,4,0.9941860465116279,0.0,0.0,0.0,0.0,0.0,0.0,0.5,0.0029069767441860465,0.03812464258315115,2,0.0,0.9941860465116279,,,,,,,,,,,
dendro,bigram,no_origin,12,unith,Faure,top_four,3H,172,5,5,1.0,0.0,0.0,0.0,0.0,0.0,0.0,0.0,0.0,0.0,1,0.0,1.0,,,,,,,,,,,
dendro,bigram,no_origin,12,unith,Faure,top_four,3H,172,6,7,1.0,0.0,0.0,0.0,0.0,0.0,0.0,0.0,0.0,0.0,1,0.0,1.0,,,,,,,,,,,
dendro,bigram,no_origin,12,unith,Faure,top_four,3H,172,7,8,1.0,0.0,0.0,0.0,0.0,0.0,0.0,0.0,0.0,0.0,1,0.0,1.0,,,,,,,,,,,
dendro,bigram,no_origin,12,unith,Faure,top_four,3H,172,8,9,0.9186046511627907,0.0,0.0,0.0,0.0,0.0,0.25,0.5,0.02383720970084501,0.08338363915180677,5,0.0,0.9186046511627907,,,,,,,,,,,
dendro,bigram,no_origin,12,unith,Faure,top_four,3H,172,9,10,0.9941860465116279,0.0,0.0,0.0,0.0,0.0,0.0,0.25,0.0014534883720930232,0.019062321291575576,2,0.0,0.9941860465116279,,,,,,,,,,,
dendro,bigram,no_origin,12,unith,Faure,top_four,3H,172,10,11,1.0,0.0,0.0,0.0,0.0,0.0,0.0,0.0,0.0,0.0,1,0.0,1.0,,,,,,,,,,,
dendro,bigram,no_origin,12,unith,Faure,top_four,3H,172,11,12,0.9883720930232558,0.0,0.0,0.0,0.0,0.0,0.0,0.3333333432674408,0.0038759691077609394,0.03583900452760005,2,0.0,0.9883720930232558,,,,,,,,,,,
dendro,bigram,no_origin,12,unith,Faure,top_four,3H,172,12,13,1.0,0.0,0.0,0.0,0.0,0.0,0.0,0.0,0.0,0.0,1,0.0,1.0,,,,,,,,,,,
dendro,bigram,no_origin,12,unith,Faure,top_four,3H,172,13,14,0.8488372093023255,0.0,0.0,0.0,0.0,0.0,0.3333333432674408,0.5,0.04864341176526491,0.11975758475604684,6,0.0,0.8488372093023255,,,,,,,,,,,
dendro,bigram,no_origin,12,unith,Faure,top_four,3H,172,14,15,0.9941860465116279,0.0,0.0,0.0,0.0,0.0,0.0,0.3333333432674408,0.0019379845538804697,0.025416429146236038,2,0.0,0.9941860465116279,,,,,,,,,,,
dendro,bigram,no_origin,12,unith,Faure,top_four,3H,172,15,16,1.0,0.0,0.0,0.0,0.0,0.0,0.0,0.0,0.0,0.0,1,0.0,1.0,,,,,,,,,,,
dendro,bigram,no_origin,12,unith,Faure,top_four,3H,172,16,17,0.9825581395348837,0.0,0.0,0.0,0.0,0.0,0.0,0.5,0.006782945851946986,0.052108119632280556,3,0.0,0.9825581395348837,,,,,,,,,,,
dendro,bigram,no_origin,12,unith,Faure,top_four,3H,172,17,19,0.9302325581395349,0.0,0.0,0.0,0.0,0.0,0.22250000163912717,0.5,0.020445736774871517,0.07802963712161343,5,0.0,0.9302325581395349,,,,,,,,,,,
dendro,bigram,no_origin,12,unith,Faure,top_four,3H,172,18,20,1.0,0.0,0.0,0.0,0.0,0.0,0.0,0.0,0.0,0.0,1,0.0,1.0,,,,,,,,,,,
dendro,bigram,no_origin,12,unith,Faure,top_four,3H,172,19,21,0.9651162790697675,0.0,0.0,0.0,0.0,0.0,0.0,0.5,0.011627907150013501,0.0632953505011101,4,0.0,0.9651162790697675,,,,,,,,,,,
dendro,bigram,no_origin,12,unith,Faure,top_four,3H,172,20,22,0.9593023255813954,0.0,0.0,0.0,0.0,0.0,0.0,0.3333333432674408,0.01133720949292183,0.056128809435093664,4,0.0,0.9593023255813954,,,,,,,,,,,
dendro,bigram,no_origin,12,unith,Faure,top_four,3H,172,21,23,0.9883720930232558,0.0,0.0,0.0,0.0,0.0,0.0,0.5,0.004844961298066516,0.045696279932107293,3,0.0,0.9883720930232558,,,,,,,,,,,
dendro,bigram,no_origin,12,unith,Faure,top_four,3H,172,22,24,0.7616279069767442,0.0,0.0,0.0,0.0,0.0,0.3333333432674408,0.3333333432674408,0.06647286953967671,0.12235490639782023,5,0.0,0.7616279069767442,,,,,,,,,,,
dendro,bigram,no_origin,12,unith,Faure,top_four,3H,172,23,25,0.9302325581395349,0.0,0.0,0.0,0.0,0.0,0.25,1.0,0.025387597118699274,0.10923048111485777,7,0.0,0.9302325581395349,,,,,,,,,,,
dendro,bigram,no_origin,12,unith,Faure,top_four,3H,172,24,26,1.0,0.0,0.0,0.0,0.0,0.0,0.0,0.0,0.0,0.0,1,0.0,1.0,,,,,,,,,,,
dendro,bigram,no_origin,12,unith,Faure,top_four,3H,172,25,27,0.9883720930232558,0.0,0.0,0.0,0.0,0.0,0.0,0.25,0.0029069767441860465,0.026879252594635878,2,0.0,0.9883720930232558,,,,,,,,,,,
dendro,bigram,no_origin,12,unith,Faure,top_four,3H,172,26,28,1.0,0.0,0.0,0.0,0.0,0.0,0.0,0.0,0.0,0.0,1,0.0,1.0,,,,,,,,,,,
dendro,bigram,no_origin,12,unith,Faure,top_four,3H,172,27,29,0.9593023255813954,0.0,0.0,0.0,0.0,0.0,0.0,0.3333333432674408,0.01133720949292183,0.056128809435093664,4,0.0,0.9593023255813954,,,,,,,,,,,
dendro,bigram,no_origin,12,unith,Faure,top_four,3H,172,28,31,0.9941860465116279,0.0,0.0,0.0,0.0,0.0,0.0,0.3333333432674408,0.0019379845538804697,0.025416429146236034,2,0.0,0.9941860465116279,,,,,,,,,,,
dendro,bigram,no_origin,12,unith,Faure,top_four,3H,172,29,32,1.0,0.0,0.0,0.0,0.0,0.0,0.0,0.0,0.0,0.0,1,0.0,1.0,,,,,,,,,,,
dendro,bigram,no_origin,12,unith,Faure,top_four,3H,172,30,33,0.8081395348837209,0.0,0.0,0.0,0.0,0.0,0.3333333432674408,0.5,0.06773255921380464,0.14516406919015637,5,0.0,0.8081395348837209,,,,,,,,,,,
dendro,bigram,no_origin,12,unith,Faure,top_four,3H,172,31,34,0.9709302325581395,0.0,0.0,0.0,0.0,0.0,0.0,0.3333333432674408,0.0077519380422525624,0.04529146675287444,3,0.0,0.9709302325581395,,,,,,,,,,,
dendro,bigram,no_origin,12,unith,Faure,top_four,3H,172,32,35,1.0,0.0,0.0,0.0,0.0,0.0,0.0,0.0,0.0,0.0,1,0.0,1.0,,,,,,,,,,,
dendro,bigram,no_origin,12,unith,Faure,top_four,3H,172,33,36,0.9883720930232558,0.0,0.0,0.0,0.0,0.0,0.0,0.3333333432674408,0.003391472925973493,0.031681230122366115,3,0.0,0.9883720930232558,,,,,,,,,,,
dendro,bigram,no_origin,12,unith,Faure,top_four,3H,172,34,37,1.0,0.0,0.0,0.0,0.0,0.0,0.0,0.0,0.0,0.0,1,0.0,1.0,,,,,,,,,,,
dendro,bigram,no_origin,12,unith,Faure,top_four,3H,172,35,38,1.0,0.0,0.0,0.0,0.0,0.0,0.0,0.0,0.0,0.0,1,0.0,1.0,,,,,,,,,,,
dendro,bigram,no_origin,12,unith,Faure,top_four,3H,172,36,39,1.0,0.0,0.0,0.0,0.0,0.0,0.0,0.0,0.0,0.0,1,0.0,1.0,,,,,,,,,,,
dendro,bigram,no_origin,12,unith,Faure,top_four,3H,172,37,40,1.0,0.0,0.0,0.0,0.0,0.0,0.0,0.0,0.0,0.0,1,0.0,1.0,,,,,,,,,,,
dendro,bigram,no_origin,12,unith,Faure,top_four,3H,172,38,41,1.0,0.0,0.0,0.0,0.0,0.0,0.0,0.0,0.0,0.0,1,0.0,1.0,,,,,,,,,,,
dendro,bigram,no_origin,12,unith,Faure,top_four,3H,172,39,43,1.0,0.0,0.0,0.0,0.0,0.0,0.0,0.0,0.0,0.0,1,0.0,1.0,,,,,,,,,,,
dendro,bigram,no_origin,12,unith,Faure,top_four,3H,172,40,44,1.0,0.0,0.0,0.0,0.0,0.0,0.0,0.0,0.0,0.0,1,0.0,1.0,,,,,,,,,,,
dendro,bigram,no_origin,12,unith,Faure,top_four,3H,172,41,45,0.9883720930232558,0.0,0.0,0.0,0.0,0.0,0.0,0.3333333432674408,0.003391472925973493,0.03168123012236613,3,0.0,0.9883720930232558,,,,,,,,,,,
dendro,bigram,no_origin,12,unith,Faure,top_four,3H,172,42,46,0.9941860465116279,0.0,0.0,0.0,0.0,0.0,0.0,0.5,0.0029069767441860465,0.03812464258315115,2,0.0,0.9941860465116279,,,,,,,,,,,
dendro,bigram,no_origin,12,unith,Faure,top_four,3H,172,43,47,1.0,0.0,0.0,0.0,0.0,0.0,0.0,0.0,0.0,0.0,1,0.0,1.0,,,,,,,,,,,
dendro,bigram,no_origin,12,unith,Faure,top_four,3H,172,44,48,1.0,0.0,0.0,0.0,0.0,0.0,0.0,0.0,0.0,0.0,1,0.0,1.0,,,,,,,,,,,
dendro,bigram,no_origin,12,unith,Faure,top_four,3H,172,45,49,1.0,0.0,0.0,0.0,0.0,0.0,0.0,0.0,0.0,0.0,1,0.0,1.0,,,,,,,,,,,
dendro,bigram,no_origin,12,unith,Faure,top_four,3H,172,46,50,1.0,0.0,0.0,0.0,0.0,0.0,0.0,0.0,0.0,0.0,1,0.0,1.0,,,,,,,,,,,
dendro,bigram,no_origin,12,unith,Faure,top_four,3H,172,47,51,1.0,0.0,0.0,0.0,0.0,0.0,0.0,0.0,0.0,0.0,1,0.0,1.0,,,,,,,,,,,
dendro,bigram,no_origin,12,unith,Faure,top_four,3H,172,48,52,1.0,0.0,0.0,0.0,0.0,0.0,0.0,0.0,0.0,0.0,1,0.0,1.0,,,,,,,,,,,
dendro,bigram,no_origin,12,unith,Faure,top_four,3H,172,49,53,1.0,0.0,0.0,0.0,0.0,0.0,0.0,0.0,0.0,0.0,1,0.0,1.0,,,,,,,,,,,
dendro,bigram,no_origin,12,unith,Faure,top_four,3H,172,50,55,1.0,0.0,0.0,0.0,0.0,0.0,0.0,0.0,0.0,0.0,1,0.0,1.0,,,,,,,,,,,
dendro,bigram,no_origin,12,unith,Faure,top_four,3H,172,51,56,1.0,0.0,0.0,0.0,0.0,0.0,0.0,0.0,0.0,0.0,1,0.0,1.0,,,,,,,,,,,
dendro,bigram,no_origin,12,unith,Faure,top_four,3H,172,52,57,0.9883720930232558,0.0,0.0,0.0,0.0,0.0,0.0,0.3333333432674408,0.00310077526888182,0.029563824511413983,3,0.0,0.9883720930232558,,,,,,,,,,,
dendro,bigram,no_origin,12,unith,Faure,top_four,3H,172,53,58,0.9941860465116279,0.0,0.0,0.0,0.0,0.0,0.0,0.25,0.0014534883720930232,0.019062321291575583,2,0.0,0.9941860465116279,,,,,,,,,,,
dendro,bigram,no_origin,12,unith,Faure,top_four,3H,172,54,59,1.0,0.0,0.0,0.0,0.0,0.0,0.0,0.0,0.0,0.0,1,0.0,1.0,,,,,,,,,,,
dendro,bigram,no_origin,12,unith,Faure,top_four,3H,172,55,60,0.9593023255813954,0.0,0.0,0.0,0.0,0.0,0.0,0.3333333432674408,0.011143410968226056,0.054791685825653795,3,0.0,0.9593023255813954,,,,,,,,,,,
dendro,bigram,no_origin,12,unith,Faure,top_four,3H,172,56,61,0.9883720930232558,0.0,0.0,0.0,0.0,0.0,0.0,0.3333333432674408,0.0038759691077609394,0.03583900452760004,2,0.0,0.9883720930232558,,,,,,,,,,,
dendro,bigram,no_origin,12,unith,Faure,top_four,3H,172,57,62,0.9825581395348837,0.0,0.0,0.0,0.0,0.0,0.0,0.3333333432674408,0.00503875982276229,0.0388320202597775,3,0.0,0.9825581395348837,,,,,,,,,,,
dendro,bigram,no_origin,12,unith,Faure,top_four,3H,172,58,63,0.9883720930232558,0.0,0.0,0.0,0.0,0.0,0.0,0.5,0.004844961298066516,0.045696279932107293,3,0.0,0.9883720930232558,,,,,,,,,,,
dendro,bigram,no_origin,12,unith,Faure,top_four,3H,172,59,64,1.0,0.0,0.0,0.0,0.0,0.0,0.0,0.0,0.0,0.0,1,0.0,1.0,,,,,,,,,,,
dendro,bigram,no_origin,12,unith,Faure,top_four,3H,172,60,65,1.0,0.0,0.0,0.0,0.0,0.0,0.0,0.0,0.0,0.0,1,0.0,1.0,,,,,,,,,,,
dendro,bigram,no_origin,12,unith,Faure,top_four,3H,172,61,67,1.0,0.0,0.0,0.0,0.0,0.0,0.0,0.0,0.0,0.0,1,0.0,1.0,,,,,,,,,,,
dendro,bigram,no_origin,12,unith,Faure,top_four,3H,172,62,68,1.0,0.0,0.0,0.0,0.0,0.0,0.0,0.0,0.0,0.0,1,0.0,1.0,,,,,,,,,,,
dendro,bigram,no_origin,12,unith,Faure,top_four,3H,172,63,69,0.9825581395348837,0.0,0.0,0.0,0.0,0.0,0.0,0.5,0.006298449670159539,0.04936958111179038,4,0.0,0.9825581395348837,,,,,,,,,,,
dendro,bigram,no_origin,12,unith,Faure,top_four,3H,172,64,70,1.0,0.0,0.0,0.0,0.0,0.0,0.0,0.0,0.0,0.0,1,0.0,1.0,,,,,,,,,,,
dendro,bigram,no_origin,12,unith,Faure,top_four,3H,172,65,71,1.0,0.0,0.0,0.0,0.0,0.0,0.0,0.0,0.0,0.0,1,0.0,1.0,,,,,,,,,,,
dendro,bigram,no_origin,12,unith,Faure,top_four,3H,172,66,84,0.9883720930232558,0.0,0.0,0.0,0.0,0.0,0.0,0.3333333432674408,0.0038759691077609394,0.03583900452760004,2,0.0,0.9883720930232558,,,,,,,,,,,
dendro,bigram,no_origin,12,unith,Faure,top_four,3H,172,67,85,0.9883720930232558,0.0,0.0,0.0,0.0,0.0,0.0,0.3333333432674408,0.0038759691077609394,0.03583900452760005,2,0.0,0.9883720930232558,,,,,,,,,,,
dendro,bigram,no_origin,12,unith,Faure,top_four,3H,172,68,86,0.9941860465116279,0.0,0.0,0.0,0.0,0.0,0.0,0.5,0.0029069767441860465,0.03812464258315116,2,0.0,0.9941860465116279,,,,,,,,,,,
dendro,bigram,no_origin,12,unith,Faure,top_four,3H,172,69,87,1.0,0.0,0.0,0.0,0.0,0.0,0.0,0.0,0.0,0.0,1,0.0,1.0,,,,,,,,,,,
dendro,bigram,no_origin,12,unith,Faure,top_four,3H,172,70,88,0.9767441860465116,0.0,0.0,0.0,0.0,0.0,0.0,0.3333333432674408,0.0069767443766427595,0.04619822918259878,3,0.0,0.9767441860465116,,,,,,,,,,,
dendro,bigram,no_origin,12,unith,Faure,top_four,3H,172,71,89,0.9941860465116279,0.0,0.0,0.0,0.0,0.0,0.0,0.3333333432674408,0.0019379845538804697,0.02541642914623603,2,0.0,0.9941860465116279,,,,,,,,,,,
dendro,bigram,no_origin,12,unith,Faure,top_four,3H,172,72,91,1.0,0.0,0.0,0.0,0.0,0.0,0.0,0.0,0.0,0.0,1,0.0,1.0,,,,,,,,,,,
dendro,bigram,no_origin,12,unith,Faure,top_four,3H,172,73,92,1.0,0.0,0.0,0.0,0.0,0.0,0.0,0.0,0.0,0.0,1,0.0,1.0,,,,,,,,,,,
dendro,bigram,no_origin,12,unith,Faure,top_four,3H,172,74,93,0.9825581395348837,0.0,0.0,0.0,0.0,0.0,0.0,0.25,0.00436046511627907,0.03282325975690031,2,0.0,0.9825581395348837,,,,,,,,,,,
dendro,bigram,no_origin,12,unith,Faure,top_four,3H,172,75,94,0.9883720930232558,0.0,0.0,0.0,0.0,0.0,0.0,0.25,0.0026162790870943734,0.024341944594424476,3,0.0,0.9883720930232558,,,,,,,,,,,
dendro,bigram,no_origin,12,unith,Faure,top_four,3H,172,76,95,0.9883720930232558,0.0,0.0,0.0,0.0,0.0,0.0,0.25,0.0026162790870943734,0.024341944594424472,3,0.0,0.9883720930232558,,,,,,,,,,,
dendro,bigram,no_origin,12,unith,Faure,top_four,3H,172,77,96,1.0,0.0,0.0,0.0,0.0,0.0,0.0,0.0,0.0,0.0,1,0.0,1.0,,,,,,,,,,,
dendro,bigram,no_origin,12,unith,Faure,top_four,3H,172,78,97,1.0,0.0,0.0,0.0,0.0,0.0,0.0,0.0,0.0,0.0,1,0.0,1.0,,,,,,,,,,,
dendro,bigram,no_origin,12,unith,Faure,top_four,3H,172,79,98,1.0,0.0,0.0,0.0,0.0,0.0,0.0,0.0,0.0,0.0,1,0.0,1.0,,,,,,,,,,,
dendro,bigram,no_origin,12,unith,Faure,top_four,3H,172,80,99,1.0,0.0,0.0,0.0,0.0,0.0,0.0,0.0,0.0,0.0,1,0.0,1.0,,,,,,,,,,,
dendro,bigram,no_origin,12,unith,Faure,top_four,3H,172,81,100,1.0,0.0,0.0,0.0,0.0,0.0,0.0,0.0,0.0,0.0,1,0.0,1.0,,,,,,,,,,,
dendro,bigram,no_origin,12,unith,Faure,top_four,3H,172,82,101,1.0,0.0,0.0,0.0,0.0,0.0,0.0,0.0,0.0,0.0,1,0.0,1.0,,,,,,,,,,,
dendro,bigram,no_origin,12,unith,Faure,top_four,3H,172,83,103,1.0,0.0,0.0,0.0,0.0,0.0,0.0,0.0,0.0,0.0,1,0.0,1.0,,,,,,,,,,,
dendro,bigram,no_origin,12,unith,Faure,top_four,3H,172,84,104,1.0,0.0,0.0,0.0,0.0,0.0,0.0,0.0,0.0,0.0,1,0.0,1.0,,,,,,,,,,,
dendro,bigram,no_origin,12,unith,Faure,top_four,3H,172,85,105,1.0,0.0,0.0,0.0,0.0,0.0,0.0,0.0,0.0,0.0,1,0.0,1.0,,,,,,,,,,,
dendro,bigram,no_origin,12,unith,Faure,top_four,3H,172,86,106,1.0,0.0,0.0,0.0,0.0,0.0,0.0,0.0,0.0,0.0,1,0.0,1.0,,,,,,,,,,,
dendro,bigram,no_origin,12,unith,Faure,top_four,3H,172,87,107,1.0,0.0,0.0,0.0,0.0,0.0,0.0,0.0,0.0,0.0,1,0.0,1.0,,,,,,,,,,,
dendro,bigram,no_origin,12,unith,Faure,top_four,3H,172,88,108,0.9069767441860465,0.0,0.0,0.0,0.0,0.0,0.25,1.0,0.03333333359901295,0.11990086936562078,6,0.0,0.9069767441860465,,,,,,,,,,,
dendro,bigram,no_origin,12,unith,Faure,top_four,3H,172,89,109,0.9593023255813954,0.0,0.0,0.0,0.0,0.0,0.0,1.0,0.01792635682017304,0.09975618044123082,5,0.0,0.9593023255813954,,,,,,,,,,,
dendro,bigram,no_origin,12,unith,Faure,top_four,3H,172,90,110,0.8197674418604651,0.0,0.0,0.0,0.0,0.0,0.40833333879709055,0.5,0.06608527231701584,0.1466531040241639,5,0.0,0.8197674418604651,,,,,,,,,,,
dendro,bigram,no_origin,12,unith,Faure,top_four,3H,172,91,111,1.0,0.0,0.0,0.0,0.0,0.0,0.0,0.0,0.0,0.0,1,0.0,1.0,,,,,,,,,,,
dendro,bigram,no_origin,12,unith,Faure,top_four,3H,172,92,112,0.9941860465116279,0.0,0.0,0.0,0.0,0.0,0.0,0.3333333432674408,0.0019379845538804697,0.02541642914623603,2,0.0,0.9941860465116279,,,,,,,,,,,
dendro,bigram,no_origin,12,unith,Faure,top_four,3H,172,93,113,0.9941860465116279,0.0,0.0,0.0,0.0,0.0,0.0,0.25,0.0014534883720930232,0.019062321291575583,2,0.0,0.9941860465116279,,,,,,,,,,,
dendro,bigram,no_origin,12,unith,Faure,top_four,3H,172,94,115,0.9651162790697675,0.0,0.0,0.0,0.0,0.0,0.0,0.3333333432674408,0.00862403110016224,0.046252473123849634,4,0.0,0.9651162790697675,,,,,,,,,,,
dendro,bigram,no_origin,12,unith,Faure,top_four,3H,172,95,116,1.0,0.0,0.0,0.0,0.0,0.0,0.0,0.0,0.0,0.0,1,0.0,1.0,,,,,,,,,,,
dendro,bigram,no_origin,12,unith,Faure,top_four,3H,172,96,117,1.0,0.0,0.0,0.0,0.0,0.0,0.0,0.0,0.0,0.0,1,0.0,1.0,,,,,,,,,,,
dendro,bigram,no_origin,12,unith,Faure,top_four,3H,172,97,118,0.9593023255813954,0.0,0.0,0.0,0.0,0.0,0.0,0.3333333432674408,0.011821705674709276,0.05851010825935991,4,0.0,0.9593023255813954,,,,,,,,,,,
dendro,bigram,no_origin,12,unith,Faure,top_four,3H,172,98,119,1.0,0.0,0.0,0.0,0.0,0.0,0.0,0.0,0.0,0.0,1,0.0,1.0,,,,,,,,,,,
dendro,bigram,no_origin,12,unith,Faure,top_four,3H,172,99,120,0.9883720930232558,0.0,0.0,0.0,0.0,0.0,0.0,0.25,0.0029069767441860465,0.026879252594635878,2,0.0,0.9883720930232558,,,,,,,,,,,
dendro,bigram,no_origin,12,unith,Faure,top_four,3H,172,100,121,0.9941860465116279,0.0,0.0,0.0,0.0,0.0,0.0,0.25,0.0014534883720930232,0.019062321291575576,2,0.0,0.9941860465116279,,,,,,,,,,,
dendro,bigram,no_origin,12,unith,Faure,top_four,3H,172,101,122,0.877906976744186,0.0,0.0,0.0,0.0,0.0,0.25,0.3333333432674408,0.03352713229697804,0.0917837894896554,4,0.0,0.877906976744186,,,,,,,,,,,
dendro,bigram,no_origin,12,unith,Faure,top_four,3H,172,102,123,1.0,0.0,0.0,0.0,0.0,0.0,0.0,0.0,0.0,0.0,1,0.0,1.0,,,,,,,,,,,
dendro,bigram,no_origin,12,unith,Faure,top_four,3H,172,103,124,1.0,0.0,0.0,0.0,0.0,0.0,0.0,0.0,0.0,0.0,1,0.0,1.0,,,,,,,,,,,
dendro,bigram,no_origin,12,unith,Faure,top_four,3H,172,104,125,0.9709302325581395,0.0,0.0,0.0,0.0,0.0,0.0,0.5,0.010658914786438609,0.06473381275468958,4,0.0,0.9709302325581395,,,,,,,,,,,
dendro,bigram,no_origin,12,unith,Faure,top_four,3H,172,105,127,1.0,0.0,0.0,0.0,0.0,0.0,0.0,0.0,0.0,0.0,1,0.0,1.0,,,,,,,,,,,
dendro,bigram,no_origin,12,unith,Faure,top_four,3H,172,106,128,1.0,0.0,0.0,0.0,0.0,0.0,0.0,0.0,0.0,0.0,1,0.0,1.0,,,,,,,,,,,
dendro,bigram,no_origin,12,unith,Faure,top_four,3H,172,107,129,0.9941860465116279,0.0,0.0,0.0,0.0,0.0,0.0,0.25,0.0014534883720930232,0.019062321291575583,2,0.0,0.9941860465116279,,,,,,,,,,,
dendro,bigram,no_origin,12,unith,Faure,top_four,3H,172,108,130,1.0,0.0,0.0,0.0,0.0,0.0,0.0,0.0,0.0,0.0,1,0.0,1.0,,,,,,,,,,,
dendro,bigram,no_origin,12,unith,Faure,top_four,3H,172,109,131,0.9883720930232558,0.0,0.0,0.0,0.0,0.0,0.0,0.25,0.0029069767441860465,0.026879252594635878,2,0.0,0.9883720930232558,,,,,,,,,,,
dendro,bigram,no_origin,12,unith,Faure,top_four,3H,172,110,132,1.0,0.0,0.0,0.0,0.0,0.0,0.0,0.0,0.0,0.0,1,0.0,1.0,,,,,,,,,,,
dendro,bigram,no_origin,12,unith,Faure,top_four,3H,172,111,133,0.9941860465116279,0.0,0.0,0.0,0.0,0.0,0.0,0.3333333432674408,0.0019379845538804697,0.025416429146236034,2,0.0,0.9941860465116279,,,,,,,,,,,
dendro,bigram,no_origin,12,unith,Faure,top_four,3H,172,112,134,0.9883720930232558,0.0,0.0,0.0,0.0,0.0,0.0,0.25,0.0026162790870943734,0.024341944594424472,3,0.0,0.9883720930232558,,,,,,,,,,,
dendro,bigram,no_origin,12,unith,Faure,top_four,3H,172,113,135,1.0,0.0,0.0,0.0,0.0,0.0,0.0,0.0,0.0,0.0,1,0.0,1.0,,,,,,,,,,,
dendro,bigram,no_origin,12,unith,Faure,top_four,3H,172,114,136,1.0,0.0,0.0,0.0,0.0,0.0,0.0,0.0,0.0,0.0,1,0.0,1.0,,,,,,,,,,,
dendro,bigram,no_origin,12,unith,Faure,top_four,3H,172,115,137,1.0,0.0,0.0,0.0,0.0,0.0,0.0,0.0,0.0,0.0,1,0.0,1.0,,,,,,,,,,,
dendro,bigram,no_origin,12,unith,Faure,top_four,3H,172,116,139,0.9941860465116279,0.0,0.0,0.0,0.0,0.0,0.0,0.25,0.0014534883720930232,0.019062321291575583,2,0.0,0.9941860465116279,,,,,,,,,,,
dendro,bigram,no_origin,12,unith,Faure,top_four,3H,172,117,140,1.0,0.0,0.0,0.0,0.0,0.0,0.0,0.0,0.0,0.0,1,0.0,1.0,,,,,,,,,,,
dendro,bigram,no_origin,12,unith,Faure,top_four,3H,172,118,141,0.9941860465116279,0.0,0.0,0.0,0.0,0.0,0.0,0.3333333432674408,0.0019379845538804697,0.025416429146236034,2,0.0,0.9941860465116279,,,,,,,,,,,
dendro,bigram,no_origin,12,unith,Faure,top_four,3H,172,119,142,1.0,0.0,0.0,0.0,0.0,0.0,0.0,0.0,0.0,0.0,1,0.0,1.0,,,,,,,,,,,
dendro,bigram,no_origin,12,unith,Faure,top_four,3H,172,120,143,1.0,0.0,0.0,0.0,0.0,0.0,0.0,0.0,0.0,0.0,1,0.0,1.0,,,,,,,,,,,
dendro,bigram,no_origin,12,unith,Faure,top_four,3H,172,__vector__,__vector__,0.9838554679992312,,,,,,,,,,,,,1.9534883720930232,,,,,,,,,,
dendro,bigram,no_origin,12,unith,Faure,top_four,3S,22,0,0,1.0,0.0,0.0,0.0,0.0,0.0,0.0,0.0,0.0,0.0,1,0.0,1.0,,,,,,,,,,,
dendro,bigram,no_origin,12,unith,Faure,top_four,3S,22,1,1,1.0,0.0,0.0,0.0,0.0,0.0,0.0,0.0,0.0,0.0,1,0.0,1.0,,,,,,,,,,,
dendro,bigram,no_origin,12,unith,Faure,top_four,3S,22,2,2,1.0,0.0,0.0,0.0,0.0,0.0,0.0,0.0,0.0,0.0,1,0.0,1.0,,,,,,,,,,,
dendro,bigram,no_origin,12,unith,Faure,top_four,3S,22,3,3,1.0,0.0,0.0,0.0,0.0,0.0,0.0,0.0,0.0,0.0,1,0.0,1.0,,,,,,,,,,,
dendro,bigram,no_origin,12,unith,Faure,top_four,3S,22,4,4,1.0,0.0,0.0,0.0,0.0,0.0,0.0,0.0,0.0,0.0,1,0.0,1.0,,,,,,,,,,,
dendro,bigram,no_origin,12,unith,Faure,top_four,3S,22,5,5,1.0,0.0,0.0,0.0,0.0,0.0,0.0,0.0,0.0,0.0,1,0.0,1.0,,,,,,,,,,,
dendro,bigram,no_origin,12,unith,Faure,top_four,3S,22,6,7,1.0,0.0,0.0,0.0,0.0,0.0,0.0,0.0,0.0,0.0,1,0.0,1.0,,,,,,,,,,,
dendro,bigram,no_origin,12,unith,Faure,top_four,3S,22,7,8,1.0,0.0,0.0,0.0,0.0,0.0,0.0,0.0,0.0,0.0,1,0.0,1.0,,,,,,,,,,,
dendro,bigram,no_origin,12,unith,Faure,top_four,3S,22,8,9,1.0,0.0,0.0,0.0,0.0,0.0,0.0,0.0,0.0,0.0,1,0.0,1.0,,,,,,,,,,,
dendro,bigram,no_origin,12,unith,Faure,top_four,3S,22,9,10,1.0,0.0,0.0,0.0,0.0,0.0,0.0,0.0,0.0,0.0,1,0.0,1.0,,,,,,,,,,,
dendro,bigram,no_origin,12,unith,Faure,top_four,3S,22,10,11,1.0,0.0,0.0,0.0,0.0,0.0,0.0,0.0,0.0,0.0,1,0.0,1.0,,,,,,,,,,,
dendro,bigram,no_origin,12,unith,Faure,top_four,3S,22,11,12,0.9545454545454546,0.0,0.0,0.0,0.0,0.0,0.0,0.5,0.022727272727272728,0.10660035817780525,2,0.0,0.9545454545454546,,,,,,,,,,,
dendro,bigram,no_origin,12,unith,Faure,top_four,3S,22,12,13,1.0,0.0,0.0,0.0,0.0,0.0,0.0,0.0,0.0,0.0,1,0.0,1.0,,,,,,,,,,,
dendro,bigram,no_origin,12,unith,Faure,top_four,3S,22,13,14,0.9090909090909091,0.0,0.0,0.0,0.0,0.0,0.23749999999999982,0.3333333432674408,0.026515151966701855,0.08677939888560039,3,0.0,0.9090909090909091,,,,,,,,,,,
dendro,bigram,no_origin,12,unith,Faure,top_four,3S,22,14,15,1.0,0.0,0.0,0.0,0.0,0.0,0.0,0.0,0.0,0.0,1,0.0,1.0,,,,,,,,,,,
dendro,bigram,no_origin,12,unith,Faure,top_four,3S,22,15,16,1.0,0.0,0.0,0.0,0.0,0.0,0.0,0.0,0.0,0.0,1,0.0,1.0,,,,,,,,,,,
dendro,bigram,no_origin,12,unith,Faure,top_four,3S,22,16,17,1.0,0.0,0.0,0.0,0.0,0.0,0.0,0.0,0.0,0.0,1,0.0,1.0,,,,,,,,,,,
dendro,bigram,no_origin,12,unith,Faure,top_four,3S,22,17,19,0.7727272727272727,0.0,0.0,0.0,0.0,0.0,0.24750000014901158,0.3333333432674408,0.05378787964582443,0.10464500747553879,4,0.0,0.7727272727272727,,,,,,,,,,,
dendro,bigram,no_origin,12,unith,Faure,top_four,3S,22,18,20,1.0,0.0,0.0,0.0,0.0,0.0,0.0,0.0,0.0,0.0,1,0.0,1.0,,,,,,,,,,,
dendro,bigram,no_origin,12,unith,Faure,top_four,3S,22,19,21,1.0,0.0,0.0,0.0,0.0,0.0,0.0,0.0,0.0,0.0,1,0.0,1.0,,,,,,,,,,,
dendro,bigram,no_origin,12,unith,Faure,top_four,3S,22,20,22,1.0,0.0,0.0,0.0,0.0,0.0,0.0,0.0,0.0,0.0,1,0.0,1.0,,,,,,,,,,,
dendro,bigram,no_origin,12,unith,Faure,top_four,3S,22,21,23,1.0,0.0,0.0,0.0,0.0,0.0,0.0,0.0,0.0,0.0,1,0.0,1.0,,,,,,,,,,,
dendro,bigram,no_origin,12,unith,Faure,top_four,3S,22,22,24,0.9090909090909091,0.0,0.0,0.0,0.0,0.0,0.23749999999999982,0.3333333432674408,0.026515151966701855,0.0867793988856004,3,0.0,0.9090909090909091,,,,,,,,,,,
dendro,bigram,no_origin,12,unith,Faure,top_four,3S,22,23,25,0.8636363636363636,0.0,0.0,0.0,0.0,0.0,0.20000000298023224,0.25,0.02954545481638475,0.07662383583437275,3,0.0,0.8636363636363636,,,,,,,,,,,
dendro,bigram,no_origin,12,unith,Faure,top_four,3S,22,24,26,1.0,0.0,0.0,0.0,0.0,0.0,0.0,0.0,0.0,0.0,1,0.0,1.0,,,,,,,,,,,
dendro,bigram,no_origin,12,unith,Faure,top_four,3S,22,25,27,1.0,0.0,0.0,0.0,0.0,0.0,0.0,0.0,0.0,0.0,1,0.0,1.0,,,,,,,,,,,
dendro,bigram,no_origin,12,unith,Faure,top_four,3S,22,26,28,1.0,0.0,0.0,0.0,0.0,0.0,0.0,0.0,0.0,0.0,1,0.0,1.0,,,,,,,,,,,
dendro,bigram,no_origin,12,unith,Faure,top_four,3S,22,27,29,1.0,0.0,0.0,0.0,0.0,0.0,0.0,0.0,0.0,0.0,1,0.0,1.0,,,,,,,,,,,
dendro,bigram,no_origin,12,unith,Faure,top_four,3S,22,28,31,1.0,0.0,0.0,0.0,0.0,0.0,0.0,0.0,0.0,0.0,1,0.0,1.0,,,,,,,,,,,
dendro,bigram,no_origin,12,unith,Faure,top_four,3S,22,29,32,1.0,0.0,0.0,0.0,0.0,0.0,0.0,0.0,0.0,0.0,1,0.0,1.0,,,,,,,,,,,
dendro,bigram,no_origin,12,unith,Faure,top_four,3S,22,30,33,0.8636363636363636,0.0,0.0,0.0,0.0,0.0,0.3333333432674408,0.5,0.05303030393340371,0.1397878573805215,3,0.0,0.8636363636363636,,,,,,,,,,,
dendro,bigram,no_origin,12,unith,Faure,top_four,3S,22,31,34,1.0,0.0,0.0,0.0,0.0,0.0,0.0,0.0,0.0,0.0,1,0.0,1.0,,,,,,,,,,,
dendro,bigram,no_origin,12,unith,Faure,top_four,3S,22,32,35,1.0,0.0,0.0,0.0,0.0,0.0,0.0,0.0,0.0,0.0,1,0.0,1.0,,,,,,,,,,,
dendro,bigram,no_origin,12,unith,Faure,top_four,3S,22,33,36,1.0,0.0,0.0,0.0,0.0,0.0,0.0,0.0,0.0,0.0,1,0.0,1.0,,,,,,,,,,,
dendro,bigram,no_origin,12,unith,Faure,top_four,3S,22,34,37,1.0,0.0,0.0,0.0,0.0,0.0,0.0,0.0,0.0,0.0,1,0.0,1.0,,,,,,,,,,,
dendro,bigram,no_origin,12,unith,Faure,top_four,3S,22,35,38,1.0,0.0,0.0,0.0,0.0,0.0,0.0,0.0,0.0,0.0,1,0.0,1.0,,,,,,,,,,,
dendro,bigram,no_origin,12,unith,Faure,top_four,3S,22,36,39,1.0,0.0,0.0,0.0,0.0,0.0,0.0,0.0,0.0,0.0,1,0.0,1.0,,,,,,,,,,,
dendro,bigram,no_origin,12,unith,Faure,top_four,3S,22,37,40,1.0,0.0,0.0,0.0,0.0,0.0,0.0,0.0,0.0,0.0,1,0.0,1.0,,,,,,,,,,,
dendro,bigram,no_origin,12,unith,Faure,top_four,3S,22,38,41,1.0,0.0,0.0,0.0,0.0,0.0,0.0,0.0,0.0,0.0,1,0.0,1.0,,,,,,,,,,,
dendro,bigram,no_origin,12,unith,Faure,top_four,3S,22,39,43,1.0,0.0,0.0,0.0,0.0,0.0,0.0,0.0,0.0,0.0,1,0.0,1.0,,,,,,,,,,,
dendro,bigram,no_origin,12,unith,Faure,top_four,3S,22,40,44,1.0,0.0,0.0,0.0,0.0,0.0,0.0,0.0,0.0,0.0,1,0.0,1.0,,,,,,,,,,,
dendro,bigram,no_origin,12,unith,Faure,top_four,3S,22,41,45,1.0,0.0,0.0,0.0,0.0,0.0,0.0,0.0,0.0,0.0,1,0.0,1.0,,,,,,,,,,,
dendro,bigram,no_origin,12,unith,Faure,top_four,3S,22,42,46,0.9545454545454546,0.0,0.0,0.0,0.0,0.0,0.0,0.5,0.022727272727272728,0.10660035817780522,2,0.0,0.9545454545454546,,,,,,,,,,,
dendro,bigram,no_origin,12,unith,Faure,top_four,3S,22,43,47,1.0,0.0,0.0,0.0,0.0,0.0,0.0,0.0,0.0,0.0,1,0.0,1.0,,,,,,,,,,,
dendro,bigram,no_origin,12,unith,Faure,top_four,3S,22,44,48,1.0,0.0,0.0,0.0,0.0,0.0,0.0,0.0,0.0,0.0,1,0.0,1.0,,,,,,,,,,,
dendro,bigram,no_origin,12,unith,Faure,top_four,3S,22,45,49,1.0,0.0,0.0,0.0,0.0,0.0,0.0,0.0,0.0,0.0,1,0.0,1.0,,,,,,,,,,,
dendro,bigram,no_origin,12,unith,Faure,top_four,3S,22,46,50,1.0,0.0,0.0,0.0,0.0,0.0,0.0,0.0,0.0,0.0,1,0.0,1.0,,,,,,,,,,,
dendro,bigram,no_origin,12,unith,Faure,top_four,3S,22,47,51,1.0,0.0,0.0,0.0,0.0,0.0,0.0,0.0,0.0,0.0,1,0.0,1.0,,,,,,,,,,,
dendro,bigram,no_origin,12,unith,Faure,top_four,3S,22,48,52,1.0,0.0,0.0,0.0,0.0,0.0,0.0,0.0,0.0,0.0,1,0.0,1.0,,,,,,,,,,,
dendro,bigram,no_origin,12,unith,Faure,top_four,3S,22,49,53,1.0,0.0,0.0,0.0,0.0,0.0,0.0,0.0,0.0,0.0,1,0.0,1.0,,,,,,,,,,,
dendro,bigram,no_origin,12,unith,Faure,top_four,3S,22,50,55,1.0,0.0,0.0,0.0,0.0,0.0,0.0,0.0,0.0,0.0,1,0.0,1.0,,,,,,,,,,,
dendro,bigram,no_origin,12,unith,Faure,top_four,3S,22,51,56,1.0,0.0,0.0,0.0,0.0,0.0,0.0,0.0,0.0,0.0,1,0.0,1.0,,,,,,,,,,,
dendro,bigram,no_origin,12,unith,Faure,top_four,3S,22,52,57,1.0,0.0,0.0,0.0,0.0,0.0,0.0,0.0,0.0,0.0,1,0.0,1.0,,,,,,,,,,,
dendro,bigram,no_origin,12,unith,Faure,top_four,3S,22,53,58,1.0,0.0,0.0,0.0,0.0,0.0,0.0,0.0,0.0,0.0,1,0.0,1.0,,,,,,,,,,,
dendro,bigram,no_origin,12,unith,Faure,top_four,3S,22,54,59,1.0,0.0,0.0,0.0,0.0,0.0,0.0,0.0,0.0,0.0,1,0.0,1.0,,,,,,,,,,,
dendro,bigram,no_origin,12,unith,Faure,top_four,3S,22,55,60,0.9090909090909091,0.0,0.0,0.0,0.0,0.0,0.3166666761040685,0.5,0.03787878833033822,0.1252702717015169,3,0.0,0.9090909090909091,,,,,,,,,,,
dendro,bigram,no_origin,12,unith,Faure,top_four,3S,22,56,61,1.0,0.0,0.0,0.0,0.0,0.0,0.0,0.0,0.0,0.0,1,0.0,1.0,,,,,,,,,,,
dendro,bigram,no_origin,12,unith,Faure,top_four,3S,22,57,62,1.0,0.0,0.0,0.0,0.0,0.0,0.0,0.0,0.0,0.0,1,0.0,1.0,,,,,,,,,,,
dendro,bigram,no_origin,12,unith,Faure,top_four,3S,22,58,63,1.0,0.0,0.0,0.0,0.0,0.0,0.0,0.0,0.0,0.0,1,0.0,1.0,,,,,,,,,,,
dendro,bigram,no_origin,12,unith,Faure,top_four,3S,22,59,64,1.0,0.0,0.0,0.0,0.0,0.0,0.0,0.0,0.0,0.0,1,0.0,1.0,,,,,,,,,,,
dendro,bigram,no_origin,12,unith,Faure,top_four,3S,22,60,65,1.0,0.0,0.0,0.0,0.0,0.0,0.0,0.0,0.0,0.0,1,0.0,1.0,,,,,,,,,,,
dendro,bigram,no_origin,12,unith,Faure,top_four,3S,22,61,67,1.0,0.0,0.0,0.0,0.0,0.0,0.0,0.0,0.0,0.0,1,0.0,1.0,,,,,,,,,,,
dendro,bigram,no_origin,12,unith,Faure,top_four,3S,22,62,68,1.0,0.0,0.0,0.0,0.0,0.0,0.0,0.0,0.0,0.0,1,0.0,1.0,,,,,,,,,,,
dendro,bigram,no_origin,12,unith,Faure,top_four,3S,22,63,69,0.9090909090909091,0.0,0.0,0.0,0.0,0.0,0.23749999999999982,0.3333333432674408,0.026515151966701855,0.0867793988856004,3,0.0,0.9090909090909091,,,,,,,,,,,
dendro,bigram,no_origin,12,unith,Faure,top_four,3S,22,64,70,1.0,0.0,0.0,0.0,0.0,0.0,0.0,0.0,0.0,0.0,1,0.0,1.0,,,,,,,,,,,
dendro,bigram,no_origin,12,unith,Faure,top_four,3S,22,65,71,1.0,0.0,0.0,0.0,0.0,0.0,0.0,0.0,0.0,0.0,1,0.0,1.0,,,,,,,,,,,
dendro,bigram,no_origin,12,unith,Faure,top_four,3S,22,66,84,0.9545454545454546,0.0,0.0,0.0,0.0,0.0,0.0,0.20000000298023224,0.009090909226374193,0.04264014390650974,2,0.0,0.9545454545454546,,,,,,,,,,,
dendro,bigram,no_origin,12,unith,Faure,top_four,3S,22,67,85,0.9090909090909091,0.0,0.0,0.0,0.0,0.0,0.3166666761040685,0.5,0.03787878833033822,0.12527027170151686,3,0.0,0.9090909090909091,,,,,,,,,,,
dendro,bigram,no_origin,12,unith,Faure,top_four,3S,22,68,86,1.0,0.0,0.0,0.0,0.0,0.0,0.0,0.0,0.0,0.0,1,0.0,1.0,,,,,,,,,,,
dendro,bigram,no_origin,12,unith,Faure,top_four,3S,22,69,87,1.0,0.0,0.0,0.0,0.0,0.0,0.0,0.0,0.0,0.0,1,0.0,1.0,,,,,,,,,,,
dendro,bigram,no_origin,12,unith,Faure,top_four,3S,22,70,88,1.0,0.0,0.0,0.0,0.0,0.0,0.0,0.0,0.0,0.0,1,0.0,1.0,,,,,,,,,,,
dendro,bigram,no_origin,12,unith,Faure,top_four,3S,22,71,89,1.0,0.0,0.0,0.0,0.0,0.0,0.0,0.0,0.0,0.0,1,0.0,1.0,,,,,,,,,,,
dendro,bigram,no_origin,12,unith,Faure,top_four,3S,22,72,91,1.0,0.0,0.0,0.0,0.0,0.0,0.0,0.0,0.0,0.0,1,0.0,1.0,,,,,,,,,,,
dendro,bigram,no_origin,12,unith,Faure,top_four,3S,22,73,92,1.0,0.0,0.0,0.0,0.0,0.0,0.0,0.0,0.0,0.0,1,0.0,1.0,,,,,,,,,,,
dendro,bigram,no_origin,12,unith,Faure,top_four,3S,22,74,93,0.9545454545454546,0.0,0.0,0.0,0.0,0.0,0.0,0.3333333432674408,0.01515151560306549,0.07106690756982897,2,0.0,0.9545454545454546,,,,,,,,,,,
dendro,bigram,no_origin,12,unith,Faure,top_four,3S,22,75,94,1.0,0.0,0.0,0.0,0.0,0.0,0.0,0.0,0.0,0.0,1,0.0,1.0,,,,,,,,,,,
dendro,bigram,no_origin,12,unith,Faure,top_four,3S,22,76,95,1.0,0.0,0.0,0.0,0.0,0.0,0.0,0.0,0.0,0.0,1,0.0,1.0,,,,,,,,,,,
dendro,bigram,no_origin,12,unith,Faure,top_four,3S,22,77,96,1.0,0.0,0.0,0.0,0.0,0.0,0.0,0.0,0.0,0.0,1,0.0,1.0,,,,,,,,,,,
dendro,bigram,no_origin,12,unith,Faure,top_four,3S,22,78,97,1.0,0.0,0.0,0.0,0.0,0.0,0.0,0.0,0.0,0.0,1,0.0,1.0,,,,,,,,,,,
dendro,bigram,no_origin,12,unith,Faure,top_four,3S,22,79,98,1.0,0.0,0.0,0.0,0.0,0.0,0.0,0.0,0.0,0.0,1,0.0,1.0,,,,,,,,,,,
dendro,bigram,no_origin,12,unith,Faure,top_four,3S,22,80,99,1.0,0.0,0.0,0.0,0.0,0.0,0.0,0.0,0.0,0.0,1,0.0,1.0,,,,,,,,,,,
dendro,bigram,no_origin,12,unith,Faure,top_four,3S,22,81,100,1.0,0.0,0.0,0.0,0.0,0.0,0.0,0.0,0.0,0.0,1,0.0,1.0,,,,,,,,,,,
dendro,bigram,no_origin,12,unith,Faure,top_four,3S,22,82,101,1.0,0.0,0.0,0.0,0.0,0.0,0.0,0.0,0.0,0.0,1,0.0,1.0,,,,,,,,,,,
dendro,bigram,no_origin,12,unith,Faure,top_four,3S,22,83,103,1.0,0.0,0.0,0.0,0.0,0.0,0.0,0.0,0.0,0.0,1,0.0,1.0,,,,,,,,,,,
dendro,bigram,no_origin,12,unith,Faure,top_four,3S,22,84,104,1.0,0.0,0.0,0.0,0.0,0.0,0.0,0.0,0.0,0.0,1,0.0,1.0,,,,,,,,,,,
dendro,bigram,no_origin,12,unith,Faure,top_four,3S,22,85,105,1.0,0.0,0.0,0.0,0.0,0.0,0.0,0.0,0.0,0.0,1,0.0,1.0,,,,,,,,,,,
dendro,bigram,no_origin,12,unith,Faure,top_four,3S,22,86,106,1.0,0.0,0.0,0.0,0.0,0.0,0.0,0.0,0.0,0.0,1,0.0,1.0,,,,,,,,,,,
dendro,bigram,no_origin,12,unith,Faure,top_four,3S,22,87,107,1.0,0.0,0.0,0.0,0.0,0.0,0.0,0.0,0.0,0.0,1,0.0,1.0,,,,,,,,,,,
dendro,bigram,no_origin,12,unith,Faure,top_four,3S,22,88,108,0.9545454545454546,0.0,0.0,0.0,0.0,0.0,0.0,0.25,0.011363636363636364,0.053300179088902624,2,0.0,0.9545454545454546,,,,,,,,,,,
dendro,bigram,no_origin,12,unith,Faure,top_four,3S,22,89,109,1.0,0.0,0.0,0.0,0.0,0.0,0.0,0.0,0.0,0.0,1,0.0,1.0,,,,,,,,,,,
dendro,bigram,no_origin,12,unith,Faure,top_four,3S,22,90,110,0.8636363636363636,0.0,0.0,0.0,0.0,0.0,0.3333333432674408,0.5,0.05303030393340371,0.1397878573805215,3,0.0,0.8636363636363636,,,,,,,,,,,
dendro,bigram,no_origin,12,unith,Faure,top_four,3S,22,91,111,1.0,0.0,0.0,0.0,0.0,0.0,0.0,0.0,0.0,0.0,1,0.0,1.0,,,,,,,,,,,
dendro,bigram,no_origin,12,unith,Faure,top_four,3S,22,92,112,1.0,0.0,0.0,0.0,0.0,0.0,0.0,0.0,0.0,0.0,1,0.0,1.0,,,,,,,,,,,
dendro,bigram,no_origin,12,unith,Faure,top_four,3S,22,93,113,0.9545454545454546,0.0,0.0,0.0,0.0,0.0,0.0,0.25,0.011363636363636364,0.053300179088902624,2,0.0,0.9545454545454546,,,,,,,,,,,
dendro,bigram,no_origin,12,unith,Faure,top_four,3S,22,94,115,1.0,0.0,0.0,0.0,0.0,0.0,0.0,0.0,0.0,0.0,1,0.0,1.0,,,,,,,,,,,
dendro,bigram,no_origin,12,unith,Faure,top_four,3S,22,95,116,1.0,0.0,0.0,0.0,0.0,0.0,0.0,0.0,0.0,0.0,1,0.0,1.0,,,,,,,,,,,
dendro,bigram,no_origin,12,unith,Faure,top_four,3S,22,96,117,1.0,0.0,0.0,0.0,0.0,0.0,0.0,0.0,0.0,0.0,1,0.0,1.0,,,,,,,,,,,
dendro,bigram,no_origin,12,unith,Faure,top_four,3S,22,97,118,0.9090909090909091,0.0,0.0,0.0,0.0,0.0,0.3166666761040685,0.3333333432674408,0.03030303120613098,0.09808165064581083,2,0.0,0.9090909090909091,,,,,,,,,,,
dendro,bigram,no_origin,12,unith,Faure,top_four,3S,22,98,119,1.0,0.0,0.0,0.0,0.0,0.0,0.0,0.0,0.0,0.0,1,0.0,1.0,,,,,,,,,,,
dendro,bigram,no_origin,12,unith,Faure,top_four,3S,22,99,120,1.0,0.0,0.0,0.0,0.0,0.0,0.0,0.0,0.0,0.0,1,0.0,1.0,,,,,,,,,,,
dendro,bigram,no_origin,12,unith,Faure,top_four,3S,22,100,121,1.0,0.0,0.0,0.0,0.0,0.0,0.0,0.0,0.0,0.0,1,0.0,1.0,,,,,,,,,,,
dendro,bigram,no_origin,12,unith,Faure,top_four,3S,22,101,122,0.9545454545454546,0.0,0.0,0.0,0.0,0.0,0.0,0.3333333432674408,0.01515151560306549,0.07106690756982897,2,0.0,0.9545454545454546,,,,,,,,,,,
dendro,bigram,no_origin,12,unith,Faure,top_four,3S,22,102,123,1.0,0.0,0.0,0.0,0.0,0.0,0.0,0.0,0.0,0.0,1,0.0,1.0,,,,,,,,,,,
dendro,bigram,no_origin,12,unith,Faure,top_four,3S,22,103,124,1.0,0.0,0.0,0.0,0.0,0.0,0.0,0.0,0.0,0.0,1,0.0,1.0,,,,,,,,,,,
dendro,bigram,no_origin,12,unith,Faure,top_four,3S,22,104,125,0.9545454545454546,0.0,0.0,0.0,0.0,0.0,0.0,0.3333333432674408,0.01515151560306549,0.07106690756982897,2,0.0,0.9545454545454546,,,,,,,,,,,
dendro,bigram,no_origin,12,unith,Faure,top_four,3S,22,105,127,1.0,0.0,0.0,0.0,0.0,0.0,0.0,0.0,0.0,0.0,1,0.0,1.0,,,,,,,,,,,
dendro,bigram,no_origin,12,unith,Faure,top_four,3S,22,106,128,1.0,0.0,0.0,0.0,0.0,0.0,0.0,0.0,0.0,0.0,1,0.0,1.0,,,,,,,,,,,
dendro,bigram,no_origin,12,unith,Faure,top_four,3S,22,107,129,1.0,0.0,0.0,0.0,0.0,0.0,0.0,0.0,0.0,0.0,1,0.0,1.0,,,,,,,,,,,
dendro,bigram,no_origin,12,unith,Faure,top_four,3S,22,108,130,1.0,0.0,0.0,0.0,0.0,0.0,0.0,0.0,0.0,0.0,1,0.0,1.0,,,,,,,,,,,
dendro,bigram,no_origin,12,unith,Faure,top_four,3S,22,109,131,1.0,0.0,0.0,0.0,0.0,0.0,0.0,0.0,0.0,0.0,1,0.0,1.0,,,,,,,,,,,
dendro,bigram,no_origin,12,unith,Faure,top_four,3S,22,110,132,1.0,0.0,0.0,0.0,0.0,0.0,0.0,0.0,0.0,0.0,1,0.0,1.0,,,,,,,,,,,
dendro,bigram,no_origin,12,unith,Faure,top_four,3S,22,111,133,1.0,0.0,0.0,0.0,0.0,0.0,0.0,0.0,0.0,0.0,1,0.0,1.0,,,,,,,,,,,
dendro,bigram,no_origin,12,unith,Faure,top_four,3S,22,112,134,1.0,0.0,0.0,0.0,0.0,0.0,0.0,0.0,0.0,0.0,1,0.0,1.0,,,,,,,,,,,
dendro,bigram,no_origin,12,unith,Faure,top_four,3S,22,113,135,1.0,0.0,0.0,0.0,0.0,0.0,0.0,0.0,0.0,0.0,1,0.0,1.0,,,,,,,,,,,
dendro,bigram,no_origin,12,unith,Faure,top_four,3S,22,114,136,1.0,0.0,0.0,0.0,0.0,0.0,0.0,0.0,0.0,0.0,1,0.0,1.0,,,,,,,,,,,
dendro,bigram,no_origin,12,unith,Faure,top_four,3S,22,115,137,1.0,0.0,0.0,0.0,0.0,0.0,0.0,0.0,0.0,0.0,1,0.0,1.0,,,,,,,,,,,
dendro,bigram,no_origin,12,unith,Faure,top_four,3S,22,116,139,1.0,0.0,0.0,0.0,0.0,0.0,0.0,0.0,0.0,0.0,1,0.0,1.0,,,,,,,,,,,
dendro,bigram,no_origin,12,unith,Faure,top_four,3S,22,117,140,1.0,0.0,0.0,0.0,0.0,0.0,0.0,0.0,0.0,0.0,1,0.0,1.0,,,,,,,,,,,
dendro,bigram,no_origin,12,unith,Faure,top_four,3S,22,118,141,1.0,0.0,0.0,0.0,0.0,0.0,0.0,0.0,0.0,0.0,1,0.0,1.0,,,,,,,,,,,
dendro,bigram,no_origin,12,unith,Faure,top_four,3S,22,119,142,1.0,0.0,0.0,0.0,0.0,0.0,0.0,0.0,0.0,0.0,1,0.0,1.0,,,,,,,,,,,
dendro,bigram,no_origin,12,unith,Faure,top_four,3S,22,120,143,1.0,0.0,0.0,0.0,0.0,0.0,0.0,0.0,0.0,0.0,1,0.0,1.0,,,,,,,,,,,
dendro,bigram,no_origin,12,unith,Faure,top_four,3S,22,__vector__,__vector__,0.9872276483846731,,,,,,,,,,,,,1.5454545454545454,,,,,,,,,,
dendro,bigram,no_origin,12,unith,Faure,top_four,4H,30,0,0,1.0,0.0,0.0,0.0,0.0,0.0,0.0,0.0,0.0,0.0,1,0.0,1.0,,,,,,,,,,,
dendro,bigram,no_origin,12,unith,Faure,top_four,4H,30,1,1,0.9666666666666667,0.0,0.0,0.0,0.0,0.0,0.0,0.3333333432674408,0.011111111442248026,0.060858063758730055,2,0.0,0.9666666666666667,,,,,,,,,,,
dendro,bigram,no_origin,12,unith,Faure,top_four,4H,30,2,2,1.0,0.0,0.0,0.0,0.0,0.0,0.0,0.0,0.0,0.0,1,0.0,1.0,,,,,,,,,,,
dendro,bigram,no_origin,12,unith,Faure,top_four,4H,30,3,3,1.0,0.0,0.0,0.0,0.0,0.0,0.0,0.0,0.0,0.0,1,0.0,1.0,,,,,,,,,,,
dendro,bigram,no_origin,12,unith,Faure,top_four,4H,30,4,4,1.0,0.0,0.0,0.0,0.0,0.0,0.0,0.0,0.0,0.0,1,0.0,1.0,,,,,,,,,,,
dendro,bigram,no_origin,12,unith,Faure,top_four,4H,30,5,5,1.0,0.0,0.0,0.0,0.0,0.0,0.0,0.0,0.0,0.0,1,0.0,1.0,,,,,,,,,,,
dendro,bigram,no_origin,12,unith,Faure,top_four,4H,30,6,7,1.0,0.0,0.0,0.0,0.0,0.0,0.0,0.0,0.0,0.0,1,0.0,1.0,,,,,,,,,,,
dendro,bigram,no_origin,12,unith,Faure,top_four,4H,30,7,8,1.0,0.0,0.0,0.0,0.0,0.0,0.0,0.0,0.0,0.0,1,0.0,1.0,,,,,,,,,,,
dendro,bigram,no_origin,12,unith,Faure,top_four,4H,30,8,9,0.8666666666666667,0.0,0.0,0.0,0.0,0.0,0.27333334013819655,0.5,0.041111111640930176,0.1160272582580378,4,0.0,0.8666666666666667,,,,,,,,,,,
dendro,bigram,no_origin,12,unith,Faure,top_four,4H,30,9,10,0.9666666666666667,0.0,0.0,0.0,0.0,0.0,0.0,0.3333333432674408,0.011111111442248026,0.06085806375873005,2,0.0,0.9666666666666667,,,,,,,,,,,
dendro,bigram,no_origin,12,unith,Faure,top_four,4H,30,10,11,1.0,0.0,0.0,0.0,0.0,0.0,0.0,0.0,0.0,0.0,1,0.0,1.0,,,,,,,,,,,
dendro,bigram,no_origin,12,unith,Faure,top_four,4H,30,11,12,0.9333333333333333,0.0,0.0,0.0,0.0,0.0,0.11000000163912717,0.3333333432674408,0.017777778208255768,0.06988405101093856,3,0.0,0.9333333333333333,,,,,,,,,,,
dendro,bigram,no_origin,12,unith,Faure,top_four,4H,30,12,13,1.0,0.0,0.0,0.0,0.0,0.0,0.0,0.0,0.0,0.0,1,0.0,1.0,,,,,,,,,,,
dendro,bigram,no_origin,12,unith,Faure,top_four,4H,30,13,14,0.8666666666666667,0.0,0.0,0.0,0.0,0.0,0.25,0.3333333432674408,0.036111111442248024,0.09459364027722526,3,0.0,0.8666666666666667,,,,,,,,,,,
dendro,bigram,no_origin,12,unith,Faure,top_four,4H,30,14,15,1.0,0.0,0.0,0.0,0.0,0.0,0.0,0.0,0.0,0.0,1,0.0,1.0,,,,,,,,,,,
dendro,bigram,no_origin,12,unith,Faure,top_four,4H,30,15,16,1.0,0.0,0.0,0.0,0.0,0.0,0.0,0.0,0.0,0.0,1,0.0,1.0,,,,,,,,,,,
dendro,bigram,no_origin,12,unith,Faure,top_four,4H,30,16,17,1.0,0.0,0.0,0.0,0.0,0.0,0.0,0.0,0.0,0.0,1,0.0,1.0,,,,,,,,,,,
dendro,bigram,no_origin,12,unith,Faure,top_four,4H,30,17,19,0.9333333333333333,0.0,0.0,0.0,0.0,0.0,0.1374999999999993,0.25,0.016666666666666666,0.06342703292561562,2,0.0,0.9333333333333333,,,,,,,,,,,
dendro,bigram,no_origin,12,unith,Faure,top_four,4H,30,18,20,1.0,0.0,0.0,0.0,0.0,0.0,0.0,0.0,0.0,0.0,1,0.0,1.0,,,,,,,,,,,
dendro,bigram,no_origin,12,unith,Faure,top_four,4H,30,19,21,1.0,0.0,0.0,0.0,0.0,0.0,0.0,0.0,0.0,0.0,1,0.0,1.0,,,,,,,,,,,
dendro,bigram,no_origin,12,unith,Faure,top_four,4H,30,20,22,0.9333333333333333,0.0,0.0,0.0,0.0,0.0,0.11000000163912717,0.3333333432674408,0.017777778208255768,0.06988405101093856,3,0.0,0.9333333333333333,,,,,,,,,,,
dendro,bigram,no_origin,12,unith,Faure,top_four,4H,30,21,23,1.0,0.0,0.0,0.0,0.0,0.0,0.0,0.0,0.0,0.0,1,0.0,1.0,,,,,,,,,,,
dendro,bigram,no_origin,12,unith,Faure,top_four,4H,30,22,24,0.6666666666666666,0.0,0.0,0.0,0.0,0.23750000074505806,0.3333333432674408,0.3333333432674408,0.09111111263434092,0.13460125376722487,4,0.0,0.6666666666666666,,,,,,,,,,,
dendro,bigram,no_origin,12,unith,Faure,top_four,4H,30,23,25,0.8666666666666667,0.0,0.0,0.0,0.0,0.0,0.25,0.5,0.04000000009934108,0.11249521077218545,4,0.0,0.8666666666666667,,,,,,,,,,,
dendro,bigram,no_origin,12,unith,Faure,top_four,4H,30,24,26,1.0,0.0,0.0,0.0,0.0,0.0,0.0,0.0,0.0,0.0,1,0.0,1.0,,,,,,,,,,,
dendro,bigram,no_origin,12,unith,Faure,top_four,4H,30,25,27,0.9333333333333333,0.0,0.0,0.0,0.0,0.0,0.1374999999999993,0.3333333432674408,0.01944444477558136,0.0748028500182959,3,0.0,0.9333333333333333,,,,,,,,,,,
dendro,bigram,no_origin,12,unith,Faure,top_four,4H,30,26,28,1.0,0.0,0.0,0.0,0.0,0.0,0.0,0.0,0.0,0.0,1,0.0,1.0,,,,,,,,,,,
dendro,bigram,no_origin,12,unith,Faure,top_four,4H,30,27,29,0.9333333333333333,0.0,0.0,0.0,0.0,0.0,0.1374999999999993,0.3333333432674408,0.01944444477558136,0.07480285001829591,3,0.0,0.9333333333333333,,,,,,,,,,,
dendro,bigram,no_origin,12,unith,Faure,top_four,4H,30,28,31,1.0,0.0,0.0,0.0,0.0,0.0,0.0,0.0,0.0,0.0,1,0.0,1.0,,,,,,,,,,,
dendro,bigram,no_origin,12,unith,Faure,top_four,4H,30,29,32,1.0,0.0,0.0,0.0,0.0,0.0,0.0,0.0,0.0,0.0,1,0.0,1.0,,,,,,,,,,,
dendro,bigram,no_origin,12,unith,Faure,top_four,4H,30,30,33,1.0,0.0,0.0,0.0,0.0,0.0,0.0,0.0,0.0,0.0,1,0.0,1.0,,,,,,,,,,,
dendro,bigram,no_origin,12,unith,Faure,top_four,4H,30,31,34,0.9333333333333333,0.0,0.0,0.0,0.0,0.0,0.1833333387970915,0.5,0.027777778108914693,0.10795320969718485,3,0.0,0.9333333333333333,,,,,,,,,,,
dendro,bigram,no_origin,12,unith,Faure,top_four,4H,30,32,35,1.0,0.0,0.0,0.0,0.0,0.0,0.0,0.0,0.0,0.0,1,0.0,1.0,,,,,,,,,,,
dendro,bigram,no_origin,12,unith,Faure,top_four,4H,30,33,36,1.0,0.0,0.0,0.0,0.0,0.0,0.0,0.0,0.0,0.0,1,0.0,1.0,,,,,,,,,,,
dendro,bigram,no_origin,12,unith,Faure,top_four,4H,30,34,37,1.0,0.0,0.0,0.0,0.0,0.0,0.0,0.0,0.0,0.0,1,0.0,1.0,,,,,,,,,,,
dendro,bigram,no_origin,12,unith,Faure,top_four,4H,30,35,38,0.9666666666666667,0.0,0.0,0.0,0.0,0.0,0.0,0.25,0.008333333333333333,0.04564354645876383,2,0.0,0.9666666666666667,,,,,,,,,,,
dendro,bigram,no_origin,12,unith,Faure,top_four,4H,30,36,39,1.0,0.0,0.0,0.0,0.0,0.0,0.0,0.0,0.0,0.0,1,0.0,1.0,,,,,,,,,,,
dendro,bigram,no_origin,12,unith,Faure,top_four,4H,30,37,40,1.0,0.0,0.0,0.0,0.0,0.0,0.0,0.0,0.0,0.0,1,0.0,1.0,,,,,,,,,,,
dendro,bigram,no_origin,12,unith,Faure,top_four,4H,30,38,41,1.0,0.0,0.0,0.0,0.0,0.0,0.0,0.0,0.0,0.0,1,0.0,1.0,,,,,,,,,,,
dendro,bigram,no_origin,12,unith,Faure,top_four,4H,30,39,43,1.0,0.0,0.0,0.0,0.0,0.0,0.0,0.0,0.0,0.0,1,0.0,1.0,,,,,,,,,,,
dendro,bigram,no_origin,12,unith,Faure,top_four,4H,30,40,44,1.0,0.0,0.0,0.0,0.0,0.0,0.0,0.0,0.0,0.0,1,0.0,1.0,,,,,,,,,,,
dendro,bigram,no_origin,12,unith,Faure,top_four,4H,30,41,45,0.9666666666666667,0.0,0.0,0.0,0.0,0.0,0.0,0.25,0.008333333333333333,0.04564354645876383,2,0.0,0.9666666666666667,,,,,,,,,,,
dendro,bigram,no_origin,12,unith,Faure,top_four,4H,30,42,46,1.0,0.0,0.0,0.0,0.0,0.0,0.0,0.0,0.0,0.0,1,0.0,1.0,,,,,,,,,,,
dendro,bigram,no_origin,12,unith,Faure,top_four,4H,30,43,47,1.0,0.0,0.0,0.0,0.0,0.0,0.0,0.0,0.0,0.0,1,0.0,1.0,,,,,,,,,,,
dendro,bigram,no_origin,12,unith,Faure,top_four,4H,30,44,48,1.0,0.0,0.0,0.0,0.0,0.0,0.0,0.0,0.0,0.0,1,0.0,1.0,,,,,,,,,,,
dendro,bigram,no_origin,12,unith,Faure,top_four,4H,30,45,49,1.0,0.0,0.0,0.0,0.0,0.0,0.0,0.0,0.0,0.0,1,0.0,1.0,,,,,,,,,,,
dendro,bigram,no_origin,12,unith,Faure,top_four,4H,30,46,50,1.0,0.0,0.0,0.0,0.0,0.0,0.0,0.0,0.0,0.0,1,0.0,1.0,,,,,,,,,,,
dendro,bigram,no_origin,12,unith,Faure,top_four,4H,30,47,51,1.0,0.0,0.0,0.0,0.0,0.0,0.0,0.0,0.0,0.0,1,0.0,1.0,,,,,,,,,,,
dendro,bigram,no_origin,12,unith,Faure,top_four,4H,30,48,52,1.0,0.0,0.0,0.0,0.0,0.0,0.0,0.0,0.0,0.0,1,0.0,1.0,,,,,,,,,,,
dendro,bigram,no_origin,12,unith,Faure,top_four,4H,30,49,53,1.0,0.0,0.0,0.0,0.0,0.0,0.0,0.0,0.0,0.0,1,0.0,1.0,,,,,,,,,,,
dendro,bigram,no_origin,12,unith,Faure,top_four,4H,30,50,55,1.0,0.0,0.0,0.0,0.0,0.0,0.0,0.0,0.0,0.0,1,0.0,1.0,,,,,,,,,,,
dendro,bigram,no_origin,12,unith,Faure,top_four,4H,30,51,56,1.0,0.0,0.0,0.0,0.0,0.0,0.0,0.0,0.0,0.0,1,0.0,1.0,,,,,,,,,,,
dendro,bigram,no_origin,12,unith,Faure,top_four,4H,30,52,57,1.0,0.0,0.0,0.0,0.0,0.0,0.0,0.0,0.0,0.0,1,0.0,1.0,,,,,,,,,,,
dendro,bigram,no_origin,12,unith,Faure,top_four,4H,30,53,58,1.0,0.0,0.0,0.0,0.0,0.0,0.0,0.0,0.0,0.0,1,0.0,1.0,,,,,,,,,,,
dendro,bigram,no_origin,12,unith,Faure,top_four,4H,30,54,59,1.0,0.0,0.0,0.0,0.0,0.0,0.0,0.0,0.0,0.0,1,0.0,1.0,,,,,,,,,,,
dendro,bigram,no_origin,12,unith,Faure,top_four,4H,30,55,60,0.9333333333333333,0.0,0.0,0.0,0.0,0.0,0.1374999999999993,0.3333333432674408,0.01944444477558136,0.07480285001829591,3,0.0,0.9333333333333333,,,,,,,,,,,
dendro,bigram,no_origin,12,unith,Faure,top_four,4H,30,56,61,1.0,0.0,0.0,0.0,0.0,0.0,0.0,0.0,0.0,0.0,1,0.0,1.0,,,,,,,,,,,
dendro,bigram,no_origin,12,unith,Faure,top_four,4H,30,57,62,1.0,0.0,0.0,0.0,0.0,0.0,0.0,0.0,0.0,0.0,1,0.0,1.0,,,,,,,,,,,
dendro,bigram,no_origin,12,unith,Faure,top_four,4H,30,58,63,1.0,0.0,0.0,0.0,0.0,0.0,0.0,0.0,0.0,0.0,1,0.0,1.0,,,,,,,,,,,
dendro,bigram,no_origin,12,unith,Faure,top_four,4H,30,59,64,1.0,0.0,0.0,0.0,0.0,0.0,0.0,0.0,0.0,0.0,1,0.0,1.0,,,,,,,,,,,
dendro,bigram,no_origin,12,unith,Faure,top_four,4H,30,60,65,1.0,0.0,0.0,0.0,0.0,0.0,0.0,0.0,0.0,0.0,1,0.0,1.0,,,,,,,,,,,
dendro,bigram,no_origin,12,unith,Faure,top_four,4H,30,61,67,1.0,0.0,0.0,0.0,0.0,0.0,0.0,0.0,0.0,0.0,1,0.0,1.0,,,,,,,,,,,
dendro,bigram,no_origin,12,unith,Faure,top_four,4H,30,62,68,1.0,0.0,0.0,0.0,0.0,0.0,0.0,0.0,0.0,0.0,1,0.0,1.0,,,,,,,,,,,
dendro,bigram,no_origin,12,unith,Faure,top_four,4H,30,63,69,0.9333333333333333,0.0,0.0,0.0,0.0,0.0,0.1374999999999993,0.3333333432674408,0.01944444477558136,0.0748028500182959,3,0.0,0.9333333333333333,,,,,,,,,,,
dendro,bigram,no_origin,12,unith,Faure,top_four,4H,30,64,70,1.0,0.0,0.0,0.0,0.0,0.0,0.0,0.0,0.0,0.0,1,0.0,1.0,,,,,,,,,,,
dendro,bigram,no_origin,12,unith,Faure,top_four,4H,30,65,71,1.0,0.0,0.0,0.0,0.0,0.0,0.0,0.0,0.0,0.0,1,0.0,1.0,,,,,,,,,,,
dendro,bigram,no_origin,12,unith,Faure,top_four,4H,30,66,84,1.0,0.0,0.0,0.0,0.0,0.0,0.0,0.0,0.0,0.0,1,0.0,1.0,,,,,,,,,,,
dendro,bigram,no_origin,12,unith,Faure,top_four,4H,30,67,85,0.9666666666666667,0.0,0.0,0.0,0.0,0.0,0.0,0.20000000298023224,0.0066666667660077415,0.03651483771112455,2,0.0,0.9666666666666667,,,,,,,,,,,
dendro,bigram,no_origin,12,unith,Faure,top_four,4H,30,68,86,0.9666666666666667,0.0,0.0,0.0,0.0,0.0,0.0,0.25,0.008333333333333333,0.04564354645876383,2,0.0,0.9666666666666667,,,,,,,,,,,
dendro,bigram,no_origin,12,unith,Faure,top_four,4H,30,69,87,1.0,0.0,0.0,0.0,0.0,0.0,0.0,0.0,0.0,0.0,1,0.0,1.0,,,,,,,,,,,
dendro,bigram,no_origin,12,unith,Faure,top_four,4H,30,70,88,1.0,0.0,0.0,0.0,0.0,0.0,0.0,0.0,0.0,0.0,1,0.0,1.0,,,,,,,,,,,
dendro,bigram,no_origin,12,unith,Faure,top_four,4H,30,71,89,1.0,0.0,0.0,0.0,0.0,0.0,0.0,0.0,0.0,0.0,1,0.0,1.0,,,,,,,,,,,
dendro,bigram,no_origin,12,unith,Faure,top_four,4H,30,72,91,1.0,0.0,0.0,0.0,0.0,0.0,0.0,0.0,0.0,0.0,1,0.0,1.0,,,,,,,,,,,
dendro,bigram,no_origin,12,unith,Faure,top_four,4H,30,73,92,1.0,0.0,0.0,0.0,0.0,0.0,0.0,0.0,0.0,0.0,1,0.0,1.0,,,,,,,,,,,
dendro,bigram,no_origin,12,unith,Faure,top_four,4H,30,74,93,0.9333333333333333,0.0,0.0,0.0,0.0,0.0,0.1374999999999993,0.25,0.016666666666666666,0.06342703292561562,2,0.0,0.9333333333333333,,,,,,,,,,,
dendro,bigram,no_origin,12,unith,Faure,top_four,4H,30,75,94,1.0,0.0,0.0,0.0,0.0,0.0,0.0,0.0,0.0,0.0,1,0.0,1.0,,,,,,,,,,,
dendro,bigram,no_origin,12,unith,Faure,top_four,4H,30,76,95,1.0,0.0,0.0,0.0,0.0,0.0,0.0,0.0,0.0,0.0,1,0.0,1.0,,,,,,,,,,,
dendro,bigram,no_origin,12,unith,Faure,top_four,4H,30,77,96,1.0,0.0,0.0,0.0,0.0,0.0,0.0,0.0,0.0,0.0,1,0.0,1.0,,,,,,,,,,,
dendro,bigram,no_origin,12,unith,Faure,top_four,4H,30,78,97,1.0,0.0,0.0,0.0,0.0,0.0,0.0,0.0,0.0,0.0,1,0.0,1.0,,,,,,,,,,,
dendro,bigram,no_origin,12,unith,Faure,top_four,4H,30,79,98,1.0,0.0,0.0,0.0,0.0,0.0,0.0,0.0,0.0,0.0,1,0.0,1.0,,,,,,,,,,,
dendro,bigram,no_origin,12,unith,Faure,top_four,4H,30,80,99,1.0,0.0,0.0,0.0,0.0,0.0,0.0,0.0,0.0,0.0,1,0.0,1.0,,,,,,,,,,,
dendro,bigram,no_origin,12,unith,Faure,top_four,4H,30,81,100,1.0,0.0,0.0,0.0,0.0,0.0,0.0,0.0,0.0,0.0,1,0.0,1.0,,,,,,,,,,,
dendro,bigram,no_origin,12,unith,Faure,top_four,4H,30,82,101,1.0,0.0,0.0,0.0,0.0,0.0,0.0,0.0,0.0,0.0,1,0.0,1.0,,,,,,,,,,,
dendro,bigram,no_origin,12,unith,Faure,top_four,4H,30,83,103,1.0,0.0,0.0,0.0,0.0,0.0,0.0,0.0,0.0,0.0,1,0.0,1.0,,,,,,,,,,,
dendro,bigram,no_origin,12,unith,Faure,top_four,4H,30,84,104,1.0,0.0,0.0,0.0,0.0,0.0,0.0,0.0,0.0,0.0,1,0.0,1.0,,,,,,,,,,,
dendro,bigram,no_origin,12,unith,Faure,top_four,4H,30,85,105,1.0,0.0,0.0,0.0,0.0,0.0,0.0,0.0,0.0,0.0,1,0.0,1.0,,,,,,,,,,,
dendro,bigram,no_origin,12,unith,Faure,top_four,4H,30,86,106,1.0,0.0,0.0,0.0,0.0,0.0,0.0,0.0,0.0,0.0,1,0.0,1.0,,,,,,,,,,,
dendro,bigram,no_origin,12,unith,Faure,top_four,4H,30,87,107,1.0,0.0,0.0,0.0,0.0,0.0,0.0,0.0,0.0,0.0,1,0.0,1.0,,,,,,,,,,,
dendro,bigram,no_origin,12,unith,Faure,top_four,4H,30,88,108,0.8333333333333334,0.0,0.0,0.0,0.0,0.0,0.29583333879709217,0.5,0.0511111115415891,0.1242551250917518,5,0.0,0.8333333333333334,,,,,,,,,,,
dendro,bigram,no_origin,12,unith,Faure,top_four,4H,30,89,109,1.0,0.0,0.0,0.0,0.0,0.0,0.0,0.0,0.0,0.0,1,0.0,1.0,,,,,,,,,,,
dendro,bigram,no_origin,12,unith,Faure,top_four,4H,30,90,110,0.7666666666666667,0.0,0.0,0.0,0.0,0.0,0.3333333432674408,0.5,0.07611111253499984,0.14658849611306693,5,0.0,0.7666666666666667,,,,,,,,,,,
dendro,bigram,no_origin,12,unith,Faure,top_four,4H,30,91,111,1.0,0.0,0.0,0.0,0.0,0.0,0.0,0.0,0.0,0.0,1,0.0,1.0,,,,,,,,,,,
dendro,bigram,no_origin,12,unith,Faure,top_four,4H,30,92,112,1.0,0.0,0.0,0.0,0.0,0.0,0.0,0.0,0.0,0.0,1,0.0,1.0,,,,,,,,,,,
dendro,bigram,no_origin,12,unith,Faure,top_four,4H,30,93,113,0.9666666666666667,0.0,0.0,0.0,0.0,0.0,0.0,0.3333333432674408,0.011111111442248026,0.060858063758730055,2,0.0,0.9666666666666667,,,,,,,,,,,
dendro,bigram,no_origin,12,unith,Faure,top_four,4H,30,94,115,1.0,0.0,0.0,0.0,0.0,0.0,0.0,0.0,0.0,0.0,1,0.0,1.0,,,,,,,,,,,
dendro,bigram,no_origin,12,unith,Faure,top_four,4H,30,95,116,1.0,0.0,0.0,0.0,0.0,0.0,0.0,0.0,0.0,0.0,1,0.0,1.0,,,,,,,,,,,
dendro,bigram,no_origin,12,unith,Faure,top_four,4H,30,96,117,1.0,0.0,0.0,0.0,0.0,0.0,0.0,0.0,0.0,0.0,1,0.0,1.0,,,,,,,,,,,
dendro,bigram,no_origin,12,unith,Faure,top_four,4H,30,97,118,0.9666666666666667,0.0,0.0,0.0,0.0,0.0,0.0,0.25,0.008333333333333333,0.04564354645876383,2,0.0,0.9666666666666667,,,,,,,,,,,
dendro,bigram,no_origin,12,unith,Faure,top_four,4H,30,98,119,1.0,0.0,0.0,0.0,0.0,0.0,0.0,0.0,0.0,0.0,1,0.0,1.0,,,,,,,,,,,
dendro,bigram,no_origin,12,unith,Faure,top_four,4H,30,99,120,0.9333333333333333,0.0,0.0,0.0,0.0,0.0,0.1833333387970915,0.3333333432674408,0.022222222884496053,0.08456937975451799,2,0.0,0.9333333333333333,,,,,,,,,,,
dendro,bigram,no_origin,12,unith,Faure,top_four,4H,30,100,121,1.0,0.0,0.0,0.0,0.0,0.0,0.0,0.0,0.0,0.0,1,0.0,1.0,,,,,,,,,,,
dendro,bigram,no_origin,12,unith,Faure,top_four,4H,30,101,122,0.9333333333333333,0.0,0.0,0.0,0.0,0.0,0.11000000163912717,0.25,0.015000000099341075,0.05746063153111604,3,0.0,0.9333333333333333,,,,,,,,,,,
dendro,bigram,no_origin,12,unith,Faure,top_four,4H,30,102,123,1.0,0.0,0.0,0.0,0.0,0.0,0.0,0.0,0.0,0.0,1,0.0,1.0,,,,,,,,,,,
dendro,bigram,no_origin,12,unith,Faure,top_four,4H,30,103,124,1.0,0.0,0.0,0.0,0.0,0.0,0.0,0.0,0.0,0.0,1,0.0,1.0,,,,,,,,,,,
dendro,bigram,no_origin,12,unith,Faure,top_four,4H,30,104,125,1.0,0.0,0.0,0.0,0.0,0.0,0.0,0.0,0.0,0.0,1,0.0,1.0,,,,,,,,,,,
dendro,bigram,no_origin,12,unith,Faure,top_four,4H,30,105,127,1.0,0.0,0.0,0.0,0.0,0.0,0.0,0.0,0.0,0.0,1,0.0,1.0,,,,,,,,,,,
dendro,bigram,no_origin,12,unith,Faure,top_four,4H,30,106,128,1.0,0.0,0.0,0.0,0.0,0.0,0.0,0.0,0.0,0.0,1,0.0,1.0,,,,,,,,,,,
dendro,bigram,no_origin,12,unith,Faure,top_four,4H,30,107,129,1.0,0.0,0.0,0.0,0.0,0.0,0.0,0.0,0.0,0.0,1,0.0,1.0,,,,,,,,,,,
dendro,bigram,no_origin,12,unith,Faure,top_four,4H,30,108,130,1.0,0.0,0.0,0.0,0.0,0.0,0.0,0.0,0.0,0.0,1,0.0,1.0,,,,,,,,,,,
dendro,bigram,no_origin,12,unith,Faure,top_four,4H,30,109,131,0.9666666666666667,0.0,0.0,0.0,0.0,0.0,0.0,0.25,0.008333333333333333,0.04564354645876383,2,0.0,0.9666666666666667,,,,,,,,,,,
dendro,bigram,no_origin,12,unith,Faure,top_four,4H,30,110,132,1.0,0.0,0.0,0.0,0.0,0.0,0.0,0.0,0.0,0.0,1,0.0,1.0,,,,,,,,,,,
dendro,bigram,no_origin,12,unith,Faure,top_four,4H,30,111,133,1.0,0.0,0.0,0.0,0.0,0.0,0.0,0.0,0.0,0.0,1,0.0,1.0,,,,,,,,,,,
dendro,bigram,no_origin,12,unith,Faure,top_four,4H,30,112,134,1.0,0.0,0.0,0.0,0.0,0.0,0.0,0.0,0.0,0.0,1,0.0,1.0,,,,,,,,,,,
dendro,bigram,no_origin,12,unith,Faure,top_four,4H,30,113,135,1.0,0.0,0.0,0.0,0.0,0.0,0.0,0.0,0.0,0.0,1,0.0,1.0,,,,,,,,,,,
dendro,bigram,no_origin,12,unith,Faure,top_four,4H,30,114,136,1.0,0.0,0.0,0.0,0.0,0.0,0.0,0.0,0.0,0.0,1,0.0,1.0,,,,,,,,,,,
dendro,bigram,no_origin,12,unith,Faure,top_four,4H,30,115,137,0.9666666666666667,0.0,0.0,0.0,0.0,0.0,0.0,0.25,0.008333333333333333,0.04564354645876383,2,0.0,0.9666666666666667,,,,,,,,,,,
dendro,bigram,no_origin,12,unith,Faure,top_four,4H,30,116,139,1.0,0.0,0.0,0.0,0.0,0.0,0.0,0.0,0.0,0.0,1,0.0,1.0,,,,,,,,,,,
dendro,bigram,no_origin,12,unith,Faure,top_four,4H,30,117,140,1.0,0.0,0.0,0.0,0.0,0.0,0.0,0.0,0.0,0.0,1,0.0,1.0,,,,,,,,,,,
dendro,bigram,no_origin,12,unith,Faure,top_four,4H,30,118,141,1.0,0.0,0.0,0.0,0.0,0.0,0.0,0.0,0.0,0.0,1,0.0,1.0,,,,,,,,,,,
dendro,bigram,no_origin,12,unith,Faure,top_four,4H,30,119,142,1.0,0.0,0.0,0.0,0.0,0.0,0.0,0.0,0.0,0.0,1,0.0,1.0,,,,,,,,,,,
dendro,bigram,no_origin,12,unith,Faure,top_four,4H,30,120,143,1.0,0.0,0.0,0.0,0.0,0.0,0.0,0.0,0.0,0.0,1,0.0,1.0,,,,,,,,,,,
dendro,bigram,no_origin,12,unith,Faure,top_four,4H,30,__vector__,__vector__,0.9818181818181818,,,,,,,,,,,,,2.2,,,,,,,,,,
dendro,bigram,no_origin,12,unith,Faure,top_four,4S,183,0,0,1.0,0.0,0.0,0.0,0.0,0.0,0.0,0.0,0.0,0.0,1,0.0,1.0,,,,,,,,,,,
dendro,bigram,no_origin,12,unith,Faure,top_four,4S,183,1,1,0.9672131147540983,0.0,0.0,0.0,0.0,0.0,0.0,0.3333333432674408,0.010473588613864503,0.057320249858184014,3,0.0,0.9672131147540983,,,,,,,,,,,
dendro,bigram,no_origin,12,unith,Faure,top_four,4S,183,2,2,0.9890710382513661,0.0,0.0,0.0,0.0,0.0,0.0,0.25,0.002459016409728045,0.023603110686264635,3,0.0,0.9890710382513661,,,,,,,,,,,
dendro,bigram,no_origin,12,unith,Faure,top_four,4S,183,3,3,1.0,0.0,0.0,0.0,0.0,0.0,0.0,0.0,0.0,0.0,1,0.0,1.0,,,,,,,,,,,
dendro,bigram,no_origin,12,unith,Faure,top_four,4S,183,4,4,0.994535519125683,0.0,0.0,0.0,0.0,0.0,0.0,0.25,0.001366120218579235,0.01848053177386432,2,0.0,0.994535519125683,,,,,,,,,,,
dendro,bigram,no_origin,12,unith,Faure,top_four,4S,183,5,5,1.0,0.0,0.0,0.0,0.0,0.0,0.0,0.0,0.0,0.0,1,0.0,1.0,,,,,,,,,,,
dendro,bigram,no_origin,12,unith,Faure,top_four,4S,183,6,7,1.0,0.0,0.0,0.0,0.0,0.0,0.0,0.0,0.0,0.0,1,0.0,1.0,,,,,,,,,,,
dendro,bigram,no_origin,12,unith,Faure,top_four,4S,183,7,8,1.0,0.0,0.0,0.0,0.0,0.0,0.0,0.0,0.0,0.0,1,0.0,1.0,,,,,,,,,,,
dendro,bigram,no_origin,12,unith,Faure,top_four,4S,183,8,9,0.9562841530054644,0.0,0.0,0.0,0.0,0.0,0.0,1.0,0.014936247809988553,0.08771474044637574,5,0.0,0.9562841530054644,,,,,,,,,,,
dendro,bigram,no_origin,12,unith,Faure,top_four,4S,183,9,10,0.9890710382513661,0.0,0.0,0.0,0.0,0.0,0.0,0.5,0.004098360655737705,0.04123280390874364,3,0.0,0.9890710382513661,,,,,,,,,,,
dendro,bigram,no_origin,12,unith,Faure,top_four,4S,183,10,11,1.0,0.0,0.0,0.0,0.0,0.0,0.0,0.0,0.0,0.0,1,0.0,1.0,,,,,,,,,,,
dendro,bigram,no_origin,12,unith,Faure,top_four,4S,183,11,12,0.9398907103825137,0.0,0.0,0.0,0.0,0.0,0.20000000298023224,0.5,0.016666666894662577,0.06953535045492383,5,0.0,0.9398907103825137,,,,,,,,,,,
dendro,bigram,no_origin,12,unith,Faure,top_four,4S,183,12,13,1.0,0.0,0.0,0.0,0.0,0.0,0.0,0.0,0.0,0.0,1,0.0,1.0,,,,,,,,,,,
dendro,bigram,no_origin,12,unith,Faure,top_four,4S,183,13,14,0.8907103825136612,0.0,0.0,0.0,0.0,0.0,0.3333333432674408,0.5,0.036065574307910735,0.10823172305167685,5,0.0,0.8907103825136612,,,,,,,,,,,
dendro,bigram,no_origin,12,unith,Faure,top_four,4S,183,14,15,0.994535519125683,0.0,0.0,0.0,0.0,0.0,0.0,0.3333333432674408,0.0018214936790570536,0.02464070976616945,2,0.0,0.994535519125683,,,,,,,,,,,
dendro,bigram,no_origin,12,unith,Faure,top_four,4S,183,15,16,1.0,0.0,0.0,0.0,0.0,0.0,0.0,0.0,0.0,0.0,1,0.0,1.0,,,,,,,,,,,
dendro,bigram,no_origin,12,unith,Faure,top_four,4S,183,16,17,1.0,0.0,0.0,0.0,0.0,0.0,0.0,0.0,0.0,0.0,1,0.0,1.0,,,,,,,,,,,
dendro,bigram,no_origin,12,unith,Faure,top_four,4S,183,17,19,0.9508196721311475,0.0,0.0,0.0,0.0,0.0,0.0,0.5,0.013479052997026288,0.06307042588509601,5,0.0,0.9508196721311475,,,,,,,,,,,
dendro,bigram,no_origin,12,unith,Faure,top_four,4S,183,18,20,0.994535519125683,0.0,0.0,0.0,0.0,0.0,0.0,0.3333333432674408,0.0018214936790570536,0.024640709766169454,2,0.0,0.994535519125683,,,,,,,,,,,
dendro,bigram,no_origin,12,unith,Faure,top_four,4S,183,19,21,1.0,0.0,0.0,0.0,0.0,0.0,0.0,0.0,0.0,0.0,1,0.0,1.0,,,,,,,,,,,
dendro,bigram,no_origin,12,unith,Faure,top_four,4S,183,20,22,0.9726775956284153,0.0,0.0,0.0,0.0,0.0,0.0,0.3333333432674408,0.007923497446899205,0.04828625056477014,4,0.0,0.9726775956284153,,,,,,,,,,,
dendro,bigram,no_origin,12,unith,Faure,top_four,4S,183,21,23,1.0,0.0,0.0,0.0,0.0,0.0,0.0,0.0,0.0,0.0,1,0.0,1.0,,,,,,,,,,,
dendro,bigram,no_origin,12,unith,Faure,top_four,4S,183,22,24,0.726775956284153,0.0,0.0,0.0,0.0,0.20000000298023224,0.3333333432674408,0.5,0.0829690364214892,0.13911411431319357,6,0.0,0.726775956284153,,,,,,,,,,,
dendro,bigram,no_origin,12,unith,Faure,top_four,4S,183,23,25,0.912568306010929,0.0,0.0,0.0,0.0,0.0,0.25,0.5,0.029690346349783934,0.1022582091754443,5,0.0,0.912568306010929,,,,,,,,,,,
dendro,bigram,no_origin,12,unith,Faure,top_four,4S,183,24,26,1.0,0.0,0.0,0.0,0.0,0.0,0.0,0.0,0.0,0.0,1,0.0,1.0,,,,,,,,,,,
dendro,bigram,no_origin,12,unith,Faure,top_four,4S,183,25,27,0.9836065573770492,0.0,0.0,0.0,0.0,0.0,0.0,0.3333333432674408,0.004098360737164815,0.03300974935516829,4,0.0,0.9836065573770492,,,,,,,,,,,
dendro,bigram,no_origin,12,unith,Faure,top_four,4S,183,26,28,1.0,0.0,0.0,0.0,0.0,0.0,0.0,0.0,0.0,0.0,1,0.0,1.0,,,,,,,,,,,
dendro,bigram,no_origin,12,unith,Faure,top_four,4S,183,27,29,0.9617486338797814,0.0,0.0,0.0,0.0,0.0,0.0,0.3333333432674408,0.00919854290824119,0.047063605969140394,4,0.0,0.9617486338797814,,,,,,,,,,,
dendro,bigram,no_origin,12,unith,Faure,top_four,4S,183,28,31,1.0,0.0,0.0,0.0,0.0,0.0,0.0,0.0,0.0,0.0,1,0.0,1.0,,,,,,,,,,,
dendro,bigram,no_origin,12,unith,Faure,top_four,4S,183,29,32,1.0,0.0,0.0,0.0,0.0,0.0,0.0,0.0,0.0,0.0,1,0.0,1.0,,,,,,,,,,,
dendro,bigram,no_origin,12,unith,Faure,top_four,4S,183,30,33,0.9016393442622951,0.0,0.0,0.0,0.0,0.0,0.25,0.5,0.026411657939191726,0.08388496261791534,6,0.0,0.9016393442622951,,,,,,,,,,,
dendro,bigram,no_origin,12,unith,Faure,top_four,4S,183,31,34,0.9781420765027322,0.0,0.0,0.0,0.0,0.0,0.0,0.3333333432674408,0.005919854334794758,0.04006848136132237,3,0.0,0.9781420765027322,,,,,,,,,,,
dendro,bigram,no_origin,12,unith,Faure,top_four,4S,183,32,35,1.0,0.0,0.0,0.0,0.0,0.0,0.0,0.0,0.0,0.0,1,0.0,1.0,,,,,,,,,,,
dendro,bigram,no_origin,12,unith,Faure,top_four,4S,183,33,36,0.9890710382513661,0.0,0.0,0.0,0.0,0.0,0.0,0.3333333432674408,0.0031876138976362884,0.030719546365653164,3,0.0,0.9890710382513661,,,,,,,,,,,
dendro,bigram,no_origin,12,unith,Faure,top_four,4S,183,34,37,0.994535519125683,0.0,0.0,0.0,0.0,0.0,0.0,0.3333333432674408,0.0018214936790570536,0.02464070976616945,2,0.0,0.994535519125683,,,,,,,,,,,
dendro,bigram,no_origin,12,unith,Faure,top_four,4S,183,35,38,0.9508196721311475,0.0,0.0,0.0,0.0,0.0,0.0,0.5,0.012841530184928186,0.060502079907161437,6,0.0,0.9508196721311475,,,,,,,,,,,
dendro,bigram,no_origin,12,unith,Faure,top_four,4S,183,36,39,1.0,0.0,0.0,0.0,0.0,0.0,0.0,0.0,0.0,0.0,1,0.0,1.0,,,,,,,,,,,
dendro,bigram,no_origin,12,unith,Faure,top_four,4S,183,37,40,1.0,0.0,0.0,0.0,0.0,0.0,0.0,0.0,0.0,0.0,1,0.0,1.0,,,,,,,,,,,
dendro,bigram,no_origin,12,unith,Faure,top_four,4S,183,38,41,0.9890710382513661,0.0,0.0,0.0,0.0,0.0,0.0,0.25,0.002459016409728045,0.023603110686264635,3,0.0,0.9890710382513661,,,,,,,,,,,
dendro,bigram,no_origin,12,unith,Faure,top_four,4S,183,39,43,1.0,0.0,0.0,0.0,0.0,0.0,0.0,0.0,0.0,0.0,1,0.0,1.0,,,,,,,,,,,
dendro,bigram,no_origin,12,unith,Faure,top_four,4S,183,40,44,0.994535519125683,0.0,0.0,0.0,0.0,0.0,0.0,0.20000000298023224,0.00109289619114881,0.014784425639396566,2,0.0,0.994535519125683,,,,,,,,,,,
dendro,bigram,no_origin,12,unith,Faure,top_four,4S,183,41,45,0.994535519125683,0.0,0.0,0.0,0.0,0.0,0.0,0.3333333432674408,0.0018214936790570536,0.02464070976616945,2,0.0,0.994535519125683,,,,,,,,,,,
dendro,bigram,no_origin,12,unith,Faure,top_four,4S,183,42,46,0.9836065573770492,0.0,0.0,0.0,0.0,0.0,0.0,0.5,0.005646630307364333,0.04660308599031758,4,0.0,0.9836065573770492,,,,,,,,,,,
dendro,bigram,no_origin,12,unith,Faure,top_four,4S,183,43,47,0.994535519125683,0.0,0.0,0.0,0.0,0.0,0.0,0.3333333432674408,0.0018214936790570536,0.02464070976616945,2,0.0,0.994535519125683,,,,,,,,,,,
dendro,bigram,no_origin,12,unith,Faure,top_four,4S,183,44,48,1.0,0.0,0.0,0.0,0.0,0.0,0.0,0.0,0.0,0.0,1,0.0,1.0,,,,,,,,,,,
dendro,bigram,no_origin,12,unith,Faure,top_four,4S,183,45,49,0.9836065573770492,0.0,0.0,0.0,0.0,0.0,0.0,0.5,0.005919854334794758,0.0478779321338738,4,0.0,0.9836065573770492,,,,,,,,,,,
dendro,bigram,no_origin,12,unith,Faure,top_four,4S,183,46,50,1.0,0.0,0.0,0.0,0.0,0.0,0.0,0.0,0.0,0.0,1,0.0,1.0,,,,,,,,,,,
dendro,bigram,no_origin,12,unith,Faure,top_four,4S,183,47,51,1.0,0.0,0.0,0.0,0.0,0.0,0.0,0.0,0.0,0.0,1,0.0,1.0,,,,,,,,,,,
dendro,bigram,no_origin,12,unith,Faure,top_four,4S,183,48,52,1.0,0.0,0.0,0.0,0.0,0.0,0.0,0.0,0.0,0.0,1,0.0,1.0,,,,,,,,,,,
dendro,bigram,no_origin,12,unith,Faure,top_four,4S,183,49,53,1.0,0.0,0.0,0.0,0.0,0.0,0.0,0.0,0.0,0.0,1,0.0,1.0,,,,,,,,,,,
dendro,bigram,no_origin,12,unith,Faure,top_four,4S,183,50,55,0.994535519125683,0.0,0.0,0.0,0.0,0.0,0.0,0.25,0.001366120218579235,0.01848053177386432,2,0.0,0.994535519125683,,,,,,,,,,,
dendro,bigram,no_origin,12,unith,Faure,top_four,4S,183,51,56,1.0,0.0,0.0,0.0,0.0,0.0,0.0,0.0,0.0,0.0,1,0.0,1.0,,,,,,,,,,,
dendro,bigram,no_origin,12,unith,Faure,top_four,4S,183,52,57,1.0,0.0,0.0,0.0,0.0,0.0,0.0,0.0,0.0,0.0,1,0.0,1.0,,,,,,,,,,,
dendro,bigram,no_origin,12,unith,Faure,top_four,4S,183,53,58,1.0,0.0,0.0,0.0,0.0,0.0,0.0,0.0,0.0,0.0,1,0.0,1.0,,,,,,,,,,,
dendro,bigram,no_origin,12,unith,Faure,top_four,4S,183,54,59,1.0,0.0,0.0,0.0,0.0,0.0,0.0,0.0,0.0,0.0,1,0.0,1.0,,,,,,,,,,,
dendro,bigram,no_origin,12,unith,Faure,top_four,4S,183,55,60,0.9562841530054644,0.0,0.0,0.0,0.0,0.0,0.0,0.3333333432674408,0.012477231563114729,0.05945978384444538,4,0.0,0.9562841530054644,,,,,,,,,,,
dendro,bigram,no_origin,12,unith,Faure,top_four,4S,183,56,61,0.9890710382513661,0.0,0.0,0.0,0.0,0.0,0.0,0.5,0.00382513662830728,0.039732789178950054,3,0.0,0.9890710382513661,,,,,,,,,,,
dendro,bigram,no_origin,12,unith,Faure,top_four,4S,183,57,62,1.0,0.0,0.0,0.0,0.0,0.0,0.0,0.0,0.0,0.0,1,0.0,1.0,,,,,,,,,,,
dendro,bigram,no_origin,12,unith,Faure,top_four,4S,183,58,63,0.994535519125683,0.0,0.0,0.0,0.0,0.0,0.0,0.3333333432674408,0.0018214936790570536,0.024640709766169454,2,0.0,0.994535519125683,,,,,,,,,,,
dendro,bigram,no_origin,12,unith,Faure,top_four,4S,183,59,64,1.0,0.0,0.0,0.0,0.0,0.0,0.0,0.0,0.0,0.0,1,0.0,1.0,,,,,,,,,,,
dendro,bigram,no_origin,12,unith,Faure,top_four,4S,183,60,65,1.0,0.0,0.0,0.0,0.0,0.0,0.0,0.0,0.0,0.0,1,0.0,1.0,,,,,,,,,,,
dendro,bigram,no_origin,12,unith,Faure,top_four,4S,183,61,67,1.0,0.0,0.0,0.0,0.0,0.0,0.0,0.0,0.0,0.0,1,0.0,1.0,,,,,,,,,,,
dendro,bigram,no_origin,12,unith,Faure,top_four,4S,183,62,68,1.0,0.0,0.0,0.0,0.0,0.0,0.0,0.0,0.0,0.0,1,0.0,1.0,,,,,,,,,,,
dendro,bigram,no_origin,12,unith,Faure,top_four,4S,183,63,69,0.9781420765027322,0.0,0.0,0.0,0.0,0.0,0.0,0.5,0.007012750525943568,0.049978645018058626,5,0.0,0.9781420765027322,,,,,,,,,,,
dendro,bigram,no_origin,12,unith,Faure,top_four,4S,183,64,70,0.9836065573770492,0.0,0.0,0.0,0.0,0.0,0.0,1.0,0.012750455427690934,0.10693944201241293,3,0.0,0.9836065573770492,,,,,,,,,,,
dendro,bigram,no_origin,12,unith,Faure,top_four,4S,183,65,71,1.0,0.0,0.0,0.0,0.0,0.0,0.0,0.0,0.0,0.0,1,0.0,1.0,,,,,,,,,,,
dendro,bigram,no_origin,12,unith,Faure,top_four,4S,183,66,84,1.0,0.0,0.0,0.0,0.0,0.0,0.0,0.0,0.0,0.0,1,0.0,1.0,,,,,,,,,,,
dendro,bigram,no_origin,12,unith,Faure,top_four,4S,183,67,85,0.9836065573770492,0.0,0.0,0.0,0.0,0.0,0.0,0.5,0.007285974553373993,0.05748370456737474,3,0.0,0.9836065573770492,,,,,,,,,,,
dendro,bigram,no_origin,12,unith,Faure,top_four,4S,183,68,86,0.994535519125683,0.0,0.0,0.0,0.0,0.0,0.0,0.20000000298023224,0.00109289619114881,0.014784425639396564,2,0.0,0.994535519125683,,,,,,,,,,,
dendro,bigram,no_origin,12,unith,Faure,top_four,4S,183,69,87,1.0,0.0,0.0,0.0,0.0,0.0,0.0,0.0,0.0,0.0,1,0.0,1.0,,,,,,,,,,,
dendro,bigram,no_origin,12,unith,Faure,top_four,4S,183,70,88,0.994535519125683,0.0,0.0,0.0,0.0,0.0,0.0,0.25,0.001366120218579235,0.01848053177386432,2,0.0,0.994535519125683,,,,,,,,,,,
dendro,bigram,no_origin,12,unith,Faure,top_four,4S,183,71,89,1.0,0.0,0.0,0.0,0.0,0.0,0.0,0.0,0.0,0.0,1,0.0,1.0,,,,,,,,,,,
dendro,bigram,no_origin,12,unith,Faure,top_four,4S,183,72,91,1.0,0.0,0.0,0.0,0.0,0.0,0.0,0.0,0.0,0.0,1,0.0,1.0,,,,,,,,,,,
dendro,bigram,no_origin,12,unith,Faure,top_four,4S,183,73,92,1.0,0.0,0.0,0.0,0.0,0.0,0.0,0.0,0.0,0.0,1,0.0,1.0,,,,,,,,,,,
dendro,bigram,no_origin,12,unith,Faure,top_four,4S,183,74,93,0.994535519125683,0.0,0.0,0.0,0.0,0.0,0.0,0.5,0.00273224043715847,0.03696106354772864,2,0.0,0.994535519125683,,,,,,,,,,,
dendro,bigram,no_origin,12,unith,Faure,top_four,4S,183,75,94,0.994535519125683,0.0,0.0,0.0,0.0,0.0,0.0,0.20000000298023224,0.00109289619114881,0.014784425639396564,2,0.0,0.994535519125683,,,,,,,,,,,
dendro,bigram,no_origin,12,unith,Faure,top_four,4S,183,76,95,0.9781420765027322,0.0,0.0,0.0,0.0,0.0,0.0,0.5,0.006739526498513144,0.048764912474269374,4,0.0,0.9781420765027322,,,,,,,,,,,
dendro,bigram,no_origin,12,unith,Faure,top_four,4S,183,77,96,1.0,0.0,0.0,0.0,0.0,0.0,0.0,0.0,0.0,0.0,1,0.0,1.0,,,,,,,,,,,
dendro,bigram,no_origin,12,unith,Faure,top_four,4S,183,78,97,0.994535519125683,0.0,0.0,0.0,0.0,0.0,0.0,0.5,0.00273224043715847,0.03696106354772864,2,0.0,0.994535519125683,,,,,,,,,,,
dendro,bigram,no_origin,12,unith,Faure,top_four,4S,183,79,98,1.0,0.0,0.0,0.0,0.0,0.0,0.0,0.0,0.0,0.0,1,0.0,1.0,,,,,,,,,,,
dendro,bigram,no_origin,12,unith,Faure,top_four,4S,183,80,99,1.0,0.0,0.0,0.0,0.0,0.0,0.0,0.0,0.0,0.0,1,0.0,1.0,,,,,,,,,,,
dendro,bigram,no_origin,12,unith,Faure,top_four,4S,183,81,100,1.0,0.0,0.0,0.0,0.0,0.0,0.0,0.0,0.0,0.0,1,0.0,1.0,,,,,,,,,,,
dendro,bigram,no_origin,12,unith,Faure,top_four,4S,183,82,101,1.0,0.0,0.0,0.0,0.0,0.0,0.0,0.0,0.0,0.0,1,0.0,1.0,,,,,,,,,,,
dendro,bigram,no_origin,12,unith,Faure,top_four,4S,183,83,103,1.0,0.0,0.0,0.0,0.0,0.0,0.0,0.0,0.0,0.0,1,0.0,1.0,,,,,,,,,,,
dendro,bigram,no_origin,12,unith,Faure,top_four,4S,183,84,104,1.0,0.0,0.0,0.0,0.0,0.0,0.0,0.0,0.0,0.0,1,0.0,1.0,,,,,,,,,,,
dendro,bigram,no_origin,12,unith,Faure,top_four,4S,183,85,105,0.994535519125683,0.0,0.0,0.0,0.0,0.0,0.0,0.3333333432674408,0.0018214936790570536,0.024640709766169454,2,0.0,0.994535519125683,,,,,,,,,,,
dendro,bigram,no_origin,12,unith,Faure,top_four,4S,183,86,106,0.994535519125683,0.0,0.0,0.0,0.0,0.0,0.0,0.20000000298023224,0.00109289619114881,0.014784425639396566,2,0.0,0.994535519125683,,,,,,,,,,,
dendro,bigram,no_origin,12,unith,Faure,top_four,4S,183,87,107,1.0,0.0,0.0,0.0,0.0,0.0,0.0,0.0,0.0,0.0,1,0.0,1.0,,,,,,,,,,,
dendro,bigram,no_origin,12,unith,Faure,top_four,4S,183,88,108,0.9234972677595629,0.0,0.0,0.0,0.0,0.0,0.20000000298023224,0.5,0.022040073093169375,0.08373509575882014,6,0.0,0.9234972677595629,,,,,,,,,,,
dendro,bigram,no_origin,12,unith,Faure,top_four,4S,183,89,109,0.9672131147540983,0.0,0.0,0.0,0.0,0.0,0.0,0.3333333432674408,0.008105646717092378,0.0448800442709959,4,0.0,0.9672131147540983,,,,,,,,,,,
dendro,bigram,no_origin,12,unith,Faure,top_four,4S,183,90,110,0.819672131147541,0.0,0.0,0.0,0.0,0.0,0.3333333432674408,0.5,0.05992714108013716,0.13482497126374726,5,0.0,0.819672131147541,,,,,,,,,,,
dendro,bigram,no_origin,12,unith,Faure,top_four,4S,183,91,111,0.9890710382513661,0.0,0.0,0.0,0.0,0.0,0.0,0.3333333432674408,0.0029143898702058634,0.028666017100334614,3,0.0,0.9890710382513661,,,,,,,,,,,
dendro,bigram,no_origin,12,unith,Faure,top_four,4S,183,92,112,1.0,0.0,0.0,0.0,0.0,0.0,0.0,0.0,0.0,0.0,1,0.0,1.0,,,,,,,,,,,
dendro,bigram,no_origin,12,unith,Faure,top_four,4S,183,93,113,0.9781420765027322,0.0,0.0,0.0,0.0,0.0,0.0,0.3333333432674408,0.0072859747162282145,0.04887356628913198,2,0.0,0.9781420765027322,,,,,,,,,,,
dendro,bigram,no_origin,12,unith,Faure,top_four,4S,183,94,115,0.9836065573770492,0.0,0.0,0.0,0.0,0.0,0.0,0.5,0.005646630307364333,0.04660308599031757,4,0.0,0.9836065573770492,,,,,,,,,,,
dendro,bigram,no_origin,12,unith,Faure,top_four,4S,183,95,116,1.0,0.0,0.0,0.0,0.0,0.0,0.0,0.0,0.0,0.0,1,0.0,1.0,,,,,,,,,,,
dendro,bigram,no_origin,12,unith,Faure,top_four,4S,183,96,117,1.0,0.0,0.0,0.0,0.0,0.0,0.0,0.0,0.0,0.0,1,0.0,1.0,,,,,,,,,,,
dendro,bigram,no_origin,12,unith,Faure,top_four,4S,183,97,118,0.9672131147540983,0.0,0.0,0.0,0.0,0.0,0.0,0.3333333432674408,0.007832422689661953,0.04353125999698971,4,0.0,0.9672131147540983,,,,,,,,,,,
dendro,bigram,no_origin,12,unith,Faure,top_four,4S,183,98,119,0.9890710382513661,0.0,0.0,0.0,0.0,0.0,0.0,0.25,0.00273224043715847,0.02606351917462506,2,0.0,0.9890710382513661,,,,,,,,,,,
dendro,bigram,no_origin,12,unith,Faure,top_four,4S,183,99,120,0.9781420765027322,0.0,0.0,0.0,0.0,0.0,0.0,0.3333333432674408,0.005646630307364333,0.038536144552974515,4,0.0,0.9781420765027322,,,,,,,,,,,
dendro,bigram,no_origin,12,unith,Faure,top_four,4S,183,100,121,0.994535519125683,0.0,0.0,0.0,0.0,0.0,0.0,0.3333333432674408,0.0018214936790570536,0.024640709766169454,2,0.0,0.994535519125683,,,,,,,,,,,
dendro,bigram,no_origin,12,unith,Faure,top_four,4S,183,101,122,0.9453551912568307,0.0,0.0,0.0,0.0,0.0,0.18000000268221014,0.3333333432674408,0.012932604942165438,0.055302121111789095,4,0.0,0.9453551912568307,,,,,,,,,,,
dendro,bigram,no_origin,12,unith,Faure,top_four,4S,183,102,123,0.994535519125683,0.0,0.0,0.0,0.0,0.0,0.0,0.20000000298023224,0.00109289619114881,0.014784425639396566,2,0.0,0.994535519125683,,,,,,,,,,,
dendro,bigram,no_origin,12,unith,Faure,top_four,4S,183,103,124,1.0,0.0,0.0,0.0,0.0,0.0,0.0,0.0,0.0,0.0,1,0.0,1.0,,,,,,,,,,,
dendro,bigram,no_origin,12,unith,Faure,top_four,4S,183,104,125,1.0,0.0,0.0,0.0,0.0,0.0,0.0,0.0,0.0,0.0,1,0.0,1.0,,,,,,,,,,,
dendro,bigram,no_origin,12,unith,Faure,top_four,4S,183,105,127,1.0,0.0,0.0,0.0,0.0,0.0,0.0,0.0,0.0,0.0,1,0.0,1.0,,,,,,,,,,,
dendro,bigram,no_origin,12,unith,Faure,top_four,4S,183,106,128,1.0,0.0,0.0,0.0,0.0,0.0,0.0,0.0,0.0,0.0,1,0.0,1.0,,,,,,,,,,,
dendro,bigram,no_origin,12,unith,Faure,top_four,4S,183,107,129,0.9562841530054644,0.0,0.0,0.0,0.0,0.0,0.0,0.5,0.01147540988492184,0.05722049327019397,4,0.0,0.9562841530054644,,,,,,,,,,,
dendro,bigram,no_origin,12,unith,Faure,top_four,4S,183,108,130,1.0,0.0,0.0,0.0,0.0,0.0,0.0,0.0,0.0,0.0,1,0.0,1.0,,,,,,,,,,,
dendro,bigram,no_origin,12,unith,Faure,top_four,4S,183,109,131,0.994535519125683,0.0,0.0,0.0,0.0,0.0,0.0,0.25,0.001366120218579235,0.01848053177386432,2,0.0,0.994535519125683,,,,,,,,,,,
dendro,bigram,no_origin,12,unith,Faure,top_four,4S,183,110,132,1.0,0.0,0.0,0.0,0.0,0.0,0.0,0.0,0.0,0.0,1,0.0,1.0,,,,,,,,,,,
dendro,bigram,no_origin,12,unith,Faure,top_four,4S,183,111,133,0.9726775956284153,0.0,0.0,0.0,0.0,0.0,0.0,0.5,0.009562841692908865,0.05879272493465119,4,0.0,0.9726775956284153,,,,,,,,,,,
dendro,bigram,no_origin,12,unith,Faure,top_four,4S,183,112,134,0.994535519125683,0.0,0.0,0.0,0.0,0.0,0.0,0.25,0.001366120218579235,0.01848053177386432,2,0.0,0.994535519125683,,,,,,,,,,,
dendro,bigram,no_origin,12,unith,Faure,top_four,4S,183,113,135,0.9836065573770492,0.0,0.0,0.0,0.0,0.0,0.0,0.25,0.00382513662830728,0.029864382617521217,3,0.0,0.9836065573770492,,,,,,,,,,,
dendro,bigram,no_origin,12,unith,Faure,top_four,4S,183,114,136,0.994535519125683,0.0,0.0,0.0,0.0,0.0,0.0,0.5,0.00273224043715847,0.03696106354772864,2,0.0,0.994535519125683,,,,,,,,,,,
dendro,bigram,no_origin,12,unith,Faure,top_four,4S,183,115,137,1.0,0.0,0.0,0.0,0.0,0.0,0.0,0.0,0.0,0.0,1,0.0,1.0,,,,,,,,,,,
dendro,bigram,no_origin,12,unith,Faure,top_four,4S,183,116,139,0.994535519125683,0.0,0.0,0.0,0.0,0.0,0.0,0.3333333432674408,0.0018214936790570536,0.02464070976616945,2,0.0,0.994535519125683,,,,,,,,,,,
dendro,bigram,no_origin,12,unith,Faure,top_four,4S,183,117,140,0.994535519125683,0.0,0.0,0.0,0.0,0.0,0.0,0.20000000298023224,0.00109289619114881,0.014784425639396564,2,0.0,0.994535519125683,,,,,,,,,,,
dendro,bigram,no_origin,12,unith,Faure,top_four,4S,183,118,141,0.994535519125683,0.0,0.0,0.0,0.0,0.0,0.0,0.20000000298023224,0.00109289619114881,0.014784425639396564,2,0.0,0.994535519125683,,,,,,,,,,,
dendro,bigram,no_origin,12,unith,Faure,top_four,4S,183,119,142,1.0,0.0,0.0,0.0,0.0,0.0,0.0,0.0,0.0,0.0,1,0.0,1.0,,,,,,,,,,,
dendro,bigram,no_origin,12,unith,Faure,top_four,4S,183,120,143,1.0,0.0,0.0,0.0,0.0,0.0,0.0,0.0,0.0,0.0,1,0.0,1.0,,,,,,,,,,,
dendro,bigram,no_origin,12,unith,Faure,top_four,4S,183,__vector__,__vector__,0.9851871923406946,,,,,,,,,,,,,1.7923497267759563,,,,,,,,,,
dendro,bigram,no_origin,12,unith,Faure,top_four,5H,46,0,0,1.0,0.0,0.0,0.0,0.0,0.0,0.0,0.0,0.0,0.0,1,0.0,1.0,,,,,,,,,,,
dendro,bigram,no_origin,12,unith,Faure,top_four,5H,46,1,1,0.9782608695652174,0.0,0.0,0.0,0.0,0.0,0.0,0.25,0.005434782608695652,0.03686048903872428,2,0.0,0.9782608695652174,,,,,,,,,,,
dendro,bigram,no_origin,12,unith,Faure,top_four,5H,46,2,2,1.0,0.0,0.0,0.0,0.0,0.0,0.0,0.0,0.0,0.0,1,0.0,1.0,,,,,,,,,,,
dendro,bigram,no_origin,12,unith,Faure,top_four,5H,46,3,3,1.0,0.0,0.0,0.0,0.0,0.0,0.0,0.0,0.0,0.0,1,0.0,1.0,,,,,,,,,,,
dendro,bigram,no_origin,12,unith,Faure,top_four,5H,46,4,4,1.0,0.0,0.0,0.0,0.0,0.0,0.0,0.0,0.0,0.0,1,0.0,1.0,,,,,,,,,,,
dendro,bigram,no_origin,12,unith,Faure,top_four,5H,46,5,5,1.0,0.0,0.0,0.0,0.0,0.0,0.0,0.0,0.0,0.0,1,0.0,1.0,,,,,,,,,,,
dendro,bigram,no_origin,12,unith,Faure,top_four,5H,46,6,7,1.0,0.0,0.0,0.0,0.0,0.0,0.0,0.0,0.0,0.0,1,0.0,1.0,,,,,,,,,,,
dendro,bigram,no_origin,12,unith,Faure,top_four,5H,46,7,8,1.0,0.0,0.0,0.0,0.0,0.0,0.0,0.0,0.0,0.0,1,0.0,1.0,,,,,,,,,,,
dendro,bigram,no_origin,12,unith,Faure,top_four,5H,46,8,9,1.0,0.0,0.0,0.0,0.0,0.0,0.0,0.0,0.0,0.0,1,0.0,1.0,,,,,,,,,,,
dendro,bigram,no_origin,12,unith,Faure,top_four,5H,46,9,10,0.9782608695652174,0.0,0.0,0.0,0.0,0.0,0.0,0.25,0.005434782608695652,0.03686048903872428,2,0.0,0.9782608695652174,,,,,,,,,,,
dendro,bigram,no_origin,12,unith,Faure,top_four,5H,46,10,11,1.0,0.0,0.0,0.0,0.0,0.0,0.0,0.0,0.0,0.0,1,0.0,1.0,,,,,,,,,,,
dendro,bigram,no_origin,12,unith,Faure,top_four,5H,46,11,12,0.9347826086956522,0.0,0.0,0.0,0.0,0.0,0.1875,0.5,0.02717391304347826,0.10837513129000399,3,0.0,0.9347826086956522,,,,,,,,,,,
dendro,bigram,no_origin,12,unith,Faure,top_four,5H,46,12,13,1.0,0.0,0.0,0.0,0.0,0.0,0.0,0.0,0.0,0.0,1,0.0,1.0,,,,,,,,,,,
dendro,bigram,no_origin,12,unith,Faure,top_four,5H,46,13,14,0.9782608695652174,0.0,0.0,0.0,0.0,0.0,0.0,0.25,0.005434782608695652,0.03686048903872428,2,0.0,0.9782608695652174,,,,,,,,,,,
dendro,bigram,no_origin,12,unith,Faure,top_four,5H,46,14,15,1.0,0.0,0.0,0.0,0.0,0.0,0.0,0.0,0.0,0.0,1,0.0,1.0,,,,,,,,,,,
dendro,bigram,no_origin,12,unith,Faure,top_four,5H,46,15,16,0.9782608695652174,0.0,0.0,0.0,0.0,0.0,0.0,0.3333333432674408,0.0072463770275530606,0.04914732018300327,2,0.0,0.9782608695652174,,,,,,,,,,,
dendro,bigram,no_origin,12,unith,Faure,top_four,5H,46,16,17,1.0,0.0,0.0,0.0,0.0,0.0,0.0,0.0,0.0,0.0,1,0.0,1.0,,,,,,,,,,,
dendro,bigram,no_origin,12,unith,Faure,top_four,5H,46,17,19,0.8043478260869565,0.0,0.0,0.0,0.0,0.0,0.3333333432674408,0.5,0.0652173919522244,0.14045016319766201,4,0.0,0.8043478260869565,,,,,,,,,,,
dendro,bigram,no_origin,12,unith,Faure,top_four,5H,46,18,20,1.0,0.0,0.0,0.0,0.0,0.0,0.0,0.0,0.0,0.0,1,0.0,1.0,,,,,,,,,,,
dendro,bigram,no_origin,12,unith,Faure,top_four,5H,46,19,21,1.0,0.0,0.0,0.0,0.0,0.0,0.0,0.0,0.0,0.0,1,0.0,1.0,,,,,,,,,,,
dendro,bigram,no_origin,12,unith,Faure,top_four,5H,46,20,22,0.9347826086956522,0.0,0.0,0.0,0.0,0.0,0.1875,0.3333333432674408,0.018115942244944366,0.07008161892733519,3,0.0,0.9347826086956522,,,,,,,,,,,
dendro,bigram,no_origin,12,unith,Faure,top_four,5H,46,21,23,1.0,0.0,0.0,0.0,0.0,0.0,0.0,0.0,0.0,0.0,1,0.0,1.0,,,,,,,,,,,
dendro,bigram,no_origin,12,unith,Faure,top_four,5H,46,22,24,0.8913043478260869,0.0,0.0,0.0,0.0,0.0,0.25,0.3333333432674408,0.02898550746233567,0.08465141255798396,3,0.0,0.8913043478260869,,,,,,,,,,,
dendro,bigram,no_origin,12,unith,Faure,top_four,5H,46,23,25,0.9782608695652174,0.0,0.0,0.0,0.0,0.0,0.0,0.3333333432674408,0.0072463770275530606,0.04914732018300327,2,0.0,0.9782608695652174,,,,,,,,,,,
dendro,bigram,no_origin,12,unith,Faure,top_four,5H,46,24,26,1.0,0.0,0.0,0.0,0.0,0.0,0.0,0.0,0.0,0.0,1,0.0,1.0,,,,,,,,,,,
dendro,bigram,no_origin,12,unith,Faure,top_four,5H,46,25,27,1.0,0.0,0.0,0.0,0.0,0.0,0.0,0.0,0.0,0.0,1,0.0,1.0,,,,,,,,,,,
dendro,bigram,no_origin,12,unith,Faure,top_four,5H,46,26,28,1.0,0.0,0.0,0.0,0.0,0.0,0.0,0.0,0.0,0.0,1,0.0,1.0,,,,,,,,,,,
dendro,bigram,no_origin,12,unith,Faure,top_four,5H,46,27,29,1.0,0.0,0.0,0.0,0.0,0.0,0.0,0.0,0.0,0.0,1,0.0,1.0,,,,,,,,,,,
dendro,bigram,no_origin,12,unith,Faure,top_four,5H,46,28,31,1.0,0.0,0.0,0.0,0.0,0.0,0.0,0.0,0.0,0.0,1,0.0,1.0,,,,,,,,,,,
dendro,bigram,no_origin,12,unith,Faure,top_four,5H,46,29,32,1.0,0.0,0.0,0.0,0.0,0.0,0.0,0.0,0.0,0.0,1,0.0,1.0,,,,,,,,,,,
dendro,bigram,no_origin,12,unith,Faure,top_four,5H,46,30,33,0.8260869565217391,0.0,0.0,0.0,0.0,0.0,0.3333333432674408,0.5,0.05978260999140532,0.13455808538103214,4,0.0,0.8260869565217391,,,,,,,,,,,
dendro,bigram,no_origin,12,unith,Faure,top_four,5H,46,31,34,0.9565217391304348,0.0,0.0,0.0,0.0,0.0,0.0,0.5,0.016304347826086956,0.08168662873450991,3,0.0,0.9565217391304348,,,,,,,,,,,
dendro,bigram,no_origin,12,unith,Faure,top_four,5H,46,32,35,1.0,0.0,0.0,0.0,0.0,0.0,0.0,0.0,0.0,0.0,1,0.0,1.0,,,,,,,,,,,
dendro,bigram,no_origin,12,unith,Faure,top_four,5H,46,33,36,1.0,0.0,0.0,0.0,0.0,0.0,0.0,0.0,0.0,0.0,1,0.0,1.0,,,,,,,,,,,
dendro,bigram,no_origin,12,unith,Faure,top_four,5H,46,34,37,1.0,0.0,0.0,0.0,0.0,0.0,0.0,0.0,0.0,0.0,1,0.0,1.0,,,,,,,,,,,
dendro,bigram,no_origin,12,unith,Faure,top_four,5H,46,35,38,1.0,0.0,0.0,0.0,0.0,0.0,0.0,0.0,0.0,0.0,1,0.0,1.0,,,,,,,,,,,
dendro,bigram,no_origin,12,unith,Faure,top_four,5H,46,36,39,1.0,0.0,0.0,0.0,0.0,0.0,0.0,0.0,0.0,0.0,1,0.0,1.0,,,,,,,,,,,
dendro,bigram,no_origin,12,unith,Faure,top_four,5H,46,37,40,1.0,0.0,0.0,0.0,0.0,0.0,0.0,0.0,0.0,0.0,1,0.0,1.0,,,,,,,,,,,
dendro,bigram,no_origin,12,unith,Faure,top_four,5H,46,38,41,1.0,0.0,0.0,0.0,0.0,0.0,0.0,0.0,0.0,0.0,1,0.0,1.0,,,,,,,,,,,
dendro,bigram,no_origin,12,unith,Faure,top_four,5H,46,39,43,1.0,0.0,0.0,0.0,0.0,0.0,0.0,0.0,0.0,0.0,1,0.0,1.0,,,,,,,,,,,
dendro,bigram,no_origin,12,unith,Faure,top_four,5H,46,40,44,1.0,0.0,0.0,0.0,0.0,0.0,0.0,0.0,0.0,0.0,1,0.0,1.0,,,,,,,,,,,
dendro,bigram,no_origin,12,unith,Faure,top_four,5H,46,41,45,1.0,0.0,0.0,0.0,0.0,0.0,0.0,0.0,0.0,0.0,1,0.0,1.0,,,,,,,,,,,
dendro,bigram,no_origin,12,unith,Faure,top_four,5H,46,42,46,1.0,0.0,0.0,0.0,0.0,0.0,0.0,0.0,0.0,0.0,1,0.0,1.0,,,,,,,,,,,
dendro,bigram,no_origin,12,unith,Faure,top_four,5H,46,43,47,1.0,0.0,0.0,0.0,0.0,0.0,0.0,0.0,0.0,0.0,1,0.0,1.0,,,,,,,,,,,
dendro,bigram,no_origin,12,unith,Faure,top_four,5H,46,44,48,1.0,0.0,0.0,0.0,0.0,0.0,0.0,0.0,0.0,0.0,1,0.0,1.0,,,,,,,,,,,
dendro,bigram,no_origin,12,unith,Faure,top_four,5H,46,45,49,1.0,0.0,0.0,0.0,0.0,0.0,0.0,0.0,0.0,0.0,1,0.0,1.0,,,,,,,,,,,
dendro,bigram,no_origin,12,unith,Faure,top_four,5H,46,46,50,1.0,0.0,0.0,0.0,0.0,0.0,0.0,0.0,0.0,0.0,1,0.0,1.0,,,,,,,,,,,
dendro,bigram,no_origin,12,unith,Faure,top_four,5H,46,47,51,1.0,0.0,0.0,0.0,0.0,0.0,0.0,0.0,0.0,0.0,1,0.0,1.0,,,,,,,,,,,
dendro,bigram,no_origin,12,unith,Faure,top_four,5H,46,48,52,1.0,0.0,0.0,0.0,0.0,0.0,0.0,0.0,0.0,0.0,1,0.0,1.0,,,,,,,,,,,
dendro,bigram,no_origin,12,unith,Faure,top_four,5H,46,49,53,1.0,0.0,0.0,0.0,0.0,0.0,0.0,0.0,0.0,0.0,1,0.0,1.0,,,,,,,,,,,
dendro,bigram,no_origin,12,unith,Faure,top_four,5H,46,50,55,1.0,0.0,0.0,0.0,0.0,0.0,0.0,0.0,0.0,0.0,1,0.0,1.0,,,,,,,,,,,
dendro,bigram,no_origin,12,unith,Faure,top_four,5H,46,51,56,1.0,0.0,0.0,0.0,0.0,0.0,0.0,0.0,0.0,0.0,1,0.0,1.0,,,,,,,,,,,
dendro,bigram,no_origin,12,unith,Faure,top_four,5H,46,52,57,1.0,0.0,0.0,0.0,0.0,0.0,0.0,0.0,0.0,0.0,1,0.0,1.0,,,,,,,,,,,
dendro,bigram,no_origin,12,unith,Faure,top_four,5H,46,53,58,1.0,0.0,0.0,0.0,0.0,0.0,0.0,0.0,0.0,0.0,1,0.0,1.0,,,,,,,,,,,
dendro,bigram,no_origin,12,unith,Faure,top_four,5H,46,54,59,1.0,0.0,0.0,0.0,0.0,0.0,0.0,0.0,0.0,0.0,1,0.0,1.0,,,,,,,,,,,
dendro,bigram,no_origin,12,unith,Faure,top_four,5H,46,55,60,0.9782608695652174,0.0,0.0,0.0,0.0,0.0,0.0,0.3333333432674408,0.0072463770275530606,0.04914732018300327,2,0.0,0.9782608695652174,,,,,,,,,,,
dendro,bigram,no_origin,12,unith,Faure,top_four,5H,46,56,61,1.0,0.0,0.0,0.0,0.0,0.0,0.0,0.0,0.0,0.0,1,0.0,1.0,,,,,,,,,,,
dendro,bigram,no_origin,12,unith,Faure,top_four,5H,46,57,62,0.9782608695652174,0.0,0.0,0.0,0.0,0.0,0.0,0.5,0.010869565217391304,0.07372097807744855,2,0.0,0.9782608695652174,,,,,,,,,,,
dendro,bigram,no_origin,12,unith,Faure,top_four,5H,46,58,63,1.0,0.0,0.0,0.0,0.0,0.0,0.0,0.0,0.0,0.0,1,0.0,1.0,,,,,,,,,,,
dendro,bigram,no_origin,12,unith,Faure,top_four,5H,46,59,64,1.0,0.0,0.0,0.0,0.0,0.0,0.0,0.0,0.0,0.0,1,0.0,1.0,,,,,,,,,,,
dendro,bigram,no_origin,12,unith,Faure,top_four,5H,46,60,65,1.0,0.0,0.0,0.0,0.0,0.0,0.0,0.0,0.0,0.0,1,0.0,1.0,,,,,,,,,,,
dendro,bigram,no_origin,12,unith,Faure,top_four,5H,46,61,67,1.0,0.0,0.0,0.0,0.0,0.0,0.0,0.0,0.0,0.0,1,0.0,1.0,,,,,,,,,,,
dendro,bigram,no_origin,12,unith,Faure,top_four,5H,46,62,68,1.0,0.0,0.0,0.0,0.0,0.0,0.0,0.0,0.0,0.0,1,0.0,1.0,,,,,,,,,,,
dendro,bigram,no_origin,12,unith,Faure,top_four,5H,46,63,69,1.0,0.0,0.0,0.0,0.0,0.0,0.0,0.0,0.0,0.0,1,0.0,1.0,,,,,,,,,,,
dendro,bigram,no_origin,12,unith,Faure,top_four,5H,46,64,70,1.0,0.0,0.0,0.0,0.0,0.0,0.0,0.0,0.0,0.0,1,0.0,1.0,,,,,,,,,,,
dendro,bigram,no_origin,12,unith,Faure,top_four,5H,46,65,71,1.0,0.0,0.0,0.0,0.0,0.0,0.0,0.0,0.0,0.0,1,0.0,1.0,,,,,,,,,,,
dendro,bigram,no_origin,12,unith,Faure,top_four,5H,46,66,84,1.0,0.0,0.0,0.0,0.0,0.0,0.0,0.0,0.0,0.0,1,0.0,1.0,,,,,,,,,,,
dendro,bigram,no_origin,12,unith,Faure,top_four,5H,46,67,85,0.9565217391304348,0.0,0.0,0.0,0.0,0.0,0.0,0.3333333432674408,0.012681159636248713,0.060775319275495454,3,0.0,0.9565217391304348,,,,,,,,,,,
dendro,bigram,no_origin,12,unith,Faure,top_four,5H,46,68,86,0.9782608695652174,0.0,0.0,0.0,0.0,0.0,0.0,0.3333333432674408,0.0072463770275530606,0.04914732018300327,2,0.0,0.9782608695652174,,,,,,,,,,,
dendro,bigram,no_origin,12,unith,Faure,top_four,5H,46,69,87,1.0,0.0,0.0,0.0,0.0,0.0,0.0,0.0,0.0,0.0,1,0.0,1.0,,,,,,,,,,,
dendro,bigram,no_origin,12,unith,Faure,top_four,5H,46,70,88,1.0,0.0,0.0,0.0,0.0,0.0,0.0,0.0,0.0,0.0,1,0.0,1.0,,,,,,,,,,,
dendro,bigram,no_origin,12,unith,Faure,top_four,5H,46,71,89,1.0,0.0,0.0,0.0,0.0,0.0,0.0,0.0,0.0,0.0,1,0.0,1.0,,,,,,,,,,,
dendro,bigram,no_origin,12,unith,Faure,top_four,5H,46,72,91,1.0,0.0,0.0,0.0,0.0,0.0,0.0,0.0,0.0,0.0,1,0.0,1.0,,,,,,,,,,,
dendro,bigram,no_origin,12,unith,Faure,top_four,5H,46,73,92,1.0,0.0,0.0,0.0,0.0,0.0,0.0,0.0,0.0,0.0,1,0.0,1.0,,,,,,,,,,,
dendro,bigram,no_origin,12,unith,Faure,top_four,5H,46,74,93,0.9782608695652174,0.0,0.0,0.0,0.0,0.0,0.0,0.25,0.005434782608695652,0.03686048903872428,2,0.0,0.9782608695652174,,,,,,,,,,,
dendro,bigram,no_origin,12,unith,Faure,top_four,5H,46,75,94,0.9782608695652174,0.0,0.0,0.0,0.0,0.0,0.0,0.20000000298023224,0.004347826151744179,0.02948839167039069,2,0.0,0.9782608695652174,,,,,,,,,,,
dendro,bigram,no_origin,12,unith,Faure,top_four,5H,46,76,95,0.9782608695652174,0.0,0.0,0.0,0.0,0.0,0.0,0.3333333432674408,0.0072463770275530606,0.04914732018300327,2,0.0,0.9782608695652174,,,,,,,,,,,
dendro,bigram,no_origin,12,unith,Faure,top_four,5H,46,77,96,1.0,0.0,0.0,0.0,0.0,0.0,0.0,0.0,0.0,0.0,1,0.0,1.0,,,,,,,,,,,
dendro,bigram,no_origin,12,unith,Faure,top_four,5H,46,78,97,1.0,0.0,0.0,0.0,0.0,0.0,0.0,0.0,0.0,0.0,1,0.0,1.0,,,,,,,,,,,
dendro,bigram,no_origin,12,unith,Faure,top_four,5H,46,79,98,1.0,0.0,0.0,0.0,0.0,0.0,0.0,0.0,0.0,0.0,1,0.0,1.0,,,,,,,,,,,
dendro,bigram,no_origin,12,unith,Faure,top_four,5H,46,80,99,1.0,0.0,0.0,0.0,0.0,0.0,0.0,0.0,0.0,0.0,1,0.0,1.0,,,,,,,,,,,
dendro,bigram,no_origin,12,unith,Faure,top_four,5H,46,81,100,1.0,0.0,0.0,0.0,0.0,0.0,0.0,0.0,0.0,0.0,1,0.0,1.0,,,,,,,,,,,
dendro,bigram,no_origin,12,unith,Faure,top_four,5H,46,82,101,1.0,0.0,0.0,0.0,0.0,0.0,0.0,0.0,0.0,0.0,1,0.0,1.0,,,,,,,,,,,
dendro,bigram,no_origin,12,unith,Faure,top_four,5H,46,83,103,1.0,0.0,0.0,0.0,0.0,0.0,0.0,0.0,0.0,0.0,1,0.0,1.0,,,,,,,,,,,
dendro,bigram,no_origin,12,unith,Faure,top_four,5H,46,84,104,1.0,0.0,0.0,0.0,0.0,0.0,0.0,0.0,0.0,0.0,1,0.0,1.0,,,,,,,,,,,
dendro,bigram,no_origin,12,unith,Faure,top_four,5H,46,85,105,1.0,0.0,0.0,0.0,0.0,0.0,0.0,0.0,0.0,0.0,1,0.0,1.0,,,,,,,,,,,
dendro,bigram,no_origin,12,unith,Faure,top_four,5H,46,86,106,1.0,0.0,0.0,0.0,0.0,0.0,0.0,0.0,0.0,0.0,1,0.0,1.0,,,,,,,,,,,
dendro,bigram,no_origin,12,unith,Faure,top_four,5H,46,87,107,1.0,0.0,0.0,0.0,0.0,0.0,0.0,0.0,0.0,0.0,1,0.0,1.0,,,,,,,,,,,
dendro,bigram,no_origin,12,unith,Faure,top_four,5H,46,88,108,0.9347826086956522,0.0,0.0,0.0,0.0,0.0,0.15000000223517418,0.5,0.020652173977831135,0.08600780789512402,4,0.0,0.9347826086956522,,,,,,,,,,,
dendro,bigram,no_origin,12,unith,Faure,top_four,5H,46,89,109,1.0,0.0,0.0,0.0,0.0,0.0,0.0,0.0,0.0,0.0,1,0.0,1.0,,,,,,,,,,,
dendro,bigram,no_origin,12,unith,Faure,top_four,5H,46,90,110,0.9565217391304348,0.0,0.0,0.0,0.0,0.0,0.0,0.3333333432674408,0.014492754055106121,0.06872819236238042,2,0.0,0.9565217391304348,,,,,,,,,,,
dendro,bigram,no_origin,12,unith,Faure,top_four,5H,46,91,111,1.0,0.0,0.0,0.0,0.0,0.0,0.0,0.0,0.0,0.0,1,0.0,1.0,,,,,,,,,,,
dendro,bigram,no_origin,12,unith,Faure,top_four,5H,46,92,112,1.0,0.0,0.0,0.0,0.0,0.0,0.0,0.0,0.0,0.0,1,0.0,1.0,,,,,,,,,,,
dendro,bigram,no_origin,12,unith,Faure,top_four,5H,46,93,113,0.9782608695652174,0.0,0.0,0.0,0.0,0.0,0.0,0.3333333432674408,0.0072463770275530606,0.04914732018300327,2,0.0,0.9782608695652174,,,,,,,,,,,
dendro,bigram,no_origin,12,unith,Faure,top_four,5H,46,94,115,1.0,0.0,0.0,0.0,0.0,0.0,0.0,0.0,0.0,0.0,1,0.0,1.0,,,,,,,,,,,
dendro,bigram,no_origin,12,unith,Faure,top_four,5H,46,95,116,1.0,0.0,0.0,0.0,0.0,0.0,0.0,0.0,0.0,0.0,1,0.0,1.0,,,,,,,,,,,
dendro,bigram,no_origin,12,unith,Faure,top_four,5H,46,96,117,1.0,0.0,0.0,0.0,0.0,0.0,0.0,0.0,0.0,0.0,1,0.0,1.0,,,,,,,,,,,
dendro,bigram,no_origin,12,unith,Faure,top_four,5H,46,97,118,0.9565217391304348,0.0,0.0,0.0,0.0,0.0,0.0,0.3333333432674408,0.014492754055106121,0.06872819236238042,2,0.0,0.9565217391304348,,,,,,,,,,,
dendro,bigram,no_origin,12,unith,Faure,top_four,5H,46,98,119,0.9782608695652174,0.0,0.0,0.0,0.0,0.0,0.0,0.5,0.010869565217391304,0.07372097807744855,2,0.0,0.9782608695652174,,,,,,,,,,,
dendro,bigram,no_origin,12,unith,Faure,top_four,5H,46,99,120,0.9565217391304348,0.0,0.0,0.0,0.0,0.0,0.0,0.3333333432674408,0.012681159636248713,0.060775319275495454,3,0.0,0.9565217391304348,,,,,,,,,,,
dendro,bigram,no_origin,12,unith,Faure,top_four,5H,46,100,121,1.0,0.0,0.0,0.0,0.0,0.0,0.0,0.0,0.0,0.0,1,0.0,1.0,,,,,,,,,,,
dendro,bigram,no_origin,12,unith,Faure,top_four,5H,46,101,122,0.8913043478260869,0.0,0.0,0.0,0.0,0.0,0.25,0.3333333432674408,0.030797101881193077,0.09019645314420839,3,0.0,0.8913043478260869,,,,,,,,,,,
dendro,bigram,no_origin,12,unith,Faure,top_four,5H,46,102,123,1.0,0.0,0.0,0.0,0.0,0.0,0.0,0.0,0.0,0.0,1,0.0,1.0,,,,,,,,,,,
dendro,bigram,no_origin,12,unith,Faure,top_four,5H,46,103,124,1.0,0.0,0.0,0.0,0.0,0.0,0.0,0.0,0.0,0.0,1,0.0,1.0,,,,,,,,,,,
dendro,bigram,no_origin,12,unith,Faure,top_four,5H,46,104,125,0.9782608695652174,0.0,0.0,0.0,0.0,0.0,0.0,0.5,0.010869565217391304,0.07372097807744855,2,0.0,0.9782608695652174,,,,,,,,,,,
dendro,bigram,no_origin,12,unith,Faure,top_four,5H,46,105,127,1.0,0.0,0.0,0.0,0.0,0.0,0.0,0.0,0.0,0.0,1,0.0,1.0,,,,,,,,,,,
dendro,bigram,no_origin,12,unith,Faure,top_four,5H,46,106,128,1.0,0.0,0.0,0.0,0.0,0.0,0.0,0.0,0.0,0.0,1,0.0,1.0,,,,,,,,,,,
dendro,bigram,no_origin,12,unith,Faure,top_four,5H,46,107,129,0.9565217391304348,0.0,0.0,0.0,0.0,0.0,0.0,0.3333333432674408,0.012681159636248713,0.060775319275495454,3,0.0,0.9565217391304348,,,,,,,,,,,
dendro,bigram,no_origin,12,unith,Faure,top_four,5H,46,108,130,1.0,0.0,0.0,0.0,0.0,0.0,0.0,0.0,0.0,0.0,1,0.0,1.0,,,,,,,,,,,
dendro,bigram,no_origin,12,unith,Faure,top_four,5H,46,109,131,0.9782608695652174,0.0,0.0,0.0,0.0,0.0,0.0,0.20000000298023224,0.004347826151744179,0.02948839167039069,2,0.0,0.9782608695652174,,,,,,,,,,,
dendro,bigram,no_origin,12,unith,Faure,top_four,5H,46,110,132,1.0,0.0,0.0,0.0,0.0,0.0,0.0,0.0,0.0,0.0,1,0.0,1.0,,,,,,,,,,,
dendro,bigram,no_origin,12,unith,Faure,top_four,5H,46,111,133,1.0,0.0,0.0,0.0,0.0,0.0,0.0,0.0,0.0,0.0,1,0.0,1.0,,,,,,,,,,,
dendro,bigram,no_origin,12,unith,Faure,top_four,5H,46,112,134,1.0,0.0,0.0,0.0,0.0,0.0,0.0,0.0,0.0,0.0,1,0.0,1.0,,,,,,,,,,,
dendro,bigram,no_origin,12,unith,Faure,top_four,5H,46,113,135,1.0,0.0,0.0,0.0,0.0,0.0,0.0,0.0,0.0,0.0,1,0.0,1.0,,,,,,,,,,,
dendro,bigram,no_origin,12,unith,Faure,top_four,5H,46,114,136,1.0,0.0,0.0,0.0,0.0,0.0,0.0,0.0,0.0,0.0,1,0.0,1.0,,,,,,,,,,,
dendro,bigram,no_origin,12,unith,Faure,top_four,5H,46,115,137,1.0,0.0,0.0,0.0,0.0,0.0,0.0,0.0,0.0,0.0,1,0.0,1.0,,,,,,,,,,,
dendro,bigram,no_origin,12,unith,Faure,top_four,5H,46,116,139,1.0,0.0,0.0,0.0,0.0,0.0,0.0,0.0,0.0,0.0,1,0.0,1.0,,,,,,,,,,,
dendro,bigram,no_origin,12,unith,Faure,top_four,5H,46,117,140,1.0,0.0,0.0,0.0,0.0,0.0,0.0,0.0,0.0,0.0,1,0.0,1.0,,,,,,,,,,,
dendro,bigram,no_origin,12,unith,Faure,top_four,5H,46,118,141,0.9565217391304348,0.0,0.0,0.0,0.0,0.0,0.0,0.3333333432674408,0.01159420317929724,0.05675043685534302,3,0.0,0.9565217391304348,,,,,,,,,,,
dendro,bigram,no_origin,12,unith,Faure,top_four,5H,46,119,142,0.9782608695652174,0.0,0.0,0.0,0.0,0.0,0.0,0.25,0.005434782608695652,0.03686048903872428,2,0.0,0.9782608695652174,,,,,,,,,,,
dendro,bigram,no_origin,12,unith,Faure,top_four,5H,46,120,143,1.0,0.0,0.0,0.0,0.0,0.0,0.0,0.0,0.0,0.0,1,0.0,1.0,,,,,,,,,,,
dendro,bigram,no_origin,12,unith,Faure,top_four,5H,46,__vector__,__vector__,0.9881422924901185,,,,,,,,,,,,,1.434782608695652,,,,,,,,,,
dendro,bigram,no_origin,12,unith,Faure,top_four,5S,213,0,0,1.0,0.0,0.0,0.0,0.0,0.0,0.0,0.0,0.0,0.0,1,0.0,1.0,,,,,,,,,,,
dendro,bigram,no_origin,12,unith,Faure,top_four,5S,213,1,1,0.9812206572769953,0.0,0.0,0.0,0.0,0.0,0.0,0.3333333432674408,0.004694835750709677,0.03496589047798055,4,0.0,0.9812206572769953,,,,,,,,,,,
dendro,bigram,no_origin,12,unith,Faure,top_four,5S,213,2,2,0.9906103286384976,0.0,0.0,0.0,0.0,0.0,0.0,0.3333333432674408,0.0025039124236979956,0.026579863542097265,3,0.0,0.9906103286384976,,,,,,,,,,,
dendro,bigram,no_origin,12,unith,Faure,top_four,5S,213,3,3,1.0,0.0,0.0,0.0,0.0,0.0,0.0,0.0,0.0,0.0,1,0.0,1.0,,,,,,,,,,,
dendro,bigram,no_origin,12,unith,Faure,top_four,5S,213,4,4,1.0,0.0,0.0,0.0,0.0,0.0,0.0,0.0,0.0,0.0,1,0.0,1.0,,,,,,,,,,,
dendro,bigram,no_origin,12,unith,Faure,top_four,5S,213,5,5,1.0,0.0,0.0,0.0,0.0,0.0,0.0,0.0,0.0,0.0,1,0.0,1.0,,,,,,,,,,,
dendro,bigram,no_origin,12,unith,Faure,top_four,5S,213,6,7,1.0,0.0,0.0,0.0,0.0,0.0,0.0,0.0,0.0,0.0,1,0.0,1.0,,,,,,,,,,,
dendro,bigram,no_origin,12,unith,Faure,top_four,5S,213,7,8,1.0,0.0,0.0,0.0,0.0,0.0,0.0,0.0,0.0,0.0,1,0.0,1.0,,,,,,,,,,,
dendro,bigram,no_origin,12,unith,Faure,top_four,5S,213,8,9,0.9389671361502347,0.0,0.0,0.0,0.0,0.0,0.20000000298023224,0.3333333432674408,0.015101721658952919,0.060852200004750404,5,0.0,0.9389671361502347,,,,,,,,,,,
dendro,bigram,no_origin,12,unith,Faure,top_four,5S,213,9,10,0.9859154929577465,0.0,0.0,0.0,0.0,0.0,0.0,0.5,0.004694835680751174,0.0417938090296159,3,0.0,0.9859154929577465,,,,,,,,,,,
dendro,bigram,no_origin,12,unith,Faure,top_four,5S,213,10,11,0.9953051643192489,0.0,0.0,0.0,0.0,0.0,0.0,0.25,0.0011737089201877935,0.0171297177456883,2,0.0,0.9953051643192489,,,,,,,,,,,
dendro,bigram,no_origin,12,unith,Faure,top_four,5S,213,11,12,0.9530516431924883,0.0,0.0,0.0,0.0,0.0,0.0,0.5,0.012128325625204705,0.058166952927481815,5,0.0,0.9530516431924883,,,,,,,,,,,
dendro,bigram,no_origin,12,unith,Faure,top_four,5S,213,12,13,1.0,0.0,0.0,0.0,0.0,0.0,0.0,0.0,0.0,0.0,1,0.0,1.0,,,,,,,,,,,
dendro,bigram,no_origin,12,unith,Faure,top_four,5S,213,13,14,0.9671361502347418,0.0,0.0,0.0,0.0,0.0,0.0,0.5,0.010563380421607147,0.05936240420271889,4,0.0,0.9671361502347418,,,,,,,,,,,
dendro,bigram,no_origin,12,unith,Faure,top_four,5S,213,14,15,0.9812206572769953,0.0,0.0,0.0,0.0,0.0,0.0,0.5,0.005633802830893109,0.043882316773035286,4,0.0,0.9812206572769953,,,,,,,,,,,
dendro,bigram,no_origin,12,unith,Faure,top_four,5S,213,15,16,0.9577464788732394,0.0,0.0,0.0,0.0,0.0,0.0,0.5,0.01643192516246312,0.08006939700397686,3,0.0,0.9577464788732394,,,,,,,,,,,
dendro,bigram,no_origin,12,unith,Faure,top_four,5S,213,16,17,0.9906103286384976,0.0,0.0,0.0,0.0,0.0,0.0,0.3333333432674408,0.0027386541937438535,0.028484816331651543,3,0.0,0.9906103286384976,,,,,,,,,,,
dendro,bigram,no_origin,12,unith,Faure,top_four,5S,213,17,19,0.863849765258216,0.0,0.0,0.0,0.0,0.0,0.3333333432674408,0.5,0.04139280179296861,0.10858819033217207,5,0.0,0.863849765258216,,,,,,,,,,,
dendro,bigram,no_origin,12,unith,Faure,top_four,5S,213,18,20,0.9953051643192489,0.0,0.0,0.0,0.0,0.0,0.0,0.5,0.002347417840375587,0.03425943549137659,2,0.0,0.9953051643192489,,,,,,,,,,,
dendro,bigram,no_origin,12,unith,Faure,top_four,5S,213,19,21,1.0,0.0,0.0,0.0,0.0,0.0,0.0,0.0,0.0,0.0,1,0.0,1.0,,,,,,,,,,,
dendro,bigram,no_origin,12,unith,Faure,top_four,5S,213,20,22,0.9859154929577465,0.0,0.0,0.0,0.0,0.0,0.0,0.5,0.00508607203411944,0.04440918262562988,4,0.0,0.9859154929577465,,,,,,,,,,,
dendro,bigram,no_origin,12,unith,Faure,top_four,5S,213,21,23,0.9859154929577465,0.0,0.0,0.0,0.0,0.0,0.0,0.3333333432674408,0.0039123631139316465,0.03314140765591115,3,0.0,0.9859154929577465,,,,,,,,,,,
dendro,bigram,no_origin,12,unith,Faure,top_four,5S,213,22,24,0.8591549295774648,0.0,0.0,0.0,0.0,0.0,0.25,0.3333333432674408,0.03787167496244672,0.0953464304026562,5,0.0,0.8591549295774648,,,,,,,,,,,
dendro,bigram,no_origin,12,unith,Faure,top_four,5S,213,23,25,0.9812206572769953,0.0,0.0,0.0,0.0,0.0,0.0,0.5,0.005790297414215518,0.045244084008931394,4,0.0,0.9812206572769953,,,,,,,,,,,
dendro,bigram,no_origin,12,unith,Faure,top_four,5S,213,24,26,1.0,0.0,0.0,0.0,0.0,0.0,0.0,0.0,0.0,0.0,1,0.0,1.0,,,,,,,,,,,
dendro,bigram,no_origin,12,unith,Faure,top_four,5S,213,25,27,0.9859154929577465,0.0,0.0,0.0,0.0,0.0,0.0,0.25,0.003051643220471664,0.025745162054467665,3,0.0,0.9859154929577465,,,,,,,,,,,
dendro,bigram,no_origin,12,unith,Faure,top_four,5S,213,26,28,1.0,0.0,0.0,0.0,0.0,0.0,0.0,0.0,0.0,0.0,1,0.0,1.0,,,,,,,,,,,
dendro,bigram,no_origin,12,unith,Faure,top_four,5S,213,27,29,0.9812206572769953,0.0,0.0,0.0,0.0,0.0,0.0,0.5,0.0062597809543072334,0.047472173729594856,4,0.0,0.9812206572769953,,,,,,,,,,,
dendro,bigram,no_origin,12,unith,Faure,top_four,5S,213,28,31,1.0,0.0,0.0,0.0,0.0,0.0,0.0,0.0,0.0,0.0,1,0.0,1.0,,,,,,,,,,,
dendro,bigram,no_origin,12,unith,Faure,top_four,5S,213,29,32,1.0,0.0,0.0,0.0,0.0,0.0,0.0,0.0,0.0,0.0,1,0.0,1.0,,,,,,,,,,,
dendro,bigram,no_origin,12,unith,Faure,top_four,5S,213,30,33,0.8873239436619719,0.0,0.0,0.0,0.0,0.0,0.2833333373069744,0.5,0.03575899875219999,0.10638972745275166,6,0.0,0.8873239436619719,,,,,,,,,,,
dendro,bigram,no_origin,12,unith,Faure,top_four,5S,213,31,34,0.9812206572769953,0.0,0.0,0.0,0.0,0.0,0.0,0.5,0.007042253661043767,0.05197831425991414,3,0.0,0.9812206572769953,,,,,,,,,,,
dendro,bigram,no_origin,12,unith,Faure,top_four,5S,213,32,35,1.0,0.0,0.0,0.0,0.0,0.0,0.0,0.0,0.0,0.0,1,0.0,1.0,,,,,,,,,,,
dendro,bigram,no_origin,12,unith,Faure,top_four,5S,213,33,36,0.9953051643192489,0.0,0.0,0.0,0.0,0.0,0.0,0.5,0.002347417840375587,0.0342594354913766,2,0.0,0.9953051643192489,,,,,,,,,,,
dendro,bigram,no_origin,12,unith,Faure,top_four,5S,213,34,37,0.9859154929577465,0.0,0.0,0.0,0.0,0.0,0.0,0.5,0.004460093910705316,0.04053084732316988,4,0.0,0.9859154929577465,,,,,,,,,,,
dendro,bigram,no_origin,12,unith,Faure,top_four,5S,213,35,38,0.9765258215962441,0.0,0.0,0.0,0.0,0.0,0.0,0.25,0.005242566547483346,0.03430052954047851,4,0.0,0.9765258215962441,,,,,,,,,,,
dendro,bigram,no_origin,12,unith,Faure,top_four,5S,213,36,39,1.0,0.0,0.0,0.0,0.0,0.0,0.0,0.0,0.0,0.0,1,0.0,1.0,,,,,,,,,,,
dendro,bigram,no_origin,12,unith,Faure,top_four,5S,213,37,40,0.9906103286384976,0.0,0.0,0.0,0.0,0.0,0.0,0.5,0.0035211267605633804,0.03823087479255042,3,0.0,0.9906103286384976,,,,,,,,,,,
dendro,bigram,no_origin,12,unith,Faure,top_four,5S,213,38,41,0.9953051643192489,0.0,0.0,0.0,0.0,0.0,0.0,0.25,0.0011737089201877935,0.017129717745688295,2,0.0,0.9953051643192489,,,,,,,,,,,
dendro,bigram,no_origin,12,unith,Faure,top_four,5S,213,39,43,1.0,0.0,0.0,0.0,0.0,0.0,0.0,0.0,0.0,0.0,1,0.0,1.0,,,,,,,,,,,
dendro,bigram,no_origin,12,unith,Faure,top_four,5S,213,40,44,1.0,0.0,0.0,0.0,0.0,0.0,0.0,0.0,0.0,0.0,1,0.0,1.0,,,,,,,,,,,
dendro,bigram,no_origin,12,unith,Faure,top_four,5S,213,41,45,0.9812206572769953,0.0,0.0,0.0,0.0,0.0,0.0,0.3333333432674408,0.004616588494027725,0.034276310283653674,4,0.0,0.9812206572769953,,,,,,,,,,,
dendro,bigram,no_origin,12,unith,Faure,top_four,5S,213,42,46,0.9906103286384976,0.0,0.0,0.0,0.0,0.0,0.0,0.5,0.0032863849905175224,0.03683847530346041,3,0.0,0.9906103286384976,,,,,,,,,,,
dendro,bigram,no_origin,12,unith,Faure,top_four,5S,213,43,47,1.0,0.0,0.0,0.0,0.0,0.0,0.0,0.0,0.0,0.0,1,0.0,1.0,,,,,,,,,,,
dendro,bigram,no_origin,12,unith,Faure,top_four,5S,213,44,48,1.0,0.0,0.0,0.0,0.0,0.0,0.0,0.0,0.0,0.0,1,0.0,1.0,,,,,,,,,,,
dendro,bigram,no_origin,12,unith,Faure,top_four,5S,213,45,49,0.9577464788732394,0.0,0.0,0.0,0.0,0.0,0.0,0.5,0.015258216242275328,0.07459252525612768,4,0.0,0.9577464788732394,,,,,,,,,,,
dendro,bigram,no_origin,12,unith,Faure,top_four,5S,213,46,50,1.0,0.0,0.0,0.0,0.0,0.0,0.0,0.0,0.0,0.0,1,0.0,1.0,,,,,,,,,,,
dendro,bigram,no_origin,12,unith,Faure,top_four,5S,213,47,51,0.9906103286384976,0.0,0.0,0.0,0.0,0.0,0.0,0.25,0.002347417840375587,0.024167876999818566,2,0.0,0.9906103286384976,,,,,,,,,,,
dendro,bigram,no_origin,12,unith,Faure,top_four,5S,213,48,52,1.0,0.0,0.0,0.0,0.0,0.0,0.0,0.0,0.0,0.0,1,0.0,1.0,,,,,,,,,,,
dendro,bigram,no_origin,12,unith,Faure,top_four,5S,213,49,53,1.0,0.0,0.0,0.0,0.0,0.0,0.0,0.0,0.0,0.0,1,0.0,1.0,,,,,,,,,,,
dendro,bigram,no_origin,12,unith,Faure,top_four,5S,213,50,55,1.0,0.0,0.0,0.0,0.0,0.0,0.0,0.0,0.0,0.0,1,0.0,1.0,,,,,,,,,,,
dendro,bigram,no_origin,12,unith,Faure,top_four,5S,213,51,56,0.9953051643192489,0.0,0.0,0.0,0.0,0.0,0.0,0.25,0.0011737089201877935,0.017129717745688295,2,0.0,0.9953051643192489,,,,,,,,,,,
dendro,bigram,no_origin,12,unith,Faure,top_four,5S,213,52,57,0.9812206572769953,0.0,0.0,0.0,0.0,0.0,0.0,0.3333333432674408,0.00625978109422424,0.045354894885422506,2,0.0,0.9812206572769953,,,,,,,,,,,
dendro,bigram,no_origin,12,unith,Faure,top_four,5S,213,53,58,1.0,0.0,0.0,0.0,0.0,0.0,0.0,0.0,0.0,0.0,1,0.0,1.0,,,,,,,,,,,
dendro,bigram,no_origin,12,unith,Faure,top_four,5S,213,54,59,1.0,0.0,0.0,0.0,0.0,0.0,0.0,0.0,0.0,0.0,1,0.0,1.0,,,,,,,,,,,
dendro,bigram,no_origin,12,unith,Faure,top_four,5S,213,55,60,0.9671361502347418,0.0,0.0,0.0,0.0,0.0,0.0,0.5,0.010954616774975414,0.061194235223973284,4,0.0,0.9671361502347418,,,,,,,,,,,
dendro,bigram,no_origin,12,unith,Faure,top_four,5S,213,56,61,1.0,0.0,0.0,0.0,0.0,0.0,0.0,0.0,0.0,0.0,1,0.0,1.0,,,,,,,,,,,
dendro,bigram,no_origin,12,unith,Faure,top_four,5S,213,57,62,0.9765258215962441,0.0,0.0,0.0,0.0,0.0,0.0,0.5,0.008998435148051088,0.06016781698623509,4,0.0,0.9765258215962441,,,,,,,,,,,
dendro,bigram,no_origin,12,unith,Faure,top_four,5S,213,58,63,0.9953051643192489,0.0,0.0,0.0,0.0,0.0,0.0,0.5,0.002347417840375587,0.0342594354913766,2,0.0,0.9953051643192489,,,,,,,,,,,
dendro,bigram,no_origin,12,unith,Faure,top_four,5S,213,59,64,1.0,0.0,0.0,0.0,0.0,0.0,0.0,0.0,0.0,0.0,1,0.0,1.0,,,,,,,,,,,
dendro,bigram,no_origin,12,unith,Faure,top_four,5S,213,60,65,1.0,0.0,0.0,0.0,0.0,0.0,0.0,0.0,0.0,0.0,1,0.0,1.0,,,,,,,,,,,
dendro,bigram,no_origin,12,unith,Faure,top_four,5S,213,61,67,1.0,0.0,0.0,0.0,0.0,0.0,0.0,0.0,0.0,0.0,1,0.0,1.0,,,,,,,,,,,
dendro,bigram,no_origin,12,unith,Faure,top_four,5S,213,62,68,1.0,0.0,0.0,0.0,0.0,0.0,0.0,0.0,0.0,0.0,1,0.0,1.0,,,,,,,,,,,
dendro,bigram,no_origin,12,unith,Faure,top_four,5S,213,63,69,0.9765258215962441,0.0,0.0,0.0,0.0,0.0,0.0,1.0,0.01017214406823888,0.07906238848256471,4,0.0,0.9765258215962441,,,,,,,,,,,
dendro,bigram,no_origin,12,unith,Faure,top_four,5S,213,64,70,1.0,0.0,0.0,0.0,0.0,0.0,0.0,0.0,0.0,0.0,1,0.0,1.0,,,,,,,,,,,
dendro,bigram,no_origin,12,unith,Faure,top_four,5S,213,65,71,1.0,0.0,0.0,0.0,0.0,0.0,0.0,0.0,0.0,0.0,1,0.0,1.0,,,,,,,,,,,
dendro,bigram,no_origin,12,unith,Faure,top_four,5S,213,66,84,0.9765258215962441,0.0,0.0,0.0,0.0,0.0,0.0,0.3333333432674408,0.006572770120952051,0.04366097287901604,3,0.0,0.9765258215962441,,,,,,,,,,,
dendro,bigram,no_origin,12,unith,Faure,top_four,5S,213,67,85,0.9624413145539906,0.0,0.0,0.0,0.0,0.0,0.0,0.5,0.012519561908614467,0.06654678935580567,4,0.0,0.9624413145539906,,,,,,,,,,,
dendro,bigram,no_origin,12,unith,Faure,top_four,5S,213,68,86,0.9953051643192489,0.0,0.0,0.0,0.0,0.0,0.0,0.25,0.0011737089201877935,0.017129717745688295,2,0.0,0.9953051643192489,,,,,,,,,,,
dendro,bigram,no_origin,12,unith,Faure,top_four,5S,213,69,87,1.0,0.0,0.0,0.0,0.0,0.0,0.0,0.0,0.0,0.0,1,0.0,1.0,,,,,,,,,,,
dendro,bigram,no_origin,12,unith,Faure,top_four,5S,213,70,88,0.9671361502347418,0.0,0.0,0.0,0.0,0.0,0.0,0.3333333432674408,0.010172144208155888,0.05573335873043834,3,0.0,0.9671361502347418,,,,,,,,,,,
dendro,bigram,no_origin,12,unith,Faure,top_four,5S,213,71,89,1.0,0.0,0.0,0.0,0.0,0.0,0.0,0.0,0.0,0.0,1,0.0,1.0,,,,,,,,,,,
dendro,bigram,no_origin,12,unith,Faure,top_four,5S,213,72,91,1.0,0.0,0.0,0.0,0.0,0.0,0.0,0.0,0.0,0.0,1,0.0,1.0,,,,,,,,,,,
dendro,bigram,no_origin,12,unith,Faure,top_four,5S,213,73,92,1.0,0.0,0.0,0.0,0.0,0.0,0.0,0.0,0.0,0.0,1,0.0,1.0,,,,,,,,,,,
dendro,bigram,no_origin,12,unith,Faure,top_four,5S,213,74,93,0.971830985915493,0.0,0.0,0.0,0.0,0.0,0.0,0.5,0.008215962441314555,0.0508476296607009,3,0.0,0.971830985915493,,,,,,,,,,,
dendro,bigram,no_origin,12,unith,Faure,top_four,5S,213,75,94,1.0,0.0,0.0,0.0,0.0,0.0,0.0,0.0,0.0,0.0,1,0.0,1.0,,,,,,,,,,,
dendro,bigram,no_origin,12,unith,Faure,top_four,5S,213,76,95,0.9953051643192489,0.0,0.0,0.0,0.0,0.0,0.0,0.1666666716337204,0.00078247263677803,0.011419812170795773,2,0.0,0.9953051643192489,,,,,,,,,,,
dendro,bigram,no_origin,12,unith,Faure,top_four,5S,213,77,96,1.0,0.0,0.0,0.0,0.0,0.0,0.0,0.0,0.0,0.0,1,0.0,1.0,,,,,,,,,,,
dendro,bigram,no_origin,12,unith,Faure,top_four,5S,213,78,97,1.0,0.0,0.0,0.0,0.0,0.0,0.0,0.0,0.0,0.0,1,0.0,1.0,,,,,,,,,,,
dendro,bigram,no_origin,12,unith,Faure,top_four,5S,213,79,98,0.9906103286384976,0.0,0.0,0.0,0.0,0.0,0.0,0.25,0.002347417840375587,0.02416787699981857,2,0.0,0.9906103286384976,,,,,,,,,,,
dendro,bigram,no_origin,12,unith,Faure,top_four,5S,213,80,99,0.9953051643192489,0.0,0.0,0.0,0.0,0.0,0.0,0.20000000298023224,0.0009389671501419354,0.013703774400752782,2,0.0,0.9953051643192489,,,,,,,,,,,
dendro,bigram,no_origin,12,unith,Faure,top_four,5S,213,81,100,1.0,0.0,0.0,0.0,0.0,0.0,0.0,0.0,0.0,0.0,1,0.0,1.0,,,,,,,,,,,
dendro,bigram,no_origin,12,unith,Faure,top_four,5S,213,82,101,1.0,0.0,0.0,0.0,0.0,0.0,0.0,0.0,0.0,0.0,1,0.0,1.0,,,,,,,,,,,
dendro,bigram,no_origin,12,unith,Faure,top_four,5S,213,83,103,1.0,0.0,0.0,0.0,0.0,0.0,0.0,0.0,0.0,0.0,1,0.0,1.0,,,,,,,,,,,
dendro,bigram,no_origin,12,unith,Faure,top_four,5S,213,84,104,1.0,0.0,0.0,0.0,0.0,0.0,0.0,0.0,0.0,0.0,1,0.0,1.0,,,,,,,,,,,
dendro,bigram,no_origin,12,unith,Faure,top_four,5S,213,85,105,1.0,0.0,0.0,0.0,0.0,0.0,0.0,0.0,0.0,0.0,1,0.0,1.0,,,,,,,,,,,
dendro,bigram,no_origin,12,unith,Faure,top_four,5S,213,86,106,1.0,0.0,0.0,0.0,0.0,0.0,0.0,0.0,0.0,0.0,1,0.0,1.0,,,,,,,,,,,
dendro,bigram,no_origin,12,unith,Faure,top_four,5S,213,87,107,1.0,0.0,0.0,0.0,0.0,0.0,0.0,0.0,0.0,0.0,1,0.0,1.0,,,,,,,,,,,
dendro,bigram,no_origin,12,unith,Faure,top_four,5S,213,88,108,0.9389671361502347,0.0,0.0,0.0,0.0,0.0,0.25,0.5,0.016979655819319782,0.06913592303607528,5,0.0,0.9389671361502347,,,,,,,,,,,
dendro,bigram,no_origin,12,unith,Faure,top_four,5S,213,89,109,0.9483568075117371,0.0,0.0,0.0,0.0,0.0,0.08000000119208835,0.5,0.015884194295730947,0.07098375289902516,6,0.0,0.9483568075117371,,,,,,,,,,,
dendro,bigram,no_origin,12,unith,Faure,top_four,5S,213,90,110,0.8826291079812206,0.0,0.0,0.0,0.0,0.0,0.3333333432674408,0.5,0.03982785658937105,0.11501901173248974,6,0.0,0.8826291079812206,,,,,,,,,,,
dendro,bigram,no_origin,12,unith,Faure,top_four,5S,213,91,111,0.9953051643192489,0.0,0.0,0.0,0.0,0.0,0.0,0.5,0.002347417840375587,0.03425943549137659,2,0.0,0.9953051643192489,,,,,,,,,,,
dendro,bigram,no_origin,12,unith,Faure,top_four,5S,213,92,112,0.9812206572769953,0.0,0.0,0.0,0.0,0.0,0.0,0.5,0.008607198794682821,0.06314595451537393,3,0.0,0.9812206572769953,,,,,,,,,,,
dendro,bigram,no_origin,12,unith,Faure,top_four,5S,213,93,113,0.971830985915493,0.0,0.0,0.0,0.0,0.0,0.0,0.5,0.009780907854787621,0.05894383236185805,4,0.0,0.971830985915493,,,,,,,,,,,
dendro,bigram,no_origin,12,unith,Faure,top_four,5S,213,94,115,0.9530516431924883,0.0,0.0,0.0,0.0,0.0,0.0,0.5,0.014866979818948557,0.07084504625401225,5,0.0,0.9530516431924883,,,,,,,,,,,
dendro,bigram,no_origin,12,unith,Faure,top_four,5S,213,95,116,0.9953051643192489,0.0,0.0,0.0,0.0,0.0,0.0,0.25,0.0011737089201877935,0.017129717745688295,2,0.0,0.9953051643192489,,,,,,,,,,,
dendro,bigram,no_origin,12,unith,Faure,top_four,5S,213,96,117,1.0,0.0,0.0,0.0,0.0,0.0,0.0,0.0,0.0,0.0,1,0.0,1.0,,,,,,,,,,,
dendro,bigram,no_origin,12,unith,Faure,top_four,5S,213,97,118,0.9624413145539906,0.0,0.0,0.0,0.0,0.0,0.0,0.5,0.01150234750179058,0.06287934488436174,6,0.0,0.9624413145539906,,,,,,,,,,,
dendro,bigram,no_origin,12,unith,Faure,top_four,5S,213,98,119,0.9906103286384976,0.0,0.0,0.0,0.0,0.0,0.0,0.3333333432674408,0.0027386541937438535,0.028484816331651543,3,0.0,0.9906103286384976,,,,,,,,,,,
dendro,bigram,no_origin,12,unith,Faure,top_four,5S,213,99,120,0.9765258215962441,0.0,0.0,0.0,0.0,0.0,0.0,0.5,0.010328638511644284,0.06927103578178671,3,0.0,0.9765258215962441,,,,,,,,,,,
dendro,bigram,no_origin,12,unith,Faure,top_four,5S,213,100,121,1.0,0.0,0.0,0.0,0.0,0.0,0.0,0.0,0.0,0.0,1,0.0,1.0,,,,,,,,,,,
dendro,bigram,no_origin,12,unith,Faure,top_four,5S,213,101,122,0.9530516431924883,0.0,0.0,0.0,0.0,0.0,0.0,0.3333333432674408,0.011893583855158846,0.05472355927964506,5,0.0,0.9530516431924883,,,,,,,,,,,
dendro,bigram,no_origin,12,unith,Faure,top_four,5S,213,102,123,0.9953051643192489,0.0,0.0,0.0,0.0,0.0,0.0,0.25,0.0011737089201877935,0.0171297177456883,2,0.0,0.9953051643192489,,,,,,,,,,,
dendro,bigram,no_origin,12,unith,Faure,top_four,5S,213,103,124,0.9953051643192489,0.0,0.0,0.0,0.0,0.0,0.0,0.5,0.002347417840375587,0.03425943549137659,2,0.0,0.9953051643192489,,,,,,,,,,,
dendro,bigram,no_origin,12,unith,Faure,top_four,5S,213,104,125,0.9906103286384976,0.0,0.0,0.0,0.0,0.0,0.0,0.3333333432674408,0.00312989054711212,0.032223836960103246,2,0.0,0.9906103286384976,,,,,,,,,,,
dendro,bigram,no_origin,12,unith,Faure,top_four,5S,213,105,127,0.9953051643192489,0.0,0.0,0.0,0.0,0.0,0.0,0.25,0.0011737089201877935,0.017129717745688295,2,0.0,0.9953051643192489,,,,,,,,,,,
dendro,bigram,no_origin,12,unith,Faure,top_four,5S,213,106,128,0.9953051643192489,0.0,0.0,0.0,0.0,0.0,0.0,0.25,0.0011737089201877935,0.01712971774568829,2,0.0,0.9953051643192489,,,,,,,,,,,
dendro,bigram,no_origin,12,unith,Faure,top_four,5S,213,107,129,0.9906103286384976,0.0,0.0,0.0,0.0,0.0,0.0,0.5,0.0035211267605633804,0.03823087479255042,3,0.0,0.9906103286384976,,,,,,,,,,,
dendro,bigram,no_origin,12,unith,Faure,top_four,5S,213,108,130,1.0,0.0,0.0,0.0,0.0,0.0,0.0,0.0,0.0,0.0,1,0.0,1.0,,,,,,,,,,,
dendro,bigram,no_origin,12,unith,Faure,top_four,5S,213,109,131,1.0,0.0,0.0,0.0,0.0,0.0,0.0,0.0,0.0,0.0,1,0.0,1.0,,,,,,,,,,,
dendro,bigram,no_origin,12,unith,Faure,top_four,5S,213,110,132,1.0,0.0,0.0,0.0,0.0,0.0,0.0,0.0,0.0,0.0,1,0.0,1.0,,,,,,,,,,,
dendro,bigram,no_origin,12,unith,Faure,top_four,5S,213,111,133,0.9953051643192489,0.0,0.0,0.0,0.0,0.0,0.0,0.25,0.0011737089201877935,0.0171297177456883,2,0.0,0.9953051643192489,,,,,,,,,,,
dendro,bigram,no_origin,12,unith,Faure,top_four,5S,213,112,134,0.9859154929577465,0.0,0.0,0.0,0.0,0.0,0.0,0.25,0.0032863849905175224,0.027702899147457986,3,0.0,0.9859154929577465,,,,,,,,,,,
dendro,bigram,no_origin,12,unith,Faure,top_four,5S,213,113,135,0.9953051643192489,0.0,0.0,0.0,0.0,0.0,0.0,0.1666666716337204,0.00078247263677803,0.011419812170795773,2,0.0,0.9953051643192489,,,,,,,,,,,
dendro,bigram,no_origin,12,unith,Faure,top_four,5S,213,114,136,0.9953051643192489,0.0,0.0,0.0,0.0,0.0,0.0,0.3333333432674408,0.00156494527355606,0.022839624341591546,2,0.0,0.9953051643192489,,,,,,,,,,,
dendro,bigram,no_origin,12,unith,Faure,top_four,5S,213,115,137,1.0,0.0,0.0,0.0,0.0,0.0,0.0,0.0,0.0,0.0,1,0.0,1.0,,,,,,,,,,,
dendro,bigram,no_origin,12,unith,Faure,top_four,5S,213,116,139,1.0,0.0,0.0,0.0,0.0,0.0,0.0,0.0,0.0,0.0,1,0.0,1.0,,,,,,,,,,,
dendro,bigram,no_origin,12,unith,Faure,top_four,5S,213,117,140,1.0,0.0,0.0,0.0,0.0,0.0,0.0,0.0,0.0,0.0,1,0.0,1.0,,,,,,,,,,,
dendro,bigram,no_origin,12,unith,Faure,top_four,5S,213,118,141,0.9953051643192489,0.0,0.0,0.0,0.0,0.0,0.0,0.3333333432674408,0.00156494527355606,0.022839624341591543,2,0.0,0.9953051643192489,,,,,,,,,,,
dendro,bigram,no_origin,12,unith,Faure,top_four,5S,213,119,142,1.0,0.0,0.0,0.0,0.0,0.0,0.0,0.0,0.0,0.0,1,0.0,1.0,,,,,,,,,,,
dendro,bigram,no_origin,12,unith,Faure,top_four,5S,213,120,143,1.0,0.0,0.0,0.0,0.0,0.0,0.0,0.0,0.0,0.0,1,0.0,1.0,,,,,,,,,,,
dendro,bigram,no_origin,12,unith,Faure,top_four,5S,213,__vector__,__vector__,0.9862646956116866,,,,,,,,,,,,,1.6619718309859155,,,,,,,,,,
dendro,bigram,no_origin,12,unith,Faure,top_four,6H,25,0,0,1.0,0.0,0.0,0.0,0.0,0.0,0.0,0.0,0.0,0.0,1,0.0,1.0,,,,,,,,,,,
dendro,bigram,no_origin,12,unith,Faure,top_four,6H,25,1,1,0.92,0.0,0.0,0.0,0.0,0.0,0.1999999999999993,0.5,0.03,0.109924216318941,3,0.0,0.92,,,,,,,,,,,
dendro,bigram,no_origin,12,unith,Faure,top_four,6H,25,2,2,1.0,0.0,0.0,0.0,0.0,0.0,0.0,0.0,0.0,0.0,1,0.0,1.0,,,,,,,,,,,
dendro,bigram,no_origin,12,unith,Faure,top_four,6H,25,3,3,1.0,0.0,0.0,0.0,0.0,0.0,0.0,0.0,0.0,0.0,1,0.0,1.0,,,,,,,,,,,
dendro,bigram,no_origin,12,unith,Faure,top_four,6H,25,4,4,1.0,0.0,0.0,0.0,0.0,0.0,0.0,0.0,0.0,0.0,1,0.0,1.0,,,,,,,,,,,
dendro,bigram,no_origin,12,unith,Faure,top_four,6H,25,5,5,1.0,0.0,0.0,0.0,0.0,0.0,0.0,0.0,0.0,0.0,1,0.0,1.0,,,,,,,,,,,
dendro,bigram,no_origin,12,unith,Faure,top_four,6H,25,6,7,1.0,0.0,0.0,0.0,0.0,0.0,0.0,0.0,0.0,0.0,1,0.0,1.0,,,,,,,,,,,
dendro,bigram,no_origin,12,unith,Faure,top_four,6H,25,7,8,1.0,0.0,0.0,0.0,0.0,0.0,0.0,0.0,0.0,0.0,1,0.0,1.0,,,,,,,,,,,
dendro,bigram,no_origin,12,unith,Faure,top_four,6H,25,8,9,1.0,0.0,0.0,0.0,0.0,0.0,0.0,0.0,0.0,0.0,1,0.0,1.0,,,,,,,,,,,
dendro,bigram,no_origin,12,unith,Faure,top_four,6H,25,9,10,1.0,0.0,0.0,0.0,0.0,0.0,0.0,0.0,0.0,0.0,1,0.0,1.0,,,,,,,,,,,
dendro,bigram,no_origin,12,unith,Faure,top_four,6H,25,10,11,1.0,0.0,0.0,0.0,0.0,0.0,0.0,0.0,0.0,0.0,1,0.0,1.0,,,,,,,,,,,
dendro,bigram,no_origin,12,unith,Faure,top_four,6H,25,11,12,0.96,0.0,0.0,0.0,0.0,0.0,0.0,0.5,0.02,0.1,2,0.0,0.96,,,,,,,,,,,
dendro,bigram,no_origin,12,unith,Faure,top_four,6H,25,12,13,1.0,0.0,0.0,0.0,0.0,0.0,0.0,0.0,0.0,0.0,1,0.0,1.0,,,,,,,,,,,
dendro,bigram,no_origin,12,unith,Faure,top_four,6H,25,13,14,0.84,0.0,0.0,0.0,0.0,0.0,0.5,0.5,0.07,0.1695582495781317,3,0.0,0.84,,,,,,,,,,,
dendro,bigram,no_origin,12,unith,Faure,top_four,6H,25,14,15,0.96,0.0,0.0,0.0,0.0,0.0,0.0,0.20000000298023224,0.00800000011920929,0.04000000059604645,2,0.0,0.96,,,,,,,,,,,
dendro,bigram,no_origin,12,unith,Faure,top_four,6H,25,15,16,0.96,0.0,0.0,0.0,0.0,0.0,0.0,0.3333333432674408,0.013333333730697632,0.06666666865348816,2,0.0,0.96,,,,,,,,,,,
dendro,bigram,no_origin,12,unith,Faure,top_four,6H,25,16,17,0.84,0.0,0.0,0.0,0.0,0.0,0.25,0.3333333432674408,0.04133333384990692,0.09861541604199237,4,0.0,0.84,,,,,,,,,,,
dendro,bigram,no_origin,12,unith,Faure,top_four,6H,25,17,19,0.96,0.0,0.0,0.0,0.0,0.0,0.0,0.3333333432674408,0.013333333730697632,0.06666666865348816,2,0.0,0.96,,,,,,,,,,,
dendro,bigram,no_origin,12,unith,Faure,top_four,6H,25,18,20,1.0,0.0,0.0,0.0,0.0,0.0,0.0,0.0,0.0,0.0,1,0.0,1.0,,,,,,,,,,,
dendro,bigram,no_origin,12,unith,Faure,top_four,6H,25,19,21,1.0,0.0,0.0,0.0,0.0,0.0,0.0,0.0,0.0,0.0,1,0.0,1.0,,,,,,,,,,,
dendro,bigram,no_origin,12,unith,Faure,top_four,6H,25,20,22,0.96,0.0,0.0,0.0,0.0,0.0,0.0,0.3333333432674408,0.013333333730697632,0.06666666865348816,2,0.0,0.96,,,,,,,,,,,
dendro,bigram,no_origin,12,unith,Faure,top_four,6H,25,21,23,1.0,0.0,0.0,0.0,0.0,0.0,0.0,0.0,0.0,0.0,1,0.0,1.0,,,,,,,,,,,
dendro,bigram,no_origin,12,unith,Faure,top_four,6H,25,22,24,0.92,0.0,0.0,0.0,0.0,0.0,0.26666667461395166,0.5,0.033333333730697634,0.11785113125142914,3,0.0,0.92,,,,,,,,,,,
dendro,bigram,no_origin,12,unith,Faure,top_four,6H,25,23,25,0.92,0.0,0.0,0.0,0.0,0.0,0.3999999999999986,0.5,0.04,0.13844373104863458,2,0.0,0.92,,,,,,,,,,,
dendro,bigram,no_origin,12,unith,Faure,top_four,6H,25,24,26,1.0,0.0,0.0,0.0,0.0,0.0,0.0,0.0,0.0,0.0,1,0.0,1.0,,,,,,,,,,,
dendro,bigram,no_origin,12,unith,Faure,top_four,6H,25,25,27,1.0,0.0,0.0,0.0,0.0,0.0,0.0,0.0,0.0,0.0,1,0.0,1.0,,,,,,,,,,,
dendro,bigram,no_origin,12,unith,Faure,top_four,6H,25,26,28,1.0,0.0,0.0,0.0,0.0,0.0,0.0,0.0,0.0,0.0,1,0.0,1.0,,,,,,,,,,,
dendro,bigram,no_origin,12,unith,Faure,top_four,6H,25,27,29,1.0,0.0,0.0,0.0,0.0,0.0,0.0,0.0,0.0,0.0,1,0.0,1.0,,,,,,,,,,,
dendro,bigram,no_origin,12,unith,Faure,top_four,6H,25,28,31,1.0,0.0,0.0,0.0,0.0,0.0,0.0,0.0,0.0,0.0,1,0.0,1.0,,,,,,,,,,,
dendro,bigram,no_origin,12,unith,Faure,top_four,6H,25,29,32,1.0,0.0,0.0,0.0,0.0,0.0,0.0,0.0,0.0,0.0,1,0.0,1.0,,,,,,,,,,,
dendro,bigram,no_origin,12,unith,Faure,top_four,6H,25,30,33,0.76,0.0,0.0,0.0,0.0,0.0,0.25,0.3333333432674408,0.0573333340883255,0.10683580497037644,4,0.0,0.76,,,,,,,,,,,
dendro,bigram,no_origin,12,unith,Faure,top_four,6H,25,31,34,0.96,0.0,0.0,0.0,0.0,0.0,0.0,0.25,0.01,0.05,2,0.0,0.96,,,,,,,,,,,
dendro,bigram,no_origin,12,unith,Faure,top_four,6H,25,32,35,1.0,0.0,0.0,0.0,0.0,0.0,0.0,0.0,0.0,0.0,1,0.0,1.0,,,,,,,,,,,
dendro,bigram,no_origin,12,unith,Faure,top_four,6H,25,33,36,1.0,0.0,0.0,0.0,0.0,0.0,0.0,0.0,0.0,0.0,1,0.0,1.0,,,,,,,,,,,
dendro,bigram,no_origin,12,unith,Faure,top_four,6H,25,34,37,0.96,0.0,0.0,0.0,0.0,0.0,0.0,0.3333333432674408,0.013333333730697632,0.06666666865348816,2,0.0,0.96,,,,,,,,,,,
dendro,bigram,no_origin,12,unith,Faure,top_four,6H,25,35,38,0.96,0.0,0.0,0.0,0.0,0.0,0.0,0.20000000298023224,0.00800000011920929,0.04000000059604645,2,0.0,0.96,,,,,,,,,,,
dendro,bigram,no_origin,12,unith,Faure,top_four,6H,25,36,39,1.0,0.0,0.0,0.0,0.0,0.0,0.0,0.0,0.0,0.0,1,0.0,1.0,,,,,,,,,,,
dendro,bigram,no_origin,12,unith,Faure,top_four,6H,25,37,40,1.0,0.0,0.0,0.0,0.0,0.0,0.0,0.0,0.0,0.0,1,0.0,1.0,,,,,,,,,,,
dendro,bigram,no_origin,12,unith,Faure,top_four,6H,25,38,41,1.0,0.0,0.0,0.0,0.0,0.0,0.0,0.0,0.0,0.0,1,0.0,1.0,,,,,,,,,,,
dendro,bigram,no_origin,12,unith,Faure,top_four,6H,25,39,43,1.0,0.0,0.0,0.0,0.0,0.0,0.0,0.0,0.0,0.0,1,0.0,1.0,,,,,,,,,,,
dendro,bigram,no_origin,12,unith,Faure,top_four,6H,25,40,44,1.0,0.0,0.0,0.0,0.0,0.0,0.0,0.0,0.0,0.0,1,0.0,1.0,,,,,,,,,,,
dendro,bigram,no_origin,12,unith,Faure,top_four,6H,25,41,45,1.0,0.0,0.0,0.0,0.0,0.0,0.0,0.0,0.0,0.0,1,0.0,1.0,,,,,,,,,,,
dendro,bigram,no_origin,12,unith,Faure,top_four,6H,25,42,46,1.0,0.0,0.0,0.0,0.0,0.0,0.0,0.0,0.0,0.0,1,0.0,1.0,,,,,,,,,,,
dendro,bigram,no_origin,12,unith,Faure,top_four,6H,25,43,47,1.0,0.0,0.0,0.0,0.0,0.0,0.0,0.0,0.0,0.0,1,0.0,1.0,,,,,,,,,,,
dendro,bigram,no_origin,12,unith,Faure,top_four,6H,25,44,48,1.0,0.0,0.0,0.0,0.0,0.0,0.0,0.0,0.0,0.0,1,0.0,1.0,,,,,,,,,,,
dendro,bigram,no_origin,12,unith,Faure,top_four,6H,25,45,49,0.96,0.0,0.0,0.0,0.0,0.0,0.0,0.5,0.02,0.1,2,0.0,0.96,,,,,,,,,,,
dendro,bigram,no_origin,12,unith,Faure,top_four,6H,25,46,50,1.0,0.0,0.0,0.0,0.0,0.0,0.0,0.0,0.0,0.0,1,0.0,1.0,,,,,,,,,,,
dendro,bigram,no_origin,12,unith,Faure,top_four,6H,25,47,51,1.0,0.0,0.0,0.0,0.0,0.0,0.0,0.0,0.0,0.0,1,0.0,1.0,,,,,,,,,,,
dendro,bigram,no_origin,12,unith,Faure,top_four,6H,25,48,52,1.0,0.0,0.0,0.0,0.0,0.0,0.0,0.0,0.0,0.0,1,0.0,1.0,,,,,,,,,,,
dendro,bigram,no_origin,12,unith,Faure,top_four,6H,25,49,53,1.0,0.0,0.0,0.0,0.0,0.0,0.0,0.0,0.0,0.0,1,0.0,1.0,,,,,,,,,,,
dendro,bigram,no_origin,12,unith,Faure,top_four,6H,25,50,55,1.0,0.0,0.0,0.0,0.0,0.0,0.0,0.0,0.0,0.0,1,0.0,1.0,,,,,,,,,,,
dendro,bigram,no_origin,12,unith,Faure,top_four,6H,25,51,56,0.96,0.0,0.0,0.0,0.0,0.0,0.0,0.3333333432674408,0.013333333730697632,0.06666666865348816,2,0.0,0.96,,,,,,,,,,,
dendro,bigram,no_origin,12,unith,Faure,top_four,6H,25,52,57,1.0,0.0,0.0,0.0,0.0,0.0,0.0,0.0,0.0,0.0,1,0.0,1.0,,,,,,,,,,,
dendro,bigram,no_origin,12,unith,Faure,top_four,6H,25,53,58,1.0,0.0,0.0,0.0,0.0,0.0,0.0,0.0,0.0,0.0,1,0.0,1.0,,,,,,,,,,,
dendro,bigram,no_origin,12,unith,Faure,top_four,6H,25,54,59,1.0,0.0,0.0,0.0,0.0,0.0,0.0,0.0,0.0,0.0,1,0.0,1.0,,,,,,,,,,,
dendro,bigram,no_origin,12,unith,Faure,top_four,6H,25,55,60,1.0,0.0,0.0,0.0,0.0,0.0,0.0,0.0,0.0,0.0,1,0.0,1.0,,,,,,,,,,,
dendro,bigram,no_origin,12,unith,Faure,top_four,6H,25,56,61,1.0,0.0,0.0,0.0,0.0,0.0,0.0,0.0,0.0,0.0,1,0.0,1.0,,,,,,,,,,,
dendro,bigram,no_origin,12,unith,Faure,top_four,6H,25,57,62,0.92,0.0,0.0,0.0,0.0,0.0,0.1600000023841852,0.25,0.01800000011920929,0.06271629276777704,3,0.0,0.92,,,,,,,,,,,
dendro,bigram,no_origin,12,unith,Faure,top_four,6H,25,58,63,0.96,0.0,0.0,0.0,0.0,0.0,0.0,0.3333333432674408,0.013333333730697632,0.06666666865348816,2,0.0,0.96,,,,,,,,,,,
dendro,bigram,no_origin,12,unith,Faure,top_four,6H,25,59,64,1.0,0.0,0.0,0.0,0.0,0.0,0.0,0.0,0.0,0.0,1,0.0,1.0,,,,,,,,,,,
dendro,bigram,no_origin,12,unith,Faure,top_four,6H,25,60,65,1.0,0.0,0.0,0.0,0.0,0.0,0.0,0.0,0.0,0.0,1,0.0,1.0,,,,,,,,,,,
dendro,bigram,no_origin,12,unith,Faure,top_four,6H,25,61,67,1.0,0.0,0.0,0.0,0.0,0.0,0.0,0.0,0.0,0.0,1,0.0,1.0,,,,,,,,,,,
dendro,bigram,no_origin,12,unith,Faure,top_four,6H,25,62,68,1.0,0.0,0.0,0.0,0.0,0.0,0.0,0.0,0.0,0.0,1,0.0,1.0,,,,,,,,,,,
dendro,bigram,no_origin,12,unith,Faure,top_four,6H,25,63,69,0.92,0.0,0.0,0.0,0.0,0.0,0.1999999999999993,0.5,0.03,0.10992421631894099,3,0.0,0.92,,,,,,,,,,,
dendro,bigram,no_origin,12,unith,Faure,top_four,6H,25,64,70,1.0,0.0,0.0,0.0,0.0,0.0,0.0,0.0,0.0,0.0,1,0.0,1.0,,,,,,,,,,,
dendro,bigram,no_origin,12,unith,Faure,top_four,6H,25,65,71,1.0,0.0,0.0,0.0,0.0,0.0,0.0,0.0,0.0,0.0,1,0.0,1.0,,,,,,,,,,,
dendro,bigram,no_origin,12,unith,Faure,top_four,6H,25,66,84,1.0,0.0,0.0,0.0,0.0,0.0,0.0,0.0,0.0,0.0,1,0.0,1.0,,,,,,,,,,,
dendro,bigram,no_origin,12,unith,Faure,top_four,6H,25,67,85,0.96,0.0,0.0,0.0,0.0,0.0,0.0,0.3333333432674408,0.013333333730697632,0.06666666865348816,2,0.0,0.96,,,,,,,,,,,
dendro,bigram,no_origin,12,unith,Faure,top_four,6H,25,68,86,1.0,0.0,0.0,0.0,0.0,0.0,0.0,0.0,0.0,0.0,1,0.0,1.0,,,,,,,,,,,
dendro,bigram,no_origin,12,unith,Faure,top_four,6H,25,69,87,1.0,0.0,0.0,0.0,0.0,0.0,0.0,0.0,0.0,0.0,1,0.0,1.0,,,,,,,,,,,
dendro,bigram,no_origin,12,unith,Faure,top_four,6H,25,70,88,1.0,0.0,0.0,0.0,0.0,0.0,0.0,0.0,0.0,0.0,1,0.0,1.0,,,,,,,,,,,
dendro,bigram,no_origin,12,unith,Faure,top_four,6H,25,71,89,1.0,0.0,0.0,0.0,0.0,0.0,0.0,0.0,0.0,0.0,1,0.0,1.0,,,,,,,,,,,
dendro,bigram,no_origin,12,unith,Faure,top_four,6H,25,72,91,1.0,0.0,0.0,0.0,0.0,0.0,0.0,0.0,0.0,0.0,1,0.0,1.0,,,,,,,,,,,
dendro,bigram,no_origin,12,unith,Faure,top_four,6H,25,73,92,1.0,0.0,0.0,0.0,0.0,0.0,0.0,0.0,0.0,0.0,1,0.0,1.0,,,,,,,,,,,
dendro,bigram,no_origin,12,unith,Faure,top_four,6H,25,74,93,0.96,0.0,0.0,0.0,0.0,0.0,0.0,0.25,0.01,0.05,2,0.0,0.96,,,,,,,,,,,
dendro,bigram,no_origin,12,unith,Faure,top_four,6H,25,75,94,1.0,0.0,0.0,0.0,0.0,0.0,0.0,0.0,0.0,0.0,1,0.0,1.0,,,,,,,,,,,
dendro,bigram,no_origin,12,unith,Faure,top_four,6H,25,76,95,1.0,0.0,0.0,0.0,0.0,0.0,0.0,0.0,0.0,0.0,1,0.0,1.0,,,,,,,,,,,
dendro,bigram,no_origin,12,unith,Faure,top_four,6H,25,77,96,1.0,0.0,0.0,0.0,0.0,0.0,0.0,0.0,0.0,0.0,1,0.0,1.0,,,,,,,,,,,
dendro,bigram,no_origin,12,unith,Faure,top_four,6H,25,78,97,1.0,0.0,0.0,0.0,0.0,0.0,0.0,0.0,0.0,0.0,1,0.0,1.0,,,,,,,,,,,
dendro,bigram,no_origin,12,unith,Faure,top_four,6H,25,79,98,1.0,0.0,0.0,0.0,0.0,0.0,0.0,0.0,0.0,0.0,1,0.0,1.0,,,,,,,,,,,
dendro,bigram,no_origin,12,unith,Faure,top_four,6H,25,80,99,1.0,0.0,0.0,0.0,0.0,0.0,0.0,0.0,0.0,0.0,1,0.0,1.0,,,,,,,,,,,
dendro,bigram,no_origin,12,unith,Faure,top_four,6H,25,81,100,1.0,0.0,0.0,0.0,0.0,0.0,0.0,0.0,0.0,0.0,1,0.0,1.0,,,,,,,,,,,
dendro,bigram,no_origin,12,unith,Faure,top_four,6H,25,82,101,1.0,0.0,0.0,0.0,0.0,0.0,0.0,0.0,0.0,0.0,1,0.0,1.0,,,,,,,,,,,
dendro,bigram,no_origin,12,unith,Faure,top_four,6H,25,83,103,1.0,0.0,0.0,0.0,0.0,0.0,0.0,0.0,0.0,0.0,1,0.0,1.0,,,,,,,,,,,
dendro,bigram,no_origin,12,unith,Faure,top_four,6H,25,84,104,1.0,0.0,0.0,0.0,0.0,0.0,0.0,0.0,0.0,0.0,1,0.0,1.0,,,,,,,,,,,
dendro,bigram,no_origin,12,unith,Faure,top_four,6H,25,85,105,1.0,0.0,0.0,0.0,0.0,0.0,0.0,0.0,0.0,0.0,1,0.0,1.0,,,,,,,,,,,
dendro,bigram,no_origin,12,unith,Faure,top_four,6H,25,86,106,1.0,0.0,0.0,0.0,0.0,0.0,0.0,0.0,0.0,0.0,1,0.0,1.0,,,,,,,,,,,
dendro,bigram,no_origin,12,unith,Faure,top_four,6H,25,87,107,1.0,0.0,0.0,0.0,0.0,0.0,0.0,0.0,0.0,0.0,1,0.0,1.0,,,,,,,,,,,
dendro,bigram,no_origin,12,unith,Faure,top_four,6H,25,88,108,0.8,0.0,0.0,0.0,0.0,0.0,0.24000000059604631,0.25,0.04400000035762787,0.0905078271913304,3,0.0,0.8,,,,,,,,,,,
dendro,bigram,no_origin,12,unith,Faure,top_four,6H,25,89,109,1.0,0.0,0.0,0.0,0.0,0.0,0.0,0.0,0.0,0.0,1,0.0,1.0,,,,,,,,,,,
dendro,bigram,no_origin,12,unith,Faure,top_four,6H,25,90,110,0.96,0.0,0.0,0.0,0.0,0.0,0.0,0.3333333432674408,0.013333333730697632,0.06666666865348816,2,0.0,0.96,,,,,,,,,,,
dendro,bigram,no_origin,12,unith,Faure,top_four,6H,25,91,111,1.0,0.0,0.0,0.0,0.0,0.0,0.0,0.0,0.0,0.0,1,0.0,1.0,,,,,,,,,,,
dendro,bigram,no_origin,12,unith,Faure,top_four,6H,25,92,112,1.0,0.0,0.0,0.0,0.0,0.0,0.0,0.0,0.0,0.0,1,0.0,1.0,,,,,,,,,,,
dendro,bigram,no_origin,12,unith,Faure,top_four,6H,25,93,113,0.96,0.0,0.0,0.0,0.0,0.0,0.0,0.5,0.02,0.1,2,0.0,0.96,,,,,,,,,,,
dendro,bigram,no_origin,12,unith,Faure,top_four,6H,25,94,115,0.96,0.0,0.0,0.0,0.0,0.0,0.0,0.25,0.01,0.05,2,0.0,0.96,,,,,,,,,,,
dendro,bigram,no_origin,12,unith,Faure,top_four,6H,25,95,116,1.0,0.0,0.0,0.0,0.0,0.0,0.0,0.0,0.0,0.0,1,0.0,1.0,,,,,,,,,,,
dendro,bigram,no_origin,12,unith,Faure,top_four,6H,25,96,117,1.0,0.0,0.0,0.0,0.0,0.0,0.0,0.0,0.0,0.0,1,0.0,1.0,,,,,,,,,,,
dendro,bigram,no_origin,12,unith,Faure,top_four,6H,25,97,118,0.96,0.0,0.0,0.0,0.0,0.0,0.0,0.20000000298023224,0.00800000011920929,0.04000000059604645,2,0.0,0.96,,,,,,,,,,,
dendro,bigram,no_origin,12,unith,Faure,top_four,6H,25,98,119,1.0,0.0,0.0,0.0,0.0,0.0,0.0,0.0,0.0,0.0,1,0.0,1.0,,,,,,,,,,,
dendro,bigram,no_origin,12,unith,Faure,top_four,6H,25,99,120,0.96,0.0,0.0,0.0,0.0,0.0,0.0,0.25,0.01,0.05,2,0.0,0.96,,,,,,,,,,,
dendro,bigram,no_origin,12,unith,Faure,top_four,6H,25,100,121,1.0,0.0,0.0,0.0,0.0,0.0,0.0,0.0,0.0,0.0,1,0.0,1.0,,,,,,,,,,,
dendro,bigram,no_origin,12,unith,Faure,top_four,6H,25,101,122,0.96,0.0,0.0,0.0,0.0,0.0,0.0,0.20000000298023224,0.00800000011920929,0.04000000059604645,2,0.0,0.96,,,,,,,,,,,
dendro,bigram,no_origin,12,unith,Faure,top_four,6H,25,102,123,1.0,0.0,0.0,0.0,0.0,0.0,0.0,0.0,0.0,0.0,1,0.0,1.0,,,,,,,,,,,
dendro,bigram,no_origin,12,unith,Faure,top_four,6H,25,103,124,1.0,0.0,0.0,0.0,0.0,0.0,0.0,0.0,0.0,0.0,1,0.0,1.0,,,,,,,,,,,
dendro,bigram,no_origin,12,unith,Faure,top_four,6H,25,104,125,1.0,0.0,0.0,0.0,0.0,0.0,0.0,0.0,0.0,0.0,1,0.0,1.0,,,,,,,,,,,
dendro,bigram,no_origin,12,unith,Faure,top_four,6H,25,105,127,1.0,0.0,0.0,0.0,0.0,0.0,0.0,0.0,0.0,0.0,1,0.0,1.0,,,,,,,,,,,
dendro,bigram,no_origin,12,unith,Faure,top_four,6H,25,106,128,1.0,0.0,0.0,0.0,0.0,0.0,0.0,0.0,0.0,0.0,1,0.0,1.0,,,,,,,,,,,
dendro,bigram,no_origin,12,unith,Faure,top_four,6H,25,107,129,1.0,0.0,0.0,0.0,0.0,0.0,0.0,0.0,0.0,0.0,1,0.0,1.0,,,,,,,,,,,
dendro,bigram,no_origin,12,unith,Faure,top_four,6H,25,108,130,1.0,0.0,0.0,0.0,0.0,0.0,0.0,0.0,0.0,0.0,1,0.0,1.0,,,,,,,,,,,
dendro,bigram,no_origin,12,unith,Faure,top_four,6H,25,109,131,1.0,0.0,0.0,0.0,0.0,0.0,0.0,0.0,0.0,0.0,1,0.0,1.0,,,,,,,,,,,
dendro,bigram,no_origin,12,unith,Faure,top_four,6H,25,110,132,1.0,0.0,0.0,0.0,0.0,0.0,0.0,0.0,0.0,0.0,1,0.0,1.0,,,,,,,,,,,
dendro,bigram,no_origin,12,unith,Faure,top_four,6H,25,111,133,1.0,0.0,0.0,0.0,0.0,0.0,0.0,0.0,0.0,0.0,1,0.0,1.0,,,,,,,,,,,
dendro,bigram,no_origin,12,unith,Faure,top_four,6H,25,112,134,1.0,0.0,0.0,0.0,0.0,0.0,0.0,0.0,0.0,0.0,1,0.0,1.0,,,,,,,,,,,
dendro,bigram,no_origin,12,unith,Faure,top_four,6H,25,113,135,1.0,0.0,0.0,0.0,0.0,0.0,0.0,0.0,0.0,0.0,1,0.0,1.0,,,,,,,,,,,
dendro,bigram,no_origin,12,unith,Faure,top_four,6H,25,114,136,1.0,0.0,0.0,0.0,0.0,0.0,0.0,0.0,0.0,0.0,1,0.0,1.0,,,,,,,,,,,
dendro,bigram,no_origin,12,unith,Faure,top_four,6H,25,115,137,1.0,0.0,0.0,0.0,0.0,0.0,0.0,0.0,0.0,0.0,1,0.0,1.0,,,,,,,,,,,
dendro,bigram,no_origin,12,unith,Faure,top_four,6H,25,116,139,1.0,0.0,0.0,0.0,0.0,0.0,0.0,0.0,0.0,0.0,1,0.0,1.0,,,,,,,,,,,
dendro,bigram,no_origin,12,unith,Faure,top_four,6H,25,117,140,1.0,0.0,0.0,0.0,0.0,0.0,0.0,0.0,0.0,0.0,1,0.0,1.0,,,,,,,,,,,
dendro,bigram,no_origin,12,unith,Faure,top_four,6H,25,118,141,1.0,0.0,0.0,0.0,0.0,0.0,0.0,0.0,0.0,0.0,1,0.0,1.0,,,,,,,,,,,
dendro,bigram,no_origin,12,unith,Faure,top_four,6H,25,119,142,1.0,0.0,0.0,0.0,0.0,0.0,0.0,0.0,0.0,0.0,1,0.0,1.0,,,,,,,,,,,
dendro,bigram,no_origin,12,unith,Faure,top_four,6H,25,120,143,1.0,0.0,0.0,0.0,0.0,0.0,0.0,0.0,0.0,0.0,1,0.0,1.0,,,,,,,,,,,
dendro,bigram,no_origin,12,unith,Faure,top_four,6H,25,__vector__,__vector__,0.9841322314049586,,,,,,,,,,,,,1.92,,,,,,,,,,
dendro,bigram,no_origin,12,unith,Faure,top_four,6S,233,0,0,1.0,0.0,0.0,0.0,0.0,0.0,0.0,0.0,0.0,0.0,1,0.0,1.0,,,,,,,,,,,
dendro,bigram,no_origin,12,unith,Faure,top_four,6S,233,1,1,0.9570815450643777,0.0,0.0,0.0,0.0,0.0,0.0,0.3333333432674408,0.01173104454519411,0.0565677659557968,4,0.0,0.9570815450643777,,,,,,,,,,,
dendro,bigram,no_origin,12,unith,Faure,top_four,6S,233,2,2,1.0,0.0,0.0,0.0,0.0,0.0,0.0,0.0,0.0,0.0,1,0.0,1.0,,,,,,,,,,,
dendro,bigram,no_origin,12,unith,Faure,top_four,6S,233,3,3,1.0,0.0,0.0,0.0,0.0,0.0,0.0,0.0,0.0,0.0,1,0.0,1.0,,,,,,,,,,,
dendro,bigram,no_origin,12,unith,Faure,top_four,6S,233,4,4,1.0,0.0,0.0,0.0,0.0,0.0,0.0,0.0,0.0,0.0,1,0.0,1.0,,,,,,,,,,,
dendro,bigram,no_origin,12,unith,Faure,top_four,6S,233,5,5,1.0,0.0,0.0,0.0,0.0,0.0,0.0,0.0,0.0,0.0,1,0.0,1.0,,,,,,,,,,,
dendro,bigram,no_origin,12,unith,Faure,top_four,6S,233,6,7,0.9957081545064378,0.0,0.0,0.0,0.0,0.0,0.0,0.25,0.001072961373390558,0.016378044552010463,2,0.0,0.9957081545064378,,,,,,,,,,,
dendro,bigram,no_origin,12,unith,Faure,top_four,6S,233,7,8,1.0,0.0,0.0,0.0,0.0,0.0,0.0,0.0,0.0,0.0,1,0.0,1.0,,,,,,,,,,,
dendro,bigram,no_origin,12,unith,Faure,top_four,6S,233,8,9,0.9785407725321889,0.0,0.0,0.0,0.0,0.0,0.0,0.3333333432674408,0.0060085838444754805,0.041777393345904,3,0.0,0.9785407725321889,,,,,,,,,,,
dendro,bigram,no_origin,12,unith,Faure,top_four,6S,233,9,10,0.9957081545064378,0.0,0.0,0.0,0.0,0.0,0.0,0.5,0.002145922746781116,0.032756089104020926,2,0.0,0.9957081545064378,,,,,,,,,,,
dendro,bigram,no_origin,12,unith,Faure,top_four,6S,233,10,11,1.0,0.0,0.0,0.0,0.0,0.0,0.0,0.0,0.0,0.0,1,0.0,1.0,,,,,,,,,,,
dendro,bigram,no_origin,12,unith,Faure,top_four,6S,233,11,12,0.9313304721030042,0.0,0.0,0.0,0.0,0.0,0.20000000298023224,0.5,0.02131616615174666,0.08472167527183866,6,0.0,0.9313304721030042,,,,,,,,,,,
dendro,bigram,no_origin,12,unith,Faure,top_four,6S,233,12,13,1.0,0.0,0.0,0.0,0.0,0.0,0.0,0.0,0.0,0.0,1,0.0,1.0,,,,,,,,,,,
dendro,bigram,no_origin,12,unith,Faure,top_four,6S,233,13,14,0.9098712446351931,0.0,0.0,0.0,0.0,0.0,0.3333333432674408,0.5,0.030829757260150664,0.10270376622780321,5,0.0,0.9098712446351931,,,,,,,,,,,
dendro,bigram,no_origin,12,unith,Faure,top_four,6S,233,14,15,0.9957081545064378,0.0,0.0,0.0,0.0,0.0,0.0,0.25,0.001072961373390558,0.01637804455201046,2,0.0,0.9957081545064378,,,,,,,,,,,
dendro,bigram,no_origin,12,unith,Faure,top_four,6S,233,15,16,0.9871244635193133,0.0,0.0,0.0,0.0,0.0,0.0,0.5,0.00572246070071863,0.05100207780064403,3,0.0,0.9871244635193133,,,,,,,,,,,
dendro,bigram,no_origin,12,unith,Faure,top_four,6S,233,16,17,0.9785407725321889,0.0,0.0,0.0,0.0,0.0,0.0,0.5,0.008583691115031426,0.05931236608268272,3,0.0,0.9785407725321889,,,,,,,,,,,
dendro,bigram,no_origin,12,unith,Faure,top_four,6S,233,17,19,0.9399141630901288,0.0,0.0,0.0,0.0,0.0,0.20000000298023224,0.5,0.017954220587603525,0.07530755563478905,6,0.0,0.9399141630901288,,,,,,,,,,,
dendro,bigram,no_origin,12,unith,Faure,top_four,6S,233,18,20,1.0,0.0,0.0,0.0,0.0,0.0,0.0,0.0,0.0,0.0,1,0.0,1.0,,,,,,,,,,,
dendro,bigram,no_origin,12,unith,Faure,top_four,6S,233,19,21,0.9828326180257511,0.0,0.0,0.0,0.0,0.0,0.0,0.5,0.006080114534484471,0.047620479682136785,4,0.0,0.9828326180257511,,,,,,,,,,,
dendro,bigram,no_origin,12,unith,Faure,top_four,6S,233,20,22,0.9613733905579399,0.0,0.0,0.0,0.0,0.0,0.0,0.3333333432674408,0.009370529472572097,0.04811270124139261,5,0.0,0.9613733905579399,,,,,,,,,,,
dendro,bigram,no_origin,12,unith,Faure,top_four,6S,233,21,23,0.9871244635193133,0.0,0.0,0.0,0.0,0.0,0.0,0.5,0.003934191723749873,0.038094225114458626,4,0.0,0.9871244635193133,,,,,,,,,,,
dendro,bigram,no_origin,12,unith,Faure,top_four,6S,233,22,24,0.8884120171673819,0.0,0.0,0.0,0.0,0.0,0.3333333432674408,0.3333333432674408,0.031902718761448186,0.09173380217156524,4,0.0,0.8884120171673819,,,,,,,,,,,
dendro,bigram,no_origin,12,unith,Faure,top_four,6S,233,23,25,0.944206008583691,0.0,0.0,0.0,0.0,0.0,0.18000000417232437,0.5,0.014878397911403312,0.06464534181340313,6,0.0,0.944206008583691,,,,,,,,,,,
dendro,bigram,no_origin,12,unith,Faure,top_four,6S,233,24,26,1.0,0.0,0.0,0.0,0.0,0.0,0.0,0.0,0.0,0.0,1,0.0,1.0,,,,,,,,,,,
dendro,bigram,no_origin,12,unith,Faure,top_four,6S,233,25,27,0.9914163090128756,0.0,0.0,0.0,0.0,0.0,0.0,0.25,0.0019313304848937007,0.02092998410836577,3,0.0,0.9914163090128756,,,,,,,,,,,
dendro,bigram,no_origin,12,unith,Faure,top_four,6S,233,26,28,1.0,0.0,0.0,0.0,0.0,0.0,0.0,0.0,0.0,0.0,1,0.0,1.0,,,,,,,,,,,
dendro,bigram,no_origin,12,unith,Faure,top_four,6S,233,27,29,0.9570815450643777,0.0,0.0,0.0,0.0,0.0,0.0,0.3333333432674408,0.011587982973315685,0.05559419623585929,4,0.0,0.9570815450643777,,,,,,,,,,,
dendro,bigram,no_origin,12,unith,Faure,top_four,6S,233,28,31,1.0,0.0,0.0,0.0,0.0,0.0,0.0,0.0,0.0,0.0,1,0.0,1.0,,,,,,,,,,,
dendro,bigram,no_origin,12,unith,Faure,top_four,6S,233,29,32,1.0,0.0,0.0,0.0,0.0,0.0,0.0,0.0,0.0,0.0,1,0.0,1.0,,,,,,,,,,,
dendro,bigram,no_origin,12,unith,Faure,top_four,6S,233,30,33,0.8755364806866953,0.0,0.0,0.0,0.0,0.0,0.3333333432674408,0.3333333432674408,0.03583691061310502,0.09713165294609372,5,0.0,0.8755364806866953,,,,,,,,,,,
dendro,bigram,no_origin,12,unith,Faure,top_four,6S,233,31,34,0.9828326180257511,0.0,0.0,0.0,0.0,0.0,0.0,0.5,0.005507868438831214,0.04436052763960307,5,0.0,0.9828326180257511,,,,,,,,,,,
dendro,bigram,no_origin,12,unith,Faure,top_four,6S,233,32,35,1.0,0.0,0.0,0.0,0.0,0.0,0.0,0.0,0.0,0.0,1,0.0,1.0,,,,,,,,,,,
dendro,bigram,no_origin,12,unith,Faure,top_four,6S,233,33,36,0.9871244635193133,0.0,0.0,0.0,0.0,0.0,0.0,0.5,0.00536480686695279,0.04894551824329558,3,0.0,0.9871244635193133,,,,,,,,,,,
dendro,bigram,no_origin,12,unith,Faure,top_four,6S,233,34,37,1.0,0.0,0.0,0.0,0.0,0.0,0.0,0.0,0.0,0.0,1,0.0,1.0,,,,,,,,,,,
dendro,bigram,no_origin,12,unith,Faure,top_four,6S,233,35,38,0.9785407725321889,0.0,0.0,0.0,0.0,0.0,0.0,0.3333333432674408,0.0062231761063628955,0.04289169142451775,4,0.0,0.9785407725321889,,,,,,,,,,,
dendro,bigram,no_origin,12,unith,Faure,top_four,6S,233,36,39,1.0,0.0,0.0,0.0,0.0,0.0,0.0,0.0,0.0,0.0,1,0.0,1.0,,,,,,,,,,,
dendro,bigram,no_origin,12,unith,Faure,top_four,6S,233,37,40,1.0,0.0,0.0,0.0,0.0,0.0,0.0,0.0,0.0,0.0,1,0.0,1.0,,,,,,,,,,,
dendro,bigram,no_origin,12,unith,Faure,top_four,6S,233,38,41,0.9871244635193133,0.0,0.0,0.0,0.0,0.0,0.0,0.25,0.0026466380884718997,0.023547978088456826,4,0.0,0.9871244635193133,,,,,,,,,,,
dendro,bigram,no_origin,12,unith,Faure,top_four,6S,233,39,43,1.0,0.0,0.0,0.0,0.0,0.0,0.0,0.0,0.0,0.0,1,0.0,1.0,,,,,,,,,,,
dendro,bigram,no_origin,12,unith,Faure,top_four,6S,233,40,44,1.0,0.0,0.0,0.0,0.0,0.0,0.0,0.0,0.0,0.0,1,0.0,1.0,,,,,,,,,,,
dendro,bigram,no_origin,12,unith,Faure,top_four,6S,233,41,45,0.9957081545064378,0.0,0.0,0.0,0.0,0.0,0.0,0.20000000298023224,0.0008583691115031427,0.013102435836849873,2,0.0,0.9957081545064378,,,,,,,,,,,
dendro,bigram,no_origin,12,unith,Faure,top_four,6S,233,42,46,0.9957081545064378,0.0,0.0,0.0,0.0,0.0,0.0,0.25,0.001072961373390558,0.016378044552010463,2,0.0,0.9957081545064378,,,,,,,,,,,
dendro,bigram,no_origin,12,unith,Faure,top_four,6S,233,43,47,0.9914163090128756,0.0,0.0,0.0,0.0,0.0,0.0,0.3333333432674408,0.002288984318659541,0.025418084050717212,3,0.0,0.9914163090128756,,,,,,,,,,,
dendro,bigram,no_origin,12,unith,Faure,top_four,6S,233,44,48,1.0,0.0,0.0,0.0,0.0,0.0,0.0,0.0,0.0,0.0,1,0.0,1.0,,,,,,,,,,,
dendro,bigram,no_origin,12,unith,Faure,top_four,6S,233,45,49,0.9742489270386266,0.0,0.0,0.0,0.0,0.0,0.0,0.5,0.010157367766159288,0.06526415597250716,4,0.0,0.9742489270386266,,,,,,,,,,,
dendro,bigram,no_origin,12,unith,Faure,top_four,6S,233,46,50,1.0,0.0,0.0,0.0,0.0,0.0,0.0,0.0,0.0,0.0,1,0.0,1.0,,,,,,,,,,,
dendro,bigram,no_origin,12,unith,Faure,top_four,6S,233,47,51,1.0,0.0,0.0,0.0,0.0,0.0,0.0,0.0,0.0,0.0,1,0.0,1.0,,,,,,,,,,,
dendro,bigram,no_origin,12,unith,Faure,top_four,6S,233,48,52,1.0,0.0,0.0,0.0,0.0,0.0,0.0,0.0,0.0,0.0,1,0.0,1.0,,,,,,,,,,,
dendro,bigram,no_origin,12,unith,Faure,top_four,6S,233,49,53,1.0,0.0,0.0,0.0,0.0,0.0,0.0,0.0,0.0,0.0,1,0.0,1.0,,,,,,,,,,,
dendro,bigram,no_origin,12,unith,Faure,top_four,6S,233,50,55,0.9914163090128756,0.0,0.0,0.0,0.0,0.0,0.0,0.3333333432674408,0.0025035765805469564,0.027240206879704635,3,0.0,0.9914163090128756,,,,,,,,,,,
dendro,bigram,no_origin,12,unith,Faure,top_four,6S,233,51,56,0.9914163090128756,0.0,0.0,0.0,0.0,0.0,0.0,0.3333333432674408,0.0028612304143127965,0.030816108393174797,2,0.0,0.9914163090128756,,,,,,,,,,,
dendro,bigram,no_origin,12,unith,Faure,top_four,6S,233,52,57,0.9957081545064378,0.0,0.0,0.0,0.0,0.0,0.0,0.5,0.002145922746781116,0.03275608910402092,2,0.0,0.9957081545064378,,,,,,,,,,,
dendro,bigram,no_origin,12,unith,Faure,top_four,6S,233,53,58,0.9957081545064378,0.0,0.0,0.0,0.0,0.0,0.0,0.25,0.001072961373390558,0.01637804455201046,2,0.0,0.9957081545064378,,,,,,,,,,,
dendro,bigram,no_origin,12,unith,Faure,top_four,6S,233,54,59,1.0,0.0,0.0,0.0,0.0,0.0,0.0,0.0,0.0,0.0,1,0.0,1.0,,,,,,,,,,,
dendro,bigram,no_origin,12,unith,Faure,top_four,6S,233,55,60,0.9785407725321889,0.0,0.0,0.0,0.0,0.0,0.0,0.3333333432674408,0.006795422202016151,0.046246390920640326,3,0.0,0.9785407725321889,,,,,,,,,,,
dendro,bigram,no_origin,12,unith,Faure,top_four,6S,233,56,61,0.9828326180257511,0.0,0.0,0.0,0.0,0.0,0.0,0.5,0.006080114534484471,0.0476204796821368,4,0.0,0.9828326180257511,,,,,,,,,,,
dendro,bigram,no_origin,12,unith,Faure,top_four,6S,233,57,62,0.9742489270386266,0.0,0.0,0.0,0.0,0.0,0.0,0.3333333432674408,0.007153075907875029,0.04454271691240604,3,0.0,0.9742489270386266,,,,,,,,,,,
dendro,bigram,no_origin,12,unith,Faure,top_four,6S,233,58,63,1.0,0.0,0.0,0.0,0.0,0.0,0.0,0.0,0.0,0.0,1,0.0,1.0,,,,,,,,,,,
dendro,bigram,no_origin,12,unith,Faure,top_four,6S,233,59,64,1.0,0.0,0.0,0.0,0.0,0.0,0.0,0.0,0.0,0.0,1,0.0,1.0,,,,,,,,,,,
dendro,bigram,no_origin,12,unith,Faure,top_four,6S,233,60,65,1.0,0.0,0.0,0.0,0.0,0.0,0.0,0.0,0.0,0.0,1,0.0,1.0,,,,,,,,,,,
dendro,bigram,no_origin,12,unith,Faure,top_four,6S,233,61,67,1.0,0.0,0.0,0.0,0.0,0.0,0.0,0.0,0.0,0.0,1,0.0,1.0,,,,,,,,,,,
dendro,bigram,no_origin,12,unith,Faure,top_four,6S,233,62,68,1.0,0.0,0.0,0.0,0.0,0.0,0.0,0.0,0.0,0.0,1,0.0,1.0,,,,,,,,,,,
dendro,bigram,no_origin,12,unith,Faure,top_four,6S,233,63,69,0.9613733905579399,0.0,0.0,0.0,0.0,0.0,0.0,0.5,0.010872675369737485,0.05732754892502101,6,0.0,0.9613733905579399,,,,,,,,,,,
dendro,bigram,no_origin,12,unith,Faure,top_four,6S,233,64,70,0.9871244635193133,0.0,0.0,0.0,0.0,0.0,0.0,0.3333333432674408,0.003934191787703355,0.03480957389841341,3,0.0,0.9871244635193133,,,,,,,,,,,
dendro,bigram,no_origin,12,unith,Faure,top_four,6S,233,65,71,1.0,0.0,0.0,0.0,0.0,0.0,0.0,0.0,0.0,0.0,1,0.0,1.0,,,,,,,,,,,
dendro,bigram,no_origin,12,unith,Faure,top_four,6S,233,66,84,0.9871244635193133,0.0,0.0,0.0,0.0,0.0,0.0,0.3333333432674408,0.003934191787703355,0.034809573898413416,3,0.0,0.9871244635193133,,,,,,,,,,,
dendro,bigram,no_origin,12,unith,Faure,top_four,6S,233,67,85,0.9785407725321889,0.0,0.0,0.0,0.0,0.0,0.0,0.5,0.007868383447499745,0.05577377906366773,4,0.0,0.9785407725321889,,,,,,,,,,,
dendro,bigram,no_origin,12,unith,Faure,top_four,6S,233,68,86,0.9914163090128756,0.0,0.0,0.0,0.0,0.0,0.0,0.25,0.002145922746781116,0.023112080606087413,2,0.0,0.9914163090128756,,,,,,,,,,,
dendro,bigram,no_origin,12,unith,Faure,top_four,6S,233,69,87,1.0,0.0,0.0,0.0,0.0,0.0,0.0,0.0,0.0,0.0,1,0.0,1.0,,,,,,,,,,,
dendro,bigram,no_origin,12,unith,Faure,top_four,6S,233,70,88,0.9957081545064378,0.0,0.0,0.0,0.0,0.0,0.0,0.20000000298023224,0.0008583691115031427,0.013102435836849873,2,0.0,0.9957081545064378,,,,,,,,,,,
dendro,bigram,no_origin,12,unith,Faure,top_four,6S,233,71,89,1.0,0.0,0.0,0.0,0.0,0.0,0.0,0.0,0.0,0.0,1,0.0,1.0,,,,,,,,,,,
dendro,bigram,no_origin,12,unith,Faure,top_four,6S,233,72,91,1.0,0.0,0.0,0.0,0.0,0.0,0.0,0.0,0.0,0.0,1,0.0,1.0,,,,,,,,,,,
dendro,bigram,no_origin,12,unith,Faure,top_four,6S,233,73,92,1.0,0.0,0.0,0.0,0.0,0.0,0.0,0.0,0.0,0.0,1,0.0,1.0,,,,,,,,,,,
dendro,bigram,no_origin,12,unith,Faure,top_four,6S,233,74,93,0.9828326180257511,0.0,0.0,0.0,0.0,0.0,0.0,0.3333333432674408,0.0042203148035532415,0.03279121148997756,4,0.0,0.9828326180257511,,,,,,,,,,,
dendro,bigram,no_origin,12,unith,Faure,top_four,6S,233,75,94,0.9914163090128756,0.0,0.0,0.0,0.0,0.0,0.0,0.3333333432674408,0.0021459228107345973,0.02437281694291039,3,0.0,0.9914163090128756,,,,,,,,,,,
dendro,bigram,no_origin,12,unith,Faure,top_four,6S,233,76,95,0.9828326180257511,0.0,0.0,0.0,0.0,0.0,0.0,0.5,0.005507868438831214,0.04436052763960307,5,0.0,0.9828326180257511,,,,,,,,,,,
dendro,bigram,no_origin,12,unith,Faure,top_four,6S,233,77,96,1.0,0.0,0.0,0.0,0.0,0.0,0.0,0.0,0.0,0.0,1,0.0,1.0,,,,,,,,,,,
dendro,bigram,no_origin,12,unith,Faure,top_four,6S,233,78,97,0.9957081545064378,0.0,0.0,0.0,0.0,0.0,0.0,0.3333333432674408,0.0014306152071563983,0.02183739338681896,2,0.0,0.9957081545064378,,,,,,,,,,,
dendro,bigram,no_origin,12,unith,Faure,top_four,6S,233,79,98,1.0,0.0,0.0,0.0,0.0,0.0,0.0,0.0,0.0,0.0,1,0.0,1.0,,,,,,,,,,,
dendro,bigram,no_origin,12,unith,Faure,top_four,6S,233,80,99,1.0,0.0,0.0,0.0,0.0,0.0,0.0,0.0,0.0,0.0,1,0.0,1.0,,,,,,,,,,,
dendro,bigram,no_origin,12,unith,Faure,top_four,6S,233,81,100,1.0,0.0,0.0,0.0,0.0,0.0,0.0,0.0,0.0,0.0,1,0.0,1.0,,,,,,,,,,,
dendro,bigram,no_origin,12,unith,Faure,top_four,6S,233,82,101,1.0,0.0,0.0,0.0,0.0,0.0,0.0,0.0,0.0,0.0,1,0.0,1.0,,,,,,,,,,,
dendro,bigram,no_origin,12,unith,Faure,top_four,6S,233,83,103,1.0,0.0,0.0,0.0,0.0,0.0,0.0,0.0,0.0,0.0,1,0.0,1.0,,,,,,,,,,,
dendro,bigram,no_origin,12,unith,Faure,top_four,6S,233,84,104,1.0,0.0,0.0,0.0,0.0,0.0,0.0,0.0,0.0,0.0,1,0.0,1.0,,,,,,,,,,,
dendro,bigram,no_origin,12,unith,Faure,top_four,6S,233,85,105,1.0,0.0,0.0,0.0,0.0,0.0,0.0,0.0,0.0,0.0,1,0.0,1.0,,,,,,,,,,,
dendro,bigram,no_origin,12,unith,Faure,top_four,6S,233,86,106,1.0,0.0,0.0,0.0,0.0,0.0,0.0,0.0,0.0,0.0,1,0.0,1.0,,,,,,,,,,,
dendro,bigram,no_origin,12,unith,Faure,top_four,6S,233,87,107,1.0,0.0,0.0,0.0,0.0,0.0,0.0,0.0,0.0,0.0,1,0.0,1.0,,,,,,,,,,,
dendro,bigram,no_origin,12,unith,Faure,top_four,6S,233,88,108,0.8841201716738197,0.0,0.0,0.0,0.0,0.0,0.25,0.5,0.030829757196197183,0.09009721400553786,6,0.0,0.8841201716738197,,,,,,,,,,,
dendro,bigram,no_origin,12,unith,Faure,top_four,6S,233,89,109,0.9613733905579399,0.0,0.0,0.0,0.0,0.0,0.0,1.0,0.013662374966134328,0.08405171141188215,7,0.0,0.9613733905579399,,,,,,,,,,,
dendro,bigram,no_origin,12,unith,Faure,top_four,6S,233,90,110,0.9098712446351931,0.0,0.0,0.0,0.0,0.0,0.3333333432674408,0.5,0.031402003227896956,0.10394442633363649,5,0.0,0.9098712446351931,,,,,,,,,,,
dendro,bigram,no_origin,12,unith,Faure,top_four,6S,233,91,111,0.9828326180257511,0.0,0.0,0.0,0.0,0.0,0.0,0.3333333432674408,0.004577968637319082,0.03579991518887856,3,0.0,0.9828326180257511,,,,,,,,,,,
dendro,bigram,no_origin,12,unith,Faure,top_four,6S,233,92,112,0.9785407725321889,0.0,0.0,0.0,0.0,0.0,0.0,0.5,0.008726752559002888,0.06170587638782836,4,0.0,0.9785407725321889,,,,,,,,,,,
dendro,bigram,no_origin,12,unith,Faure,top_four,6S,233,93,113,0.9871244635193133,0.0,0.0,0.0,0.0,0.0,0.0,0.5,0.004649499327328072,0.042475863332900474,4,0.0,0.9871244635193133,,,,,,,,,,,
dendro,bigram,no_origin,12,unith,Faure,top_four,6S,233,94,115,0.9871244635193133,0.0,0.0,0.0,0.0,0.0,0.0,0.5,0.00536480686695279,0.04894551824329558,3,0.0,0.9871244635193133,,,,,,,,,,,
dendro,bigram,no_origin,12,unith,Faure,top_four,6S,233,95,116,1.0,0.0,0.0,0.0,0.0,0.0,0.0,0.0,0.0,0.0,1,0.0,1.0,,,,,,,,,,,
dendro,bigram,no_origin,12,unith,Faure,top_four,6S,233,96,117,1.0,0.0,0.0,0.0,0.0,0.0,0.0,0.0,0.0,0.0,1,0.0,1.0,,,,,,,,,,,
dendro,bigram,no_origin,12,unith,Faure,top_four,6S,233,97,118,0.9656652360515021,0.0,0.0,0.0,0.0,0.0,0.0,1.0,0.013161659624443545,0.08399660847688525,6,0.0,0.9656652360515021,,,,,,,,,,,
dendro,bigram,no_origin,12,unith,Faure,top_four,6S,233,98,119,0.9914163090128756,0.0,0.0,0.0,0.0,0.0,0.0,0.5,0.004291845493562232,0.046224161212174826,2,0.0,0.9914163090128756,,,,,,,,,,,
dendro,bigram,no_origin,12,unith,Faure,top_four,6S,233,99,120,0.9742489270386266,0.0,0.0,0.0,0.0,0.0,0.0,0.3333333432674408,0.00786838357540671,0.048911386302807454,3,0.0,0.9742489270386266,,,,,,,,,,,
dendro,bigram,no_origin,12,unith,Faure,top_four,6S,233,100,121,0.9957081545064378,0.0,0.0,0.0,0.0,0.0,0.0,1.0,0.004291845493562232,0.06551217820804184,2,0.0,0.9957081545064378,,,,,,,,,,,
dendro,bigram,no_origin,12,unith,Faure,top_four,6S,233,101,122,0.944206008583691,0.0,0.0,0.0,0.0,0.0,0.1666666716337204,0.3333333432674408,0.01287553667254714,0.05450210331681078,5,0.0,0.944206008583691,,,,,,,,,,,
dendro,bigram,no_origin,12,unith,Faure,top_four,6S,233,102,123,1.0,0.0,0.0,0.0,0.0,0.0,0.0,0.0,0.0,0.0,1,0.0,1.0,,,,,,,,,,,
dendro,bigram,no_origin,12,unith,Faure,top_four,6S,233,103,124,0.9957081545064378,0.0,0.0,0.0,0.0,0.0,0.0,0.25,0.001072961373390558,0.01637804455201046,2,0.0,0.9957081545064378,,,,,,,,,,,
dendro,bigram,no_origin,12,unith,Faure,top_four,6S,233,104,125,0.9742489270386266,0.0,0.0,0.0,0.0,0.0,0.0,0.5,0.008583691115031426,0.05458171549958736,4,0.0,0.9742489270386266,,,,,,,,,,,
dendro,bigram,no_origin,12,unith,Faure,top_four,6S,233,105,127,0.9957081545064378,0.0,0.0,0.0,0.0,0.0,0.0,0.20000000298023224,0.0008583691115031427,0.013102435836849873,2,0.0,0.9957081545064378,,,,,,,,,,,
dendro,bigram,no_origin,12,unith,Faure,top_four,6S,233,106,128,1.0,0.0,0.0,0.0,0.0,0.0,0.0,0.0,0.0,0.0,1,0.0,1.0,,,,,,,,,,,
dendro,bigram,no_origin,12,unith,Faure,top_four,6S,233,107,129,0.9957081545064378,0.0,0.0,0.0,0.0,0.0,0.0,0.25,0.001072961373390558,0.01637804455201046,2,0.0,0.9957081545064378,,,,,,,,,,,
dendro,bigram,no_origin,12,unith,Faure,top_four,6S,233,108,130,1.0,0.0,0.0,0.0,0.0,0.0,0.0,0.0,0.0,0.0,1,0.0,1.0,,,,,,,,,,,
dendro,bigram,no_origin,12,unith,Faure,top_four,6S,233,109,131,1.0,0.0,0.0,0.0,0.0,0.0,0.0,0.0,0.0,0.0,1,0.0,1.0,,,,,,,,,,,
dendro,bigram,no_origin,12,unith,Faure,top_four,6S,233,110,132,1.0,0.0,0.0,0.0,0.0,0.0,0.0,0.0,0.0,0.0,1,0.0,1.0,,,,,,,,,,,
dendro,bigram,no_origin,12,unith,Faure,top_four,6S,233,111,133,0.9871244635193133,0.0,0.0,0.0,0.0,0.0,0.0,0.5,0.00536480686695279,0.04894551824329558,3,0.0,0.9871244635193133,,,,,,,,,,,
dendro,bigram,no_origin,12,unith,Faure,top_four,6S,233,112,134,0.9957081545064378,0.0,0.0,0.0,0.0,0.0,0.0,0.20000000298023224,0.0008583691115031427,0.013102435836849873,2,0.0,0.9957081545064378,,,,,,,,,,,
dendro,bigram,no_origin,12,unith,Faure,top_four,6S,233,113,135,0.9957081545064378,0.0,0.0,0.0,0.0,0.0,0.0,0.1666666716337204,0.0007153076035781991,0.01091869669340948,2,0.0,0.9957081545064378,,,,,,,,,,,
dendro,bigram,no_origin,12,unith,Faure,top_four,6S,233,114,136,0.9957081545064378,0.0,0.0,0.0,0.0,0.0,0.0,0.25,0.001072961373390558,0.01637804455201046,2,0.0,0.9957081545064378,,,,,,,,,,,
dendro,bigram,no_origin,12,unith,Faure,top_four,6S,233,115,137,0.9957081545064378,0.0,0.0,0.0,0.0,0.0,0.0,0.25,0.001072961373390558,0.01637804455201046,2,0.0,0.9957081545064378,,,,,,,,,,,
dendro,bigram,no_origin,12,unith,Faure,top_four,6S,233,116,139,0.9957081545064378,0.0,0.0,0.0,0.0,0.0,0.0,0.20000000298023224,0.0008583691115031427,0.013102435836849873,2,0.0,0.9957081545064378,,,,,,,,,,,
dendro,bigram,no_origin,12,unith,Faure,top_four,6S,233,117,140,1.0,0.0,0.0,0.0,0.0,0.0,0.0,0.0,0.0,0.0,1,0.0,1.0,,,,,,,,,,,
dendro,bigram,no_origin,12,unith,Faure,top_four,6S,233,118,141,1.0,0.0,0.0,0.0,0.0,0.0,0.0,0.0,0.0,0.0,1,0.0,1.0,,,,,,,,,,,
dendro,bigram,no_origin,12,unith,Faure,top_four,6S,233,119,142,1.0,0.0,0.0,0.0,0.0,0.0,0.0,0.0,0.0,0.0,1,0.0,1.0,,,,,,,,,,,
dendro,bigram,no_origin,12,unith,Faure,top_four,6S,233,120,143,1.0,0.0,0.0,0.0,0.0,0.0,0.0,0.0,0.0,0.0,1,0.0,1.0,,,,,,,,,,,
dendro,bigram,no_origin,12,unith,Faure,top_four,6S,233,__vector__,__vector__,0.9868052353421062,,,,,,,,,,,,,1.5965665236051503,,,,,,,,,,
dendro,bigram,no_origin,12,unith,Faure,top_four,all,1294,0,0,1.0,0.0,0.0,0.0,0.0,0.0,0.0,0.0,0.0,0.0,1,0.0,1.0,,,,,,,,,,,
dendro,bigram,no_origin,12,unith,Faure,top_four,all,1294,1,1,0.964451313755796,0.0,0.0,0.0,0.0,0.0,0.0,0.5,0.010303967230747436,0.05498953115570122,6,0.0,0.964451313755796,,,,,,,,,,,
dendro,bigram,no_origin,12,unith,Faure,top_four,all,1294,2,2,0.9938176197836167,0.0,0.0,0.0,0.0,0.0,0.0,0.3333333432674408,0.0017259145123881203,0.022344935821512868,4,0.0,0.9938176197836167,,,,,,,,,,,
dendro,bigram,no_origin,12,unith,Faure,top_four,all,1294,3,3,1.0,0.0,0.0,0.0,0.0,0.0,0.0,0.0,0.0,0.0,1,0.0,1.0,,,,,,,,,,,
dendro,bigram,no_origin,12,unith,Faure,top_four,all,1294,4,4,0.9976816074188563,0.0,0.0,0.0,0.0,0.0,0.0,0.5,0.0008371973286456266,0.01808085633424074,4,0.0,0.9976816074188563,,,,,,,,,,,
dendro,bigram,no_origin,12,unith,Faure,top_four,all,1294,5,5,0.999227202472952,0.0,0.0,0.0,0.0,0.0,0.0,0.25,0.00019319938176197836,0.006949809021872083,2,0.0,0.999227202472952,,,,,,,,,,,
dendro,bigram,no_origin,12,unith,Faure,top_four,all,1294,6,7,0.9969088098918083,0.0,0.0,0.0,0.0,0.0,0.0,0.5,0.0009659969088098918,0.018369173373995882,3,0.0,0.9969088098918083,,,,,,,,,,,
dendro,bigram,no_origin,12,unith,Faure,top_four,all,1294,7,8,1.0,0.0,0.0,0.0,0.0,0.0,0.0,0.0,0.0,0.0,1,0.0,1.0,,,,,,,,,,,
dendro,bigram,no_origin,12,unith,Faure,top_four,all,1294,8,9,0.9474497681607419,0.0,0.0,0.0,0.0,0.0,0.20000000298023224,1.0,0.015378671000140159,0.07074450414528945,7,0.0,0.9474497681607419,,,,,,,,,,,
dendro,bigram,no_origin,12,unith,Faure,top_four,all,1294,9,10,0.9853168469860897,0.0,0.0,0.0,0.0,0.0,0.0,0.5,0.004520865574686383,0.03936144593648599,6,0.0,0.9853168469860897,,,,,,,,,,,
dendro,bigram,no_origin,12,unith,Faure,top_four,all,1294,10,11,0.999227202472952,0.0,0.0,0.0,0.0,0.0,0.0,0.25,0.00019319938176197836,0.0069498090218720835,2,0.0,0.999227202472952,,,,,,,,,,,
dendro,bigram,no_origin,12,unith,Faure,top_four,all,1294,11,12,0.9559505409582689,0.0,0.0,0.0,0.0,0.0,0.0,0.5,0.013485316987476173,0.06705842095868744,6,0.0,0.9559505409582689,,,,,,,,,,,
dendro,bigram,no_origin,12,unith,Faure,top_four,all,1294,12,13,1.0,0.0,0.0,0.0,0.0,0.0,0.0,0.0,0.0,0.0,1,0.0,1.0,,,,,,,,,,,
dendro,bigram,no_origin,12,unith,Faure,top_four,all,1294,13,14,0.8987635239567233,0.0,0.0,0.0,0.0,0.0,0.3333333432674408,1.0,0.03541988718224088,0.11133232695672325,7,0.0,0.8987635239567233,,,,,,,,,,,
dendro,bigram,no_origin,12,unith,Faure,top_four,all,1294,14,15,0.9930448222565688,0.0,0.0,0.0,0.0,0.0,0.0,0.5,0.0019835136727166507,0.02482936694278759,5,0.0,0.9930448222565688,,,,,,,,,,,
dendro,bigram,no_origin,12,unith,Faure,top_four,all,1294,15,16,0.9891808346213292,0.0,0.0,0.0,0.0,0.0,0.0,0.5,0.004250386467857007,0.04149770475721646,3,0.0,0.9891808346213292,,,,,,,,,,,
dendro,bigram,no_origin,12,unith,Faure,top_four,all,1294,16,17,0.9876352395672334,0.0,0.0,0.0,0.0,0.0,0.0,0.5,0.00427614637237428,0.03976065750651905,5,0.0,0.9876352395672334,,,,,,,,,,,
dendro,bigram,no_origin,12,unith,Faure,top_four,all,1294,17,19,0.9227202472952086,0.0,0.0,0.0,0.0,0.0,0.25,0.5,0.022964966790016503,0.08343537014993925,6,0.0,0.9227202472952086,,,,,,,,,,,
dendro,bigram,no_origin,12,unith,Faure,top_four,all,1294,18,20,0.9984544049459042,0.0,0.0,0.0,0.0,0.0,0.0,0.5,0.0006439979468836482,0.016699297973298687,3,0.0,0.9984544049459042,,,,,,,,,,,
dendro,bigram,no_origin,12,unith,Faure,top_four,all,1294,19,21,0.9860896445131375,0.0,0.0,0.0,0.0,0.0,0.0,1.0,0.0051391036055371785,0.048368523361621174,6,0.0,0.9860896445131375,,,,,,,,,,,
dendro,bigram,no_origin,12,unith,Faure,top_four,all,1294,20,22,0.9721792890262752,0.0,0.0,0.0,0.0,0.0,0.0,0.5,0.0076764555650848144,0.04675949758158883,6,0.0,0.9721792890262752,,,,,,,,,,,
dendro,bigram,no_origin,12,unith,Faure,top_four,all,1294,21,23,0.9930448222565688,0.0,0.0,0.0,0.0,0.0,0.0,0.5,0.0021895930124950554,0.027723585464575772,5,0.0,0.9930448222565688,,,,,,,,,,,
dendro,bigram,no_origin,12,unith,Faure,top_four,all,1294,22,24,0.7874806800618238,0.0,0.0,0.0,0.0,0.0,0.3333333432674408,0.5,0.061939722972085706,0.1221028579646474,7,0.0,0.7874806800618238,,,,,,,,,,,
dendro,bigram,no_origin,12,unith,Faure,top_four,all,1294,23,25,0.9389489953632149,0.0,0.0,0.0,0.0,0.0,0.20000000298023224,1.0,0.02035033508237031,0.08662708159556072,7,0.0,0.9389489953632149,,,,,,,,,,,
dendro,bigram,no_origin,12,unith,Faure,top_four,all,1294,24,26,1.0,0.0,0.0,0.0,0.0,0.0,0.0,0.0,0.0,0.0,1,0.0,1.0,,,,,,,,,,,
dendro,bigram,no_origin,12,unith,Faure,top_four,all,1294,25,27,0.9837712519319938,0.0,0.0,0.0,0.0,0.0,0.0,0.3333333432674408,0.003812467837720603,0.030160589128379916,5,0.0,0.9837712519319938,,,,,,,,,,,
dendro,bigram,no_origin,12,unith,Faure,top_four,all,1294,26,28,1.0,0.0,0.0,0.0,0.0,0.0,0.0,0.0,0.0,0.0,1,0.0,1.0,,,,,,,,,,,
dendro,bigram,no_origin,12,unith,Faure,top_four,all,1294,27,29,0.9667697063369397,0.0,0.0,0.0,0.0,0.0,0.0,0.5,0.00922205060766506,0.05131220677002758,5,0.0,0.9667697063369397,,,,,,,,,,,
dendro,bigram,no_origin,12,unith,Faure,top_four,all,1294,28,31,0.999227202472952,0.0,0.0,0.0,0.0,0.0,0.0,0.3333333432674408,0.0002575991833596915,0.009266412305323374,2,0.0,0.999227202472952,,,,,,,,,,,
dendro,bigram,no_origin,12,unith,Faure,top_four,all,1294,29,32,1.0,0.0,0.0,0.0,0.0,0.0,0.0,0.0,0.0,0.0,1,0.0,1.0,,,,,,,,,,,
dendro,bigram,no_origin,12,unith,Faure,top_four,all,1294,30,33,0.8624420401854714,0.0,0.0,0.0,0.0,0.0,0.3333333432674408,1.0,0.04541473530543827,0.12080732654691671,7,0.0,0.8624420401854714,,,,,,,,,,,
dendro,bigram,no_origin,12,unith,Faure,top_four,all,1294,31,34,0.9768160741885626,0.0,0.0,0.0,0.0,0.0,0.0,0.5,0.007560535908390234,0.05088525897189032,5,0.0,0.9768160741885626,,,,,,,,,,,
dendro,bigram,no_origin,12,unith,Faure,top_four,all,1294,32,35,0.999227202472952,0.0,0.0,0.0,0.0,0.0,0.0,0.3333333432674408,0.0002575991833596915,0.009266412305323374,2,0.0,0.999227202472952,,,,,,,,,,,
dendro,bigram,no_origin,12,unith,Faure,top_four,all,1294,33,36,0.9922720247295209,0.0,0.0,0.0,0.0,0.0,0.0,0.5,0.002640391566101145,0.031410523031722475,4,0.0,0.9922720247295209,,,,,,,,,,,
dendro,bigram,no_origin,12,unith,Faure,top_four,all,1294,34,37,0.9945904173106646,0.0,0.0,0.0,0.0,0.0,0.0,0.5,0.0017001545848396868,0.023997180393975224,5,0.0,0.9945904173106646,,,,,,,,,,,
dendro,bigram,no_origin,12,unith,Faure,top_four,all,1294,35,38,0.9783616692426584,0.0,0.0,0.0,0.0,0.0,0.0,0.5,0.0054095827584288774,0.03780771229245704,6,0.0,0.9783616692426584,,,,,,,,,,,
dendro,bigram,no_origin,12,unith,Faure,top_four,all,1294,36,39,1.0,0.0,0.0,0.0,0.0,0.0,0.0,0.0,0.0,0.0,1,0.0,1.0,,,,,,,,,,,
dendro,bigram,no_origin,12,unith,Faure,top_four,all,1294,37,40,0.9984544049459042,0.0,0.0,0.0,0.0,0.0,0.0,0.5,0.000579598145285935,0.01553543715918606,3,0.0,0.9984544049459042,,,,,,,,,,,
dendro,bigram,no_origin,12,unith,Faure,top_four,all,1294,38,41,0.991499227202473,0.0,0.0,0.0,0.0,0.0,0.0,0.3333333432674408,0.0020350335162979375,0.022501028557771075,5,0.0,0.991499227202473,,,,,,,,,,,
dendro,bigram,no_origin,12,unith,Faure,top_four,all,1294,39,43,1.0,0.0,0.0,0.0,0.0,0.0,0.0,0.0,0.0,0.0,1,0.0,1.0,,,,,,,,,,,
dendro,bigram,no_origin,12,unith,Faure,top_four,all,1294,40,44,0.999227202472952,0.0,0.0,0.0,0.0,0.0,0.0,0.20000000298023224,0.00015455950771269878,0.005559847300345846,2,0.0,0.999227202472952,,,,,,,,,,,
dendro,bigram,no_origin,12,unith,Faure,top_four,all,1294,41,45,0.9899536321483772,0.0,0.0,0.0,0.0,0.0,0.0,0.3333333432674408,0.002614631673099453,0.026501299492058192,4,0.0,0.9899536321483772,,,,,,,,,,,
dendro,bigram,no_origin,12,unith,Faure,top_four,all,1294,42,46,0.990726429675425,0.0,0.0,0.0,0.0,0.0,0.0,1.0,0.0040443070705006995,0.04649298621564167,6,0.0,0.990726429675425,,,,,,,,,,,
dendro,bigram,no_origin,12,unith,Faure,top_four,all,1294,43,47,0.9976816074188563,0.0,0.0,0.0,0.0,0.0,0.0,0.3333333432674408,0.0006697578744320817,0.014225065832089719,3,0.0,0.9976816074188563,,,,,,,,,,,
dendro,bigram,no_origin,12,unith,Faure,top_four,all,1294,44,48,1.0,0.0,0.0,0.0,0.0,0.0,0.0,0.0,0.0,0.0,1,0.0,1.0,,,,,,,,,,,
dendro,bigram,no_origin,12,unith,Faure,top_four,all,1294,45,49,0.9845440494590417,0.0,0.0,0.0,0.0,0.0,0.0,0.5,0.005757341647903555,0.04764044134125381,5,0.0,0.9845440494590417,,,,,,,,,,,
dendro,bigram,no_origin,12,unith,Faure,top_four,all,1294,46,50,1.0,0.0,0.0,0.0,0.0,0.0,0.0,0.0,0.0,0.0,1,0.0,1.0,,,,,,,,,,,
dendro,bigram,no_origin,12,unith,Faure,top_four,all,1294,47,51,0.9984544049459042,0.0,0.0,0.0,0.0,0.0,0.0,0.25,0.0003863987635239567,0.009824712776629257,2,0.0,0.9984544049459042,,,,,,,,,,,
dendro,bigram,no_origin,12,unith,Faure,top_four,all,1294,48,52,1.0,0.0,0.0,0.0,0.0,0.0,0.0,0.0,0.0,0.0,1,0.0,1.0,,,,,,,,,,,
dendro,bigram,no_origin,12,unith,Faure,top_four,all,1294,49,53,1.0,0.0,0.0,0.0,0.0,0.0,0.0,0.0,0.0,0.0,1,0.0,1.0,,,,,,,,,,,
dendro,bigram,no_origin,12,unith,Faure,top_four,all,1294,50,55,0.9969088098918083,0.0,0.0,0.0,0.0,0.0,0.0,0.3333333432674408,0.000798557454596347,0.014591258623328171,4,0.0,0.9969088098918083,,,,,,,,,,,
dendro,bigram,no_origin,12,unith,Faure,top_four,all,1294,51,56,0.9969088098918083,0.0,0.0,0.0,0.0,0.0,0.0,0.3333333432674408,0.0009659969318410529,0.017470024200301852,3,0.0,0.9969088098918083,,,,,,,,,,,
dendro,bigram,no_origin,12,unith,Faure,top_four,all,1294,52,57,0.9930448222565688,0.0,0.0,0.0,0.0,0.0,0.0,0.5,0.002279752753156783,0.027982447222094017,5,0.0,0.9930448222565688,,,,,,,,,,,
dendro,bigram,no_origin,12,unith,Faure,top_four,all,1294,53,58,0.9976816074188563,0.0,0.0,0.0,0.0,0.0,0.0,0.3333333432674408,0.0006439979468836482,0.013497857318193184,3,0.0,0.9976816074188563,,,,,,,,,,,
dendro,bigram,no_origin,12,unith,Faure,top_four,all,1294,54,59,1.0,0.0,0.0,0.0,0.0,0.0,0.0,0.0,0.0,0.0,1,0.0,1.0,,,,,,,,,,,
dendro,bigram,no_origin,12,unith,Faure,top_four,all,1294,55,60,0.9636785162287481,0.0,0.0,0.0,0.0,0.0,0.0,0.5,0.011192684368427607,0.05941013288110976,6,0.0,0.9636785162287481,,,,,,,,,,,
dendro,bigram,no_origin,12,unith,Faure,top_four,all,1294,56,61,0.9922720247295209,0.0,0.0,0.0,0.0,0.0,0.0,0.5,0.002563111841033747,0.030331432973431556,5,0.0,0.9922720247295209,,,,,,,,,,,
dendro,bigram,no_origin,12,unith,Faure,top_four,all,1294,57,62,0.982225656877898,0.0,0.0,0.0,0.0,0.0,0.0,0.5,0.005783101575451988,0.044715603010688526,5,0.0,0.982225656877898,,,,,,,,,,,
dendro,bigram,no_origin,12,unith,Faure,top_four,all,1294,58,63,0.9945904173106646,0.0,0.0,0.0,0.0,0.0,0.0,0.5,0.002125193222412923,0.02969279511610683,4,0.0,0.9945904173106646,,,,,,,,,,,
dendro,bigram,no_origin,12,unith,Faure,top_four,all,1294,59,64,1.0,0.0,0.0,0.0,0.0,0.0,0.0,0.0,0.0,0.0,1,0.0,1.0,,,,,,,,,,,
dendro,bigram,no_origin,12,unith,Faure,top_four,all,1294,60,65,1.0,0.0,0.0,0.0,0.0,0.0,0.0,0.0,0.0,0.0,1,0.0,1.0,,,,,,,,,,,
dendro,bigram,no_origin,12,unith,Faure,top_four,all,1294,61,67,1.0,0.0,0.0,0.0,0.0,0.0,0.0,0.0,0.0,0.0,1,0.0,1.0,,,,,,,,,,,
dendro,bigram,no_origin,12,unith,Faure,top_four,all,1294,62,68,1.0,0.0,0.0,0.0,0.0,0.0,0.0,0.0,0.0,0.0,1,0.0,1.0,,,,,,,,,,,
dendro,bigram,no_origin,12,unith,Faure,top_four,all,1294,63,69,0.9706336939721792,0.0,0.0,0.0,0.0,0.0,0.0,1.0,0.009569809474108577,0.06047628655457546,7,0.0,0.9706336939721792,,,,,,,,,,,
dendro,bigram,no_origin,12,unith,Faure,top_four,all,1294,64,70,0.9945904173106646,0.0,0.0,0.0,0.0,0.0,0.0,1.0,0.0026661514936495785,0.043321449363832455,5,0.0,0.9945904173106646,,,,,,,,,,,
dendro,bigram,no_origin,12,unith,Faure,top_four,all,1294,65,71,1.0,0.0,0.0,0.0,0.0,0.0,0.0,0.0,0.0,0.0,1,0.0,1.0,,,,,,,,,,,
dendro,bigram,no_origin,12,unith,Faure,top_four,all,1294,66,84,0.990726429675425,0.0,0.0,0.0,0.0,0.0,0.0,0.3333333432674408,0.0027176713717776066,0.028656859968702517,4,0.0,0.990726429675425,,,,,,,,,,,
dendro,bigram,no_origin,12,unith,Faure,top_four,all,1294,67,85,0.9775888717156105,0.0,0.0,0.0,0.0,0.0,0.0,0.5,0.0074188563356628,0.05145808287920565,5,0.0,0.9775888717156105,,,,,,,,,,,
dendro,bigram,no_origin,12,unith,Faure,top_four,all,1294,68,86,0.9922720247295209,0.0,0.0,0.0,0.0,0.0,0.0,0.5,0.0022797527301256218,0.026806113796369466,5,0.0,0.9922720247295209,,,,,,,,,,,
dendro,bigram,no_origin,12,unith,Faure,top_four,all,1294,69,87,1.0,0.0,0.0,0.0,0.0,0.0,0.0,0.0,0.0,0.0,1,0.0,1.0,,,,,,,,,,,
dendro,bigram,no_origin,12,unith,Faure,top_four,all,1294,70,88,0.9884080370942813,0.0,0.0,0.0,0.0,0.0,0.0,0.3333333432674408,0.003297269517063542,0.031028024096980206,4,0.0,0.9884080370942813,,,,,,,,,,,
dendro,bigram,no_origin,12,unith,Faure,top_four,all,1294,71,89,0.999227202472952,0.0,0.0,0.0,0.0,0.0,0.0,0.3333333432674408,0.0002575991833596915,0.009266412305323374,2,0.0,0.999227202472952,,,,,,,,,,,
dendro,bigram,no_origin,12,unith,Faure,top_four,all,1294,72,91,1.0,0.0,0.0,0.0,0.0,0.0,0.0,0.0,0.0,0.0,1,0.0,1.0,,,,,,,,,,,
dendro,bigram,no_origin,12,unith,Faure,top_four,all,1294,73,92,1.0,0.0,0.0,0.0,0.0,0.0,0.0,0.0,0.0,0.0,1,0.0,1.0,,,,,,,,,,,
dendro,bigram,no_origin,12,unith,Faure,top_four,all,1294,74,93,0.9783616692426584,0.0,0.0,0.0,0.0,0.0,0.0,0.5,0.0060922205448150635,0.042803147224151905,5,0.0,0.9783616692426584,,,,,,,,,,,
dendro,bigram,no_origin,12,unith,Faure,top_four,all,1294,75,94,0.9953632148377125,0.0,0.0,0.0,0.0,0.0,0.0,0.3333333432674408,0.001043276679939612,0.015731222671636933,5,0.0,0.9953632148377125,,,,,,,,,,,
dendro,bigram,no_origin,12,unith,Faure,top_four,all,1294,76,95,0.9899536321483772,0.0,0.0,0.0,0.0,0.0,0.0,0.5,0.0028335909708942842,0.030154555535820197,6,0.0,0.9899536321483772,,,,,,,,,,,
dendro,bigram,no_origin,12,unith,Faure,top_four,all,1294,77,96,1.0,0.0,0.0,0.0,0.0,0.0,0.0,0.0,0.0,0.0,1,0.0,1.0,,,,,,,,,,,
dendro,bigram,no_origin,12,unith,Faure,top_four,all,1294,78,97,0.9976816074188563,0.0,0.0,0.0,0.0,0.0,0.0,0.5,0.0009015971302433397,0.019089287742622182,3,0.0,0.9976816074188563,,,,,,,,,,,
dendro,bigram,no_origin,12,unith,Faure,top_four,all,1294,79,98,0.9984544049459042,0.0,0.0,0.0,0.0,0.0,0.0,0.25,0.0003863987635239567,0.009824712776629259,2,0.0,0.9984544049459042,,,,,,,,,,,
dendro,bigram,no_origin,12,unith,Faure,top_four,all,1294,80,99,0.999227202472952,0.0,0.0,0.0,0.0,0.0,0.0,0.20000000298023224,0.00015455950771269878,0.005559847300345847,2,0.0,0.999227202472952,,,,,,,,,,,
dendro,bigram,no_origin,12,unith,Faure,top_four,all,1294,81,100,1.0,0.0,0.0,0.0,0.0,0.0,0.0,0.0,0.0,0.0,1,0.0,1.0,,,,,,,,,,,
dendro,bigram,no_origin,12,unith,Faure,top_four,all,1294,82,101,1.0,0.0,0.0,0.0,0.0,0.0,0.0,0.0,0.0,0.0,1,0.0,1.0,,,,,,,,,,,
dendro,bigram,no_origin,12,unith,Faure,top_four,all,1294,83,103,1.0,0.0,0.0,0.0,0.0,0.0,0.0,0.0,0.0,0.0,1,0.0,1.0,,,,,,,,,,,
dendro,bigram,no_origin,12,unith,Faure,top_four,all,1294,84,104,1.0,0.0,0.0,0.0,0.0,0.0,0.0,0.0,0.0,0.0,1,0.0,1.0,,,,,,,,,,,
dendro,bigram,no_origin,12,unith,Faure,top_four,all,1294,85,105,0.9984544049459042,0.0,0.0,0.0,0.0,0.0,0.0,0.5,0.0006439979468836482,0.016699297973298683,3,0.0,0.9984544049459042,,,,,,,,,,,
dendro,bigram,no_origin,12,unith,Faure,top_four,all,1294,86,106,0.999227202472952,0.0,0.0,0.0,0.0,0.0,0.0,0.20000000298023224,0.00015455950771269878,0.005559847300345846,2,0.0,0.999227202472952,,,,,,,,,,,
dendro,bigram,no_origin,12,unith,Faure,top_four,all,1294,87,107,1.0,0.0,0.0,0.0,0.0,0.0,0.0,0.0,0.0,0.0,1,0.0,1.0,,,,,,,,,,,
dendro,bigram,no_origin,12,unith,Faure,top_four,all,1294,88,108,0.9119010819165378,0.0,0.0,0.0,0.0,0.0,0.25,1.0,0.025540958496942035,0.08947122184581582,7,0.0,0.9119010819165378,,,,,,,,,,,
dendro,bigram,no_origin,12,unith,Faure,top_four,all,1294,89,109,0.9706336939721792,0.0,0.0,0.0,0.0,0.0,0.0,1.0,0.01053580639443405,0.07047162920298264,8,0.0,0.9706336939721792,,,,,,,,,,,
dendro,bigram,no_origin,12,unith,Faure,top_four,all,1294,90,110,0.8299845440494591,0.0,0.0,0.0,0.0,0.0,0.3333333432674408,0.5,0.058784132739860086,0.13583670440012938,7,0.0,0.8299845440494591,,,,,,,,,,,
dendro,bigram,no_origin,12,unith,Faure,top_four,all,1294,91,111,0.9938176197836167,0.0,0.0,0.0,0.0,0.0,0.0,0.5,0.001880474020100819,0.02502695614488982,4,0.0,0.9938176197836167,,,,,,,,,,,
dendro,bigram,no_origin,12,unith,Faure,top_four,all,1294,92,112,0.9922720247295209,0.0,0.0,0.0,0.0,0.0,0.0,0.5,0.0032457496389355135,0.037924714833572806,4,0.0,0.9922720247295209,,,,,,,,,,,
dendro,bigram,no_origin,12,unith,Faure,top_four,all,1294,93,113,0.9837712519319938,0.0,0.0,0.0,0.0,0.0,0.0,0.5,0.00566718196481973,0.04529601184877195,4,0.0,0.9837712519319938,,,,,,,,,,,
dendro,bigram,no_origin,12,unith,Faure,top_four,all,1294,94,115,0.9775888717156105,0.0,0.0,0.0,0.0,0.0,0.0,0.5,0.007161257140787528,0.05012037718188246,6,0.0,0.9775888717156105,,,,,,,,,,,
dendro,bigram,no_origin,12,unith,Faure,top_four,all,1294,95,116,0.999227202472952,0.0,0.0,0.0,0.0,0.0,0.0,0.25,0.00019319938176197836,0.006949809021872083,2,0.0,0.999227202472952,,,,,,,,,,,
dendro,bigram,no_origin,12,unith,Faure,top_four,all,1294,96,117,1.0,0.0,0.0,0.0,0.0,0.0,0.0,0.0,0.0,0.0,1,0.0,1.0,,,,,,,,,,,
dendro,bigram,no_origin,12,unith,Faure,top_four,all,1294,97,118,0.9605873261205564,0.0,0.0,0.0,0.0,0.0,0.0,1.0,0.011720762658616674,0.06295760863858742,7,0.0,0.9605873261205564,,,,,,,,,,,
dendro,bigram,no_origin,12,unith,Faure,top_four,all,1294,98,119,0.9945904173106646,0.0,0.0,0.0,0.0,0.0,0.0,0.5,0.0019963936192174967,0.02840778309539896,4,0.0,0.9945904173106646,,,,,,,,,,,
dendro,bigram,no_origin,12,unith,Faure,top_four,all,1294,99,120,0.9768160741885626,0.0,0.0,0.0,0.0,0.0,0.0,0.5,0.007483256160291675,0.05055363763225347,5,0.0,0.9768160741885626,,,,,,,,,,,
dendro,bigram,no_origin,12,unith,Faure,top_four,all,1294,100,121,0.9961360123647605,0.0,0.0,0.0,0.0,0.0,0.0,1.0,0.0015713549816442605,0.031376219565910725,5,0.0,0.9961360123647605,,,,,,,,,,,
dendro,bigram,no_origin,12,unith,Faure,top_four,all,1294,101,122,0.9304482225656878,0.0,0.0,0.0,0.0,0.0,0.20000000298023224,0.3333333432674408,0.017916022936656634,0.06707423983236238,5,0.0,0.9304482225656878,,,,,,,,,,,
dendro,bigram,no_origin,12,unith,Faure,top_four,all,1294,102,123,0.9976816074188563,0.0,0.0,0.0,0.0,0.0,0.0,0.25,0.0005409582712366556,0.011283498906114218,3,0.0,0.9976816074188563,,,,,,,,,,,
dendro,bigram,no_origin,12,unith,Faure,top_four,all,1294,103,124,0.9984544049459042,0.0,0.0,0.0,0.0,0.0,0.0,0.5,0.000579598145285935,0.015535437159186052,3,0.0,0.9984544049459042,,,,,,,,,,,
dendro,bigram,no_origin,12,unith,Faure,top_four,all,1294,104,125,0.9845440494590417,0.0,0.0,0.0,0.0,0.0,0.0,0.5,0.005473982560026591,0.04514167038332816,4,0.0,0.9845440494590417,,,,,,,,,,,
dendro,bigram,no_origin,12,unith,Faure,top_four,all,1294,105,127,0.9984544049459042,0.0,0.0,0.0,0.0,0.0,0.0,0.25,0.00034775888947467717,0.008896739832803102,3,0.0,0.9984544049459042,,,,,,,,,,,
dendro,bigram,no_origin,12,unith,Faure,top_four,all,1294,106,128,0.999227202472952,0.0,0.0,0.0,0.0,0.0,0.0,0.25,0.00019319938176197836,0.006949809021872083,2,0.0,0.999227202472952,,,,,,,,,,,
dendro,bigram,no_origin,12,unith,Faure,top_four,all,1294,107,129,0.9853168469860897,0.0,0.0,0.0,0.0,0.0,0.0,0.5,0.004263266379811111,0.03685429620540138,5,0.0,0.9853168469860897,,,,,,,,,,,
dendro,bigram,no_origin,12,unith,Faure,top_four,all,1294,108,130,1.0,0.0,0.0,0.0,0.0,0.0,0.0,0.0,0.0,0.0,1,0.0,1.0,,,,,,,,,,,
dendro,bigram,no_origin,12,unith,Faure,top_four,all,1294,109,131,0.9961360123647605,0.0,0.0,0.0,0.0,0.0,0.0,0.25,0.0009273570347606122,0.01494737281847518,3,0.0,0.9961360123647605,,,,,,,,,,,
dendro,bigram,no_origin,12,unith,Faure,top_four,all,1294,110,132,1.0,0.0,0.0,0.0,0.0,0.0,0.0,0.0,0.0,0.0,1,0.0,1.0,,,,,,,,,,,
dendro,bigram,no_origin,12,unith,Faure,top_four,all,1294,111,133,0.991499227202473,0.0,0.0,0.0,0.0,0.0,0.0,0.5,0.00292375067700927,0.03303286404777363,5,0.0,0.991499227202473,,,,,,,,,,,
dendro,bigram,no_origin,12,unith,Faure,top_four,all,1294,112,134,0.9945904173106646,0.0,0.0,0.0,0.0,0.0,0.0,0.25,0.0012364760501860099,0.016870867587398353,3,0.0,0.9945904173106646,,,,,,,,,,,
dendro,bigram,no_origin,12,unith,Faure,top_four,all,1294,113,135,0.9961360123647605,0.0,0.0,0.0,0.0,0.0,0.0,0.25,0.000798557454596347,0.013036043317543353,4,0.0,0.9961360123647605,,,,,,,,,,,
dendro,bigram,no_origin,12,unith,Faure,top_four,all,1294,114,136,0.9976816074188563,0.0,0.0,0.0,0.0,0.0,0.0,0.5,0.0008371973286456266,0.01808085633424074,4,0.0,0.9976816074188563,,,,,,,,,,,
dendro,bigram,no_origin,12,unith,Faure,top_four,all,1294,115,137,0.9984544049459042,0.0,0.0,0.0,0.0,0.0,0.0,0.25,0.0003863987635239567,0.009824712776629257,2,0.0,0.9984544049459042,,,,,,,,,,,
dendro,bigram,no_origin,12,unith,Faure,top_four,all,1294,116,139,0.9976816074188563,0.0,0.0,0.0,0.0,0.0,0.0,0.3333333432674408,0.0006053580728343687,0.01283896698678511,4,0.0,0.9976816074188563,,,,,,,,,,,
dendro,bigram,no_origin,12,unith,Faure,top_four,all,1294,117,140,0.9976816074188563,0.0,0.0,0.0,0.0,0.0,0.0,0.5,0.0009273570347606122,0.020415012990736083,3,0.0,0.9976816074188563,,,,,,,,,,,
dendro,bigram,no_origin,12,unith,Faure,top_four,all,1294,118,141,0.9961360123647605,0.0,0.0,0.0,0.0,0.0,0.0,0.3333333432674408,0.001081916565504472,0.017846528696314593,3,0.0,0.9961360123647605,,,,,,,,,,,
dendro,bigram,no_origin,12,unith,Faure,top_four,all,1294,119,142,0.999227202472952,0.0,0.0,0.0,0.0,0.0,0.0,0.25,0.00019319938176197836,0.006949809021872083,2,0.0,0.999227202472952,,,,,,,,,,,
dendro,bigram,no_origin,12,unith,Faure,top_four,all,1294,120,143,1.0,0.0,0.0,0.0,0.0,0.0,0.0,0.0,0.0,0.0,1,0.0,1.0,,,,,,,,,,,
dendro,bigram,no_origin,12,unith,Faure,top_four,all,1294,__vector__,__vector__,0.9855020629223242,,,,,,,,,,,,,1.7542503863987635,,,,,,,,,,
dendro,bigram,no_origin,12,unith,Nielsen,top_four,1H,206,0,0,1.0,0.0,0.0,0.0,0.0,0.0,0.0,0.0,0.0,0.0,1,0.0,1.0,,,,,,,,,,,
dendro,bigram,no_origin,12,unith,Nielsen,top_four,1H,206,1,1,1.0,0.0,0.0,0.0,0.0,0.0,0.0,0.0,0.0,0.0,1,0.0,1.0,,,,,,,,,,,
dendro,bigram,no_origin,12,unith,Nielsen,top_four,1H,206,2,2,1.0,0.0,0.0,0.0,0.0,0.0,0.0,0.0,0.0,0.0,1,0.0,1.0,,,,,,,,,,,
dendro,bigram,no_origin,12,unith,Nielsen,top_four,1H,206,3,3,0.9854368932038835,0.0,0.0,0.0,0.0,0.0,0.0,0.5,0.005663430444823886,0.050421174601809886,3,0.0,0.9854368932038835,,,,,,,,,,,
dendro,bigram,no_origin,12,unith,Nielsen,top_four,1H,206,4,4,0.9466019417475728,0.0,0.0,0.0,0.0,0.0,0.15000000223517418,0.3333333432674408,0.012540453194993214,0.05370265709142064,4,0.0,0.9466019417475728,,,,,,,,,,,
dendro,bigram,no_origin,12,unith,Nielsen,top_four,1H,206,5,5,0.9951456310679612,0.0,0.0,0.0,0.0,0.0,0.0,0.25,0.0012135922330097086,0.017418325357290446,2,0.0,0.9951456310679612,,,,,,,,,,,
dendro,bigram,no_origin,12,unith,Nielsen,top_four,1H,206,6,6,0.970873786407767,0.0,0.0,0.0,0.0,0.0,0.0,0.3333333432674408,0.007605178118909447,0.045009888268728135,4,0.0,0.970873786407767,,,,,,,,,,,
dendro,bigram,no_origin,12,unith,Nielsen,top_four,1H,206,7,7,1.0,0.0,0.0,0.0,0.0,0.0,0.0,0.0,0.0,0.0,1,0.0,1.0,,,,,,,,,,,
dendro,bigram,no_origin,12,unith,Nielsen,top_four,1H,206,8,9,0.9951456310679612,0.0,0.0,0.0,0.0,0.0,0.0,0.5,0.0024271844660194173,0.034836650714580884,2,0.0,0.9951456310679612,,,,,,,,,,,
dendro,bigram,no_origin,12,unith,Nielsen,top_four,1H,206,9,10,1.0,0.0,0.0,0.0,0.0,0.0,0.0,0.0,0.0,0.0,1,0.0,1.0,,,,,,,,,,,
dendro,bigram,no_origin,12,unith,Nielsen,top_four,1H,206,10,11,1.0,0.0,0.0,0.0,0.0,0.0,0.0,0.0,0.0,0.0,1,0.0,1.0,,,,,,,,,,,
dendro,bigram,no_origin,12,unith,Nielsen,top_four,1H,206,11,12,0.9951456310679612,0.0,0.0,0.0,0.0,0.0,0.0,0.20000000298023224,0.0009708738008749138,0.013934660493474978,2,0.0,0.9951456310679612,,,,,,,,,,,
dendro,bigram,no_origin,12,unith,Nielsen,top_four,1H,206,12,13,1.0,0.0,0.0,0.0,0.0,0.0,0.0,0.0,0.0,0.0,1,0.0,1.0,,,,,,,,,,,
dendro,bigram,no_origin,12,unith,Nielsen,top_four,1H,206,13,14,0.9757281553398058,0.0,0.0,0.0,0.0,0.0,0.0,0.5,0.008414239559358763,0.0574467489615449,4,0.0,0.9757281553398058,,,,,,,,,,,
dendro,bigram,no_origin,12,unith,Nielsen,top_four,1H,206,14,15,0.9854368932038835,0.0,0.0,0.0,0.0,0.0,0.0,0.5,0.005258899724599227,0.045150910981993024,4,0.0,0.9854368932038835,,,,,,,,,,,
dendro,bigram,no_origin,12,unith,Nielsen,top_four,1H,206,15,16,0.9854368932038835,0.0,0.0,0.0,0.0,0.0,0.0,0.3333333432674408,0.00444983828414991,0.03699988246205136,3,0.0,0.9854368932038835,,,,,,,,,,,
dendro,bigram,no_origin,12,unith,Nielsen,top_four,1H,206,16,17,0.7475728155339806,0.0,0.0,0.0,0.0,0.15000000223517418,0.3333333432674408,0.5,0.0767799367748418,0.13704761024690856,5,0.0,0.7475728155339806,,,,,,,,,,,
dendro,bigram,no_origin,12,unith,Nielsen,top_four,1H,206,17,18,0.9902912621359223,0.0,0.0,0.0,0.0,0.0,0.0,0.5,0.0036407766990291263,0.038872488075114175,3,0.0,0.9902912621359223,,,,,,,,,,,
dendro,bigram,no_origin,12,unith,Nielsen,top_four,1H,206,18,19,0.970873786407767,0.0,0.0,0.0,0.0,0.0,0.0,0.5,0.011084142457512975,0.06765415376132994,5,0.0,0.970873786407767,,,,,,,,,,,
dendro,bigram,no_origin,12,unith,Nielsen,top_four,1H,206,19,21,1.0,0.0,0.0,0.0,0.0,0.0,0.0,0.0,0.0,0.0,1,0.0,1.0,,,,,,,,,,,
dendro,bigram,no_origin,12,unith,Nielsen,top_four,1H,206,20,22,1.0,0.0,0.0,0.0,0.0,0.0,0.0,0.0,0.0,0.0,1,0.0,1.0,,,,,,,,,,,
dendro,bigram,no_origin,12,unith,Nielsen,top_four,1H,206,21,23,1.0,0.0,0.0,0.0,0.0,0.0,0.0,0.0,0.0,0.0,1,0.0,1.0,,,,,,,,,,,
dendro,bigram,no_origin,12,unith,Nielsen,top_four,1H,206,22,24,1.0,0.0,0.0,0.0,0.0,0.0,0.0,0.0,0.0,0.0,1,0.0,1.0,,,,,,,,,,,
dendro,bigram,no_origin,12,unith,Nielsen,top_four,1H,206,23,25,1.0,0.0,0.0,0.0,0.0,0.0,0.0,0.0,0.0,0.0,1,0.0,1.0,,,,,,,,,,,
dendro,bigram,no_origin,12,unith,Nielsen,top_four,1H,206,24,26,1.0,0.0,0.0,0.0,0.0,0.0,0.0,0.0,0.0,0.0,1,0.0,1.0,,,,,,,,,,,
dendro,bigram,no_origin,12,unith,Nielsen,top_four,1H,206,25,27,1.0,0.0,0.0,0.0,0.0,0.0,0.0,0.0,0.0,0.0,1,0.0,1.0,,,,,,,,,,,
dendro,bigram,no_origin,12,unith,Nielsen,top_four,1H,206,26,28,1.0,0.0,0.0,0.0,0.0,0.0,0.0,0.0,0.0,0.0,1,0.0,1.0,,,,,,,,,,,
dendro,bigram,no_origin,12,unith,Nielsen,top_four,1H,206,27,29,1.0,0.0,0.0,0.0,0.0,0.0,0.0,0.0,0.0,0.0,1,0.0,1.0,,,,,,,,,,,
dendro,bigram,no_origin,12,unith,Nielsen,top_four,1H,206,28,30,0.9757281553398058,0.0,0.0,0.0,0.0,0.0,0.0,0.5,0.00744336575848385,0.0501071027534236,5,0.0,0.9757281553398058,,,,,,,,,,,
dendro,bigram,no_origin,12,unith,Nielsen,top_four,1H,206,29,31,0.9854368932038835,0.0,0.0,0.0,0.0,0.0,0.0,0.3333333432674408,0.0038025890594547236,0.03205425462522115,4,0.0,0.9854368932038835,,,,,,,,,,,
dendro,bigram,no_origin,12,unith,Nielsen,top_four,1H,206,30,33,1.0,0.0,0.0,0.0,0.0,0.0,0.0,0.0,0.0,0.0,1,0.0,1.0,,,,,,,,,,,
dendro,bigram,no_origin,12,unith,Nielsen,top_four,1H,206,31,34,0.9951456310679612,0.0,0.0,0.0,0.0,0.0,0.0,0.3333333432674408,0.001618123025570101,0.02322443450186265,2,0.0,0.9951456310679612,,,,,,,,,,,
dendro,bigram,no_origin,12,unith,Nielsen,top_four,1H,206,32,35,1.0,0.0,0.0,0.0,0.0,0.0,0.0,0.0,0.0,0.0,1,0.0,1.0,,,,,,,,,,,
dendro,bigram,no_origin,12,unith,Nielsen,top_four,1H,206,33,36,1.0,0.0,0.0,0.0,0.0,0.0,0.0,0.0,0.0,0.0,1,0.0,1.0,,,,,,,,,,,
dendro,bigram,no_origin,12,unith,Nielsen,top_four,1H,206,34,37,0.9805825242718447,0.0,0.0,0.0,0.0,0.0,0.0,0.5,0.006877022750169328,0.05060510850694779,4,0.0,0.9805825242718447,,,,,,,,,,,
dendro,bigram,no_origin,12,unith,Nielsen,top_four,1H,206,35,38,0.970873786407767,0.0,0.0,0.0,0.0,0.0,0.0,0.5,0.011731391682208162,0.07006517425879415,4,0.0,0.970873786407767,,,,,,,,,,,
dendro,bigram,no_origin,12,unith,Nielsen,top_four,1H,206,36,39,1.0,0.0,0.0,0.0,0.0,0.0,0.0,0.0,0.0,0.0,1,0.0,1.0,,,,,,,,,,,
dendro,bigram,no_origin,12,unith,Nielsen,top_four,1H,206,37,40,0.9805825242718447,0.0,0.0,0.0,0.0,0.0,0.0,0.5,0.005582524300778954,0.0433972068003604,4,0.0,0.9805825242718447,,,,,,,,,,,
dendro,bigram,no_origin,12,unith,Nielsen,top_four,1H,206,38,41,0.9951456310679612,0.0,0.0,0.0,0.0,0.0,0.0,0.5,0.0024271844660194173,0.034836650714580884,2,0.0,0.9951456310679612,,,,,,,,,,,
dendro,bigram,no_origin,12,unith,Nielsen,top_four,1H,206,39,42,0.9660194174757282,0.0,0.0,0.0,0.0,0.0,0.0,0.5,0.012702265483083076,0.07127701513311974,5,0.0,0.9660194174757282,,,,,,,,,,,
dendro,bigram,no_origin,12,unith,Nielsen,top_four,1H,206,40,43,0.9805825242718447,0.0,0.0,0.0,0.0,0.0,0.0,0.3333333432674408,0.006067961309720012,0.04351889981255742,3,0.0,0.9805825242718447,,,,,,,,,,,
dendro,bigram,no_origin,12,unith,Nielsen,top_four,1H,206,41,45,0.9951456310679612,0.0,0.0,0.0,0.0,0.0,0.0,0.5,0.0024271844660194173,0.034836650714580884,2,0.0,0.9951456310679612,,,,,,,,,,,
dendro,bigram,no_origin,12,unith,Nielsen,top_four,1H,206,42,46,1.0,0.0,0.0,0.0,0.0,0.0,0.0,0.0,0.0,0.0,1,0.0,1.0,,,,,,,,,,,
dendro,bigram,no_origin,12,unith,Nielsen,top_four,1H,206,43,47,1.0,0.0,0.0,0.0,0.0,0.0,0.0,0.0,0.0,0.0,1,0.0,1.0,,,,,,,,,,,
dendro,bigram,no_origin,12,unith,Nielsen,top_four,1H,206,44,48,0.9757281553398058,0.0,0.0,0.0,0.0,0.0,0.0,0.5,0.006391585813564004,0.044822805266959025,5,0.0,0.9757281553398058,,,,,,,,,,,
dendro,bigram,no_origin,12,unith,Nielsen,top_four,1H,206,45,49,0.9563106796116505,0.0,0.0,0.0,0.0,0.0,0.0,0.5,0.01205501625838789,0.0594148087074831,5,0.0,0.9563106796116505,,,,,,,,,,,
dendro,bigram,no_origin,12,unith,Nielsen,top_four,1H,206,46,50,0.9854368932038835,0.0,0.0,0.0,0.0,0.0,0.0,0.5,0.005016181292464432,0.043947181797355676,4,0.0,0.9854368932038835,,,,,,,,,,,
dendro,bigram,no_origin,12,unith,Nielsen,top_four,1H,206,47,51,0.9854368932038835,0.0,0.0,0.0,0.0,0.0,0.0,0.3333333432674408,0.004207119852015116,0.03551544260653129,3,0.0,0.9854368932038835,,,,,,,,,,,
dendro,bigram,no_origin,12,unith,Nielsen,top_four,1H,206,48,52,1.0,0.0,0.0,0.0,0.0,0.0,0.0,0.0,0.0,0.0,1,0.0,1.0,,,,,,,,,,,
dendro,bigram,no_origin,12,unith,Nielsen,top_four,1H,206,49,53,0.9854368932038835,0.0,0.0,0.0,0.0,0.0,0.0,0.5,0.005016181292464432,0.043947181797355676,4,0.0,0.9854368932038835,,,,,,,,,,,
dendro,bigram,no_origin,12,unith,Nielsen,top_four,1H,206,50,54,0.9805825242718447,0.0,0.0,0.0,0.0,0.0,0.0,0.5,0.005582524300778954,0.0433972068003604,4,0.0,0.9805825242718447,,,,,,,,,,,
dendro,bigram,no_origin,12,unith,Nielsen,top_four,1H,206,51,55,0.9757281553398058,0.0,0.0,0.0,0.0,0.0,0.0,0.5,0.007605178118909447,0.051338544384549566,4,0.0,0.9757281553398058,,,,,,,,,,,
dendro,bigram,no_origin,12,unith,Nielsen,top_four,1H,206,52,57,1.0,0.0,0.0,0.0,0.0,0.0,0.0,0.0,0.0,0.0,1,0.0,1.0,,,,,,,,,,,
dendro,bigram,no_origin,12,unith,Nielsen,top_four,1H,206,53,58,1.0,0.0,0.0,0.0,0.0,0.0,0.0,0.0,0.0,0.0,1,0.0,1.0,,,,,,,,,,,
dendro,bigram,no_origin,12,unith,Nielsen,top_four,1H,206,54,59,1.0,0.0,0.0,0.0,0.0,0.0,0.0,0.0,0.0,0.0,1,0.0,1.0,,,,,,,,,,,
dendro,bigram,no_origin,12,unith,Nielsen,top_four,1H,206,55,60,0.9660194174757282,0.0,0.0,0.0,0.0,0.0,0.0,0.3333333432674408,0.008414239559358763,0.04561377830358728,4,0.0,0.9660194174757282,,,,,,,,,,,
dendro,bigram,no_origin,12,unith,Nielsen,top_four,1H,206,56,61,0.9660194174757282,0.0,0.0,0.0,0.0,0.0,0.0,0.3333333432674408,0.009223301144479548,0.05040369145798808,4,0.0,0.9660194174757282,,,,,,,,,,,
dendro,bigram,no_origin,12,unith,Nielsen,top_four,1H,206,57,62,0.941747572815534,0.0,0.0,0.0,0.0,0.0,0.20000000298023224,0.5,0.017718446920218976,0.07389822851326605,5,0.0,0.941747572815534,,,,,,,,,,,
dendro,bigram,no_origin,12,unith,Nielsen,top_four,1H,206,58,63,0.9660194174757282,0.0,0.0,0.0,0.0,0.0,0.0,0.5,0.01189320404263376,0.06650490552599088,5,0.0,0.9660194174757282,,,,,,,,,,,
dendro,bigram,no_origin,12,unith,Nielsen,top_four,1H,206,59,64,0.9466019417475728,0.0,0.0,0.0,0.0,0.0,0.1250000037252903,0.5,0.015453074742289423,0.06866820483280764,6,0.0,0.9466019417475728,,,,,,,,,,,
dendro,bigram,no_origin,12,unith,Nielsen,top_four,1H,206,60,65,1.0,0.0,0.0,0.0,0.0,0.0,0.0,0.0,0.0,0.0,1,0.0,1.0,,,,,,,,,,,
dendro,bigram,no_origin,12,unith,Nielsen,top_four,1H,206,61,66,0.9514563106796117,0.0,0.0,0.0,0.0,0.0,0.0,0.3333333432674408,0.015776699463140618,0.07023395693693317,3,0.0,0.9514563106796117,,,,,,,,,,,
dendro,bigram,no_origin,12,unith,Nielsen,top_four,1H,206,62,67,0.8349514563106796,0.0,0.0,0.0,0.0,0.0,0.3333333432674408,0.5,0.05461165149813717,0.12651910839317704,4,0.0,0.8349514563106796,,,,,,,,,,,
dendro,bigram,no_origin,12,unith,Nielsen,top_four,1H,206,63,69,1.0,0.0,0.0,0.0,0.0,0.0,0.0,0.0,0.0,0.0,1,0.0,1.0,,,,,,,,,,,
dendro,bigram,no_origin,12,unith,Nielsen,top_four,1H,206,64,70,0.9902912621359223,0.0,0.0,0.0,0.0,0.0,0.0,0.3333333432674408,0.0028317152585798097,0.028962489096380415,3,0.0,0.9902912621359223,,,,,,,,,,,
dendro,bigram,no_origin,12,unith,Nielsen,top_four,1H,206,65,71,0.9563106796116505,0.0,0.0,0.0,0.0,0.0,0.0,0.3333333432674408,0.010760517953668983,0.0516021250474708,4,0.0,0.9563106796116505,,,,,,,,,,,
dendro,bigram,no_origin,12,unith,Nielsen,top_four,1H,206,66,72,1.0,0.0,0.0,0.0,0.0,0.0,0.0,0.0,0.0,0.0,1,0.0,1.0,,,,,,,,,,,
dendro,bigram,no_origin,12,unith,Nielsen,top_four,1H,206,67,73,0.9805825242718447,0.0,0.0,0.0,0.0,0.0,0.0,0.3333333432674408,0.005420712085024824,0.03942693817504095,4,0.0,0.9805825242718447,,,,,,,,,,,
dendro,bigram,no_origin,12,unith,Nielsen,top_four,1H,206,68,74,0.9805825242718447,0.0,0.0,0.0,0.0,0.0,0.0,0.25,0.004368932067769245,0.03131803528531846,3,0.0,0.9805825242718447,,,,,,,,,,,
dendro,bigram,no_origin,12,unith,Nielsen,top_four,1H,206,69,75,0.970873786407767,0.0,0.0,0.0,0.0,0.0,0.0,0.5,0.012944983915217872,0.07611615892360954,3,0.0,0.970873786407767,,,,,,,,,,,
dendro,bigram,no_origin,12,unith,Nielsen,top_four,1H,206,70,76,0.9951456310679612,0.0,0.0,0.0,0.0,0.0,0.0,0.25,0.0012135922330097086,0.017418325357290442,2,0.0,0.9951456310679612,,,,,,,,,,,
dendro,bigram,no_origin,12,unith,Nielsen,top_four,1H,206,71,77,0.9951456310679612,0.0,0.0,0.0,0.0,0.0,0.0,0.3333333432674408,0.001618123025570101,0.023224434501862647,2,0.0,0.9951456310679612,,,,,,,,,,,
dendro,bigram,no_origin,12,unith,Nielsen,top_four,1H,206,72,78,1.0,0.0,0.0,0.0,0.0,0.0,0.0,0.0,0.0,0.0,1,0.0,1.0,,,,,,,,,,,
dendro,bigram,no_origin,12,unith,Nielsen,top_four,1H,206,73,79,0.9902912621359223,0.0,0.0,0.0,0.0,0.0,0.0,0.3333333432674408,0.003236246051140202,0.03276410424542003,2,0.0,0.9902912621359223,,,,,,,,,,,
dendro,bigram,no_origin,12,unith,Nielsen,top_four,1H,206,74,81,1.0,0.0,0.0,0.0,0.0,0.0,0.0,0.0,0.0,0.0,1,0.0,1.0,,,,,,,,,,,
dendro,bigram,no_origin,12,unith,Nielsen,top_four,1H,206,75,82,1.0,0.0,0.0,0.0,0.0,0.0,0.0,0.0,0.0,0.0,1,0.0,1.0,,,,,,,,,,,
dendro,bigram,no_origin,12,unith,Nielsen,top_four,1H,206,76,83,1.0,0.0,0.0,0.0,0.0,0.0,0.0,0.0,0.0,0.0,1,0.0,1.0,,,,,,,,,,,
dendro,bigram,no_origin,12,unith,Nielsen,top_four,1H,206,77,84,0.9951456310679612,0.0,0.0,0.0,0.0,0.0,0.0,0.25,0.0012135922330097086,0.017418325357290442,2,0.0,0.9951456310679612,,,,,,,,,,,
dendro,bigram,no_origin,12,unith,Nielsen,top_four,1H,206,78,85,0.9902912621359223,0.0,0.0,0.0,0.0,0.0,0.0,0.3333333432674408,0.003236246051140202,0.03276410424542003,2,0.0,0.9902912621359223,,,,,,,,,,,
dendro,bigram,no_origin,12,unith,Nielsen,top_four,1H,206,79,86,0.9854368932038835,0.0,0.0,0.0,0.0,0.0,0.0,0.3333333432674408,0.004045307491589519,0.033694468542009685,3,0.0,0.9854368932038835,,,,,,,,,,,
dendro,bigram,no_origin,12,unith,Nielsen,top_four,1H,206,80,87,0.9854368932038835,0.0,0.0,0.0,0.0,0.0,0.0,0.3333333432674408,0.004045307491589519,0.03369446854200968,3,0.0,0.9854368932038835,,,,,,,,,,,
dendro,bigram,no_origin,12,unith,Nielsen,top_four,1H,206,81,88,0.9951456310679612,0.0,0.0,0.0,0.0,0.0,0.0,0.5,0.0024271844660194173,0.034836650714580884,2,0.0,0.9951456310679612,,,,,,,,,,,
dendro,bigram,no_origin,12,unith,Nielsen,top_four,1H,206,82,89,0.9951456310679612,0.0,0.0,0.0,0.0,0.0,0.0,0.3333333432674408,0.001618123025570101,0.023224434501862647,2,0.0,0.9951456310679612,,,,,,,,,,,
dendro,bigram,no_origin,12,unith,Nielsen,top_four,1H,206,83,90,0.970873786407767,0.0,0.0,0.0,0.0,0.0,0.0,0.3333333432674408,0.008495145775739428,0.04968028748988091,3,0.0,0.970873786407767,,,,,,,,,,,
dendro,bigram,no_origin,12,unith,Nielsen,top_four,1H,206,84,91,1.0,0.0,0.0,0.0,0.0,0.0,0.0,0.0,0.0,0.0,1,0.0,1.0,,,,,,,,,,,
dendro,bigram,no_origin,12,unith,Nielsen,top_four,1H,206,85,93,1.0,0.0,0.0,0.0,0.0,0.0,0.0,0.0,0.0,0.0,1,0.0,1.0,,,,,,,,,,,
dendro,bigram,no_origin,12,unith,Nielsen,top_four,1H,206,86,94,0.9951456310679612,0.0,0.0,0.0,0.0,0.0,0.0,0.5,0.0024271844660194173,0.03483665071458089,2,0.0,0.9951456310679612,,,,,,,,,,,
dendro,bigram,no_origin,12,unith,Nielsen,top_four,1H,206,87,95,1.0,0.0,0.0,0.0,0.0,0.0,0.0,0.0,0.0,0.0,1,0.0,1.0,,,,,,,,,,,
dendro,bigram,no_origin,12,unith,Nielsen,top_four,1H,206,88,108,1.0,0.0,0.0,0.0,0.0,0.0,0.0,0.0,0.0,0.0,1,0.0,1.0,,,,,,,,,,,
dendro,bigram,no_origin,12,unith,Nielsen,top_four,1H,206,89,109,1.0,0.0,0.0,0.0,0.0,0.0,0.0,0.0,0.0,0.0,1,0.0,1.0,,,,,,,,,,,
dendro,bigram,no_origin,12,unith,Nielsen,top_four,1H,206,90,110,1.0,0.0,0.0,0.0,0.0,0.0,0.0,0.0,0.0,0.0,1,0.0,1.0,,,,,,,,,,,
dendro,bigram,no_origin,12,unith,Nielsen,top_four,1H,206,91,111,0.9902912621359223,0.0,0.0,0.0,0.0,0.0,0.0,0.5,0.0036407766990291263,0.038872488075114175,3,0.0,0.9902912621359223,,,,,,,,,,,
dendro,bigram,no_origin,12,unith,Nielsen,top_four,1H,206,92,112,1.0,0.0,0.0,0.0,0.0,0.0,0.0,0.0,0.0,0.0,1,0.0,1.0,,,,,,,,,,,
dendro,bigram,no_origin,12,unith,Nielsen,top_four,1H,206,93,113,1.0,0.0,0.0,0.0,0.0,0.0,0.0,0.0,0.0,0.0,1,0.0,1.0,,,,,,,,,,,
dendro,bigram,no_origin,12,unith,Nielsen,top_four,1H,206,94,114,0.9805825242718447,0.0,0.0,0.0,0.0,0.0,0.0,0.5,0.009708737864077669,0.06916161787214008,2,0.0,0.9805825242718447,,,,,,,,,,,
dendro,bigram,no_origin,12,unith,Nielsen,top_four,1H,206,95,115,1.0,0.0,0.0,0.0,0.0,0.0,0.0,0.0,0.0,0.0,1,0.0,1.0,,,,,,,,,,,
dendro,bigram,no_origin,12,unith,Nielsen,top_four,1H,206,96,117,1.0,0.0,0.0,0.0,0.0,0.0,0.0,0.0,0.0,0.0,1,0.0,1.0,,,,,,,,,,,
dendro,bigram,no_origin,12,unith,Nielsen,top_four,1H,206,97,118,1.0,0.0,0.0,0.0,0.0,0.0,0.0,0.0,0.0,0.0,1,0.0,1.0,,,,,,,,,,,
dendro,bigram,no_origin,12,unith,Nielsen,top_four,1H,206,98,119,1.0,0.0,0.0,0.0,0.0,0.0,0.0,0.0,0.0,0.0,1,0.0,1.0,,,,,,,,,,,
dendro,bigram,no_origin,12,unith,Nielsen,top_four,1H,206,99,120,1.0,0.0,0.0,0.0,0.0,0.0,0.0,0.0,0.0,0.0,1,0.0,1.0,,,,,,,,,,,
dendro,bigram,no_origin,12,unith,Nielsen,top_four,1H,206,100,121,1.0,0.0,0.0,0.0,0.0,0.0,0.0,0.0,0.0,0.0,1,0.0,1.0,,,,,,,,,,,
dendro,bigram,no_origin,12,unith,Nielsen,top_four,1H,206,101,122,0.9951456310679612,0.0,0.0,0.0,0.0,0.0,0.0,0.25,0.0012135922330097086,0.017418325357290442,2,0.0,0.9951456310679612,,,,,,,,,,,
dendro,bigram,no_origin,12,unith,Nielsen,top_four,1H,206,102,123,1.0,0.0,0.0,0.0,0.0,0.0,0.0,0.0,0.0,0.0,1,0.0,1.0,,,,,,,,,,,
dendro,bigram,no_origin,12,unith,Nielsen,top_four,1H,206,103,124,1.0,0.0,0.0,0.0,0.0,0.0,0.0,0.0,0.0,0.0,1,0.0,1.0,,,,,,,,,,,
dendro,bigram,no_origin,12,unith,Nielsen,top_four,1H,206,104,125,0.9951456310679612,0.0,0.0,0.0,0.0,0.0,0.0,0.25,0.0012135922330097086,0.017418325357290442,2,0.0,0.9951456310679612,,,,,,,,,,,
dendro,bigram,no_origin,12,unith,Nielsen,top_four,1H,206,105,126,1.0,0.0,0.0,0.0,0.0,0.0,0.0,0.0,0.0,0.0,1,0.0,1.0,,,,,,,,,,,
dendro,bigram,no_origin,12,unith,Nielsen,top_four,1H,206,106,127,1.0,0.0,0.0,0.0,0.0,0.0,0.0,0.0,0.0,0.0,1,0.0,1.0,,,,,,,,,,,
dendro,bigram,no_origin,12,unith,Nielsen,top_four,1H,206,107,129,1.0,0.0,0.0,0.0,0.0,0.0,0.0,0.0,0.0,0.0,1,0.0,1.0,,,,,,,,,,,
dendro,bigram,no_origin,12,unith,Nielsen,top_four,1H,206,108,130,1.0,0.0,0.0,0.0,0.0,0.0,0.0,0.0,0.0,0.0,1,0.0,1.0,,,,,,,,,,,
dendro,bigram,no_origin,12,unith,Nielsen,top_four,1H,206,109,131,1.0,0.0,0.0,0.0,0.0,0.0,0.0,0.0,0.0,0.0,1,0.0,1.0,,,,,,,,,,,
dendro,bigram,no_origin,12,unith,Nielsen,top_four,1H,206,110,132,0.9563106796116505,0.0,0.0,0.0,0.0,0.0,0.0,0.5,0.012216828618813487,0.06044455444957948,5,0.0,0.9563106796116505,,,,,,,,,,,
dendro,bigram,no_origin,12,unith,Nielsen,top_four,1H,206,111,133,0.9902912621359223,0.0,0.0,0.0,0.0,0.0,0.0,0.25,0.0021844660338846225,0.022253198341826205,3,0.0,0.9902912621359223,,,,,,,,,,,
dendro,bigram,no_origin,12,unith,Nielsen,top_four,1H,206,112,134,1.0,0.0,0.0,0.0,0.0,0.0,0.0,0.0,0.0,0.0,1,0.0,1.0,,,,,,,,,,,
dendro,bigram,no_origin,12,unith,Nielsen,top_four,1H,206,113,135,0.9951456310679612,0.0,0.0,0.0,0.0,0.0,0.0,0.3333333432674408,0.001618123025570101,0.023224434501862644,2,0.0,0.9951456310679612,,,,,,,,,,,
dendro,bigram,no_origin,12,unith,Nielsen,top_four,1H,206,114,136,1.0,0.0,0.0,0.0,0.0,0.0,0.0,0.0,0.0,0.0,1,0.0,1.0,,,,,,,,,,,
dendro,bigram,no_origin,12,unith,Nielsen,top_four,1H,206,115,137,0.9902912621359223,0.0,0.0,0.0,0.0,0.0,0.0,0.25,0.0021844660338846225,0.022253198341826205,3,0.0,0.9902912621359223,,,,,,,,,,,
dendro,bigram,no_origin,12,unith,Nielsen,top_four,1H,206,116,138,1.0,0.0,0.0,0.0,0.0,0.0,0.0,0.0,0.0,0.0,1,0.0,1.0,,,,,,,,,,,
dendro,bigram,no_origin,12,unith,Nielsen,top_four,1H,206,117,139,1.0,0.0,0.0,0.0,0.0,0.0,0.0,0.0,0.0,0.0,1,0.0,1.0,,,,,,,,,,,
dendro,bigram,no_origin,12,unith,Nielsen,top_four,1H,206,118,141,1.0,0.0,0.0,0.0,0.0,0.0,0.0,0.0,0.0,0.0,1,0.0,1.0,,,,,,,,,,,
dendro,bigram,no_origin,12,unith,Nielsen,top_four,1H,206,119,142,1.0,0.0,0.0,0.0,0.0,0.0,0.0,0.0,0.0,0.0,1,0.0,1.0,,,,,,,,,,,
dendro,bigram,no_origin,12,unith,Nielsen,top_four,1H,206,120,143,1.0,0.0,0.0,0.0,0.0,0.0,0.0,0.0,0.0,0.0,1,0.0,1.0,,,,,,,,,,,
dendro,bigram,no_origin,12,unith,Nielsen,top_four,1H,206,__vector__,__vector__,0.9872021182700794,,,,,,,,,,,,,1.5485436893203883,,,,,,,,,,
dendro,bigram,no_origin,12,unith,Nielsen,top_four,1S,27,0,0,1.0,0.0,0.0,0.0,0.0,0.0,0.0,0.0,0.0,0.0,1,0.0,1.0,,,,,,,,,,,
dendro,bigram,no_origin,12,unith,Nielsen,top_four,1S,27,1,1,1.0,0.0,0.0,0.0,0.0,0.0,0.0,0.0,0.0,0.0,1,0.0,1.0,,,,,,,,,,,
dendro,bigram,no_origin,12,unith,Nielsen,top_four,1S,27,2,2,1.0,0.0,0.0,0.0,0.0,0.0,0.0,0.0,0.0,0.0,1,0.0,1.0,,,,,,,,,,,
dendro,bigram,no_origin,12,unith,Nielsen,top_four,1S,27,3,3,1.0,0.0,0.0,0.0,0.0,0.0,0.0,0.0,0.0,0.0,1,0.0,1.0,,,,,,,,,,,
dendro,bigram,no_origin,12,unith,Nielsen,top_four,1S,27,4,4,1.0,0.0,0.0,0.0,0.0,0.0,0.0,0.0,0.0,0.0,1,0.0,1.0,,,,,,,,,,,
dendro,bigram,no_origin,12,unith,Nielsen,top_four,1S,27,5,5,1.0,0.0,0.0,0.0,0.0,0.0,0.0,0.0,0.0,0.0,1,0.0,1.0,,,,,,,,,,,
dendro,bigram,no_origin,12,unith,Nielsen,top_four,1S,27,6,6,0.9259259259259259,0.0,0.0,0.0,0.0,0.0,0.14000000208616242,0.25,0.01666666677704564,0.060447052830349554,3,0.0,0.9259259259259259,,,,,,,,,,,
dendro,bigram,no_origin,12,unith,Nielsen,top_four,1S,27,7,7,1.0,0.0,0.0,0.0,0.0,0.0,0.0,0.0,0.0,0.0,1,0.0,1.0,,,,,,,,,,,
dendro,bigram,no_origin,12,unith,Nielsen,top_four,1S,27,8,9,0.9629629629629629,0.0,0.0,0.0,0.0,0.0,0.0,0.25,0.009259259259259259,0.04811252243246881,2,0.0,0.9629629629629629,,,,,,,,,,,
dendro,bigram,no_origin,12,unith,Nielsen,top_four,1S,27,9,10,1.0,0.0,0.0,0.0,0.0,0.0,0.0,0.0,0.0,0.0,1,0.0,1.0,,,,,,,,,,,
dendro,bigram,no_origin,12,unith,Nielsen,top_four,1S,27,10,11,1.0,0.0,0.0,0.0,0.0,0.0,0.0,0.0,0.0,0.0,1,0.0,1.0,,,,,,,,,,,
dendro,bigram,no_origin,12,unith,Nielsen,top_four,1S,27,11,12,0.9629629629629629,0.0,0.0,0.0,0.0,0.0,0.0,0.20000000298023224,0.007407407517786379,0.03849001851952102,2,0.0,0.9629629629629629,,,,,,,,,,,
dendro,bigram,no_origin,12,unith,Nielsen,top_four,1S,27,12,13,1.0,0.0,0.0,0.0,0.0,0.0,0.0,0.0,0.0,0.0,1,0.0,1.0,,,,,,,,,,,
dendro,bigram,no_origin,12,unith,Nielsen,top_four,1S,27,13,14,1.0,0.0,0.0,0.0,0.0,0.0,0.0,0.0,0.0,0.0,1,0.0,1.0,,,,,,,,,,,
dendro,bigram,no_origin,12,unith,Nielsen,top_four,1S,27,14,15,0.9629629629629629,0.0,0.0,0.0,0.0,0.0,0.0,0.3333333432674408,0.012345679380275585,0.0641500318217783,2,0.0,0.9629629629629629,,,,,,,,,,,
dendro,bigram,no_origin,12,unith,Nielsen,top_four,1S,27,15,16,0.9629629629629629,0.0,0.0,0.0,0.0,0.0,0.0,0.25,0.009259259259259259,0.04811252243246881,2,0.0,0.9629629629629629,,,,,,,,,,,
dendro,bigram,no_origin,12,unith,Nielsen,top_four,1S,27,16,17,0.8518518518518519,0.0,0.0,0.0,0.0,0.0,0.25,0.3333333432674408,0.038271605416580486,0.09538662074271066,4,0.0,0.8518518518518519,,,,,,,,,,,
dendro,bigram,no_origin,12,unith,Nielsen,top_four,1S,27,17,18,0.9259259259259259,0.0,0.0,0.0,0.0,0.0,0.17499999999999982,0.3333333432674408,0.021604938639534846,0.07869323024498891,3,0.0,0.9259259259259259,,,,,,,,,,,
dendro,bigram,no_origin,12,unith,Nielsen,top_four,1S,27,18,19,0.9259259259259259,0.0,0.0,0.0,0.0,0.0,0.14000000208616242,0.25,0.01666666677704564,0.060447052830349554,3,0.0,0.9259259259259259,,,,,,,,,,,
dendro,bigram,no_origin,12,unith,Nielsen,top_four,1S,27,19,21,1.0,0.0,0.0,0.0,0.0,0.0,0.0,0.0,0.0,0.0,1,0.0,1.0,,,,,,,,,,,
dendro,bigram,no_origin,12,unith,Nielsen,top_four,1S,27,20,22,1.0,0.0,0.0,0.0,0.0,0.0,0.0,0.0,0.0,0.0,1,0.0,1.0,,,,,,,,,,,
dendro,bigram,no_origin,12,unith,Nielsen,top_four,1S,27,21,23,1.0,0.0,0.0,0.0,0.0,0.0,0.0,0.0,0.0,0.0,1,0.0,1.0,,,,,,,,,,,
dendro,bigram,no_origin,12,unith,Nielsen,top_four,1S,27,22,24,1.0,0.0,0.0,0.0,0.0,0.0,0.0,0.0,0.0,0.0,1,0.0,1.0,,,,,,,,,,,
dendro,bigram,no_origin,12,unith,Nielsen,top_four,1S,27,23,25,1.0,0.0,0.0,0.0,0.0,0.0,0.0,0.0,0.0,0.0,1,0.0,1.0,,,,,,,,,,,
dendro,bigram,no_origin,12,unith,Nielsen,top_four,1S,27,24,26,1.0,0.0,0.0,0.0,0.0,0.0,0.0,0.0,0.0,0.0,1,0.0,1.0,,,,,,,,,,,
dendro,bigram,no_origin,12,unith,Nielsen,top_four,1S,27,25,27,1.0,0.0,0.0,0.0,0.0,0.0,0.0,0.0,0.0,0.0,1,0.0,1.0,,,,,,,,,,,
dendro,bigram,no_origin,12,unith,Nielsen,top_four,1S,27,26,28,1.0,0.0,0.0,0.0,0.0,0.0,0.0,0.0,0.0,0.0,1,0.0,1.0,,,,,,,,,,,
dendro,bigram,no_origin,12,unith,Nielsen,top_four,1S,27,27,29,1.0,0.0,0.0,0.0,0.0,0.0,0.0,0.0,0.0,0.0,1,0.0,1.0,,,,,,,,,,,
dendro,bigram,no_origin,12,unith,Nielsen,top_four,1S,27,28,30,1.0,0.0,0.0,0.0,0.0,0.0,0.0,0.0,0.0,0.0,1,0.0,1.0,,,,,,,,,,,
dendro,bigram,no_origin,12,unith,Nielsen,top_four,1S,27,29,31,1.0,0.0,0.0,0.0,0.0,0.0,0.0,0.0,0.0,0.0,1,0.0,1.0,,,,,,,,,,,
dendro,bigram,no_origin,12,unith,Nielsen,top_four,1S,27,30,33,1.0,0.0,0.0,0.0,0.0,0.0,0.0,0.0,0.0,0.0,1,0.0,1.0,,,,,,,,,,,
dendro,bigram,no_origin,12,unith,Nielsen,top_four,1S,27,31,34,1.0,0.0,0.0,0.0,0.0,0.0,0.0,0.0,0.0,0.0,1,0.0,1.0,,,,,,,,,,,
dendro,bigram,no_origin,12,unith,Nielsen,top_four,1S,27,32,35,1.0,0.0,0.0,0.0,0.0,0.0,0.0,0.0,0.0,0.0,1,0.0,1.0,,,,,,,,,,,
dendro,bigram,no_origin,12,unith,Nielsen,top_four,1S,27,33,36,1.0,0.0,0.0,0.0,0.0,0.0,0.0,0.0,0.0,0.0,1,0.0,1.0,,,,,,,,,,,
dendro,bigram,no_origin,12,unith,Nielsen,top_four,1S,27,34,37,0.9629629629629629,0.0,0.0,0.0,0.0,0.0,0.0,0.3333333432674408,0.012345679380275585,0.06415003182177831,2,0.0,0.9629629629629629,,,,,,,,,,,
dendro,bigram,no_origin,12,unith,Nielsen,top_four,1S,27,35,38,1.0,0.0,0.0,0.0,0.0,0.0,0.0,0.0,0.0,0.0,1,0.0,1.0,,,,,,,,,,,
dendro,bigram,no_origin,12,unith,Nielsen,top_four,1S,27,36,39,1.0,0.0,0.0,0.0,0.0,0.0,0.0,0.0,0.0,0.0,1,0.0,1.0,,,,,,,,,,,
dendro,bigram,no_origin,12,unith,Nielsen,top_four,1S,27,37,40,1.0,0.0,0.0,0.0,0.0,0.0,0.0,0.0,0.0,0.0,1,0.0,1.0,,,,,,,,,,,
dendro,bigram,no_origin,12,unith,Nielsen,top_four,1S,27,38,41,1.0,0.0,0.0,0.0,0.0,0.0,0.0,0.0,0.0,0.0,1,0.0,1.0,,,,,,,,,,,
dendro,bigram,no_origin,12,unith,Nielsen,top_four,1S,27,39,42,0.9629629629629629,0.0,0.0,0.0,0.0,0.0,0.0,0.5,0.018518518518518517,0.09622504486493762,2,0.0,0.9629629629629629,,,,,,,,,,,
dendro,bigram,no_origin,12,unith,Nielsen,top_four,1S,27,40,43,1.0,0.0,0.0,0.0,0.0,0.0,0.0,0.0,0.0,0.0,1,0.0,1.0,,,,,,,,,,,
dendro,bigram,no_origin,12,unith,Nielsen,top_four,1S,27,41,45,1.0,0.0,0.0,0.0,0.0,0.0,0.0,0.0,0.0,0.0,1,0.0,1.0,,,,,,,,,,,
dendro,bigram,no_origin,12,unith,Nielsen,top_four,1S,27,42,46,1.0,0.0,0.0,0.0,0.0,0.0,0.0,0.0,0.0,0.0,1,0.0,1.0,,,,,,,,,,,
dendro,bigram,no_origin,12,unith,Nielsen,top_four,1S,27,43,47,1.0,0.0,0.0,0.0,0.0,0.0,0.0,0.0,0.0,0.0,1,0.0,1.0,,,,,,,,,,,
dendro,bigram,no_origin,12,unith,Nielsen,top_four,1S,27,44,48,0.9259259259259259,0.0,0.0,0.0,0.0,0.0,0.17499999999999982,0.25,0.018518518518518517,0.06672006408545297,2,0.0,0.9259259259259259,,,,,,,,,,,
dendro,bigram,no_origin,12,unith,Nielsen,top_four,1S,27,45,49,1.0,0.0,0.0,0.0,0.0,0.0,0.0,0.0,0.0,0.0,1,0.0,1.0,,,,,,,,,,,
dendro,bigram,no_origin,12,unith,Nielsen,top_four,1S,27,46,50,1.0,0.0,0.0,0.0,0.0,0.0,0.0,0.0,0.0,0.0,1,0.0,1.0,,,,,,,,,,,
dendro,bigram,no_origin,12,unith,Nielsen,top_four,1S,27,47,51,0.9629629629629629,0.0,0.0,0.0,0.0,0.0,0.0,0.25,0.009259259259259259,0.04811252243246881,2,0.0,0.9629629629629629,,,,,,,,,,,
dendro,bigram,no_origin,12,unith,Nielsen,top_four,1S,27,48,52,1.0,0.0,0.0,0.0,0.0,0.0,0.0,0.0,0.0,0.0,1,0.0,1.0,,,,,,,,,,,
dendro,bigram,no_origin,12,unith,Nielsen,top_four,1S,27,49,53,1.0,0.0,0.0,0.0,0.0,0.0,0.0,0.0,0.0,0.0,1,0.0,1.0,,,,,,,,,,,
dendro,bigram,no_origin,12,unith,Nielsen,top_four,1S,27,50,54,0.9629629629629629,0.0,0.0,0.0,0.0,0.0,0.0,0.3333333432674408,0.012345679380275585,0.0641500318217783,2,0.0,0.9629629629629629,,,,,,,,,,,
dendro,bigram,no_origin,12,unith,Nielsen,top_four,1S,27,51,55,0.9259259259259259,0.0,0.0,0.0,0.0,0.0,0.2333333402872083,0.5,0.030864197898794105,0.11357663500771685,3,0.0,0.9259259259259259,,,,,,,,,,,
dendro,bigram,no_origin,12,unith,Nielsen,top_four,1S,27,52,57,1.0,0.0,0.0,0.0,0.0,0.0,0.0,0.0,0.0,0.0,1,0.0,1.0,,,,,,,,,,,
dendro,bigram,no_origin,12,unith,Nielsen,top_four,1S,27,53,58,1.0,0.0,0.0,0.0,0.0,0.0,0.0,0.0,0.0,0.0,1,0.0,1.0,,,,,,,,,,,
dendro,bigram,no_origin,12,unith,Nielsen,top_four,1S,27,54,59,1.0,0.0,0.0,0.0,0.0,0.0,0.0,0.0,0.0,0.0,1,0.0,1.0,,,,,,,,,,,
dendro,bigram,no_origin,12,unith,Nielsen,top_four,1S,27,55,60,1.0,0.0,0.0,0.0,0.0,0.0,0.0,0.0,0.0,0.0,1,0.0,1.0,,,,,,,,,,,
dendro,bigram,no_origin,12,unith,Nielsen,top_four,1S,27,56,61,1.0,0.0,0.0,0.0,0.0,0.0,0.0,0.0,0.0,0.0,1,0.0,1.0,,,,,,,,,,,
dendro,bigram,no_origin,12,unith,Nielsen,top_four,1S,27,57,62,1.0,0.0,0.0,0.0,0.0,0.0,0.0,0.0,0.0,0.0,1,0.0,1.0,,,,,,,,,,,
dendro,bigram,no_origin,12,unith,Nielsen,top_four,1S,27,58,63,1.0,0.0,0.0,0.0,0.0,0.0,0.0,0.0,0.0,0.0,1,0.0,1.0,,,,,,,,,,,
dendro,bigram,no_origin,12,unith,Nielsen,top_four,1S,27,59,64,1.0,0.0,0.0,0.0,0.0,0.0,0.0,0.0,0.0,0.0,1,0.0,1.0,,,,,,,,,,,
dendro,bigram,no_origin,12,unith,Nielsen,top_four,1S,27,60,65,1.0,0.0,0.0,0.0,0.0,0.0,0.0,0.0,0.0,0.0,1,0.0,1.0,,,,,,,,,,,
dendro,bigram,no_origin,12,unith,Nielsen,top_four,1S,27,61,66,0.9629629629629629,0.0,0.0,0.0,0.0,0.0,0.0,0.25,0.009259259259259259,0.04811252243246881,2,0.0,0.9629629629629629,,,,,,,,,,,
dendro,bigram,no_origin,12,unith,Nielsen,top_four,1S,27,62,67,0.9629629629629629,0.0,0.0,0.0,0.0,0.0,0.0,0.25,0.009259259259259259,0.048112522432468816,2,0.0,0.9629629629629629,,,,,,,,,,,
dendro,bigram,no_origin,12,unith,Nielsen,top_four,1S,27,63,69,1.0,0.0,0.0,0.0,0.0,0.0,0.0,0.0,0.0,0.0,1,0.0,1.0,,,,,,,,,,,
dendro,bigram,no_origin,12,unith,Nielsen,top_four,1S,27,64,70,1.0,0.0,0.0,0.0,0.0,0.0,0.0,0.0,0.0,0.0,1,0.0,1.0,,,,,,,,,,,
dendro,bigram,no_origin,12,unith,Nielsen,top_four,1S,27,65,71,1.0,0.0,0.0,0.0,0.0,0.0,0.0,0.0,0.0,0.0,1,0.0,1.0,,,,,,,,,,,
dendro,bigram,no_origin,12,unith,Nielsen,top_four,1S,27,66,72,1.0,0.0,0.0,0.0,0.0,0.0,0.0,0.0,0.0,0.0,1,0.0,1.0,,,,,,,,,,,
dendro,bigram,no_origin,12,unith,Nielsen,top_four,1S,27,67,73,0.9629629629629629,0.0,0.0,0.0,0.0,0.0,0.0,0.20000000298023224,0.007407407517786379,0.03849001851952102,2,0.0,0.9629629629629629,,,,,,,,,,,
dendro,bigram,no_origin,12,unith,Nielsen,top_four,1S,27,68,74,1.0,0.0,0.0,0.0,0.0,0.0,0.0,0.0,0.0,0.0,1,0.0,1.0,,,,,,,,,,,
dendro,bigram,no_origin,12,unith,Nielsen,top_four,1S,27,69,75,1.0,0.0,0.0,0.0,0.0,0.0,0.0,0.0,0.0,0.0,1,0.0,1.0,,,,,,,,,,,
dendro,bigram,no_origin,12,unith,Nielsen,top_four,1S,27,70,76,1.0,0.0,0.0,0.0,0.0,0.0,0.0,0.0,0.0,0.0,1,0.0,1.0,,,,,,,,,,,
dendro,bigram,no_origin,12,unith,Nielsen,top_four,1S,27,71,77,1.0,0.0,0.0,0.0,0.0,0.0,0.0,0.0,0.0,0.0,1,0.0,1.0,,,,,,,,,,,
dendro,bigram,no_origin,12,unith,Nielsen,top_four,1S,27,72,78,1.0,0.0,0.0,0.0,0.0,0.0,0.0,0.0,0.0,0.0,1,0.0,1.0,,,,,,,,,,,
dendro,bigram,no_origin,12,unith,Nielsen,top_four,1S,27,73,79,0.8888888888888888,0.0,0.0,0.0,0.0,0.0,0.25,0.25,0.027777777777777776,0.08006407690254357,2,0.0,0.8888888888888888,,,,,,,,,,,
dendro,bigram,no_origin,12,unith,Nielsen,top_four,1S,27,74,81,1.0,0.0,0.0,0.0,0.0,0.0,0.0,0.0,0.0,0.0,1,0.0,1.0,,,,,,,,,,,
dendro,bigram,no_origin,12,unith,Nielsen,top_four,1S,27,75,82,1.0,0.0,0.0,0.0,0.0,0.0,0.0,0.0,0.0,0.0,1,0.0,1.0,,,,,,,,,,,
dendro,bigram,no_origin,12,unith,Nielsen,top_four,1S,27,76,83,1.0,0.0,0.0,0.0,0.0,0.0,0.0,0.0,0.0,0.0,1,0.0,1.0,,,,,,,,,,,
dendro,bigram,no_origin,12,unith,Nielsen,top_four,1S,27,77,84,1.0,0.0,0.0,0.0,0.0,0.0,0.0,0.0,0.0,0.0,1,0.0,1.0,,,,,,,,,,,
dendro,bigram,no_origin,12,unith,Nielsen,top_four,1S,27,78,85,0.8888888888888888,0.0,0.0,0.0,0.0,0.0,0.25,0.3333333432674408,0.030864197898794105,0.08995532064299379,3,0.0,0.8888888888888888,,,,,,,,,,,
dendro,bigram,no_origin,12,unith,Nielsen,top_four,1S,27,79,86,1.0,0.0,0.0,0.0,0.0,0.0,0.0,0.0,0.0,0.0,1,0.0,1.0,,,,,,,,,,,
dendro,bigram,no_origin,12,unith,Nielsen,top_four,1S,27,80,87,1.0,0.0,0.0,0.0,0.0,0.0,0.0,0.0,0.0,0.0,1,0.0,1.0,,,,,,,,,,,
dendro,bigram,no_origin,12,unith,Nielsen,top_four,1S,27,81,88,0.9259259259259259,0.0,0.0,0.0,0.0,0.0,0.17499999999999982,0.3333333432674408,0.021604938639534846,0.07869323024498891,3,0.0,0.9259259259259259,,,,,,,,,,,
dendro,bigram,no_origin,12,unith,Nielsen,top_four,1S,27,82,89,1.0,0.0,0.0,0.0,0.0,0.0,0.0,0.0,0.0,0.0,1,0.0,1.0,,,,,,,,,,,
dendro,bigram,no_origin,12,unith,Nielsen,top_four,1S,27,83,90,0.9259259259259259,0.0,0.0,0.0,0.0,0.0,0.17499999999999982,0.25,0.018518518518518517,0.06672006408545297,2,0.0,0.9259259259259259,,,,,,,,,,,
dendro,bigram,no_origin,12,unith,Nielsen,top_four,1S,27,84,91,1.0,0.0,0.0,0.0,0.0,0.0,0.0,0.0,0.0,0.0,1,0.0,1.0,,,,,,,,,,,
dendro,bigram,no_origin,12,unith,Nielsen,top_four,1S,27,85,93,1.0,0.0,0.0,0.0,0.0,0.0,0.0,0.0,0.0,0.0,1,0.0,1.0,,,,,,,,,,,
dendro,bigram,no_origin,12,unith,Nielsen,top_four,1S,27,86,94,1.0,0.0,0.0,0.0,0.0,0.0,0.0,0.0,0.0,0.0,1,0.0,1.0,,,,,,,,,,,
dendro,bigram,no_origin,12,unith,Nielsen,top_four,1S,27,87,95,1.0,0.0,0.0,0.0,0.0,0.0,0.0,0.0,0.0,0.0,1,0.0,1.0,,,,,,,,,,,
dendro,bigram,no_origin,12,unith,Nielsen,top_four,1S,27,88,108,1.0,0.0,0.0,0.0,0.0,0.0,0.0,0.0,0.0,0.0,1,0.0,1.0,,,,,,,,,,,
dendro,bigram,no_origin,12,unith,Nielsen,top_four,1S,27,89,109,1.0,0.0,0.0,0.0,0.0,0.0,0.0,0.0,0.0,0.0,1,0.0,1.0,,,,,,,,,,,
dendro,bigram,no_origin,12,unith,Nielsen,top_four,1S,27,90,110,1.0,0.0,0.0,0.0,0.0,0.0,0.0,0.0,0.0,0.0,1,0.0,1.0,,,,,,,,,,,
dendro,bigram,no_origin,12,unith,Nielsen,top_four,1S,27,91,111,1.0,0.0,0.0,0.0,0.0,0.0,0.0,0.0,0.0,0.0,1,0.0,1.0,,,,,,,,,,,
dendro,bigram,no_origin,12,unith,Nielsen,top_four,1S,27,92,112,1.0,0.0,0.0,0.0,0.0,0.0,0.0,0.0,0.0,0.0,1,0.0,1.0,,,,,,,,,,,
dendro,bigram,no_origin,12,unith,Nielsen,top_four,1S,27,93,113,1.0,0.0,0.0,0.0,0.0,0.0,0.0,0.0,0.0,0.0,1,0.0,1.0,,,,,,,,,,,
dendro,bigram,no_origin,12,unith,Nielsen,top_four,1S,27,94,114,0.9629629629629629,0.0,0.0,0.0,0.0,0.0,0.0,0.25,0.009259259259259259,0.04811252243246881,2,0.0,0.9629629629629629,,,,,,,,,,,
dendro,bigram,no_origin,12,unith,Nielsen,top_four,1S,27,95,115,1.0,0.0,0.0,0.0,0.0,0.0,0.0,0.0,0.0,0.0,1,0.0,1.0,,,,,,,,,,,
dendro,bigram,no_origin,12,unith,Nielsen,top_four,1S,27,96,117,1.0,0.0,0.0,0.0,0.0,0.0,0.0,0.0,0.0,0.0,1,0.0,1.0,,,,,,,,,,,
dendro,bigram,no_origin,12,unith,Nielsen,top_four,1S,27,97,118,1.0,0.0,0.0,0.0,0.0,0.0,0.0,0.0,0.0,0.0,1,0.0,1.0,,,,,,,,,,,
dendro,bigram,no_origin,12,unith,Nielsen,top_four,1S,27,98,119,1.0,0.0,0.0,0.0,0.0,0.0,0.0,0.0,0.0,0.0,1,0.0,1.0,,,,,,,,,,,
dendro,bigram,no_origin,12,unith,Nielsen,top_four,1S,27,99,120,1.0,0.0,0.0,0.0,0.0,0.0,0.0,0.0,0.0,0.0,1,0.0,1.0,,,,,,,,,,,
dendro,bigram,no_origin,12,unith,Nielsen,top_four,1S,27,100,121,1.0,0.0,0.0,0.0,0.0,0.0,0.0,0.0,0.0,0.0,1,0.0,1.0,,,,,,,,,,,
dendro,bigram,no_origin,12,unith,Nielsen,top_four,1S,27,101,122,1.0,0.0,0.0,0.0,0.0,0.0,0.0,0.0,0.0,0.0,1,0.0,1.0,,,,,,,,,,,
dendro,bigram,no_origin,12,unith,Nielsen,top_four,1S,27,102,123,1.0,0.0,0.0,0.0,0.0,0.0,0.0,0.0,0.0,0.0,1,0.0,1.0,,,,,,,,,,,
dendro,bigram,no_origin,12,unith,Nielsen,top_four,1S,27,103,124,1.0,0.0,0.0,0.0,0.0,0.0,0.0,0.0,0.0,0.0,1,0.0,1.0,,,,,,,,,,,
dendro,bigram,no_origin,12,unith,Nielsen,top_four,1S,27,104,125,1.0,0.0,0.0,0.0,0.0,0.0,0.0,0.0,0.0,0.0,1,0.0,1.0,,,,,,,,,,,
dendro,bigram,no_origin,12,unith,Nielsen,top_four,1S,27,105,126,1.0,0.0,0.0,0.0,0.0,0.0,0.0,0.0,0.0,0.0,1,0.0,1.0,,,,,,,,,,,
dendro,bigram,no_origin,12,unith,Nielsen,top_four,1S,27,106,127,1.0,0.0,0.0,0.0,0.0,0.0,0.0,0.0,0.0,0.0,1,0.0,1.0,,,,,,,,,,,
dendro,bigram,no_origin,12,unith,Nielsen,top_four,1S,27,107,129,1.0,0.0,0.0,0.0,0.0,0.0,0.0,0.0,0.0,0.0,1,0.0,1.0,,,,,,,,,,,
dendro,bigram,no_origin,12,unith,Nielsen,top_four,1S,27,108,130,1.0,0.0,0.0,0.0,0.0,0.0,0.0,0.0,0.0,0.0,1,0.0,1.0,,,,,,,,,,,
dendro,bigram,no_origin,12,unith,Nielsen,top_four,1S,27,109,131,1.0,0.0,0.0,0.0,0.0,0.0,0.0,0.0,0.0,0.0,1,0.0,1.0,,,,,,,,,,,
dendro,bigram,no_origin,12,unith,Nielsen,top_four,1S,27,110,132,1.0,0.0,0.0,0.0,0.0,0.0,0.0,0.0,0.0,0.0,1,0.0,1.0,,,,,,,,,,,
dendro,bigram,no_origin,12,unith,Nielsen,top_four,1S,27,111,133,1.0,0.0,0.0,0.0,0.0,0.0,0.0,0.0,0.0,0.0,1,0.0,1.0,,,,,,,,,,,
dendro,bigram,no_origin,12,unith,Nielsen,top_four,1S,27,112,134,1.0,0.0,0.0,0.0,0.0,0.0,0.0,0.0,0.0,0.0,1,0.0,1.0,,,,,,,,,,,
dendro,bigram,no_origin,12,unith,Nielsen,top_four,1S,27,113,135,1.0,0.0,0.0,0.0,0.0,0.0,0.0,0.0,0.0,0.0,1,0.0,1.0,,,,,,,,,,,
dendro,bigram,no_origin,12,unith,Nielsen,top_four,1S,27,114,136,1.0,0.0,0.0,0.0,0.0,0.0,0.0,0.0,0.0,0.0,1,0.0,1.0,,,,,,,,,,,
dendro,bigram,no_origin,12,unith,Nielsen,top_four,1S,27,115,137,1.0,0.0,0.0,0.0,0.0,0.0,0.0,0.0,0.0,0.0,1,0.0,1.0,,,,,,,,,,,
dendro,bigram,no_origin,12,unith,Nielsen,top_four,1S,27,116,138,1.0,0.0,0.0,0.0,0.0,0.0,0.0,0.0,0.0,0.0,1,0.0,1.0,,,,,,,,,,,
dendro,bigram,no_origin,12,unith,Nielsen,top_four,1S,27,117,139,1.0,0.0,0.0,0.0,0.0,0.0,0.0,0.0,0.0,0.0,1,0.0,1.0,,,,,,,,,,,
dendro,bigram,no_origin,12,unith,Nielsen,top_four,1S,27,118,141,1.0,0.0,0.0,0.0,0.0,0.0,0.0,0.0,0.0,0.0,1,0.0,1.0,,,,,,,,,,,
dendro,bigram,no_origin,12,unith,Nielsen,top_four,1S,27,119,142,1.0,0.0,0.0,0.0,0.0,0.0,0.0,0.0,0.0,0.0,1,0.0,1.0,,,,,,,,,,,
dendro,bigram,no_origin,12,unith,Nielsen,top_four,1S,27,120,143,1.0,0.0,0.0,0.0,0.0,0.0,0.0,0.0,0.0,0.0,1,0.0,1.0,,,,,,,,,,,
dendro,bigram,no_origin,12,unith,Nielsen,top_four,1S,27,__vector__,__vector__,0.9889807162534435,,,,,,,,,,,,,1.3333333333333333,,,,,,,,,,
dendro,bigram,no_origin,12,unith,Nielsen,top_four,2H,214,0,0,1.0,0.0,0.0,0.0,0.0,0.0,0.0,0.0,0.0,0.0,1,0.0,1.0,,,,,,,,,,,
dendro,bigram,no_origin,12,unith,Nielsen,top_four,2H,214,1,1,1.0,0.0,0.0,0.0,0.0,0.0,0.0,0.0,0.0,0.0,1,0.0,1.0,,,,,,,,,,,
dendro,bigram,no_origin,12,unith,Nielsen,top_four,2H,214,2,2,1.0,0.0,0.0,0.0,0.0,0.0,0.0,0.0,0.0,0.0,1,0.0,1.0,,,,,,,,,,,
dendro,bigram,no_origin,12,unith,Nielsen,top_four,2H,214,3,3,0.9906542056074766,0.0,0.0,0.0,0.0,0.0,0.0,0.5,0.004672897196261682,0.04822322423776841,2,0.0,0.9906542056074766,,,,,,,,,,,
dendro,bigram,no_origin,12,unith,Nielsen,top_four,2H,214,4,4,0.9439252336448598,0.0,0.0,0.0,0.0,0.0,0.20000000298023224,0.3333333432674408,0.014875389635562897,0.06240828576393026,4,0.0,0.9439252336448598,,,,,,,,,,,
dendro,bigram,no_origin,12,unith,Nielsen,top_four,2H,214,5,5,1.0,0.0,0.0,0.0,0.0,0.0,0.0,0.0,0.0,0.0,1,0.0,1.0,,,,,,,,,,,
dendro,bigram,no_origin,12,unith,Nielsen,top_four,2H,214,6,6,0.9626168224299065,0.0,0.0,0.0,0.0,0.0,0.0,0.5,0.012383177737209284,0.06653806613349474,5,0.0,0.9626168224299065,,,,,,,,,,,
dendro,bigram,no_origin,12,unith,Nielsen,top_four,2H,214,7,7,1.0,0.0,0.0,0.0,0.0,0.0,0.0,0.0,0.0,0.0,1,0.0,1.0,,,,,,,,,,,
dendro,bigram,no_origin,12,unith,Nielsen,top_four,2H,214,8,9,0.9953271028037384,0.0,0.0,0.0,0.0,0.0,0.0,0.20000000298023224,0.0009345794531786554,0.013671718744217744,2,0.0,0.9953271028037384,,,,,,,,,,,
dendro,bigram,no_origin,12,unith,Nielsen,top_four,2H,214,9,10,1.0,0.0,0.0,0.0,0.0,0.0,0.0,0.0,0.0,0.0,1,0.0,1.0,,,,,,,,,,,
dendro,bigram,no_origin,12,unith,Nielsen,top_four,2H,214,10,11,0.9953271028037384,0.0,0.0,0.0,0.0,0.0,0.0,0.25,0.0011682242990654205,0.01708964817561658,2,0.0,0.9953271028037384,,,,,,,,,,,
dendro,bigram,no_origin,12,unith,Nielsen,top_four,2H,214,11,12,0.9766355140186916,0.0,0.0,0.0,0.0,0.0,0.0,0.3333333432674408,0.007165109233878484,0.04714665815907569,3,0.0,0.9766355140186916,,,,,,,,,,,
dendro,bigram,no_origin,12,unith,Nielsen,top_four,2H,214,12,13,1.0,0.0,0.0,0.0,0.0,0.0,0.0,0.0,0.0,0.0,1,0.0,1.0,,,,,,,,,,,
dendro,bigram,no_origin,12,unith,Nielsen,top_four,2H,214,13,14,0.9719626168224299,0.0,0.0,0.0,0.0,0.0,0.0,0.5,0.010124610684742437,0.06224612583992272,4,0.0,0.9719626168224299,,,,,,,,,,,
dendro,bigram,no_origin,12,unith,Nielsen,top_four,2H,214,14,15,0.9953271028037384,0.0,0.0,0.0,0.0,0.0,0.0,0.3333333432674408,0.001557632445174957,0.022786198246570376,2,0.0,0.9953271028037384,,,,,,,,,,,
dendro,bigram,no_origin,12,unith,Nielsen,top_four,2H,214,15,16,0.9485981308411215,0.0,0.0,0.0,0.0,0.0,0.05833333507180119,0.5,0.013940810112752647,0.06320508141131688,6,0.0,0.9485981308411215,,,,,,,,,,,
dendro,bigram,no_origin,12,unith,Nielsen,top_four,2H,214,16,17,0.822429906542056,0.0,0.0,0.0,0.0,0.0,0.3333333432674408,0.5,0.058722742110769326,0.1330855652656475,5,0.0,0.822429906542056,,,,,,,,,,,
dendro,bigram,no_origin,12,unith,Nielsen,top_four,2H,214,17,18,0.9626168224299065,0.0,0.0,0.0,0.0,0.0,0.0,0.5,0.012071651136763742,0.06472861435021857,4,0.0,0.9626168224299065,,,,,,,,,,,
dendro,bigram,no_origin,12,unith,Nielsen,top_four,2H,214,18,19,0.9579439252336449,0.0,0.0,0.0,0.0,0.0,0.0,0.5,0.015186916027113657,0.07572733010102245,4,0.0,0.9579439252336449,,,,,,,,,,,
dendro,bigram,no_origin,12,unith,Nielsen,top_four,2H,214,19,21,0.9906542056074766,0.0,0.0,0.0,0.0,0.0,0.0,0.5,0.004672897196261682,0.048223224237768404,2,0.0,0.9906542056074766,,,,,,,,,,,
dendro,bigram,no_origin,12,unith,Nielsen,top_four,2H,214,20,22,1.0,0.0,0.0,0.0,0.0,0.0,0.0,0.0,0.0,0.0,1,0.0,1.0,,,,,,,,,,,
dendro,bigram,no_origin,12,unith,Nielsen,top_four,2H,214,21,23,0.9953271028037384,0.0,0.0,0.0,0.0,0.0,0.0,0.25,0.0011682242990654205,0.017089648175616583,2,0.0,0.9953271028037384,,,,,,,,,,,
dendro,bigram,no_origin,12,unith,Nielsen,top_four,2H,214,22,24,1.0,0.0,0.0,0.0,0.0,0.0,0.0,0.0,0.0,0.0,1,0.0,1.0,,,,,,,,,,,
dendro,bigram,no_origin,12,unith,Nielsen,top_four,2H,214,23,25,1.0,0.0,0.0,0.0,0.0,0.0,0.0,0.0,0.0,0.0,1,0.0,1.0,,,,,,,,,,,
dendro,bigram,no_origin,12,unith,Nielsen,top_four,2H,214,24,26,1.0,0.0,0.0,0.0,0.0,0.0,0.0,0.0,0.0,0.0,1,0.0,1.0,,,,,,,,,,,
dendro,bigram,no_origin,12,unith,Nielsen,top_four,2H,214,25,27,1.0,0.0,0.0,0.0,0.0,0.0,0.0,0.0,0.0,0.0,1,0.0,1.0,,,,,,,,,,,
dendro,bigram,no_origin,12,unith,Nielsen,top_four,2H,214,26,28,0.9906542056074766,0.0,0.0,0.0,0.0,0.0,0.0,0.3333333432674408,0.0027258567442403777,0.02841848854368948,3,0.0,0.9906542056074766,,,,,,,,,,,
dendro,bigram,no_origin,12,unith,Nielsen,top_four,2H,214,27,29,1.0,0.0,0.0,0.0,0.0,0.0,0.0,0.0,0.0,0.0,1,0.0,1.0,,,,,,,,,,,
dendro,bigram,no_origin,12,unith,Nielsen,top_four,2H,214,28,30,0.9532710280373832,0.0,0.0,0.0,0.0,0.0,0.0,0.5,0.01869158892430992,0.08757470310635099,4,0.0,0.9532710280373832,,,,,,,,,,,
dendro,bigram,no_origin,12,unith,Nielsen,top_four,2H,214,29,31,0.9766355140186916,0.0,0.0,0.0,0.0,0.0,0.0,0.5,0.008333333393680715,0.057275793033389935,5,0.0,0.9766355140186916,,,,,,,,,,,
dendro,bigram,no_origin,12,unith,Nielsen,top_four,2H,214,30,33,0.9953271028037384,0.0,0.0,0.0,0.0,0.0,0.0,0.5,0.002336448598130841,0.03417929635123316,2,0.0,0.9953271028037384,,,,,,,,,,,
dendro,bigram,no_origin,12,unith,Nielsen,top_four,2H,214,31,34,1.0,0.0,0.0,0.0,0.0,0.0,0.0,0.0,0.0,0.0,1,0.0,1.0,,,,,,,,,,,
dendro,bigram,no_origin,12,unith,Nielsen,top_four,2H,214,32,35,1.0,0.0,0.0,0.0,0.0,0.0,0.0,0.0,0.0,0.0,1,0.0,1.0,,,,,,,,,,,
dendro,bigram,no_origin,12,unith,Nielsen,top_four,2H,214,33,36,1.0,0.0,0.0,0.0,0.0,0.0,0.0,0.0,0.0,0.0,1,0.0,1.0,,,,,,,,,,,
dendro,bigram,no_origin,12,unith,Nielsen,top_four,2H,214,34,37,0.9906542056074766,0.0,0.0,0.0,0.0,0.0,0.0,0.5,0.003894081043305798,0.040989294958761184,3,0.0,0.9906542056074766,,,,,,,,,,,
dendro,bigram,no_origin,12,unith,Nielsen,top_four,2H,214,35,38,0.9813084112149533,0.0,0.0,0.0,0.0,0.0,0.0,0.5,0.006619937787546176,0.049662900736506324,4,0.0,0.9813084112149533,,,,,,,,,,,
dendro,bigram,no_origin,12,unith,Nielsen,top_four,2H,214,36,39,1.0,0.0,0.0,0.0,0.0,0.0,0.0,0.0,0.0,0.0,1,0.0,1.0,,,,,,,,,,,
dendro,bigram,no_origin,12,unith,Nielsen,top_four,2H,214,37,40,1.0,0.0,0.0,0.0,0.0,0.0,0.0,0.0,0.0,0.0,1,0.0,1.0,,,,,,,,,,,
dendro,bigram,no_origin,12,unith,Nielsen,top_four,2H,214,38,41,1.0,0.0,0.0,0.0,0.0,0.0,0.0,0.0,0.0,0.0,1,0.0,1.0,,,,,,,,,,,
dendro,bigram,no_origin,12,unith,Nielsen,top_four,2H,214,39,42,0.9719626168224299,0.0,0.0,0.0,0.0,0.0,0.0,0.5,0.010280373984965209,0.06319789810827382,4,0.0,0.9719626168224299,,,,,,,,,,,
dendro,bigram,no_origin,12,unith,Nielsen,top_four,2H,214,40,43,0.9766355140186916,0.0,0.0,0.0,0.0,0.0,0.0,0.5,0.007788162086611596,0.05237289398406175,4,0.0,0.9766355140186916,,,,,,,,,,,
dendro,bigram,no_origin,12,unith,Nielsen,top_four,2H,214,41,45,1.0,0.0,0.0,0.0,0.0,0.0,0.0,0.0,0.0,0.0,1,0.0,1.0,,,,,,,,,,,
dendro,bigram,no_origin,12,unith,Nielsen,top_four,2H,214,42,46,1.0,0.0,0.0,0.0,0.0,0.0,0.0,0.0,0.0,0.0,1,0.0,1.0,,,,,,,,,,,
dendro,bigram,no_origin,12,unith,Nielsen,top_four,2H,214,43,47,1.0,0.0,0.0,0.0,0.0,0.0,0.0,0.0,0.0,0.0,1,0.0,1.0,,,,,,,,,,,
dendro,bigram,no_origin,12,unith,Nielsen,top_four,2H,214,44,48,0.985981308411215,0.0,0.0,0.0,0.0,0.0,0.0,0.3333333432674408,0.003660436197419033,0.03145484707721747,4,0.0,0.985981308411215,,,,,,,,,,,
dendro,bigram,no_origin,12,unith,Nielsen,top_four,2H,214,45,49,0.9719626168224299,0.0,0.0,0.0,0.0,0.0,0.0,0.3333333432674408,0.008177570232721133,0.04876515558570975,3,0.0,0.9719626168224299,,,,,,,,,,,
dendro,bigram,no_origin,12,unith,Nielsen,top_four,2H,214,46,50,0.9766355140186916,0.0,0.0,0.0,0.0,0.0,0.0,0.3333333432674408,0.005763239949663108,0.03808830387972578,4,0.0,0.9766355140186916,,,,,,,,,,,
dendro,bigram,no_origin,12,unith,Nielsen,top_four,2H,214,47,51,0.985981308411215,0.0,0.0,0.0,0.0,0.0,0.0,0.3333333432674408,0.003894081043305798,0.0330646010277219,3,0.0,0.985981308411215,,,,,,,,,,,
dendro,bigram,no_origin,12,unith,Nielsen,top_four,2H,214,48,52,1.0,0.0,0.0,0.0,0.0,0.0,0.0,0.0,0.0,0.0,1,0.0,1.0,,,,,,,,,,,
dendro,bigram,no_origin,12,unith,Nielsen,top_four,2H,214,49,53,0.9953271028037384,0.0,0.0,0.0,0.0,0.0,0.0,0.3333333432674408,0.001557632445174957,0.022786198246570376,2,0.0,0.9953271028037384,,,,,,,,,,,
dendro,bigram,no_origin,12,unith,Nielsen,top_four,2H,214,50,54,0.9579439252336449,0.0,0.0,0.0,0.0,0.0,0.0,0.5,0.013006230659573991,0.06647740766273241,6,0.0,0.9579439252336449,,,,,,,,,,,
dendro,bigram,no_origin,12,unith,Nielsen,top_four,2H,214,51,55,0.985981308411215,0.0,0.0,0.0,0.0,0.0,0.0,0.5,0.005062305342371219,0.044306177229250496,4,0.0,0.985981308411215,,,,,,,,,,,
dendro,bigram,no_origin,12,unith,Nielsen,top_four,2H,214,52,57,1.0,0.0,0.0,0.0,0.0,0.0,0.0,0.0,0.0,0.0,1,0.0,1.0,,,,,,,,,,,
dendro,bigram,no_origin,12,unith,Nielsen,top_four,2H,214,53,58,1.0,0.0,0.0,0.0,0.0,0.0,0.0,0.0,0.0,0.0,1,0.0,1.0,,,,,,,,,,,
dendro,bigram,no_origin,12,unith,Nielsen,top_four,2H,214,54,59,1.0,0.0,0.0,0.0,0.0,0.0,0.0,0.0,0.0,0.0,1,0.0,1.0,,,,,,,,,,,
dendro,bigram,no_origin,12,unith,Nielsen,top_four,2H,214,55,60,0.9953271028037384,0.0,0.0,0.0,0.0,0.0,0.0,0.3333333432674408,0.001557632445174957,0.022786198246570372,2,0.0,0.9953271028037384,,,,,,,,,,,
dendro,bigram,no_origin,12,unith,Nielsen,top_four,2H,214,56,61,0.9626168224299065,0.0,0.0,0.0,0.0,0.0,0.0,0.3333333432674408,0.00950155776237773,0.04944196492213986,5,0.0,0.9626168224299065,,,,,,,,,,,
dendro,bigram,no_origin,12,unith,Nielsen,top_four,2H,214,57,62,0.9532710280373832,0.0,0.0,0.0,0.0,0.0,0.0,0.5,0.015186916166376845,0.07037155675270287,4,0.0,0.9532710280373832,,,,,,,,,,,
dendro,bigram,no_origin,12,unith,Nielsen,top_four,2H,214,58,63,0.9906542056074766,0.0,0.0,0.0,0.0,0.0,0.0,0.25,0.002336448598130841,0.024111612118884206,2,0.0,0.9906542056074766,,,,,,,,,,,
dendro,bigram,no_origin,12,unith,Nielsen,top_four,2H,214,59,64,0.9766355140186916,0.0,0.0,0.0,0.0,0.0,0.0,0.5,0.007788162086611596,0.05237289398406175,4,0.0,0.9766355140186916,,,,,,,,,,,
dendro,bigram,no_origin,12,unith,Nielsen,top_four,2H,214,60,65,1.0,0.0,0.0,0.0,0.0,0.0,0.0,0.0,0.0,0.0,1,0.0,1.0,,,,,,,,,,,
dendro,bigram,no_origin,12,unith,Nielsen,top_four,2H,214,61,66,0.985981308411215,0.0,0.0,0.0,0.0,0.0,0.0,0.25,0.0035046728971962616,0.029460843379229766,2,0.0,0.985981308411215,,,,,,,,,,,
dendro,bigram,no_origin,12,unith,Nielsen,top_four,2H,214,62,67,0.9345794392523364,0.0,0.0,0.0,0.0,0.0,0.25,0.5,0.020794392815817183,0.08184009538425634,5,0.0,0.9345794392523364,,,,,,,,,,,
dendro,bigram,no_origin,12,unith,Nielsen,top_four,2H,214,63,69,0.9906542056074766,0.0,0.0,0.0,0.0,0.0,0.0,0.25,0.002336448598130841,0.0241116121188842,2,0.0,0.9906542056074766,,,,,,,,,,,
dendro,bigram,no_origin,12,unith,Nielsen,top_four,2H,214,64,70,1.0,0.0,0.0,0.0,0.0,0.0,0.0,0.0,0.0,0.0,1,0.0,1.0,,,,,,,,,,,
dendro,bigram,no_origin,12,unith,Nielsen,top_four,2H,214,65,71,0.9906542056074766,0.0,0.0,0.0,0.0,0.0,0.0,0.3333333432674408,0.0027258567442403777,0.028418488543689484,3,0.0,0.9906542056074766,,,,,,,,,,,
dendro,bigram,no_origin,12,unith,Nielsen,top_four,2H,214,66,72,1.0,0.0,0.0,0.0,0.0,0.0,0.0,0.0,0.0,0.0,1,0.0,1.0,,,,,,,,,,,
dendro,bigram,no_origin,12,unith,Nielsen,top_four,2H,214,67,73,0.985981308411215,0.0,0.0,0.0,0.0,0.0,0.0,0.3333333432674408,0.00404984434352857,0.03485128509290473,3,0.0,0.985981308411215,,,,,,,,,,,
dendro,bigram,no_origin,12,unith,Nielsen,top_four,2H,214,68,74,0.9766355140186916,0.0,0.0,0.0,0.0,0.0,0.0,0.5,0.00856697837883067,0.05644966778709035,3,0.0,0.9766355140186916,,,,,,,,,,,
dendro,bigram,no_origin,12,unith,Nielsen,top_four,2H,214,69,75,0.9719626168224299,0.0,0.0,0.0,0.0,0.0,0.0,0.5,0.009345794601418147,0.057471391566441654,4,0.0,0.9719626168224299,,,,,,,,,,,
dendro,bigram,no_origin,12,unith,Nielsen,top_four,2H,214,70,76,0.9953271028037384,0.0,0.0,0.0,0.0,0.0,0.0,0.3333333432674408,0.001557632445174957,0.022786198246570372,2,0.0,0.9953271028037384,,,,,,,,,,,
dendro,bigram,no_origin,12,unith,Nielsen,top_four,2H,214,71,77,0.9953271028037384,0.0,0.0,0.0,0.0,0.0,0.0,0.3333333432674408,0.001557632445174957,0.022786198246570376,2,0.0,0.9953271028037384,,,,,,,,,,,
dendro,bigram,no_origin,12,unith,Nielsen,top_four,2H,214,72,78,1.0,0.0,0.0,0.0,0.0,0.0,0.0,0.0,0.0,0.0,1,0.0,1.0,,,,,,,,,,,
dendro,bigram,no_origin,12,unith,Nielsen,top_four,2H,214,73,79,0.9719626168224299,0.0,0.0,0.0,0.0,0.0,0.0,0.5,0.0097352025386329,0.060449390840317904,4,0.0,0.9719626168224299,,,,,,,,,,,
dendro,bigram,no_origin,12,unith,Nielsen,top_four,2H,214,74,81,1.0,0.0,0.0,0.0,0.0,0.0,0.0,0.0,0.0,0.0,1,0.0,1.0,,,,,,,,,,,
dendro,bigram,no_origin,12,unith,Nielsen,top_four,2H,214,75,82,1.0,0.0,0.0,0.0,0.0,0.0,0.0,0.0,0.0,0.0,1,0.0,1.0,,,,,,,,,,,
dendro,bigram,no_origin,12,unith,Nielsen,top_four,2H,214,76,83,1.0,0.0,0.0,0.0,0.0,0.0,0.0,0.0,0.0,0.0,1,0.0,1.0,,,,,,,,,,,
dendro,bigram,no_origin,12,unith,Nielsen,top_four,2H,214,77,84,0.985981308411215,0.0,0.0,0.0,0.0,0.0,0.0,0.3333333432674408,0.003660436197419033,0.03145484707721746,4,0.0,0.985981308411215,,,,,,,,,,,
dendro,bigram,no_origin,12,unith,Nielsen,top_four,2H,214,78,85,0.9906542056074766,0.0,0.0,0.0,0.0,0.0,0.0,0.5,0.003894081043305798,0.040989294958761184,3,0.0,0.9906542056074766,,,,,,,,,,,
dendro,bigram,no_origin,12,unith,Nielsen,top_four,2H,214,79,86,0.9906542056074766,0.0,0.0,0.0,0.0,0.0,0.0,0.3333333432674408,0.003115264890349914,0.03214881711662167,2,0.0,0.9906542056074766,,,,,,,,,,,
dendro,bigram,no_origin,12,unith,Nielsen,top_four,2H,214,80,87,0.9953271028037384,0.0,0.0,0.0,0.0,0.0,0.0,0.25,0.0011682242990654205,0.017089648175616583,2,0.0,0.9953271028037384,,,,,,,,,,,
dendro,bigram,no_origin,12,unith,Nielsen,top_four,2H,214,81,88,0.9906542056074766,0.0,0.0,0.0,0.0,0.0,0.0,0.25,0.002336448598130841,0.0241116121188842,2,0.0,0.9906542056074766,,,,,,,,,,,
dendro,bigram,no_origin,12,unith,Nielsen,top_four,2H,214,82,89,0.985981308411215,0.0,0.0,0.0,0.0,0.0,0.0,0.5,0.004672897196261682,0.0416968211713099,3,0.0,0.985981308411215,,,,,,,,,,,
dendro,bigram,no_origin,12,unith,Nielsen,top_four,2H,214,83,90,0.9579439252336449,0.0,0.0,0.0,0.0,0.0,0.0,0.5,0.013239875575092352,0.0652525426127814,4,0.0,0.9579439252336449,,,,,,,,,,,
dendro,bigram,no_origin,12,unith,Nielsen,top_four,2H,214,84,91,1.0,0.0,0.0,0.0,0.0,0.0,0.0,0.0,0.0,0.0,1,0.0,1.0,,,,,,,,,,,
dendro,bigram,no_origin,12,unith,Nielsen,top_four,2H,214,85,93,1.0,0.0,0.0,0.0,0.0,0.0,0.0,0.0,0.0,0.0,1,0.0,1.0,,,,,,,,,,,
dendro,bigram,no_origin,12,unith,Nielsen,top_four,2H,214,86,94,1.0,0.0,0.0,0.0,0.0,0.0,0.0,0.0,0.0,0.0,1,0.0,1.0,,,,,,,,,,,
dendro,bigram,no_origin,12,unith,Nielsen,top_four,2H,214,87,95,1.0,0.0,0.0,0.0,0.0,0.0,0.0,0.0,0.0,0.0,1,0.0,1.0,,,,,,,,,,,
dendro,bigram,no_origin,12,unith,Nielsen,top_four,2H,214,88,108,1.0,0.0,0.0,0.0,0.0,0.0,0.0,0.0,0.0,0.0,1,0.0,1.0,,,,,,,,,,,
dendro,bigram,no_origin,12,unith,Nielsen,top_four,2H,214,89,109,1.0,0.0,0.0,0.0,0.0,0.0,0.0,0.0,0.0,0.0,1,0.0,1.0,,,,,,,,,,,
dendro,bigram,no_origin,12,unith,Nielsen,top_four,2H,214,90,110,1.0,0.0,0.0,0.0,0.0,0.0,0.0,0.0,0.0,0.0,1,0.0,1.0,,,,,,,,,,,
dendro,bigram,no_origin,12,unith,Nielsen,top_four,2H,214,91,111,1.0,0.0,0.0,0.0,0.0,0.0,0.0,0.0,0.0,0.0,1,0.0,1.0,,,,,,,,,,,
dendro,bigram,no_origin,12,unith,Nielsen,top_four,2H,214,92,112,1.0,0.0,0.0,0.0,0.0,0.0,0.0,0.0,0.0,0.0,1,0.0,1.0,,,,,,,,,,,
dendro,bigram,no_origin,12,unith,Nielsen,top_four,2H,214,93,113,1.0,0.0,0.0,0.0,0.0,0.0,0.0,0.0,0.0,0.0,1,0.0,1.0,,,,,,,,,,,
dendro,bigram,no_origin,12,unith,Nielsen,top_four,2H,214,94,114,0.9719626168224299,0.0,0.0,0.0,0.0,0.0,0.0,0.5,0.009112149546636599,0.057724101342653045,4,0.0,0.9719626168224299,,,,,,,,,,,
dendro,bigram,no_origin,12,unith,Nielsen,top_four,2H,214,95,115,1.0,0.0,0.0,0.0,0.0,0.0,0.0,0.0,0.0,0.0,1,0.0,1.0,,,,,,,,,,,
dendro,bigram,no_origin,12,unith,Nielsen,top_four,2H,214,96,117,1.0,0.0,0.0,0.0,0.0,0.0,0.0,0.0,0.0,0.0,1,0.0,1.0,,,,,,,,,,,
dendro,bigram,no_origin,12,unith,Nielsen,top_four,2H,214,97,118,1.0,0.0,0.0,0.0,0.0,0.0,0.0,0.0,0.0,0.0,1,0.0,1.0,,,,,,,,,,,
dendro,bigram,no_origin,12,unith,Nielsen,top_four,2H,214,98,119,1.0,0.0,0.0,0.0,0.0,0.0,0.0,0.0,0.0,0.0,1,0.0,1.0,,,,,,,,,,,
dendro,bigram,no_origin,12,unith,Nielsen,top_four,2H,214,99,120,1.0,0.0,0.0,0.0,0.0,0.0,0.0,0.0,0.0,0.0,1,0.0,1.0,,,,,,,,,,,
dendro,bigram,no_origin,12,unith,Nielsen,top_four,2H,214,100,121,0.9953271028037384,0.0,0.0,0.0,0.0,0.0,0.0,0.5,0.002336448598130841,0.03417929635123316,2,0.0,0.9953271028037384,,,,,,,,,,,
dendro,bigram,no_origin,12,unith,Nielsen,top_four,2H,214,101,122,1.0,0.0,0.0,0.0,0.0,0.0,0.0,0.0,0.0,0.0,1,0.0,1.0,,,,,,,,,,,
dendro,bigram,no_origin,12,unith,Nielsen,top_four,2H,214,102,123,1.0,0.0,0.0,0.0,0.0,0.0,0.0,0.0,0.0,0.0,1,0.0,1.0,,,,,,,,,,,
dendro,bigram,no_origin,12,unith,Nielsen,top_four,2H,214,103,124,1.0,0.0,0.0,0.0,0.0,0.0,0.0,0.0,0.0,0.0,1,0.0,1.0,,,,,,,,,,,
dendro,bigram,no_origin,12,unith,Nielsen,top_four,2H,214,104,125,1.0,0.0,0.0,0.0,0.0,0.0,0.0,0.0,0.0,0.0,1,0.0,1.0,,,,,,,,,,,
dendro,bigram,no_origin,12,unith,Nielsen,top_four,2H,214,105,126,1.0,0.0,0.0,0.0,0.0,0.0,0.0,0.0,0.0,0.0,1,0.0,1.0,,,,,,,,,,,
dendro,bigram,no_origin,12,unith,Nielsen,top_four,2H,214,106,127,1.0,0.0,0.0,0.0,0.0,0.0,0.0,0.0,0.0,0.0,1,0.0,1.0,,,,,,,,,,,
dendro,bigram,no_origin,12,unith,Nielsen,top_four,2H,214,107,129,1.0,0.0,0.0,0.0,0.0,0.0,0.0,0.0,0.0,0.0,1,0.0,1.0,,,,,,,,,,,
dendro,bigram,no_origin,12,unith,Nielsen,top_four,2H,214,108,130,1.0,0.0,0.0,0.0,0.0,0.0,0.0,0.0,0.0,0.0,1,0.0,1.0,,,,,,,,,,,
dendro,bigram,no_origin,12,unith,Nielsen,top_four,2H,214,109,131,1.0,0.0,0.0,0.0,0.0,0.0,0.0,0.0,0.0,0.0,1,0.0,1.0,,,,,,,,,,,
dendro,bigram,no_origin,12,unith,Nielsen,top_four,2H,214,110,132,1.0,0.0,0.0,0.0,0.0,0.0,0.0,0.0,0.0,0.0,1,0.0,1.0,,,,,,,,,,,
dendro,bigram,no_origin,12,unith,Nielsen,top_four,2H,214,111,133,0.9906542056074766,0.0,0.0,0.0,0.0,0.0,0.0,0.25,0.002336448598130841,0.024111612118884206,2,0.0,0.9906542056074766,,,,,,,,,,,
dendro,bigram,no_origin,12,unith,Nielsen,top_four,2H,214,112,134,1.0,0.0,0.0,0.0,0.0,0.0,0.0,0.0,0.0,0.0,1,0.0,1.0,,,,,,,,,,,
dendro,bigram,no_origin,12,unith,Nielsen,top_four,2H,214,113,135,1.0,0.0,0.0,0.0,0.0,0.0,0.0,0.0,0.0,0.0,1,0.0,1.0,,,,,,,,,,,
dendro,bigram,no_origin,12,unith,Nielsen,top_four,2H,214,114,136,1.0,0.0,0.0,0.0,0.0,0.0,0.0,0.0,0.0,0.0,1,0.0,1.0,,,,,,,,,,,
dendro,bigram,no_origin,12,unith,Nielsen,top_four,2H,214,115,137,0.9953271028037384,0.0,0.0,0.0,0.0,0.0,0.0,0.1666666716337204,0.0007788162225874785,0.01139309912328519,2,0.0,0.9953271028037384,,,,,,,,,,,
dendro,bigram,no_origin,12,unith,Nielsen,top_four,2H,214,116,138,1.0,0.0,0.0,0.0,0.0,0.0,0.0,0.0,0.0,0.0,1,0.0,1.0,,,,,,,,,,,
dendro,bigram,no_origin,12,unith,Nielsen,top_four,2H,214,117,139,1.0,0.0,0.0,0.0,0.0,0.0,0.0,0.0,0.0,0.0,1,0.0,1.0,,,,,,,,,,,
dendro,bigram,no_origin,12,unith,Nielsen,top_four,2H,214,118,141,1.0,0.0,0.0,0.0,0.0,0.0,0.0,0.0,0.0,0.0,1,0.0,1.0,,,,,,,,,,,
dendro,bigram,no_origin,12,unith,Nielsen,top_four,2H,214,119,142,1.0,0.0,0.0,0.0,0.0,0.0,0.0,0.0,0.0,0.0,1,0.0,1.0,,,,,,,,,,,
dendro,bigram,no_origin,12,unith,Nielsen,top_four,2H,214,120,143,1.0,0.0,0.0,0.0,0.0,0.0,0.0,0.0,0.0,0.0,1,0.0,1.0,,,,,,,,,,,
dendro,bigram,no_origin,12,unith,Nielsen,top_four,2H,214,__vector__,__vector__,0.9895342550397775,,,,,,,,,,,,,1.266355140186916,,,,,,,,,,
dendro,bigram,no_origin,12,unith,Nielsen,top_four,2S,51,0,0,1.0,0.0,0.0,0.0,0.0,0.0,0.0,0.0,0.0,0.0,1,0.0,1.0,,,,,,,,,,,
dendro,bigram,no_origin,12,unith,Nielsen,top_four,2S,51,1,1,0.9803921568627451,0.0,0.0,0.0,0.0,0.0,0.0,0.20000000298023224,0.003921568685886907,0.028005602097876177,2,0.0,0.9803921568627451,,,,,,,,,,,
dendro,bigram,no_origin,12,unith,Nielsen,top_four,2S,51,2,2,1.0,0.0,0.0,0.0,0.0,0.0,0.0,0.0,0.0,0.0,1,0.0,1.0,,,,,,,,,,,
dendro,bigram,no_origin,12,unith,Nielsen,top_four,2S,51,3,3,1.0,0.0,0.0,0.0,0.0,0.0,0.0,0.0,0.0,0.0,1,0.0,1.0,,,,,,,,,,,
dendro,bigram,no_origin,12,unith,Nielsen,top_four,2S,51,4,4,0.9019607843137255,0.0,0.0,0.0,0.0,0.0,0.3333333432674408,0.3333333432674408,0.030065360314705792,0.09363164547245591,3,0.0,0.9019607843137255,,,,,,,,,,,
dendro,bigram,no_origin,12,unith,Nielsen,top_four,2S,51,5,5,1.0,0.0,0.0,0.0,0.0,0.0,0.0,0.0,0.0,0.0,1,0.0,1.0,,,,,,,,,,,
dendro,bigram,no_origin,12,unith,Nielsen,top_four,2S,51,6,6,0.9215686274509803,0.0,0.0,0.0,0.0,0.0,0.20000000298023224,0.3333333432674408,0.01928104606329226,0.06850568217542259,4,0.0,0.9215686274509803,,,,,,,,,,,
dendro,bigram,no_origin,12,unith,Nielsen,top_four,2S,51,7,7,1.0,0.0,0.0,0.0,0.0,0.0,0.0,0.0,0.0,0.0,1,0.0,1.0,,,,,,,,,,,
dendro,bigram,no_origin,12,unith,Nielsen,top_four,2S,51,8,9,0.9803921568627451,0.0,0.0,0.0,0.0,0.0,0.0,0.1666666716337204,0.0032679739536023607,0.02333800209599347,2,0.0,0.9803921568627451,,,,,,,,,,,
dendro,bigram,no_origin,12,unith,Nielsen,top_four,2S,51,9,10,1.0,0.0,0.0,0.0,0.0,0.0,0.0,0.0,0.0,0.0,1,0.0,1.0,,,,,,,,,,,
dendro,bigram,no_origin,12,unith,Nielsen,top_four,2S,51,10,11,1.0,0.0,0.0,0.0,0.0,0.0,0.0,0.0,0.0,0.0,1,0.0,1.0,,,,,,,,,,,
dendro,bigram,no_origin,12,unith,Nielsen,top_four,2S,51,11,12,0.9411764705882353,0.0,0.0,0.0,0.0,0.0,0.10000000149011612,0.3333333432674408,0.015359477377405353,0.06349480736489939,4,0.0,0.9411764705882353,,,,,,,,,,,
dendro,bigram,no_origin,12,unith,Nielsen,top_four,2S,51,12,13,1.0,0.0,0.0,0.0,0.0,0.0,0.0,0.0,0.0,0.0,1,0.0,1.0,,,,,,,,,,,
dendro,bigram,no_origin,12,unith,Nielsen,top_four,2S,51,13,14,1.0,0.0,0.0,0.0,0.0,0.0,0.0,0.0,0.0,0.0,1,0.0,1.0,,,,,,,,,,,
dendro,bigram,no_origin,12,unith,Nielsen,top_four,2S,51,14,15,1.0,0.0,0.0,0.0,0.0,0.0,0.0,0.0,0.0,0.0,1,0.0,1.0,,,,,,,,,,,
dendro,bigram,no_origin,12,unith,Nielsen,top_four,2S,51,15,16,1.0,0.0,0.0,0.0,0.0,0.0,0.0,0.0,0.0,0.0,1,0.0,1.0,,,,,,,,,,,
dendro,bigram,no_origin,12,unith,Nielsen,top_four,2S,51,16,17,0.8627450980392157,0.0,0.0,0.0,0.0,0.0,0.3333333432674408,0.5,0.044117647643182795,0.11589380006623123,4,0.0,0.8627450980392157,,,,,,,,,,,
dendro,bigram,no_origin,12,unith,Nielsen,top_four,2S,51,17,18,1.0,0.0,0.0,0.0,0.0,0.0,0.0,0.0,0.0,0.0,1,0.0,1.0,,,,,,,,,,,
dendro,bigram,no_origin,12,unith,Nielsen,top_four,2S,51,18,19,0.9019607843137255,0.0,0.0,0.0,0.0,0.0,0.3333333432674408,0.5,0.034313726074555344,0.10823902545278646,4,0.0,0.9019607843137255,,,,,,,,,,,
dendro,bigram,no_origin,12,unith,Nielsen,top_four,2S,51,19,21,0.9803921568627451,0.0,0.0,0.0,0.0,0.0,0.0,0.5,0.00980392156862745,0.07001400420140048,2,0.0,0.9803921568627451,,,,,,,,,,,
dendro,bigram,no_origin,12,unith,Nielsen,top_four,2S,51,20,22,1.0,0.0,0.0,0.0,0.0,0.0,0.0,0.0,0.0,0.0,1,0.0,1.0,,,,,,,,,,,
dendro,bigram,no_origin,12,unith,Nielsen,top_four,2S,51,21,23,1.0,0.0,0.0,0.0,0.0,0.0,0.0,0.0,0.0,0.0,1,0.0,1.0,,,,,,,,,,,
dendro,bigram,no_origin,12,unith,Nielsen,top_four,2S,51,22,24,1.0,0.0,0.0,0.0,0.0,0.0,0.0,0.0,0.0,0.0,1,0.0,1.0,,,,,,,,,,,
dendro,bigram,no_origin,12,unith,Nielsen,top_four,2S,51,23,25,1.0,0.0,0.0,0.0,0.0,0.0,0.0,0.0,0.0,0.0,1,0.0,1.0,,,,,,,,,,,
dendro,bigram,no_origin,12,unith,Nielsen,top_four,2S,51,24,26,1.0,0.0,0.0,0.0,0.0,0.0,0.0,0.0,0.0,0.0,1,0.0,1.0,,,,,,,,,,,
dendro,bigram,no_origin,12,unith,Nielsen,top_four,2S,51,25,27,1.0,0.0,0.0,0.0,0.0,0.0,0.0,0.0,0.0,0.0,1,0.0,1.0,,,,,,,,,,,
dendro,bigram,no_origin,12,unith,Nielsen,top_four,2S,51,26,28,1.0,0.0,0.0,0.0,0.0,0.0,0.0,0.0,0.0,0.0,1,0.0,1.0,,,,,,,,,,,
dendro,bigram,no_origin,12,unith,Nielsen,top_four,2S,51,27,29,1.0,0.0,0.0,0.0,0.0,0.0,0.0,0.0,0.0,0.0,1,0.0,1.0,,,,,,,,,,,
dendro,bigram,no_origin,12,unith,Nielsen,top_four,2S,51,28,30,0.9607843137254902,0.0,0.0,0.0,0.0,0.0,0.0,0.5,0.016339869475832172,0.0833660074220903,3,0.0,0.9607843137254902,,,,,,,,,,,
dendro,bigram,no_origin,12,unith,Nielsen,top_four,2S,51,29,31,0.9607843137254902,0.0,0.0,0.0,0.0,0.0,0.0,0.5,0.016339869475832172,0.0833660074220903,3,0.0,0.9607843137254902,,,,,,,,,,,
dendro,bigram,no_origin,12,unith,Nielsen,top_four,2S,51,30,33,1.0,0.0,0.0,0.0,0.0,0.0,0.0,0.0,0.0,0.0,1,0.0,1.0,,,,,,,,,,,
dendro,bigram,no_origin,12,unith,Nielsen,top_four,2S,51,31,34,1.0,0.0,0.0,0.0,0.0,0.0,0.0,0.0,0.0,0.0,1,0.0,1.0,,,,,,,,,,,
dendro,bigram,no_origin,12,unith,Nielsen,top_four,2S,51,32,35,1.0,0.0,0.0,0.0,0.0,0.0,0.0,0.0,0.0,0.0,1,0.0,1.0,,,,,,,,,,,
dendro,bigram,no_origin,12,unith,Nielsen,top_four,2S,51,33,36,1.0,0.0,0.0,0.0,0.0,0.0,0.0,0.0,0.0,0.0,1,0.0,1.0,,,,,,,,,,,
dendro,bigram,no_origin,12,unith,Nielsen,top_four,2S,51,34,37,1.0,0.0,0.0,0.0,0.0,0.0,0.0,0.0,0.0,0.0,1,0.0,1.0,,,,,,,,,,,
dendro,bigram,no_origin,12,unith,Nielsen,top_four,2S,51,35,38,1.0,0.0,0.0,0.0,0.0,0.0,0.0,0.0,0.0,0.0,1,0.0,1.0,,,,,,,,,,,
dendro,bigram,no_origin,12,unith,Nielsen,top_four,2S,51,36,39,1.0,0.0,0.0,0.0,0.0,0.0,0.0,0.0,0.0,0.0,1,0.0,1.0,,,,,,,,,,,
dendro,bigram,no_origin,12,unith,Nielsen,top_four,2S,51,37,40,1.0,0.0,0.0,0.0,0.0,0.0,0.0,0.0,0.0,0.0,1,0.0,1.0,,,,,,,,,,,
dendro,bigram,no_origin,12,unith,Nielsen,top_four,2S,51,38,41,1.0,0.0,0.0,0.0,0.0,0.0,0.0,0.0,0.0,0.0,1,0.0,1.0,,,,,,,,,,,
dendro,bigram,no_origin,12,unith,Nielsen,top_four,2S,51,39,42,1.0,0.0,0.0,0.0,0.0,0.0,0.0,0.0,0.0,0.0,1,0.0,1.0,,,,,,,,,,,
dendro,bigram,no_origin,12,unith,Nielsen,top_four,2S,51,40,43,0.9803921568627451,0.0,0.0,0.0,0.0,0.0,0.0,0.3333333432674408,0.006535947907204721,0.04667600419198694,2,0.0,0.9803921568627451,,,,,,,,,,,
dendro,bigram,no_origin,12,unith,Nielsen,top_four,2S,51,41,45,1.0,0.0,0.0,0.0,0.0,0.0,0.0,0.0,0.0,0.0,1,0.0,1.0,,,,,,,,,,,
dendro,bigram,no_origin,12,unith,Nielsen,top_four,2S,51,42,46,1.0,0.0,0.0,0.0,0.0,0.0,0.0,0.0,0.0,0.0,1,0.0,1.0,,,,,,,,,,,
dendro,bigram,no_origin,12,unith,Nielsen,top_four,2S,51,43,47,1.0,0.0,0.0,0.0,0.0,0.0,0.0,0.0,0.0,0.0,1,0.0,1.0,,,,,,,,,,,
dendro,bigram,no_origin,12,unith,Nielsen,top_four,2S,51,44,48,0.9607843137254902,0.0,0.0,0.0,0.0,0.0,0.0,0.20000000298023224,0.007843137371773813,0.03920784293702665,2,0.0,0.9607843137254902,,,,,,,,,,,
dendro,bigram,no_origin,12,unith,Nielsen,top_four,2S,51,45,49,1.0,0.0,0.0,0.0,0.0,0.0,0.0,0.0,0.0,0.0,1,0.0,1.0,,,,,,,,,,,
dendro,bigram,no_origin,12,unith,Nielsen,top_four,2S,51,46,50,0.9803921568627451,0.0,0.0,0.0,0.0,0.0,0.0,0.5,0.00980392156862745,0.07001400420140048,2,0.0,0.9803921568627451,,,,,,,,,,,
dendro,bigram,no_origin,12,unith,Nielsen,top_four,2S,51,47,51,0.9607843137254902,0.0,0.0,0.0,0.0,0.0,0.0,0.5,0.014705882352941176,0.07764928695555344,3,0.0,0.9607843137254902,,,,,,,,,,,
dendro,bigram,no_origin,12,unith,Nielsen,top_four,2S,51,48,52,1.0,0.0,0.0,0.0,0.0,0.0,0.0,0.0,0.0,0.0,1,0.0,1.0,,,,,,,,,,,
dendro,bigram,no_origin,12,unith,Nielsen,top_four,2S,51,49,53,1.0,0.0,0.0,0.0,0.0,0.0,0.0,0.0,0.0,0.0,1,0.0,1.0,,,,,,,,,,,
dendro,bigram,no_origin,12,unith,Nielsen,top_four,2S,51,50,54,0.9607843137254902,0.0,0.0,0.0,0.0,0.0,0.0,0.3333333432674408,0.010457516593091628,0.053950676846154254,3,0.0,0.9607843137254902,,,,,,,,,,,
dendro,bigram,no_origin,12,unith,Nielsen,top_four,2S,51,51,55,0.9607843137254902,0.0,0.0,0.0,0.0,0.0,0.0,0.5,0.014705882352941176,0.07764928695555344,3,0.0,0.9607843137254902,,,,,,,,,,,
dendro,bigram,no_origin,12,unith,Nielsen,top_four,2S,51,52,57,1.0,0.0,0.0,0.0,0.0,0.0,0.0,0.0,0.0,0.0,1,0.0,1.0,,,,,,,,,,,
dendro,bigram,no_origin,12,unith,Nielsen,top_four,2S,51,53,58,1.0,0.0,0.0,0.0,0.0,0.0,0.0,0.0,0.0,0.0,1,0.0,1.0,,,,,,,,,,,
dendro,bigram,no_origin,12,unith,Nielsen,top_four,2S,51,54,59,1.0,0.0,0.0,0.0,0.0,0.0,0.0,0.0,0.0,0.0,1,0.0,1.0,,,,,,,,,,,
dendro,bigram,no_origin,12,unith,Nielsen,top_four,2S,51,55,60,0.9803921568627451,0.0,0.0,0.0,0.0,0.0,0.0,0.1666666716337204,0.0032679739536023607,0.02333800209599347,2,0.0,0.9803921568627451,,,,,,,,,,,
dendro,bigram,no_origin,12,unith,Nielsen,top_four,2S,51,56,61,0.9411764705882353,0.0,0.0,0.0,0.0,0.0,0.125,0.3333333432674408,0.017973856598723168,0.07324564149423422,3,0.0,0.9411764705882353,,,,,,,,,,,
dendro,bigram,no_origin,12,unith,Nielsen,top_four,2S,51,57,62,0.9607843137254902,0.0,0.0,0.0,0.0,0.0,0.0,0.3333333432674408,0.013071895814409443,0.06534640586878171,2,0.0,0.9607843137254902,,,,,,,,,,,
dendro,bigram,no_origin,12,unith,Nielsen,top_four,2S,51,58,63,1.0,0.0,0.0,0.0,0.0,0.0,0.0,0.0,0.0,0.0,1,0.0,1.0,,,,,,,,,,,
dendro,bigram,no_origin,12,unith,Nielsen,top_four,2S,51,59,64,0.9019607843137255,0.0,0.0,0.0,0.0,0.0,0.22500000149011612,0.3333333432674408,0.024183006847605985,0.07566840969496796,4,0.0,0.9019607843137255,,,,,,,,,,,
dendro,bigram,no_origin,12,unith,Nielsen,top_four,2S,51,60,65,1.0,0.0,0.0,0.0,0.0,0.0,0.0,0.0,0.0,0.0,1,0.0,1.0,,,,,,,,,,,
dendro,bigram,no_origin,12,unith,Nielsen,top_four,2S,51,61,66,0.9803921568627451,0.0,0.0,0.0,0.0,0.0,0.0,0.3333333432674408,0.006535947907204721,0.04667600419198694,2,0.0,0.9803921568627451,,,,,,,,,,,
dendro,bigram,no_origin,12,unith,Nielsen,top_four,2S,51,62,67,0.9215686274509803,0.0,0.0,0.0,0.0,0.0,0.2916666716337204,0.5,0.02777777816735062,0.09953596159298983,4,0.0,0.9215686274509803,,,,,,,,,,,
dendro,bigram,no_origin,12,unith,Nielsen,top_four,2S,51,63,69,1.0,0.0,0.0,0.0,0.0,0.0,0.0,0.0,0.0,0.0,1,0.0,1.0,,,,,,,,,,,
dendro,bigram,no_origin,12,unith,Nielsen,top_four,2S,51,64,70,1.0,0.0,0.0,0.0,0.0,0.0,0.0,0.0,0.0,0.0,1,0.0,1.0,,,,,,,,,,,
dendro,bigram,no_origin,12,unith,Nielsen,top_four,2S,51,65,71,1.0,0.0,0.0,0.0,0.0,0.0,0.0,0.0,0.0,0.0,1,0.0,1.0,,,,,,,,,,,
dendro,bigram,no_origin,12,unith,Nielsen,top_four,2S,51,66,72,1.0,0.0,0.0,0.0,0.0,0.0,0.0,0.0,0.0,0.0,1,0.0,1.0,,,,,,,,,,,
dendro,bigram,no_origin,12,unith,Nielsen,top_four,2S,51,67,73,0.9803921568627451,0.0,0.0,0.0,0.0,0.0,0.0,0.20000000298023224,0.003921568685886907,0.028005602097876177,2,0.0,0.9803921568627451,,,,,,,,,,,
dendro,bigram,no_origin,12,unith,Nielsen,top_four,2S,51,68,74,0.9607843137254902,0.0,0.0,0.0,0.0,0.0,0.0,0.5,0.013725490254514357,0.07488553371286442,3,0.0,0.9607843137254902,,,,,,,,,,,
dendro,bigram,no_origin,12,unith,Nielsen,top_four,2S,51,69,75,1.0,0.0,0.0,0.0,0.0,0.0,0.0,0.0,0.0,0.0,1,0.0,1.0,,,,,,,,,,,
dendro,bigram,no_origin,12,unith,Nielsen,top_four,2S,51,70,76,1.0,0.0,0.0,0.0,0.0,0.0,0.0,0.0,0.0,0.0,1,0.0,1.0,,,,,,,,,,,
dendro,bigram,no_origin,12,unith,Nielsen,top_four,2S,51,71,77,1.0,0.0,0.0,0.0,0.0,0.0,0.0,0.0,0.0,0.0,1,0.0,1.0,,,,,,,,,,,
dendro,bigram,no_origin,12,unith,Nielsen,top_four,2S,51,72,78,1.0,0.0,0.0,0.0,0.0,0.0,0.0,0.0,0.0,0.0,1,0.0,1.0,,,,,,,,,,,
dendro,bigram,no_origin,12,unith,Nielsen,top_four,2S,51,73,79,0.9803921568627451,0.0,0.0,0.0,0.0,0.0,0.0,0.25,0.004901960784313725,0.03500700210070024,2,0.0,0.9803921568627451,,,,,,,,,,,
dendro,bigram,no_origin,12,unith,Nielsen,top_four,2S,51,74,81,1.0,0.0,0.0,0.0,0.0,0.0,0.0,0.0,0.0,0.0,1,0.0,1.0,,,,,,,,,,,
dendro,bigram,no_origin,12,unith,Nielsen,top_four,2S,51,75,82,1.0,0.0,0.0,0.0,0.0,0.0,0.0,0.0,0.0,0.0,1,0.0,1.0,,,,,,,,,,,
dendro,bigram,no_origin,12,unith,Nielsen,top_four,2S,51,76,83,1.0,0.0,0.0,0.0,0.0,0.0,0.0,0.0,0.0,0.0,1,0.0,1.0,,,,,,,,,,,
dendro,bigram,no_origin,12,unith,Nielsen,top_four,2S,51,77,84,1.0,0.0,0.0,0.0,0.0,0.0,0.0,0.0,0.0,0.0,1,0.0,1.0,,,,,,,,,,,
dendro,bigram,no_origin,12,unith,Nielsen,top_four,2S,51,78,85,1.0,0.0,0.0,0.0,0.0,0.0,0.0,0.0,0.0,0.0,1,0.0,1.0,,,,,,,,,,,
dendro,bigram,no_origin,12,unith,Nielsen,top_four,2S,51,79,86,0.9607843137254902,0.0,0.0,0.0,0.0,0.0,0.0,0.3333333432674408,0.013071895814409443,0.06534640586878171,2,0.0,0.9607843137254902,,,,,,,,,,,
dendro,bigram,no_origin,12,unith,Nielsen,top_four,2S,51,80,87,0.9411764705882353,0.0,0.0,0.0,0.0,0.0,0.125,0.3333333432674408,0.017973856598723168,0.07324564149423421,3,0.0,0.9411764705882353,,,,,,,,,,,
dendro,bigram,no_origin,12,unith,Nielsen,top_four,2S,51,81,88,1.0,0.0,0.0,0.0,0.0,0.0,0.0,0.0,0.0,0.0,1,0.0,1.0,,,,,,,,,,,
dendro,bigram,no_origin,12,unith,Nielsen,top_four,2S,51,82,89,1.0,0.0,0.0,0.0,0.0,0.0,0.0,0.0,0.0,0.0,1,0.0,1.0,,,,,,,,,,,
dendro,bigram,no_origin,12,unith,Nielsen,top_four,2S,51,83,90,1.0,0.0,0.0,0.0,0.0,0.0,0.0,0.0,0.0,0.0,1,0.0,1.0,,,,,,,,,,,
dendro,bigram,no_origin,12,unith,Nielsen,top_four,2S,51,84,91,1.0,0.0,0.0,0.0,0.0,0.0,0.0,0.0,0.0,0.0,1,0.0,1.0,,,,,,,,,,,
dendro,bigram,no_origin,12,unith,Nielsen,top_four,2S,51,85,93,1.0,0.0,0.0,0.0,0.0,0.0,0.0,0.0,0.0,0.0,1,0.0,1.0,,,,,,,,,,,
dendro,bigram,no_origin,12,unith,Nielsen,top_four,2S,51,86,94,1.0,0.0,0.0,0.0,0.0,0.0,0.0,0.0,0.0,0.0,1,0.0,1.0,,,,,,,,,,,
dendro,bigram,no_origin,12,unith,Nielsen,top_four,2S,51,87,95,1.0,0.0,0.0,0.0,0.0,0.0,0.0,0.0,0.0,0.0,1,0.0,1.0,,,,,,,,,,,
dendro,bigram,no_origin,12,unith,Nielsen,top_four,2S,51,88,108,1.0,0.0,0.0,0.0,0.0,0.0,0.0,0.0,0.0,0.0,1,0.0,1.0,,,,,,,,,,,
dendro,bigram,no_origin,12,unith,Nielsen,top_four,2S,51,89,109,1.0,0.0,0.0,0.0,0.0,0.0,0.0,0.0,0.0,0.0,1,0.0,1.0,,,,,,,,,,,
dendro,bigram,no_origin,12,unith,Nielsen,top_four,2S,51,90,110,1.0,0.0,0.0,0.0,0.0,0.0,0.0,0.0,0.0,0.0,1,0.0,1.0,,,,,,,,,,,
dendro,bigram,no_origin,12,unith,Nielsen,top_four,2S,51,91,111,1.0,0.0,0.0,0.0,0.0,0.0,0.0,0.0,0.0,0.0,1,0.0,1.0,,,,,,,,,,,
dendro,bigram,no_origin,12,unith,Nielsen,top_four,2S,51,92,112,1.0,0.0,0.0,0.0,0.0,0.0,0.0,0.0,0.0,0.0,1,0.0,1.0,,,,,,,,,,,
dendro,bigram,no_origin,12,unith,Nielsen,top_four,2S,51,93,113,1.0,0.0,0.0,0.0,0.0,0.0,0.0,0.0,0.0,0.0,1,0.0,1.0,,,,,,,,,,,
dendro,bigram,no_origin,12,unith,Nielsen,top_four,2S,51,94,114,0.9803921568627451,0.0,0.0,0.0,0.0,0.0,0.0,0.1666666716337204,0.0032679739536023607,0.02333800209599347,2,0.0,0.9803921568627451,,,,,,,,,,,
dendro,bigram,no_origin,12,unith,Nielsen,top_four,2S,51,95,115,1.0,0.0,0.0,0.0,0.0,0.0,0.0,0.0,0.0,0.0,1,0.0,1.0,,,,,,,,,,,
dendro,bigram,no_origin,12,unith,Nielsen,top_four,2S,51,96,117,1.0,0.0,0.0,0.0,0.0,0.0,0.0,0.0,0.0,0.0,1,0.0,1.0,,,,,,,,,,,
dendro,bigram,no_origin,12,unith,Nielsen,top_four,2S,51,97,118,1.0,0.0,0.0,0.0,0.0,0.0,0.0,0.0,0.0,0.0,1,0.0,1.0,,,,,,,,,,,
dendro,bigram,no_origin,12,unith,Nielsen,top_four,2S,51,98,119,1.0,0.0,0.0,0.0,0.0,0.0,0.0,0.0,0.0,0.0,1,0.0,1.0,,,,,,,,,,,
dendro,bigram,no_origin,12,unith,Nielsen,top_four,2S,51,99,120,1.0,0.0,0.0,0.0,0.0,0.0,0.0,0.0,0.0,0.0,1,0.0,1.0,,,,,,,,,,,
dendro,bigram,no_origin,12,unith,Nielsen,top_four,2S,51,100,121,1.0,0.0,0.0,0.0,0.0,0.0,0.0,0.0,0.0,0.0,1,0.0,1.0,,,,,,,,,,,
dendro,bigram,no_origin,12,unith,Nielsen,top_four,2S,51,101,122,1.0,0.0,0.0,0.0,0.0,0.0,0.0,0.0,0.0,0.0,1,0.0,1.0,,,,,,,,,,,
dendro,bigram,no_origin,12,unith,Nielsen,top_four,2S,51,102,123,1.0,0.0,0.0,0.0,0.0,0.0,0.0,0.0,0.0,0.0,1,0.0,1.0,,,,,,,,,,,
dendro,bigram,no_origin,12,unith,Nielsen,top_four,2S,51,103,124,1.0,0.0,0.0,0.0,0.0,0.0,0.0,0.0,0.0,0.0,1,0.0,1.0,,,,,,,,,,,
dendro,bigram,no_origin,12,unith,Nielsen,top_four,2S,51,104,125,1.0,0.0,0.0,0.0,0.0,0.0,0.0,0.0,0.0,0.0,1,0.0,1.0,,,,,,,,,,,
dendro,bigram,no_origin,12,unith,Nielsen,top_four,2S,51,105,126,1.0,0.0,0.0,0.0,0.0,0.0,0.0,0.0,0.0,0.0,1,0.0,1.0,,,,,,,,,,,
dendro,bigram,no_origin,12,unith,Nielsen,top_four,2S,51,106,127,0.9803921568627451,0.0,0.0,0.0,0.0,0.0,0.0,0.5,0.00980392156862745,0.07001400420140048,2,0.0,0.9803921568627451,,,,,,,,,,,
dendro,bigram,no_origin,12,unith,Nielsen,top_four,2S,51,107,129,1.0,0.0,0.0,0.0,0.0,0.0,0.0,0.0,0.0,0.0,1,0.0,1.0,,,,,,,,,,,
dendro,bigram,no_origin,12,unith,Nielsen,top_four,2S,51,108,130,1.0,0.0,0.0,0.0,0.0,0.0,0.0,0.0,0.0,0.0,1,0.0,1.0,,,,,,,,,,,
dendro,bigram,no_origin,12,unith,Nielsen,top_four,2S,51,109,131,1.0,0.0,0.0,0.0,0.0,0.0,0.0,0.0,0.0,0.0,1,0.0,1.0,,,,,,,,,,,
dendro,bigram,no_origin,12,unith,Nielsen,top_four,2S,51,110,132,1.0,0.0,0.0,0.0,0.0,0.0,0.0,0.0,0.0,0.0,1,0.0,1.0,,,,,,,,,,,
dendro,bigram,no_origin,12,unith,Nielsen,top_four,2S,51,111,133,1.0,0.0,0.0,0.0,0.0,0.0,0.0,0.0,0.0,0.0,1,0.0,1.0,,,,,,,,,,,
dendro,bigram,no_origin,12,unith,Nielsen,top_four,2S,51,112,134,1.0,0.0,0.0,0.0,0.0,0.0,0.0,0.0,0.0,0.0,1,0.0,1.0,,,,,,,,,,,
dendro,bigram,no_origin,12,unith,Nielsen,top_four,2S,51,113,135,1.0,0.0,0.0,0.0,0.0,0.0,0.0,0.0,0.0,0.0,1,0.0,1.0,,,,,,,,,,,
dendro,bigram,no_origin,12,unith,Nielsen,top_four,2S,51,114,136,1.0,0.0,0.0,0.0,0.0,0.0,0.0,0.0,0.0,0.0,1,0.0,1.0,,,,,,,,,,,
dendro,bigram,no_origin,12,unith,Nielsen,top_four,2S,51,115,137,1.0,0.0,0.0,0.0,0.0,0.0,0.0,0.0,0.0,0.0,1,0.0,1.0,,,,,,,,,,,
dendro,bigram,no_origin,12,unith,Nielsen,top_four,2S,51,116,138,1.0,0.0,0.0,0.0,0.0,0.0,0.0,0.0,0.0,0.0,1,0.0,1.0,,,,,,,,,,,
dendro,bigram,no_origin,12,unith,Nielsen,top_four,2S,51,117,139,1.0,0.0,0.0,0.0,0.0,0.0,0.0,0.0,0.0,0.0,1,0.0,1.0,,,,,,,,,,,
dendro,bigram,no_origin,12,unith,Nielsen,top_four,2S,51,118,141,1.0,0.0,0.0,0.0,0.0,0.0,0.0,0.0,0.0,0.0,1,0.0,1.0,,,,,,,,,,,
dendro,bigram,no_origin,12,unith,Nielsen,top_four,2S,51,119,142,1.0,0.0,0.0,0.0,0.0,0.0,0.0,0.0,0.0,0.0,1,0.0,1.0,,,,,,,,,,,
dendro,bigram,no_origin,12,unith,Nielsen,top_four,2S,51,120,143,1.0,0.0,0.0,0.0,0.0,0.0,0.0,0.0,0.0,0.0,1,0.0,1.0,,,,,,,,,,,
dendro,bigram,no_origin,12,unith,Nielsen,top_four,2S,51,__vector__,__vector__,0.9889807162534435,,,,,,,,,,,,,1.3333333333333333,,,,,,,,,,
dendro,bigram,no_origin,12,unith,Nielsen,top_four,3H,246,0,0,1.0,0.0,0.0,0.0,0.0,0.0,0.0,0.0,0.0,0.0,1,0.0,1.0,,,,,,,,,,,
dendro,bigram,no_origin,12,unith,Nielsen,top_four,3H,246,1,1,0.9959349593495935,0.0,0.0,0.0,0.0,0.0,0.0,0.3333333432674408,0.001355013590518052,0.021252557735486836,2,0.0,0.9959349593495935,,,,,,,,,,,
dendro,bigram,no_origin,12,unith,Nielsen,top_four,3H,246,2,2,1.0,0.0,0.0,0.0,0.0,0.0,0.0,0.0,0.0,0.0,1,0.0,1.0,,,,,,,,,,,
dendro,bigram,no_origin,12,unith,Nielsen,top_four,3H,246,3,3,0.9959349593495935,0.0,0.0,0.0,0.0,0.0,0.0,0.3333333432674408,0.001355013590518052,0.021252557735486836,2,0.0,0.9959349593495935,,,,,,,,,,,
dendro,bigram,no_origin,12,unith,Nielsen,top_four,3H,246,4,4,0.9878048780487805,0.0,0.0,0.0,0.0,0.0,0.0,0.3333333432674408,0.003184281895315744,0.029354745451883123,4,0.0,0.9878048780487805,,,,,,,,,,,
dendro,bigram,no_origin,12,unith,Nielsen,top_four,3H,246,5,5,1.0,0.0,0.0,0.0,0.0,0.0,0.0,0.0,0.0,0.0,1,0.0,1.0,,,,,,,,,,,
dendro,bigram,no_origin,12,unith,Nielsen,top_four,3H,246,6,6,0.9878048780487805,0.0,0.0,0.0,0.0,0.0,0.0,0.3333333432674408,0.0037262873436377303,0.03388494771448808,3,0.0,0.9878048780487805,,,,,,,,,,,
dendro,bigram,no_origin,12,unith,Nielsen,top_four,3H,246,7,7,1.0,0.0,0.0,0.0,0.0,0.0,0.0,0.0,0.0,0.0,1,0.0,1.0,,,,,,,,,,,
dendro,bigram,no_origin,12,unith,Nielsen,top_four,3H,246,8,9,0.9796747967479674,0.0,0.0,0.0,0.0,0.0,0.0,0.5,0.006571815811037048,0.04798374728875668,5,0.0,0.9796747967479674,,,,,,,,,,,
dendro,bigram,no_origin,12,unith,Nielsen,top_four,3H,246,9,10,1.0,0.0,0.0,0.0,0.0,0.0,0.0,0.0,0.0,0.0,1,0.0,1.0,,,,,,,,,,,
dendro,bigram,no_origin,12,unith,Nielsen,top_four,3H,246,10,11,1.0,0.0,0.0,0.0,0.0,0.0,0.0,0.0,0.0,0.0,1,0.0,1.0,,,,,,,,,,,
dendro,bigram,no_origin,12,unith,Nielsen,top_four,3H,246,11,12,0.9878048780487805,0.0,0.0,0.0,0.0,0.0,0.0,0.3333333432674408,0.0037262873436377303,0.03388494771448807,3,0.0,0.9878048780487805,,,,,,,,,,,
dendro,bigram,no_origin,12,unith,Nielsen,top_four,3H,246,12,13,1.0,0.0,0.0,0.0,0.0,0.0,0.0,0.0,0.0,0.0,1,0.0,1.0,,,,,,,,,,,
dendro,bigram,no_origin,12,unith,Nielsen,top_four,3H,246,13,14,0.983739837398374,0.0,0.0,0.0,0.0,0.0,0.0,0.5,0.00508130081300813,0.041949842449838654,3,0.0,0.983739837398374,,,,,,,,,,,
dendro,bigram,no_origin,12,unith,Nielsen,top_four,3H,246,14,15,0.983739837398374,0.0,0.0,0.0,0.0,0.0,0.0,0.25,0.0040650406504065045,0.031683057942859395,2,0.0,0.983739837398374,,,,,,,,,,,
dendro,bigram,no_origin,12,unith,Nielsen,top_four,3H,246,15,16,0.9796747967479674,0.0,0.0,0.0,0.0,0.0,0.0,0.3333333432674408,0.006233062504268274,0.044026295915736105,3,0.0,0.9796747967479674,,,,,,,,,,,
dendro,bigram,no_origin,12,unith,Nielsen,top_four,3H,246,16,17,0.8373983739837398,0.0,0.0,0.0,0.0,0.0,0.3333333432674408,0.5,0.053861789102476784,0.12868510372821335,4,0.0,0.8373983739837398,,,,,,,,,,,
dendro,bigram,no_origin,12,unith,Nielsen,top_four,3H,246,17,18,0.983739837398374,0.0,0.0,0.0,0.0,0.0,0.0,0.5,0.006097561096757408,0.04841095386986891,3,0.0,0.983739837398374,,,,,,,,,,,
dendro,bigram,no_origin,12,unith,Nielsen,top_four,3H,246,18,19,0.9634146341463414,0.0,0.0,0.0,0.0,0.0,0.0,0.5,0.013888888969653991,0.0745672831691826,4,0.0,0.9634146341463414,,,,,,,,,,,
dendro,bigram,no_origin,12,unith,Nielsen,top_four,3H,246,19,21,0.9878048780487805,0.0,0.0,0.0,0.0,0.0,0.0,0.3333333432674408,0.003387533915721304,0.03085768337955353,3,0.0,0.9878048780487805,,,,,,,,,,,
dendro,bigram,no_origin,12,unith,Nielsen,top_four,3H,246,20,22,1.0,0.0,0.0,0.0,0.0,0.0,0.0,0.0,0.0,0.0,1,0.0,1.0,,,,,,,,,,,
dendro,bigram,no_origin,12,unith,Nielsen,top_four,3H,246,21,23,1.0,0.0,0.0,0.0,0.0,0.0,0.0,0.0,0.0,0.0,1,0.0,1.0,,,,,,,,,,,
dendro,bigram,no_origin,12,unith,Nielsen,top_four,3H,246,22,24,1.0,0.0,0.0,0.0,0.0,0.0,0.0,0.0,0.0,0.0,1,0.0,1.0,,,,,,,,,,,
dendro,bigram,no_origin,12,unith,Nielsen,top_four,3H,246,23,25,0.983739837398374,0.0,0.0,0.0,0.0,0.0,0.0,0.3333333432674408,0.00440379407832293,0.034631608823173385,3,0.0,0.983739837398374,,,,,,,,,,,
dendro,bigram,no_origin,12,unith,Nielsen,top_four,3H,246,24,26,1.0,0.0,0.0,0.0,0.0,0.0,0.0,0.0,0.0,0.0,1,0.0,1.0,,,,,,,,,,,
dendro,bigram,no_origin,12,unith,Nielsen,top_four,3H,246,25,27,0.9878048780487805,0.0,0.0,0.0,0.0,0.0,0.0,0.5,0.00440379407832293,0.04134673398605933,4,0.0,0.9878048780487805,,,,,,,,,,,
dendro,bigram,no_origin,12,unith,Nielsen,top_four,3H,246,26,28,0.991869918699187,0.0,0.0,0.0,0.0,0.0,0.0,0.3333333432674408,0.002710027181036104,0.029994254594498348,2,0.0,0.991869918699187,,,,,,,,,,,
dendro,bigram,no_origin,12,unith,Nielsen,top_four,3H,246,27,29,1.0,0.0,0.0,0.0,0.0,0.0,0.0,0.0,0.0,0.0,1,0.0,1.0,,,,,,,,,,,
dendro,bigram,no_origin,12,unith,Nielsen,top_four,3H,246,28,30,0.991869918699187,0.0,0.0,0.0,0.0,0.0,0.0,0.5,0.003048780487804878,0.03558338379901991,3,0.0,0.991869918699187,,,,,,,,,,,
dendro,bigram,no_origin,12,unith,Nielsen,top_four,3H,246,29,31,1.0,0.0,0.0,0.0,0.0,0.0,0.0,0.0,0.0,0.0,1,0.0,1.0,,,,,,,,,,,
dendro,bigram,no_origin,12,unith,Nielsen,top_four,3H,246,30,33,1.0,0.0,0.0,0.0,0.0,0.0,0.0,0.0,0.0,0.0,1,0.0,1.0,,,,,,,,,,,
dendro,bigram,no_origin,12,unith,Nielsen,top_four,3H,246,31,34,0.9959349593495935,0.0,0.0,0.0,0.0,0.0,0.0,0.3333333432674408,0.001355013590518052,0.021252557735486836,2,0.0,0.9959349593495935,,,,,,,,,,,
dendro,bigram,no_origin,12,unith,Nielsen,top_four,3H,246,32,35,1.0,0.0,0.0,0.0,0.0,0.0,0.0,0.0,0.0,0.0,1,0.0,1.0,,,,,,,,,,,
dendro,bigram,no_origin,12,unith,Nielsen,top_four,3H,246,33,36,0.9959349593495935,0.0,0.0,0.0,0.0,0.0,0.0,0.25,0.0010162601626016261,0.01593941782658346,2,0.0,0.9959349593495935,,,,,,,,,,,
dendro,bigram,no_origin,12,unith,Nielsen,top_four,3H,246,34,37,0.991869918699187,0.0,0.0,0.0,0.0,0.0,0.0,0.5,0.003048780487804878,0.03558338379901992,3,0.0,0.991869918699187,,,,,,,,,,,
dendro,bigram,no_origin,12,unith,Nielsen,top_four,3H,246,35,38,0.983739837398374,0.0,0.0,0.0,0.0,0.0,0.0,0.3333333432674408,0.005081300934155782,0.03987130966263783,3,0.0,0.983739837398374,,,,,,,,,,,
dendro,bigram,no_origin,12,unith,Nielsen,top_four,3H,246,36,39,1.0,0.0,0.0,0.0,0.0,0.0,0.0,0.0,0.0,0.0,1,0.0,1.0,,,,,,,,,,,
dendro,bigram,no_origin,12,unith,Nielsen,top_four,3H,246,37,40,0.9878048780487805,0.0,0.0,0.0,0.0,0.0,0.0,0.5,0.005420054240924556,0.049647096579188726,3,0.0,0.9878048780487805,,,,,,,,,,,
dendro,bigram,no_origin,12,unith,Nielsen,top_four,3H,246,38,41,1.0,0.0,0.0,0.0,0.0,0.0,0.0,0.0,0.0,0.0,1,0.0,1.0,,,,,,,,,,,
dendro,bigram,no_origin,12,unith,Nielsen,top_four,3H,246,39,42,0.991869918699187,0.0,0.0,0.0,0.0,0.0,0.0,0.5,0.003048780487804878,0.035583383799019916,3,0.0,0.991869918699187,,,,,,,,,,,
dendro,bigram,no_origin,12,unith,Nielsen,top_four,3H,246,40,43,0.991869918699187,0.0,0.0,0.0,0.0,0.0,0.0,0.5,0.0040650406504065045,0.04499138055089987,2,0.0,0.991869918699187,,,,,,,,,,,
dendro,bigram,no_origin,12,unith,Nielsen,top_four,3H,246,41,45,1.0,0.0,0.0,0.0,0.0,0.0,0.0,0.0,0.0,0.0,1,0.0,1.0,,,,,,,,,,,
dendro,bigram,no_origin,12,unith,Nielsen,top_four,3H,246,42,46,1.0,0.0,0.0,0.0,0.0,0.0,0.0,0.0,0.0,0.0,1,0.0,1.0,,,,,,,,,,,
dendro,bigram,no_origin,12,unith,Nielsen,top_four,3H,246,43,47,1.0,0.0,0.0,0.0,0.0,0.0,0.0,0.0,0.0,0.0,1,0.0,1.0,,,,,,,,,,,
dendro,bigram,no_origin,12,unith,Nielsen,top_four,3H,246,44,48,0.991869918699187,0.0,0.0,0.0,0.0,0.0,0.0,0.5,0.003387533915721304,0.03824134810889159,3,0.0,0.991869918699187,,,,,,,,,,,
dendro,bigram,no_origin,12,unith,Nielsen,top_four,3H,246,45,49,0.975609756097561,0.0,0.0,0.0,0.0,0.0,0.0,0.3333333432674408,0.006775067831442608,0.04337451784659479,3,0.0,0.975609756097561,,,,,,,,,,,
dendro,bigram,no_origin,12,unith,Nielsen,top_four,3H,246,46,50,0.9796747967479674,0.0,0.0,0.0,0.0,0.0,0.0,0.5,0.01016260162601626,0.07069894482758939,2,0.0,0.9796747967479674,,,,,,,,,,,
dendro,bigram,no_origin,12,unith,Nielsen,top_four,3H,246,47,51,0.983739837398374,0.0,0.0,0.0,0.0,0.0,0.0,0.5,0.006775067831442608,0.053867958581051464,3,0.0,0.983739837398374,,,,,,,,,,,
dendro,bigram,no_origin,12,unith,Nielsen,top_four,3H,246,48,52,1.0,0.0,0.0,0.0,0.0,0.0,0.0,0.0,0.0,0.0,1,0.0,1.0,,,,,,,,,,,
dendro,bigram,no_origin,12,unith,Nielsen,top_four,3H,246,49,53,0.9796747967479674,0.0,0.0,0.0,0.0,0.0,0.0,0.3333333432674408,0.006097561096757408,0.042818411611804594,3,0.0,0.9796747967479674,,,,,,,,,,,
dendro,bigram,no_origin,12,unith,Nielsen,top_four,3H,246,50,54,0.967479674796748,0.0,0.0,0.0,0.0,0.0,0.0,0.5,0.010840108602996765,0.06066463959649033,4,0.0,0.967479674796748,,,,,,,,,,,
dendro,bigram,no_origin,12,unith,Nielsen,top_four,3H,246,51,55,0.9796747967479674,0.0,0.0,0.0,0.0,0.0,0.0,0.5,0.007046070525316688,0.052640402388802736,4,0.0,0.9796747967479674,,,,,,,,,,,
dendro,bigram,no_origin,12,unith,Nielsen,top_four,3H,246,52,57,0.9959349593495935,0.0,0.0,0.0,0.0,0.0,0.0,0.25,0.0010162601626016261,0.01593941782658346,2,0.0,0.9959349593495935,,,,,,,,,,,
dendro,bigram,no_origin,12,unith,Nielsen,top_four,3H,246,53,58,1.0,0.0,0.0,0.0,0.0,0.0,0.0,0.0,0.0,0.0,1,0.0,1.0,,,,,,,,,,,
dendro,bigram,no_origin,12,unith,Nielsen,top_four,3H,246,54,59,1.0,0.0,0.0,0.0,0.0,0.0,0.0,0.0,0.0,0.0,1,0.0,1.0,,,,,,,,,,,
dendro,bigram,no_origin,12,unith,Nielsen,top_four,3H,246,55,60,0.9796747967479674,0.0,0.0,0.0,0.0,0.0,0.0,0.3333333432674408,0.005352303628029862,0.03820861308694015,4,0.0,0.9796747967479674,,,,,,,,,,,
dendro,bigram,no_origin,12,unith,Nielsen,top_four,3H,246,56,61,0.9552845528455285,0.0,0.0,0.0,0.0,0.0,0.0,0.3333333432674408,0.012669376907794455,0.05954142322438233,4,0.0,0.9552845528455285,,,,,,,,,,,
dendro,bigram,no_origin,12,unith,Nielsen,top_four,3H,246,57,62,0.9512195121951219,0.0,0.0,0.0,0.0,0.0,0.0,0.5,0.01626016296506897,0.073121632140567,4,0.0,0.9512195121951219,,,,,,,,,,,
dendro,bigram,no_origin,12,unith,Nielsen,top_four,3H,246,58,63,0.9878048780487805,0.0,0.0,0.0,0.0,0.0,0.0,0.5,0.00440379407832293,0.04134673398605933,4,0.0,0.9878048780487805,,,,,,,,,,,
dendro,bigram,no_origin,12,unith,Nielsen,top_four,3H,246,59,64,0.9878048780487805,0.0,0.0,0.0,0.0,0.0,0.0,0.25,0.003048780487804878,0.027494965374695403,2,0.0,0.9878048780487805,,,,,,,,,,,
dendro,bigram,no_origin,12,unith,Nielsen,top_four,3H,246,60,65,1.0,0.0,0.0,0.0,0.0,0.0,0.0,0.0,0.0,0.0,1,0.0,1.0,,,,,,,,,,,
dendro,bigram,no_origin,12,unith,Nielsen,top_four,3H,246,61,66,0.9512195121951219,0.0,0.0,0.0,0.0,0.0,0.0,0.3333333432674408,0.01470189735414536,0.06587610758092026,4,0.0,0.9512195121951219,,,,,,,,,,,
dendro,bigram,no_origin,12,unith,Nielsen,top_four,3H,246,62,67,0.9552845528455285,0.0,0.0,0.0,0.0,0.0,0.0,0.5,0.014363143805081283,0.06950832270637111,5,0.0,0.9552845528455285,,,,,,,,,,,
dendro,bigram,no_origin,12,unith,Nielsen,top_four,3H,246,63,69,0.991869918699187,0.0,0.0,0.0,0.0,0.0,0.0,0.3333333432674408,0.002371273753119678,0.02651359872013619,3,0.0,0.991869918699187,,,,,,,,,,,
dendro,bigram,no_origin,12,unith,Nielsen,top_four,3H,246,64,70,0.9959349593495935,0.0,0.0,0.0,0.0,0.0,0.0,0.3333333432674408,0.001355013590518052,0.021252557735486836,2,0.0,0.9959349593495935,,,,,,,,,,,
dendro,bigram,no_origin,12,unith,Nielsen,top_four,3H,246,65,71,0.975609756097561,0.0,0.0,0.0,0.0,0.0,0.0,0.3333333432674408,0.006571815811037048,0.04233480745484277,4,0.0,0.975609756097561,,,,,,,,,,,
dendro,bigram,no_origin,12,unith,Nielsen,top_four,3H,246,66,72,1.0,0.0,0.0,0.0,0.0,0.0,0.0,0.0,0.0,0.0,1,0.0,1.0,,,,,,,,,,,
dendro,bigram,no_origin,12,unith,Nielsen,top_four,3H,246,67,73,0.9878048780487805,0.0,0.0,0.0,0.0,0.0,0.0,0.3333333432674408,0.0037262873436377303,0.03388494771448808,3,0.0,0.9878048780487805,,,,,,,,,,,
dendro,bigram,no_origin,12,unith,Nielsen,top_four,3H,246,68,74,0.991869918699187,0.0,0.0,0.0,0.0,0.0,0.0,0.5,0.003048780487804878,0.03558338379901992,3,0.0,0.991869918699187,,,,,,,,,,,
dendro,bigram,no_origin,12,unith,Nielsen,top_four,3H,246,69,75,0.983739837398374,0.0,0.0,0.0,0.0,0.0,0.0,0.5,0.008130081300813009,0.06336611588571879,2,0.0,0.983739837398374,,,,,,,,,,,
dendro,bigram,no_origin,12,unith,Nielsen,top_four,3H,246,70,76,0.991869918699187,0.0,0.0,0.0,0.0,0.0,0.0,0.3333333432674408,0.002371273753119678,0.02651359872013619,3,0.0,0.991869918699187,,,,,,,,,,,
dendro,bigram,no_origin,12,unith,Nielsen,top_four,3H,246,71,77,1.0,0.0,0.0,0.0,0.0,0.0,0.0,0.0,0.0,0.0,1,0.0,1.0,,,,,,,,,,,
dendro,bigram,no_origin,12,unith,Nielsen,top_four,3H,246,72,78,1.0,0.0,0.0,0.0,0.0,0.0,0.0,0.0,0.0,0.0,1,0.0,1.0,,,,,,,,,,,
dendro,bigram,no_origin,12,unith,Nielsen,top_four,3H,246,73,79,0.9878048780487805,0.0,0.0,0.0,0.0,0.0,0.0,0.5,0.00440379407832293,0.041346733986059335,4,0.0,0.9878048780487805,,,,,,,,,,,
dendro,bigram,no_origin,12,unith,Nielsen,top_four,3H,246,74,81,1.0,0.0,0.0,0.0,0.0,0.0,0.0,0.0,0.0,0.0,1,0.0,1.0,,,,,,,,,,,
dendro,bigram,no_origin,12,unith,Nielsen,top_four,3H,246,75,82,1.0,0.0,0.0,0.0,0.0,0.0,0.0,0.0,0.0,0.0,1,0.0,1.0,,,,,,,,,,,
dendro,bigram,no_origin,12,unith,Nielsen,top_four,3H,246,76,83,1.0,0.0,0.0,0.0,0.0,0.0,0.0,0.0,0.0,0.0,1,0.0,1.0,,,,,,,,,,,
dendro,bigram,no_origin,12,unith,Nielsen,top_four,3H,246,77,84,1.0,0.0,0.0,0.0,0.0,0.0,0.0,0.0,0.0,0.0,1,0.0,1.0,,,,,,,,,,,
dendro,bigram,no_origin,12,unith,Nielsen,top_four,3H,246,78,85,0.9796747967479674,0.0,0.0,0.0,0.0,0.0,0.0,0.5,0.007588075973638674,0.055256648985911254,4,0.0,0.9796747967479674,,,,,,,,,,,
dendro,bigram,no_origin,12,unith,Nielsen,top_four,3H,246,79,86,0.9959349593495935,0.0,0.0,0.0,0.0,0.0,0.0,0.3333333432674408,0.001355013590518052,0.021252557735486836,2,0.0,0.9959349593495935,,,,,,,,,,,
dendro,bigram,no_origin,12,unith,Nielsen,top_four,3H,246,80,87,0.991869918699187,0.0,0.0,0.0,0.0,0.0,0.0,0.5,0.003387533915721304,0.0382413481088916,3,0.0,0.991869918699187,,,,,,,,,,,
dendro,bigram,no_origin,12,unith,Nielsen,top_four,3H,246,81,88,0.9878048780487805,0.0,0.0,0.0,0.0,0.0,0.0,0.25,0.003048780487804878,0.027494965374695403,2,0.0,0.9878048780487805,,,,,,,,,,,
dendro,bigram,no_origin,12,unith,Nielsen,top_four,3H,246,82,89,0.9959349593495935,0.0,0.0,0.0,0.0,0.0,0.0,0.25,0.0010162601626016261,0.015939417826583466,2,0.0,0.9959349593495935,,,,,,,,,,,
dendro,bigram,no_origin,12,unith,Nielsen,top_four,3H,246,83,90,0.983739837398374,0.0,0.0,0.0,0.0,0.0,0.0,0.5,0.006436314403526182,0.0520368898398832,4,0.0,0.983739837398374,,,,,,,,,,,
dendro,bigram,no_origin,12,unith,Nielsen,top_four,3H,246,84,91,1.0,0.0,0.0,0.0,0.0,0.0,0.0,0.0,0.0,0.0,1,0.0,1.0,,,,,,,,,,,
dendro,bigram,no_origin,12,unith,Nielsen,top_four,3H,246,85,93,1.0,0.0,0.0,0.0,0.0,0.0,0.0,0.0,0.0,0.0,1,0.0,1.0,,,,,,,,,,,
dendro,bigram,no_origin,12,unith,Nielsen,top_four,3H,246,86,94,0.991869918699187,0.0,0.0,0.0,0.0,0.0,0.0,0.25,0.001829268304797692,0.020371732160579203,3,0.0,0.991869918699187,,,,,,,,,,,
dendro,bigram,no_origin,12,unith,Nielsen,top_four,3H,246,87,95,1.0,0.0,0.0,0.0,0.0,0.0,0.0,0.0,0.0,0.0,1,0.0,1.0,,,,,,,,,,,
dendro,bigram,no_origin,12,unith,Nielsen,top_four,3H,246,88,108,1.0,0.0,0.0,0.0,0.0,0.0,0.0,0.0,0.0,0.0,1,0.0,1.0,,,,,,,,,,,
dendro,bigram,no_origin,12,unith,Nielsen,top_four,3H,246,89,109,0.9959349593495935,0.0,0.0,0.0,0.0,0.0,0.0,0.25,0.0010162601626016261,0.01593941782658346,2,0.0,0.9959349593495935,,,,,,,,,,,
dendro,bigram,no_origin,12,unith,Nielsen,top_four,3H,246,90,110,0.9959349593495935,0.0,0.0,0.0,0.0,0.0,0.0,0.5,0.0020325203252032522,0.031878835653166925,2,0.0,0.9959349593495935,,,,,,,,,,,
dendro,bigram,no_origin,12,unith,Nielsen,top_four,3H,246,91,111,0.991869918699187,0.0,0.0,0.0,0.0,0.0,0.0,0.3333333432674408,0.002710027181036104,0.029994254594498348,2,0.0,0.991869918699187,,,,,,,,,,,
dendro,bigram,no_origin,12,unith,Nielsen,top_four,3H,246,92,112,0.9959349593495935,0.0,0.0,0.0,0.0,0.0,0.0,0.3333333432674408,0.001355013590518052,0.021252557735486836,2,0.0,0.9959349593495935,,,,,,,,,,,
dendro,bigram,no_origin,12,unith,Nielsen,top_four,3H,246,93,113,1.0,0.0,0.0,0.0,0.0,0.0,0.0,0.0,0.0,0.0,1,0.0,1.0,,,,,,,,,,,
dendro,bigram,no_origin,12,unith,Nielsen,top_four,3H,246,94,114,0.9959349593495935,0.0,0.0,0.0,0.0,0.0,0.0,0.25,0.0010162601626016261,0.015939417826583466,2,0.0,0.9959349593495935,,,,,,,,,,,
dendro,bigram,no_origin,12,unith,Nielsen,top_four,3H,246,95,115,1.0,0.0,0.0,0.0,0.0,0.0,0.0,0.0,0.0,0.0,1,0.0,1.0,,,,,,,,,,,
dendro,bigram,no_origin,12,unith,Nielsen,top_four,3H,246,96,117,1.0,0.0,0.0,0.0,0.0,0.0,0.0,0.0,0.0,0.0,1,0.0,1.0,,,,,,,,,,,
dendro,bigram,no_origin,12,unith,Nielsen,top_four,3H,246,97,118,1.0,0.0,0.0,0.0,0.0,0.0,0.0,0.0,0.0,0.0,1,0.0,1.0,,,,,,,,,,,
dendro,bigram,no_origin,12,unith,Nielsen,top_four,3H,246,98,119,1.0,0.0,0.0,0.0,0.0,0.0,0.0,0.0,0.0,0.0,1,0.0,1.0,,,,,,,,,,,
dendro,bigram,no_origin,12,unith,Nielsen,top_four,3H,246,99,120,1.0,0.0,0.0,0.0,0.0,0.0,0.0,0.0,0.0,0.0,1,0.0,1.0,,,,,,,,,,,
dendro,bigram,no_origin,12,unith,Nielsen,top_four,3H,246,100,121,1.0,0.0,0.0,0.0,0.0,0.0,0.0,0.0,0.0,0.0,1,0.0,1.0,,,,,,,,,,,
dendro,bigram,no_origin,12,unith,Nielsen,top_four,3H,246,101,122,0.9959349593495935,0.0,0.0,0.0,0.0,0.0,0.0,0.25,0.0010162601626016261,0.015939417826583462,2,0.0,0.9959349593495935,,,,,,,,,,,
dendro,bigram,no_origin,12,unith,Nielsen,top_four,3H,246,102,123,1.0,0.0,0.0,0.0,0.0,0.0,0.0,0.0,0.0,0.0,1,0.0,1.0,,,,,,,,,,,
dendro,bigram,no_origin,12,unith,Nielsen,top_four,3H,246,103,124,1.0,0.0,0.0,0.0,0.0,0.0,0.0,0.0,0.0,0.0,1,0.0,1.0,,,,,,,,,,,
dendro,bigram,no_origin,12,unith,Nielsen,top_four,3H,246,104,125,0.991869918699187,0.0,0.0,0.0,0.0,0.0,0.0,0.3333333432674408,0.002371273753119678,0.026513598720136207,3,0.0,0.991869918699187,,,,,,,,,,,
dendro,bigram,no_origin,12,unith,Nielsen,top_four,3H,246,105,126,0.9959349593495935,0.0,0.0,0.0,0.0,0.0,0.0,0.3333333432674408,0.001355013590518052,0.021252557735486836,2,0.0,0.9959349593495935,,,,,,,,,,,
dendro,bigram,no_origin,12,unith,Nielsen,top_four,3H,246,106,127,1.0,0.0,0.0,0.0,0.0,0.0,0.0,0.0,0.0,0.0,1,0.0,1.0,,,,,,,,,,,
dendro,bigram,no_origin,12,unith,Nielsen,top_four,3H,246,107,129,1.0,0.0,0.0,0.0,0.0,0.0,0.0,0.0,0.0,0.0,1,0.0,1.0,,,,,,,,,,,
dendro,bigram,no_origin,12,unith,Nielsen,top_four,3H,246,108,130,1.0,0.0,0.0,0.0,0.0,0.0,0.0,0.0,0.0,0.0,1,0.0,1.0,,,,,,,,,,,
dendro,bigram,no_origin,12,unith,Nielsen,top_four,3H,246,109,131,1.0,0.0,0.0,0.0,0.0,0.0,0.0,0.0,0.0,0.0,1,0.0,1.0,,,,,,,,,,,
dendro,bigram,no_origin,12,unith,Nielsen,top_four,3H,246,110,132,0.991869918699187,0.0,0.0,0.0,0.0,0.0,0.0,0.3333333432674408,0.002371273753119678,0.02651359872013619,3,0.0,0.991869918699187,,,,,,,,,,,
dendro,bigram,no_origin,12,unith,Nielsen,top_four,3H,246,111,133,0.9959349593495935,0.0,0.0,0.0,0.0,0.0,0.0,0.25,0.0010162601626016261,0.015939417826583462,2,0.0,0.9959349593495935,,,,,,,,,,,
dendro,bigram,no_origin,12,unith,Nielsen,top_four,3H,246,112,134,1.0,0.0,0.0,0.0,0.0,0.0,0.0,0.0,0.0,0.0,1,0.0,1.0,,,,,,,,,,,
dendro,bigram,no_origin,12,unith,Nielsen,top_four,3H,246,113,135,1.0,0.0,0.0,0.0,0.0,0.0,0.0,0.0,0.0,0.0,1,0.0,1.0,,,,,,,,,,,
dendro,bigram,no_origin,12,unith,Nielsen,top_four,3H,246,114,136,1.0,0.0,0.0,0.0,0.0,0.0,0.0,0.0,0.0,0.0,1,0.0,1.0,,,,,,,,,,,
dendro,bigram,no_origin,12,unith,Nielsen,top_four,3H,246,115,137,0.9959349593495935,0.0,0.0,0.0,0.0,0.0,0.0,0.25,0.0010162601626016261,0.015939417826583462,2,0.0,0.9959349593495935,,,,,,,,,,,
dendro,bigram,no_origin,12,unith,Nielsen,top_four,3H,246,116,138,0.9959349593495935,0.0,0.0,0.0,0.0,0.0,0.0,0.25,0.0010162601626016261,0.01593941782658346,2,0.0,0.9959349593495935,,,,,,,,,,,
dendro,bigram,no_origin,12,unith,Nielsen,top_four,3H,246,117,139,1.0,0.0,0.0,0.0,0.0,0.0,0.0,0.0,0.0,0.0,1,0.0,1.0,,,,,,,,,,,
dendro,bigram,no_origin,12,unith,Nielsen,top_four,3H,246,118,141,1.0,0.0,0.0,0.0,0.0,0.0,0.0,0.0,0.0,0.0,1,0.0,1.0,,,,,,,,,,,
dendro,bigram,no_origin,12,unith,Nielsen,top_four,3H,246,119,142,1.0,0.0,0.0,0.0,0.0,0.0,0.0,0.0,0.0,0.0,1,0.0,1.0,,,,,,,,,,,
dendro,bigram,no_origin,12,unith,Nielsen,top_four,3H,246,120,143,1.0,0.0,0.0,0.0,0.0,0.0,0.0,0.0,0.0,0.0,1,0.0,1.0,,,,,,,,,,,
dendro,bigram,no_origin,12,unith,Nielsen,top_four,3H,246,__vector__,__vector__,0.9912652019082174,,,,,,,,,,,,,1.056910569105691,,,,,,,,,,
dendro,bigram,no_origin,12,unith,Nielsen,top_four,3S,45,0,0,1.0,0.0,0.0,0.0,0.0,0.0,0.0,0.0,0.0,0.0,1,0.0,1.0,,,,,,,,,,,
dendro,bigram,no_origin,12,unith,Nielsen,top_four,3S,45,1,1,1.0,0.0,0.0,0.0,0.0,0.0,0.0,0.0,0.0,0.0,1,0.0,1.0,,,,,,,,,,,
dendro,bigram,no_origin,12,unith,Nielsen,top_four,3S,45,2,2,0.9777777777777777,0.0,0.0,0.0,0.0,0.0,0.0,0.5,0.011111111111111112,0.07453559924999299,2,0.0,0.9777777777777777,,,,,,,,,,,
dendro,bigram,no_origin,12,unith,Nielsen,top_four,3S,45,3,3,1.0,0.0,0.0,0.0,0.0,0.0,0.0,0.0,0.0,0.0,1,0.0,1.0,,,,,,,,,,,
dendro,bigram,no_origin,12,unith,Nielsen,top_four,3S,45,4,4,1.0,0.0,0.0,0.0,0.0,0.0,0.0,0.0,0.0,0.0,1,0.0,1.0,,,,,,,,,,,
dendro,bigram,no_origin,12,unith,Nielsen,top_four,3S,45,5,5,1.0,0.0,0.0,0.0,0.0,0.0,0.0,0.0,0.0,0.0,1,0.0,1.0,,,,,,,,,,,
dendro,bigram,no_origin,12,unith,Nielsen,top_four,3S,45,6,6,0.9555555555555556,0.0,0.0,0.0,0.0,0.0,0.0,0.3333333432674408,0.014814815256330702,0.06946969445035575,2,0.0,0.9555555555555556,,,,,,,,,,,
dendro,bigram,no_origin,12,unith,Nielsen,top_four,3S,45,7,7,1.0,0.0,0.0,0.0,0.0,0.0,0.0,0.0,0.0,0.0,1,0.0,1.0,,,,,,,,,,,
dendro,bigram,no_origin,12,unith,Nielsen,top_four,3S,45,8,9,1.0,0.0,0.0,0.0,0.0,0.0,0.0,0.0,0.0,0.0,1,0.0,1.0,,,,,,,,,,,
dendro,bigram,no_origin,12,unith,Nielsen,top_four,3S,45,9,10,1.0,0.0,0.0,0.0,0.0,0.0,0.0,0.0,0.0,0.0,1,0.0,1.0,,,,,,,,,,,
dendro,bigram,no_origin,12,unith,Nielsen,top_four,3S,45,10,11,1.0,0.0,0.0,0.0,0.0,0.0,0.0,0.0,0.0,0.0,1,0.0,1.0,,,,,,,,,,,
dendro,bigram,no_origin,12,unith,Nielsen,top_four,3S,45,11,12,1.0,0.0,0.0,0.0,0.0,0.0,0.0,0.0,0.0,0.0,1,0.0,1.0,,,,,,,,,,,
dendro,bigram,no_origin,12,unith,Nielsen,top_four,3S,45,12,13,1.0,0.0,0.0,0.0,0.0,0.0,0.0,0.0,0.0,0.0,1,0.0,1.0,,,,,,,,,,,
dendro,bigram,no_origin,12,unith,Nielsen,top_four,3S,45,13,14,1.0,0.0,0.0,0.0,0.0,0.0,0.0,0.0,0.0,0.0,1,0.0,1.0,,,,,,,,,,,
dendro,bigram,no_origin,12,unith,Nielsen,top_four,3S,45,14,15,1.0,0.0,0.0,0.0,0.0,0.0,0.0,0.0,0.0,0.0,1,0.0,1.0,,,,,,,,,,,
dendro,bigram,no_origin,12,unith,Nielsen,top_four,3S,45,15,16,1.0,0.0,0.0,0.0,0.0,0.0,0.0,0.0,0.0,0.0,1,0.0,1.0,,,,,,,,,,,
dendro,bigram,no_origin,12,unith,Nielsen,top_four,3S,45,16,17,0.8888888888888888,0.0,0.0,0.0,0.0,0.0,0.3333333432674408,0.3333333432674408,0.03518518606821696,0.10126861126321432,3,0.0,0.8888888888888888,,,,,,,,,,,
dendro,bigram,no_origin,12,unith,Nielsen,top_four,3S,45,17,18,0.9777777777777777,0.0,0.0,0.0,0.0,0.0,0.0,0.3333333432674408,0.007407407628165351,0.049690400980884626,2,0.0,0.9777777777777777,,,,,,,,,,,
dendro,bigram,no_origin,12,unith,Nielsen,top_four,3S,45,18,19,0.9333333333333333,0.0,0.0,0.0,0.0,0.0,0.1999999999999993,0.5,0.024074074294832017,0.09505152554152842,4,0.0,0.9333333333333333,,,,,,,,,,,
dendro,bigram,no_origin,12,unith,Nielsen,top_four,3S,45,19,21,1.0,0.0,0.0,0.0,0.0,0.0,0.0,0.0,0.0,0.0,1,0.0,1.0,,,,,,,,,,,
dendro,bigram,no_origin,12,unith,Nielsen,top_four,3S,45,20,22,1.0,0.0,0.0,0.0,0.0,0.0,0.0,0.0,0.0,0.0,1,0.0,1.0,,,,,,,,,,,
dendro,bigram,no_origin,12,unith,Nielsen,top_four,3S,45,21,23,1.0,0.0,0.0,0.0,0.0,0.0,0.0,0.0,0.0,0.0,1,0.0,1.0,,,,,,,,,,,
dendro,bigram,no_origin,12,unith,Nielsen,top_four,3S,45,22,24,1.0,0.0,0.0,0.0,0.0,0.0,0.0,0.0,0.0,0.0,1,0.0,1.0,,,,,,,,,,,
dendro,bigram,no_origin,12,unith,Nielsen,top_four,3S,45,23,25,1.0,0.0,0.0,0.0,0.0,0.0,0.0,0.0,0.0,0.0,1,0.0,1.0,,,,,,,,,,,
dendro,bigram,no_origin,12,unith,Nielsen,top_four,3S,45,24,26,1.0,0.0,0.0,0.0,0.0,0.0,0.0,0.0,0.0,0.0,1,0.0,1.0,,,,,,,,,,,
dendro,bigram,no_origin,12,unith,Nielsen,top_four,3S,45,25,27,1.0,0.0,0.0,0.0,0.0,0.0,0.0,0.0,0.0,0.0,1,0.0,1.0,,,,,,,,,,,
dendro,bigram,no_origin,12,unith,Nielsen,top_four,3S,45,26,28,1.0,0.0,0.0,0.0,0.0,0.0,0.0,0.0,0.0,0.0,1,0.0,1.0,,,,,,,,,,,
dendro,bigram,no_origin,12,unith,Nielsen,top_four,3S,45,27,29,1.0,0.0,0.0,0.0,0.0,0.0,0.0,0.0,0.0,0.0,1,0.0,1.0,,,,,,,,,,,
dendro,bigram,no_origin,12,unith,Nielsen,top_four,3S,45,28,30,0.9333333333333333,0.0,0.0,0.0,0.0,0.0,0.26666667461395166,0.5,0.02592592636744181,0.10022421691311213,3,0.0,0.9333333333333333,,,,,,,,,,,
dendro,bigram,no_origin,12,unith,Nielsen,top_four,3S,45,29,31,1.0,0.0,0.0,0.0,0.0,0.0,0.0,0.0,0.0,0.0,1,0.0,1.0,,,,,,,,,,,
dendro,bigram,no_origin,12,unith,Nielsen,top_four,3S,45,30,33,1.0,0.0,0.0,0.0,0.0,0.0,0.0,0.0,0.0,0.0,1,0.0,1.0,,,,,,,,,,,
dendro,bigram,no_origin,12,unith,Nielsen,top_four,3S,45,31,34,1.0,0.0,0.0,0.0,0.0,0.0,0.0,0.0,0.0,0.0,1,0.0,1.0,,,,,,,,,,,
dendro,bigram,no_origin,12,unith,Nielsen,top_four,3S,45,32,35,1.0,0.0,0.0,0.0,0.0,0.0,0.0,0.0,0.0,0.0,1,0.0,1.0,,,,,,,,,,,
dendro,bigram,no_origin,12,unith,Nielsen,top_four,3S,45,33,36,1.0,0.0,0.0,0.0,0.0,0.0,0.0,0.0,0.0,0.0,1,0.0,1.0,,,,,,,,,,,
dendro,bigram,no_origin,12,unith,Nielsen,top_four,3S,45,34,37,0.9777777777777777,0.0,0.0,0.0,0.0,0.0,0.0,0.25,0.005555555555555556,0.037267799624996496,2,0.0,0.9777777777777777,,,,,,,,,,,
dendro,bigram,no_origin,12,unith,Nielsen,top_four,3S,45,35,38,1.0,0.0,0.0,0.0,0.0,0.0,0.0,0.0,0.0,0.0,1,0.0,1.0,,,,,,,,,,,
dendro,bigram,no_origin,12,unith,Nielsen,top_four,3S,45,36,39,1.0,0.0,0.0,0.0,0.0,0.0,0.0,0.0,0.0,0.0,1,0.0,1.0,,,,,,,,,,,
dendro,bigram,no_origin,12,unith,Nielsen,top_four,3S,45,37,40,1.0,0.0,0.0,0.0,0.0,0.0,0.0,0.0,0.0,0.0,1,0.0,1.0,,,,,,,,,,,
dendro,bigram,no_origin,12,unith,Nielsen,top_four,3S,45,38,41,0.9777777777777777,0.0,0.0,0.0,0.0,0.0,0.0,0.5,0.011111111111111112,0.07453559924999299,2,0.0,0.9777777777777777,,,,,,,,,,,
dendro,bigram,no_origin,12,unith,Nielsen,top_four,3S,45,39,42,1.0,0.0,0.0,0.0,0.0,0.0,0.0,0.0,0.0,0.0,1,0.0,1.0,,,,,,,,,,,
dendro,bigram,no_origin,12,unith,Nielsen,top_four,3S,45,40,43,0.9777777777777777,0.0,0.0,0.0,0.0,0.0,0.0,0.3333333432674408,0.007407407628165351,0.049690400980884626,2,0.0,0.9777777777777777,,,,,,,,,,,
dendro,bigram,no_origin,12,unith,Nielsen,top_four,3S,45,41,45,1.0,0.0,0.0,0.0,0.0,0.0,0.0,0.0,0.0,0.0,1,0.0,1.0,,,,,,,,,,,
dendro,bigram,no_origin,12,unith,Nielsen,top_four,3S,45,42,46,1.0,0.0,0.0,0.0,0.0,0.0,0.0,0.0,0.0,0.0,1,0.0,1.0,,,,,,,,,,,
dendro,bigram,no_origin,12,unith,Nielsen,top_four,3S,45,43,47,1.0,0.0,0.0,0.0,0.0,0.0,0.0,0.0,0.0,0.0,1,0.0,1.0,,,,,,,,,,,
dendro,bigram,no_origin,12,unith,Nielsen,top_four,3S,45,44,48,1.0,0.0,0.0,0.0,0.0,0.0,0.0,0.0,0.0,0.0,1,0.0,1.0,,,,,,,,,,,
dendro,bigram,no_origin,12,unith,Nielsen,top_four,3S,45,45,49,0.9555555555555556,0.0,0.0,0.0,0.0,0.0,0.0,0.3333333432674408,0.014814815256330702,0.06946969445035575,2,0.0,0.9555555555555556,,,,,,,,,,,
dendro,bigram,no_origin,12,unith,Nielsen,top_four,3S,45,46,50,1.0,0.0,0.0,0.0,0.0,0.0,0.0,0.0,0.0,0.0,1,0.0,1.0,,,,,,,,,,,
dendro,bigram,no_origin,12,unith,Nielsen,top_four,3S,45,47,51,1.0,0.0,0.0,0.0,0.0,0.0,0.0,0.0,0.0,0.0,1,0.0,1.0,,,,,,,,,,,
dendro,bigram,no_origin,12,unith,Nielsen,top_four,3S,45,48,52,1.0,0.0,0.0,0.0,0.0,0.0,0.0,0.0,0.0,0.0,1,0.0,1.0,,,,,,,,,,,
dendro,bigram,no_origin,12,unith,Nielsen,top_four,3S,45,49,53,0.9777777777777777,0.0,0.0,0.0,0.0,0.0,0.0,0.3333333432674408,0.007407407628165351,0.049690400980884626,2,0.0,0.9777777777777777,,,,,,,,,,,
dendro,bigram,no_origin,12,unith,Nielsen,top_four,3S,45,50,54,0.9333333333333333,0.0,0.0,0.0,0.0,0.0,0.26666667461395166,0.5,0.029629629850387574,0.11397816221317209,3,0.0,0.9333333333333333,,,,,,,,,,,
dendro,bigram,no_origin,12,unith,Nielsen,top_four,3S,45,51,55,1.0,0.0,0.0,0.0,0.0,0.0,0.0,0.0,0.0,0.0,1,0.0,1.0,,,,,,,,,,,
dendro,bigram,no_origin,12,unith,Nielsen,top_four,3S,45,52,57,1.0,0.0,0.0,0.0,0.0,0.0,0.0,0.0,0.0,0.0,1,0.0,1.0,,,,,,,,,,,
dendro,bigram,no_origin,12,unith,Nielsen,top_four,3S,45,53,58,1.0,0.0,0.0,0.0,0.0,0.0,0.0,0.0,0.0,0.0,1,0.0,1.0,,,,,,,,,,,
dendro,bigram,no_origin,12,unith,Nielsen,top_four,3S,45,54,59,1.0,0.0,0.0,0.0,0.0,0.0,0.0,0.0,0.0,0.0,1,0.0,1.0,,,,,,,,,,,
dendro,bigram,no_origin,12,unith,Nielsen,top_four,3S,45,55,60,0.9555555555555556,0.0,0.0,0.0,0.0,0.0,0.0,0.3333333432674408,0.012962963183720906,0.06143166733734558,3,0.0,0.9555555555555556,,,,,,,,,,,
dendro,bigram,no_origin,12,unith,Nielsen,top_four,3S,45,56,61,0.8888888888888888,0.0,0.0,0.0,0.0,0.0,0.3166666746139524,0.5,0.03703703747855292,0.11031914847945926,4,0.0,0.8888888888888888,,,,,,,,,,,
dendro,bigram,no_origin,12,unith,Nielsen,top_four,3S,45,57,62,0.9777777777777777,0.0,0.0,0.0,0.0,0.0,0.0,0.3333333432674408,0.007407407628165351,0.04969040098088463,2,0.0,0.9777777777777777,,,,,,,,,,,
dendro,bigram,no_origin,12,unith,Nielsen,top_four,3S,45,58,63,1.0,0.0,0.0,0.0,0.0,0.0,0.0,0.0,0.0,0.0,1,0.0,1.0,,,,,,,,,,,
dendro,bigram,no_origin,12,unith,Nielsen,top_four,3S,45,59,64,1.0,0.0,0.0,0.0,0.0,0.0,0.0,0.0,0.0,0.0,1,0.0,1.0,,,,,,,,,,,
dendro,bigram,no_origin,12,unith,Nielsen,top_four,3S,45,60,65,1.0,0.0,0.0,0.0,0.0,0.0,0.0,0.0,0.0,0.0,1,0.0,1.0,,,,,,,,,,,
dendro,bigram,no_origin,12,unith,Nielsen,top_four,3S,45,61,66,0.9777777777777777,0.0,0.0,0.0,0.0,0.0,0.0,0.25,0.005555555555555556,0.037267799624996496,2,0.0,0.9777777777777777,,,,,,,,,,,
dendro,bigram,no_origin,12,unith,Nielsen,top_four,3S,45,62,67,0.9333333333333333,0.0,0.0,0.0,0.0,0.0,0.26666667461395166,0.3333333432674408,0.022222222884496053,0.08408749902425486,2,0.0,0.9333333333333333,,,,,,,,,,,
dendro,bigram,no_origin,12,unith,Nielsen,top_four,3S,45,63,69,1.0,0.0,0.0,0.0,0.0,0.0,0.0,0.0,0.0,0.0,1,0.0,1.0,,,,,,,,,,,
dendro,bigram,no_origin,12,unith,Nielsen,top_four,3S,45,64,70,1.0,0.0,0.0,0.0,0.0,0.0,0.0,0.0,0.0,0.0,1,0.0,1.0,,,,,,,,,,,
dendro,bigram,no_origin,12,unith,Nielsen,top_four,3S,45,65,71,0.9777777777777777,0.0,0.0,0.0,0.0,0.0,0.0,0.3333333432674408,0.007407407628165351,0.049690400980884626,2,0.0,0.9777777777777777,,,,,,,,,,,
dendro,bigram,no_origin,12,unith,Nielsen,top_four,3S,45,66,72,1.0,0.0,0.0,0.0,0.0,0.0,0.0,0.0,0.0,0.0,1,0.0,1.0,,,,,,,,,,,
dendro,bigram,no_origin,12,unith,Nielsen,top_four,3S,45,67,73,1.0,0.0,0.0,0.0,0.0,0.0,0.0,0.0,0.0,0.0,1,0.0,1.0,,,,,,,,,,,
dendro,bigram,no_origin,12,unith,Nielsen,top_four,3S,45,68,74,0.9777777777777777,0.0,0.0,0.0,0.0,0.0,0.0,0.3333333432674408,0.007407407628165351,0.049690400980884626,2,0.0,0.9777777777777777,,,,,,,,,,,
dendro,bigram,no_origin,12,unith,Nielsen,top_four,3S,45,69,75,0.9777777777777777,0.0,0.0,0.0,0.0,0.0,0.0,0.5,0.011111111111111112,0.07453559924999299,2,0.0,0.9777777777777777,,,,,,,,,,,
dendro,bigram,no_origin,12,unith,Nielsen,top_four,3S,45,70,76,0.9777777777777777,0.0,0.0,0.0,0.0,0.0,0.0,0.3333333432674408,0.007407407628165351,0.049690400980884626,2,0.0,0.9777777777777777,,,,,,,,,,,
dendro,bigram,no_origin,12,unith,Nielsen,top_four,3S,45,71,77,1.0,0.0,0.0,0.0,0.0,0.0,0.0,0.0,0.0,0.0,1,0.0,1.0,,,,,,,,,,,
dendro,bigram,no_origin,12,unith,Nielsen,top_four,3S,45,72,78,1.0,0.0,0.0,0.0,0.0,0.0,0.0,0.0,0.0,0.0,1,0.0,1.0,,,,,,,,,,,
dendro,bigram,no_origin,12,unith,Nielsen,top_four,3S,45,73,79,0.9777777777777777,0.0,0.0,0.0,0.0,0.0,0.0,0.25,0.005555555555555556,0.037267799624996496,2,0.0,0.9777777777777777,,,,,,,,,,,
dendro,bigram,no_origin,12,unith,Nielsen,top_four,3S,45,74,81,0.9777777777777777,0.0,0.0,0.0,0.0,0.0,0.0,0.3333333432674408,0.007407407628165351,0.049690400980884626,2,0.0,0.9777777777777777,,,,,,,,,,,
dendro,bigram,no_origin,12,unith,Nielsen,top_four,3S,45,75,82,1.0,0.0,0.0,0.0,0.0,0.0,0.0,0.0,0.0,0.0,1,0.0,1.0,,,,,,,,,,,
dendro,bigram,no_origin,12,unith,Nielsen,top_four,3S,45,76,83,1.0,0.0,0.0,0.0,0.0,0.0,0.0,0.0,0.0,0.0,1,0.0,1.0,,,,,,,,,,,
dendro,bigram,no_origin,12,unith,Nielsen,top_four,3S,45,77,84,1.0,0.0,0.0,0.0,0.0,0.0,0.0,0.0,0.0,0.0,1,0.0,1.0,,,,,,,,,,,
dendro,bigram,no_origin,12,unith,Nielsen,top_four,3S,45,78,85,0.9777777777777777,0.0,0.0,0.0,0.0,0.0,0.0,0.5,0.011111111111111112,0.07453559924999299,2,0.0,0.9777777777777777,,,,,,,,,,,
dendro,bigram,no_origin,12,unith,Nielsen,top_four,3S,45,79,86,0.9777777777777777,0.0,0.0,0.0,0.0,0.0,0.0,0.3333333432674408,0.007407407628165351,0.049690400980884626,2,0.0,0.9777777777777777,,,,,,,,,,,
dendro,bigram,no_origin,12,unith,Nielsen,top_four,3S,45,80,87,1.0,0.0,0.0,0.0,0.0,0.0,0.0,0.0,0.0,0.0,1,0.0,1.0,,,,,,,,,,,
dendro,bigram,no_origin,12,unith,Nielsen,top_four,3S,45,81,88,0.9777777777777777,0.0,0.0,0.0,0.0,0.0,0.0,0.3333333432674408,0.007407407628165351,0.049690400980884626,2,0.0,0.9777777777777777,,,,,,,,,,,
dendro,bigram,no_origin,12,unith,Nielsen,top_four,3S,45,82,89,1.0,0.0,0.0,0.0,0.0,0.0,0.0,0.0,0.0,0.0,1,0.0,1.0,,,,,,,,,,,
dendro,bigram,no_origin,12,unith,Nielsen,top_four,3S,45,83,90,1.0,0.0,0.0,0.0,0.0,0.0,0.0,0.0,0.0,0.0,1,0.0,1.0,,,,,,,,,,,
dendro,bigram,no_origin,12,unith,Nielsen,top_four,3S,45,84,91,1.0,0.0,0.0,0.0,0.0,0.0,0.0,0.0,0.0,0.0,1,0.0,1.0,,,,,,,,,,,
dendro,bigram,no_origin,12,unith,Nielsen,top_four,3S,45,85,93,1.0,0.0,0.0,0.0,0.0,0.0,0.0,0.0,0.0,0.0,1,0.0,1.0,,,,,,,,,,,
dendro,bigram,no_origin,12,unith,Nielsen,top_four,3S,45,86,94,1.0,0.0,0.0,0.0,0.0,0.0,0.0,0.0,0.0,0.0,1,0.0,1.0,,,,,,,,,,,
dendro,bigram,no_origin,12,unith,Nielsen,top_four,3S,45,87,95,1.0,0.0,0.0,0.0,0.0,0.0,0.0,0.0,0.0,0.0,1,0.0,1.0,,,,,,,,,,,
dendro,bigram,no_origin,12,unith,Nielsen,top_four,3S,45,88,108,1.0,0.0,0.0,0.0,0.0,0.0,0.0,0.0,0.0,0.0,1,0.0,1.0,,,,,,,,,,,
dendro,bigram,no_origin,12,unith,Nielsen,top_four,3S,45,89,109,1.0,0.0,0.0,0.0,0.0,0.0,0.0,0.0,0.0,0.0,1,0.0,1.0,,,,,,,,,,,
dendro,bigram,no_origin,12,unith,Nielsen,top_four,3S,45,90,110,0.9777777777777777,0.0,0.0,0.0,0.0,0.0,0.0,0.5,0.011111111111111112,0.07453559924999299,2,0.0,0.9777777777777777,,,,,,,,,,,
dendro,bigram,no_origin,12,unith,Nielsen,top_four,3S,45,91,111,1.0,0.0,0.0,0.0,0.0,0.0,0.0,0.0,0.0,0.0,1,0.0,1.0,,,,,,,,,,,
dendro,bigram,no_origin,12,unith,Nielsen,top_four,3S,45,92,112,1.0,0.0,0.0,0.0,0.0,0.0,0.0,0.0,0.0,0.0,1,0.0,1.0,,,,,,,,,,,
dendro,bigram,no_origin,12,unith,Nielsen,top_four,3S,45,93,113,1.0,0.0,0.0,0.0,0.0,0.0,0.0,0.0,0.0,0.0,1,0.0,1.0,,,,,,,,,,,
dendro,bigram,no_origin,12,unith,Nielsen,top_four,3S,45,94,114,1.0,0.0,0.0,0.0,0.0,0.0,0.0,0.0,0.0,0.0,1,0.0,1.0,,,,,,,,,,,
dendro,bigram,no_origin,12,unith,Nielsen,top_four,3S,45,95,115,1.0,0.0,0.0,0.0,0.0,0.0,0.0,0.0,0.0,0.0,1,0.0,1.0,,,,,,,,,,,
dendro,bigram,no_origin,12,unith,Nielsen,top_four,3S,45,96,117,1.0,0.0,0.0,0.0,0.0,0.0,0.0,0.0,0.0,0.0,1,0.0,1.0,,,,,,,,,,,
dendro,bigram,no_origin,12,unith,Nielsen,top_four,3S,45,97,118,1.0,0.0,0.0,0.0,0.0,0.0,0.0,0.0,0.0,0.0,1,0.0,1.0,,,,,,,,,,,
dendro,bigram,no_origin,12,unith,Nielsen,top_four,3S,45,98,119,1.0,0.0,0.0,0.0,0.0,0.0,0.0,0.0,0.0,0.0,1,0.0,1.0,,,,,,,,,,,
dendro,bigram,no_origin,12,unith,Nielsen,top_four,3S,45,99,120,1.0,0.0,0.0,0.0,0.0,0.0,0.0,0.0,0.0,0.0,1,0.0,1.0,,,,,,,,,,,
dendro,bigram,no_origin,12,unith,Nielsen,top_four,3S,45,100,121,1.0,0.0,0.0,0.0,0.0,0.0,0.0,0.0,0.0,0.0,1,0.0,1.0,,,,,,,,,,,
dendro,bigram,no_origin,12,unith,Nielsen,top_four,3S,45,101,122,1.0,0.0,0.0,0.0,0.0,0.0,0.0,0.0,0.0,0.0,1,0.0,1.0,,,,,,,,,,,
dendro,bigram,no_origin,12,unith,Nielsen,top_four,3S,45,102,123,1.0,0.0,0.0,0.0,0.0,0.0,0.0,0.0,0.0,0.0,1,0.0,1.0,,,,,,,,,,,
dendro,bigram,no_origin,12,unith,Nielsen,top_four,3S,45,103,124,1.0,0.0,0.0,0.0,0.0,0.0,0.0,0.0,0.0,0.0,1,0.0,1.0,,,,,,,,,,,
dendro,bigram,no_origin,12,unith,Nielsen,top_four,3S,45,104,125,1.0,0.0,0.0,0.0,0.0,0.0,0.0,0.0,0.0,0.0,1,0.0,1.0,,,,,,,,,,,
dendro,bigram,no_origin,12,unith,Nielsen,top_four,3S,45,105,126,1.0,0.0,0.0,0.0,0.0,0.0,0.0,0.0,0.0,0.0,1,0.0,1.0,,,,,,,,,,,
dendro,bigram,no_origin,12,unith,Nielsen,top_four,3S,45,106,127,1.0,0.0,0.0,0.0,0.0,0.0,0.0,0.0,0.0,0.0,1,0.0,1.0,,,,,,,,,,,
dendro,bigram,no_origin,12,unith,Nielsen,top_four,3S,45,107,129,1.0,0.0,0.0,0.0,0.0,0.0,0.0,0.0,0.0,0.0,1,0.0,1.0,,,,,,,,,,,
dendro,bigram,no_origin,12,unith,Nielsen,top_four,3S,45,108,130,1.0,0.0,0.0,0.0,0.0,0.0,0.0,0.0,0.0,0.0,1,0.0,1.0,,,,,,,,,,,
dendro,bigram,no_origin,12,unith,Nielsen,top_four,3S,45,109,131,1.0,0.0,0.0,0.0,0.0,0.0,0.0,0.0,0.0,0.0,1,0.0,1.0,,,,,,,,,,,
dendro,bigram,no_origin,12,unith,Nielsen,top_four,3S,45,110,132,0.9777777777777777,0.0,0.0,0.0,0.0,0.0,0.0,0.3333333432674408,0.007407407628165351,0.049690400980884626,2,0.0,0.9777777777777777,,,,,,,,,,,
dendro,bigram,no_origin,12,unith,Nielsen,top_four,3S,45,111,133,1.0,0.0,0.0,0.0,0.0,0.0,0.0,0.0,0.0,0.0,1,0.0,1.0,,,,,,,,,,,
dendro,bigram,no_origin,12,unith,Nielsen,top_four,3S,45,112,134,1.0,0.0,0.0,0.0,0.0,0.0,0.0,0.0,0.0,0.0,1,0.0,1.0,,,,,,,,,,,
dendro,bigram,no_origin,12,unith,Nielsen,top_four,3S,45,113,135,1.0,0.0,0.0,0.0,0.0,0.0,0.0,0.0,0.0,0.0,1,0.0,1.0,,,,,,,,,,,
dendro,bigram,no_origin,12,unith,Nielsen,top_four,3S,45,114,136,1.0,0.0,0.0,0.0,0.0,0.0,0.0,0.0,0.0,0.0,1,0.0,1.0,,,,,,,,,,,
dendro,bigram,no_origin,12,unith,Nielsen,top_four,3S,45,115,137,0.9777777777777777,0.0,0.0,0.0,0.0,0.0,0.0,0.25,0.005555555555555556,0.037267799624996496,2,0.0,0.9777777777777777,,,,,,,,,,,
dendro,bigram,no_origin,12,unith,Nielsen,top_four,3S,45,116,138,1.0,0.0,0.0,0.0,0.0,0.0,0.0,0.0,0.0,0.0,1,0.0,1.0,,,,,,,,,,,
dendro,bigram,no_origin,12,unith,Nielsen,top_four,3S,45,117,139,1.0,0.0,0.0,0.0,0.0,0.0,0.0,0.0,0.0,0.0,1,0.0,1.0,,,,,,,,,,,
dendro,bigram,no_origin,12,unith,Nielsen,top_four,3S,45,118,141,1.0,0.0,0.0,0.0,0.0,0.0,0.0,0.0,0.0,0.0,1,0.0,1.0,,,,,,,,,,,
dendro,bigram,no_origin,12,unith,Nielsen,top_four,3S,45,119,142,1.0,0.0,0.0,0.0,0.0,0.0,0.0,0.0,0.0,0.0,1,0.0,1.0,,,,,,,,,,,
dendro,bigram,no_origin,12,unith,Nielsen,top_four,3S,45,120,143,1.0,0.0,0.0,0.0,0.0,0.0,0.0,0.0,0.0,0.0,1,0.0,1.0,,,,,,,,,,,
dendro,bigram,no_origin,12,unith,Nielsen,top_four,3S,45,__vector__,__vector__,0.9911845730027549,,,,,,,,,,,,,1.0666666666666667,,,,,,,,,,
dendro,bigram,no_origin,12,unith,Nielsen,top_four,4H,132,0,0,1.0,0.0,0.0,0.0,0.0,0.0,0.0,0.0,0.0,0.0,1,0.0,1.0,,,,,,,,,,,
dendro,bigram,no_origin,12,unith,Nielsen,top_four,4H,132,1,1,1.0,0.0,0.0,0.0,0.0,0.0,0.0,0.0,0.0,0.0,1,0.0,1.0,,,,,,,,,,,
dendro,bigram,no_origin,12,unith,Nielsen,top_four,4H,132,2,2,1.0,0.0,0.0,0.0,0.0,0.0,0.0,0.0,0.0,0.0,1,0.0,1.0,,,,,,,,,,,
dendro,bigram,no_origin,12,unith,Nielsen,top_four,4H,132,3,3,0.9848484848484849,0.0,0.0,0.0,0.0,0.0,0.0,0.3333333432674408,0.0050505052010218305,0.04087359325029903,2,0.0,0.9848484848484849,,,,,,,,,,,
dendro,bigram,no_origin,12,unith,Nielsen,top_four,4H,132,4,4,0.9772727272727273,0.0,0.0,0.0,0.0,0.0,0.0,0.3333333432674408,0.0069444445949612245,0.04609619004068837,3,0.0,0.9772727272727273,,,,,,,,,,,
dendro,bigram,no_origin,12,unith,Nielsen,top_four,4H,132,5,5,1.0,0.0,0.0,0.0,0.0,0.0,0.0,0.0,0.0,0.0,1,0.0,1.0,,,,,,,,,,,
dendro,bigram,no_origin,12,unith,Nielsen,top_four,4H,132,6,6,1.0,0.0,0.0,0.0,0.0,0.0,0.0,0.0,0.0,0.0,1,0.0,1.0,,,,,,,,,,,
dendro,bigram,no_origin,12,unith,Nielsen,top_four,4H,132,7,7,1.0,0.0,0.0,0.0,0.0,0.0,0.0,0.0,0.0,0.0,1,0.0,1.0,,,,,,,,,,,
dendro,bigram,no_origin,12,unith,Nielsen,top_four,4H,132,8,9,0.9924242424242424,0.0,0.0,0.0,0.0,0.0,0.0,0.3333333432674408,0.0025252526005109153,0.02901294352393604,2,0.0,0.9924242424242424,,,,,,,,,,,
dendro,bigram,no_origin,12,unith,Nielsen,top_four,4H,132,9,10,1.0,0.0,0.0,0.0,0.0,0.0,0.0,0.0,0.0,0.0,1,0.0,1.0,,,,,,,,,,,
dendro,bigram,no_origin,12,unith,Nielsen,top_four,4H,132,10,11,1.0,0.0,0.0,0.0,0.0,0.0,0.0,0.0,0.0,0.0,1,0.0,1.0,,,,,,,,,,,
dendro,bigram,no_origin,12,unith,Nielsen,top_four,4H,132,11,12,0.9924242424242424,0.0,0.0,0.0,0.0,0.0,0.0,0.3333333432674408,0.0025252526005109153,0.02901294352393604,2,0.0,0.9924242424242424,,,,,,,,,,,
dendro,bigram,no_origin,12,unith,Nielsen,top_four,4H,132,12,13,1.0,0.0,0.0,0.0,0.0,0.0,0.0,0.0,0.0,0.0,1,0.0,1.0,,,,,,,,,,,
dendro,bigram,no_origin,12,unith,Nielsen,top_four,4H,132,13,14,0.9772727272727273,0.0,0.0,0.0,0.0,0.0,0.0,0.5,0.008838383988900618,0.05938043907140906,3,0.0,0.9772727272727273,,,,,,,,,,,
dendro,bigram,no_origin,12,unith,Nielsen,top_four,4H,132,14,15,0.9924242424242424,0.0,0.0,0.0,0.0,0.0,0.0,0.25,0.001893939393939394,0.021759706994462228,2,0.0,0.9924242424242424,,,,,,,,,,,
dendro,bigram,no_origin,12,unith,Nielsen,top_four,4H,132,15,16,0.9772727272727273,0.0,0.0,0.0,0.0,0.0,0.0,0.5,0.010101010176268492,0.06754377173162561,3,0.0,0.9772727272727273,,,,,,,,,,,
dendro,bigram,no_origin,12,unith,Nielsen,top_four,4H,132,16,17,0.803030303030303,0.0,0.0,0.0,0.0,0.0,0.3333333432674408,0.5,0.06818181931069403,0.14297894955433538,4,0.0,0.803030303030303,,,,,,,,,,,
dendro,bigram,no_origin,12,unith,Nielsen,top_four,4H,132,17,18,0.9848484848484849,0.0,0.0,0.0,0.0,0.0,0.0,0.5,0.007575757575757576,0.06131038804825659,2,0.0,0.9848484848484849,,,,,,,,,,,
dendro,bigram,no_origin,12,unith,Nielsen,top_four,4H,132,18,19,0.9772727272727273,0.0,0.0,0.0,0.0,0.0,0.0,0.5,0.010101010176268492,0.06754377173162561,3,0.0,0.9772727272727273,,,,,,,,,,,
dendro,bigram,no_origin,12,unith,Nielsen,top_four,4H,132,19,21,0.9924242424242424,0.0,0.0,0.0,0.0,0.0,0.0,0.3333333432674408,0.0025252526005109153,0.02901294352393604,2,0.0,0.9924242424242424,,,,,,,,,,,
dendro,bigram,no_origin,12,unith,Nielsen,top_four,4H,132,20,22,0.9924242424242424,0.0,0.0,0.0,0.0,0.0,0.0,0.5,0.003787878787878788,0.043519413988924456,2,0.0,0.9924242424242424,,,,,,,,,,,
dendro,bigram,no_origin,12,unith,Nielsen,top_four,4H,132,21,23,1.0,0.0,0.0,0.0,0.0,0.0,0.0,0.0,0.0,0.0,1,0.0,1.0,,,,,,,,,,,
dendro,bigram,no_origin,12,unith,Nielsen,top_four,4H,132,22,24,1.0,0.0,0.0,0.0,0.0,0.0,0.0,0.0,0.0,0.0,1,0.0,1.0,,,,,,,,,,,
dendro,bigram,no_origin,12,unith,Nielsen,top_four,4H,132,23,25,1.0,0.0,0.0,0.0,0.0,0.0,0.0,0.0,0.0,0.0,1,0.0,1.0,,,,,,,,,,,
dendro,bigram,no_origin,12,unith,Nielsen,top_four,4H,132,24,26,1.0,0.0,0.0,0.0,0.0,0.0,0.0,0.0,0.0,0.0,1,0.0,1.0,,,,,,,,,,,
dendro,bigram,no_origin,12,unith,Nielsen,top_four,4H,132,25,27,0.9924242424242424,0.0,0.0,0.0,0.0,0.0,0.0,0.3333333432674408,0.0025252526005109153,0.02901294352393604,2,0.0,0.9924242424242424,,,,,,,,,,,
dendro,bigram,no_origin,12,unith,Nielsen,top_four,4H,132,26,28,1.0,0.0,0.0,0.0,0.0,0.0,0.0,0.0,0.0,0.0,1,0.0,1.0,,,,,,,,,,,
dendro,bigram,no_origin,12,unith,Nielsen,top_four,4H,132,27,29,1.0,0.0,0.0,0.0,0.0,0.0,0.0,0.0,0.0,0.0,1,0.0,1.0,,,,,,,,,,,
dendro,bigram,no_origin,12,unith,Nielsen,top_four,4H,132,28,30,0.9621212121212122,0.0,0.0,0.0,0.0,0.0,0.0,0.5,0.015151515377290321,0.07829433222130633,3,0.0,0.9621212121212122,,,,,,,,,,,
dendro,bigram,no_origin,12,unith,Nielsen,top_four,4H,132,29,31,0.9848484848484849,0.0,0.0,0.0,0.0,0.0,0.0,0.5,0.007575757575757576,0.061310388048256594,2,0.0,0.9848484848484849,,,,,,,,,,,
dendro,bigram,no_origin,12,unith,Nielsen,top_four,4H,132,30,33,0.9924242424242424,0.0,0.0,0.0,0.0,0.0,0.0,0.3333333432674408,0.0025252526005109153,0.029012943523936036,2,0.0,0.9924242424242424,,,,,,,,,,,
dendro,bigram,no_origin,12,unith,Nielsen,top_four,4H,132,31,34,1.0,0.0,0.0,0.0,0.0,0.0,0.0,0.0,0.0,0.0,1,0.0,1.0,,,,,,,,,,,
dendro,bigram,no_origin,12,unith,Nielsen,top_four,4H,132,32,35,1.0,0.0,0.0,0.0,0.0,0.0,0.0,0.0,0.0,0.0,1,0.0,1.0,,,,,,,,,,,
dendro,bigram,no_origin,12,unith,Nielsen,top_four,4H,132,33,36,1.0,0.0,0.0,0.0,0.0,0.0,0.0,0.0,0.0,0.0,1,0.0,1.0,,,,,,,,,,,
dendro,bigram,no_origin,12,unith,Nielsen,top_four,4H,132,34,37,0.9772727272727273,0.0,0.0,0.0,0.0,0.0,0.0,0.5,0.008838383988900618,0.05938043907140906,3,0.0,0.9772727272727273,,,,,,,,,,,
dendro,bigram,no_origin,12,unith,Nielsen,top_four,4H,132,35,38,0.9621212121212122,0.0,0.0,0.0,0.0,0.0,0.0,0.5,0.0145202021707188,0.07601184357723577,4,0.0,0.9621212121212122,,,,,,,,,,,
dendro,bigram,no_origin,12,unith,Nielsen,top_four,4H,132,36,39,1.0,0.0,0.0,0.0,0.0,0.0,0.0,0.0,0.0,0.0,1,0.0,1.0,,,,,,,,,,,
dendro,bigram,no_origin,12,unith,Nielsen,top_four,4H,132,37,40,0.9924242424242424,0.0,0.0,0.0,0.0,0.0,0.0,0.25,0.001893939393939394,0.021759706994462228,2,0.0,0.9924242424242424,,,,,,,,,,,
dendro,bigram,no_origin,12,unith,Nielsen,top_four,4H,132,38,41,1.0,0.0,0.0,0.0,0.0,0.0,0.0,0.0,0.0,0.0,1,0.0,1.0,,,,,,,,,,,
dendro,bigram,no_origin,12,unith,Nielsen,top_four,4H,132,39,42,0.9924242424242424,0.0,0.0,0.0,0.0,0.0,0.0,0.25,0.001893939393939394,0.02175970699446223,2,0.0,0.9924242424242424,,,,,,,,,,,
dendro,bigram,no_origin,12,unith,Nielsen,top_four,4H,132,40,43,0.9924242424242424,0.0,0.0,0.0,0.0,0.0,0.0,0.25,0.001893939393939394,0.021759706994462228,2,0.0,0.9924242424242424,,,,,,,,,,,
dendro,bigram,no_origin,12,unith,Nielsen,top_four,4H,132,41,45,1.0,0.0,0.0,0.0,0.0,0.0,0.0,0.0,0.0,0.0,1,0.0,1.0,,,,,,,,,,,
dendro,bigram,no_origin,12,unith,Nielsen,top_four,4H,132,42,46,1.0,0.0,0.0,0.0,0.0,0.0,0.0,0.0,0.0,0.0,1,0.0,1.0,,,,,,,,,,,
dendro,bigram,no_origin,12,unith,Nielsen,top_four,4H,132,43,47,1.0,0.0,0.0,0.0,0.0,0.0,0.0,0.0,0.0,0.0,1,0.0,1.0,,,,,,,,,,,
dendro,bigram,no_origin,12,unith,Nielsen,top_four,4H,132,44,48,0.9924242424242424,0.0,0.0,0.0,0.0,0.0,0.0,0.5,0.003787878787878788,0.043519413988924456,2,0.0,0.9924242424242424,,,,,,,,,,,
dendro,bigram,no_origin,12,unith,Nielsen,top_four,4H,132,45,49,0.9696969696969697,0.0,0.0,0.0,0.0,0.0,0.0,0.3333333432674408,0.008838383988900618,0.050713292843502886,3,0.0,0.9696969696969697,,,,,,,,,,,
dendro,bigram,no_origin,12,unith,Nielsen,top_four,4H,132,46,50,0.9924242424242424,0.0,0.0,0.0,0.0,0.0,0.0,0.3333333432674408,0.0025252526005109153,0.029012943523936043,2,0.0,0.9924242424242424,,,,,,,,,,,
dendro,bigram,no_origin,12,unith,Nielsen,top_four,4H,132,47,51,0.9772727272727273,0.0,0.0,0.0,0.0,0.0,0.0,0.5,0.007575757575757576,0.05296003407613482,3,0.0,0.9772727272727273,,,,,,,,,,,
dendro,bigram,no_origin,12,unith,Nielsen,top_four,4H,132,48,52,1.0,0.0,0.0,0.0,0.0,0.0,0.0,0.0,0.0,0.0,1,0.0,1.0,,,,,,,,,,,
dendro,bigram,no_origin,12,unith,Nielsen,top_four,4H,132,49,53,1.0,0.0,0.0,0.0,0.0,0.0,0.0,0.0,0.0,0.0,1,0.0,1.0,,,,,,,,,,,
dendro,bigram,no_origin,12,unith,Nielsen,top_four,4H,132,50,54,0.9924242424242424,0.0,0.0,0.0,0.0,0.0,0.0,0.25,0.001893939393939394,0.021759706994462228,2,0.0,0.9924242424242424,,,,,,,,,,,
dendro,bigram,no_origin,12,unith,Nielsen,top_four,4H,132,51,55,0.9924242424242424,0.0,0.0,0.0,0.0,0.0,0.0,0.20000000298023224,0.001515151537729032,0.0174077658549657,2,0.0,0.9924242424242424,,,,,,,,,,,
dendro,bigram,no_origin,12,unith,Nielsen,top_four,4H,132,52,57,1.0,0.0,0.0,0.0,0.0,0.0,0.0,0.0,0.0,0.0,1,0.0,1.0,,,,,,,,,,,
dendro,bigram,no_origin,12,unith,Nielsen,top_four,4H,132,53,58,1.0,0.0,0.0,0.0,0.0,0.0,0.0,0.0,0.0,0.0,1,0.0,1.0,,,,,,,,,,,
dendro,bigram,no_origin,12,unith,Nielsen,top_four,4H,132,54,59,1.0,0.0,0.0,0.0,0.0,0.0,0.0,0.0,0.0,0.0,1,0.0,1.0,,,,,,,,,,,
dendro,bigram,no_origin,12,unith,Nielsen,top_four,4H,132,55,60,0.9924242424242424,0.0,0.0,0.0,0.0,0.0,0.0,0.5,0.003787878787878788,0.043519413988924456,2,0.0,0.9924242424242424,,,,,,,,,,,
dendro,bigram,no_origin,12,unith,Nielsen,top_four,4H,132,56,61,0.9696969696969697,0.0,0.0,0.0,0.0,0.0,0.0,0.3333333432674408,0.008207070782329098,0.04702769399329176,3,0.0,0.9696969696969697,,,,,,,,,,,
dendro,bigram,no_origin,12,unith,Nielsen,top_four,4H,132,57,62,0.9621212121212122,0.0,0.0,0.0,0.0,0.0,0.0,0.5,0.013888889189922449,0.07146138159919661,3,0.0,0.9621212121212122,,,,,,,,,,,
dendro,bigram,no_origin,12,unith,Nielsen,top_four,4H,132,58,63,1.0,0.0,0.0,0.0,0.0,0.0,0.0,0.0,0.0,0.0,1,0.0,1.0,,,,,,,,,,,
dendro,bigram,no_origin,12,unith,Nielsen,top_four,4H,132,59,64,0.9545454545454546,0.0,0.0,0.0,0.0,0.0,0.0,0.3333333432674408,0.013510101333712086,0.0631762020070864,4,0.0,0.9545454545454546,,,,,,,,,,,
dendro,bigram,no_origin,12,unith,Nielsen,top_four,4H,132,60,65,1.0,0.0,0.0,0.0,0.0,0.0,0.0,0.0,0.0,0.0,1,0.0,1.0,,,,,,,,,,,
dendro,bigram,no_origin,12,unith,Nielsen,top_four,4H,132,61,66,0.9621212121212122,0.0,0.0,0.0,0.0,0.0,0.0,0.3333333432674408,0.012626263002554575,0.06387677882503442,2,0.0,0.9621212121212122,,,,,,,,,,,
dendro,bigram,no_origin,12,unith,Nielsen,top_four,4H,132,62,67,0.9090909090909091,0.0,0.0,0.0,0.0,0.0,0.3333333432674408,0.5,0.030934343961152164,0.10109939875480718,4,0.0,0.9090909090909091,,,,,,,,,,,
dendro,bigram,no_origin,12,unith,Nielsen,top_four,4H,132,63,69,1.0,0.0,0.0,0.0,0.0,0.0,0.0,0.0,0.0,0.0,1,0.0,1.0,,,,,,,,,,,
dendro,bigram,no_origin,12,unith,Nielsen,top_four,4H,132,64,70,0.9772727272727273,0.0,0.0,0.0,0.0,0.0,0.0,0.5,0.008207070782329098,0.05626546432412278,4,0.0,0.9772727272727273,,,,,,,,,,,
dendro,bigram,no_origin,12,unith,Nielsen,top_four,4H,132,65,71,0.9924242424242424,0.0,0.0,0.0,0.0,0.0,0.0,0.25,0.001893939393939394,0.021759706994462225,2,0.0,0.9924242424242424,,,,,,,,,,,
dendro,bigram,no_origin,12,unith,Nielsen,top_four,4H,132,66,72,1.0,0.0,0.0,0.0,0.0,0.0,0.0,0.0,0.0,0.0,1,0.0,1.0,,,,,,,,,,,
dendro,bigram,no_origin,12,unith,Nielsen,top_four,4H,132,67,73,1.0,0.0,0.0,0.0,0.0,0.0,0.0,0.0,0.0,0.0,1,0.0,1.0,,,,,,,,,,,
dendro,bigram,no_origin,12,unith,Nielsen,top_four,4H,132,68,74,0.9848484848484849,0.0,0.0,0.0,0.0,0.0,0.0,0.5,0.006313131388389703,0.05211922436542985,3,0.0,0.9848484848484849,,,,,,,,,,,
dendro,bigram,no_origin,12,unith,Nielsen,top_four,4H,132,69,75,0.9696969696969697,0.0,0.0,0.0,0.0,0.0,0.0,0.5,0.012626262776779406,0.0731608321315769,3,0.0,0.9696969696969697,,,,,,,,,,,
dendro,bigram,no_origin,12,unith,Nielsen,top_four,4H,132,70,76,1.0,0.0,0.0,0.0,0.0,0.0,0.0,0.0,0.0,0.0,1,0.0,1.0,,,,,,,,,,,
dendro,bigram,no_origin,12,unith,Nielsen,top_four,4H,132,71,77,1.0,0.0,0.0,0.0,0.0,0.0,0.0,0.0,0.0,0.0,1,0.0,1.0,,,,,,,,,,,
dendro,bigram,no_origin,12,unith,Nielsen,top_four,4H,132,72,78,1.0,0.0,0.0,0.0,0.0,0.0,0.0,0.0,0.0,0.0,1,0.0,1.0,,,,,,,,,,,
dendro,bigram,no_origin,12,unith,Nielsen,top_four,4H,132,73,79,0.9924242424242424,0.0,0.0,0.0,0.0,0.0,0.0,0.25,0.001893939393939394,0.02175970699446223,2,0.0,0.9924242424242424,,,,,,,,,,,
dendro,bigram,no_origin,12,unith,Nielsen,top_four,4H,132,74,81,1.0,0.0,0.0,0.0,0.0,0.0,0.0,0.0,0.0,0.0,1,0.0,1.0,,,,,,,,,,,
dendro,bigram,no_origin,12,unith,Nielsen,top_four,4H,132,75,82,1.0,0.0,0.0,0.0,0.0,0.0,0.0,0.0,0.0,0.0,1,0.0,1.0,,,,,,,,,,,
dendro,bigram,no_origin,12,unith,Nielsen,top_four,4H,132,76,83,1.0,0.0,0.0,0.0,0.0,0.0,0.0,0.0,0.0,0.0,1,0.0,1.0,,,,,,,,,,,
dendro,bigram,no_origin,12,unith,Nielsen,top_four,4H,132,77,84,1.0,0.0,0.0,0.0,0.0,0.0,0.0,0.0,0.0,0.0,1,0.0,1.0,,,,,,,,,,,
dendro,bigram,no_origin,12,unith,Nielsen,top_four,4H,132,78,85,0.9848484848484849,0.0,0.0,0.0,0.0,0.0,0.0,0.3333333432674408,0.004419191994450309,0.03613305096035638,3,0.0,0.9848484848484849,,,,,,,,,,,
dendro,bigram,no_origin,12,unith,Nielsen,top_four,4H,132,79,86,0.9772727272727273,0.0,0.0,0.0,0.0,0.0,0.0,0.5,0.007575757575757576,0.05296003407613483,3,0.0,0.9772727272727273,,,,,,,,,,,
dendro,bigram,no_origin,12,unith,Nielsen,top_four,4H,132,80,87,0.9924242424242424,0.0,0.0,0.0,0.0,0.0,0.0,0.5,0.003787878787878788,0.043519413988924456,2,0.0,0.9924242424242424,,,,,,,,,,,
dendro,bigram,no_origin,12,unith,Nielsen,top_four,4H,132,81,88,1.0,0.0,0.0,0.0,0.0,0.0,0.0,0.0,0.0,0.0,1,0.0,1.0,,,,,,,,,,,
dendro,bigram,no_origin,12,unith,Nielsen,top_four,4H,132,82,89,0.9924242424242424,0.0,0.0,0.0,0.0,0.0,0.0,0.3333333432674408,0.0025252526005109153,0.029012943523936043,2,0.0,0.9924242424242424,,,,,,,,,,,
dendro,bigram,no_origin,12,unith,Nielsen,top_four,4H,132,83,90,0.9924242424242424,0.0,0.0,0.0,0.0,0.0,0.0,0.25,0.001893939393939394,0.021759706994462228,2,0.0,0.9924242424242424,,,,,,,,,,,
dendro,bigram,no_origin,12,unith,Nielsen,top_four,4H,132,84,91,1.0,0.0,0.0,0.0,0.0,0.0,0.0,0.0,0.0,0.0,1,0.0,1.0,,,,,,,,,,,
dendro,bigram,no_origin,12,unith,Nielsen,top_four,4H,132,85,93,1.0,0.0,0.0,0.0,0.0,0.0,0.0,0.0,0.0,0.0,1,0.0,1.0,,,,,,,,,,,
dendro,bigram,no_origin,12,unith,Nielsen,top_four,4H,132,86,94,1.0,0.0,0.0,0.0,0.0,0.0,0.0,0.0,0.0,0.0,1,0.0,1.0,,,,,,,,,,,
dendro,bigram,no_origin,12,unith,Nielsen,top_four,4H,132,87,95,1.0,0.0,0.0,0.0,0.0,0.0,0.0,0.0,0.0,0.0,1,0.0,1.0,,,,,,,,,,,
dendro,bigram,no_origin,12,unith,Nielsen,top_four,4H,132,88,108,1.0,0.0,0.0,0.0,0.0,0.0,0.0,0.0,0.0,0.0,1,0.0,1.0,,,,,,,,,,,
dendro,bigram,no_origin,12,unith,Nielsen,top_four,4H,132,89,109,1.0,0.0,0.0,0.0,0.0,0.0,0.0,0.0,0.0,0.0,1,0.0,1.0,,,,,,,,,,,
dendro,bigram,no_origin,12,unith,Nielsen,top_four,4H,132,90,110,1.0,0.0,0.0,0.0,0.0,0.0,0.0,0.0,0.0,0.0,1,0.0,1.0,,,,,,,,,,,
dendro,bigram,no_origin,12,unith,Nielsen,top_four,4H,132,91,111,0.9848484848484849,0.0,0.0,0.0,0.0,0.0,0.0,0.5,0.005681818181818182,0.04850738799192089,3,0.0,0.9848484848484849,,,,,,,,,,,
dendro,bigram,no_origin,12,unith,Nielsen,top_four,4H,132,92,112,1.0,0.0,0.0,0.0,0.0,0.0,0.0,0.0,0.0,0.0,1,0.0,1.0,,,,,,,,,,,
dendro,bigram,no_origin,12,unith,Nielsen,top_four,4H,132,93,113,1.0,0.0,0.0,0.0,0.0,0.0,0.0,0.0,0.0,0.0,1,0.0,1.0,,,,,,,,,,,
dendro,bigram,no_origin,12,unith,Nielsen,top_four,4H,132,94,114,0.9924242424242424,0.0,0.0,0.0,0.0,0.0,0.0,0.3333333432674408,0.0025252526005109153,0.02901294352393604,2,0.0,0.9924242424242424,,,,,,,,,,,
dendro,bigram,no_origin,12,unith,Nielsen,top_four,4H,132,95,115,1.0,0.0,0.0,0.0,0.0,0.0,0.0,0.0,0.0,0.0,1,0.0,1.0,,,,,,,,,,,
dendro,bigram,no_origin,12,unith,Nielsen,top_four,4H,132,96,117,1.0,0.0,0.0,0.0,0.0,0.0,0.0,0.0,0.0,0.0,1,0.0,1.0,,,,,,,,,,,
dendro,bigram,no_origin,12,unith,Nielsen,top_four,4H,132,97,118,1.0,0.0,0.0,0.0,0.0,0.0,0.0,0.0,0.0,0.0,1,0.0,1.0,,,,,,,,,,,
dendro,bigram,no_origin,12,unith,Nielsen,top_four,4H,132,98,119,1.0,0.0,0.0,0.0,0.0,0.0,0.0,0.0,0.0,0.0,1,0.0,1.0,,,,,,,,,,,
dendro,bigram,no_origin,12,unith,Nielsen,top_four,4H,132,99,120,1.0,0.0,0.0,0.0,0.0,0.0,0.0,0.0,0.0,0.0,1,0.0,1.0,,,,,,,,,,,
dendro,bigram,no_origin,12,unith,Nielsen,top_four,4H,132,100,121,0.9924242424242424,0.0,0.0,0.0,0.0,0.0,0.0,0.25,0.001893939393939394,0.021759706994462228,2,0.0,0.9924242424242424,,,,,,,,,,,
dendro,bigram,no_origin,12,unith,Nielsen,top_four,4H,132,101,122,1.0,0.0,0.0,0.0,0.0,0.0,0.0,0.0,0.0,0.0,1,0.0,1.0,,,,,,,,,,,
dendro,bigram,no_origin,12,unith,Nielsen,top_four,4H,132,102,123,1.0,0.0,0.0,0.0,0.0,0.0,0.0,0.0,0.0,0.0,1,0.0,1.0,,,,,,,,,,,
dendro,bigram,no_origin,12,unith,Nielsen,top_four,4H,132,103,124,1.0,0.0,0.0,0.0,0.0,0.0,0.0,0.0,0.0,0.0,1,0.0,1.0,,,,,,,,,,,
dendro,bigram,no_origin,12,unith,Nielsen,top_four,4H,132,104,125,1.0,0.0,0.0,0.0,0.0,0.0,0.0,0.0,0.0,0.0,1,0.0,1.0,,,,,,,,,,,
dendro,bigram,no_origin,12,unith,Nielsen,top_four,4H,132,105,126,1.0,0.0,0.0,0.0,0.0,0.0,0.0,0.0,0.0,0.0,1,0.0,1.0,,,,,,,,,,,
dendro,bigram,no_origin,12,unith,Nielsen,top_four,4H,132,106,127,0.9924242424242424,0.0,0.0,0.0,0.0,0.0,0.0,0.25,0.001893939393939394,0.021759706994462228,2,0.0,0.9924242424242424,,,,,,,,,,,
dendro,bigram,no_origin,12,unith,Nielsen,top_four,4H,132,107,129,1.0,0.0,0.0,0.0,0.0,0.0,0.0,0.0,0.0,0.0,1,0.0,1.0,,,,,,,,,,,
dendro,bigram,no_origin,12,unith,Nielsen,top_four,4H,132,108,130,1.0,0.0,0.0,0.0,0.0,0.0,0.0,0.0,0.0,0.0,1,0.0,1.0,,,,,,,,,,,
dendro,bigram,no_origin,12,unith,Nielsen,top_four,4H,132,109,131,1.0,0.0,0.0,0.0,0.0,0.0,0.0,0.0,0.0,0.0,1,0.0,1.0,,,,,,,,,,,
dendro,bigram,no_origin,12,unith,Nielsen,top_four,4H,132,110,132,1.0,0.0,0.0,0.0,0.0,0.0,0.0,0.0,0.0,0.0,1,0.0,1.0,,,,,,,,,,,
dendro,bigram,no_origin,12,unith,Nielsen,top_four,4H,132,111,133,1.0,0.0,0.0,0.0,0.0,0.0,0.0,0.0,0.0,0.0,1,0.0,1.0,,,,,,,,,,,
dendro,bigram,no_origin,12,unith,Nielsen,top_four,4H,132,112,134,1.0,0.0,0.0,0.0,0.0,0.0,0.0,0.0,0.0,0.0,1,0.0,1.0,,,,,,,,,,,
dendro,bigram,no_origin,12,unith,Nielsen,top_four,4H,132,113,135,1.0,0.0,0.0,0.0,0.0,0.0,0.0,0.0,0.0,0.0,1,0.0,1.0,,,,,,,,,,,
dendro,bigram,no_origin,12,unith,Nielsen,top_four,4H,132,114,136,0.9924242424242424,0.0,0.0,0.0,0.0,0.0,0.0,0.25,0.001893939393939394,0.021759706994462225,2,0.0,0.9924242424242424,,,,,,,,,,,
dendro,bigram,no_origin,12,unith,Nielsen,top_four,4H,132,115,137,0.9924242424242424,0.0,0.0,0.0,0.0,0.0,0.0,0.5,0.003787878787878788,0.043519413988924456,2,0.0,0.9924242424242424,,,,,,,,,,,
dendro,bigram,no_origin,12,unith,Nielsen,top_four,4H,132,116,138,1.0,0.0,0.0,0.0,0.0,0.0,0.0,0.0,0.0,0.0,1,0.0,1.0,,,,,,,,,,,
dendro,bigram,no_origin,12,unith,Nielsen,top_four,4H,132,117,139,1.0,0.0,0.0,0.0,0.0,0.0,0.0,0.0,0.0,0.0,1,0.0,1.0,,,,,,,,,,,
dendro,bigram,no_origin,12,unith,Nielsen,top_four,4H,132,118,141,0.9924242424242424,0.0,0.0,0.0,0.0,0.0,0.0,0.5,0.003787878787878788,0.043519413988924456,2,0.0,0.9924242424242424,,,,,,,,,,,
dendro,bigram,no_origin,12,unith,Nielsen,top_four,4H,132,119,142,1.0,0.0,0.0,0.0,0.0,0.0,0.0,0.0,0.0,0.0,1,0.0,1.0,,,,,,,,,,,
dendro,bigram,no_origin,12,unith,Nielsen,top_four,4H,132,120,143,1.0,0.0,0.0,0.0,0.0,0.0,0.0,0.0,0.0,0.0,1,0.0,1.0,,,,,,,,,,,
dendro,bigram,no_origin,12,unith,Nielsen,top_four,4H,132,__vector__,__vector__,0.9913598797896318,,,,,,,,,,,,,1.0454545454545454,,,,,,,,,,
dendro,bigram,no_origin,12,unith,Nielsen,top_four,4S,168,0,0,1.0,0.0,0.0,0.0,0.0,0.0,0.0,0.0,0.0,0.0,1,0.0,1.0,,,,,,,,,,,
dendro,bigram,no_origin,12,unith,Nielsen,top_four,4S,168,1,1,1.0,0.0,0.0,0.0,0.0,0.0,0.0,0.0,0.0,0.0,1,0.0,1.0,,,,,,,,,,,
dendro,bigram,no_origin,12,unith,Nielsen,top_four,4S,168,2,2,0.9940476190476191,0.0,0.0,0.0,0.0,0.0,0.0,0.3333333432674408,0.001984127043258576,0.02571722576011502,2,0.0,0.9940476190476191,,,,,,,,,,,
dendro,bigram,no_origin,12,unith,Nielsen,top_four,4S,168,3,3,0.9880952380952381,0.0,0.0,0.0,0.0,0.0,0.0,0.3333333432674408,0.0034722222813538144,0.03205400146925523,3,0.0,0.9880952380952381,,,,,,,,,,,
dendro,bigram,no_origin,12,unith,Nielsen,top_four,4S,168,4,4,0.9226190476190477,0.0,0.0,0.0,0.0,0.0,0.25,0.5,0.02420634962618351,0.08826353202784022,6,0.0,0.9226190476190477,,,,,,,,,,,
dendro,bigram,no_origin,12,unith,Nielsen,top_four,4S,168,5,5,1.0,0.0,0.0,0.0,0.0,0.0,0.0,0.0,0.0,0.0,1,0.0,1.0,,,,,,,,,,,
dendro,bigram,no_origin,12,unith,Nielsen,top_four,4S,168,6,6,0.9821428571428571,0.0,0.0,0.0,0.0,0.0,0.0,0.3333333432674408,0.00545634932461239,0.040926440643950616,3,0.0,0.9821428571428571,,,,,,,,,,,
dendro,bigram,no_origin,12,unith,Nielsen,top_four,4S,168,7,7,0.9940476190476191,0.0,0.0,0.0,0.0,0.0,0.0,0.3333333432674408,0.001984127043258576,0.02571722576011502,2,0.0,0.9940476190476191,,,,,,,,,,,
dendro,bigram,no_origin,12,unith,Nielsen,top_four,4S,168,8,9,0.9940476190476191,0.0,0.0,0.0,0.0,0.0,0.0,0.25,0.001488095238095238,0.01928791874526149,2,0.0,0.9940476190476191,,,,,,,,,,,
dendro,bigram,no_origin,12,unith,Nielsen,top_four,4S,168,9,10,1.0,0.0,0.0,0.0,0.0,0.0,0.0,0.0,0.0,0.0,1,0.0,1.0,,,,,,,,,,,
dendro,bigram,no_origin,12,unith,Nielsen,top_four,4S,168,10,11,1.0,0.0,0.0,0.0,0.0,0.0,0.0,0.0,0.0,0.0,1,0.0,1.0,,,,,,,,,,,
dendro,bigram,no_origin,12,unith,Nielsen,top_four,4S,168,11,12,0.9583333333333334,0.0,0.0,0.0,0.0,0.0,0.0,0.5,0.014384920930578596,0.07063832266537125,4,0.0,0.9583333333333334,,,,,,,,,,,
dendro,bigram,no_origin,12,unith,Nielsen,top_four,4S,168,12,13,1.0,0.0,0.0,0.0,0.0,0.0,0.0,0.0,0.0,0.0,1,0.0,1.0,,,,,,,,,,,
dendro,bigram,no_origin,12,unith,Nielsen,top_four,4S,168,13,14,0.9821428571428571,0.0,0.0,0.0,0.0,0.0,0.0,0.3333333432674408,0.005952381129775729,0.04427601044768985,2,0.0,0.9821428571428571,,,,,,,,,,,
dendro,bigram,no_origin,12,unith,Nielsen,top_four,4S,168,14,15,0.9880952380952381,0.0,0.0,0.0,0.0,0.0,0.0,0.5,0.004464285714285714,0.04302567021779363,3,0.0,0.9880952380952381,,,,,,,,,,,
dendro,bigram,no_origin,12,unith,Nielsen,top_four,4S,168,15,16,0.9583333333333334,0.0,0.0,0.0,0.0,0.0,0.0,0.5,0.013888889125415258,0.06864981267988457,4,0.0,0.9583333333333334,,,,,,,,,,,
dendro,bigram,no_origin,12,unith,Nielsen,top_four,4S,168,16,17,0.8988095238095238,0.0,0.0,0.0,0.0,0.0,0.3333333432674408,0.5,0.037400794082454274,0.11659531749888917,5,0.0,0.8988095238095238,,,,,,,,,,,
dendro,bigram,no_origin,12,unith,Nielsen,top_four,4S,168,17,18,0.9940476190476191,0.0,0.0,0.0,0.0,0.0,0.0,0.5,0.002976190476190476,0.03857583749052298,2,0.0,0.9940476190476191,,,,,,,,,,,
dendro,bigram,no_origin,12,unith,Nielsen,top_four,4S,168,18,19,0.9583333333333334,0.0,0.0,0.0,0.0,0.0,0.0,0.5,0.016865079601605732,0.08286270579904728,3,0.0,0.9583333333333334,,,,,,,,,,,
dendro,bigram,no_origin,12,unith,Nielsen,top_four,4S,168,19,21,0.9880952380952381,0.0,0.0,0.0,0.0,0.0,0.0,0.5,0.005952380952380952,0.054390890563889904,2,0.0,0.9880952380952381,,,,,,,,,,,
dendro,bigram,no_origin,12,unith,Nielsen,top_four,4S,168,20,22,1.0,0.0,0.0,0.0,0.0,0.0,0.0,0.0,0.0,0.0,1,0.0,1.0,,,,,,,,,,,
dendro,bigram,no_origin,12,unith,Nielsen,top_four,4S,168,21,23,0.9880952380952381,0.0,0.0,0.0,0.0,0.0,0.0,0.3333333432674408,0.0034722222813538144,0.03205400146925523,3,0.0,0.9880952380952381,,,,,,,,,,,
dendro,bigram,no_origin,12,unith,Nielsen,top_four,4S,168,22,24,1.0,0.0,0.0,0.0,0.0,0.0,0.0,0.0,0.0,0.0,1,0.0,1.0,,,,,,,,,,,
dendro,bigram,no_origin,12,unith,Nielsen,top_four,4S,168,23,25,0.9940476190476191,0.0,0.0,0.0,0.0,0.0,0.0,0.3333333432674408,0.001984127043258576,0.02571722576011502,2,0.0,0.9940476190476191,,,,,,,,,,,
dendro,bigram,no_origin,12,unith,Nielsen,top_four,4S,168,24,26,1.0,0.0,0.0,0.0,0.0,0.0,0.0,0.0,0.0,0.0,1,0.0,1.0,,,,,,,,,,,
dendro,bigram,no_origin,12,unith,Nielsen,top_four,4S,168,25,27,1.0,0.0,0.0,0.0,0.0,0.0,0.0,0.0,0.0,0.0,1,0.0,1.0,,,,,,,,,,,
dendro,bigram,no_origin,12,unith,Nielsen,top_four,4S,168,26,28,1.0,0.0,0.0,0.0,0.0,0.0,0.0,0.0,0.0,0.0,1,0.0,1.0,,,,,,,,,,,
dendro,bigram,no_origin,12,unith,Nielsen,top_four,4S,168,27,29,1.0,0.0,0.0,0.0,0.0,0.0,0.0,0.0,0.0,0.0,1,0.0,1.0,,,,,,,,,,,
dendro,bigram,no_origin,12,unith,Nielsen,top_four,4S,168,28,30,0.9761904761904762,0.0,0.0,0.0,0.0,0.0,0.0,0.5,0.010912698471830004,0.0709686826334902,3,0.0,0.9761904761904762,,,,,,,,,,,
dendro,bigram,no_origin,12,unith,Nielsen,top_four,4S,168,29,31,0.9821428571428571,0.0,0.0,0.0,0.0,0.0,0.0,0.5,0.006944444562707629,0.05271777662321513,3,0.0,0.9821428571428571,,,,,,,,,,,
dendro,bigram,no_origin,12,unith,Nielsen,top_four,4S,168,30,33,0.9940476190476191,0.0,0.0,0.0,0.0,0.0,0.0,0.3333333432674408,0.001984127043258576,0.02571722576011502,2,0.0,0.9940476190476191,,,,,,,,,,,
dendro,bigram,no_origin,12,unith,Nielsen,top_four,4S,168,31,34,1.0,0.0,0.0,0.0,0.0,0.0,0.0,0.0,0.0,0.0,1,0.0,1.0,,,,,,,,,,,
dendro,bigram,no_origin,12,unith,Nielsen,top_four,4S,168,32,35,1.0,0.0,0.0,0.0,0.0,0.0,0.0,0.0,0.0,0.0,1,0.0,1.0,,,,,,,,,,,
dendro,bigram,no_origin,12,unith,Nielsen,top_four,4S,168,33,36,1.0,0.0,0.0,0.0,0.0,0.0,0.0,0.0,0.0,0.0,1,0.0,1.0,,,,,,,,,,,
dendro,bigram,no_origin,12,unith,Nielsen,top_four,4S,168,34,37,0.9761904761904762,0.0,0.0,0.0,0.0,0.0,0.0,0.5,0.010912698471830004,0.0709686826334902,3,0.0,0.9761904761904762,,,,,,,,,,,
dendro,bigram,no_origin,12,unith,Nielsen,top_four,4S,168,35,38,0.9583333333333334,0.0,0.0,0.0,0.0,0.0,0.0,0.5,0.017361111229374296,0.08596356492859097,4,0.0,0.9583333333333334,,,,,,,,,,,
dendro,bigram,no_origin,12,unith,Nielsen,top_four,4S,168,36,39,1.0,0.0,0.0,0.0,0.0,0.0,0.0,0.0,0.0,0.0,1,0.0,1.0,,,,,,,,,,,
dendro,bigram,no_origin,12,unith,Nielsen,top_four,4S,168,37,40,0.9880952380952381,0.0,0.0,0.0,0.0,0.0,0.0,0.5,0.004464285714285714,0.043025670217793625,3,0.0,0.9880952380952381,,,,,,,,,,,
dendro,bigram,no_origin,12,unith,Nielsen,top_four,4S,168,38,41,1.0,0.0,0.0,0.0,0.0,0.0,0.0,0.0,0.0,0.0,1,0.0,1.0,,,,,,,,,,,
dendro,bigram,no_origin,12,unith,Nielsen,top_four,4S,168,39,42,0.9880952380952381,0.0,0.0,0.0,0.0,0.0,0.0,0.5,0.004464285714285714,0.04302567021779363,3,0.0,0.9880952380952381,,,,,,,,,,,
dendro,bigram,no_origin,12,unith,Nielsen,top_four,4S,168,40,43,1.0,0.0,0.0,0.0,0.0,0.0,0.0,0.0,0.0,0.0,1,0.0,1.0,,,,,,,,,,,
dendro,bigram,no_origin,12,unith,Nielsen,top_four,4S,168,41,45,1.0,0.0,0.0,0.0,0.0,0.0,0.0,0.0,0.0,0.0,1,0.0,1.0,,,,,,,,,,,
dendro,bigram,no_origin,12,unith,Nielsen,top_four,4S,168,42,46,1.0,0.0,0.0,0.0,0.0,0.0,0.0,0.0,0.0,0.0,1,0.0,1.0,,,,,,,,,,,
dendro,bigram,no_origin,12,unith,Nielsen,top_four,4S,168,43,47,1.0,0.0,0.0,0.0,0.0,0.0,0.0,0.0,0.0,0.0,1,0.0,1.0,,,,,,,,,,,
dendro,bigram,no_origin,12,unith,Nielsen,top_four,4S,168,44,48,0.9761904761904762,0.0,0.0,0.0,0.0,0.0,0.0,0.3333333432674408,0.007936508173034304,0.05097037179317445,2,0.0,0.9761904761904762,,,,,,,,,,,
dendro,bigram,no_origin,12,unith,Nielsen,top_four,4S,168,45,49,0.9761904761904762,0.0,0.0,0.0,0.0,0.0,0.0,0.3333333432674408,0.007440476367870967,0.04810995126061967,3,0.0,0.9761904761904762,,,,,,,,,,,
dendro,bigram,no_origin,12,unith,Nielsen,top_four,4S,168,46,50,0.9880952380952381,0.0,0.0,0.0,0.0,0.0,0.0,0.5,0.004960317519449052,0.046234077676892485,3,0.0,0.9880952380952381,,,,,,,,,,,
dendro,bigram,no_origin,12,unith,Nielsen,top_four,4S,168,47,51,0.9940476190476191,0.0,0.0,0.0,0.0,0.0,0.0,0.25,0.001488095238095238,0.01928791874526149,2,0.0,0.9940476190476191,,,,,,,,,,,
dendro,bigram,no_origin,12,unith,Nielsen,top_four,4S,168,48,52,1.0,0.0,0.0,0.0,0.0,0.0,0.0,0.0,0.0,0.0,1,0.0,1.0,,,,,,,,,,,
dendro,bigram,no_origin,12,unith,Nielsen,top_four,4S,168,49,53,1.0,0.0,0.0,0.0,0.0,0.0,0.0,0.0,0.0,0.0,1,0.0,1.0,,,,,,,,,,,
dendro,bigram,no_origin,12,unith,Nielsen,top_four,4S,168,50,54,0.9821428571428571,0.0,0.0,0.0,0.0,0.0,0.0,0.3333333432674408,0.00545634932461239,0.040926440643950616,3,0.0,0.9821428571428571,,,,,,,,,,,
dendro,bigram,no_origin,12,unith,Nielsen,top_four,4S,168,51,55,0.9761904761904762,0.0,0.0,0.0,0.0,0.0,0.0,0.5,0.008432539800802866,0.05594994219327907,4,0.0,0.9761904761904762,,,,,,,,,,,
dendro,bigram,no_origin,12,unith,Nielsen,top_four,4S,168,52,57,0.9940476190476191,0.0,0.0,0.0,0.0,0.0,0.0,0.25,0.001488095238095238,0.01928791874526149,2,0.0,0.9940476190476191,,,,,,,,,,,
dendro,bigram,no_origin,12,unith,Nielsen,top_four,4S,168,53,58,0.9940476190476191,0.0,0.0,0.0,0.0,0.0,0.0,0.25,0.001488095238095238,0.01928791874526149,2,0.0,0.9940476190476191,,,,,,,,,,,
dendro,bigram,no_origin,12,unith,Nielsen,top_four,4S,168,54,59,1.0,0.0,0.0,0.0,0.0,0.0,0.0,0.0,0.0,0.0,1,0.0,1.0,,,,,,,,,,,
dendro,bigram,no_origin,12,unith,Nielsen,top_four,4S,168,55,60,0.9821428571428571,0.0,0.0,0.0,0.0,0.0,0.0,0.25,0.004464285714285714,0.03320700684612146,2,0.0,0.9821428571428571,,,,,,,,,,,
dendro,bigram,no_origin,12,unith,Nielsen,top_four,4S,168,56,61,0.9880952380952381,0.0,0.0,0.0,0.0,0.0,0.0,0.5,0.004464285714285714,0.043025670217793625,3,0.0,0.9880952380952381,,,,,,,,,,,
dendro,bigram,no_origin,12,unith,Nielsen,top_four,4S,168,57,62,1.0,0.0,0.0,0.0,0.0,0.0,0.0,0.0,0.0,0.0,1,0.0,1.0,,,,,,,,,,,
dendro,bigram,no_origin,12,unith,Nielsen,top_four,4S,168,58,63,1.0,0.0,0.0,0.0,0.0,0.0,0.0,0.0,0.0,0.0,1,0.0,1.0,,,,,,,,,,,
dendro,bigram,no_origin,12,unith,Nielsen,top_four,4S,168,59,64,0.9702380952380952,0.0,0.0,0.0,0.0,0.0,0.0,0.5,0.009920635038898104,0.05896755646796784,4,0.0,0.9702380952380952,,,,,,,,,,,
dendro,bigram,no_origin,12,unith,Nielsen,top_four,4S,168,60,65,1.0,0.0,0.0,0.0,0.0,0.0,0.0,0.0,0.0,0.0,1,0.0,1.0,,,,,,,,,,,
dendro,bigram,no_origin,12,unith,Nielsen,top_four,4S,168,61,66,0.9880952380952381,0.0,0.0,0.0,0.0,0.0,0.0,0.3333333432674408,0.003968254086517152,0.036260594789909846,2,0.0,0.9880952380952381,,,,,,,,,,,
dendro,bigram,no_origin,12,unith,Nielsen,top_four,4S,168,62,67,0.9523809523809523,0.0,0.0,0.0,0.0,0.0,0.0,0.5,0.016865079601605732,0.07821588725014558,4,0.0,0.9523809523809523,,,,,,,,,,,
dendro,bigram,no_origin,12,unith,Nielsen,top_four,4S,168,63,69,0.9940476190476191,0.0,0.0,0.0,0.0,0.0,0.0,0.3333333432674408,0.001984127043258576,0.02571722576011502,2,0.0,0.9940476190476191,,,,,,,,,,,
dendro,bigram,no_origin,12,unith,Nielsen,top_four,4S,168,64,70,1.0,0.0,0.0,0.0,0.0,0.0,0.0,0.0,0.0,0.0,1,0.0,1.0,,,,,,,,,,,
dendro,bigram,no_origin,12,unith,Nielsen,top_four,4S,168,65,71,0.9880952380952381,0.0,0.0,0.0,0.0,0.0,0.0,0.5,0.004166666684406144,0.0414615711621867,3,0.0,0.9880952380952381,,,,,,,,,,,
dendro,bigram,no_origin,12,unith,Nielsen,top_four,4S,168,66,72,1.0,0.0,0.0,0.0,0.0,0.0,0.0,0.0,0.0,0.0,1,0.0,1.0,,,,,,,,,,,
dendro,bigram,no_origin,12,unith,Nielsen,top_four,4S,168,67,73,1.0,0.0,0.0,0.0,0.0,0.0,0.0,0.0,0.0,0.0,1,0.0,1.0,,,,,,,,,,,
dendro,bigram,no_origin,12,unith,Nielsen,top_four,4S,168,68,74,0.9761904761904762,0.0,0.0,0.0,0.0,0.0,0.0,0.5,0.009424603233734766,0.06280322034855036,4,0.0,0.9761904761904762,,,,,,,,,,,
dendro,bigram,no_origin,12,unith,Nielsen,top_four,4S,168,69,75,0.9940476190476191,0.0,0.0,0.0,0.0,0.0,0.0,0.3333333432674408,0.001984127043258576,0.02571722576011502,2,0.0,0.9940476190476191,,,,,,,,,,,
dendro,bigram,no_origin,12,unith,Nielsen,top_four,4S,168,70,76,1.0,0.0,0.0,0.0,0.0,0.0,0.0,0.0,0.0,0.0,1,0.0,1.0,,,,,,,,,,,
dendro,bigram,no_origin,12,unith,Nielsen,top_four,4S,168,71,77,1.0,0.0,0.0,0.0,0.0,0.0,0.0,0.0,0.0,0.0,1,0.0,1.0,,,,,,,,,,,
dendro,bigram,no_origin,12,unith,Nielsen,top_four,4S,168,72,78,1.0,0.0,0.0,0.0,0.0,0.0,0.0,0.0,0.0,0.0,1,0.0,1.0,,,,,,,,,,,
dendro,bigram,no_origin,12,unith,Nielsen,top_four,4S,168,73,79,0.9821428571428571,0.0,0.0,0.0,0.0,0.0,0.0,0.3333333432674408,0.005952381129775729,0.044276010447689834,2,0.0,0.9821428571428571,,,,,,,,,,,
dendro,bigram,no_origin,12,unith,Nielsen,top_four,4S,168,74,81,1.0,0.0,0.0,0.0,0.0,0.0,0.0,0.0,0.0,0.0,1,0.0,1.0,,,,,,,,,,,
dendro,bigram,no_origin,12,unith,Nielsen,top_four,4S,168,75,82,1.0,0.0,0.0,0.0,0.0,0.0,0.0,0.0,0.0,0.0,1,0.0,1.0,,,,,,,,,,,
dendro,bigram,no_origin,12,unith,Nielsen,top_four,4S,168,76,83,1.0,0.0,0.0,0.0,0.0,0.0,0.0,0.0,0.0,0.0,1,0.0,1.0,,,,,,,,,,,
dendro,bigram,no_origin,12,unith,Nielsen,top_four,4S,168,77,84,1.0,0.0,0.0,0.0,0.0,0.0,0.0,0.0,0.0,0.0,1,0.0,1.0,,,,,,,,,,,
dendro,bigram,no_origin,12,unith,Nielsen,top_four,4S,168,78,85,0.9880952380952381,0.0,0.0,0.0,0.0,0.0,0.0,0.3333333432674408,0.0034722222813538144,0.03205400146925523,3,0.0,0.9880952380952381,,,,,,,,,,,
dendro,bigram,no_origin,12,unith,Nielsen,top_four,4S,168,79,86,0.9761904761904762,0.0,0.0,0.0,0.0,0.0,0.0,0.5,0.008928571605966204,0.0584193233312581,3,0.0,0.9761904761904762,,,,,,,,,,,
dendro,bigram,no_origin,12,unith,Nielsen,top_four,4S,168,80,87,0.9940476190476191,0.0,0.0,0.0,0.0,0.0,0.0,0.25,0.001488095238095238,0.01928791874526149,2,0.0,0.9940476190476191,,,,,,,,,,,
dendro,bigram,no_origin,12,unith,Nielsen,top_four,4S,168,81,88,0.9880952380952381,0.0,0.0,0.0,0.0,0.0,0.0,0.3333333432674408,0.003968254086517152,0.036260594789909846,2,0.0,0.9880952380952381,,,,,,,,,,,
dendro,bigram,no_origin,12,unith,Nielsen,top_four,4S,168,82,89,0.9940476190476191,0.0,0.0,0.0,0.0,0.0,0.0,0.20000000298023224,0.001190476208215668,0.015430335226139102,2,0.0,0.9940476190476191,,,,,,,,,,,
dendro,bigram,no_origin,12,unith,Nielsen,top_four,4S,168,83,90,0.9761904761904762,0.0,0.0,0.0,0.0,0.0,0.0,0.5,0.008432539800802866,0.055949942193279076,4,0.0,0.9761904761904762,,,,,,,,,,,
dendro,bigram,no_origin,12,unith,Nielsen,top_four,4S,168,84,91,1.0,0.0,0.0,0.0,0.0,0.0,0.0,0.0,0.0,0.0,1,0.0,1.0,,,,,,,,,,,
dendro,bigram,no_origin,12,unith,Nielsen,top_four,4S,168,85,93,0.9940476190476191,0.0,0.0,0.0,0.0,0.0,0.0,0.3333333432674408,0.001984127043258576,0.02571722576011502,2,0.0,0.9940476190476191,,,,,,,,,,,
dendro,bigram,no_origin,12,unith,Nielsen,top_four,4S,168,86,94,0.9940476190476191,0.0,0.0,0.0,0.0,0.0,0.0,0.5,0.002976190476190476,0.03857583749052298,2,0.0,0.9940476190476191,,,,,,,,,,,
dendro,bigram,no_origin,12,unith,Nielsen,top_four,4S,168,87,95,1.0,0.0,0.0,0.0,0.0,0.0,0.0,0.0,0.0,0.0,1,0.0,1.0,,,,,,,,,,,
dendro,bigram,no_origin,12,unith,Nielsen,top_four,4S,168,88,108,1.0,0.0,0.0,0.0,0.0,0.0,0.0,0.0,0.0,0.0,1,0.0,1.0,,,,,,,,,,,
dendro,bigram,no_origin,12,unith,Nielsen,top_four,4S,168,89,109,1.0,0.0,0.0,0.0,0.0,0.0,0.0,0.0,0.0,0.0,1,0.0,1.0,,,,,,,,,,,
dendro,bigram,no_origin,12,unith,Nielsen,top_four,4S,168,90,110,1.0,0.0,0.0,0.0,0.0,0.0,0.0,0.0,0.0,0.0,1,0.0,1.0,,,,,,,,,,,
dendro,bigram,no_origin,12,unith,Nielsen,top_four,4S,168,91,111,1.0,0.0,0.0,0.0,0.0,0.0,0.0,0.0,0.0,0.0,1,0.0,1.0,,,,,,,,,,,
dendro,bigram,no_origin,12,unith,Nielsen,top_four,4S,168,92,112,1.0,0.0,0.0,0.0,0.0,0.0,0.0,0.0,0.0,0.0,1,0.0,1.0,,,,,,,,,,,
dendro,bigram,no_origin,12,unith,Nielsen,top_four,4S,168,93,113,1.0,0.0,0.0,0.0,0.0,0.0,0.0,0.0,0.0,0.0,1,0.0,1.0,,,,,,,,,,,
dendro,bigram,no_origin,12,unith,Nielsen,top_four,4S,168,94,114,0.9821428571428571,0.0,0.0,0.0,0.0,0.0,0.0,0.25,0.004166666684406144,0.031153794138516988,3,0.0,0.9821428571428571,,,,,,,,,,,
dendro,bigram,no_origin,12,unith,Nielsen,top_four,4S,168,95,115,1.0,0.0,0.0,0.0,0.0,0.0,0.0,0.0,0.0,0.0,1,0.0,1.0,,,,,,,,,,,
dendro,bigram,no_origin,12,unith,Nielsen,top_four,4S,168,96,117,1.0,0.0,0.0,0.0,0.0,0.0,0.0,0.0,0.0,0.0,1,0.0,1.0,,,,,,,,,,,
dendro,bigram,no_origin,12,unith,Nielsen,top_four,4S,168,97,118,1.0,0.0,0.0,0.0,0.0,0.0,0.0,0.0,0.0,0.0,1,0.0,1.0,,,,,,,,,,,
dendro,bigram,no_origin,12,unith,Nielsen,top_four,4S,168,98,119,1.0,0.0,0.0,0.0,0.0,0.0,0.0,0.0,0.0,0.0,1,0.0,1.0,,,,,,,,,,,
dendro,bigram,no_origin,12,unith,Nielsen,top_four,4S,168,99,120,1.0,0.0,0.0,0.0,0.0,0.0,0.0,0.0,0.0,0.0,1,0.0,1.0,,,,,,,,,,,
dendro,bigram,no_origin,12,unith,Nielsen,top_four,4S,168,100,121,1.0,0.0,0.0,0.0,0.0,0.0,0.0,0.0,0.0,0.0,1,0.0,1.0,,,,,,,,,,,
dendro,bigram,no_origin,12,unith,Nielsen,top_four,4S,168,101,122,1.0,0.0,0.0,0.0,0.0,0.0,0.0,0.0,0.0,0.0,1,0.0,1.0,,,,,,,,,,,
dendro,bigram,no_origin,12,unith,Nielsen,top_four,4S,168,102,123,1.0,0.0,0.0,0.0,0.0,0.0,0.0,0.0,0.0,0.0,1,0.0,1.0,,,,,,,,,,,
dendro,bigram,no_origin,12,unith,Nielsen,top_four,4S,168,103,124,1.0,0.0,0.0,0.0,0.0,0.0,0.0,0.0,0.0,0.0,1,0.0,1.0,,,,,,,,,,,
dendro,bigram,no_origin,12,unith,Nielsen,top_four,4S,168,104,125,1.0,0.0,0.0,0.0,0.0,0.0,0.0,0.0,0.0,0.0,1,0.0,1.0,,,,,,,,,,,
dendro,bigram,no_origin,12,unith,Nielsen,top_four,4S,168,105,126,1.0,0.0,0.0,0.0,0.0,0.0,0.0,0.0,0.0,0.0,1,0.0,1.0,,,,,,,,,,,
dendro,bigram,no_origin,12,unith,Nielsen,top_four,4S,168,106,127,1.0,0.0,0.0,0.0,0.0,0.0,0.0,0.0,0.0,0.0,1,0.0,1.0,,,,,,,,,,,
dendro,bigram,no_origin,12,unith,Nielsen,top_four,4S,168,107,129,1.0,0.0,0.0,0.0,0.0,0.0,0.0,0.0,0.0,0.0,1,0.0,1.0,,,,,,,,,,,
dendro,bigram,no_origin,12,unith,Nielsen,top_four,4S,168,108,130,1.0,0.0,0.0,0.0,0.0,0.0,0.0,0.0,0.0,0.0,1,0.0,1.0,,,,,,,,,,,
dendro,bigram,no_origin,12,unith,Nielsen,top_four,4S,168,109,131,1.0,0.0,0.0,0.0,0.0,0.0,0.0,0.0,0.0,0.0,1,0.0,1.0,,,,,,,,,,,
dendro,bigram,no_origin,12,unith,Nielsen,top_four,4S,168,110,132,0.9940476190476191,0.0,0.0,0.0,0.0,0.0,0.0,0.3333333432674408,0.001984127043258576,0.02571722576011502,2,0.0,0.9940476190476191,,,,,,,,,,,
dendro,bigram,no_origin,12,unith,Nielsen,top_four,4S,168,111,133,0.9940476190476191,0.0,0.0,0.0,0.0,0.0,0.0,0.25,0.001488095238095238,0.01928791874526149,2,0.0,0.9940476190476191,,,,,,,,,,,
dendro,bigram,no_origin,12,unith,Nielsen,top_four,4S,168,112,134,1.0,0.0,0.0,0.0,0.0,0.0,0.0,0.0,0.0,0.0,1,0.0,1.0,,,,,,,,,,,
dendro,bigram,no_origin,12,unith,Nielsen,top_four,4S,168,113,135,1.0,0.0,0.0,0.0,0.0,0.0,0.0,0.0,0.0,0.0,1,0.0,1.0,,,,,,,,,,,
dendro,bigram,no_origin,12,unith,Nielsen,top_four,4S,168,114,136,1.0,0.0,0.0,0.0,0.0,0.0,0.0,0.0,0.0,0.0,1,0.0,1.0,,,,,,,,,,,
dendro,bigram,no_origin,12,unith,Nielsen,top_four,4S,168,115,137,0.9940476190476191,0.0,0.0,0.0,0.0,0.0,0.0,0.25,0.001488095238095238,0.01928791874526149,2,0.0,0.9940476190476191,,,,,,,,,,,
dendro,bigram,no_origin,12,unith,Nielsen,top_four,4S,168,116,138,1.0,0.0,0.0,0.0,0.0,0.0,0.0,0.0,0.0,0.0,1,0.0,1.0,,,,,,,,,,,
dendro,bigram,no_origin,12,unith,Nielsen,top_four,4S,168,117,139,1.0,0.0,0.0,0.0,0.0,0.0,0.0,0.0,0.0,0.0,1,0.0,1.0,,,,,,,,,,,
dendro,bigram,no_origin,12,unith,Nielsen,top_four,4S,168,118,141,0.9880952380952381,0.0,0.0,0.0,0.0,0.0,0.0,0.5,0.004166666684406144,0.0414615711621867,3,0.0,0.9880952380952381,,,,,,,,,,,
dendro,bigram,no_origin,12,unith,Nielsen,top_four,4S,168,119,142,1.0,0.0,0.0,0.0,0.0,0.0,0.0,0.0,0.0,0.0,1,0.0,1.0,,,,,,,,,,,
dendro,bigram,no_origin,12,unith,Nielsen,top_four,4S,168,120,143,1.0,0.0,0.0,0.0,0.0,0.0,0.0,0.0,0.0,0.0,1,0.0,1.0,,,,,,,,,,,
dendro,bigram,no_origin,12,unith,Nielsen,top_four,4S,168,__vector__,__vector__,0.9917355371900827,,,,,,,,,,,,,1.0,,,,,,,,,,
dendro,bigram,no_origin,12,unith,Nielsen,top_four,5H,20,0,0,1.0,0.0,0.0,0.0,0.0,0.0,0.0,0.0,0.0,0.0,1,0.0,1.0,,,,,,,,,,,
dendro,bigram,no_origin,12,unith,Nielsen,top_four,5H,20,1,1,1.0,0.0,0.0,0.0,0.0,0.0,0.0,0.0,0.0,0.0,1,0.0,1.0,,,,,,,,,,,
dendro,bigram,no_origin,12,unith,Nielsen,top_four,5H,20,2,2,1.0,0.0,0.0,0.0,0.0,0.0,0.0,0.0,0.0,0.0,1,0.0,1.0,,,,,,,,,,,
dendro,bigram,no_origin,12,unith,Nielsen,top_four,5H,20,3,3,1.0,0.0,0.0,0.0,0.0,0.0,0.0,0.0,0.0,0.0,1,0.0,1.0,,,,,,,,,,,
dendro,bigram,no_origin,12,unith,Nielsen,top_four,5H,20,4,4,1.0,0.0,0.0,0.0,0.0,0.0,0.0,0.0,0.0,0.0,1,0.0,1.0,,,,,,,,,,,
dendro,bigram,no_origin,12,unith,Nielsen,top_four,5H,20,5,5,1.0,0.0,0.0,0.0,0.0,0.0,0.0,0.0,0.0,0.0,1,0.0,1.0,,,,,,,,,,,
dendro,bigram,no_origin,12,unith,Nielsen,top_four,5H,20,6,6,0.95,0.0,0.0,0.0,0.0,0.0,0.010000000149011755,0.20000000298023224,0.010000000149011612,0.04472136021639597,2,0.0,0.95,,,,,,,,,,,
dendro,bigram,no_origin,12,unith,Nielsen,top_four,5H,20,7,7,1.0,0.0,0.0,0.0,0.0,0.0,0.0,0.0,0.0,0.0,1,0.0,1.0,,,,,,,,,,,
dendro,bigram,no_origin,12,unith,Nielsen,top_four,5H,20,8,9,1.0,0.0,0.0,0.0,0.0,0.0,0.0,0.0,0.0,0.0,1,0.0,1.0,,,,,,,,,,,
dendro,bigram,no_origin,12,unith,Nielsen,top_four,5H,20,9,10,1.0,0.0,0.0,0.0,0.0,0.0,0.0,0.0,0.0,0.0,1,0.0,1.0,,,,,,,,,,,
dendro,bigram,no_origin,12,unith,Nielsen,top_four,5H,20,10,11,1.0,0.0,0.0,0.0,0.0,0.0,0.0,0.0,0.0,0.0,1,0.0,1.0,,,,,,,,,,,
dendro,bigram,no_origin,12,unith,Nielsen,top_four,5H,20,11,12,1.0,0.0,0.0,0.0,0.0,0.0,0.0,0.0,0.0,0.0,1,0.0,1.0,,,,,,,,,,,
dendro,bigram,no_origin,12,unith,Nielsen,top_four,5H,20,12,13,1.0,0.0,0.0,0.0,0.0,0.0,0.0,0.0,0.0,0.0,1,0.0,1.0,,,,,,,,,,,
dendro,bigram,no_origin,12,unith,Nielsen,top_four,5H,20,13,14,1.0,0.0,0.0,0.0,0.0,0.0,0.0,0.0,0.0,0.0,1,0.0,1.0,,,,,,,,,,,
dendro,bigram,no_origin,12,unith,Nielsen,top_four,5H,20,14,15,1.0,0.0,0.0,0.0,0.0,0.0,0.0,0.0,0.0,0.0,1,0.0,1.0,,,,,,,,,,,
dendro,bigram,no_origin,12,unith,Nielsen,top_four,5H,20,15,16,1.0,0.0,0.0,0.0,0.0,0.0,0.0,0.0,0.0,0.0,1,0.0,1.0,,,,,,,,,,,
dendro,bigram,no_origin,12,unith,Nielsen,top_four,5H,20,16,17,0.7,0.0,0.0,0.0,0.0,0.25,0.34166667610406887,0.5,0.10000000149011612,0.16356768231193825,4,0.0,0.7,,,,,,,,,,,
dendro,bigram,no_origin,12,unith,Nielsen,top_four,5H,20,17,18,1.0,0.0,0.0,0.0,0.0,0.0,0.0,0.0,0.0,0.0,1,0.0,1.0,,,,,,,,,,,
dendro,bigram,no_origin,12,unith,Nielsen,top_four,5H,20,18,19,1.0,0.0,0.0,0.0,0.0,0.0,0.0,0.0,0.0,0.0,1,0.0,1.0,,,,,,,,,,,
dendro,bigram,no_origin,12,unith,Nielsen,top_four,5H,20,19,21,1.0,0.0,0.0,0.0,0.0,0.0,0.0,0.0,0.0,0.0,1,0.0,1.0,,,,,,,,,,,
dendro,bigram,no_origin,12,unith,Nielsen,top_four,5H,20,20,22,1.0,0.0,0.0,0.0,0.0,0.0,0.0,0.0,0.0,0.0,1,0.0,1.0,,,,,,,,,,,
dendro,bigram,no_origin,12,unith,Nielsen,top_four,5H,20,21,23,1.0,0.0,0.0,0.0,0.0,0.0,0.0,0.0,0.0,0.0,1,0.0,1.0,,,,,,,,,,,
dendro,bigram,no_origin,12,unith,Nielsen,top_four,5H,20,22,24,1.0,0.0,0.0,0.0,0.0,0.0,0.0,0.0,0.0,0.0,1,0.0,1.0,,,,,,,,,,,
dendro,bigram,no_origin,12,unith,Nielsen,top_four,5H,20,23,25,1.0,0.0,0.0,0.0,0.0,0.0,0.0,0.0,0.0,0.0,1,0.0,1.0,,,,,,,,,,,
dendro,bigram,no_origin,12,unith,Nielsen,top_four,5H,20,24,26,1.0,0.0,0.0,0.0,0.0,0.0,0.0,0.0,0.0,0.0,1,0.0,1.0,,,,,,,,,,,
dendro,bigram,no_origin,12,unith,Nielsen,top_four,5H,20,25,27,1.0,0.0,0.0,0.0,0.0,0.0,0.0,0.0,0.0,0.0,1,0.0,1.0,,,,,,,,,,,
dendro,bigram,no_origin,12,unith,Nielsen,top_four,5H,20,26,28,1.0,0.0,0.0,0.0,0.0,0.0,0.0,0.0,0.0,0.0,1,0.0,1.0,,,,,,,,,,,
dendro,bigram,no_origin,12,unith,Nielsen,top_four,5H,20,27,29,1.0,0.0,0.0,0.0,0.0,0.0,0.0,0.0,0.0,0.0,1,0.0,1.0,,,,,,,,,,,
dendro,bigram,no_origin,12,unith,Nielsen,top_four,5H,20,28,30,1.0,0.0,0.0,0.0,0.0,0.0,0.0,0.0,0.0,0.0,1,0.0,1.0,,,,,,,,,,,
dendro,bigram,no_origin,12,unith,Nielsen,top_four,5H,20,29,31,1.0,0.0,0.0,0.0,0.0,0.0,0.0,0.0,0.0,0.0,1,0.0,1.0,,,,,,,,,,,
dendro,bigram,no_origin,12,unith,Nielsen,top_four,5H,20,30,33,1.0,0.0,0.0,0.0,0.0,0.0,0.0,0.0,0.0,0.0,1,0.0,1.0,,,,,,,,,,,
dendro,bigram,no_origin,12,unith,Nielsen,top_four,5H,20,31,34,1.0,0.0,0.0,0.0,0.0,0.0,0.0,0.0,0.0,0.0,1,0.0,1.0,,,,,,,,,,,
dendro,bigram,no_origin,12,unith,Nielsen,top_four,5H,20,32,35,1.0,0.0,0.0,0.0,0.0,0.0,0.0,0.0,0.0,0.0,1,0.0,1.0,,,,,,,,,,,
dendro,bigram,no_origin,12,unith,Nielsen,top_four,5H,20,33,36,1.0,0.0,0.0,0.0,0.0,0.0,0.0,0.0,0.0,0.0,1,0.0,1.0,,,,,,,,,,,
dendro,bigram,no_origin,12,unith,Nielsen,top_four,5H,20,34,37,1.0,0.0,0.0,0.0,0.0,0.0,0.0,0.0,0.0,0.0,1,0.0,1.0,,,,,,,,,,,
dendro,bigram,no_origin,12,unith,Nielsen,top_four,5H,20,35,38,1.0,0.0,0.0,0.0,0.0,0.0,0.0,0.0,0.0,0.0,1,0.0,1.0,,,,,,,,,,,
dendro,bigram,no_origin,12,unith,Nielsen,top_four,5H,20,36,39,1.0,0.0,0.0,0.0,0.0,0.0,0.0,0.0,0.0,0.0,1,0.0,1.0,,,,,,,,,,,
dendro,bigram,no_origin,12,unith,Nielsen,top_four,5H,20,37,40,1.0,0.0,0.0,0.0,0.0,0.0,0.0,0.0,0.0,0.0,1,0.0,1.0,,,,,,,,,,,
dendro,bigram,no_origin,12,unith,Nielsen,top_four,5H,20,38,41,1.0,0.0,0.0,0.0,0.0,0.0,0.0,0.0,0.0,0.0,1,0.0,1.0,,,,,,,,,,,
dendro,bigram,no_origin,12,unith,Nielsen,top_four,5H,20,39,42,1.0,0.0,0.0,0.0,0.0,0.0,0.0,0.0,0.0,0.0,1,0.0,1.0,,,,,,,,,,,
dendro,bigram,no_origin,12,unith,Nielsen,top_four,5H,20,40,43,1.0,0.0,0.0,0.0,0.0,0.0,0.0,0.0,0.0,0.0,1,0.0,1.0,,,,,,,,,,,
dendro,bigram,no_origin,12,unith,Nielsen,top_four,5H,20,41,45,1.0,0.0,0.0,0.0,0.0,0.0,0.0,0.0,0.0,0.0,1,0.0,1.0,,,,,,,,,,,
dendro,bigram,no_origin,12,unith,Nielsen,top_four,5H,20,42,46,1.0,0.0,0.0,0.0,0.0,0.0,0.0,0.0,0.0,0.0,1,0.0,1.0,,,,,,,,,,,
dendro,bigram,no_origin,12,unith,Nielsen,top_four,5H,20,43,47,1.0,0.0,0.0,0.0,0.0,0.0,0.0,0.0,0.0,0.0,1,0.0,1.0,,,,,,,,,,,
dendro,bigram,no_origin,12,unith,Nielsen,top_four,5H,20,44,48,1.0,0.0,0.0,0.0,0.0,0.0,0.0,0.0,0.0,0.0,1,0.0,1.0,,,,,,,,,,,
dendro,bigram,no_origin,12,unith,Nielsen,top_four,5H,20,45,49,1.0,0.0,0.0,0.0,0.0,0.0,0.0,0.0,0.0,0.0,1,0.0,1.0,,,,,,,,,,,
dendro,bigram,no_origin,12,unith,Nielsen,top_four,5H,20,46,50,1.0,0.0,0.0,0.0,0.0,0.0,0.0,0.0,0.0,0.0,1,0.0,1.0,,,,,,,,,,,
dendro,bigram,no_origin,12,unith,Nielsen,top_four,5H,20,47,51,1.0,0.0,0.0,0.0,0.0,0.0,0.0,0.0,0.0,0.0,1,0.0,1.0,,,,,,,,,,,
dendro,bigram,no_origin,12,unith,Nielsen,top_four,5H,20,48,52,1.0,0.0,0.0,0.0,0.0,0.0,0.0,0.0,0.0,0.0,1,0.0,1.0,,,,,,,,,,,
dendro,bigram,no_origin,12,unith,Nielsen,top_four,5H,20,49,53,1.0,0.0,0.0,0.0,0.0,0.0,0.0,0.0,0.0,0.0,1,0.0,1.0,,,,,,,,,,,
dendro,bigram,no_origin,12,unith,Nielsen,top_four,5H,20,50,54,0.95,0.0,0.0,0.0,0.0,0.0,0.025000000000000355,0.5,0.025,0.11180339887498947,2,0.0,0.95,,,,,,,,,,,
dendro,bigram,no_origin,12,unith,Nielsen,top_four,5H,20,51,55,1.0,0.0,0.0,0.0,0.0,0.0,0.0,0.0,0.0,0.0,1,0.0,1.0,,,,,,,,,,,
dendro,bigram,no_origin,12,unith,Nielsen,top_four,5H,20,52,57,1.0,0.0,0.0,0.0,0.0,0.0,0.0,0.0,0.0,0.0,1,0.0,1.0,,,,,,,,,,,
dendro,bigram,no_origin,12,unith,Nielsen,top_four,5H,20,53,58,1.0,0.0,0.0,0.0,0.0,0.0,0.0,0.0,0.0,0.0,1,0.0,1.0,,,,,,,,,,,
dendro,bigram,no_origin,12,unith,Nielsen,top_four,5H,20,54,59,1.0,0.0,0.0,0.0,0.0,0.0,0.0,0.0,0.0,0.0,1,0.0,1.0,,,,,,,,,,,
dendro,bigram,no_origin,12,unith,Nielsen,top_four,5H,20,55,60,0.95,0.0,0.0,0.0,0.0,0.0,0.010000000149011755,0.20000000298023224,0.010000000149011612,0.04472136021639597,2,0.0,0.95,,,,,,,,,,,
dendro,bigram,no_origin,12,unith,Nielsen,top_four,5H,20,56,61,0.95,0.0,0.0,0.0,0.0,0.0,0.016666667163372277,0.3333333432674408,0.01666666716337204,0.07453560147132694,2,0.0,0.95,,,,,,,,,,,
dendro,bigram,no_origin,12,unith,Nielsen,top_four,5H,20,57,62,0.95,0.0,0.0,0.0,0.0,0.0,0.016666667163372277,0.3333333432674408,0.01666666716337204,0.07453560147132693,2,0.0,0.95,,,,,,,,,,,
dendro,bigram,no_origin,12,unith,Nielsen,top_four,5H,20,58,63,1.0,0.0,0.0,0.0,0.0,0.0,0.0,0.0,0.0,0.0,1,0.0,1.0,,,,,,,,,,,
dendro,bigram,no_origin,12,unith,Nielsen,top_four,5H,20,59,64,1.0,0.0,0.0,0.0,0.0,0.0,0.0,0.0,0.0,0.0,1,0.0,1.0,,,,,,,,,,,
dendro,bigram,no_origin,12,unith,Nielsen,top_four,5H,20,60,65,1.0,0.0,0.0,0.0,0.0,0.0,0.0,0.0,0.0,0.0,1,0.0,1.0,,,,,,,,,,,
dendro,bigram,no_origin,12,unith,Nielsen,top_four,5H,20,61,66,1.0,0.0,0.0,0.0,0.0,0.0,0.0,0.0,0.0,0.0,1,0.0,1.0,,,,,,,,,,,
dendro,bigram,no_origin,12,unith,Nielsen,top_four,5H,20,62,67,0.9,0.0,0.0,0.0,0.0,0.0,0.2541666671633721,0.3333333432674408,0.02916666716337204,0.09078523768979851,3,0.0,0.9,,,,,,,,,,,
dendro,bigram,no_origin,12,unith,Nielsen,top_four,5H,20,63,69,1.0,0.0,0.0,0.0,0.0,0.0,0.0,0.0,0.0,0.0,1,0.0,1.0,,,,,,,,,,,
dendro,bigram,no_origin,12,unith,Nielsen,top_four,5H,20,64,70,1.0,0.0,0.0,0.0,0.0,0.0,0.0,0.0,0.0,0.0,1,0.0,1.0,,,,,,,,,,,
dendro,bigram,no_origin,12,unith,Nielsen,top_four,5H,20,65,71,0.95,0.0,0.0,0.0,0.0,0.0,0.025000000000000355,0.5,0.025,0.11180339887498947,2,0.0,0.95,,,,,,,,,,,
dendro,bigram,no_origin,12,unith,Nielsen,top_four,5H,20,66,72,1.0,0.0,0.0,0.0,0.0,0.0,0.0,0.0,0.0,0.0,1,0.0,1.0,,,,,,,,,,,
dendro,bigram,no_origin,12,unith,Nielsen,top_four,5H,20,67,73,1.0,0.0,0.0,0.0,0.0,0.0,0.0,0.0,0.0,0.0,1,0.0,1.0,,,,,,,,,,,
dendro,bigram,no_origin,12,unith,Nielsen,top_four,5H,20,68,74,1.0,0.0,0.0,0.0,0.0,0.0,0.0,0.0,0.0,0.0,1,0.0,1.0,,,,,,,,,,,
dendro,bigram,no_origin,12,unith,Nielsen,top_four,5H,20,69,75,1.0,0.0,0.0,0.0,0.0,0.0,0.0,0.0,0.0,0.0,1,0.0,1.0,,,,,,,,,,,
dendro,bigram,no_origin,12,unith,Nielsen,top_four,5H,20,70,76,1.0,0.0,0.0,0.0,0.0,0.0,0.0,0.0,0.0,0.0,1,0.0,1.0,,,,,,,,,,,
dendro,bigram,no_origin,12,unith,Nielsen,top_four,5H,20,71,77,1.0,0.0,0.0,0.0,0.0,0.0,0.0,0.0,0.0,0.0,1,0.0,1.0,,,,,,,,,,,
dendro,bigram,no_origin,12,unith,Nielsen,top_four,5H,20,72,78,1.0,0.0,0.0,0.0,0.0,0.0,0.0,0.0,0.0,0.0,1,0.0,1.0,,,,,,,,,,,
dendro,bigram,no_origin,12,unith,Nielsen,top_four,5H,20,73,79,0.95,0.0,0.0,0.0,0.0,0.0,0.010000000149011755,0.20000000298023224,0.010000000149011612,0.04472136021639597,2,0.0,0.95,,,,,,,,,,,
dendro,bigram,no_origin,12,unith,Nielsen,top_four,5H,20,74,81,1.0,0.0,0.0,0.0,0.0,0.0,0.0,0.0,0.0,0.0,1,0.0,1.0,,,,,,,,,,,
dendro,bigram,no_origin,12,unith,Nielsen,top_four,5H,20,75,82,1.0,0.0,0.0,0.0,0.0,0.0,0.0,0.0,0.0,0.0,1,0.0,1.0,,,,,,,,,,,
dendro,bigram,no_origin,12,unith,Nielsen,top_four,5H,20,76,83,1.0,0.0,0.0,0.0,0.0,0.0,0.0,0.0,0.0,0.0,1,0.0,1.0,,,,,,,,,,,
dendro,bigram,no_origin,12,unith,Nielsen,top_four,5H,20,77,84,1.0,0.0,0.0,0.0,0.0,0.0,0.0,0.0,0.0,0.0,1,0.0,1.0,,,,,,,,,,,
dendro,bigram,no_origin,12,unith,Nielsen,top_four,5H,20,78,85,0.95,0.0,0.0,0.0,0.0,0.0,0.012500000000000178,0.25,0.0125,0.055901699437494734,2,0.0,0.95,,,,,,,,,,,
dendro,bigram,no_origin,12,unith,Nielsen,top_four,5H,20,79,86,1.0,0.0,0.0,0.0,0.0,0.0,0.0,0.0,0.0,0.0,1,0.0,1.0,,,,,,,,,,,
dendro,bigram,no_origin,12,unith,Nielsen,top_four,5H,20,80,87,1.0,0.0,0.0,0.0,0.0,0.0,0.0,0.0,0.0,0.0,1,0.0,1.0,,,,,,,,,,,
dendro,bigram,no_origin,12,unith,Nielsen,top_four,5H,20,81,88,1.0,0.0,0.0,0.0,0.0,0.0,0.0,0.0,0.0,0.0,1,0.0,1.0,,,,,,,,,,,
dendro,bigram,no_origin,12,unith,Nielsen,top_four,5H,20,82,89,1.0,0.0,0.0,0.0,0.0,0.0,0.0,0.0,0.0,0.0,1,0.0,1.0,,,,,,,,,,,
dendro,bigram,no_origin,12,unith,Nielsen,top_four,5H,20,83,90,1.0,0.0,0.0,0.0,0.0,0.0,0.0,0.0,0.0,0.0,1,0.0,1.0,,,,,,,,,,,
dendro,bigram,no_origin,12,unith,Nielsen,top_four,5H,20,84,91,1.0,0.0,0.0,0.0,0.0,0.0,0.0,0.0,0.0,0.0,1,0.0,1.0,,,,,,,,,,,
dendro,bigram,no_origin,12,unith,Nielsen,top_four,5H,20,85,93,1.0,0.0,0.0,0.0,0.0,0.0,0.0,0.0,0.0,0.0,1,0.0,1.0,,,,,,,,,,,
dendro,bigram,no_origin,12,unith,Nielsen,top_four,5H,20,86,94,0.95,0.0,0.0,0.0,0.0,0.0,0.016666667163372277,0.3333333432674408,0.01666666716337204,0.07453560147132693,2,0.0,0.95,,,,,,,,,,,
dendro,bigram,no_origin,12,unith,Nielsen,top_four,5H,20,87,95,1.0,0.0,0.0,0.0,0.0,0.0,0.0,0.0,0.0,0.0,1,0.0,1.0,,,,,,,,,,,
dendro,bigram,no_origin,12,unith,Nielsen,top_four,5H,20,88,108,1.0,0.0,0.0,0.0,0.0,0.0,0.0,0.0,0.0,0.0,1,0.0,1.0,,,,,,,,,,,
dendro,bigram,no_origin,12,unith,Nielsen,top_four,5H,20,89,109,1.0,0.0,0.0,0.0,0.0,0.0,0.0,0.0,0.0,0.0,1,0.0,1.0,,,,,,,,,,,
dendro,bigram,no_origin,12,unith,Nielsen,top_four,5H,20,90,110,1.0,0.0,0.0,0.0,0.0,0.0,0.0,0.0,0.0,0.0,1,0.0,1.0,,,,,,,,,,,
dendro,bigram,no_origin,12,unith,Nielsen,top_four,5H,20,91,111,1.0,0.0,0.0,0.0,0.0,0.0,0.0,0.0,0.0,0.0,1,0.0,1.0,,,,,,,,,,,
dendro,bigram,no_origin,12,unith,Nielsen,top_four,5H,20,92,112,1.0,0.0,0.0,0.0,0.0,0.0,0.0,0.0,0.0,0.0,1,0.0,1.0,,,,,,,,,,,
dendro,bigram,no_origin,12,unith,Nielsen,top_four,5H,20,93,113,1.0,0.0,0.0,0.0,0.0,0.0,0.0,0.0,0.0,0.0,1,0.0,1.0,,,,,,,,,,,
dendro,bigram,no_origin,12,unith,Nielsen,top_four,5H,20,94,114,1.0,0.0,0.0,0.0,0.0,0.0,0.0,0.0,0.0,0.0,1,0.0,1.0,,,,,,,,,,,
dendro,bigram,no_origin,12,unith,Nielsen,top_four,5H,20,95,115,1.0,0.0,0.0,0.0,0.0,0.0,0.0,0.0,0.0,0.0,1,0.0,1.0,,,,,,,,,,,
dendro,bigram,no_origin,12,unith,Nielsen,top_four,5H,20,96,117,1.0,0.0,0.0,0.0,0.0,0.0,0.0,0.0,0.0,0.0,1,0.0,1.0,,,,,,,,,,,
dendro,bigram,no_origin,12,unith,Nielsen,top_four,5H,20,97,118,1.0,0.0,0.0,0.0,0.0,0.0,0.0,0.0,0.0,0.0,1,0.0,1.0,,,,,,,,,,,
dendro,bigram,no_origin,12,unith,Nielsen,top_four,5H,20,98,119,1.0,0.0,0.0,0.0,0.0,0.0,0.0,0.0,0.0,0.0,1,0.0,1.0,,,,,,,,,,,
dendro,bigram,no_origin,12,unith,Nielsen,top_four,5H,20,99,120,1.0,0.0,0.0,0.0,0.0,0.0,0.0,0.0,0.0,0.0,1,0.0,1.0,,,,,,,,,,,
dendro,bigram,no_origin,12,unith,Nielsen,top_four,5H,20,100,121,1.0,0.0,0.0,0.0,0.0,0.0,0.0,0.0,0.0,0.0,1,0.0,1.0,,,,,,,,,,,
dendro,bigram,no_origin,12,unith,Nielsen,top_four,5H,20,101,122,1.0,0.0,0.0,0.0,0.0,0.0,0.0,0.0,0.0,0.0,1,0.0,1.0,,,,,,,,,,,
dendro,bigram,no_origin,12,unith,Nielsen,top_four,5H,20,102,123,1.0,0.0,0.0,0.0,0.0,0.0,0.0,0.0,0.0,0.0,1,0.0,1.0,,,,,,,,,,,
dendro,bigram,no_origin,12,unith,Nielsen,top_four,5H,20,103,124,1.0,0.0,0.0,0.0,0.0,0.0,0.0,0.0,0.0,0.0,1,0.0,1.0,,,,,,,,,,,
dendro,bigram,no_origin,12,unith,Nielsen,top_four,5H,20,104,125,1.0,0.0,0.0,0.0,0.0,0.0,0.0,0.0,0.0,0.0,1,0.0,1.0,,,,,,,,,,,
dendro,bigram,no_origin,12,unith,Nielsen,top_four,5H,20,105,126,1.0,0.0,0.0,0.0,0.0,0.0,0.0,0.0,0.0,0.0,1,0.0,1.0,,,,,,,,,,,
dendro,bigram,no_origin,12,unith,Nielsen,top_four,5H,20,106,127,0.95,0.0,0.0,0.0,0.0,0.0,0.016666667163372277,0.3333333432674408,0.01666666716337204,0.07453560147132693,2,0.0,0.95,,,,,,,,,,,
dendro,bigram,no_origin,12,unith,Nielsen,top_four,5H,20,107,129,1.0,0.0,0.0,0.0,0.0,0.0,0.0,0.0,0.0,0.0,1,0.0,1.0,,,,,,,,,,,
dendro,bigram,no_origin,12,unith,Nielsen,top_four,5H,20,108,130,1.0,0.0,0.0,0.0,0.0,0.0,0.0,0.0,0.0,0.0,1,0.0,1.0,,,,,,,,,,,
dendro,bigram,no_origin,12,unith,Nielsen,top_four,5H,20,109,131,1.0,0.0,0.0,0.0,0.0,0.0,0.0,0.0,0.0,0.0,1,0.0,1.0,,,,,,,,,,,
dendro,bigram,no_origin,12,unith,Nielsen,top_four,5H,20,110,132,1.0,0.0,0.0,0.0,0.0,0.0,0.0,0.0,0.0,0.0,1,0.0,1.0,,,,,,,,,,,
dendro,bigram,no_origin,12,unith,Nielsen,top_four,5H,20,111,133,1.0,0.0,0.0,0.0,0.0,0.0,0.0,0.0,0.0,0.0,1,0.0,1.0,,,,,,,,,,,
dendro,bigram,no_origin,12,unith,Nielsen,top_four,5H,20,112,134,1.0,0.0,0.0,0.0,0.0,0.0,0.0,0.0,0.0,0.0,1,0.0,1.0,,,,,,,,,,,
dendro,bigram,no_origin,12,unith,Nielsen,top_four,5H,20,113,135,1.0,0.0,0.0,0.0,0.0,0.0,0.0,0.0,0.0,0.0,1,0.0,1.0,,,,,,,,,,,
dendro,bigram,no_origin,12,unith,Nielsen,top_four,5H,20,114,136,1.0,0.0,0.0,0.0,0.0,0.0,0.0,0.0,0.0,0.0,1,0.0,1.0,,,,,,,,,,,
dendro,bigram,no_origin,12,unith,Nielsen,top_four,5H,20,115,137,1.0,0.0,0.0,0.0,0.0,0.0,0.0,0.0,0.0,0.0,1,0.0,1.0,,,,,,,,,,,
dendro,bigram,no_origin,12,unith,Nielsen,top_four,5H,20,116,138,1.0,0.0,0.0,0.0,0.0,0.0,0.0,0.0,0.0,0.0,1,0.0,1.0,,,,,,,,,,,
dendro,bigram,no_origin,12,unith,Nielsen,top_four,5H,20,117,139,1.0,0.0,0.0,0.0,0.0,0.0,0.0,0.0,0.0,0.0,1,0.0,1.0,,,,,,,,,,,
dendro,bigram,no_origin,12,unith,Nielsen,top_four,5H,20,118,141,1.0,0.0,0.0,0.0,0.0,0.0,0.0,0.0,0.0,0.0,1,0.0,1.0,,,,,,,,,,,
dendro,bigram,no_origin,12,unith,Nielsen,top_four,5H,20,119,142,1.0,0.0,0.0,0.0,0.0,0.0,0.0,0.0,0.0,0.0,1,0.0,1.0,,,,,,,,,,,
dendro,bigram,no_origin,12,unith,Nielsen,top_four,5H,20,120,143,1.0,0.0,0.0,0.0,0.0,0.0,0.0,0.0,0.0,0.0,1,0.0,1.0,,,,,,,,,,,
dendro,bigram,no_origin,12,unith,Nielsen,top_four,5H,20,__vector__,__vector__,0.9925619834710744,,,,,,,,,,,,,0.9,,,,,,,,,,
dendro,bigram,no_origin,12,unith,Nielsen,top_four,5S,308,0,0,1.0,0.0,0.0,0.0,0.0,0.0,0.0,0.0,0.0,0.0,1,0.0,1.0,,,,,,,,,,,
dendro,bigram,no_origin,12,unith,Nielsen,top_four,5S,308,1,1,0.9935064935064936,0.0,0.0,0.0,0.0,0.0,0.0,0.25,0.0014610389707150398,0.018213583867526004,3,0.0,0.9935064935064936,,,,,,,,,,,
dendro,bigram,no_origin,12,unith,Nielsen,top_four,5S,308,2,2,0.9967532467532467,0.0,0.0,0.0,0.0,0.0,0.0,0.3333333432674408,0.0010822511145046779,0.018993429975987963,2,0.0,0.9967532467532467,,,,,,,,,,,
dendro,bigram,no_origin,12,unith,Nielsen,top_four,5S,308,3,3,0.9935064935064936,0.0,0.0,0.0,0.0,0.0,0.0,0.20000000298023224,0.0012987013180534562,0.01609018980552831,2,0.0,0.9935064935064936,,,,,,,,,,,
dendro,bigram,no_origin,12,unith,Nielsen,top_four,5S,308,4,4,0.9837662337662337,0.0,0.0,0.0,0.0,0.0,0.0,0.5,0.004978355020284653,0.04109564759616454,5,0.0,0.9837662337662337,,,,,,,,,,,
dendro,bigram,no_origin,12,unith,Nielsen,top_four,5S,308,5,5,0.9967532467532467,0.0,0.0,0.0,0.0,0.0,0.0,0.20000000298023224,0.0006493506590267281,0.01139605781577829,2,0.0,0.9967532467532467,,,,,,,,,,,
dendro,bigram,no_origin,12,unith,Nielsen,top_four,5S,308,6,6,0.9967532467532467,0.0,0.0,0.0,0.0,0.0,0.0,0.3333333432674408,0.0010822511145046779,0.018993429975987967,2,0.0,0.9967532467532467,,,,,,,,,,,
dendro,bigram,no_origin,12,unith,Nielsen,top_four,5S,308,7,7,0.9967532467532467,0.0,0.0,0.0,0.0,0.0,0.0,0.25,0.0008116883116883117,0.01424507205745474,2,0.0,0.9967532467532467,,,,,,,,,,,
dendro,bigram,no_origin,12,unith,Nielsen,top_four,5S,308,8,9,0.9967532467532467,0.0,0.0,0.0,0.0,0.0,0.0,0.3333333432674408,0.0010822511145046779,0.018993429975987967,2,0.0,0.9967532467532467,,,,,,,,,,,
dendro,bigram,no_origin,12,unith,Nielsen,top_four,5S,308,9,10,1.0,0.0,0.0,0.0,0.0,0.0,0.0,0.0,0.0,0.0,1,0.0,1.0,,,,,,,,,,,
dendro,bigram,no_origin,12,unith,Nielsen,top_four,5S,308,10,11,0.9967532467532467,0.0,0.0,0.0,0.0,0.0,0.0,0.3333333432674408,0.0010822511145046779,0.018993429975987967,2,0.0,0.9967532467532467,,,,,,,,,,,
dendro,bigram,no_origin,12,unith,Nielsen,top_four,5S,308,11,12,0.9642857142857143,0.0,0.0,0.0,0.0,0.0,0.0,0.5,0.013528138689406506,0.07273593181321385,4,0.0,0.9642857142857143,,,,,,,,,,,
dendro,bigram,no_origin,12,unith,Nielsen,top_four,5S,308,12,13,1.0,0.0,0.0,0.0,0.0,0.0,0.0,0.0,0.0,0.0,1,0.0,1.0,,,,,,,,,,,
dendro,bigram,no_origin,12,unith,Nielsen,top_four,5S,308,13,14,0.9935064935064936,0.0,0.0,0.0,0.0,0.0,0.0,0.5,0.002435064935064935,0.0318114201780068,3,0.0,0.9935064935064936,,,,,,,,,,,
dendro,bigram,no_origin,12,unith,Nielsen,top_four,5S,308,14,15,0.9935064935064936,0.0,0.0,0.0,0.0,0.0,0.0,0.5,0.002705627737881301,0.03418937621558906,3,0.0,0.9935064935064936,,,,,,,,,,,
dendro,bigram,no_origin,12,unith,Nielsen,top_four,5S,308,15,16,0.9935064935064936,0.0,0.0,0.0,0.0,0.0,0.0,0.5,0.002705627737881301,0.03418937621558906,3,0.0,0.9935064935064936,,,,,,,,,,,
dendro,bigram,no_origin,12,unith,Nielsen,top_four,5S,308,16,17,0.7922077922077922,0.0,0.0,0.0,0.0,0.0,0.4416666701436005,0.5,0.07462121333394732,0.15141640829153521,5,0.0,0.7922077922077922,,,,,,,,,,,
dendro,bigram,no_origin,12,unith,Nielsen,top_four,5S,308,17,18,0.9902597402597403,0.0,0.0,0.0,0.0,0.0,0.0,0.5,0.003517316049569613,0.036978763690792615,4,0.0,0.9902597402597403,,,,,,,,,,,
dendro,bigram,no_origin,12,unith,Nielsen,top_four,5S,308,18,19,0.9837662337662337,0.0,0.0,0.0,0.0,0.0,0.0,0.5,0.007575757608011172,0.05967977385062526,3,0.0,0.9837662337662337,,,,,,,,,,,
dendro,bigram,no_origin,12,unith,Nielsen,top_four,5S,308,19,21,0.9935064935064936,0.0,0.0,0.0,0.0,0.0,0.0,0.5,0.003246753246753247,0.04022547391441449,2,0.0,0.9935064935064936,,,,,,,,,,,
dendro,bigram,no_origin,12,unith,Nielsen,top_four,5S,308,20,22,1.0,0.0,0.0,0.0,0.0,0.0,0.0,0.0,0.0,0.0,1,0.0,1.0,,,,,,,,,,,
dendro,bigram,no_origin,12,unith,Nielsen,top_four,5S,308,21,23,0.9967532467532467,0.0,0.0,0.0,0.0,0.0,0.0,0.3333333432674408,0.0010822511145046779,0.018993429975987963,2,0.0,0.9967532467532467,,,,,,,,,,,
dendro,bigram,no_origin,12,unith,Nielsen,top_four,5S,308,22,24,1.0,0.0,0.0,0.0,0.0,0.0,0.0,0.0,0.0,0.0,1,0.0,1.0,,,,,,,,,,,
dendro,bigram,no_origin,12,unith,Nielsen,top_four,5S,308,23,25,0.9935064935064936,0.0,0.0,0.0,0.0,0.0,0.0,0.5,0.002705627737881301,0.03418937621558906,3,0.0,0.9935064935064936,,,,,,,,,,,
dendro,bigram,no_origin,12,unith,Nielsen,top_four,5S,308,24,26,1.0,0.0,0.0,0.0,0.0,0.0,0.0,0.0,0.0,0.0,1,0.0,1.0,,,,,,,,,,,
dendro,bigram,no_origin,12,unith,Nielsen,top_four,5S,308,25,27,1.0,0.0,0.0,0.0,0.0,0.0,0.0,0.0,0.0,0.0,1,0.0,1.0,,,,,,,,,,,
dendro,bigram,no_origin,12,unith,Nielsen,top_four,5S,308,26,28,1.0,0.0,0.0,0.0,0.0,0.0,0.0,0.0,0.0,0.0,1,0.0,1.0,,,,,,,,,,,
dendro,bigram,no_origin,12,unith,Nielsen,top_four,5S,308,27,29,1.0,0.0,0.0,0.0,0.0,0.0,0.0,0.0,0.0,0.0,1,0.0,1.0,,,,,,,,,,,
dendro,bigram,no_origin,12,unith,Nielsen,top_four,5S,308,28,30,1.0,0.0,0.0,0.0,0.0,0.0,0.0,0.0,0.0,0.0,1,0.0,1.0,,,,,,,,,,,
dendro,bigram,no_origin,12,unith,Nielsen,top_four,5S,308,29,31,0.9935064935064936,0.0,0.0,0.0,0.0,0.0,0.0,0.3333333432674408,0.0021645022290093558,0.026816983408818017,2,0.0,0.9935064935064936,,,,,,,,,,,
dendro,bigram,no_origin,12,unith,Nielsen,top_four,5S,308,30,33,1.0,0.0,0.0,0.0,0.0,0.0,0.0,0.0,0.0,0.0,1,0.0,1.0,,,,,,,,,,,
dendro,bigram,no_origin,12,unith,Nielsen,top_four,5S,308,31,34,1.0,0.0,0.0,0.0,0.0,0.0,0.0,0.0,0.0,0.0,1,0.0,1.0,,,,,,,,,,,
dendro,bigram,no_origin,12,unith,Nielsen,top_four,5S,308,32,35,1.0,0.0,0.0,0.0,0.0,0.0,0.0,0.0,0.0,0.0,1,0.0,1.0,,,,,,,,,,,
dendro,bigram,no_origin,12,unith,Nielsen,top_four,5S,308,33,36,1.0,0.0,0.0,0.0,0.0,0.0,0.0,0.0,0.0,0.0,1,0.0,1.0,,,,,,,,,,,
dendro,bigram,no_origin,12,unith,Nielsen,top_four,5S,308,34,37,0.9837662337662337,0.0,0.0,0.0,0.0,0.0,0.0,0.5,0.005681818278578969,0.04551157532699746,4,0.0,0.9837662337662337,,,,,,,,,,,
dendro,bigram,no_origin,12,unith,Nielsen,top_four,5S,308,35,38,1.0,0.0,0.0,0.0,0.0,0.0,0.0,0.0,0.0,0.0,1,0.0,1.0,,,,,,,,,,,
dendro,bigram,no_origin,12,unith,Nielsen,top_four,5S,308,36,39,1.0,0.0,0.0,0.0,0.0,0.0,0.0,0.0,0.0,0.0,1,0.0,1.0,,,,,,,,,,,
dendro,bigram,no_origin,12,unith,Nielsen,top_four,5S,308,37,40,0.9967532467532467,0.0,0.0,0.0,0.0,0.0,0.0,0.5,0.0016233766233766235,0.02849014411490948,2,0.0,0.9967532467532467,,,,,,,,,,,
dendro,bigram,no_origin,12,unith,Nielsen,top_four,5S,308,38,41,1.0,0.0,0.0,0.0,0.0,0.0,0.0,0.0,0.0,0.0,1,0.0,1.0,,,,,,,,,,,
dendro,bigram,no_origin,12,unith,Nielsen,top_four,5S,308,39,42,0.9967532467532467,0.0,0.0,0.0,0.0,0.0,0.0,0.5,0.0016233766233766235,0.028490144114909483,2,0.0,0.9967532467532467,,,,,,,,,,,
dendro,bigram,no_origin,12,unith,Nielsen,top_four,5S,308,40,43,0.9967532467532467,0.0,0.0,0.0,0.0,0.0,0.0,0.20000000298023224,0.0006493506590267281,0.01139605781577829,2,0.0,0.9967532467532467,,,,,,,,,,,
dendro,bigram,no_origin,12,unith,Nielsen,top_four,5S,308,41,45,1.0,0.0,0.0,0.0,0.0,0.0,0.0,0.0,0.0,0.0,1,0.0,1.0,,,,,,,,,,,
dendro,bigram,no_origin,12,unith,Nielsen,top_four,5S,308,42,46,1.0,0.0,0.0,0.0,0.0,0.0,0.0,0.0,0.0,0.0,1,0.0,1.0,,,,,,,,,,,
dendro,bigram,no_origin,12,unith,Nielsen,top_four,5S,308,43,47,1.0,0.0,0.0,0.0,0.0,0.0,0.0,0.0,0.0,0.0,1,0.0,1.0,,,,,,,,,,,
dendro,bigram,no_origin,12,unith,Nielsen,top_four,5S,308,44,48,0.9902597402597403,0.0,0.0,0.0,0.0,0.0,0.0,0.5,0.0033549783969080292,0.03598969757905965,4,0.0,0.9902597402597403,,,,,,,,,,,
dendro,bigram,no_origin,12,unith,Nielsen,top_four,5S,308,45,49,0.9577922077922078,0.0,0.0,0.0,0.0,0.0,0.0,0.5,0.016233766427287806,0.0799123679913026,4,0.0,0.9577922077922078,,,,,,,,,,,
dendro,bigram,no_origin,12,unith,Nielsen,top_four,5S,308,46,50,0.9935064935064936,0.0,0.0,0.0,0.0,0.0,0.0,0.3333333432674408,0.0018939394261929896,0.023704637441012356,3,0.0,0.9935064935064936,,,,,,,,,,,
dendro,bigram,no_origin,12,unith,Nielsen,top_four,5S,308,47,51,1.0,0.0,0.0,0.0,0.0,0.0,0.0,0.0,0.0,0.0,1,0.0,1.0,,,,,,,,,,,
dendro,bigram,no_origin,12,unith,Nielsen,top_four,5S,308,48,52,1.0,0.0,0.0,0.0,0.0,0.0,0.0,0.0,0.0,0.0,1,0.0,1.0,,,,,,,,,,,
dendro,bigram,no_origin,12,unith,Nielsen,top_four,5S,308,49,53,0.9967532467532467,0.0,0.0,0.0,0.0,0.0,0.0,0.5,0.0016233766233766235,0.02849014411490948,2,0.0,0.9967532467532467,,,,,,,,,,,
dendro,bigram,no_origin,12,unith,Nielsen,top_four,5S,308,50,54,0.9935064935064936,0.0,0.0,0.0,0.0,0.0,0.0,0.5,0.003246753246753247,0.04022547391441449,2,0.0,0.9935064935064936,,,,,,,,,,,
dendro,bigram,no_origin,12,unith,Nielsen,top_four,5S,308,51,55,1.0,0.0,0.0,0.0,0.0,0.0,0.0,0.0,0.0,0.0,1,0.0,1.0,,,,,,,,,,,
dendro,bigram,no_origin,12,unith,Nielsen,top_four,5S,308,52,57,1.0,0.0,0.0,0.0,0.0,0.0,0.0,0.0,0.0,0.0,1,0.0,1.0,,,,,,,,,,,
dendro,bigram,no_origin,12,unith,Nielsen,top_four,5S,308,53,58,1.0,0.0,0.0,0.0,0.0,0.0,0.0,0.0,0.0,0.0,1,0.0,1.0,,,,,,,,,,,
dendro,bigram,no_origin,12,unith,Nielsen,top_four,5S,308,54,59,1.0,0.0,0.0,0.0,0.0,0.0,0.0,0.0,0.0,0.0,1,0.0,1.0,,,,,,,,,,,
dendro,bigram,no_origin,12,unith,Nielsen,top_four,5S,308,55,60,0.9448051948051948,0.0,0.0,0.0,0.0,0.0,0.25,0.5,0.019480519867562628,0.08253812249744039,4,0.0,0.9448051948051948,,,,,,,,,,,
dendro,bigram,no_origin,12,unith,Nielsen,top_four,5S,308,56,61,0.9675324675324676,0.0,0.0,0.0,0.0,0.0,0.0,0.5,0.010822511048285991,0.060311428105456796,4,0.0,0.9675324675324676,,,,,,,,,,,
dendro,bigram,no_origin,12,unith,Nielsen,top_four,5S,308,57,62,0.9772727272727273,0.0,0.0,0.0,0.0,0.0,0.0,0.5,0.007846320507588324,0.05259065840968016,4,0.0,0.9772727272727273,,,,,,,,,,,
dendro,bigram,no_origin,12,unith,Nielsen,top_four,5S,308,58,63,0.9967532467532467,0.0,0.0,0.0,0.0,0.0,0.0,0.25,0.0008116883116883117,0.01424507205745474,2,0.0,0.9967532467532467,,,,,,,,,,,
dendro,bigram,no_origin,12,unith,Nielsen,top_four,5S,308,59,64,0.9675324675324676,0.0,0.0,0.0,0.0,0.0,0.0,0.5,0.011201298904496355,0.06331047084650898,5,0.0,0.9675324675324676,,,,,,,,,,,
dendro,bigram,no_origin,12,unith,Nielsen,top_four,5S,308,60,65,1.0,0.0,0.0,0.0,0.0,0.0,0.0,0.0,0.0,0.0,1,0.0,1.0,,,,,,,,,,,
dendro,bigram,no_origin,12,unith,Nielsen,top_four,5S,308,61,66,0.9805194805194806,0.0,0.0,0.0,0.0,0.0,0.0,0.3333333432674408,0.005952381081395335,0.04265350786348925,3,0.0,0.9805194805194806,,,,,,,,,,,
dendro,bigram,no_origin,12,unith,Nielsen,top_four,5S,308,62,67,0.9253246753246753,0.0,0.0,0.0,0.0,0.0,0.3333333432674408,0.5,0.02527056329629638,0.09129164817584923,5,0.0,0.9253246753246753,,,,,,,,,,,
dendro,bigram,no_origin,12,unith,Nielsen,top_four,5S,308,63,69,0.9967532467532467,0.0,0.0,0.0,0.0,0.0,0.0,0.3333333432674408,0.0010822511145046779,0.018993429975987967,2,0.0,0.9967532467532467,,,,,,,,,,,
dendro,bigram,no_origin,12,unith,Nielsen,top_four,5S,308,64,70,1.0,0.0,0.0,0.0,0.0,0.0,0.0,0.0,0.0,0.0,1,0.0,1.0,,,,,,,,,,,
dendro,bigram,no_origin,12,unith,Nielsen,top_four,5S,308,65,71,0.9772727272727273,0.0,0.0,0.0,0.0,0.0,0.0,0.5,0.00865800872251585,0.05915072703069173,4,0.0,0.9772727272727273,,,,,,,,,,,
dendro,bigram,no_origin,12,unith,Nielsen,top_four,5S,308,66,72,1.0,0.0,0.0,0.0,0.0,0.0,0.0,0.0,0.0,0.0,1,0.0,1.0,,,,,,,,,,,
dendro,bigram,no_origin,12,unith,Nielsen,top_four,5S,308,67,73,0.9967532467532467,0.0,0.0,0.0,0.0,0.0,0.0,0.25,0.0008116883116883117,0.01424507205745474,2,0.0,0.9967532467532467,,,,,,,,,,,
dendro,bigram,no_origin,12,unith,Nielsen,top_four,5S,308,68,74,0.9967532467532467,0.0,0.0,0.0,0.0,0.0,0.0,0.5,0.0016233766233766235,0.02849014411490948,2,0.0,0.9967532467532467,,,,,,,,,,,
dendro,bigram,no_origin,12,unith,Nielsen,top_four,5S,308,69,75,0.9967532467532467,0.0,0.0,0.0,0.0,0.0,0.0,0.25,0.0008116883116883117,0.01424507205745474,2,0.0,0.9967532467532467,,,,,,,,,,,
dendro,bigram,no_origin,12,unith,Nielsen,top_four,5S,308,70,76,0.9967532467532467,0.0,0.0,0.0,0.0,0.0,0.0,0.3333333432674408,0.0010822511145046779,0.018993429975987963,2,0.0,0.9967532467532467,,,,,,,,,,,
dendro,bigram,no_origin,12,unith,Nielsen,top_four,5S,308,71,77,1.0,0.0,0.0,0.0,0.0,0.0,0.0,0.0,0.0,0.0,1,0.0,1.0,,,,,,,,,,,
dendro,bigram,no_origin,12,unith,Nielsen,top_four,5S,308,72,78,1.0,0.0,0.0,0.0,0.0,0.0,0.0,0.0,0.0,0.0,1,0.0,1.0,,,,,,,,,,,
dendro,bigram,no_origin,12,unith,Nielsen,top_four,5S,308,73,79,0.9935064935064936,0.0,0.0,0.0,0.0,0.0,0.0,0.5,0.002705627737881301,0.03418937621558906,3,0.0,0.9935064935064936,,,,,,,,,,,
dendro,bigram,no_origin,12,unith,Nielsen,top_four,5S,308,74,81,1.0,0.0,0.0,0.0,0.0,0.0,0.0,0.0,0.0,0.0,1,0.0,1.0,,,,,,,,,,,
dendro,bigram,no_origin,12,unith,Nielsen,top_four,5S,308,75,82,1.0,0.0,0.0,0.0,0.0,0.0,0.0,0.0,0.0,0.0,1,0.0,1.0,,,,,,,,,,,
dendro,bigram,no_origin,12,unith,Nielsen,top_four,5S,308,76,83,1.0,0.0,0.0,0.0,0.0,0.0,0.0,0.0,0.0,0.0,1,0.0,1.0,,,,,,,,,,,
dendro,bigram,no_origin,12,unith,Nielsen,top_four,5S,308,77,84,0.9967532467532467,0.0,0.0,0.0,0.0,0.0,0.0,0.20000000298023224,0.0006493506590267281,0.01139605781577829,2,0.0,0.9967532467532467,,,,,,,,,,,
dendro,bigram,no_origin,12,unith,Nielsen,top_four,5S,308,78,85,0.9902597402597403,0.0,0.0,0.0,0.0,0.0,0.0,0.3333333432674408,0.0029761905406976677,0.030307547395672194,3,0.0,0.9902597402597403,,,,,,,,,,,
dendro,bigram,no_origin,12,unith,Nielsen,top_four,5S,308,79,86,0.9935064935064936,0.0,0.0,0.0,0.0,0.0,0.0,0.3333333432674408,0.0018939394261929896,0.02370463744101236,3,0.0,0.9935064935064936,,,,,,,,,,,
dendro,bigram,no_origin,12,unith,Nielsen,top_four,5S,308,80,87,0.9967532467532467,0.0,0.0,0.0,0.0,0.0,0.0,0.3333333432674408,0.0010822511145046779,0.018993429975987967,2,0.0,0.9967532467532467,,,,,,,,,,,
dendro,bigram,no_origin,12,unith,Nielsen,top_four,5S,308,81,88,1.0,0.0,0.0,0.0,0.0,0.0,0.0,0.0,0.0,0.0,1,0.0,1.0,,,,,,,,,,,
dendro,bigram,no_origin,12,unith,Nielsen,top_four,5S,308,82,89,1.0,0.0,0.0,0.0,0.0,0.0,0.0,0.0,0.0,0.0,1,0.0,1.0,,,,,,,,,,,
dendro,bigram,no_origin,12,unith,Nielsen,top_four,5S,308,83,90,0.987012987012987,0.0,0.0,0.0,0.0,0.0,0.0,0.5,0.004599567164074291,0.04147940825398273,4,0.0,0.987012987012987,,,,,,,,,,,
dendro,bigram,no_origin,12,unith,Nielsen,top_four,5S,308,84,91,1.0,0.0,0.0,0.0,0.0,0.0,0.0,0.0,0.0,0.0,1,0.0,1.0,,,,,,,,,,,
dendro,bigram,no_origin,12,unith,Nielsen,top_four,5S,308,85,93,1.0,0.0,0.0,0.0,0.0,0.0,0.0,0.0,0.0,0.0,1,0.0,1.0,,,,,,,,,,,
dendro,bigram,no_origin,12,unith,Nielsen,top_four,5S,308,86,94,1.0,0.0,0.0,0.0,0.0,0.0,0.0,0.0,0.0,0.0,1,0.0,1.0,,,,,,,,,,,
dendro,bigram,no_origin,12,unith,Nielsen,top_four,5S,308,87,95,1.0,0.0,0.0,0.0,0.0,0.0,0.0,0.0,0.0,0.0,1,0.0,1.0,,,,,,,,,,,
dendro,bigram,no_origin,12,unith,Nielsen,top_four,5S,308,88,108,1.0,0.0,0.0,0.0,0.0,0.0,0.0,0.0,0.0,0.0,1,0.0,1.0,,,,,,,,,,,
dendro,bigram,no_origin,12,unith,Nielsen,top_four,5S,308,89,109,1.0,0.0,0.0,0.0,0.0,0.0,0.0,0.0,0.0,0.0,1,0.0,1.0,,,,,,,,,,,
dendro,bigram,no_origin,12,unith,Nielsen,top_four,5S,308,90,110,1.0,0.0,0.0,0.0,0.0,0.0,0.0,0.0,0.0,0.0,1,0.0,1.0,,,,,,,,,,,
dendro,bigram,no_origin,12,unith,Nielsen,top_four,5S,308,91,111,1.0,0.0,0.0,0.0,0.0,0.0,0.0,0.0,0.0,0.0,1,0.0,1.0,,,,,,,,,,,
dendro,bigram,no_origin,12,unith,Nielsen,top_four,5S,308,92,112,1.0,0.0,0.0,0.0,0.0,0.0,0.0,0.0,0.0,0.0,1,0.0,1.0,,,,,,,,,,,
dendro,bigram,no_origin,12,unith,Nielsen,top_four,5S,308,93,113,1.0,0.0,0.0,0.0,0.0,0.0,0.0,0.0,0.0,0.0,1,0.0,1.0,,,,,,,,,,,
dendro,bigram,no_origin,12,unith,Nielsen,top_four,5S,308,94,114,1.0,0.0,0.0,0.0,0.0,0.0,0.0,0.0,0.0,0.0,1,0.0,1.0,,,,,,,,,,,
dendro,bigram,no_origin,12,unith,Nielsen,top_four,5S,308,95,115,1.0,0.0,0.0,0.0,0.0,0.0,0.0,0.0,0.0,0.0,1,0.0,1.0,,,,,,,,,,,
dendro,bigram,no_origin,12,unith,Nielsen,top_four,5S,308,96,117,1.0,0.0,0.0,0.0,0.0,0.0,0.0,0.0,0.0,0.0,1,0.0,1.0,,,,,,,,,,,
dendro,bigram,no_origin,12,unith,Nielsen,top_four,5S,308,97,118,1.0,0.0,0.0,0.0,0.0,0.0,0.0,0.0,0.0,0.0,1,0.0,1.0,,,,,,,,,,,
dendro,bigram,no_origin,12,unith,Nielsen,top_four,5S,308,98,119,1.0,0.0,0.0,0.0,0.0,0.0,0.0,0.0,0.0,0.0,1,0.0,1.0,,,,,,,,,,,
dendro,bigram,no_origin,12,unith,Nielsen,top_four,5S,308,99,120,1.0,0.0,0.0,0.0,0.0,0.0,0.0,0.0,0.0,0.0,1,0.0,1.0,,,,,,,,,,,
dendro,bigram,no_origin,12,unith,Nielsen,top_four,5S,308,100,121,1.0,0.0,0.0,0.0,0.0,0.0,0.0,0.0,0.0,0.0,1,0.0,1.0,,,,,,,,,,,
dendro,bigram,no_origin,12,unith,Nielsen,top_four,5S,308,101,122,1.0,0.0,0.0,0.0,0.0,0.0,0.0,0.0,0.0,0.0,1,0.0,1.0,,,,,,,,,,,
dendro,bigram,no_origin,12,unith,Nielsen,top_four,5S,308,102,123,1.0,0.0,0.0,0.0,0.0,0.0,0.0,0.0,0.0,0.0,1,0.0,1.0,,,,,,,,,,,
dendro,bigram,no_origin,12,unith,Nielsen,top_four,5S,308,103,124,0.9967532467532467,0.0,0.0,0.0,0.0,0.0,0.0,0.3333333432674408,0.0010822511145046779,0.018993429975987963,2,0.0,0.9967532467532467,,,,,,,,,,,
dendro,bigram,no_origin,12,unith,Nielsen,top_four,5S,308,104,125,1.0,0.0,0.0,0.0,0.0,0.0,0.0,0.0,0.0,0.0,1,0.0,1.0,,,,,,,,,,,
dendro,bigram,no_origin,12,unith,Nielsen,top_four,5S,308,105,126,1.0,0.0,0.0,0.0,0.0,0.0,0.0,0.0,0.0,0.0,1,0.0,1.0,,,,,,,,,,,
dendro,bigram,no_origin,12,unith,Nielsen,top_four,5S,308,106,127,1.0,0.0,0.0,0.0,0.0,0.0,0.0,0.0,0.0,0.0,1,0.0,1.0,,,,,,,,,,,
dendro,bigram,no_origin,12,unith,Nielsen,top_four,5S,308,107,129,1.0,0.0,0.0,0.0,0.0,0.0,0.0,0.0,0.0,0.0,1,0.0,1.0,,,,,,,,,,,
dendro,bigram,no_origin,12,unith,Nielsen,top_four,5S,308,108,130,1.0,0.0,0.0,0.0,0.0,0.0,0.0,0.0,0.0,0.0,1,0.0,1.0,,,,,,,,,,,
dendro,bigram,no_origin,12,unith,Nielsen,top_four,5S,308,109,131,1.0,0.0,0.0,0.0,0.0,0.0,0.0,0.0,0.0,0.0,1,0.0,1.0,,,,,,,,,,,
dendro,bigram,no_origin,12,unith,Nielsen,top_four,5S,308,110,132,0.9837662337662337,0.0,0.0,0.0,0.0,0.0,0.0,0.5,0.006222943787450914,0.05017217672498217,4,0.0,0.9837662337662337,,,,,,,,,,,
dendro,bigram,no_origin,12,unith,Nielsen,top_four,5S,308,111,133,0.9935064935064936,0.0,0.0,0.0,0.0,0.0,0.0,0.3333333432674408,0.0021645022290093558,0.026816983408818013,2,0.0,0.9935064935064936,,,,,,,,,,,
dendro,bigram,no_origin,12,unith,Nielsen,top_four,5S,308,112,134,1.0,0.0,0.0,0.0,0.0,0.0,0.0,0.0,0.0,0.0,1,0.0,1.0,,,,,,,,,,,
dendro,bigram,no_origin,12,unith,Nielsen,top_four,5S,308,113,135,1.0,0.0,0.0,0.0,0.0,0.0,0.0,0.0,0.0,0.0,1,0.0,1.0,,,,,,,,,,,
dendro,bigram,no_origin,12,unith,Nielsen,top_four,5S,308,114,136,0.9967532467532467,0.0,0.0,0.0,0.0,0.0,0.0,0.3333333432674408,0.0010822511145046779,0.018993429975987967,2,0.0,0.9967532467532467,,,,,,,,,,,
dendro,bigram,no_origin,12,unith,Nielsen,top_four,5S,308,115,137,0.9935064935064936,0.0,0.0,0.0,0.0,0.0,0.0,0.3333333432674408,0.0018939394261929896,0.023704637441012356,3,0.0,0.9935064935064936,,,,,,,,,,,
dendro,bigram,no_origin,12,unith,Nielsen,top_four,5S,308,116,138,1.0,0.0,0.0,0.0,0.0,0.0,0.0,0.0,0.0,0.0,1,0.0,1.0,,,,,,,,,,,
dendro,bigram,no_origin,12,unith,Nielsen,top_four,5S,308,117,139,1.0,0.0,0.0,0.0,0.0,0.0,0.0,0.0,0.0,0.0,1,0.0,1.0,,,,,,,,,,,
dendro,bigram,no_origin,12,unith,Nielsen,top_four,5S,308,118,141,1.0,0.0,0.0,0.0,0.0,0.0,0.0,0.0,0.0,0.0,1,0.0,1.0,,,,,,,,,,,
dendro,bigram,no_origin,12,unith,Nielsen,top_four,5S,308,119,142,1.0,0.0,0.0,0.0,0.0,0.0,0.0,0.0,0.0,0.0,1,0.0,1.0,,,,,,,,,,,
dendro,bigram,no_origin,12,unith,Nielsen,top_four,5S,308,120,143,1.0,0.0,0.0,0.0,0.0,0.0,0.0,0.0,0.0,0.0,1,0.0,1.0,,,,,,,,,,,
dendro,bigram,no_origin,12,unith,Nielsen,top_four,5S,308,__vector__,__vector__,0.9932918321348073,,,,,,,,,,,,,0.8116883116883117,,,,,,,,,,
dendro,bigram,no_origin,12,unith,Nielsen,top_four,6H,6,0,0,1.0,0.0,0.0,0.0,0.0,0.0,0.0,0.0,0.0,0.0,1,0.0,1.0,,,,,,,,,,,
dendro,bigram,no_origin,12,unith,Nielsen,top_four,6H,6,1,1,1.0,0.0,0.0,0.0,0.0,0.0,0.0,0.0,0.0,0.0,1,0.0,1.0,,,,,,,,,,,
dendro,bigram,no_origin,12,unith,Nielsen,top_four,6H,6,2,2,1.0,0.0,0.0,0.0,0.0,0.0,0.0,0.0,0.0,0.0,1,0.0,1.0,,,,,,,,,,,
dendro,bigram,no_origin,12,unith,Nielsen,top_four,6H,6,3,3,0.8333333333333334,0.0,0.0,0.0,0.0,0.0,0.2500000074505806,0.3333333432674408,0.055555557211240135,0.13608276754353674,2,0.0,0.8333333333333334,,,,,,,,,,,
dendro,bigram,no_origin,12,unith,Nielsen,top_four,6H,6,4,4,1.0,0.0,0.0,0.0,0.0,0.0,0.0,0.0,0.0,0.0,1,0.0,1.0,,,,,,,,,,,
dendro,bigram,no_origin,12,unith,Nielsen,top_four,6H,6,5,5,1.0,0.0,0.0,0.0,0.0,0.0,0.0,0.0,0.0,0.0,1,0.0,1.0,,,,,,,,,,,
dendro,bigram,no_origin,12,unith,Nielsen,top_four,6H,6,6,6,1.0,0.0,0.0,0.0,0.0,0.0,0.0,0.0,0.0,0.0,1,0.0,1.0,,,,,,,,,,,
dendro,bigram,no_origin,12,unith,Nielsen,top_four,6H,6,7,7,1.0,0.0,0.0,0.0,0.0,0.0,0.0,0.0,0.0,0.0,1,0.0,1.0,,,,,,,,,,,
dendro,bigram,no_origin,12,unith,Nielsen,top_four,6H,6,8,9,1.0,0.0,0.0,0.0,0.0,0.0,0.0,0.0,0.0,0.0,1,0.0,1.0,,,,,,,,,,,
dendro,bigram,no_origin,12,unith,Nielsen,top_four,6H,6,9,10,1.0,0.0,0.0,0.0,0.0,0.0,0.0,0.0,0.0,0.0,1,0.0,1.0,,,,,,,,,,,
dendro,bigram,no_origin,12,unith,Nielsen,top_four,6H,6,10,11,1.0,0.0,0.0,0.0,0.0,0.0,0.0,0.0,0.0,0.0,1,0.0,1.0,,,,,,,,,,,
dendro,bigram,no_origin,12,unith,Nielsen,top_four,6H,6,11,12,0.6666666666666666,0.0,0.0,0.0,0.0,0.2500000074505806,0.4583333358168602,0.5,0.13888889054457346,0.2215266910481148,3,0.0,0.6666666666666666,,,,,,,,,,,
dendro,bigram,no_origin,12,unith,Nielsen,top_four,6H,6,12,13,1.0,0.0,0.0,0.0,0.0,0.0,0.0,0.0,0.0,0.0,1,0.0,1.0,,,,,,,,,,,
dendro,bigram,no_origin,12,unith,Nielsen,top_four,6H,6,13,14,1.0,0.0,0.0,0.0,0.0,0.0,0.0,0.0,0.0,0.0,1,0.0,1.0,,,,,,,,,,,
dendro,bigram,no_origin,12,unith,Nielsen,top_four,6H,6,14,15,1.0,0.0,0.0,0.0,0.0,0.0,0.0,0.0,0.0,0.0,1,0.0,1.0,,,,,,,,,,,
dendro,bigram,no_origin,12,unith,Nielsen,top_four,6H,6,15,16,1.0,0.0,0.0,0.0,0.0,0.0,0.0,0.0,0.0,0.0,1,0.0,1.0,,,,,,,,,,,
dendro,bigram,no_origin,12,unith,Nielsen,top_four,6H,6,16,17,1.0,0.0,0.0,0.0,0.0,0.0,0.0,0.0,0.0,0.0,1,0.0,1.0,,,,,,,,,,,
dendro,bigram,no_origin,12,unith,Nielsen,top_four,6H,6,17,18,1.0,0.0,0.0,0.0,0.0,0.0,0.0,0.0,0.0,0.0,1,0.0,1.0,,,,,,,,,,,
dendro,bigram,no_origin,12,unith,Nielsen,top_four,6H,6,18,19,1.0,0.0,0.0,0.0,0.0,0.0,0.0,0.0,0.0,0.0,1,0.0,1.0,,,,,,,,,,,
dendro,bigram,no_origin,12,unith,Nielsen,top_four,6H,6,19,21,1.0,0.0,0.0,0.0,0.0,0.0,0.0,0.0,0.0,0.0,1,0.0,1.0,,,,,,,,,,,
dendro,bigram,no_origin,12,unith,Nielsen,top_four,6H,6,20,22,1.0,0.0,0.0,0.0,0.0,0.0,0.0,0.0,0.0,0.0,1,0.0,1.0,,,,,,,,,,,
dendro,bigram,no_origin,12,unith,Nielsen,top_four,6H,6,21,23,1.0,0.0,0.0,0.0,0.0,0.0,0.0,0.0,0.0,0.0,1,0.0,1.0,,,,,,,,,,,
dendro,bigram,no_origin,12,unith,Nielsen,top_four,6H,6,22,24,1.0,0.0,0.0,0.0,0.0,0.0,0.0,0.0,0.0,0.0,1,0.0,1.0,,,,,,,,,,,
dendro,bigram,no_origin,12,unith,Nielsen,top_four,6H,6,23,25,1.0,0.0,0.0,0.0,0.0,0.0,0.0,0.0,0.0,0.0,1,0.0,1.0,,,,,,,,,,,
dendro,bigram,no_origin,12,unith,Nielsen,top_four,6H,6,24,26,1.0,0.0,0.0,0.0,0.0,0.0,0.0,0.0,0.0,0.0,1,0.0,1.0,,,,,,,,,,,
dendro,bigram,no_origin,12,unith,Nielsen,top_four,6H,6,25,27,1.0,0.0,0.0,0.0,0.0,0.0,0.0,0.0,0.0,0.0,1,0.0,1.0,,,,,,,,,,,
dendro,bigram,no_origin,12,unith,Nielsen,top_four,6H,6,26,28,1.0,0.0,0.0,0.0,0.0,0.0,0.0,0.0,0.0,0.0,1,0.0,1.0,,,,,,,,,,,
dendro,bigram,no_origin,12,unith,Nielsen,top_four,6H,6,27,29,1.0,0.0,0.0,0.0,0.0,0.0,0.0,0.0,0.0,0.0,1,0.0,1.0,,,,,,,,,,,
dendro,bigram,no_origin,12,unith,Nielsen,top_four,6H,6,28,30,1.0,0.0,0.0,0.0,0.0,0.0,0.0,0.0,0.0,0.0,1,0.0,1.0,,,,,,,,,,,
dendro,bigram,no_origin,12,unith,Nielsen,top_four,6H,6,29,31,1.0,0.0,0.0,0.0,0.0,0.0,0.0,0.0,0.0,0.0,1,0.0,1.0,,,,,,,,,,,
dendro,bigram,no_origin,12,unith,Nielsen,top_four,6H,6,30,33,1.0,0.0,0.0,0.0,0.0,0.0,0.0,0.0,0.0,0.0,1,0.0,1.0,,,,,,,,,,,
dendro,bigram,no_origin,12,unith,Nielsen,top_four,6H,6,31,34,1.0,0.0,0.0,0.0,0.0,0.0,0.0,0.0,0.0,0.0,1,0.0,1.0,,,,,,,,,,,
dendro,bigram,no_origin,12,unith,Nielsen,top_four,6H,6,32,35,1.0,0.0,0.0,0.0,0.0,0.0,0.0,0.0,0.0,0.0,1,0.0,1.0,,,,,,,,,,,
dendro,bigram,no_origin,12,unith,Nielsen,top_four,6H,6,33,36,1.0,0.0,0.0,0.0,0.0,0.0,0.0,0.0,0.0,0.0,1,0.0,1.0,,,,,,,,,,,
dendro,bigram,no_origin,12,unith,Nielsen,top_four,6H,6,34,37,1.0,0.0,0.0,0.0,0.0,0.0,0.0,0.0,0.0,0.0,1,0.0,1.0,,,,,,,,,,,
dendro,bigram,no_origin,12,unith,Nielsen,top_four,6H,6,35,38,1.0,0.0,0.0,0.0,0.0,0.0,0.0,0.0,0.0,0.0,1,0.0,1.0,,,,,,,,,,,
dendro,bigram,no_origin,12,unith,Nielsen,top_four,6H,6,36,39,1.0,0.0,0.0,0.0,0.0,0.0,0.0,0.0,0.0,0.0,1,0.0,1.0,,,,,,,,,,,
dendro,bigram,no_origin,12,unith,Nielsen,top_four,6H,6,37,40,1.0,0.0,0.0,0.0,0.0,0.0,0.0,0.0,0.0,0.0,1,0.0,1.0,,,,,,,,,,,
dendro,bigram,no_origin,12,unith,Nielsen,top_four,6H,6,38,41,1.0,0.0,0.0,0.0,0.0,0.0,0.0,0.0,0.0,0.0,1,0.0,1.0,,,,,,,,,,,
dendro,bigram,no_origin,12,unith,Nielsen,top_four,6H,6,39,42,1.0,0.0,0.0,0.0,0.0,0.0,0.0,0.0,0.0,0.0,1,0.0,1.0,,,,,,,,,,,
dendro,bigram,no_origin,12,unith,Nielsen,top_four,6H,6,40,43,1.0,0.0,0.0,0.0,0.0,0.0,0.0,0.0,0.0,0.0,1,0.0,1.0,,,,,,,,,,,
dendro,bigram,no_origin,12,unith,Nielsen,top_four,6H,6,41,45,1.0,0.0,0.0,0.0,0.0,0.0,0.0,0.0,0.0,0.0,1,0.0,1.0,,,,,,,,,,,
dendro,bigram,no_origin,12,unith,Nielsen,top_four,6H,6,42,46,1.0,0.0,0.0,0.0,0.0,0.0,0.0,0.0,0.0,0.0,1,0.0,1.0,,,,,,,,,,,
dendro,bigram,no_origin,12,unith,Nielsen,top_four,6H,6,43,47,1.0,0.0,0.0,0.0,0.0,0.0,0.0,0.0,0.0,0.0,1,0.0,1.0,,,,,,,,,,,
dendro,bigram,no_origin,12,unith,Nielsen,top_four,6H,6,44,48,1.0,0.0,0.0,0.0,0.0,0.0,0.0,0.0,0.0,0.0,1,0.0,1.0,,,,,,,,,,,
dendro,bigram,no_origin,12,unith,Nielsen,top_four,6H,6,45,49,1.0,0.0,0.0,0.0,0.0,0.0,0.0,0.0,0.0,0.0,1,0.0,1.0,,,,,,,,,,,
dendro,bigram,no_origin,12,unith,Nielsen,top_four,6H,6,46,50,1.0,0.0,0.0,0.0,0.0,0.0,0.0,0.0,0.0,0.0,1,0.0,1.0,,,,,,,,,,,
dendro,bigram,no_origin,12,unith,Nielsen,top_four,6H,6,47,51,1.0,0.0,0.0,0.0,0.0,0.0,0.0,0.0,0.0,0.0,1,0.0,1.0,,,,,,,,,,,
dendro,bigram,no_origin,12,unith,Nielsen,top_four,6H,6,48,52,1.0,0.0,0.0,0.0,0.0,0.0,0.0,0.0,0.0,0.0,1,0.0,1.0,,,,,,,,,,,
dendro,bigram,no_origin,12,unith,Nielsen,top_four,6H,6,49,53,1.0,0.0,0.0,0.0,0.0,0.0,0.0,0.0,0.0,0.0,1,0.0,1.0,,,,,,,,,,,
dendro,bigram,no_origin,12,unith,Nielsen,top_four,6H,6,50,54,1.0,0.0,0.0,0.0,0.0,0.0,0.0,0.0,0.0,0.0,1,0.0,1.0,,,,,,,,,,,
dendro,bigram,no_origin,12,unith,Nielsen,top_four,6H,6,51,55,1.0,0.0,0.0,0.0,0.0,0.0,0.0,0.0,0.0,0.0,1,0.0,1.0,,,,,,,,,,,
dendro,bigram,no_origin,12,unith,Nielsen,top_four,6H,6,52,57,1.0,0.0,0.0,0.0,0.0,0.0,0.0,0.0,0.0,0.0,1,0.0,1.0,,,,,,,,,,,
dendro,bigram,no_origin,12,unith,Nielsen,top_four,6H,6,53,58,1.0,0.0,0.0,0.0,0.0,0.0,0.0,0.0,0.0,0.0,1,0.0,1.0,,,,,,,,,,,
dendro,bigram,no_origin,12,unith,Nielsen,top_four,6H,6,54,59,1.0,0.0,0.0,0.0,0.0,0.0,0.0,0.0,0.0,0.0,1,0.0,1.0,,,,,,,,,,,
dendro,bigram,no_origin,12,unith,Nielsen,top_four,6H,6,55,60,1.0,0.0,0.0,0.0,0.0,0.0,0.0,0.0,0.0,0.0,1,0.0,1.0,,,,,,,,,,,
dendro,bigram,no_origin,12,unith,Nielsen,top_four,6H,6,56,61,1.0,0.0,0.0,0.0,0.0,0.0,0.0,0.0,0.0,0.0,1,0.0,1.0,,,,,,,,,,,
dendro,bigram,no_origin,12,unith,Nielsen,top_four,6H,6,57,62,1.0,0.0,0.0,0.0,0.0,0.0,0.0,0.0,0.0,0.0,1,0.0,1.0,,,,,,,,,,,
dendro,bigram,no_origin,12,unith,Nielsen,top_four,6H,6,58,63,1.0,0.0,0.0,0.0,0.0,0.0,0.0,0.0,0.0,0.0,1,0.0,1.0,,,,,,,,,,,
dendro,bigram,no_origin,12,unith,Nielsen,top_four,6H,6,59,64,0.8333333333333334,0.0,0.0,0.0,0.0,0.0,0.2500000074505806,0.3333333432674408,0.055555557211240135,0.13608276754353674,2,0.0,0.8333333333333334,,,,,,,,,,,
dendro,bigram,no_origin,12,unith,Nielsen,top_four,6H,6,60,65,1.0,0.0,0.0,0.0,0.0,0.0,0.0,0.0,0.0,0.0,1,0.0,1.0,,,,,,,,,,,
dendro,bigram,no_origin,12,unith,Nielsen,top_four,6H,6,61,66,1.0,0.0,0.0,0.0,0.0,0.0,0.0,0.0,0.0,0.0,1,0.0,1.0,,,,,,,,,,,
dendro,bigram,no_origin,12,unith,Nielsen,top_four,6H,6,62,67,1.0,0.0,0.0,0.0,0.0,0.0,0.0,0.0,0.0,0.0,1,0.0,1.0,,,,,,,,,,,
dendro,bigram,no_origin,12,unith,Nielsen,top_four,6H,6,63,69,1.0,0.0,0.0,0.0,0.0,0.0,0.0,0.0,0.0,0.0,1,0.0,1.0,,,,,,,,,,,
dendro,bigram,no_origin,12,unith,Nielsen,top_four,6H,6,64,70,1.0,0.0,0.0,0.0,0.0,0.0,0.0,0.0,0.0,0.0,1,0.0,1.0,,,,,,,,,,,
dendro,bigram,no_origin,12,unith,Nielsen,top_four,6H,6,65,71,1.0,0.0,0.0,0.0,0.0,0.0,0.0,0.0,0.0,0.0,1,0.0,1.0,,,,,,,,,,,
dendro,bigram,no_origin,12,unith,Nielsen,top_four,6H,6,66,72,1.0,0.0,0.0,0.0,0.0,0.0,0.0,0.0,0.0,0.0,1,0.0,1.0,,,,,,,,,,,
dendro,bigram,no_origin,12,unith,Nielsen,top_four,6H,6,67,73,1.0,0.0,0.0,0.0,0.0,0.0,0.0,0.0,0.0,0.0,1,0.0,1.0,,,,,,,,,,,
dendro,bigram,no_origin,12,unith,Nielsen,top_four,6H,6,68,74,1.0,0.0,0.0,0.0,0.0,0.0,0.0,0.0,0.0,0.0,1,0.0,1.0,,,,,,,,,,,
dendro,bigram,no_origin,12,unith,Nielsen,top_four,6H,6,69,75,1.0,0.0,0.0,0.0,0.0,0.0,0.0,0.0,0.0,0.0,1,0.0,1.0,,,,,,,,,,,
dendro,bigram,no_origin,12,unith,Nielsen,top_four,6H,6,70,76,1.0,0.0,0.0,0.0,0.0,0.0,0.0,0.0,0.0,0.0,1,0.0,1.0,,,,,,,,,,,
dendro,bigram,no_origin,12,unith,Nielsen,top_four,6H,6,71,77,1.0,0.0,0.0,0.0,0.0,0.0,0.0,0.0,0.0,0.0,1,0.0,1.0,,,,,,,,,,,
dendro,bigram,no_origin,12,unith,Nielsen,top_four,6H,6,72,78,1.0,0.0,0.0,0.0,0.0,0.0,0.0,0.0,0.0,0.0,1,0.0,1.0,,,,,,,,,,,
dendro,bigram,no_origin,12,unith,Nielsen,top_four,6H,6,73,79,1.0,0.0,0.0,0.0,0.0,0.0,0.0,0.0,0.0,0.0,1,0.0,1.0,,,,,,,,,,,
dendro,bigram,no_origin,12,unith,Nielsen,top_four,6H,6,74,81,1.0,0.0,0.0,0.0,0.0,0.0,0.0,0.0,0.0,0.0,1,0.0,1.0,,,,,,,,,,,
dendro,bigram,no_origin,12,unith,Nielsen,top_four,6H,6,75,82,1.0,0.0,0.0,0.0,0.0,0.0,0.0,0.0,0.0,0.0,1,0.0,1.0,,,,,,,,,,,
dendro,bigram,no_origin,12,unith,Nielsen,top_four,6H,6,76,83,1.0,0.0,0.0,0.0,0.0,0.0,0.0,0.0,0.0,0.0,1,0.0,1.0,,,,,,,,,,,
dendro,bigram,no_origin,12,unith,Nielsen,top_four,6H,6,77,84,1.0,0.0,0.0,0.0,0.0,0.0,0.0,0.0,0.0,0.0,1,0.0,1.0,,,,,,,,,,,
dendro,bigram,no_origin,12,unith,Nielsen,top_four,6H,6,78,85,1.0,0.0,0.0,0.0,0.0,0.0,0.0,0.0,0.0,0.0,1,0.0,1.0,,,,,,,,,,,
dendro,bigram,no_origin,12,unith,Nielsen,top_four,6H,6,79,86,1.0,0.0,0.0,0.0,0.0,0.0,0.0,0.0,0.0,0.0,1,0.0,1.0,,,,,,,,,,,
dendro,bigram,no_origin,12,unith,Nielsen,top_four,6H,6,80,87,1.0,0.0,0.0,0.0,0.0,0.0,0.0,0.0,0.0,0.0,1,0.0,1.0,,,,,,,,,,,
dendro,bigram,no_origin,12,unith,Nielsen,top_four,6H,6,81,88,1.0,0.0,0.0,0.0,0.0,0.0,0.0,0.0,0.0,0.0,1,0.0,1.0,,,,,,,,,,,
dendro,bigram,no_origin,12,unith,Nielsen,top_four,6H,6,82,89,1.0,0.0,0.0,0.0,0.0,0.0,0.0,0.0,0.0,0.0,1,0.0,1.0,,,,,,,,,,,
dendro,bigram,no_origin,12,unith,Nielsen,top_four,6H,6,83,90,1.0,0.0,0.0,0.0,0.0,0.0,0.0,0.0,0.0,0.0,1,0.0,1.0,,,,,,,,,,,
dendro,bigram,no_origin,12,unith,Nielsen,top_four,6H,6,84,91,1.0,0.0,0.0,0.0,0.0,0.0,0.0,0.0,0.0,0.0,1,0.0,1.0,,,,,,,,,,,
dendro,bigram,no_origin,12,unith,Nielsen,top_four,6H,6,85,93,1.0,0.0,0.0,0.0,0.0,0.0,0.0,0.0,0.0,0.0,1,0.0,1.0,,,,,,,,,,,
dendro,bigram,no_origin,12,unith,Nielsen,top_four,6H,6,86,94,1.0,0.0,0.0,0.0,0.0,0.0,0.0,0.0,0.0,0.0,1,0.0,1.0,,,,,,,,,,,
dendro,bigram,no_origin,12,unith,Nielsen,top_four,6H,6,87,95,1.0,0.0,0.0,0.0,0.0,0.0,0.0,0.0,0.0,0.0,1,0.0,1.0,,,,,,,,,,,
dendro,bigram,no_origin,12,unith,Nielsen,top_four,6H,6,88,108,1.0,0.0,0.0,0.0,0.0,0.0,0.0,0.0,0.0,0.0,1,0.0,1.0,,,,,,,,,,,
dendro,bigram,no_origin,12,unith,Nielsen,top_four,6H,6,89,109,1.0,0.0,0.0,0.0,0.0,0.0,0.0,0.0,0.0,0.0,1,0.0,1.0,,,,,,,,,,,
dendro,bigram,no_origin,12,unith,Nielsen,top_four,6H,6,90,110,1.0,0.0,0.0,0.0,0.0,0.0,0.0,0.0,0.0,0.0,1,0.0,1.0,,,,,,,,,,,
dendro,bigram,no_origin,12,unith,Nielsen,top_four,6H,6,91,111,1.0,0.0,0.0,0.0,0.0,0.0,0.0,0.0,0.0,0.0,1,0.0,1.0,,,,,,,,,,,
dendro,bigram,no_origin,12,unith,Nielsen,top_four,6H,6,92,112,1.0,0.0,0.0,0.0,0.0,0.0,0.0,0.0,0.0,0.0,1,0.0,1.0,,,,,,,,,,,
dendro,bigram,no_origin,12,unith,Nielsen,top_four,6H,6,93,113,1.0,0.0,0.0,0.0,0.0,0.0,0.0,0.0,0.0,0.0,1,0.0,1.0,,,,,,,,,,,
dendro,bigram,no_origin,12,unith,Nielsen,top_four,6H,6,94,114,1.0,0.0,0.0,0.0,0.0,0.0,0.0,0.0,0.0,0.0,1,0.0,1.0,,,,,,,,,,,
dendro,bigram,no_origin,12,unith,Nielsen,top_four,6H,6,95,115,1.0,0.0,0.0,0.0,0.0,0.0,0.0,0.0,0.0,0.0,1,0.0,1.0,,,,,,,,,,,
dendro,bigram,no_origin,12,unith,Nielsen,top_four,6H,6,96,117,1.0,0.0,0.0,0.0,0.0,0.0,0.0,0.0,0.0,0.0,1,0.0,1.0,,,,,,,,,,,
dendro,bigram,no_origin,12,unith,Nielsen,top_four,6H,6,97,118,1.0,0.0,0.0,0.0,0.0,0.0,0.0,0.0,0.0,0.0,1,0.0,1.0,,,,,,,,,,,
dendro,bigram,no_origin,12,unith,Nielsen,top_four,6H,6,98,119,1.0,0.0,0.0,0.0,0.0,0.0,0.0,0.0,0.0,0.0,1,0.0,1.0,,,,,,,,,,,
dendro,bigram,no_origin,12,unith,Nielsen,top_four,6H,6,99,120,1.0,0.0,0.0,0.0,0.0,0.0,0.0,0.0,0.0,0.0,1,0.0,1.0,,,,,,,,,,,
dendro,bigram,no_origin,12,unith,Nielsen,top_four,6H,6,100,121,1.0,0.0,0.0,0.0,0.0,0.0,0.0,0.0,0.0,0.0,1,0.0,1.0,,,,,,,,,,,
dendro,bigram,no_origin,12,unith,Nielsen,top_four,6H,6,101,122,1.0,0.0,0.0,0.0,0.0,0.0,0.0,0.0,0.0,0.0,1,0.0,1.0,,,,,,,,,,,
dendro,bigram,no_origin,12,unith,Nielsen,top_four,6H,6,102,123,1.0,0.0,0.0,0.0,0.0,0.0,0.0,0.0,0.0,0.0,1,0.0,1.0,,,,,,,,,,,
dendro,bigram,no_origin,12,unith,Nielsen,top_four,6H,6,103,124,1.0,0.0,0.0,0.0,0.0,0.0,0.0,0.0,0.0,0.0,1,0.0,1.0,,,,,,,,,,,
dendro,bigram,no_origin,12,unith,Nielsen,top_four,6H,6,104,125,1.0,0.0,0.0,0.0,0.0,0.0,0.0,0.0,0.0,0.0,1,0.0,1.0,,,,,,,,,,,
dendro,bigram,no_origin,12,unith,Nielsen,top_four,6H,6,105,126,1.0,0.0,0.0,0.0,0.0,0.0,0.0,0.0,0.0,0.0,1,0.0,1.0,,,,,,,,,,,
dendro,bigram,no_origin,12,unith,Nielsen,top_four,6H,6,106,127,1.0,0.0,0.0,0.0,0.0,0.0,0.0,0.0,0.0,0.0,1,0.0,1.0,,,,,,,,,,,
dendro,bigram,no_origin,12,unith,Nielsen,top_four,6H,6,107,129,1.0,0.0,0.0,0.0,0.0,0.0,0.0,0.0,0.0,0.0,1,0.0,1.0,,,,,,,,,,,
dendro,bigram,no_origin,12,unith,Nielsen,top_four,6H,6,108,130,1.0,0.0,0.0,0.0,0.0,0.0,0.0,0.0,0.0,0.0,1,0.0,1.0,,,,,,,,,,,
dendro,bigram,no_origin,12,unith,Nielsen,top_four,6H,6,109,131,1.0,0.0,0.0,0.0,0.0,0.0,0.0,0.0,0.0,0.0,1,0.0,1.0,,,,,,,,,,,
dendro,bigram,no_origin,12,unith,Nielsen,top_four,6H,6,110,132,1.0,0.0,0.0,0.0,0.0,0.0,0.0,0.0,0.0,0.0,1,0.0,1.0,,,,,,,,,,,
dendro,bigram,no_origin,12,unith,Nielsen,top_four,6H,6,111,133,1.0,0.0,0.0,0.0,0.0,0.0,0.0,0.0,0.0,0.0,1,0.0,1.0,,,,,,,,,,,
dendro,bigram,no_origin,12,unith,Nielsen,top_four,6H,6,112,134,1.0,0.0,0.0,0.0,0.0,0.0,0.0,0.0,0.0,0.0,1,0.0,1.0,,,,,,,,,,,
dendro,bigram,no_origin,12,unith,Nielsen,top_four,6H,6,113,135,1.0,0.0,0.0,0.0,0.0,0.0,0.0,0.0,0.0,0.0,1,0.0,1.0,,,,,,,,,,,
dendro,bigram,no_origin,12,unith,Nielsen,top_four,6H,6,114,136,1.0,0.0,0.0,0.0,0.0,0.0,0.0,0.0,0.0,0.0,1,0.0,1.0,,,,,,,,,,,
dendro,bigram,no_origin,12,unith,Nielsen,top_four,6H,6,115,137,1.0,0.0,0.0,0.0,0.0,0.0,0.0,0.0,0.0,0.0,1,0.0,1.0,,,,,,,,,,,
dendro,bigram,no_origin,12,unith,Nielsen,top_four,6H,6,116,138,1.0,0.0,0.0,0.0,0.0,0.0,0.0,0.0,0.0,0.0,1,0.0,1.0,,,,,,,,,,,
dendro,bigram,no_origin,12,unith,Nielsen,top_four,6H,6,117,139,1.0,0.0,0.0,0.0,0.0,0.0,0.0,0.0,0.0,0.0,1,0.0,1.0,,,,,,,,,,,
dendro,bigram,no_origin,12,unith,Nielsen,top_four,6H,6,118,141,1.0,0.0,0.0,0.0,0.0,0.0,0.0,0.0,0.0,0.0,1,0.0,1.0,,,,,,,,,,,
dendro,bigram,no_origin,12,unith,Nielsen,top_four,6H,6,119,142,1.0,0.0,0.0,0.0,0.0,0.0,0.0,0.0,0.0,0.0,1,0.0,1.0,,,,,,,,,,,
dendro,bigram,no_origin,12,unith,Nielsen,top_four,6H,6,120,143,1.0,0.0,0.0,0.0,0.0,0.0,0.0,0.0,0.0,0.0,1,0.0,1.0,,,,,,,,,,,
dendro,bigram,no_origin,12,unith,Nielsen,top_four,6H,6,__vector__,__vector__,0.9944903581267218,,,,,,,,,,,,,0.6666666666666666,,,,,,,,,,
dendro,bigram,no_origin,12,unith,Nielsen,top_four,6S,323,0,0,1.0,0.0,0.0,0.0,0.0,0.0,0.0,0.0,0.0,0.0,1,0.0,1.0,,,,,,,,,,,
dendro,bigram,no_origin,12,unith,Nielsen,top_four,6S,323,1,1,0.9814241486068112,0.0,0.0,0.0,0.0,0.0,0.0,0.3333333432674408,0.006191950648930789,0.04507698055770012,2,0.0,0.9814241486068112,,,,,,,,,,,
dendro,bigram,no_origin,12,unith,Nielsen,top_four,6S,323,2,2,0.9938080495356038,0.0,0.0,0.0,0.0,0.0,0.0,0.3333333432674408,0.0018059855828713336,0.02314936821682613,3,0.0,0.9938080495356038,,,,,,,,,,,
dendro,bigram,no_origin,12,unith,Nielsen,top_four,6S,323,3,3,0.9876160990712074,0.0,0.0,0.0,0.0,0.0,0.0,0.3333333432674408,0.003353973198970405,0.030266807698290186,3,0.0,0.9876160990712074,,,,,,,,,,,
dendro,bigram,no_origin,12,unith,Nielsen,top_four,6S,323,4,4,0.9566563467492261,0.0,0.0,0.0,0.0,0.0,0.0,0.5,0.01367389090105476,0.06605298126629561,5,0.0,0.9566563467492261,,,,,,,,,,,
dendro,bigram,no_origin,12,unith,Nielsen,top_four,6S,323,5,5,1.0,0.0,0.0,0.0,0.0,0.0,0.0,0.0,0.0,0.0,1,0.0,1.0,,,,,,,,,,,
dendro,bigram,no_origin,12,unith,Nielsen,top_four,6S,323,6,6,0.9938080495356038,0.0,0.0,0.0,0.0,0.0,0.0,0.3333333432674408,0.0020639835496435964,0.02618888901909825,2,0.0,0.9938080495356038,,,,,,,,,,,
dendro,bigram,no_origin,12,unith,Nielsen,top_four,6S,323,7,7,0.9938080495356038,0.0,0.0,0.0,0.0,0.0,0.0,0.3333333432674408,0.0020639835496435964,0.02618888901909825,2,0.0,0.9938080495356038,,,,,,,,,,,
dendro,bigram,no_origin,12,unith,Nielsen,top_four,6S,323,8,9,1.0,0.0,0.0,0.0,0.0,0.0,0.0,0.0,0.0,0.0,1,0.0,1.0,,,,,,,,,,,
dendro,bigram,no_origin,12,unith,Nielsen,top_four,6S,323,9,10,1.0,0.0,0.0,0.0,0.0,0.0,0.0,0.0,0.0,0.0,1,0.0,1.0,,,,,,,,,,,
dendro,bigram,no_origin,12,unith,Nielsen,top_four,6S,323,10,11,0.9845201238390093,0.0,0.0,0.0,0.0,0.0,0.0,0.5,0.005005160029458557,0.04194904336979834,5,0.0,0.9845201238390093,,,,,,,,,,,
dendro,bigram,no_origin,12,unith,Nielsen,top_four,6S,323,11,12,0.9504643962848297,0.0,0.0,0.0,0.0,0.0,0.0,0.5,0.018421052825340175,0.0842312965053222,5,0.0,0.9504643962848297,,,,,,,,,,,
dendro,bigram,no_origin,12,unith,Nielsen,top_four,6S,323,12,13,1.0,0.0,0.0,0.0,0.0,0.0,0.0,0.0,0.0,0.0,1,0.0,1.0,,,,,,,,,,,
dendro,bigram,no_origin,12,unith,Nielsen,top_four,6S,323,13,14,0.9876160990712074,0.0,0.0,0.0,0.0,0.0,0.0,0.5,0.005675954623119012,0.05139982118260496,3,0.0,0.9876160990712074,,,,,,,,,,,
dendro,bigram,no_origin,12,unith,Nielsen,top_four,6S,323,14,15,0.9938080495356038,0.0,0.0,0.0,0.0,0.0,0.0,0.5,0.0030959752321981426,0.03928333235791283,2,0.0,0.9938080495356038,,,,,,,,,,,
dendro,bigram,no_origin,12,unith,Nielsen,top_four,6S,323,15,16,0.8142414860681114,0.0,0.0,0.0,0.0,0.0,0.5,0.5,0.07414860737397574,0.16201028416397192,5,0.0,0.8142414860681114,,,,,,,,,,,
dendro,bigram,no_origin,12,unith,Nielsen,top_four,6S,323,16,17,0.9442724458204335,0.0,0.0,0.0,0.0,0.0,0.24166666716337015,0.5,0.021671826763787875,0.09359154455049021,5,0.0,0.9442724458204335,,,,,,,,,,,
dendro,bigram,no_origin,12,unith,Nielsen,top_four,6S,323,17,18,0.9876160990712074,0.0,0.0,0.0,0.0,0.0,0.0,0.5,0.0046439629405644655,0.042307929474694424,3,0.0,0.9876160990712074,,,,,,,,,,,
dendro,bigram,no_origin,12,unith,Nielsen,top_four,6S,323,18,19,0.9845201238390093,0.0,0.0,0.0,0.0,0.0,0.0,0.5,0.0072239422392180825,0.058295010398684594,3,0.0,0.9845201238390093,,,,,,,,,,,
dendro,bigram,no_origin,12,unith,Nielsen,top_four,6S,323,19,21,0.9969040247678018,0.0,0.0,0.0,0.0,0.0,0.0,0.5,0.0015479876160990713,0.027820744203732862,2,0.0,0.9969040247678018,,,,,,,,,,,
dendro,bigram,no_origin,12,unith,Nielsen,top_four,6S,323,20,22,0.9969040247678018,0.0,0.0,0.0,0.0,0.0,0.0,0.5,0.0015479876160990713,0.02782074420373286,2,0.0,0.9969040247678018,,,,,,,,,,,
dendro,bigram,no_origin,12,unith,Nielsen,top_four,6S,323,21,23,1.0,0.0,0.0,0.0,0.0,0.0,0.0,0.0,0.0,0.0,1,0.0,1.0,,,,,,,,,,,
dendro,bigram,no_origin,12,unith,Nielsen,top_four,6S,323,22,24,1.0,0.0,0.0,0.0,0.0,0.0,0.0,0.0,0.0,0.0,1,0.0,1.0,,,,,,,,,,,
dendro,bigram,no_origin,12,unith,Nielsen,top_four,6S,323,23,25,0.9938080495356038,0.0,0.0,0.0,0.0,0.0,0.0,0.5,0.0025799793909208695,0.03338841315749099,3,0.0,0.9938080495356038,,,,,,,,,,,
dendro,bigram,no_origin,12,unith,Nielsen,top_four,6S,323,24,26,1.0,0.0,0.0,0.0,0.0,0.0,0.0,0.0,0.0,0.0,1,0.0,1.0,,,,,,,,,,,
dendro,bigram,no_origin,12,unith,Nielsen,top_four,6S,323,25,27,1.0,0.0,0.0,0.0,0.0,0.0,0.0,0.0,0.0,0.0,1,0.0,1.0,,,,,,,,,,,
dendro,bigram,no_origin,12,unith,Nielsen,top_four,6S,323,26,28,1.0,0.0,0.0,0.0,0.0,0.0,0.0,0.0,0.0,0.0,1,0.0,1.0,,,,,,,,,,,
dendro,bigram,no_origin,12,unith,Nielsen,top_four,6S,323,27,29,0.9969040247678018,0.0,0.0,0.0,0.0,0.0,0.0,0.3333333432674408,0.0010319917748217982,0.0185471633552371,2,0.0,0.9969040247678018,,,,,,,,,,,
dendro,bigram,no_origin,12,unith,Nielsen,top_four,6S,323,28,30,0.9907120743034056,0.0,0.0,0.0,0.0,0.0,0.0,0.5,0.004127967007019941,0.043367817363431566,3,0.0,0.9907120743034056,,,,,,,,,,,
dendro,bigram,no_origin,12,unith,Nielsen,top_four,6S,323,29,31,0.9938080495356038,0.0,0.0,0.0,0.0,0.0,0.0,0.5,0.0025799793909208695,0.033388413157491,3,0.0,0.9938080495356038,,,,,,,,,,,
dendro,bigram,no_origin,12,unith,Nielsen,top_four,6S,323,30,33,1.0,0.0,0.0,0.0,0.0,0.0,0.0,0.0,0.0,0.0,1,0.0,1.0,,,,,,,,,,,
dendro,bigram,no_origin,12,unith,Nielsen,top_four,6S,323,31,34,1.0,0.0,0.0,0.0,0.0,0.0,0.0,0.0,0.0,0.0,1,0.0,1.0,,,,,,,,,,,
dendro,bigram,no_origin,12,unith,Nielsen,top_four,6S,323,32,35,1.0,0.0,0.0,0.0,0.0,0.0,0.0,0.0,0.0,0.0,1,0.0,1.0,,,,,,,,,,,
dendro,bigram,no_origin,12,unith,Nielsen,top_four,6S,323,33,36,1.0,0.0,0.0,0.0,0.0,0.0,0.0,0.0,0.0,0.0,1,0.0,1.0,,,,,,,,,,,
dendro,bigram,no_origin,12,unith,Nielsen,top_four,6S,323,34,37,1.0,0.0,0.0,0.0,0.0,0.0,0.0,0.0,0.0,0.0,1,0.0,1.0,,,,,,,,,,,
dendro,bigram,no_origin,12,unith,Nielsen,top_four,6S,323,35,38,0.9876160990712074,0.0,0.0,0.0,0.0,0.0,0.0,0.5,0.004385964973792203,0.04051335126150325,4,0.0,0.9876160990712074,,,,,,,,,,,
dendro,bigram,no_origin,12,unith,Nielsen,top_four,6S,323,36,39,1.0,0.0,0.0,0.0,0.0,0.0,0.0,0.0,0.0,0.0,1,0.0,1.0,,,,,,,,,,,
dendro,bigram,no_origin,12,unith,Nielsen,top_four,6S,323,37,40,0.9969040247678018,0.0,0.0,0.0,0.0,0.0,0.0,0.5,0.0015479876160990713,0.027820744203732862,2,0.0,0.9969040247678018,,,,,,,,,,,
dendro,bigram,no_origin,12,unith,Nielsen,top_four,6S,323,38,41,1.0,0.0,0.0,0.0,0.0,0.0,0.0,0.0,0.0,0.0,1,0.0,1.0,,,,,,,,,,,
dendro,bigram,no_origin,12,unith,Nielsen,top_four,6S,323,39,42,0.9938080495356038,0.0,0.0,0.0,0.0,0.0,0.0,0.5,0.0030959752321981426,0.039283332357912835,2,0.0,0.9938080495356038,,,,,,,,,,,
dendro,bigram,no_origin,12,unith,Nielsen,top_four,6S,323,40,43,1.0,0.0,0.0,0.0,0.0,0.0,0.0,0.0,0.0,0.0,1,0.0,1.0,,,,,,,,,,,
dendro,bigram,no_origin,12,unith,Nielsen,top_four,6S,323,41,45,1.0,0.0,0.0,0.0,0.0,0.0,0.0,0.0,0.0,0.0,1,0.0,1.0,,,,,,,,,,,
dendro,bigram,no_origin,12,unith,Nielsen,top_four,6S,323,42,46,1.0,0.0,0.0,0.0,0.0,0.0,0.0,0.0,0.0,0.0,1,0.0,1.0,,,,,,,,,,,
dendro,bigram,no_origin,12,unith,Nielsen,top_four,6S,323,43,47,1.0,0.0,0.0,0.0,0.0,0.0,0.0,0.0,0.0,0.0,1,0.0,1.0,,,,,,,,,,,
dendro,bigram,no_origin,12,unith,Nielsen,top_four,6S,323,44,48,0.9473684210526315,0.0,0.0,0.0,0.0,0.0,0.22499999999999432,0.5,0.017285862112931052,0.0744635430865157,4,0.0,0.9473684210526315,,,,,,,,,,,
dendro,bigram,no_origin,12,unith,Nielsen,top_four,6S,323,45,49,0.9814241486068112,0.0,0.0,0.0,0.0,0.0,0.0,0.5,0.005675954623119012,0.04319194487489322,4,0.0,0.9814241486068112,,,,,,,,,,,
dendro,bigram,no_origin,12,unith,Nielsen,top_four,6S,323,46,50,0.9845201238390093,0.0,0.0,0.0,0.0,0.0,0.0,0.5,0.005417956748614001,0.044455013506572966,4,0.0,0.9845201238390093,,,,,,,,,,,
dendro,bigram,no_origin,12,unith,Nielsen,top_four,6S,323,47,51,0.9845201238390093,0.0,0.0,0.0,0.0,0.0,0.0,0.3333333432674408,0.004901960907336728,0.03937331412687175,3,0.0,0.9845201238390093,,,,,,,,,,,
dendro,bigram,no_origin,12,unith,Nielsen,top_four,6S,323,48,52,1.0,0.0,0.0,0.0,0.0,0.0,0.0,0.0,0.0,0.0,1,0.0,1.0,,,,,,,,,,,
dendro,bigram,no_origin,12,unith,Nielsen,top_four,6S,323,49,53,0.9969040247678018,0.0,0.0,0.0,0.0,0.0,0.0,0.3333333432674408,0.0010319917748217982,0.0185471633552371,2,0.0,0.9969040247678018,,,,,,,,,,,
dendro,bigram,no_origin,12,unith,Nielsen,top_four,6S,323,50,54,0.9845201238390093,0.0,0.0,0.0,0.0,0.0,0.0,0.5,0.0064499484311685475,0.05316602745627015,4,0.0,0.9845201238390093,,,,,,,,,,,
dendro,bigram,no_origin,12,unith,Nielsen,top_four,6S,323,51,55,0.978328173374613,0.0,0.0,0.0,0.0,0.0,0.0,0.5,0.0072239423314853345,0.049925055796651796,4,0.0,0.978328173374613,,,,,,,,,,,
dendro,bigram,no_origin,12,unith,Nielsen,top_four,6S,323,52,57,0.9969040247678018,0.0,0.0,0.0,0.0,0.0,0.0,0.3333333432674408,0.0010319917748217982,0.018547163355237095,2,0.0,0.9969040247678018,,,,,,,,,,,
dendro,bigram,no_origin,12,unith,Nielsen,top_four,6S,323,53,58,1.0,0.0,0.0,0.0,0.0,0.0,0.0,0.0,0.0,0.0,1,0.0,1.0,,,,,,,,,,,
dendro,bigram,no_origin,12,unith,Nielsen,top_four,6S,323,54,59,0.9969040247678018,0.0,0.0,0.0,0.0,0.0,0.0,0.25,0.0007739938080495357,0.01391037210186643,2,0.0,0.9969040247678018,,,,,,,,,,,
dendro,bigram,no_origin,12,unith,Nielsen,top_four,6S,323,55,60,0.9907120743034056,0.0,0.0,0.0,0.0,0.0,0.0,0.5,0.0036119711657426673,0.03812403217530964,3,0.0,0.9907120743034056,,,,,,,,,,,
dendro,bigram,no_origin,12,unith,Nielsen,top_four,6S,323,56,61,0.9721362229102167,0.0,0.0,0.0,0.0,0.0,0.0,0.5,0.009029927822089417,0.05596097092154474,4,0.0,0.9721362229102167,,,,,,,,,,,
dendro,bigram,no_origin,12,unith,Nielsen,top_four,6S,323,57,62,0.9938080495356038,0.0,0.0,0.0,0.0,0.0,0.0,0.5,0.0030959752321981426,0.03928333235791283,2,0.0,0.9938080495356038,,,,,,,,,,,
dendro,bigram,no_origin,12,unith,Nielsen,top_four,6S,323,58,63,1.0,0.0,0.0,0.0,0.0,0.0,0.0,0.0,0.0,0.0,1,0.0,1.0,,,,,,,,,,,
dendro,bigram,no_origin,12,unith,Nielsen,top_four,6S,323,59,64,0.9752321981424149,0.0,0.0,0.0,0.0,0.0,0.0,0.5,0.00928792578886168,0.06054795275216796,4,0.0,0.9752321981424149,,,,,,,,,,,
dendro,bigram,no_origin,12,unith,Nielsen,top_four,6S,323,60,65,1.0,0.0,0.0,0.0,0.0,0.0,0.0,0.0,0.0,0.0,1,0.0,1.0,,,,,,,,,,,
dendro,bigram,no_origin,12,unith,Nielsen,top_four,6S,323,61,66,0.9969040247678018,0.0,0.0,0.0,0.0,0.0,0.0,0.3333333432674408,0.0010319917748217982,0.0185471633552371,2,0.0,0.9969040247678018,,,,,,,,,,,
dendro,bigram,no_origin,12,unith,Nielsen,top_four,6S,323,62,67,0.978328173374613,0.0,0.0,0.0,0.0,0.0,0.0,0.5,0.00799793613953487,0.05534429604140059,4,0.0,0.978328173374613,,,,,,,,,,,
dendro,bigram,no_origin,12,unith,Nielsen,top_four,6S,323,63,69,1.0,0.0,0.0,0.0,0.0,0.0,0.0,0.0,0.0,0.0,1,0.0,1.0,,,,,,,,,,,
dendro,bigram,no_origin,12,unith,Nielsen,top_four,6S,323,64,70,1.0,0.0,0.0,0.0,0.0,0.0,0.0,0.0,0.0,0.0,1,0.0,1.0,,,,,,,,,,,
dendro,bigram,no_origin,12,unith,Nielsen,top_four,6S,323,65,71,0.9969040247678018,0.0,0.0,0.0,0.0,0.0,0.0,0.1666666716337204,0.0005159958874108991,0.00927358167761855,2,0.0,0.9969040247678018,,,,,,,,,,,
dendro,bigram,no_origin,12,unith,Nielsen,top_four,6S,323,66,72,1.0,0.0,0.0,0.0,0.0,0.0,0.0,0.0,0.0,0.0,1,0.0,1.0,,,,,,,,,,,
dendro,bigram,no_origin,12,unith,Nielsen,top_four,6S,323,67,73,1.0,0.0,0.0,0.0,0.0,0.0,0.0,0.0,0.0,0.0,1,0.0,1.0,,,,,,,,,,,
dendro,bigram,no_origin,12,unith,Nielsen,top_four,6S,323,68,74,0.9938080495356038,0.0,0.0,0.0,0.0,0.0,0.0,0.3333333432674408,0.0020639835496435964,0.02618888901909825,2,0.0,0.9938080495356038,,,,,,,,,,,
dendro,bigram,no_origin,12,unith,Nielsen,top_four,6S,323,69,75,1.0,0.0,0.0,0.0,0.0,0.0,0.0,0.0,0.0,0.0,1,0.0,1.0,,,,,,,,,,,
dendro,bigram,no_origin,12,unith,Nielsen,top_four,6S,323,70,76,1.0,0.0,0.0,0.0,0.0,0.0,0.0,0.0,0.0,0.0,1,0.0,1.0,,,,,,,,,,,
dendro,bigram,no_origin,12,unith,Nielsen,top_four,6S,323,71,77,1.0,0.0,0.0,0.0,0.0,0.0,0.0,0.0,0.0,0.0,1,0.0,1.0,,,,,,,,,,,
dendro,bigram,no_origin,12,unith,Nielsen,top_four,6S,323,72,78,1.0,0.0,0.0,0.0,0.0,0.0,0.0,0.0,0.0,0.0,1,0.0,1.0,,,,,,,,,,,
dendro,bigram,no_origin,12,unith,Nielsen,top_four,6S,323,73,79,0.9907120743034056,0.0,0.0,0.0,0.0,0.0,0.0,0.5,0.003353973198970405,0.036114794835486096,4,0.0,0.9907120743034056,,,,,,,,,,,
dendro,bigram,no_origin,12,unith,Nielsen,top_four,6S,323,74,81,1.0,0.0,0.0,0.0,0.0,0.0,0.0,0.0,0.0,0.0,1,0.0,1.0,,,,,,,,,,,
dendro,bigram,no_origin,12,unith,Nielsen,top_four,6S,323,75,82,1.0,0.0,0.0,0.0,0.0,0.0,0.0,0.0,0.0,0.0,1,0.0,1.0,,,,,,,,,,,
dendro,bigram,no_origin,12,unith,Nielsen,top_four,6S,323,76,83,1.0,0.0,0.0,0.0,0.0,0.0,0.0,0.0,0.0,0.0,1,0.0,1.0,,,,,,,,,,,
dendro,bigram,no_origin,12,unith,Nielsen,top_four,6S,323,77,84,1.0,0.0,0.0,0.0,0.0,0.0,0.0,0.0,0.0,0.0,1,0.0,1.0,,,,,,,,,,,
dendro,bigram,no_origin,12,unith,Nielsen,top_four,6S,323,78,85,0.9969040247678018,0.0,0.0,0.0,0.0,0.0,0.0,0.5,0.0015479876160990713,0.027820744203732862,2,0.0,0.9969040247678018,,,,,,,,,,,
dendro,bigram,no_origin,12,unith,Nielsen,top_four,6S,323,79,86,0.9938080495356038,0.0,0.0,0.0,0.0,0.0,0.0,0.3333333432674408,0.0020639835496435964,0.02618888901909825,2,0.0,0.9938080495356038,,,,,,,,,,,
dendro,bigram,no_origin,12,unith,Nielsen,top_four,6S,323,80,87,1.0,0.0,0.0,0.0,0.0,0.0,0.0,0.0,0.0,0.0,1,0.0,1.0,,,,,,,,,,,
dendro,bigram,no_origin,12,unith,Nielsen,top_four,6S,323,81,88,1.0,0.0,0.0,0.0,0.0,0.0,0.0,0.0,0.0,0.0,1,0.0,1.0,,,,,,,,,,,
dendro,bigram,no_origin,12,unith,Nielsen,top_four,6S,323,82,89,0.9969040247678018,0.0,0.0,0.0,0.0,0.0,0.0,0.25,0.0007739938080495357,0.01391037210186643,2,0.0,0.9969040247678018,,,,,,,,,,,
dendro,bigram,no_origin,12,unith,Nielsen,top_four,6S,323,83,90,0.9907120743034056,0.0,0.0,0.0,0.0,0.0,0.0,0.5,0.003353973198970405,0.036114794835486096,4,0.0,0.9907120743034056,,,,,,,,,,,
dendro,bigram,no_origin,12,unith,Nielsen,top_four,6S,323,84,91,1.0,0.0,0.0,0.0,0.0,0.0,0.0,0.0,0.0,0.0,1,0.0,1.0,,,,,,,,,,,
dendro,bigram,no_origin,12,unith,Nielsen,top_four,6S,323,85,93,0.9969040247678018,0.0,0.0,0.0,0.0,0.0,0.0,0.25,0.0007739938080495357,0.01391037210186643,2,0.0,0.9969040247678018,,,,,,,,,,,
dendro,bigram,no_origin,12,unith,Nielsen,top_four,6S,323,86,94,0.9969040247678018,0.0,0.0,0.0,0.0,0.0,0.0,0.25,0.0007739938080495357,0.01391037210186643,2,0.0,0.9969040247678018,,,,,,,,,,,
dendro,bigram,no_origin,12,unith,Nielsen,top_four,6S,323,87,95,1.0,0.0,0.0,0.0,0.0,0.0,0.0,0.0,0.0,0.0,1,0.0,1.0,,,,,,,,,,,
dendro,bigram,no_origin,12,unith,Nielsen,top_four,6S,323,88,108,1.0,0.0,0.0,0.0,0.0,0.0,0.0,0.0,0.0,0.0,1,0.0,1.0,,,,,,,,,,,
dendro,bigram,no_origin,12,unith,Nielsen,top_four,6S,323,89,109,1.0,0.0,0.0,0.0,0.0,0.0,0.0,0.0,0.0,0.0,1,0.0,1.0,,,,,,,,,,,
dendro,bigram,no_origin,12,unith,Nielsen,top_four,6S,323,90,110,1.0,0.0,0.0,0.0,0.0,0.0,0.0,0.0,0.0,0.0,1,0.0,1.0,,,,,,,,,,,
dendro,bigram,no_origin,12,unith,Nielsen,top_four,6S,323,91,111,1.0,0.0,0.0,0.0,0.0,0.0,0.0,0.0,0.0,0.0,1,0.0,1.0,,,,,,,,,,,
dendro,bigram,no_origin,12,unith,Nielsen,top_four,6S,323,92,112,1.0,0.0,0.0,0.0,0.0,0.0,0.0,0.0,0.0,0.0,1,0.0,1.0,,,,,,,,,,,
dendro,bigram,no_origin,12,unith,Nielsen,top_four,6S,323,93,113,1.0,0.0,0.0,0.0,0.0,0.0,0.0,0.0,0.0,0.0,1,0.0,1.0,,,,,,,,,,,
dendro,bigram,no_origin,12,unith,Nielsen,top_four,6S,323,94,114,1.0,0.0,0.0,0.0,0.0,0.0,0.0,0.0,0.0,0.0,1,0.0,1.0,,,,,,,,,,,
dendro,bigram,no_origin,12,unith,Nielsen,top_four,6S,323,95,115,1.0,0.0,0.0,0.0,0.0,0.0,0.0,0.0,0.0,0.0,1,0.0,1.0,,,,,,,,,,,
dendro,bigram,no_origin,12,unith,Nielsen,top_four,6S,323,96,117,1.0,0.0,0.0,0.0,0.0,0.0,0.0,0.0,0.0,0.0,1,0.0,1.0,,,,,,,,,,,
dendro,bigram,no_origin,12,unith,Nielsen,top_four,6S,323,97,118,1.0,0.0,0.0,0.0,0.0,0.0,0.0,0.0,0.0,0.0,1,0.0,1.0,,,,,,,,,,,
dendro,bigram,no_origin,12,unith,Nielsen,top_four,6S,323,98,119,1.0,0.0,0.0,0.0,0.0,0.0,0.0,0.0,0.0,0.0,1,0.0,1.0,,,,,,,,,,,
dendro,bigram,no_origin,12,unith,Nielsen,top_four,6S,323,99,120,1.0,0.0,0.0,0.0,0.0,0.0,0.0,0.0,0.0,0.0,1,0.0,1.0,,,,,,,,,,,
dendro,bigram,no_origin,12,unith,Nielsen,top_four,6S,323,100,121,0.9969040247678018,0.0,0.0,0.0,0.0,0.0,0.0,0.25,0.0007739938080495357,0.013910372101866431,2,0.0,0.9969040247678018,,,,,,,,,,,
dendro,bigram,no_origin,12,unith,Nielsen,top_four,6S,323,101,122,1.0,0.0,0.0,0.0,0.0,0.0,0.0,0.0,0.0,0.0,1,0.0,1.0,,,,,,,,,,,
dendro,bigram,no_origin,12,unith,Nielsen,top_four,6S,323,102,123,1.0,0.0,0.0,0.0,0.0,0.0,0.0,0.0,0.0,0.0,1,0.0,1.0,,,,,,,,,,,
dendro,bigram,no_origin,12,unith,Nielsen,top_four,6S,323,103,124,1.0,0.0,0.0,0.0,0.0,0.0,0.0,0.0,0.0,0.0,1,0.0,1.0,,,,,,,,,,,
dendro,bigram,no_origin,12,unith,Nielsen,top_four,6S,323,104,125,1.0,0.0,0.0,0.0,0.0,0.0,0.0,0.0,0.0,0.0,1,0.0,1.0,,,,,,,,,,,
dendro,bigram,no_origin,12,unith,Nielsen,top_four,6S,323,105,126,0.9969040247678018,0.0,0.0,0.0,0.0,0.0,0.0,0.5,0.0015479876160990713,0.027820744203732862,2,0.0,0.9969040247678018,,,,,,,,,,,
dendro,bigram,no_origin,12,unith,Nielsen,top_four,6S,323,106,127,0.9969040247678018,0.0,0.0,0.0,0.0,0.0,0.0,0.3333333432674408,0.0010319917748217982,0.0185471633552371,2,0.0,0.9969040247678018,,,,,,,,,,,
dendro,bigram,no_origin,12,unith,Nielsen,top_four,6S,323,107,129,1.0,0.0,0.0,0.0,0.0,0.0,0.0,0.0,0.0,0.0,1,0.0,1.0,,,,,,,,,,,
dendro,bigram,no_origin,12,unith,Nielsen,top_four,6S,323,108,130,1.0,0.0,0.0,0.0,0.0,0.0,0.0,0.0,0.0,0.0,1,0.0,1.0,,,,,,,,,,,
dendro,bigram,no_origin,12,unith,Nielsen,top_four,6S,323,109,131,1.0,0.0,0.0,0.0,0.0,0.0,0.0,0.0,0.0,0.0,1,0.0,1.0,,,,,,,,,,,
dendro,bigram,no_origin,12,unith,Nielsen,top_four,6S,323,110,132,0.9938080495356038,0.0,0.0,0.0,0.0,0.0,0.0,0.3333333432674408,0.0015479876622326973,0.020710583554279318,3,0.0,0.9938080495356038,,,,,,,,,,,
dendro,bigram,no_origin,12,unith,Nielsen,top_four,6S,323,111,133,0.9876160990712074,0.0,0.0,0.0,0.0,0.0,0.0,0.3333333432674408,0.003199174446587223,0.029107068643191163,4,0.0,0.9876160990712074,,,,,,,,,,,
dendro,bigram,no_origin,12,unith,Nielsen,top_four,6S,323,112,134,1.0,0.0,0.0,0.0,0.0,0.0,0.0,0.0,0.0,0.0,1,0.0,1.0,,,,,,,,,,,
dendro,bigram,no_origin,12,unith,Nielsen,top_four,6S,323,113,135,1.0,0.0,0.0,0.0,0.0,0.0,0.0,0.0,0.0,0.0,1,0.0,1.0,,,,,,,,,,,
dendro,bigram,no_origin,12,unith,Nielsen,top_four,6S,323,114,136,1.0,0.0,0.0,0.0,0.0,0.0,0.0,0.0,0.0,0.0,1,0.0,1.0,,,,,,,,,,,
dendro,bigram,no_origin,12,unith,Nielsen,top_four,6S,323,115,137,1.0,0.0,0.0,0.0,0.0,0.0,0.0,0.0,0.0,0.0,1,0.0,1.0,,,,,,,,,,,
dendro,bigram,no_origin,12,unith,Nielsen,top_four,6S,323,116,138,1.0,0.0,0.0,0.0,0.0,0.0,0.0,0.0,0.0,0.0,1,0.0,1.0,,,,,,,,,,,
dendro,bigram,no_origin,12,unith,Nielsen,top_four,6S,323,117,139,1.0,0.0,0.0,0.0,0.0,0.0,0.0,0.0,0.0,0.0,1,0.0,1.0,,,,,,,,,,,
dendro,bigram,no_origin,12,unith,Nielsen,top_four,6S,323,118,141,0.9969040247678018,0.0,0.0,0.0,0.0,0.0,0.0,0.25,0.0007739938080495357,0.01391037210186643,2,0.0,0.9969040247678018,,,,,,,,,,,
dendro,bigram,no_origin,12,unith,Nielsen,top_four,6S,323,119,142,1.0,0.0,0.0,0.0,0.0,0.0,0.0,0.0,0.0,0.0,1,0.0,1.0,,,,,,,,,,,
dendro,bigram,no_origin,12,unith,Nielsen,top_four,6S,323,120,143,1.0,0.0,0.0,0.0,0.0,0.0,0.0,0.0,0.0,0.0,1,0.0,1.0,,,,,,,,,,,
dendro,bigram,no_origin,12,unith,Nielsen,top_four,6S,323,__vector__,__vector__,0.9932451449479314,,,,,,,,,,,,,0.8173374613003096,,,,,,,,,,
dendro,bigram,no_origin,12,unith,Nielsen,top_four,all,1746,0,0,1.0,0.0,0.0,0.0,0.0,0.0,0.0,0.0,0.0,0.0,1,0.0,1.0,,,,,,,,,,,
dendro,bigram,no_origin,12,unith,Nielsen,top_four,all,1746,1,1,0.9942726231386025,0.0,0.0,0.0,0.0,0.0,0.0,0.3333333432674408,0.0017086674735581615,0.022901061670847628,4,0.0,0.9942726231386025,,,,,,,,,,,
dendro,bigram,no_origin,12,unith,Nielsen,top_four,all,1746,2,2,0.9971363115693013,0.0,0.0,0.0,0.0,0.0,0.0,0.5,0.0010022909678134722,0.019211973105048692,4,0.0,0.9971363115693013,,,,,,,,,,,
dendro,bigram,no_origin,12,unith,Nielsen,top_four,all,1746,3,3,0.9902634593356243,0.0,0.0,0.0,0.0,0.0,0.0,0.5,0.0031882398265743583,0.03391119888073711,6,0.0,0.9902634593356243,,,,,,,,,,,
dendro,bigram,no_origin,12,unith,Nielsen,top_four,all,1746,4,4,0.9621993127147767,0.0,0.0,0.0,0.0,0.0,0.0,0.5,0.010891561851946622,0.05698763584865178,6,0.0,0.9621993127147767,,,,,,,,,,,
dendro,bigram,no_origin,12,unith,Nielsen,top_four,all,1746,5,5,0.9988545246277205,0.0,0.0,0.0,0.0,0.0,0.0,0.25,0.0002577319604697779,0.007659816699352978,3,0.0,0.9988545246277205,,,,,,,,,,,
dendro,bigram,no_origin,12,unith,Nielsen,top_four,all,1746,6,6,0.981672394043528,0.0,0.0,0.0,0.0,0.0,0.0,0.5,0.00535509746440634,0.04058382399201304,5,0.0,0.981672394043528,,,,,,,,,,,
dendro,bigram,no_origin,12,unith,Nielsen,top_four,all,1746,7,7,0.997709049255441,0.0,0.0,0.0,0.0,0.0,0.0,0.3333333432674408,0.0007159221247435982,0.015044127080451348,3,0.0,0.997709049255441,,,,,,,,,,,
dendro,bigram,no_origin,12,unith,Nielsen,top_four,all,1746,8,9,0.993127147766323,0.0,0.0,0.0,0.0,0.0,0.0,0.5,0.0020904925834272325,0.026571975615116185,6,0.0,0.993127147766323,,,,,,,,,,,
dendro,bigram,no_origin,12,unith,Nielsen,top_four,all,1746,9,10,1.0,0.0,0.0,0.0,0.0,0.0,0.0,0.0,0.0,0.0,1,0.0,1.0,,,,,,,,,,,
dendro,bigram,no_origin,12,unith,Nielsen,top_four,all,1746,10,11,0.9959908361970218,0.0,0.0,0.0,0.0,0.0,0.0,0.5,0.0012600229282832501,0.020670165977879146,5,0.0,0.9959908361970218,,,,,,,,,,,
dendro,bigram,no_origin,12,unith,Nielsen,top_four,all,1746,11,12,0.9713631156930126,0.0,0.0,0.0,0.0,0.0,0.0,0.5,0.009927453377197698,0.06011308392140304,5,0.0,0.9713631156930126,,,,,,,,,,,
dendro,bigram,no_origin,12,unith,Nielsen,top_four,all,1746,12,13,1.0,0.0,0.0,0.0,0.0,0.0,0.0,0.0,0.0,0.0,1,0.0,1.0,,,,,,,,,,,
dendro,bigram,no_origin,12,unith,Nielsen,top_four,all,1746,13,14,0.9845360824742269,0.0,0.0,0.0,0.0,0.0,0.0,0.5,0.0056701031474040275,0.04726845868453839,5,0.0,0.9845360824742269,,,,,,,,,,,
dendro,bigram,no_origin,12,unith,Nielsen,top_four,all,1746,14,15,0.9908361970217641,0.0,0.0,0.0,0.0,0.0,0.0,0.5,0.0031977854370388104,0.034806795180074505,4,0.0,0.9908361970217641,,,,,,,,,,,
dendro,bigram,no_origin,12,unith,Nielsen,top_four,all,1746,15,16,0.9473081328751431,0.0,0.0,0.0,0.0,0.0,0.20000000298023224,0.5,0.019549446545310857,0.08656463464481468,6,0.0,0.9473081328751431,,,,,,,,,,,
dendro,bigram,no_origin,12,unith,Nielsen,top_four,all,1746,16,17,0.8413516609392898,0.0,0.0,0.0,0.0,0.0,0.3333333432674408,0.5,0.053703704462701375,0.1291264335792166,6,0.0,0.8413516609392898,,,,,,,,,,,
dendro,bigram,no_origin,12,unith,Nielsen,top_four,all,1746,17,18,0.9845360824742269,0.0,0.0,0.0,0.0,0.0,0.0,0.5,0.005631920637270566,0.04670047596037958,4,0.0,0.9845360824742269,,,,,,,,,,,
dendro,bigram,no_origin,12,unith,Nielsen,top_four,all,1746,18,19,0.9690721649484536,0.0,0.0,0.0,0.0,0.0,0.0,0.5,0.012065674021481648,0.070160297301937,5,0.0,0.9690721649484536,,,,,,,,,,,
dendro,bigram,no_origin,12,unith,Nielsen,top_four,all,1746,19,21,0.993127147766323,0.0,0.0,0.0,0.0,0.0,0.0,0.5,0.0029591447231013066,0.036556141390414805,4,0.0,0.993127147766323,,,,,,,,,,,
dendro,bigram,no_origin,12,unith,Nielsen,top_four,all,1746,20,22,0.9988545246277205,0.0,0.0,0.0,0.0,0.0,0.0,0.5,0.000572737686139748,0.016917586555131016,2,0.0,0.9988545246277205,,,,,,,,,,,
dendro,bigram,no_origin,12,unith,Nielsen,top_four,all,1746,21,23,0.997709049255441,0.0,0.0,0.0,0.0,0.0,0.0,0.3333333432674408,0.0006681939785423148,0.014090226566896295,3,0.0,0.997709049255441,,,,,,,,,,,
dendro,bigram,no_origin,12,unith,Nielsen,top_four,all,1746,22,24,1.0,0.0,0.0,0.0,0.0,0.0,0.0,0.0,0.0,0.0,1,0.0,1.0,,,,,,,,,,,
dendro,bigram,no_origin,12,unith,Nielsen,top_four,all,1746,23,25,0.9948453608247423,0.0,0.0,0.0,0.0,0.0,0.0,0.5,0.0017659412216894405,0.02540784218255178,4,0.0,0.9948453608247423,,,,,,,,,,,
dendro,bigram,no_origin,12,unith,Nielsen,top_four,all,1746,24,26,1.0,0.0,0.0,0.0,0.0,0.0,0.0,0.0,0.0,0.0,1,0.0,1.0,,,,,,,,,,,
dendro,bigram,no_origin,12,unith,Nielsen,top_four,all,1746,25,27,0.997709049255441,0.0,0.0,0.0,0.0,0.0,0.0,0.5,0.0008113784000772518,0.01748634805555032,4,0.0,0.997709049255441,,,,,,,,,,,
dendro,bigram,no_origin,12,unith,Nielsen,top_four,all,1746,26,28,0.997709049255441,0.0,0.0,0.0,0.0,0.0,0.0,0.3333333432674408,0.0007159221247435982,0.015044127080451348,3,0.0,0.997709049255441,,,,,,,,,,,
dendro,bigram,no_origin,12,unith,Nielsen,top_four,all,1746,27,29,0.9994272623138603,0.0,0.0,0.0,0.0,0.0,0.0,0.3333333432674408,0.0001909125677362204,0.007977313111272873,2,0.0,0.9994272623138603,,,,,,,,,,,
dendro,bigram,no_origin,12,unith,Nielsen,top_four,all,1746,28,30,0.9805269186712485,0.0,0.0,0.0,0.0,0.0,0.0,0.5,0.007703321948562154,0.056559544569080564,5,0.0,0.9805269186712485,,,,,,,,,,,
dendro,bigram,no_origin,12,unith,Nielsen,top_four,all,1746,29,31,0.9891179839633448,0.0,0.0,0.0,0.0,0.0,0.0,0.5,0.004047346364318437,0.04016647090149711,5,0.0,0.9891179839633448,,,,,,,,,,,
dendro,bigram,no_origin,12,unith,Nielsen,top_four,all,1746,30,33,0.9982817869415808,0.0,0.0,0.0,0.0,0.0,0.0,0.5,0.0006681939785423148,0.016436779566837898,3,0.0,0.9982817869415808,,,,,,,,,,,
dendro,bigram,no_origin,12,unith,Nielsen,top_four,all,1746,31,34,0.9988545246277205,0.0,0.0,0.0,0.0,0.0,0.0,0.3333333432674408,0.0003818251354724408,0.011278391372876256,2,0.0,0.9988545246277205,,,,,,,,,,,
dendro,bigram,no_origin,12,unith,Nielsen,top_four,all,1746,32,35,1.0,0.0,0.0,0.0,0.0,0.0,0.0,0.0,0.0,0.0,1,0.0,1.0,,,,,,,,,,,
dendro,bigram,no_origin,12,unith,Nielsen,top_four,all,1746,33,36,0.9994272623138603,0.0,0.0,0.0,0.0,0.0,0.0,0.25,0.000143184421534937,0.005982984655147819,2,0.0,0.9994272623138603,,,,,,,,,,,
dendro,bigram,no_origin,12,unith,Nielsen,top_four,all,1746,34,37,0.9873997709049256,0.0,0.0,0.0,0.0,0.0,0.0,0.5,0.004772814108060944,0.04362734694774003,4,0.0,0.9873997709049256,,,,,,,,,,,
dendro,bigram,no_origin,12,unith,Nielsen,top_four,all,1746,35,38,0.9828178694158075,0.0,0.0,0.0,0.0,0.0,0.0,0.5,0.006491027183549101,0.05075859804058597,4,0.0,0.9828178694158075,,,,,,,,,,,
dendro,bigram,no_origin,12,unith,Nielsen,top_four,all,1746,36,39,1.0,0.0,0.0,0.0,0.0,0.0,0.0,0.0,0.0,0.0,1,0.0,1.0,,,,,,,,,,,
dendro,bigram,no_origin,12,unith,Nielsen,top_four,all,1746,37,40,0.993127147766323,0.0,0.0,0.0,0.0,0.0,0.0,0.5,0.0025677739686299572,0.0327104071436312,5,0.0,0.993127147766323,,,,,,,,,,,
dendro,bigram,no_origin,12,unith,Nielsen,top_four,all,1746,38,41,0.9988545246277205,0.0,0.0,0.0,0.0,0.0,0.0,0.5,0.000572737686139748,0.016917586555131016,2,0.0,0.9988545246277205,,,,,,,,,,,
dendro,bigram,no_origin,12,unith,Nielsen,top_four,all,1746,39,42,0.9873997709049256,0.0,0.0,0.0,0.0,0.0,0.0,0.5,0.004906452876459146,0.0453797958430586,5,0.0,0.9873997709049256,,,,,,,,,,,
dendro,bigram,no_origin,12,unith,Nielsen,top_four,all,1746,40,43,0.9914089347079038,0.0,0.0,0.0,0.0,0.0,0.0,0.5,0.0028827797284377535,0.032146404290051986,5,0.0,0.9914089347079038,,,,,,,,,,,
dendro,bigram,no_origin,12,unith,Nielsen,top_four,all,1746,41,45,0.9994272623138603,0.0,0.0,0.0,0.0,0.0,0.0,0.5,0.000286368843069874,0.011965969310295638,2,0.0,0.9994272623138603,,,,,,,,,,,
dendro,bigram,no_origin,12,unith,Nielsen,top_four,all,1746,42,46,1.0,0.0,0.0,0.0,0.0,0.0,0.0,0.0,0.0,0.0,1,0.0,1.0,,,,,,,,,,,
dendro,bigram,no_origin,12,unith,Nielsen,top_four,all,1746,43,47,1.0,0.0,0.0,0.0,0.0,0.0,0.0,0.0,0.0,0.0,1,0.0,1.0,,,,,,,,,,,
dendro,bigram,no_origin,12,unith,Nielsen,top_four,all,1746,44,48,0.9776632302405498,0.0,0.0,0.0,0.0,0.0,0.0,0.5,0.0070351280382954925,0.048419639607238045,6,0.0,0.9776632302405498,,,,,,,,,,,
dendro,bigram,no_origin,12,unith,Nielsen,top_four,all,1746,45,49,0.9713631156930126,0.0,0.0,0.0,0.0,0.0,0.0,0.5,0.009058801186316884,0.05470128475489381,5,0.0,0.9713631156930126,,,,,,,,,,,
dendro,bigram,no_origin,12,unith,Nielsen,top_four,all,1746,46,50,0.9862542955326461,0.0,0.0,0.0,0.0,0.0,0.0,0.5,0.0050210004324629,0.044560068648757514,5,0.0,0.9862542955326461,,,,,,,,,,,
dendro,bigram,no_origin,12,unith,Nielsen,top_four,all,1746,47,51,0.9873997709049256,0.0,0.0,0.0,0.0,0.0,0.0,0.5,0.004123711393119817,0.0379285207562034,5,0.0,0.9873997709049256,,,,,,,,,,,
dendro,bigram,no_origin,12,unith,Nielsen,top_four,all,1746,48,52,1.0,0.0,0.0,0.0,0.0,0.0,0.0,0.0,0.0,0.0,1,0.0,1.0,,,,,,,,,,,
dendro,bigram,no_origin,12,unith,Nielsen,top_four,all,1746,49,53,0.993127147766323,0.0,0.0,0.0,0.0,0.0,0.0,0.5,0.002310042042298006,0.028661253015306247,5,0.0,0.993127147766323,,,,,,,,,,,
dendro,bigram,no_origin,12,unith,Nielsen,top_four,all,1746,50,54,0.9776632302405498,0.0,0.0,0.0,0.0,0.0,0.0,0.5,0.0077605957308312596,0.05400608180468617,6,0.0,0.9776632302405498,,,,,,,,,,,
dendro,bigram,no_origin,12,unith,Nielsen,top_four,all,1746,51,55,0.9833906071019473,0.0,0.0,0.0,0.0,0.0,0.0,0.5,0.005679648792006306,0.045912581170382,5,0.0,0.9833906071019473,,,,,,,,,,,
dendro,bigram,no_origin,12,unith,Nielsen,top_four,all,1746,52,57,0.9982817869415808,0.0,0.0,0.0,0.0,0.0,0.0,0.3333333432674408,0.0004772814108060944,0.011622362182660205,3,0.0,0.9982817869415808,,,,,,,,,,,
dendro,bigram,no_origin,12,unith,Nielsen,top_four,all,1746,53,58,0.9994272623138603,0.0,0.0,0.0,0.0,0.0,0.0,0.25,0.000143184421534937,0.005982984655147817,2,0.0,0.9994272623138603,,,,,,,,,,,
dendro,bigram,no_origin,12,unith,Nielsen,top_four,all,1746,54,59,0.9994272623138603,0.0,0.0,0.0,0.0,0.0,0.0,0.25,0.000143184421534937,0.005982984655147818,2,0.0,0.9994272623138603,,,,,,,,,,,
dendro,bigram,no_origin,12,unith,Nielsen,top_four,all,1746,55,60,0.9765177548682703,0.0,0.0,0.0,0.0,0.0,0.0,0.5,0.007302405617764179,0.04896220019816102,6,0.0,0.9765177548682703,,,,,,,,,,,
dendro,bigram,no_origin,12,unith,Nielsen,top_four,all,1746,56,61,0.9656357388316151,0.0,0.0,0.0,0.0,0.0,0.0,0.5,0.010337915386735778,0.056606298069491044,6,0.0,0.9656357388316151,,,,,,,,,,,
dendro,bigram,no_origin,12,unith,Nielsen,top_four,all,1746,57,62,0.9702176403207331,0.0,0.0,0.0,0.0,0.0,0.0,0.5,0.010013364076204725,0.05861442667385117,5,0.0,0.9702176403207331,,,,,,,,,,,
dendro,bigram,no_origin,12,unith,Nielsen,top_four,all,1746,58,63,0.9925544100801833,0.0,0.0,0.0,0.0,0.0,0.0,0.5,0.0024532264467640296,0.029672872480869385,5,0.0,0.9925544100801833,,,,,,,,,,,
dendro,bigram,no_origin,12,unith,Nielsen,top_four,all,1746,59,64,0.9690721649484536,0.0,0.0,0.0,0.0,0.0,0.0,0.5,0.009774723328129396,0.05706590301669032,6,0.0,0.9690721649484536,,,,,,,,,,,
dendro,bigram,no_origin,12,unith,Nielsen,top_four,all,1746,60,65,1.0,0.0,0.0,0.0,0.0,0.0,0.0,0.0,0.0,0.0,1,0.0,1.0,,,,,,,,,,,
dendro,bigram,no_origin,12,unith,Nielsen,top_four,all,1746,61,66,0.9759450171821306,0.0,0.0,0.0,0.0,0.0,0.0,0.3333333432674408,0.00741695320790576,0.047666366696041886,4,0.0,0.9759450171821306,,,,,,,,,,,
dendro,bigram,no_origin,12,unith,Nielsen,top_four,all,1746,62,67,0.93184421534937,0.0,0.0,0.0,0.0,0.0,0.25,0.5,0.02277586904417335,0.08679203349536799,5,0.0,0.93184421534937,,,,,,,,,,,
dendro,bigram,no_origin,12,unith,Nielsen,top_four,all,1746,63,69,0.9965635738831615,0.0,0.0,0.0,0.0,0.0,0.0,0.3333333432674408,0.0010022909678134722,0.01724722217537551,3,0.0,0.9965635738831615,,,,,,,,,,,
dendro,bigram,no_origin,12,unith,Nielsen,top_four,all,1746,64,70,0.9965635738831615,0.0,0.0,0.0,0.0,0.0,0.0,0.5,0.0011454753893484092,0.020114890667955177,4,0.0,0.9965635738831615,,,,,,,,,,,
dendro,bigram,no_origin,12,unith,Nielsen,top_four,all,1746,65,71,0.9828178694158075,0.0,0.0,0.0,0.0,0.0,0.0,0.5,0.005173730490065659,0.04135894103266154,6,0.0,0.9828178694158075,,,,,,,,,,,
dendro,bigram,no_origin,12,unith,Nielsen,top_four,all,1746,66,72,1.0,0.0,0.0,0.0,0.0,0.0,0.0,0.0,0.0,0.0,1,0.0,1.0,,,,,,,,,,,
dendro,bigram,no_origin,12,unith,Nielsen,top_four,all,1746,67,73,0.9925544100801833,0.0,0.0,0.0,0.0,0.0,0.0,0.3333333432674408,0.0020332188267614968,0.024021823699774732,4,0.0,0.9925544100801833,,,,,,,,,,,
dendro,bigram,no_origin,12,unith,Nielsen,top_four,all,1746,68,74,0.9868270332187858,0.0,0.0,0.0,0.0,0.0,0.0,0.5,0.004639175314059372,0.04202893492778252,5,0.0,0.9868270332187858,,,,,,,,,,,
dendro,bigram,no_origin,12,unith,Nielsen,top_four,all,1746,69,75,0.9868270332187858,0.0,0.0,0.0,0.0,0.0,0.0,0.5,0.005393279931867519,0.048113351828433154,5,0.0,0.9868270332187858,,,,,,,,,,,
dendro,bigram,no_origin,12,unith,Nielsen,top_four,all,1746,70,76,0.9965635738831615,0.0,0.0,0.0,0.0,0.0,0.0,0.3333333432674408,0.0010500191140147554,0.01803402444650507,3,0.0,0.9965635738831615,,,,,,,,,,,
dendro,bigram,no_origin,12,unith,Nielsen,top_four,all,1746,71,77,0.9988545246277205,0.0,0.0,0.0,0.0,0.0,0.0,0.3333333432674408,0.0003818251354724408,0.011278391372876256,2,0.0,0.9988545246277205,,,,,,,,,,,
dendro,bigram,no_origin,12,unith,Nielsen,top_four,all,1746,72,78,1.0,0.0,0.0,0.0,0.0,0.0,0.0,0.0,0.0,0.0,1,0.0,1.0,,,,,,,,,,,
dendro,bigram,no_origin,12,unith,Nielsen,top_four,all,1746,73,79,0.9851088201603666,0.0,0.0,0.0,0.0,0.0,0.0,0.5,0.004839633500794502,0.04102277763593392,5,0.0,0.9851088201603666,,,,,,,,,,,
dendro,bigram,no_origin,12,unith,Nielsen,top_four,all,1746,74,81,0.9994272623138603,0.0,0.0,0.0,0.0,0.0,0.0,0.3333333432674408,0.0001909125677362204,0.007977313111272873,2,0.0,0.9994272623138603,,,,,,,,,,,
dendro,bigram,no_origin,12,unith,Nielsen,top_four,all,1746,75,82,1.0,0.0,0.0,0.0,0.0,0.0,0.0,0.0,0.0,0.0,1,0.0,1.0,,,,,,,,,,,
dendro,bigram,no_origin,12,unith,Nielsen,top_four,all,1746,76,83,1.0,0.0,0.0,0.0,0.0,0.0,0.0,0.0,0.0,0.0,1,0.0,1.0,,,,,,,,,,,
dendro,bigram,no_origin,12,unith,Nielsen,top_four,all,1746,77,84,0.9971363115693013,0.0,0.0,0.0,0.0,0.0,0.0,0.3333333432674408,0.0007063764886757763,0.01344073103222001,4,0.0,0.9971363115693013,,,,,,,,,,,
dendro,bigram,no_origin,12,unith,Nielsen,top_four,all,1746,78,85,0.9873997709049256,0.0,0.0,0.0,0.0,0.0,0.0,0.5,0.004314623960856037,0.03965183488915472,5,0.0,0.9873997709049256,,,,,,,,,,,
dendro,bigram,no_origin,12,unith,Nielsen,top_four,all,1746,79,86,0.9885452462772051,0.0,0.0,0.0,0.0,0.0,0.0,0.5,0.003770523174385298,0.03576524796875474,4,0.0,0.9885452462772051,,,,,,,,,,,
dendro,bigram,no_origin,12,unith,Nielsen,top_four,all,1746,80,87,0.993127147766323,0.0,0.0,0.0,0.0,0.0,0.0,0.5,0.002243222632495535,0.02790969507581132,4,0.0,0.993127147766323,,,,,,,,,,,
dendro,bigram,no_origin,12,unith,Nielsen,top_four,all,1746,81,88,0.9936998854524628,0.0,0.0,0.0,0.0,0.0,0.0,0.5,0.0019091256432243776,0.024682287405846083,4,0.0,0.9936998854524628,,,,,,,,,,,
dendro,bigram,no_origin,12,unith,Nielsen,top_four,all,1746,82,89,0.995418098510882,0.0,0.0,0.0,0.0,0.0,0.0,0.5,0.0013554792036169036,0.020855819265566438,5,0.0,0.995418098510882,,,,,,,,,,,
dendro,bigram,no_origin,12,unith,Nielsen,top_four,all,1746,83,90,0.9810996563573883,0.0,0.0,0.0,0.0,0.0,0.0,0.5,0.006204658340479227,0.04637104247645853,4,0.0,0.9810996563573883,,,,,,,,,,,
dendro,bigram,no_origin,12,unith,Nielsen,top_four,all,1746,84,91,1.0,0.0,0.0,0.0,0.0,0.0,0.0,0.0,0.0,0.0,1,0.0,1.0,,,,,,,,,,,
dendro,bigram,no_origin,12,unith,Nielsen,top_four,all,1746,85,93,0.9988545246277205,0.0,0.0,0.0,0.0,0.0,0.0,0.3333333432674408,0.0003340969892711574,0.009968897989123406,3,0.0,0.9988545246277205,,,,,,,,,,,
dendro,bigram,no_origin,12,unith,Nielsen,top_four,all,1746,86,94,0.9965635738831615,0.0,0.0,0.0,0.0,0.0,0.0,0.5,0.0011645666358806833,0.021057203665693552,5,0.0,0.9965635738831615,,,,,,,,,,,
dendro,bigram,no_origin,12,unith,Nielsen,top_four,all,1746,87,95,1.0,0.0,0.0,0.0,0.0,0.0,0.0,0.0,0.0,0.0,1,0.0,1.0,,,,,,,,,,,
dendro,bigram,no_origin,12,unith,Nielsen,top_four,all,1746,88,108,1.0,0.0,0.0,0.0,0.0,0.0,0.0,0.0,0.0,0.0,1,0.0,1.0,,,,,,,,,,,
dendro,bigram,no_origin,12,unith,Nielsen,top_four,all,1746,89,109,0.9994272623138603,0.0,0.0,0.0,0.0,0.0,0.0,0.25,0.000143184421534937,0.005982984655147819,2,0.0,0.9994272623138603,,,,,,,,,,,
dendro,bigram,no_origin,12,unith,Nielsen,top_four,all,1746,90,110,0.9988545246277205,0.0,0.0,0.0,0.0,0.0,0.0,0.5,0.000572737686139748,0.016917586555131012,2,0.0,0.9988545246277205,,,,,,,,,,,
dendro,bigram,no_origin,12,unith,Nielsen,top_four,all,1746,91,111,0.9965635738831615,0.0,0.0,0.0,0.0,0.0,0.0,0.5,0.0012409316646820627,0.021999395018636254,4,0.0,0.9965635738831615,,,,,,,,,,,
dendro,bigram,no_origin,12,unith,Nielsen,top_four,all,1746,92,112,0.9994272623138603,0.0,0.0,0.0,0.0,0.0,0.0,0.3333333432674408,0.0001909125677362204,0.007977313111272871,2,0.0,0.9994272623138603,,,,,,,,,,,
dendro,bigram,no_origin,12,unith,Nielsen,top_four,all,1746,93,113,1.0,0.0,0.0,0.0,0.0,0.0,0.0,0.0,0.0,0.0,1,0.0,1.0,,,,,,,,,,,
dendro,bigram,no_origin,12,unith,Nielsen,top_four,all,1746,94,114,0.9902634593356243,0.0,0.0,0.0,0.0,0.0,0.0,0.5,0.0032359679386378152,0.03500393494565256,6,0.0,0.9902634593356243,,,,,,,,,,,
dendro,bigram,no_origin,12,unith,Nielsen,top_four,all,1746,95,115,1.0,0.0,0.0,0.0,0.0,0.0,0.0,0.0,0.0,0.0,1,0.0,1.0,,,,,,,,,,,
dendro,bigram,no_origin,12,unith,Nielsen,top_four,all,1746,96,117,1.0,0.0,0.0,0.0,0.0,0.0,0.0,0.0,0.0,0.0,1,0.0,1.0,,,,,,,,,,,
dendro,bigram,no_origin,12,unith,Nielsen,top_four,all,1746,97,118,1.0,0.0,0.0,0.0,0.0,0.0,0.0,0.0,0.0,0.0,1,0.0,1.0,,,,,,,,,,,
dendro,bigram,no_origin,12,unith,Nielsen,top_four,all,1746,98,119,1.0,0.0,0.0,0.0,0.0,0.0,0.0,0.0,0.0,0.0,1,0.0,1.0,,,,,,,,,,,
dendro,bigram,no_origin,12,unith,Nielsen,top_four,all,1746,99,120,1.0,0.0,0.0,0.0,0.0,0.0,0.0,0.0,0.0,0.0,1,0.0,1.0,,,,,,,,,,,
dendro,bigram,no_origin,12,unith,Nielsen,top_four,all,1746,100,121,0.9982817869415808,0.0,0.0,0.0,0.0,0.0,0.0,0.5,0.000572737686139748,0.014648259180803709,3,0.0,0.9982817869415808,,,,,,,,,,,
dendro,bigram,no_origin,12,unith,Nielsen,top_four,all,1746,101,122,0.9988545246277205,0.0,0.0,0.0,0.0,0.0,0.0,0.25,0.000286368843069874,0.008458793277565506,2,0.0,0.9988545246277205,,,,,,,,,,,
dendro,bigram,no_origin,12,unith,Nielsen,top_four,all,1746,102,123,1.0,0.0,0.0,0.0,0.0,0.0,0.0,0.0,0.0,0.0,1,0.0,1.0,,,,,,,,,,,
dendro,bigram,no_origin,12,unith,Nielsen,top_four,all,1746,103,124,0.9994272623138603,0.0,0.0,0.0,0.0,0.0,0.0,0.3333333432674408,0.0001909125677362204,0.007977313111272873,2,0.0,0.9994272623138603,,,,,,,,,,,
dendro,bigram,no_origin,12,unith,Nielsen,top_four,all,1746,104,125,0.9982817869415808,0.0,0.0,0.0,0.0,0.0,0.0,0.3333333432674408,0.0004772814108060944,0.011622362182660207,3,0.0,0.9982817869415808,,,,,,,,,,,
dendro,bigram,no_origin,12,unith,Nielsen,top_four,all,1746,105,126,0.9988545246277205,0.0,0.0,0.0,0.0,0.0,0.0,0.5,0.0004772814108060944,0.014377501192045847,3,0.0,0.9988545246277205,,,,,,,,,,,
dendro,bigram,no_origin,12,unith,Nielsen,top_four,all,1746,106,127,0.997709049255441,0.0,0.0,0.0,0.0,0.0,0.0,0.5,0.0008113784000772518,0.01748634805555032,4,0.0,0.997709049255441,,,,,,,,,,,
dendro,bigram,no_origin,12,unith,Nielsen,top_four,all,1746,107,129,1.0,0.0,0.0,0.0,0.0,0.0,0.0,0.0,0.0,0.0,1,0.0,1.0,,,,,,,,,,,
dendro,bigram,no_origin,12,unith,Nielsen,top_four,all,1746,108,130,1.0,0.0,0.0,0.0,0.0,0.0,0.0,0.0,0.0,0.0,1,0.0,1.0,,,,,,,,,,,
dendro,bigram,no_origin,12,unith,Nielsen,top_four,all,1746,109,131,1.0,0.0,0.0,0.0,0.0,0.0,0.0,0.0,0.0,0.0,1,0.0,1.0,,,,,,,,,,,
dendro,bigram,no_origin,12,unith,Nielsen,top_four,all,1746,110,132,0.9885452462772051,0.0,0.0,0.0,0.0,0.0,0.0,0.5,0.0035414280794467032,0.03450234736633376,6,0.0,0.9885452462772051,,,,,,,,,,,
dendro,bigram,no_origin,12,unith,Nielsen,top_four,all,1746,111,133,0.993127147766323,0.0,0.0,0.0,0.0,0.0,0.0,0.3333333432674408,0.001804123731822902,0.022007427318350425,4,0.0,0.993127147766323,,,,,,,,,,,
dendro,bigram,no_origin,12,unith,Nielsen,top_four,all,1746,112,134,1.0,0.0,0.0,0.0,0.0,0.0,0.0,0.0,0.0,0.0,1,0.0,1.0,,,,,,,,,,,
dendro,bigram,no_origin,12,unith,Nielsen,top_four,all,1746,113,135,0.9994272623138603,0.0,0.0,0.0,0.0,0.0,0.0,0.3333333432674408,0.0001909125677362204,0.007977313111272873,2,0.0,0.9994272623138603,,,,,,,,,,,
dendro,bigram,no_origin,12,unith,Nielsen,top_four,all,1746,114,136,0.9988545246277205,0.0,0.0,0.0,0.0,0.0,0.0,0.3333333432674408,0.0003340969892711574,0.009968897989123404,3,0.0,0.9988545246277205,,,,,,,,,,,
dendro,bigram,no_origin,12,unith,Nielsen,top_four,all,1746,115,137,0.9948453608247423,0.0,0.0,0.0,0.0,0.0,0.0,0.5,0.0014032073412837305,0.020564400769195416,6,0.0,0.9948453608247423,,,,,,,,,,,
dendro,bigram,no_origin,12,unith,Nielsen,top_four,all,1746,116,138,0.9994272623138603,0.0,0.0,0.0,0.0,0.0,0.0,0.25,0.000143184421534937,0.00598298465514782,2,0.0,0.9994272623138603,,,,,,,,,,,
dendro,bigram,no_origin,12,unith,Nielsen,top_four,all,1746,117,139,1.0,0.0,0.0,0.0,0.0,0.0,0.0,0.0,0.0,0.0,1,0.0,1.0,,,,,,,,,,,
dendro,bigram,no_origin,12,unith,Nielsen,top_four,all,1746,118,141,0.997709049255441,0.0,0.0,0.0,0.0,0.0,0.0,0.5,0.0008304696466095259,0.018562923582263014,4,0.0,0.997709049255441,,,,,,,,,,,
dendro,bigram,no_origin,12,unith,Nielsen,top_four,all,1746,119,142,1.0,0.0,0.0,0.0,0.0,0.0,0.0,0.0,0.0,0.0,1,0.0,1.0,,,,,,,,,,,
dendro,bigram,no_origin,12,unith,Nielsen,top_four,all,1746,120,143,1.0,0.0,0.0,0.0,0.0,0.0,0.0,0.0,0.0,0.0,1,0.0,1.0,,,,,,,,,,,
dendro,bigram,no_origin,12,unith,Nielsen,top_four,all,1746,__vector__,__vector__,0.9912716669980025,,,,,,,,,,,,,1.0561282932416953,,,,,,,,,,
